v_net_count,success_count,inservice_count,total_revenue,total_cost,total_time_revenue,total_time_cost,long_term_r2c_ratio,long_term_time_r2c_ratio,num_running_p_net_nodes,event_id,event_type,event_time,p_net_available_resource,p_net_node_available_resource,p_net_link_available_resource,p_net_node_resource_utilization,p_net_link_resource_utilization,v_net_id,v_net_lifetime,v_net_arrival_time,v_net_num_nodes,v_net_num_egdes,result,node_slots,link_paths,node_slots_info,link_paths_info,v_net_cost,v_net_revenue,v_net_demand,v_net_node_demand,v_net_link_demand,v_net_node_revenue,v_net_link_revenue,v_net_node_cost,v_net_link_cost,v_net_path_cost,v_net_r2c_ratio,v_net_time_cost,v_net_time_revenue,v_net_time_rc_ratio,description,v_net_total_hard_constraint_violation,v_net_single_step_constraint_offset,v_net_constraint_offsets,v_net_constraint_violations,v_net_single_step_violation_list,v_net_single_step_hard_constraint_offset,v_net_max_single_step_hard_constraint_violation,place_result,route_result,early_rejection,revoke_times,selected_actions,num_interactions,v_net_reward,num_placed_nodes,num_routed_links
1,0,0,0.0,0.0,0.0,0.0,0.0,0.0,0,0,1,16.0,46849,7253,39596,0.0,0.0,0,583.4367577311515,16.0,7,8,False,"{4: 60, 0: 18, 3: 91, 6: 41, 1: 68, 5: 49, 2: 30}","{(0, 3): [(18, 91)], (0, 4): [(18, 46), (46, 60)], (0, 6): [(18, 41)], (1, 3): []}","{(4, 60): {'cpu': 8}, (0, 18): {'cpu': 13}, (3, 91): {'cpu': 9}, (6, 41): {'cpu': 6}, (1, 68): {'cpu': 11}, (5, 49): {'cpu': 14}, (2, 30): {'cpu': 15}}","{((0, 3), (18, 91)): {'bw': 48}, ((0, 4), (18, 46)): {'bw': 43}, ((0, 4), (46, 60)): {'bw': 43}, ((0, 6), (18, 41)): {'bw': 4}}",0.0,0.0,255.0,76.0,179.0,0.0,0.0,0.0,0.0,0.0,0.0,0.0,0.0,0.0,Route Failure,7.765158179316078,"{'node_level': {}, 'link_level': {}, 'path_level': {}}","{'node_level': {4: {'cpu': -82}, 0: {'cpu': -76}, 3: {'cpu': -81}, 6: {'cpu': -58}, 1: {'cpu': -40}, 5: {'cpu': -59}, 2: {'cpu': -40}}, 'link_level': {(0, 3): {'bw': -48}, (0, 4): {'bw': -7}, (0, 6): {'bw': -70}, (1, 3): {'bw': -59}}, 'path_level': {(0, 3): {'latency': -9.80614413096121}, (0, 4): {'latency': -0.5746223044167644}, (0, 6): {'latency': -9.538144464296572}, (1, 3): {'latency': 7.765158179316078}}}","{'node_level': {4: {'cpu': 0}, 0: {'cpu': 0}, 3: {'cpu': 0}, 6: {'cpu': 0}, 1: {'cpu': 0}, 5: {'cpu': 0}, 2: {'cpu': 0}}, 'link_level': {(0, 3): {'bw': 0}, (0, 4): {'bw': 0}, (0, 6): {'bw': 0}, (1, 3): {'bw': 0}}, 'path_level': {(0, 3): {'latency': 0}, (0, 4): {'latency': 0}, (0, 6): {'latency': 0}, (1, 3): {'latency': 7.765158179316078}}}",[],0.0,0.0,True,False,False,0,[],0,0.0,7.0,4.0
2,1,1,26.0,27.0,27615.08313701147,28677.20171920422,0.9629629629629629,0.9629629629629629,2,1,1,30.0,46822,7228,39594,0.003446849579484379,5.051015254065039e-05,1,1062.1185821927488,30.0,2,1,True,"{1: 60, 0: 18}","{(0, 1): [(18, 3), (3, 60)]}","{(1, 60): {'cpu': 15}, (0, 18): {'cpu': 10}}","{((0, 1), (18, 3)): {'bw': 1}, ((0, 1), (3, 60)): {'bw': 1}}",27.0,26.0,26.0,25.0,1.0,25.0,1.0,25.0,2.0,1.0,0.9629629629629629,28677.20171920422,27615.08313701147,1022.7808569263507,Success,0.0,"{'node_level': {}, 'link_level': {}, 'path_level': {}}","{'node_level': {1: {'cpu': -75}, 0: {'cpu': -79}}, 'link_level': {(0, 1): {'bw': -53}}, 'path_level': {(0, 1): {'latency': -3.44129865969645}}}","{'node_level': {1: {'cpu': 0}, 0: {'cpu': 0}}, 'link_level': {(0, 1): {'bw': 0}}, 'path_level': {(0, 1): {'latency': 0}}}",[],0.0,0.0,True,True,False,0,[],0,0.0,2.0,1.0
3,2,2,279.0,460.0,344359.91363016824,570774.0855276504,0.6065217391304348,0.6033208625998249,5,2,1,43.0,46389,7174,39215,0.010892044671170553,0.009622184058995842,2,1251.955851751608,43.0,5,6,True,"{1: 18, 4: 60, 3: 91, 0: 68, 2: 41}","{(0, 1): [(68, 29), (29, 18)], (0, 3): [(68, 69), (69, 91)], (1, 3): [(18, 91)], (1, 4): [(18, 3), (3, 60)], (2, 4): [(41, 3), (3, 60)], (3, 4): [(91, 34), (34, 60)]}","{(1, 18): {'cpu': 17}, (4, 60): {'cpu': 14}, (3, 91): {'cpu': 6}, (0, 68): {'cpu': 4}, (2, 41): {'cpu': 13}}","{((0, 1), (68, 29)): {'bw': 49}, ((0, 1), (29, 18)): {'bw': 49}, ((0, 3), (68, 69)): {'bw': 46}, ((0, 3), (69, 91)): {'bw': 46}, ((1, 3), (18, 91)): {'bw': 19}, ((1, 4), (18, 3)): {'bw': 50}, ((1, 4), (3, 60)): {'bw': 50}, ((2, 4), (41, 3)): {'bw': 8}, ((2, 4), (3, 60)): {'bw': 8}, ((3, 4), (91, 34)): {'bw': 27}, ((3, 4), (34, 60)): {'bw': 27}}",433.0,253.0,253.0,54.0,199.0,54.0,199.0,54.0,379.0,180.0,0.5842956120092379,542096.8838084462,316744.8304931568,731.5123106077524,Success,0.0,"{'node_level': {}, 'link_level': {}, 'path_level': {}}","{'node_level': {1: {'cpu': -62}, 4: {'cpu': -61}, 3: {'cpu': -84}, 0: {'cpu': -47}, 2: {'cpu': -51}}, 'link_level': {(0, 1): {'bw': -6}, (0, 3): {'bw': -28}, (1, 3): {'bw': -77}, (1, 4): {'bw': -3}, (2, 4): {'bw': -36}, (3, 4): {'bw': -61}}, 'path_level': {(0, 1): {'latency': -0.3809780258082762}, (0, 3): {'latency': -2.5833701446117097}, (1, 3): {'latency': -2.420264956293189}, (1, 4): {'latency': -8.530178201010518}, (2, 4): {'latency': -11.011975320606588}, (3, 4): {'latency': -1.2132272918202007}}}","{'node_level': {1: {'cpu': 0}, 4: {'cpu': 0}, 3: {'cpu': 0}, 0: {'cpu': 0}, 2: {'cpu': 0}}, 'link_level': {(0, 1): {'bw': 0}, (0, 3): {'bw': 0}, (1, 3): {'bw': 0}, (1, 4): {'bw': 0}, (2, 4): {'bw': 0}, (3, 4): {'bw': 0}}, 'path_level': {(0, 1): {'latency': 0}, (0, 3): {'latency': 0}, (1, 3): {'latency': 0}, (1, 4): {'latency': 0}, (2, 4): {'latency': 0}, (3, 4): {'latency': 0}}}",[],0.0,0.0,True,True,False,0,[],0,0.0,5.0,6.0
4,2,2,279.0,460.0,344359.91363016824,570774.0855276504,0.6065217391304348,0.6033208625998249,5,3,1,52.0,46389,7174,39215,0.010892044671170553,0.009622184058995842,3,122.1977268888015,52.0,5,5,False,"{2: 41, 4: 60, 0: 91, 3: 30, 1: 77}","{(0, 2): [(91, 18), (18, 41)], (0, 4): []}","{(2, 41): {'cpu': 6}, (4, 60): {'cpu': 1}, (0, 91): {'cpu': 9}, (3, 30): {'cpu': 8}, (1, 77): {'cpu': 2}}","{((0, 2), (91, 18)): {'bw': 34}, ((0, 2), (18, 41)): {'bw': 34}}",0.0,0.0,174.0,26.0,148.0,0.0,0.0,0.0,0.0,0.0,0.0,0.0,0.0,0.0,Route Failure,2.9209767624952336,"{'node_level': {}, 'link_level': {}, 'path_level': {}}","{'node_level': {2: {'cpu': -45}, 4: {'cpu': -60}, 0: {'cpu': -75}, 3: {'cpu': -47}, 1: {'cpu': -48}}, 'link_level': {(0, 2): {'bw': -40}, (0, 4): {'bw': -28}}, 'path_level': {(0, 2): {'latency': -8.587491904527479}, (0, 4): {'latency': 2.9209767624952336}}}","{'node_level': {2: {'cpu': 0}, 4: {'cpu': 0}, 0: {'cpu': 0}, 3: {'cpu': 0}, 1: {'cpu': 0}}, 'link_level': {(0, 2): {'bw': 0}, (0, 4): {'bw': 0}}, 'path_level': {(0, 2): {'latency': 0}, (0, 4): {'latency': 2.9209767624952336}}}",[],0.0,0.0,True,False,False,0,[],0,0.0,5.0,2.0
5,3,3,561.0,928.0,461790.84970741556,765659.4688047844,0.6045258620689655,0.6031282424134111,9,4,1,65.0,45921,7084,38837,0.02330070315731425,0.019168602889180764,4,416.4217591391749,65.0,9,10,True,"{2: 41, 1: 60, 8: 91, 0: 30, 6: 77, 3: 49, 4: 7, 5: 18, 7: 68}","{(0, 2): [(30, 95), (95, 41)], (1, 4): [(60, 5), (5, 15), (15, 7)], (1, 6): [(60, 3), (3, 77)], (1, 8): [(60, 34), (34, 91)], (2, 3): [(41, 10), (10, 49)], (2, 4): [(41, 3), (3, 7)], (2, 7): [(41, 68)], (2, 8): [(41, 18), (18, 91)], (4, 7): [(7, 68)], (5, 6): [(18, 77)]}","{(2, 41): {'cpu': 7}, (1, 60): {'cpu': 19}, (8, 91): {'cpu': 3}, (0, 30): {'cpu': 19}, (6, 77): {'cpu': 14}, (3, 49): {'cpu': 12}, (4, 7): {'cpu': 1}, (5, 18): {'cpu': 5}, (7, 68): {'cpu': 10}}","{((0, 2), (30, 95)): {'bw': 34}, ((0, 2), (95, 41)): {'bw': 34}, ((1, 4), (60, 5)): {'bw': 13}, ((1, 4), (5, 15)): {'bw': 13}, ((1, 4), (15, 7)): {'bw': 13}, ((1, 6), (60, 3)): {'bw': 16}, ((1, 6), (3, 77)): {'bw': 16}, ((1, 8), (60, 34)): {'bw': 34}, ((1, 8), (34, 91)): {'bw': 34}, ((2, 3), (41, 10)): {'bw': 24}, ((2, 3), (10, 49)): {'bw': 24}, ((2, 4), (41, 3)): {'bw': 13}, ((2, 4), (3, 7)): {'bw': 13}, ((2, 7), (41, 68)): {'bw': 6}, ((2, 8), (41, 18)): {'bw': 39}, ((2, 8), (18, 91)): {'bw': 39}, ((4, 7), (7, 68)): {'bw': 2}, ((5, 6), (18, 77)): {'bw': 11}}",468.0,282.0,282.0,90.0,192.0,90.0,192.0,90.0,378.0,186.0,0.6025641025641025,194885.38327713386,117430.93607724733,250.9208035838618,Success,0.0,"{'node_level': {}, 'link_level': {}, 'path_level': {}}","{'node_level': {2: {'cpu': -44}, 1: {'cpu': -42}, 8: {'cpu': -81}, 0: {'cpu': -36}, 6: {'cpu': -36}, 3: {'cpu': -61}, 4: {'cpu': -68}, 5: {'cpu': -57}, 7: {'cpu': -37}}, 'link_level': {(0, 2): {'bw': -22}, (1, 4): {'bw': -50}, (1, 6): {'bw': -20}, (1, 8): {'bw': -27}, (2, 3): {'bw': -63}, (2, 4): {'bw': -64}, (2, 7): {'bw': -75}, (2, 8): {'bw': -35}, (4, 7): {'bw': -98}, (5, 6): {'bw': -88}}, 'path_level': {(0, 2): {'latency': -0.40562191591751606}, (1, 4): {'latency': -0.05262452694539377}, (1, 6): {'latency': -4.098186598139431}, (1, 8): {'latency': -6.740796167961231}, (2, 3): {'latency': -7.051428727192116}, (2, 4): {'latency': -8.347118357276273}, (2, 7): {'latency': -9.244812701502827}, (2, 8): {'latency': -1.743576414970697}, (4, 7): {'latency': -7.823150134690292}, (5, 6): {'latency': -7.7928731862773475}}}","{'node_level': {2: {'cpu': 0}, 1: {'cpu': 0}, 8: {'cpu': 0}, 0: {'cpu': 0}, 6: {'cpu': 0}, 3: {'cpu': 0}, 4: {'cpu': 0}, 5: {'cpu': 0}, 7: {'cpu': 0}}, 'link_level': {(0, 2): {'bw': 0}, (1, 4): {'bw': 0}, (1, 6): {'bw': 0}, (1, 8): {'bw': 0}, (2, 3): {'bw': 0}, (2, 4): {'bw': 0}, (2, 7): {'bw': 0}, (2, 8): {'bw': 0}, (4, 7): {'bw': 0}, (5, 6): {'bw': 0}}, 'path_level': {(0, 2): {'latency': 0}, (1, 4): {'latency': 0}, (1, 6): {'latency': 0}, (1, 8): {'latency': 0}, (2, 3): {'latency': 0}, (2, 4): {'latency': 0}, (2, 7): {'latency': 0}, (2, 8): {'latency': 0}, (4, 7): {'latency': 0}, (5, 6): {'latency': 0}}}",[],0.0,0.0,True,True,False,0,[],0,0.0,9.0,10.0
6,3,3,561.0,928.0,461790.84970741556,765659.4688047844,0.6045258620689655,0.6031282424134111,9,5,1,72.0,45921,7084,38837,0.02330070315731425,0.019168602889180764,5,1001.6202513226889,72.0,5,6,False,"{4: 7, 2: 72, 1: 49, 0: 77, 3: 68}","{(0, 2): []}","{(4, 7): {'cpu': 8}, (2, 72): {'cpu': 13}, (1, 49): {'cpu': 11}, (0, 77): {'cpu': 1}, (3, 68): {'cpu': 1}}",{},0.0,0.0,177.0,34.0,143.0,0.0,0.0,0.0,0.0,0.0,0.0,0.0,0.0,0.0,Route Failure,5.597248522746945,"{'node_level': {}, 'link_level': {}, 'path_level': {}}","{'node_level': {4: {'cpu': -60}, 2: {'cpu': -75}, 1: {'cpu': -50}, 0: {'cpu': -35}, 3: {'cpu': -36}}, 'link_level': {(0, 2): {'bw': -32}}, 'path_level': {(0, 2): {'latency': 5.597248522746945}}}","{'node_level': {4: {'cpu': 0}, 2: {'cpu': 0}, 1: {'cpu': 0}, 0: {'cpu': 0}, 3: {'cpu': 0}}, 'link_level': {(0, 2): {'bw': 0}}, 'path_level': {(0, 2): {'latency': 5.597248522746945}}}",[],0.0,0.0,True,False,False,0,[],0,0.0,5.0,1.0
7,4,4,849.0,1413.0,564210.5525809221,938137.093435516,0.6008492569002123,0.6014158874314928,10,6,1,84.0,45436,7017,38419,0.03253826003033222,0.029725224770178804,6,355.62396831078695,84.0,7,9,True,"{2: 7, 3: 72, 6: 49, 5: 77, 1: 68, 0: 30, 4: 60}","{(0, 2): [(30, 13), (13, 7)], (1, 2): [(68, 7)], (1, 6): [(68, 10), (10, 49)], (2, 3): [(7, 52), (52, 72)], (2, 5): [(7, 3), (3, 77)], (2, 6): [(7, 33), (33, 49)], (3, 5): [(72, 1), (1, 77)], (3, 6): [(72, 45), (45, 49)], (4, 5): [(60, 3), (3, 77)]}","{(2, 7): {'cpu': 15}, (3, 72): {'cpu': 2}, (6, 49): {'cpu': 5}, (5, 77): {'cpu': 17}, (1, 68): {'cpu': 7}, (0, 30): {'cpu': 16}, (4, 60): {'cpu': 5}}","{((0, 2), (30, 13)): {'bw': 8}, ((0, 2), (13, 7)): {'bw': 8}, ((1, 2), (68, 7)): {'bw': 24}, ((1, 6), (68, 10)): {'bw': 28}, ((1, 6), (10, 49)): {'bw': 28}, ((2, 3), (7, 52)): {'bw': 47}, ((2, 3), (52, 72)): {'bw': 47}, ((2, 5), (7, 3)): {'bw': 8}, ((2, 5), (3, 77)): {'bw': 8}, ((2, 6), (7, 33)): {'bw': 23}, ((2, 6), (33, 49)): {'bw': 23}, ((3, 5), (72, 1)): {'bw': 35}, ((3, 5), (1, 77)): {'bw': 35}, ((3, 6), (72, 45)): {'bw': 31}, ((3, 6), (45, 49)): {'bw': 31}, ((4, 5), (60, 3)): {'bw': 17}, ((4, 5), (3, 77)): {'bw': 17}}",485.0,288.0,288.0,67.0,221.0,67.0,221.0,67.0,418.0,197.0,0.5938144329896907,172477.62463073168,102419.70287350664,211.1746451000137,Success,0.0,"{'node_level': {}, 'link_level': {}, 'path_level': {}}","{'node_level': {2: {'cpu': -53}, 3: {'cpu': -86}, 6: {'cpu': -56}, 5: {'cpu': -19}, 1: {'cpu': -30}, 0: {'cpu': -20}, 4: {'cpu': -37}}, 'link_level': {(0, 2): {'bw': -44}, (1, 2): {'bw': -74}, (1, 6): {'bw': -28}, (2, 3): {'bw': -33}, (2, 5): {'bw': -62}, (2, 6): {'bw': -41}, (3, 5): {'bw': -52}, (3, 6): {'bw': -57}, (4, 5): {'bw': -3}}, 'path_level': {(0, 2): {'latency': -6.345201073807354}, (1, 2): {'latency': -2.9372210164586905}, (1, 6): {'latency': -2.7097122890485457}, (2, 3): {'latency': -6.420082447179286}, (2, 5): {'latency': -7.787689871894511}, (2, 6): {'latency': -2.2994177816981036}, (3, 5): {'latency': -10.190029899369412}, (3, 6): {'latency': -2.8198192469596064}, (4, 5): {'latency': -3.7982122222605543}}}","{'node_level': {2: {'cpu': 0}, 3: {'cpu': 0}, 6: {'cpu': 0}, 5: {'cpu': 0}, 1: {'cpu': 0}, 0: {'cpu': 0}, 4: {'cpu': 0}}, 'link_level': {(0, 2): {'bw': 0}, (1, 2): {'bw': 0}, (1, 6): {'bw': 0}, (2, 3): {'bw': 0}, (2, 5): {'bw': 0}, (2, 6): {'bw': 0}, (3, 5): {'bw': 0}, (3, 6): {'bw': 0}, (4, 5): {'bw': 0}}, 'path_level': {(0, 2): {'latency': 0}, (1, 2): {'latency': 0}, (1, 6): {'latency': 0}, (2, 3): {'latency': 0}, (2, 5): {'latency': 0}, (2, 6): {'latency': 0}, (3, 5): {'latency': 0}, (3, 6): {'latency': 0}, (4, 5): {'latency': 0}}}",[],0.0,0.0,True,True,False,0,[],0,0.0,7.0,9.0
8,4,4,849.0,1413.0,564210.5525809221,938137.093435516,0.6008492569002123,0.6014158874314928,10,7,1,97.0,45436,7017,38419,0.03253826003033222,0.029725224770178804,7,1242.7911631197298,97.0,4,5,False,"{0: 91, 1: 41, 2: 60, 3: 30}","{(0, 1): []}","{(0, 91): {'cpu': 10}, (1, 41): {'cpu': 9}, (2, 60): {'cpu': 18}, (3, 30): {'cpu': 20}}",{},0.0,0.0,236.0,57.0,179.0,0.0,0.0,0.0,0.0,0.0,0.0,0.0,0.0,0.0,Route Failure,2.870428783313235,"{'node_level': {}, 'link_level': {}, 'path_level': {}}","{'node_level': {0: {'cpu': -71}, 1: {'cpu': -35}, 2: {'cpu': -19}, 3: {'cpu': 0}}, 'link_level': {(0, 1): {'bw': -10}}, 'path_level': {(0, 1): {'latency': 2.870428783313235}}}","{'node_level': {0: {'cpu': 0}, 1: {'cpu': 0}, 2: {'cpu': 0}, 3: {'cpu': 0}}, 'link_level': {(0, 1): {'bw': 0}}, 'path_level': {(0, 1): {'latency': 2.870428783313235}}}",[],0.0,0.0,True,False,False,0,[],0,0.0,4.0,1.0
9,4,4,849.0,1413.0,564210.5525809221,938137.093435516,0.6008492569002123,0.6014158874314928,10,8,1,112.0,45436,7017,38419,0.03253826003033222,0.029725224770178804,8,1270.1522428022445,112.0,6,8,False,"{5: 91, 2: 41, 0: 60, 1: 30, 3: 18, 4: 68}","{(0, 1): []}","{(5, 91): {'cpu': 12}, (2, 41): {'cpu': 20}, (0, 60): {'cpu': 15}, (1, 30): {'cpu': 6}, (3, 18): {'cpu': 16}, (4, 68): {'cpu': 14}}",{},0.0,0.0,302.0,83.0,219.0,0.0,0.0,0.0,0.0,0.0,0.0,0.0,0.0,0.0,Route Failure,9.0,"{'node_level': {}, 'link_level': {}, 'path_level': {}}","{'node_level': {5: {'cpu': -69}, 2: {'cpu': -24}, 0: {'cpu': -22}, 1: {'cpu': -14}, 3: {'cpu': -41}, 4: {'cpu': -16}}, 'link_level': {(0, 1): {'bw': 9}}, 'path_level': {(0, 1): {'latency': 3.6633606504765317}}}","{'node_level': {5: {'cpu': 0}, 2: {'cpu': 0}, 0: {'cpu': 0}, 1: {'cpu': 0}, 3: {'cpu': 0}, 4: {'cpu': 0}}, 'link_level': {(0, 1): {'bw': 9}}, 'path_level': {(0, 1): {'latency': 3.6633606504765317}}}",[],0.0,0.0,True,False,False,0,[],0,0.0,6.0,1.0
10,4,4,849.0,1413.0,564210.5525809221,938137.093435516,0.6008492569002123,0.6014158874314928,10,9,1,126.0,45436,7017,38419,0.03253826003033222,0.029725224770178804,9,43.385244437624735,126.0,9,22,False,"{6: 91, 1: 41, 0: 60, 7: 30, 8: 18, 3: 68, 2: 77, 4: 49, 5: 4}","{(0, 3): [(60, 32), (32, 68)], (0, 4): [(60, 49)], (0, 6): [(60, 34), (34, 91)], (0, 7): [(60, 13), (13, 30)], (0, 8): [(60, 46), (46, 18)], (1, 2): [(41, 3), (3, 77)], (1, 5): [(41, 13), (13, 4)], (1, 6): [(41, 18), (18, 91)], (1, 8): [(41, 46), (46, 18)], (2, 4): [(77, 1), (1, 33), (33, 49)], (2, 6): [(77, 91)], (2, 7): [(77, 85), (85, 30)], (2, 8): [(77, 18)], (3, 4): []}","{(6, 91): {'cpu': 3}, (1, 41): {'cpu': 18}, (0, 60): {'cpu': 11}, (7, 30): {'cpu': 12}, (8, 18): {'cpu': 3}, (3, 68): {'cpu': 5}, (2, 77): {'cpu': 6}, (4, 49): {'cpu': 5}, (5, 4): {'cpu': 16}}","{((0, 3), (60, 32)): {'bw': 34}, ((0, 3), (32, 68)): {'bw': 34}, ((0, 4), (60, 49)): {'bw': 47}, ((0, 6), (60, 34)): {'bw': 20}, ((0, 6), (34, 91)): {'bw': 20}, ((0, 7), (60, 13)): {'bw': 49}, ((0, 7), (13, 30)): {'bw': 49}, ((0, 8), (60, 46)): {'bw': 12}, ((0, 8), (46, 18)): {'bw': 12}, ((1, 2), (41, 3)): {'bw': 34}, ((1, 2), (3, 77)): {'bw': 34}, ((1, 5), (41, 13)): {'bw': 26}, ((1, 5), (13, 4)): {'bw': 26}, ((1, 6), (41, 18)): {'bw': 34}, ((1, 6), (18, 91)): {'bw': 34}, ((1, 8), (41, 46)): {'bw': 32}, ((1, 8), (46, 18)): {'bw': 32}, ((2, 4), (77, 1)): {'bw': 46}, ((2, 4), (1, 33)): {'bw': 46}, ((2, 4), (33, 49)): {'bw': 46}, ((2, 6), (77, 91)): {'bw': 7}, ((2, 7), (77, 85)): {'bw': 26}, ((2, 7), (85, 30)): {'bw': 26}, ((2, 8), (77, 18)): {'bw': 25}}",0.0,0.0,732.0,79.0,653.0,0.0,0.0,0.0,0.0,0.0,0.0,0.0,0.0,0.0,Route Failure,37.0,"{'node_level': {}, 'link_level': {}, 'path_level': {}}","{'node_level': {6: {'cpu': -78}, 1: {'cpu': -26}, 0: {'cpu': -26}, 7: {'cpu': -8}, 8: {'cpu': -54}, 3: {'cpu': -25}, 2: {'cpu': -13}, 4: {'cpu': -51}, 5: {'cpu': -37}}, 'link_level': {(0, 3): {'bw': -18}, (0, 4): {'bw': -47}, (0, 6): {'bw': -7}, (0, 7): {'bw': -30}, (0, 8): {'bw': -38}, (1, 2): {'bw': -11}, (1, 5): {'bw': -37}, (1, 6): {'bw': -1}, (1, 8): {'bw': -24}, (2, 4): {'bw': -12}, (2, 6): {'bw': -62}, (2, 7): {'bw': -24}, (2, 8): {'bw': -63}, (3, 4): {'bw': 37}}, 'path_level': {(0, 3): {'latency': -5.915714794746359}, (0, 4): {'latency': -6.685331401942207}, (0, 6): {'latency': -6.939257412079299}, (0, 7): {'latency': -3.553343241359535}, (0, 8): {'latency': -2.2792391212897387}, (1, 2): {'latency': -6.115201643169641}, (1, 5): {'latency': -0.8111259074879786}, (1, 6): {'latency': -0.7587710738029969}, (1, 8): {'latency': -1.376542384788328}, (2, 4): {'latency': -2.0359269354010516}, (2, 6): {'latency': -8.940334127126416}, (2, 7): {'latency': -0.5079400105471485}, (2, 8): {'latency': -6.178032721480886}, (3, 4): {'latency': 5.537650569966324}}}","{'node_level': {6: {'cpu': 0}, 1: {'cpu': 0}, 0: {'cpu': 0}, 7: {'cpu': 0}, 8: {'cpu': 0}, 3: {'cpu': 0}, 2: {'cpu': 0}, 4: {'cpu': 0}, 5: {'cpu': 0}}, 'link_level': {(0, 3): {'bw': 0}, (0, 4): {'bw': 0}, (0, 6): {'bw': 0}, (0, 7): {'bw': 0}, (0, 8): {'bw': 0}, (1, 2): {'bw': 0}, (1, 5): {'bw': 0}, (1, 6): {'bw': 0}, (1, 8): {'bw': 0}, (2, 4): {'bw': 0}, (2, 6): {'bw': 0}, (2, 7): {'bw': 0}, (2, 8): {'bw': 0}, (3, 4): {'bw': 37}}, 'path_level': {(0, 3): {'latency': 0}, (0, 4): {'latency': 0}, (0, 6): {'latency': 0}, (0, 7): {'latency': 0}, (0, 8): {'latency': 0}, (1, 2): {'latency': 0}, (1, 5): {'latency': 0}, (1, 6): {'latency': 0}, (1, 8): {'latency': 0}, (2, 4): {'latency': 0}, (2, 6): {'latency': 0}, (2, 7): {'latency': 0}, (2, 8): {'latency': 0}, (3, 4): {'latency': 5.537650569966324}}}",[],0.0,0.0,True,False,False,0,[],0,0.0,9.0,14.0
11,4,4,849.0,1413.0,564210.5525809221,938137.093435516,0.6008492569002123,0.6014158874314928,10,10,1,141.0,45436,7017,38419,0.03253826003033222,0.029725224770178804,10,162.6702058616888,141.0,8,14,False,"{7: 91, 1: 41, 0: 60, 3: 30, 5: 18, 6: 68, 4: 77, 2: 49}","{(0, 1): [(60, 32), (32, 41)], (0, 4): [(60, 59), (59, 77)], (0, 6): [(60, 32), (32, 68)], (0, 7): [(60, 34), (34, 91)], (1, 3): [(41, 13), (13, 30)], (1, 6): [(41, 68)], (1, 7): [(41, 18), (18, 91)], (2, 5): [(49, 0), (0, 18)], (2, 7): [(49, 33), (33, 91)], (3, 5): []}","{(7, 91): {'cpu': 19}, (1, 41): {'cpu': 17}, (0, 60): {'cpu': 4}, (3, 30): {'cpu': 2}, (5, 18): {'cpu': 1}, (6, 68): {'cpu': 12}, (4, 77): {'cpu': 19}, (2, 49): {'cpu': 1}}","{((0, 1), (60, 32)): {'bw': 19}, ((0, 1), (32, 41)): {'bw': 19}, ((0, 4), (60, 59)): {'bw': 23}, ((0, 4), (59, 77)): {'bw': 23}, ((0, 6), (60, 32)): {'bw': 16}, ((0, 6), (32, 68)): {'bw': 16}, ((0, 7), (60, 34)): {'bw': 16}, ((0, 7), (34, 91)): {'bw': 16}, ((1, 3), (41, 13)): {'bw': 29}, ((1, 3), (13, 30)): {'bw': 29}, ((1, 6), (41, 68)): {'bw': 8}, ((1, 7), (41, 18)): {'bw': 28}, ((1, 7), (18, 91)): {'bw': 28}, ((2, 5), (49, 0)): {'bw': 25}, ((2, 5), (0, 18)): {'bw': 25}, ((2, 7), (49, 33)): {'bw': 25}, ((2, 7), (33, 91)): {'bw': 25}}",0.0,0.0,340.0,75.0,265.0,0.0,0.0,0.0,0.0,0.0,0.0,0.0,0.0,0.0,Route Failure,4.556391643302124,"{'node_level': {}, 'link_level': {}, 'path_level': {}}","{'node_level': {7: {'cpu': -62}, 1: {'cpu': -27}, 0: {'cpu': -33}, 3: {'cpu': -18}, 5: {'cpu': -56}, 6: {'cpu': -18}, 4: {'cpu': 0}, 2: {'cpu': -55}}, 'link_level': {(0, 1): {'bw': -31}, (0, 4): {'bw': -59}, (0, 6): {'bw': -36}, (0, 7): {'bw': -11}, (1, 3): {'bw': -37}, (1, 6): {'bw': -67}, (1, 7): {'bw': -7}, (2, 5): {'bw': -45}, (2, 7): {'bw': -35}, (3, 5): {'bw': -40}}, 'path_level': {(0, 1): {'latency': -2.808034557302083}, (0, 4): {'latency': -0.27250836218815344}, (0, 6): {'latency': -6.655796871304236}, (0, 7): {'latency': -4.143176150379614}, (1, 3): {'latency': -0.8880294555181383}, (1, 6): {'latency': -0.6049116523589211}, (1, 7): {'latency': -8.124482643472042}, (2, 5): {'latency': -6.48836986721668}, (2, 7): {'latency': -0.5417490031789711}, (3, 5): {'latency': 4.556391643302124}}}","{'node_level': {7: {'cpu': 0}, 1: {'cpu': 0}, 0: {'cpu': 0}, 3: {'cpu': 0}, 5: {'cpu': 0}, 6: {'cpu': 0}, 4: {'cpu': 0}, 2: {'cpu': 0}}, 'link_level': {(0, 1): {'bw': 0}, (0, 4): {'bw': 0}, (0, 6): {'bw': 0}, (0, 7): {'bw': 0}, (1, 3): {'bw': 0}, (1, 6): {'bw': 0}, (1, 7): {'bw': 0}, (2, 5): {'bw': 0}, (2, 7): {'bw': 0}, (3, 5): {'bw': 0}}, 'path_level': {(0, 1): {'latency': 0}, (0, 4): {'latency': 0}, (0, 6): {'latency': 0}, (0, 7): {'latency': 0}, (1, 3): {'latency': 0}, (1, 6): {'latency': 0}, (1, 7): {'latency': 0}, (2, 5): {'latency': 0}, (2, 7): {'latency': 0}, (3, 5): {'latency': 4.556391643302124}}}",[],0.0,0.0,True,False,False,0,[],0,0.0,8.0,10.0
12,4,4,849.0,1413.0,564210.5525809221,938137.093435516,0.6008492569002123,0.6014158874314928,10,11,1,153.0,45436,7017,38419,0.03253826003033222,0.029725224770178804,11,4.700376901700943,153.0,10,25,False,"{9: 91, 5: 41, 3: 60, 2: 30, 8: 18, 4: 68, 6: 77, 7: 49, 0: 4, 1: 98}","{(0, 1): [(4, 98)], (0, 3): [(4, 13), (13, 60)], (0, 4): [(4, 68)], (0, 5): []}","{(9, 91): {'cpu': 3}, (5, 41): {'cpu': 10}, (3, 60): {'cpu': 4}, (2, 30): {'cpu': 18}, (8, 18): {'cpu': 17}, (4, 68): {'cpu': 8}, (6, 77): {'cpu': 4}, (7, 49): {'cpu': 8}, (0, 4): {'cpu': 18}, (1, 98): {'cpu': 11}}","{((0, 1), (4, 98)): {'bw': 5}, ((0, 3), (4, 13)): {'bw': 27}, ((0, 3), (13, 60)): {'bw': 27}, ((0, 4), (4, 68)): {'bw': 37}}",0.0,0.0,719.0,101.0,618.0,0.0,0.0,0.0,0.0,0.0,0.0,0.0,0.0,0.0,Route Failure,5.992928189711172,"{'node_level': {}, 'link_level': {}, 'path_level': {}}","{'node_level': {9: {'cpu': -78}, 5: {'cpu': -34}, 3: {'cpu': -33}, 2: {'cpu': -2}, 8: {'cpu': -40}, 4: {'cpu': -22}, 6: {'cpu': -15}, 7: {'cpu': -48}, 0: {'cpu': -35}, 1: {'cpu': -52}}, 'link_level': {(0, 1): {'bw': -71}, (0, 3): {'bw': -36}, (0, 4): {'bw': -39}, (0, 5): {'bw': -52}}, 'path_level': {(0, 1): {'latency': -1.4592161334472227}, (0, 3): {'latency': -0.5329708780901266}, (0, 4): {'latency': -13.102762745200923}, (0, 5): {'latency': 5.992928189711172}}}","{'node_level': {9: {'cpu': 0}, 5: {'cpu': 0}, 3: {'cpu': 0}, 2: {'cpu': 0}, 8: {'cpu': 0}, 4: {'cpu': 0}, 6: {'cpu': 0}, 7: {'cpu': 0}, 0: {'cpu': 0}, 1: {'cpu': 0}}, 'link_level': {(0, 1): {'bw': 0}, (0, 3): {'bw': 0}, (0, 4): {'bw': 0}, (0, 5): {'bw': 0}}, 'path_level': {(0, 1): {'latency': 0}, (0, 3): {'latency': 0}, (0, 4): {'latency': 0}, (0, 5): {'latency': 5.992928189711172}}}",[],0.0,0.0,True,False,False,0,[],0,0.0,10.0,4.0
12,4,4,849.0,1413.0,564210.5525809221,938137.093435516,0.6008492569002123,0.6014158874314928,10,12,0,157.70037690170093,45436,7017,38419,0.03253826003033222,0.029725224770178804,11,4.700376901700943,153.0,10,25,False,{},{},{},{},0.0,0.0,0.0,0.0,0.0,0.0,0.0,0.0,0.0,0.0,0.0,0.0,0.0,0.0,Leave Event,0.0,"{'node_level': {}, 'link_level': {}, 'path_level': {}}","{'node_level': {}, 'link_level': {}, 'path_level': {}}","{'node_level': {}, 'link_level': {}, 'path_level': {}}",[],0.0,0.0,True,True,False,0,[],0,0.0,,
13,4,4,849.0,1413.0,564210.5525809221,938137.093435516,0.6008492569002123,0.6014158874314928,10,13,1,161.0,45436,7017,38419,0.03253826003033222,0.029725224770178804,12,923.6638271383595,161.0,10,24,False,"{7: 91, 2: 41, 9: 60, 8: 30, 4: 18, 0: 68, 6: 77, 5: 49, 3: 4, 1: 98}","{(0, 2): [(68, 41)], (0, 5): []}","{(7, 91): {'cpu': 6}, (2, 41): {'cpu': 18}, (9, 60): {'cpu': 9}, (8, 30): {'cpu': 11}, (4, 18): {'cpu': 7}, (0, 68): {'cpu': 3}, (6, 77): {'cpu': 11}, (5, 49): {'cpu': 11}, (3, 4): {'cpu': 13}, (1, 98): {'cpu': 4}}","{((0, 2), (68, 41)): {'bw': 48}}",0.0,0.0,757.0,93.0,664.0,0.0,0.0,0.0,0.0,0.0,0.0,0.0,0.0,0.0,Route Failure,19.0,"{'node_level': {}, 'link_level': {}, 'path_level': {}}","{'node_level': {7: {'cpu': -75}, 2: {'cpu': -26}, 9: {'cpu': -28}, 8: {'cpu': -9}, 4: {'cpu': -50}, 0: {'cpu': -27}, 6: {'cpu': -8}, 5: {'cpu': -45}, 3: {'cpu': -40}, 1: {'cpu': -59}}, 'link_level': {(0, 2): {'bw': -27}, (0, 5): {'bw': 19}}, 'path_level': {(0, 2): {'latency': -10.057868990805261}, (0, 5): {'latency': 6.164219829882504}}}","{'node_level': {7: {'cpu': 0}, 2: {'cpu': 0}, 9: {'cpu': 0}, 8: {'cpu': 0}, 4: {'cpu': 0}, 0: {'cpu': 0}, 6: {'cpu': 0}, 5: {'cpu': 0}, 3: {'cpu': 0}, 1: {'cpu': 0}}, 'link_level': {(0, 2): {'bw': 0}, (0, 5): {'bw': 19}}, 'path_level': {(0, 2): {'latency': 0}, (0, 5): {'latency': 6.164219829882504}}}",[],0.0,0.0,True,False,False,0,[],0,0.0,10.0,2.0
13,4,4,849.0,1413.0,564210.5525809221,938137.093435516,0.6008492569002123,0.6014158874314928,10,14,0,169.38524443762475,45436,7017,38419,0.03253826003033222,0.029725224770178804,9,43.385244437624735,126.0,9,22,False,{},{},{},{},0.0,0.0,0.0,0.0,0.0,0.0,0.0,0.0,0.0,0.0,0.0,0.0,0.0,0.0,Leave Event,0.0,"{'node_level': {}, 'link_level': {}, 'path_level': {}}","{'node_level': {}, 'link_level': {}, 'path_level': {}}","{'node_level': {}, 'link_level': {}, 'path_level': {}}",[],0.0,0.0,True,True,False,0,[],0,0.0,,
13,4,4,849.0,1413.0,564210.5525809221,938137.093435516,0.6008492569002123,0.6014158874314928,10,15,0,174.1977268888015,45436,7017,38419,0.03253826003033222,0.029725224770178804,3,122.1977268888015,52.0,5,5,False,{},{},{},{},0.0,0.0,0.0,0.0,0.0,0.0,0.0,0.0,0.0,0.0,0.0,0.0,0.0,0.0,Leave Event,0.0,"{'node_level': {}, 'link_level': {}, 'path_level': {}}","{'node_level': {}, 'link_level': {}, 'path_level': {}}","{'node_level': {}, 'link_level': {}, 'path_level': {}}",[],0.0,0.0,True,True,False,0,[],0,0.0,,
14,5,5,930.0,1556.0,606402.6692602007,1012624.4105359707,0.5976863753213367,0.5988426340021159,10,16,1,175.0,45293,6998,38295,0.03515786571074042,0.032856854227699794,13,520.8903293738089,175.0,3,3,True,"{2: 91, 1: 41, 0: 60}","{(0, 1): [(60, 13), (13, 41)], (0, 2): [(60, 34), (34, 91)], (1, 2): [(41, 25), (25, 91)]}","{(2, 91): {'cpu': 10}, (1, 41): {'cpu': 7}, (0, 60): {'cpu': 2}}","{((0, 1), (60, 13)): {'bw': 6}, ((0, 1), (13, 41)): {'bw': 6}, ((0, 2), (60, 34)): {'bw': 13}, ((0, 2), (34, 91)): {'bw': 13}, ((1, 2), (41, 25)): {'bw': 43}, ((1, 2), (25, 91)): {'bw': 43}}",143.0,81.0,81.0,19.0,62.0,19.0,62.0,19.0,124.0,62.0,0.5664335664335665,74487.31710045467,42192.116679278515,295.0497669879617,Success,0.0,"{'node_level': {}, 'link_level': {}, 'path_level': {}}","{'node_level': {2: {'cpu': -71}, 1: {'cpu': -37}, 0: {'cpu': -35}}, 'link_level': {(0, 1): {'bw': -60}, (0, 2): {'bw': -14}, (1, 2): {'bw': -16}}, 'path_level': {(0, 1): {'latency': -4.776223163254336}, (0, 2): {'latency': -6.0672563765352665}, (1, 2): {'latency': -1.574931668823253}}}","{'node_level': {2: {'cpu': 0}, 1: {'cpu': 0}, 0: {'cpu': 0}}, 'link_level': {(0, 1): {'bw': 0}, (0, 2): {'bw': 0}, (1, 2): {'bw': 0}}, 'path_level': {(0, 1): {'latency': 0}, (0, 2): {'latency': 0}, (1, 2): {'latency': 0}}}",[],0.0,0.0,True,True,False,0,[],0,0.0,3.0,3.0
15,5,5,930.0,1556.0,606402.6692602007,1012624.4105359707,0.5976863753213367,0.5988426340021159,10,17,1,188.0,45293,6998,38295,0.03515786571074042,0.032856854227699794,14,920.6412263936853,188.0,8,14,False,"{4: 30, 1: 18, 3: 60, 0: 68, 6: 77, 2: 49, 7: 91, 5: 41}","{(0, 1): []}","{(4, 30): {'cpu': 19}, (1, 18): {'cpu': 5}, (3, 60): {'cpu': 19}, (0, 68): {'cpu': 6}, (6, 77): {'cpu': 12}, (2, 49): {'cpu': 5}, (7, 91): {'cpu': 15}, (5, 41): {'cpu': 11}}",{},0.0,0.0,424.0,92.0,332.0,0.0,0.0,0.0,0.0,0.0,0.0,0.0,0.0,0.0,Route Failure,46.0,"{'node_level': {}, 'link_level': {}, 'path_level': {}}","{'node_level': {4: {'cpu': -1}, 1: {'cpu': -52}, 3: {'cpu': -16}, 0: {'cpu': -24}, 6: {'cpu': -7}, 2: {'cpu': -51}, 7: {'cpu': -56}, 5: {'cpu': -26}}, 'link_level': {(0, 1): {'bw': 46}}, 'path_level': {(0, 1): {'latency': 0.5294723974316584}}}","{'node_level': {4: {'cpu': 0}, 1: {'cpu': 0}, 3: {'cpu': 0}, 0: {'cpu': 0}, 6: {'cpu': 0}, 2: {'cpu': 0}, 7: {'cpu': 0}, 5: {'cpu': 0}}, 'link_level': {(0, 1): {'bw': 46}}, 'path_level': {(0, 1): {'latency': 0.5294723974316584}}}",[],0.0,0.0,True,False,False,0,[],0,0.0,8.0,1.0
16,5,5,930.0,1556.0,606402.6692602007,1012624.4105359707,0.5976863753213367,0.5988426340021159,10,18,1,198.0,45293,6998,38295,0.03515786571074042,0.032856854227699794,15,153.75886185936875,198.0,9,12,False,"{1: 30, 0: 18, 4: 60, 8: 68, 7: 77, 5: 49, 2: 91, 6: 41, 3: 4}","{(0, 3): []}","{(1, 30): {'cpu': 19}, (0, 18): {'cpu': 2}, (4, 60): {'cpu': 8}, (8, 68): {'cpu': 17}, (7, 77): {'cpu': 14}, (5, 49): {'cpu': 3}, (2, 91): {'cpu': 13}, (6, 41): {'cpu': 8}, (3, 4): {'cpu': 16}}",{},0.0,0.0,444.0,100.0,344.0,0.0,0.0,0.0,0.0,0.0,0.0,0.0,0.0,0.0,Route Failure,1.5042216744100756,"{'node_level': {}, 'link_level': {}, 'path_level': {}}","{'node_level': {1: {'cpu': -1}, 0: {'cpu': -55}, 4: {'cpu': -27}, 8: {'cpu': -13}, 7: {'cpu': -5}, 5: {'cpu': -53}, 2: {'cpu': -58}, 6: {'cpu': -29}, 3: {'cpu': -37}}, 'link_level': {(0, 3): {'bw': -64}}, 'path_level': {(0, 3): {'latency': 1.5042216744100756}}}","{'node_level': {1: {'cpu': 0}, 0: {'cpu': 0}, 4: {'cpu': 0}, 8: {'cpu': 0}, 7: {'cpu': 0}, 5: {'cpu': 0}, 2: {'cpu': 0}, 6: {'cpu': 0}, 3: {'cpu': 0}}, 'link_level': {(0, 3): {'bw': 0}}, 'path_level': {(0, 3): {'latency': 1.5042216744100756}}}",[],0.0,0.0,True,False,False,0,[],0,0.0,9.0,1.0
17,5,5,930.0,1556.0,606402.6692602007,1012624.4105359707,0.5976863753213367,0.5988426340021159,10,19,1,215.0,45293,6998,38295,0.03515786571074042,0.032856854227699794,16,253.60006255013423,215.0,9,22,False,"{2: 30, 4: 18, 6: 60, 7: 68, 0: 77, 1: 49, 8: 91, 3: 41, 5: 4}","{(0, 1): [(77, 31), (31, 49)], (0, 2): [(77, 29), (29, 30)], (0, 4): [(77, 18)], (0, 5): [(77, 17), (17, 4)], (0, 8): [(77, 91)], (1, 2): [(49, 30)], (1, 4): [(49, 0), (0, 18)], (1, 6): [(49, 60)], (1, 7): [(49, 10), (10, 68)], (2, 3): [(30, 13), (13, 41)], (2, 4): [(30, 0), (0, 18)], (2, 5): []}","{(2, 30): {'cpu': 4}, (4, 18): {'cpu': 20}, (6, 60): {'cpu': 7}, (7, 68): {'cpu': 15}, (0, 77): {'cpu': 7}, (1, 49): {'cpu': 7}, (8, 91): {'cpu': 16}, (3, 41): {'cpu': 5}, (5, 4): {'cpu': 19}}","{((0, 1), (77, 31)): {'bw': 50}, ((0, 1), (31, 49)): {'bw': 50}, ((0, 2), (77, 29)): {'bw': 28}, ((0, 2), (29, 30)): {'bw': 28}, ((0, 4), (77, 18)): {'bw': 22}, ((0, 5), (77, 17)): {'bw': 2}, ((0, 5), (17, 4)): {'bw': 2}, ((0, 8), (77, 91)): {'bw': 10}, ((1, 2), (49, 30)): {'bw': 18}, ((1, 4), (49, 0)): {'bw': 12}, ((1, 4), (0, 18)): {'bw': 12}, ((1, 6), (49, 60)): {'bw': 1}, ((1, 7), (49, 10)): {'bw': 4}, ((1, 7), (10, 68)): {'bw': 4}, ((2, 3), (30, 13)): {'bw': 37}, ((2, 3), (13, 41)): {'bw': 37}, ((2, 4), (30, 0)): {'bw': 21}, ((2, 4), (0, 18)): {'bw': 21}}",0.0,0.0,543.0,100.0,443.0,0.0,0.0,0.0,0.0,0.0,0.0,0.0,0.0,0.0,Route Failure,9.02310280795744,"{'node_level': {}, 'link_level': {}, 'path_level': {}}","{'node_level': {2: {'cpu': -16}, 4: {'cpu': -37}, 6: {'cpu': -28}, 7: {'cpu': -15}, 0: {'cpu': -12}, 1: {'cpu': -49}, 8: {'cpu': -55}, 3: {'cpu': -32}, 5: {'cpu': -34}}, 'link_level': {(0, 1): {'bw': -38}, (0, 2): {'bw': -40}, (0, 4): {'bw': -66}, (0, 5): {'bw': -78}, (0, 8): {'bw': -59}, (1, 2): {'bw': -50}, (1, 4): {'bw': -58}, (1, 6): {'bw': -93}, (1, 7): {'bw': -24}, (2, 3): {'bw': -23}, (2, 4): {'bw': -37}, (2, 5): {'bw': -65}}, 'path_level': {(0, 1): {'latency': -4.6016444845282205}, (0, 2): {'latency': -4.410597640148051}, (0, 4): {'latency': -10.403073684050904}, (0, 5): {'latency': -5.690736997739169}, (0, 8): {'latency': -3.2967461561039637}, (1, 2): {'latency': -8.471573621465527}, (1, 4): {'latency': -7.0752387196980395}, (1, 6): {'latency': -1.9088805303004666}, (1, 7): {'latency': -6.238754489471292}, (2, 3): {'latency': -1.696681725873118}, (2, 4): {'latency': -9.07536466461884}, (2, 5): {'latency': 9.02310280795744}}}","{'node_level': {2: {'cpu': 0}, 4: {'cpu': 0}, 6: {'cpu': 0}, 7: {'cpu': 0}, 0: {'cpu': 0}, 1: {'cpu': 0}, 8: {'cpu': 0}, 3: {'cpu': 0}, 5: {'cpu': 0}}, 'link_level': {(0, 1): {'bw': 0}, (0, 2): {'bw': 0}, (0, 4): {'bw': 0}, (0, 5): {'bw': 0}, (0, 8): {'bw': 0}, (1, 2): {'bw': 0}, (1, 4): {'bw': 0}, (1, 6): {'bw': 0}, (1, 7): {'bw': 0}, (2, 3): {'bw': 0}, (2, 4): {'bw': 0}, (2, 5): {'bw': 0}}, 'path_level': {(0, 1): {'latency': 0}, (0, 2): {'latency': 0}, (0, 4): {'latency': 0}, (0, 5): {'latency': 0}, (0, 8): {'latency': 0}, (1, 2): {'latency': 0}, (1, 4): {'latency': 0}, (1, 6): {'latency': 0}, (1, 7): {'latency': 0}, (2, 3): {'latency': 0}, (2, 4): {'latency': 0}, (2, 5): {'latency': 9.02310280795744}}}",[],0.0,0.0,True,False,False,0,[],0,0.0,9.0,12.0
18,5,5,930.0,1556.0,606402.6692602007,1012624.4105359707,0.5976863753213367,0.5988426340021159,10,20,1,227.0,45293,6998,38295,0.03515786571074042,0.032856854227699794,17,402.39869512188545,227.0,10,18,False,"{9: 30, 5: 18, 0: 60, 3: 68, 7: 77, 6: 49, 8: 91, 4: 41, 1: 4, 2: 98}","{(0, 1): [(60, 13), (13, 4)], (0, 3): [(60, 32), (32, 68)], (0, 6): [(60, 49)], (0, 8): [(60, 34), (34, 91)], (0, 9): [(60, 13), (13, 30)], (1, 5): [(4, 13), (13, 46), (46, 18)], (2, 7): [(98, 18), (18, 77)], (2, 9): [(98, 45), (45, 30)], (3, 5): [(68, 41), (41, 18)], (3, 7): []}","{(9, 30): {'cpu': 19}, (5, 18): {'cpu': 14}, (0, 60): {'cpu': 16}, (3, 68): {'cpu': 20}, (7, 77): {'cpu': 2}, (6, 49): {'cpu': 19}, (8, 91): {'cpu': 12}, (4, 41): {'cpu': 11}, (1, 4): {'cpu': 15}, (2, 98): {'cpu': 8}}","{((0, 1), (60, 13)): {'bw': 15}, ((0, 1), (13, 4)): {'bw': 15}, ((0, 3), (60, 32)): {'bw': 26}, ((0, 3), (32, 68)): {'bw': 26}, ((0, 6), (60, 49)): {'bw': 38}, ((0, 8), (60, 34)): {'bw': 9}, ((0, 8), (34, 91)): {'bw': 9}, ((0, 9), (60, 13)): {'bw': 35}, ((0, 9), (13, 30)): {'bw': 35}, ((1, 5), (4, 13)): {'bw': 27}, ((1, 5), (13, 46)): {'bw': 27}, ((1, 5), (46, 18)): {'bw': 27}, ((2, 7), (98, 18)): {'bw': 12}, ((2, 7), (18, 77)): {'bw': 12}, ((2, 9), (98, 45)): {'bw': 45}, ((2, 9), (45, 30)): {'bw': 45}, ((3, 5), (68, 41)): {'bw': 12}, ((3, 5), (41, 18)): {'bw': 12}}",0.0,0.0,617.0,136.0,481.0,0.0,0.0,0.0,0.0,0.0,0.0,0.0,0.0,0.0,Route Failure,6.409187526769326,"{'node_level': {}, 'link_level': {}, 'path_level': {}}","{'node_level': {9: {'cpu': -1}, 5: {'cpu': -43}, 0: {'cpu': -19}, 3: {'cpu': -10}, 7: {'cpu': -17}, 6: {'cpu': -37}, 8: {'cpu': -59}, 4: {'cpu': -26}, 1: {'cpu': -38}, 2: {'cpu': -55}}, 'link_level': {(0, 1): {'bw': -48}, (0, 3): {'bw': -26}, (0, 6): {'bw': -56}, (0, 8): {'bw': -5}, (0, 9): {'bw': -31}, (1, 5): {'bw': -21}, (2, 7): {'bw': -76}, (2, 9): {'bw': -33}, (3, 5): {'bw': -23}, (3, 7): {'bw': -4}}, 'path_level': {(0, 1): {'latency': -2.6339111026605977}, (0, 3): {'latency': -1.953799065375037}, (0, 6): {'latency': -10.120736164989001}, (0, 8): {'latency': -6.834445729977019}, (0, 9): {'latency': -4.883353900075177}, (1, 5): {'latency': -0.10334741618069287}, (2, 7): {'latency': -6.952091723075513}, (2, 9): {'latency': -5.799751708092462}, (3, 5): {'latency': -4.731224893329868}, (3, 7): {'latency': 6.409187526769326}}}","{'node_level': {9: {'cpu': 0}, 5: {'cpu': 0}, 0: {'cpu': 0}, 3: {'cpu': 0}, 7: {'cpu': 0}, 6: {'cpu': 0}, 8: {'cpu': 0}, 4: {'cpu': 0}, 1: {'cpu': 0}, 2: {'cpu': 0}}, 'link_level': {(0, 1): {'bw': 0}, (0, 3): {'bw': 0}, (0, 6): {'bw': 0}, (0, 8): {'bw': 0}, (0, 9): {'bw': 0}, (1, 5): {'bw': 0}, (2, 7): {'bw': 0}, (2, 9): {'bw': 0}, (3, 5): {'bw': 0}, (3, 7): {'bw': 0}}, 'path_level': {(0, 1): {'latency': 0}, (0, 3): {'latency': 0}, (0, 6): {'latency': 0}, (0, 8): {'latency': 0}, (0, 9): {'latency': 0}, (1, 5): {'latency': 0}, (2, 7): {'latency': 0}, (2, 9): {'latency': 0}, (3, 5): {'latency': 0}, (3, 7): {'latency': 6.409187526769326}}}",[],0.0,0.0,True,False,False,0,[],0,0.0,10.0,10.0
19,5,5,930.0,1556.0,606402.6692602007,1012624.4105359707,0.5976863753213367,0.5988426340021159,10,21,1,243.0,45293,6998,38295,0.03515786571074042,0.032856854227699794,18,90.12612578691468,243.0,3,2,False,"{0: 30, 1: 18, 2: 60}","{(0, 1): [(30, 0), (0, 18)], (0, 2): []}","{(0, 30): {'cpu': 3}, (1, 18): {'cpu': 11}, (2, 60): {'cpu': 5}}","{((0, 1), (30, 0)): {'bw': 37}, ((0, 1), (0, 18)): {'bw': 37}}",0.0,0.0,76.0,19.0,57.0,0.0,0.0,0.0,0.0,0.0,0.0,0.0,0.0,0.0,Route Failure,6.042716110004937,"{'node_level': {}, 'link_level': {}, 'path_level': {}}","{'node_level': {0: {'cpu': -17}, 1: {'cpu': -46}, 2: {'cpu': -30}}, 'link_level': {(0, 1): {'bw': -33}, (0, 2): {'bw': -35}}, 'path_level': {(0, 1): {'latency': -2.942491770559498}, (0, 2): {'latency': 6.042716110004937}}}","{'node_level': {0: {'cpu': 0}, 1: {'cpu': 0}, 2: {'cpu': 0}}, 'link_level': {(0, 1): {'bw': 0}, (0, 2): {'bw': 0}}, 'path_level': {(0, 1): {'latency': 0}, (0, 2): {'latency': 6.042716110004937}}}",[],0.0,0.0,True,False,False,0,[],0,0.0,3.0,2.0
20,5,5,930.0,1556.0,606402.6692602007,1012624.4105359707,0.5976863753213367,0.5988426340021159,10,22,1,260.0,45293,6998,38295,0.03515786571074042,0.032856854227699794,19,230.86544564850888,260.0,7,12,False,"{3: 30, 4: 18, 5: 60, 2: 68, 0: 77, 1: 49, 6: 91}","{(0, 2): []}","{(3, 30): {'cpu': 15}, (4, 18): {'cpu': 5}, (5, 60): {'cpu': 1}, (2, 68): {'cpu': 10}, (0, 77): {'cpu': 10}, (1, 49): {'cpu': 3}, (6, 91): {'cpu': 11}}",{},0.0,0.0,339.0,55.0,284.0,0.0,0.0,0.0,0.0,0.0,0.0,0.0,0.0,0.0,Route Failure,1.4157553150378477,"{'node_level': {}, 'link_level': {}, 'path_level': {}}","{'node_level': {3: {'cpu': -5}, 4: {'cpu': -52}, 5: {'cpu': -34}, 2: {'cpu': -20}, 0: {'cpu': -9}, 1: {'cpu': -53}, 6: {'cpu': -60}}, 'link_level': {(0, 2): {'bw': -14}}, 'path_level': {(0, 2): {'latency': 1.4157553150378477}}}","{'node_level': {3: {'cpu': 0}, 4: {'cpu': 0}, 5: {'cpu': 0}, 2: {'cpu': 0}, 0: {'cpu': 0}, 1: {'cpu': 0}, 6: {'cpu': 0}}, 'link_level': {(0, 2): {'bw': 0}}, 'path_level': {(0, 2): {'latency': 1.4157553150378477}}}",[],0.0,0.0,True,False,False,0,[],0,0.0,7.0,1.0
21,5,5,930.0,1556.0,606402.6692602007,1012624.4105359707,0.5976863753213367,0.5988426340021159,10,23,1,281.0,45293,6998,38295,0.03515786571074042,0.032856854227699794,20,79.17075280023421,281.0,10,28,False,"{4: 30, 7: 18, 8: 60, 9: 68, 5: 77, 1: 49, 0: 91, 2: 41, 3: 4, 6: 98}","{(0, 2): []}","{(4, 30): {'cpu': 17}, (7, 18): {'cpu': 12}, (8, 60): {'cpu': 7}, (9, 68): {'cpu': 3}, (5, 77): {'cpu': 4}, (1, 49): {'cpu': 4}, (0, 91): {'cpu': 12}, (2, 41): {'cpu': 15}, (3, 4): {'cpu': 15}, (6, 98): {'cpu': 7}}",{},0.0,0.0,759.0,96.0,663.0,0.0,0.0,0.0,0.0,0.0,0.0,0.0,0.0,0.0,Route Failure,2.893476613536085,"{'node_level': {}, 'link_level': {}, 'path_level': {}}","{'node_level': {4: {'cpu': -3}, 7: {'cpu': -45}, 8: {'cpu': -28}, 9: {'cpu': -27}, 5: {'cpu': -15}, 1: {'cpu': -52}, 0: {'cpu': -59}, 2: {'cpu': -22}, 3: {'cpu': -38}, 6: {'cpu': -56}}, 'link_level': {(0, 2): {'bw': -18}}, 'path_level': {(0, 2): {'latency': 2.893476613536085}}}","{'node_level': {4: {'cpu': 0}, 7: {'cpu': 0}, 8: {'cpu': 0}, 9: {'cpu': 0}, 5: {'cpu': 0}, 1: {'cpu': 0}, 0: {'cpu': 0}, 2: {'cpu': 0}, 3: {'cpu': 0}, 6: {'cpu': 0}}, 'link_level': {(0, 2): {'bw': 0}}, 'path_level': {(0, 2): {'latency': 2.893476613536085}}}",[],0.0,0.0,True,False,False,0,[],0,0.0,10.0,1.0
22,5,5,930.0,1556.0,606402.6692602007,1012624.4105359707,0.5976863753213367,0.5988426340021159,10,24,1,296.0,45293,6998,38295,0.03515786571074042,0.032856854227699794,21,421.54151787034783,296.0,6,9,False,"{1: 30, 3: 18, 0: 60, 4: 68, 2: 77, 5: 49}","{(0, 1): []}","{(1, 30): {'cpu': 18}, (3, 18): {'cpu': 18}, (0, 60): {'cpu': 11}, (4, 68): {'cpu': 9}, (2, 77): {'cpu': 12}, (5, 49): {'cpu': 4}}",{},0.0,0.0,286.0,72.0,214.0,0.0,0.0,0.0,0.0,0.0,0.0,0.0,0.0,0.0,Route Failure,46.0,"{'node_level': {}, 'link_level': {}, 'path_level': {}}","{'node_level': {1: {'cpu': -2}, 3: {'cpu': -39}, 0: {'cpu': -24}, 4: {'cpu': -21}, 2: {'cpu': -7}, 5: {'cpu': -52}}, 'link_level': {(0, 1): {'bw': 46}}, 'path_level': {(0, 1): {'latency': 4.416382067736658}}}","{'node_level': {1: {'cpu': 0}, 3: {'cpu': 0}, 0: {'cpu': 0}, 4: {'cpu': 0}, 2: {'cpu': 0}, 5: {'cpu': 0}}, 'link_level': {(0, 1): {'bw': 46}}, 'path_level': {(0, 1): {'latency': 4.416382067736658}}}",[],0.0,0.0,True,False,False,0,[],0,0.0,6.0,1.0
22,5,5,930.0,1556.0,606402.6692602007,1012624.4105359707,0.5976863753213367,0.5988426340021159,10,25,0,303.6702058616888,45293,6998,38295,0.03515786571074042,0.032856854227699794,10,162.6702058616888,141.0,8,14,False,{},{},{},{},0.0,0.0,0.0,0.0,0.0,0.0,0.0,0.0,0.0,0.0,0.0,0.0,0.0,0.0,Leave Event,0.0,"{'node_level': {}, 'link_level': {}, 'path_level': {}}","{'node_level': {}, 'link_level': {}, 'path_level': {}}","{'node_level': {}, 'link_level': {}, 'path_level': {}}",[],0.0,0.0,True,True,False,0,[],0,0.0,,
23,6,6,1189.0,1963.0,763940.5392213813,1260183.9204749689,0.6057055527254203,0.6062135270964645,10,26,1,311.0,44886,6923,37963,0.04549841444919345,0.041241539549449424,22,608.2543241744426,311.0,5,7,True,"{1: 30, 2: 18, 4: 60, 3: 68, 0: 77}","{(0, 2): [(77, 18)], (0, 3): [(77, 23), (23, 68)], (1, 2): [(30, 0), (0, 18)], (1, 3): [(30, 51), (51, 68)], (1, 4): [(30, 40), (40, 60)], (2, 4): [(18, 5), (5, 60)], (3, 4): [(68, 32), (32, 60)]}","{(1, 30): {'cpu': 19}, (2, 18): {'cpu': 18}, (4, 60): {'cpu': 20}, (3, 68): {'cpu': 8}, (0, 77): {'cpu': 10}}","{((0, 2), (77, 18)): {'bw': 36}, ((0, 3), (77, 23)): {'bw': 10}, ((0, 3), (23, 68)): {'bw': 10}, ((1, 2), (30, 0)): {'bw': 29}, ((1, 2), (0, 18)): {'bw': 29}, ((1, 3), (30, 51)): {'bw': 48}, ((1, 3), (51, 68)): {'bw': 48}, ((1, 4), (30, 40)): {'bw': 49}, ((1, 4), (40, 60)): {'bw': 49}, ((2, 4), (18, 5)): {'bw': 8}, ((2, 4), (5, 60)): {'bw': 8}, ((3, 4), (68, 32)): {'bw': 4}, ((3, 4), (32, 60)): {'bw': 4}}",407.0,259.0,259.0,75.0,184.0,75.0,184.0,75.0,332.0,148.0,0.6363636363636364,247559.50993899812,157537.86996118064,387.07093356555436,Success,0.0,"{'node_level': {}, 'link_level': {}, 'path_level': {}}","{'node_level': {1: {'cpu': -1}, 2: {'cpu': -39}, 4: {'cpu': -15}, 3: {'cpu': -22}, 0: {'cpu': -9}}, 'link_level': {(0, 2): {'bw': -52}, (0, 3): {'bw': -47}, (1, 2): {'bw': -41}, (1, 3): {'bw': -5}, (1, 4): {'bw': -27}, (2, 4): {'bw': -42}, (3, 4): {'bw': -48}}, 'path_level': {(0, 2): {'latency': -1.9348715766943592}, (0, 3): {'latency': -1.1922154127489835}, (1, 2): {'latency': -6.461343104148856}, (1, 3): {'latency': -6.797464687369475}, (1, 4): {'latency': -3.861929770756884}, (2, 4): {'latency': -4.189814296375993}, (3, 4): {'latency': -4.765175895225061}}}","{'node_level': {1: {'cpu': 0}, 2: {'cpu': 0}, 4: {'cpu': 0}, 3: {'cpu': 0}, 0: {'cpu': 0}}, 'link_level': {(0, 2): {'bw': 0}, (0, 3): {'bw': 0}, (1, 2): {'bw': 0}, (1, 3): {'bw': 0}, (1, 4): {'bw': 0}, (2, 4): {'bw': 0}, (3, 4): {'bw': 0}}, 'path_level': {(0, 2): {'latency': 0}, (0, 3): {'latency': 0}, (1, 2): {'latency': 0}, (1, 3): {'latency': 0}, (1, 4): {'latency': 0}, (2, 4): {'latency': 0}, (3, 4): {'latency': 0}}}",[],0.0,0.0,True,True,False,0,[],0,0.0,5.0,7.0
24,7,7,1213.0,1999.0,768024.7001579145,1266310.1618797688,0.6068034017008505,0.6065059914056312,10,27,1,320.0,44850,6911,37939,0.04715290224734592,0.04184766137993734,23,170.17337235555323,320.0,2,1,True,"{0: 49, 1: 91}","{(0, 1): [(49, 76), (76, 91)]}","{(0, 49): {'cpu': 10}, (1, 91): {'cpu': 2}}","{((0, 1), (49, 76)): {'bw': 12}, ((0, 1), (76, 91)): {'bw': 12}}",36.0,24.0,24.0,12.0,12.0,12.0,12.0,12.0,24.0,12.0,0.6666666666666666,6126.241404799916,4084.1609365332774,113.44891490370215,Success,0.0,"{'node_level': {}, 'link_level': {}, 'path_level': {}}","{'node_level': {0: {'cpu': -46}, 1: {'cpu': -69}}, 'link_level': {(0, 1): {'bw': -53}}, 'path_level': {(0, 1): {'latency': -0.1551668492757683}}}","{'node_level': {0: {'cpu': 0}, 1: {'cpu': 0}}, 'link_level': {(0, 1): {'bw': 0}}, 'path_level': {(0, 1): {'latency': 0}}}",[],0.0,0.0,True,True,False,0,[],0,0.0,2.0,1.0
24,7,7,1213.0,1999.0,768024.7001579145,1266310.1618797688,0.6068034017008505,0.6065059914056312,10,28,0,333.1261257869147,44850,6911,37939,0.04715290224734592,0.04184766137993734,18,90.12612578691468,243.0,3,2,False,{},{},{},{},0.0,0.0,0.0,0.0,0.0,0.0,0.0,0.0,0.0,0.0,0.0,0.0,0.0,0.0,Leave Event,0.0,"{'node_level': {}, 'link_level': {}, 'path_level': {}}","{'node_level': {}, 'link_level': {}, 'path_level': {}}","{'node_level': {}, 'link_level': {}, 'path_level': {}}",[],0.0,0.0,True,True,False,0,[],0,0.0,,
25,7,7,1213.0,1999.0,768024.7001579145,1266310.1618797688,0.6068034017008505,0.6065059914056312,10,29,1,334.0,44850,6911,37939,0.04715290224734592,0.04184766137993734,24,283.95207508855134,334.0,5,5,False,"{1: 41, 3: 91, 0: 4, 4: 72, 2: 98}","{(0, 1): [(4, 22), (22, 41)], (0, 2): [(4, 98)], (1, 2): [(41, 18), (18, 98)], (1, 3): []}","{(1, 41): {'cpu': 13}, (3, 91): {'cpu': 6}, (0, 4): {'cpu': 5}, (4, 72): {'cpu': 13}, (2, 98): {'cpu': 4}}","{((0, 1), (4, 22)): {'bw': 19}, ((0, 1), (22, 41)): {'bw': 19}, ((0, 2), (4, 98)): {'bw': 1}, ((1, 2), (41, 18)): {'bw': 2}, ((1, 2), (18, 98)): {'bw': 2}}",0.0,0.0,98.0,41.0,57.0,0.0,0.0,0.0,0.0,0.0,0.0,0.0,0.0,0.0,Route Failure,6.80328773859691,"{'node_level': {}, 'link_level': {}, 'path_level': {}}","{'node_level': {1: {'cpu': -24}, 3: {'cpu': -63}, 0: {'cpu': -48}, 4: {'cpu': -73}, 2: {'cpu': -59}}, 'link_level': {(0, 1): {'bw': -54}, (0, 2): {'bw': -75}, (1, 2): {'bw': -33}, (1, 3): {'bw': -17}}, 'path_level': {(0, 1): {'latency': -1.661304105232757}, (0, 2): {'latency': -4.475565620786288}, (1, 2): {'latency': -5.745257617595247}, (1, 3): {'latency': 6.80328773859691}}}","{'node_level': {1: {'cpu': 0}, 3: {'cpu': 0}, 0: {'cpu': 0}, 4: {'cpu': 0}, 2: {'cpu': 0}}, 'link_level': {(0, 1): {'bw': 0}, (0, 2): {'bw': 0}, (1, 2): {'bw': 0}, (1, 3): {'bw': 0}}, 'path_level': {(0, 1): {'latency': 0}, (0, 2): {'latency': 0}, (1, 2): {'latency': 0}, (1, 3): {'latency': 6.80328773859691}}}",[],0.0,0.0,True,False,False,0,[],0,0.0,5.0,4.0
26,7,7,1213.0,1999.0,768024.7001579145,1266310.1618797688,0.6068034017008505,0.6065059914056312,10,30,1,343.0,44850,6911,37939,0.04715290224734592,0.04184766137993734,25,705.5122096290029,343.0,7,10,False,"{2: 41, 1: 91, 3: 4, 6: 72, 4: 98, 0: 49, 5: 7}","{(0, 2): [(49, 10), (10, 41)], (0, 5): []}","{(2, 41): {'cpu': 12}, (1, 91): {'cpu': 5}, (3, 4): {'cpu': 16}, (6, 72): {'cpu': 8}, (4, 98): {'cpu': 9}, (0, 49): {'cpu': 18}, (5, 7): {'cpu': 7}}","{((0, 2), (49, 10)): {'bw': 27}, ((0, 2), (10, 41)): {'bw': 27}}",0.0,0.0,346.0,75.0,271.0,0.0,0.0,0.0,0.0,0.0,0.0,0.0,0.0,0.0,Route Failure,5.356441282763401,"{'node_level': {}, 'link_level': {}, 'path_level': {}}","{'node_level': {2: {'cpu': -25}, 1: {'cpu': -64}, 3: {'cpu': -37}, 6: {'cpu': -78}, 4: {'cpu': -54}, 0: {'cpu': -28}, 5: {'cpu': -46}}, 'link_level': {(0, 2): {'bw': -14}, (0, 5): {'bw': -36}}, 'path_level': {(0, 2): {'latency': -0.31182533598531315}, (0, 5): {'latency': 5.356441282763401}}}","{'node_level': {2: {'cpu': 0}, 1: {'cpu': 0}, 3: {'cpu': 0}, 6: {'cpu': 0}, 4: {'cpu': 0}, 0: {'cpu': 0}, 5: {'cpu': 0}}, 'link_level': {(0, 2): {'bw': 0}, (0, 5): {'bw': 0}}, 'path_level': {(0, 2): {'latency': 0}, (0, 5): {'latency': 5.356441282763401}}}",[],0.0,0.0,True,False,False,0,[],0,0.0,7.0,2.0
26,7,7,1213.0,1999.0,768024.7001579145,1266310.1618797688,0.6068034017008505,0.6065059914056312,10,31,0,351.7588618593687,44850,6911,37939,0.04715290224734592,0.04184766137993734,15,153.75886185936875,198.0,9,12,False,{},{},{},{},0.0,0.0,0.0,0.0,0.0,0.0,0.0,0.0,0.0,0.0,0.0,0.0,0.0,0.0,Leave Event,0.0,"{'node_level': {}, 'link_level': {}, 'path_level': {}}","{'node_level': {}, 'link_level': {}, 'path_level': {}}","{'node_level': {}, 'link_level': {}, 'path_level': {}}",[],0.0,0.0,True,True,False,0,[],0,0.0,,
27,7,7,1213.0,1999.0,768024.7001579145,1266310.1618797688,0.6068034017008505,0.6065059914056312,10,32,1,355.0,44850,6911,37939,0.04715290224734592,0.04184766137993734,26,252.17190097011095,355.0,2,1,False,"{0: 41, 1: 91}","{(0, 1): []}","{(0, 41): {'cpu': 19}, (1, 91): {'cpu': 13}}",{},0.0,0.0,34.0,32.0,2.0,0.0,0.0,0.0,0.0,0.0,0.0,0.0,0.0,0.0,Route Failure,8.239664773702383,"{'node_level': {}, 'link_level': {}, 'path_level': {}}","{'node_level': {0: {'cpu': -18}, 1: {'cpu': -56}}, 'link_level': {(0, 1): {'bw': -36}}, 'path_level': {(0, 1): {'latency': 8.239664773702383}}}","{'node_level': {0: {'cpu': 0}, 1: {'cpu': 0}}, 'link_level': {(0, 1): {'bw': 0}}, 'path_level': {(0, 1): {'latency': 8.239664773702383}}}",[],0.0,0.0,True,False,False,0,[],0,0.0,2.0,1.0
27,7,7,1213.0,1999.0,768024.7001579145,1266310.1618797688,0.6068034017008505,0.6065059914056312,10,33,0,360.1707528002342,44850,6911,37939,0.04715290224734592,0.04184766137993734,20,79.17075280023421,281.0,10,28,False,{},{},{},{},0.0,0.0,0.0,0.0,0.0,0.0,0.0,0.0,0.0,0.0,0.0,0.0,0.0,0.0,Leave Event,0.0,"{'node_level': {}, 'link_level': {}, 'path_level': {}}","{'node_level': {}, 'link_level': {}, 'path_level': {}}","{'node_level': {}, 'link_level': {}, 'path_level': {}}",[],0.0,0.0,True,True,False,0,[],0,0.0,,
28,8,8,1337.0,2227.0,908376.1807937853,1524375.7875650795,0.6003592276605298,0.5959004257373803,11,34,1,364.0,44622,6891,37731,0.04991038191093344,0.04710071724416609,27,1131.8667793215377,364.0,4,3,True,"{0: 41, 3: 91, 2: 4, 1: 72}","{(0, 2): [(41, 68), (68, 4)], (0, 3): [(41, 36), (36, 91)], (1, 3): [(72, 69), (69, 91)]}","{(0, 41): {'cpu': 7}, (3, 91): {'cpu': 4}, (2, 4): {'cpu': 8}, (1, 72): {'cpu': 1}}","{((0, 2), (41, 68)): {'bw': 37}, ((0, 2), (68, 4)): {'bw': 37}, ((0, 3), (41, 36)): {'bw': 45}, ((0, 3), (36, 91)): {'bw': 45}, ((1, 3), (72, 69)): {'bw': 22}, ((1, 3), (69, 91)): {'bw': 22}}",228.0,124.0,124.0,20.0,104.0,20.0,104.0,20.0,208.0,104.0,0.543859649122807,258065.6256853106,140351.48063587068,615.5766694555732,Success,0.0,"{'node_level': {}, 'link_level': {}, 'path_level': {}}","{'node_level': {0: {'cpu': -30}, 3: {'cpu': -65}, 2: {'cpu': -45}, 1: {'cpu': -85}}, 'link_level': {(0, 2): {'bw': -38}, (0, 3): {'bw': -14}, (1, 3): {'bw': -8}}, 'path_level': {(0, 2): {'latency': -0.8642911179220616}, (0, 3): {'latency': -1.8240460970249712}, (1, 3): {'latency': -1.2909104656682757}}}","{'node_level': {0: {'cpu': 0}, 3: {'cpu': 0}, 2: {'cpu': 0}, 1: {'cpu': 0}}, 'link_level': {(0, 2): {'bw': 0}, (0, 3): {'bw': 0}, (1, 3): {'bw': 0}}, 'path_level': {(0, 2): {'latency': 0}, (0, 3): {'latency': 0}, (1, 3): {'latency': 0}}}",[],0.0,0.0,True,True,False,0,[],0,0.0,4.0,3.0
29,8,8,1337.0,2227.0,908376.1807937853,1524375.7875650795,0.6003592276605298,0.5959004257373803,11,35,1,372.0,44622,6891,37731,0.04991038191093344,0.04710071724416609,28,509.3293595731403,372.0,5,5,False,"{3: 98, 0: 49, 2: 7, 4: 72, 1: 43}","{(0, 1): [(49, 0), (0, 43)], (0, 2): [(49, 33), (33, 7)], (0, 3): [(49, 55), (55, 98)], (2, 3): []}","{(3, 98): {'cpu': 9}, (0, 49): {'cpu': 13}, (2, 7): {'cpu': 4}, (4, 72): {'cpu': 17}, (1, 43): {'cpu': 3}}","{((0, 1), (49, 0)): {'bw': 6}, ((0, 1), (0, 43)): {'bw': 6}, ((0, 2), (49, 33)): {'bw': 41}, ((0, 2), (33, 7)): {'bw': 41}, ((0, 3), (49, 55)): {'bw': 30}, ((0, 3), (55, 98)): {'bw': 30}}",0.0,0.0,184.0,46.0,138.0,0.0,0.0,0.0,0.0,0.0,0.0,0.0,0.0,0.0,Route Failure,23.0,"{'node_level': {}, 'link_level': {}, 'path_level': {}}","{'node_level': {3: {'cpu': -54}, 0: {'cpu': -33}, 2: {'cpu': -49}, 4: {'cpu': -68}, 1: {'cpu': -79}}, 'link_level': {(0, 1): {'bw': -47}, (0, 2): {'bw': 0}, (0, 3): {'bw': -29}, (2, 3): {'bw': 23}}, 'path_level': {(0, 1): {'latency': -5.568228188207639}, (0, 2): {'latency': -8.870749362969262}, (0, 3): {'latency': -1.2392687821544959}, (2, 3): {'latency': 7.593119597425194}}}","{'node_level': {3: {'cpu': 0}, 0: {'cpu': 0}, 2: {'cpu': 0}, 4: {'cpu': 0}, 1: {'cpu': 0}}, 'link_level': {(0, 1): {'bw': 0}, (0, 2): {'bw': 0}, (0, 3): {'bw': 0}, (2, 3): {'bw': 23}}, 'path_level': {(0, 1): {'latency': 0}, (0, 2): {'latency': 0}, (0, 3): {'latency': 0}, (2, 3): {'latency': 7.593119597425194}}}",[],0.0,0.0,True,False,False,0,[],0,0.0,5.0,4.0
30,8,8,1337.0,2227.0,908376.1807937853,1524375.7875650795,0.6003592276605298,0.5959004257373803,11,36,1,379.0,44622,6891,37731,0.04991038191093344,0.04710071724416609,29,1110.7534787451477,379.0,10,23,False,"{1: 98, 6: 49, 2: 7, 4: 72, 9: 43, 8: 77, 3: 18, 0: 4, 7: 38, 5: 5}","{(0, 3): [(4, 98), (98, 18)], (0, 4): [(4, 13), (13, 72)], (0, 6): [(4, 22), (22, 49)], (0, 8): []}","{(1, 98): {'cpu': 10}, (6, 49): {'cpu': 17}, (2, 7): {'cpu': 13}, (4, 72): {'cpu': 20}, (9, 43): {'cpu': 15}, (8, 77): {'cpu': 6}, (3, 18): {'cpu': 13}, (0, 4): {'cpu': 20}, (7, 38): {'cpu': 19}, (5, 5): {'cpu': 12}}","{((0, 3), (4, 98)): {'bw': 37}, ((0, 3), (98, 18)): {'bw': 37}, ((0, 4), (4, 13)): {'bw': 5}, ((0, 4), (13, 72)): {'bw': 5}, ((0, 6), (4, 22)): {'bw': 48}, ((0, 6), (22, 49)): {'bw': 48}}",0.0,0.0,757.0,145.0,612.0,0.0,0.0,0.0,0.0,0.0,0.0,0.0,0.0,0.0,Route Failure,6.432166474499562,"{'node_level': {}, 'link_level': {}, 'path_level': {}}","{'node_level': {1: {'cpu': -53}, 6: {'cpu': -29}, 2: {'cpu': -40}, 4: {'cpu': -65}, 9: {'cpu': -67}, 8: {'cpu': -3}, 3: {'cpu': -26}, 0: {'cpu': -25}, 7: {'cpu': -60}, 5: {'cpu': -77}}, 'link_level': {(0, 3): {'bw': -39}, (0, 4): {'bw': -50}, (0, 6): {'bw': -25}, (0, 8): {'bw': -75}}, 'path_level': {(0, 3): {'latency': -1.2071898132821905}, (0, 4): {'latency': -6.580825079573044}, (0, 6): {'latency': -1.169569876932015}, (0, 8): {'latency': 6.432166474499562}}}","{'node_level': {1: {'cpu': 0}, 6: {'cpu': 0}, 2: {'cpu': 0}, 4: {'cpu': 0}, 9: {'cpu': 0}, 8: {'cpu': 0}, 3: {'cpu': 0}, 0: {'cpu': 0}, 7: {'cpu': 0}, 5: {'cpu': 0}}, 'link_level': {(0, 3): {'bw': 0}, (0, 4): {'bw': 0}, (0, 6): {'bw': 0}, (0, 8): {'bw': 0}}, 'path_level': {(0, 3): {'latency': 0}, (0, 4): {'latency': 0}, (0, 6): {'latency': 0}, (0, 8): {'latency': 6.432166474499562}}}",[],0.0,0.0,True,False,False,0,[],0,0.0,10.0,4.0
31,8,8,1337.0,2227.0,908376.1807937853,1524375.7875650795,0.6003592276605298,0.5959004257373803,11,37,1,394.0,44622,6891,37731,0.04991038191093344,0.04710071724416609,30,569.8039764206146,394.0,3,3,False,"{0: 98, 1: 49, 2: 7}","{(0, 1): []}","{(0, 98): {'cpu': 12}, (1, 49): {'cpu': 17}, (2, 7): {'cpu': 4}}",{},0.0,0.0,79.0,33.0,46.0,0.0,0.0,0.0,0.0,0.0,0.0,0.0,0.0,0.0,Route Failure,8.051526817310098,"{'node_level': {}, 'link_level': {}, 'path_level': {}}","{'node_level': {0: {'cpu': -51}, 1: {'cpu': -29}, 2: {'cpu': -49}}, 'link_level': {(0, 1): {'bw': -61}}, 'path_level': {(0, 1): {'latency': 8.051526817310098}}}","{'node_level': {0: {'cpu': 0}, 1: {'cpu': 0}, 2: {'cpu': 0}}, 'link_level': {(0, 1): {'bw': 0}}, 'path_level': {(0, 1): {'latency': 8.051526817310098}}}",[],0.0,0.0,True,False,False,0,[],0,0.0,3.0,1.0
32,8,8,1337.0,2227.0,908376.1807937853,1524375.7875650795,0.6003592276605298,0.5959004257373803,11,38,1,398.0,44622,6891,37731,0.04991038191093344,0.04710071724416609,31,298.1897028893596,398.0,5,5,False,"{3: 98, 2: 49, 0: 7, 4: 72, 1: 43}","{(0, 2): [(7, 33), (33, 49)], (0, 3): []}","{(3, 98): {'cpu': 12}, (2, 49): {'cpu': 15}, (0, 7): {'cpu': 12}, (4, 72): {'cpu': 7}, (1, 43): {'cpu': 12}}","{((0, 2), (7, 33)): {'bw': 14}, ((0, 2), (33, 49)): {'bw': 14}}",0.0,0.0,176.0,58.0,118.0,0.0,0.0,0.0,0.0,0.0,0.0,0.0,0.0,0.0,Route Failure,6.15389291944895,"{'node_level': {}, 'link_level': {}, 'path_level': {}}","{'node_level': {3: {'cpu': -51}, 2: {'cpu': -31}, 0: {'cpu': -41}, 4: {'cpu': -78}, 1: {'cpu': -70}}, 'link_level': {(0, 2): {'bw': -27}, (0, 3): {'bw': -13}}, 'path_level': {(0, 2): {'latency': -1.2655096262168959}, (0, 3): {'latency': 6.15389291944895}}}","{'node_level': {3: {'cpu': 0}, 2: {'cpu': 0}, 0: {'cpu': 0}, 4: {'cpu': 0}, 1: {'cpu': 0}}, 'link_level': {(0, 2): {'bw': 0}, (0, 3): {'bw': 0}}, 'path_level': {(0, 2): {'latency': 0}, (0, 3): {'latency': 6.15389291944895}}}",[],0.0,0.0,True,False,False,0,[],0,0.0,5.0,2.0
33,9,9,1560.0,2610.0,1336871.43830773,2260311.588586787,0.5977011494252874,0.5914544901942396,13,39,1,408.0,44239,6838,37401,0.05721770301944018,0.05543489241337507,32,1921.503396923519,408.0,5,7,True,"{4: 98, 3: 49, 0: 7, 1: 72, 2: 43}","{(0, 2): [(7, 38), (38, 43)], (0, 3): [(7, 33), (33, 49)], (0, 4): [(7, 42), (42, 98)], (1, 4): [(72, 45), (45, 98)], (2, 3): [(43, 0), (0, 49)], (2, 4): [(43, 98)], (3, 4): [(49, 55), (55, 98)]}","{(4, 98): {'cpu': 14}, (3, 49): {'cpu': 15}, (0, 7): {'cpu': 5}, (1, 72): {'cpu': 9}, (2, 43): {'cpu': 10}}","{((0, 2), (7, 38)): {'bw': 13}, ((0, 2), (38, 43)): {'bw': 13}, ((0, 3), (7, 33)): {'bw': 30}, ((0, 3), (33, 49)): {'bw': 30}, ((0, 4), (7, 42)): {'bw': 15}, ((0, 4), (42, 98)): {'bw': 15}, ((1, 4), (72, 45)): {'bw': 41}, ((1, 4), (45, 98)): {'bw': 41}, ((2, 3), (43, 0)): {'bw': 14}, ((2, 3), (0, 49)): {'bw': 14}, ((2, 4), (43, 98)): {'bw': 10}, ((3, 4), (49, 55)): {'bw': 47}, ((3, 4), (55, 98)): {'bw': 47}}",383.0,223.0,223.0,53.0,170.0,53.0,170.0,53.0,330.0,160.0,0.5822454308093995,735935.8010217077,428495.2575139447,1118.7865731434588,Success,0.0,"{'node_level': {}, 'link_level': {}, 'path_level': {}}","{'node_level': {4: {'cpu': -49}, 3: {'cpu': -31}, 0: {'cpu': -48}, 1: {'cpu': -76}, 2: {'cpu': -72}}, 'link_level': {(0, 2): {'bw': -50}, (0, 3): {'bw': -11}, (0, 4): {'bw': -62}, (1, 4): {'bw': -16}, (2, 3): {'bw': -39}, (2, 4): {'bw': -76}, (3, 4): {'bw': -12}}, 'path_level': {(0, 2): {'latency': -1.4152321430729096}, (0, 3): {'latency': -8.556353049952389}, (0, 4): {'latency': -0.37647601073611625}, (1, 4): {'latency': -9.679923810853559}, (2, 3): {'latency': -7.130399640542279}, (2, 4): {'latency': -9.025482597102569}, (3, 4): {'latency': -5.926762567221819}}}","{'node_level': {4: {'cpu': 0}, 3: {'cpu': 0}, 0: {'cpu': 0}, 1: {'cpu': 0}, 2: {'cpu': 0}}, 'link_level': {(0, 2): {'bw': 0}, (0, 3): {'bw': 0}, (0, 4): {'bw': 0}, (1, 4): {'bw': 0}, (2, 3): {'bw': 0}, (2, 4): {'bw': 0}, (3, 4): {'bw': 0}}, 'path_level': {(0, 2): {'latency': 0}, (0, 3): {'latency': 0}, (0, 4): {'latency': 0}, (1, 4): {'latency': 0}, (2, 3): {'latency': 0}, (2, 4): {'latency': 0}, (3, 4): {'latency': 0}}}",[],0.0,0.0,True,True,False,0,[],0,0.0,5.0,7.0
34,9,9,1560.0,2610.0,1336871.43830773,2260311.588586787,0.5977011494252874,0.5914544901942396,13,40,1,414.0,44239,6838,37401,0.05721770301944018,0.05543489241337507,33,61.76332348584527,414.0,5,6,False,"{2: 18, 0: 4, 3: 5, 1: 91, 4: 77}","{(0, 2): []}","{(2, 18): {'cpu': 19}, (0, 4): {'cpu': 12}, (3, 5): {'cpu': 17}, (1, 91): {'cpu': 18}, (4, 77): {'cpu': 1}}",{},0.0,0.0,160.0,67.0,93.0,0.0,0.0,0.0,0.0,0.0,0.0,0.0,0.0,0.0,Route Failure,11.064881858959236,"{'node_level': {}, 'link_level': {}, 'path_level': {}}","{'node_level': {2: {'cpu': -20}, 0: {'cpu': -33}, 3: {'cpu': -72}, 1: {'cpu': -47}, 4: {'cpu': -8}}, 'link_level': {(0, 2): {'bw': -37}}, 'path_level': {(0, 2): {'latency': 11.064881858959236}}}","{'node_level': {2: {'cpu': 0}, 0: {'cpu': 0}, 3: {'cpu': 0}, 1: {'cpu': 0}, 4: {'cpu': 0}}, 'link_level': {(0, 2): {'bw': 0}}, 'path_level': {(0, 2): {'latency': 11.064881858959236}}}",[],0.0,0.0,True,False,False,0,[],0,0.0,5.0,1.0
35,9,9,1560.0,2610.0,1336871.43830773,2260311.588586787,0.5977011494252874,0.5914544901942396,13,41,1,423.0,44239,6838,37401,0.05721770301944018,0.05543489241337507,34,728.4092813015957,423.0,9,23,False,"{6: 18, 1: 4, 2: 5, 4: 77, 7: 91, 3: 60, 8: 38, 5: 41, 0: 1}","{(0, 2): []}","{(6, 18): {'cpu': 11}, (1, 4): {'cpu': 14}, (2, 5): {'cpu': 15}, (4, 77): {'cpu': 6}, (7, 91): {'cpu': 19}, (3, 60): {'cpu': 4}, (8, 38): {'cpu': 7}, (5, 41): {'cpu': 14}, (0, 1): {'cpu': 19}}",{},0.0,0.0,626.0,109.0,517.0,0.0,0.0,0.0,0.0,0.0,0.0,0.0,0.0,0.0,Route Failure,6.496183450864896,"{'node_level': {}, 'link_level': {}, 'path_level': {}}","{'node_level': {6: {'cpu': -28}, 1: {'cpu': -31}, 2: {'cpu': -74}, 4: {'cpu': -3}, 7: {'cpu': -46}, 3: {'cpu': -11}, 8: {'cpu': -72}, 5: {'cpu': -16}, 0: {'cpu': -78}}, 'link_level': {(0, 2): {'bw': -58}}, 'path_level': {(0, 2): {'latency': 6.496183450864896}}}","{'node_level': {6: {'cpu': 0}, 1: {'cpu': 0}, 2: {'cpu': 0}, 4: {'cpu': 0}, 7: {'cpu': 0}, 3: {'cpu': 0}, 8: {'cpu': 0}, 5: {'cpu': 0}, 0: {'cpu': 0}}, 'link_level': {(0, 2): {'bw': 0}}, 'path_level': {(0, 2): {'latency': 6.496183450864896}}}",[],0.0,0.0,True,False,False,0,[],0,0.0,9.0,1.0
36,10,10,1620.0,2670.0,1352793.1130600176,2276233.263339075,0.6067415730337079,0.5943121624870576,13,42,1,436.0,44179,6819,37360,0.05983730869984838,0.05647035054045868,35,265.3612458714599,436.0,2,1,True,"{0: 18, 1: 77}","{(0, 1): [(18, 77)]}","{(0, 18): {'cpu': 11}, (1, 77): {'cpu': 8}}","{((0, 1), (18, 77)): {'bw': 41}}",60.0,60.0,60.0,19.0,41.0,19.0,41.0,19.0,41.0,0.0,1.0,15921.674752287596,15921.674752287596,265.3612458714599,Success,0.0,"{'node_level': {}, 'link_level': {}, 'path_level': {}}","{'node_level': {0: {'cpu': -28}, 1: {'cpu': -1}}, 'link_level': {(0, 1): {'bw': -11}}, 'path_level': {(0, 1): {'latency': -2.9053561036809947}}}","{'node_level': {0: {'cpu': 0}, 1: {'cpu': 0}}, 'link_level': {(0, 1): {'bw': 0}}, 'path_level': {(0, 1): {'latency': 0}}}",[],0.0,0.0,True,True,False,0,[],0,0.0,2.0,1.0
36,10,9,1620.0,2670.0,1352793.1130600176,2276233.263339075,0.6067415730337079,0.5943121624870576,13,43,0,439.62396831078695,44664,6886,37778,0.0505997518268303,0.04591372865946053,6,355.62396831078695,84.0,7,9,False,{},{},{},{},0.0,0.0,0.0,0.0,0.0,0.0,0.0,0.0,0.0,0.0,0.0,0.0,0.0,0.0,Leave Event,0.0,"{'node_level': {}, 'link_level': {}, 'path_level': {}}","{'node_level': {}, 'link_level': {}, 'path_level': {}}","{'node_level': {}, 'link_level': {}, 'path_level': {}}",[],0.0,0.0,True,True,False,0,[],0,0.0,,
37,10,9,1620.0,2670.0,1352793.1130600176,2276233.263339075,0.6067415730337079,0.5943121624870576,13,44,1,450.0,44664,6886,37778,0.0505997518268303,0.04591372865946053,36,562.6410145895702,450.0,3,3,False,"{1: 7, 2: 72, 0: 77}","{(0, 1): [(77, 3), (3, 7)], (0, 2): [(77, 1), (1, 72)], (1, 2): []}","{(1, 7): {'cpu': 17}, (2, 72): {'cpu': 12}, (0, 77): {'cpu': 3}}","{((0, 1), (77, 3)): {'bw': 4}, ((0, 1), (3, 7)): {'bw': 4}, ((0, 2), (77, 1)): {'bw': 1}, ((0, 2), (1, 72)): {'bw': 1}}",0.0,0.0,75.0,32.0,43.0,0.0,0.0,0.0,0.0,0.0,0.0,0.0,0.0,0.0,Route Failure,6.765526399567693,"{'node_level': {}, 'link_level': {}, 'path_level': {}}","{'node_level': {1: {'cpu': -46}, 2: {'cpu': -66}, 0: {'cpu': -15}}, 'link_level': {(0, 1): {'bw': -66}, (0, 2): {'bw': -86}, (1, 2): {'bw': -14}}, 'path_level': {(0, 1): {'latency': -8.29195420572494}, (0, 2): {'latency': -1.176179885152092}, (1, 2): {'latency': 6.765526399567693}}}","{'node_level': {1: {'cpu': 0}, 2: {'cpu': 0}, 0: {'cpu': 0}}, 'link_level': {(0, 1): {'bw': 0}, (0, 2): {'bw': 0}, (1, 2): {'bw': 0}}, 'path_level': {(0, 1): {'latency': 0}, (0, 2): {'latency': 0}, (1, 2): {'latency': 6.765526399567693}}}",[],0.0,0.0,True,False,False,0,[],0,0.0,3.0,3.0
38,11,10,1676.0,2764.0,1360840.6064125784,2289741.5557523016,0.6063675832127352,0.5943206136054381,13,45,1,462.0,44570,6868,37702,0.05308148352405906,0.04783311445600569,37,143.7052384385845,462.0,2,1,True,"{0: 7, 1: 72}","{(0, 1): [(7, 13), (13, 72)]}","{(0, 7): {'cpu': 16}, (1, 72): {'cpu': 2}}","{((0, 1), (7, 13)): {'bw': 38}, ((0, 1), (13, 72)): {'bw': 38}}",94.0,56.0,56.0,18.0,38.0,18.0,38.0,18.0,76.0,38.0,0.5957446808510638,13508.292413226944,8047.493352560732,85.61163141022055,Success,0.0,"{'node_level': {}, 'link_level': {}, 'path_level': {}}","{'node_level': {0: {'cpu': -47}, 1: {'cpu': -76}}, 'link_level': {(0, 1): {'bw': -14}}, 'path_level': {(0, 1): {'latency': -5.114278030044235}}}","{'node_level': {0: {'cpu': 0}, 1: {'cpu': 0}}, 'link_level': {(0, 1): {'bw': 0}}, 'path_level': {(0, 1): {'latency': 0}}}",[],0.0,0.0,True,True,False,0,[],0,0.0,2.0,1.0
38,11,10,1676.0,2764.0,1360840.6064125784,2289741.5557523016,0.6063675832127352,0.5943206136054381,13,46,0,468.6000625501342,44570,6868,37702,0.05308148352405906,0.04783311445600569,16,253.60006255013423,215.0,9,22,False,{},{},{},{},0.0,0.0,0.0,0.0,0.0,0.0,0.0,0.0,0.0,0.0,0.0,0.0,0.0,0.0,Leave Event,0.0,"{'node_level': {}, 'link_level': {}, 'path_level': {}}","{'node_level': {}, 'link_level': {}, 'path_level': {}}","{'node_level': {}, 'link_level': {}, 'path_level': {}}",[],0.0,0.0,True,True,False,0,[],0,0.0,,
39,11,10,1676.0,2764.0,1360840.6064125784,2289741.5557523016,0.6063675832127352,0.5943206136054381,13,47,1,474.0,44570,6868,37702,0.05308148352405906,0.04783311445600569,38,187.86942107041867,474.0,6,9,False,"{1: 72, 2: 7, 0: 1, 3: 77, 5: 60, 4: 49}","{(0, 1): [(1, 72)], (0, 2): []}","{(1, 72): {'cpu': 17}, (2, 7): {'cpu': 14}, (0, 1): {'cpu': 19}, (3, 77): {'cpu': 9}, (5, 60): {'cpu': 6}, (4, 49): {'cpu': 7}}","{((0, 1), (1, 72)): {'bw': 36}}",0.0,0.0,350.0,72.0,278.0,0.0,0.0,0.0,0.0,0.0,0.0,0.0,0.0,0.0,Route Failure,6.551595058869909,"{'node_level': {}, 'link_level': {}, 'path_level': {}}","{'node_level': {1: {'cpu': -59}, 2: {'cpu': -33}, 0: {'cpu': -78}, 3: {'cpu': -9}, 5: {'cpu': -14}, 4: {'cpu': -29}}, 'link_level': {(0, 1): {'bw': -51}, (0, 2): {'bw': -30}}, 'path_level': {(0, 1): {'latency': -6.967911673230315}, (0, 2): {'latency': 6.551595058869909}}}","{'node_level': {1: {'cpu': 0}, 2: {'cpu': 0}, 0: {'cpu': 0}, 3: {'cpu': 0}, 5: {'cpu': 0}, 4: {'cpu': 0}}, 'link_level': {(0, 1): {'bw': 0}, (0, 2): {'bw': 0}}, 'path_level': {(0, 1): {'latency': 0}, (0, 2): {'latency': 6.551595058869909}}}",[],0.0,0.0,True,False,False,0,[],0,0.0,6.0,2.0
39,11,10,1676.0,2764.0,1360840.6064125784,2289741.5557523016,0.6063675832127352,0.5943206136054381,13,48,0,475.76332348584526,44570,6868,37702,0.05308148352405906,0.04783311445600569,33,61.76332348584527,414.0,5,6,False,{},{},{},{},0.0,0.0,0.0,0.0,0.0,0.0,0.0,0.0,0.0,0.0,0.0,0.0,0.0,0.0,Leave Event,0.0,"{'node_level': {}, 'link_level': {}, 'path_level': {}}","{'node_level': {}, 'link_level': {}, 'path_level': {}}","{'node_level': {}, 'link_level': {}, 'path_level': {}}",[],0.0,0.0,True,True,False,0,[],0,0.0,,
39,11,9,1676.0,2764.0,1360840.6064125784,2289741.5557523016,0.6063675832127352,0.5943206136054381,13,49,0,481.4217591391749,45038,6958,38080,0.04067282503791536,0.038286695625820766,4,416.4217591391749,65.0,9,10,False,{},{},{},{},0.0,0.0,0.0,0.0,0.0,0.0,0.0,0.0,0.0,0.0,0.0,0.0,0.0,0.0,Leave Event,0.0,"{'node_level': {}, 'link_level': {}, 'path_level': {}}","{'node_level': {}, 'link_level': {}, 'path_level': {}}","{'node_level': {}, 'link_level': {}, 'path_level': {}}",[],0.0,0.0,True,True,False,0,[],0,0.0,,
40,11,9,1676.0,2764.0,1360840.6064125784,2289741.5557523016,0.6063675832127352,0.5943206136054381,13,50,1,486.0,45038,6958,38080,0.04067282503791536,0.038286695625820766,39,1682.185253997018,486.0,9,17,False,"{0: 60, 8: 41, 4: 77, 7: 7, 3: 49, 5: 91, 2: 72, 6: 18, 1: 1}","{(0, 1): []}","{(0, 60): {'cpu': 11}, (8, 41): {'cpu': 3}, (4, 77): {'cpu': 2}, (7, 7): {'cpu': 15}, (3, 49): {'cpu': 4}, (5, 91): {'cpu': 6}, (2, 72): {'cpu': 8}, (6, 18): {'cpu': 4}, (1, 1): {'cpu': 4}}",{},0.0,0.0,521.0,57.0,464.0,0.0,0.0,0.0,0.0,0.0,0.0,0.0,0.0,0.0,Route Failure,2.7032214208116736,"{'node_level': {}, 'link_level': {}, 'path_level': {}}","{'node_level': {0: {'cpu': -28}, 8: {'cpu': -34}, 4: {'cpu': -30}, 7: {'cpu': -33}, 3: {'cpu': -44}, 5: {'cpu': -62}, 2: {'cpu': -68}, 6: {'cpu': -29}, 1: {'cpu': -93}}, 'link_level': {(0, 1): {'bw': -27}}, 'path_level': {(0, 1): {'latency': 2.7032214208116736}}}","{'node_level': {0: {'cpu': 0}, 8: {'cpu': 0}, 4: {'cpu': 0}, 7: {'cpu': 0}, 3: {'cpu': 0}, 5: {'cpu': 0}, 2: {'cpu': 0}, 6: {'cpu': 0}, 1: {'cpu': 0}}, 'link_level': {(0, 1): {'bw': 0}}, 'path_level': {(0, 1): {'latency': 2.7032214208116736}}}",[],0.0,0.0,True,False,False,0,[],0,0.0,9.0,1.0
40,11,8,1676.0,2764.0,1360840.6064125784,2289741.5557523016,0.6063675832127352,0.5943206136054381,13,51,0,490.1733723555532,45074,6970,38104,0.03901833723976289,0.03768057379533285,23,170.17337235555323,320.0,2,1,False,{},{},{},{},0.0,0.0,0.0,0.0,0.0,0.0,0.0,0.0,0.0,0.0,0.0,0.0,0.0,0.0,Leave Event,0.0,"{'node_level': {}, 'link_level': {}, 'path_level': {}}","{'node_level': {}, 'link_level': {}, 'path_level': {}}","{'node_level': {}, 'link_level': {}, 'path_level': {}}",[],0.0,0.0,True,True,False,0,[],0,0.0,,
40,11,8,1676.0,2764.0,1360840.6064125784,2289741.5557523016,0.6063675832127352,0.5943206136054381,13,52,0,490.86544564850885,45074,6970,38104,0.03901833723976289,0.03768057379533285,19,230.86544564850888,260.0,7,12,False,{},{},{},{},0.0,0.0,0.0,0.0,0.0,0.0,0.0,0.0,0.0,0.0,0.0,0.0,0.0,0.0,Leave Event,0.0,"{'node_level': {}, 'link_level': {}, 'path_level': {}}","{'node_level': {}, 'link_level': {}, 'path_level': {}}","{'node_level': {}, 'link_level': {}, 'path_level': {}}",[],0.0,0.0,True,True,False,0,[],0,0.0,,
41,11,8,1676.0,2764.0,1360840.6064125784,2289741.5557523016,0.6063675832127352,0.5943206136054381,13,53,1,498.0,45074,6970,38104,0.03901833723976289,0.03768057379533285,40,443.93070725741,498.0,5,7,False,"{0: 60, 2: 41, 4: 77, 1: 49, 3: 91}","{(0, 1): [(60, 49)], (0, 2): [(60, 3), (3, 41)], (0, 3): [(60, 34), (34, 91)], (0, 4): []}","{(0, 60): {'cpu': 8}, (2, 41): {'cpu': 2}, (4, 77): {'cpu': 16}, (1, 49): {'cpu': 8}, (3, 91): {'cpu': 10}}","{((0, 1), (60, 49)): {'bw': 46}, ((0, 2), (60, 3)): {'bw': 33}, ((0, 2), (3, 41)): {'bw': 33}, ((0, 3), (60, 34)): {'bw': 5}, ((0, 3), (34, 91)): {'bw': 5}}",0.0,0.0,182.0,44.0,138.0,0.0,0.0,0.0,0.0,0.0,0.0,0.0,0.0,0.0,Route Failure,5.379763827581755,"{'node_level': {}, 'link_level': {}, 'path_level': {}}","{'node_level': {0: {'cpu': -31}, 2: {'cpu': -35}, 4: {'cpu': -16}, 1: {'cpu': -50}, 3: {'cpu': -60}}, 'link_level': {(0, 1): {'bw': -48}, (0, 2): {'bw': -3}, (0, 3): {'bw': -43}, (0, 4): {'bw': -2}}, 'path_level': {(0, 1): {'latency': -10.540827311889212}, (0, 2): {'latency': -10.88332708980097}, (0, 3): {'latency': -4.119786726134785}, (0, 4): {'latency': 5.379763827581755}}}","{'node_level': {0: {'cpu': 0}, 2: {'cpu': 0}, 4: {'cpu': 0}, 1: {'cpu': 0}, 3: {'cpu': 0}}, 'link_level': {(0, 1): {'bw': 0}, (0, 2): {'bw': 0}, (0, 3): {'bw': 0}, (0, 4): {'bw': 0}}, 'path_level': {(0, 1): {'latency': 0}, (0, 2): {'latency': 0}, (0, 3): {'latency': 0}, (0, 4): {'latency': 5.379763827581755}}}",[],0.0,0.0,True,False,False,0,[],0,0.0,5.0,4.0
42,11,8,1676.0,2764.0,1360840.6064125784,2289741.5557523016,0.6063675832127352,0.5943206136054381,13,54,1,507.0,45074,6970,38104,0.03901833723976289,0.03768057379533285,41,538.9174390041352,507.0,4,4,False,"{2: 60, 0: 41, 3: 77, 1: 49}","{(0, 1): []}","{(2, 60): {'cpu': 16}, (0, 41): {'cpu': 1}, (3, 77): {'cpu': 11}, (1, 49): {'cpu': 4}}",{},0.0,0.0,119.0,32.0,87.0,0.0,0.0,0.0,0.0,0.0,0.0,0.0,0.0,0.0,Route Failure,1.0266111971213157,"{'node_level': {}, 'link_level': {}, 'path_level': {}}","{'node_level': {2: {'cpu': -23}, 0: {'cpu': -36}, 3: {'cpu': -21}, 1: {'cpu': -54}}, 'link_level': {(0, 1): {'bw': -54}}, 'path_level': {(0, 1): {'latency': 1.0266111971213157}}}","{'node_level': {2: {'cpu': 0}, 0: {'cpu': 0}, 3: {'cpu': 0}, 1: {'cpu': 0}}, 'link_level': {(0, 1): {'bw': 0}}, 'path_level': {(0, 1): {'latency': 1.0266111971213157}}}",[],0.0,0.0,True,False,False,0,[],0,0.0,4.0,1.0
43,11,8,1676.0,2764.0,1360840.6064125784,2289741.5557523016,0.6063675832127352,0.5943206136054381,13,55,1,522.0,45074,6970,38104,0.03901833723976289,0.03768057379533285,42,380.933888040804,522.0,9,22,False,"{1: 60, 7: 41, 3: 77, 0: 49, 6: 91, 8: 7, 4: 72, 5: 18, 2: 1}","{(0, 1): [(49, 60)], (0, 4): [(49, 45), (45, 72)], (0, 6): [(49, 30), (30, 91)], (0, 7): [(49, 10), (10, 41)], (1, 3): [(60, 3), (3, 77)], (1, 4): [(60, 13), (13, 72)], (1, 6): [(60, 34), (34, 91)], (1, 7): [(60, 13), (13, 41)], (1, 8): [(60, 3), (3, 7)], (2, 4): [(1, 72)], (2, 5): [(1, 33), (33, 18)], (2, 7): []}","{(1, 60): {'cpu': 11}, (7, 41): {'cpu': 11}, (3, 77): {'cpu': 5}, (0, 49): {'cpu': 8}, (6, 91): {'cpu': 16}, (8, 7): {'cpu': 12}, (4, 72): {'cpu': 17}, (5, 18): {'cpu': 13}, (2, 1): {'cpu': 13}}","{((0, 1), (49, 60)): {'bw': 47}, ((0, 4), (49, 45)): {'bw': 11}, ((0, 4), (45, 72)): {'bw': 11}, ((0, 6), (49, 30)): {'bw': 44}, ((0, 6), (30, 91)): {'bw': 44}, ((0, 7), (49, 10)): {'bw': 7}, ((0, 7), (10, 41)): {'bw': 7}, ((1, 3), (60, 3)): {'bw': 8}, ((1, 3), (3, 77)): {'bw': 8}, ((1, 4), (60, 13)): {'bw': 1}, ((1, 4), (13, 72)): {'bw': 1}, ((1, 6), (60, 34)): {'bw': 35}, ((1, 6), (34, 91)): {'bw': 35}, ((1, 7), (60, 13)): {'bw': 33}, ((1, 7), (13, 41)): {'bw': 33}, ((1, 8), (60, 3)): {'bw': 24}, ((1, 8), (3, 7)): {'bw': 24}, ((2, 4), (1, 72)): {'bw': 1}, ((2, 5), (1, 33)): {'bw': 8}, ((2, 5), (33, 18)): {'bw': 8}}",0.0,0.0,518.0,106.0,412.0,0.0,0.0,0.0,0.0,0.0,0.0,0.0,0.0,0.0,Route Failure,4.736676790937809,"{'node_level': {}, 'link_level': {}, 'path_level': {}}","{'node_level': {1: {'cpu': -28}, 7: {'cpu': -26}, 3: {'cpu': -27}, 0: {'cpu': -50}, 6: {'cpu': -54}, 8: {'cpu': -36}, 4: {'cpu': -59}, 5: {'cpu': -20}, 2: {'cpu': -84}}, 'link_level': {(0, 1): {'bw': -47}, (0, 4): {'bw': -36}, (0, 6): {'bw': -9}, (0, 7): {'bw': -80}, (1, 3): {'bw': -28}, (1, 4): {'bw': -16}, (1, 6): {'bw': -13}, (1, 7): {'bw': -27}, (1, 8): {'bw': -4}, (2, 4): {'bw': -86}, (2, 5): {'bw': -51}, (2, 7): {'bw': -46}}, 'path_level': {(0, 1): {'latency': -3.7357600824784463}, (0, 4): {'latency': -4.0145055798999225}, (0, 6): {'latency': -3.4432920986447026}, (0, 7): {'latency': -3.65364451829082}, (1, 3): {'latency': -1.1071134322380871}, (1, 4): {'latency': -5.454080819926139}, (1, 6): {'latency': -1.4019068988023262}, (1, 7): {'latency': -2.3749941629576714}, (1, 8): {'latency': -7.80270236177296}, (2, 4): {'latency': -4.969937968749825}, (2, 5): {'latency': -7.095895203121994}, (2, 7): {'latency': 4.736676790937809}}}","{'node_level': {1: {'cpu': 0}, 7: {'cpu': 0}, 3: {'cpu': 0}, 0: {'cpu': 0}, 6: {'cpu': 0}, 8: {'cpu': 0}, 4: {'cpu': 0}, 5: {'cpu': 0}, 2: {'cpu': 0}}, 'link_level': {(0, 1): {'bw': 0}, (0, 4): {'bw': 0}, (0, 6): {'bw': 0}, (0, 7): {'bw': 0}, (1, 3): {'bw': 0}, (1, 4): {'bw': 0}, (1, 6): {'bw': 0}, (1, 7): {'bw': 0}, (1, 8): {'bw': 0}, (2, 4): {'bw': 0}, (2, 5): {'bw': 0}, (2, 7): {'bw': 0}}, 'path_level': {(0, 1): {'latency': 0}, (0, 4): {'latency': 0}, (0, 6): {'latency': 0}, (0, 7): {'latency': 0}, (1, 3): {'latency': 0}, (1, 4): {'latency': 0}, (1, 6): {'latency': 0}, (1, 7): {'latency': 0}, (1, 8): {'latency': 0}, (2, 4): {'latency': 0}, (2, 5): {'latency': 0}, (2, 7): {'latency': 4.736676790937809}}}",[],0.0,0.0,True,False,False,0,[],0,0.0,9.0,12.0
44,12,9,1823.0,3023.0,1380101.8137114774,2323677.9686122667,0.6030433344359908,0.5939298957745396,13,56,1,532.0,44815,6935,37880,0.043843926651040976,0.043337710879886804,43,131.0286210809459,532.0,4,4,True,"{1: 60, 2: 41, 3: 77, 0: 49}","{(0, 2): [(49, 22), (22, 41)], (0, 3): [(49, 31), (31, 77)], (1, 2): [(60, 3), (3, 41)], (1, 3): [(60, 17), (17, 77)]}","{(1, 60): {'cpu': 8}, (2, 41): {'cpu': 2}, (3, 77): {'cpu': 20}, (0, 49): {'cpu': 5}}","{((0, 2), (49, 22)): {'bw': 46}, ((0, 2), (22, 41)): {'bw': 46}, ((0, 3), (49, 31)): {'bw': 6}, ((0, 3), (31, 77)): {'bw': 6}, ((1, 2), (60, 3)): {'bw': 28}, ((1, 2), (3, 41)): {'bw': 28}, ((1, 3), (60, 17)): {'bw': 32}, ((1, 3), (17, 77)): {'bw': 32}}",259.0,147.0,147.0,35.0,112.0,35.0,112.0,35.0,224.0,112.0,0.5675675675675675,33936.412859964985,19261.207298899048,74.36759574864496,Success,0.0,"{'node_level': {}, 'link_level': {}, 'path_level': {}}","{'node_level': {1: {'cpu': -31}, 2: {'cpu': -35}, 3: {'cpu': -12}, 0: {'cpu': -53}}, 'link_level': {(0, 2): {'bw': -49}, (0, 3): {'bw': -82}, (1, 2): {'bw': -8}, (1, 3): {'bw': -23}}, 'path_level': {(0, 2): {'latency': -0.5940907125287271}, (0, 3): {'latency': -5.50126736869373}, (1, 2): {'latency': -9.604620738508311}, (1, 3): {'latency': -6.738194488494733}}}","{'node_level': {1: {'cpu': 0}, 2: {'cpu': 0}, 3: {'cpu': 0}, 0: {'cpu': 0}}, 'link_level': {(0, 2): {'bw': 0}, (0, 3): {'bw': 0}, (1, 2): {'bw': 0}, (1, 3): {'bw': 0}}, 'path_level': {(0, 2): {'latency': 0}, (0, 3): {'latency': 0}, (1, 2): {'latency': 0}, (1, 3): {'latency': 0}}}",[],0.0,0.0,True,True,False,0,[],0,0.0,4.0,4.0
45,12,9,1823.0,3023.0,1380101.8137114774,2323677.9686122667,0.6030433344359908,0.5939298957745396,13,57,1,544.0,44815,6935,37880,0.043843926651040976,0.043337710879886804,44,251.155400200748,544.0,2,1,False,"{0: 7, 1: 91}","{(0, 1): []}","{(0, 7): {'cpu': 16}, (1, 91): {'cpu': 16}}",{},0.0,0.0,42.0,32.0,10.0,0.0,0.0,0.0,0.0,0.0,0.0,0.0,0.0,0.0,Route Failure,5.6997153578962045,"{'node_level': {}, 'link_level': {}, 'path_level': {}}","{'node_level': {0: {'cpu': -32}, 1: {'cpu': -54}}, 'link_level': {(0, 1): {'bw': -6}}, 'path_level': {(0, 1): {'latency': 5.6997153578962045}}}","{'node_level': {0: {'cpu': 0}, 1: {'cpu': 0}}, 'link_level': {(0, 1): {'bw': 0}}, 'path_level': {(0, 1): {'latency': 5.6997153578962045}}}",[],0.0,0.0,True,False,False,0,[],0,0.0,2.0,1.0
46,13,10,1898.0,3145.0,1416268.8227703383,2382509.636681347,0.6034976152623212,0.5944441109346748,13,58,1,555.0,44693,6907,37786,0.047704398180063445,0.04571168804929793,45,482.22678745147897,555.0,2,1,True,"{1: 7, 0: 91}","{(0, 1): [(91, 19), (19, 7)]}","{(1, 7): {'cpu': 15}, (0, 91): {'cpu': 13}}","{((0, 1), (91, 19)): {'bw': 47}, ((0, 1), (19, 7)): {'bw': 47}}",122.0,75.0,75.0,28.0,47.0,28.0,47.0,28.0,94.0,47.0,0.6147540983606558,58831.668069080435,36167.009058860924,296.45089392508953,Success,0.0,"{'node_level': {}, 'link_level': {}, 'path_level': {}}","{'node_level': {1: {'cpu': -33}, 0: {'cpu': -57}}, 'link_level': {(0, 1): {'bw': -31}}, 'path_level': {(0, 1): {'latency': -5.428949516111172}}}","{'node_level': {1: {'cpu': 0}, 0: {'cpu': 0}}, 'link_level': {(0, 1): {'bw': 0}}, 'path_level': {(0, 1): {'latency': 0}}}",[],0.0,0.0,True,True,False,0,[],0,0.0,2.0,1.0
47,13,10,1898.0,3145.0,1416268.8227703383,2382509.636681347,0.6034976152623212,0.5944441109346748,13,59,1,568.0,44693,6907,37786,0.047704398180063445,0.04571168804929793,46,322.0523483119039,568.0,6,7,False,"{0: 72, 4: 18, 5: 1, 3: 30, 2: 60, 1: 5}","{(0, 3): []}","{(0, 72): {'cpu': 15}, (4, 18): {'cpu': 16}, (5, 1): {'cpu': 16}, (3, 30): {'cpu': 8}, (2, 60): {'cpu': 20}, (1, 5): {'cpu': 1}}",{},0.0,0.0,296.0,76.0,220.0,0.0,0.0,0.0,0.0,0.0,0.0,0.0,0.0,0.0,Route Failure,4.641446936529443,"{'node_level': {}, 'link_level': {}, 'path_level': {}}","{'node_level': {0: {'cpu': -61}, 4: {'cpu': -17}, 5: {'cpu': -81}, 3: {'cpu': -28}, 2: {'cpu': -11}, 1: {'cpu': -88}}, 'link_level': {(0, 3): {'bw': -40}}, 'path_level': {(0, 3): {'latency': 4.641446936529443}}}","{'node_level': {0: {'cpu': 0}, 4: {'cpu': 0}, 5: {'cpu': 0}, 3: {'cpu': 0}, 2: {'cpu': 0}, 1: {'cpu': 0}}, 'link_level': {(0, 3): {'bw': 0}}, 'path_level': {(0, 3): {'latency': 4.641446936529443}}}",[],0.0,0.0,True,False,False,0,[],0,0.0,6.0,1.0
48,13,10,1898.0,3145.0,1416268.8227703383,2382509.636681347,0.6034976152623212,0.5944441109346748,13,60,1,584.0,44693,6907,37786,0.047704398180063445,0.04571168804929793,47,317.5638586174298,584.0,7,13,False,"{3: 72, 1: 18, 2: 1, 5: 30, 4: 60, 0: 5, 6: 49}","{(0, 2): [(5, 74), (74, 1)], (0, 5): [(5, 85), (85, 30)], (1, 2): []}","{(3, 72): {'cpu': 20}, (1, 18): {'cpu': 17}, (2, 1): {'cpu': 7}, (5, 30): {'cpu': 16}, (4, 60): {'cpu': 2}, (0, 5): {'cpu': 15}, (6, 49): {'cpu': 12}}","{((0, 2), (5, 74)): {'bw': 40}, ((0, 2), (74, 1)): {'bw': 40}, ((0, 5), (5, 85)): {'bw': 9}, ((0, 5), (85, 30)): {'bw': 9}}",0.0,0.0,432.0,89.0,343.0,0.0,0.0,0.0,0.0,0.0,0.0,0.0,0.0,0.0,Route Failure,5.66319886301825,"{'node_level': {}, 'link_level': {}, 'path_level': {}}","{'node_level': {3: {'cpu': -56}, 1: {'cpu': -16}, 2: {'cpu': -90}, 5: {'cpu': -20}, 4: {'cpu': -29}, 0: {'cpu': -74}, 6: {'cpu': -41}}, 'link_level': {(0, 2): {'bw': -17}, (0, 5): {'bw': -41}, (1, 2): {'bw': 1}}, 'path_level': {(0, 2): {'latency': -5.400132221332262}, (0, 5): {'latency': -8.784913210186884}, (1, 2): {'latency': 5.66319886301825}}}","{'node_level': {3: {'cpu': 0}, 1: {'cpu': 0}, 2: {'cpu': 0}, 5: {'cpu': 0}, 4: {'cpu': 0}, 0: {'cpu': 0}, 6: {'cpu': 0}}, 'link_level': {(0, 2): {'bw': 0}, (0, 5): {'bw': 0}, (1, 2): {'bw': 1}}, 'path_level': {(0, 2): {'latency': 0}, (0, 5): {'latency': 0}, (1, 2): {'latency': 5.66319886301825}}}",[],0.0,0.0,True,False,False,0,[],0,0.0,7.0,3.0
49,13,10,1898.0,3145.0,1416268.8227703383,2382509.636681347,0.6034976152623212,0.5944441109346748,13,61,1,595.0,44693,6907,37786,0.047704398180063445,0.04571168804929793,48,629.5217545832035,595.0,7,9,False,"{1: 72, 5: 18, 4: 1, 6: 30, 0: 60, 3: 5, 2: 49}","{(0, 3): [(60, 5)], (0, 5): [(60, 5), (5, 18)], (1, 2): []}","{(1, 72): {'cpu': 18}, (5, 18): {'cpu': 17}, (4, 1): {'cpu': 13}, (6, 30): {'cpu': 19}, (0, 60): {'cpu': 19}, (3, 5): {'cpu': 2}, (2, 49): {'cpu': 8}}","{((0, 3), (60, 5)): {'bw': 8}, ((0, 5), (60, 5)): {'bw': 41}, ((0, 5), (5, 18)): {'bw': 41}}",0.0,0.0,379.0,96.0,283.0,0.0,0.0,0.0,0.0,0.0,0.0,0.0,0.0,0.0,Route Failure,3.358559510637959,"{'node_level': {}, 'link_level': {}, 'path_level': {}}","{'node_level': {1: {'cpu': -58}, 5: {'cpu': -16}, 4: {'cpu': -84}, 6: {'cpu': -17}, 0: {'cpu': -12}, 3: {'cpu': -87}, 2: {'cpu': -45}}, 'link_level': {(0, 3): {'bw': -47}, (0, 5): {'bw': -6}, (1, 2): {'bw': -23}}, 'path_level': {(0, 3): {'latency': -2.8677321143818215}, (0, 5): {'latency': -4.807803901174846}, (1, 2): {'latency': 3.358559510637959}}}","{'node_level': {1: {'cpu': 0}, 5: {'cpu': 0}, 4: {'cpu': 0}, 6: {'cpu': 0}, 0: {'cpu': 0}, 3: {'cpu': 0}, 2: {'cpu': 0}}, 'link_level': {(0, 3): {'bw': 0}, (0, 5): {'bw': 0}, (1, 2): {'bw': 0}}, 'path_level': {(0, 3): {'latency': 0}, (0, 5): {'latency': 0}, (1, 2): {'latency': 3.358559510637959}}}",[],0.0,0.0,True,False,False,0,[],0,0.0,7.0,3.0
49,13,10,1898.0,3145.0,1416268.8227703383,2382509.636681347,0.6034976152623212,0.5944441109346748,13,62,0,599.4367577311515,44693,6907,37786,0.047704398180063445,0.04571168804929793,0,583.4367577311515,16.0,7,8,False,{},{},{},{},0.0,0.0,0.0,0.0,0.0,0.0,0.0,0.0,0.0,0.0,0.0,0.0,0.0,0.0,Leave Event,0.0,"{'node_level': {}, 'link_level': {}, 'path_level': {}}","{'node_level': {}, 'link_level': {}, 'path_level': {}}","{'node_level': {}, 'link_level': {}, 'path_level': {}}",[],0.0,0.0,True,True,False,0,[],0,0.0,,
50,13,10,1898.0,3145.0,1416268.8227703383,2382509.636681347,0.6034976152623212,0.5944441109346748,13,63,1,605.0,44693,6907,37786,0.047704398180063445,0.04571168804929793,49,169.8323666643692,605.0,8,11,False,"{7: 72, 6: 18, 5: 1, 1: 30, 3: 60, 0: 5, 2: 49, 4: 77}","{(0, 1): [(5, 85), (85, 30)], (0, 3): [(5, 60)], (1, 3): []}","{(7, 72): {'cpu': 13}, (6, 18): {'cpu': 12}, (5, 1): {'cpu': 18}, (1, 30): {'cpu': 16}, (3, 60): {'cpu': 5}, (0, 5): {'cpu': 19}, (2, 49): {'cpu': 2}, (4, 77): {'cpu': 5}}","{((0, 1), (5, 85)): {'bw': 35}, ((0, 1), (85, 30)): {'bw': 35}, ((0, 3), (5, 60)): {'bw': 22}}",0.0,0.0,430.0,90.0,340.0,0.0,0.0,0.0,0.0,0.0,0.0,0.0,0.0,0.0,Route Failure,6.694663239223699,"{'node_level': {}, 'link_level': {}, 'path_level': {}}","{'node_level': {7: {'cpu': -63}, 6: {'cpu': -21}, 5: {'cpu': -79}, 1: {'cpu': -20}, 3: {'cpu': -26}, 0: {'cpu': -70}, 2: {'cpu': -51}, 4: {'cpu': -7}}, 'link_level': {(0, 1): {'bw': -15}, (0, 3): {'bw': -33}, (1, 3): {'bw': -45}}, 'path_level': {(0, 1): {'latency': -1.7667058121293668}, (0, 3): {'latency': -5.098819770025179}, (1, 3): {'latency': 6.694663239223699}}}","{'node_level': {7: {'cpu': 0}, 6: {'cpu': 0}, 5: {'cpu': 0}, 1: {'cpu': 0}, 3: {'cpu': 0}, 0: {'cpu': 0}, 2: {'cpu': 0}, 4: {'cpu': 0}}, 'link_level': {(0, 1): {'bw': 0}, (0, 3): {'bw': 0}, (1, 3): {'bw': 0}}, 'path_level': {(0, 1): {'latency': 0}, (0, 3): {'latency': 0}, (1, 3): {'latency': 6.694663239223699}}}",[],0.0,0.0,True,False,False,0,[],0,0.0,8.0,3.0
50,13,9,1898.0,3145.0,1416268.8227703383,2382509.636681347,0.6034976152623212,0.5944441109346748,13,64,0,605.7052384385845,44787,6925,37862,0.045222666482834684,0.04379230225275277,37,143.7052384385845,462.0,2,1,False,{},{},{},{},0.0,0.0,0.0,0.0,0.0,0.0,0.0,0.0,0.0,0.0,0.0,0.0,0.0,0.0,Leave Event,0.0,"{'node_level': {}, 'link_level': {}, 'path_level': {}}","{'node_level': {}, 'link_level': {}, 'path_level': {}}","{'node_level': {}, 'link_level': {}, 'path_level': {}}",[],0.0,0.0,True,True,False,0,[],0,0.0,,
50,13,9,1898.0,3145.0,1416268.8227703383,2382509.636681347,0.6034976152623212,0.5944441109346748,13,65,0,607.171900970111,44787,6925,37862,0.045222666482834684,0.04379230225275277,26,252.17190097011095,355.0,2,1,False,{},{},{},{},0.0,0.0,0.0,0.0,0.0,0.0,0.0,0.0,0.0,0.0,0.0,0.0,0.0,0.0,Leave Event,0.0,"{'node_level': {}, 'link_level': {}, 'path_level': {}}","{'node_level': {}, 'link_level': {}, 'path_level': {}}","{'node_level': {}, 'link_level': {}, 'path_level': {}}",[],0.0,0.0,True,True,False,0,[],0,0.0,,
50,13,9,1898.0,3145.0,1416268.8227703383,2382509.636681347,0.6034976152623212,0.5944441109346748,13,66,0,617.9520750885513,44787,6925,37862,0.045222666482834684,0.04379230225275277,24,283.95207508855134,334.0,5,5,False,{},{},{},{},0.0,0.0,0.0,0.0,0.0,0.0,0.0,0.0,0.0,0.0,0.0,0.0,0.0,0.0,Leave Event,0.0,"{'node_level': {}, 'link_level': {}, 'path_level': {}}","{'node_level': {}, 'link_level': {}, 'path_level': {}}","{'node_level': {}, 'link_level': {}, 'path_level': {}}",[],0.0,0.0,True,True,False,0,[],0,0.0,,
51,13,9,1898.0,3145.0,1416268.8227703383,2382509.636681347,0.6034976152623212,0.5944441109346748,13,67,1,624.0,44787,6925,37862,0.045222666482834684,0.04379230225275277,50,241.81784249722122,624.0,10,16,False,"{7: 72, 1: 7, 8: 18, 2: 1, 6: 30, 0: 60, 9: 5, 3: 49, 4: 77, 5: 41}","{(0, 2): []}","{(7, 72): {'cpu': 11}, (1, 7): {'cpu': 9}, (8, 18): {'cpu': 8}, (2, 1): {'cpu': 12}, (6, 30): {'cpu': 9}, (0, 60): {'cpu': 6}, (9, 5): {'cpu': 5}, (3, 49): {'cpu': 2}, (4, 77): {'cpu': 7}, (5, 41): {'cpu': 6}}",{},0.0,0.0,570.0,75.0,495.0,0.0,0.0,0.0,0.0,0.0,0.0,0.0,0.0,0.0,Route Failure,4.424386435705379,"{'node_level': {}, 'link_level': {}, 'path_level': {}}","{'node_level': {7: {'cpu': -67}, 1: {'cpu': -40}, 8: {'cpu': -25}, 2: {'cpu': -85}, 6: {'cpu': -27}, 0: {'cpu': -25}, 9: {'cpu': -84}, 3: {'cpu': -51}, 4: {'cpu': -5}, 5: {'cpu': -29}}, 'link_level': {(0, 2): {'bw': -36}}, 'path_level': {(0, 2): {'latency': 4.424386435705379}}}","{'node_level': {7: {'cpu': 0}, 1: {'cpu': 0}, 8: {'cpu': 0}, 2: {'cpu': 0}, 6: {'cpu': 0}, 0: {'cpu': 0}, 9: {'cpu': 0}, 3: {'cpu': 0}, 4: {'cpu': 0}, 5: {'cpu': 0}}, 'link_level': {(0, 2): {'bw': 0}}, 'path_level': {(0, 2): {'latency': 4.424386435705379}}}",[],0.0,0.0,True,False,False,0,[],0,0.0,10.0,1.0
51,13,9,1898.0,3145.0,1416268.8227703383,2382509.636681347,0.6034976152623212,0.5944441109346748,13,68,0,629.3986951218855,44787,6925,37862,0.045222666482834684,0.04379230225275277,17,402.39869512188545,227.0,10,18,False,{},{},{},{},0.0,0.0,0.0,0.0,0.0,0.0,0.0,0.0,0.0,0.0,0.0,0.0,0.0,0.0,Leave Event,0.0,"{'node_level': {}, 'link_level': {}, 'path_level': {}}","{'node_level': {}, 'link_level': {}, 'path_level': {}}","{'node_level': {}, 'link_level': {}, 'path_level': {}}",[],0.0,0.0,True,True,False,0,[],0,0.0,,
52,13,9,1898.0,3145.0,1416268.8227703383,2382509.636681347,0.6034976152623212,0.5944441109346748,13,69,1,644.0,44787,6925,37862,0.045222666482834684,0.04379230225275277,51,691.489605459313,644.0,6,9,False,"{4: 72, 0: 7, 2: 18, 5: 1, 3: 30, 1: 60}","{(0, 1): [(7, 13), (13, 60)], (0, 2): []}","{(4, 72): {'cpu': 14}, (0, 7): {'cpu': 8}, (2, 18): {'cpu': 19}, (5, 1): {'cpu': 15}, (3, 30): {'cpu': 3}, (1, 60): {'cpu': 6}}","{((0, 1), (7, 13)): {'bw': 30}, ((0, 1), (13, 60)): {'bw': 30}}",0.0,0.0,367.0,65.0,302.0,0.0,0.0,0.0,0.0,0.0,0.0,0.0,0.0,0.0,Route Failure,11.0,"{'node_level': {}, 'link_level': {}, 'path_level': {}}","{'node_level': {4: {'cpu': -64}, 0: {'cpu': -41}, 2: {'cpu': -14}, 5: {'cpu': -82}, 3: {'cpu': -33}, 1: {'cpu': -25}}, 'link_level': {(0, 1): {'bw': -22}, (0, 2): {'bw': 11}}, 'path_level': {(0, 1): {'latency': -5.747215309973086}, (0, 2): {'latency': 3.6273597931850476}}}","{'node_level': {4: {'cpu': 0}, 0: {'cpu': 0}, 2: {'cpu': 0}, 5: {'cpu': 0}, 3: {'cpu': 0}, 1: {'cpu': 0}}, 'link_level': {(0, 1): {'bw': 0}, (0, 2): {'bw': 11}}, 'path_level': {(0, 1): {'latency': 0}, (0, 2): {'latency': 3.6273597931850476}}}",[],0.0,0.0,True,False,False,0,[],0,0.0,6.0,2.0
53,14,10,2015.0,3343.0,1539554.507249256,2591146.9488764387,0.602752019144481,0.5941594736326439,13,70,1,657.0,44589,6889,37700,0.05018612987729221,0.04788362460854634,52,1053.723798965108,657.0,3,2,True,"{0: 72, 2: 7, 1: 18}","{(0, 1): [(72, 2), (2, 18)], (0, 2): [(72, 13), (13, 7)]}","{(0, 72): {'cpu': 8}, (2, 7): {'cpu': 10}, (1, 18): {'cpu': 18}}","{((0, 1), (72, 2)): {'bw': 36}, ((0, 1), (2, 18)): {'bw': 36}, ((0, 2), (72, 13)): {'bw': 45}, ((0, 2), (13, 7)): {'bw': 45}}",198.0,117.0,117.0,36.0,81.0,36.0,81.0,36.0,162.0,81.0,0.5909090909090909,208637.3121950914,123285.68447891764,622.6549721157456,Success,0.0,"{'node_level': {}, 'link_level': {}, 'path_level': {}}","{'node_level': {0: {'cpu': -70}, 2: {'cpu': -39}, 1: {'cpu': -15}}, 'link_level': {(0, 1): {'bw': -46}, (0, 2): {'bw': -7}}, 'path_level': {(0, 1): {'latency': -4.880841896879458}, (0, 2): {'latency': -2.542497830215228}}}","{'node_level': {0: {'cpu': 0}, 2: {'cpu': 0}, 1: {'cpu': 0}}, 'link_level': {(0, 1): {'bw': 0}, (0, 2): {'bw': 0}}, 'path_level': {(0, 1): {'latency': 0}, (0, 2): {'latency': 0}}}",[],0.0,0.0,True,True,False,0,[],0,0.0,3.0,2.0
53,14,10,2015.0,3343.0,1539554.507249256,2591146.9488764387,0.602752019144481,0.5941594736326439,13,71,0,661.8694210704186,44589,6889,37700,0.05018612987729221,0.04788362460854634,38,187.86942107041867,474.0,6,9,False,{},{},{},{},0.0,0.0,0.0,0.0,0.0,0.0,0.0,0.0,0.0,0.0,0.0,0.0,0.0,0.0,Leave Event,0.0,"{'node_level': {}, 'link_level': {}, 'path_level': {}}","{'node_level': {}, 'link_level': {}, 'path_level': {}}","{'node_level': {}, 'link_level': {}, 'path_level': {}}",[],0.0,0.0,True,True,False,0,[],0,0.0,,
53,14,9,2015.0,3343.0,1539554.507249256,2591146.9488764387,0.602752019144481,0.5941594736326439,13,72,0,663.0286210809459,44848,6924,37924,0.04536054046601401,0.04222648752399227,43,131.0286210809459,532.0,4,4,False,{},{},{},{},0.0,0.0,0.0,0.0,0.0,0.0,0.0,0.0,0.0,0.0,0.0,0.0,0.0,0.0,Leave Event,0.0,"{'node_level': {}, 'link_level': {}, 'path_level': {}}","{'node_level': {}, 'link_level': {}, 'path_level': {}}","{'node_level': {}, 'link_level': {}, 'path_level': {}}",[],0.0,0.0,True,True,False,0,[],0,0.0,,
54,14,9,2015.0,3343.0,1539554.507249256,2591146.9488764387,0.602752019144481,0.5941594736326439,13,73,1,674.0,44848,6924,37924,0.04536054046601401,0.04222648752399227,53,54.27354853957754,674.0,6,7,False,"{0: 60, 5: 41, 4: 77, 1: 49, 2: 1, 3: 30}","{(0, 1): [(60, 49)], (0, 3): []}","{(0, 60): {'cpu': 5}, (5, 41): {'cpu': 7}, (4, 77): {'cpu': 20}, (1, 49): {'cpu': 8}, (2, 1): {'cpu': 20}, (3, 30): {'cpu': 19}}","{((0, 1), (60, 49)): {'bw': 14}}",0.0,0.0,253.0,79.0,174.0,0.0,0.0,0.0,0.0,0.0,0.0,0.0,0.0,0.0,Route Failure,4.60668387363949,"{'node_level': {}, 'link_level': {}, 'path_level': {}}","{'node_level': {0: {'cpu': -34}, 5: {'cpu': -30}, 4: {'cpu': -12}, 1: {'cpu': -50}, 2: {'cpu': -77}, 3: {'cpu': -17}}, 'link_level': {(0, 1): {'bw': -80}, (0, 3): {'bw': -24}}, 'path_level': {(0, 1): {'latency': -6.735071056320285}, (0, 3): {'latency': 4.60668387363949}}}","{'node_level': {0: {'cpu': 0}, 5: {'cpu': 0}, 4: {'cpu': 0}, 1: {'cpu': 0}, 2: {'cpu': 0}, 3: {'cpu': 0}}, 'link_level': {(0, 1): {'bw': 0}, (0, 3): {'bw': 0}}, 'path_level': {(0, 1): {'latency': 0}, (0, 3): {'latency': 4.60668387363949}}}",[],0.0,0.0,True,False,False,0,[],0,0.0,6.0,2.0
55,14,9,2015.0,3343.0,1539554.507249256,2591146.9488764387,0.602752019144481,0.5941594736326439,13,74,1,688.0,44848,6924,37924,0.04536054046601401,0.04222648752399227,54,48.461378858231306,688.0,10,23,False,"{0: 60, 4: 41, 9: 77, 6: 49, 1: 1, 2: 30, 5: 5, 3: 68, 7: 91, 8: 3}","{(0, 1): []}","{(0, 60): {'cpu': 4}, (4, 41): {'cpu': 17}, (9, 77): {'cpu': 15}, (6, 49): {'cpu': 9}, (1, 1): {'cpu': 6}, (2, 30): {'cpu': 16}, (5, 5): {'cpu': 12}, (3, 68): {'cpu': 8}, (7, 91): {'cpu': 1}, (8, 3): {'cpu': 2}}",{},0.0,0.0,716.0,90.0,626.0,0.0,0.0,0.0,0.0,0.0,0.0,0.0,0.0,0.0,Route Failure,5.024119516659852,"{'node_level': {}, 'link_level': {}, 'path_level': {}}","{'node_level': {0: {'cpu': -35}, 4: {'cpu': -20}, 9: {'cpu': -17}, 6: {'cpu': -49}, 1: {'cpu': -91}, 2: {'cpu': -20}, 5: {'cpu': -77}, 3: {'cpu': -31}, 7: {'cpu': -56}, 8: {'cpu': -51}}, 'link_level': {(0, 1): {'bw': -6}}, 'path_level': {(0, 1): {'latency': 5.024119516659852}}}","{'node_level': {0: {'cpu': 0}, 4: {'cpu': 0}, 9: {'cpu': 0}, 6: {'cpu': 0}, 1: {'cpu': 0}, 2: {'cpu': 0}, 5: {'cpu': 0}, 3: {'cpu': 0}, 7: {'cpu': 0}, 8: {'cpu': 0}}, 'link_level': {(0, 1): {'bw': 0}}, 'path_level': {(0, 1): {'latency': 5.024119516659852}}}",[],0.0,0.0,True,False,False,0,[],0,0.0,10.0,1.0
55,14,8,2015.0,3343.0,1539554.507249256,2591146.9488764387,0.602752019144481,0.5941594736326439,13,75,0,695.8903293738089,44991,6943,38048,0.04274093478560592,0.039094858066471394,13,520.8903293738089,175.0,3,3,False,{},{},{},{},0.0,0.0,0.0,0.0,0.0,0.0,0.0,0.0,0.0,0.0,0.0,0.0,0.0,0.0,Leave Event,0.0,"{'node_level': {}, 'link_level': {}, 'path_level': {}}","{'node_level': {}, 'link_level': {}, 'path_level': {}}","{'node_level': {}, 'link_level': {}, 'path_level': {}}",[],0.0,0.0,True,True,False,0,[],0,0.0,,
55,14,8,2015.0,3343.0,1539554.507249256,2591146.9488764387,0.602752019144481,0.5941594736326439,13,76,0,696.1897028893595,44991,6943,38048,0.04274093478560592,0.039094858066471394,31,298.1897028893596,398.0,5,5,False,{},{},{},{},0.0,0.0,0.0,0.0,0.0,0.0,0.0,0.0,0.0,0.0,0.0,0.0,0.0,0.0,Leave Event,0.0,"{'node_level': {}, 'link_level': {}, 'path_level': {}}","{'node_level': {}, 'link_level': {}, 'path_level': {}}","{'node_level': {}, 'link_level': {}, 'path_level': {}}",[],0.0,0.0,True,True,False,0,[],0,0.0,,
56,15,9,2129.0,3527.0,1564465.1038270248,2631353.525808978,0.6036291465834988,0.594547668522058,13,77,1,700.0,44807,6899,37908,0.04880739004549839,0.04263056874431759,55,218.5140050681475,700.0,3,2,True,"{1: 41, 0: 60, 2: 77}","{(0, 1): [(60, 46), (46, 41)], (1, 2): [(41, 3), (3, 77)]}","{(1, 41): {'cpu': 20}, (0, 60): {'cpu': 15}, (2, 77): {'cpu': 9}}","{((0, 1), (60, 46)): {'bw': 40}, ((0, 1), (46, 41)): {'bw': 40}, ((1, 2), (41, 3)): {'bw': 30}, ((1, 2), (3, 77)): {'bw': 30}}",184.0,114.0,114.0,44.0,70.0,44.0,70.0,44.0,140.0,70.0,0.6195652173913043,40206.57693253914,24910.596577768814,135.3836770530914,Success,0.0,"{'node_level': {}, 'link_level': {}, 'path_level': {}}","{'node_level': {1: {'cpu': -24}, 0: {'cpu': -26}, 2: {'cpu': -23}}, 'link_level': {(0, 1): {'bw': -10}, (1, 2): {'bw': -47}}, 'path_level': {(0, 1): {'latency': -1.3233891073994464}, (1, 2): {'latency': -9.791257377266625}}}","{'node_level': {1: {'cpu': 0}, 0: {'cpu': 0}, 2: {'cpu': 0}}, 'link_level': {(0, 1): {'bw': 0}, (1, 2): {'bw': 0}}, 'path_level': {(0, 1): {'latency': 0}, (1, 2): {'latency': 0}}}",[],0.0,0.0,True,True,False,0,[],0,0.0,3.0,2.0
56,15,8,2129.0,3527.0,1564465.1038270248,2631353.525808978,0.6036291465834988,0.594547668522058,13,78,0,701.3612458714599,44867,6918,37949,0.0461877843650903,0.04159511061723409,35,265.3612458714599,436.0,2,1,False,{},{},{},{},0.0,0.0,0.0,0.0,0.0,0.0,0.0,0.0,0.0,0.0,0.0,0.0,0.0,0.0,Leave Event,0.0,"{'node_level': {}, 'link_level': {}, 'path_level': {}}","{'node_level': {}, 'link_level': {}, 'path_level': {}}","{'node_level': {}, 'link_level': {}, 'path_level': {}}",[],0.0,0.0,True,True,False,0,[],0,0.0,,
57,16,9,2218.0,3655.0,1600178.667595029,2682716.853475321,0.6068399452804377,0.5964769131420188,13,79,1,716.0,44739,6890,37849,0.05004825589411277,0.04412061824426705,56,401.275997393307,716.0,3,2,True,"{1: 77, 0: 49, 2: 91}","{(0, 1): [(49, 31), (31, 77)], (1, 2): [(77, 91)]}","{(1, 77): {'cpu': 8}, (0, 49): {'cpu': 12}, (2, 91): {'cpu': 8}}","{((0, 1), (49, 31)): {'bw': 39}, ((0, 1), (31, 77)): {'bw': 39}, ((1, 2), (77, 91)): {'bw': 22}}",128.0,89.0,89.0,28.0,61.0,28.0,61.0,28.0,100.0,39.0,0.6953125,51363.3276663433,35713.56376800432,279.01221693753376,Success,0.0,"{'node_level': {}, 'link_level': {}, 'path_level': {}}","{'node_level': {1: {'cpu': -23}, 0: {'cpu': -46}, 2: {'cpu': -59}}, 'link_level': {(0, 1): {'bw': -49}, (1, 2): {'bw': -47}}, 'path_level': {(0, 1): {'latency': -5.052624197222789}, (1, 2): {'latency': -8.72825844384263}}}","{'node_level': {1: {'cpu': 0}, 0: {'cpu': 0}, 2: {'cpu': 0}}, 'link_level': {(0, 1): {'bw': 0}, (1, 2): {'bw': 0}}, 'path_level': {(0, 1): {'latency': 0}, (1, 2): {'latency': 0}}}",[],0.0,0.0,True,True,False,0,[],0,0.0,3.0,2.0
57,16,9,2218.0,3655.0,1600178.667595029,2682716.853475321,0.6068399452804377,0.5964769131420188,13,80,0,717.5415178703479,44739,6890,37849,0.05004825589411277,0.04412061824426705,21,421.54151787034783,296.0,6,9,False,{},{},{},{},0.0,0.0,0.0,0.0,0.0,0.0,0.0,0.0,0.0,0.0,0.0,0.0,0.0,0.0,Leave Event,0.0,"{'node_level': {}, 'link_level': {}, 'path_level': {}}","{'node_level': {}, 'link_level': {}, 'path_level': {}}","{'node_level': {}, 'link_level': {}, 'path_level': {}}",[],0.0,0.0,True,True,False,0,[],0,0.0,,
58,16,9,2218.0,3655.0,1600178.667595029,2682716.853475321,0.6068399452804377,0.5964769131420188,13,81,1,723.0,44739,6890,37849,0.05004825589411277,0.04412061824426705,57,17.10170904681252,723.0,9,21,False,"{8: 60, 3: 41, 1: 91, 6: 1, 2: 30, 0: 18, 5: 49, 7: 5, 4: 77}","{(0, 1): [(18, 91)], (0, 2): [(18, 0), (0, 30)], (0, 3): [(18, 41)], (0, 8): [(18, 5), (5, 60)], (1, 2): [(91, 30)], (1, 3): [(91, 18), (18, 41)], (1, 5): [(91, 76), (76, 49)], (1, 7): [(91, 18), (18, 5)], (1, 8): []}","{(8, 60): {'cpu': 2}, (3, 41): {'cpu': 8}, (1, 91): {'cpu': 4}, (6, 1): {'cpu': 9}, (2, 30): {'cpu': 4}, (0, 18): {'cpu': 17}, (5, 49): {'cpu': 4}, (7, 5): {'cpu': 4}, (4, 77): {'cpu': 6}}","{((0, 1), (18, 91)): {'bw': 4}, ((0, 2), (18, 0)): {'bw': 12}, ((0, 2), (0, 30)): {'bw': 12}, ((0, 3), (18, 41)): {'bw': 4}, ((0, 8), (18, 5)): {'bw': 47}, ((0, 8), (5, 60)): {'bw': 47}, ((1, 2), (91, 30)): {'bw': 13}, ((1, 3), (91, 18)): {'bw': 33}, ((1, 3), (18, 41)): {'bw': 33}, ((1, 5), (91, 76)): {'bw': 40}, ((1, 5), (76, 49)): {'bw': 40}, ((1, 7), (91, 18)): {'bw': 1}, ((1, 7), (18, 5)): {'bw': 1}}",0.0,0.0,515.0,58.0,457.0,0.0,0.0,0.0,0.0,0.0,0.0,0.0,0.0,0.0,Route Failure,4.427900252305009,"{'node_level': {}, 'link_level': {}, 'path_level': {}}","{'node_level': {8: {'cpu': -24}, 3: {'cpu': -16}, 1: {'cpu': -55}, 6: {'cpu': -88}, 2: {'cpu': -32}, 0: {'cpu': -9}, 5: {'cpu': -42}, 7: {'cpu': -85}, 4: {'cpu': -17}}, 'link_level': {(0, 1): {'bw': -73}, (0, 2): {'bw': -29}, (0, 3): {'bw': -70}, (0, 8): {'bw': -8}, (1, 2): {'bw': -40}, (1, 3): {'bw': -37}, (1, 5): {'bw': -25}, (1, 7): {'bw': -10}, (1, 8): {'bw': -7}}, 'path_level': {(0, 1): {'latency': -3.305397776501767}, (0, 2): {'latency': -0.8119005321613169}, (0, 3): {'latency': -9.362715878974676}, (0, 8): {'latency': -5.881631508468014}, (1, 2): {'latency': -10.270389157754071}, (1, 3): {'latency': -1.4695257026065702}, (1, 5): {'latency': -1.1303740887387574}, (1, 7): {'latency': -2.114644784840113}, (1, 8): {'latency': 4.427900252305009}}}","{'node_level': {8: {'cpu': 0}, 3: {'cpu': 0}, 1: {'cpu': 0}, 6: {'cpu': 0}, 2: {'cpu': 0}, 0: {'cpu': 0}, 5: {'cpu': 0}, 7: {'cpu': 0}, 4: {'cpu': 0}}, 'link_level': {(0, 1): {'bw': 0}, (0, 2): {'bw': 0}, (0, 3): {'bw': 0}, (0, 8): {'bw': 0}, (1, 2): {'bw': 0}, (1, 3): {'bw': 0}, (1, 5): {'bw': 0}, (1, 7): {'bw': 0}, (1, 8): {'bw': 0}}, 'path_level': {(0, 1): {'latency': 0}, (0, 2): {'latency': 0}, (0, 3): {'latency': 0}, (0, 8): {'latency': 0}, (1, 2): {'latency': 0}, (1, 3): {'latency': 0}, (1, 5): {'latency': 0}, (1, 7): {'latency': 0}, (1, 8): {'latency': 4.427900252305009}}}",[],0.0,0.0,True,False,False,0,[],0,0.0,9.0,9.0
58,16,9,2218.0,3655.0,1600178.667595029,2682716.853475321,0.6068399452804377,0.5964769131420188,13,82,0,728.2735485395775,44739,6890,37849,0.05004825589411277,0.04412061824426705,53,54.27354853957754,674.0,6,7,False,{},{},{},{},0.0,0.0,0.0,0.0,0.0,0.0,0.0,0.0,0.0,0.0,0.0,0.0,0.0,0.0,Leave Event,0.0,"{'node_level': {}, 'link_level': {}, 'path_level': {}}","{'node_level': {}, 'link_level': {}, 'path_level': {}}","{'node_level': {}, 'link_level': {}, 'path_level': {}}",[],0.0,0.0,True,True,False,0,[],0,0.0,,
59,16,9,2218.0,3655.0,1600178.667595029,2682716.853475321,0.6068399452804377,0.5964769131420188,13,83,1,736.0,44739,6890,37849,0.05004825589411277,0.04412061824426705,58,1736.267727891407,736.0,5,6,False,"{0: 60, 2: 41, 3: 91, 1: 1, 4: 30}","{(0, 1): [(60, 13), (13, 1)], (0, 2): [(60, 3), (3, 41)], (0, 3): [(60, 34), (34, 91)], (0, 4): [(60, 13), (13, 30)], (1, 4): [(1, 13), (13, 30)], (2, 3): []}","{(0, 60): {'cpu': 3}, (2, 41): {'cpu': 20}, (3, 91): {'cpu': 14}, (1, 1): {'cpu': 13}, (4, 30): {'cpu': 8}}","{((0, 1), (60, 13)): {'bw': 20}, ((0, 1), (13, 1)): {'bw': 20}, ((0, 2), (60, 3)): {'bw': 36}, ((0, 2), (3, 41)): {'bw': 36}, ((0, 3), (60, 34)): {'bw': 30}, ((0, 3), (34, 91)): {'bw': 30}, ((0, 4), (60, 13)): {'bw': 21}, ((0, 4), (13, 30)): {'bw': 21}, ((1, 4), (1, 13)): {'bw': 9}, ((1, 4), (13, 30)): {'bw': 9}}",0.0,0.0,185.0,58.0,127.0,0.0,0.0,0.0,0.0,0.0,0.0,0.0,0.0,0.0,Route Failure,6.923933517588225,"{'node_level': {}, 'link_level': {}, 'path_level': {}}","{'node_level': {0: {'cpu': -23}, 2: {'cpu': -4}, 3: {'cpu': -45}, 1: {'cpu': -84}, 4: {'cpu': -28}}, 'link_level': {(0, 1): {'bw': -60}, (0, 2): {'bw': 0}, (0, 3): {'bw': -31}, (0, 4): {'bw': -46}, (1, 4): {'bw': -51}, (2, 3): {'bw': -37}}, 'path_level': {(0, 1): {'latency': -4.242666479786362}, (0, 2): {'latency': -6.25762637575844}, (0, 3): {'latency': -1.779202745511136}, (0, 4): {'latency': -0.778768627246027}, (1, 4): {'latency': -7.371535778149889}, (2, 3): {'latency': 6.923933517588225}}}","{'node_level': {0: {'cpu': 0}, 2: {'cpu': 0}, 3: {'cpu': 0}, 1: {'cpu': 0}, 4: {'cpu': 0}}, 'link_level': {(0, 1): {'bw': 0}, (0, 2): {'bw': 0}, (0, 3): {'bw': 0}, (0, 4): {'bw': 0}, (1, 4): {'bw': 0}, (2, 3): {'bw': 0}}, 'path_level': {(0, 1): {'latency': 0}, (0, 2): {'latency': 0}, (0, 3): {'latency': 0}, (0, 4): {'latency': 0}, (1, 4): {'latency': 0}, (2, 3): {'latency': 6.923933517588225}}}",[],0.0,0.0,True,False,False,0,[],0,0.0,5.0,6.0
59,16,9,2218.0,3655.0,1600178.667595029,2682716.853475321,0.6068399452804377,0.5964769131420188,13,84,0,736.4613788582313,44739,6890,37849,0.05004825589411277,0.04412061824426705,54,48.461378858231306,688.0,10,23,False,{},{},{},{},0.0,0.0,0.0,0.0,0.0,0.0,0.0,0.0,0.0,0.0,0.0,0.0,0.0,0.0,Leave Event,0.0,"{'node_level': {}, 'link_level': {}, 'path_level': {}}","{'node_level': {}, 'link_level': {}, 'path_level': {}}","{'node_level': {}, 'link_level': {}, 'path_level': {}}",[],0.0,0.0,True,True,False,0,[],0,0.0,,
59,16,9,2218.0,3655.0,1600178.667595029,2682716.853475321,0.6068399452804377,0.5964769131420188,13,85,0,740.1017090468125,44739,6890,37849,0.05004825589411277,0.04412061824426705,57,17.10170904681252,723.0,9,21,False,{},{},{},{},0.0,0.0,0.0,0.0,0.0,0.0,0.0,0.0,0.0,0.0,0.0,0.0,0.0,0.0,Leave Event,0.0,"{'node_level': {}, 'link_level': {}, 'path_level': {}}","{'node_level': {}, 'link_level': {}, 'path_level': {}}","{'node_level': {}, 'link_level': {}, 'path_level': {}}",[],0.0,0.0,True,True,False,0,[],0,0.0,,
60,16,9,2218.0,3655.0,1600178.667595029,2682716.853475321,0.6068399452804377,0.5964769131420188,13,86,1,748.0,44739,6890,37849,0.05004825589411277,0.04412061824426705,59,193.5650443266699,748.0,8,15,False,"{1: 60, 3: 41, 7: 91, 2: 1, 0: 30, 5: 18, 6: 49, 4: 5}","{(0, 1): [(30, 13), (13, 60)], (0, 2): [(30, 37), (37, 12), (12, 1)], (0, 3): [(30, 13), (13, 41)], (0, 7): [(30, 91)], (1, 3): [(60, 32), (32, 41)], (1, 5): [(60, 5), (5, 18)], (1, 7): [(60, 54), (54, 91)], (2, 3): []}","{(1, 60): {'cpu': 2}, (3, 41): {'cpu': 9}, (7, 91): {'cpu': 20}, (2, 1): {'cpu': 2}, (0, 30): {'cpu': 16}, (5, 18): {'cpu': 8}, (6, 49): {'cpu': 12}, (4, 5): {'cpu': 12}}","{((0, 1), (30, 13)): {'bw': 38}, ((0, 1), (13, 60)): {'bw': 38}, ((0, 2), (30, 37)): {'bw': 31}, ((0, 2), (37, 12)): {'bw': 31}, ((0, 2), (12, 1)): {'bw': 31}, ((0, 3), (30, 13)): {'bw': 19}, ((0, 3), (13, 41)): {'bw': 19}, ((0, 7), (30, 91)): {'bw': 16}, ((1, 3), (60, 32)): {'bw': 46}, ((1, 3), (32, 41)): {'bw': 46}, ((1, 5), (60, 5)): {'bw': 41}, ((1, 5), (5, 18)): {'bw': 41}, ((1, 7), (60, 54)): {'bw': 30}, ((1, 7), (54, 91)): {'bw': 30}}",0.0,0.0,483.0,81.0,402.0,0.0,0.0,0.0,0.0,0.0,0.0,0.0,0.0,0.0,Route Failure,1.5344340443273516,"{'node_level': {}, 'link_level': {}, 'path_level': {}}","{'node_level': {1: {'cpu': -24}, 3: {'cpu': -15}, 7: {'cpu': -39}, 2: {'cpu': -95}, 0: {'cpu': -20}, 5: {'cpu': -18}, 6: {'cpu': -34}, 4: {'cpu': -77}}, 'link_level': {(0, 1): {'bw': -49}, (0, 2): {'bw': -36}, (0, 3): {'bw': -30}, (0, 7): {'bw': -37}, (1, 3): {'bw': -4}, (1, 5): {'bw': -14}, (1, 7): {'bw': -46}, (2, 3): {'bw': -42}}, 'path_level': {(0, 1): {'latency': -1.7749747344306446}, (0, 2): {'latency': -0.3418962775458505}, (0, 3): {'latency': -4.680647877103995}, (0, 7): {'latency': -13.349603820237938}, (1, 3): {'latency': -0.6326443502318195}, (1, 5): {'latency': -6.22294653526794}, (1, 7): {'latency': -0.591309139291333}, (2, 3): {'latency': 1.5344340443273516}}}","{'node_level': {1: {'cpu': 0}, 3: {'cpu': 0}, 7: {'cpu': 0}, 2: {'cpu': 0}, 0: {'cpu': 0}, 5: {'cpu': 0}, 6: {'cpu': 0}, 4: {'cpu': 0}}, 'link_level': {(0, 1): {'bw': 0}, (0, 2): {'bw': 0}, (0, 3): {'bw': 0}, (0, 7): {'bw': 0}, (1, 3): {'bw': 0}, (1, 5): {'bw': 0}, (1, 7): {'bw': 0}, (2, 3): {'bw': 0}}, 'path_level': {(0, 1): {'latency': 0}, (0, 2): {'latency': 0}, (0, 3): {'latency': 0}, (0, 7): {'latency': 0}, (1, 3): {'latency': 0}, (1, 5): {'latency': 0}, (1, 7): {'latency': 0}, (2, 3): {'latency': 1.5344340443273516}}}",[],0.0,0.0,True,False,False,0,[],0,0.0,8.0,8.0
61,16,9,2218.0,3655.0,1600178.667595029,2682716.853475321,0.6068399452804377,0.5964769131420188,13,87,1,761.0,44739,6890,37849,0.05004825589411277,0.04412061824426705,60,125.04074908684987,761.0,9,20,False,"{5: 60, 2: 41, 0: 91, 6: 1, 7: 30, 8: 18, 4: 49, 3: 5, 1: 77}","{(0, 2): [(91, 25), (25, 41)], (0, 5): [(91, 80), (80, 60)], (0, 6): [(91, 77), (77, 1)], (0, 7): [(91, 30)], (0, 8): [(91, 18)], (1, 2): [(77, 3), (3, 41)], (1, 3): [(77, 11), (11, 5)], (1, 5): [(77, 3), (3, 60)], (1, 7): [(77, 29), (29, 30)], (2, 3): [(41, 18), (18, 5)], (2, 5): [(41, 32), (32, 60)], (2, 6): [(41, 13), (13, 1)], (3, 4): [(5, 60), (60, 49)], (3, 7): [(5, 85), (85, 30)], (4, 5): [(49, 60)], (5, 6): []}","{(5, 60): {'cpu': 8}, (2, 41): {'cpu': 9}, (0, 91): {'cpu': 10}, (6, 1): {'cpu': 19}, (7, 30): {'cpu': 18}, (8, 18): {'cpu': 11}, (4, 49): {'cpu': 20}, (3, 5): {'cpu': 9}, (1, 77): {'cpu': 2}}","{((0, 2), (91, 25)): {'bw': 44}, ((0, 2), (25, 41)): {'bw': 44}, ((0, 5), (91, 80)): {'bw': 34}, ((0, 5), (80, 60)): {'bw': 34}, ((0, 6), (91, 77)): {'bw': 2}, ((0, 6), (77, 1)): {'bw': 2}, ((0, 7), (91, 30)): {'bw': 39}, ((0, 8), (91, 18)): {'bw': 20}, ((1, 2), (77, 3)): {'bw': 30}, ((1, 2), (3, 41)): {'bw': 30}, ((1, 3), (77, 11)): {'bw': 7}, ((1, 3), (11, 5)): {'bw': 7}, ((1, 5), (77, 3)): {'bw': 6}, ((1, 5), (3, 60)): {'bw': 6}, ((1, 7), (77, 29)): {'bw': 5}, ((1, 7), (29, 30)): {'bw': 5}, ((2, 3), (41, 18)): {'bw': 3}, ((2, 3), (18, 5)): {'bw': 3}, ((2, 5), (41, 32)): {'bw': 41}, ((2, 5), (32, 60)): {'bw': 41}, ((2, 6), (41, 13)): {'bw': 41}, ((2, 6), (13, 1)): {'bw': 41}, ((3, 4), (5, 60)): {'bw': 17}, ((3, 4), (60, 49)): {'bw': 17}, ((3, 7), (5, 85)): {'bw': 8}, ((3, 7), (85, 30)): {'bw': 8}, ((4, 5), (49, 60)): {'bw': 41}}",0.0,0.0,565.0,106.0,459.0,0.0,0.0,0.0,0.0,0.0,0.0,0.0,0.0,0.0,Route Failure,1.6572397163556278,"{'node_level': {}, 'link_level': {}, 'path_level': {}}","{'node_level': {5: {'cpu': -18}, 2: {'cpu': -15}, 0: {'cpu': -49}, 6: {'cpu': -78}, 7: {'cpu': -18}, 8: {'cpu': -15}, 4: {'cpu': -26}, 3: {'cpu': -80}, 1: {'cpu': -21}}, 'link_level': {(0, 2): {'bw': -15}, (0, 5): {'bw': -21}, (0, 6): {'bw': -45}, (0, 7): {'bw': -14}, (0, 8): {'bw': -57}, (1, 2): {'bw': -17}, (1, 3): {'bw': -64}, (1, 5): {'bw': -20}, (1, 7): {'bw': -63}, (2, 3): {'bw': -55}, (2, 5): {'bw': -9}, (2, 6): {'bw': -25}, (3, 4): {'bw': -38}, (3, 7): {'bw': -42}, (4, 5): {'bw': -36}, (5, 6): {'bw': -13}}, 'path_level': {(0, 2): {'latency': -0.32231018075893747}, (0, 5): {'latency': -0.20326523177194922}, (0, 6): {'latency': -0.9424022907423351}, (0, 7): {'latency': -6.6744942291116125}, (0, 8): {'latency': -8.699729065105805}, (1, 2): {'latency': -8.720957773941276}, (1, 3): {'latency': -3.5632182100738063}, (1, 5): {'latency': -1.1552696868899934}, (1, 7): {'latency': -3.774212999819998}, (2, 3): {'latency': -7.929238022593785}, (2, 5): {'latency': -0.8505248454444327}, (2, 6): {'latency': -3.561912245077316}, (3, 4): {'latency': -0.4554971598882842}, (3, 7): {'latency': -2.167792558344367}, (4, 5): {'latency': -10.310234405713866}, (5, 6): {'latency': 1.6572397163556278}}}","{'node_level': {5: {'cpu': 0}, 2: {'cpu': 0}, 0: {'cpu': 0}, 6: {'cpu': 0}, 7: {'cpu': 0}, 8: {'cpu': 0}, 4: {'cpu': 0}, 3: {'cpu': 0}, 1: {'cpu': 0}}, 'link_level': {(0, 2): {'bw': 0}, (0, 5): {'bw': 0}, (0, 6): {'bw': 0}, (0, 7): {'bw': 0}, (0, 8): {'bw': 0}, (1, 2): {'bw': 0}, (1, 3): {'bw': 0}, (1, 5): {'bw': 0}, (1, 7): {'bw': 0}, (2, 3): {'bw': 0}, (2, 5): {'bw': 0}, (2, 6): {'bw': 0}, (3, 4): {'bw': 0}, (3, 7): {'bw': 0}, (4, 5): {'bw': 0}, (5, 6): {'bw': 0}}, 'path_level': {(0, 2): {'latency': 0}, (0, 5): {'latency': 0}, (0, 6): {'latency': 0}, (0, 7): {'latency': 0}, (0, 8): {'latency': 0}, (1, 2): {'latency': 0}, (1, 3): {'latency': 0}, (1, 5): {'latency': 0}, (1, 7): {'latency': 0}, (2, 3): {'latency': 0}, (2, 5): {'latency': 0}, (2, 6): {'latency': 0}, (3, 4): {'latency': 0}, (3, 7): {'latency': 0}, (4, 5): {'latency': 0}, (5, 6): {'latency': 1.6572397163556278}}}",[],0.0,0.0,True,False,False,0,[],0,0.0,9.0,16.0
61,16,9,2218.0,3655.0,1600178.667595029,2682716.853475321,0.6068399452804377,0.5964769131420188,13,88,0,774.8323666643691,44739,6890,37849,0.05004825589411277,0.04412061824426705,49,169.8323666643692,605.0,8,11,False,{},{},{},{},0.0,0.0,0.0,0.0,0.0,0.0,0.0,0.0,0.0,0.0,0.0,0.0,0.0,0.0,Leave Event,0.0,"{'node_level': {}, 'link_level': {}, 'path_level': {}}","{'node_level': {}, 'link_level': {}, 'path_level': {}}","{'node_level': {}, 'link_level': {}, 'path_level': {}}",[],0.0,0.0,True,True,False,0,[],0,0.0,,
62,17,10,2333.0,3850.0,1608935.5511837609,2697565.4821692575,0.6059740259740259,0.5964398498641558,14,89,1,778.0,44544,6855,37689,0.054873845305390856,0.04816143044751997,61,76.1468138150583,778.0,4,3,True,"{1: 60, 2: 41, 0: 91, 3: 1}","{(0, 1): [(91, 89), (89, 60)], (1, 2): [(60, 13), (13, 41)], (1, 3): [(60, 13), (13, 1)]}","{(1, 60): {'cpu': 1}, (2, 41): {'cpu': 15}, (0, 91): {'cpu': 15}, (3, 1): {'cpu': 4}}","{((0, 1), (91, 89)): {'bw': 23}, ((0, 1), (89, 60)): {'bw': 23}, ((1, 2), (60, 13)): {'bw': 48}, ((1, 2), (13, 41)): {'bw': 48}, ((1, 3), (60, 13)): {'bw': 9}, ((1, 3), (13, 1)): {'bw': 9}}",195.0,115.0,115.0,35.0,80.0,35.0,80.0,35.0,160.0,80.0,0.5897435897435898,14848.628693936367,8756.883588731704,44.90709532682925,Success,0.0,"{'node_level': {}, 'link_level': {}, 'path_level': {}}","{'node_level': {1: {'cpu': -25}, 2: {'cpu': -9}, 0: {'cpu': -44}, 3: {'cpu': -93}}, 'link_level': {(0, 1): {'bw': -37}, (1, 2): {'bw': -18}, (1, 3): {'bw': -30}}, 'path_level': {(0, 1): {'latency': -0.501357413141605}, (1, 2): {'latency': -4.562930904301661}, (1, 3): {'latency': -3.0086578781323876}}}","{'node_level': {1: {'cpu': 0}, 2: {'cpu': 0}, 0: {'cpu': 0}, 3: {'cpu': 0}}, 'link_level': {(0, 1): {'bw': 0}, (1, 2): {'bw': 0}, (1, 3): {'bw': 0}}, 'path_level': {(0, 1): {'latency': 0}, (1, 2): {'latency': 0}, (1, 3): {'latency': 0}}}",[],0.0,0.0,True,True,False,0,[],0,0.0,4.0,3.0
63,18,11,2395.0,3945.0,1612107.4902597629,2702425.711398615,0.6070975918884665,0.5965409089545081,14,90,1,794.0,44449,6826,37623,0.05887219081759276,0.049828265481361766,62,51.16030767745007,794.0,2,1,True,"{1: 30, 0: 18}","{(0, 1): [(18, 0), (0, 30)]}","{(1, 30): {'cpu': 16}, (0, 18): {'cpu': 13}}","{((0, 1), (18, 0)): {'bw': 33}, ((0, 1), (0, 30)): {'bw': 33}}",95.0,62.0,62.0,29.0,33.0,29.0,33.0,29.0,66.0,33.0,0.6526315789473685,4860.229229357757,3171.9390760019046,33.388832378967415,Success,0.0,"{'node_level': {}, 'link_level': {}, 'path_level': {}}","{'node_level': {1: {'cpu': -20}, 0: {'cpu': -13}}, 'link_level': {(0, 1): {'bw': -8}}, 'path_level': {(0, 1): {'latency': -5.827396544927899}}}","{'node_level': {1: {'cpu': 0}, 0: {'cpu': 0}}, 'link_level': {(0, 1): {'bw': 0}}, 'path_level': {(0, 1): {'latency': 0}}}",[],0.0,0.0,True,True,False,0,[],0,0.0,2.0,1.0
63,18,11,2395.0,3945.0,1612107.4902597629,2702425.711398615,0.6070975918884665,0.5965409089545081,14,91,0,795.155400200748,44449,6826,37623,0.05887219081759276,0.049828265481361766,44,251.155400200748,544.0,2,1,False,{},{},{},{},0.0,0.0,0.0,0.0,0.0,0.0,0.0,0.0,0.0,0.0,0.0,0.0,0.0,0.0,Leave Event,0.0,"{'node_level': {}, 'link_level': {}, 'path_level': {}}","{'node_level': {}, 'link_level': {}, 'path_level': {}}","{'node_level': {}, 'link_level': {}, 'path_level': {}}",[],0.0,0.0,True,True,False,0,[],0,0.0,,
64,18,11,2395.0,3945.0,1612107.4902597629,2702425.711398615,0.6070975918884665,0.5965409089545081,14,92,1,801.0,44449,6826,37623,0.05887219081759276,0.049828265481361766,63,2068.905066586304,801.0,5,5,False,"{0: 49, 1: 1, 4: 5, 3: 77, 2: 68}","{(0, 1): [(49, 33), (33, 1)], (0, 2): [(49, 10), (10, 68)], (0, 3): [(49, 10), (10, 3), (3, 77)], (0, 4): []}","{(0, 49): {'cpu': 5}, (1, 1): {'cpu': 7}, (4, 5): {'cpu': 7}, (3, 77): {'cpu': 14}, (2, 68): {'cpu': 3}}","{((0, 1), (49, 33)): {'bw': 48}, ((0, 1), (33, 1)): {'bw': 48}, ((0, 2), (49, 10)): {'bw': 26}, ((0, 2), (10, 68)): {'bw': 26}, ((0, 3), (49, 10)): {'bw': 17}, ((0, 3), (10, 3)): {'bw': 17}, ((0, 3), (3, 77)): {'bw': 17}}",0.0,0.0,186.0,36.0,150.0,0.0,0.0,0.0,0.0,0.0,0.0,0.0,0.0,0.0,Route Failure,4.272723503964668,"{'node_level': {}, 'link_level': {}, 'path_level': {}}","{'node_level': {0: {'cpu': -41}, 1: {'cpu': -86}, 4: {'cpu': -82}, 3: {'cpu': -9}, 2: {'cpu': -36}}, 'link_level': {(0, 1): {'bw': -5}, (0, 2): {'bw': -30}, (0, 3): {'bw': -39}, (0, 4): {'bw': -6}}, 'path_level': {(0, 1): {'latency': -1.7140596248134115}, (0, 2): {'latency': -9.633272392176188}, (0, 3): {'latency': -0.9003324630730036}, (0, 4): {'latency': 4.272723503964668}}}","{'node_level': {0: {'cpu': 0}, 1: {'cpu': 0}, 4: {'cpu': 0}, 3: {'cpu': 0}, 2: {'cpu': 0}}, 'link_level': {(0, 1): {'bw': 0}, (0, 2): {'bw': 0}, (0, 3): {'bw': 0}, (0, 4): {'bw': 0}}, 'path_level': {(0, 1): {'latency': 0}, (0, 2): {'latency': 0}, (0, 3): {'latency': 0}, (0, 4): {'latency': 4.272723503964668}}}",[],0.0,0.0,True,False,False,0,[],0,0.0,5.0,4.0
65,18,11,2395.0,3945.0,1612107.4902597629,2702425.711398615,0.6070975918884665,0.5965409089545081,14,93,1,815.0,44449,6826,37623,0.05887219081759276,0.049828265481361766,64,150.78295595034774,815.0,7,12,False,"{5: 49, 0: 1, 2: 5, 6: 77, 3: 68, 1: 4, 4: 7}","{(0, 1): [(1, 13), (13, 4)], (0, 2): [(1, 74), (74, 5)], (0, 4): [(1, 12), (12, 7)], (0, 5): [(1, 33), (33, 49)], (0, 6): [(1, 77)], (1, 2): [(4, 15), (15, 5)], (1, 5): [(4, 22), (22, 49)], (2, 3): [(5, 79), (79, 68)], (2, 5): []}","{(5, 49): {'cpu': 8}, (0, 1): {'cpu': 14}, (2, 5): {'cpu': 5}, (6, 77): {'cpu': 9}, (3, 68): {'cpu': 18}, (1, 4): {'cpu': 6}, (4, 7): {'cpu': 16}}","{((0, 1), (1, 13)): {'bw': 19}, ((0, 1), (13, 4)): {'bw': 19}, ((0, 2), (1, 74)): {'bw': 21}, ((0, 2), (74, 5)): {'bw': 21}, ((0, 4), (1, 12)): {'bw': 26}, ((0, 4), (12, 7)): {'bw': 26}, ((0, 5), (1, 33)): {'bw': 40}, ((0, 5), (33, 49)): {'bw': 40}, ((0, 6), (1, 77)): {'bw': 30}, ((1, 2), (4, 15)): {'bw': 3}, ((1, 2), (15, 5)): {'bw': 3}, ((1, 5), (4, 22)): {'bw': 41}, ((1, 5), (22, 49)): {'bw': 41}, ((2, 3), (5, 79)): {'bw': 18}, ((2, 3), (79, 68)): {'bw': 18}}",0.0,0.0,393.0,76.0,317.0,0.0,0.0,0.0,0.0,0.0,0.0,0.0,0.0,0.0,Route Failure,4.863088761814448,"{'node_level': {}, 'link_level': {}, 'path_level': {}}","{'node_level': {5: {'cpu': -38}, 0: {'cpu': -79}, 2: {'cpu': -84}, 6: {'cpu': -14}, 3: {'cpu': -21}, 1: {'cpu': -39}, 4: {'cpu': -23}}, 'link_level': {(0, 1): {'bw': -44}, (0, 2): {'bw': -36}, (0, 4): {'bw': -65}, (0, 5): {'bw': -13}, (0, 6): {'bw': -63}, (1, 2): {'bw': -77}, (1, 5): {'bw': -32}, (2, 3): {'bw': -62}, (2, 5): {'bw': -17}}, 'path_level': {(0, 1): {'latency': -8.010125610394587}, (0, 2): {'latency': -2.6766895480054593}, (0, 4): {'latency': -0.33391917276880445}, (0, 5): {'latency': -7.398532047008123}, (0, 6): {'latency': -8.10149975005302}, (1, 2): {'latency': -1.4353378542812414}, (1, 5): {'latency': -8.385753787774108}, (2, 3): {'latency': -8.623288889973999}, (2, 5): {'latency': 4.863088761814448}}}","{'node_level': {5: {'cpu': 0}, 0: {'cpu': 0}, 2: {'cpu': 0}, 6: {'cpu': 0}, 3: {'cpu': 0}, 1: {'cpu': 0}, 4: {'cpu': 0}}, 'link_level': {(0, 1): {'bw': 0}, (0, 2): {'bw': 0}, (0, 4): {'bw': 0}, (0, 5): {'bw': 0}, (0, 6): {'bw': 0}, (1, 2): {'bw': 0}, (1, 5): {'bw': 0}, (2, 3): {'bw': 0}, (2, 5): {'bw': 0}}, 'path_level': {(0, 1): {'latency': 0}, (0, 2): {'latency': 0}, (0, 4): {'latency': 0}, (0, 5): {'latency': 0}, (0, 6): {'latency': 0}, (1, 2): {'latency': 0}, (1, 5): {'latency': 0}, (2, 3): {'latency': 0}, (2, 5): {'latency': 4.863088761814448}}}",[],0.0,0.0,True,False,False,0,[],0,0.0,7.0,9.0
66,18,11,2395.0,3945.0,1612107.4902597629,2702425.711398615,0.6070975918884665,0.5965409089545081,14,94,1,821.0,44449,6826,37623,0.05887219081759276,0.049828265481361766,65,385.03843417963935,821.0,6,6,False,"{4: 49, 3: 1, 5: 5, 0: 77, 1: 68, 2: 4}","{(0, 1): [(77, 23), (23, 68)], (0, 2): [(77, 1), (1, 13), (13, 4)], (0, 5): []}","{(4, 49): {'cpu': 20}, (3, 1): {'cpu': 15}, (5, 5): {'cpu': 9}, (0, 77): {'cpu': 5}, (1, 68): {'cpu': 18}, (2, 4): {'cpu': 6}}","{((0, 1), (77, 23)): {'bw': 4}, ((0, 1), (23, 68)): {'bw': 4}, ((0, 2), (77, 1)): {'bw': 38}, ((0, 2), (1, 13)): {'bw': 38}, ((0, 2), (13, 4)): {'bw': 38}}",0.0,0.0,210.0,73.0,137.0,0.0,0.0,0.0,0.0,0.0,0.0,0.0,0.0,0.0,Route Failure,7.348834570846766,"{'node_level': {}, 'link_level': {}, 'path_level': {}}","{'node_level': {4: {'cpu': -26}, 3: {'cpu': -78}, 5: {'cpu': -80}, 0: {'cpu': -18}, 1: {'cpu': -21}, 2: {'cpu': -39}}, 'link_level': {(0, 1): {'bw': -43}, (0, 2): {'bw': -25}, (0, 5): {'bw': -51}}, 'path_level': {(0, 1): {'latency': -0.6757243532437753}, (0, 2): {'latency': -0.33587734692367377}, (0, 5): {'latency': 7.348834570846766}}}","{'node_level': {4: {'cpu': 0}, 3: {'cpu': 0}, 5: {'cpu': 0}, 0: {'cpu': 0}, 1: {'cpu': 0}, 2: {'cpu': 0}}, 'link_level': {(0, 1): {'bw': 0}, (0, 2): {'bw': 0}, (0, 5): {'bw': 0}}, 'path_level': {(0, 1): {'latency': 0}, (0, 2): {'latency': 0}, (0, 5): {'latency': 7.348834570846766}}}",[],0.0,0.0,True,False,False,0,[],0,0.0,6.0,3.0
67,18,11,2395.0,3945.0,1612107.4902597629,2702425.711398615,0.6070975918884665,0.5965409089545081,14,95,1,839.0,44449,6826,37623,0.05887219081759276,0.049828265481361766,66,297.0367475186629,839.0,6,10,False,"{3: 49, 4: 1, 5: 5, 2: 77, 0: 68, 1: 4}","{(0, 2): []}","{(3, 49): {'cpu': 13}, (4, 1): {'cpu': 16}, (5, 5): {'cpu': 3}, (2, 77): {'cpu': 11}, (0, 68): {'cpu': 2}, (1, 4): {'cpu': 18}}",{},0.0,0.0,295.0,63.0,232.0,0.0,0.0,0.0,0.0,0.0,0.0,0.0,0.0,0.0,Route Failure,5.85778684808778,"{'node_level': {}, 'link_level': {}, 'path_level': {}}","{'node_level': {3: {'cpu': -33}, 4: {'cpu': -77}, 5: {'cpu': -86}, 2: {'cpu': -12}, 0: {'cpu': -37}, 1: {'cpu': -27}}, 'link_level': {(0, 2): {'bw': -23}}, 'path_level': {(0, 2): {'latency': 5.85778684808778}}}","{'node_level': {3: {'cpu': 0}, 4: {'cpu': 0}, 5: {'cpu': 0}, 2: {'cpu': 0}, 0: {'cpu': 0}, 1: {'cpu': 0}}, 'link_level': {(0, 2): {'bw': 0}}, 'path_level': {(0, 2): {'latency': 5.85778684808778}}}",[],0.0,0.0,True,False,False,0,[],0,0.0,6.0,1.0
67,18,10,2395.0,3945.0,1612107.4902597629,2702425.711398615,0.6070975918884665,0.5965409089545081,14,96,0,845.1603076774501,44544,6855,37689,0.054873845305390856,0.04816143044751997,62,51.16030767745007,794.0,2,1,False,{},{},{},{},0.0,0.0,0.0,0.0,0.0,0.0,0.0,0.0,0.0,0.0,0.0,0.0,0.0,0.0,Leave Event,0.0,"{'node_level': {}, 'link_level': {}, 'path_level': {}}","{'node_level': {}, 'link_level': {}, 'path_level': {}}","{'node_level': {}, 'link_level': {}, 'path_level': {}}",[],0.0,0.0,True,True,False,0,[],0,0.0,,
68,19,11,2788.0,4588.0,1632716.771891338,2736145.2230757214,0.6076721883173496,0.5967215329513793,15,97,1,854.0,43901,6747,37154,0.06976423548876332,0.06167289625214667,67,52.44092018212503,854.0,8,9,True,"{2: 30, 0: 18, 4: 49, 6: 1, 5: 5, 1: 77, 7: 68, 3: 4}","{(0, 6): [(18, 77), (77, 1)], (0, 7): [(18, 32), (32, 68)], (1, 2): [(77, 85), (85, 30)], (1, 5): [(77, 11), (11, 5)], (2, 4): [(30, 49)], (2, 5): [(30, 90), (90, 5)], (3, 4): [(4, 22), (22, 49)], (3, 7): [(4, 68)], (4, 6): [(49, 33), (33, 1)]}","{(2, 30): {'cpu': 12}, (0, 18): {'cpu': 6}, (4, 49): {'cpu': 20}, (6, 1): {'cpu': 17}, (5, 5): {'cpu': 19}, (1, 77): {'cpu': 7}, (7, 68): {'cpu': 10}, (3, 4): {'cpu': 17}}","{((0, 6), (18, 77)): {'bw': 43}, ((0, 6), (77, 1)): {'bw': 43}, ((0, 7), (18, 32)): {'bw': 42}, ((0, 7), (32, 68)): {'bw': 42}, ((1, 2), (77, 85)): {'bw': 42}, ((1, 2), (85, 30)): {'bw': 42}, ((1, 5), (77, 11)): {'bw': 40}, ((1, 5), (11, 5)): {'bw': 40}, ((2, 4), (30, 49)): {'bw': 27}, ((2, 5), (30, 90)): {'bw': 43}, ((2, 5), (90, 5)): {'bw': 43}, ((3, 4), (4, 22)): {'bw': 12}, ((3, 4), (22, 49)): {'bw': 12}, ((3, 7), (4, 68)): {'bw': 8}, ((4, 6), (49, 33)): {'bw': 28}, ((4, 6), (33, 1)): {'bw': 28}}",643.0,393.0,393.0,108.0,285.0,108.0,285.0,108.0,535.0,250.0,0.6111975116640747,33719.5116771064,20609.281631575137,32.05175992468917,Success,0.0,"{'node_level': {}, 'link_level': {}, 'path_level': {}}","{'node_level': {2: {'cpu': -24}, 0: {'cpu': -20}, 4: {'cpu': -26}, 6: {'cpu': -76}, 5: {'cpu': -70}, 1: {'cpu': -16}, 7: {'cpu': -29}, 3: {'cpu': -28}}, 'link_level': {(0, 6): {'bw': -20}, (0, 7): {'bw': -6}, (1, 2): {'bw': -8}, (1, 5): {'bw': -31}, (2, 4): {'bw': -41}, (2, 5): {'bw': -17}, (3, 4): {'bw': -61}, (3, 7): {'bw': -31}, (4, 6): {'bw': -25}}, 'path_level': {(0, 6): {'latency': -1.4075683566667383}, (0, 7): {'latency': -4.529517710320631}, (1, 2): {'latency': -0.6053413322252501}, (1, 5): {'latency': -0.17539907579165614}, (2, 4): {'latency': -8.28151255496264}, (2, 5): {'latency': -7.69246083487839}, (3, 4): {'latency': -9.547213149418917}, (3, 7): {'latency': -13.01022917735932}, (4, 6): {'latency': -6.438118243572767}}}","{'node_level': {2: {'cpu': 0}, 0: {'cpu': 0}, 4: {'cpu': 0}, 6: {'cpu': 0}, 5: {'cpu': 0}, 1: {'cpu': 0}, 7: {'cpu': 0}, 3: {'cpu': 0}}, 'link_level': {(0, 6): {'bw': 0}, (0, 7): {'bw': 0}, (1, 2): {'bw': 0}, (1, 5): {'bw': 0}, (2, 4): {'bw': 0}, (2, 5): {'bw': 0}, (3, 4): {'bw': 0}, (3, 7): {'bw': 0}, (4, 6): {'bw': 0}}, 'path_level': {(0, 6): {'latency': 0}, (0, 7): {'latency': 0}, (1, 2): {'latency': 0}, (1, 5): {'latency': 0}, (2, 4): {'latency': 0}, (2, 5): {'latency': 0}, (3, 4): {'latency': 0}, (3, 7): {'latency': 0}, (4, 6): {'latency': 0}}}",[],0.0,0.0,True,True,False,0,[],0,0.0,8.0,9.0
68,19,10,2788.0,4588.0,1632716.771891338,2736145.2230757214,0.6076721883173496,0.5967215329513793,15,98,0,854.1468138150583,44096,6782,37314,0.06493864607748523,0.05763208404889386,61,76.1468138150583,778.0,4,3,False,{},{},{},{},0.0,0.0,0.0,0.0,0.0,0.0,0.0,0.0,0.0,0.0,0.0,0.0,0.0,0.0,Leave Event,0.0,"{'node_level': {}, 'link_level': {}, 'path_level': {}}","{'node_level': {}, 'link_level': {}, 'path_level': {}}","{'node_level': {}, 'link_level': {}, 'path_level': {}}",[],0.0,0.0,True,True,False,0,[],0,0.0,,
68,19,10,2788.0,4588.0,1632716.771891338,2736145.2230757214,0.6076721883173496,0.5967215329513793,15,99,0,865.8178424972212,44096,6782,37314,0.06493864607748523,0.05763208404889386,50,241.81784249722122,624.0,10,16,False,{},{},{},{},0.0,0.0,0.0,0.0,0.0,0.0,0.0,0.0,0.0,0.0,0.0,0.0,0.0,0.0,Leave Event,0.0,"{'node_level': {}, 'link_level': {}, 'path_level': {}}","{'node_level': {}, 'link_level': {}, 'path_level': {}}","{'node_level': {}, 'link_level': {}, 'path_level': {}}",[],0.0,0.0,True,True,False,0,[],0,0.0,,
69,19,10,2788.0,4588.0,1632716.771891338,2736145.2230757214,0.6076721883173496,0.5967215329513793,15,100,1,866.0,44096,6782,37314,0.06493864607748523,0.05763208404889386,68,217.1728284851835,866.0,6,5,False,"{3: 60, 4: 41, 2: 91, 5: 7, 1: 25, 0: 72}","{(0, 4): [(72, 2), (2, 41)], (1, 3): [(25, 32), (32, 60)], (2, 3): []}","{(3, 60): {'cpu': 16}, (4, 41): {'cpu': 6}, (2, 91): {'cpu': 7}, (5, 7): {'cpu': 14}, (1, 25): {'cpu': 14}, (0, 72): {'cpu': 7}}","{((0, 4), (72, 2)): {'bw': 42}, ((0, 4), (2, 41)): {'bw': 42}, ((1, 3), (25, 32)): {'bw': 24}, ((1, 3), (32, 60)): {'bw': 24}}",0.0,0.0,191.0,64.0,127.0,0.0,0.0,0.0,0.0,0.0,0.0,0.0,0.0,0.0,Route Failure,4.603830576471808,"{'node_level': {}, 'link_level': {}, 'path_level': {}}","{'node_level': {3: {'cpu': -10}, 4: {'cpu': -18}, 2: {'cpu': -52}, 5: {'cpu': -25}, 1: {'cpu': -49}, 0: {'cpu': -63}}, 'link_level': {(0, 4): {'bw': -4}, (1, 3): {'bw': -27}, (2, 3): {'bw': -30}}, 'path_level': {(0, 4): {'latency': -6.359370836518796}, (1, 3): {'latency': -1.1231036152378957}, (2, 3): {'latency': 4.603830576471808}}}","{'node_level': {3: {'cpu': 0}, 4: {'cpu': 0}, 2: {'cpu': 0}, 5: {'cpu': 0}, 1: {'cpu': 0}, 0: {'cpu': 0}}, 'link_level': {(0, 4): {'bw': 0}, (1, 3): {'bw': 0}, (2, 3): {'bw': 0}}, 'path_level': {(0, 4): {'latency': 0}, (1, 3): {'latency': 0}, (2, 3): {'latency': 4.603830576471808}}}",[],0.0,0.0,True,False,False,0,[],0,0.0,6.0,3.0
70,20,11,2922.0,4814.0,1675158.7675715908,2807726.499372267,0.6069796427087661,0.5966246242096984,16,101,1,878.0,43870,6743,37127,0.07031573142148073,0.062354783311445616,69,316.7313110466631,878.0,6,6,True,"{0: 60, 2: 41, 1: 91, 4: 7, 3: 25, 5: 72}","{(0, 1): [(60, 34), (34, 91)], (0, 2): [(60, 3), (3, 41)], (0, 4): [(60, 54), (54, 7)], (0, 5): [(60, 34), (34, 72)], (2, 3): [(41, 25)], (3, 4): [(25, 33), (33, 7)]}","{(0, 60): {'cpu': 1}, (2, 41): {'cpu': 18}, (1, 91): {'cpu': 7}, (4, 7): {'cpu': 5}, (3, 25): {'cpu': 5}, (5, 72): {'cpu': 3}}","{((0, 1), (60, 34)): {'bw': 26}, ((0, 1), (34, 91)): {'bw': 26}, ((0, 2), (60, 3)): {'bw': 31}, ((0, 2), (3, 41)): {'bw': 31}, ((0, 4), (60, 54)): {'bw': 12}, ((0, 4), (54, 7)): {'bw': 12}, ((0, 5), (60, 34)): {'bw': 11}, ((0, 5), (34, 72)): {'bw': 11}, ((2, 3), (41, 25)): {'bw': 3}, ((3, 4), (25, 33)): {'bw': 12}, ((3, 4), (33, 7)): {'bw': 12}}",226.0,134.0,134.0,39.0,95.0,39.0,95.0,39.0,187.0,92.0,0.5929203539823009,71581.27629654587,42441.995680252854,187.79644106306574,Success,0.0,"{'node_level': {}, 'link_level': {}, 'path_level': {}}","{'node_level': {0: {'cpu': -25}, 2: {'cpu': -6}, 1: {'cpu': -52}, 4: {'cpu': -34}, 3: {'cpu': -58}, 5: {'cpu': -67}}, 'link_level': {(0, 1): {'bw': -35}, (0, 2): {'bw': -5}, (0, 4): {'bw': -69}, (0, 5): {'bw': -24}, (2, 3): {'bw': -63}, (3, 4): {'bw': -22}}, 'path_level': {(0, 1): {'latency': -4.467816161481328}, (0, 2): {'latency': -1.660953332994704}, (0, 4): {'latency': -8.2163003902264}, (0, 5): {'latency': -1.2659678710337374}, (2, 3): {'latency': -5.410415533736913}, (3, 4): {'latency': -2.5915545458312383}}}","{'node_level': {0: {'cpu': 0}, 2: {'cpu': 0}, 1: {'cpu': 0}, 4: {'cpu': 0}, 3: {'cpu': 0}, 5: {'cpu': 0}}, 'link_level': {(0, 1): {'bw': 0}, (0, 2): {'bw': 0}, (0, 4): {'bw': 0}, (0, 5): {'bw': 0}, (2, 3): {'bw': 0}, (3, 4): {'bw': 0}}, 'path_level': {(0, 1): {'latency': 0}, (0, 2): {'latency': 0}, (0, 4): {'latency': 0}, (0, 5): {'latency': 0}, (2, 3): {'latency': 0}, (3, 4): {'latency': 0}}}",[],0.0,0.0,True,True,False,0,[],0,0.0,6.0,6.0
70,20,11,2922.0,4814.0,1675158.7675715908,2807726.499372267,0.6069796427087661,0.5966246242096984,16,102,0,881.3293595731403,43870,6743,37127,0.07031573142148073,0.062354783311445616,28,509.3293595731403,372.0,5,5,False,{},{},{},{},0.0,0.0,0.0,0.0,0.0,0.0,0.0,0.0,0.0,0.0,0.0,0.0,0.0,0.0,Leave Event,0.0,"{'node_level': {}, 'link_level': {}, 'path_level': {}}","{'node_level': {}, 'link_level': {}, 'path_level': {}}","{'node_level': {}, 'link_level': {}, 'path_level': {}}",[],0.0,0.0,True,True,False,0,[],0,0.0,,
70,20,11,2922.0,4814.0,1675158.7675715908,2807726.499372267,0.6069796427087661,0.5966246242096984,16,103,0,886.0407490868499,43870,6743,37127,0.07031573142148073,0.062354783311445616,60,125.04074908684987,761.0,9,20,False,{},{},{},{},0.0,0.0,0.0,0.0,0.0,0.0,0.0,0.0,0.0,0.0,0.0,0.0,0.0,0.0,Leave Event,0.0,"{'node_level': {}, 'link_level': {}, 'path_level': {}}","{'node_level': {}, 'link_level': {}, 'path_level': {}}","{'node_level': {}, 'link_level': {}, 'path_level': {}}",[],0.0,0.0,True,True,False,0,[],0,0.0,,
71,21,12,3130.0,5119.0,1866490.977186472,3088285.749047934,0.6114475483492869,0.6043776803237457,17,104,1,887.0,43565,6678,36887,0.07927754032814005,0.06841600161632488,70,919.8663923792355,887.0,5,5,True,"{4: 91, 2: 41, 3: 60, 0: 38, 1: 72}","{(0, 4): [(38, 91)], (1, 3): [(72, 34), (34, 60)], (1, 4): [(72, 34), (34, 91)], (2, 3): [(41, 32), (32, 60)], (2, 4): [(41, 18), (18, 91)]}","{(4, 91): {'cpu': 19}, (2, 41): {'cpu': 6}, (3, 60): {'cpu': 18}, (0, 38): {'cpu': 18}, (1, 72): {'cpu': 4}}","{((0, 4), (38, 91)): {'bw': 46}, ((1, 3), (72, 34)): {'bw': 12}, ((1, 3), (34, 60)): {'bw': 12}, ((1, 4), (72, 34)): {'bw': 1}, ((1, 4), (34, 91)): {'bw': 1}, ((2, 3), (41, 32)): {'bw': 39}, ((2, 3), (32, 60)): {'bw': 39}, ((2, 4), (41, 18)): {'bw': 45}, ((2, 4), (18, 91)): {'bw': 45}}",305.0,208.0,208.0,65.0,143.0,65.0,143.0,65.0,240.0,97.0,0.6819672131147541,280559.24967566686,191332.209614881,627.31872004879,Success,0.0,"{'node_level': {}, 'link_level': {}, 'path_level': {}}","{'node_level': {4: {'cpu': -33}, 2: {'cpu': 0}, 3: {'cpu': -7}, 0: {'cpu': -61}, 1: {'cpu': -63}}, 'link_level': {(0, 4): {'bw': -25}, (1, 3): {'bw': -12}, (1, 4): {'bw': -46}, (2, 3): {'bw': -11}, (2, 4): {'bw': -29}}, 'path_level': {(0, 4): {'latency': -8.581149852163406}, (1, 3): {'latency': -2.4444517470544262}, (1, 4): {'latency': -6.583328916786106}, (2, 3): {'latency': -2.6480180634480455}, (2, 4): {'latency': -7.54807977422283}}}","{'node_level': {4: {'cpu': 0}, 2: {'cpu': 0}, 3: {'cpu': 0}, 0: {'cpu': 0}, 1: {'cpu': 0}}, 'link_level': {(0, 4): {'bw': 0}, (1, 3): {'bw': 0}, (1, 4): {'bw': 0}, (2, 3): {'bw': 0}, (2, 4): {'bw': 0}}, 'path_level': {(0, 4): {'latency': 0}, (1, 3): {'latency': 0}, (1, 4): {'latency': 0}, (2, 3): {'latency': 0}, (2, 4): {'latency': 0}}}",[],0.0,0.0,True,True,False,0,[],0,0.0,5.0,5.0
71,21,12,3130.0,5119.0,1866490.977186472,3088285.749047934,0.6114475483492869,0.6043776803237457,17,105,0,890.0523483119039,43565,6678,36887,0.07927754032814005,0.06841600161632488,46,322.0523483119039,568.0,6,7,False,{},{},{},{},0.0,0.0,0.0,0.0,0.0,0.0,0.0,0.0,0.0,0.0,0.0,0.0,0.0,0.0,Leave Event,0.0,"{'node_level': {}, 'link_level': {}, 'path_level': {}}","{'node_level': {}, 'link_level': {}, 'path_level': {}}","{'node_level': {}, 'link_level': {}, 'path_level': {}}",[],0.0,0.0,True,True,False,0,[],0,0.0,,
71,21,12,3130.0,5119.0,1866490.977186472,3088285.749047934,0.6114475483492869,0.6043776803237457,17,106,0,901.5638586174298,43565,6678,36887,0.07927754032814005,0.06841600161632488,47,317.5638586174298,584.0,7,13,False,{},{},{},{},0.0,0.0,0.0,0.0,0.0,0.0,0.0,0.0,0.0,0.0,0.0,0.0,0.0,0.0,Leave Event,0.0,"{'node_level': {}, 'link_level': {}, 'path_level': {}}","{'node_level': {}, 'link_level': {}, 'path_level': {}}","{'node_level': {}, 'link_level': {}, 'path_level': {}}",[],0.0,0.0,True,True,False,0,[],0,0.0,,
71,21,12,3130.0,5119.0,1866490.977186472,3088285.749047934,0.6114475483492869,0.6043776803237457,17,107,0,902.933888040804,43565,6678,36887,0.07927754032814005,0.06841600161632488,42,380.933888040804,522.0,9,22,False,{},{},{},{},0.0,0.0,0.0,0.0,0.0,0.0,0.0,0.0,0.0,0.0,0.0,0.0,0.0,0.0,Leave Event,0.0,"{'node_level': {}, 'link_level': {}, 'path_level': {}}","{'node_level': {}, 'link_level': {}, 'path_level': {}}","{'node_level': {}, 'link_level': {}, 'path_level': {}}",[],0.0,0.0,True,True,False,0,[],0,0.0,,
72,21,12,3130.0,5119.0,1866490.977186472,3088285.749047934,0.6114475483492869,0.6043776803237457,17,108,1,903.0,43565,6678,36887,0.07927754032814005,0.06841600161632488,71,1175.088644606799,903.0,6,8,False,"{4: 7, 5: 10, 3: 25, 2: 45, 1: 43, 0: 4}","{(0, 4): [(4, 15), (15, 7)], (1, 2): [(43, 0), (0, 30), (30, 45)], (1, 4): []}","{(4, 7): {'cpu': 19}, (5, 10): {'cpu': 17}, (3, 25): {'cpu': 9}, (2, 45): {'cpu': 17}, (1, 43): {'cpu': 18}, (0, 4): {'cpu': 1}}","{((0, 4), (4, 15)): {'bw': 22}, ((0, 4), (15, 7)): {'bw': 22}, ((1, 2), (43, 0)): {'bw': 11}, ((1, 2), (0, 30)): {'bw': 11}, ((1, 2), (30, 45)): {'bw': 11}}",0.0,0.0,271.0,81.0,190.0,0.0,0.0,0.0,0.0,0.0,0.0,0.0,0.0,0.0,Route Failure,5.175385017025121,"{'node_level': {}, 'link_level': {}, 'path_level': {}}","{'node_level': {4: {'cpu': -15}, 5: {'cpu': -69}, 3: {'cpu': -49}, 2: {'cpu': -42}, 1: {'cpu': -54}, 0: {'cpu': -27}}, 'link_level': {(0, 4): {'bw': -58}, (1, 2): {'bw': -28}, (1, 4): {'bw': -19}}, 'path_level': {(0, 4): {'latency': -7.457373641953957}, (1, 2): {'latency': -0.5672438863704858}, (1, 4): {'latency': 5.175385017025121}}}","{'node_level': {4: {'cpu': 0}, 5: {'cpu': 0}, 3: {'cpu': 0}, 2: {'cpu': 0}, 1: {'cpu': 0}, 0: {'cpu': 0}}, 'link_level': {(0, 4): {'bw': 0}, (1, 2): {'bw': 0}, (1, 4): {'bw': 0}}, 'path_level': {(0, 4): {'latency': 0}, (1, 2): {'latency': 0}, (1, 4): {'latency': 5.175385017025121}}}",[],0.0,0.0,True,False,False,0,[],0,0.0,6.0,3.0
72,21,11,3130.0,5119.0,1866490.977186472,3088285.749047934,0.6114475483492869,0.6043776803237457,17,109,0,906.4409201821251,44208,6786,37422,0.0643871501447677,0.054904535811698185,67,52.44092018212503,854.0,8,9,False,{},{},{},{},0.0,0.0,0.0,0.0,0.0,0.0,0.0,0.0,0.0,0.0,0.0,0.0,0.0,0.0,Leave Event,0.0,"{'node_level': {}, 'link_level': {}, 'path_level': {}}","{'node_level': {}, 'link_level': {}, 'path_level': {}}","{'node_level': {}, 'link_level': {}, 'path_level': {}}",[],0.0,0.0,True,True,False,0,[],0,0.0,,
73,22,12,3367.0,5484.0,1871027.5022830428,3095272.3805257753,0.6139679066374909,0.6044791127445859,17,110,1,911.0,43843,6745,37098,0.07003998345512197,0.06308718052328521,72,19.141456103673956,911.0,6,9,True,"{2: 1, 3: 30, 5: 49, 1: 5, 4: 77, 0: 68}","{(0, 2): [(68, 79), (79, 1)], (0, 5): [(68, 10), (10, 49)], (1, 2): [(5, 74), (74, 1)], (1, 3): [(5, 85), (85, 30)], (1, 4): [(5, 11), (11, 77)], (2, 4): [(1, 77)], (2, 5): [(1, 33), (33, 49)], (3, 4): [(30, 91), (91, 77)], (3, 5): [(30, 49)]}","{(2, 1): {'cpu': 18}, (3, 30): {'cpu': 6}, (5, 49): {'cpu': 7}, (1, 5): {'cpu': 3}, (4, 77): {'cpu': 4}, (0, 68): {'cpu': 3}}","{((0, 2), (68, 79)): {'bw': 20}, ((0, 2), (79, 1)): {'bw': 20}, ((0, 5), (68, 10)): {'bw': 23}, ((0, 5), (10, 49)): {'bw': 23}, ((1, 2), (5, 74)): {'bw': 24}, ((1, 2), (74, 1)): {'bw': 24}, ((1, 3), (5, 85)): {'bw': 22}, ((1, 3), (85, 30)): {'bw': 22}, ((1, 4), (5, 11)): {'bw': 13}, ((1, 4), (11, 77)): {'bw': 13}, ((2, 4), (1, 77)): {'bw': 23}, ((2, 5), (1, 33)): {'bw': 11}, ((2, 5), (33, 49)): {'bw': 11}, ((3, 4), (30, 91)): {'bw': 15}, ((3, 4), (91, 77)): {'bw': 15}, ((3, 5), (30, 49)): {'bw': 45}}",365.0,237.0,237.0,41.0,196.0,41.0,196.0,41.0,324.0,128.0,0.6493150684931507,6986.631477840994,4536.525096570727,12.428835881015692,Success,0.0,"{'node_level': {}, 'link_level': {}, 'path_level': {}}","{'node_level': {2: {'cpu': -79}, 3: {'cpu': -30}, 5: {'cpu': -39}, 1: {'cpu': -86}, 4: {'cpu': -19}, 0: {'cpu': -36}}, 'link_level': {(0, 2): {'bw': -69}, (0, 5): {'bw': -33}, (1, 2): {'bw': -33}, (1, 3): {'bw': -28}, (1, 4): {'bw': -58}, (2, 4): {'bw': -70}, (2, 5): {'bw': -42}, (3, 4): {'bw': -32}, (3, 5): {'bw': -23}}, 'path_level': {(0, 2): {'latency': -0.5578351723057935}, (0, 5): {'latency': -4.2109840661897895}, (1, 2): {'latency': -6.180046863883245}, (1, 3): {'latency': -9.743464860145437}, (1, 4): {'latency': -1.1882579574242875}, (2, 4): {'latency': -6.5681087587787035}, (2, 5): {'latency': -7.850858902792936}, (3, 4): {'latency': -1.7013266679720251}, (3, 5): {'latency': -2.2871731580676773}}}","{'node_level': {2: {'cpu': 0}, 3: {'cpu': 0}, 5: {'cpu': 0}, 1: {'cpu': 0}, 4: {'cpu': 0}, 0: {'cpu': 0}}, 'link_level': {(0, 2): {'bw': 0}, (0, 5): {'bw': 0}, (1, 2): {'bw': 0}, (1, 3): {'bw': 0}, (1, 4): {'bw': 0}, (2, 4): {'bw': 0}, (2, 5): {'bw': 0}, (3, 4): {'bw': 0}, (3, 5): {'bw': 0}}, 'path_level': {(0, 2): {'latency': 0}, (0, 5): {'latency': 0}, (1, 2): {'latency': 0}, (1, 3): {'latency': 0}, (1, 4): {'latency': 0}, (2, 4): {'latency': 0}, (2, 5): {'latency': 0}, (3, 4): {'latency': 0}, (3, 5): {'latency': 0}}}",[],0.0,0.0,True,True,False,0,[],0,0.0,6.0,9.0
73,22,11,3367.0,5484.0,1871027.5022830428,3095272.3805257753,0.6139679066374909,0.6044791127445859,17,111,0,918.5140050681475,44027,6789,37238,0.06397352819522961,0.05955146984543891,55,218.5140050681475,700.0,3,2,False,{},{},{},{},0.0,0.0,0.0,0.0,0.0,0.0,0.0,0.0,0.0,0.0,0.0,0.0,0.0,0.0,Leave Event,0.0,"{'node_level': {}, 'link_level': {}, 'path_level': {}}","{'node_level': {}, 'link_level': {}, 'path_level': {}}","{'node_level': {}, 'link_level': {}, 'path_level': {}}",[],0.0,0.0,True,True,False,0,[],0,0.0,,
73,22,10,3367.0,5484.0,1871027.5022830428,3095272.3805257753,0.6139679066374909,0.6044791127445859,17,112,0,919.2543241744426,44434,6864,37570,0.053632979456776475,0.05116678452368928,22,608.2543241744426,311.0,5,7,False,{},{},{},{},0.0,0.0,0.0,0.0,0.0,0.0,0.0,0.0,0.0,0.0,0.0,0.0,0.0,0.0,Leave Event,0.0,"{'node_level': {}, 'link_level': {}, 'path_level': {}}","{'node_level': {}, 'link_level': {}, 'path_level': {}}","{'node_level': {}, 'link_level': {}, 'path_level': {}}",[],0.0,0.0,True,True,False,0,[],0,0.0,,
74,22,10,3367.0,5484.0,1871027.5022830428,3095272.3805257753,0.6139679066374909,0.6044791127445859,17,113,1,925.0,44434,6864,37570,0.053632979456776475,0.05116678452368928,73,354.95896188308075,925.0,10,24,False,"{9: 30, 8: 77, 5: 60, 7: 18, 1: 68, 2: 41, 4: 4, 6: 5, 3: 7, 0: 25}","{(0, 1): [(25, 32), (32, 68)], (0, 4): []}","{(9, 30): {'cpu': 15}, (8, 77): {'cpu': 6}, (5, 60): {'cpu': 11}, (7, 18): {'cpu': 6}, (1, 68): {'cpu': 3}, (2, 41): {'cpu': 16}, (4, 4): {'cpu': 6}, (6, 5): {'cpu': 7}, (3, 7): {'cpu': 3}, (0, 25): {'cpu': 12}}","{((0, 1), (25, 32)): {'bw': 35}, ((0, 1), (32, 68)): {'bw': 35}}",0.0,0.0,689.0,85.0,604.0,0.0,0.0,0.0,0.0,0.0,0.0,0.0,0.0,0.0,Route Failure,8.07744892258352,"{'node_level': {}, 'link_level': {}, 'path_level': {}}","{'node_level': {9: {'cpu': -34}, 8: {'cpu': -32}, 5: {'cpu': -31}, 7: {'cpu': -38}, 1: {'cpu': -41}, 2: {'cpu': -4}, 4: {'cpu': -39}, 6: {'cpu': -79}, 3: {'cpu': -31}, 0: {'cpu': -46}}, 'link_level': {(0, 1): {'bw': -16}, (0, 4): {'bw': -26}}, 'path_level': {(0, 1): {'latency': -4.412746641018186}, (0, 4): {'latency': 8.07744892258352}}}","{'node_level': {9: {'cpu': 0}, 8: {'cpu': 0}, 5: {'cpu': 0}, 7: {'cpu': 0}, 1: {'cpu': 0}, 2: {'cpu': 0}, 4: {'cpu': 0}, 6: {'cpu': 0}, 3: {'cpu': 0}, 0: {'cpu': 0}}, 'link_level': {(0, 1): {'bw': 0}, (0, 4): {'bw': 0}}, 'path_level': {(0, 1): {'latency': 0}, (0, 4): {'latency': 8.07744892258352}}}",[],0.0,0.0,True,False,False,0,[],0,0.0,10.0,2.0
74,22,9,3367.0,5484.0,1871027.5022830428,3095272.3805257753,0.6139679066374909,0.6044791127445859,17,114,0,930.1414561036739,44799,6905,37894,0.04798014614642221,0.04298413981210225,72,19.141456103673956,911.0,6,9,False,{},{},{},{},0.0,0.0,0.0,0.0,0.0,0.0,0.0,0.0,0.0,0.0,0.0,0.0,0.0,0.0,Leave Event,0.0,"{'node_level': {}, 'link_level': {}, 'path_level': {}}","{'node_level': {}, 'link_level': {}, 'path_level': {}}","{'node_level': {}, 'link_level': {}, 'path_level': {}}",[],0.0,0.0,True,True,False,0,[],0,0.0,,
75,22,9,3367.0,5484.0,1871027.5022830428,3095272.3805257753,0.6139679066374909,0.6044791127445859,17,115,1,936.0,44799,6905,37894,0.04798014614642221,0.04298413981210225,74,91.26929800172978,936.0,6,10,False,"{4: 30, 2: 77, 0: 68, 5: 60, 3: 18, 1: 5}","{(0, 2): [(68, 23), (23, 77)], (0, 3): []}","{(4, 30): {'cpu': 12}, (2, 77): {'cpu': 10}, (0, 68): {'cpu': 11}, (5, 60): {'cpu': 9}, (3, 18): {'cpu': 14}, (1, 5): {'cpu': 5}}","{((0, 2), (68, 23)): {'bw': 38}, ((0, 2), (23, 77)): {'bw': 38}}",0.0,0.0,442.0,61.0,381.0,0.0,0.0,0.0,0.0,0.0,0.0,0.0,0.0,0.0,Route Failure,38.0,"{'node_level': {}, 'link_level': {}, 'path_level': {}}","{'node_level': {4: {'cpu': -43}, 2: {'cpu': -32}, 0: {'cpu': -36}, 5: {'cpu': -33}, 3: {'cpu': -30}, 1: {'cpu': -84}}, 'link_level': {(0, 2): {'bw': -19}, (0, 3): {'bw': 38}}, 'path_level': {(0, 2): {'latency': -6.624351436672837}, (0, 3): {'latency': 1.8209498882226605}}}","{'node_level': {4: {'cpu': 0}, 2: {'cpu': 0}, 0: {'cpu': 0}, 5: {'cpu': 0}, 3: {'cpu': 0}, 1: {'cpu': 0}}, 'link_level': {(0, 2): {'bw': 0}, (0, 3): {'bw': 38}}, 'path_level': {(0, 2): {'latency': 0}, (0, 3): {'latency': 1.8209498882226605}}}",[],0.0,0.0,True,False,False,0,[],0,0.0,6.0,2.0
75,22,9,3367.0,5484.0,1871027.5022830428,3095272.3805257753,0.6139679066374909,0.6044791127445859,17,116,0,941.5650443266699,44799,6905,37894,0.04798014614642221,0.04298413981210225,59,193.5650443266699,748.0,8,15,False,{},{},{},{},0.0,0.0,0.0,0.0,0.0,0.0,0.0,0.0,0.0,0.0,0.0,0.0,0.0,0.0,Leave Event,0.0,"{'node_level': {}, 'link_level': {}, 'path_level': {}}","{'node_level': {}, 'link_level': {}, 'path_level': {}}","{'node_level': {}, 'link_level': {}, 'path_level': {}}",[],0.0,0.0,True,True,False,0,[],0,0.0,,
75,22,9,3367.0,5484.0,1871027.5022830428,3095272.3805257753,0.6139679066374909,0.6044791127445859,17,117,0,941.93070725741,44799,6905,37894,0.04798014614642221,0.04298413981210225,40,443.93070725741,498.0,5,7,False,{},{},{},{},0.0,0.0,0.0,0.0,0.0,0.0,0.0,0.0,0.0,0.0,0.0,0.0,0.0,0.0,Leave Event,0.0,"{'node_level': {}, 'link_level': {}, 'path_level': {}}","{'node_level': {}, 'link_level': {}, 'path_level': {}}","{'node_level': {}, 'link_level': {}, 'path_level': {}}",[],0.0,0.0,True,True,False,0,[],0,0.0,,
76,22,9,3367.0,5484.0,1871027.5022830428,3095272.3805257753,0.6139679066374909,0.6044791127445859,17,118,1,944.0,44799,6905,37894,0.04798014614642221,0.04298413981210225,75,754.9117310378111,944.0,5,9,False,"{2: 30, 0: 77, 1: 68, 3: 60, 4: 18}","{(0, 1): [(77, 23), (23, 68)], (0, 2): [(77, 29), (29, 30)], (0, 3): []}","{(2, 30): {'cpu': 13}, (0, 77): {'cpu': 3}, (1, 68): {'cpu': 12}, (3, 60): {'cpu': 16}, (4, 18): {'cpu': 9}}","{((0, 1), (77, 23)): {'bw': 41}, ((0, 1), (23, 68)): {'bw': 41}, ((0, 2), (77, 29)): {'bw': 46}, ((0, 2), (29, 30)): {'bw': 46}}",0.0,0.0,282.0,53.0,229.0,0.0,0.0,0.0,0.0,0.0,0.0,0.0,0.0,0.0,Route Failure,9.096173620427685,"{'node_level': {}, 'link_level': {}, 'path_level': {}}","{'node_level': {2: {'cpu': -42}, 0: {'cpu': -39}, 1: {'cpu': -35}, 3: {'cpu': -26}, 4: {'cpu': -35}}, 'link_level': {(0, 1): {'bw': -16}, (0, 2): {'bw': -22}, (0, 3): {'bw': -30}}, 'path_level': {(0, 1): {'latency': -0.0216196209849695}, (0, 2): {'latency': -5.767642800837583}, (0, 3): {'latency': 9.096173620427685}}}","{'node_level': {2: {'cpu': 0}, 0: {'cpu': 0}, 1: {'cpu': 0}, 3: {'cpu': 0}, 4: {'cpu': 0}}, 'link_level': {(0, 1): {'bw': 0}, (0, 2): {'bw': 0}, (0, 3): {'bw': 0}}, 'path_level': {(0, 1): {'latency': 0}, (0, 2): {'latency': 0}, (0, 3): {'latency': 9.096173620427685}}}",[],0.0,0.0,True,False,False,0,[],0,0.0,5.0,3.0
77,22,9,3367.0,5484.0,1871027.5022830428,3095272.3805257753,0.6139679066374909,0.6044791127445859,17,119,1,957.0,44799,6905,37894,0.04798014614642221,0.04298413981210225,76,1000.9932579629997,957.0,9,22,False,"{1: 30, 5: 77, 0: 68, 4: 60, 2: 18, 7: 5, 3: 1, 8: 49, 6: 41}","{(0, 2): [(68, 41), (41, 18)], (0, 4): [(68, 32), (32, 60)], (0, 5): [(68, 97), (97, 77)], (0, 7): [(68, 79), (79, 5)], (1, 2): [(30, 0), (0, 18)], (1, 3): []}","{(1, 30): {'cpu': 13}, (5, 77): {'cpu': 7}, (0, 68): {'cpu': 18}, (4, 60): {'cpu': 1}, (2, 18): {'cpu': 13}, (7, 5): {'cpu': 10}, (3, 1): {'cpu': 1}, (8, 49): {'cpu': 9}, (6, 41): {'cpu': 4}}","{((0, 2), (68, 41)): {'bw': 20}, ((0, 2), (41, 18)): {'bw': 20}, ((0, 4), (68, 32)): {'bw': 36}, ((0, 4), (32, 60)): {'bw': 36}, ((0, 5), (68, 97)): {'bw': 30}, ((0, 5), (97, 77)): {'bw': 30}, ((0, 7), (68, 79)): {'bw': 43}, ((0, 7), (79, 5)): {'bw': 43}, ((1, 2), (30, 0)): {'bw': 24}, ((1, 2), (0, 18)): {'bw': 24}}",0.0,0.0,580.0,76.0,504.0,0.0,0.0,0.0,0.0,0.0,0.0,0.0,0.0,0.0,Route Failure,7.643339126674993,"{'node_level': {}, 'link_level': {}, 'path_level': {}}","{'node_level': {1: {'cpu': -42}, 5: {'cpu': -35}, 0: {'cpu': -29}, 4: {'cpu': -41}, 2: {'cpu': -31}, 7: {'cpu': -79}, 3: {'cpu': -96}, 8: {'cpu': -37}, 6: {'cpu': -16}}, 'link_level': {(0, 2): {'bw': -9}, (0, 4): {'bw': -16}, (0, 5): {'bw': -28}, (0, 7): {'bw': -37}, (1, 2): {'bw': -46}, (1, 3): {'bw': -31}}, 'path_level': {(0, 2): {'latency': -0.8216157994313469}, (0, 4): {'latency': -1.0317850216749118}, (0, 5): {'latency': -0.025543593074320192}, (0, 7): {'latency': -8.204335791700524}, (1, 2): {'latency': -5.775283273899857}, (1, 3): {'latency': 7.643339126674993}}}","{'node_level': {1: {'cpu': 0}, 5: {'cpu': 0}, 0: {'cpu': 0}, 4: {'cpu': 0}, 2: {'cpu': 0}, 7: {'cpu': 0}, 3: {'cpu': 0}, 8: {'cpu': 0}, 6: {'cpu': 0}}, 'link_level': {(0, 2): {'bw': 0}, (0, 4): {'bw': 0}, (0, 5): {'bw': 0}, (0, 7): {'bw': 0}, (1, 2): {'bw': 0}, (1, 3): {'bw': 0}}, 'path_level': {(0, 2): {'latency': 0}, (0, 4): {'latency': 0}, (0, 5): {'latency': 0}, (0, 7): {'latency': 0}, (1, 2): {'latency': 0}, (1, 3): {'latency': 7.643339126674993}}}",[],0.0,0.0,True,False,False,0,[],0,0.0,9.0,6.0
77,22,9,3367.0,5484.0,1871027.5022830428,3095272.3805257753,0.6139679066374909,0.6044791127445859,17,120,0,963.8039764206146,44799,6905,37894,0.04798014614642221,0.04298413981210225,30,569.8039764206146,394.0,3,3,False,{},{},{},{},0.0,0.0,0.0,0.0,0.0,0.0,0.0,0.0,0.0,0.0,0.0,0.0,0.0,0.0,Leave Event,0.0,"{'node_level': {}, 'link_level': {}, 'path_level': {}}","{'node_level': {}, 'link_level': {}, 'path_level': {}}","{'node_level': {}, 'link_level': {}, 'path_level': {}}",[],0.0,0.0,True,True,False,0,[],0,0.0,,
77,22,9,3367.0,5484.0,1871027.5022830428,3095272.3805257753,0.6139679066374909,0.6044791127445859,17,121,0,965.7829559503477,44799,6905,37894,0.04798014614642221,0.04298413981210225,64,150.78295595034774,815.0,7,12,False,{},{},{},{},0.0,0.0,0.0,0.0,0.0,0.0,0.0,0.0,0.0,0.0,0.0,0.0,0.0,0.0,Leave Event,0.0,"{'node_level': {}, 'link_level': {}, 'path_level': {}}","{'node_level': {}, 'link_level': {}, 'path_level': {}}","{'node_level': {}, 'link_level': {}, 'path_level': {}}",[],0.0,0.0,True,True,False,0,[],0,0.0,,
78,22,9,3367.0,5484.0,1871027.5022830428,3095272.3805257753,0.6139679066374909,0.6044791127445859,17,122,1,975.0,44799,6905,37894,0.04798014614642221,0.04298413981210225,77,265.0014385167753,975.0,7,9,False,"{6: 30, 4: 77, 2: 68, 3: 60, 0: 18, 5: 5, 1: 1}","{(0, 2): [(18, 32), (32, 68)], (0, 6): [(18, 0), (0, 30)], (1, 6): [(1, 13), (13, 30)], (2, 3): [(68, 32), (32, 60)], (2, 4): [(68, 23), (23, 77)], (3, 5): [(60, 5)], (3, 6): [(60, 40), (40, 30)], (4, 5): []}","{(6, 30): {'cpu': 16}, (4, 77): {'cpu': 11}, (2, 68): {'cpu': 15}, (3, 60): {'cpu': 5}, (0, 18): {'cpu': 2}, (5, 5): {'cpu': 4}, (1, 1): {'cpu': 7}}","{((0, 2), (18, 32)): {'bw': 23}, ((0, 2), (32, 68)): {'bw': 23}, ((0, 6), (18, 0)): {'bw': 31}, ((0, 6), (0, 30)): {'bw': 31}, ((1, 6), (1, 13)): {'bw': 39}, ((1, 6), (13, 30)): {'bw': 39}, ((2, 3), (68, 32)): {'bw': 12}, ((2, 3), (32, 60)): {'bw': 12}, ((2, 4), (68, 23)): {'bw': 35}, ((2, 4), (23, 77)): {'bw': 35}, ((3, 5), (60, 5)): {'bw': 4}, ((3, 6), (60, 40)): {'bw': 50}, ((3, 6), (40, 30)): {'bw': 50}}",0.0,0.0,298.0,60.0,238.0,0.0,0.0,0.0,0.0,0.0,0.0,0.0,0.0,0.0,Route Failure,5.447614836336298,"{'node_level': {}, 'link_level': {}, 'path_level': {}}","{'node_level': {6: {'cpu': -39}, 4: {'cpu': -31}, 2: {'cpu': -32}, 3: {'cpu': -37}, 0: {'cpu': -42}, 5: {'cpu': -85}, 1: {'cpu': -90}}, 'link_level': {(0, 2): {'bw': -29}, (0, 6): {'bw': -39}, (1, 6): {'bw': -41}, (2, 3): {'bw': -17}, (2, 4): {'bw': -22}, (3, 5): {'bw': -59}, (3, 6): {'bw': -26}, (4, 5): {'bw': -12}}, 'path_level': {(0, 2): {'latency': -4.412449863932771}, (0, 6): {'latency': -10.177488355941499}, (1, 6): {'latency': -2.038152642408029}, (2, 3): {'latency': -0.27948604617143147}, (2, 4): {'latency': -4.225353114170872}, (3, 5): {'latency': -0.35313985684321025}, (3, 6): {'latency': -10.734292503982058}, (4, 5): {'latency': 5.447614836336298}}}","{'node_level': {6: {'cpu': 0}, 4: {'cpu': 0}, 2: {'cpu': 0}, 3: {'cpu': 0}, 0: {'cpu': 0}, 5: {'cpu': 0}, 1: {'cpu': 0}}, 'link_level': {(0, 2): {'bw': 0}, (0, 6): {'bw': 0}, (1, 6): {'bw': 0}, (2, 3): {'bw': 0}, (2, 4): {'bw': 0}, (3, 5): {'bw': 0}, (3, 6): {'bw': 0}, (4, 5): {'bw': 0}}, 'path_level': {(0, 2): {'latency': 0}, (0, 6): {'latency': 0}, (1, 6): {'latency': 0}, (2, 3): {'latency': 0}, (2, 4): {'latency': 0}, (3, 5): {'latency': 0}, (3, 6): {'latency': 0}, (4, 5): {'latency': 5.447614836336298}}}",[],0.0,0.0,True,False,False,0,[],0,0.0,7.0,8.0
79,22,9,3367.0,5484.0,1871027.5022830428,3095272.3805257753,0.6139679066374909,0.6044791127445859,17,123,1,982.0,44799,6905,37894,0.04798014614642221,0.04298413981210225,78,75.39550645458432,982.0,7,9,False,"{2: 30, 6: 77, 1: 68, 5: 60, 4: 18, 0: 5, 3: 1}","{(0, 1): [(5, 79), (79, 68)], (0, 5): [(5, 60)], (1, 4): [(68, 41), (41, 18)], (1, 6): [(68, 97), (97, 77)], (2, 4): []}","{(2, 30): {'cpu': 9}, (6, 77): {'cpu': 3}, (1, 68): {'cpu': 8}, (5, 60): {'cpu': 8}, (4, 18): {'cpu': 15}, (0, 5): {'cpu': 4}, (3, 1): {'cpu': 19}}","{((0, 1), (5, 79)): {'bw': 35}, ((0, 1), (79, 68)): {'bw': 35}, ((0, 5), (5, 60)): {'bw': 17}, ((1, 4), (68, 41)): {'bw': 14}, ((1, 4), (41, 18)): {'bw': 14}, ((1, 6), (68, 97)): {'bw': 29}, ((1, 6), (97, 77)): {'bw': 29}}",0.0,0.0,261.0,66.0,195.0,0.0,0.0,0.0,0.0,0.0,0.0,0.0,0.0,0.0,Route Failure,4.447306485022361,"{'node_level': {}, 'link_level': {}, 'path_level': {}}","{'node_level': {2: {'cpu': -46}, 6: {'cpu': -39}, 1: {'cpu': -39}, 5: {'cpu': -34}, 4: {'cpu': -29}, 0: {'cpu': -85}, 3: {'cpu': -78}}, 'link_level': {(0, 1): {'bw': -45}, (0, 5): {'bw': -46}, (1, 4): {'bw': -15}, (1, 6): {'bw': -29}, (2, 4): {'bw': -39}}, 'path_level': {(0, 1): {'latency': -6.6116617596933605}, (0, 5): {'latency': -1.73768891775505}, (1, 4): {'latency': -3.3893492344950142}, (1, 6): {'latency': -0.11499687401657877}, (2, 4): {'latency': 4.447306485022361}}}","{'node_level': {2: {'cpu': 0}, 6: {'cpu': 0}, 1: {'cpu': 0}, 5: {'cpu': 0}, 4: {'cpu': 0}, 0: {'cpu': 0}, 3: {'cpu': 0}}, 'link_level': {(0, 1): {'bw': 0}, (0, 5): {'bw': 0}, (1, 4): {'bw': 0}, (1, 6): {'bw': 0}, (2, 4): {'bw': 0}}, 'path_level': {(0, 1): {'latency': 0}, (0, 5): {'latency': 0}, (1, 4): {'latency': 0}, (1, 6): {'latency': 0}, (2, 4): {'latency': 4.447306485022361}}}",[],0.0,0.0,True,False,False,0,[],0,0.0,7.0,5.0
80,23,10,3410.0,5558.0,1871753.9181476238,3096522.491548543,0.613530046779417,0.604469666619982,17,124,1,994.0,44725,6893,37832,0.04963463394457468,0.044549954540862746,79,16.89339219956097,994.0,2,1,True,"{0: 30, 1: 77}","{(0, 1): [(30, 85), (85, 77)]}","{(0, 30): {'cpu': 7}, (1, 77): {'cpu': 5}}","{((0, 1), (30, 85)): {'bw': 31}, ((0, 1), (85, 77)): {'bw': 31}}",74.0,43.0,43.0,12.0,31.0,12.0,31.0,12.0,62.0,31.0,0.581081081081081,1250.111022767512,726.4158645811217,9.816430602447591,Success,0.0,"{'node_level': {}, 'link_level': {}, 'path_level': {}}","{'node_level': {0: {'cpu': -48}, 1: {'cpu': -37}}, 'link_level': {(0, 1): {'bw': -19}}, 'path_level': {(0, 1): {'latency': -0.4393469011439963}}}","{'node_level': {0: {'cpu': 0}, 1: {'cpu': 0}}, 'link_level': {(0, 1): {'bw': 0}}, 'path_level': {(0, 1): {'latency': 0}}}",[],0.0,0.0,True,True,False,0,[],0,0.0,2.0,1.0
81,23,10,3410.0,5558.0,1871753.9181476238,3096522.491548543,0.613530046779417,0.604469666619982,17,125,1,1009.0,44725,6893,37832,0.04963463394457468,0.044549954540862746,80,2024.9235083769545,1009.0,3,2,False,"{2: 30, 1: 77, 0: 68}","{(0, 2): []}","{(2, 30): {'cpu': 15}, (1, 77): {'cpu': 19}, (0, 68): {'cpu': 15}}",{},0.0,0.0,120.0,49.0,71.0,0.0,0.0,0.0,0.0,0.0,0.0,0.0,0.0,0.0,Route Failure,5.5083582564232625,"{'node_level': {}, 'link_level': {}, 'path_level': {}}","{'node_level': {2: {'cpu': -33}, 1: {'cpu': -18}, 0: {'cpu': -32}}, 'link_level': {(0, 2): {'bw': -27}}, 'path_level': {(0, 2): {'latency': 5.5083582564232625}}}","{'node_level': {2: {'cpu': 0}, 1: {'cpu': 0}, 0: {'cpu': 0}}, 'link_level': {(0, 2): {'bw': 0}}, 'path_level': {(0, 2): {'latency': 5.5083582564232625}}}",[],0.0,0.0,True,False,False,0,[],0,0.0,3.0,1.0
81,23,9,3410.0,5558.0,1871753.9181476238,3096522.491548543,0.613530046779417,0.604469666619982,17,126,0,1010.8933921995609,44799,6905,37894,0.04798014614642221,0.04298413981210225,79,16.89339219956097,994.0,2,1,False,{},{},{},{},0.0,0.0,0.0,0.0,0.0,0.0,0.0,0.0,0.0,0.0,0.0,0.0,0.0,0.0,Leave Event,0.0,"{'node_level': {}, 'link_level': {}, 'path_level': {}}","{'node_level': {}, 'link_level': {}, 'path_level': {}}","{'node_level': {}, 'link_level': {}, 'path_level': {}}",[],0.0,0.0,True,True,False,0,[],0,0.0,,
81,23,9,3410.0,5558.0,1871753.9181476238,3096522.491548543,0.613530046779417,0.604469666619982,17,127,0,1012.6410145895702,44799,6905,37894,0.04798014614642221,0.04298413981210225,36,562.6410145895702,450.0,3,3,False,{},{},{},{},0.0,0.0,0.0,0.0,0.0,0.0,0.0,0.0,0.0,0.0,0.0,0.0,0.0,0.0,Leave Event,0.0,"{'node_level': {}, 'link_level': {}, 'path_level': {}}","{'node_level': {}, 'link_level': {}, 'path_level': {}}","{'node_level': {}, 'link_level': {}, 'path_level': {}}",[],0.0,0.0,True,True,False,0,[],0,0.0,,
82,23,9,3410.0,5558.0,1871753.9181476238,3096522.491548543,0.613530046779417,0.604469666619982,17,128,1,1024.0,44799,6905,37894,0.04798014614642221,0.04298413981210225,81,233.63628162851163,1024.0,7,11,False,"{6: 30, 0: 77, 2: 68, 3: 60, 4: 18, 1: 5, 5: 1}","{(0, 4): [(77, 18)], (0, 5): [(77, 1)], (0, 6): [(77, 29), (29, 30)], (1, 3): [(5, 60)], (1, 5): [(5, 74), (74, 1)], (1, 6): [(5, 85), (85, 30)], (2, 4): [(68, 32), (32, 18)], (2, 6): [(68, 51), (51, 30)], (3, 4): [(60, 32), (32, 18)], (3, 5): [(60, 13), (13, 1)], (4, 5): []}","{(6, 30): {'cpu': 12}, (0, 77): {'cpu': 15}, (2, 68): {'cpu': 19}, (3, 60): {'cpu': 19}, (4, 18): {'cpu': 12}, (1, 5): {'cpu': 16}, (5, 1): {'cpu': 6}}","{((0, 4), (77, 18)): {'bw': 7}, ((0, 5), (77, 1)): {'bw': 42}, ((0, 6), (77, 29)): {'bw': 44}, ((0, 6), (29, 30)): {'bw': 44}, ((1, 3), (5, 60)): {'bw': 48}, ((1, 5), (5, 74)): {'bw': 13}, ((1, 5), (74, 1)): {'bw': 13}, ((1, 6), (5, 85)): {'bw': 13}, ((1, 6), (85, 30)): {'bw': 13}, ((2, 4), (68, 32)): {'bw': 46}, ((2, 4), (32, 18)): {'bw': 46}, ((2, 6), (68, 51)): {'bw': 38}, ((2, 6), (51, 30)): {'bw': 38}, ((3, 4), (60, 32)): {'bw': 19}, ((3, 4), (32, 18)): {'bw': 19}, ((3, 5), (60, 13)): {'bw': 10}, ((3, 5), (13, 1)): {'bw': 10}}",0.0,0.0,388.0,99.0,289.0,0.0,0.0,0.0,0.0,0.0,0.0,0.0,0.0,0.0,Route Failure,6.0,"{'node_level': {}, 'link_level': {}, 'path_level': {}}","{'node_level': {6: {'cpu': -43}, 0: {'cpu': -27}, 2: {'cpu': -28}, 3: {'cpu': -23}, 4: {'cpu': -32}, 1: {'cpu': -73}, 5: {'cpu': -91}}, 'link_level': {(0, 4): {'bw': -92}, (0, 5): {'bw': -51}, (0, 6): {'bw': -24}, (1, 3): {'bw': -15}, (1, 5): {'bw': -44}, (1, 6): {'bw': -37}, (2, 4): {'bw': -6}, (2, 6): {'bw': -15}, (3, 4): {'bw': -25}, (3, 5): {'bw': -70}, (4, 5): {'bw': 6}}, 'path_level': {(0, 4): {'latency': -11.822822982306072}, (0, 5): {'latency': -11.354577394534903}, (0, 6): {'latency': -3.6932559957667728}, (1, 3): {'latency': -5.5453747306221635}, (1, 5): {'latency': -1.6062299167789522}, (1, 6): {'latency': -8.526386710877448}, (2, 4): {'latency': -0.4803432518943911}, (2, 6): {'latency': -5.349931215723501}, (3, 4): {'latency': -2.41159489504021}, (3, 5): {'latency': -4.579292987930039}, (4, 5): {'latency': 5.1401321644378095}}}","{'node_level': {6: {'cpu': 0}, 0: {'cpu': 0}, 2: {'cpu': 0}, 3: {'cpu': 0}, 4: {'cpu': 0}, 1: {'cpu': 0}, 5: {'cpu': 0}}, 'link_level': {(0, 4): {'bw': 0}, (0, 5): {'bw': 0}, (0, 6): {'bw': 0}, (1, 3): {'bw': 0}, (1, 5): {'bw': 0}, (1, 6): {'bw': 0}, (2, 4): {'bw': 0}, (2, 6): {'bw': 0}, (3, 4): {'bw': 0}, (3, 5): {'bw': 0}, (4, 5): {'bw': 6}}, 'path_level': {(0, 4): {'latency': 0}, (0, 5): {'latency': 0}, (0, 6): {'latency': 0}, (1, 3): {'latency': 0}, (1, 5): {'latency': 0}, (1, 6): {'latency': 0}, (2, 4): {'latency': 0}, (2, 6): {'latency': 0}, (3, 4): {'latency': 0}, (3, 5): {'latency': 0}, (4, 5): {'latency': 5.1401321644378095}}}",[],0.0,0.0,True,False,False,0,[],0,0.0,7.0,11.0
82,23,9,3410.0,5558.0,1871753.9181476238,3096522.491548543,0.613530046779417,0.604469666619982,17,129,0,1027.2692980017298,44799,6905,37894,0.04798014614642221,0.04298413981210225,74,91.26929800172978,936.0,6,10,False,{},{},{},{},0.0,0.0,0.0,0.0,0.0,0.0,0.0,0.0,0.0,0.0,0.0,0.0,0.0,0.0,Leave Event,0.0,"{'node_level': {}, 'link_level': {}, 'path_level': {}}","{'node_level': {}, 'link_level': {}, 'path_level': {}}","{'node_level': {}, 'link_level': {}, 'path_level': {}}",[],0.0,0.0,True,True,False,0,[],0,0.0,,
83,23,9,3410.0,5558.0,1871753.9181476238,3096522.491548543,0.613530046779417,0.604469666619982,17,130,1,1033.0,44799,6905,37894,0.04798014614642221,0.04298413981210225,82,272.4285659002399,1033.0,5,5,False,"{1: 30, 4: 77, 3: 68, 0: 60, 2: 18}","{(0, 1): [(60, 13), (13, 30)], (0, 3): []}","{(1, 30): {'cpu': 13}, (4, 77): {'cpu': 5}, (3, 68): {'cpu': 1}, (0, 60): {'cpu': 4}, (2, 18): {'cpu': 3}}","{((0, 1), (60, 13)): {'bw': 11}, ((0, 1), (13, 30)): {'bw': 11}}",0.0,0.0,189.0,26.0,163.0,0.0,0.0,0.0,0.0,0.0,0.0,0.0,0.0,0.0,Route Failure,31.0,"{'node_level': {}, 'link_level': {}, 'path_level': {}}","{'node_level': {1: {'cpu': -42}, 4: {'cpu': -37}, 3: {'cpu': -46}, 0: {'cpu': -38}, 2: {'cpu': -41}}, 'link_level': {(0, 1): {'bw': -76}, (0, 3): {'bw': 31}}, 'path_level': {(0, 1): {'latency': -2.201197584238834}, (0, 3): {'latency': 2.8926568562301904}}}","{'node_level': {1: {'cpu': 0}, 4: {'cpu': 0}, 3: {'cpu': 0}, 0: {'cpu': 0}, 2: {'cpu': 0}}, 'link_level': {(0, 1): {'bw': 0}, (0, 3): {'bw': 31}}, 'path_level': {(0, 1): {'latency': 0}, (0, 3): {'latency': 2.8926568562301904}}}",[],0.0,0.0,True,False,False,0,[],0,0.0,5.0,2.0
83,23,8,3410.0,5558.0,1871753.9181476238,3096522.491548543,0.613530046779417,0.604469666619982,17,131,0,1037.226787451479,44921,6933,37988,0.04411967461739974,0.04061016264269113,45,482.22678745147897,555.0,2,1,False,{},{},{},{},0.0,0.0,0.0,0.0,0.0,0.0,0.0,0.0,0.0,0.0,0.0,0.0,0.0,0.0,Leave Event,0.0,"{'node_level': {}, 'link_level': {}, 'path_level': {}}","{'node_level': {}, 'link_level': {}, 'path_level': {}}","{'node_level': {}, 'link_level': {}, 'path_level': {}}",[],0.0,0.0,True,True,False,0,[],0,0.0,,
83,23,8,3410.0,5558.0,1871753.9181476238,3096522.491548543,0.613530046779417,0.604469666619982,17,132,0,1045.9174390041353,44921,6933,37988,0.04411967461739974,0.04061016264269113,41,538.9174390041352,507.0,4,4,False,{},{},{},{},0.0,0.0,0.0,0.0,0.0,0.0,0.0,0.0,0.0,0.0,0.0,0.0,0.0,0.0,Leave Event,0.0,"{'node_level': {}, 'link_level': {}, 'path_level': {}}","{'node_level': {}, 'link_level': {}, 'path_level': {}}","{'node_level': {}, 'link_level': {}, 'path_level': {}}",[],0.0,0.0,True,True,False,0,[],0,0.0,,
83,23,8,3410.0,5558.0,1871753.9181476238,3096522.491548543,0.613530046779417,0.604469666619982,17,133,0,1048.5122096290029,44921,6933,37988,0.04411967461739974,0.04061016264269113,25,705.5122096290029,343.0,7,10,False,{},{},{},{},0.0,0.0,0.0,0.0,0.0,0.0,0.0,0.0,0.0,0.0,0.0,0.0,0.0,0.0,Leave Event,0.0,"{'node_level': {}, 'link_level': {}, 'path_level': {}}","{'node_level': {}, 'link_level': {}, 'path_level': {}}","{'node_level': {}, 'link_level': {}, 'path_level': {}}",[],0.0,0.0,True,True,False,0,[],0,0.0,,
84,24,9,3428.0,5582.0,1872221.1311387331,3097145.4422033555,0.6141168040128986,0.60449893815991,17,134,1,1054.0,44897,6921,37976,0.04577416241555221,0.04091322355793514,83,25.956277283853577,1054.0,2,1,True,"{1: 30, 0: 77}","{(0, 1): [(77, 29), (29, 30)]}","{(1, 30): {'cpu': 11}, (0, 77): {'cpu': 1}}","{((0, 1), (77, 29)): {'bw': 6}, ((0, 1), (29, 30)): {'bw': 6}}",24.0,18.0,18.0,12.0,6.0,12.0,6.0,12.0,12.0,6.0,0.75,622.9506548124858,467.2129911093644,19.467207962890182,Success,0.0,"{'node_level': {}, 'link_level': {}, 'path_level': {}}","{'node_level': {1: {'cpu': -44}, 0: {'cpu': -41}}, 'link_level': {(0, 1): {'bw': -62}}, 'path_level': {(0, 1): {'latency': -5.55478392693291}}}","{'node_level': {1: {'cpu': 0}, 0: {'cpu': 0}}, 'link_level': {(0, 1): {'bw': 0}}, 'path_level': {(0, 1): {'latency': 0}}}",[],0.0,0.0,True,True,False,0,[],0,0.0,2.0,1.0
84,24,9,3428.0,5582.0,1872221.1311387331,3097145.4422033555,0.6141168040128986,0.60449893815991,17,135,0,1057.3955064545844,44897,6921,37976,0.04577416241555221,0.04091322355793514,78,75.39550645458432,982.0,7,9,False,{},{},{},{},0.0,0.0,0.0,0.0,0.0,0.0,0.0,0.0,0.0,0.0,0.0,0.0,0.0,0.0,Leave Event,0.0,"{'node_level': {}, 'link_level': {}, 'path_level': {}}","{'node_level': {}, 'link_level': {}, 'path_level': {}}","{'node_level': {}, 'link_level': {}, 'path_level': {}}",[],0.0,0.0,True,True,False,0,[],0,0.0,,
85,24,9,3428.0,5582.0,1872221.1311387331,3097145.4422033555,0.6141168040128986,0.60449893815991,17,136,1,1061.0,44897,6921,37976,0.04577416241555221,0.04091322355793514,84,227.45592757291564,1061.0,7,11,False,"{0: 30, 3: 77, 6: 68, 2: 60, 1: 18, 5: 5, 4: 1}","{(0, 1): [(30, 0), (0, 18)], (0, 3): [(30, 85), (85, 77)], (0, 5): [(30, 85), (85, 5)], (0, 6): []}","{(0, 30): {'cpu': 1}, (3, 77): {'cpu': 17}, (6, 68): {'cpu': 18}, (2, 60): {'cpu': 8}, (1, 18): {'cpu': 13}, (5, 5): {'cpu': 20}, (4, 1): {'cpu': 16}}","{((0, 1), (30, 0)): {'bw': 33}, ((0, 1), (0, 18)): {'bw': 33}, ((0, 3), (30, 85)): {'bw': 33}, ((0, 3), (85, 77)): {'bw': 33}, ((0, 5), (30, 85)): {'bw': 12}, ((0, 5), (85, 5)): {'bw': 12}}",0.0,0.0,322.0,93.0,229.0,0.0,0.0,0.0,0.0,0.0,0.0,0.0,0.0,0.0,Route Failure,2.8806407844155637,"{'node_level': {}, 'link_level': {}, 'path_level': {}}","{'node_level': {0: {'cpu': -43}, 3: {'cpu': -24}, 6: {'cpu': -29}, 2: {'cpu': -34}, 1: {'cpu': -31}, 5: {'cpu': -69}, 4: {'cpu': -81}}, 'link_level': {(0, 1): {'bw': -37}, (0, 3): {'bw': -17}, (0, 5): {'bw': -5}, (0, 6): {'bw': -13}}, 'path_level': {(0, 1): {'latency': -11.330187795857444}, (0, 3): {'latency': -1.8778530596329137}, (0, 5): {'latency': -3.4907074198117667}, (0, 6): {'latency': 2.8806407844155637}}}","{'node_level': {0: {'cpu': 0}, 3: {'cpu': 0}, 6: {'cpu': 0}, 2: {'cpu': 0}, 1: {'cpu': 0}, 5: {'cpu': 0}, 4: {'cpu': 0}}, 'link_level': {(0, 1): {'bw': 0}, (0, 3): {'bw': 0}, (0, 5): {'bw': 0}, (0, 6): {'bw': 0}}, 'path_level': {(0, 1): {'latency': 0}, (0, 3): {'latency': 0}, (0, 5): {'latency': 0}, (0, 6): {'latency': 2.8806407844155637}}}",[],0.0,0.0,True,False,False,0,[],0,0.0,7.0,4.0
85,24,9,3428.0,5582.0,1872221.1311387331,3097145.4422033555,0.6141168040128986,0.60449893815991,17,137,0,1073.620251322689,44897,6921,37976,0.04577416241555221,0.04091322355793514,5,1001.6202513226889,72.0,5,6,False,{},{},{},{},0.0,0.0,0.0,0.0,0.0,0.0,0.0,0.0,0.0,0.0,0.0,0.0,0.0,0.0,Leave Event,0.0,"{'node_level': {}, 'link_level': {}, 'path_level': {}}","{'node_level': {}, 'link_level': {}, 'path_level': {}}","{'node_level': {}, 'link_level': {}, 'path_level': {}}",[],0.0,0.0,True,True,False,0,[],0,0.0,,
86,24,9,3428.0,5582.0,1872221.1311387331,3097145.4422033555,0.6141168040128986,0.60449893815991,17,138,1,1078.0,44897,6921,37976,0.04577416241555221,0.04091322355793514,85,8.383885172651535,1078.0,2,1,False,"{0: 30, 1: 77}","{(0, 1): []}","{(0, 30): {'cpu': 13}, (1, 77): {'cpu': 3}}",{},0.0,0.0,17.0,16.0,1.0,0.0,0.0,0.0,0.0,0.0,0.0,0.0,0.0,0.0,Route Failure,4.9767423891394404,"{'node_level': {}, 'link_level': {}, 'path_level': {}}","{'node_level': {0: {'cpu': -31}, 1: {'cpu': -38}}, 'link_level': {(0, 1): {'bw': -79}}, 'path_level': {(0, 1): {'latency': 4.9767423891394404}}}","{'node_level': {0: {'cpu': 0}, 1: {'cpu': 0}}, 'link_level': {(0, 1): {'bw': 0}}, 'path_level': {(0, 1): {'latency': 4.9767423891394404}}}",[],0.0,0.0,True,False,False,0,[],0,0.0,2.0,1.0
86,24,8,3428.0,5582.0,1872221.1311387331,3097145.4422033555,0.6141168040128986,0.60449893815991,17,139,0,1079.9562772838535,44921,6933,37988,0.04411967461739974,0.04061016264269113,83,25.956277283853577,1054.0,2,1,False,{},{},{},{},0.0,0.0,0.0,0.0,0.0,0.0,0.0,0.0,0.0,0.0,0.0,0.0,0.0,0.0,Leave Event,0.0,"{'node_level': {}, 'link_level': {}, 'path_level': {}}","{'node_level': {}, 'link_level': {}, 'path_level': {}}","{'node_level': {}, 'link_level': {}, 'path_level': {}}",[],0.0,0.0,True,True,False,0,[],0,0.0,,
86,24,8,3428.0,5582.0,1872221.1311387331,3097145.4422033555,0.6141168040128986,0.60449893815991,17,140,0,1083.1728284851836,44921,6933,37988,0.04411967461739974,0.04061016264269113,68,217.1728284851835,866.0,6,5,False,{},{},{},{},0.0,0.0,0.0,0.0,0.0,0.0,0.0,0.0,0.0,0.0,0.0,0.0,0.0,0.0,Leave Event,0.0,"{'node_level': {}, 'link_level': {}, 'path_level': {}}","{'node_level': {}, 'link_level': {}, 'path_level': {}}","{'node_level': {}, 'link_level': {}, 'path_level': {}}",[],0.0,0.0,True,True,False,0,[],0,0.0,,
86,24,8,3428.0,5582.0,1872221.1311387331,3097145.4422033555,0.6141168040128986,0.60449893815991,17,141,0,1084.6638271383595,44921,6933,37988,0.04411967461739974,0.04061016264269113,12,923.6638271383595,161.0,10,24,False,{},{},{},{},0.0,0.0,0.0,0.0,0.0,0.0,0.0,0.0,0.0,0.0,0.0,0.0,0.0,0.0,Leave Event,0.0,"{'node_level': {}, 'link_level': {}, 'path_level': {}}","{'node_level': {}, 'link_level': {}, 'path_level': {}}","{'node_level': {}, 'link_level': {}, 'path_level': {}}",[],0.0,0.0,True,True,False,0,[],0,0.0,,
87,25,9,3537.0,5785.0,1886518.0780490946,3123771.866265772,0.611408815903198,0.6039231284531291,17,142,1,1085.0,44718,6918,37800,0.0461877843650903,0.04535811698151326,86,131.1646505537754,1085.0,3,3,True,"{2: 30, 0: 77, 1: 68}","{(0, 1): [(77, 23), (23, 68)], (0, 2): [(77, 85), (85, 30)], (1, 2): [(68, 51), (51, 30)]}","{(2, 30): {'cpu': 9}, (0, 77): {'cpu': 1}, (1, 68): {'cpu': 5}}","{((0, 1), (77, 23)): {'bw': 19}, ((0, 1), (23, 68)): {'bw': 19}, ((0, 2), (77, 85)): {'bw': 46}, ((0, 2), (85, 30)): {'bw': 46}, ((1, 2), (68, 51)): {'bw': 29}, ((1, 2), (51, 30)): {'bw': 29}}",203.0,109.0,109.0,15.0,94.0,15.0,94.0,15.0,188.0,94.0,0.5369458128078818,26626.424062416405,14296.94691036152,70.42830990325872,Success,0.0,"{'node_level': {}, 'link_level': {}, 'path_level': {}}","{'node_level': {2: {'cpu': -46}, 0: {'cpu': -41}, 1: {'cpu': -42}}, 'link_level': {(0, 1): {'bw': -38}, (0, 2): {'bw': -4}, (1, 2): {'bw': -24}}, 'path_level': {(0, 1): {'latency': -3.1296202923826186}, (0, 2): {'latency': -1.2161404177386892}, (1, 2): {'latency': -7.495722324954075}}}","{'node_level': {2: {'cpu': 0}, 0: {'cpu': 0}, 1: {'cpu': 0}}, 'link_level': {(0, 1): {'bw': 0}, (0, 2): {'bw': 0}, (1, 2): {'bw': 0}}, 'path_level': {(0, 1): {'latency': 0}, (0, 2): {'latency': 0}, (1, 2): {'latency': 0}}}",[],0.0,0.0,True,True,False,0,[],0,0.0,3.0,3.0
87,25,9,3537.0,5785.0,1886518.0780490946,3123771.866265772,0.611408815903198,0.6039231284531291,17,143,0,1086.3838851726516,44718,6918,37800,0.0461877843650903,0.04535811698151326,85,8.383885172651535,1078.0,2,1,False,{},{},{},{},0.0,0.0,0.0,0.0,0.0,0.0,0.0,0.0,0.0,0.0,0.0,0.0,0.0,0.0,Leave Event,0.0,"{'node_level': {}, 'link_level': {}, 'path_level': {}}","{'node_level': {}, 'link_level': {}, 'path_level': {}}","{'node_level': {}, 'link_level': {}, 'path_level': {}}",[],0.0,0.0,True,True,False,0,[],0,0.0,,
87,25,8,3537.0,5785.0,1886518.0780490946,3123771.866265772,0.611408815903198,0.6039231284531291,17,144,0,1092.1185821927488,44745,6943,37802,0.04274093478560592,0.04530760682897261,1,1062.1185821927488,30.0,2,1,False,{},{},{},{},0.0,0.0,0.0,0.0,0.0,0.0,0.0,0.0,0.0,0.0,0.0,0.0,0.0,0.0,Leave Event,0.0,"{'node_level': {}, 'link_level': {}, 'path_level': {}}","{'node_level': {}, 'link_level': {}, 'path_level': {}}","{'node_level': {}, 'link_level': {}, 'path_level': {}}",[],0.0,0.0,True,True,False,0,[],0,0.0,,
88,25,8,3537.0,5785.0,1886518.0780490946,3123771.866265772,0.611408815903198,0.6039231284531291,17,145,1,1097.0,44745,6943,37802,0.04274093478560592,0.04530760682897261,87,723.8970432321961,1097.0,4,4,False,"{1: 30, 3: 60, 0: 18, 2: 77}","{(0, 1): [(18, 0), (0, 30)], (0, 3): [(18, 46), (46, 60)], (1, 2): []}","{(1, 30): {'cpu': 16}, (3, 60): {'cpu': 20}, (0, 18): {'cpu': 16}, (2, 77): {'cpu': 6}}","{((0, 1), (18, 0)): {'bw': 35}, ((0, 1), (0, 30)): {'bw': 35}, ((0, 3), (18, 46)): {'bw': 30}, ((0, 3), (46, 60)): {'bw': 30}}",0.0,0.0,181.0,58.0,123.0,0.0,0.0,0.0,0.0,0.0,0.0,0.0,0.0,0.0,Route Failure,5.4016811976439865,"{'node_level': {}, 'link_level': {}, 'path_level': {}}","{'node_level': {1: {'cpu': -30}, 3: {'cpu': -37}, 0: {'cpu': -38}, 2: {'cpu': -35}}, 'link_level': {(0, 1): {'bw': -35}, (0, 3): {'bw': -20}, (1, 2): {'bw': -67}}, 'path_level': {(0, 1): {'latency': -1.3644762452748211}, (0, 3): {'latency': -1.7247154958300088}, (1, 2): {'latency': 5.4016811976439865}}}","{'node_level': {1: {'cpu': 0}, 3: {'cpu': 0}, 0: {'cpu': 0}, 2: {'cpu': 0}}, 'link_level': {(0, 1): {'bw': 0}, (0, 3): {'bw': 0}, (1, 2): {'bw': 0}}, 'path_level': {(0, 1): {'latency': 0}, (0, 3): {'latency': 0}, (1, 2): {'latency': 5.4016811976439865}}}",[],0.0,0.0,True,False,False,0,[],0,0.0,4.0,3.0
88,25,8,3537.0,5785.0,1886518.0780490946,3123771.866265772,0.611408815903198,0.6039231284531291,17,146,0,1108.6412263936854,44745,6943,37802,0.04274093478560592,0.04530760682897261,14,920.6412263936853,188.0,8,14,False,{},{},{},{},0.0,0.0,0.0,0.0,0.0,0.0,0.0,0.0,0.0,0.0,0.0,0.0,0.0,0.0,Leave Event,0.0,"{'node_level': {}, 'link_level': {}, 'path_level': {}}","{'node_level': {}, 'link_level': {}, 'path_level': {}}","{'node_level': {}, 'link_level': {}, 'path_level': {}}",[],0.0,0.0,True,True,False,0,[],0,0.0,,
89,25,8,3537.0,5785.0,1886518.0780490946,3123771.866265772,0.611408815903198,0.6039231284531291,17,147,1,1112.0,44745,6943,37802,0.04274093478560592,0.04530760682897261,88,1442.305864299997,1112.0,6,6,False,"{0: 30, 5: 60, 1: 18, 2: 77, 3: 5, 4: 1}","{(0, 1): [(30, 0), (0, 18)], (0, 2): []}","{(0, 30): {'cpu': 8}, (5, 60): {'cpu': 3}, (1, 18): {'cpu': 17}, (2, 77): {'cpu': 7}, (3, 5): {'cpu': 9}, (4, 1): {'cpu': 16}}","{((0, 1), (30, 0)): {'bw': 11}, ((0, 1), (0, 18)): {'bw': 11}}",0.0,0.0,238.0,60.0,178.0,0.0,0.0,0.0,0.0,0.0,0.0,0.0,0.0,0.0,Route Failure,5.692125974382568,"{'node_level': {}, 'link_level': {}, 'path_level': {}}","{'node_level': {0: {'cpu': -38}, 5: {'cpu': -54}, 1: {'cpu': -37}, 2: {'cpu': -34}, 3: {'cpu': -80}, 4: {'cpu': -81}}, 'link_level': {(0, 1): {'bw': -59}, (0, 2): {'bw': -38}}, 'path_level': {(0, 1): {'latency': -7.481043843112172}, (0, 2): {'latency': 5.692125974382568}}}","{'node_level': {0: {'cpu': 0}, 5: {'cpu': 0}, 1: {'cpu': 0}, 2: {'cpu': 0}, 3: {'cpu': 0}, 4: {'cpu': 0}}, 'link_level': {(0, 1): {'bw': 0}, (0, 2): {'bw': 0}}, 'path_level': {(0, 1): {'latency': 0}, (0, 2): {'latency': 5.692125974382568}}}",[],0.0,0.0,True,False,False,0,[],0,0.0,6.0,2.0
89,25,7,3537.0,5785.0,1886518.0780490946,3123771.866265772,0.611408815903198,0.6039231284531291,17,148,0,1117.275997393307,44873,6971,37902,0.03888046325658345,0.04278209920193954,56,401.275997393307,716.0,3,2,False,{},{},{},{},0.0,0.0,0.0,0.0,0.0,0.0,0.0,0.0,0.0,0.0,0.0,0.0,0.0,0.0,Leave Event,0.0,"{'node_level': {}, 'link_level': {}, 'path_level': {}}","{'node_level': {}, 'link_level': {}, 'path_level': {}}","{'node_level': {}, 'link_level': {}, 'path_level': {}}",[],0.0,0.0,True,True,False,0,[],0,0.0,,
90,26,8,3636.0,5945.0,1955139.5001812326,3234675.1747621563,0.6116063919259882,0.6044314790665164,17,149,1,1119.0,44713,6934,37779,0.0439818006342203,0.04588847358319026,89,693.1456781024035,1119.0,4,3,True,"{2: 77, 3: 30, 1: 60, 0: 49}","{(0, 3): [(49, 30)], (1, 2): [(60, 17), (17, 77)], (2, 3): [(77, 29), (29, 30)]}","{(2, 77): {'cpu': 13}, (3, 30): {'cpu': 9}, (1, 60): {'cpu': 1}, (0, 49): {'cpu': 14}}","{((0, 3), (49, 30)): {'bw': 1}, ((1, 2), (60, 17)): {'bw': 29}, ((1, 2), (17, 77)): {'bw': 29}, ((2, 3), (77, 29)): {'bw': 32}, ((2, 3), (29, 30)): {'bw': 32}}",160.0,99.0,99.0,37.0,62.0,37.0,62.0,37.0,123.0,61.0,0.61875,110903.30849638456,68621.42213213794,428.8838883258622,Success,0.0,"{'node_level': {}, 'link_level': {}, 'path_level': {}}","{'node_level': {2: {'cpu': -36}, 3: {'cpu': -37}, 1: {'cpu': -56}, 0: {'cpu': -44}}, 'link_level': {(0, 3): {'bw': -67}, (1, 2): {'bw': -26}, (2, 3): {'bw': -36}}, 'path_level': {(0, 3): {'latency': -1.9397102451757773}, (1, 2): {'latency': -7.779232294215415}, (2, 3): {'latency': -6.659619949815337}}}","{'node_level': {2: {'cpu': 0}, 3: {'cpu': 0}, 1: {'cpu': 0}, 0: {'cpu': 0}}, 'link_level': {(0, 3): {'bw': 0}, (1, 2): {'bw': 0}, (2, 3): {'bw': 0}}, 'path_level': {(0, 3): {'latency': 0}, (1, 2): {'latency': 0}, (2, 3): {'latency': 0}}}",[],0.0,0.0,True,True,False,0,[],0,0.0,4.0,3.0
91,27,9,3670.0,5979.0,1962187.9134943548,3241723.5880752783,0.6138150192339856,0.6052915556132819,17,150,1,1130.0,44679,6908,37771,0.04756652419688401,0.04609051419335286,90,207.30627391535805,1130.0,2,1,True,"{0: 49, 1: 30}","{(0, 1): [(49, 30)]}","{(0, 49): {'cpu': 16}, (1, 30): {'cpu': 10}}","{((0, 1), (49, 30)): {'bw': 8}}",34.0,34.0,34.0,26.0,8.0,26.0,8.0,26.0,8.0,0.0,1.0,7048.413313122173,7048.413313122173,207.30627391535805,Success,0.0,"{'node_level': {}, 'link_level': {}, 'path_level': {}}","{'node_level': {0: {'cpu': -28}, 1: {'cpu': -27}}, 'link_level': {(0, 1): {'bw': -59}}, 'path_level': {(0, 1): {'latency': -8.767539430401817}}}","{'node_level': {0: {'cpu': 0}, 1: {'cpu': 0}}, 'link_level': {(0, 1): {'bw': 0}}, 'path_level': {(0, 1): {'latency': 0}}}",[],0.0,0.0,True,True,False,0,[],0,0.0,2.0,1.0
91,27,9,3670.0,5979.0,1962187.9134943548,3241723.5880752783,0.6138150192339856,0.6052915556132819,17,151,0,1136.0367475186629,44679,6908,37771,0.04756652419688401,0.04609051419335286,66,297.0367475186629,839.0,6,10,False,{},{},{},{},0.0,0.0,0.0,0.0,0.0,0.0,0.0,0.0,0.0,0.0,0.0,0.0,0.0,0.0,Leave Event,0.0,"{'node_level': {}, 'link_level': {}, 'path_level': {}}","{'node_level': {}, 'link_level': {}, 'path_level': {}}","{'node_level': {}, 'link_level': {}, 'path_level': {}}",[],0.0,0.0,True,True,False,0,[],0,0.0,,
92,27,9,3670.0,5979.0,1962187.9134943548,3241723.5880752783,0.6138150192339856,0.6052915556132819,17,152,1,1147.0,44679,6908,37771,0.04756652419688401,0.04609051419335286,91,336.2302533398408,1147.0,5,6,False,"{0: 18, 3: 60, 4: 77, 2: 5, 1: 30}","{(0, 1): [(18, 0), (0, 30)], (0, 3): [(18, 5), (5, 60)], (0, 4): [(18, 77)], (2, 3): [(5, 15), (15, 89), (89, 60)], (2, 4): [(5, 11), (11, 77)], (3, 4): []}","{(0, 18): {'cpu': 13}, (3, 60): {'cpu': 8}, (4, 77): {'cpu': 10}, (2, 5): {'cpu': 15}, (1, 30): {'cpu': 15}}","{((0, 1), (18, 0)): {'bw': 40}, ((0, 1), (0, 30)): {'bw': 40}, ((0, 3), (18, 5)): {'bw': 46}, ((0, 3), (5, 60)): {'bw': 46}, ((0, 4), (18, 77)): {'bw': 34}, ((2, 3), (5, 15)): {'bw': 31}, ((2, 3), (15, 89)): {'bw': 31}, ((2, 3), (89, 60)): {'bw': 31}, ((2, 4), (5, 11)): {'bw': 36}, ((2, 4), (11, 77)): {'bw': 36}}",0.0,0.0,283.0,61.0,222.0,0.0,0.0,0.0,0.0,0.0,0.0,0.0,0.0,0.0,Route Failure,29.0,"{'node_level': {}, 'link_level': {}, 'path_level': {}}","{'node_level': {0: {'cpu': -41}, 3: {'cpu': -48}, 4: {'cpu': -26}, 2: {'cpu': -74}, 1: {'cpu': -12}}, 'link_level': {(0, 1): {'bw': -30}, (0, 3): {'bw': -17}, (0, 4): {'bw': -65}, (2, 3): {'bw': -22}, (2, 4): {'bw': -35}, (3, 4): {'bw': 29}}, 'path_level': {(0, 1): {'latency': -7.595392546340417}, (0, 3): {'latency': -1.9758194981824628}, (0, 4): {'latency': -1.7285179931614367}, (2, 3): {'latency': -0.9988978678175462}, (2, 4): {'latency': -3.2188895826915136}, (3, 4): {'latency': 6.2459314462291395}}}","{'node_level': {0: {'cpu': 0}, 3: {'cpu': 0}, 4: {'cpu': 0}, 2: {'cpu': 0}, 1: {'cpu': 0}}, 'link_level': {(0, 1): {'bw': 0}, (0, 3): {'bw': 0}, (0, 4): {'bw': 0}, (2, 3): {'bw': 0}, (2, 4): {'bw': 0}, (3, 4): {'bw': 29}}, 'path_level': {(0, 1): {'latency': 0}, (0, 3): {'latency': 0}, (0, 4): {'latency': 0}, (2, 3): {'latency': 0}, (2, 4): {'latency': 0}, (3, 4): {'latency': 6.2459314462291395}}}",[],0.0,0.0,True,False,False,0,[],0,0.0,5.0,6.0
92,27,9,3670.0,5979.0,1962187.9134943548,3241723.5880752783,0.6138150192339856,0.6052915556132819,17,153,0,1151.4092813015957,44679,6908,37771,0.04756652419688401,0.04609051419335286,34,728.4092813015957,423.0,9,23,False,{},{},{},{},0.0,0.0,0.0,0.0,0.0,0.0,0.0,0.0,0.0,0.0,0.0,0.0,0.0,0.0,Leave Event,0.0,"{'node_level': {}, 'link_level': {}, 'path_level': {}}","{'node_level': {}, 'link_level': {}, 'path_level': {}}","{'node_level': {}, 'link_level': {}, 'path_level': {}}",[],0.0,0.0,True,True,False,0,[],0,0.0,,
93,27,9,3670.0,5979.0,1962187.9134943548,3241723.5880752783,0.6138150192339856,0.6052915556132819,17,154,1,1161.0,44679,6908,37771,0.04756652419688401,0.04609051419335286,92,206.9894615828749,1161.0,4,3,False,"{1: 18, 3: 60, 2: 77, 0: 5}","{(0, 2): [(5, 11), (11, 77)], (1, 2): []}","{(1, 18): {'cpu': 15}, (3, 60): {'cpu': 17}, (2, 77): {'cpu': 3}, (0, 5): {'cpu': 12}}","{((0, 2), (5, 11)): {'bw': 44}, ((0, 2), (11, 77)): {'bw': 44}}",0.0,0.0,119.0,47.0,72.0,0.0,0.0,0.0,0.0,0.0,0.0,0.0,0.0,0.0,Route Failure,7.070409995888799,"{'node_level': {}, 'link_level': {}, 'path_level': {}}","{'node_level': {1: {'cpu': -39}, 3: {'cpu': -39}, 2: {'cpu': -33}, 0: {'cpu': -77}}, 'link_level': {(0, 2): {'bw': -27}, (1, 2): {'bw': 1}}, 'path_level': {(0, 2): {'latency': -0.25939333760503835}, (1, 2): {'latency': 7.070409995888799}}}","{'node_level': {1: {'cpu': 0}, 3: {'cpu': 0}, 2: {'cpu': 0}, 0: {'cpu': 0}}, 'link_level': {(0, 2): {'bw': 0}, (1, 2): {'bw': 1}}, 'path_level': {(0, 2): {'latency': 0}, (1, 2): {'latency': 7.070409995888799}}}",[],0.0,0.0,True,False,False,0,[],0,0.0,4.0,2.0
94,27,9,3670.0,5979.0,1962187.9134943548,3241723.5880752783,0.6138150192339856,0.6052915556132819,17,155,1,1168.0,44679,6908,37771,0.04756652419688401,0.04609051419335286,93,98.91474941530419,1168.0,2,1,False,"{1: 18, 0: 60}","{(0, 1): []}","{(1, 18): {'cpu': 17}, (0, 60): {'cpu': 14}}",{},0.0,0.0,70.0,31.0,39.0,0.0,0.0,0.0,0.0,0.0,0.0,0.0,0.0,0.0,Route Failure,10.0,"{'node_level': {}, 'link_level': {}, 'path_level': {}}","{'node_level': {1: {'cpu': -37}, 0: {'cpu': -42}}, 'link_level': {(0, 1): {'bw': 10}}, 'path_level': {(0, 1): {'latency': 6.079549908669453}}}","{'node_level': {1: {'cpu': 0}, 0: {'cpu': 0}}, 'link_level': {(0, 1): {'bw': 10}}, 'path_level': {(0, 1): {'latency': 6.079549908669453}}}",[],0.0,0.0,True,False,False,0,[],0,0.0,2.0,1.0
95,27,9,3670.0,5979.0,1962187.9134943548,3241723.5880752783,0.6138150192339856,0.6052915556132819,17,156,1,1173.0,44679,6908,37771,0.04756652419688401,0.04609051419335286,94,93.75947916796311,1173.0,9,23,False,"{5: 18, 7: 60, 3: 77, 2: 5, 8: 30, 4: 1, 6: 7, 0: 49, 1: 68}","{(0, 1): [(49, 10), (10, 68)], (0, 2): [(49, 44), (44, 5)], (0, 3): [(49, 31), (31, 77)], (0, 5): [(49, 0), (0, 18)], (0, 7): [(49, 60)], (0, 8): [(49, 30)], (1, 2): [(68, 79), (79, 5)], (1, 6): [(68, 7)], (2, 3): [(5, 18), (18, 77)], (2, 4): [(5, 74), (74, 1)], (2, 5): [(5, 18)], (2, 6): [(5, 15), (15, 7)], (2, 7): [(5, 60)], (3, 4): [(77, 1)], (3, 7): [(77, 59), (59, 60)], (3, 8): []}","{(5, 18): {'cpu': 20}, (7, 60): {'cpu': 18}, (3, 77): {'cpu': 4}, (2, 5): {'cpu': 5}, (8, 30): {'cpu': 13}, (4, 1): {'cpu': 4}, (6, 7): {'cpu': 3}, (0, 49): {'cpu': 1}, (1, 68): {'cpu': 14}}","{((0, 1), (49, 10)): {'bw': 4}, ((0, 1), (10, 68)): {'bw': 4}, ((0, 2), (49, 44)): {'bw': 9}, ((0, 2), (44, 5)): {'bw': 9}, ((0, 3), (49, 31)): {'bw': 2}, ((0, 3), (31, 77)): {'bw': 2}, ((0, 5), (49, 0)): {'bw': 16}, ((0, 5), (0, 18)): {'bw': 16}, ((0, 7), (49, 60)): {'bw': 42}, ((0, 8), (49, 30)): {'bw': 9}, ((1, 2), (68, 79)): {'bw': 23}, ((1, 2), (79, 5)): {'bw': 23}, ((1, 6), (68, 7)): {'bw': 11}, ((2, 3), (5, 18)): {'bw': 45}, ((2, 3), (18, 77)): {'bw': 45}, ((2, 4), (5, 74)): {'bw': 13}, ((2, 4), (74, 1)): {'bw': 13}, ((2, 5), (5, 18)): {'bw': 4}, ((2, 6), (5, 15)): {'bw': 23}, ((2, 6), (15, 7)): {'bw': 23}, ((2, 7), (5, 60)): {'bw': 13}, ((3, 4), (77, 1)): {'bw': 26}, ((3, 7), (77, 59)): {'bw': 27}, ((3, 7), (59, 60)): {'bw': 27}}",0.0,0.0,600.0,82.0,518.0,0.0,0.0,0.0,0.0,0.0,0.0,0.0,0.0,0.0,Route Failure,3.6394842737732693,"{'node_level': {}, 'link_level': {}, 'path_level': {}}","{'node_level': {5: {'cpu': -34}, 7: {'cpu': -38}, 3: {'cpu': -32}, 2: {'cpu': -84}, 8: {'cpu': -14}, 4: {'cpu': -93}, 6: {'cpu': -46}, 0: {'cpu': -27}, 1: {'cpu': -28}}, 'link_level': {(0, 1): {'bw': -52}, (0, 2): {'bw': -41}, (0, 3): {'bw': -86}, (0, 5): {'bw': -54}, (0, 7): {'bw': -52}, (0, 8): {'bw': -50}, (1, 2): {'bw': -57}, (1, 6): {'bw': -89}, (2, 3): {'bw': -21}, (2, 4): {'bw': -44}, (2, 5): {'bw': -17}, (2, 6): {'bw': -73}, (2, 7): {'bw': -50}, (3, 4): {'bw': -67}, (3, 7): {'bw': -55}, (3, 8): {'bw': -11}}, 'path_level': {(0, 1): {'latency': -0.4275740585655292}, (0, 2): {'latency': -2.9832223934199984}, (0, 3): {'latency': -3.4006658343931555}, (0, 5): {'latency': -0.9530866912004354}, (0, 7): {'latency': -2.0155367663484345}, (0, 8): {'latency': -5.9329124623789475}, (1, 2): {'latency': -1.3412843267199488}, (1, 6): {'latency': -7.029096862712845}, (2, 3): {'latency': -1.2319204298936395}, (2, 4): {'latency': -6.32617381606714}, (2, 5): {'latency': -8.4137872450324}, (2, 6): {'latency': -10.788465129446019}, (2, 7): {'latency': -7.491647506500814}, (3, 4): {'latency': -8.683424598171676}, (3, 7): {'latency': -2.4247982917986084}, (3, 8): {'latency': 3.6394842737732693}}}","{'node_level': {5: {'cpu': 0}, 7: {'cpu': 0}, 3: {'cpu': 0}, 2: {'cpu': 0}, 8: {'cpu': 0}, 4: {'cpu': 0}, 6: {'cpu': 0}, 0: {'cpu': 0}, 1: {'cpu': 0}}, 'link_level': {(0, 1): {'bw': 0}, (0, 2): {'bw': 0}, (0, 3): {'bw': 0}, (0, 5): {'bw': 0}, (0, 7): {'bw': 0}, (0, 8): {'bw': 0}, (1, 2): {'bw': 0}, (1, 6): {'bw': 0}, (2, 3): {'bw': 0}, (2, 4): {'bw': 0}, (2, 5): {'bw': 0}, (2, 6): {'bw': 0}, (2, 7): {'bw': 0}, (3, 4): {'bw': 0}, (3, 7): {'bw': 0}, (3, 8): {'bw': 0}}, 'path_level': {(0, 1): {'latency': 0}, (0, 2): {'latency': 0}, (0, 3): {'latency': 0}, (0, 5): {'latency': 0}, (0, 7): {'latency': 0}, (0, 8): {'latency': 0}, (1, 2): {'latency': 0}, (1, 6): {'latency': 0}, (2, 3): {'latency': 0}, (2, 4): {'latency': 0}, (2, 5): {'latency': 0}, (2, 6): {'latency': 0}, (2, 7): {'latency': 0}, (3, 4): {'latency': 0}, (3, 7): {'latency': 0}, (3, 8): {'latency': 3.6394842737732693}}}",[],0.0,0.0,True,False,False,0,[],0,0.0,9.0,16.0
96,27,9,3670.0,5979.0,1962187.9134943548,3241723.5880752783,0.6138150192339856,0.6052915556132819,17,157,1,1186.0,44679,6908,37771,0.04756652419688401,0.04609051419335286,95,311.29867310999197,1186.0,7,8,False,"{4: 18, 6: 60, 1: 77, 5: 5, 0: 30, 2: 1, 3: 7}","{(0, 2): [(30, 13), (13, 1)], (0, 6): [(30, 13), (13, 60)], (1, 2): [(77, 1)], (1, 4): [(77, 18)], (3, 4): [(7, 42), (42, 18)], (3, 5): [(7, 15), (15, 5)], (4, 5): []}","{(4, 18): {'cpu': 14}, (6, 60): {'cpu': 9}, (1, 77): {'cpu': 9}, (5, 5): {'cpu': 12}, (0, 30): {'cpu': 5}, (2, 1): {'cpu': 17}, (3, 7): {'cpu': 8}}","{((0, 2), (30, 13)): {'bw': 22}, ((0, 2), (13, 1)): {'bw': 22}, ((0, 6), (30, 13)): {'bw': 48}, ((0, 6), (13, 60)): {'bw': 48}, ((1, 2), (77, 1)): {'bw': 33}, ((1, 4), (77, 18)): {'bw': 33}, ((3, 4), (7, 42)): {'bw': 31}, ((3, 4), (42, 18)): {'bw': 31}, ((3, 5), (7, 15)): {'bw': 10}, ((3, 5), (15, 5)): {'bw': 10}}",0.0,0.0,308.0,74.0,234.0,0.0,0.0,0.0,0.0,0.0,0.0,0.0,0.0,0.0,Route Failure,1.9493866488945515,"{'node_level': {}, 'link_level': {}, 'path_level': {}}","{'node_level': {4: {'cpu': -40}, 6: {'cpu': -47}, 1: {'cpu': -27}, 5: {'cpu': -77}, 0: {'cpu': -22}, 2: {'cpu': -80}, 3: {'cpu': -41}}, 'link_level': {(0, 2): {'bw': -58}, (0, 6): {'bw': -17}, (1, 2): {'bw': -60}, (1, 4): {'bw': -66}, (3, 4): {'bw': -31}, (3, 5): {'bw': -86}, (4, 5): {'bw': -27}}, 'path_level': {(0, 2): {'latency': -3.442194535010211}, (0, 6): {'latency': -4.719055459668294}, (1, 2): {'latency': -3.701204387085098}, (1, 4): {'latency': -11.282166395408122}, (3, 4): {'latency': -7.048558607744525}, (3, 5): {'latency': -2.419349927984369}, (4, 5): {'latency': 1.9493866488945515}}}","{'node_level': {4: {'cpu': 0}, 6: {'cpu': 0}, 1: {'cpu': 0}, 5: {'cpu': 0}, 0: {'cpu': 0}, 2: {'cpu': 0}, 3: {'cpu': 0}}, 'link_level': {(0, 2): {'bw': 0}, (0, 6): {'bw': 0}, (1, 2): {'bw': 0}, (1, 4): {'bw': 0}, (3, 4): {'bw': 0}, (3, 5): {'bw': 0}, (4, 5): {'bw': 0}}, 'path_level': {(0, 2): {'latency': 0}, (0, 6): {'latency': 0}, (1, 2): {'latency': 0}, (1, 4): {'latency': 0}, (3, 4): {'latency': 0}, (3, 5): {'latency': 0}, (4, 5): {'latency': 1.9493866488945515}}}",[],0.0,0.0,True,False,False,0,[],0,0.0,7.0,7.0
96,27,8,3670.0,5979.0,1962187.9134943548,3241723.5880752783,0.6138150192339856,0.6052915556132819,17,158,0,1194.731311046663,44905,6947,37958,0.042189438852888506,0.041367814930801106,69,316.7313110466631,878.0,6,6,False,{},{},{},{},0.0,0.0,0.0,0.0,0.0,0.0,0.0,0.0,0.0,0.0,0.0,0.0,0.0,0.0,Leave Event,0.0,"{'node_level': {}, 'link_level': {}, 'path_level': {}}","{'node_level': {}, 'link_level': {}, 'path_level': {}}","{'node_level': {}, 'link_level': {}, 'path_level': {}}",[],0.0,0.0,True,True,False,0,[],0,0.0,,
97,28,9,3704.0,6038.0,1997480.440923914,3302966.50332069,0.6134481616429281,0.6047534659875343,17,159,1,1200.0,44846,6938,37908,0.043430304701502775,0.04263056874431759,96,1038.015512634093,1200.0,2,1,True,"{0: 60, 1: 7}","{(0, 1): [(60, 3), (3, 7)]}","{(0, 60): {'cpu': 5}, (1, 7): {'cpu': 4}}","{((0, 1), (60, 3)): {'bw': 25}, ((0, 1), (3, 7)): {'bw': 25}}",59.0,34.0,34.0,9.0,25.0,9.0,25.0,9.0,50.0,25.0,0.576271186440678,61242.91524541149,35292.527429559166,598.1784310094773,Success,0.0,"{'node_level': {}, 'link_level': {}, 'path_level': {}}","{'node_level': {0: {'cpu': -52}, 1: {'cpu': -50}}, 'link_level': {(0, 1): {'bw': -12}}, 'path_level': {(0, 1): {'latency': -1.5289821752680979}}}","{'node_level': {0: {'cpu': 0}, 1: {'cpu': 0}}, 'link_level': {(0, 1): {'bw': 0}}, 'path_level': {(0, 1): {'latency': 0}}}",[],0.0,0.0,True,True,False,0,[],0,0.0,2.0,1.0
97,28,9,3704.0,6038.0,1997480.440923914,3302966.50332069,0.6134481616429281,0.6047534659875343,17,160,0,1206.0384341796394,44846,6938,37908,0.043430304701502775,0.04263056874431759,65,385.03843417963935,821.0,6,6,False,{},{},{},{},0.0,0.0,0.0,0.0,0.0,0.0,0.0,0.0,0.0,0.0,0.0,0.0,0.0,0.0,Leave Event,0.0,"{'node_level': {}, 'link_level': {}, 'path_level': {}}","{'node_level': {}, 'link_level': {}, 'path_level': {}}","{'node_level': {}, 'link_level': {}, 'path_level': {}}",[],0.0,0.0,True,True,False,0,[],0,0.0,,
98,29,10,3887.0,6338.0,2261416.243198228,3735648.146393336,0.613284947933102,0.6053611460655262,17,161,1,1216.0,44546,6901,37645,0.048531642079139625,0.0492726538034145,97,1442.2721435754875,1216.0,4,5,True,"{3: 60, 0: 18, 2: 41, 1: 77}","{(0, 2): [(18, 41)], (0, 3): [(18, 46), (46, 60)], (1, 2): [(77, 3), (3, 41)], (1, 3): [(77, 59), (59, 60)], (2, 3): [(41, 13), (13, 60)]}","{(3, 60): {'cpu': 7}, (0, 18): {'cpu': 10}, (2, 41): {'cpu': 12}, (1, 77): {'cpu': 8}}","{((0, 2), (18, 41)): {'bw': 29}, ((0, 3), (18, 46)): {'bw': 46}, ((0, 3), (46, 60)): {'bw': 46}, ((1, 2), (77, 3)): {'bw': 3}, ((1, 2), (3, 41)): {'bw': 3}, ((1, 3), (77, 59)): {'bw': 40}, ((1, 3), (59, 60)): {'bw': 40}, ((2, 3), (41, 13)): {'bw': 28}, ((2, 3), (13, 60)): {'bw': 28}}",300.0,183.0,183.0,37.0,146.0,37.0,146.0,37.0,263.0,117.0,0.61,432681.6430726462,263935.8022743142,879.7860075810473,Success,0.0,"{'node_level': {}, 'link_level': {}, 'path_level': {}}","{'node_level': {3: {'cpu': -45}, 0: {'cpu': -44}, 2: {'cpu': -26}, 1: {'cpu': -28}}, 'link_level': {(0, 2): {'bw': 0}, (0, 3): {'bw': -4}, (1, 2): {'bw': -74}, (1, 3): {'bw': -42}, (2, 3): {'bw': -38}}, 'path_level': {(0, 2): {'latency': -11.607190192196157}, (0, 3): {'latency': -1.2329115562933968}, (1, 2): {'latency': -5.961656783840503}, (1, 3): {'latency': -5.767602987033008}, (2, 3): {'latency': -0.19041155657399678}}}","{'node_level': {3: {'cpu': 0}, 0: {'cpu': 0}, 2: {'cpu': 0}, 1: {'cpu': 0}}, 'link_level': {(0, 2): {'bw': 0}, (0, 3): {'bw': 0}, (1, 2): {'bw': 0}, (1, 3): {'bw': 0}, (2, 3): {'bw': 0}}, 'path_level': {(0, 2): {'latency': 0}, (0, 3): {'latency': 0}, (1, 2): {'latency': 0}, (1, 3): {'latency': 0}, (2, 3): {'latency': 0}}}",[],0.0,0.0,True,True,False,0,[],0,0.0,4.0,5.0
98,29,9,3887.0,6338.0,2261416.243198228,3735648.146393336,0.613284947933102,0.6053611460655262,17,162,0,1216.1646505537753,44749,6916,37833,0.046463532331449064,0.044524699464592365,86,131.1646505537754,1085.0,3,3,False,{},{},{},{},0.0,0.0,0.0,0.0,0.0,0.0,0.0,0.0,0.0,0.0,0.0,0.0,0.0,0.0,Leave Event,0.0,"{'node_level': {}, 'link_level': {}, 'path_level': {}}","{'node_level': {}, 'link_level': {}, 'path_level': {}}","{'node_level': {}, 'link_level': {}, 'path_level': {}}",[],0.0,0.0,True,True,False,0,[],0,0.0,,
98,29,9,3887.0,6338.0,2261416.243198228,3735648.146393336,0.613284947933102,0.6053611460655262,17,163,0,1224.5217545832033,44749,6916,37833,0.046463532331449064,0.044524699464592365,48,629.5217545832035,595.0,7,9,False,{},{},{},{},0.0,0.0,0.0,0.0,0.0,0.0,0.0,0.0,0.0,0.0,0.0,0.0,0.0,0.0,Leave Event,0.0,"{'node_level': {}, 'link_level': {}, 'path_level': {}}","{'node_level': {}, 'link_level': {}, 'path_level': {}}","{'node_level': {}, 'link_level': {}, 'path_level': {}}",[],0.0,0.0,True,True,False,0,[],0,0.0,,
99,29,9,3887.0,6338.0,2261416.243198228,3735648.146393336,0.613284947933102,0.6053611460655262,17,164,1,1226.0,44749,6916,37833,0.046463532331449064,0.044524699464592365,98,468.56935664517397,1226.0,9,20,False,"{4: 30, 5: 68, 8: 77, 1: 5, 7: 7, 0: 1, 6: 49, 2: 91, 3: 4}","{(0, 3): [(1, 13), (13, 4)], (0, 4): [(1, 13), (13, 30)], (0, 5): [(1, 79), (79, 68)], (0, 6): [(1, 33), (33, 49)], (1, 2): [(5, 18), (18, 91)], (1, 3): [(5, 15), (15, 4)], (1, 4): [(5, 85), (85, 30)], (1, 7): [(5, 15), (15, 7)], (2, 4): [(91, 30)], (2, 5): [(91, 6), (6, 4), (4, 68)], (2, 7): [(91, 19), (19, 7)], (3, 6): [(4, 22), (22, 49)], (3, 7): [(4, 13), (13, 7)], (4, 6): [(30, 49)], (4, 7): [(30, 95), (95, 7)], (4, 8): [(30, 91), (91, 77)], (5, 6): [(68, 10), (10, 49)], (5, 7): [(68, 7)], (5, 8): [(68, 23), (23, 77)], (7, 8): []}","{(4, 30): {'cpu': 9}, (5, 68): {'cpu': 18}, (8, 77): {'cpu': 17}, (1, 5): {'cpu': 8}, (7, 7): {'cpu': 6}, (0, 1): {'cpu': 4}, (6, 49): {'cpu': 18}, (2, 91): {'cpu': 11}, (3, 4): {'cpu': 9}}","{((0, 3), (1, 13)): {'bw': 23}, ((0, 3), (13, 4)): {'bw': 23}, ((0, 4), (1, 13)): {'bw': 36}, ((0, 4), (13, 30)): {'bw': 36}, ((0, 5), (1, 79)): {'bw': 36}, ((0, 5), (79, 68)): {'bw': 36}, ((0, 6), (1, 33)): {'bw': 17}, ((0, 6), (33, 49)): {'bw': 17}, ((1, 2), (5, 18)): {'bw': 28}, ((1, 2), (18, 91)): {'bw': 28}, ((1, 3), (5, 15)): {'bw': 33}, ((1, 3), (15, 4)): {'bw': 33}, ((1, 4), (5, 85)): {'bw': 48}, ((1, 4), (85, 30)): {'bw': 48}, ((1, 7), (5, 15)): {'bw': 3}, ((1, 7), (15, 7)): {'bw': 3}, ((2, 4), (91, 30)): {'bw': 12}, ((2, 5), (91, 6)): {'bw': 19}, ((2, 5), (6, 4)): {'bw': 19}, ((2, 5), (4, 68)): {'bw': 19}, ((2, 7), (91, 19)): {'bw': 25}, ((2, 7), (19, 7)): {'bw': 25}, ((3, 6), (4, 22)): {'bw': 25}, ((3, 6), (22, 49)): {'bw': 25}, ((3, 7), (4, 13)): {'bw': 1}, ((3, 7), (13, 7)): {'bw': 1}, ((4, 6), (30, 49)): {'bw': 46}, ((4, 7), (30, 95)): {'bw': 9}, ((4, 7), (95, 7)): {'bw': 9}, ((4, 8), (30, 91)): {'bw': 24}, ((4, 8), (91, 77)): {'bw': 24}, ((5, 6), (68, 10)): {'bw': 2}, ((5, 6), (10, 49)): {'bw': 2}, ((5, 7), (68, 7)): {'bw': 30}, ((5, 8), (68, 23)): {'bw': 48}, ((5, 8), (23, 77)): {'bw': 48}}",0.0,0.0,604.0,100.0,504.0,0.0,0.0,0.0,0.0,0.0,0.0,0.0,0.0,0.0,Route Failure,8.040242970865293,"{'node_level': {}, 'link_level': {}, 'path_level': {}}","{'node_level': {4: {'cpu': -27}, 5: {'cpu': -29}, 8: {'cpu': -12}, 1: {'cpu': -81}, 7: {'cpu': -44}, 0: {'cpu': -93}, 6: {'cpu': -10}, 2: {'cpu': -50}, 3: {'cpu': -36}}, 'link_level': {(0, 3): {'bw': -40}, (0, 4): {'bw': -21}, (0, 5): {'bw': -53}, (0, 6): {'bw': -36}, (1, 2): {'bw': -4}, (1, 3): {'bw': -47}, (1, 4): {'bw': -2}, (1, 7): {'bw': -60}, (2, 4): {'bw': -41}, (2, 5): {'bw': -20}, (2, 7): {'bw': -53}, (3, 6): {'bw': -48}, (3, 7): {'bw': -6}, (4, 6): {'bw': -13}, (4, 7): {'bw': -47}, (4, 8): {'bw': -17}, (5, 6): {'bw': -54}, (5, 7): {'bw': -70}, (5, 8): {'bw': -9}, (7, 8): {'bw': -14}}, 'path_level': {(0, 3): {'latency': -9.494113115356733}, (0, 4): {'latency': -6.091913166035361}, (0, 5): {'latency': -2.689426876785502}, (0, 6): {'latency': -0.04003187939994923}, (1, 2): {'latency': -3.4071779027646123}, (1, 3): {'latency': -5.1580579052418365}, (1, 4): {'latency': -2.0343972044239576}, (1, 7): {'latency': -2.3639952983020853}, (2, 4): {'latency': -4.004791810053591}, (2, 5): {'latency': -3.249435724652453}, (2, 7): {'latency': -2.5559941182227464}, (3, 6): {'latency': -9.655628853152121}, (3, 7): {'latency': -8.04550500202151}, (4, 6): {'latency': -0.3786325515193507}, (4, 7): {'latency': -7.30491386667495}, (4, 8): {'latency': -3.283659867361653}, (5, 6): {'latency': -4.203382493391171}, (5, 7): {'latency': -3.2132492266794186}, (5, 8): {'latency': -6.524779618581958}, (7, 8): {'latency': 8.040242970865293}}}","{'node_level': {4: {'cpu': 0}, 5: {'cpu': 0}, 8: {'cpu': 0}, 1: {'cpu': 0}, 7: {'cpu': 0}, 0: {'cpu': 0}, 6: {'cpu': 0}, 2: {'cpu': 0}, 3: {'cpu': 0}}, 'link_level': {(0, 3): {'bw': 0}, (0, 4): {'bw': 0}, (0, 5): {'bw': 0}, (0, 6): {'bw': 0}, (1, 2): {'bw': 0}, (1, 3): {'bw': 0}, (1, 4): {'bw': 0}, (1, 7): {'bw': 0}, (2, 4): {'bw': 0}, (2, 5): {'bw': 0}, (2, 7): {'bw': 0}, (3, 6): {'bw': 0}, (3, 7): {'bw': 0}, (4, 6): {'bw': 0}, (4, 7): {'bw': 0}, (4, 8): {'bw': 0}, (5, 6): {'bw': 0}, (5, 7): {'bw': 0}, (5, 8): {'bw': 0}, (7, 8): {'bw': 0}}, 'path_level': {(0, 3): {'latency': 0}, (0, 4): {'latency': 0}, (0, 5): {'latency': 0}, (0, 6): {'latency': 0}, (1, 2): {'latency': 0}, (1, 3): {'latency': 0}, (1, 4): {'latency': 0}, (1, 7): {'latency': 0}, (2, 4): {'latency': 0}, (2, 5): {'latency': 0}, (2, 7): {'latency': 0}, (3, 6): {'latency': 0}, (3, 7): {'latency': 0}, (4, 6): {'latency': 0}, (4, 7): {'latency': 0}, (4, 8): {'latency': 0}, (5, 6): {'latency': 0}, (5, 7): {'latency': 0}, (5, 8): {'latency': 0}, (7, 8): {'latency': 8.040242970865293}}}",[],0.0,0.0,True,False,False,0,[],0,0.0,9.0,20.0
100,30,10,4080.0,6668.0,2349034.7702763686,3885462.2082367884,0.611877624475105,0.6045702272683676,17,165,1,1240.0,44419,6860,37559,0.054184475389494,0.05144459036266291,99,453.98200558622,1240.0,4,5,True,"{0: 30, 2: 68, 1: 77, 3: 5}","{(0, 1): [(30, 85), (85, 77)], (0, 2): [(30, 51), (51, 68)], (0, 3): [(30, 90), (90, 5)], (1, 2): [(77, 23), (23, 68)], (2, 3): [(68, 79), (79, 5)]}","{(0, 30): {'cpu': 20}, (2, 68): {'cpu': 9}, (1, 77): {'cpu': 17}, (3, 5): {'cpu': 10}}","{((0, 1), (30, 85)): {'bw': 40}, ((0, 1), (85, 77)): {'bw': 40}, ((0, 2), (30, 51)): {'bw': 32}, ((0, 2), (51, 68)): {'bw': 32}, ((0, 3), (30, 90)): {'bw': 26}, ((0, 3), (90, 5)): {'bw': 26}, ((1, 2), (77, 23)): {'bw': 19}, ((1, 2), (23, 68)): {'bw': 19}, ((2, 3), (68, 79)): {'bw': 20}, ((2, 3), (79, 5)): {'bw': 20}}",330.0,193.0,193.0,56.0,137.0,56.0,137.0,56.0,274.0,137.0,0.5848484848484848,149814.0618434526,87618.52707814045,265.5106881155771,Success,0.0,"{'node_level': {}, 'link_level': {}, 'path_level': {}}","{'node_level': {0: {'cpu': -16}, 2: {'cpu': -38}, 1: {'cpu': -12}, 3: {'cpu': -79}}, 'link_level': {(0, 1): {'bw': -10}, (0, 2): {'bw': -21}, (0, 3): {'bw': -34}, (1, 2): {'bw': -38}, (2, 3): {'bw': -60}}, 'path_level': {(0, 1): {'latency': -0.20516410619705283}, (0, 2): {'latency': -4.188787536487675}, (0, 3): {'latency': -4.021805259235593}, (1, 2): {'latency': -8.476077777439821}, (2, 3): {'latency': -5.4074791889245155}}}","{'node_level': {0: {'cpu': 0}, 2: {'cpu': 0}, 1: {'cpu': 0}, 3: {'cpu': 0}}, 'link_level': {(0, 1): {'bw': 0}, (0, 2): {'bw': 0}, (0, 3): {'bw': 0}, (1, 2): {'bw': 0}, (2, 3): {'bw': 0}}, 'path_level': {(0, 1): {'latency': 0}, (0, 2): {'latency': 0}, (0, 3): {'latency': 0}, (1, 2): {'latency': 0}, (2, 3): {'latency': 0}}}",[],0.0,0.0,True,True,False,0,[],0,0.0,4.0,5.0
100,30,10,4080.0,6668.0,2349034.7702763686,3885462.2082367884,0.611877624475105,0.6045702272683676,17,166,0,1240.0014385167754,44419,6860,37559,0.054184475389494,0.05144459036266291,77,265.0014385167753,975.0,7,9,False,{},{},{},{},0.0,0.0,0.0,0.0,0.0,0.0,0.0,0.0,0.0,0.0,0.0,0.0,0.0,0.0,Leave Event,0.0,"{'node_level': {}, 'link_level': {}, 'path_level': {}}","{'node_level': {}, 'link_level': {}, 'path_level': {}}","{'node_level': {}, 'link_level': {}, 'path_level': {}}",[],0.0,0.0,True,True,False,0,[],0,0.0,,
100,30,10,4080.0,6668.0,2349034.7702763686,3885462.2082367884,0.611877624475105,0.6045702272683676,17,167,0,1257.6362816285116,44419,6860,37559,0.054184475389494,0.05144459036266291,81,233.63628162851163,1024.0,7,11,False,{},{},{},{},0.0,0.0,0.0,0.0,0.0,0.0,0.0,0.0,0.0,0.0,0.0,0.0,0.0,0.0,Leave Event,0.0,"{'node_level': {}, 'link_level': {}, 'path_level': {}}","{'node_level': {}, 'link_level': {}, 'path_level': {}}","{'node_level': {}, 'link_level': {}, 'path_level': {}}",[],0.0,0.0,True,True,False,0,[],0,0.0,,
100,30,10,4080.0,6668.0,2349034.7702763686,3885462.2082367884,0.611877624475105,0.6045702272683676,17,168,0,1266.759479167963,44419,6860,37559,0.054184475389494,0.05144459036266291,94,93.75947916796311,1173.0,9,23,False,{},{},{},{},0.0,0.0,0.0,0.0,0.0,0.0,0.0,0.0,0.0,0.0,0.0,0.0,0.0,0.0,Leave Event,0.0,"{'node_level': {}, 'link_level': {}, 'path_level': {}}","{'node_level': {}, 'link_level': {}, 'path_level': {}}","{'node_level': {}, 'link_level': {}, 'path_level': {}}",[],0.0,0.0,True,True,False,0,[],0,0.0,,
100,30,10,4080.0,6668.0,2349034.7702763686,3885462.2082367884,0.611877624475105,0.6045702272683676,17,169,0,1266.9147494153042,44419,6860,37559,0.054184475389494,0.05144459036266291,93,98.91474941530419,1168.0,2,1,False,{},{},{},{},0.0,0.0,0.0,0.0,0.0,0.0,0.0,0.0,0.0,0.0,0.0,0.0,0.0,0.0,Leave Event,0.0,"{'node_level': {}, 'link_level': {}, 'path_level': {}}","{'node_level': {}, 'link_level': {}, 'path_level': {}}","{'node_level': {}, 'link_level': {}, 'path_level': {}}",[],0.0,0.0,True,True,False,0,[],0,0.0,,
100,30,10,4080.0,6668.0,2349034.7702763686,3885462.2082367884,0.611877624475105,0.6045702272683676,17,170,0,1279.9589618830807,44419,6860,37559,0.054184475389494,0.05144459036266291,73,354.95896188308075,925.0,10,24,False,{},{},{},{},0.0,0.0,0.0,0.0,0.0,0.0,0.0,0.0,0.0,0.0,0.0,0.0,0.0,0.0,Leave Event,0.0,"{'node_level': {}, 'link_level': {}, 'path_level': {}}","{'node_level': {}, 'link_level': {}, 'path_level': {}}","{'node_level': {}, 'link_level': {}, 'path_level': {}}",[],0.0,0.0,True,True,False,0,[],0,0.0,,
100,30,10,4080.0,6668.0,2349034.7702763686,3885462.2082367884,0.611877624475105,0.6045702272683676,17,171,0,1288.4559275729157,44419,6860,37559,0.054184475389494,0.05144459036266291,84,227.45592757291564,1061.0,7,11,False,{},{},{},{},0.0,0.0,0.0,0.0,0.0,0.0,0.0,0.0,0.0,0.0,0.0,0.0,0.0,0.0,Leave Event,0.0,"{'node_level': {}, 'link_level': {}, 'path_level': {}}","{'node_level': {}, 'link_level': {}, 'path_level': {}}","{'node_level': {}, 'link_level': {}, 'path_level': {}}",[],0.0,0.0,True,True,False,0,[],0,0.0,,
100,30,9,4080.0,6668.0,2349034.7702763686,3885462.2082367884,0.611877624475105,0.6045702272683676,17,172,0,1294.955851751608,44852,6914,37938,0.04673928029780783,0.04187291645620772,2,1251.955851751608,43.0,5,6,False,{},{},{},{},0.0,0.0,0.0,0.0,0.0,0.0,0.0,0.0,0.0,0.0,0.0,0.0,0.0,0.0,Leave Event,0.0,"{'node_level': {}, 'link_level': {}, 'path_level': {}}","{'node_level': {}, 'link_level': {}, 'path_level': {}}","{'node_level': {}, 'link_level': {}, 'path_level': {}}",[],0.0,0.0,True,True,False,0,[],0,0.0,,
100,30,9,4080.0,6668.0,2349034.7702763686,3885462.2082367884,0.611877624475105,0.6045702272683676,17,173,0,1305.4285659002398,44852,6914,37938,0.04673928029780783,0.04187291645620772,82,272.4285659002399,1033.0,5,5,False,{},{},{},{},0.0,0.0,0.0,0.0,0.0,0.0,0.0,0.0,0.0,0.0,0.0,0.0,0.0,0.0,Leave Event,0.0,"{'node_level': {}, 'link_level': {}, 'path_level': {}}","{'node_level': {}, 'link_level': {}, 'path_level': {}}","{'node_level': {}, 'link_level': {}, 'path_level': {}}",[],0.0,0.0,True,True,False,0,[],0,0.0,,
100,30,9,4080.0,6668.0,2349034.7702763686,3885462.2082367884,0.611877624475105,0.6045702272683676,17,174,0,1335.489605459313,44852,6914,37938,0.04673928029780783,0.04187291645620772,51,691.489605459313,644.0,6,9,False,{},{},{},{},0.0,0.0,0.0,0.0,0.0,0.0,0.0,0.0,0.0,0.0,0.0,0.0,0.0,0.0,Leave Event,0.0,"{'node_level': {}, 'link_level': {}, 'path_level': {}}","{'node_level': {}, 'link_level': {}, 'path_level': {}}","{'node_level': {}, 'link_level': {}, 'path_level': {}}",[],0.0,0.0,True,True,False,0,[],0,0.0,,
100,30,8,4080.0,6668.0,2349034.7702763686,3885462.2082367884,0.611877624475105,0.6045702272683676,17,175,0,1337.3062739153581,44886,6940,37946,0.04315455673514412,0.04167087584604501,90,207.30627391535805,1130.0,2,1,False,{},{},{},{},0.0,0.0,0.0,0.0,0.0,0.0,0.0,0.0,0.0,0.0,0.0,0.0,0.0,0.0,Leave Event,0.0,"{'node_level': {}, 'link_level': {}, 'path_level': {}}","{'node_level': {}, 'link_level': {}, 'path_level': {}}","{'node_level': {}, 'link_level': {}, 'path_level': {}}",[],0.0,0.0,True,True,False,0,[],0,0.0,,
100,30,8,4080.0,6668.0,2349034.7702763686,3885462.2082367884,0.611877624475105,0.6045702272683676,17,176,0,1339.7911631197298,44886,6940,37946,0.04315455673514412,0.04167087584604501,7,1242.7911631197298,97.0,4,5,False,{},{},{},{},0.0,0.0,0.0,0.0,0.0,0.0,0.0,0.0,0.0,0.0,0.0,0.0,0.0,0.0,Leave Event,0.0,"{'node_level': {}, 'link_level': {}, 'path_level': {}}","{'node_level': {}, 'link_level': {}, 'path_level': {}}","{'node_level': {}, 'link_level': {}, 'path_level': {}}",[],0.0,0.0,True,True,False,0,[],0,0.0,,
100,30,8,4080.0,6668.0,2349034.7702763686,3885462.2082367884,0.611877624475105,0.6045702272683676,17,177,0,1367.9894615828748,44886,6940,37946,0.04315455673514412,0.04167087584604501,92,206.9894615828749,1161.0,4,3,False,{},{},{},{},0.0,0.0,0.0,0.0,0.0,0.0,0.0,0.0,0.0,0.0,0.0,0.0,0.0,0.0,Leave Event,0.0,"{'node_level': {}, 'link_level': {}, 'path_level': {}}","{'node_level': {}, 'link_level': {}, 'path_level': {}}","{'node_level': {}, 'link_level': {}, 'path_level': {}}",[],0.0,0.0,True,True,False,0,[],0,0.0,,
100,30,8,4080.0,6668.0,2349034.7702763686,3885462.2082367884,0.611877624475105,0.6045702272683676,17,178,0,1382.1522428022445,44886,6940,37946,0.04315455673514412,0.04167087584604501,8,1270.1522428022445,112.0,6,8,False,{},{},{},{},0.0,0.0,0.0,0.0,0.0,0.0,0.0,0.0,0.0,0.0,0.0,0.0,0.0,0.0,Leave Event,0.0,"{'node_level': {}, 'link_level': {}, 'path_level': {}}","{'node_level': {}, 'link_level': {}, 'path_level': {}}","{'node_level': {}, 'link_level': {}, 'path_level': {}}",[],0.0,0.0,True,True,False,0,[],0,0.0,,
100,30,8,4080.0,6668.0,2349034.7702763686,3885462.2082367884,0.611877624475105,0.6045702272683676,17,179,0,1483.2302533398408,44886,6940,37946,0.04315455673514412,0.04167087584604501,91,336.2302533398408,1147.0,5,6,False,{},{},{},{},0.0,0.0,0.0,0.0,0.0,0.0,0.0,0.0,0.0,0.0,0.0,0.0,0.0,0.0,Leave Event,0.0,"{'node_level': {}, 'link_level': {}, 'path_level': {}}","{'node_level': {}, 'link_level': {}, 'path_level': {}}","{'node_level': {}, 'link_level': {}, 'path_level': {}}",[],0.0,0.0,True,True,False,0,[],0,0.0,,
100,30,8,4080.0,6668.0,2349034.7702763686,3885462.2082367884,0.611877624475105,0.6045702272683676,17,180,0,1489.7534787451477,44886,6940,37946,0.04315455673514412,0.04167087584604501,29,1110.7534787451477,379.0,10,23,False,{},{},{},{},0.0,0.0,0.0,0.0,0.0,0.0,0.0,0.0,0.0,0.0,0.0,0.0,0.0,0.0,Leave Event,0.0,"{'node_level': {}, 'link_level': {}, 'path_level': {}}","{'node_level': {}, 'link_level': {}, 'path_level': {}}","{'node_level': {}, 'link_level': {}, 'path_level': {}}",[],0.0,0.0,True,True,False,0,[],0,0.0,,
100,30,7,4080.0,6668.0,2349034.7702763686,3885462.2082367884,0.611877624475105,0.6045702272683676,17,181,0,1495.8667793215377,45114,6960,38154,0.0403970770715566,0.03641781998181637,27,1131.8667793215377,364.0,4,3,False,{},{},{},{},0.0,0.0,0.0,0.0,0.0,0.0,0.0,0.0,0.0,0.0,0.0,0.0,0.0,0.0,Leave Event,0.0,"{'node_level': {}, 'link_level': {}, 'path_level': {}}","{'node_level': {}, 'link_level': {}, 'path_level': {}}","{'node_level': {}, 'link_level': {}, 'path_level': {}}",[],0.0,0.0,True,True,False,0,[],0,0.0,,
100,30,7,4080.0,6668.0,2349034.7702763686,3885462.2082367884,0.611877624475105,0.6045702272683676,17,182,0,1497.298673109992,45114,6960,38154,0.0403970770715566,0.03641781998181637,95,311.29867310999197,1186.0,7,8,False,{},{},{},{},0.0,0.0,0.0,0.0,0.0,0.0,0.0,0.0,0.0,0.0,0.0,0.0,0.0,0.0,Leave Event,0.0,"{'node_level': {}, 'link_level': {}, 'path_level': {}}","{'node_level': {}, 'link_level': {}, 'path_level': {}}","{'node_level': {}, 'link_level': {}, 'path_level': {}}",[],0.0,0.0,True,True,False,0,[],0,0.0,,
100,30,6,4080.0,6668.0,2349034.7702763686,3885462.2082367884,0.611877624475105,0.6045702272683676,17,183,0,1693.98200558622,45444,7016,38428,0.03267613401351166,0.029497929083745822,99,453.98200558622,1240.0,4,5,False,{},{},{},{},0.0,0.0,0.0,0.0,0.0,0.0,0.0,0.0,0.0,0.0,0.0,0.0,0.0,0.0,Leave Event,0.0,"{'node_level': {}, 'link_level': {}, 'path_level': {}}","{'node_level': {}, 'link_level': {}, 'path_level': {}}","{'node_level': {}, 'link_level': {}, 'path_level': {}}",[],0.0,0.0,True,True,False,0,[],0,0.0,,
100,30,6,4080.0,6668.0,2349034.7702763686,3885462.2082367884,0.611877624475105,0.6045702272683676,17,184,0,1694.569356645174,45444,7016,38428,0.03267613401351166,0.029497929083745822,98,468.56935664517397,1226.0,9,20,False,{},{},{},{},0.0,0.0,0.0,0.0,0.0,0.0,0.0,0.0,0.0,0.0,0.0,0.0,0.0,0.0,Leave Event,0.0,"{'node_level': {}, 'link_level': {}, 'path_level': {}}","{'node_level': {}, 'link_level': {}, 'path_level': {}}","{'node_level': {}, 'link_level': {}, 'path_level': {}}",[],0.0,0.0,True,True,False,0,[],0,0.0,,
100,30,6,4080.0,6668.0,2349034.7702763686,3885462.2082367884,0.611877624475105,0.6045702272683676,17,185,0,1698.911731037811,45444,7016,38428,0.03267613401351166,0.029497929083745822,75,754.9117310378111,944.0,5,9,False,{},{},{},{},0.0,0.0,0.0,0.0,0.0,0.0,0.0,0.0,0.0,0.0,0.0,0.0,0.0,0.0,Leave Event,0.0,"{'node_level': {}, 'link_level': {}, 'path_level': {}}","{'node_level': {}, 'link_level': {}, 'path_level': {}}","{'node_level': {}, 'link_level': {}, 'path_level': {}}",[],0.0,0.0,True,True,False,0,[],0,0.0,,
100,30,5,4080.0,6668.0,2349034.7702763686,3885462.2082367884,0.611877624475105,0.6045702272683676,17,186,0,1710.723798965108,45642,7052,38590,0.027712670619054136,0.025406606727952363,52,1053.723798965108,657.0,3,2,False,{},{},{},{},0.0,0.0,0.0,0.0,0.0,0.0,0.0,0.0,0.0,0.0,0.0,0.0,0.0,0.0,Leave Event,0.0,"{'node_level': {}, 'link_level': {}, 'path_level': {}}","{'node_level': {}, 'link_level': {}, 'path_level': {}}","{'node_level': {}, 'link_level': {}, 'path_level': {}}",[],0.0,0.0,True,True,False,0,[],0,0.0,,
100,30,4,4080.0,6668.0,2349034.7702763686,3885462.2082367884,0.611877624475105,0.6045702272683676,17,187,0,1806.8663923792355,45947,7117,38830,0.018750861712394817,0.019345388423072984,70,919.8663923792355,887.0,5,5,False,{},{},{},{},0.0,0.0,0.0,0.0,0.0,0.0,0.0,0.0,0.0,0.0,0.0,0.0,0.0,0.0,Leave Event,0.0,"{'node_level': {}, 'link_level': {}, 'path_level': {}}","{'node_level': {}, 'link_level': {}, 'path_level': {}}","{'node_level': {}, 'link_level': {}, 'path_level': {}}",[],0.0,0.0,True,True,False,0,[],0,0.0,,
100,30,3,4080.0,6668.0,2349034.7702763686,3885462.2082367884,0.611877624475105,0.6045702272683676,17,188,0,1812.1456781024035,46107,7154,38953,0.013649524334758079,0.016239014041822375,89,693.1456781024035,1119.0,4,3,False,{},{},{},{},0.0,0.0,0.0,0.0,0.0,0.0,0.0,0.0,0.0,0.0,0.0,0.0,0.0,0.0,Leave Event,0.0,"{'node_level': {}, 'link_level': {}, 'path_level': {}}","{'node_level': {}, 'link_level': {}, 'path_level': {}}","{'node_level': {}, 'link_level': {}, 'path_level': {}}",[],0.0,0.0,True,True,False,0,[],0,0.0,,
100,30,3,4080.0,6668.0,2349034.7702763686,3885462.2082367884,0.611877624475105,0.6045702272683676,17,189,0,1820.8970432321962,46107,7154,38953,0.013649524334758079,0.016239014041822375,87,723.8970432321961,1097.0,4,4,False,{},{},{},{},0.0,0.0,0.0,0.0,0.0,0.0,0.0,0.0,0.0,0.0,0.0,0.0,0.0,0.0,Leave Event,0.0,"{'node_level': {}, 'link_level': {}, 'path_level': {}}","{'node_level': {}, 'link_level': {}, 'path_level': {}}","{'node_level': {}, 'link_level': {}, 'path_level': {}}",[],0.0,0.0,True,True,False,0,[],0,0.0,,
100,30,3,4080.0,6668.0,2349034.7702763686,3885462.2082367884,0.611877624475105,0.6045702272683676,17,190,0,1957.9932579629997,46107,7154,38953,0.013649524334758079,0.016239014041822375,76,1000.9932579629997,957.0,9,22,False,{},{},{},{},0.0,0.0,0.0,0.0,0.0,0.0,0.0,0.0,0.0,0.0,0.0,0.0,0.0,0.0,Leave Event,0.0,"{'node_level': {}, 'link_level': {}, 'path_level': {}}","{'node_level': {}, 'link_level': {}, 'path_level': {}}","{'node_level': {}, 'link_level': {}, 'path_level': {}}",[],0.0,0.0,True,True,False,0,[],0,0.0,,
100,30,3,4080.0,6668.0,2349034.7702763686,3885462.2082367884,0.611877624475105,0.6045702272683676,17,191,0,2078.088644606799,46107,7154,38953,0.013649524334758079,0.016239014041822375,71,1175.088644606799,903.0,6,8,False,{},{},{},{},0.0,0.0,0.0,0.0,0.0,0.0,0.0,0.0,0.0,0.0,0.0,0.0,0.0,0.0,Leave Event,0.0,"{'node_level': {}, 'link_level': {}, 'path_level': {}}","{'node_level': {}, 'link_level': {}, 'path_level': {}}","{'node_level': {}, 'link_level': {}, 'path_level': {}}",[],0.0,0.0,True,True,False,0,[],0,0.0,,
100,30,3,4080.0,6668.0,2349034.7702763686,3885462.2082367884,0.611877624475105,0.6045702272683676,17,192,0,2168.1852539970178,46107,7154,38953,0.013649524334758079,0.016239014041822375,39,1682.185253997018,486.0,9,17,False,{},{},{},{},0.0,0.0,0.0,0.0,0.0,0.0,0.0,0.0,0.0,0.0,0.0,0.0,0.0,0.0,Leave Event,0.0,"{'node_level': {}, 'link_level': {}, 'path_level': {}}","{'node_level': {}, 'link_level': {}, 'path_level': {}}","{'node_level': {}, 'link_level': {}, 'path_level': {}}",[],0.0,0.0,True,True,False,0,[],0,0.0,,
100,30,2,4080.0,6668.0,2349034.7702763686,3885462.2082367884,0.611877624475105,0.6045702272683676,17,193,0,2238.0155126340933,46166,7163,39003,0.012408658486143698,0.014976260228305893,96,1038.015512634093,1200.0,2,1,False,{},{},{},{},0.0,0.0,0.0,0.0,0.0,0.0,0.0,0.0,0.0,0.0,0.0,0.0,0.0,0.0,Leave Event,0.0,"{'node_level': {}, 'link_level': {}, 'path_level': {}}","{'node_level': {}, 'link_level': {}, 'path_level': {}}","{'node_level': {}, 'link_level': {}, 'path_level': {}}",[],0.0,0.0,True,True,False,0,[],0,0.0,,
100,30,1,4080.0,6668.0,2349034.7702763686,3885462.2082367884,0.611877624475105,0.6045702272683676,17,194,0,2329.503396923519,46549,7216,39333,0.00510133737763685,0.006642085059096914,32,1921.503396923519,408.0,5,7,False,{},{},{},{},0.0,0.0,0.0,0.0,0.0,0.0,0.0,0.0,0.0,0.0,0.0,0.0,0.0,0.0,Leave Event,0.0,"{'node_level': {}, 'link_level': {}, 'path_level': {}}","{'node_level': {}, 'link_level': {}, 'path_level': {}}","{'node_level': {}, 'link_level': {}, 'path_level': {}}",[],0.0,0.0,True,True,False,0,[],0,0.0,,
100,30,1,4080.0,6668.0,2349034.7702763686,3885462.2082367884,0.611877624475105,0.6045702272683676,17,195,0,2472.267727891407,46549,7216,39333,0.00510133737763685,0.006642085059096914,58,1736.267727891407,736.0,5,6,False,{},{},{},{},0.0,0.0,0.0,0.0,0.0,0.0,0.0,0.0,0.0,0.0,0.0,0.0,0.0,0.0,Leave Event,0.0,"{'node_level': {}, 'link_level': {}, 'path_level': {}}","{'node_level': {}, 'link_level': {}, 'path_level': {}}","{'node_level': {}, 'link_level': {}, 'path_level': {}}",[],0.0,0.0,True,True,False,0,[],0,0.0,,
100,30,1,4080.0,6668.0,2349034.7702763686,3885462.2082367884,0.611877624475105,0.6045702272683676,17,196,0,2554.3058642999968,46549,7216,39333,0.00510133737763685,0.006642085059096914,88,1442.305864299997,1112.0,6,6,False,{},{},{},{},0.0,0.0,0.0,0.0,0.0,0.0,0.0,0.0,0.0,0.0,0.0,0.0,0.0,0.0,Leave Event,0.0,"{'node_level': {}, 'link_level': {}, 'path_level': {}}","{'node_level': {}, 'link_level': {}, 'path_level': {}}","{'node_level': {}, 'link_level': {}, 'path_level': {}}",[],0.0,0.0,True,True,False,0,[],0,0.0,,
100,30,0,4080.0,6668.0,2349034.7702763686,3885462.2082367884,0.611877624475105,0.6045702272683676,17,197,0,2658.2721435754875,46849,7253,39596,0.0,0.0,97,1442.2721435754875,1216.0,4,5,False,{},{},{},{},0.0,0.0,0.0,0.0,0.0,0.0,0.0,0.0,0.0,0.0,0.0,0.0,0.0,0.0,Leave Event,0.0,"{'node_level': {}, 'link_level': {}, 'path_level': {}}","{'node_level': {}, 'link_level': {}, 'path_level': {}}","{'node_level': {}, 'link_level': {}, 'path_level': {}}",[],0.0,0.0,True,True,False,0,[],0,0.0,,
100,30,0,4080.0,6668.0,2349034.7702763686,3885462.2082367884,0.611877624475105,0.6045702272683676,17,198,0,2869.905066586304,46849,7253,39596,0.0,0.0,63,2068.905066586304,801.0,5,5,False,{},{},{},{},0.0,0.0,0.0,0.0,0.0,0.0,0.0,0.0,0.0,0.0,0.0,0.0,0.0,0.0,Leave Event,0.0,"{'node_level': {}, 'link_level': {}, 'path_level': {}}","{'node_level': {}, 'link_level': {}, 'path_level': {}}","{'node_level': {}, 'link_level': {}, 'path_level': {}}",[],0.0,0.0,True,True,False,0,[],0,0.0,,
100,30,0,4080.0,6668.0,2349034.7702763686,3885462.2082367884,0.611877624475105,0.6045702272683676,17,199,0,3033.9235083769545,46849,7253,39596,0.0,0.0,80,2024.9235083769545,1009.0,3,2,False,{},{},{},{},0.0,0.0,0.0,0.0,0.0,0.0,0.0,0.0,0.0,0.0,0.0,0.0,0.0,0.0,Leave Event,0.0,"{'node_level': {}, 'link_level': {}, 'path_level': {}}","{'node_level': {}, 'link_level': {}, 'path_level': {}}","{'node_level': {}, 'link_level': {}, 'path_level': {}}",[],0.0,0.0,True,True,False,0,[],0,0.0,,
