v_net_count,success_count,inservice_count,total_revenue,total_cost,total_time_revenue,total_time_cost,long_term_r2c_ratio,long_term_time_r2c_ratio,num_running_p_net_nodes,event_id,event_type,event_time,p_net_available_resource,p_net_node_available_resource,p_net_link_available_resource,p_net_node_resource_utilization,p_net_link_resource_utilization,v_net_id,v_net_lifetime,v_net_arrival_time,v_net_num_nodes,v_net_num_egdes,result,node_slots,link_paths,node_slots_info,link_paths_info,v_net_cost,v_net_revenue,v_net_demand,v_net_node_demand,v_net_link_demand,v_net_node_revenue,v_net_link_revenue,v_net_node_cost,v_net_link_cost,v_net_path_cost,v_net_r2c_ratio,v_net_time_cost,v_net_time_revenue,v_net_time_rc_ratio,description,v_net_total_hard_constraint_violation,v_net_single_step_constraint_offset,v_net_constraint_offsets,v_net_constraint_violations,v_net_single_step_violation_list,v_net_single_step_hard_constraint_offset,v_net_max_single_step_hard_constraint_violation,place_result,route_result,early_rejection,revoke_times,selected_actions,num_interactions,v_net_reward,num_placed_nodes,num_routed_links
1,0,0,0.0,0.0,0.0,0.0,0.0,0.0,0,0,1,16.0,46849,7253,39596,0.0,0.0,0,583.4367577311515,16.0,7,8,False,"{2: 1, 5: 32, 0: 87, 1: 52, 3: 18, 4: 5, 6: 42}","{(0, 3): [(87, 32), (32, 18)], (0, 4): []}","{(2, 1): {'cpu': 15}, (5, 32): {'cpu': 14}, (0, 87): {'cpu': 13}, (1, 52): {'cpu': 11}, (3, 18): {'cpu': 9}, (4, 5): {'cpu': 8}, (6, 42): {'cpu': 6}}","{((0, 3), (87, 32)): {'bw': 48}, ((0, 3), (32, 18)): {'bw': 48}}",0.0,0.0,255.0,76.0,179.0,0.0,0.0,0.0,0.0,0.0,0.0,0.0,0.0,0.0,Route Failure,8.0,"{'node_level': {}, 'link_level': {}, 'path_level': {}}","{'node_level': {2: {'cpu': -82}, 5: {'cpu': -83}, 0: {'cpu': -84}, 1: {'cpu': -89}, 3: {'cpu': -80}, 4: {'cpu': -81}, 6: {'cpu': -83}}, 'link_level': {(0, 3): {'bw': -35}, (0, 4): {'bw': 8}}, 'path_level': {(0, 3): {'latency': -5.9443819185959885}, (0, 4): {'latency': 7.250827561105567}}}","{'node_level': {2: {'cpu': 0}, 5: {'cpu': 0}, 0: {'cpu': 0}, 1: {'cpu': 0}, 3: {'cpu': 0}, 4: {'cpu': 0}, 6: {'cpu': 0}}, 'link_level': {(0, 3): {'bw': 0}, (0, 4): {'bw': 8}}, 'path_level': {(0, 3): {'latency': 0}, (0, 4): {'latency': 7.250827561105567}}}",[],0.0,0.0,True,False,False,0,[],0,0.0,7.0,2.0
2,1,1,26.0,27.0,27615.08313701147,28677.20171920422,0.9629629629629629,0.9629629629629629,2,1,1,30.0,46822,7228,39594,0.003446849579484379,5.051015254065039e-05,1,1062.1185821927488,30.0,2,1,True,"{1: 1, 0: 32}","{(0, 1): [(32, 36), (36, 1)]}","{(1, 1): {'cpu': 15}, (0, 32): {'cpu': 10}}","{((0, 1), (32, 36)): {'bw': 1}, ((0, 1), (36, 1)): {'bw': 1}}",27.0,26.0,26.0,25.0,1.0,25.0,1.0,25.0,2.0,1.0,0.9629629629629629,28677.20171920422,27615.08313701147,1022.7808569263507,Success,0.0,"{'node_level': {}, 'link_level': {}, 'path_level': {}}","{'node_level': {1: {'cpu': -82}, 0: {'cpu': -87}}, 'link_level': {(0, 1): {'bw': -68}}, 'path_level': {(0, 1): {'latency': -4.008900818303662}}}","{'node_level': {1: {'cpu': 0}, 0: {'cpu': 0}}, 'link_level': {(0, 1): {'bw': 0}}, 'path_level': {(0, 1): {'latency': 0}}}",[],0.0,0.0,True,True,False,0,[],0,0.0,2.0,1.0
3,1,1,26.0,27.0,27615.08313701147,28677.20171920422,0.9629629629629629,0.9629629629629629,2,2,1,43.0,46822,7228,39594,0.003446849579484379,5.051015254065039e-05,2,1251.955851751608,43.0,5,6,False,"{1: 87, 4: 52, 2: 18, 3: 1, 0: 32}","{(0, 1): []}","{(1, 87): {'cpu': 17}, (4, 52): {'cpu': 14}, (2, 18): {'cpu': 13}, (3, 1): {'cpu': 6}, (0, 32): {'cpu': 4}}",{},0.0,0.0,253.0,54.0,199.0,0.0,0.0,0.0,0.0,0.0,0.0,0.0,0.0,0.0,Route Failure,5.987455512755987,"{'node_level': {}, 'link_level': {}, 'path_level': {}}","{'node_level': {1: {'cpu': -80}, 4: {'cpu': -86}, 2: {'cpu': -76}, 3: {'cpu': -76}, 0: {'cpu': -83}}, 'link_level': {(0, 1): {'bw': -17}}, 'path_level': {(0, 1): {'latency': 5.987455512755987}}}","{'node_level': {1: {'cpu': 0}, 4: {'cpu': 0}, 2: {'cpu': 0}, 3: {'cpu': 0}, 0: {'cpu': 0}}, 'link_level': {(0, 1): {'bw': 0}}, 'path_level': {(0, 1): {'latency': 5.987455512755987}}}",[],0.0,0.0,True,False,False,0,[],0,0.0,5.0,1.0
4,1,1,26.0,27.0,27615.08313701147,28677.20171920422,0.9629629629629629,0.9629629629629629,2,3,1,52.0,46822,7228,39594,0.003446849579484379,5.051015254065039e-05,3,122.1977268888015,52.0,5,5,False,"{0: 87, 3: 52, 2: 18, 1: 1, 4: 32}","{(0, 2): [(87, 32), (32, 18)], (0, 4): []}","{(0, 87): {'cpu': 9}, (3, 52): {'cpu': 8}, (2, 18): {'cpu': 6}, (1, 1): {'cpu': 2}, (4, 32): {'cpu': 1}}","{((0, 2), (87, 32)): {'bw': 34}, ((0, 2), (32, 18)): {'bw': 34}}",0.0,0.0,174.0,26.0,148.0,0.0,0.0,0.0,0.0,0.0,0.0,0.0,0.0,0.0,Route Failure,4.823058981061995,"{'node_level': {}, 'link_level': {}, 'path_level': {}}","{'node_level': {0: {'cpu': -88}, 3: {'cpu': -92}, 2: {'cpu': -83}, 1: {'cpu': -80}, 4: {'cpu': -86}}, 'link_level': {(0, 2): {'bw': -49}, (0, 4): {'bw': -23}}, 'path_level': {(0, 2): {'latency': -6.154572673876441}, (0, 4): {'latency': 4.823058981061995}}}","{'node_level': {0: {'cpu': 0}, 3: {'cpu': 0}, 2: {'cpu': 0}, 1: {'cpu': 0}, 4: {'cpu': 0}}, 'link_level': {(0, 2): {'bw': 0}, (0, 4): {'bw': 0}}, 'path_level': {(0, 2): {'latency': 0}, (0, 4): {'latency': 4.823058981061995}}}",[],0.0,0.0,True,False,False,0,[],0,0.0,5.0,2.0
5,2,2,308.0,613.0,145046.0192142588,272700.35257476073,0.5024469820554649,0.5318879049651923,9,4,1,65.0,46236,7138,39098,0.015855508065627966,0.0125770279826245,4,416.4217591391749,65.0,9,10,True,"{0: 87, 1: 52, 6: 18, 3: 1, 7: 32, 2: 5, 5: 42, 8: 9, 4: 17}","{(0, 2): [(87, 45), (45, 44), (44, 5)], (1, 4): [(52, 93), (93, 17)], (1, 6): [(52, 93), (93, 3), (3, 18)], (1, 8): [(52, 26), (26, 81), (81, 9)], (2, 3): [(5, 74), (74, 1)], (2, 4): [(5, 60), (60, 17)], (2, 7): [(5, 18), (18, 32)], (2, 8): [(5, 90), (90, 29), (29, 9)], (4, 7): [(17, 60), (60, 32)], (5, 6): [(42, 18)]}","{(0, 87): {'cpu': 19}, (1, 52): {'cpu': 19}, (6, 18): {'cpu': 14}, (3, 1): {'cpu': 12}, (7, 32): {'cpu': 10}, (2, 5): {'cpu': 7}, (5, 42): {'cpu': 5}, (8, 9): {'cpu': 3}, (4, 17): {'cpu': 1}}","{((0, 2), (87, 45)): {'bw': 34}, ((0, 2), (45, 44)): {'bw': 34}, ((0, 2), (44, 5)): {'bw': 34}, ((1, 4), (52, 93)): {'bw': 13}, ((1, 4), (93, 17)): {'bw': 13}, ((1, 6), (52, 93)): {'bw': 16}, ((1, 6), (93, 3)): {'bw': 16}, ((1, 6), (3, 18)): {'bw': 16}, ((1, 8), (52, 26)): {'bw': 34}, ((1, 8), (26, 81)): {'bw': 34}, ((1, 8), (81, 9)): {'bw': 34}, ((2, 3), (5, 74)): {'bw': 24}, ((2, 3), (74, 1)): {'bw': 24}, ((2, 4), (5, 60)): {'bw': 13}, ((2, 4), (60, 17)): {'bw': 13}, ((2, 7), (5, 18)): {'bw': 6}, ((2, 7), (18, 32)): {'bw': 6}, ((2, 8), (5, 90)): {'bw': 39}, ((2, 8), (90, 29)): {'bw': 39}, ((2, 8), (29, 9)): {'bw': 39}, ((4, 7), (17, 60)): {'bw': 2}, ((4, 7), (60, 32)): {'bw': 2}, ((5, 6), (42, 18)): {'bw': 11}}",586.0,282.0,282.0,90.0,192.0,90.0,192.0,90.0,496.0,304.0,0.4812286689419795,244023.1508555565,117430.93607724733,200.39408886902274,Success,0.0,"{'node_level': {}, 'link_level': {}, 'path_level': {}}","{'node_level': {0: {'cpu': -78}, 1: {'cpu': -81}, 6: {'cpu': -75}, 3: {'cpu': -70}, 7: {'cpu': -77}, 2: {'cpu': -82}, 5: {'cpu': -84}, 8: {'cpu': -97}, 4: {'cpu': -87}}, 'link_level': {(0, 2): {'bw': -16}, (1, 4): {'bw': -40}, (1, 6): {'bw': -38}, (1, 8): {'bw': -20}, (2, 3): {'bw': -33}, (2, 4): {'bw': -42}, (2, 7): {'bw': -60}, (2, 8): {'bw': -19}, (4, 7): {'bw': -40}, (5, 6): {'bw': -72}}, 'path_level': {(0, 2): {'latency': -0.041567041093934165}, (1, 4): {'latency': -1.6413946420193875}, (1, 6): {'latency': -1.297316984797403}, (1, 8): {'latency': -6.281840597340745}, (2, 3): {'latency': -7.108343842980238}, (2, 4): {'latency': -7.186345832740605}, (2, 7): {'latency': -2.231727417876563}, (2, 8): {'latency': -0.5328879619862041}, (4, 7): {'latency': -3.56973816088518}, (5, 6): {'latency': -6.162421562953837}}}","{'node_level': {0: {'cpu': 0}, 1: {'cpu': 0}, 6: {'cpu': 0}, 3: {'cpu': 0}, 7: {'cpu': 0}, 2: {'cpu': 0}, 5: {'cpu': 0}, 8: {'cpu': 0}, 4: {'cpu': 0}}, 'link_level': {(0, 2): {'bw': 0}, (1, 4): {'bw': 0}, (1, 6): {'bw': 0}, (1, 8): {'bw': 0}, (2, 3): {'bw': 0}, (2, 4): {'bw': 0}, (2, 7): {'bw': 0}, (2, 8): {'bw': 0}, (4, 7): {'bw': 0}, (5, 6): {'bw': 0}}, 'path_level': {(0, 2): {'latency': 0}, (1, 4): {'latency': 0}, (1, 6): {'latency': 0}, (1, 8): {'latency': 0}, (2, 3): {'latency': 0}, (2, 4): {'latency': 0}, (2, 7): {'latency': 0}, (2, 8): {'latency': 0}, (4, 7): {'latency': 0}, (5, 6): {'latency': 0}}}",[],0.0,0.0,True,True,False,0,[],0,0.0,9.0,10.0
6,2,2,308.0,613.0,145046.0192142588,272700.35257476073,0.5024469820554649,0.5318879049651923,9,5,1,72.0,46236,7138,39098,0.015855508065627966,0.0125770279826245,5,1001.6202513226889,72.0,5,6,False,"{2: 18, 1: 32, 4: 87, 0: 1, 3: 5}","{(0, 2): []}","{(2, 18): {'cpu': 13}, (1, 32): {'cpu': 11}, (4, 87): {'cpu': 8}, (0, 1): {'cpu': 1}, (3, 5): {'cpu': 1}}",{},0.0,0.0,177.0,34.0,143.0,0.0,0.0,0.0,0.0,0.0,0.0,0.0,0.0,0.0,Route Failure,8.613417382498474,"{'node_level': {}, 'link_level': {}, 'path_level': {}}","{'node_level': {2: {'cpu': -62}, 1: {'cpu': -66}, 4: {'cpu': -70}, 0: {'cpu': -69}, 3: {'cpu': -81}}, 'link_level': {(0, 2): {'bw': -36}}, 'path_level': {(0, 2): {'latency': 8.613417382498474}}}","{'node_level': {2: {'cpu': 0}, 1: {'cpu': 0}, 4: {'cpu': 0}, 0: {'cpu': 0}, 3: {'cpu': 0}}, 'link_level': {(0, 2): {'bw': 0}}, 'path_level': {(0, 2): {'latency': 8.613417382498474}}}",[],0.0,0.0,True,False,False,0,[],0,0.0,5.0,1.0
7,2,2,308.0,613.0,145046.0192142588,272700.35257476073,0.5024469820554649,0.5318879049651923,9,6,1,84.0,46236,7138,39098,0.015855508065627966,0.0125770279826245,6,355.62396831078695,84.0,7,9,False,"{5: 18, 0: 32, 2: 87, 1: 1, 4: 5, 6: 52, 3: 94}","{(0, 2): [(32, 87)], (1, 2): []}","{(5, 18): {'cpu': 17}, (0, 32): {'cpu': 16}, (2, 87): {'cpu': 15}, (1, 1): {'cpu': 7}, (4, 5): {'cpu': 5}, (6, 52): {'cpu': 5}, (3, 94): {'cpu': 2}}","{((0, 2), (32, 87)): {'bw': 8}}",0.0,0.0,288.0,67.0,221.0,0.0,0.0,0.0,0.0,0.0,0.0,0.0,0.0,0.0,Route Failure,7.136278897234789,"{'node_level': {}, 'link_level': {}, 'path_level': {}}","{'node_level': {5: {'cpu': -58}, 0: {'cpu': -61}, 2: {'cpu': -63}, 1: {'cpu': -63}, 4: {'cpu': -77}, 6: {'cpu': -76}, 3: {'cpu': -68}}, 'link_level': {(0, 2): {'bw': -75}, (1, 2): {'bw': -48}}, 'path_level': {(0, 2): {'latency': -9.47633633696865}, (1, 2): {'latency': 7.136278897234789}}}","{'node_level': {5: {'cpu': 0}, 0: {'cpu': 0}, 2: {'cpu': 0}, 1: {'cpu': 0}, 4: {'cpu': 0}, 6: {'cpu': 0}, 3: {'cpu': 0}}, 'link_level': {(0, 2): {'bw': 0}, (1, 2): {'bw': 0}}, 'path_level': {(0, 2): {'latency': 0}, (1, 2): {'latency': 7.136278897234789}}}",[],0.0,0.0,True,False,False,0,[],0,0.0,7.0,2.0
8,2,2,308.0,613.0,145046.0192142588,272700.35257476073,0.5024469820554649,0.5318879049651923,9,7,1,97.0,46236,7138,39098,0.015855508065627966,0.0125770279826245,7,1242.7911631197298,97.0,4,5,False,"{3: 18, 2: 32, 0: 87, 1: 1}","{(0, 1): []}","{(3, 18): {'cpu': 20}, (2, 32): {'cpu': 18}, (0, 87): {'cpu': 10}, (1, 1): {'cpu': 9}}",{},0.0,0.0,236.0,57.0,179.0,0.0,0.0,0.0,0.0,0.0,0.0,0.0,0.0,0.0,Route Failure,9.0,"{'node_level': {}, 'link_level': {}, 'path_level': {}}","{'node_level': {3: {'cpu': -55}, 2: {'cpu': -59}, 0: {'cpu': -68}, 1: {'cpu': -61}}, 'link_level': {(0, 1): {'bw': 9}}, 'path_level': {(0, 1): {'latency': 8.773581406711788}}}","{'node_level': {3: {'cpu': 0}, 2: {'cpu': 0}, 0: {'cpu': 0}, 1: {'cpu': 0}}, 'link_level': {(0, 1): {'bw': 9}}, 'path_level': {(0, 1): {'latency': 8.773581406711788}}}",[],0.0,0.0,True,False,False,0,[],0,0.0,4.0,1.0
9,2,2,308.0,613.0,145046.0192142588,272700.35257476073,0.5024469820554649,0.5318879049651923,9,8,1,112.0,46236,7138,39098,0.015855508065627966,0.0125770279826245,8,1270.1522428022445,112.0,6,8,False,"{2: 18, 3: 32, 0: 87, 4: 1, 5: 5, 1: 52}","{(0, 1): []}","{(2, 18): {'cpu': 20}, (3, 32): {'cpu': 16}, (0, 87): {'cpu': 15}, (4, 1): {'cpu': 14}, (5, 5): {'cpu': 12}, (1, 52): {'cpu': 6}}",{},0.0,0.0,302.0,83.0,219.0,0.0,0.0,0.0,0.0,0.0,0.0,0.0,0.0,0.0,Route Failure,4.319291283436721,"{'node_level': {}, 'link_level': {}, 'path_level': {}}","{'node_level': {2: {'cpu': -55}, 3: {'cpu': -61}, 0: {'cpu': -63}, 4: {'cpu': -56}, 5: {'cpu': -70}, 1: {'cpu': -75}}, 'link_level': {(0, 1): {'bw': -20}}, 'path_level': {(0, 1): {'latency': 4.319291283436721}}}","{'node_level': {2: {'cpu': 0}, 3: {'cpu': 0}, 0: {'cpu': 0}, 4: {'cpu': 0}, 5: {'cpu': 0}, 1: {'cpu': 0}}, 'link_level': {(0, 1): {'bw': 0}}, 'path_level': {(0, 1): {'latency': 4.319291283436721}}}",[],0.0,0.0,True,False,False,0,[],0,0.0,6.0,1.0
10,2,2,308.0,613.0,145046.0192142588,272700.35257476073,0.5024469820554649,0.5318879049651923,9,9,1,126.0,46236,7138,39098,0.015855508065627966,0.0125770279826245,9,43.385244437624735,126.0,9,22,False,"{1: 18, 5: 32, 7: 87, 0: 1, 2: 5, 3: 52, 4: 94, 6: 17, 8: 40}","{(0, 3): [(1, 64), (64, 52)], (0, 4): [(1, 94)], (0, 6): [(1, 77), (77, 17)], (0, 7): [(1, 76), (76, 87)], (0, 8): []}","{(1, 18): {'cpu': 18}, (5, 32): {'cpu': 16}, (7, 87): {'cpu': 12}, (0, 1): {'cpu': 11}, (2, 5): {'cpu': 6}, (3, 52): {'cpu': 5}, (4, 94): {'cpu': 5}, (6, 17): {'cpu': 3}, (8, 40): {'cpu': 3}}","{((0, 3), (1, 64)): {'bw': 34}, ((0, 3), (64, 52)): {'bw': 34}, ((0, 4), (1, 94)): {'bw': 47}, ((0, 6), (1, 77)): {'bw': 20}, ((0, 6), (77, 17)): {'bw': 20}, ((0, 7), (1, 76)): {'bw': 49}, ((0, 7), (76, 87)): {'bw': 49}}",0.0,0.0,732.0,79.0,653.0,0.0,0.0,0.0,0.0,0.0,0.0,0.0,0.0,0.0,Route Failure,8.533441909545921,"{'node_level': {}, 'link_level': {}, 'path_level': {}}","{'node_level': {1: {'cpu': -57}, 5: {'cpu': -61}, 7: {'cpu': -66}, 0: {'cpu': -59}, 2: {'cpu': -76}, 3: {'cpu': -76}, 4: {'cpu': -65}, 6: {'cpu': -84}, 8: {'cpu': -66}}, 'link_level': {(0, 3): {'bw': -37}, (0, 4): {'bw': -41}, (0, 6): {'bw': -60}, (0, 7): {'bw': -9}, (0, 8): {'bw': -68}}, 'path_level': {(0, 3): {'latency': -5.426084284406118}, (0, 4): {'latency': -7.832510085705323}, (0, 6): {'latency': -10.637826883826255}, (0, 7): {'latency': -4.5869187624073575}, (0, 8): {'latency': 8.533441909545921}}}","{'node_level': {1: {'cpu': 0}, 5: {'cpu': 0}, 7: {'cpu': 0}, 0: {'cpu': 0}, 2: {'cpu': 0}, 3: {'cpu': 0}, 4: {'cpu': 0}, 6: {'cpu': 0}, 8: {'cpu': 0}}, 'link_level': {(0, 3): {'bw': 0}, (0, 4): {'bw': 0}, (0, 6): {'bw': 0}, (0, 7): {'bw': 0}, (0, 8): {'bw': 0}}, 'path_level': {(0, 3): {'latency': 0}, (0, 4): {'latency': 0}, (0, 6): {'latency': 0}, (0, 7): {'latency': 0}, (0, 8): {'latency': 8.533441909545921}}}",[],0.0,0.0,True,False,False,0,[],0,0.0,9.0,5.0
11,2,2,308.0,613.0,145046.0192142588,272700.35257476073,0.5024469820554649,0.5318879049651923,9,10,1,141.0,46236,7138,39098,0.015855508065627966,0.0125770279826245,10,162.6702058616888,141.0,8,14,False,"{4: 18, 7: 32, 1: 87, 6: 1, 0: 5, 3: 52, 2: 94, 5: 17}","{(0, 1): [(5, 42), (42, 45), (45, 87)], (0, 4): [(5, 18)], (0, 6): [(5, 74), (74, 1)], (0, 7): [(5, 18), (18, 32)], (1, 3): [(87, 95), (95, 7), (7, 52)], (1, 6): []}","{(4, 18): {'cpu': 19}, (7, 32): {'cpu': 19}, (1, 87): {'cpu': 17}, (6, 1): {'cpu': 12}, (0, 5): {'cpu': 4}, (3, 52): {'cpu': 2}, (2, 94): {'cpu': 1}, (5, 17): {'cpu': 1}}","{((0, 1), (5, 42)): {'bw': 19}, ((0, 1), (42, 45)): {'bw': 19}, ((0, 1), (45, 87)): {'bw': 19}, ((0, 4), (5, 18)): {'bw': 23}, ((0, 6), (5, 74)): {'bw': 16}, ((0, 6), (74, 1)): {'bw': 16}, ((0, 7), (5, 18)): {'bw': 16}, ((0, 7), (18, 32)): {'bw': 16}, ((1, 3), (87, 95)): {'bw': 29}, ((1, 3), (95, 7)): {'bw': 29}, ((1, 3), (7, 52)): {'bw': 29}}",0.0,0.0,340.0,75.0,265.0,0.0,0.0,0.0,0.0,0.0,0.0,0.0,0.0,0.0,Route Failure,9.805530173021946,"{'node_level': {}, 'link_level': {}, 'path_level': {}}","{'node_level': {4: {'cpu': -56}, 7: {'cpu': -58}, 1: {'cpu': -61}, 6: {'cpu': -58}, 0: {'cpu': -78}, 3: {'cpu': -79}, 2: {'cpu': -69}, 5: {'cpu': -86}}, 'link_level': {(0, 1): {'bw': -13}, (0, 4): {'bw': -37}, (0, 6): {'bw': -17}, (0, 7): {'bw': -21}, (1, 3): {'bw': -23}, (1, 6): {'bw': -5}}, 'path_level': {(0, 1): {'latency': -0.5094528363735282}, (0, 4): {'latency': -1.1103545902010072}, (0, 6): {'latency': -8.427631314541514}, (0, 7): {'latency': -3.5964770255604197}, (1, 3): {'latency': -0.5597127235454789}, (1, 6): {'latency': 9.805530173021946}}}","{'node_level': {4: {'cpu': 0}, 7: {'cpu': 0}, 1: {'cpu': 0}, 6: {'cpu': 0}, 0: {'cpu': 0}, 3: {'cpu': 0}, 2: {'cpu': 0}, 5: {'cpu': 0}}, 'link_level': {(0, 1): {'bw': 0}, (0, 4): {'bw': 0}, (0, 6): {'bw': 0}, (0, 7): {'bw': 0}, (1, 3): {'bw': 0}, (1, 6): {'bw': 0}}, 'path_level': {(0, 1): {'latency': 0}, (0, 4): {'latency': 0}, (0, 6): {'latency': 0}, (0, 7): {'latency': 0}, (1, 3): {'latency': 0}, (1, 6): {'latency': 9.805530173021946}}}",[],0.0,0.0,True,False,False,0,[],0,0.0,8.0,6.0
12,2,2,308.0,613.0,145046.0192142588,272700.35257476073,0.5024469820554649,0.5318879049651923,9,11,1,153.0,46236,7138,39098,0.015855508065627966,0.0125770279826245,11,4.700376901700943,153.0,10,25,False,"{0: 18, 2: 32, 8: 87, 1: 1, 5: 5, 4: 52, 7: 94, 3: 17, 6: 40, 9: 42}","{(0, 1): [(18, 77), (77, 1)], (0, 3): [(18, 77), (77, 17)], (0, 4): [(18, 3), (3, 7), (7, 52)], (0, 5): []}","{(0, 18): {'cpu': 18}, (2, 32): {'cpu': 18}, (8, 87): {'cpu': 17}, (1, 1): {'cpu': 11}, (5, 5): {'cpu': 10}, (4, 52): {'cpu': 8}, (7, 94): {'cpu': 8}, (3, 17): {'cpu': 4}, (6, 40): {'cpu': 4}, (9, 42): {'cpu': 3}}","{((0, 1), (18, 77)): {'bw': 5}, ((0, 1), (77, 1)): {'bw': 5}, ((0, 3), (18, 77)): {'bw': 27}, ((0, 3), (77, 17)): {'bw': 27}, ((0, 4), (18, 3)): {'bw': 37}, ((0, 4), (3, 7)): {'bw': 37}, ((0, 4), (7, 52)): {'bw': 37}}",0.0,0.0,719.0,101.0,618.0,0.0,0.0,0.0,0.0,0.0,0.0,0.0,0.0,0.0,Route Failure,2.719765082314338,"{'node_level': {}, 'link_level': {}, 'path_level': {}}","{'node_level': {0: {'cpu': -57}, 2: {'cpu': -59}, 8: {'cpu': -61}, 1: {'cpu': -59}, 5: {'cpu': -72}, 4: {'cpu': -73}, 7: {'cpu': -62}, 3: {'cpu': -83}, 6: {'cpu': -65}, 9: {'cpu': -81}}, 'link_level': {(0, 1): {'bw': -88}, (0, 3): {'bw': -53}, (0, 4): {'bw': -1}, (0, 5): {'bw': -48}}, 'path_level': {(0, 1): {'latency': -1.544229145771264}, (0, 3): {'latency': -0.3209944514785752}, (0, 4): {'latency': -5.428980415826526}, (0, 5): {'latency': 2.719765082314338}}}","{'node_level': {0: {'cpu': 0}, 2: {'cpu': 0}, 8: {'cpu': 0}, 1: {'cpu': 0}, 5: {'cpu': 0}, 4: {'cpu': 0}, 7: {'cpu': 0}, 3: {'cpu': 0}, 6: {'cpu': 0}, 9: {'cpu': 0}}, 'link_level': {(0, 1): {'bw': 0}, (0, 3): {'bw': 0}, (0, 4): {'bw': 0}, (0, 5): {'bw': 0}}, 'path_level': {(0, 1): {'latency': 0}, (0, 3): {'latency': 0}, (0, 4): {'latency': 0}, (0, 5): {'latency': 2.719765082314338}}}",[],0.0,0.0,True,False,False,0,[],0,0.0,10.0,4.0
12,2,2,308.0,613.0,145046.0192142588,272700.35257476073,0.5024469820554649,0.5318879049651923,9,12,0,157.70037690170093,46236,7138,39098,0.015855508065627966,0.0125770279826245,11,4.700376901700943,153.0,10,25,False,{},{},{},{},0.0,0.0,0.0,0.0,0.0,0.0,0.0,0.0,0.0,0.0,0.0,0.0,0.0,0.0,Leave Event,0.0,"{'node_level': {}, 'link_level': {}, 'path_level': {}}","{'node_level': {}, 'link_level': {}, 'path_level': {}}","{'node_level': {}, 'link_level': {}, 'path_level': {}}",[],0.0,0.0,True,True,False,0,[],0,0.0,,
13,2,2,308.0,613.0,145046.0192142588,272700.35257476073,0.5024469820554649,0.5318879049651923,9,13,1,161.0,46236,7138,39098,0.015855508065627966,0.0125770279826245,12,923.6638271383595,161.0,10,24,False,"{2: 18, 3: 32, 5: 87, 6: 1, 8: 5, 9: 52, 4: 94, 7: 17, 1: 40, 0: 42}","{(0, 2): [(42, 18)], (0, 5): [(42, 45), (45, 87)], (0, 6): [(42, 77), (77, 1)], (0, 8): [(42, 5)], (0, 9): []}","{(2, 18): {'cpu': 18}, (3, 32): {'cpu': 13}, (5, 87): {'cpu': 11}, (6, 1): {'cpu': 11}, (8, 5): {'cpu': 11}, (9, 52): {'cpu': 9}, (4, 94): {'cpu': 7}, (7, 17): {'cpu': 6}, (1, 40): {'cpu': 4}, (0, 42): {'cpu': 3}}","{((0, 2), (42, 18)): {'bw': 48}, ((0, 5), (42, 45)): {'bw': 28}, ((0, 5), (45, 87)): {'bw': 28}, ((0, 6), (42, 77)): {'bw': 5}, ((0, 6), (77, 1)): {'bw': 5}, ((0, 8), (42, 5)): {'bw': 23}}",0.0,0.0,757.0,93.0,664.0,0.0,0.0,0.0,0.0,0.0,0.0,0.0,0.0,0.0,Route Failure,7.361504807520042,"{'node_level': {}, 'link_level': {}, 'path_level': {}}","{'node_level': {2: {'cpu': -57}, 3: {'cpu': -64}, 5: {'cpu': -67}, 6: {'cpu': -59}, 8: {'cpu': -71}, 9: {'cpu': -72}, 4: {'cpu': -63}, 7: {'cpu': -81}, 1: {'cpu': -65}, 0: {'cpu': -81}}, 'link_level': {(0, 2): {'bw': -24}, (0, 5): {'bw': -4}, (0, 6): {'bw': -55}, (0, 8): {'bw': -67}, (0, 9): {'bw': -3}}, 'path_level': {(0, 2): {'latency': -7.2184028160339935}, (0, 5): {'latency': -0.30639818554984277}, (0, 6): {'latency': -9.191250087618887}, (0, 8): {'latency': -7.0390890886773185}, (0, 9): {'latency': 7.361504807520042}}}","{'node_level': {2: {'cpu': 0}, 3: {'cpu': 0}, 5: {'cpu': 0}, 6: {'cpu': 0}, 8: {'cpu': 0}, 9: {'cpu': 0}, 4: {'cpu': 0}, 7: {'cpu': 0}, 1: {'cpu': 0}, 0: {'cpu': 0}}, 'link_level': {(0, 2): {'bw': 0}, (0, 5): {'bw': 0}, (0, 6): {'bw': 0}, (0, 8): {'bw': 0}, (0, 9): {'bw': 0}}, 'path_level': {(0, 2): {'latency': 0}, (0, 5): {'latency': 0}, (0, 6): {'latency': 0}, (0, 8): {'latency': 0}, (0, 9): {'latency': 7.361504807520042}}}",[],0.0,0.0,True,False,False,0,[],0,0.0,10.0,5.0
13,2,2,308.0,613.0,145046.0192142588,272700.35257476073,0.5024469820554649,0.5318879049651923,9,14,0,169.38524443762475,46236,7138,39098,0.015855508065627966,0.0125770279826245,9,43.385244437624735,126.0,9,22,False,{},{},{},{},0.0,0.0,0.0,0.0,0.0,0.0,0.0,0.0,0.0,0.0,0.0,0.0,0.0,0.0,Leave Event,0.0,"{'node_level': {}, 'link_level': {}, 'path_level': {}}","{'node_level': {}, 'link_level': {}, 'path_level': {}}","{'node_level': {}, 'link_level': {}, 'path_level': {}}",[],0.0,0.0,True,True,False,0,[],0,0.0,,
13,2,2,308.0,613.0,145046.0192142588,272700.35257476073,0.5024469820554649,0.5318879049651923,9,15,0,174.1977268888015,46236,7138,39098,0.015855508065627966,0.0125770279826245,3,122.1977268888015,52.0,5,5,False,{},{},{},{},0.0,0.0,0.0,0.0,0.0,0.0,0.0,0.0,0.0,0.0,0.0,0.0,0.0,0.0,Leave Event,0.0,"{'node_level': {}, 'link_level': {}, 'path_level': {}}","{'node_level': {}, 'link_level': {}, 'path_level': {}}","{'node_level': {}, 'link_level': {}, 'path_level': {}}",[],0.0,0.0,True,True,False,0,[],0,0.0,,
14,3,3,389.0,707.0,187238.1358935373,321664.0435358988,0.5502121640735502,0.5820922159508976,9,16,1,175.0,46142,7119,39023,0.018475113746036165,0.014471158702899278,13,520.8903293738089,175.0,3,3,True,"{2: 18, 1: 32, 0: 87}","{(0, 1): [(87, 32)], (0, 2): [(87, 32), (32, 18)], (1, 2): [(32, 18)]}","{(2, 18): {'cpu': 10}, (1, 32): {'cpu': 7}, (0, 87): {'cpu': 2}}","{((0, 1), (87, 32)): {'bw': 6}, ((0, 2), (87, 32)): {'bw': 13}, ((0, 2), (32, 18)): {'bw': 13}, ((1, 2), (32, 18)): {'bw': 43}}",94.0,81.0,81.0,19.0,62.0,19.0,62.0,19.0,75.0,13.0,0.8617021276595744,48963.69096113803,42192.116679278515,448.85230509870763,Success,0.0,"{'node_level': {}, 'link_level': {}, 'path_level': {}}","{'node_level': {2: {'cpu': -65}, 1: {'cpu': -70}, 0: {'cpu': -76}}, 'link_level': {(0, 1): {'bw': -77}, (0, 2): {'bw': -64}, (1, 2): {'bw': -28}}, 'path_level': {(0, 1): {'latency': -9.115635534561994}, (0, 2): {'latency': -5.545530781293419}, (1, 2): {'latency': -2.9009657655406547}}}","{'node_level': {2: {'cpu': 0}, 1: {'cpu': 0}, 0: {'cpu': 0}}, 'link_level': {(0, 1): {'bw': 0}, (0, 2): {'bw': 0}, (1, 2): {'bw': 0}}, 'path_level': {(0, 1): {'latency': 0}, (0, 2): {'latency': 0}, (1, 2): {'latency': 0}}}",[],0.0,0.0,True,True,False,0,[],0,0.0,3.0,3.0
15,3,3,389.0,707.0,187238.1358935373,321664.0435358988,0.5502121640735502,0.5820922159508976,9,17,1,188.0,46142,7119,39023,0.018475113746036165,0.014471158702899278,14,920.6412263936853,188.0,8,14,False,"{3: 1, 4: 5, 7: 52, 6: 87, 5: 94, 0: 17, 1: 40, 2: 42}","{(0, 1): []}","{(3, 1): {'cpu': 19}, (4, 5): {'cpu': 19}, (7, 52): {'cpu': 15}, (6, 87): {'cpu': 12}, (5, 94): {'cpu': 11}, (0, 17): {'cpu': 6}, (1, 40): {'cpu': 5}, (2, 42): {'cpu': 5}}",{},0.0,0.0,424.0,92.0,332.0,0.0,0.0,0.0,0.0,0.0,0.0,0.0,0.0,0.0,Route Failure,8.03533948850309,"{'node_level': {}, 'link_level': {}, 'path_level': {}}","{'node_level': {3: {'cpu': -51}, 4: {'cpu': -63}, 7: {'cpu': -66}, 6: {'cpu': -64}, 5: {'cpu': -59}, 0: {'cpu': -81}, 1: {'cpu': -64}, 2: {'cpu': -79}}, 'link_level': {(0, 1): {'bw': -18}}, 'path_level': {(0, 1): {'latency': 8.03533948850309}}}","{'node_level': {3: {'cpu': 0}, 4: {'cpu': 0}, 7: {'cpu': 0}, 6: {'cpu': 0}, 5: {'cpu': 0}, 0: {'cpu': 0}, 1: {'cpu': 0}, 2: {'cpu': 0}}, 'link_level': {(0, 1): {'bw': 0}}, 'path_level': {(0, 1): {'latency': 8.03533948850309}}}",[],0.0,0.0,True,False,False,0,[],0,0.0,8.0,1.0
16,3,3,389.0,707.0,187238.1358935373,321664.0435358988,0.5502121640735502,0.5820922159508976,9,18,1,198.0,46142,7119,39023,0.018475113746036165,0.014471158702899278,15,153.75886185936875,198.0,9,12,False,"{1: 1, 8: 5, 3: 52, 7: 87, 2: 94, 4: 17, 6: 40, 5: 42, 0: 81}","{(0, 3): []}","{(1, 1): {'cpu': 19}, (8, 5): {'cpu': 17}, (3, 52): {'cpu': 16}, (7, 87): {'cpu': 14}, (2, 94): {'cpu': 13}, (4, 17): {'cpu': 8}, (6, 40): {'cpu': 8}, (5, 42): {'cpu': 3}, (0, 81): {'cpu': 2}}",{},0.0,0.0,444.0,100.0,344.0,0.0,0.0,0.0,0.0,0.0,0.0,0.0,0.0,0.0,Route Failure,9.943370537290248,"{'node_level': {}, 'link_level': {}, 'path_level': {}}","{'node_level': {1: {'cpu': -51}, 8: {'cpu': -65}, 3: {'cpu': -65}, 7: {'cpu': -62}, 2: {'cpu': -57}, 4: {'cpu': -79}, 6: {'cpu': -61}, 5: {'cpu': -81}, 0: {'cpu': -90}}, 'link_level': {(0, 3): {'bw': -67}}, 'path_level': {(0, 3): {'latency': 9.943370537290248}}}","{'node_level': {1: {'cpu': 0}, 8: {'cpu': 0}, 3: {'cpu': 0}, 7: {'cpu': 0}, 2: {'cpu': 0}, 4: {'cpu': 0}, 6: {'cpu': 0}, 5: {'cpu': 0}, 0: {'cpu': 0}}, 'link_level': {(0, 3): {'bw': 0}}, 'path_level': {(0, 3): {'latency': 9.943370537290248}}}",[],0.0,0.0,True,False,False,0,[],0,0.0,9.0,1.0
17,3,3,389.0,707.0,187238.1358935373,321664.0435358988,0.5502121640735502,0.5820922159508976,9,19,1,215.0,46142,7119,39023,0.018475113746036165,0.014471158702899278,16,253.60006255013423,215.0,9,22,False,"{4: 1, 5: 5, 8: 52, 7: 87, 0: 94, 1: 17, 6: 40, 3: 42, 2: 81}","{(0, 1): [(94, 1), (1, 77), (77, 17)], (0, 2): [(94, 1), (1, 81)], (0, 4): [(94, 33), (33, 1)], (0, 5): [(94, 5)], (0, 8): [(94, 52)], (1, 2): [(17, 23), (23, 81)], (1, 4): [(17, 77), (77, 1)], (1, 6): [(17, 60), (60, 40)], (1, 7): [(17, 23), (23, 2), (2, 8), (8, 87)], (2, 3): [(81, 80), (80, 42)], (2, 4): [(81, 1)], (2, 5): []}","{(4, 1): {'cpu': 20}, (5, 5): {'cpu': 19}, (8, 52): {'cpu': 16}, (7, 87): {'cpu': 15}, (0, 94): {'cpu': 7}, (1, 17): {'cpu': 7}, (6, 40): {'cpu': 7}, (3, 42): {'cpu': 5}, (2, 81): {'cpu': 4}}","{((0, 1), (94, 1)): {'bw': 50}, ((0, 1), (1, 77)): {'bw': 50}, ((0, 1), (77, 17)): {'bw': 50}, ((0, 2), (94, 1)): {'bw': 28}, ((0, 2), (1, 81)): {'bw': 28}, ((0, 4), (94, 33)): {'bw': 22}, ((0, 4), (33, 1)): {'bw': 22}, ((0, 5), (94, 5)): {'bw': 2}, ((0, 8), (94, 52)): {'bw': 10}, ((1, 2), (17, 23)): {'bw': 18}, ((1, 2), (23, 81)): {'bw': 18}, ((1, 4), (17, 77)): {'bw': 12}, ((1, 4), (77, 1)): {'bw': 12}, ((1, 6), (17, 60)): {'bw': 1}, ((1, 6), (60, 40)): {'bw': 1}, ((1, 7), (17, 23)): {'bw': 4}, ((1, 7), (23, 2)): {'bw': 4}, ((1, 7), (2, 8)): {'bw': 4}, ((1, 7), (8, 87)): {'bw': 4}, ((2, 3), (81, 80)): {'bw': 37}, ((2, 3), (80, 42)): {'bw': 37}, ((2, 4), (81, 1)): {'bw': 21}}",0.0,0.0,543.0,100.0,443.0,0.0,0.0,0.0,0.0,0.0,0.0,0.0,0.0,0.0,Route Failure,6.891896863460791,"{'node_level': {}, 'link_level': {}, 'path_level': {}}","{'node_level': {4: {'cpu': -50}, 5: {'cpu': -63}, 8: {'cpu': -65}, 7: {'cpu': -61}, 0: {'cpu': -63}, 1: {'cpu': -80}, 6: {'cpu': -62}, 3: {'cpu': -79}, 2: {'cpu': -88}}, 'link_level': {(0, 1): {'bw': -30}, (0, 2): {'bw': -10}, (0, 4): {'bw': -29}, (0, 5): {'bw': -63}, (0, 8): {'bw': -87}, (1, 2): {'bw': -49}, (1, 4): {'bw': -18}, (1, 6): {'bw': -39}, (1, 7): {'bw': -45}, (2, 3): {'bw': -25}, (2, 4): {'bw': -41}, (2, 5): {'bw': -68}}, 'path_level': {(0, 1): {'latency': -6.412317890704514}, (0, 2): {'latency': -5.0792516546373925}, (0, 4): {'latency': -5.437134049776196}, (0, 5): {'latency': -9.306420133509603}, (0, 8): {'latency': -3.4754409034572538}, (1, 2): {'latency': -5.8909765581883455}, (1, 4): {'latency': -7.149047356385562}, (1, 6): {'latency': -0.7800952435327044}, (1, 7): {'latency': -0.6609344481201838}, (2, 3): {'latency': -7.360802020390819}, (2, 4): {'latency': -8.525254946257736}, (2, 5): {'latency': 6.891896863460791}}}","{'node_level': {4: {'cpu': 0}, 5: {'cpu': 0}, 8: {'cpu': 0}, 7: {'cpu': 0}, 0: {'cpu': 0}, 1: {'cpu': 0}, 6: {'cpu': 0}, 3: {'cpu': 0}, 2: {'cpu': 0}}, 'link_level': {(0, 1): {'bw': 0}, (0, 2): {'bw': 0}, (0, 4): {'bw': 0}, (0, 5): {'bw': 0}, (0, 8): {'bw': 0}, (1, 2): {'bw': 0}, (1, 4): {'bw': 0}, (1, 6): {'bw': 0}, (1, 7): {'bw': 0}, (2, 3): {'bw': 0}, (2, 4): {'bw': 0}, (2, 5): {'bw': 0}}, 'path_level': {(0, 1): {'latency': 0}, (0, 2): {'latency': 0}, (0, 4): {'latency': 0}, (0, 5): {'latency': 0}, (0, 8): {'latency': 0}, (1, 2): {'latency': 0}, (1, 4): {'latency': 0}, (1, 6): {'latency': 0}, (1, 7): {'latency': 0}, (2, 3): {'latency': 0}, (2, 4): {'latency': 0}, (2, 5): {'latency': 6.891896863460791}}}",[],0.0,0.0,True,False,False,0,[],0,0.0,9.0,12.0
18,3,3,389.0,707.0,187238.1358935373,321664.0435358988,0.5502121640735502,0.5820922159508976,9,20,1,227.0,46142,7119,39023,0.018475113746036165,0.014471158702899278,17,402.39869512188545,227.0,10,18,False,"{3: 1, 6: 5, 9: 52, 0: 87, 1: 94, 5: 17, 8: 40, 4: 42, 2: 81, 7: 9}","{(0, 1): []}","{(3, 1): {'cpu': 20}, (6, 5): {'cpu': 19}, (9, 52): {'cpu': 19}, (0, 87): {'cpu': 16}, (1, 94): {'cpu': 15}, (5, 17): {'cpu': 14}, (8, 40): {'cpu': 12}, (4, 42): {'cpu': 11}, (2, 81): {'cpu': 8}, (7, 9): {'cpu': 2}}",{},0.0,0.0,617.0,136.0,481.0,0.0,0.0,0.0,0.0,0.0,0.0,0.0,0.0,0.0,Route Failure,3.9120942899037843,"{'node_level': {}, 'link_level': {}, 'path_level': {}}","{'node_level': {3: {'cpu': -50}, 6: {'cpu': -63}, 9: {'cpu': -62}, 0: {'cpu': -60}, 1: {'cpu': -55}, 5: {'cpu': -73}, 8: {'cpu': -57}, 4: {'cpu': -73}, 2: {'cpu': -84}, 7: {'cpu': -95}}, 'link_level': {(0, 1): {'bw': -37}}, 'path_level': {(0, 1): {'latency': 3.9120942899037843}}}","{'node_level': {3: {'cpu': 0}, 6: {'cpu': 0}, 9: {'cpu': 0}, 0: {'cpu': 0}, 1: {'cpu': 0}, 5: {'cpu': 0}, 8: {'cpu': 0}, 4: {'cpu': 0}, 2: {'cpu': 0}, 7: {'cpu': 0}}, 'link_level': {(0, 1): {'bw': 0}}, 'path_level': {(0, 1): {'latency': 3.9120942899037843}}}",[],0.0,0.0,True,False,False,0,[],0,0.0,10.0,1.0
19,3,3,389.0,707.0,187238.1358935373,321664.0435358988,0.5502121640735502,0.5820922159508976,9,21,1,243.0,46142,7119,39023,0.018475113746036165,0.014471158702899278,18,90.12612578691468,243.0,3,2,False,"{1: 1, 2: 5, 0: 52}","{(0, 1): [(52, 72), (72, 1)], (0, 2): []}","{(1, 1): {'cpu': 11}, (2, 5): {'cpu': 5}, (0, 52): {'cpu': 3}}","{((0, 1), (52, 72)): {'bw': 37}, ((0, 1), (72, 1)): {'bw': 37}}",0.0,0.0,76.0,19.0,57.0,0.0,0.0,0.0,0.0,0.0,0.0,0.0,0.0,0.0,Route Failure,8.359887188744858,"{'node_level': {}, 'link_level': {}, 'path_level': {}}","{'node_level': {1: {'cpu': -59}, 2: {'cpu': -77}, 0: {'cpu': -78}}, 'link_level': {(0, 1): {'bw': -43}, (0, 2): {'bw': -13}}, 'path_level': {(0, 1): {'latency': -2.0929984200123632}, (0, 2): {'latency': 8.359887188744858}}}","{'node_level': {1: {'cpu': 0}, 2: {'cpu': 0}, 0: {'cpu': 0}}, 'link_level': {(0, 1): {'bw': 0}, (0, 2): {'bw': 0}}, 'path_level': {(0, 1): {'latency': 0}, (0, 2): {'latency': 8.359887188744858}}}",[],0.0,0.0,True,False,False,0,[],0,0.0,3.0,2.0
20,3,3,389.0,707.0,187238.1358935373,321664.0435358988,0.5502121640735502,0.5820922159508976,9,22,1,260.0,46142,7119,39023,0.018475113746036165,0.014471158702899278,19,230.86544564850888,260.0,7,12,False,"{3: 1, 6: 5, 0: 52, 2: 87, 4: 94, 1: 17, 5: 40}","{(0, 2): []}","{(3, 1): {'cpu': 15}, (6, 5): {'cpu': 11}, (0, 52): {'cpu': 10}, (2, 87): {'cpu': 10}, (4, 94): {'cpu': 5}, (1, 17): {'cpu': 3}, (5, 40): {'cpu': 1}}",{},0.0,0.0,339.0,55.0,284.0,0.0,0.0,0.0,0.0,0.0,0.0,0.0,0.0,0.0,Route Failure,7.387631747017084,"{'node_level': {}, 'link_level': {}, 'path_level': {}}","{'node_level': {3: {'cpu': -55}, 6: {'cpu': -71}, 0: {'cpu': -71}, 2: {'cpu': -66}, 4: {'cpu': -65}, 1: {'cpu': -84}, 5: {'cpu': -68}}, 'link_level': {(0, 2): {'bw': -18}}, 'path_level': {(0, 2): {'latency': 7.387631747017084}}}","{'node_level': {3: {'cpu': 0}, 6: {'cpu': 0}, 0: {'cpu': 0}, 2: {'cpu': 0}, 4: {'cpu': 0}, 1: {'cpu': 0}, 5: {'cpu': 0}}, 'link_level': {(0, 2): {'bw': 0}}, 'path_level': {(0, 2): {'latency': 7.387631747017084}}}",[],0.0,0.0,True,False,False,0,[],0,0.0,7.0,1.0
21,3,3,389.0,707.0,187238.1358935373,321664.0435358988,0.5502121640735502,0.5820922159508976,9,23,1,281.0,46142,7119,39023,0.018475113746036165,0.014471158702899278,20,79.17075280023421,281.0,10,28,False,"{4: 1, 2: 5, 3: 52, 0: 87, 7: 94, 6: 17, 8: 40, 1: 42, 5: 81, 9: 9}","{(0, 2): []}","{(4, 1): {'cpu': 17}, (2, 5): {'cpu': 15}, (3, 52): {'cpu': 15}, (0, 87): {'cpu': 12}, (7, 94): {'cpu': 12}, (6, 17): {'cpu': 7}, (8, 40): {'cpu': 7}, (1, 42): {'cpu': 4}, (5, 81): {'cpu': 4}, (9, 9): {'cpu': 3}}",{},0.0,0.0,759.0,96.0,663.0,0.0,0.0,0.0,0.0,0.0,0.0,0.0,0.0,0.0,Route Failure,9.24158802266937,"{'node_level': {}, 'link_level': {}, 'path_level': {}}","{'node_level': {4: {'cpu': -53}, 2: {'cpu': -67}, 3: {'cpu': -66}, 0: {'cpu': -64}, 7: {'cpu': -58}, 6: {'cpu': -80}, 8: {'cpu': -62}, 1: {'cpu': -80}, 5: {'cpu': -88}, 9: {'cpu': -94}}, 'link_level': {(0, 2): {'bw': -23}}, 'path_level': {(0, 2): {'latency': 9.24158802266937}}}","{'node_level': {4: {'cpu': 0}, 2: {'cpu': 0}, 3: {'cpu': 0}, 0: {'cpu': 0}, 7: {'cpu': 0}, 6: {'cpu': 0}, 8: {'cpu': 0}, 1: {'cpu': 0}, 5: {'cpu': 0}, 9: {'cpu': 0}}, 'link_level': {(0, 2): {'bw': 0}}, 'path_level': {(0, 2): {'latency': 9.24158802266937}}}",[],0.0,0.0,True,False,False,0,[],0,0.0,10.0,1.0
22,3,3,389.0,707.0,187238.1358935373,321664.0435358988,0.5502121640735502,0.5820922159508976,9,24,1,296.0,46142,7119,39023,0.018475113746036165,0.014471158702899278,21,421.54151787034783,296.0,6,9,False,"{1: 1, 3: 5, 2: 52, 0: 87, 4: 94, 5: 17}","{(0, 1): []}","{(1, 1): {'cpu': 18}, (3, 5): {'cpu': 18}, (2, 52): {'cpu': 12}, (0, 87): {'cpu': 11}, (4, 94): {'cpu': 9}, (5, 17): {'cpu': 4}}",{},0.0,0.0,286.0,72.0,214.0,0.0,0.0,0.0,0.0,0.0,0.0,0.0,0.0,0.0,Route Failure,17.0,"{'node_level': {}, 'link_level': {}, 'path_level': {}}","{'node_level': {1: {'cpu': -52}, 3: {'cpu': -64}, 2: {'cpu': -69}, 0: {'cpu': -65}, 4: {'cpu': -61}, 5: {'cpu': -83}}, 'link_level': {(0, 1): {'bw': 17}}, 'path_level': {(0, 1): {'latency': 9.087511496804703}}}","{'node_level': {1: {'cpu': 0}, 3: {'cpu': 0}, 2: {'cpu': 0}, 0: {'cpu': 0}, 4: {'cpu': 0}, 5: {'cpu': 0}}, 'link_level': {(0, 1): {'bw': 17}}, 'path_level': {(0, 1): {'latency': 9.087511496804703}}}",[],0.0,0.0,True,False,False,0,[],0,0.0,6.0,1.0
22,3,3,389.0,707.0,187238.1358935373,321664.0435358988,0.5502121640735502,0.5820922159508976,9,25,0,303.6702058616888,46142,7119,39023,0.018475113746036165,0.014471158702899278,10,162.6702058616888,141.0,8,14,False,{},{},{},{},0.0,0.0,0.0,0.0,0.0,0.0,0.0,0.0,0.0,0.0,0.0,0.0,0.0,0.0,Leave Event,0.0,"{'node_level': {}, 'link_level': {}, 'path_level': {}}","{'node_level': {}, 'link_level': {}, 'path_level': {}}","{'node_level': {}, 'link_level': {}, 'path_level': {}}",[],0.0,0.0,True,True,False,0,[],0,0.0,,
23,3,3,389.0,707.0,187238.1358935373,321664.0435358988,0.5502121640735502,0.5820922159508976,9,26,1,311.0,46142,7119,39023,0.018475113746036165,0.014471158702899278,22,608.2543241744426,311.0,5,7,False,"{4: 1, 1: 5, 2: 52, 0: 87, 3: 94}","{(0, 2): []}","{(4, 1): {'cpu': 20}, (1, 5): {'cpu': 19}, (2, 52): {'cpu': 18}, (0, 87): {'cpu': 10}, (3, 94): {'cpu': 8}}",{},0.0,0.0,259.0,75.0,184.0,0.0,0.0,0.0,0.0,0.0,0.0,0.0,0.0,0.0,Route Failure,4.0,"{'node_level': {}, 'link_level': {}, 'path_level': {}}","{'node_level': {4: {'cpu': -50}, 1: {'cpu': -63}, 2: {'cpu': -63}, 0: {'cpu': -66}, 3: {'cpu': -62}}, 'link_level': {(0, 2): {'bw': 4}}, 'path_level': {(0, 2): {'latency': 3.2513569011308956}}}","{'node_level': {4: {'cpu': 0}, 1: {'cpu': 0}, 2: {'cpu': 0}, 0: {'cpu': 0}, 3: {'cpu': 0}}, 'link_level': {(0, 2): {'bw': 4}}, 'path_level': {(0, 2): {'latency': 3.2513569011308956}}}",[],0.0,0.0,True,False,False,0,[],0,0.0,5.0,1.0
24,3,3,389.0,707.0,187238.1358935373,321664.0435358988,0.5502121640735502,0.5820922159508976,9,27,1,320.0,46142,7119,39023,0.018475113746036165,0.014471158702899278,23,170.17337235555323,320.0,2,1,False,"{0: 1, 1: 5}","{(0, 1): []}","{(0, 1): {'cpu': 10}, (1, 5): {'cpu': 2}}",{},0.0,0.0,24.0,12.0,12.0,0.0,0.0,0.0,0.0,0.0,0.0,0.0,0.0,0.0,Route Failure,5.889381863011046,"{'node_level': {}, 'link_level': {}, 'path_level': {}}","{'node_level': {0: {'cpu': -60}, 1: {'cpu': -80}}, 'link_level': {(0, 1): {'bw': -56}}, 'path_level': {(0, 1): {'latency': 5.889381863011046}}}","{'node_level': {0: {'cpu': 0}, 1: {'cpu': 0}}, 'link_level': {(0, 1): {'bw': 0}}, 'path_level': {(0, 1): {'latency': 5.889381863011046}}}",[],0.0,0.0,True,False,False,0,[],0,0.0,2.0,1.0
24,3,3,389.0,707.0,187238.1358935373,321664.0435358988,0.5502121640735502,0.5820922159508976,9,28,0,333.1261257869147,46142,7119,39023,0.018475113746036165,0.014471158702899278,18,90.12612578691468,243.0,3,2,False,{},{},{},{},0.0,0.0,0.0,0.0,0.0,0.0,0.0,0.0,0.0,0.0,0.0,0.0,0.0,0.0,Leave Event,0.0,"{'node_level': {}, 'link_level': {}, 'path_level': {}}","{'node_level': {}, 'link_level': {}, 'path_level': {}}","{'node_level': {}, 'link_level': {}, 'path_level': {}}",[],0.0,0.0,True,True,False,0,[],0,0.0,,
25,3,3,389.0,707.0,187238.1358935373,321664.0435358988,0.5502121640735502,0.5820922159508976,9,29,1,334.0,46142,7119,39023,0.018475113746036165,0.014471158702899278,24,283.95207508855134,334.0,5,5,False,"{1: 1, 4: 5, 3: 52, 0: 87, 2: 94}","{(0, 1): []}","{(1, 1): {'cpu': 13}, (4, 5): {'cpu': 13}, (3, 52): {'cpu': 6}, (0, 87): {'cpu': 5}, (2, 94): {'cpu': 4}}",{},0.0,0.0,98.0,41.0,57.0,0.0,0.0,0.0,0.0,0.0,0.0,0.0,0.0,0.0,Route Failure,5.7982371519829226,"{'node_level': {}, 'link_level': {}, 'path_level': {}}","{'node_level': {1: {'cpu': -57}, 4: {'cpu': -69}, 3: {'cpu': -75}, 0: {'cpu': -71}, 2: {'cpu': -66}}, 'link_level': {(0, 1): {'bw': -13}}, 'path_level': {(0, 1): {'latency': 5.7982371519829226}}}","{'node_level': {1: {'cpu': 0}, 4: {'cpu': 0}, 3: {'cpu': 0}, 0: {'cpu': 0}, 2: {'cpu': 0}}, 'link_level': {(0, 1): {'bw': 0}}, 'path_level': {(0, 1): {'latency': 5.7982371519829226}}}",[],0.0,0.0,True,False,False,0,[],0,0.0,5.0,1.0
26,3,3,389.0,707.0,187238.1358935373,321664.0435358988,0.5502121640735502,0.5820922159508976,9,30,1,343.0,46142,7119,39023,0.018475113746036165,0.014471158702899278,25,705.5122096290029,343.0,7,10,False,"{0: 1, 3: 5, 2: 52, 4: 87, 6: 94, 5: 17, 1: 40}","{(0, 2): [(1, 72), (72, 52)], (0, 5): [(1, 77), (77, 17)], (1, 2): [(40, 38), (38, 7), (7, 52)], (1, 4): []}","{(0, 1): {'cpu': 18}, (3, 5): {'cpu': 16}, (2, 52): {'cpu': 12}, (4, 87): {'cpu': 9}, (6, 94): {'cpu': 8}, (5, 17): {'cpu': 7}, (1, 40): {'cpu': 5}}","{((0, 2), (1, 72)): {'bw': 27}, ((0, 2), (72, 52)): {'bw': 27}, ((0, 5), (1, 77)): {'bw': 12}, ((0, 5), (77, 17)): {'bw': 12}, ((1, 2), (40, 38)): {'bw': 38}, ((1, 2), (38, 7)): {'bw': 38}, ((1, 2), (7, 52)): {'bw': 38}}",0.0,0.0,346.0,75.0,271.0,0.0,0.0,0.0,0.0,0.0,0.0,0.0,0.0,0.0,Route Failure,10.570756555365321,"{'node_level': {}, 'link_level': {}, 'path_level': {}}","{'node_level': {0: {'cpu': -52}, 3: {'cpu': -66}, 2: {'cpu': -69}, 4: {'cpu': -67}, 6: {'cpu': -62}, 5: {'cpu': -80}, 1: {'cpu': -64}}, 'link_level': {(0, 2): {'bw': -53}, (0, 5): {'bw': -68}, (1, 2): {'bw': -30}, (1, 4): {'bw': -34}}, 'path_level': {(0, 2): {'latency': -1.89528016387235}, (0, 5): {'latency': -0.8635652285368183}, (1, 2): {'latency': -3.46384749241974}, (1, 4): {'latency': 10.570756555365321}}}","{'node_level': {0: {'cpu': 0}, 3: {'cpu': 0}, 2: {'cpu': 0}, 4: {'cpu': 0}, 6: {'cpu': 0}, 5: {'cpu': 0}, 1: {'cpu': 0}}, 'link_level': {(0, 2): {'bw': 0}, (0, 5): {'bw': 0}, (1, 2): {'bw': 0}, (1, 4): {'bw': 0}}, 'path_level': {(0, 2): {'latency': 0}, (0, 5): {'latency': 0}, (1, 2): {'latency': 0}, (1, 4): {'latency': 10.570756555365321}}}",[],0.0,0.0,True,False,False,0,[],0,0.0,7.0,4.0
26,3,3,389.0,707.0,187238.1358935373,321664.0435358988,0.5502121640735502,0.5820922159508976,9,31,0,351.7588618593687,46142,7119,39023,0.018475113746036165,0.014471158702899278,15,153.75886185936875,198.0,9,12,False,{},{},{},{},0.0,0.0,0.0,0.0,0.0,0.0,0.0,0.0,0.0,0.0,0.0,0.0,0.0,0.0,Leave Event,0.0,"{'node_level': {}, 'link_level': {}, 'path_level': {}}","{'node_level': {}, 'link_level': {}, 'path_level': {}}","{'node_level': {}, 'link_level': {}, 'path_level': {}}",[],0.0,0.0,True,True,False,0,[],0,0.0,,
27,3,3,389.0,707.0,187238.1358935373,321664.0435358988,0.5502121640735502,0.5820922159508976,9,32,1,355.0,46142,7119,39023,0.018475113746036165,0.014471158702899278,26,252.17190097011095,355.0,2,1,False,"{0: 1, 1: 5}","{(0, 1): []}","{(0, 1): {'cpu': 19}, (1, 5): {'cpu': 13}}",{},0.0,0.0,34.0,32.0,2.0,0.0,0.0,0.0,0.0,0.0,0.0,0.0,0.0,0.0,Route Failure,6.710645595608032,"{'node_level': {}, 'link_level': {}, 'path_level': {}}","{'node_level': {0: {'cpu': -51}, 1: {'cpu': -69}}, 'link_level': {(0, 1): {'bw': -66}}, 'path_level': {(0, 1): {'latency': 6.710645595608032}}}","{'node_level': {0: {'cpu': 0}, 1: {'cpu': 0}}, 'link_level': {(0, 1): {'bw': 0}}, 'path_level': {(0, 1): {'latency': 6.710645595608032}}}",[],0.0,0.0,True,False,False,0,[],0,0.0,2.0,1.0
27,3,3,389.0,707.0,187238.1358935373,321664.0435358988,0.5502121640735502,0.5820922159508976,9,33,0,360.1707528002342,46142,7119,39023,0.018475113746036165,0.014471158702899278,20,79.17075280023421,281.0,10,28,False,{},{},{},{},0.0,0.0,0.0,0.0,0.0,0.0,0.0,0.0,0.0,0.0,0.0,0.0,0.0,0.0,Leave Event,0.0,"{'node_level': {}, 'link_level': {}, 'path_level': {}}","{'node_level': {}, 'link_level': {}, 'path_level': {}}","{'node_level': {}, 'link_level': {}, 'path_level': {}}",[],0.0,0.0,True,True,False,0,[],0,0.0,,
28,3,3,389.0,707.0,187238.1358935373,321664.0435358988,0.5502121640735502,0.5820922159508976,9,34,1,364.0,46142,7119,39023,0.018475113746036165,0.014471158702899278,27,1131.8667793215377,364.0,4,3,False,"{2: 1, 0: 5, 3: 52, 1: 87}","{(0, 2): []}","{(2, 1): {'cpu': 8}, (0, 5): {'cpu': 7}, (3, 52): {'cpu': 4}, (1, 87): {'cpu': 1}}",{},0.0,0.0,124.0,20.0,104.0,0.0,0.0,0.0,0.0,0.0,0.0,0.0,0.0,0.0,Route Failure,7.437116722437004,"{'node_level': {}, 'link_level': {}, 'path_level': {}}","{'node_level': {2: {'cpu': -62}, 0: {'cpu': -75}, 3: {'cpu': -77}, 1: {'cpu': -75}}, 'link_level': {(0, 2): {'bw': -13}}, 'path_level': {(0, 2): {'latency': 7.437116722437004}}}","{'node_level': {2: {'cpu': 0}, 0: {'cpu': 0}, 3: {'cpu': 0}, 1: {'cpu': 0}}, 'link_level': {(0, 2): {'bw': 0}}, 'path_level': {(0, 2): {'latency': 7.437116722437004}}}",[],0.0,0.0,True,False,False,0,[],0,0.0,4.0,1.0
29,3,3,389.0,707.0,187238.1358935373,321664.0435358988,0.5502121640735502,0.5820922159508976,9,35,1,372.0,46142,7119,39023,0.018475113746036165,0.014471158702899278,28,509.3293595731403,372.0,5,5,False,"{4: 1, 0: 5, 3: 52, 2: 87, 1: 94}","{(0, 1): [(5, 94)], (0, 2): [(5, 60), (60, 32), (32, 87)], (0, 3): [(5, 79), (79, 52)], (2, 3): []}","{(4, 1): {'cpu': 17}, (0, 5): {'cpu': 13}, (3, 52): {'cpu': 9}, (2, 87): {'cpu': 4}, (1, 94): {'cpu': 3}}","{((0, 1), (5, 94)): {'bw': 6}, ((0, 2), (5, 60)): {'bw': 41}, ((0, 2), (60, 32)): {'bw': 41}, ((0, 2), (32, 87)): {'bw': 41}, ((0, 3), (5, 79)): {'bw': 30}, ((0, 3), (79, 52)): {'bw': 30}}",0.0,0.0,184.0,46.0,138.0,0.0,0.0,0.0,0.0,0.0,0.0,0.0,0.0,0.0,Route Failure,5.25682945781467,"{'node_level': {}, 'link_level': {}, 'path_level': {}}","{'node_level': {4: {'cpu': -53}, 0: {'cpu': -69}, 3: {'cpu': -72}, 2: {'cpu': -72}, 1: {'cpu': -67}}, 'link_level': {(0, 1): {'bw': -59}, (0, 2): {'bw': -9}, (0, 3): {'bw': -36}, (2, 3): {'bw': -9}}, 'path_level': {(0, 1): {'latency': -5.95789171254472}, (0, 2): {'latency': -4.090540608274187}, (0, 3): {'latency': -1.3193403731911197}, (2, 3): {'latency': 5.25682945781467}}}","{'node_level': {4: {'cpu': 0}, 0: {'cpu': 0}, 3: {'cpu': 0}, 2: {'cpu': 0}, 1: {'cpu': 0}}, 'link_level': {(0, 1): {'bw': 0}, (0, 2): {'bw': 0}, (0, 3): {'bw': 0}, (2, 3): {'bw': 0}}, 'path_level': {(0, 1): {'latency': 0}, (0, 2): {'latency': 0}, (0, 3): {'latency': 0}, (2, 3): {'latency': 5.25682945781467}}}",[],0.0,0.0,True,False,False,0,[],0,0.0,5.0,4.0
30,3,3,389.0,707.0,187238.1358935373,321664.0435358988,0.5502121640735502,0.5820922159508976,9,36,1,379.0,46142,7119,39023,0.018475113746036165,0.014471158702899278,29,1110.7534787451477,379.0,10,23,False,"{0: 1, 4: 5, 7: 52, 6: 87, 9: 94, 2: 17, 3: 40, 5: 42, 1: 81, 8: 9}","{(0, 3): [(1, 13), (13, 60), (60, 40)], (0, 4): [(1, 74), (74, 5)], (0, 6): []}","{(0, 1): {'cpu': 20}, (4, 5): {'cpu': 20}, (7, 52): {'cpu': 19}, (6, 87): {'cpu': 17}, (9, 94): {'cpu': 15}, (2, 17): {'cpu': 13}, (3, 40): {'cpu': 13}, (5, 42): {'cpu': 12}, (1, 81): {'cpu': 10}, (8, 9): {'cpu': 6}}","{((0, 3), (1, 13)): {'bw': 37}, ((0, 3), (13, 60)): {'bw': 37}, ((0, 3), (60, 40)): {'bw': 37}, ((0, 4), (1, 74)): {'bw': 5}, ((0, 4), (74, 5)): {'bw': 5}}",0.0,0.0,757.0,145.0,612.0,0.0,0.0,0.0,0.0,0.0,0.0,0.0,0.0,0.0,Route Failure,7.9091072241817555,"{'node_level': {}, 'link_level': {}, 'path_level': {}}","{'node_level': {0: {'cpu': -50}, 4: {'cpu': -62}, 7: {'cpu': -62}, 6: {'cpu': -59}, 9: {'cpu': -55}, 2: {'cpu': -74}, 3: {'cpu': -56}, 5: {'cpu': -72}, 1: {'cpu': -82}, 8: {'cpu': -91}}, 'link_level': {(0, 3): {'bw': -39}, (0, 4): {'bw': -28}, (0, 6): {'bw': 5}}, 'path_level': {(0, 3): {'latency': -1.3053716944304155}, (0, 4): {'latency': -5.600791471897608}, (0, 6): {'latency': 7.9091072241817555}}}","{'node_level': {0: {'cpu': 0}, 4: {'cpu': 0}, 7: {'cpu': 0}, 6: {'cpu': 0}, 9: {'cpu': 0}, 2: {'cpu': 0}, 3: {'cpu': 0}, 5: {'cpu': 0}, 1: {'cpu': 0}, 8: {'cpu': 0}}, 'link_level': {(0, 3): {'bw': 0}, (0, 4): {'bw': 0}, (0, 6): {'bw': 5}}, 'path_level': {(0, 3): {'latency': 0}, (0, 4): {'latency': 0}, (0, 6): {'latency': 7.9091072241817555}}}",[],0.0,0.0,True,False,False,0,[],0,0.0,10.0,3.0
31,3,3,389.0,707.0,187238.1358935373,321664.0435358988,0.5502121640735502,0.5820922159508976,9,37,1,394.0,46142,7119,39023,0.018475113746036165,0.014471158702899278,30,569.8039764206146,394.0,3,3,False,"{1: 1, 0: 5, 2: 52}","{(0, 1): []}","{(1, 1): {'cpu': 17}, (0, 5): {'cpu': 12}, (2, 52): {'cpu': 4}}",{},0.0,0.0,79.0,33.0,46.0,0.0,0.0,0.0,0.0,0.0,0.0,0.0,0.0,0.0,Route Failure,8.121181953759947,"{'node_level': {}, 'link_level': {}, 'path_level': {}}","{'node_level': {1: {'cpu': -53}, 0: {'cpu': -70}, 2: {'cpu': -77}}, 'link_level': {(0, 1): {'bw': -32}}, 'path_level': {(0, 1): {'latency': 8.121181953759947}}}","{'node_level': {1: {'cpu': 0}, 0: {'cpu': 0}, 2: {'cpu': 0}}, 'link_level': {(0, 1): {'bw': 0}}, 'path_level': {(0, 1): {'latency': 8.121181953759947}}}",[],0.0,0.0,True,False,False,0,[],0,0.0,3.0,1.0
32,3,3,389.0,707.0,187238.1358935373,321664.0435358988,0.5502121640735502,0.5820922159508976,9,38,1,398.0,46142,7119,39023,0.018475113746036165,0.014471158702899278,31,298.1897028893596,398.0,5,5,False,"{2: 1, 0: 5, 1: 52, 3: 87, 4: 94}","{(0, 2): [(5, 74), (74, 1)], (0, 3): []}","{(2, 1): {'cpu': 15}, (0, 5): {'cpu': 12}, (1, 52): {'cpu': 12}, (3, 87): {'cpu': 12}, (4, 94): {'cpu': 7}}","{((0, 2), (5, 74)): {'bw': 14}, ((0, 2), (74, 1)): {'bw': 14}}",0.0,0.0,176.0,58.0,118.0,0.0,0.0,0.0,0.0,0.0,0.0,0.0,0.0,0.0,Route Failure,7.611529957228601,"{'node_level': {}, 'link_level': {}, 'path_level': {}}","{'node_level': {2: {'cpu': -55}, 0: {'cpu': -70}, 1: {'cpu': -69}, 3: {'cpu': -64}, 4: {'cpu': -63}}, 'link_level': {(0, 2): {'bw': -19}, (0, 3): {'bw': -52}}, 'path_level': {(0, 2): {'latency': -0.8586812848246259}, (0, 3): {'latency': 7.611529957228601}}}","{'node_level': {2: {'cpu': 0}, 0: {'cpu': 0}, 1: {'cpu': 0}, 3: {'cpu': 0}, 4: {'cpu': 0}}, 'link_level': {(0, 2): {'bw': 0}, (0, 3): {'bw': 0}}, 'path_level': {(0, 2): {'latency': 0}, (0, 3): {'latency': 7.611529957228601}}}",[],0.0,0.0,True,False,False,0,[],0,0.0,5.0,2.0
33,4,4,612.0,1083.0,615733.393407482,1044149.320779142,0.5650969529085873,0.5896986007212293,10,39,1,408.0,45766,7066,38700,0.0257824348545429,0.022628548338216037,32,1921.503396923519,408.0,5,7,True,"{3: 1, 4: 5, 2: 52, 1: 87, 0: 94}","{(0, 2): [(94, 52)], (0, 3): [(94, 1)], (0, 4): [(94, 5)], (1, 4): [(87, 32), (32, 60), (60, 5)], (2, 3): [(52, 64), (64, 1)], (2, 4): [(52, 79), (79, 5)], (3, 4): [(1, 79), (79, 5)]}","{(3, 1): {'cpu': 15}, (4, 5): {'cpu': 14}, (2, 52): {'cpu': 10}, (1, 87): {'cpu': 9}, (0, 94): {'cpu': 5}}","{((0, 2), (94, 52)): {'bw': 13}, ((0, 3), (94, 1)): {'bw': 30}, ((0, 4), (94, 5)): {'bw': 15}, ((1, 4), (87, 32)): {'bw': 41}, ((1, 4), (32, 60)): {'bw': 41}, ((1, 4), (60, 5)): {'bw': 41}, ((2, 3), (52, 64)): {'bw': 14}, ((2, 3), (64, 1)): {'bw': 14}, ((2, 4), (52, 79)): {'bw': 10}, ((2, 4), (79, 5)): {'bw': 10}, ((3, 4), (1, 79)): {'bw': 47}, ((3, 4), (79, 5)): {'bw': 47}}",376.0,223.0,223.0,53.0,170.0,53.0,170.0,53.0,323.0,153.0,0.5930851063829787,722485.2772432432,428495.2575139447,1139.6150465796402,Success,0.0,"{'node_level': {}, 'link_level': {}, 'path_level': {}}","{'node_level': {3: {'cpu': -55}, 4: {'cpu': -68}, 2: {'cpu': -71}, 1: {'cpu': -67}, 0: {'cpu': -65}}, 'link_level': {(0, 2): {'bw': -84}, (0, 3): {'bw': -58}, (0, 4): {'bw': -50}, (1, 4): {'bw': -9}, (2, 3): {'bw': -57}, (2, 4): {'bw': -56}, (3, 4): {'bw': -23}}, 'path_level': {(0, 2): {'latency': -8.484614264125636}, (0, 3): {'latency': -10.733125906186842}, (0, 4): {'latency': -3.034614420589677}, (1, 4): {'latency': -4.696015612371861}, (2, 3): {'latency': -3.254264789623001}, (2, 4): {'latency': -8.478948735709446}, (3, 4): {'latency': -2.7198640791964994}}}","{'node_level': {3: {'cpu': 0}, 4: {'cpu': 0}, 2: {'cpu': 0}, 1: {'cpu': 0}, 0: {'cpu': 0}}, 'link_level': {(0, 2): {'bw': 0}, (0, 3): {'bw': 0}, (0, 4): {'bw': 0}, (1, 4): {'bw': 0}, (2, 3): {'bw': 0}, (2, 4): {'bw': 0}, (3, 4): {'bw': 0}}, 'path_level': {(0, 2): {'latency': 0}, (0, 3): {'latency': 0}, (0, 4): {'latency': 0}, (1, 4): {'latency': 0}, (2, 3): {'latency': 0}, (2, 4): {'latency': 0}, (3, 4): {'latency': 0}}}",[],0.0,0.0,True,True,False,0,[],0,0.0,5.0,7.0
34,4,4,612.0,1083.0,615733.393407482,1044149.320779142,0.5650969529085873,0.5896986007212293,10,40,1,414.0,45766,7066,38700,0.0257824348545429,0.022628548338216037,33,61.76332348584527,414.0,5,6,False,"{2: 17, 1: 40, 3: 42, 0: 81, 4: 9}","{(0, 2): []}","{(2, 17): {'cpu': 19}, (1, 40): {'cpu': 18}, (3, 42): {'cpu': 17}, (0, 81): {'cpu': 12}, (4, 9): {'cpu': 1}}",{},0.0,0.0,160.0,67.0,93.0,0.0,0.0,0.0,0.0,0.0,0.0,0.0,0.0,0.0,Route Failure,12.11801985324746,"{'node_level': {}, 'link_level': {}, 'path_level': {}}","{'node_level': {2: {'cpu': -68}, 1: {'cpu': -51}, 3: {'cpu': -67}, 0: {'cpu': -80}, 4: {'cpu': -96}}, 'link_level': {(0, 2): {'bw': -36}}, 'path_level': {(0, 2): {'latency': 12.11801985324746}}}","{'node_level': {2: {'cpu': 0}, 1: {'cpu': 0}, 3: {'cpu': 0}, 0: {'cpu': 0}, 4: {'cpu': 0}}, 'link_level': {(0, 2): {'bw': 0}}, 'path_level': {(0, 2): {'latency': 12.11801985324746}}}",[],0.0,0.0,True,False,False,0,[],0,0.0,5.0,1.0
35,4,4,612.0,1083.0,615733.393407482,1044149.320779142,0.5650969529085873,0.5896986007212293,10,41,1,423.0,45766,7066,38700,0.0257824348545429,0.022628548338216037,34,728.4092813015957,423.0,9,23,False,"{0: 17, 7: 40, 2: 42, 1: 81, 5: 9, 6: 14, 8: 54, 4: 99, 3: 95}","{(0, 2): []}","{(0, 17): {'cpu': 19}, (7, 40): {'cpu': 19}, (2, 42): {'cpu': 15}, (1, 81): {'cpu': 14}, (5, 9): {'cpu': 14}, (6, 14): {'cpu': 11}, (8, 54): {'cpu': 7}, (4, 99): {'cpu': 6}, (3, 95): {'cpu': 4}}",{},0.0,0.0,626.0,109.0,517.0,0.0,0.0,0.0,0.0,0.0,0.0,0.0,0.0,0.0,Route Failure,8.798585821318982,"{'node_level': {}, 'link_level': {}, 'path_level': {}}","{'node_level': {0: {'cpu': -68}, 7: {'cpu': -50}, 2: {'cpu': -69}, 1: {'cpu': -78}, 5: {'cpu': -83}, 6: {'cpu': -63}, 8: {'cpu': -77}, 4: {'cpu': -65}, 3: {'cpu': -81}}, 'link_level': {(0, 2): {'bw': -57}}, 'path_level': {(0, 2): {'latency': 8.798585821318982}}}","{'node_level': {0: {'cpu': 0}, 7: {'cpu': 0}, 2: {'cpu': 0}, 1: {'cpu': 0}, 5: {'cpu': 0}, 6: {'cpu': 0}, 8: {'cpu': 0}, 4: {'cpu': 0}, 3: {'cpu': 0}}, 'link_level': {(0, 2): {'bw': 0}}, 'path_level': {(0, 2): {'latency': 8.798585821318982}}}",[],0.0,0.0,True,False,False,0,[],0,0.0,9.0,1.0
36,4,4,612.0,1083.0,615733.393407482,1044149.320779142,0.5650969529085873,0.5896986007212293,10,42,1,436.0,45766,7066,38700,0.0257824348545429,0.022628548338216037,35,265.3612458714599,436.0,2,1,False,"{0: 17, 1: 40}","{(0, 1): []}","{(0, 17): {'cpu': 11}, (1, 40): {'cpu': 8}}",{},0.0,0.0,60.0,19.0,41.0,0.0,0.0,0.0,0.0,0.0,0.0,0.0,0.0,0.0,Route Failure,7.084962497494476,"{'node_level': {}, 'link_level': {}, 'path_level': {}}","{'node_level': {0: {'cpu': -76}, 1: {'cpu': -61}}, 'link_level': {(0, 1): {'bw': -26}}, 'path_level': {(0, 1): {'latency': 7.084962497494476}}}","{'node_level': {0: {'cpu': 0}, 1: {'cpu': 0}}, 'link_level': {(0, 1): {'bw': 0}}, 'path_level': {(0, 1): {'latency': 7.084962497494476}}}",[],0.0,0.0,True,False,False,0,[],0,0.0,2.0,1.0
36,4,4,612.0,1083.0,615733.393407482,1044149.320779142,0.5650969529085873,0.5896986007212293,10,43,0,439.62396831078695,45766,7066,38700,0.0257824348545429,0.022628548338216037,6,355.62396831078695,84.0,7,9,False,{},{},{},{},0.0,0.0,0.0,0.0,0.0,0.0,0.0,0.0,0.0,0.0,0.0,0.0,0.0,0.0,Leave Event,0.0,"{'node_level': {}, 'link_level': {}, 'path_level': {}}","{'node_level': {}, 'link_level': {}, 'path_level': {}}","{'node_level': {}, 'link_level': {}, 'path_level': {}}",[],0.0,0.0,True,True,False,0,[],0,0.0,,
37,4,4,612.0,1083.0,615733.393407482,1044149.320779142,0.5650969529085873,0.5896986007212293,10,44,1,450.0,45766,7066,38700,0.0257824348545429,0.022628548338216037,36,562.6410145895702,450.0,3,3,False,"{1: 17, 2: 40, 0: 42}","{(0, 1): [(42, 77), (77, 17)], (0, 2): [(42, 45), (45, 30), (30, 40)], (1, 2): []}","{(1, 17): {'cpu': 17}, (2, 40): {'cpu': 12}, (0, 42): {'cpu': 3}}","{((0, 1), (42, 77)): {'bw': 4}, ((0, 1), (77, 17)): {'bw': 4}, ((0, 2), (42, 45)): {'bw': 1}, ((0, 2), (45, 30)): {'bw': 1}, ((0, 2), (30, 40)): {'bw': 1}}",0.0,0.0,75.0,32.0,43.0,0.0,0.0,0.0,0.0,0.0,0.0,0.0,0.0,0.0,Route Failure,8.876407382236962,"{'node_level': {}, 'link_level': {}, 'path_level': {}}","{'node_level': {1: {'cpu': -70}, 2: {'cpu': -57}, 0: {'cpu': -81}}, 'link_level': {(0, 1): {'bw': -56}, (0, 2): {'bw': -65}, (1, 2): {'bw': -29}}, 'path_level': {(0, 1): {'latency': -8.207378116737567}, (0, 2): {'latency': -0.2379730228425494}, (1, 2): {'latency': 8.876407382236962}}}","{'node_level': {1: {'cpu': 0}, 2: {'cpu': 0}, 0: {'cpu': 0}}, 'link_level': {(0, 1): {'bw': 0}, (0, 2): {'bw': 0}, (1, 2): {'bw': 0}}, 'path_level': {(0, 1): {'latency': 0}, (0, 2): {'latency': 0}, (1, 2): {'latency': 8.876407382236962}}}",[],0.0,0.0,True,False,False,0,[],0,0.0,3.0,3.0
38,5,5,668.0,1177.0,623780.8867600426,1057657.613192369,0.5675446049277825,0.5897758206242761,11,45,1,462.0,45672,7048,38624,0.028264166551771663,0.024547934134761085,37,143.7052384385845,462.0,2,1,True,"{0: 17, 1: 40}","{(0, 1): [(17, 60), (60, 40)]}","{(0, 17): {'cpu': 16}, (1, 40): {'cpu': 2}}","{((0, 1), (17, 60)): {'bw': 38}, ((0, 1), (60, 40)): {'bw': 38}}",94.0,56.0,56.0,18.0,38.0,18.0,38.0,18.0,76.0,38.0,0.5957446808510638,13508.292413226944,8047.493352560732,85.61163141022055,Success,0.0,"{'node_level': {}, 'link_level': {}, 'path_level': {}}","{'node_level': {0: {'cpu': -71}, 1: {'cpu': -67}}, 'link_level': {(0, 1): {'bw': -2}}, 'path_level': {(0, 1): {'latency': -6.628750813464796}}}","{'node_level': {0: {'cpu': 0}, 1: {'cpu': 0}}, 'link_level': {(0, 1): {'bw': 0}}, 'path_level': {(0, 1): {'latency': 0}}}",[],0.0,0.0,True,True,False,0,[],0,0.0,2.0,1.0
38,5,5,668.0,1177.0,623780.8867600426,1057657.613192369,0.5675446049277825,0.5897758206242761,11,46,0,468.6000625501342,45672,7048,38624,0.028264166551771663,0.024547934134761085,16,253.60006255013423,215.0,9,22,False,{},{},{},{},0.0,0.0,0.0,0.0,0.0,0.0,0.0,0.0,0.0,0.0,0.0,0.0,0.0,0.0,Leave Event,0.0,"{'node_level': {}, 'link_level': {}, 'path_level': {}}","{'node_level': {}, 'link_level': {}, 'path_level': {}}","{'node_level': {}, 'link_level': {}, 'path_level': {}}",[],0.0,0.0,True,True,False,0,[],0,0.0,,
39,5,5,668.0,1177.0,623780.8867600426,1057657.613192369,0.5675446049277825,0.5897758206242761,11,47,1,474.0,45672,7048,38624,0.028264166551771663,0.024547934134761085,38,187.86942107041867,474.0,6,9,False,"{0: 42, 1: 81, 2: 9, 3: 14, 4: 40, 5: 54}","{(0, 1): [(42, 80), (80, 81)], (0, 2): []}","{(0, 42): {'cpu': 19}, (1, 81): {'cpu': 17}, (2, 9): {'cpu': 14}, (3, 14): {'cpu': 9}, (4, 40): {'cpu': 7}, (5, 54): {'cpu': 6}}","{((0, 1), (42, 80)): {'bw': 36}, ((0, 1), (80, 81)): {'bw': 36}}",0.0,0.0,350.0,72.0,278.0,0.0,0.0,0.0,0.0,0.0,0.0,0.0,0.0,0.0,Route Failure,8.779675171241893,"{'node_level': {}, 'link_level': {}, 'path_level': {}}","{'node_level': {0: {'cpu': -65}, 1: {'cpu': -75}, 2: {'cpu': -83}, 3: {'cpu': -65}, 4: {'cpu': -60}, 5: {'cpu': -78}}, 'link_level': {(0, 1): {'bw': -26}, (0, 2): {'bw': -9}}, 'path_level': {(0, 1): {'latency': -6.173881401239546}, (0, 2): {'latency': 8.779675171241893}}}","{'node_level': {0: {'cpu': 0}, 1: {'cpu': 0}, 2: {'cpu': 0}, 3: {'cpu': 0}, 4: {'cpu': 0}, 5: {'cpu': 0}}, 'link_level': {(0, 1): {'bw': 0}, (0, 2): {'bw': 0}}, 'path_level': {(0, 1): {'latency': 0}, (0, 2): {'latency': 8.779675171241893}}}",[],0.0,0.0,True,False,False,0,[],0,0.0,6.0,2.0
39,5,5,668.0,1177.0,623780.8867600426,1057657.613192369,0.5675446049277825,0.5897758206242761,11,48,0,475.76332348584526,45672,7048,38624,0.028264166551771663,0.024547934134761085,33,61.76332348584527,414.0,5,6,False,{},{},{},{},0.0,0.0,0.0,0.0,0.0,0.0,0.0,0.0,0.0,0.0,0.0,0.0,0.0,0.0,Leave Event,0.0,"{'node_level': {}, 'link_level': {}, 'path_level': {}}","{'node_level': {}, 'link_level': {}, 'path_level': {}}","{'node_level': {}, 'link_level': {}, 'path_level': {}}",[],0.0,0.0,True,True,False,0,[],0,0.0,,
39,5,4,668.0,1177.0,623780.8867600426,1057657.613192369,0.5675446049277825,0.5897758206242761,11,49,0,481.4217591391749,46258,7138,39120,0.015855508065627966,0.012021416304677235,4,416.4217591391749,65.0,9,10,False,{},{},{},{},0.0,0.0,0.0,0.0,0.0,0.0,0.0,0.0,0.0,0.0,0.0,0.0,0.0,0.0,Leave Event,0.0,"{'node_level': {}, 'link_level': {}, 'path_level': {}}","{'node_level': {}, 'link_level': {}, 'path_level': {}}","{'node_level': {}, 'link_level': {}, 'path_level': {}}",[],0.0,0.0,True,True,False,0,[],0,0.0,,
40,5,4,668.0,1177.0,623780.8867600426,1057657.613192369,0.5675446049277825,0.5897758206242761,11,50,1,486.0,46258,7138,39120,0.015855508065627966,0.012021416304677235,39,1682.185253997018,486.0,9,17,False,"{7: 87, 0: 52, 2: 18, 5: 32, 1: 42, 3: 9, 6: 81, 8: 1, 4: 14}","{(0, 1): [(52, 7), (7, 42)], (0, 2): [(52, 72), (72, 2), (2, 18)], (0, 3): [(52, 26), (26, 81), (81, 9)], (0, 5): [(52, 7), (7, 68), (68, 32)], (0, 7): [(52, 26), (26, 28), (28, 8), (8, 87)], (0, 8): [(52, 72), (72, 1)], (1, 7): [(42, 45), (45, 87)], (2, 3): [(18, 29), (29, 9)], (2, 5): [(18, 32)], (3, 4): []}","{(7, 87): {'cpu': 15}, (0, 52): {'cpu': 11}, (2, 18): {'cpu': 8}, (5, 32): {'cpu': 6}, (1, 42): {'cpu': 4}, (3, 9): {'cpu': 4}, (6, 81): {'cpu': 4}, (8, 1): {'cpu': 3}, (4, 14): {'cpu': 2}}","{((0, 1), (52, 7)): {'bw': 28}, ((0, 1), (7, 42)): {'bw': 28}, ((0, 2), (52, 72)): {'bw': 50}, ((0, 2), (72, 2)): {'bw': 50}, ((0, 2), (2, 18)): {'bw': 50}, ((0, 3), (52, 26)): {'bw': 15}, ((0, 3), (26, 81)): {'bw': 15}, ((0, 3), (81, 9)): {'bw': 15}, ((0, 5), (52, 7)): {'bw': 43}, ((0, 5), (7, 68)): {'bw': 43}, ((0, 5), (68, 32)): {'bw': 43}, ((0, 7), (52, 26)): {'bw': 31}, ((0, 7), (26, 28)): {'bw': 31}, ((0, 7), (28, 8)): {'bw': 31}, ((0, 7), (8, 87)): {'bw': 31}, ((0, 8), (52, 72)): {'bw': 28}, ((0, 8), (72, 1)): {'bw': 28}, ((1, 7), (42, 45)): {'bw': 5}, ((1, 7), (45, 87)): {'bw': 5}, ((2, 3), (18, 29)): {'bw': 5}, ((2, 3), (29, 9)): {'bw': 5}, ((2, 5), (18, 32)): {'bw': 7}}",0.0,0.0,521.0,57.0,464.0,0.0,0.0,0.0,0.0,0.0,0.0,0.0,0.0,0.0,Route Failure,9.737514416568752,"{'node_level': {}, 'link_level': {}, 'path_level': {}}","{'node_level': {7: {'cpu': -71}, 0: {'cpu': -79}, 2: {'cpu': -71}, 5: {'cpu': -74}, 1: {'cpu': -85}, 3: {'cpu': -96}, 6: {'cpu': -88}, 8: {'cpu': -64}, 4: {'cpu': -72}}, 'link_level': {(0, 1): {'bw': -49}, (0, 2): {'bw': -30}, (0, 3): {'bw': -39}, (0, 5): {'bw': -9}, (0, 7): {'bw': -29}, (0, 8): {'bw': -2}, (1, 7): {'bw': -61}, (2, 3): {'bw': -50}, (2, 5): {'bw': -27}, (3, 4): {'bw': -9}}, 'path_level': {(0, 1): {'latency': -0.25409336353475087}, (0, 2): {'latency': -0.2878010676790641}, (0, 3): {'latency': -0.558936130328302}, (0, 5): {'latency': -4.812248919128329}, (0, 7): {'latency': -1.036145376717089}, (0, 8): {'latency': -0.29349870953414303}, (1, 7): {'latency': -9.304317209415169}, (2, 3): {'latency': -10.238879666850405}, (2, 5): {'latency': -0.09908647998791142}, (3, 4): {'latency': 9.737514416568752}}}","{'node_level': {7: {'cpu': 0}, 0: {'cpu': 0}, 2: {'cpu': 0}, 5: {'cpu': 0}, 1: {'cpu': 0}, 3: {'cpu': 0}, 6: {'cpu': 0}, 8: {'cpu': 0}, 4: {'cpu': 0}}, 'link_level': {(0, 1): {'bw': 0}, (0, 2): {'bw': 0}, (0, 3): {'bw': 0}, (0, 5): {'bw': 0}, (0, 7): {'bw': 0}, (0, 8): {'bw': 0}, (1, 7): {'bw': 0}, (2, 3): {'bw': 0}, (2, 5): {'bw': 0}, (3, 4): {'bw': 0}}, 'path_level': {(0, 1): {'latency': 0}, (0, 2): {'latency': 0}, (0, 3): {'latency': 0}, (0, 5): {'latency': 0}, (0, 7): {'latency': 0}, (0, 8): {'latency': 0}, (1, 7): {'latency': 0}, (2, 3): {'latency': 0}, (2, 5): {'latency': 0}, (3, 4): {'latency': 9.737514416568752}}}",[],0.0,0.0,True,False,False,0,[],0,0.0,9.0,10.0
40,5,4,668.0,1177.0,623780.8867600426,1057657.613192369,0.5675446049277825,0.5897758206242761,11,51,0,490.1733723555532,46258,7138,39120,0.015855508065627966,0.012021416304677235,23,170.17337235555323,320.0,2,1,False,{},{},{},{},0.0,0.0,0.0,0.0,0.0,0.0,0.0,0.0,0.0,0.0,0.0,0.0,0.0,0.0,Leave Event,0.0,"{'node_level': {}, 'link_level': {}, 'path_level': {}}","{'node_level': {}, 'link_level': {}, 'path_level': {}}","{'node_level': {}, 'link_level': {}, 'path_level': {}}",[],0.0,0.0,True,True,False,0,[],0,0.0,,
40,5,4,668.0,1177.0,623780.8867600426,1057657.613192369,0.5675446049277825,0.5897758206242761,11,52,0,490.86544564850885,46258,7138,39120,0.015855508065627966,0.012021416304677235,19,230.86544564850888,260.0,7,12,False,{},{},{},{},0.0,0.0,0.0,0.0,0.0,0.0,0.0,0.0,0.0,0.0,0.0,0.0,0.0,0.0,Leave Event,0.0,"{'node_level': {}, 'link_level': {}, 'path_level': {}}","{'node_level': {}, 'link_level': {}, 'path_level': {}}","{'node_level': {}, 'link_level': {}, 'path_level': {}}",[],0.0,0.0,True,True,False,0,[],0,0.0,,
41,5,4,668.0,1177.0,623780.8867600426,1057657.613192369,0.5675446049277825,0.5897758206242761,11,53,1,498.0,46258,7138,39120,0.015855508065627966,0.012021416304677235,40,443.93070725741,498.0,5,7,False,"{4: 87, 3: 52, 0: 18, 1: 32, 2: 42}","{(0, 1): [(18, 41), (41, 32)], (0, 2): [(18, 42)], (0, 3): [(18, 3), (3, 7), (7, 52)], (0, 4): []}","{(4, 87): {'cpu': 16}, (3, 52): {'cpu': 10}, (0, 18): {'cpu': 8}, (1, 32): {'cpu': 8}, (2, 42): {'cpu': 2}}","{((0, 1), (18, 41)): {'bw': 46}, ((0, 1), (41, 32)): {'bw': 46}, ((0, 2), (18, 42)): {'bw': 33}, ((0, 3), (18, 3)): {'bw': 5}, ((0, 3), (3, 7)): {'bw': 5}, ((0, 3), (7, 52)): {'bw': 5}}",0.0,0.0,182.0,44.0,138.0,0.0,0.0,0.0,0.0,0.0,0.0,0.0,0.0,0.0,Route Failure,7.356748192772757,"{'node_level': {}, 'link_level': {}, 'path_level': {}}","{'node_level': {4: {'cpu': -70}, 3: {'cpu': -80}, 0: {'cpu': -71}, 1: {'cpu': -72}, 2: {'cpu': -87}}, 'link_level': {(0, 1): {'bw': -4}, (0, 2): {'bw': -50}, (0, 3): {'bw': -49}, (0, 4): {'bw': -33}}, 'path_level': {(0, 1): {'latency': -11.68767385493354}, (0, 2): {'latency': -10.18332605672842}, (0, 3): {'latency': -2.7288053152052925}, (0, 4): {'latency': 7.356748192772757}}}","{'node_level': {4: {'cpu': 0}, 3: {'cpu': 0}, 0: {'cpu': 0}, 1: {'cpu': 0}, 2: {'cpu': 0}}, 'link_level': {(0, 1): {'bw': 0}, (0, 2): {'bw': 0}, (0, 3): {'bw': 0}, (0, 4): {'bw': 0}}, 'path_level': {(0, 1): {'latency': 0}, (0, 2): {'latency': 0}, (0, 3): {'latency': 0}, (0, 4): {'latency': 7.356748192772757}}}",[],0.0,0.0,True,False,False,0,[],0,0.0,5.0,4.0
42,5,4,668.0,1177.0,623780.8867600426,1057657.613192369,0.5675446049277825,0.5897758206242761,11,54,1,507.0,46258,7138,39120,0.015855508065627966,0.012021416304677235,41,538.9174390041352,507.0,4,4,False,"{2: 87, 3: 52, 1: 18, 0: 32}","{(0, 1): [(32, 18)], (0, 2): []}","{(2, 87): {'cpu': 16}, (3, 52): {'cpu': 11}, (1, 18): {'cpu': 4}, (0, 32): {'cpu': 1}}","{((0, 1), (32, 18)): {'bw': 23}}",0.0,0.0,119.0,32.0,87.0,0.0,0.0,0.0,0.0,0.0,0.0,0.0,0.0,0.0,Route Failure,7.340645455605352,"{'node_level': {}, 'link_level': {}, 'path_level': {}}","{'node_level': {2: {'cpu': -70}, 3: {'cpu': -79}, 1: {'cpu': -75}, 0: {'cpu': -79}}, 'link_level': {(0, 1): {'bw': -11}, (0, 2): {'bw': -34}}, 'path_level': {(0, 1): {'latency': -0.28226227815732274}, (0, 2): {'latency': 7.340645455605352}}}","{'node_level': {2: {'cpu': 0}, 3: {'cpu': 0}, 1: {'cpu': 0}, 0: {'cpu': 0}}, 'link_level': {(0, 1): {'bw': 0}, (0, 2): {'bw': 0}}, 'path_level': {(0, 1): {'latency': 0}, (0, 2): {'latency': 7.340645455605352}}}",[],0.0,0.0,True,False,False,0,[],0,0.0,4.0,2.0
43,5,4,668.0,1177.0,623780.8867600426,1057657.613192369,0.5675446049277825,0.5897758206242761,11,55,1,522.0,46258,7138,39120,0.015855508065627966,0.012021416304677235,42,380.933888040804,522.0,9,22,False,"{4: 87, 6: 52, 2: 18, 5: 32, 8: 42, 1: 9, 7: 81, 0: 1, 3: 14}","{(0, 1): [(1, 81), (81, 9)], (0, 4): [(1, 76), (76, 87)], (0, 6): [(1, 64), (64, 52)], (0, 7): [(1, 81)], (1, 3): []}","{(4, 87): {'cpu': 17}, (6, 52): {'cpu': 16}, (2, 18): {'cpu': 13}, (5, 32): {'cpu': 13}, (8, 42): {'cpu': 12}, (1, 9): {'cpu': 11}, (7, 81): {'cpu': 11}, (0, 1): {'cpu': 8}, (3, 14): {'cpu': 5}}","{((0, 1), (1, 81)): {'bw': 47}, ((0, 1), (81, 9)): {'bw': 47}, ((0, 4), (1, 76)): {'bw': 11}, ((0, 4), (76, 87)): {'bw': 11}, ((0, 6), (1, 64)): {'bw': 44}, ((0, 6), (64, 52)): {'bw': 44}, ((0, 7), (1, 81)): {'bw': 7}}",0.0,0.0,518.0,106.0,412.0,0.0,0.0,0.0,0.0,0.0,0.0,0.0,0.0,0.0,Route Failure,8.924682680992323,"{'node_level': {}, 'link_level': {}, 'path_level': {}}","{'node_level': {4: {'cpu': -69}, 6: {'cpu': -74}, 2: {'cpu': -66}, 5: {'cpu': -67}, 8: {'cpu': -77}, 1: {'cpu': -89}, 7: {'cpu': -81}, 0: {'cpu': -59}, 3: {'cpu': -69}}, 'link_level': {(0, 1): {'bw': -27}, (0, 4): {'bw': -47}, (0, 6): {'bw': -13}, (0, 7): {'bw': -36}, (1, 3): {'bw': -43}}, 'path_level': {(0, 1): {'latency': -2.145702995219385}, (0, 4): {'latency': -3.607981837854851}, (0, 6): {'latency': -1.0060315445634007}, (0, 7): {'latency': -5.536482978363887}, (1, 3): {'latency': 8.924682680992323}}}","{'node_level': {4: {'cpu': 0}, 6: {'cpu': 0}, 2: {'cpu': 0}, 5: {'cpu': 0}, 8: {'cpu': 0}, 1: {'cpu': 0}, 7: {'cpu': 0}, 0: {'cpu': 0}, 3: {'cpu': 0}}, 'link_level': {(0, 1): {'bw': 0}, (0, 4): {'bw': 0}, (0, 6): {'bw': 0}, (0, 7): {'bw': 0}, (1, 3): {'bw': 0}}, 'path_level': {(0, 1): {'latency': 0}, (0, 4): {'latency': 0}, (0, 6): {'latency': 0}, (0, 7): {'latency': 0}, (1, 3): {'latency': 8.924682680992323}}}",[],0.0,0.0,True,False,False,0,[],0,0.0,9.0,5.0
44,6,5,815.0,1496.0,643042.0940589417,1099455.7433171908,0.5447860962566845,0.5848731046861477,11,56,1,532.0,45939,7103,38836,0.020681097476906163,0.019193857965451033,43,131.0286210809459,532.0,4,4,True,"{3: 87, 1: 52, 0: 18, 2: 32}","{(0, 2): [(18, 41), (41, 32)], (0, 3): [(18, 32), (32, 87)], (1, 2): [(52, 7), (7, 68), (68, 32)], (1, 3): [(52, 72), (72, 45), (45, 87)]}","{(3, 87): {'cpu': 20}, (1, 52): {'cpu': 8}, (0, 18): {'cpu': 5}, (2, 32): {'cpu': 2}}","{((0, 2), (18, 41)): {'bw': 46}, ((0, 2), (41, 32)): {'bw': 46}, ((0, 3), (18, 32)): {'bw': 6}, ((0, 3), (32, 87)): {'bw': 6}, ((1, 2), (52, 7)): {'bw': 28}, ((1, 2), (7, 68)): {'bw': 28}, ((1, 2), (68, 32)): {'bw': 28}, ((1, 3), (52, 72)): {'bw': 32}, ((1, 3), (72, 45)): {'bw': 32}, ((1, 3), (45, 87)): {'bw': 32}}",319.0,147.0,147.0,35.0,112.0,35.0,112.0,35.0,284.0,172.0,0.4608150470219436,41798.13012482174,19261.207298899048,60.37996018463651,Success,0.0,"{'node_level': {}, 'link_level': {}, 'path_level': {}}","{'node_level': {3: {'cpu': -66}, 1: {'cpu': -82}, 0: {'cpu': -74}, 2: {'cpu': -78}}, 'link_level': {(0, 2): {'bw': -4}, (0, 3): {'bw': -17}, (1, 2): {'bw': -24}, (1, 3): {'bw': -34}}, 'path_level': {(0, 2): {'latency': -2.6077638825972675}, (0, 3): {'latency': -6.239337712210782}, (1, 2): {'latency': -3.474891500495769}, (1, 3): {'latency': -8.76867231782649}}}","{'node_level': {3: {'cpu': 0}, 1: {'cpu': 0}, 0: {'cpu': 0}, 2: {'cpu': 0}}, 'link_level': {(0, 2): {'bw': 0}, (0, 3): {'bw': 0}, (1, 2): {'bw': 0}, (1, 3): {'bw': 0}}, 'path_level': {(0, 2): {'latency': 0}, (0, 3): {'latency': 0}, (1, 2): {'latency': 0}, (1, 3): {'latency': 0}}}",[],0.0,0.0,True,True,False,0,[],0,0.0,4.0,4.0
45,6,5,815.0,1496.0,643042.0940589417,1099455.7433171908,0.5447860962566845,0.5848731046861477,11,57,1,544.0,45939,7103,38836,0.020681097476906163,0.019193857965451033,44,251.155400200748,544.0,2,1,False,"{0: 42, 1: 32}","{(0, 1): []}","{(0, 42): {'cpu': 16}, (1, 32): {'cpu': 16}}",{},0.0,0.0,42.0,32.0,10.0,0.0,0.0,0.0,0.0,0.0,0.0,0.0,0.0,0.0,Route Failure,3.721070438488169,"{'node_level': {}, 'link_level': {}, 'path_level': {}}","{'node_level': {0: {'cpu': -73}, 1: {'cpu': -62}}, 'link_level': {(0, 1): {'bw': -56}}, 'path_level': {(0, 1): {'latency': 3.721070438488169}}}","{'node_level': {0: {'cpu': 0}, 1: {'cpu': 0}}, 'link_level': {(0, 1): {'bw': 0}}, 'path_level': {(0, 1): {'latency': 3.721070438488169}}}",[],0.0,0.0,True,False,False,0,[],0,0.0,2.0,1.0
46,7,6,890.0,1665.0,679209.1031178026,1180952.0703964906,0.5345345345345346,0.5751368917874594,11,58,1,555.0,45770,7075,38695,0.024541569005928632,0.022754823719567607,45,482.22678745147897,555.0,2,1,True,"{1: 42, 0: 32}","{(0, 1): [(32, 44), (44, 5), (5, 42)]}","{(1, 42): {'cpu': 15}, (0, 32): {'cpu': 13}}","{((0, 1), (32, 44)): {'bw': 47}, ((0, 1), (44, 5)): {'bw': 47}, ((0, 1), (5, 42)): {'bw': 47}}",169.0,75.0,75.0,28.0,47.0,28.0,47.0,28.0,141.0,94.0,0.4437869822485207,81496.32707929994,36167.009058860924,214.00597076249068,Success,0.0,"{'node_level': {}, 'link_level': {}, 'path_level': {}}","{'node_level': {1: {'cpu': -74}, 0: {'cpu': -65}}, 'link_level': {(0, 1): {'bw': -3}}, 'path_level': {(0, 1): {'latency': -2.2319563266369045}}}","{'node_level': {1: {'cpu': 0}, 0: {'cpu': 0}}, 'link_level': {(0, 1): {'bw': 0}}, 'path_level': {(0, 1): {'latency': 0}}}",[],0.0,0.0,True,True,False,0,[],0,0.0,2.0,1.0
47,7,6,890.0,1665.0,679209.1031178026,1180952.0703964906,0.5345345345345346,0.5751368917874594,11,59,1,568.0,45770,7075,38695,0.024541569005928632,0.022754823719567607,46,322.0523483119039,568.0,6,7,False,"{2: 9, 4: 18, 5: 52, 0: 81, 3: 1, 1: 14}","{(0, 3): []}","{(2, 9): {'cpu': 20}, (4, 18): {'cpu': 16}, (5, 52): {'cpu': 16}, (0, 81): {'cpu': 15}, (3, 1): {'cpu': 8}, (1, 14): {'cpu': 1}}",{},0.0,0.0,296.0,76.0,220.0,0.0,0.0,0.0,0.0,0.0,0.0,0.0,0.0,0.0,Route Failure,1.0956338610023049,"{'node_level': {}, 'link_level': {}, 'path_level': {}}","{'node_level': {2: {'cpu': -80}, 4: {'cpu': -58}, 5: {'cpu': -66}, 0: {'cpu': -77}, 3: {'cpu': -59}, 1: {'cpu': -73}}, 'link_level': {(0, 3): {'bw': -53}}, 'path_level': {(0, 3): {'latency': 1.0956338610023049}}}","{'node_level': {2: {'cpu': 0}, 4: {'cpu': 0}, 5: {'cpu': 0}, 0: {'cpu': 0}, 3: {'cpu': 0}, 1: {'cpu': 0}}, 'link_level': {(0, 3): {'bw': 0}}, 'path_level': {(0, 3): {'latency': 1.0956338610023049}}}",[],0.0,0.0,True,False,False,0,[],0,0.0,6.0,1.0
48,7,6,890.0,1665.0,679209.1031178026,1180952.0703964906,0.5345345345345346,0.5751368917874594,11,60,1,584.0,45770,7075,38695,0.024541569005928632,0.022754823719567607,47,317.5638586174298,584.0,7,13,False,"{3: 9, 1: 18, 5: 52, 0: 81, 6: 1, 2: 14, 4: 40}","{(0, 2): [(81, 25), (25, 45), (45, 14)], (0, 5): [(81, 26), (26, 52)], (1, 2): []}","{(3, 9): {'cpu': 20}, (1, 18): {'cpu': 17}, (5, 52): {'cpu': 16}, (0, 81): {'cpu': 15}, (6, 1): {'cpu': 12}, (2, 14): {'cpu': 7}, (4, 40): {'cpu': 2}}","{((0, 2), (81, 25)): {'bw': 40}, ((0, 2), (25, 45)): {'bw': 40}, ((0, 2), (45, 14)): {'bw': 40}, ((0, 5), (81, 26)): {'bw': 9}, ((0, 5), (26, 52)): {'bw': 9}}",0.0,0.0,432.0,89.0,343.0,0.0,0.0,0.0,0.0,0.0,0.0,0.0,0.0,0.0,Route Failure,8.403880696093116,"{'node_level': {}, 'link_level': {}, 'path_level': {}}","{'node_level': {3: {'cpu': -80}, 1: {'cpu': -57}, 5: {'cpu': -66}, 0: {'cpu': -77}, 6: {'cpu': -55}, 2: {'cpu': -67}, 4: {'cpu': -65}}, 'link_level': {(0, 2): {'bw': -20}, (0, 5): {'bw': -45}, (1, 2): {'bw': -16}}, 'path_level': {(0, 2): {'latency': -3.68325791783853}, (0, 5): {'latency': -6.014392956086135}, (1, 2): {'latency': 8.403880696093116}}}","{'node_level': {3: {'cpu': 0}, 1: {'cpu': 0}, 5: {'cpu': 0}, 0: {'cpu': 0}, 6: {'cpu': 0}, 2: {'cpu': 0}, 4: {'cpu': 0}}, 'link_level': {(0, 2): {'bw': 0}, (0, 5): {'bw': 0}, (1, 2): {'bw': 0}}, 'path_level': {(0, 2): {'latency': 0}, (0, 5): {'latency': 0}, (1, 2): {'latency': 8.403880696093116}}}",[],0.0,0.0,True,False,False,0,[],0,0.0,7.0,3.0
49,7,6,890.0,1665.0,679209.1031178026,1180952.0703964906,0.5345345345345346,0.5751368917874594,11,61,1,595.0,45770,7075,38695,0.024541569005928632,0.022754823719567607,48,629.5217545832035,595.0,7,9,False,"{0: 9, 6: 18, 1: 52, 5: 81, 4: 1, 2: 14, 3: 40}","{(0, 3): [(9, 40)], (0, 5): [(9, 81)], (1, 2): [(52, 79), (79, 69), (69, 14)], (1, 3): [(52, 7), (7, 38), (38, 40)], (1, 4): [(52, 64), (64, 1)], (1, 6): []}","{(0, 9): {'cpu': 19}, (6, 18): {'cpu': 19}, (1, 52): {'cpu': 18}, (5, 81): {'cpu': 17}, (4, 1): {'cpu': 13}, (2, 14): {'cpu': 8}, (3, 40): {'cpu': 2}}","{((0, 3), (9, 40)): {'bw': 8}, ((0, 5), (9, 81)): {'bw': 41}, ((1, 2), (52, 79)): {'bw': 27}, ((1, 2), (79, 69)): {'bw': 27}, ((1, 2), (69, 14)): {'bw': 27}, ((1, 3), (52, 7)): {'bw': 41}, ((1, 3), (7, 38)): {'bw': 41}, ((1, 3), (38, 40)): {'bw': 41}, ((1, 4), (52, 64)): {'bw': 49}, ((1, 4), (64, 1)): {'bw': 49}}",0.0,0.0,379.0,96.0,283.0,0.0,0.0,0.0,0.0,0.0,0.0,0.0,0.0,0.0,Route Failure,2.7297838267995385,"{'node_level': {}, 'link_level': {}, 'path_level': {}}","{'node_level': {0: {'cpu': -81}, 6: {'cpu': -55}, 1: {'cpu': -64}, 5: {'cpu': -75}, 4: {'cpu': -54}, 2: {'cpu': -66}, 3: {'cpu': -65}}, 'link_level': {(0, 3): {'bw': -52}, (0, 5): {'bw': -33}, (1, 2): {'bw': -29}, (1, 3): {'bw': -17}, (1, 4): {'bw': -8}, (1, 6): {'bw': -7}}, 'path_level': {(0, 3): {'latency': -0.8031981261806491}, (0, 5): {'latency': -9.869189652322408}, (1, 2): {'latency': -0.23605856679143233}, (1, 3): {'latency': -2.0995202100796817}, (1, 4): {'latency': -1.7209935976372304}, (1, 6): {'latency': 2.7297838267995385}}}","{'node_level': {0: {'cpu': 0}, 6: {'cpu': 0}, 1: {'cpu': 0}, 5: {'cpu': 0}, 4: {'cpu': 0}, 2: {'cpu': 0}, 3: {'cpu': 0}}, 'link_level': {(0, 3): {'bw': 0}, (0, 5): {'bw': 0}, (1, 2): {'bw': 0}, (1, 3): {'bw': 0}, (1, 4): {'bw': 0}, (1, 6): {'bw': 0}}, 'path_level': {(0, 3): {'latency': 0}, (0, 5): {'latency': 0}, (1, 2): {'latency': 0}, (1, 3): {'latency': 0}, (1, 4): {'latency': 0}, (1, 6): {'latency': 2.7297838267995385}}}",[],0.0,0.0,True,False,False,0,[],0,0.0,7.0,6.0
49,7,6,890.0,1665.0,679209.1031178026,1180952.0703964906,0.5345345345345346,0.5751368917874594,11,62,0,599.4367577311515,45770,7075,38695,0.024541569005928632,0.022754823719567607,0,583.4367577311515,16.0,7,8,False,{},{},{},{},0.0,0.0,0.0,0.0,0.0,0.0,0.0,0.0,0.0,0.0,0.0,0.0,0.0,0.0,Leave Event,0.0,"{'node_level': {}, 'link_level': {}, 'path_level': {}}","{'node_level': {}, 'link_level': {}, 'path_level': {}}","{'node_level': {}, 'link_level': {}, 'path_level': {}}",[],0.0,0.0,True,True,False,0,[],0,0.0,,
50,7,6,890.0,1665.0,679209.1031178026,1180952.0703964906,0.5345345345345346,0.5751368917874594,11,63,1,605.0,45770,7075,38695,0.024541569005928632,0.022754823719567607,49,169.8323666643692,605.0,8,11,False,"{0: 9, 5: 18, 1: 52, 7: 81, 6: 1, 3: 14, 4: 40, 2: 54}","{(0, 1): []}","{(0, 9): {'cpu': 19}, (5, 18): {'cpu': 18}, (1, 52): {'cpu': 16}, (7, 81): {'cpu': 13}, (6, 1): {'cpu': 12}, (3, 14): {'cpu': 5}, (4, 40): {'cpu': 5}, (2, 54): {'cpu': 2}}",{},0.0,0.0,430.0,90.0,340.0,0.0,0.0,0.0,0.0,0.0,0.0,0.0,0.0,0.0,Route Failure,3.4114388905859405,"{'node_level': {}, 'link_level': {}, 'path_level': {}}","{'node_level': {0: {'cpu': -81}, 5: {'cpu': -56}, 1: {'cpu': -66}, 7: {'cpu': -79}, 6: {'cpu': -55}, 3: {'cpu': -69}, 4: {'cpu': -62}, 2: {'cpu': -82}}, 'link_level': {(0, 1): {'bw': -23}}, 'path_level': {(0, 1): {'latency': 3.4114388905859405}}}","{'node_level': {0: {'cpu': 0}, 5: {'cpu': 0}, 1: {'cpu': 0}, 7: {'cpu': 0}, 6: {'cpu': 0}, 3: {'cpu': 0}, 4: {'cpu': 0}, 2: {'cpu': 0}}, 'link_level': {(0, 1): {'bw': 0}}, 'path_level': {(0, 1): {'latency': 3.4114388905859405}}}",[],0.0,0.0,True,False,False,0,[],0,0.0,8.0,1.0
50,7,5,890.0,1665.0,679209.1031178026,1180952.0703964906,0.5345345345345346,0.5751368917874594,11,64,0,605.7052384385845,45864,7093,38771,0.02205983730869987,0.02083543792302256,37,143.7052384385845,462.0,2,1,False,{},{},{},{},0.0,0.0,0.0,0.0,0.0,0.0,0.0,0.0,0.0,0.0,0.0,0.0,0.0,0.0,Leave Event,0.0,"{'node_level': {}, 'link_level': {}, 'path_level': {}}","{'node_level': {}, 'link_level': {}, 'path_level': {}}","{'node_level': {}, 'link_level': {}, 'path_level': {}}",[],0.0,0.0,True,True,False,0,[],0,0.0,,
50,7,5,890.0,1665.0,679209.1031178026,1180952.0703964906,0.5345345345345346,0.5751368917874594,11,65,0,607.171900970111,45864,7093,38771,0.02205983730869987,0.02083543792302256,26,252.17190097011095,355.0,2,1,False,{},{},{},{},0.0,0.0,0.0,0.0,0.0,0.0,0.0,0.0,0.0,0.0,0.0,0.0,0.0,0.0,Leave Event,0.0,"{'node_level': {}, 'link_level': {}, 'path_level': {}}","{'node_level': {}, 'link_level': {}, 'path_level': {}}","{'node_level': {}, 'link_level': {}, 'path_level': {}}",[],0.0,0.0,True,True,False,0,[],0,0.0,,
50,7,5,890.0,1665.0,679209.1031178026,1180952.0703964906,0.5345345345345346,0.5751368917874594,11,66,0,617.9520750885513,45864,7093,38771,0.02205983730869987,0.02083543792302256,24,283.95207508855134,334.0,5,5,False,{},{},{},{},0.0,0.0,0.0,0.0,0.0,0.0,0.0,0.0,0.0,0.0,0.0,0.0,0.0,0.0,Leave Event,0.0,"{'node_level': {}, 'link_level': {}, 'path_level': {}}","{'node_level': {}, 'link_level': {}, 'path_level': {}}","{'node_level': {}, 'link_level': {}, 'path_level': {}}",[],0.0,0.0,True,True,False,0,[],0,0.0,,
51,7,5,890.0,1665.0,679209.1031178026,1180952.0703964906,0.5345345345345346,0.5751368917874594,11,67,1,624.0,45864,7093,38771,0.02205983730869987,0.02083543792302256,50,241.81784249722122,624.0,10,16,False,"{2: 9, 7: 18, 1: 52, 6: 17, 8: 40, 4: 81, 0: 1, 5: 14, 9: 54, 3: 99}","{(0, 2): []}","{(2, 9): {'cpu': 12}, (7, 18): {'cpu': 11}, (1, 52): {'cpu': 9}, (6, 17): {'cpu': 9}, (8, 40): {'cpu': 8}, (4, 81): {'cpu': 7}, (0, 1): {'cpu': 6}, (5, 14): {'cpu': 6}, (9, 54): {'cpu': 5}, (3, 99): {'cpu': 2}}",{},0.0,0.0,570.0,75.0,495.0,0.0,0.0,0.0,0.0,0.0,0.0,0.0,0.0,0.0,Route Failure,3.8733979414813673,"{'node_level': {}, 'link_level': {}, 'path_level': {}}","{'node_level': {2: {'cpu': -88}, 7: {'cpu': -63}, 1: {'cpu': -73}, 6: {'cpu': -79}, 8: {'cpu': -61}, 4: {'cpu': -85}, 0: {'cpu': -61}, 5: {'cpu': -68}, 9: {'cpu': -79}, 3: {'cpu': -69}}, 'link_level': {(0, 2): {'bw': -40}}, 'path_level': {(0, 2): {'latency': 3.8733979414813673}}}","{'node_level': {2: {'cpu': 0}, 7: {'cpu': 0}, 1: {'cpu': 0}, 6: {'cpu': 0}, 8: {'cpu': 0}, 4: {'cpu': 0}, 0: {'cpu': 0}, 5: {'cpu': 0}, 9: {'cpu': 0}, 3: {'cpu': 0}}, 'link_level': {(0, 2): {'bw': 0}}, 'path_level': {(0, 2): {'latency': 3.8733979414813673}}}",[],0.0,0.0,True,False,False,0,[],0,0.0,10.0,1.0
51,7,5,890.0,1665.0,679209.1031178026,1180952.0703964906,0.5345345345345346,0.5751368917874594,11,68,0,629.3986951218855,45864,7093,38771,0.02205983730869987,0.02083543792302256,17,402.39869512188545,227.0,10,18,False,{},{},{},{},0.0,0.0,0.0,0.0,0.0,0.0,0.0,0.0,0.0,0.0,0.0,0.0,0.0,0.0,Leave Event,0.0,"{'node_level': {}, 'link_level': {}, 'path_level': {}}","{'node_level': {}, 'link_level': {}, 'path_level': {}}","{'node_level': {}, 'link_level': {}, 'path_level': {}}",[],0.0,0.0,True,True,False,0,[],0,0.0,,
52,7,5,890.0,1665.0,679209.1031178026,1180952.0703964906,0.5345345345345346,0.5751368917874594,11,69,1,644.0,45864,7093,38771,0.02205983730869987,0.02083543792302256,51,691.489605459313,644.0,6,9,False,"{2: 9, 5: 18, 4: 52, 0: 17, 1: 40, 3: 81}","{(0, 1): [(17, 60), (60, 40)], (0, 2): []}","{(2, 9): {'cpu': 19}, (5, 18): {'cpu': 15}, (4, 52): {'cpu': 14}, (0, 17): {'cpu': 8}, (1, 40): {'cpu': 6}, (3, 81): {'cpu': 3}}","{((0, 1), (17, 60)): {'bw': 30}, ((0, 1), (60, 40)): {'bw': 30}}",0.0,0.0,367.0,65.0,302.0,0.0,0.0,0.0,0.0,0.0,0.0,0.0,0.0,0.0,Route Failure,4.192300122654568,"{'node_level': {}, 'link_level': {}, 'path_level': {}}","{'node_level': {2: {'cpu': -81}, 5: {'cpu': -59}, 4: {'cpu': -68}, 0: {'cpu': -80}, 1: {'cpu': -63}, 3: {'cpu': -89}}, 'link_level': {(0, 1): {'bw': -25}, (0, 2): {'bw': -17}}, 'path_level': {(0, 1): {'latency': -7.854895092580971}, (0, 2): {'latency': 4.192300122654568}}}","{'node_level': {2: {'cpu': 0}, 5: {'cpu': 0}, 4: {'cpu': 0}, 0: {'cpu': 0}, 1: {'cpu': 0}, 3: {'cpu': 0}}, 'link_level': {(0, 1): {'bw': 0}, (0, 2): {'bw': 0}}, 'path_level': {(0, 1): {'latency': 0}, (0, 2): {'latency': 4.192300122654568}}}",[],0.0,0.0,True,False,False,0,[],0,0.0,6.0,2.0
53,8,6,1007.0,1944.0,802494.7875967203,1474941.0103077558,0.5180041152263375,0.5440860224160928,11,70,1,657.0,45585,7057,38528,0.027023300703157282,0.026972421456712747,52,1053.723798965108,657.0,3,2,True,"{1: 9, 2: 18, 0: 52}","{(0, 1): [(52, 26), (26, 81), (81, 9)], (0, 2): [(52, 7), (7, 3), (3, 18)]}","{(1, 9): {'cpu': 18}, (2, 18): {'cpu': 10}, (0, 52): {'cpu': 8}}","{((0, 1), (52, 26)): {'bw': 36}, ((0, 1), (26, 81)): {'bw': 36}, ((0, 1), (81, 9)): {'bw': 36}, ((0, 2), (52, 7)): {'bw': 45}, ((0, 2), (7, 3)): {'bw': 45}, ((0, 2), (3, 18)): {'bw': 45}}",279.0,117.0,117.0,36.0,81.0,36.0,81.0,36.0,243.0,162.0,0.41935483870967744,293988.93991126516,123285.68447891764,441.88417375956146,Success,0.0,"{'node_level': {}, 'link_level': {}, 'path_level': {}}","{'node_level': {1: {'cpu': -82}, 2: {'cpu': -64}, 0: {'cpu': -74}}, 'link_level': {(0, 1): {'bw': -18}, (0, 2): {'bw': -9}}, 'path_level': {(0, 1): {'latency': -2.9599742136397715}, (0, 2): {'latency': -0.193368747684449}}}","{'node_level': {1: {'cpu': 0}, 2: {'cpu': 0}, 0: {'cpu': 0}}, 'link_level': {(0, 1): {'bw': 0}, (0, 2): {'bw': 0}}, 'path_level': {(0, 1): {'latency': 0}, (0, 2): {'latency': 0}}}",[],0.0,0.0,True,True,False,0,[],0,0.0,3.0,2.0
53,8,6,1007.0,1944.0,802494.7875967203,1474941.0103077558,0.5180041152263375,0.5440860224160928,11,71,0,661.8694210704186,45585,7057,38528,0.027023300703157282,0.026972421456712747,38,187.86942107041867,474.0,6,9,False,{},{},{},{},0.0,0.0,0.0,0.0,0.0,0.0,0.0,0.0,0.0,0.0,0.0,0.0,0.0,0.0,Leave Event,0.0,"{'node_level': {}, 'link_level': {}, 'path_level': {}}","{'node_level': {}, 'link_level': {}, 'path_level': {}}","{'node_level': {}, 'link_level': {}, 'path_level': {}}",[],0.0,0.0,True,True,False,0,[],0,0.0,,
53,8,5,1007.0,1944.0,802494.7875967203,1474941.0103077558,0.5180041152263375,0.5440860224160928,11,72,0,663.0286210809459,45904,7092,38812,0.022197711291879196,0.01979997979593895,43,131.0286210809459,532.0,4,4,False,{},{},{},{},0.0,0.0,0.0,0.0,0.0,0.0,0.0,0.0,0.0,0.0,0.0,0.0,0.0,0.0,Leave Event,0.0,"{'node_level': {}, 'link_level': {}, 'path_level': {}}","{'node_level': {}, 'link_level': {}, 'path_level': {}}","{'node_level': {}, 'link_level': {}, 'path_level': {}}",[],0.0,0.0,True,True,False,0,[],0,0.0,,
54,8,5,1007.0,1944.0,802494.7875967203,1474941.0103077558,0.5180041152263375,0.5440860224160928,11,73,1,674.0,45904,7092,38812,0.022197711291879196,0.01979997979593895,53,54.27354853957754,674.0,6,7,False,"{2: 87, 4: 52, 3: 17, 1: 40, 5: 81, 0: 1}","{(0, 1): [(1, 81), (81, 9), (9, 40)], (0, 3): []}","{(2, 87): {'cpu': 20}, (4, 52): {'cpu': 20}, (3, 17): {'cpu': 19}, (1, 40): {'cpu': 8}, (5, 81): {'cpu': 7}, (0, 1): {'cpu': 5}}","{((0, 1), (1, 81)): {'bw': 14}, ((0, 1), (81, 9)): {'bw': 14}, ((0, 1), (9, 40)): {'bw': 14}}",0.0,0.0,253.0,79.0,174.0,0.0,0.0,0.0,0.0,0.0,0.0,0.0,0.0,0.0,Route Failure,6.963110665335082,"{'node_level': {}, 'link_level': {}, 'path_level': {}}","{'node_level': {2: {'cpu': -66}, 4: {'cpu': -62}, 3: {'cpu': -69}, 1: {'cpu': -61}, 5: {'cpu': -85}, 0: {'cpu': -62}}, 'link_level': {(0, 1): {'bw': -24}, (0, 3): {'bw': -45}}, 'path_level': {(0, 1): {'latency': -0.6223014768729058}, (0, 3): {'latency': 6.963110665335082}}}","{'node_level': {2: {'cpu': 0}, 4: {'cpu': 0}, 3: {'cpu': 0}, 1: {'cpu': 0}, 5: {'cpu': 0}, 0: {'cpu': 0}}, 'link_level': {(0, 1): {'bw': 0}, (0, 3): {'bw': 0}}, 'path_level': {(0, 1): {'latency': 0}, (0, 3): {'latency': 6.963110665335082}}}",[],0.0,0.0,True,False,False,0,[],0,0.0,6.0,2.0
55,8,5,1007.0,1944.0,802494.7875967203,1474941.0103077558,0.5180041152263375,0.5440860224160928,11,74,1,688.0,45904,7092,38812,0.022197711291879196,0.01979997979593895,54,48.461378858231306,688.0,10,23,False,"{4: 87, 2: 52, 9: 17, 5: 40, 6: 81, 3: 1, 1: 14, 0: 54, 8: 99, 7: 18}","{(0, 1): []}","{(4, 87): {'cpu': 17}, (2, 52): {'cpu': 16}, (9, 17): {'cpu': 15}, (5, 40): {'cpu': 12}, (6, 81): {'cpu': 9}, (3, 1): {'cpu': 8}, (1, 14): {'cpu': 6}, (0, 54): {'cpu': 4}, (8, 99): {'cpu': 2}, (7, 18): {'cpu': 1}}",{},0.0,0.0,716.0,90.0,626.0,0.0,0.0,0.0,0.0,0.0,0.0,0.0,0.0,0.0,Route Failure,5.4806959938621045,"{'node_level': {}, 'link_level': {}, 'path_level': {}}","{'node_level': {4: {'cpu': -69}, 2: {'cpu': -66}, 9: {'cpu': -73}, 5: {'cpu': -57}, 6: {'cpu': -83}, 3: {'cpu': -59}, 1: {'cpu': -68}, 0: {'cpu': -80}, 8: {'cpu': -69}, 7: {'cpu': -68}}, 'link_level': {(0, 1): {'bw': -15}}, 'path_level': {(0, 1): {'latency': 5.4806959938621045}}}","{'node_level': {4: {'cpu': 0}, 2: {'cpu': 0}, 9: {'cpu': 0}, 5: {'cpu': 0}, 6: {'cpu': 0}, 3: {'cpu': 0}, 1: {'cpu': 0}, 0: {'cpu': 0}, 8: {'cpu': 0}, 7: {'cpu': 0}}, 'link_level': {(0, 1): {'bw': 0}}, 'path_level': {(0, 1): {'latency': 5.4806959938621045}}}",[],0.0,0.0,True,False,False,0,[],0,0.0,10.0,1.0
55,8,4,1007.0,1944.0,802494.7875967203,1474941.0103077558,0.5180041152263375,0.5440860224160928,11,75,0,695.8903293738089,45998,7111,38887,0.01957810561147111,0.01790584907566417,13,520.8903293738089,175.0,3,3,False,{},{},{},{},0.0,0.0,0.0,0.0,0.0,0.0,0.0,0.0,0.0,0.0,0.0,0.0,0.0,0.0,Leave Event,0.0,"{'node_level': {}, 'link_level': {}, 'path_level': {}}","{'node_level': {}, 'link_level': {}, 'path_level': {}}","{'node_level': {}, 'link_level': {}, 'path_level': {}}",[],0.0,0.0,True,True,False,0,[],0,0.0,,
55,8,4,1007.0,1944.0,802494.7875967203,1474941.0103077558,0.5180041152263375,0.5440860224160928,11,76,0,696.1897028893595,45998,7111,38887,0.01957810561147111,0.01790584907566417,31,298.1897028893596,398.0,5,5,False,{},{},{},{},0.0,0.0,0.0,0.0,0.0,0.0,0.0,0.0,0.0,0.0,0.0,0.0,0.0,0.0,Leave Event,0.0,"{'node_level': {}, 'link_level': {}, 'path_level': {}}","{'node_level': {}, 'link_level': {}, 'path_level': {}}","{'node_level': {}, 'link_level': {}, 'path_level': {}}",[],0.0,0.0,True,True,False,0,[],0,0.0,,
56,8,4,1007.0,1944.0,802494.7875967203,1474941.0103077558,0.5180041152263375,0.5440860224160928,11,77,1,700.0,45998,7111,38887,0.01957810561147111,0.01790584907566417,55,218.5140050681475,700.0,3,2,False,"{1: 87, 0: 18, 2: 52}","{(0, 1): []}","{(1, 87): {'cpu': 20}, (0, 18): {'cpu': 15}, (2, 52): {'cpu': 9}}",{},0.0,0.0,114.0,44.0,70.0,0.0,0.0,0.0,0.0,0.0,0.0,0.0,0.0,0.0,Route Failure,7.114088231806156,"{'node_level': {}, 'link_level': {}, 'path_level': {}}","{'node_level': {1: {'cpu': -68}, 0: {'cpu': -64}, 2: {'cpu': -73}}, 'link_level': {(0, 1): {'bw': -11}}, 'path_level': {(0, 1): {'latency': 7.114088231806156}}}","{'node_level': {1: {'cpu': 0}, 0: {'cpu': 0}, 2: {'cpu': 0}}, 'link_level': {(0, 1): {'bw': 0}}, 'path_level': {(0, 1): {'latency': 7.114088231806156}}}",[],0.0,0.0,True,False,False,0,[],0,0.0,3.0,1.0
56,8,4,1007.0,1944.0,802494.7875967203,1474941.0103077558,0.5180041152263375,0.5440860224160928,11,78,0,701.3612458714599,45998,7111,38887,0.01957810561147111,0.01790584907566417,35,265.3612458714599,436.0,2,1,False,{},{},{},{},0.0,0.0,0.0,0.0,0.0,0.0,0.0,0.0,0.0,0.0,0.0,0.0,0.0,0.0,Leave Event,0.0,"{'node_level': {}, 'link_level': {}, 'path_level': {}}","{'node_level': {}, 'link_level': {}, 'path_level': {}}","{'node_level': {}, 'link_level': {}, 'path_level': {}}",[],0.0,0.0,True,True,False,0,[],0,0.0,,
57,9,5,1096.0,2116.0,838208.3513647246,1543960.4818594046,0.5179584120982986,0.5428949517899987,11,79,1,716.0,45826,7083,38743,0.023438577140493577,0.021542580058591776,56,401.275997393307,716.0,3,2,True,"{0: 87, 1: 18, 2: 52}","{(0, 1): [(87, 32), (32, 18)], (1, 2): [(18, 33), (33, 7), (7, 52)]}","{(0, 87): {'cpu': 12}, (1, 18): {'cpu': 8}, (2, 52): {'cpu': 8}}","{((0, 1), (87, 32)): {'bw': 39}, ((0, 1), (32, 18)): {'bw': 39}, ((1, 2), (18, 33)): {'bw': 22}, ((1, 2), (33, 7)): {'bw': 22}, ((1, 2), (7, 52)): {'bw': 22}}",172.0,89.0,89.0,28.0,61.0,28.0,61.0,28.0,144.0,83.0,0.5174418604651163,69019.4715516488,35713.56376800432,207.63699865118795,Success,0.0,"{'node_level': {}, 'link_level': {}, 'path_level': {}}","{'node_level': {0: {'cpu': -76}, 1: {'cpu': -71}, 2: {'cpu': -74}}, 'link_level': {(0, 1): {'bw': -3}, (1, 2): {'bw': -19}}, 'path_level': {(0, 1): {'latency': -5.790694540739841}, (1, 2): {'latency': -1.8980113916228056}}}","{'node_level': {0: {'cpu': 0}, 1: {'cpu': 0}, 2: {'cpu': 0}}, 'link_level': {(0, 1): {'bw': 0}, (1, 2): {'bw': 0}}, 'path_level': {(0, 1): {'latency': 0}, (1, 2): {'latency': 0}}}",[],0.0,0.0,True,True,False,0,[],0,0.0,3.0,2.0
57,9,5,1096.0,2116.0,838208.3513647246,1543960.4818594046,0.5179584120982986,0.5428949517899987,11,80,0,717.5415178703479,45826,7083,38743,0.023438577140493577,0.021542580058591776,21,421.54151787034783,296.0,6,9,False,{},{},{},{},0.0,0.0,0.0,0.0,0.0,0.0,0.0,0.0,0.0,0.0,0.0,0.0,0.0,0.0,Leave Event,0.0,"{'node_level': {}, 'link_level': {}, 'path_level': {}}","{'node_level': {}, 'link_level': {}, 'path_level': {}}","{'node_level': {}, 'link_level': {}, 'path_level': {}}",[],0.0,0.0,True,True,False,0,[],0,0.0,,
58,9,5,1096.0,2116.0,838208.3513647246,1543960.4818594046,0.5179584120982986,0.5428949517899987,11,81,1,723.0,45826,7083,38743,0.023438577140493577,0.021542580058591776,57,17.10170904681252,723.0,9,21,False,"{0: 17, 6: 87, 3: 32, 4: 40, 1: 81, 2: 1, 5: 18, 7: 14, 8: 54}","{(0, 1): [(17, 23), (23, 81)], (0, 2): []}","{(0, 17): {'cpu': 17}, (6, 87): {'cpu': 9}, (3, 32): {'cpu': 8}, (4, 40): {'cpu': 6}, (1, 81): {'cpu': 4}, (2, 1): {'cpu': 4}, (5, 18): {'cpu': 4}, (7, 14): {'cpu': 4}, (8, 54): {'cpu': 2}}","{((0, 1), (17, 23)): {'bw': 4}, ((0, 1), (23, 81)): {'bw': 4}}",0.0,0.0,515.0,58.0,457.0,0.0,0.0,0.0,0.0,0.0,0.0,0.0,0.0,0.0,Route Failure,6.598895992955976,"{'node_level': {}, 'link_level': {}, 'path_level': {}}","{'node_level': {0: {'cpu': -71}, 6: {'cpu': -67}, 3: {'cpu': -66}, 4: {'cpu': -63}, 1: {'cpu': -88}, 2: {'cpu': -63}, 5: {'cpu': -67}, 7: {'cpu': -70}, 8: {'cpu': -82}}, 'link_level': {(0, 1): {'bw': -63}, (0, 2): {'bw': -51}}, 'path_level': {(0, 1): {'latency': -1.0009507825044928}, (0, 2): {'latency': 6.598895992955976}}}","{'node_level': {0: {'cpu': 0}, 6: {'cpu': 0}, 3: {'cpu': 0}, 4: {'cpu': 0}, 1: {'cpu': 0}, 2: {'cpu': 0}, 5: {'cpu': 0}, 7: {'cpu': 0}, 8: {'cpu': 0}}, 'link_level': {(0, 1): {'bw': 0}, (0, 2): {'bw': 0}}, 'path_level': {(0, 1): {'latency': 0}, (0, 2): {'latency': 6.598895992955976}}}",[],0.0,0.0,True,False,False,0,[],0,0.0,9.0,2.0
58,9,5,1096.0,2116.0,838208.3513647246,1543960.4818594046,0.5179584120982986,0.5428949517899987,11,82,0,728.2735485395775,45826,7083,38743,0.023438577140493577,0.021542580058591776,53,54.27354853957754,674.0,6,7,False,{},{},{},{},0.0,0.0,0.0,0.0,0.0,0.0,0.0,0.0,0.0,0.0,0.0,0.0,0.0,0.0,Leave Event,0.0,"{'node_level': {}, 'link_level': {}, 'path_level': {}}","{'node_level': {}, 'link_level': {}, 'path_level': {}}","{'node_level': {}, 'link_level': {}, 'path_level': {}}",[],0.0,0.0,True,True,False,0,[],0,0.0,,
59,9,5,1096.0,2116.0,838208.3513647246,1543960.4818594046,0.5179584120982986,0.5428949517899987,11,83,1,736.0,45826,7083,38743,0.023438577140493577,0.021542580058591776,58,1736.267727891407,736.0,5,6,False,"{2: 17, 3: 87, 1: 32, 4: 40, 0: 81}","{(0, 1): [(81, 25), (25, 32)], (0, 2): [(81, 23), (23, 17)], (0, 3): [(81, 25), (25, 45), (45, 87)], (0, 4): [(81, 9), (9, 40)], (1, 4): [(32, 60), (60, 40)], (2, 3): []}","{(2, 17): {'cpu': 20}, (3, 87): {'cpu': 14}, (1, 32): {'cpu': 13}, (4, 40): {'cpu': 8}, (0, 81): {'cpu': 3}}","{((0, 1), (81, 25)): {'bw': 20}, ((0, 1), (25, 32)): {'bw': 20}, ((0, 2), (81, 23)): {'bw': 36}, ((0, 2), (23, 17)): {'bw': 36}, ((0, 3), (81, 25)): {'bw': 30}, ((0, 3), (25, 45)): {'bw': 30}, ((0, 3), (45, 87)): {'bw': 30}, ((0, 4), (81, 9)): {'bw': 21}, ((0, 4), (9, 40)): {'bw': 21}, ((1, 4), (32, 60)): {'bw': 9}, ((1, 4), (60, 40)): {'bw': 9}}",0.0,0.0,185.0,58.0,127.0,0.0,0.0,0.0,0.0,0.0,0.0,0.0,0.0,0.0,Route Failure,12.753219720518247,"{'node_level': {}, 'link_level': {}, 'path_level': {}}","{'node_level': {2: {'cpu': -68}, 3: {'cpu': -62}, 1: {'cpu': -61}, 4: {'cpu': -61}, 0: {'cpu': -89}}, 'link_level': {(0, 1): {'bw': -31}, (0, 2): {'bw': -31}, (0, 3): {'bw': -36}, (0, 4): {'bw': -17}, (1, 4): {'bw': -41}, (2, 3): {'bw': 8}}, 'path_level': {(0, 1): {'latency': -5.550786106880317}, (0, 2): {'latency': -2.966294981776187}, (0, 3): {'latency': -2.5678730134392707}, (0, 4): {'latency': -2.5938268483344604}, (1, 4): {'latency': -9.943639020039166}, (2, 3): {'latency': 12.753219720518247}}}","{'node_level': {2: {'cpu': 0}, 3: {'cpu': 0}, 1: {'cpu': 0}, 4: {'cpu': 0}, 0: {'cpu': 0}}, 'link_level': {(0, 1): {'bw': 0}, (0, 2): {'bw': 0}, (0, 3): {'bw': 0}, (0, 4): {'bw': 0}, (1, 4): {'bw': 0}, (2, 3): {'bw': 8}}, 'path_level': {(0, 1): {'latency': 0}, (0, 2): {'latency': 0}, (0, 3): {'latency': 0}, (0, 4): {'latency': 0}, (1, 4): {'latency': 0}, (2, 3): {'latency': 12.753219720518247}}}",[],0.0,0.0,True,False,False,0,[],0,0.0,5.0,6.0
59,9,5,1096.0,2116.0,838208.3513647246,1543960.4818594046,0.5179584120982986,0.5428949517899987,11,84,0,736.4613788582313,45826,7083,38743,0.023438577140493577,0.021542580058591776,54,48.461378858231306,688.0,10,23,False,{},{},{},{},0.0,0.0,0.0,0.0,0.0,0.0,0.0,0.0,0.0,0.0,0.0,0.0,0.0,0.0,Leave Event,0.0,"{'node_level': {}, 'link_level': {}, 'path_level': {}}","{'node_level': {}, 'link_level': {}, 'path_level': {}}","{'node_level': {}, 'link_level': {}, 'path_level': {}}",[],0.0,0.0,True,True,False,0,[],0,0.0,,
59,9,5,1096.0,2116.0,838208.3513647246,1543960.4818594046,0.5179584120982986,0.5428949517899987,11,85,0,740.1017090468125,45826,7083,38743,0.023438577140493577,0.021542580058591776,57,17.10170904681252,723.0,9,21,False,{},{},{},{},0.0,0.0,0.0,0.0,0.0,0.0,0.0,0.0,0.0,0.0,0.0,0.0,0.0,0.0,Leave Event,0.0,"{'node_level': {}, 'link_level': {}, 'path_level': {}}","{'node_level': {}, 'link_level': {}, 'path_level': {}}","{'node_level': {}, 'link_level': {}, 'path_level': {}}",[],0.0,0.0,True,True,False,0,[],0,0.0,,
60,9,5,1096.0,2116.0,838208.3513647246,1543960.4818594046,0.5179584120982986,0.5428949517899987,11,86,1,748.0,45826,7083,38743,0.023438577140493577,0.021542580058591776,59,193.5650443266699,748.0,8,15,False,"{7: 17, 0: 87, 4: 32, 6: 40, 3: 81, 5: 1, 1: 18, 2: 14}","{(0, 1): [(87, 8), (8, 2), (2, 18)], (0, 2): [(87, 45), (45, 14)], (0, 3): [(87, 45), (45, 25), (25, 81)], (0, 7): [(87, 95), (95, 13), (13, 4), (4, 17)], (1, 3): []}","{(7, 17): {'cpu': 20}, (0, 87): {'cpu': 16}, (4, 32): {'cpu': 12}, (6, 40): {'cpu': 12}, (3, 81): {'cpu': 9}, (5, 1): {'cpu': 8}, (1, 18): {'cpu': 2}, (2, 14): {'cpu': 2}}","{((0, 1), (87, 8)): {'bw': 38}, ((0, 1), (8, 2)): {'bw': 38}, ((0, 1), (2, 18)): {'bw': 38}, ((0, 2), (87, 45)): {'bw': 31}, ((0, 2), (45, 14)): {'bw': 31}, ((0, 3), (87, 45)): {'bw': 19}, ((0, 3), (45, 25)): {'bw': 19}, ((0, 3), (25, 81)): {'bw': 19}, ((0, 7), (87, 95)): {'bw': 16}, ((0, 7), (95, 13)): {'bw': 16}, ((0, 7), (13, 4)): {'bw': 16}, ((0, 7), (4, 17)): {'bw': 16}}",0.0,0.0,483.0,81.0,402.0,0.0,0.0,0.0,0.0,0.0,0.0,0.0,0.0,0.0,Route Failure,3.8005189420215846,"{'node_level': {}, 'link_level': {}, 'path_level': {}}","{'node_level': {7: {'cpu': -68}, 0: {'cpu': -60}, 4: {'cpu': -62}, 6: {'cpu': -57}, 3: {'cpu': -83}, 5: {'cpu': -59}, 1: {'cpu': -69}, 2: {'cpu': -72}}, 'link_level': {(0, 1): {'bw': -28}, (0, 2): {'bw': -29}, (0, 3): {'bw': -16}, (0, 7): {'bw': -36}, (1, 3): {'bw': -9}}, 'path_level': {(0, 1): {'latency': -3.1948879217608113}, (0, 2): {'latency': -2.7385648322983953}, (0, 3): {'latency': -6.627836862677405}, (0, 7): {'latency': -2.791777689586816}, (1, 3): {'latency': 3.8005189420215846}}}","{'node_level': {7: {'cpu': 0}, 0: {'cpu': 0}, 4: {'cpu': 0}, 6: {'cpu': 0}, 3: {'cpu': 0}, 5: {'cpu': 0}, 1: {'cpu': 0}, 2: {'cpu': 0}}, 'link_level': {(0, 1): {'bw': 0}, (0, 2): {'bw': 0}, (0, 3): {'bw': 0}, (0, 7): {'bw': 0}, (1, 3): {'bw': 0}}, 'path_level': {(0, 1): {'latency': 0}, (0, 2): {'latency': 0}, (0, 3): {'latency': 0}, (0, 7): {'latency': 0}, (1, 3): {'latency': 3.8005189420215846}}}",[],0.0,0.0,True,False,False,0,[],0,0.0,8.0,5.0
61,9,5,1096.0,2116.0,838208.3513647246,1543960.4818594046,0.5179584120982986,0.5428949517899987,11,87,1,761.0,45826,7083,38743,0.023438577140493577,0.021542580058591776,60,125.04074908684987,761.0,9,20,False,"{4: 17, 6: 87, 7: 32, 8: 40, 0: 81, 2: 1, 3: 18, 5: 14, 1: 54}","{(0, 2): [(81, 1)], (0, 5): []}","{(4, 17): {'cpu': 20}, (6, 87): {'cpu': 19}, (7, 32): {'cpu': 18}, (8, 40): {'cpu': 11}, (0, 81): {'cpu': 10}, (2, 1): {'cpu': 9}, (3, 18): {'cpu': 9}, (5, 14): {'cpu': 8}, (1, 54): {'cpu': 2}}","{((0, 2), (81, 1)): {'bw': 44}}",0.0,0.0,565.0,106.0,459.0,0.0,0.0,0.0,0.0,0.0,0.0,0.0,0.0,0.0,Route Failure,4.446290310179901,"{'node_level': {}, 'link_level': {}, 'path_level': {}}","{'node_level': {4: {'cpu': -68}, 6: {'cpu': -57}, 7: {'cpu': -56}, 8: {'cpu': -58}, 0: {'cpu': -82}, 2: {'cpu': -58}, 3: {'cpu': -62}, 5: {'cpu': -66}, 1: {'cpu': -82}}, 'link_level': {(0, 2): {'bw': -46}, (0, 5): {'bw': -12}}, 'path_level': {(0, 2): {'latency': -1.6031848096656662}, (0, 5): {'latency': 4.446290310179901}}}","{'node_level': {4: {'cpu': 0}, 6: {'cpu': 0}, 7: {'cpu': 0}, 8: {'cpu': 0}, 0: {'cpu': 0}, 2: {'cpu': 0}, 3: {'cpu': 0}, 5: {'cpu': 0}, 1: {'cpu': 0}}, 'link_level': {(0, 2): {'bw': 0}, (0, 5): {'bw': 0}}, 'path_level': {(0, 2): {'latency': 0}, (0, 5): {'latency': 4.446290310179901}}}",[],0.0,0.0,True,False,False,0,[],0,0.0,9.0,2.0
61,9,5,1096.0,2116.0,838208.3513647246,1543960.4818594046,0.5179584120982986,0.5428949517899987,11,88,0,774.8323666643691,45826,7083,38743,0.023438577140493577,0.021542580058591776,49,169.8323666643692,605.0,8,11,False,{},{},{},{},0.0,0.0,0.0,0.0,0.0,0.0,0.0,0.0,0.0,0.0,0.0,0.0,0.0,0.0,Leave Event,0.0,"{'node_level': {}, 'link_level': {}, 'path_level': {}}","{'node_level': {}, 'link_level': {}, 'path_level': {}}","{'node_level': {}, 'link_level': {}, 'path_level': {}}",[],0.0,0.0,True,True,False,0,[],0,0.0,,
62,9,5,1096.0,2116.0,838208.3513647246,1543960.4818594046,0.5179584120982986,0.5428949517899987,11,89,1,778.0,45826,7083,38743,0.023438577140493577,0.021542580058591776,61,76.1468138150583,778.0,4,3,False,"{0: 17, 2: 87, 3: 32, 1: 40}","{(0, 1): []}","{(0, 17): {'cpu': 15}, (2, 87): {'cpu': 15}, (3, 32): {'cpu': 4}, (1, 40): {'cpu': 1}}",{},0.0,0.0,115.0,35.0,80.0,0.0,0.0,0.0,0.0,0.0,0.0,0.0,0.0,0.0,Route Failure,7.510627032533255,"{'node_level': {}, 'link_level': {}, 'path_level': {}}","{'node_level': {0: {'cpu': -73}, 2: {'cpu': -61}, 3: {'cpu': -70}, 1: {'cpu': -68}}, 'link_level': {(0, 1): {'bw': -44}}, 'path_level': {(0, 1): {'latency': 7.510627032533255}}}","{'node_level': {0: {'cpu': 0}, 2: {'cpu': 0}, 3: {'cpu': 0}, 1: {'cpu': 0}}, 'link_level': {(0, 1): {'bw': 0}}, 'path_level': {(0, 1): {'latency': 7.510627032533255}}}",[],0.0,0.0,True,False,False,0,[],0,0.0,4.0,1.0
63,9,5,1096.0,2116.0,838208.3513647246,1543960.4818594046,0.5179584120982986,0.5428949517899987,11,90,1,794.0,45826,7083,38743,0.023438577140493577,0.021542580058591776,62,51.16030767745007,794.0,2,1,False,"{1: 17, 0: 87}","{(0, 1): []}","{(1, 17): {'cpu': 16}, (0, 87): {'cpu': 13}}",{},0.0,0.0,62.0,29.0,33.0,0.0,0.0,0.0,0.0,0.0,0.0,0.0,0.0,0.0,Route Failure,0.9272854976563192,"{'node_level': {}, 'link_level': {}, 'path_level': {}}","{'node_level': {1: {'cpu': -72}, 0: {'cpu': -63}}, 'link_level': {(0, 1): {'bw': -33}}, 'path_level': {(0, 1): {'latency': 0.9272854976563192}}}","{'node_level': {1: {'cpu': 0}, 0: {'cpu': 0}}, 'link_level': {(0, 1): {'bw': 0}}, 'path_level': {(0, 1): {'latency': 0.9272854976563192}}}",[],0.0,0.0,True,False,False,0,[],0,0.0,2.0,1.0
63,9,5,1096.0,2116.0,838208.3513647246,1543960.4818594046,0.5179584120982986,0.5428949517899987,11,91,0,795.155400200748,45826,7083,38743,0.023438577140493577,0.021542580058591776,44,251.155400200748,544.0,2,1,False,{},{},{},{},0.0,0.0,0.0,0.0,0.0,0.0,0.0,0.0,0.0,0.0,0.0,0.0,0.0,0.0,Leave Event,0.0,"{'node_level': {}, 'link_level': {}, 'path_level': {}}","{'node_level': {}, 'link_level': {}, 'path_level': {}}","{'node_level': {}, 'link_level': {}, 'path_level': {}}",[],0.0,0.0,True,True,False,0,[],0,0.0,,
64,9,5,1096.0,2116.0,838208.3513647246,1543960.4818594046,0.5179584120982986,0.5428949517899987,11,92,1,801.0,45826,7083,38743,0.023438577140493577,0.021542580058591776,63,2068.905066586304,801.0,5,5,False,"{3: 17, 1: 87, 4: 32, 0: 40, 2: 81}","{(0, 1): [(40, 38), (38, 8), (8, 87)], (0, 2): [(40, 9), (9, 81)], (0, 3): [(40, 60), (60, 17)], (0, 4): []}","{(3, 17): {'cpu': 14}, (1, 87): {'cpu': 7}, (4, 32): {'cpu': 7}, (0, 40): {'cpu': 5}, (2, 81): {'cpu': 3}}","{((0, 1), (40, 38)): {'bw': 48}, ((0, 1), (38, 8)): {'bw': 48}, ((0, 1), (8, 87)): {'bw': 48}, ((0, 2), (40, 9)): {'bw': 26}, ((0, 2), (9, 81)): {'bw': 26}, ((0, 3), (40, 60)): {'bw': 17}, ((0, 3), (60, 17)): {'bw': 17}}",0.0,0.0,186.0,36.0,150.0,0.0,0.0,0.0,0.0,0.0,0.0,0.0,0.0,0.0,Route Failure,7.112225472960077,"{'node_level': {}, 'link_level': {}, 'path_level': {}}","{'node_level': {3: {'cpu': -74}, 1: {'cpu': -69}, 4: {'cpu': -67}, 0: {'cpu': -64}, 2: {'cpu': -89}}, 'link_level': {(0, 1): {'bw': -14}, (0, 2): {'bw': -12}, (0, 3): {'bw': -38}, (0, 4): {'bw': -2}}, 'path_level': {(0, 1): {'latency': -0.10255523168604341}, (0, 2): {'latency': -7.663124122850817}, (0, 3): {'latency': -0.8913967774444869}, (0, 4): {'latency': 7.112225472960077}}}","{'node_level': {3: {'cpu': 0}, 1: {'cpu': 0}, 4: {'cpu': 0}, 0: {'cpu': 0}, 2: {'cpu': 0}}, 'link_level': {(0, 1): {'bw': 0}, (0, 2): {'bw': 0}, (0, 3): {'bw': 0}, (0, 4): {'bw': 0}}, 'path_level': {(0, 1): {'latency': 0}, (0, 2): {'latency': 0}, (0, 3): {'latency': 0}, (0, 4): {'latency': 7.112225472960077}}}",[],0.0,0.0,True,False,False,0,[],0,0.0,5.0,4.0
65,9,5,1096.0,2116.0,838208.3513647246,1543960.4818594046,0.5179584120982986,0.5428949517899987,11,93,1,815.0,45826,7083,38743,0.023438577140493577,0.021542580058591776,64,150.78295595034774,815.0,7,12,False,"{3: 17, 4: 87, 0: 32, 6: 40, 5: 81, 1: 1, 2: 18}","{(0, 1): [(32, 36), (36, 1)], (0, 2): [(32, 18)], (0, 4): []}","{(3, 17): {'cpu': 18}, (4, 87): {'cpu': 16}, (0, 32): {'cpu': 14}, (6, 40): {'cpu': 9}, (5, 81): {'cpu': 8}, (1, 1): {'cpu': 6}, (2, 18): {'cpu': 5}}","{((0, 1), (32, 36)): {'bw': 19}, ((0, 1), (36, 1)): {'bw': 19}, ((0, 2), (32, 18)): {'bw': 21}}",0.0,0.0,393.0,76.0,317.0,0.0,0.0,0.0,0.0,0.0,0.0,0.0,0.0,0.0,Route Failure,5.030806775239547,"{'node_level': {}, 'link_level': {}, 'path_level': {}}","{'node_level': {3: {'cpu': -70}, 4: {'cpu': -60}, 0: {'cpu': -60}, 6: {'cpu': -60}, 5: {'cpu': -84}, 1: {'cpu': -61}, 2: {'cpu': -66}}, 'link_level': {(0, 1): {'bw': -49}, (0, 2): {'bw': -30}, (0, 4): {'bw': -40}}, 'path_level': {(0, 1): {'latency': -7.331735882770728}, (0, 2): {'latency': -4.547772360101076}, (0, 4): {'latency': 5.030806775239547}}}","{'node_level': {3: {'cpu': 0}, 4: {'cpu': 0}, 0: {'cpu': 0}, 6: {'cpu': 0}, 5: {'cpu': 0}, 1: {'cpu': 0}, 2: {'cpu': 0}}, 'link_level': {(0, 1): {'bw': 0}, (0, 2): {'bw': 0}, (0, 4): {'bw': 0}}, 'path_level': {(0, 1): {'latency': 0}, (0, 2): {'latency': 0}, (0, 4): {'latency': 5.030806775239547}}}",[],0.0,0.0,True,False,False,0,[],0,0.0,7.0,3.0
66,9,5,1096.0,2116.0,838208.3513647246,1543960.4818594046,0.5179584120982986,0.5428949517899987,11,94,1,821.0,45826,7083,38743,0.023438577140493577,0.021542580058591776,65,385.03843417963935,821.0,6,6,False,"{4: 17, 1: 87, 3: 32, 5: 40, 2: 81, 0: 1}","{(0, 1): [(1, 72), (72, 45), (45, 87)], (0, 2): [(1, 81)], (0, 5): []}","{(4, 17): {'cpu': 20}, (1, 87): {'cpu': 18}, (3, 32): {'cpu': 15}, (5, 40): {'cpu': 9}, (2, 81): {'cpu': 6}, (0, 1): {'cpu': 5}}","{((0, 1), (1, 72)): {'bw': 4}, ((0, 1), (72, 45)): {'bw': 4}, ((0, 1), (45, 87)): {'bw': 4}, ((0, 2), (1, 81)): {'bw': 38}}",0.0,0.0,210.0,73.0,137.0,0.0,0.0,0.0,0.0,0.0,0.0,0.0,0.0,0.0,Route Failure,12.054932932046402,"{'node_level': {}, 'link_level': {}, 'path_level': {}}","{'node_level': {4: {'cpu': -68}, 1: {'cpu': -58}, 3: {'cpu': -59}, 5: {'cpu': -60}, 2: {'cpu': -86}, 0: {'cpu': -62}}, 'link_level': {(0, 1): {'bw': -62}, (0, 2): {'bw': -52}, (0, 5): {'bw': -48}}, 'path_level': {(0, 1): {'latency': -0.6222158297678266}, (0, 2): {'latency': -1.5745226583360536}, (0, 5): {'latency': 12.054932932046402}}}","{'node_level': {4: {'cpu': 0}, 1: {'cpu': 0}, 3: {'cpu': 0}, 5: {'cpu': 0}, 2: {'cpu': 0}, 0: {'cpu': 0}}, 'link_level': {(0, 1): {'bw': 0}, (0, 2): {'bw': 0}, (0, 5): {'bw': 0}}, 'path_level': {(0, 1): {'latency': 0}, (0, 2): {'latency': 0}, (0, 5): {'latency': 12.054932932046402}}}",[],0.0,0.0,True,False,False,0,[],0,0.0,6.0,3.0
67,9,5,1096.0,2116.0,838208.3513647246,1543960.4818594046,0.5179584120982986,0.5428949517899987,11,95,1,839.0,45826,7083,38743,0.023438577140493577,0.021542580058591776,66,297.0367475186629,839.0,6,10,False,"{1: 17, 4: 87, 3: 32, 2: 40, 5: 81, 0: 1}","{(0, 2): []}","{(1, 17): {'cpu': 18}, (4, 87): {'cpu': 16}, (3, 32): {'cpu': 13}, (2, 40): {'cpu': 11}, (5, 81): {'cpu': 3}, (0, 1): {'cpu': 2}}",{},0.0,0.0,295.0,63.0,232.0,0.0,0.0,0.0,0.0,0.0,0.0,0.0,0.0,0.0,Route Failure,12.256466496316312,"{'node_level': {}, 'link_level': {}, 'path_level': {}}","{'node_level': {1: {'cpu': -70}, 4: {'cpu': -60}, 3: {'cpu': -61}, 2: {'cpu': -58}, 5: {'cpu': -89}, 0: {'cpu': -65}}, 'link_level': {(0, 2): {'bw': -47}}, 'path_level': {(0, 2): {'latency': 12.256466496316312}}}","{'node_level': {1: {'cpu': 0}, 4: {'cpu': 0}, 3: {'cpu': 0}, 2: {'cpu': 0}, 5: {'cpu': 0}, 0: {'cpu': 0}}, 'link_level': {(0, 2): {'bw': 0}}, 'path_level': {(0, 2): {'latency': 12.256466496316312}}}",[],0.0,0.0,True,False,False,0,[],0,0.0,6.0,1.0
67,9,5,1096.0,2116.0,838208.3513647246,1543960.4818594046,0.5179584120982986,0.5428949517899987,11,96,0,845.1603076774501,45826,7083,38743,0.023438577140493577,0.021542580058591776,62,51.16030767745007,794.0,2,1,False,{},{},{},{},0.0,0.0,0.0,0.0,0.0,0.0,0.0,0.0,0.0,0.0,0.0,0.0,0.0,0.0,Leave Event,0.0,"{'node_level': {}, 'link_level': {}, 'path_level': {}}","{'node_level': {}, 'link_level': {}, 'path_level': {}}","{'node_level': {}, 'link_level': {}, 'path_level': {}}",[],0.0,0.0,True,True,False,0,[],0,0.0,,
68,9,5,1096.0,2116.0,838208.3513647246,1543960.4818594046,0.5179584120982986,0.5428949517899987,11,97,1,854.0,45826,7083,38743,0.023438577140493577,0.021542580058591776,67,52.44092018212503,854.0,8,9,False,"{4: 17, 5: 87, 3: 32, 6: 40, 2: 81, 7: 1, 1: 18, 0: 14}","{(0, 6): [(14, 45), (45, 38), (38, 40)], (0, 7): [(14, 69), (69, 12), (12, 1)], (1, 2): []}","{(4, 17): {'cpu': 20}, (5, 87): {'cpu': 19}, (3, 32): {'cpu': 17}, (6, 40): {'cpu': 17}, (2, 81): {'cpu': 12}, (7, 1): {'cpu': 10}, (1, 18): {'cpu': 7}, (0, 14): {'cpu': 6}}","{((0, 6), (14, 45)): {'bw': 43}, ((0, 6), (45, 38)): {'bw': 43}, ((0, 6), (38, 40)): {'bw': 43}, ((0, 7), (14, 69)): {'bw': 42}, ((0, 7), (69, 12)): {'bw': 42}, ((0, 7), (12, 1)): {'bw': 42}}",0.0,0.0,393.0,108.0,285.0,0.0,0.0,0.0,0.0,0.0,0.0,0.0,0.0,0.0,Route Failure,3.538223082949779,"{'node_level': {}, 'link_level': {}, 'path_level': {}}","{'node_level': {4: {'cpu': -68}, 5: {'cpu': -57}, 3: {'cpu': -57}, 6: {'cpu': -52}, 2: {'cpu': -80}, 7: {'cpu': -57}, 1: {'cpu': -64}, 0: {'cpu': -68}}, 'link_level': {(0, 6): {'bw': -17}, (0, 7): {'bw': -22}, (1, 2): {'bw': -13}}, 'path_level': {(0, 6): {'latency': -0.16792924603343184}, (0, 7): {'latency': -6.455255286963073}, (1, 2): {'latency': 3.538223082949779}}}","{'node_level': {4: {'cpu': 0}, 5: {'cpu': 0}, 3: {'cpu': 0}, 6: {'cpu': 0}, 2: {'cpu': 0}, 7: {'cpu': 0}, 1: {'cpu': 0}, 0: {'cpu': 0}}, 'link_level': {(0, 6): {'bw': 0}, (0, 7): {'bw': 0}, (1, 2): {'bw': 0}}, 'path_level': {(0, 6): {'latency': 0}, (0, 7): {'latency': 0}, (1, 2): {'latency': 3.538223082949779}}}",[],0.0,0.0,True,False,False,0,[],0,0.0,8.0,3.0
68,9,5,1096.0,2116.0,838208.3513647246,1543960.4818594046,0.5179584120982986,0.5428949517899987,11,98,0,854.1468138150583,45826,7083,38743,0.023438577140493577,0.021542580058591776,61,76.1468138150583,778.0,4,3,False,{},{},{},{},0.0,0.0,0.0,0.0,0.0,0.0,0.0,0.0,0.0,0.0,0.0,0.0,0.0,0.0,Leave Event,0.0,"{'node_level': {}, 'link_level': {}, 'path_level': {}}","{'node_level': {}, 'link_level': {}, 'path_level': {}}","{'node_level': {}, 'link_level': {}, 'path_level': {}}",[],0.0,0.0,True,True,False,0,[],0,0.0,,
68,9,5,1096.0,2116.0,838208.3513647246,1543960.4818594046,0.5179584120982986,0.5428949517899987,11,99,0,865.8178424972212,45826,7083,38743,0.023438577140493577,0.021542580058591776,50,241.81784249722122,624.0,10,16,False,{},{},{},{},0.0,0.0,0.0,0.0,0.0,0.0,0.0,0.0,0.0,0.0,0.0,0.0,0.0,0.0,Leave Event,0.0,"{'node_level': {}, 'link_level': {}, 'path_level': {}}","{'node_level': {}, 'link_level': {}, 'path_level': {}}","{'node_level': {}, 'link_level': {}, 'path_level': {}}",[],0.0,0.0,True,True,False,0,[],0,0.0,,
69,9,5,1096.0,2116.0,838208.3513647246,1543960.4818594046,0.5179584120982986,0.5428949517899987,11,100,1,866.0,45826,7083,38743,0.023438577140493577,0.021542580058591776,68,217.1728284851835,866.0,6,5,False,"{3: 17, 1: 87, 5: 32, 0: 40, 2: 81, 4: 1}","{(0, 4): [(40, 30), (30, 13), (13, 1)], (1, 3): []}","{(3, 17): {'cpu': 16}, (1, 87): {'cpu': 14}, (5, 32): {'cpu': 14}, (0, 40): {'cpu': 7}, (2, 81): {'cpu': 7}, (4, 1): {'cpu': 6}}","{((0, 4), (40, 30)): {'bw': 42}, ((0, 4), (30, 13)): {'bw': 42}, ((0, 4), (13, 1)): {'bw': 42}}",0.0,0.0,191.0,64.0,127.0,0.0,0.0,0.0,0.0,0.0,0.0,0.0,0.0,0.0,Route Failure,3.1328492099264382,"{'node_level': {}, 'link_level': {}, 'path_level': {}}","{'node_level': {3: {'cpu': -72}, 1: {'cpu': -62}, 5: {'cpu': -60}, 0: {'cpu': -62}, 2: {'cpu': -85}, 4: {'cpu': -61}}, 'link_level': {(0, 4): {'bw': -38}, (1, 3): {'bw': -42}}, 'path_level': {(0, 4): {'latency': -4.428476770676607}, (1, 3): {'latency': 3.1328492099264382}}}","{'node_level': {3: {'cpu': 0}, 1: {'cpu': 0}, 5: {'cpu': 0}, 0: {'cpu': 0}, 2: {'cpu': 0}, 4: {'cpu': 0}}, 'link_level': {(0, 4): {'bw': 0}, (1, 3): {'bw': 0}}, 'path_level': {(0, 4): {'latency': 0}, (1, 3): {'latency': 3.1328492099264382}}}",[],0.0,0.0,True,False,False,0,[],0,0.0,6.0,2.0
70,10,6,1230.0,2346.0,880650.3470449775,1616808.6834001371,0.5242966751918159,0.5446843254162738,12,101,1,878.0,45596,7044,38552,0.02881566248448919,0.02636629962622483,69,316.7313110466631,878.0,6,6,True,"{2: 17, 1: 87, 3: 32, 4: 40, 5: 81, 0: 1}","{(0, 1): [(1, 76), (76, 87)], (0, 2): [(1, 77), (77, 17)], (0, 4): [(1, 81), (81, 9), (9, 40)], (0, 5): [(1, 81)], (2, 3): [(17, 60), (60, 32)], (3, 4): [(32, 60), (60, 40)]}","{(2, 17): {'cpu': 18}, (1, 87): {'cpu': 7}, (3, 32): {'cpu': 5}, (4, 40): {'cpu': 5}, (5, 81): {'cpu': 3}, (0, 1): {'cpu': 1}}","{((0, 1), (1, 76)): {'bw': 26}, ((0, 1), (76, 87)): {'bw': 26}, ((0, 2), (1, 77)): {'bw': 31}, ((0, 2), (77, 17)): {'bw': 31}, ((0, 4), (1, 81)): {'bw': 12}, ((0, 4), (81, 9)): {'bw': 12}, ((0, 4), (9, 40)): {'bw': 12}, ((0, 5), (1, 81)): {'bw': 11}, ((2, 3), (17, 60)): {'bw': 3}, ((2, 3), (60, 32)): {'bw': 3}, ((3, 4), (32, 60)): {'bw': 12}, ((3, 4), (60, 40)): {'bw': 12}}",230.0,134.0,134.0,39.0,95.0,39.0,95.0,39.0,191.0,96.0,0.5826086956521739,72848.20154073251,42441.995680252854,184.53041600109935,Success,0.0,"{'node_level': {}, 'link_level': {}, 'path_level': {}}","{'node_level': {2: {'cpu': -70}, 1: {'cpu': -69}, 3: {'cpu': -69}, 4: {'cpu': -64}, 5: {'cpu': -89}, 0: {'cpu': -66}}, 'link_level': {(0, 1): {'bw': -32}, (0, 2): {'bw': -49}, (0, 4): {'bw': -26}, (0, 5): {'bw': -67}, (2, 3): {'bw': -47}, (3, 4): {'bw': -35}}, 'path_level': {(0, 1): {'latency': -5.080339481454288}, (0, 2): {'latency': -1.0326017876333085}, (0, 4): {'latency': -4.564513511763469}, (0, 5): {'latency': -7.11647596217974}, (2, 3): {'latency': -0.8674345265563481}, (3, 4): {'latency': -5.151071768650214}}}","{'node_level': {2: {'cpu': 0}, 1: {'cpu': 0}, 3: {'cpu': 0}, 4: {'cpu': 0}, 5: {'cpu': 0}, 0: {'cpu': 0}}, 'link_level': {(0, 1): {'bw': 0}, (0, 2): {'bw': 0}, (0, 4): {'bw': 0}, (0, 5): {'bw': 0}, (2, 3): {'bw': 0}, (3, 4): {'bw': 0}}, 'path_level': {(0, 1): {'latency': 0}, (0, 2): {'latency': 0}, (0, 4): {'latency': 0}, (0, 5): {'latency': 0}, (2, 3): {'latency': 0}, (3, 4): {'latency': 0}}}",[],0.0,0.0,True,True,False,0,[],0,0.0,6.0,6.0
70,10,6,1230.0,2346.0,880650.3470449775,1616808.6834001371,0.5242966751918159,0.5446843254162738,12,102,0,881.3293595731403,45596,7044,38552,0.02881566248448919,0.02636629962622483,28,509.3293595731403,372.0,5,5,False,{},{},{},{},0.0,0.0,0.0,0.0,0.0,0.0,0.0,0.0,0.0,0.0,0.0,0.0,0.0,0.0,Leave Event,0.0,"{'node_level': {}, 'link_level': {}, 'path_level': {}}","{'node_level': {}, 'link_level': {}, 'path_level': {}}","{'node_level': {}, 'link_level': {}, 'path_level': {}}",[],0.0,0.0,True,True,False,0,[],0,0.0,,
70,10,6,1230.0,2346.0,880650.3470449775,1616808.6834001371,0.5242966751918159,0.5446843254162738,12,103,0,886.0407490868499,45596,7044,38552,0.02881566248448919,0.02636629962622483,60,125.04074908684987,761.0,9,20,False,{},{},{},{},0.0,0.0,0.0,0.0,0.0,0.0,0.0,0.0,0.0,0.0,0.0,0.0,0.0,0.0,Leave Event,0.0,"{'node_level': {}, 'link_level': {}, 'path_level': {}}","{'node_level': {}, 'link_level': {}, 'path_level': {}}","{'node_level': {}, 'link_level': {}, 'path_level': {}}",[],0.0,0.0,True,True,False,0,[],0,0.0,,
71,11,7,1438.0,2709.0,1071982.5566598584,1950720.1838337996,0.5308231819859727,0.5495316886264354,15,104,1,887.0,45233,6979,38254,0.03777747139114851,0.033892312354783294,70,919.8663923792355,887.0,5,5,True,"{4: 18, 0: 1, 3: 14, 2: 54, 1: 99}","{(0, 4): [(1, 33), (33, 18)], (1, 3): [(99, 48), (48, 69), (69, 14)], (1, 4): [(99, 2), (2, 18)], (2, 3): [(54, 73), (73, 14)], (2, 4): [(54, 5), (5, 18)]}","{(4, 18): {'cpu': 19}, (0, 1): {'cpu': 18}, (3, 14): {'cpu': 18}, (2, 54): {'cpu': 6}, (1, 99): {'cpu': 4}}","{((0, 4), (1, 33)): {'bw': 46}, ((0, 4), (33, 18)): {'bw': 46}, ((1, 3), (99, 48)): {'bw': 12}, ((1, 3), (48, 69)): {'bw': 12}, ((1, 3), (69, 14)): {'bw': 12}, ((1, 4), (99, 2)): {'bw': 1}, ((1, 4), (2, 18)): {'bw': 1}, ((2, 3), (54, 73)): {'bw': 39}, ((2, 3), (73, 14)): {'bw': 39}, ((2, 4), (54, 5)): {'bw': 45}, ((2, 4), (5, 18)): {'bw': 45}}",363.0,208.0,208.0,65.0,143.0,65.0,143.0,65.0,298.0,155.0,0.5730027548209367,333911.5004336625,191332.209614881,527.0859769004986,Success,0.0,"{'node_level': {}, 'link_level': {}, 'path_level': {}}","{'node_level': {4: {'cpu': -52}, 0: {'cpu': -48}, 3: {'cpu': -56}, 2: {'cpu': -78}, 1: {'cpu': -67}}, 'link_level': {(0, 4): {'bw': -13}, (1, 3): {'bw': -52}, (1, 4): {'bw': -83}, (2, 3): {'bw': -19}, (2, 4): {'bw': -15}}, 'path_level': {(0, 4): {'latency': -5.931743666936487}, (1, 3): {'latency': -3.120201164111087}, (1, 4): {'latency': -10.687509071051995}, (2, 3): {'latency': -1.761087527243319}, (2, 4): {'latency': -4.001002375559242}}}","{'node_level': {4: {'cpu': 0}, 0: {'cpu': 0}, 3: {'cpu': 0}, 2: {'cpu': 0}, 1: {'cpu': 0}}, 'link_level': {(0, 4): {'bw': 0}, (1, 3): {'bw': 0}, (1, 4): {'bw': 0}, (2, 3): {'bw': 0}, (2, 4): {'bw': 0}}, 'path_level': {(0, 4): {'latency': 0}, (1, 3): {'latency': 0}, (1, 4): {'latency': 0}, (2, 3): {'latency': 0}, (2, 4): {'latency': 0}}}",[],0.0,0.0,True,True,False,0,[],0,0.0,5.0,5.0
71,11,7,1438.0,2709.0,1071982.5566598584,1950720.1838337996,0.5308231819859727,0.5495316886264354,15,105,0,890.0523483119039,45233,6979,38254,0.03777747139114851,0.033892312354783294,46,322.0523483119039,568.0,6,7,False,{},{},{},{},0.0,0.0,0.0,0.0,0.0,0.0,0.0,0.0,0.0,0.0,0.0,0.0,0.0,0.0,Leave Event,0.0,"{'node_level': {}, 'link_level': {}, 'path_level': {}}","{'node_level': {}, 'link_level': {}, 'path_level': {}}","{'node_level': {}, 'link_level': {}, 'path_level': {}}",[],0.0,0.0,True,True,False,0,[],0,0.0,,
71,11,7,1438.0,2709.0,1071982.5566598584,1950720.1838337996,0.5308231819859727,0.5495316886264354,15,106,0,901.5638586174298,45233,6979,38254,0.03777747139114851,0.033892312354783294,47,317.5638586174298,584.0,7,13,False,{},{},{},{},0.0,0.0,0.0,0.0,0.0,0.0,0.0,0.0,0.0,0.0,0.0,0.0,0.0,0.0,Leave Event,0.0,"{'node_level': {}, 'link_level': {}, 'path_level': {}}","{'node_level': {}, 'link_level': {}, 'path_level': {}}","{'node_level': {}, 'link_level': {}, 'path_level': {}}",[],0.0,0.0,True,True,False,0,[],0,0.0,,
71,11,7,1438.0,2709.0,1071982.5566598584,1950720.1838337996,0.5308231819859727,0.5495316886264354,15,107,0,902.933888040804,45233,6979,38254,0.03777747139114851,0.033892312354783294,42,380.933888040804,522.0,9,22,False,{},{},{},{},0.0,0.0,0.0,0.0,0.0,0.0,0.0,0.0,0.0,0.0,0.0,0.0,0.0,0.0,Leave Event,0.0,"{'node_level': {}, 'link_level': {}, 'path_level': {}}","{'node_level': {}, 'link_level': {}, 'path_level': {}}","{'node_level': {}, 'link_level': {}, 'path_level': {}}",[],0.0,0.0,True,True,False,0,[],0,0.0,,
72,11,7,1438.0,2709.0,1071982.5566598584,1950720.1838337996,0.5308231819859727,0.5495316886264354,15,108,1,903.0,45233,6979,38254,0.03777747139114851,0.033892312354783294,71,1175.088644606799,903.0,6,8,False,"{4: 81, 1: 95, 2: 94, 5: 5, 3: 23, 0: 32}","{(0, 4): [(32, 25), (25, 81)], (1, 2): [(95, 41), (41, 94)], (1, 4): []}","{(4, 81): {'cpu': 19}, (1, 95): {'cpu': 18}, (2, 94): {'cpu': 17}, (5, 5): {'cpu': 17}, (3, 23): {'cpu': 9}, (0, 32): {'cpu': 1}}","{((0, 4), (32, 25)): {'bw': 22}, ((0, 4), (25, 81)): {'bw': 22}, ((1, 2), (95, 41)): {'bw': 11}, ((1, 2), (41, 94)): {'bw': 11}}",0.0,0.0,271.0,81.0,190.0,0.0,0.0,0.0,0.0,0.0,0.0,0.0,0.0,0.0,Route Failure,3.9167832452730913,"{'node_level': {}, 'link_level': {}, 'path_level': {}}","{'node_level': {4: {'cpu': -70}, 1: {'cpu': -67}, 2: {'cpu': -48}, 5: {'cpu': -58}, 3: {'cpu': -78}, 0: {'cpu': -68}}, 'link_level': {(0, 4): {'bw': -29}, (1, 2): {'bw': -71}, (1, 4): {'bw': -33}}, 'path_level': {(0, 4): {'latency': -4.674273828263157}, (1, 2): {'latency': -0.18955101184722878}, (1, 4): {'latency': 3.9167832452730913}}}","{'node_level': {4: {'cpu': 0}, 1: {'cpu': 0}, 2: {'cpu': 0}, 5: {'cpu': 0}, 3: {'cpu': 0}, 0: {'cpu': 0}}, 'link_level': {(0, 4): {'bw': 0}, (1, 2): {'bw': 0}, (1, 4): {'bw': 0}}, 'path_level': {(0, 4): {'latency': 0}, (1, 2): {'latency': 0}, (1, 4): {'latency': 3.9167832452730913}}}",[],0.0,0.0,True,False,False,0,[],0,0.0,6.0,3.0
72,11,7,1438.0,2709.0,1071982.5566598584,1950720.1838337996,0.5308231819859727,0.5495316886264354,15,109,0,906.4409201821251,45233,6979,38254,0.03777747139114851,0.033892312354783294,67,52.44092018212503,854.0,8,9,False,{},{},{},{},0.0,0.0,0.0,0.0,0.0,0.0,0.0,0.0,0.0,0.0,0.0,0.0,0.0,0.0,Leave Event,0.0,"{'node_level': {}, 'link_level': {}, 'path_level': {}}","{'node_level': {}, 'link_level': {}, 'path_level': {}}","{'node_level': {}, 'link_level': {}, 'path_level': {}}",[],0.0,0.0,True,True,False,0,[],0,0.0,,
73,11,7,1438.0,2709.0,1071982.5566598584,1950720.1838337996,0.5308231819859727,0.5495316886264354,15,110,1,911.0,45233,6979,38254,0.03777747139114851,0.033892312354783294,72,19.141456103673956,911.0,6,9,False,"{2: 81, 5: 95, 3: 94, 4: 5, 0: 23, 1: 32}","{(0, 2): [(23, 81)], (0, 5): [(23, 13), (13, 95)], (1, 2): [(32, 25), (25, 81)], (1, 3): [(32, 41), (41, 94)], (1, 4): [(32, 18), (18, 5)], (2, 4): []}","{(2, 81): {'cpu': 18}, (5, 95): {'cpu': 7}, (3, 94): {'cpu': 6}, (4, 5): {'cpu': 4}, (0, 23): {'cpu': 3}, (1, 32): {'cpu': 3}}","{((0, 2), (23, 81)): {'bw': 20}, ((0, 5), (23, 13)): {'bw': 23}, ((0, 5), (13, 95)): {'bw': 23}, ((1, 2), (32, 25)): {'bw': 24}, ((1, 2), (25, 81)): {'bw': 24}, ((1, 3), (32, 41)): {'bw': 22}, ((1, 3), (41, 94)): {'bw': 22}, ((1, 4), (32, 18)): {'bw': 13}, ((1, 4), (18, 5)): {'bw': 13}}",0.0,0.0,237.0,41.0,196.0,0.0,0.0,0.0,0.0,0.0,0.0,0.0,0.0,0.0,Route Failure,1.0444067359048415,"{'node_level': {}, 'link_level': {}, 'path_level': {}}","{'node_level': {2: {'cpu': -71}, 5: {'cpu': -78}, 3: {'cpu': -59}, 4: {'cpu': -71}, 0: {'cpu': -84}, 1: {'cpu': -66}}, 'link_level': {(0, 2): {'bw': -56}, (0, 5): {'bw': -53}, (1, 2): {'bw': -27}, (1, 3): {'bw': -28}, (1, 4): {'bw': -8}, (2, 4): {'bw': -51}}, 'path_level': {(0, 2): {'latency': -4.869395752423307}, (0, 5): {'latency': -4.783770647528341}, (1, 2): {'latency': -6.540342387895807}, (1, 3): {'latency': -9.47925951641065}, (1, 4): {'latency': -2.1843744476446396}, (2, 4): {'latency': 1.0444067359048415}}}","{'node_level': {2: {'cpu': 0}, 5: {'cpu': 0}, 3: {'cpu': 0}, 4: {'cpu': 0}, 0: {'cpu': 0}, 1: {'cpu': 0}}, 'link_level': {(0, 2): {'bw': 0}, (0, 5): {'bw': 0}, (1, 2): {'bw': 0}, (1, 3): {'bw': 0}, (1, 4): {'bw': 0}, (2, 4): {'bw': 0}}, 'path_level': {(0, 2): {'latency': 0}, (0, 5): {'latency': 0}, (1, 2): {'latency': 0}, (1, 3): {'latency': 0}, (1, 4): {'latency': 0}, (2, 4): {'latency': 1.0444067359048415}}}",[],0.0,0.0,True,False,False,0,[],0,0.0,6.0,6.0
73,11,7,1438.0,2709.0,1071982.5566598584,1950720.1838337996,0.5308231819859727,0.5495316886264354,15,111,0,918.5140050681475,45233,6979,38254,0.03777747139114851,0.033892312354783294,55,218.5140050681475,700.0,3,2,False,{},{},{},{},0.0,0.0,0.0,0.0,0.0,0.0,0.0,0.0,0.0,0.0,0.0,0.0,0.0,0.0,Leave Event,0.0,"{'node_level': {}, 'link_level': {}, 'path_level': {}}","{'node_level': {}, 'link_level': {}, 'path_level': {}}","{'node_level': {}, 'link_level': {}, 'path_level': {}}",[],0.0,0.0,True,True,False,0,[],0,0.0,,
73,11,7,1438.0,2709.0,1071982.5566598584,1950720.1838337996,0.5308231819859727,0.5495316886264354,15,112,0,919.2543241744426,45233,6979,38254,0.03777747139114851,0.033892312354783294,22,608.2543241744426,311.0,5,7,False,{},{},{},{},0.0,0.0,0.0,0.0,0.0,0.0,0.0,0.0,0.0,0.0,0.0,0.0,0.0,0.0,Leave Event,0.0,"{'node_level': {}, 'link_level': {}, 'path_level': {}}","{'node_level': {}, 'link_level': {}, 'path_level': {}}","{'node_level': {}, 'link_level': {}, 'path_level': {}}",[],0.0,0.0,True,True,False,0,[],0,0.0,,
74,11,7,1438.0,2709.0,1071982.5566598584,1950720.1838337996,0.5308231819859727,0.5495316886264354,15,113,1,925.0,45233,6979,38254,0.03777747139114851,0.033892312354783294,73,354.95896188308075,925.0,10,24,False,"{2: 81, 9: 95, 0: 94, 5: 5, 6: 23, 4: 32, 7: 40, 8: 52, 1: 87, 3: 99}","{(0, 1): [(94, 41), (41, 95), (95, 87)], (0, 4): []}","{(2, 81): {'cpu': 16}, (9, 95): {'cpu': 15}, (0, 94): {'cpu': 12}, (5, 5): {'cpu': 11}, (6, 23): {'cpu': 7}, (4, 32): {'cpu': 6}, (7, 40): {'cpu': 6}, (8, 52): {'cpu': 6}, (1, 87): {'cpu': 3}, (3, 99): {'cpu': 3}}","{((0, 1), (94, 41)): {'bw': 35}, ((0, 1), (41, 95)): {'bw': 35}, ((0, 1), (95, 87)): {'bw': 35}}",0.0,0.0,689.0,85.0,604.0,0.0,0.0,0.0,0.0,0.0,0.0,0.0,0.0,0.0,Route Failure,7.607646470192634,"{'node_level': {}, 'link_level': {}, 'path_level': {}}","{'node_level': {2: {'cpu': -73}, 9: {'cpu': -70}, 0: {'cpu': -53}, 5: {'cpu': -64}, 6: {'cpu': -80}, 4: {'cpu': -63}, 7: {'cpu': -58}, 8: {'cpu': -68}, 1: {'cpu': -66}, 3: {'cpu': -64}}, 'link_level': {(0, 1): {'bw': -17}, (0, 4): {'bw': -39}}, 'path_level': {(0, 1): {'latency': -1.9216420255443083}, (0, 4): {'latency': 7.607646470192634}}}","{'node_level': {2: {'cpu': 0}, 9: {'cpu': 0}, 0: {'cpu': 0}, 5: {'cpu': 0}, 6: {'cpu': 0}, 4: {'cpu': 0}, 7: {'cpu': 0}, 8: {'cpu': 0}, 1: {'cpu': 0}, 3: {'cpu': 0}}, 'link_level': {(0, 1): {'bw': 0}, (0, 4): {'bw': 0}}, 'path_level': {(0, 1): {'latency': 0}, (0, 4): {'latency': 7.607646470192634}}}",[],0.0,0.0,True,False,False,0,[],0,0.0,10.0,2.0
74,11,7,1438.0,2709.0,1071982.5566598584,1950720.1838337996,0.5308231819859727,0.5495316886264354,15,114,0,930.1414561036739,45233,6979,38254,0.03777747139114851,0.033892312354783294,72,19.141456103673956,911.0,6,9,False,{},{},{},{},0.0,0.0,0.0,0.0,0.0,0.0,0.0,0.0,0.0,0.0,0.0,0.0,0.0,0.0,Leave Event,0.0,"{'node_level': {}, 'link_level': {}, 'path_level': {}}","{'node_level': {}, 'link_level': {}, 'path_level': {}}","{'node_level': {}, 'link_level': {}, 'path_level': {}}",[],0.0,0.0,True,True,False,0,[],0,0.0,,
75,11,7,1438.0,2709.0,1071982.5566598584,1950720.1838337996,0.5308231819859727,0.5495316886264354,15,115,1,936.0,45233,6979,38254,0.03777747139114851,0.033892312354783294,74,91.26929800172978,936.0,6,10,False,"{3: 81, 4: 95, 0: 94, 2: 5, 5: 23, 1: 32}","{(0, 2): [(94, 5)], (0, 3): []}","{(3, 81): {'cpu': 14}, (4, 95): {'cpu': 12}, (0, 94): {'cpu': 11}, (2, 5): {'cpu': 10}, (5, 23): {'cpu': 9}, (1, 32): {'cpu': 5}}","{((0, 2), (94, 5)): {'bw': 38}}",0.0,0.0,442.0,61.0,381.0,0.0,0.0,0.0,0.0,0.0,0.0,0.0,0.0,0.0,Route Failure,25.0,"{'node_level': {}, 'link_level': {}, 'path_level': {}}","{'node_level': {3: {'cpu': -75}, 4: {'cpu': -73}, 0: {'cpu': -54}, 2: {'cpu': -65}, 5: {'cpu': -78}, 1: {'cpu': -64}}, 'link_level': {(0, 2): {'bw': -12}, (0, 3): {'bw': 23}}, 'path_level': {(0, 2): {'latency': -8.967233420089332}, (0, 3): {'latency': 4.816858049840014}}}","{'node_level': {3: {'cpu': 0}, 4: {'cpu': 0}, 0: {'cpu': 0}, 2: {'cpu': 0}, 5: {'cpu': 0}, 1: {'cpu': 0}}, 'link_level': {(0, 2): {'bw': 0}, (0, 3): {'bw': 25}}, 'path_level': {(0, 2): {'latency': 0}, (0, 3): {'latency': 4.816858049840014}}}",[],0.0,0.0,True,False,False,0,[],0,0.0,6.0,2.0
75,11,7,1438.0,2709.0,1071982.5566598584,1950720.1838337996,0.5308231819859727,0.5495316886264354,15,116,0,941.5650443266699,45233,6979,38254,0.03777747139114851,0.033892312354783294,59,193.5650443266699,748.0,8,15,False,{},{},{},{},0.0,0.0,0.0,0.0,0.0,0.0,0.0,0.0,0.0,0.0,0.0,0.0,0.0,0.0,Leave Event,0.0,"{'node_level': {}, 'link_level': {}, 'path_level': {}}","{'node_level': {}, 'link_level': {}, 'path_level': {}}","{'node_level': {}, 'link_level': {}, 'path_level': {}}",[],0.0,0.0,True,True,False,0,[],0,0.0,,
75,11,7,1438.0,2709.0,1071982.5566598584,1950720.1838337996,0.5308231819859727,0.5495316886264354,15,117,0,941.93070725741,45233,6979,38254,0.03777747139114851,0.033892312354783294,40,443.93070725741,498.0,5,7,False,{},{},{},{},0.0,0.0,0.0,0.0,0.0,0.0,0.0,0.0,0.0,0.0,0.0,0.0,0.0,0.0,Leave Event,0.0,"{'node_level': {}, 'link_level': {}, 'path_level': {}}","{'node_level': {}, 'link_level': {}, 'path_level': {}}","{'node_level': {}, 'link_level': {}, 'path_level': {}}",[],0.0,0.0,True,True,False,0,[],0,0.0,,
76,11,7,1438.0,2709.0,1071982.5566598584,1950720.1838337996,0.5308231819859727,0.5495316886264354,15,118,1,944.0,45233,6979,38254,0.03777747139114851,0.033892312354783294,75,754.9117310378111,944.0,5,9,False,"{3: 81, 2: 95, 1: 94, 4: 5, 0: 23}","{(0, 1): []}","{(3, 81): {'cpu': 16}, (2, 95): {'cpu': 13}, (1, 94): {'cpu': 12}, (4, 5): {'cpu': 9}, (0, 23): {'cpu': 3}}",{},0.0,0.0,282.0,53.0,229.0,0.0,0.0,0.0,0.0,0.0,0.0,0.0,0.0,0.0,Route Failure,4.575715995680659,"{'node_level': {}, 'link_level': {}, 'path_level': {}}","{'node_level': {3: {'cpu': -73}, 2: {'cpu': -72}, 1: {'cpu': -53}, 4: {'cpu': -66}, 0: {'cpu': -84}}, 'link_level': {(0, 1): {'bw': -17}}, 'path_level': {(0, 1): {'latency': 4.575715995680659}}}","{'node_level': {3: {'cpu': 0}, 2: {'cpu': 0}, 1: {'cpu': 0}, 4: {'cpu': 0}, 0: {'cpu': 0}}, 'link_level': {(0, 1): {'bw': 0}}, 'path_level': {(0, 1): {'latency': 4.575715995680659}}}",[],0.0,0.0,True,False,False,0,[],0,0.0,5.0,1.0
77,11,7,1438.0,2709.0,1071982.5566598584,1950720.1838337996,0.5308231819859727,0.5495316886264354,15,119,1,957.0,45233,6979,38254,0.03777747139114851,0.033892312354783294,76,1000.9932579629997,957.0,9,22,False,"{0: 81, 1: 95, 2: 94, 7: 5, 8: 23, 5: 32, 6: 40, 3: 52, 4: 87}","{(0, 2): []}","{(0, 81): {'cpu': 18}, (1, 95): {'cpu': 13}, (2, 94): {'cpu': 13}, (7, 5): {'cpu': 10}, (8, 23): {'cpu': 9}, (5, 32): {'cpu': 7}, (6, 40): {'cpu': 4}, (3, 52): {'cpu': 1}, (4, 87): {'cpu': 1}}",{},0.0,0.0,580.0,76.0,504.0,0.0,0.0,0.0,0.0,0.0,0.0,0.0,0.0,0.0,Route Failure,3.8690174697155664,"{'node_level': {}, 'link_level': {}, 'path_level': {}}","{'node_level': {0: {'cpu': -71}, 1: {'cpu': -72}, 2: {'cpu': -52}, 7: {'cpu': -65}, 8: {'cpu': -78}, 5: {'cpu': -62}, 6: {'cpu': -60}, 3: {'cpu': -73}, 4: {'cpu': -68}}, 'link_level': {(0, 2): {'bw': -46}}, 'path_level': {(0, 2): {'latency': 3.8690174697155664}}}","{'node_level': {0: {'cpu': 0}, 1: {'cpu': 0}, 2: {'cpu': 0}, 7: {'cpu': 0}, 8: {'cpu': 0}, 5: {'cpu': 0}, 6: {'cpu': 0}, 3: {'cpu': 0}, 4: {'cpu': 0}}, 'link_level': {(0, 2): {'bw': 0}}, 'path_level': {(0, 2): {'latency': 3.8690174697155664}}}",[],0.0,0.0,True,False,False,0,[],0,0.0,9.0,1.0
77,11,7,1438.0,2709.0,1071982.5566598584,1950720.1838337996,0.5308231819859727,0.5495316886264354,15,120,0,963.8039764206146,45233,6979,38254,0.03777747139114851,0.033892312354783294,30,569.8039764206146,394.0,3,3,False,{},{},{},{},0.0,0.0,0.0,0.0,0.0,0.0,0.0,0.0,0.0,0.0,0.0,0.0,0.0,0.0,Leave Event,0.0,"{'node_level': {}, 'link_level': {}, 'path_level': {}}","{'node_level': {}, 'link_level': {}, 'path_level': {}}","{'node_level': {}, 'link_level': {}, 'path_level': {}}",[],0.0,0.0,True,True,False,0,[],0,0.0,,
77,11,7,1438.0,2709.0,1071982.5566598584,1950720.1838337996,0.5308231819859727,0.5495316886264354,15,121,0,965.7829559503477,45233,6979,38254,0.03777747139114851,0.033892312354783294,64,150.78295595034774,815.0,7,12,False,{},{},{},{},0.0,0.0,0.0,0.0,0.0,0.0,0.0,0.0,0.0,0.0,0.0,0.0,0.0,0.0,Leave Event,0.0,"{'node_level': {}, 'link_level': {}, 'path_level': {}}","{'node_level': {}, 'link_level': {}, 'path_level': {}}","{'node_level': {}, 'link_level': {}, 'path_level': {}}",[],0.0,0.0,True,True,False,0,[],0,0.0,,
78,11,7,1438.0,2709.0,1071982.5566598584,1950720.1838337996,0.5308231819859727,0.5495316886264354,15,122,1,975.0,45233,6979,38254,0.03777747139114851,0.033892312354783294,77,265.0014385167753,975.0,7,9,False,"{6: 81, 2: 95, 4: 94, 1: 5, 3: 23, 5: 32, 0: 40}","{(0, 2): [(40, 30), (30, 95)], (0, 6): [(40, 60), (60, 81)], (1, 6): [(5, 11), (11, 25), (25, 81)], (2, 3): [(95, 13), (13, 23)], (2, 4): [(95, 33), (33, 94)], (3, 5): []}","{(6, 81): {'cpu': 16}, (2, 95): {'cpu': 15}, (4, 94): {'cpu': 11}, (1, 5): {'cpu': 7}, (3, 23): {'cpu': 5}, (5, 32): {'cpu': 4}, (0, 40): {'cpu': 2}}","{((0, 2), (40, 30)): {'bw': 23}, ((0, 2), (30, 95)): {'bw': 23}, ((0, 6), (40, 60)): {'bw': 31}, ((0, 6), (60, 81)): {'bw': 31}, ((1, 6), (5, 11)): {'bw': 39}, ((1, 6), (11, 25)): {'bw': 39}, ((1, 6), (25, 81)): {'bw': 39}, ((2, 3), (95, 13)): {'bw': 12}, ((2, 3), (13, 23)): {'bw': 12}, ((2, 4), (95, 33)): {'bw': 35}, ((2, 4), (33, 94)): {'bw': 35}}",0.0,0.0,298.0,60.0,238.0,0.0,0.0,0.0,0.0,0.0,0.0,0.0,0.0,0.0,Route Failure,5.847450649921108,"{'node_level': {}, 'link_level': {}, 'path_level': {}}","{'node_level': {6: {'cpu': -73}, 2: {'cpu': -70}, 4: {'cpu': -54}, 1: {'cpu': -68}, 3: {'cpu': -82}, 5: {'cpu': -65}, 0: {'cpu': -62}}, 'link_level': {(0, 2): {'bw': -33}, (0, 6): {'bw': -33}, (1, 6): {'bw': -39}, (2, 3): {'bw': -64}, (2, 4): {'bw': -16}, (3, 5): {'bw': -47}}, 'path_level': {(0, 2): {'latency': -6.531956109122822}, (0, 6): {'latency': -7.639680080876238}, (1, 6): {'latency': -0.25886578535423155}, (2, 3): {'latency': -3.8232781321602007}, (2, 4): {'latency': -5.099153700578184}, (3, 5): {'latency': 5.847450649921108}}}","{'node_level': {6: {'cpu': 0}, 2: {'cpu': 0}, 4: {'cpu': 0}, 1: {'cpu': 0}, 3: {'cpu': 0}, 5: {'cpu': 0}, 0: {'cpu': 0}}, 'link_level': {(0, 2): {'bw': 0}, (0, 6): {'bw': 0}, (1, 6): {'bw': 0}, (2, 3): {'bw': 0}, (2, 4): {'bw': 0}, (3, 5): {'bw': 0}}, 'path_level': {(0, 2): {'latency': 0}, (0, 6): {'latency': 0}, (1, 6): {'latency': 0}, (2, 3): {'latency': 0}, (2, 4): {'latency': 0}, (3, 5): {'latency': 5.847450649921108}}}",[],0.0,0.0,True,False,False,0,[],0,0.0,7.0,6.0
79,11,7,1438.0,2709.0,1071982.5566598584,1950720.1838337996,0.5308231819859727,0.5495316886264354,15,123,1,982.0,45233,6979,38254,0.03777747139114851,0.033892312354783294,78,75.39550645458432,982.0,7,9,False,"{3: 81, 4: 95, 2: 94, 1: 5, 5: 23, 0: 32, 6: 40}","{(0, 1): [(32, 44), (44, 83), (83, 5)], (0, 5): []}","{(3, 81): {'cpu': 19}, (4, 95): {'cpu': 15}, (2, 94): {'cpu': 9}, (1, 5): {'cpu': 8}, (5, 23): {'cpu': 8}, (0, 32): {'cpu': 4}, (6, 40): {'cpu': 3}}","{((0, 1), (32, 44)): {'bw': 35}, ((0, 1), (44, 83)): {'bw': 35}, ((0, 1), (83, 5)): {'bw': 35}}",0.0,0.0,261.0,66.0,195.0,0.0,0.0,0.0,0.0,0.0,0.0,0.0,0.0,0.0,Route Failure,2.863391977993307,"{'node_level': {}, 'link_level': {}, 'path_level': {}}","{'node_level': {3: {'cpu': -70}, 4: {'cpu': -70}, 2: {'cpu': -56}, 1: {'cpu': -67}, 5: {'cpu': -79}, 0: {'cpu': -65}, 6: {'cpu': -61}}, 'link_level': {(0, 1): {'bw': -4}, (0, 5): {'bw': -33}}, 'path_level': {(0, 1): {'latency': -4.722490457505527}, (0, 5): {'latency': 2.863391977993307}}}","{'node_level': {3: {'cpu': 0}, 4: {'cpu': 0}, 2: {'cpu': 0}, 1: {'cpu': 0}, 5: {'cpu': 0}, 0: {'cpu': 0}, 6: {'cpu': 0}}, 'link_level': {(0, 1): {'bw': 0}, (0, 5): {'bw': 0}}, 'path_level': {(0, 1): {'latency': 0}, (0, 5): {'latency': 2.863391977993307}}}",[],0.0,0.0,True,False,False,0,[],0,0.0,7.0,2.0
80,12,8,1481.0,2783.0,1072708.9725244395,1951970.2948565672,0.5321595400646784,0.5495518939765747,16,124,1,994.0,45159,6967,38192,0.03943195918930098,0.03545812708354379,79,16.89339219956097,994.0,2,1,True,"{0: 81, 1: 95}","{(0, 1): [(81, 25), (25, 95)]}","{(0, 81): {'cpu': 7}, (1, 95): {'cpu': 5}}","{((0, 1), (81, 25)): {'bw': 31}, ((0, 1), (25, 95)): {'bw': 31}}",74.0,43.0,43.0,12.0,31.0,12.0,31.0,12.0,62.0,31.0,0.581081081081081,1250.111022767512,726.4158645811217,9.816430602447591,Success,0.0,"{'node_level': {}, 'link_level': {}, 'path_level': {}}","{'node_level': {0: {'cpu': -82}, 1: {'cpu': -80}}, 'link_level': {(0, 1): {'bw': -21}}, 'path_level': {(0, 1): {'latency': -1.0852994372132798}}}","{'node_level': {0: {'cpu': 0}, 1: {'cpu': 0}}, 'link_level': {(0, 1): {'bw': 0}}, 'path_level': {(0, 1): {'latency': 0}}}",[],0.0,0.0,True,True,False,0,[],0,0.0,2.0,1.0
81,12,8,1481.0,2783.0,1072708.9725244395,1951970.2948565672,0.5321595400646784,0.5495518939765747,16,125,1,1009.0,45159,6967,38192,0.03943195918930098,0.03545812708354379,80,2024.9235083769545,1009.0,3,2,False,"{1: 94, 0: 5, 2: 23}","{(0, 2): []}","{(1, 94): {'cpu': 19}, (0, 5): {'cpu': 15}, (2, 23): {'cpu': 15}}",{},0.0,0.0,120.0,49.0,71.0,0.0,0.0,0.0,0.0,0.0,0.0,0.0,0.0,0.0,Route Failure,3.854016818563237,"{'node_level': {}, 'link_level': {}, 'path_level': {}}","{'node_level': {1: {'cpu': -46}, 0: {'cpu': -60}, 2: {'cpu': -72}}, 'link_level': {(0, 2): {'bw': -26}}, 'path_level': {(0, 2): {'latency': 3.854016818563237}}}","{'node_level': {1: {'cpu': 0}, 0: {'cpu': 0}, 2: {'cpu': 0}}, 'link_level': {(0, 2): {'bw': 0}}, 'path_level': {(0, 2): {'latency': 3.854016818563237}}}",[],0.0,0.0,True,False,False,0,[],0,0.0,3.0,1.0
81,12,7,1481.0,2783.0,1072708.9725244395,1951970.2948565672,0.5321595400646784,0.5495518939765747,16,126,0,1010.8933921995609,45233,6979,38254,0.03777747139114851,0.033892312354783294,79,16.89339219956097,994.0,2,1,False,{},{},{},{},0.0,0.0,0.0,0.0,0.0,0.0,0.0,0.0,0.0,0.0,0.0,0.0,0.0,0.0,Leave Event,0.0,"{'node_level': {}, 'link_level': {}, 'path_level': {}}","{'node_level': {}, 'link_level': {}, 'path_level': {}}","{'node_level': {}, 'link_level': {}, 'path_level': {}}",[],0.0,0.0,True,True,False,0,[],0,0.0,,
81,12,7,1481.0,2783.0,1072708.9725244395,1951970.2948565672,0.5321595400646784,0.5495518939765747,16,127,0,1012.6410145895702,45233,6979,38254,0.03777747139114851,0.033892312354783294,36,562.6410145895702,450.0,3,3,False,{},{},{},{},0.0,0.0,0.0,0.0,0.0,0.0,0.0,0.0,0.0,0.0,0.0,0.0,0.0,0.0,Leave Event,0.0,"{'node_level': {}, 'link_level': {}, 'path_level': {}}","{'node_level': {}, 'link_level': {}, 'path_level': {}}","{'node_level': {}, 'link_level': {}, 'path_level': {}}",[],0.0,0.0,True,True,False,0,[],0,0.0,,
82,12,7,1481.0,2783.0,1072708.9725244395,1951970.2948565672,0.5321595400646784,0.5495518939765747,16,128,1,1024.0,45233,6979,38254,0.03777747139114851,0.033892312354783294,81,233.63628162851163,1024.0,7,11,False,"{2: 81, 3: 95, 1: 94, 0: 5, 4: 23, 6: 32, 5: 40}","{(0, 4): [(5, 18), (18, 2), (2, 23)], (0, 5): [(5, 85), (85, 40)], (0, 6): [(5, 11), (11, 25), (25, 32)], (1, 3): [(94, 33), (33, 95)], (1, 5): [(94, 41), (41, 38), (38, 40)], (1, 6): [(94, 41), (41, 32)], (2, 4): [(81, 23)], (2, 6): [(81, 1), (1, 36), (36, 32)], (3, 4): [(95, 13), (13, 23)], (3, 5): [(95, 30), (30, 40)], (4, 5): []}","{(2, 81): {'cpu': 19}, (3, 95): {'cpu': 19}, (1, 94): {'cpu': 16}, (0, 5): {'cpu': 15}, (4, 23): {'cpu': 12}, (6, 32): {'cpu': 12}, (5, 40): {'cpu': 6}}","{((0, 4), (5, 18)): {'bw': 7}, ((0, 4), (18, 2)): {'bw': 7}, ((0, 4), (2, 23)): {'bw': 7}, ((0, 5), (5, 85)): {'bw': 42}, ((0, 5), (85, 40)): {'bw': 42}, ((0, 6), (5, 11)): {'bw': 44}, ((0, 6), (11, 25)): {'bw': 44}, ((0, 6), (25, 32)): {'bw': 44}, ((1, 3), (94, 33)): {'bw': 48}, ((1, 3), (33, 95)): {'bw': 48}, ((1, 5), (94, 41)): {'bw': 13}, ((1, 5), (41, 38)): {'bw': 13}, ((1, 5), (38, 40)): {'bw': 13}, ((1, 6), (94, 41)): {'bw': 13}, ((1, 6), (41, 32)): {'bw': 13}, ((2, 4), (81, 23)): {'bw': 46}, ((2, 6), (81, 1)): {'bw': 38}, ((2, 6), (1, 36)): {'bw': 38}, ((2, 6), (36, 32)): {'bw': 38}, ((3, 4), (95, 13)): {'bw': 19}, ((3, 4), (13, 23)): {'bw': 19}, ((3, 5), (95, 30)): {'bw': 10}, ((3, 5), (30, 40)): {'bw': 10}}",0.0,0.0,388.0,99.0,289.0,0.0,0.0,0.0,0.0,0.0,0.0,0.0,0.0,0.0,Route Failure,9.603342886585438,"{'node_level': {}, 'link_level': {}, 'path_level': {}}","{'node_level': {2: {'cpu': -70}, 3: {'cpu': -66}, 1: {'cpu': -49}, 0: {'cpu': -60}, 4: {'cpu': -75}, 6: {'cpu': -57}, 5: {'cpu': -58}}, 'link_level': {(0, 4): {'bw': -14}, (0, 5): {'bw': -38}, (0, 6): {'bw': -7}, (1, 3): {'bw': -3}, (1, 5): {'bw': -55}, (1, 6): {'bw': -37}, (2, 4): {'bw': -30}, (2, 6): {'bw': -29}, (3, 4): {'bw': -57}, (3, 5): {'bw': -46}, (4, 5): {'bw': -29}}, 'path_level': {(0, 4): {'latency': -4.97329634842114}, (0, 5): {'latency': -6.073042225494321}, (0, 6): {'latency': -2.6394024857095406}, (1, 3): {'latency': -2.8075120573226817}, (1, 5): {'latency': -0.24162349689593832}, (1, 6): {'latency': -8.262181367142661}, (2, 4): {'latency': -5.444140113672786}, (2, 6): {'latency': -2.1399618108701635}, (3, 4): {'latency': -5.401173201704561}, (3, 5): {'latency': -5.103281979112012}, (4, 5): {'latency': 9.603342886585438}}}","{'node_level': {2: {'cpu': 0}, 3: {'cpu': 0}, 1: {'cpu': 0}, 0: {'cpu': 0}, 4: {'cpu': 0}, 6: {'cpu': 0}, 5: {'cpu': 0}}, 'link_level': {(0, 4): {'bw': 0}, (0, 5): {'bw': 0}, (0, 6): {'bw': 0}, (1, 3): {'bw': 0}, (1, 5): {'bw': 0}, (1, 6): {'bw': 0}, (2, 4): {'bw': 0}, (2, 6): {'bw': 0}, (3, 4): {'bw': 0}, (3, 5): {'bw': 0}, (4, 5): {'bw': 0}}, 'path_level': {(0, 4): {'latency': 0}, (0, 5): {'latency': 0}, (0, 6): {'latency': 0}, (1, 3): {'latency': 0}, (1, 5): {'latency': 0}, (1, 6): {'latency': 0}, (2, 4): {'latency': 0}, (2, 6): {'latency': 0}, (3, 4): {'latency': 0}, (3, 5): {'latency': 0}, (4, 5): {'latency': 9.603342886585438}}}",[],0.0,0.0,True,False,False,0,[],0,0.0,7.0,11.0
82,12,7,1481.0,2783.0,1072708.9725244395,1951970.2948565672,0.5321595400646784,0.5495518939765747,16,129,0,1027.2692980017298,45233,6979,38254,0.03777747139114851,0.033892312354783294,74,91.26929800172978,936.0,6,10,False,{},{},{},{},0.0,0.0,0.0,0.0,0.0,0.0,0.0,0.0,0.0,0.0,0.0,0.0,0.0,0.0,Leave Event,0.0,"{'node_level': {}, 'link_level': {}, 'path_level': {}}","{'node_level': {}, 'link_level': {}, 'path_level': {}}","{'node_level': {}, 'link_level': {}, 'path_level': {}}",[],0.0,0.0,True,True,False,0,[],0,0.0,,
83,12,7,1481.0,2783.0,1072708.9725244395,1951970.2948565672,0.5321595400646784,0.5495518939765747,16,130,1,1033.0,45233,6979,38254,0.03777747139114851,0.033892312354783294,82,272.4285659002399,1033.0,5,5,False,"{1: 81, 4: 95, 0: 94, 2: 5, 3: 23}","{(0, 1): [(94, 1), (1, 81)], (0, 3): []}","{(1, 81): {'cpu': 13}, (4, 95): {'cpu': 5}, (0, 94): {'cpu': 4}, (2, 5): {'cpu': 3}, (3, 23): {'cpu': 1}}","{((0, 1), (94, 1)): {'bw': 11}, ((0, 1), (1, 81)): {'bw': 11}}",0.0,0.0,189.0,26.0,163.0,0.0,0.0,0.0,0.0,0.0,0.0,0.0,0.0,0.0,Route Failure,15.0,"{'node_level': {}, 'link_level': {}, 'path_level': {}}","{'node_level': {1: {'cpu': -76}, 4: {'cpu': -80}, 0: {'cpu': -61}, 2: {'cpu': -72}, 3: {'cpu': -86}}, 'link_level': {(0, 1): {'bw': -47}, (0, 3): {'bw': 15}}, 'path_level': {(0, 1): {'latency': -3.465464353195081}, (0, 3): {'latency': 11.108802409066389}}}","{'node_level': {1: {'cpu': 0}, 4: {'cpu': 0}, 0: {'cpu': 0}, 2: {'cpu': 0}, 3: {'cpu': 0}}, 'link_level': {(0, 1): {'bw': 0}, (0, 3): {'bw': 15}}, 'path_level': {(0, 1): {'latency': 0}, (0, 3): {'latency': 11.108802409066389}}}",[],0.0,0.0,True,False,False,0,[],0,0.0,5.0,2.0
83,12,6,1481.0,2783.0,1072708.9725244395,1951970.2948565672,0.5321595400646784,0.5495518939765747,16,131,0,1037.226787451479,45402,7007,38395,0.03391699986212604,0.03033134660066672,45,482.22678745147897,555.0,2,1,False,{},{},{},{},0.0,0.0,0.0,0.0,0.0,0.0,0.0,0.0,0.0,0.0,0.0,0.0,0.0,0.0,Leave Event,0.0,"{'node_level': {}, 'link_level': {}, 'path_level': {}}","{'node_level': {}, 'link_level': {}, 'path_level': {}}","{'node_level': {}, 'link_level': {}, 'path_level': {}}",[],0.0,0.0,True,True,False,0,[],0,0.0,,
83,12,6,1481.0,2783.0,1072708.9725244395,1951970.2948565672,0.5321595400646784,0.5495518939765747,16,132,0,1045.9174390041353,45402,7007,38395,0.03391699986212604,0.03033134660066672,41,538.9174390041352,507.0,4,4,False,{},{},{},{},0.0,0.0,0.0,0.0,0.0,0.0,0.0,0.0,0.0,0.0,0.0,0.0,0.0,0.0,Leave Event,0.0,"{'node_level': {}, 'link_level': {}, 'path_level': {}}","{'node_level': {}, 'link_level': {}, 'path_level': {}}","{'node_level': {}, 'link_level': {}, 'path_level': {}}",[],0.0,0.0,True,True,False,0,[],0,0.0,,
83,12,6,1481.0,2783.0,1072708.9725244395,1951970.2948565672,0.5321595400646784,0.5495518939765747,16,133,0,1048.5122096290029,45402,7007,38395,0.03391699986212604,0.03033134660066672,25,705.5122096290029,343.0,7,10,False,{},{},{},{},0.0,0.0,0.0,0.0,0.0,0.0,0.0,0.0,0.0,0.0,0.0,0.0,0.0,0.0,Leave Event,0.0,"{'node_level': {}, 'link_level': {}, 'path_level': {}}","{'node_level': {}, 'link_level': {}, 'path_level': {}}","{'node_level': {}, 'link_level': {}, 'path_level': {}}",[],0.0,0.0,True,True,False,0,[],0,0.0,,
84,13,7,1499.0,2807.0,1073176.1855155488,1952593.2455113796,0.5340220876380477,0.5496158444584225,16,134,1,1054.0,45378,6995,38383,0.03557148766027851,0.030634407515910733,83,25.956277283853577,1054.0,2,1,True,"{1: 32, 0: 42}","{(0, 1): [(42, 18), (18, 32)]}","{(1, 32): {'cpu': 11}, (0, 42): {'cpu': 1}}","{((0, 1), (42, 18)): {'bw': 6}, ((0, 1), (18, 32)): {'bw': 6}}",24.0,18.0,18.0,12.0,6.0,12.0,6.0,12.0,12.0,6.0,0.75,622.9506548124858,467.2129911093644,19.467207962890182,Success,0.0,"{'node_level': {}, 'link_level': {}, 'path_level': {}}","{'node_level': {1: {'cpu': -71}, 0: {'cpu': -88}}, 'link_level': {(0, 1): {'bw': -45}}, 'path_level': {(0, 1): {'latency': -5.146932967715999}}}","{'node_level': {1: {'cpu': 0}, 0: {'cpu': 0}}, 'link_level': {(0, 1): {'bw': 0}}, 'path_level': {(0, 1): {'latency': 0}}}",[],0.0,0.0,True,True,False,0,[],0,0.0,2.0,1.0
84,13,7,1499.0,2807.0,1073176.1855155488,1952593.2455113796,0.5340220876380477,0.5496158444584225,16,135,0,1057.3955064545844,45378,6995,38383,0.03557148766027851,0.030634407515910733,78,75.39550645458432,982.0,7,9,False,{},{},{},{},0.0,0.0,0.0,0.0,0.0,0.0,0.0,0.0,0.0,0.0,0.0,0.0,0.0,0.0,Leave Event,0.0,"{'node_level': {}, 'link_level': {}, 'path_level': {}}","{'node_level': {}, 'link_level': {}, 'path_level': {}}","{'node_level': {}, 'link_level': {}, 'path_level': {}}",[],0.0,0.0,True,True,False,0,[],0,0.0,,
85,13,7,1499.0,2807.0,1073176.1855155488,1952593.2455113796,0.5340220876380477,0.5496158444584225,16,136,1,1061.0,45378,6995,38383,0.03557148766027851,0.030634407515910733,84,227.45592757291564,1061.0,7,11,False,"{5: 42, 6: 32, 3: 81, 4: 95, 1: 94, 2: 5, 0: 23}","{(0, 1): [(23, 2), (2, 41), (41, 94)], (0, 3): [(23, 81)], (0, 5): [(23, 77), (77, 42)], (0, 6): []}","{(5, 42): {'cpu': 20}, (6, 32): {'cpu': 18}, (3, 81): {'cpu': 17}, (4, 95): {'cpu': 16}, (1, 94): {'cpu': 13}, (2, 5): {'cpu': 8}, (0, 23): {'cpu': 1}}","{((0, 1), (23, 2)): {'bw': 33}, ((0, 1), (2, 41)): {'bw': 33}, ((0, 1), (41, 94)): {'bw': 33}, ((0, 3), (23, 81)): {'bw': 33}, ((0, 5), (23, 77)): {'bw': 12}, ((0, 5), (77, 42)): {'bw': 12}}",0.0,0.0,322.0,93.0,229.0,0.0,0.0,0.0,0.0,0.0,0.0,0.0,0.0,0.0,Route Failure,6.6351155786045855,"{'node_level': {}, 'link_level': {}, 'path_level': {}}","{'node_level': {5: {'cpu': -68}, 6: {'cpu': -53}, 3: {'cpu': -72}, 4: {'cpu': -69}, 1: {'cpu': -52}, 2: {'cpu': -67}, 0: {'cpu': -86}}, 'link_level': {(0, 1): {'bw': -31}, (0, 3): {'bw': -43}, (0, 5): {'bw': -45}, (0, 6): {'bw': -2}}, 'path_level': {(0, 1): {'latency': -6.8258654336922255}, (0, 3): {'latency': -3.6644988787865698}, (0, 5): {'latency': -1.9783729084267785}, (0, 6): {'latency': 6.6351155786045855}}}","{'node_level': {5: {'cpu': 0}, 6: {'cpu': 0}, 3: {'cpu': 0}, 4: {'cpu': 0}, 1: {'cpu': 0}, 2: {'cpu': 0}, 0: {'cpu': 0}}, 'link_level': {(0, 1): {'bw': 0}, (0, 3): {'bw': 0}, (0, 5): {'bw': 0}, (0, 6): {'bw': 0}}, 'path_level': {(0, 1): {'latency': 0}, (0, 3): {'latency': 0}, (0, 5): {'latency': 0}, (0, 6): {'latency': 6.6351155786045855}}}",[],0.0,0.0,True,False,False,0,[],0,0.0,7.0,4.0
85,13,7,1499.0,2807.0,1073176.1855155488,1952593.2455113796,0.5340220876380477,0.5496158444584225,16,137,0,1073.620251322689,45378,6995,38383,0.03557148766027851,0.030634407515910733,5,1001.6202513226889,72.0,5,6,False,{},{},{},{},0.0,0.0,0.0,0.0,0.0,0.0,0.0,0.0,0.0,0.0,0.0,0.0,0.0,0.0,Leave Event,0.0,"{'node_level': {}, 'link_level': {}, 'path_level': {}}","{'node_level': {}, 'link_level': {}, 'path_level': {}}","{'node_level': {}, 'link_level': {}, 'path_level': {}}",[],0.0,0.0,True,True,False,0,[],0,0.0,,
86,13,7,1499.0,2807.0,1073176.1855155488,1952593.2455113796,0.5340220876380477,0.5496158444584225,16,138,1,1078.0,45378,6995,38383,0.03557148766027851,0.030634407515910733,85,8.383885172651535,1078.0,2,1,False,"{0: 42, 1: 32}","{(0, 1): []}","{(0, 42): {'cpu': 13}, (1, 32): {'cpu': 3}}",{},0.0,0.0,17.0,16.0,1.0,0.0,0.0,0.0,0.0,0.0,0.0,0.0,0.0,0.0,Route Failure,4.098110461068604,"{'node_level': {}, 'link_level': {}, 'path_level': {}}","{'node_level': {0: {'cpu': -75}, 1: {'cpu': -68}}, 'link_level': {(0, 1): {'bw': -65}}, 'path_level': {(0, 1): {'latency': 4.098110461068604}}}","{'node_level': {0: {'cpu': 0}, 1: {'cpu': 0}}, 'link_level': {(0, 1): {'bw': 0}}, 'path_level': {(0, 1): {'latency': 4.098110461068604}}}",[],0.0,0.0,True,False,False,0,[],0,0.0,2.0,1.0
86,13,6,1499.0,2807.0,1073176.1855155488,1952593.2455113796,0.5340220876380477,0.5496158444584225,16,139,0,1079.9562772838535,45402,7007,38395,0.03391699986212604,0.03033134660066672,83,25.956277283853577,1054.0,2,1,False,{},{},{},{},0.0,0.0,0.0,0.0,0.0,0.0,0.0,0.0,0.0,0.0,0.0,0.0,0.0,0.0,Leave Event,0.0,"{'node_level': {}, 'link_level': {}, 'path_level': {}}","{'node_level': {}, 'link_level': {}, 'path_level': {}}","{'node_level': {}, 'link_level': {}, 'path_level': {}}",[],0.0,0.0,True,True,False,0,[],0,0.0,,
86,13,6,1499.0,2807.0,1073176.1855155488,1952593.2455113796,0.5340220876380477,0.5496158444584225,16,140,0,1083.1728284851836,45402,7007,38395,0.03391699986212604,0.03033134660066672,68,217.1728284851835,866.0,6,5,False,{},{},{},{},0.0,0.0,0.0,0.0,0.0,0.0,0.0,0.0,0.0,0.0,0.0,0.0,0.0,0.0,Leave Event,0.0,"{'node_level': {}, 'link_level': {}, 'path_level': {}}","{'node_level': {}, 'link_level': {}, 'path_level': {}}","{'node_level': {}, 'link_level': {}, 'path_level': {}}",[],0.0,0.0,True,True,False,0,[],0,0.0,,
86,13,6,1499.0,2807.0,1073176.1855155488,1952593.2455113796,0.5340220876380477,0.5496158444584225,16,141,0,1084.6638271383595,45402,7007,38395,0.03391699986212604,0.03033134660066672,12,923.6638271383595,161.0,10,24,False,{},{},{},{},0.0,0.0,0.0,0.0,0.0,0.0,0.0,0.0,0.0,0.0,0.0,0.0,0.0,0.0,Leave Event,0.0,"{'node_level': {}, 'link_level': {}, 'path_level': {}}","{'node_level': {}, 'link_level': {}, 'path_level': {}}","{'node_level': {}, 'link_level': {}, 'path_level': {}}",[],0.0,0.0,True,True,False,0,[],0,0.0,,
87,14,7,1608.0,3010.0,1087473.1324259103,1979219.669573796,0.53421926910299,0.5494453946388307,16,142,1,1085.0,45199,6992,38207,0.0359851096098166,0.035079300939488856,86,131.1646505537754,1085.0,3,3,True,"{2: 32, 1: 42, 0: 81}","{(0, 1): [(81, 80), (80, 42)], (0, 2): [(81, 25), (25, 32)], (1, 2): [(42, 18), (18, 32)]}","{(2, 32): {'cpu': 9}, (1, 42): {'cpu': 5}, (0, 81): {'cpu': 1}}","{((0, 1), (81, 80)): {'bw': 19}, ((0, 1), (80, 42)): {'bw': 19}, ((0, 2), (81, 25)): {'bw': 46}, ((0, 2), (25, 32)): {'bw': 46}, ((1, 2), (42, 18)): {'bw': 29}, ((1, 2), (18, 32)): {'bw': 29}}",203.0,109.0,109.0,15.0,94.0,15.0,94.0,15.0,188.0,94.0,0.5369458128078818,26626.424062416405,14296.94691036152,70.42830990325872,Success,0.0,"{'node_level': {}, 'link_level': {}, 'path_level': {}}","{'node_level': {2: {'cpu': -73}, 1: {'cpu': -84}, 0: {'cpu': -88}}, 'link_level': {(0, 1): {'bw': -43}, (0, 2): {'bw': -5}, (1, 2): {'bw': -22}}, 'path_level': {(0, 1): {'latency': -5.808787203066698}, (0, 2): {'latency': -0.9426262562159833}, (1, 2): {'latency': -4.6037920781939246}}}","{'node_level': {2: {'cpu': 0}, 1: {'cpu': 0}, 0: {'cpu': 0}}, 'link_level': {(0, 1): {'bw': 0}, (0, 2): {'bw': 0}, (1, 2): {'bw': 0}}, 'path_level': {(0, 1): {'latency': 0}, (0, 2): {'latency': 0}, (1, 2): {'latency': 0}}}",[],0.0,0.0,True,True,False,0,[],0,0.0,3.0,3.0
87,14,7,1608.0,3010.0,1087473.1324259103,1979219.669573796,0.53421926910299,0.5494453946388307,16,143,0,1086.3838851726516,45199,6992,38207,0.0359851096098166,0.035079300939488856,85,8.383885172651535,1078.0,2,1,False,{},{},{},{},0.0,0.0,0.0,0.0,0.0,0.0,0.0,0.0,0.0,0.0,0.0,0.0,0.0,0.0,Leave Event,0.0,"{'node_level': {}, 'link_level': {}, 'path_level': {}}","{'node_level': {}, 'link_level': {}, 'path_level': {}}","{'node_level': {}, 'link_level': {}, 'path_level': {}}",[],0.0,0.0,True,True,False,0,[],0,0.0,,
87,14,6,1608.0,3010.0,1087473.1324259103,1979219.669573796,0.53421926910299,0.5494453946388307,16,144,0,1092.1185821927488,45226,7017,38209,0.03253826003033222,0.035028790786948205,1,1062.1185821927488,30.0,2,1,False,{},{},{},{},0.0,0.0,0.0,0.0,0.0,0.0,0.0,0.0,0.0,0.0,0.0,0.0,0.0,0.0,Leave Event,0.0,"{'node_level': {}, 'link_level': {}, 'path_level': {}}","{'node_level': {}, 'link_level': {}, 'path_level': {}}","{'node_level': {}, 'link_level': {}, 'path_level': {}}",[],0.0,0.0,True,True,False,0,[],0,0.0,,
88,14,6,1608.0,3010.0,1087473.1324259103,1979219.669573796,0.53421926910299,0.5494453946388307,16,145,1,1097.0,45226,7017,38209,0.03253826003033222,0.035028790786948205,87,723.8970432321961,1097.0,4,4,False,"{3: 32, 0: 42, 1: 95, 2: 81}","{(0, 1): []}","{(3, 32): {'cpu': 20}, (0, 42): {'cpu': 16}, (1, 95): {'cpu': 16}, (2, 81): {'cpu': 6}}",{},0.0,0.0,181.0,58.0,123.0,0.0,0.0,0.0,0.0,0.0,0.0,0.0,0.0,0.0,Route Failure,4.546679616548759,"{'node_level': {}, 'link_level': {}, 'path_level': {}}","{'node_level': {3: {'cpu': -63}, 0: {'cpu': -68}, 1: {'cpu': -69}, 2: {'cpu': -82}}, 'link_level': {(0, 1): {'bw': -40}}, 'path_level': {(0, 1): {'latency': 4.546679616548759}}}","{'node_level': {3: {'cpu': 0}, 0: {'cpu': 0}, 1: {'cpu': 0}, 2: {'cpu': 0}}, 'link_level': {(0, 1): {'bw': 0}}, 'path_level': {(0, 1): {'latency': 4.546679616548759}}}",[],0.0,0.0,True,False,False,0,[],0,0.0,4.0,1.0
88,14,6,1608.0,3010.0,1087473.1324259103,1979219.669573796,0.53421926910299,0.5494453946388307,16,146,0,1108.6412263936854,45226,7017,38209,0.03253826003033222,0.035028790786948205,14,920.6412263936853,188.0,8,14,False,{},{},{},{},0.0,0.0,0.0,0.0,0.0,0.0,0.0,0.0,0.0,0.0,0.0,0.0,0.0,0.0,Leave Event,0.0,"{'node_level': {}, 'link_level': {}, 'path_level': {}}","{'node_level': {}, 'link_level': {}, 'path_level': {}}","{'node_level': {}, 'link_level': {}, 'path_level': {}}",[],0.0,0.0,True,True,False,0,[],0,0.0,,
89,14,6,1608.0,3010.0,1087473.1324259103,1979219.669573796,0.53421926910299,0.5494453946388307,16,147,1,1112.0,45226,7017,38209,0.03253826003033222,0.035028790786948205,88,1442.305864299997,1112.0,6,6,False,"{1: 32, 4: 42, 3: 95, 0: 81, 2: 94, 5: 1}","{(0, 1): [(81, 60), (60, 32)], (0, 2): []}","{(1, 32): {'cpu': 17}, (4, 42): {'cpu': 16}, (3, 95): {'cpu': 9}, (0, 81): {'cpu': 8}, (2, 94): {'cpu': 7}, (5, 1): {'cpu': 3}}","{((0, 1), (81, 60)): {'bw': 11}, ((0, 1), (60, 32)): {'bw': 11}}",0.0,0.0,238.0,60.0,178.0,0.0,0.0,0.0,0.0,0.0,0.0,0.0,0.0,0.0,Route Failure,5.124615289746188,"{'node_level': {}, 'link_level': {}, 'path_level': {}}","{'node_level': {1: {'cpu': -66}, 4: {'cpu': -68}, 3: {'cpu': -76}, 0: {'cpu': -80}, 2: {'cpu': -58}, 5: {'cpu': -60}}, 'link_level': {(0, 1): {'bw': -24}, (0, 2): {'bw': -10}}, 'path_level': {(0, 1): {'latency': -3.030433820134798}, (0, 2): {'latency': 5.124615289746188}}}","{'node_level': {1: {'cpu': 0}, 4: {'cpu': 0}, 3: {'cpu': 0}, 0: {'cpu': 0}, 2: {'cpu': 0}, 5: {'cpu': 0}}, 'link_level': {(0, 1): {'bw': 0}, (0, 2): {'bw': 0}}, 'path_level': {(0, 1): {'latency': 0}, (0, 2): {'latency': 5.124615289746188}}}",[],0.0,0.0,True,False,False,0,[],0,0.0,6.0,2.0
89,14,5,1608.0,3010.0,1087473.1324259103,1979219.669573796,0.53421926910299,0.5494453946388307,16,148,0,1117.275997393307,45398,7045,38353,0.028677788501309753,0.0313920598040206,56,401.275997393307,716.0,3,2,False,{},{},{},{},0.0,0.0,0.0,0.0,0.0,0.0,0.0,0.0,0.0,0.0,0.0,0.0,0.0,0.0,Leave Event,0.0,"{'node_level': {}, 'link_level': {}, 'path_level': {}}","{'node_level': {}, 'link_level': {}, 'path_level': {}}","{'node_level': {}, 'link_level': {}, 'path_level': {}}",[],0.0,0.0,True,True,False,0,[],0,0.0,,
90,15,6,1707.0,3204.0,1156094.5545580483,2113689.9311256623,0.5327715355805244,0.5469556047619345,16,149,1,1119.0,45204,7008,38196,0.0337791258789466,0.03535710677846249,89,693.1456781024035,1119.0,4,3,True,"{0: 32, 2: 87, 3: 52, 1: 42}","{(0, 3): [(32, 41), (41, 94), (94, 52)], (1, 2): [(42, 45), (45, 87)], (2, 3): [(87, 45), (45, 72), (72, 52)]}","{(0, 32): {'cpu': 14}, (2, 87): {'cpu': 13}, (3, 52): {'cpu': 9}, (1, 42): {'cpu': 1}}","{((0, 3), (32, 41)): {'bw': 1}, ((0, 3), (41, 94)): {'bw': 1}, ((0, 3), (94, 52)): {'bw': 1}, ((1, 2), (42, 45)): {'bw': 29}, ((1, 2), (45, 87)): {'bw': 29}, ((2, 3), (87, 45)): {'bw': 32}, ((2, 3), (45, 72)): {'bw': 32}, ((2, 3), (72, 52)): {'bw': 32}}",194.0,99.0,99.0,37.0,62.0,37.0,62.0,37.0,157.0,95.0,0.5103092783505154,134470.26155186628,68621.42213213794,353.7186707842162,Success,0.0,"{'node_level': {}, 'link_level': {}, 'path_level': {}}","{'node_level': {0: {'cpu': -69}, 2: {'cpu': -68}, 3: {'cpu': -73}, 1: {'cpu': -83}}, 'link_level': {(0, 3): {'bw': -49}, (1, 2): {'bw': -37}, (2, 3): {'bw': -5}}, 'path_level': {(0, 3): {'latency': -0.6068504047763819}, (1, 2): {'latency': -12.351548359785024}, (2, 3): {'latency': -9.246521211316505}}}","{'node_level': {0: {'cpu': 0}, 2: {'cpu': 0}, 3: {'cpu': 0}, 1: {'cpu': 0}}, 'link_level': {(0, 3): {'bw': 0}, (1, 2): {'bw': 0}, (2, 3): {'bw': 0}}, 'path_level': {(0, 3): {'latency': 0}, (1, 2): {'latency': 0}, (2, 3): {'latency': 0}}}",[],0.0,0.0,True,True,False,0,[],0,0.0,4.0,3.0
91,16,7,1741.0,3246.0,1163142.9678711705,2122396.7946301075,0.5363524337646334,0.5480327575004106,16,150,1,1130.0,45162,6982,38180,0.03736384944161042,0.0357611879987878,90,207.30627391535805,1130.0,2,1,True,"{0: 42, 1: 95}","{(0, 1): [(42, 7), (7, 95)]}","{(0, 42): {'cpu': 16}, (1, 95): {'cpu': 10}}","{((0, 1), (42, 7)): {'bw': 8}, ((0, 1), (7, 95)): {'bw': 8}}",42.0,34.0,34.0,26.0,8.0,26.0,8.0,26.0,16.0,8.0,0.8095238095238095,8706.863504445038,7048.413313122173,167.819364598147,Success,0.0,"{'node_level': {}, 'link_level': {}, 'path_level': {}}","{'node_level': {0: {'cpu': -67}, 1: {'cpu': -75}}, 'link_level': {(0, 1): {'bw': -69}}, 'path_level': {(0, 1): {'latency': -7.529411990867919}}}","{'node_level': {0: {'cpu': 0}, 1: {'cpu': 0}}, 'link_level': {(0, 1): {'bw': 0}}, 'path_level': {(0, 1): {'latency': 0}}}",[],0.0,0.0,True,True,False,0,[],0,0.0,2.0,1.0
91,16,7,1741.0,3246.0,1163142.9678711705,2122396.7946301075,0.5363524337646334,0.5480327575004106,16,151,0,1136.0367475186629,45162,6982,38180,0.03736384944161042,0.0357611879987878,66,297.0367475186629,839.0,6,10,False,{},{},{},{},0.0,0.0,0.0,0.0,0.0,0.0,0.0,0.0,0.0,0.0,0.0,0.0,0.0,0.0,Leave Event,0.0,"{'node_level': {}, 'link_level': {}, 'path_level': {}}","{'node_level': {}, 'link_level': {}, 'path_level': {}}","{'node_level': {}, 'link_level': {}, 'path_level': {}}",[],0.0,0.0,True,True,False,0,[],0,0.0,,
92,16,7,1741.0,3246.0,1163142.9678711705,2122396.7946301075,0.5363524337646334,0.5480327575004106,16,152,1,1147.0,45162,6982,38180,0.03736384944161042,0.0357611879987878,91,336.2302533398408,1147.0,5,6,False,"{1: 81, 2: 94, 0: 1, 4: 5, 3: 23}","{(0, 1): [(1, 81)], (0, 3): [(1, 13), (13, 23)], (0, 4): []}","{(1, 81): {'cpu': 15}, (2, 94): {'cpu': 15}, (0, 1): {'cpu': 13}, (4, 5): {'cpu': 10}, (3, 23): {'cpu': 8}}","{((0, 1), (1, 81)): {'bw': 40}, ((0, 3), (1, 13)): {'bw': 46}, ((0, 3), (13, 23)): {'bw': 46}}",0.0,0.0,283.0,61.0,222.0,0.0,0.0,0.0,0.0,0.0,0.0,0.0,0.0,0.0,Route Failure,4.706524682554716,"{'node_level': {}, 'link_level': {}, 'path_level': {}}","{'node_level': {1: {'cpu': -73}, 2: {'cpu': -50}, 0: {'cpu': -50}, 4: {'cpu': -65}, 3: {'cpu': -79}}, 'link_level': {(0, 1): {'bw': -27}, (0, 3): {'bw': -34}, (0, 4): {'bw': -35}}, 'path_level': {(0, 1): {'latency': -7.045282827979312}, (0, 3): {'latency': -3.9078883166175498}, (0, 4): {'latency': 4.706524682554716}}}","{'node_level': {1: {'cpu': 0}, 2: {'cpu': 0}, 0: {'cpu': 0}, 4: {'cpu': 0}, 3: {'cpu': 0}}, 'link_level': {(0, 1): {'bw': 0}, (0, 3): {'bw': 0}, (0, 4): {'bw': 0}}, 'path_level': {(0, 1): {'latency': 0}, (0, 3): {'latency': 0}, (0, 4): {'latency': 4.706524682554716}}}",[],0.0,0.0,True,False,False,0,[],0,0.0,5.0,3.0
92,16,7,1741.0,3246.0,1163142.9678711705,2122396.7946301075,0.5363524337646334,0.5480327575004106,16,153,0,1151.4092813015957,45162,6982,38180,0.03736384944161042,0.0357611879987878,34,728.4092813015957,423.0,9,23,False,{},{},{},{},0.0,0.0,0.0,0.0,0.0,0.0,0.0,0.0,0.0,0.0,0.0,0.0,0.0,0.0,Leave Event,0.0,"{'node_level': {}, 'link_level': {}, 'path_level': {}}","{'node_level': {}, 'link_level': {}, 'path_level': {}}","{'node_level': {}, 'link_level': {}, 'path_level': {}}",[],0.0,0.0,True,True,False,0,[],0,0.0,,
93,16,7,1741.0,3246.0,1163142.9678711705,2122396.7946301075,0.5363524337646334,0.5480327575004106,16,154,1,1161.0,45162,6982,38180,0.03736384944161042,0.0357611879987878,92,206.9894615828749,1161.0,4,3,False,"{3: 81, 1: 94, 0: 1, 2: 5}","{(0, 2): [(1, 74), (74, 5)], (1, 2): []}","{(3, 81): {'cpu': 17}, (1, 94): {'cpu': 15}, (0, 1): {'cpu': 12}, (2, 5): {'cpu': 3}}","{((0, 2), (1, 74)): {'bw': 44}, ((0, 2), (74, 5)): {'bw': 44}}",0.0,0.0,119.0,47.0,72.0,0.0,0.0,0.0,0.0,0.0,0.0,0.0,0.0,0.0,Route Failure,8.288223757772139,"{'node_level': {}, 'link_level': {}, 'path_level': {}}","{'node_level': {3: {'cpu': -71}, 1: {'cpu': -50}, 0: {'cpu': -51}, 2: {'cpu': -72}}, 'link_level': {(0, 2): {'bw': -13}, (1, 2): {'bw': -38}}, 'path_level': {(0, 2): {'latency': -3.9671921805705868}, (1, 2): {'latency': 8.288223757772139}}}","{'node_level': {3: {'cpu': 0}, 1: {'cpu': 0}, 0: {'cpu': 0}, 2: {'cpu': 0}}, 'link_level': {(0, 2): {'bw': 0}, (1, 2): {'bw': 0}}, 'path_level': {(0, 2): {'latency': 0}, (1, 2): {'latency': 8.288223757772139}}}",[],0.0,0.0,True,False,False,0,[],0,0.0,4.0,2.0
94,16,7,1741.0,3246.0,1163142.9678711705,2122396.7946301075,0.5363524337646334,0.5480327575004106,16,155,1,1168.0,45162,6982,38180,0.03736384944161042,0.0357611879987878,93,98.91474941530419,1168.0,2,1,False,"{1: 81, 0: 94}","{(0, 1): []}","{(1, 81): {'cpu': 17}, (0, 94): {'cpu': 14}}",{},0.0,0.0,70.0,31.0,39.0,0.0,0.0,0.0,0.0,0.0,0.0,0.0,0.0,0.0,Route Failure,21.0,"{'node_level': {}, 'link_level': {}, 'path_level': {}}","{'node_level': {1: {'cpu': -71}, 0: {'cpu': -51}}, 'link_level': {(0, 1): {'bw': 21}}, 'path_level': {(0, 1): {'latency': 3.872767414628509}}}","{'node_level': {1: {'cpu': 0}, 0: {'cpu': 0}}, 'link_level': {(0, 1): {'bw': 21}}, 'path_level': {(0, 1): {'latency': 3.872767414628509}}}",[],0.0,0.0,True,False,False,0,[],0,0.0,2.0,1.0
95,16,7,1741.0,3246.0,1163142.9678711705,2122396.7946301075,0.5363524337646334,0.5480327575004106,16,156,1,1173.0,45162,6982,38180,0.03736384944161042,0.0357611879987878,94,93.75947916796311,1173.0,9,23,False,"{5: 81, 7: 94, 1: 1, 8: 5, 2: 23, 3: 32, 4: 40, 6: 99, 0: 35}","{(0, 1): []}","{(5, 81): {'cpu': 20}, (7, 94): {'cpu': 18}, (1, 1): {'cpu': 14}, (8, 5): {'cpu': 13}, (2, 23): {'cpu': 5}, (3, 32): {'cpu': 4}, (4, 40): {'cpu': 4}, (6, 99): {'cpu': 3}, (0, 35): {'cpu': 1}}",{},0.0,0.0,600.0,82.0,518.0,0.0,0.0,0.0,0.0,0.0,0.0,0.0,0.0,0.0,Route Failure,3.0213291383107155,"{'node_level': {}, 'link_level': {}, 'path_level': {}}","{'node_level': {5: {'cpu': -68}, 7: {'cpu': -47}, 1: {'cpu': -49}, 8: {'cpu': -62}, 2: {'cpu': -82}, 3: {'cpu': -65}, 4: {'cpu': -60}, 6: {'cpu': -64}, 0: {'cpu': -84}}, 'link_level': {(0, 1): {'bw': -58}}, 'path_level': {(0, 1): {'latency': 3.0213291383107155}}}","{'node_level': {5: {'cpu': 0}, 7: {'cpu': 0}, 1: {'cpu': 0}, 8: {'cpu': 0}, 2: {'cpu': 0}, 3: {'cpu': 0}, 4: {'cpu': 0}, 6: {'cpu': 0}, 0: {'cpu': 0}}, 'link_level': {(0, 1): {'bw': 0}}, 'path_level': {(0, 1): {'latency': 3.0213291383107155}}}",[],0.0,0.0,True,False,False,0,[],0,0.0,9.0,1.0
96,16,7,1741.0,3246.0,1163142.9678711705,2122396.7946301075,0.5363524337646334,0.5480327575004106,16,157,1,1186.0,45162,6982,38180,0.03736384944161042,0.0357611879987878,95,311.29867310999197,1186.0,7,8,False,"{2: 81, 4: 94, 5: 1, 1: 5, 6: 23, 3: 32, 0: 40}","{(0, 2): [(40, 9), (9, 81)], (0, 6): [(40, 8), (8, 2), (2, 23)], (1, 2): []}","{(2, 81): {'cpu': 17}, (4, 94): {'cpu': 14}, (5, 1): {'cpu': 12}, (1, 5): {'cpu': 9}, (6, 23): {'cpu': 9}, (3, 32): {'cpu': 8}, (0, 40): {'cpu': 5}}","{((0, 2), (40, 9)): {'bw': 22}, ((0, 2), (9, 81)): {'bw': 22}, ((0, 6), (40, 8)): {'bw': 48}, ((0, 6), (8, 2)): {'bw': 48}, ((0, 6), (2, 23)): {'bw': 48}}",0.0,0.0,308.0,74.0,234.0,0.0,0.0,0.0,0.0,0.0,0.0,0.0,0.0,0.0,Route Failure,4.872154743652741,"{'node_level': {}, 'link_level': {}, 'path_level': {}}","{'node_level': {2: {'cpu': -71}, 4: {'cpu': -51}, 5: {'cpu': -51}, 1: {'cpu': -66}, 6: {'cpu': -78}, 3: {'cpu': -61}, 0: {'cpu': -59}}, 'link_level': {(0, 2): {'bw': -4}, (0, 6): {'bw': -25}, (1, 2): {'bw': -17}}, 'path_level': {(0, 2): {'latency': -3.776632571135611}, (0, 6): {'latency': -4.875193813557988}, (1, 2): {'latency': 4.872154743652741}}}","{'node_level': {2: {'cpu': 0}, 4: {'cpu': 0}, 5: {'cpu': 0}, 1: {'cpu': 0}, 6: {'cpu': 0}, 3: {'cpu': 0}, 0: {'cpu': 0}}, 'link_level': {(0, 2): {'bw': 0}, (0, 6): {'bw': 0}, (1, 2): {'bw': 0}}, 'path_level': {(0, 2): {'latency': 0}, (0, 6): {'latency': 0}, (1, 2): {'latency': 4.872154743652741}}}",[],0.0,0.0,True,False,False,0,[],0,0.0,7.0,3.0
96,16,6,1741.0,3246.0,1163142.9678711705,2122396.7946301075,0.5363524337646334,0.5480327575004106,16,158,0,1194.731311046663,45392,7021,38371,0.031986764097614806,0.030937468431154636,69,316.7313110466631,878.0,6,6,False,{},{},{},{},0.0,0.0,0.0,0.0,0.0,0.0,0.0,0.0,0.0,0.0,0.0,0.0,0.0,0.0,Leave Event,0.0,"{'node_level': {}, 'link_level': {}, 'path_level': {}}","{'node_level': {}, 'link_level': {}, 'path_level': {}}","{'node_level': {}, 'link_level': {}, 'path_level': {}}",[],0.0,0.0,True,True,False,0,[],0,0.0,,
97,17,7,1775.0,3305.0,1198435.4953007298,2183639.709875519,0.5370650529500757,0.5488247396678128,16,159,1,1200.0,45333,7012,38321,0.03322762994622919,0.03220022224467123,96,1038.015512634093,1200.0,2,1,True,"{0: 17, 1: 32}","{(0, 1): [(17, 60), (60, 32)]}","{(0, 17): {'cpu': 5}, (1, 32): {'cpu': 4}}","{((0, 1), (17, 60)): {'bw': 25}, ((0, 1), (60, 32)): {'bw': 25}}",59.0,34.0,34.0,9.0,25.0,9.0,25.0,9.0,50.0,25.0,0.576271186440678,61242.91524541149,35292.527429559166,598.1784310094773,Success,0.0,"{'node_level': {}, 'link_level': {}, 'path_level': {}}","{'node_level': {0: {'cpu': -83}, 1: {'cpu': -70}}, 'link_level': {(0, 1): {'bw': -25}}, 'path_level': {(0, 1): {'latency': -1.1540569118955162}}}","{'node_level': {0: {'cpu': 0}, 1: {'cpu': 0}}, 'link_level': {(0, 1): {'bw': 0}}, 'path_level': {(0, 1): {'latency': 0}}}",[],0.0,0.0,True,True,False,0,[],0,0.0,2.0,1.0
97,17,7,1775.0,3305.0,1198435.4953007298,2183639.709875519,0.5370650529500757,0.5488247396678128,16,160,0,1206.0384341796394,45333,7012,38321,0.03322762994622919,0.03220022224467123,65,385.03843417963935,821.0,6,6,False,{},{},{},{},0.0,0.0,0.0,0.0,0.0,0.0,0.0,0.0,0.0,0.0,0.0,0.0,0.0,0.0,Leave Event,0.0,"{'node_level': {}, 'link_level': {}, 'path_level': {}}","{'node_level': {}, 'link_level': {}, 'path_level': {}}","{'node_level': {}, 'link_level': {}, 'path_level': {}}",[],0.0,0.0,True,True,False,0,[],0,0.0,,
98,17,7,1775.0,3305.0,1198435.4953007298,2183639.709875519,0.5370650529500757,0.5488247396678128,16,161,1,1216.0,45333,7012,38321,0.03322762994622919,0.03220022224467123,97,1442.2721435754875,1216.0,4,5,False,"{2: 40, 0: 87, 1: 81, 3: 1}","{(0, 2): [(87, 8), (8, 40)], (0, 3): []}","{(2, 40): {'cpu': 12}, (0, 87): {'cpu': 10}, (1, 81): {'cpu': 8}, (3, 1): {'cpu': 7}}","{((0, 2), (87, 8)): {'bw': 29}, ((0, 2), (8, 40)): {'bw': 29}}",0.0,0.0,183.0,37.0,146.0,0.0,0.0,0.0,0.0,0.0,0.0,0.0,0.0,0.0,Route Failure,41.0,"{'node_level': {}, 'link_level': {}, 'path_level': {}}","{'node_level': {2: {'cpu': -57}, 0: {'cpu': -65}, 1: {'cpu': -83}, 3: {'cpu': -57}}, 'link_level': {(0, 2): {'bw': -37}, (0, 3): {'bw': 41}}, 'path_level': {(0, 2): {'latency': -5.766910632716952}, (0, 3): {'latency': 6.147579523494202}}}","{'node_level': {2: {'cpu': 0}, 0: {'cpu': 0}, 1: {'cpu': 0}, 3: {'cpu': 0}}, 'link_level': {(0, 2): {'bw': 0}, (0, 3): {'bw': 41}}, 'path_level': {(0, 2): {'latency': 0}, (0, 3): {'latency': 6.147579523494202}}}",[],0.0,0.0,True,False,False,0,[],0,0.0,4.0,2.0
98,17,6,1775.0,3305.0,1198435.4953007298,2183639.709875519,0.5370650529500757,0.5488247396678128,16,162,0,1216.1646505537753,45536,7027,38509,0.031159520198538515,0.027452267905849093,86,131.1646505537754,1085.0,3,3,False,{},{},{},{},0.0,0.0,0.0,0.0,0.0,0.0,0.0,0.0,0.0,0.0,0.0,0.0,0.0,0.0,Leave Event,0.0,"{'node_level': {}, 'link_level': {}, 'path_level': {}}","{'node_level': {}, 'link_level': {}, 'path_level': {}}","{'node_level': {}, 'link_level': {}, 'path_level': {}}",[],0.0,0.0,True,True,False,0,[],0,0.0,,
98,17,6,1775.0,3305.0,1198435.4953007298,2183639.709875519,0.5370650529500757,0.5488247396678128,16,163,0,1224.5217545832033,45536,7027,38509,0.031159520198538515,0.027452267905849093,48,629.5217545832035,595.0,7,9,False,{},{},{},{},0.0,0.0,0.0,0.0,0.0,0.0,0.0,0.0,0.0,0.0,0.0,0.0,0.0,0.0,Leave Event,0.0,"{'node_level': {}, 'link_level': {}, 'path_level': {}}","{'node_level': {}, 'link_level': {}, 'path_level': {}}","{'node_level': {}, 'link_level': {}, 'path_level': {}}",[],0.0,0.0,True,True,False,0,[],0,0.0,,
99,17,6,1775.0,3305.0,1198435.4953007298,2183639.709875519,0.5370650529500757,0.5488247396678128,16,164,1,1226.0,45536,7027,38509,0.031159520198538515,0.027452267905849093,98,468.56935664517397,1226.0,9,20,False,"{5: 32, 6: 40, 8: 81, 2: 87, 3: 1, 4: 17, 1: 94, 7: 5, 0: 23}","{(0, 3): [(23, 13), (13, 1)], (0, 4): [(23, 17)], (0, 5): [(23, 68), (68, 32)], (0, 6): []}","{(5, 32): {'cpu': 18}, (6, 40): {'cpu': 18}, (8, 81): {'cpu': 17}, (2, 87): {'cpu': 11}, (3, 1): {'cpu': 9}, (4, 17): {'cpu': 9}, (1, 94): {'cpu': 8}, (7, 5): {'cpu': 6}, (0, 23): {'cpu': 4}}","{((0, 3), (23, 13)): {'bw': 23}, ((0, 3), (13, 1)): {'bw': 23}, ((0, 4), (23, 17)): {'bw': 36}, ((0, 5), (23, 68)): {'bw': 36}, ((0, 5), (68, 32)): {'bw': 36}}",0.0,0.0,604.0,100.0,504.0,0.0,0.0,0.0,0.0,0.0,0.0,0.0,0.0,0.0,Route Failure,7.655157916329225,"{'node_level': {}, 'link_level': {}, 'path_level': {}}","{'node_level': {5: {'cpu': -61}, 6: {'cpu': -51}, 8: {'cpu': -75}, 2: {'cpu': -64}, 3: {'cpu': -55}, 4: {'cpu': -74}, 1: {'cpu': -57}, 7: {'cpu': -69}, 0: {'cpu': -83}}, 'link_level': {(0, 3): {'bw': -57}, (0, 4): {'bw': -31}, (0, 5): {'bw': -16}, (0, 6): {'bw': -33}}, 'path_level': {(0, 3): {'latency': -8.249084673469001}, (0, 4): {'latency': -9.37877250254065}, (0, 5): {'latency': -1.9872130196591709}, (0, 6): {'latency': 7.655157916329225}}}","{'node_level': {5: {'cpu': 0}, 6: {'cpu': 0}, 8: {'cpu': 0}, 2: {'cpu': 0}, 3: {'cpu': 0}, 4: {'cpu': 0}, 1: {'cpu': 0}, 7: {'cpu': 0}, 0: {'cpu': 0}}, 'link_level': {(0, 3): {'bw': 0}, (0, 4): {'bw': 0}, (0, 5): {'bw': 0}, (0, 6): {'bw': 0}}, 'path_level': {(0, 3): {'latency': 0}, (0, 4): {'latency': 0}, (0, 5): {'latency': 0}, (0, 6): {'latency': 7.655157916329225}}}",[],0.0,0.0,True,False,False,0,[],0,0.0,9.0,4.0
100,17,6,1775.0,3305.0,1198435.4953007298,2183639.709875519,0.5370650529500757,0.5488247396678128,16,165,1,1240.0,45536,7027,38509,0.031159520198538515,0.027452267905849093,99,453.98200558622,1240.0,4,5,False,"{0: 32, 1: 40, 3: 81, 2: 87}","{(0, 1): []}","{(0, 32): {'cpu': 20}, (1, 40): {'cpu': 17}, (3, 81): {'cpu': 10}, (2, 87): {'cpu': 9}}",{},0.0,0.0,193.0,56.0,137.0,0.0,0.0,0.0,0.0,0.0,0.0,0.0,0.0,0.0,Route Failure,6.224078650714298,"{'node_level': {}, 'link_level': {}, 'path_level': {}}","{'node_level': {0: {'cpu': -59}, 1: {'cpu': -52}, 3: {'cpu': -82}, 2: {'cpu': -66}}, 'link_level': {(0, 1): {'bw': -11}}, 'path_level': {(0, 1): {'latency': 6.224078650714298}}}","{'node_level': {0: {'cpu': 0}, 1: {'cpu': 0}, 3: {'cpu': 0}, 2: {'cpu': 0}}, 'link_level': {(0, 1): {'bw': 0}}, 'path_level': {(0, 1): {'latency': 6.224078650714298}}}",[],0.0,0.0,True,False,False,0,[],0,0.0,4.0,1.0
100,17,6,1775.0,3305.0,1198435.4953007298,2183639.709875519,0.5370650529500757,0.5488247396678128,16,166,0,1240.0014385167754,45536,7027,38509,0.031159520198538515,0.027452267905849093,77,265.0014385167753,975.0,7,9,False,{},{},{},{},0.0,0.0,0.0,0.0,0.0,0.0,0.0,0.0,0.0,0.0,0.0,0.0,0.0,0.0,Leave Event,0.0,"{'node_level': {}, 'link_level': {}, 'path_level': {}}","{'node_level': {}, 'link_level': {}, 'path_level': {}}","{'node_level': {}, 'link_level': {}, 'path_level': {}}",[],0.0,0.0,True,True,False,0,[],0,0.0,,
100,17,6,1775.0,3305.0,1198435.4953007298,2183639.709875519,0.5370650529500757,0.5488247396678128,16,167,0,1257.6362816285116,45536,7027,38509,0.031159520198538515,0.027452267905849093,81,233.63628162851163,1024.0,7,11,False,{},{},{},{},0.0,0.0,0.0,0.0,0.0,0.0,0.0,0.0,0.0,0.0,0.0,0.0,0.0,0.0,Leave Event,0.0,"{'node_level': {}, 'link_level': {}, 'path_level': {}}","{'node_level': {}, 'link_level': {}, 'path_level': {}}","{'node_level': {}, 'link_level': {}, 'path_level': {}}",[],0.0,0.0,True,True,False,0,[],0,0.0,,
100,17,6,1775.0,3305.0,1198435.4953007298,2183639.709875519,0.5370650529500757,0.5488247396678128,16,168,0,1266.759479167963,45536,7027,38509,0.031159520198538515,0.027452267905849093,94,93.75947916796311,1173.0,9,23,False,{},{},{},{},0.0,0.0,0.0,0.0,0.0,0.0,0.0,0.0,0.0,0.0,0.0,0.0,0.0,0.0,Leave Event,0.0,"{'node_level': {}, 'link_level': {}, 'path_level': {}}","{'node_level': {}, 'link_level': {}, 'path_level': {}}","{'node_level': {}, 'link_level': {}, 'path_level': {}}",[],0.0,0.0,True,True,False,0,[],0,0.0,,
100,17,6,1775.0,3305.0,1198435.4953007298,2183639.709875519,0.5370650529500757,0.5488247396678128,16,169,0,1266.9147494153042,45536,7027,38509,0.031159520198538515,0.027452267905849093,93,98.91474941530419,1168.0,2,1,False,{},{},{},{},0.0,0.0,0.0,0.0,0.0,0.0,0.0,0.0,0.0,0.0,0.0,0.0,0.0,0.0,Leave Event,0.0,"{'node_level': {}, 'link_level': {}, 'path_level': {}}","{'node_level': {}, 'link_level': {}, 'path_level': {}}","{'node_level': {}, 'link_level': {}, 'path_level': {}}",[],0.0,0.0,True,True,False,0,[],0,0.0,,
100,17,6,1775.0,3305.0,1198435.4953007298,2183639.709875519,0.5370650529500757,0.5488247396678128,16,170,0,1279.9589618830807,45536,7027,38509,0.031159520198538515,0.027452267905849093,73,354.95896188308075,925.0,10,24,False,{},{},{},{},0.0,0.0,0.0,0.0,0.0,0.0,0.0,0.0,0.0,0.0,0.0,0.0,0.0,0.0,Leave Event,0.0,"{'node_level': {}, 'link_level': {}, 'path_level': {}}","{'node_level': {}, 'link_level': {}, 'path_level': {}}","{'node_level': {}, 'link_level': {}, 'path_level': {}}",[],0.0,0.0,True,True,False,0,[],0,0.0,,
100,17,6,1775.0,3305.0,1198435.4953007298,2183639.709875519,0.5370650529500757,0.5488247396678128,16,171,0,1288.4559275729157,45536,7027,38509,0.031159520198538515,0.027452267905849093,84,227.45592757291564,1061.0,7,11,False,{},{},{},{},0.0,0.0,0.0,0.0,0.0,0.0,0.0,0.0,0.0,0.0,0.0,0.0,0.0,0.0,Leave Event,0.0,"{'node_level': {}, 'link_level': {}, 'path_level': {}}","{'node_level': {}, 'link_level': {}, 'path_level': {}}","{'node_level': {}, 'link_level': {}, 'path_level': {}}",[],0.0,0.0,True,True,False,0,[],0,0.0,,
100,17,6,1775.0,3305.0,1198435.4953007298,2183639.709875519,0.5370650529500757,0.5488247396678128,16,172,0,1294.955851751608,45536,7027,38509,0.031159520198538515,0.027452267905849093,2,1251.955851751608,43.0,5,6,False,{},{},{},{},0.0,0.0,0.0,0.0,0.0,0.0,0.0,0.0,0.0,0.0,0.0,0.0,0.0,0.0,Leave Event,0.0,"{'node_level': {}, 'link_level': {}, 'path_level': {}}","{'node_level': {}, 'link_level': {}, 'path_level': {}}","{'node_level': {}, 'link_level': {}, 'path_level': {}}",[],0.0,0.0,True,True,False,0,[],0,0.0,,
100,17,6,1775.0,3305.0,1198435.4953007298,2183639.709875519,0.5370650529500757,0.5488247396678128,16,173,0,1305.4285659002398,45536,7027,38509,0.031159520198538515,0.027452267905849093,82,272.4285659002399,1033.0,5,5,False,{},{},{},{},0.0,0.0,0.0,0.0,0.0,0.0,0.0,0.0,0.0,0.0,0.0,0.0,0.0,0.0,Leave Event,0.0,"{'node_level': {}, 'link_level': {}, 'path_level': {}}","{'node_level': {}, 'link_level': {}, 'path_level': {}}","{'node_level': {}, 'link_level': {}, 'path_level': {}}",[],0.0,0.0,True,True,False,0,[],0,0.0,,
100,17,6,1775.0,3305.0,1198435.4953007298,2183639.709875519,0.5370650529500757,0.5488247396678128,16,174,0,1335.489605459313,45536,7027,38509,0.031159520198538515,0.027452267905849093,51,691.489605459313,644.0,6,9,False,{},{},{},{},0.0,0.0,0.0,0.0,0.0,0.0,0.0,0.0,0.0,0.0,0.0,0.0,0.0,0.0,Leave Event,0.0,"{'node_level': {}, 'link_level': {}, 'path_level': {}}","{'node_level': {}, 'link_level': {}, 'path_level': {}}","{'node_level': {}, 'link_level': {}, 'path_level': {}}",[],0.0,0.0,True,True,False,0,[],0,0.0,,
100,17,5,1775.0,3305.0,1198435.4953007298,2183639.709875519,0.5370650529500757,0.5488247396678128,16,175,0,1337.3062739153581,45578,7053,38525,0.02757479663587481,0.02704818668552378,90,207.30627391535805,1130.0,2,1,False,{},{},{},{},0.0,0.0,0.0,0.0,0.0,0.0,0.0,0.0,0.0,0.0,0.0,0.0,0.0,0.0,Leave Event,0.0,"{'node_level': {}, 'link_level': {}, 'path_level': {}}","{'node_level': {}, 'link_level': {}, 'path_level': {}}","{'node_level': {}, 'link_level': {}, 'path_level': {}}",[],0.0,0.0,True,True,False,0,[],0,0.0,,
100,17,5,1775.0,3305.0,1198435.4953007298,2183639.709875519,0.5370650529500757,0.5488247396678128,16,176,0,1339.7911631197298,45578,7053,38525,0.02757479663587481,0.02704818668552378,7,1242.7911631197298,97.0,4,5,False,{},{},{},{},0.0,0.0,0.0,0.0,0.0,0.0,0.0,0.0,0.0,0.0,0.0,0.0,0.0,0.0,Leave Event,0.0,"{'node_level': {}, 'link_level': {}, 'path_level': {}}","{'node_level': {}, 'link_level': {}, 'path_level': {}}","{'node_level': {}, 'link_level': {}, 'path_level': {}}",[],0.0,0.0,True,True,False,0,[],0,0.0,,
100,17,5,1775.0,3305.0,1198435.4953007298,2183639.709875519,0.5370650529500757,0.5488247396678128,16,177,0,1367.9894615828748,45578,7053,38525,0.02757479663587481,0.02704818668552378,92,206.9894615828749,1161.0,4,3,False,{},{},{},{},0.0,0.0,0.0,0.0,0.0,0.0,0.0,0.0,0.0,0.0,0.0,0.0,0.0,0.0,Leave Event,0.0,"{'node_level': {}, 'link_level': {}, 'path_level': {}}","{'node_level': {}, 'link_level': {}, 'path_level': {}}","{'node_level': {}, 'link_level': {}, 'path_level': {}}",[],0.0,0.0,True,True,False,0,[],0,0.0,,
100,17,5,1775.0,3305.0,1198435.4953007298,2183639.709875519,0.5370650529500757,0.5488247396678128,16,178,0,1382.1522428022445,45578,7053,38525,0.02757479663587481,0.02704818668552378,8,1270.1522428022445,112.0,6,8,False,{},{},{},{},0.0,0.0,0.0,0.0,0.0,0.0,0.0,0.0,0.0,0.0,0.0,0.0,0.0,0.0,Leave Event,0.0,"{'node_level': {}, 'link_level': {}, 'path_level': {}}","{'node_level': {}, 'link_level': {}, 'path_level': {}}","{'node_level': {}, 'link_level': {}, 'path_level': {}}",[],0.0,0.0,True,True,False,0,[],0,0.0,,
100,17,5,1775.0,3305.0,1198435.4953007298,2183639.709875519,0.5370650529500757,0.5488247396678128,16,179,0,1483.2302533398408,45578,7053,38525,0.02757479663587481,0.02704818668552378,91,336.2302533398408,1147.0,5,6,False,{},{},{},{},0.0,0.0,0.0,0.0,0.0,0.0,0.0,0.0,0.0,0.0,0.0,0.0,0.0,0.0,Leave Event,0.0,"{'node_level': {}, 'link_level': {}, 'path_level': {}}","{'node_level': {}, 'link_level': {}, 'path_level': {}}","{'node_level': {}, 'link_level': {}, 'path_level': {}}",[],0.0,0.0,True,True,False,0,[],0,0.0,,
100,17,5,1775.0,3305.0,1198435.4953007298,2183639.709875519,0.5370650529500757,0.5488247396678128,16,180,0,1489.7534787451477,45578,7053,38525,0.02757479663587481,0.02704818668552378,29,1110.7534787451477,379.0,10,23,False,{},{},{},{},0.0,0.0,0.0,0.0,0.0,0.0,0.0,0.0,0.0,0.0,0.0,0.0,0.0,0.0,Leave Event,0.0,"{'node_level': {}, 'link_level': {}, 'path_level': {}}","{'node_level': {}, 'link_level': {}, 'path_level': {}}","{'node_level': {}, 'link_level': {}, 'path_level': {}}",[],0.0,0.0,True,True,False,0,[],0,0.0,,
100,17,5,1775.0,3305.0,1198435.4953007298,2183639.709875519,0.5370650529500757,0.5488247396678128,16,181,0,1495.8667793215377,45578,7053,38525,0.02757479663587481,0.02704818668552378,27,1131.8667793215377,364.0,4,3,False,{},{},{},{},0.0,0.0,0.0,0.0,0.0,0.0,0.0,0.0,0.0,0.0,0.0,0.0,0.0,0.0,Leave Event,0.0,"{'node_level': {}, 'link_level': {}, 'path_level': {}}","{'node_level': {}, 'link_level': {}, 'path_level': {}}","{'node_level': {}, 'link_level': {}, 'path_level': {}}",[],0.0,0.0,True,True,False,0,[],0,0.0,,
100,17,5,1775.0,3305.0,1198435.4953007298,2183639.709875519,0.5370650529500757,0.5488247396678128,16,182,0,1497.298673109992,45578,7053,38525,0.02757479663587481,0.02704818668552378,95,311.29867310999197,1186.0,7,8,False,{},{},{},{},0.0,0.0,0.0,0.0,0.0,0.0,0.0,0.0,0.0,0.0,0.0,0.0,0.0,0.0,Leave Event,0.0,"{'node_level': {}, 'link_level': {}, 'path_level': {}}","{'node_level': {}, 'link_level': {}, 'path_level': {}}","{'node_level': {}, 'link_level': {}, 'path_level': {}}",[],0.0,0.0,True,True,False,0,[],0,0.0,,
100,17,5,1775.0,3305.0,1198435.4953007298,2183639.709875519,0.5370650529500757,0.5488247396678128,16,183,0,1693.98200558622,45578,7053,38525,0.02757479663587481,0.02704818668552378,99,453.98200558622,1240.0,4,5,False,{},{},{},{},0.0,0.0,0.0,0.0,0.0,0.0,0.0,0.0,0.0,0.0,0.0,0.0,0.0,0.0,Leave Event,0.0,"{'node_level': {}, 'link_level': {}, 'path_level': {}}","{'node_level': {}, 'link_level': {}, 'path_level': {}}","{'node_level': {}, 'link_level': {}, 'path_level': {}}",[],0.0,0.0,True,True,False,0,[],0,0.0,,
100,17,5,1775.0,3305.0,1198435.4953007298,2183639.709875519,0.5370650529500757,0.5488247396678128,16,184,0,1694.569356645174,45578,7053,38525,0.02757479663587481,0.02704818668552378,98,468.56935664517397,1226.0,9,20,False,{},{},{},{},0.0,0.0,0.0,0.0,0.0,0.0,0.0,0.0,0.0,0.0,0.0,0.0,0.0,0.0,Leave Event,0.0,"{'node_level': {}, 'link_level': {}, 'path_level': {}}","{'node_level': {}, 'link_level': {}, 'path_level': {}}","{'node_level': {}, 'link_level': {}, 'path_level': {}}",[],0.0,0.0,True,True,False,0,[],0,0.0,,
100,17,5,1775.0,3305.0,1198435.4953007298,2183639.709875519,0.5370650529500757,0.5488247396678128,16,185,0,1698.911731037811,45578,7053,38525,0.02757479663587481,0.02704818668552378,75,754.9117310378111,944.0,5,9,False,{},{},{},{},0.0,0.0,0.0,0.0,0.0,0.0,0.0,0.0,0.0,0.0,0.0,0.0,0.0,0.0,Leave Event,0.0,"{'node_level': {}, 'link_level': {}, 'path_level': {}}","{'node_level': {}, 'link_level': {}, 'path_level': {}}","{'node_level': {}, 'link_level': {}, 'path_level': {}}",[],0.0,0.0,True,True,False,0,[],0,0.0,,
100,17,4,1775.0,3305.0,1198435.4953007298,2183639.709875519,0.5370650529500757,0.5488247396678128,16,186,0,1710.723798965108,45857,7089,38768,0.022611333241417397,0.02091120315183348,52,1053.723798965108,657.0,3,2,False,{},{},{},{},0.0,0.0,0.0,0.0,0.0,0.0,0.0,0.0,0.0,0.0,0.0,0.0,0.0,0.0,Leave Event,0.0,"{'node_level': {}, 'link_level': {}, 'path_level': {}}","{'node_level': {}, 'link_level': {}, 'path_level': {}}","{'node_level': {}, 'link_level': {}, 'path_level': {}}",[],0.0,0.0,True,True,False,0,[],0,0.0,,
100,17,3,1775.0,3305.0,1198435.4953007298,2183639.709875519,0.5370650529500757,0.5488247396678128,16,187,0,1806.8663923792355,46220,7154,39066,0.013649524334758079,0.013385190423275128,70,919.8663923792355,887.0,5,5,False,{},{},{},{},0.0,0.0,0.0,0.0,0.0,0.0,0.0,0.0,0.0,0.0,0.0,0.0,0.0,0.0,Leave Event,0.0,"{'node_level': {}, 'link_level': {}, 'path_level': {}}","{'node_level': {}, 'link_level': {}, 'path_level': {}}","{'node_level': {}, 'link_level': {}, 'path_level': {}}",[],0.0,0.0,True,True,False,0,[],0,0.0,,
100,17,2,1775.0,3305.0,1198435.4953007298,2183639.709875519,0.5370650529500757,0.5488247396678128,16,188,0,1812.1456781024035,46414,7191,39223,0.008548186957121229,0.00942014344883324,89,693.1456781024035,1119.0,4,3,False,{},{},{},{},0.0,0.0,0.0,0.0,0.0,0.0,0.0,0.0,0.0,0.0,0.0,0.0,0.0,0.0,Leave Event,0.0,"{'node_level': {}, 'link_level': {}, 'path_level': {}}","{'node_level': {}, 'link_level': {}, 'path_level': {}}","{'node_level': {}, 'link_level': {}, 'path_level': {}}",[],0.0,0.0,True,True,False,0,[],0,0.0,,
100,17,2,1775.0,3305.0,1198435.4953007298,2183639.709875519,0.5370650529500757,0.5488247396678128,16,189,0,1820.8970432321962,46414,7191,39223,0.008548186957121229,0.00942014344883324,87,723.8970432321961,1097.0,4,4,False,{},{},{},{},0.0,0.0,0.0,0.0,0.0,0.0,0.0,0.0,0.0,0.0,0.0,0.0,0.0,0.0,Leave Event,0.0,"{'node_level': {}, 'link_level': {}, 'path_level': {}}","{'node_level': {}, 'link_level': {}, 'path_level': {}}","{'node_level': {}, 'link_level': {}, 'path_level': {}}",[],0.0,0.0,True,True,False,0,[],0,0.0,,
100,17,2,1775.0,3305.0,1198435.4953007298,2183639.709875519,0.5370650529500757,0.5488247396678128,16,190,0,1957.9932579629997,46414,7191,39223,0.008548186957121229,0.00942014344883324,76,1000.9932579629997,957.0,9,22,False,{},{},{},{},0.0,0.0,0.0,0.0,0.0,0.0,0.0,0.0,0.0,0.0,0.0,0.0,0.0,0.0,Leave Event,0.0,"{'node_level': {}, 'link_level': {}, 'path_level': {}}","{'node_level': {}, 'link_level': {}, 'path_level': {}}","{'node_level': {}, 'link_level': {}, 'path_level': {}}",[],0.0,0.0,True,True,False,0,[],0,0.0,,
100,17,2,1775.0,3305.0,1198435.4953007298,2183639.709875519,0.5370650529500757,0.5488247396678128,16,191,0,2078.088644606799,46414,7191,39223,0.008548186957121229,0.00942014344883324,71,1175.088644606799,903.0,6,8,False,{},{},{},{},0.0,0.0,0.0,0.0,0.0,0.0,0.0,0.0,0.0,0.0,0.0,0.0,0.0,0.0,Leave Event,0.0,"{'node_level': {}, 'link_level': {}, 'path_level': {}}","{'node_level': {}, 'link_level': {}, 'path_level': {}}","{'node_level': {}, 'link_level': {}, 'path_level': {}}",[],0.0,0.0,True,True,False,0,[],0,0.0,,
100,17,2,1775.0,3305.0,1198435.4953007298,2183639.709875519,0.5370650529500757,0.5488247396678128,16,192,0,2168.1852539970178,46414,7191,39223,0.008548186957121229,0.00942014344883324,39,1682.185253997018,486.0,9,17,False,{},{},{},{},0.0,0.0,0.0,0.0,0.0,0.0,0.0,0.0,0.0,0.0,0.0,0.0,0.0,0.0,Leave Event,0.0,"{'node_level': {}, 'link_level': {}, 'path_level': {}}","{'node_level': {}, 'link_level': {}, 'path_level': {}}","{'node_level': {}, 'link_level': {}, 'path_level': {}}",[],0.0,0.0,True,True,False,0,[],0,0.0,,
100,17,1,1775.0,3305.0,1198435.4953007298,2183639.709875519,0.5370650529500757,0.5488247396678128,16,193,0,2238.0155126340933,46473,7200,39273,0.007307321108506848,0.008157389635316648,96,1038.015512634093,1200.0,2,1,False,{},{},{},{},0.0,0.0,0.0,0.0,0.0,0.0,0.0,0.0,0.0,0.0,0.0,0.0,0.0,0.0,Leave Event,0.0,"{'node_level': {}, 'link_level': {}, 'path_level': {}}","{'node_level': {}, 'link_level': {}, 'path_level': {}}","{'node_level': {}, 'link_level': {}, 'path_level': {}}",[],0.0,0.0,True,True,False,0,[],0,0.0,,
100,17,0,1775.0,3305.0,1198435.4953007298,2183639.709875519,0.5370650529500757,0.5488247396678128,16,194,0,2329.503396923519,46849,7253,39596,0.0,0.0,32,1921.503396923519,408.0,5,7,False,{},{},{},{},0.0,0.0,0.0,0.0,0.0,0.0,0.0,0.0,0.0,0.0,0.0,0.0,0.0,0.0,Leave Event,0.0,"{'node_level': {}, 'link_level': {}, 'path_level': {}}","{'node_level': {}, 'link_level': {}, 'path_level': {}}","{'node_level': {}, 'link_level': {}, 'path_level': {}}",[],0.0,0.0,True,True,False,0,[],0,0.0,,
100,17,0,1775.0,3305.0,1198435.4953007298,2183639.709875519,0.5370650529500757,0.5488247396678128,16,195,0,2472.267727891407,46849,7253,39596,0.0,0.0,58,1736.267727891407,736.0,5,6,False,{},{},{},{},0.0,0.0,0.0,0.0,0.0,0.0,0.0,0.0,0.0,0.0,0.0,0.0,0.0,0.0,Leave Event,0.0,"{'node_level': {}, 'link_level': {}, 'path_level': {}}","{'node_level': {}, 'link_level': {}, 'path_level': {}}","{'node_level': {}, 'link_level': {}, 'path_level': {}}",[],0.0,0.0,True,True,False,0,[],0,0.0,,
100,17,0,1775.0,3305.0,1198435.4953007298,2183639.709875519,0.5370650529500757,0.5488247396678128,16,196,0,2554.3058642999968,46849,7253,39596,0.0,0.0,88,1442.305864299997,1112.0,6,6,False,{},{},{},{},0.0,0.0,0.0,0.0,0.0,0.0,0.0,0.0,0.0,0.0,0.0,0.0,0.0,0.0,Leave Event,0.0,"{'node_level': {}, 'link_level': {}, 'path_level': {}}","{'node_level': {}, 'link_level': {}, 'path_level': {}}","{'node_level': {}, 'link_level': {}, 'path_level': {}}",[],0.0,0.0,True,True,False,0,[],0,0.0,,
100,17,0,1775.0,3305.0,1198435.4953007298,2183639.709875519,0.5370650529500757,0.5488247396678128,16,197,0,2658.2721435754875,46849,7253,39596,0.0,0.0,97,1442.2721435754875,1216.0,4,5,False,{},{},{},{},0.0,0.0,0.0,0.0,0.0,0.0,0.0,0.0,0.0,0.0,0.0,0.0,0.0,0.0,Leave Event,0.0,"{'node_level': {}, 'link_level': {}, 'path_level': {}}","{'node_level': {}, 'link_level': {}, 'path_level': {}}","{'node_level': {}, 'link_level': {}, 'path_level': {}}",[],0.0,0.0,True,True,False,0,[],0,0.0,,
100,17,0,1775.0,3305.0,1198435.4953007298,2183639.709875519,0.5370650529500757,0.5488247396678128,16,198,0,2869.905066586304,46849,7253,39596,0.0,0.0,63,2068.905066586304,801.0,5,5,False,{},{},{},{},0.0,0.0,0.0,0.0,0.0,0.0,0.0,0.0,0.0,0.0,0.0,0.0,0.0,0.0,Leave Event,0.0,"{'node_level': {}, 'link_level': {}, 'path_level': {}}","{'node_level': {}, 'link_level': {}, 'path_level': {}}","{'node_level': {}, 'link_level': {}, 'path_level': {}}",[],0.0,0.0,True,True,False,0,[],0,0.0,,
100,17,0,1775.0,3305.0,1198435.4953007298,2183639.709875519,0.5370650529500757,0.5488247396678128,16,199,0,3033.9235083769545,46849,7253,39596,0.0,0.0,80,2024.9235083769545,1009.0,3,2,False,{},{},{},{},0.0,0.0,0.0,0.0,0.0,0.0,0.0,0.0,0.0,0.0,0.0,0.0,0.0,0.0,Leave Event,0.0,"{'node_level': {}, 'link_level': {}, 'path_level': {}}","{'node_level': {}, 'link_level': {}, 'path_level': {}}","{'node_level': {}, 'link_level': {}, 'path_level': {}}",[],0.0,0.0,True,True,False,0,[],0,0.0,,
