v_net_count,success_count,inservice_count,total_revenue,total_cost,total_time_revenue,total_time_cost,long_term_r2c_ratio,long_term_time_r2c_ratio,num_running_p_net_nodes,event_id,event_type,event_time,p_net_available_resource,p_net_node_available_resource,p_net_link_available_resource,p_net_node_resource_utilization,p_net_link_resource_utilization,v_net_id,v_net_lifetime,v_net_arrival_time,v_net_num_nodes,v_net_num_egdes,result,node_slots,link_paths,node_slots_info,link_paths_info,v_net_cost,v_net_revenue,v_net_demand,v_net_node_demand,v_net_link_demand,v_net_node_revenue,v_net_link_revenue,v_net_node_cost,v_net_link_cost,v_net_path_cost,v_net_r2c_ratio,v_net_time_cost,v_net_time_revenue,v_net_time_rc_ratio,description,v_net_total_hard_constraint_violation,v_net_single_step_constraint_offset,v_net_constraint_offsets,v_net_constraint_violations,v_net_single_step_violation_list,v_net_single_step_hard_constraint_offset,v_net_max_single_step_hard_constraint_violation,place_result,route_result,early_rejection,revoke_times,selected_actions,num_interactions,v_net_reward,num_placed_nodes,num_routed_links
1,0,0,0.0,0.0,0.0,0.0,0.0,0.0,0,0,1,11.0,42634,7761,34873,0.0,0.0,0,69.22537333413192,11.0,10,20,False,"{7: 4, 1: 31, 0: 50, 9: 73, 4: 57, 3: 66, 5: 60, 6: 21, 8: 86, 2: 44}","{(0, 1): [(50, 31)], (0, 3): [(50, 77), (77, 66)], (0, 6): []}","{(7, 4): {'cpu': 1}, (1, 31): {'cpu': 16}, (0, 50): {'cpu': 2}, (9, 73): {'cpu': 3}, (4, 57): {'cpu': 16}, (3, 66): {'cpu': 18}, (5, 60): {'cpu': 14}, (6, 21): {'cpu': 5}, (8, 86): {'cpu': 14}, (2, 44): {'cpu': 20}}","{((0, 1), (50, 31)): {'bw': 42}, ((0, 3), (50, 77)): {'bw': 50}, ((0, 3), (77, 66)): {'bw': 50}}",0.0,0.0,816.0,109.0,707.0,0.0,0.0,0.0,0.0,0.0,0.0,0.0,0.0,0.0,Route Failure,7.010572494188913,"{'node_level': {}, 'link_level': {}, 'path_level': {}}","{'node_level': {7: {'cpu': -49}, 1: {'cpu': -63}, 0: {'cpu': -85}, 9: {'cpu': -84}, 4: {'cpu': -55}, 3: {'cpu': -48}, 5: {'cpu': -72}, 6: {'cpu': -71}, 8: {'cpu': -46}, 2: {'cpu': -44}}, 'link_level': {(0, 1): {'bw': -35}, (0, 3): {'bw': -9}, (0, 6): {'bw': -24}}, 'path_level': {(0, 1): {'latency': -7.233656939510617}, (0, 3): {'latency': -4.744040331092403}, (0, 6): {'latency': 7.010572494188913}}}","{'node_level': {7: {'cpu': 0}, 1: {'cpu': 0}, 0: {'cpu': 0}, 9: {'cpu': 0}, 4: {'cpu': 0}, 3: {'cpu': 0}, 5: {'cpu': 0}, 6: {'cpu': 0}, 8: {'cpu': 0}, 2: {'cpu': 0}}, 'link_level': {(0, 1): {'bw': 0}, (0, 3): {'bw': 0}, (0, 6): {'bw': 0}}, 'path_level': {(0, 1): {'latency': 0}, (0, 3): {'latency': 0}, (0, 6): {'latency': 7.010572494188913}}}",[],0.0,0.0,True,False,False,0,[],0,0.0,10.0,3.0
2,0,0,0.0,0.0,0.0,0.0,0.0,0.0,0,1,1,15.0,42634,7761,34873,0.0,0.0,1,402.9091007123842,15.0,5,5,False,"{1: 4, 4: 31, 3: 50, 0: 73, 2: 57}","{(0, 1): [(73, 59), (59, 4)], (0, 4): [(73, 55), (55, 31)], (1, 3): []}","{(1, 4): {'cpu': 19}, (4, 31): {'cpu': 16}, (3, 50): {'cpu': 19}, (0, 73): {'cpu': 17}, (2, 57): {'cpu': 16}}","{((0, 1), (73, 59)): {'bw': 10}, ((0, 1), (59, 4)): {'bw': 10}, ((0, 4), (73, 55)): {'bw': 14}, ((0, 4), (55, 31)): {'bw': 14}}",0.0,0.0,175.0,87.0,88.0,0.0,0.0,0.0,0.0,0.0,0.0,0.0,0.0,0.0,Route Failure,5.973106714940378,"{'node_level': {}, 'link_level': {}, 'path_level': {}}","{'node_level': {1: {'cpu': -31}, 4: {'cpu': -63}, 3: {'cpu': -68}, 0: {'cpu': -70}, 2: {'cpu': -55}}, 'link_level': {(0, 1): {'bw': -46}, (0, 4): {'bw': -44}, (1, 3): {'bw': -60}}, 'path_level': {(0, 1): {'latency': -2.2555167379196446}, (0, 4): {'latency': -0.7388005480656235}, (1, 3): {'latency': 5.973106714940378}}}","{'node_level': {1: {'cpu': 0}, 4: {'cpu': 0}, 3: {'cpu': 0}, 0: {'cpu': 0}, 2: {'cpu': 0}}, 'link_level': {(0, 1): {'bw': 0}, (0, 4): {'bw': 0}, (1, 3): {'bw': 0}}, 'path_level': {(0, 1): {'latency': 0}, (0, 4): {'latency': 0}, (1, 3): {'latency': 5.973106714940378}}}",[],0.0,0.0,True,False,False,0,[],0,0.0,5.0,3.0
3,0,0,0.0,0.0,0.0,0.0,0.0,0.0,0,2,1,30.0,42634,7761,34873,0.0,0.0,2,104.01345834808855,30.0,10,20,False,"{1: 4, 9: 31, 2: 50, 6: 73, 0: 57, 3: 66, 7: 60, 4: 21, 8: 86, 5: 44}","{(0, 1): [(57, 59), (59, 4)], (0, 3): [(57, 66)], (0, 5): [(57, 44)], (1, 2): []}","{(1, 4): {'cpu': 16}, (9, 31): {'cpu': 5}, (2, 50): {'cpu': 11}, (6, 73): {'cpu': 19}, (0, 57): {'cpu': 16}, (3, 66): {'cpu': 10}, (7, 60): {'cpu': 14}, (4, 21): {'cpu': 14}, (8, 86): {'cpu': 15}, (5, 44): {'cpu': 15}}","{((0, 1), (57, 59)): {'bw': 26}, ((0, 1), (59, 4)): {'bw': 26}, ((0, 3), (57, 66)): {'bw': 38}, ((0, 5), (57, 44)): {'bw': 27}}",0.0,0.0,631.0,135.0,496.0,0.0,0.0,0.0,0.0,0.0,0.0,0.0,0.0,0.0,Route Failure,9.31413773936665,"{'node_level': {}, 'link_level': {}, 'path_level': {}}","{'node_level': {1: {'cpu': -34}, 9: {'cpu': -74}, 2: {'cpu': -76}, 6: {'cpu': -68}, 0: {'cpu': -55}, 3: {'cpu': -56}, 7: {'cpu': -72}, 4: {'cpu': -62}, 8: {'cpu': -45}, 5: {'cpu': -49}}, 'link_level': {(0, 1): {'bw': -30}, (0, 3): {'bw': -59}, (0, 5): {'bw': -48}, (1, 2): {'bw': -40}}, 'path_level': {(0, 1): {'latency': -0.14909148106546333}, (0, 3): {'latency': -0.7355274283573476}, (0, 5): {'latency': -8.210011174966347}, (1, 2): {'latency': 9.31413773936665}}}","{'node_level': {1: {'cpu': 0}, 9: {'cpu': 0}, 2: {'cpu': 0}, 6: {'cpu': 0}, 0: {'cpu': 0}, 3: {'cpu': 0}, 7: {'cpu': 0}, 4: {'cpu': 0}, 8: {'cpu': 0}, 5: {'cpu': 0}}, 'link_level': {(0, 1): {'bw': 0}, (0, 3): {'bw': 0}, (0, 5): {'bw': 0}, (1, 2): {'bw': 0}}, 'path_level': {(0, 1): {'latency': 0}, (0, 3): {'latency': 0}, (0, 5): {'latency': 0}, (1, 2): {'latency': 9.31413773936665}}}",[],0.0,0.0,True,False,False,0,[],0,0.0,10.0,4.0
4,0,0,0.0,0.0,0.0,0.0,0.0,0.0,0,3,1,43.0,42634,7761,34873,0.0,0.0,3,1519.332862724567,43.0,10,27,False,"{7: 4, 1: 31, 8: 50, 3: 73, 9: 57, 4: 66, 2: 60, 5: 21, 0: 86, 6: 44}","{(0, 2): [(86, 7), (7, 60)], (0, 4): [(86, 77), (77, 66)], (0, 7): [(86, 21), (21, 4)], (0, 8): [(86, 77), (77, 50)], (1, 3): [(31, 55), (55, 73)], (1, 4): []}","{(7, 4): {'cpu': 8}, (1, 31): {'cpu': 18}, (8, 50): {'cpu': 20}, (3, 73): {'cpu': 2}, (9, 57): {'cpu': 20}, (4, 66): {'cpu': 4}, (2, 60): {'cpu': 18}, (5, 21): {'cpu': 3}, (0, 86): {'cpu': 9}, (6, 44): {'cpu': 11}}","{((0, 2), (86, 7)): {'bw': 14}, ((0, 2), (7, 60)): {'bw': 14}, ((0, 4), (86, 77)): {'bw': 9}, ((0, 4), (77, 66)): {'bw': 9}, ((0, 7), (86, 21)): {'bw': 49}, ((0, 7), (21, 4)): {'bw': 49}, ((0, 8), (86, 77)): {'bw': 33}, ((0, 8), (77, 50)): {'bw': 33}, ((1, 3), (31, 55)): {'bw': 39}, ((1, 3), (55, 73)): {'bw': 39}}",0.0,0.0,864.0,113.0,751.0,0.0,0.0,0.0,0.0,0.0,0.0,0.0,0.0,0.0,Route Failure,4.582631655663359,"{'node_level': {}, 'link_level': {}, 'path_level': {}}","{'node_level': {7: {'cpu': -42}, 1: {'cpu': -61}, 8: {'cpu': -67}, 3: {'cpu': -85}, 9: {'cpu': -51}, 4: {'cpu': -62}, 2: {'cpu': -68}, 5: {'cpu': -73}, 0: {'cpu': -51}, 6: {'cpu': -53}}, 'link_level': {(0, 2): {'bw': -38}, (0, 4): {'bw': -50}, (0, 7): {'bw': -13}, (0, 8): {'bw': -56}, (1, 3): {'bw': -19}, (1, 4): {'bw': -59}}, 'path_level': {(0, 2): {'latency': -6.397520067025444}, (0, 4): {'latency': -2.9735616759056747}, (0, 7): {'latency': -5.140512813033101}, (0, 8): {'latency': -6.764947740086647}, (1, 3): {'latency': -2.3737854318626104}, (1, 4): {'latency': 4.582631655663359}}}","{'node_level': {7: {'cpu': 0}, 1: {'cpu': 0}, 8: {'cpu': 0}, 3: {'cpu': 0}, 9: {'cpu': 0}, 4: {'cpu': 0}, 2: {'cpu': 0}, 5: {'cpu': 0}, 0: {'cpu': 0}, 6: {'cpu': 0}}, 'link_level': {(0, 2): {'bw': 0}, (0, 4): {'bw': 0}, (0, 7): {'bw': 0}, (0, 8): {'bw': 0}, (1, 3): {'bw': 0}, (1, 4): {'bw': 0}}, 'path_level': {(0, 2): {'latency': 0}, (0, 4): {'latency': 0}, (0, 7): {'latency': 0}, (0, 8): {'latency': 0}, (1, 3): {'latency': 0}, (1, 4): {'latency': 4.582631655663359}}}",[],0.0,0.0,True,False,False,0,[],0,0.0,10.0,6.0
5,1,1,32.0,49.0,18311.741111009796,28039.853576233752,0.6530612244897959,0.6530612244897959,2,4,1,59.0,42585,7746,34839,0.0019327406262079627,0.0009749663063114422,4,572.2419097190561,59.0,2,1,True,"{0: 4, 1: 31}","{(0, 1): [(4, 7), (7, 31)]}","{(0, 4): {'cpu': 12}, (1, 31): {'cpu': 3}}","{((0, 1), (4, 7)): {'bw': 17}, ((0, 1), (7, 31)): {'bw': 17}}",49.0,32.0,32.0,15.0,17.0,15.0,17.0,15.0,34.0,17.0,0.6530612244897959,28039.853576233752,18311.741111009796,373.709002265506,Success,0.0,"{'node_level': {}, 'link_level': {}, 'path_level': {}}","{'node_level': {0: {'cpu': -38}, 1: {'cpu': -76}}, 'link_level': {(0, 1): {'bw': -68}}, 'path_level': {(0, 1): {'latency': -0.7521809491953828}}}","{'node_level': {0: {'cpu': 0}, 1: {'cpu': 0}}, 'link_level': {(0, 1): {'bw': 0}}, 'path_level': {(0, 1): {'latency': 0}}}",[],0.0,0.0,True,True,False,0,[],0,0.0,2.0,1.0
6,1,1,32.0,49.0,18311.741111009796,28039.853576233752,0.6530612244897959,0.6530612244897959,2,5,1,71.0,42585,7746,34839,0.0019327406262079627,0.0009749663063114422,5,389.37396559521494,71.0,7,12,False,"{2: 4, 3: 31, 4: 50, 1: 73, 5: 57, 6: 66, 0: 60}","{(0, 3): [(60, 7), (7, 31)], (0, 4): [(60, 76), (76, 50)], (1, 3): []}","{(2, 4): {'cpu': 14}, (3, 31): {'cpu': 20}, (4, 50): {'cpu': 5}, (1, 73): {'cpu': 13}, (5, 57): {'cpu': 16}, (6, 66): {'cpu': 9}, (0, 60): {'cpu': 14}}","{((0, 3), (60, 7)): {'bw': 17}, ((0, 3), (7, 31)): {'bw': 17}, ((0, 4), (60, 76)): {'bw': 17}, ((0, 4), (76, 50)): {'bw': 17}}",0.0,0.0,327.0,91.0,236.0,0.0,0.0,0.0,0.0,0.0,0.0,0.0,0.0,0.0,Route Failure,7.092779965620236,"{'node_level': {}, 'link_level': {}, 'path_level': {}}","{'node_level': {2: {'cpu': -24}, 3: {'cpu': -56}, 4: {'cpu': -82}, 1: {'cpu': -74}, 5: {'cpu': -55}, 6: {'cpu': -57}, 0: {'cpu': -72}}, 'link_level': {(0, 3): {'bw': -35}, (0, 4): {'bw': -50}, (1, 3): {'bw': -17}}, 'path_level': {(0, 3): {'latency': -5.976132761129914}, (0, 4): {'latency': -6.560947214219876}, (1, 3): {'latency': 7.092779965620236}}}","{'node_level': {2: {'cpu': 0}, 3: {'cpu': 0}, 4: {'cpu': 0}, 1: {'cpu': 0}, 5: {'cpu': 0}, 6: {'cpu': 0}, 0: {'cpu': 0}}, 'link_level': {(0, 3): {'bw': 0}, (0, 4): {'bw': 0}, (1, 3): {'bw': 0}}, 'path_level': {(0, 3): {'latency': 0}, (0, 4): {'latency': 0}, (1, 3): {'latency': 7.092779965620236}}}",[],0.0,0.0,True,False,False,0,[],0,0.0,7.0,3.0
6,1,1,32.0,49.0,18311.741111009796,28039.853576233752,0.6530612244897959,0.6530612244897959,2,6,0,80.22537333413192,42585,7746,34839,0.0019327406262079627,0.0009749663063114422,0,69.22537333413192,11.0,10,20,False,{},{},{},{},0.0,0.0,0.0,0.0,0.0,0.0,0.0,0.0,0.0,0.0,0.0,0.0,0.0,0.0,Leave Event,0.0,"{'node_level': {}, 'link_level': {}, 'path_level': {}}","{'node_level': {}, 'link_level': {}, 'path_level': {}}","{'node_level': {}, 'link_level': {}, 'path_level': {}}",[],0.0,0.0,True,True,False,0,[],0,0.0,,
7,2,2,214.0,374.0,130077.87240767482,227622.23089170703,0.5721925133689839,0.5714638324125746,5,7,1,88.0,42260,7681,34579,0.010307950006442468,0.008430591001634458,6,614.0996225091485,88.0,5,5,True,"{2: 4, 1: 31, 0: 50, 4: 73, 3: 57}","{(0, 1): [(50, 31)], (0, 2): [(50, 54), (54, 4)], (0, 3): [(50, 55), (55, 57)], (1, 2): [(31, 7), (7, 38), (38, 4)], (1, 4): [(31, 55), (55, 73)]}","{(2, 4): {'cpu': 15}, (1, 31): {'cpu': 9}, (0, 50): {'cpu': 20}, (4, 73): {'cpu': 14}, (3, 57): {'cpu': 7}}","{((0, 1), (50, 31)): {'bw': 24}, ((0, 2), (50, 54)): {'bw': 36}, ((0, 2), (54, 4)): {'bw': 36}, ((0, 3), (50, 55)): {'bw': 5}, ((0, 3), (55, 57)): {'bw': 5}, ((1, 2), (31, 7)): {'bw': 50}, ((1, 2), (7, 38)): {'bw': 50}, ((1, 2), (38, 4)): {'bw': 50}, ((1, 4), (31, 55)): {'bw': 2}, ((1, 4), (55, 73)): {'bw': 2}}",325.0,182.0,182.0,65.0,117.0,65.0,117.0,65.0,260.0,143.0,0.56,199582.37731547328,111766.13129666503,343.8957886051232,Success,0.0,"{'node_level': {}, 'link_level': {}, 'path_level': {}}","{'node_level': {2: {'cpu': -23}, 1: {'cpu': -67}, 0: {'cpu': -67}, 4: {'cpu': -73}, 3: {'cpu': -64}}, 'link_level': {(0, 1): {'bw': -53}, (0, 2): {'bw': -25}, (0, 3): {'bw': -47}, (1, 2): {'bw': -19}, (1, 4): {'bw': -56}}, 'path_level': {(0, 1): {'latency': -1.942916671553351}, (0, 2): {'latency': -3.0951806902141916}, (0, 3): {'latency': -2.8760536259258136}, (1, 2): {'latency': -0.3241524573566954}, (1, 4): {'latency': -6.475318794322447}}}","{'node_level': {2: {'cpu': 0}, 1: {'cpu': 0}, 0: {'cpu': 0}, 4: {'cpu': 0}, 3: {'cpu': 0}}, 'link_level': {(0, 1): {'bw': 0}, (0, 2): {'bw': 0}, (0, 3): {'bw': 0}, (1, 2): {'bw': 0}, (1, 4): {'bw': 0}}, 'path_level': {(0, 1): {'latency': 0}, (0, 2): {'latency': 0}, (0, 3): {'latency': 0}, (1, 2): {'latency': 0}, (1, 4): {'latency': 0}}}",[],0.0,0.0,True,True,False,0,[],0,0.0,5.0,5.0
8,2,2,214.0,374.0,130077.87240767482,227622.23089170703,0.5721925133689839,0.5714638324125746,5,8,1,94.0,42260,7681,34579,0.010307950006442468,0.008430591001634458,7,153.18559621141526,94.0,7,9,False,"{4: 4, 5: 57, 1: 73, 0: 31, 2: 50, 3: 66, 6: 60}","{(0, 4): [(31, 12), (12, 4)], (0, 6): [(31, 5), (5, 48), (48, 60)], (1, 2): [(73, 55), (55, 50)], (1, 5): []}","{(4, 4): {'cpu': 5}, (5, 57): {'cpu': 19}, (1, 73): {'cpu': 15}, (0, 31): {'cpu': 4}, (2, 50): {'cpu': 4}, (3, 66): {'cpu': 14}, (6, 60): {'cpu': 4}}","{((0, 4), (31, 12)): {'bw': 45}, ((0, 4), (12, 4)): {'bw': 45}, ((0, 6), (31, 5)): {'bw': 36}, ((0, 6), (5, 48)): {'bw': 36}, ((0, 6), (48, 60)): {'bw': 36}, ((1, 2), (73, 55)): {'bw': 15}, ((1, 2), (55, 50)): {'bw': 15}}",0.0,0.0,328.0,65.0,263.0,0.0,0.0,0.0,0.0,0.0,0.0,0.0,0.0,0.0,Route Failure,7.078843920310392,"{'node_level': {}, 'link_level': {}, 'path_level': {}}","{'node_level': {4: {'cpu': -18}, 5: {'cpu': -45}, 1: {'cpu': -58}, 0: {'cpu': -63}, 2: {'cpu': -63}, 3: {'cpu': -52}, 6: {'cpu': -82}}, 'link_level': {(0, 4): {'bw': -13}, (0, 6): {'bw': -22}, (1, 2): {'bw': -41}, (1, 5): {'bw': -27}}, 'path_level': {(0, 4): {'latency': -1.7698974322396834}, (0, 6): {'latency': -0.8730050922864105}, (1, 2): {'latency': -8.996642588606973}, (1, 5): {'latency': 7.078843920310392}}}","{'node_level': {4: {'cpu': 0}, 5: {'cpu': 0}, 1: {'cpu': 0}, 0: {'cpu': 0}, 2: {'cpu': 0}, 3: {'cpu': 0}, 6: {'cpu': 0}}, 'link_level': {(0, 4): {'bw': 0}, (0, 6): {'bw': 0}, (1, 2): {'bw': 0}, (1, 5): {'bw': 0}}, 'path_level': {(0, 4): {'latency': 0}, (0, 6): {'latency': 0}, (1, 2): {'latency': 0}, (1, 5): {'latency': 7.078843920310392}}}",[],0.0,0.0,True,False,False,0,[],0,0.0,7.0,4.0
9,2,2,214.0,374.0,130077.87240767482,227622.23089170703,0.5721925133689839,0.5714638324125746,5,9,1,107.0,42260,7681,34579,0.010307950006442468,0.008430591001634458,8,1306.7725652947581,107.0,9,21,False,"{3: 4, 1: 57, 2: 73, 6: 31, 5: 50, 7: 66, 8: 60, 4: 21, 0: 86}","{(0, 1): [(86, 5), (5, 1), (1, 57)], (0, 6): [(86, 5), (5, 31)], (1, 2): [(57, 55), (55, 73)], (1, 3): [(57, 29), (29, 4)], (1, 4): [(57, 44), (44, 21)], (1, 6): []}","{(3, 4): {'cpu': 15}, (1, 57): {'cpu': 5}, (2, 73): {'cpu': 19}, (6, 31): {'cpu': 15}, (5, 50): {'cpu': 3}, (7, 66): {'cpu': 16}, (8, 60): {'cpu': 9}, (4, 21): {'cpu': 11}, (0, 86): {'cpu': 4}}","{((0, 1), (86, 5)): {'bw': 38}, ((0, 1), (5, 1)): {'bw': 38}, ((0, 1), (1, 57)): {'bw': 38}, ((0, 6), (86, 5)): {'bw': 28}, ((0, 6), (5, 31)): {'bw': 28}, ((1, 2), (57, 55)): {'bw': 34}, ((1, 2), (55, 73)): {'bw': 34}, ((1, 3), (57, 29)): {'bw': 35}, ((1, 3), (29, 4)): {'bw': 35}, ((1, 4), (57, 44)): {'bw': 11}, ((1, 4), (44, 21)): {'bw': 11}}",0.0,0.0,657.0,97.0,560.0,0.0,0.0,0.0,0.0,0.0,0.0,0.0,0.0,0.0,Route Failure,6.052994483389669,"{'node_level': {}, 'link_level': {}, 'path_level': {}}","{'node_level': {3: {'cpu': -8}, 1: {'cpu': -59}, 2: {'cpu': -54}, 6: {'cpu': -52}, 5: {'cpu': -64}, 7: {'cpu': -50}, 8: {'cpu': -77}, 4: {'cpu': -65}, 0: {'cpu': -56}}, 'link_level': {(0, 1): {'bw': -27}, (0, 6): {'bw': -13}, (1, 2): {'bw': -13}, (1, 3): {'bw': -27}, (1, 4): {'bw': -57}, (1, 6): {'bw': -32}}, 'path_level': {(0, 1): {'latency': -4.948327415868675}, (0, 6): {'latency': -4.911276195830117}, (1, 2): {'latency': -4.02697706672876}, (1, 3): {'latency': -2.7680477900279037}, (1, 4): {'latency': -1.706186686506462}, (1, 6): {'latency': 6.052994483389669}}}","{'node_level': {3: {'cpu': 0}, 1: {'cpu': 0}, 2: {'cpu': 0}, 6: {'cpu': 0}, 5: {'cpu': 0}, 7: {'cpu': 0}, 8: {'cpu': 0}, 4: {'cpu': 0}, 0: {'cpu': 0}}, 'link_level': {(0, 1): {'bw': 0}, (0, 6): {'bw': 0}, (1, 2): {'bw': 0}, (1, 3): {'bw': 0}, (1, 4): {'bw': 0}, (1, 6): {'bw': 0}}, 'path_level': {(0, 1): {'latency': 0}, (0, 6): {'latency': 0}, (1, 2): {'latency': 0}, (1, 3): {'latency': 0}, (1, 4): {'latency': 0}, (1, 6): {'latency': 6.052994483389669}}}",[],0.0,0.0,True,False,False,0,[],0,0.0,9.0,6.0
10,2,2,214.0,374.0,130077.87240767482,227622.23089170703,0.5721925133689839,0.5714638324125746,5,10,1,116.0,42260,7681,34579,0.010307950006442468,0.008430591001634458,9,913.7753751417193,116.0,8,16,False,"{1: 4, 3: 57, 0: 73, 4: 31, 5: 50, 2: 66, 7: 60, 6: 21}","{(0, 1): [(73, 59), (59, 4)], (0, 2): [(73, 66)], (0, 3): []}","{(1, 4): {'cpu': 13}, (3, 57): {'cpu': 4}, (0, 73): {'cpu': 11}, (4, 31): {'cpu': 8}, (5, 50): {'cpu': 1}, (2, 66): {'cpu': 6}, (7, 60): {'cpu': 16}, (6, 21): {'cpu': 3}}","{((0, 1), (73, 59)): {'bw': 47}, ((0, 1), (59, 4)): {'bw': 47}, ((0, 2), (73, 66)): {'bw': 42}}",0.0,0.0,436.0,62.0,374.0,0.0,0.0,0.0,0.0,0.0,0.0,0.0,0.0,0.0,Route Failure,7.3087285526983505,"{'node_level': {}, 'link_level': {}, 'path_level': {}}","{'node_level': {1: {'cpu': -10}, 3: {'cpu': -60}, 0: {'cpu': -62}, 4: {'cpu': -59}, 5: {'cpu': -66}, 2: {'cpu': -60}, 7: {'cpu': -70}, 6: {'cpu': -73}}, 'link_level': {(0, 1): {'bw': -9}, (0, 2): {'bw': -48}, (0, 3): {'bw': -44}}, 'path_level': {(0, 1): {'latency': -4.221085205624237}, (0, 2): {'latency': -3.332707885771688}, (0, 3): {'latency': 7.3087285526983505}}}","{'node_level': {1: {'cpu': 0}, 3: {'cpu': 0}, 0: {'cpu': 0}, 4: {'cpu': 0}, 5: {'cpu': 0}, 2: {'cpu': 0}, 7: {'cpu': 0}, 6: {'cpu': 0}}, 'link_level': {(0, 1): {'bw': 0}, (0, 2): {'bw': 0}, (0, 3): {'bw': 0}}, 'path_level': {(0, 1): {'latency': 0}, (0, 2): {'latency': 0}, (0, 3): {'latency': 7.3087285526983505}}}",[],0.0,0.0,True,False,False,0,[],0,0.0,8.0,3.0
11,3,3,268.0,460.0,165064.30785940093,283341.3688333449,0.5826086956521739,0.5825633882516044,5,11,1,128.0,42174,7659,34515,0.013142636258214102,0.010265821695867872,10,647.8969528097425,128.0,2,1,True,"{1: 4, 0: 57}","{(0, 1): [(57, 72), (72, 4)]}","{(1, 4): {'cpu': 15}, (0, 57): {'cpu': 7}}","{((0, 1), (57, 72)): {'bw': 32}, ((0, 1), (72, 4)): {'bw': 32}}",86.0,54.0,54.0,22.0,32.0,22.0,32.0,22.0,64.0,32.0,0.627906976744186,55719.137941637855,34986.435451726094,406.819016880536,Success,0.0,"{'node_level': {}, 'link_level': {}, 'path_level': {}}","{'node_level': {1: {'cpu': -8}, 0: {'cpu': -57}}, 'link_level': {(0, 1): {'bw': -40}}, 'path_level': {(0, 1): {'latency': -0.735082186554727}}}","{'node_level': {1: {'cpu': 0}, 0: {'cpu': 0}}, 'link_level': {(0, 1): {'bw': 0}}, 'path_level': {(0, 1): {'latency': 0}}}",[],0.0,0.0,True,True,False,0,[],0,0.0,2.0,1.0
11,3,3,268.0,460.0,165064.30785940093,283341.3688333449,0.5826086956521739,0.5825633882516044,5,12,0,134.01345834808853,42174,7659,34515,0.013142636258214102,0.010265821695867872,2,104.01345834808855,30.0,10,20,False,{},{},{},{},0.0,0.0,0.0,0.0,0.0,0.0,0.0,0.0,0.0,0.0,0.0,0.0,0.0,0.0,Leave Event,0.0,"{'node_level': {}, 'link_level': {}, 'path_level': {}}","{'node_level': {}, 'link_level': {}, 'path_level': {}}","{'node_level': {}, 'link_level': {}, 'path_level': {}}",[],0.0,0.0,True,True,False,0,[],0,0.0,,
12,4,4,597.0,952.0,272711.1384521973,444320.82370159973,0.6271008403361344,0.6137707798168529,7,13,1,142.0,41682,7571,34111,0.02448138126530086,0.02185071545321593,11,327.1940139598675,142.0,6,9,True,"{5: 73, 3: 31, 4: 50, 1: 66, 0: 60, 2: 57}","{(0, 1): [(60, 66)], (0, 4): [(60, 76), (76, 50)], (0, 5): [(60, 48), (48, 73)], (1, 4): [(66, 77), (77, 50)], (1, 5): [(66, 73)], (2, 3): [(57, 55), (55, 31)], (3, 4): [(31, 50)], (3, 5): [(31, 55), (55, 73)], (4, 5): [(50, 76), (76, 73)]}","{(5, 73): {'cpu': 20}, (3, 31): {'cpu': 10}, (4, 50): {'cpu': 15}, (1, 66): {'cpu': 12}, (0, 60): {'cpu': 19}, (2, 57): {'cpu': 12}}","{((0, 1), (60, 66)): {'bw': 2}, ((0, 4), (60, 76)): {'bw': 7}, ((0, 4), (76, 50)): {'bw': 7}, ((0, 5), (60, 48)): {'bw': 19}, ((0, 5), (48, 73)): {'bw': 19}, ((1, 4), (66, 77)): {'bw': 42}, ((1, 4), (77, 50)): {'bw': 42}, ((1, 5), (66, 73)): {'bw': 50}, ((2, 3), (57, 55)): {'bw': 30}, ((2, 3), (55, 31)): {'bw': 30}, ((3, 4), (31, 50)): {'bw': 26}, ((3, 5), (31, 55)): {'bw': 43}, ((3, 5), (55, 73)): {'bw': 43}, ((4, 5), (50, 76)): {'bw': 22}, ((4, 5), (76, 73)): {'bw': 22}}",492.0,329.0,329.0,88.0,241.0,88.0,241.0,88.0,404.0,163.0,0.6686991869918699,160979.4548682548,107646.83059279641,218.79437112356993,Success,0.0,"{'node_level': {}, 'link_level': {}, 'path_level': {}}","{'node_level': {5: {'cpu': -53}, 3: {'cpu': -57}, 4: {'cpu': -52}, 1: {'cpu': -54}, 0: {'cpu': -67}, 2: {'cpu': -45}}, 'link_level': {(0, 1): {'bw': -49}, (0, 4): {'bw': -60}, (0, 5): {'bw': -39}, (1, 4): {'bw': -17}, (1, 5): {'bw': -40}, (2, 3): {'bw': -17}, (3, 4): {'bw': -27}, (3, 5): {'bw': -3}, (4, 5): {'bw': -36}}, 'path_level': {(0, 1): {'latency': -2.4942007736424117}, (0, 4): {'latency': -7.864029052272226}, (0, 5): {'latency': -7.392019842551981}, (1, 4): {'latency': -4.652991631952235}, (1, 5): {'latency': -8.112496216688461}, (2, 3): {'latency': -2.6999843249083106}, (3, 4): {'latency': -7.742838730272037}, (3, 5): {'latency': -1.6978008454567384}, (4, 5): {'latency': -8.353993025443794}}}","{'node_level': {5: {'cpu': 0}, 3: {'cpu': 0}, 4: {'cpu': 0}, 1: {'cpu': 0}, 0: {'cpu': 0}, 2: {'cpu': 0}}, 'link_level': {(0, 1): {'bw': 0}, (0, 4): {'bw': 0}, (0, 5): {'bw': 0}, (1, 4): {'bw': 0}, (1, 5): {'bw': 0}, (2, 3): {'bw': 0}, (3, 4): {'bw': 0}, (3, 5): {'bw': 0}, (4, 5): {'bw': 0}}, 'path_level': {(0, 1): {'latency': 0}, (0, 4): {'latency': 0}, (0, 5): {'latency': 0}, (1, 4): {'latency': 0}, (1, 5): {'latency': 0}, (2, 3): {'latency': 0}, (3, 4): {'latency': 0}, (3, 5): {'latency': 0}, (4, 5): {'latency': 0}}}",[],0.0,0.0,True,True,False,0,[],0,0.0,6.0,9.0
13,4,4,597.0,952.0,272711.1384521973,444320.82370159973,0.6271008403361344,0.6137707798168529,7,14,1,156.0,41682,7571,34111,0.02448138126530086,0.02185071545321593,12,922.9067672351506,156.0,9,17,False,"{6: 21, 3: 86, 0: 4, 2: 44, 5: 13, 8: 59, 4: 57, 1: 60, 7: 5}","{(0, 1): []}","{(6, 21): {'cpu': 9}, (3, 86): {'cpu': 11}, (0, 4): {'cpu': 6}, (2, 44): {'cpu': 16}, (5, 13): {'cpu': 13}, (8, 59): {'cpu': 4}, (4, 57): {'cpu': 17}, (1, 60): {'cpu': 19}, (7, 5): {'cpu': 16}}",{},0.0,0.0,612.0,111.0,501.0,0.0,0.0,0.0,0.0,0.0,0.0,0.0,0.0,0.0,Route Failure,2.9659768562620883,"{'node_level': {}, 'link_level': {}, 'path_level': {}}","{'node_level': {6: {'cpu': -67}, 3: {'cpu': -49}, 0: {'cpu': -2}, 2: {'cpu': -48}, 5: {'cpu': -69}, 8: {'cpu': -89}, 4: {'cpu': -28}, 1: {'cpu': -48}, 7: {'cpu': -55}}, 'link_level': {(0, 1): {'bw': -37}}, 'path_level': {(0, 1): {'latency': 2.9659768562620883}}}","{'node_level': {6: {'cpu': 0}, 3: {'cpu': 0}, 0: {'cpu': 0}, 2: {'cpu': 0}, 5: {'cpu': 0}, 8: {'cpu': 0}, 4: {'cpu': 0}, 1: {'cpu': 0}, 7: {'cpu': 0}}, 'link_level': {(0, 1): {'bw': 0}}, 'path_level': {(0, 1): {'latency': 2.9659768562620883}}}",[],0.0,0.0,True,False,False,0,[],0,0.0,9.0,1.0
14,4,4,597.0,952.0,272711.1384521973,444320.82370159973,0.6271008403361344,0.6137707798168529,7,15,1,166.0,41682,7571,34111,0.02448138126530086,0.02185071545321593,13,682.7604622614016,166.0,10,25,False,"{0: 21, 9: 4, 7: 86, 2: 44, 5: 13, 3: 59, 1: 57, 8: 60, 6: 5, 4: 65}","{(0, 1): [(21, 44), (44, 57)], (0, 2): []}","{(0, 21): {'cpu': 2}, (9, 4): {'cpu': 1}, (7, 86): {'cpu': 18}, (2, 44): {'cpu': 12}, (5, 13): {'cpu': 2}, (3, 59): {'cpu': 15}, (1, 57): {'cpu': 14}, (8, 60): {'cpu': 18}, (6, 5): {'cpu': 13}, (4, 65): {'cpu': 8}}","{((0, 1), (21, 44)): {'bw': 48}, ((0, 1), (44, 57)): {'bw': 48}}",0.0,0.0,885.0,103.0,782.0,0.0,0.0,0.0,0.0,0.0,0.0,0.0,0.0,0.0,Route Failure,6.581619089332381,"{'node_level': {}, 'link_level': {}, 'path_level': {}}","{'node_level': {0: {'cpu': -74}, 9: {'cpu': -7}, 7: {'cpu': -42}, 2: {'cpu': -52}, 5: {'cpu': -80}, 3: {'cpu': -78}, 1: {'cpu': -31}, 8: {'cpu': -49}, 6: {'cpu': -58}, 4: {'cpu': -74}}, 'link_level': {(0, 1): {'bw': -20}, (0, 2): {'bw': -38}}, 'path_level': {(0, 1): {'latency': -9.068548422787362}, (0, 2): {'latency': 6.581619089332381}}}","{'node_level': {0: {'cpu': 0}, 9: {'cpu': 0}, 7: {'cpu': 0}, 2: {'cpu': 0}, 5: {'cpu': 0}, 3: {'cpu': 0}, 1: {'cpu': 0}, 8: {'cpu': 0}, 6: {'cpu': 0}, 4: {'cpu': 0}}, 'link_level': {(0, 1): {'bw': 0}, (0, 2): {'bw': 0}}, 'path_level': {(0, 1): {'latency': 0}, (0, 2): {'latency': 6.581619089332381}}}",[],0.0,0.0,True,False,False,0,[],0,0.0,10.0,2.0
15,5,5,699.0,1057.0,327779.3405868661,501008.67884022935,0.6613055818353831,0.654238847410055,9,16,1,174.0,41577,7555,34022,0.026542971266589332,0.024402833137384228,14,539.8843346536152,174.0,3,3,True,"{2: 21, 0: 86, 1: 4}","{(0, 1): [(86, 7), (7, 4)], (0, 2): [(86, 21)], (1, 2): [(4, 21)]}","{(2, 21): {'cpu': 2}, (0, 86): {'cpu': 11}, (1, 4): {'cpu': 3}}","{((0, 1), (86, 7)): {'bw': 3}, ((0, 1), (7, 4)): {'bw': 3}, ((0, 2), (86, 21)): {'bw': 40}, ((1, 2), (4, 21)): {'bw': 43}}",105.0,102.0,102.0,16.0,86.0,16.0,86.0,16.0,89.0,3.0,0.9714285714285714,56687.855138629595,55068.20213466875,524.4590679492261,Success,0.0,"{'node_level': {}, 'link_level': {}, 'path_level': {}}","{'node_level': {2: {'cpu': -74}, 0: {'cpu': -49}, 1: {'cpu': -5}}, 'link_level': {(0, 1): {'bw': -54}, (0, 2): {'bw': -22}, (1, 2): {'bw': -26}}, 'path_level': {(0, 1): {'latency': -6.167372096705906}, (0, 2): {'latency': -4.475452948124575}, (1, 2): {'latency': -9.590850310697693}}}","{'node_level': {2: {'cpu': 0}, 0: {'cpu': 0}, 1: {'cpu': 0}}, 'link_level': {(0, 1): {'bw': 0}, (0, 2): {'bw': 0}, (1, 2): {'bw': 0}}, 'path_level': {(0, 1): {'latency': 0}, (0, 2): {'latency': 0}, (1, 2): {'latency': 0}}}",[],0.0,0.0,True,True,False,0,[],0,0.0,3.0,3.0
16,5,5,699.0,1057.0,327779.3405868661,501008.67884022935,0.6613055818353831,0.654238847410055,9,17,1,183.0,41577,7555,34022,0.026542971266589332,0.024402833137384228,15,1226.560215560672,183.0,8,12,False,"{7: 44, 5: 13, 1: 59, 4: 57, 0: 60, 2: 4, 6: 5, 3: 86}","{(0, 1): [(60, 38), (38, 59)], (0, 2): []}","{(7, 44): {'cpu': 19}, (5, 13): {'cpu': 20}, (1, 59): {'cpu': 15}, (4, 57): {'cpu': 15}, (0, 60): {'cpu': 11}, (2, 4): {'cpu': 3}, (6, 5): {'cpu': 12}, (3, 86): {'cpu': 2}}","{((0, 1), (60, 38)): {'bw': 8}, ((0, 1), (38, 59)): {'bw': 8}}",0.0,0.0,350.0,97.0,253.0,0.0,0.0,0.0,0.0,0.0,0.0,0.0,0.0,0.0,Route Failure,6.928579762151934,"{'node_level': {}, 'link_level': {}, 'path_level': {}}","{'node_level': {7: {'cpu': -45}, 5: {'cpu': -62}, 1: {'cpu': -78}, 4: {'cpu': -30}, 0: {'cpu': -56}, 2: {'cpu': -2}, 6: {'cpu': -59}, 3: {'cpu': -47}}, 'link_level': {(0, 1): {'bw': -89}, (0, 2): {'bw': -66}}, 'path_level': {(0, 1): {'latency': -1.4281790300555617}, (0, 2): {'latency': 6.928579762151934}}}","{'node_level': {7: {'cpu': 0}, 5: {'cpu': 0}, 1: {'cpu': 0}, 4: {'cpu': 0}, 0: {'cpu': 0}, 2: {'cpu': 0}, 6: {'cpu': 0}, 3: {'cpu': 0}}, 'link_level': {(0, 1): {'bw': 0}, (0, 2): {'bw': 0}}, 'path_level': {(0, 1): {'latency': 0}, (0, 2): {'latency': 6.928579762151934}}}",[],0.0,0.0,True,False,False,0,[],0,0.0,8.0,2.0
17,5,5,699.0,1057.0,327779.3405868661,501008.67884022935,0.6613055818353831,0.654238847410055,9,18,1,195.0,41577,7555,34022,0.026542971266589332,0.024402833137384228,16,502.10430133109463,195.0,4,4,False,"{0: 44, 2: 13, 1: 59, 3: 57}","{(0, 1): [(44, 57), (57, 59)], (0, 2): []}","{(0, 44): {'cpu': 2}, (2, 13): {'cpu': 18}, (1, 59): {'cpu': 17}, (3, 57): {'cpu': 8}}","{((0, 1), (44, 57)): {'bw': 26}, ((0, 1), (57, 59)): {'bw': 26}}",0.0,0.0,138.0,45.0,93.0,0.0,0.0,0.0,0.0,0.0,0.0,0.0,0.0,0.0,Route Failure,7.025193189952933,"{'node_level': {}, 'link_level': {}, 'path_level': {}}","{'node_level': {0: {'cpu': -62}, 2: {'cpu': -64}, 1: {'cpu': -76}, 3: {'cpu': -37}}, 'link_level': {(0, 1): {'bw': -49}, (0, 2): {'bw': 1}}, 'path_level': {(0, 1): {'latency': -2.0251412803616695}, (0, 2): {'latency': 7.025193189952933}}}","{'node_level': {0: {'cpu': 0}, 2: {'cpu': 0}, 1: {'cpu': 0}, 3: {'cpu': 0}}, 'link_level': {(0, 1): {'bw': 0}, (0, 2): {'bw': 1}}, 'path_level': {(0, 1): {'latency': 0}, (0, 2): {'latency': 7.025193189952933}}}",[],0.0,0.0,True,False,False,0,[],0,0.0,4.0,2.0
18,5,5,699.0,1057.0,327779.3405868661,501008.67884022935,0.6613055818353831,0.654238847410055,9,19,1,209.0,41577,7555,34022,0.026542971266589332,0.024402833137384228,17,227.80630709617253,209.0,4,3,False,"{1: 44, 3: 13, 2: 59, 0: 57}","{(0, 3): [(57, 1), (1, 13)], (1, 2): []}","{(1, 44): {'cpu': 16}, (3, 13): {'cpu': 8}, (2, 59): {'cpu': 2}, (0, 57): {'cpu': 3}}","{((0, 3), (57, 1)): {'bw': 19}, ((0, 3), (1, 13)): {'bw': 19}}",0.0,0.0,122.0,29.0,93.0,0.0,0.0,0.0,0.0,0.0,0.0,0.0,0.0,0.0,Route Failure,8.864480141449064,"{'node_level': {}, 'link_level': {}, 'path_level': {}}","{'node_level': {1: {'cpu': -48}, 3: {'cpu': -74}, 2: {'cpu': -91}, 0: {'cpu': -42}}, 'link_level': {(0, 3): {'bw': -44}, (1, 2): {'bw': -25}}, 'path_level': {(0, 3): {'latency': -4.859470731355598}, (1, 2): {'latency': 8.864480141449064}}}","{'node_level': {1: {'cpu': 0}, 3: {'cpu': 0}, 2: {'cpu': 0}, 0: {'cpu': 0}}, 'link_level': {(0, 3): {'bw': 0}, (1, 2): {'bw': 0}}, 'path_level': {(0, 3): {'latency': 0}, (1, 2): {'latency': 8.864480141449064}}}",[],0.0,0.0,True,False,False,0,[],0,0.0,4.0,2.0
19,6,6,838.0,1343.0,383716.3484313252,616102.0906640806,0.62397617274758,0.6228129302689547,12,20,1,222.0,41291,7513,33778,0.031954645019971695,0.03139965015914892,18,402.4245168666126,222.0,3,2,True,"{1: 44, 0: 13, 2: 59}","{(0, 1): [(13, 27), (27, 30), (30, 44)], (1, 2): [(44, 57), (57, 59)]}","{(1, 44): {'cpu': 20}, (0, 13): {'cpu': 16}, (2, 59): {'cpu': 6}}","{((0, 1), (13, 27)): {'bw': 50}, ((0, 1), (27, 30)): {'bw': 50}, ((0, 1), (30, 44)): {'bw': 50}, ((1, 2), (44, 57)): {'bw': 47}, ((1, 2), (57, 59)): {'bw': 47}}",286.0,139.0,139.0,42.0,97.0,42.0,97.0,42.0,244.0,147.0,0.486013986013986,115093.4118238512,55937.00784445915,195.58394351209492,Success,0.0,"{'node_level': {}, 'link_level': {}, 'path_level': {}}","{'node_level': {1: {'cpu': -44}, 0: {'cpu': -66}, 2: {'cpu': -87}}, 'link_level': {(0, 1): {'bw': -14}, (1, 2): {'bw': -28}}, 'path_level': {(0, 1): {'latency': -1.201564739027397}, (1, 2): {'latency': -1.0087462004483783}}}","{'node_level': {1: {'cpu': 0}, 0: {'cpu': 0}, 2: {'cpu': 0}}, 'link_level': {(0, 1): {'bw': 0}, (1, 2): {'bw': 0}}, 'path_level': {(0, 1): {'latency': 0}, (1, 2): {'latency': 0}}}",[],0.0,0.0,True,True,False,0,[],0,0.0,3.0,2.0
20,7,7,963.0,1532.0,397380.69067977765,636762.5761437407,0.6285900783289817,0.6240641419072251,15,21,1,233.0,41102,7454,33648,0.039556758149722926,0.035127462506810425,19,109.31473798761958,233.0,5,6,True,"{4: 60, 2: 5, 0: 86, 3: 65, 1: 45}","{(0, 2): [(86, 5)], (0, 3): [(86, 95), (95, 65)], (0, 4): [(86, 7), (7, 60)], (1, 4): [(45, 7), (7, 60)], (2, 4): [(5, 48), (48, 60)], (3, 4): [(65, 84), (84, 60)]}","{(4, 60): {'cpu': 20}, (2, 5): {'cpu': 12}, (0, 86): {'cpu': 7}, (3, 65): {'cpu': 7}, (1, 45): {'cpu': 13}}","{((0, 2), (86, 5)): {'bw': 2}, ((0, 3), (86, 95)): {'bw': 19}, ((0, 3), (95, 65)): {'bw': 19}, ((0, 4), (86, 7)): {'bw': 6}, ((0, 4), (7, 60)): {'bw': 6}, ((1, 4), (45, 7)): {'bw': 11}, ((1, 4), (7, 60)): {'bw': 11}, ((2, 4), (5, 48)): {'bw': 26}, ((2, 4), (48, 60)): {'bw': 26}, ((3, 4), (65, 84)): {'bw': 2}, ((3, 4), (84, 60)): {'bw': 2}}",189.0,125.0,125.0,59.0,66.0,59.0,66.0,59.0,130.0,64.0,0.6613756613756614,20660.4854796601,13664.342248452447,72.29810713466904,Success,0.0,"{'node_level': {}, 'link_level': {}, 'path_level': {}}","{'node_level': {4: {'cpu': -47}, 2: {'cpu': -59}, 0: {'cpu': -42}, 3: {'cpu': -75}, 1: {'cpu': -65}}, 'link_level': {(0, 2): {'bw': -77}, (0, 3): {'bw': -53}, (0, 4): {'bw': -46}, (1, 4): {'bw': -35}, (2, 4): {'bw': -13}, (3, 4): {'bw': -53}}, 'path_level': {(0, 2): {'latency': -10.7796306532862}, (0, 3): {'latency': -8.135081081552856}, (0, 4): {'latency': -4.6429044246869475}, (1, 4): {'latency': -7.5905833155750875}, (2, 4): {'latency': -6.273000288945793}, (3, 4): {'latency': -4.236338812649553}}}","{'node_level': {4: {'cpu': 0}, 2: {'cpu': 0}, 0: {'cpu': 0}, 3: {'cpu': 0}, 1: {'cpu': 0}}, 'link_level': {(0, 2): {'bw': 0}, (0, 3): {'bw': 0}, (0, 4): {'bw': 0}, (1, 4): {'bw': 0}, (2, 4): {'bw': 0}, (3, 4): {'bw': 0}}, 'path_level': {(0, 2): {'latency': 0}, (0, 3): {'latency': 0}, (0, 4): {'latency': 0}, (1, 4): {'latency': 0}, (2, 4): {'latency': 0}, (3, 4): {'latency': 0}}}",[],0.0,0.0,True,True,False,0,[],0,0.0,5.0,6.0
21,7,7,963.0,1532.0,397380.69067977765,636762.5761437407,0.6285900783289817,0.6240641419072251,15,22,1,245.0,41102,7454,33648,0.039556758149722926,0.035127462506810425,20,106.64135009944567,245.0,7,11,False,"{2: 31, 3: 51, 6: 21, 0: 4, 1: 52, 5: 59, 4: 50}","{(0, 1): []}","{(2, 31): {'cpu': 6}, (3, 51): {'cpu': 13}, (6, 21): {'cpu': 17}, (0, 4): {'cpu': 4}, (1, 52): {'cpu': 14}, (5, 59): {'cpu': 10}, (4, 50): {'cpu': 6}}",{},0.0,0.0,363.0,70.0,293.0,0.0,0.0,0.0,0.0,0.0,0.0,0.0,0.0,0.0,Route Failure,8.347887882640418,"{'node_level': {}, 'link_level': {}, 'path_level': {}}","{'node_level': {2: {'cpu': -51}, 3: {'cpu': -44}, 6: {'cpu': -57}, 0: {'cpu': -1}, 1: {'cpu': -73}, 5: {'cpu': -77}, 4: {'cpu': -46}}, 'link_level': {(0, 1): {'bw': -18}}, 'path_level': {(0, 1): {'latency': 8.347887882640418}}}","{'node_level': {2: {'cpu': 0}, 3: {'cpu': 0}, 6: {'cpu': 0}, 0: {'cpu': 0}, 1: {'cpu': 0}, 5: {'cpu': 0}, 4: {'cpu': 0}}, 'link_level': {(0, 1): {'bw': 0}}, 'path_level': {(0, 1): {'latency': 8.347887882640418}}}",[],0.0,0.0,True,False,False,0,[],0,0.0,7.0,1.0
21,7,7,963.0,1532.0,397380.69067977765,636762.5761437407,0.6285900783289817,0.6240641419072251,15,23,0,247.18559621141526,41102,7454,33648,0.039556758149722926,0.035127462506810425,7,153.18559621141526,94.0,7,9,False,{},{},{},{},0.0,0.0,0.0,0.0,0.0,0.0,0.0,0.0,0.0,0.0,0.0,0.0,0.0,0.0,Leave Event,0.0,"{'node_level': {}, 'link_level': {}, 'path_level': {}}","{'node_level': {}, 'link_level': {}, 'path_level': {}}","{'node_level': {}, 'link_level': {}, 'path_level': {}}",[],0.0,0.0,True,True,False,0,[],0,0.0,,
22,7,7,963.0,1532.0,397380.69067977765,636762.5761437407,0.6285900783289817,0.6240641419072251,15,24,1,258.0,41102,7454,33648,0.039556758149722926,0.035127462506810425,21,646.7110734296512,258.0,10,16,False,"{4: 31, 8: 51, 2: 21, 3: 52, 9: 59, 7: 4, 1: 50, 5: 39, 6: 5, 0: 66}","{(0, 3): [(66, 51), (51, 9), (9, 52)], (0, 9): []}","{(4, 31): {'cpu': 15}, (8, 51): {'cpu': 7}, (2, 21): {'cpu': 13}, (3, 52): {'cpu': 13}, (9, 59): {'cpu': 11}, (7, 4): {'cpu': 4}, (1, 50): {'cpu': 6}, (5, 39): {'cpu': 15}, (6, 5): {'cpu': 1}, (0, 66): {'cpu': 14}}","{((0, 3), (66, 51)): {'bw': 14}, ((0, 3), (51, 9)): {'bw': 14}, ((0, 3), (9, 52)): {'bw': 14}}",0.0,0.0,512.0,99.0,413.0,0.0,0.0,0.0,0.0,0.0,0.0,0.0,0.0,0.0,Route Failure,7.01048259468846,"{'node_level': {}, 'link_level': {}, 'path_level': {}}","{'node_level': {4: {'cpu': -42}, 8: {'cpu': -50}, 2: {'cpu': -61}, 3: {'cpu': -74}, 9: {'cpu': -76}, 7: {'cpu': -1}, 1: {'cpu': -46}, 5: {'cpu': -72}, 6: {'cpu': -58}, 0: {'cpu': -40}}, 'link_level': {(0, 3): {'bw': -42}, (0, 9): {'bw': -44}}, 'path_level': {(0, 3): {'latency': -1.370645598532299}, (0, 9): {'latency': 7.01048259468846}}}","{'node_level': {4: {'cpu': 0}, 8: {'cpu': 0}, 2: {'cpu': 0}, 3: {'cpu': 0}, 9: {'cpu': 0}, 7: {'cpu': 0}, 1: {'cpu': 0}, 5: {'cpu': 0}, 6: {'cpu': 0}, 0: {'cpu': 0}}, 'link_level': {(0, 3): {'bw': 0}, (0, 9): {'bw': 0}}, 'path_level': {(0, 3): {'latency': 0}, (0, 9): {'latency': 7.01048259468846}}}",[],0.0,0.0,True,False,False,0,[],0,0.0,10.0,2.0
23,8,8,1003.0,1597.0,428117.1485105082,686709.3201186778,0.628052598622417,0.6234328499233425,16,25,1,268.0,41037,7427,33610,0.043035691276897325,0.03621713073151145,22,768.4114457682638,268.0,3,2,True,"{1: 31, 2: 51, 0: 4}","{(0, 2): [(4, 0), (0, 51)], (1, 2): [(31, 45), (45, 0), (0, 51)]}","{(1, 31): {'cpu': 19}, (2, 51): {'cpu': 6}, (0, 4): {'cpu': 2}}","{((0, 2), (4, 0)): {'bw': 1}, ((0, 2), (0, 51)): {'bw': 1}, ((1, 2), (31, 45)): {'bw': 12}, ((1, 2), (45, 0)): {'bw': 12}, ((1, 2), (0, 51)): {'bw': 12}}",65.0,40.0,40.0,27.0,13.0,27.0,13.0,27.0,38.0,25.0,0.6153846153846154,49946.74397493715,30736.45783073055,472.86858201123925,Success,0.0,"{'node_level': {}, 'link_level': {}, 'path_level': {}}","{'node_level': {1: {'cpu': -38}, 2: {'cpu': -51}, 0: {'cpu': -3}}, 'link_level': {(0, 2): {'bw': -73}, (1, 2): {'bw': -58}}, 'path_level': {(0, 2): {'latency': -0.5030105078555818}, (1, 2): {'latency': -2.446834461183631}}}","{'node_level': {1: {'cpu': 0}, 2: {'cpu': 0}, 0: {'cpu': 0}}, 'link_level': {(0, 2): {'bw': 0}, (1, 2): {'bw': 0}}, 'path_level': {(0, 2): {'latency': 0}, (1, 2): {'latency': 0}}}",[],0.0,0.0,True,True,False,0,[],0,0.0,3.0,2.0
24,8,8,1003.0,1597.0,428117.1485105082,686709.3201186778,0.628052598622417,0.6234328499233425,16,26,1,287.0,41037,7427,33610,0.043035691276897325,0.03621713073151145,23,1789.5349712736154,287.0,10,34,False,"{3: 21, 2: 4, 5: 52, 8: 59, 9: 50, 6: 39, 7: 66, 0: 5, 4: 65, 1: 86}","{(0, 1): [(5, 86)], (0, 2): []}","{(3, 21): {'cpu': 4}, (2, 4): {'cpu': 3}, (5, 52): {'cpu': 5}, (8, 59): {'cpu': 12}, (9, 50): {'cpu': 15}, (6, 39): {'cpu': 19}, (7, 66): {'cpu': 6}, (0, 5): {'cpu': 11}, (4, 65): {'cpu': 13}, (1, 86): {'cpu': 4}}","{((0, 1), (5, 86)): {'bw': 8}}",0.0,0.0,921.0,92.0,829.0,0.0,0.0,0.0,0.0,0.0,0.0,0.0,0.0,0.0,Route Failure,5.386711884016111,"{'node_level': {}, 'link_level': {}, 'path_level': {}}","{'node_level': {3: {'cpu': -70}, 2: {'cpu': 0}, 5: {'cpu': -82}, 8: {'cpu': -75}, 9: {'cpu': -37}, 6: {'cpu': -68}, 7: {'cpu': -48}, 0: {'cpu': -48}, 4: {'cpu': -62}, 1: {'cpu': -38}}, 'link_level': {(0, 1): {'bw': -69}, (0, 2): {'bw': -16}}, 'path_level': {(0, 1): {'latency': -10.1941451518439}, (0, 2): {'latency': 5.386711884016111}}}","{'node_level': {3: {'cpu': 0}, 2: {'cpu': 0}, 5: {'cpu': 0}, 8: {'cpu': 0}, 9: {'cpu': 0}, 6: {'cpu': 0}, 7: {'cpu': 0}, 0: {'cpu': 0}, 4: {'cpu': 0}, 1: {'cpu': 0}}, 'link_level': {(0, 1): {'bw': 0}, (0, 2): {'bw': 0}}, 'path_level': {(0, 1): {'latency': 0}, (0, 2): {'latency': 5.386711884016111}}}",[],0.0,0.0,True,False,False,0,[],0,0.0,10.0,2.0
25,8,8,1003.0,1597.0,428117.1485105082,686709.3201186778,0.628052598622417,0.6234328499233425,16,27,1,295.0,41037,7427,33610,0.043035691276897325,0.03621713073151145,24,951.8085797489205,295.0,9,22,False,"{3: 21, 0: 52, 7: 59, 6: 50, 4: 39, 1: 4, 2: 66, 8: 5, 5: 65}","{(0, 1): [(52, 54), (54, 4)], (0, 2): [(52, 9), (9, 51), (51, 66)], (0, 3): [(52, 85), (85, 21)], (0, 4): [(52, 29), (29, 39)], (0, 6): []}","{(3, 21): {'cpu': 15}, (0, 52): {'cpu': 6}, (7, 59): {'cpu': 12}, (6, 50): {'cpu': 13}, (4, 39): {'cpu': 19}, (1, 4): {'cpu': 3}, (2, 66): {'cpu': 6}, (8, 5): {'cpu': 11}, (5, 65): {'cpu': 2}}","{((0, 1), (52, 54)): {'bw': 36}, ((0, 1), (54, 4)): {'bw': 36}, ((0, 2), (52, 9)): {'bw': 7}, ((0, 2), (9, 51)): {'bw': 7}, ((0, 2), (51, 66)): {'bw': 7}, ((0, 3), (52, 85)): {'bw': 47}, ((0, 3), (85, 21)): {'bw': 47}, ((0, 4), (52, 29)): {'bw': 9}, ((0, 4), (29, 39)): {'bw': 9}}",0.0,0.0,648.0,87.0,561.0,0.0,0.0,0.0,0.0,0.0,0.0,0.0,0.0,0.0,Route Failure,7.856962292540071,"{'node_level': {}, 'link_level': {}, 'path_level': {}}","{'node_level': {3: {'cpu': -59}, 0: {'cpu': -81}, 7: {'cpu': -75}, 6: {'cpu': -39}, 4: {'cpu': -68}, 1: {'cpu': 0}, 2: {'cpu': -48}, 8: {'cpu': -48}, 5: {'cpu': -73}}, 'link_level': {(0, 1): {'bw': -18}, (0, 2): {'bw': -49}, (0, 3): {'bw': -15}, (0, 4): {'bw': -75}, (0, 6): {'bw': -18}}, 'path_level': {(0, 1): {'latency': -1.1468068959078295}, (0, 2): {'latency': -4.07370750627673}, (0, 3): {'latency': -6.160781740894825}, (0, 4): {'latency': -8.002783356267154}, (0, 6): {'latency': 7.856962292540071}}}","{'node_level': {3: {'cpu': 0}, 0: {'cpu': 0}, 7: {'cpu': 0}, 6: {'cpu': 0}, 4: {'cpu': 0}, 1: {'cpu': 0}, 2: {'cpu': 0}, 8: {'cpu': 0}, 5: {'cpu': 0}}, 'link_level': {(0, 1): {'bw': 0}, (0, 2): {'bw': 0}, (0, 3): {'bw': 0}, (0, 4): {'bw': 0}, (0, 6): {'bw': 0}}, 'path_level': {(0, 1): {'latency': 0}, (0, 2): {'latency': 0}, (0, 3): {'latency': 0}, (0, 4): {'latency': 0}, (0, 6): {'latency': 7.856962292540071}}}",[],0.0,0.0,True,False,False,0,[],0,0.0,9.0,5.0
26,8,8,1003.0,1597.0,428117.1485105082,686709.3201186778,0.628052598622417,0.6234328499233425,16,28,1,308.0,41037,7427,33610,0.043035691276897325,0.03621713073151145,25,392.1866151499181,308.0,10,22,False,"{9: 21, 2: 52, 0: 59, 5: 50, 3: 39, 4: 66, 6: 5, 1: 65, 8: 86, 7: 4}","{(0, 2): []}","{(9, 21): {'cpu': 8}, (2, 52): {'cpu': 19}, (0, 59): {'cpu': 11}, (5, 50): {'cpu': 14}, (3, 39): {'cpu': 5}, (4, 66): {'cpu': 4}, (6, 5): {'cpu': 12}, (1, 65): {'cpu': 13}, (8, 86): {'cpu': 4}, (7, 4): {'cpu': 3}}",{},0.0,0.0,657.0,93.0,564.0,0.0,0.0,0.0,0.0,0.0,0.0,0.0,0.0,0.0,Route Failure,5.189727383610835,"{'node_level': {}, 'link_level': {}, 'path_level': {}}","{'node_level': {9: {'cpu': -66}, 2: {'cpu': -68}, 0: {'cpu': -76}, 5: {'cpu': -38}, 3: {'cpu': -82}, 4: {'cpu': -50}, 6: {'cpu': -47}, 1: {'cpu': -62}, 8: {'cpu': -38}, 7: {'cpu': 0}}, 'link_level': {(0, 2): {'bw': -30}}, 'path_level': {(0, 2): {'latency': 5.189727383610835}}}","{'node_level': {9: {'cpu': 0}, 2: {'cpu': 0}, 0: {'cpu': 0}, 5: {'cpu': 0}, 3: {'cpu': 0}, 4: {'cpu': 0}, 6: {'cpu': 0}, 1: {'cpu': 0}, 8: {'cpu': 0}, 7: {'cpu': 0}}, 'link_level': {(0, 2): {'bw': 0}}, 'path_level': {(0, 2): {'latency': 5.189727383610835}}}",[],0.0,0.0,True,False,False,0,[],0,0.0,10.0,1.0
27,9,9,1064.0,1682.0,430986.6157214934,690707.7580356244,0.6325802615933412,0.6239782465267525,17,29,1,323.0,40952,7390,33562,0.04780311815487692,0.03759355375218654,26,47.04044608172464,323.0,3,2,True,"{2: 21, 1: 52, 0: 59}","{(0, 2): [(59, 2), (2, 21)], (1, 2): [(52, 85), (85, 21)]}","{(2, 21): {'cpu': 17}, (1, 52): {'cpu': 4}, (0, 59): {'cpu': 16}}","{((0, 2), (59, 2)): {'bw': 6}, ((0, 2), (2, 21)): {'bw': 6}, ((1, 2), (52, 85)): {'bw': 18}, ((1, 2), (85, 21)): {'bw': 18}}",85.0,61.0,61.0,37.0,24.0,37.0,24.0,37.0,48.0,24.0,0.7176470588235294,3998.437916946594,2869.467210985203,33.7584377762965,Success,0.0,"{'node_level': {}, 'link_level': {}, 'path_level': {}}","{'node_level': {2: {'cpu': -57}, 1: {'cpu': -83}, 0: {'cpu': -71}}, 'link_level': {(0, 2): {'bw': -55}, (1, 2): {'bw': -44}}, 'path_level': {(0, 2): {'latency': -10.365192592639087}, (1, 2): {'latency': -0.19903915332151811}}}","{'node_level': {2: {'cpu': 0}, 1: {'cpu': 0}, 0: {'cpu': 0}}, 'link_level': {(0, 2): {'bw': 0}, (1, 2): {'bw': 0}}, 'path_level': {(0, 2): {'latency': 0}, (1, 2): {'latency': 0}}}",[],0.0,0.0,True,True,False,0,[],0,0.0,3.0,2.0
28,9,9,1064.0,1682.0,430986.6157214934,690707.7580356244,0.6325802615933412,0.6239782465267525,17,30,1,338.0,40952,7390,33562,0.04780311815487692,0.03759355375218654,27,335.5688329749085,338.0,2,1,False,"{0: 50, 1: 4}","{(0, 1): []}","{(0, 50): {'cpu': 4}, (1, 4): {'cpu': 1}}",{},0.0,0.0,16.0,5.0,11.0,0.0,0.0,0.0,0.0,0.0,0.0,0.0,0.0,0.0,Route Failure,3.31113045570852,"{'node_level': {}, 'link_level': {}, 'path_level': {}}","{'node_level': {0: {'cpu': -48}, 1: {'cpu': -2}}, 'link_level': {(0, 1): {'bw': -16}}, 'path_level': {(0, 1): {'latency': 3.31113045570852}}}","{'node_level': {0: {'cpu': 0}, 1: {'cpu': 0}}, 'link_level': {(0, 1): {'bw': 0}}, 'path_level': {(0, 1): {'latency': 3.31113045570852}}}",[],0.0,0.0,True,False,False,0,[],0,0.0,2.0,1.0
28,9,8,1064.0,1682.0,430986.6157214934,690707.7580356244,0.6325802615933412,0.6239782465267525,17,31,0,342.3147379876196,41141,7449,33692,0.04020100502512558,0.03386574140452503,19,109.31473798761958,233.0,5,6,False,{},{},{},{},0.0,0.0,0.0,0.0,0.0,0.0,0.0,0.0,0.0,0.0,0.0,0.0,0.0,0.0,Leave Event,0.0,"{'node_level': {}, 'link_level': {}, 'path_level': {}}","{'node_level': {}, 'link_level': {}, 'path_level': {}}","{'node_level': {}, 'link_level': {}, 'path_level': {}}",[],0.0,0.0,True,True,False,0,[],0,0.0,,
29,9,8,1064.0,1682.0,430986.6157214934,690707.7580356244,0.6325802615933412,0.6239782465267525,17,32,1,350.0,41141,7449,33692,0.04020100502512558,0.03386574140452503,28,1315.102744440631,350.0,7,11,False,"{3: 60, 1: 5, 5: 86, 6: 65, 0: 50, 2: 66, 4: 39}","{(0, 1): [(50, 31), (31, 5)], (0, 3): []}","{(3, 60): {'cpu': 14}, (1, 5): {'cpu': 20}, (5, 86): {'cpu': 5}, (6, 65): {'cpu': 15}, (0, 50): {'cpu': 9}, (2, 66): {'cpu': 9}, (4, 39): {'cpu': 4}}","{((0, 1), (50, 31)): {'bw': 1}, ((0, 1), (31, 5)): {'bw': 1}}",0.0,0.0,286.0,76.0,210.0,0.0,0.0,0.0,0.0,0.0,0.0,0.0,0.0,0.0,Route Failure,2.7067748121497868,"{'node_level': {}, 'link_level': {}, 'path_level': {}}","{'node_level': {3: {'cpu': -53}, 1: {'cpu': -51}, 5: {'cpu': -44}, 6: {'cpu': -67}, 0: {'cpu': -43}, 2: {'cpu': -45}, 4: {'cpu': -83}}, 'link_level': {(0, 1): {'bw': -26}, (0, 3): {'bw': -63}}, 'path_level': {(0, 1): {'latency': -4.9184339829323935}, (0, 3): {'latency': 2.7067748121497868}}}","{'node_level': {3: {'cpu': 0}, 1: {'cpu': 0}, 5: {'cpu': 0}, 6: {'cpu': 0}, 0: {'cpu': 0}, 2: {'cpu': 0}, 4: {'cpu': 0}}, 'link_level': {(0, 1): {'bw': 0}, (0, 3): {'bw': 0}}, 'path_level': {(0, 1): {'latency': 0}, (0, 3): {'latency': 2.7067748121497868}}}",[],0.0,0.0,True,False,False,0,[],0,0.0,7.0,2.0
29,9,8,1064.0,1682.0,430986.6157214934,690707.7580356244,0.6325802615933412,0.6239782465267525,17,33,0,351.6413500994457,41141,7449,33692,0.04020100502512558,0.03386574140452503,20,106.64135009944567,245.0,7,11,False,{},{},{},{},0.0,0.0,0.0,0.0,0.0,0.0,0.0,0.0,0.0,0.0,0.0,0.0,0.0,0.0,Leave Event,0.0,"{'node_level': {}, 'link_level': {}, 'path_level': {}}","{'node_level': {}, 'link_level': {}, 'path_level': {}}","{'node_level': {}, 'link_level': {}, 'path_level': {}}",[],0.0,0.0,True,True,False,0,[],0,0.0,,
30,9,8,1064.0,1682.0,430986.6157214934,690707.7580356244,0.6325802615933412,0.6239782465267525,17,34,1,364.0,41141,7449,33692,0.04020100502512558,0.03386574140452503,29,774.684839165071,364.0,6,9,False,"{2: 60, 4: 5, 1: 86, 0: 65, 3: 50, 5: 66}","{(0, 2): [(65, 84), (84, 60)], (0, 3): [(65, 23), (23, 50)], (0, 4): [(65, 1), (1, 5)], (1, 2): []}","{(2, 60): {'cpu': 8}, (4, 5): {'cpu': 12}, (1, 86): {'cpu': 6}, (0, 65): {'cpu': 5}, (3, 50): {'cpu': 9}, (5, 66): {'cpu': 5}}","{((0, 2), (65, 84)): {'bw': 19}, ((0, 2), (84, 60)): {'bw': 19}, ((0, 3), (65, 23)): {'bw': 32}, ((0, 3), (23, 50)): {'bw': 32}, ((0, 4), (65, 1)): {'bw': 33}, ((0, 4), (1, 5)): {'bw': 33}}",0.0,0.0,301.0,45.0,256.0,0.0,0.0,0.0,0.0,0.0,0.0,0.0,0.0,0.0,Route Failure,9.485132274557342,"{'node_level': {}, 'link_level': {}, 'path_level': {}}","{'node_level': {2: {'cpu': -59}, 4: {'cpu': -59}, 1: {'cpu': -43}, 0: {'cpu': -77}, 3: {'cpu': -43}, 5: {'cpu': -49}}, 'link_level': {(0, 2): {'bw': -36}, (0, 3): {'bw': -18}, (0, 4): {'bw': -36}, (1, 2): {'bw': -4}}, 'path_level': {(0, 2): {'latency': -0.8537419102163835}, (0, 3): {'latency': -4.374802547226944}, (0, 4): {'latency': -2.8640638925645057}, (1, 2): {'latency': 9.485132274557342}}}","{'node_level': {2: {'cpu': 0}, 4: {'cpu': 0}, 1: {'cpu': 0}, 0: {'cpu': 0}, 3: {'cpu': 0}, 5: {'cpu': 0}}, 'link_level': {(0, 2): {'bw': 0}, (0, 3): {'bw': 0}, (0, 4): {'bw': 0}, (1, 2): {'bw': 0}}, 'path_level': {(0, 2): {'latency': 0}, (0, 3): {'latency': 0}, (0, 4): {'latency': 0}, (1, 2): {'latency': 9.485132274557342}}}",[],0.0,0.0,True,False,False,0,[],0,0.0,6.0,4.0
30,9,7,1064.0,1682.0,430986.6157214934,690707.7580356244,0.6325802615933412,0.6239782465267525,17,35,0,370.04044608172467,41226,7486,33740,0.03543357814714598,0.03248931838384994,26,47.04044608172464,323.0,3,2,False,{},{},{},{},0.0,0.0,0.0,0.0,0.0,0.0,0.0,0.0,0.0,0.0,0.0,0.0,0.0,0.0,Leave Event,0.0,"{'node_level': {}, 'link_level': {}, 'path_level': {}}","{'node_level': {}, 'link_level': {}, 'path_level': {}}","{'node_level': {}, 'link_level': {}, 'path_level': {}}",[],0.0,0.0,True,True,False,0,[],0,0.0,,
31,9,7,1064.0,1682.0,430986.6157214934,690707.7580356244,0.6325802615933412,0.6239782465267525,17,36,1,378.0,41226,7486,33740,0.03543357814714598,0.03248931838384994,30,331.8856791350164,378.0,3,2,False,"{1: 60, 2: 5, 0: 86}","{(0, 1): [(86, 22), (22, 60)], (1, 2): []}","{(1, 60): {'cpu': 1}, (2, 5): {'cpu': 14}, (0, 86): {'cpu': 7}}","{((0, 1), (86, 22)): {'bw': 11}, ((0, 1), (22, 60)): {'bw': 11}}",0.0,0.0,50.0,22.0,28.0,0.0,0.0,0.0,0.0,0.0,0.0,0.0,0.0,0.0,Route Failure,1.752781077844297,"{'node_level': {}, 'link_level': {}, 'path_level': {}}","{'node_level': {1: {'cpu': -66}, 2: {'cpu': -57}, 0: {'cpu': -42}}, 'link_level': {(0, 1): {'bw': -58}, (1, 2): {'bw': -37}}, 'path_level': {(0, 1): {'latency': -1.5635164816072447}, (1, 2): {'latency': 1.752781077844297}}}","{'node_level': {1: {'cpu': 0}, 2: {'cpu': 0}, 0: {'cpu': 0}}, 'link_level': {(0, 1): {'bw': 0}, (1, 2): {'bw': 0}}, 'path_level': {(0, 1): {'latency': 0}, (1, 2): {'latency': 1.752781077844297}}}",[],0.0,0.0,True,False,False,0,[],0,0.0,3.0,2.0
32,10,8,1440.0,2318.0,545193.2703763951,883887.0994199794,0.6212251941328731,0.6168132454180624,17,37,1,394.0,40590,7413,33177,0.04483958252802478,0.04863361339718408,31,303.74110280558966,394.0,7,11,True,"{6: 60, 5: 5, 2: 86, 3: 65, 1: 21, 4: 59, 0: 50}","{(0, 1): [(50, 76), (76, 21)], (0, 5): [(50, 55), (55, 5)], (1, 2): [(21, 86)], (1, 4): [(21, 2), (2, 59)], (1, 5): [(21, 5)], (1, 6): [(21, 43), (43, 60)], (2, 3): [(86, 95), (95, 65)], (2, 6): [(86, 7), (7, 60)], (3, 6): [(65, 84), (84, 60)], (4, 5): [(59, 49), (49, 5)], (5, 6): [(5, 48), (48, 60)]}","{(6, 60): {'cpu': 10}, (5, 5): {'cpu': 3}, (2, 86): {'cpu': 17}, (3, 65): {'cpu': 18}, (1, 21): {'cpu': 9}, (4, 59): {'cpu': 12}, (0, 50): {'cpu': 4}}","{((0, 1), (50, 76)): {'bw': 8}, ((0, 1), (76, 21)): {'bw': 8}, ((0, 5), (50, 55)): {'bw': 33}, ((0, 5), (55, 5)): {'bw': 33}, ((1, 2), (21, 86)): {'bw': 2}, ((1, 4), (21, 2)): {'bw': 4}, ((1, 4), (2, 59)): {'bw': 4}, ((1, 5), (21, 5)): {'bw': 41}, ((1, 6), (21, 43)): {'bw': 41}, ((1, 6), (43, 60)): {'bw': 41}, ((2, 3), (86, 95)): {'bw': 39}, ((2, 3), (95, 65)): {'bw': 39}, ((2, 6), (86, 7)): {'bw': 42}, ((2, 6), (7, 60)): {'bw': 42}, ((3, 6), (65, 84)): {'bw': 27}, ((3, 6), (84, 60)): {'bw': 27}, ((4, 5), (59, 49)): {'bw': 49}, ((4, 5), (49, 5)): {'bw': 49}, ((5, 6), (5, 48)): {'bw': 17}, ((5, 6), (48, 60)): {'bw': 17}}",636.0,376.0,376.0,73.0,303.0,73.0,303.0,73.0,563.0,260.0,0.5911949685534591,193179.34138435504,114206.65465490171,179.57021172154356,Success,0.0,"{'node_level': {}, 'link_level': {}, 'path_level': {}}","{'node_level': {6: {'cpu': -57}, 5: {'cpu': -68}, 2: {'cpu': -32}, 3: {'cpu': -64}, 1: {'cpu': -65}, 4: {'cpu': -75}, 0: {'cpu': -48}}, 'link_level': {(0, 1): {'bw': -30}, (0, 5): {'bw': -25}, (1, 2): {'bw': -20}, (1, 4): {'bw': -57}, (1, 5): {'bw': -53}, (1, 6): {'bw': -13}, (2, 3): {'bw': -33}, (2, 6): {'bw': -10}, (3, 6): {'bw': -28}, (4, 5): {'bw': -4}, (5, 6): {'bw': -22}}, 'path_level': {(0, 1): {'latency': -4.751584199191313}, (0, 5): {'latency': -9.315437554980786}, (1, 2): {'latency': -6.290274313851733}, (1, 4): {'latency': -8.554653106197264}, (1, 5): {'latency': -7.167340865474179}, (1, 6): {'latency': -8.317960709059903}, (2, 3): {'latency': -3.318862094018993}, (2, 6): {'latency': -1.791032634958646}, (3, 6): {'latency': -1.8188770447146432}, (4, 5): {'latency': -6.751827885479724}, (5, 6): {'latency': -3.401968146789436}}}","{'node_level': {6: {'cpu': 0}, 5: {'cpu': 0}, 2: {'cpu': 0}, 3: {'cpu': 0}, 1: {'cpu': 0}, 4: {'cpu': 0}, 0: {'cpu': 0}}, 'link_level': {(0, 1): {'bw': 0}, (0, 5): {'bw': 0}, (1, 2): {'bw': 0}, (1, 4): {'bw': 0}, (1, 5): {'bw': 0}, (1, 6): {'bw': 0}, (2, 3): {'bw': 0}, (2, 6): {'bw': 0}, (3, 6): {'bw': 0}, (4, 5): {'bw': 0}, (5, 6): {'bw': 0}}, 'path_level': {(0, 1): {'latency': 0}, (0, 5): {'latency': 0}, (1, 2): {'latency': 0}, (1, 4): {'latency': 0}, (1, 5): {'latency': 0}, (1, 6): {'latency': 0}, (2, 3): {'latency': 0}, (2, 6): {'latency': 0}, (3, 6): {'latency': 0}, (4, 5): {'latency': 0}, (5, 6): {'latency': 0}}}",[],0.0,0.0,True,True,False,0,[],0,0.0,7.0,11.0
33,10,8,1440.0,2318.0,545193.2703763951,883887.0994199794,0.6212251941328731,0.6168132454180624,17,38,1,407.0,40590,7413,33177,0.04483958252802478,0.04863361339718408,32,122.94116981870206,407.0,6,5,False,"{0: 52, 2: 66, 3: 39, 5: 13, 1: 45, 4: 51}","{(0, 1): []}","{(0, 52): {'cpu': 5}, (2, 66): {'cpu': 10}, (3, 39): {'cpu': 20}, (5, 13): {'cpu': 4}, (1, 45): {'cpu': 5}, (4, 51): {'cpu': 4}}",{},0.0,0.0,210.0,48.0,162.0,0.0,0.0,0.0,0.0,0.0,0.0,0.0,0.0,0.0,Route Failure,6.84569781697226,"{'node_level': {}, 'link_level': {}, 'path_level': {}}","{'node_level': {0: {'cpu': -82}, 2: {'cpu': -44}, 3: {'cpu': -67}, 5: {'cpu': -62}, 1: {'cpu': -73}, 4: {'cpu': -47}}, 'link_level': {(0, 1): {'bw': -18}}, 'path_level': {(0, 1): {'latency': 6.84569781697226}}}","{'node_level': {0: {'cpu': 0}, 2: {'cpu': 0}, 3: {'cpu': 0}, 5: {'cpu': 0}, 1: {'cpu': 0}, 4: {'cpu': 0}}, 'link_level': {(0, 1): {'bw': 0}}, 'path_level': {(0, 1): {'latency': 6.84569781697226}}}",[],0.0,0.0,True,False,False,0,[],0,0.0,6.0,1.0
33,10,8,1440.0,2318.0,545193.2703763951,883887.0994199794,0.6212251941328731,0.6168132454180624,17,39,0,417.9091007123842,40590,7413,33177,0.04483958252802478,0.04863361339718408,1,402.9091007123842,15.0,5,5,False,{},{},{},{},0.0,0.0,0.0,0.0,0.0,0.0,0.0,0.0,0.0,0.0,0.0,0.0,0.0,0.0,Leave Event,0.0,"{'node_level': {}, 'link_level': {}, 'path_level': {}}","{'node_level': {}, 'link_level': {}, 'path_level': {}}","{'node_level': {}, 'link_level': {}, 'path_level': {}}",[],0.0,0.0,True,True,False,0,[],0,0.0,,
34,10,8,1440.0,2318.0,545193.2703763951,883887.0994199794,0.6212251941328731,0.6168132454180624,17,40,1,426.0,40590,7413,33177,0.04483958252802478,0.04863361339718408,33,97.52919192800896,426.0,9,20,False,"{3: 4, 2: 52, 1: 66, 7: 39, 5: 13, 0: 45, 8: 51, 6: 6, 4: 31}","{(0, 1): [(45, 18), (18, 66)], (0, 3): [(45, 7), (7, 4)], (0, 6): []}","{(3, 4): {'cpu': 2}, (2, 52): {'cpu': 11}, (1, 66): {'cpu': 13}, (7, 39): {'cpu': 10}, (5, 13): {'cpu': 19}, (0, 45): {'cpu': 10}, (8, 51): {'cpu': 3}, (6, 6): {'cpu': 17}, (4, 31): {'cpu': 18}}","{((0, 1), (45, 18)): {'bw': 17}, ((0, 1), (18, 66)): {'bw': 17}, ((0, 3), (45, 7)): {'bw': 50}, ((0, 3), (7, 4)): {'bw': 50}}",0.0,0.0,653.0,103.0,550.0,0.0,0.0,0.0,0.0,0.0,0.0,0.0,0.0,0.0,Route Failure,5.902778326674824,"{'node_level': {}, 'link_level': {}, 'path_level': {}}","{'node_level': {3: {'cpu': -1}, 2: {'cpu': -76}, 1: {'cpu': -41}, 7: {'cpu': -77}, 5: {'cpu': -47}, 0: {'cpu': -68}, 8: {'cpu': -48}, 6: {'cpu': -52}, 4: {'cpu': -20}}, 'link_level': {(0, 1): {'bw': -63}, (0, 3): {'bw': -15}, (0, 6): {'bw': -41}}, 'path_level': {(0, 1): {'latency': -0.21670591389770255}, (0, 3): {'latency': -0.8222429402244753}, (0, 6): {'latency': 5.902778326674824}}}","{'node_level': {3: {'cpu': 0}, 2: {'cpu': 0}, 1: {'cpu': 0}, 7: {'cpu': 0}, 5: {'cpu': 0}, 0: {'cpu': 0}, 8: {'cpu': 0}, 6: {'cpu': 0}, 4: {'cpu': 0}}, 'link_level': {(0, 1): {'bw': 0}, (0, 3): {'bw': 0}, (0, 6): {'bw': 0}}, 'path_level': {(0, 1): {'latency': 0}, (0, 3): {'latency': 0}, (0, 6): {'latency': 5.902778326674824}}}",[],0.0,0.0,True,False,False,0,[],0,0.0,9.0,3.0
35,10,8,1440.0,2318.0,545193.2703763951,883887.0994199794,0.6212251941328731,0.6168132454180624,17,41,1,436.0,40590,7413,33177,0.04483958252802478,0.04863361339718408,34,38.237361082638564,436.0,8,17,False,"{5: 52, 4: 66, 2: 39, 1: 13, 0: 45, 6: 51, 7: 6, 3: 31}","{(0, 2): [(45, 18), (18, 39)], (0, 4): [(45, 18), (18, 66)], (0, 5): [(45, 31), (31, 52)], (1, 2): []}","{(5, 52): {'cpu': 8}, (4, 66): {'cpu': 8}, (2, 39): {'cpu': 14}, (1, 13): {'cpu': 10}, (0, 45): {'cpu': 14}, (6, 51): {'cpu': 6}, (7, 6): {'cpu': 8}, (3, 31): {'cpu': 11}}","{((0, 2), (45, 18)): {'bw': 20}, ((0, 2), (18, 39)): {'bw': 20}, ((0, 4), (45, 18)): {'bw': 37}, ((0, 4), (18, 66)): {'bw': 37}, ((0, 5), (45, 31)): {'bw': 37}, ((0, 5), (31, 52)): {'bw': 37}}",0.0,0.0,512.0,79.0,433.0,0.0,0.0,0.0,0.0,0.0,0.0,0.0,0.0,0.0,Route Failure,0.8516555930235379,"{'node_level': {}, 'link_level': {}, 'path_level': {}}","{'node_level': {5: {'cpu': -79}, 4: {'cpu': -46}, 2: {'cpu': -73}, 1: {'cpu': -56}, 0: {'cpu': -64}, 6: {'cpu': -45}, 7: {'cpu': -61}, 3: {'cpu': -27}}, 'link_level': {(0, 2): {'bw': -60}, (0, 4): {'bw': -23}, (0, 5): {'bw': -44}, (1, 2): {'bw': -12}}, 'path_level': {(0, 2): {'latency': -1.3718948846475465}, (0, 4): {'latency': -6.008774900777028}, (0, 5): {'latency': -4.488328817511146}, (1, 2): {'latency': 0.8516555930235379}}}","{'node_level': {5: {'cpu': 0}, 4: {'cpu': 0}, 2: {'cpu': 0}, 1: {'cpu': 0}, 0: {'cpu': 0}, 6: {'cpu': 0}, 7: {'cpu': 0}, 3: {'cpu': 0}}, 'link_level': {(0, 2): {'bw': 0}, (0, 4): {'bw': 0}, (0, 5): {'bw': 0}, (1, 2): {'bw': 0}}, 'path_level': {(0, 2): {'latency': 0}, (0, 4): {'latency': 0}, (0, 5): {'latency': 0}, (1, 2): {'latency': 0.8516555930235379}}}",[],0.0,0.0,True,False,False,0,[],0,0.0,8.0,4.0
35,10,8,1440.0,2318.0,545193.2703763951,883887.0994199794,0.6212251941328731,0.6168132454180624,17,42,0,436.80630709617253,40590,7413,33177,0.04483958252802478,0.04863361339718408,17,227.80630709617253,209.0,4,3,False,{},{},{},{},0.0,0.0,0.0,0.0,0.0,0.0,0.0,0.0,0.0,0.0,0.0,0.0,0.0,0.0,Leave Event,0.0,"{'node_level': {}, 'link_level': {}, 'path_level': {}}","{'node_level': {}, 'link_level': {}, 'path_level': {}}","{'node_level': {}, 'link_level': {}, 'path_level': {}}",[],0.0,0.0,True,True,False,0,[],0,0.0,,
36,10,8,1440.0,2318.0,545193.2703763951,883887.0994199794,0.6212251941328731,0.6168132454180624,17,43,1,447.0,40590,7413,33177,0.04483958252802478,0.04863361339718408,35,1114.6356604354908,447.0,2,1,False,"{0: 52, 1: 66}","{(0, 1): []}","{(0, 52): {'cpu': 20}, (1, 66): {'cpu': 8}}",{},0.0,0.0,73.0,28.0,45.0,0.0,0.0,0.0,0.0,0.0,0.0,0.0,0.0,0.0,Route Failure,6.700923706009025,"{'node_level': {}, 'link_level': {}, 'path_level': {}}","{'node_level': {0: {'cpu': -67}, 1: {'cpu': -46}}, 'link_level': {(0, 1): {'bw': -4}}, 'path_level': {(0, 1): {'latency': 6.700923706009025}}}","{'node_level': {0: {'cpu': 0}, 1: {'cpu': 0}}, 'link_level': {(0, 1): {'bw': 0}}, 'path_level': {(0, 1): {'latency': 6.700923706009025}}}",[],0.0,0.0,True,False,False,0,[],0,0.0,2.0,1.0
36,10,8,1440.0,2318.0,545193.2703763951,883887.0994199794,0.6212251941328731,0.6168132454180624,17,44,0,460.37396559521494,40590,7413,33177,0.04483958252802478,0.04863361339718408,5,389.37396559521494,71.0,7,12,False,{},{},{},{},0.0,0.0,0.0,0.0,0.0,0.0,0.0,0.0,0.0,0.0,0.0,0.0,0.0,0.0,Leave Event,0.0,"{'node_level': {}, 'link_level': {}, 'path_level': {}}","{'node_level': {}, 'link_level': {}, 'path_level': {}}","{'node_level': {}, 'link_level': {}, 'path_level': {}}",[],0.0,0.0,True,True,False,0,[],0,0.0,,
37,10,8,1440.0,2318.0,545193.2703763951,883887.0994199794,0.6212251941328731,0.6168132454180624,17,45,1,462.0,40590,7413,33177,0.04483958252802478,0.04863361339718408,36,511.07098520707405,462.0,2,1,False,"{1: 52, 0: 4}","{(0, 1): []}","{(1, 52): {'cpu': 4}, (0, 4): {'cpu': 2}}",{},0.0,0.0,20.0,6.0,14.0,0.0,0.0,0.0,0.0,0.0,0.0,0.0,0.0,0.0,Route Failure,8.907457723188905,"{'node_level': {}, 'link_level': {}, 'path_level': {}}","{'node_level': {1: {'cpu': -83}, 0: {'cpu': -1}}, 'link_level': {(0, 1): {'bw': 2}}, 'path_level': {(0, 1): {'latency': 8.907457723188905}}}","{'node_level': {1: {'cpu': 0}, 0: {'cpu': 0}}, 'link_level': {(0, 1): {'bw': 2}}, 'path_level': {(0, 1): {'latency': 8.907457723188905}}}",[],0.0,0.0,True,False,False,0,[],0,0.0,2.0,1.0
37,10,7,1440.0,2318.0,545193.2703763951,883887.0994199794,0.6212251941328731,0.6168132454180624,17,46,0,469.1940139598675,41082,7501,33581,0.03350083752093802,0.037048719639836025,11,327.1940139598675,142.0,6,9,False,{},{},{},{},0.0,0.0,0.0,0.0,0.0,0.0,0.0,0.0,0.0,0.0,0.0,0.0,0.0,0.0,Leave Event,0.0,"{'node_level': {}, 'link_level': {}, 'path_level': {}}","{'node_level': {}, 'link_level': {}, 'path_level': {}}","{'node_level': {}, 'link_level': {}, 'path_level': {}}",[],0.0,0.0,True,True,False,0,[],0,0.0,,
37,10,7,1440.0,2318.0,545193.2703763951,883887.0994199794,0.6212251941328731,0.6168132454180624,17,47,0,474.2373610826386,41082,7501,33581,0.03350083752093802,0.037048719639836025,34,38.237361082638564,436.0,8,17,False,{},{},{},{},0.0,0.0,0.0,0.0,0.0,0.0,0.0,0.0,0.0,0.0,0.0,0.0,0.0,0.0,Leave Event,0.0,"{'node_level': {}, 'link_level': {}, 'path_level': {}}","{'node_level': {}, 'link_level': {}, 'path_level': {}}","{'node_level': {}, 'link_level': {}, 'path_level': {}}",[],0.0,0.0,True,True,False,0,[],0,0.0,,
38,10,7,1440.0,2318.0,545193.2703763951,883887.0994199794,0.6212251941328731,0.6168132454180624,17,48,1,477.0,41082,7501,33581,0.03350083752093802,0.037048719639836025,37,77.35260196527098,477.0,4,5,False,"{1: 73, 3: 66, 2: 31, 0: 50}","{(0, 1): [(50, 76), (76, 73)], (0, 3): [(50, 77), (77, 66)], (1, 2): []}","{(1, 73): {'cpu': 7}, (3, 66): {'cpu': 7}, (2, 31): {'cpu': 18}, (0, 50): {'cpu': 2}}","{((0, 1), (50, 76)): {'bw': 26}, ((0, 1), (76, 73)): {'bw': 26}, ((0, 3), (50, 77)): {'bw': 36}, ((0, 3), (77, 66)): {'bw': 36}}",0.0,0.0,193.0,34.0,159.0,0.0,0.0,0.0,0.0,0.0,0.0,0.0,0.0,0.0,Route Failure,7.57988294551529,"{'node_level': {}, 'link_level': {}, 'path_level': {}}","{'node_level': {1: {'cpu': -66}, 3: {'cpu': -59}, 2: {'cpu': -30}, 0: {'cpu': -61}}, 'link_level': {(0, 1): {'bw': -32}, (0, 3): {'bw': -23}, (1, 2): {'bw': -20}}, 'path_level': {(0, 1): {'latency': -2.0560437981233353}, (0, 3): {'latency': -0.9944240334619652}, (1, 2): {'latency': 7.57988294551529}}}","{'node_level': {1: {'cpu': 0}, 3: {'cpu': 0}, 2: {'cpu': 0}, 0: {'cpu': 0}}, 'link_level': {(0, 1): {'bw': 0}, (0, 3): {'bw': 0}, (1, 2): {'bw': 0}}, 'path_level': {(0, 1): {'latency': 0}, (0, 3): {'latency': 0}, (1, 2): {'latency': 7.57988294551529}}}",[],0.0,0.0,True,False,False,0,[],0,0.0,4.0,3.0
39,10,7,1440.0,2318.0,545193.2703763951,883887.0994199794,0.6212251941328731,0.6168132454180624,17,49,1,489.0,41082,7501,33581,0.03350083752093802,0.037048719639836025,38,267.32604970490326,489.0,6,5,False,"{5: 73, 2: 66, 0: 31, 1: 50, 3: 52, 4: 39}","{(0, 5): []}","{(5, 73): {'cpu': 15}, (2, 66): {'cpu': 20}, (0, 31): {'cpu': 15}, (1, 50): {'cpu': 13}, (3, 52): {'cpu': 14}, (4, 39): {'cpu': 16}}",{},0.0,0.0,224.0,93.0,131.0,0.0,0.0,0.0,0.0,0.0,0.0,0.0,0.0,0.0,Route Failure,7.820982885438134,"{'node_level': {}, 'link_level': {}, 'path_level': {}}","{'node_level': {5: {'cpu': -58}, 2: {'cpu': -46}, 0: {'cpu': -33}, 1: {'cpu': -50}, 3: {'cpu': -73}, 4: {'cpu': -71}}, 'link_level': {(0, 5): {'bw': -38}}, 'path_level': {(0, 5): {'latency': 7.820982885438134}}}","{'node_level': {5: {'cpu': 0}, 2: {'cpu': 0}, 0: {'cpu': 0}, 1: {'cpu': 0}, 3: {'cpu': 0}, 4: {'cpu': 0}}, 'link_level': {(0, 5): {'bw': 0}}, 'path_level': {(0, 5): {'latency': 7.820982885438134}}}",[],0.0,0.0,True,False,False,0,[],0,0.0,6.0,1.0
40,10,7,1440.0,2318.0,545193.2703763951,883887.0994199794,0.6212251941328731,0.6168132454180624,17,50,1,503.0,41082,7501,33581,0.03350083752093802,0.037048719639836025,39,25.177879846275736,503.0,7,9,False,"{6: 73, 3: 66, 5: 31, 4: 50, 2: 52, 0: 39, 1: 4}","{(0, 3): [(39, 18), (18, 66)], (1, 3): [(4, 22), (22, 66)], (1, 5): [(4, 7), (7, 31)], (1, 6): [(4, 59), (59, 73)], (2, 6): []}","{(6, 73): {'cpu': 17}, (3, 66): {'cpu': 4}, (5, 31): {'cpu': 7}, (4, 50): {'cpu': 14}, (2, 52): {'cpu': 19}, (0, 39): {'cpu': 16}, (1, 4): {'cpu': 1}}","{((0, 3), (39, 18)): {'bw': 12}, ((0, 3), (18, 66)): {'bw': 12}, ((1, 3), (4, 22)): {'bw': 16}, ((1, 3), (22, 66)): {'bw': 16}, ((1, 5), (4, 7)): {'bw': 1}, ((1, 5), (7, 31)): {'bw': 1}, ((1, 6), (4, 59)): {'bw': 4}, ((1, 6), (59, 73)): {'bw': 4}}",0.0,0.0,257.0,78.0,179.0,0.0,0.0,0.0,0.0,0.0,0.0,0.0,0.0,0.0,Route Failure,2.12327558482057,"{'node_level': {}, 'link_level': {}, 'path_level': {}}","{'node_level': {6: {'cpu': -56}, 3: {'cpu': -62}, 5: {'cpu': -41}, 4: {'cpu': -49}, 2: {'cpu': -68}, 0: {'cpu': -71}, 1: {'cpu': -2}}, 'link_level': {(0, 3): {'bw': -69}, (1, 3): {'bw': -48}, (1, 5): {'bw': -18}, (1, 6): {'bw': -52}, (2, 6): {'bw': -31}}, 'path_level': {(0, 3): {'latency': -1.693000811228699}, (1, 3): {'latency': -8.265862778976839}, (1, 5): {'latency': -6.984932537266263}, (1, 6): {'latency': -5.983682306712182}, (2, 6): {'latency': 2.12327558482057}}}","{'node_level': {6: {'cpu': 0}, 3: {'cpu': 0}, 5: {'cpu': 0}, 4: {'cpu': 0}, 2: {'cpu': 0}, 0: {'cpu': 0}, 1: {'cpu': 0}}, 'link_level': {(0, 3): {'bw': 0}, (1, 3): {'bw': 0}, (1, 5): {'bw': 0}, (1, 6): {'bw': 0}, (2, 6): {'bw': 0}}, 'path_level': {(0, 3): {'latency': 0}, (1, 3): {'latency': 0}, (1, 5): {'latency': 0}, (1, 6): {'latency': 0}, (2, 6): {'latency': 2.12327558482057}}}",[],0.0,0.0,True,False,False,0,[],0,0.0,7.0,5.0
41,10,7,1440.0,2318.0,545193.2703763951,883887.0994199794,0.6212251941328731,0.6168132454180624,17,51,1,521.0,41082,7501,33581,0.03350083752093802,0.037048719639836025,40,117.4647097538921,521.0,10,21,False,"{4: 73, 6: 66, 3: 31, 7: 50, 5: 52, 1: 39, 0: 57, 8: 45, 9: 76, 2: 13}","{(0, 1): [(57, 29), (29, 39)], (0, 3): [(57, 55), (55, 31)], (0, 8): [(57, 59), (59, 45)], (1, 3): [(39, 31)], (1, 4): [(39, 61), (61, 73)], (1, 7): [(39, 31), (31, 50)], (1, 9): [(39, 6), (6, 67), (67, 76)], (2, 7): []}","{(4, 73): {'cpu': 1}, (6, 66): {'cpu': 18}, (3, 31): {'cpu': 17}, (7, 50): {'cpu': 12}, (5, 52): {'cpu': 15}, (1, 39): {'cpu': 10}, (0, 57): {'cpu': 7}, (8, 45): {'cpu': 7}, (9, 76): {'cpu': 15}, (2, 13): {'cpu': 10}}","{((0, 1), (57, 29)): {'bw': 45}, ((0, 1), (29, 39)): {'bw': 45}, ((0, 3), (57, 55)): {'bw': 28}, ((0, 3), (55, 31)): {'bw': 28}, ((0, 8), (57, 59)): {'bw': 19}, ((0, 8), (59, 45)): {'bw': 19}, ((1, 3), (39, 31)): {'bw': 34}, ((1, 4), (39, 61)): {'bw': 16}, ((1, 4), (61, 73)): {'bw': 16}, ((1, 7), (39, 31)): {'bw': 9}, ((1, 7), (31, 50)): {'bw': 9}, ((1, 9), (39, 6)): {'bw': 6}, ((1, 9), (6, 67)): {'bw': 6}, ((1, 9), (67, 76)): {'bw': 6}}",0.0,0.0,581.0,112.0,469.0,0.0,0.0,0.0,0.0,0.0,0.0,0.0,0.0,0.0,Route Failure,8.190347708425978,"{'node_level': {}, 'link_level': {}, 'path_level': {}}","{'node_level': {4: {'cpu': -72}, 6: {'cpu': -48}, 3: {'cpu': -31}, 7: {'cpu': -51}, 5: {'cpu': -72}, 1: {'cpu': -77}, 0: {'cpu': -50}, 8: {'cpu': -71}, 9: {'cpu': -68}, 2: {'cpu': -56}}, 'link_level': {(0, 1): {'bw': -39}, (0, 3): {'bw': -19}, (0, 8): {'bw': -27}, (1, 3): {'bw': -47}, (1, 4): {'bw': -61}, (1, 7): {'bw': -38}, (1, 9): {'bw': -46}, (2, 7): {'bw': -34}}, 'path_level': {(0, 1): {'latency': -6.856806971237315}, (0, 3): {'latency': -7.287730026910955}, (0, 8): {'latency': -2.4588805375372846}, (1, 3): {'latency': -9.702680020162594}, (1, 4): {'latency': -6.018015228694091}, (1, 7): {'latency': -3.6881234080929772}, (1, 9): {'latency': -7.000491520497853}, (2, 7): {'latency': 8.190347708425978}}}","{'node_level': {4: {'cpu': 0}, 6: {'cpu': 0}, 3: {'cpu': 0}, 7: {'cpu': 0}, 5: {'cpu': 0}, 1: {'cpu': 0}, 0: {'cpu': 0}, 8: {'cpu': 0}, 9: {'cpu': 0}, 2: {'cpu': 0}}, 'link_level': {(0, 1): {'bw': 0}, (0, 3): {'bw': 0}, (0, 8): {'bw': 0}, (1, 3): {'bw': 0}, (1, 4): {'bw': 0}, (1, 7): {'bw': 0}, (1, 9): {'bw': 0}, (2, 7): {'bw': 0}}, 'path_level': {(0, 1): {'latency': 0}, (0, 3): {'latency': 0}, (0, 8): {'latency': 0}, (1, 3): {'latency': 0}, (1, 4): {'latency': 0}, (1, 7): {'latency': 0}, (1, 9): {'latency': 0}, (2, 7): {'latency': 8.190347708425978}}}",[],0.0,0.0,True,False,False,0,[],0,0.0,10.0,8.0
41,10,7,1440.0,2318.0,545193.2703763951,883887.0994199794,0.6212251941328731,0.6168132454180624,17,52,0,523.5291919280089,41082,7501,33581,0.03350083752093802,0.037048719639836025,33,97.52919192800896,426.0,9,20,False,{},{},{},{},0.0,0.0,0.0,0.0,0.0,0.0,0.0,0.0,0.0,0.0,0.0,0.0,0.0,0.0,Leave Event,0.0,"{'node_level': {}, 'link_level': {}, 'path_level': {}}","{'node_level': {}, 'link_level': {}, 'path_level': {}}","{'node_level': {}, 'link_level': {}, 'path_level': {}}",[],0.0,0.0,True,True,False,0,[],0,0.0,,
41,10,7,1440.0,2318.0,545193.2703763951,883887.0994199794,0.6212251941328731,0.6168132454180624,17,53,0,528.1778798462757,41082,7501,33581,0.03350083752093802,0.037048719639836025,39,25.177879846275736,503.0,7,9,False,{},{},{},{},0.0,0.0,0.0,0.0,0.0,0.0,0.0,0.0,0.0,0.0,0.0,0.0,0.0,0.0,Leave Event,0.0,"{'node_level': {}, 'link_level': {}, 'path_level': {}}","{'node_level': {}, 'link_level': {}, 'path_level': {}}","{'node_level': {}, 'link_level': {}, 'path_level': {}}",[],0.0,0.0,True,True,False,0,[],0,0.0,,
41,10,7,1440.0,2318.0,545193.2703763951,883887.0994199794,0.6212251941328731,0.6168132454180624,17,54,0,529.9411698187021,41082,7501,33581,0.03350083752093802,0.037048719639836025,32,122.94116981870206,407.0,6,5,False,{},{},{},{},0.0,0.0,0.0,0.0,0.0,0.0,0.0,0.0,0.0,0.0,0.0,0.0,0.0,0.0,Leave Event,0.0,"{'node_level': {}, 'link_level': {}, 'path_level': {}}","{'node_level': {}, 'link_level': {}, 'path_level': {}}","{'node_level': {}, 'link_level': {}, 'path_level': {}}",[],0.0,0.0,True,True,False,0,[],0,0.0,,
42,10,7,1440.0,2318.0,545193.2703763951,883887.0994199794,0.6212251941328731,0.6168132454180624,17,55,1,533.0,41082,7501,33581,0.03350083752093802,0.037048719639836025,41,655.9797235993424,533.0,10,27,False,"{4: 73, 7: 66, 0: 31, 3: 50, 9: 52, 8: 39, 5: 57, 2: 45, 6: 76, 1: 13}","{(0, 1): [(31, 13)], (0, 2): [(31, 45)], (0, 4): [(31, 55), (55, 73)], (0, 5): [(31, 55), (55, 57)], (0, 6): [(31, 50), (50, 76)], (0, 7): [(31, 77), (77, 66)], (0, 9): [(31, 52)], (1, 2): []}","{(4, 73): {'cpu': 14}, (7, 66): {'cpu': 12}, (0, 31): {'cpu': 16}, (3, 50): {'cpu': 4}, (9, 52): {'cpu': 16}, (8, 39): {'cpu': 15}, (5, 57): {'cpu': 9}, (2, 45): {'cpu': 18}, (6, 76): {'cpu': 4}, (1, 13): {'cpu': 4}}","{((0, 1), (31, 13)): {'bw': 48}, ((0, 2), (31, 45)): {'bw': 18}, ((0, 4), (31, 55)): {'bw': 19}, ((0, 4), (55, 73)): {'bw': 19}, ((0, 5), (31, 55)): {'bw': 41}, ((0, 5), (55, 57)): {'bw': 41}, ((0, 6), (31, 50)): {'bw': 25}, ((0, 6), (50, 76)): {'bw': 25}, ((0, 7), (31, 77)): {'bw': 49}, ((0, 7), (77, 66)): {'bw': 49}, ((0, 9), (31, 52)): {'bw': 4}}",0.0,0.0,938.0,112.0,826.0,0.0,0.0,0.0,0.0,0.0,0.0,0.0,0.0,0.0,Route Failure,7.452120959723622,"{'node_level': {}, 'link_level': {}, 'path_level': {}}","{'node_level': {4: {'cpu': -59}, 7: {'cpu': -54}, 0: {'cpu': -32}, 3: {'cpu': -59}, 9: {'cpu': -71}, 8: {'cpu': -72}, 5: {'cpu': -48}, 2: {'cpu': -60}, 6: {'cpu': -79}, 1: {'cpu': -62}}, 'link_level': {(0, 1): {'bw': -30}, (0, 2): {'bw': -63}, (0, 4): {'bw': -37}, (0, 5): {'bw': -6}, (0, 6): {'bw': -28}, (0, 7): {'bw': -3}, (0, 9): {'bw': -85}, (1, 2): {'bw': -24}}, 'path_level': {(0, 1): {'latency': -7.758833459026979}, (0, 2): {'latency': -7.574830863650371}, (0, 4): {'latency': -9.132692090259624}, (0, 5): {'latency': -3.230019098527065}, (0, 6): {'latency': -3.9806944227326997}, (0, 7): {'latency': -0.13141284041835855}, (0, 9): {'latency': -10.14098172849672}, (1, 2): {'latency': 7.452120959723622}}}","{'node_level': {4: {'cpu': 0}, 7: {'cpu': 0}, 0: {'cpu': 0}, 3: {'cpu': 0}, 9: {'cpu': 0}, 8: {'cpu': 0}, 5: {'cpu': 0}, 2: {'cpu': 0}, 6: {'cpu': 0}, 1: {'cpu': 0}}, 'link_level': {(0, 1): {'bw': 0}, (0, 2): {'bw': 0}, (0, 4): {'bw': 0}, (0, 5): {'bw': 0}, (0, 6): {'bw': 0}, (0, 7): {'bw': 0}, (0, 9): {'bw': 0}, (1, 2): {'bw': 0}}, 'path_level': {(0, 1): {'latency': 0}, (0, 2): {'latency': 0}, (0, 4): {'latency': 0}, (0, 5): {'latency': 0}, (0, 6): {'latency': 0}, (0, 7): {'latency': 0}, (0, 9): {'latency': 0}, (1, 2): {'latency': 7.452120959723622}}}",[],0.0,0.0,True,False,False,0,[],0,0.0,10.0,8.0
43,10,7,1440.0,2318.0,545193.2703763951,883887.0994199794,0.6212251941328731,0.6168132454180624,17,56,1,542.0,41082,7501,33581,0.03350083752093802,0.037048719639836025,42,526.5175982188248,542.0,9,16,False,"{3: 73, 7: 66, 4: 31, 8: 50, 0: 52, 1: 39, 5: 57, 6: 45, 2: 4}","{(0, 1): [(52, 29), (29, 39)], (0, 3): [(52, 61), (61, 73)], (0, 4): [(52, 31)], (0, 5): [(52, 29), (29, 57)], (1, 2): [(39, 29), (29, 4)], (1, 4): [(39, 31)], (1, 7): [(39, 18), (18, 66)], (2, 5): [(4, 29), (29, 57)], (2, 8): [(4, 54), (54, 50)], (3, 4): [(73, 55), (55, 31)], (3, 5): [(73, 55), (55, 57)], (3, 6): [(73, 59), (59, 45)], (3, 8): [(73, 76), (76, 50)], (4, 6): [(31, 45)], (4, 7): [(31, 77), (77, 66)], (7, 8): []}","{(3, 73): {'cpu': 8}, (7, 66): {'cpu': 4}, (4, 31): {'cpu': 16}, (8, 50): {'cpu': 9}, (0, 52): {'cpu': 20}, (1, 39): {'cpu': 7}, (5, 57): {'cpu': 15}, (6, 45): {'cpu': 10}, (2, 4): {'cpu': 1}}","{((0, 1), (52, 29)): {'bw': 3}, ((0, 1), (29, 39)): {'bw': 3}, ((0, 3), (52, 61)): {'bw': 49}, ((0, 3), (61, 73)): {'bw': 49}, ((0, 4), (52, 31)): {'bw': 5}, ((0, 5), (52, 29)): {'bw': 2}, ((0, 5), (29, 57)): {'bw': 2}, ((1, 2), (39, 29)): {'bw': 10}, ((1, 2), (29, 4)): {'bw': 10}, ((1, 4), (39, 31)): {'bw': 23}, ((1, 7), (39, 18)): {'bw': 50}, ((1, 7), (18, 66)): {'bw': 50}, ((2, 5), (4, 29)): {'bw': 49}, ((2, 5), (29, 57)): {'bw': 49}, ((2, 8), (4, 54)): {'bw': 13}, ((2, 8), (54, 50)): {'bw': 13}, ((3, 4), (73, 55)): {'bw': 20}, ((3, 4), (55, 31)): {'bw': 20}, ((3, 5), (73, 55)): {'bw': 12}, ((3, 5), (55, 57)): {'bw': 12}, ((3, 6), (73, 59)): {'bw': 40}, ((3, 6), (59, 45)): {'bw': 40}, ((3, 8), (73, 76)): {'bw': 32}, ((3, 8), (76, 50)): {'bw': 32}, ((4, 6), (31, 45)): {'bw': 22}, ((4, 7), (31, 77)): {'bw': 39}, ((4, 7), (77, 66)): {'bw': 39}}",0.0,0.0,506.0,90.0,416.0,0.0,0.0,0.0,0.0,0.0,0.0,0.0,0.0,0.0,Route Failure,5.176809626911801,"{'node_level': {}, 'link_level': {}, 'path_level': {}}","{'node_level': {3: {'cpu': -65}, 7: {'cpu': -62}, 4: {'cpu': -32}, 8: {'cpu': -54}, 0: {'cpu': -67}, 1: {'cpu': -80}, 5: {'cpu': -42}, 6: {'cpu': -68}, 2: {'cpu': -2}}, 'link_level': {(0, 1): {'bw': -81}, (0, 3): {'bw': -42}, (0, 4): {'bw': -84}, (0, 5): {'bw': -82}, (1, 2): {'bw': -52}, (1, 4): {'bw': -58}, (1, 7): {'bw': -31}, (2, 5): {'bw': -3}, (2, 8): {'bw': -12}, (3, 4): {'bw': -36}, (3, 5): {'bw': -24}, (3, 6): {'bw': -19}, (3, 8): {'bw': -26}, (4, 6): {'bw': -59}, (4, 7): {'bw': -13}, (7, 8): {'bw': -25}}, 'path_level': {(0, 1): {'latency': -2.2742788039613595}, (0, 3): {'latency': -7.989079047947743}, (0, 4): {'latency': -10.416264100948867}, (0, 5): {'latency': -8.07470108086589}, (1, 2): {'latency': -6.125583047080855}, (1, 4): {'latency': -1.0722527223260379}, (1, 7): {'latency': -5.253179629980928}, (2, 5): {'latency': -5.201877547541432}, (2, 8): {'latency': -7.908058597472974}, (3, 4): {'latency': -3.3284059819227574}, (3, 5): {'latency': -4.457890133980833}, (3, 6): {'latency': -8.655991737941333}, (3, 8): {'latency': -2.001891354253443}, (4, 6): {'latency': -9.896772965154593}, (4, 7): {'latency': -8.906176126839087}, (7, 8): {'latency': 5.176809626911801}}}","{'node_level': {3: {'cpu': 0}, 7: {'cpu': 0}, 4: {'cpu': 0}, 8: {'cpu': 0}, 0: {'cpu': 0}, 1: {'cpu': 0}, 5: {'cpu': 0}, 6: {'cpu': 0}, 2: {'cpu': 0}}, 'link_level': {(0, 1): {'bw': 0}, (0, 3): {'bw': 0}, (0, 4): {'bw': 0}, (0, 5): {'bw': 0}, (1, 2): {'bw': 0}, (1, 4): {'bw': 0}, (1, 7): {'bw': 0}, (2, 5): {'bw': 0}, (2, 8): {'bw': 0}, (3, 4): {'bw': 0}, (3, 5): {'bw': 0}, (3, 6): {'bw': 0}, (3, 8): {'bw': 0}, (4, 6): {'bw': 0}, (4, 7): {'bw': 0}, (7, 8): {'bw': 0}}, 'path_level': {(0, 1): {'latency': 0}, (0, 3): {'latency': 0}, (0, 4): {'latency': 0}, (0, 5): {'latency': 0}, (1, 2): {'latency': 0}, (1, 4): {'latency': 0}, (1, 7): {'latency': 0}, (2, 5): {'latency': 0}, (2, 8): {'latency': 0}, (3, 4): {'latency': 0}, (3, 5): {'latency': 0}, (3, 6): {'latency': 0}, (3, 8): {'latency': 0}, (4, 6): {'latency': 0}, (4, 7): {'latency': 0}, (7, 8): {'latency': 5.176809626911801}}}",[],0.0,0.0,True,False,False,0,[],0,0.0,9.0,16.0
44,10,7,1440.0,2318.0,545193.2703763951,883887.0994199794,0.6212251941328731,0.6168132454180624,17,57,1,550.0,41082,7501,33581,0.03350083752093802,0.037048719639836025,43,325.9817911949841,550.0,7,10,False,"{3: 73, 2: 66, 6: 31, 1: 50, 0: 52, 5: 4, 4: 39}","{(0, 2): [(52, 13), (13, 77), (77, 66)], (0, 3): [(52, 61), (61, 73)], (0, 5): [(52, 29), (29, 4)], (1, 2): [(50, 77), (77, 66)], (1, 3): [(50, 76), (76, 73)], (1, 4): [(50, 31), (31, 39)], (2, 6): [(66, 18), (18, 45), (45, 31)], (3, 5): []}","{(3, 73): {'cpu': 5}, (2, 66): {'cpu': 19}, (6, 31): {'cpu': 18}, (1, 50): {'cpu': 5}, (0, 52): {'cpu': 13}, (5, 4): {'cpu': 1}, (4, 39): {'cpu': 3}}","{((0, 2), (52, 13)): {'bw': 41}, ((0, 2), (13, 77)): {'bw': 41}, ((0, 2), (77, 66)): {'bw': 41}, ((0, 3), (52, 61)): {'bw': 34}, ((0, 3), (61, 73)): {'bw': 34}, ((0, 5), (52, 29)): {'bw': 6}, ((0, 5), (29, 4)): {'bw': 6}, ((1, 2), (50, 77)): {'bw': 16}, ((1, 2), (77, 66)): {'bw': 16}, ((1, 3), (50, 76)): {'bw': 50}, ((1, 3), (76, 73)): {'bw': 50}, ((1, 4), (50, 31)): {'bw': 43}, ((1, 4), (31, 39)): {'bw': 43}, ((2, 6), (66, 18)): {'bw': 41}, ((2, 6), (18, 45)): {'bw': 41}, ((2, 6), (45, 31)): {'bw': 41}}",0.0,0.0,356.0,64.0,292.0,0.0,0.0,0.0,0.0,0.0,0.0,0.0,0.0,0.0,Route Failure,5.508579823191655,"{'node_level': {}, 'link_level': {}, 'path_level': {}}","{'node_level': {3: {'cpu': -68}, 2: {'cpu': -47}, 6: {'cpu': -30}, 1: {'cpu': -58}, 0: {'cpu': -74}, 5: {'cpu': -2}, 4: {'cpu': -84}}, 'link_level': {(0, 2): {'bw': -9}, (0, 3): {'bw': -57}, (0, 5): {'bw': -56}, (1, 2): {'bw': -2}, (1, 3): {'bw': -8}, (1, 4): {'bw': -10}, (2, 6): {'bw': -39}, (3, 5): {'bw': -34}}, 'path_level': {(0, 2): {'latency': -3.2976815087755984}, (0, 3): {'latency': -4.489463203358613}, (0, 5): {'latency': -0.7989340912889329}, (1, 2): {'latency': -6.110388739123911}, (1, 3): {'latency': -1.7698651275285142}, (1, 4): {'latency': -2.1171272708471918}, (2, 6): {'latency': -1.3707502706569832}, (3, 5): {'latency': 5.508579823191655}}}","{'node_level': {3: {'cpu': 0}, 2: {'cpu': 0}, 6: {'cpu': 0}, 1: {'cpu': 0}, 0: {'cpu': 0}, 5: {'cpu': 0}, 4: {'cpu': 0}}, 'link_level': {(0, 2): {'bw': 0}, (0, 3): {'bw': 0}, (0, 5): {'bw': 0}, (1, 2): {'bw': 0}, (1, 3): {'bw': 0}, (1, 4): {'bw': 0}, (2, 6): {'bw': 0}, (3, 5): {'bw': 0}}, 'path_level': {(0, 2): {'latency': 0}, (0, 3): {'latency': 0}, (0, 5): {'latency': 0}, (1, 2): {'latency': 0}, (1, 3): {'latency': 0}, (1, 4): {'latency': 0}, (2, 6): {'latency': 0}, (3, 5): {'latency': 5.508579823191655}}}",[],0.0,0.0,True,False,False,0,[],0,0.0,7.0,8.0
44,10,7,1440.0,2318.0,545193.2703763951,883887.0994199794,0.6212251941328731,0.6168132454180624,17,58,0,554.352601965271,41082,7501,33581,0.03350083752093802,0.037048719639836025,37,77.35260196527098,477.0,4,5,False,{},{},{},{},0.0,0.0,0.0,0.0,0.0,0.0,0.0,0.0,0.0,0.0,0.0,0.0,0.0,0.0,Leave Event,0.0,"{'node_level': {}, 'link_level': {}, 'path_level': {}}","{'node_level': {}, 'link_level': {}, 'path_level': {}}","{'node_level': {}, 'link_level': {}, 'path_level': {}}",[],0.0,0.0,True,True,False,0,[],0,0.0,,
45,10,7,1440.0,2318.0,545193.2703763951,883887.0994199794,0.6212251941328731,0.6168132454180624,17,59,1,564.0,41082,7501,33581,0.03350083752093802,0.037048719639836025,44,160.6404594534066,564.0,3,2,False,"{0: 73, 1: 66, 2: 31}","{(0, 1): []}","{(0, 73): {'cpu': 19}, (1, 66): {'cpu': 2}, (2, 31): {'cpu': 19}}",{},0.0,0.0,91.0,40.0,51.0,0.0,0.0,0.0,0.0,0.0,0.0,0.0,0.0,0.0,Route Failure,7.40435448479389,"{'node_level': {}, 'link_level': {}, 'path_level': {}}","{'node_level': {0: {'cpu': -54}, 1: {'cpu': -64}, 2: {'cpu': -29}}, 'link_level': {(0, 1): {'bw': -16}}, 'path_level': {(0, 1): {'latency': 7.40435448479389}}}","{'node_level': {0: {'cpu': 0}, 1: {'cpu': 0}, 2: {'cpu': 0}}, 'link_level': {(0, 1): {'bw': 0}}, 'path_level': {(0, 1): {'latency': 7.40435448479389}}}",[],0.0,0.0,True,False,False,0,[],0,0.0,3.0,1.0
46,11,8,1493.0,2376.0,573182.4158502438,914516.7303158893,0.6283670033670034,0.6267599015408466,17,60,1,578.0,41024,7468,33556,0.03775286689859558,0.03776560662977091,45,528.0970844122402,578.0,3,2,True,"{1: 73, 2: 66, 0: 31}","{(0, 1): [(31, 55), (55, 73)], (1, 2): [(73, 66)]}","{(1, 73): {'cpu': 15}, (2, 66): {'cpu': 13}, (0, 31): {'cpu': 5}}","{((0, 1), (31, 55)): {'bw': 5}, ((0, 1), (55, 73)): {'bw': 5}, ((1, 2), (73, 66)): {'bw': 15}}",58.0,53.0,53.0,33.0,20.0,33.0,20.0,33.0,25.0,5.0,0.9137931034482759,30629.63089590993,27989.14547384873,482.5714736870471,Success,0.0,"{'node_level': {}, 'link_level': {}, 'path_level': {}}","{'node_level': {1: {'cpu': -58}, 2: {'cpu': -53}, 0: {'cpu': -43}}, 'link_level': {(0, 1): {'bw': -51}, (1, 2): {'bw': -75}}, 'path_level': {(0, 1): {'latency': -2.3893888818282925}, (1, 2): {'latency': -3.84488919338561}}}","{'node_level': {1: {'cpu': 0}, 2: {'cpu': 0}, 0: {'cpu': 0}}, 'link_level': {(0, 1): {'bw': 0}, (1, 2): {'bw': 0}}, 'path_level': {(0, 1): {'latency': 0}, (1, 2): {'latency': 0}}}",[],0.0,0.0,True,True,False,0,[],0,0.0,3.0,2.0
47,11,8,1493.0,2376.0,573182.4158502438,914516.7303158893,0.6283670033670034,0.6267599015408466,17,61,1,592.0,41024,7468,33556,0.03775286689859558,0.03776560662977091,46,1566.917177280644,592.0,3,2,False,"{1: 73, 2: 31, 0: 66}","{(0, 1): []}","{(1, 73): {'cpu': 5}, (2, 31): {'cpu': 3}, (0, 66): {'cpu': 11}}",{},0.0,0.0,85.0,19.0,66.0,0.0,0.0,0.0,0.0,0.0,0.0,0.0,0.0,0.0,Route Failure,9.33636137025401,"{'node_level': {}, 'link_level': {}, 'path_level': {}}","{'node_level': {1: {'cpu': -53}, 2: {'cpu': -40}, 0: {'cpu': -42}}, 'link_level': {(0, 1): {'bw': -29}}, 'path_level': {(0, 1): {'latency': 9.33636137025401}}}","{'node_level': {1: {'cpu': 0}, 2: {'cpu': 0}, 0: {'cpu': 0}}, 'link_level': {(0, 1): {'bw': 0}}, 'path_level': {(0, 1): {'latency': 9.33636137025401}}}",[],0.0,0.0,True,False,False,0,[],0,0.0,3.0,1.0
48,11,8,1493.0,2376.0,573182.4158502438,914516.7303158893,0.6283670033670034,0.6267599015408466,17,62,1,606.0,41024,7468,33556,0.03775286689859558,0.03776560662977091,47,285.9256554459682,606.0,7,11,False,"{5: 73, 4: 31, 2: 66, 0: 50, 1: 52, 6: 39, 3: 57}","{(0, 2): [(50, 31), (31, 77), (77, 66)], (0, 3): [(50, 55), (55, 57)], (0, 6): [(50, 77), (77, 6), (6, 39)], (1, 4): [(52, 31)], (1, 5): [(52, 61), (61, 73)], (2, 3): [(66, 57)], (2, 4): []}","{(5, 73): {'cpu': 4}, (4, 31): {'cpu': 16}, (2, 66): {'cpu': 11}, (0, 50): {'cpu': 14}, (1, 52): {'cpu': 12}, (6, 39): {'cpu': 5}, (3, 57): {'cpu': 4}}","{((0, 2), (50, 31)): {'bw': 26}, ((0, 2), (31, 77)): {'bw': 26}, ((0, 2), (77, 66)): {'bw': 26}, ((0, 3), (50, 55)): {'bw': 21}, ((0, 3), (55, 57)): {'bw': 21}, ((0, 6), (50, 77)): {'bw': 35}, ((0, 6), (77, 6)): {'bw': 35}, ((0, 6), (6, 39)): {'bw': 35}, ((1, 4), (52, 31)): {'bw': 34}, ((1, 5), (52, 61)): {'bw': 46}, ((1, 5), (61, 73)): {'bw': 46}, ((2, 3), (66, 57)): {'bw': 24}}",0.0,0.0,379.0,66.0,313.0,0.0,0.0,0.0,0.0,0.0,0.0,0.0,0.0,0.0,Route Failure,14.0,"{'node_level': {}, 'link_level': {}, 'path_level': {}}","{'node_level': {5: {'cpu': -54}, 4: {'cpu': -27}, 2: {'cpu': -42}, 0: {'cpu': -49}, 1: {'cpu': -75}, 6: {'cpu': -82}, 3: {'cpu': -53}}, 'link_level': {(0, 2): {'bw': -26}, (0, 3): {'bw': -4}, (0, 6): {'bw': -17}, (1, 4): {'bw': -55}, (1, 5): {'bw': -45}, (2, 3): {'bw': -73}, (2, 4): {'bw': 10}}, 'path_level': {(0, 2): {'latency': -0.7956387890308019}, (0, 3): {'latency': -6.994408344994303}, (0, 6): {'latency': -0.0678389948077669}, (1, 4): {'latency': -1.051210025953107}, (1, 5): {'latency': -0.17641837455601195}, (2, 3): {'latency': -2.251252596721121}, (2, 4): {'latency': 1.1117274614360744}}}","{'node_level': {5: {'cpu': 0}, 4: {'cpu': 0}, 2: {'cpu': 0}, 0: {'cpu': 0}, 1: {'cpu': 0}, 6: {'cpu': 0}, 3: {'cpu': 0}}, 'link_level': {(0, 2): {'bw': 0}, (0, 3): {'bw': 0}, (0, 6): {'bw': 0}, (1, 4): {'bw': 0}, (1, 5): {'bw': 0}, (2, 3): {'bw': 0}, (2, 4): {'bw': 14}}, 'path_level': {(0, 2): {'latency': 0}, (0, 3): {'latency': 0}, (0, 6): {'latency': 0}, (1, 4): {'latency': 0}, (1, 5): {'latency': 0}, (2, 3): {'latency': 0}, (2, 4): {'latency': 1.1117274614360744}}}",[],0.0,0.0,True,False,False,0,[],0,0.0,7.0,7.0
49,12,9,1740.0,2791.0,582162.4937747275,929604.7154926534,0.6234324614833393,0.6262473544642085,18,63,1,619.0,40609,7404,33205,0.04599922690374947,0.04783069996845701,48,36.35659078738325,619.0,7,10,True,"{0: 73, 2: 31, 4: 66, 3: 50, 5: 4, 1: 52, 6: 39}","{(0, 1): [(73, 61), (61, 52)], (0, 2): [(73, 55), (55, 31)], (0, 3): [(73, 55), (55, 50)], (0, 4): [(73, 66)], (2, 3): [(31, 50)], (2, 5): [(31, 12), (12, 4)], (3, 4): [(50, 31), (31, 77), (77, 66)], (3, 5): [(50, 54), (54, 19), (19, 4)], (4, 5): [(66, 22), (22, 4)], (4, 6): [(66, 18), (18, 39)]}","{(0, 73): {'cpu': 16}, (2, 31): {'cpu': 10}, (4, 66): {'cpu': 14}, (3, 50): {'cpu': 10}, (5, 4): {'cpu': 1}, (1, 52): {'cpu': 9}, (6, 39): {'cpu': 4}}","{((0, 1), (73, 61)): {'bw': 26}, ((0, 1), (61, 52)): {'bw': 26}, ((0, 2), (73, 55)): {'bw': 30}, ((0, 2), (55, 31)): {'bw': 30}, ((0, 3), (73, 55)): {'bw': 16}, ((0, 3), (55, 50)): {'bw': 16}, ((0, 4), (73, 66)): {'bw': 8}, ((2, 3), (31, 50)): {'bw': 24}, ((2, 5), (31, 12)): {'bw': 20}, ((2, 5), (12, 4)): {'bw': 20}, ((3, 4), (50, 31)): {'bw': 14}, ((3, 4), (31, 77)): {'bw': 14}, ((3, 4), (77, 66)): {'bw': 14}, ((3, 5), (50, 54)): {'bw': 3}, ((3, 5), (54, 19)): {'bw': 3}, ((3, 5), (19, 4)): {'bw': 3}, ((4, 5), (66, 22)): {'bw': 19}, ((4, 5), (22, 4)): {'bw': 19}, ((4, 6), (66, 18)): {'bw': 23}, ((4, 6), (18, 39)): {'bw': 23}}",415.0,247.0,247.0,64.0,183.0,64.0,183.0,64.0,351.0,168.0,0.5951807228915663,15087.985176764048,8980.077924483661,21.638741986707622,Success,0.0,"{'node_level': {}, 'link_level': {}, 'path_level': {}}","{'node_level': {0: {'cpu': -42}, 2: {'cpu': -33}, 4: {'cpu': -39}, 3: {'cpu': -53}, 5: {'cpu': -2}, 1: {'cpu': -78}, 6: {'cpu': -83}}, 'link_level': {(0, 1): {'bw': -65}, (0, 2): {'bw': -21}, (0, 3): {'bw': -5}, (0, 4): {'bw': -67}, (2, 3): {'bw': -29}, (2, 5): {'bw': -38}, (3, 4): {'bw': -15}, (3, 5): {'bw': -22}, (4, 5): {'bw': -45}, (4, 6): {'bw': -58}}, 'path_level': {(0, 1): {'latency': -3.635385763567494}, (0, 2): {'latency': -6.4985711582312815}, (0, 3): {'latency': -4.0687799888487195}, (0, 4): {'latency': -0.9526886951188924}, (2, 3): {'latency': -11.100458190301946}, (2, 5): {'latency': -1.689684873009841}, (3, 4): {'latency': -0.05491149911279969}, (3, 5): {'latency': -0.5697693546649507}, (4, 5): {'latency': -7.490507682006474}, (4, 6): {'latency': -8.32374593118453}}}","{'node_level': {0: {'cpu': 0}, 2: {'cpu': 0}, 4: {'cpu': 0}, 3: {'cpu': 0}, 5: {'cpu': 0}, 1: {'cpu': 0}, 6: {'cpu': 0}}, 'link_level': {(0, 1): {'bw': 0}, (0, 2): {'bw': 0}, (0, 3): {'bw': 0}, (0, 4): {'bw': 0}, (2, 3): {'bw': 0}, (2, 5): {'bw': 0}, (3, 4): {'bw': 0}, (3, 5): {'bw': 0}, (4, 5): {'bw': 0}, (4, 6): {'bw': 0}}, 'path_level': {(0, 1): {'latency': 0}, (0, 2): {'latency': 0}, (0, 3): {'latency': 0}, (0, 4): {'latency': 0}, (2, 3): {'latency': 0}, (2, 5): {'latency': 0}, (3, 4): {'latency': 0}, (3, 5): {'latency': 0}, (4, 5): {'latency': 0}, (4, 6): {'latency': 0}}}",[],0.0,0.0,True,True,False,0,[],0,0.0,7.0,10.0
49,12,8,1740.0,2791.0,582162.4937747275,929604.7154926534,0.6234324614833393,0.6262473544642085,18,64,0,624.4245168666125,40895,7446,33449,0.04058755315036722,0.040833882946692324,18,402.4245168666126,222.0,3,2,False,{},{},{},{},0.0,0.0,0.0,0.0,0.0,0.0,0.0,0.0,0.0,0.0,0.0,0.0,0.0,0.0,Leave Event,0.0,"{'node_level': {}, 'link_level': {}, 'path_level': {}}","{'node_level': {}, 'link_level': {}, 'path_level': {}}","{'node_level': {}, 'link_level': {}, 'path_level': {}}",[],0.0,0.0,True,True,False,0,[],0,0.0,,
50,12,8,1740.0,2791.0,582162.4937747275,929604.7154926534,0.6234324614833393,0.6262473544642085,18,65,1,631.0,40895,7446,33449,0.04058755315036722,0.040833882946692324,49,29.732500124698706,631.0,9,22,False,"{0: 57, 3: 44, 4: 13, 7: 66, 2: 50, 6: 45, 5: 73, 8: 51, 1: 4}","{(0, 2): [(57, 64), (64, 50)], (0, 3): [(57, 44)], (0, 4): [(57, 1), (1, 13)], (0, 5): [(57, 59), (59, 73)], (0, 7): [(57, 66)], (0, 8): [(57, 44), (44, 51)], (1, 2): []}","{(0, 57): {'cpu': 18}, (3, 44): {'cpu': 3}, (4, 13): {'cpu': 16}, (7, 66): {'cpu': 6}, (2, 50): {'cpu': 2}, (6, 45): {'cpu': 17}, (5, 73): {'cpu': 4}, (8, 51): {'cpu': 4}, (1, 4): {'cpu': 2}}","{((0, 2), (57, 64)): {'bw': 47}, ((0, 2), (64, 50)): {'bw': 47}, ((0, 3), (57, 44)): {'bw': 39}, ((0, 4), (57, 1)): {'bw': 47}, ((0, 4), (1, 13)): {'bw': 47}, ((0, 5), (57, 59)): {'bw': 32}, ((0, 5), (59, 73)): {'bw': 32}, ((0, 7), (57, 66)): {'bw': 47}, ((0, 8), (57, 44)): {'bw': 28}, ((0, 8), (44, 51)): {'bw': 28}}",0.0,0.0,716.0,72.0,644.0,0.0,0.0,0.0,0.0,0.0,0.0,0.0,0.0,0.0,Route Failure,8.71328466242507,"{'node_level': {}, 'link_level': {}, 'path_level': {}}","{'node_level': {0: {'cpu': -39}, 3: {'cpu': -61}, 4: {'cpu': -66}, 7: {'cpu': -33}, 2: {'cpu': -51}, 6: {'cpu': -61}, 5: {'cpu': -38}, 8: {'cpu': -47}, 1: {'cpu': 0}}, 'link_level': {(0, 2): {'bw': -28}, (0, 3): {'bw': -36}, (0, 4): {'bw': -16}, (0, 5): {'bw': -40}, (0, 7): {'bw': -50}, (0, 8): {'bw': -8}, (1, 2): {'bw': -38}}, 'path_level': {(0, 2): {'latency': -5.277530026558773}, (0, 3): {'latency': -3.9472570826569666}, (0, 4): {'latency': -4.711955470886265}, (0, 5): {'latency': -4.777395063103881}, (0, 7): {'latency': -5.36844018809915}, (0, 8): {'latency': -6.916974386174386}, (1, 2): {'latency': 8.71328466242507}}}","{'node_level': {0: {'cpu': 0}, 3: {'cpu': 0}, 4: {'cpu': 0}, 7: {'cpu': 0}, 2: {'cpu': 0}, 6: {'cpu': 0}, 5: {'cpu': 0}, 8: {'cpu': 0}, 1: {'cpu': 0}}, 'link_level': {(0, 2): {'bw': 0}, (0, 3): {'bw': 0}, (0, 4): {'bw': 0}, (0, 5): {'bw': 0}, (0, 7): {'bw': 0}, (0, 8): {'bw': 0}, (1, 2): {'bw': 0}}, 'path_level': {(0, 2): {'latency': 0}, (0, 3): {'latency': 0}, (0, 4): {'latency': 0}, (0, 5): {'latency': 0}, (0, 7): {'latency': 0}, (0, 8): {'latency': 0}, (1, 2): {'latency': 8.71328466242507}}}",[],0.0,0.0,True,False,False,0,[],0,0.0,9.0,7.0
50,12,7,1740.0,2791.0,582162.4937747275,929604.7154926534,0.6234324614833393,0.6262473544642085,18,66,0,631.2419097190561,40944,7461,33483,0.038654812524159254,0.03985891664038077,4,572.2419097190561,59.0,2,1,False,{},{},{},{},0.0,0.0,0.0,0.0,0.0,0.0,0.0,0.0,0.0,0.0,0.0,0.0,0.0,0.0,Leave Event,0.0,"{'node_level': {}, 'link_level': {}, 'path_level': {}}","{'node_level': {}, 'link_level': {}, 'path_level': {}}","{'node_level': {}, 'link_level': {}, 'path_level': {}}",[],0.0,0.0,True,True,False,0,[],0,0.0,,
50,12,7,1740.0,2791.0,582162.4937747275,929604.7154926534,0.6234324614833393,0.6262473544642085,18,67,0,638.4647097538921,40944,7461,33483,0.038654812524159254,0.03985891664038077,40,117.4647097538921,521.0,10,21,False,{},{},{},{},0.0,0.0,0.0,0.0,0.0,0.0,0.0,0.0,0.0,0.0,0.0,0.0,0.0,0.0,Leave Event,0.0,"{'node_level': {}, 'link_level': {}, 'path_level': {}}","{'node_level': {}, 'link_level': {}, 'path_level': {}}","{'node_level': {}, 'link_level': {}, 'path_level': {}}",[],0.0,0.0,True,True,False,0,[],0,0.0,,
51,13,8,1980.0,3175.0,592543.3530944806,946214.0904042585,0.6236220472440945,0.6262254590198754,18,68,1,646.0,40560,7412,33148,0.04496843190310529,0.04946520230550855,50,43.253580498971516,646.0,6,6,True,"{1: 57, 5: 44, 4: 13, 3: 4, 0: 66, 2: 50}","{(0, 4): [(66, 77), (77, 13)], (0, 5): [(66, 51), (51, 44)], (1, 2): [(57, 64), (64, 50)], (1, 5): [(57, 44)], (3, 4): [(4, 29), (29, 13)], (3, 5): [(4, 0), (0, 44)]}","{(1, 57): {'cpu': 15}, (5, 44): {'cpu': 2}, (4, 13): {'cpu': 2}, (3, 4): {'cpu': 10}, (0, 66): {'cpu': 14}, (2, 50): {'cpu': 6}}","{((0, 4), (66, 77)): {'bw': 33}, ((0, 4), (77, 13)): {'bw': 33}, ((0, 5), (66, 51)): {'bw': 8}, ((0, 5), (51, 44)): {'bw': 8}, ((1, 2), (57, 64)): {'bw': 24}, ((1, 2), (64, 50)): {'bw': 24}, ((1, 5), (57, 44)): {'bw': 47}, ((3, 4), (4, 29)): {'bw': 49}, ((3, 4), (29, 13)): {'bw': 49}, ((3, 5), (4, 0)): {'bw': 30}, ((3, 5), (0, 44)): {'bw': 30}}",384.0,240.0,240.0,49.0,191.0,49.0,191.0,49.0,335.0,144.0,0.625,16609.37491160506,10380.859319753165,27.0334878118572,Success,0.0,"{'node_level': {}, 'link_level': {}, 'path_level': {}}","{'node_level': {1: {'cpu': -42}, 5: {'cpu': -62}, 4: {'cpu': -80}, 3: {'cpu': -4}, 0: {'cpu': -25}, 2: {'cpu': -47}}, 'link_level': {(0, 4): {'bw': -12}, (0, 5): {'bw': -80}, (1, 2): {'bw': -51}, (1, 5): {'bw': -28}, (3, 4): {'bw': -13}, (3, 5): {'bw': -43}}, 'path_level': {(0, 4): {'latency': -8.932091661197159}, (0, 5): {'latency': -3.0751036190276526}, (1, 2): {'latency': -6.696643498400538}, (1, 5): {'latency': -7.221657640626097}, (3, 4): {'latency': -2.591094125680865}, (3, 5): {'latency': -2.386389140166017}}}","{'node_level': {1: {'cpu': 0}, 5: {'cpu': 0}, 4: {'cpu': 0}, 3: {'cpu': 0}, 0: {'cpu': 0}, 2: {'cpu': 0}}, 'link_level': {(0, 4): {'bw': 0}, (0, 5): {'bw': 0}, (1, 2): {'bw': 0}, (1, 5): {'bw': 0}, (3, 4): {'bw': 0}, (3, 5): {'bw': 0}}, 'path_level': {(0, 4): {'latency': 0}, (0, 5): {'latency': 0}, (1, 2): {'latency': 0}, (1, 5): {'latency': 0}, (3, 4): {'latency': 0}, (3, 5): {'latency': 0}}}",[],0.0,0.0,True,True,False,0,[],0,0.0,6.0,6.0
51,13,7,1980.0,3175.0,592543.3530944806,946214.0904042585,0.6236220472440945,0.6262254590198754,18,69,0,655.3565907873832,40975,7476,33499,0.03672207189795129,0.039400108966822445,48,36.35659078738325,619.0,7,10,False,{},{},{},{},0.0,0.0,0.0,0.0,0.0,0.0,0.0,0.0,0.0,0.0,0.0,0.0,0.0,0.0,Leave Event,0.0,"{'node_level': {}, 'link_level': {}, 'path_level': {}}","{'node_level': {}, 'link_level': {}, 'path_level': {}}","{'node_level': {}, 'link_level': {}, 'path_level': {}}",[],0.0,0.0,True,True,False,0,[],0,0.0,,
52,14,8,2102.0,3358.0,788449.865445389,1240073.858930621,0.6259678379988088,0.6358087945868881,18,70,1,658.0,40792,7435,33357,0.042004896276253034,0.0434720270696527,51,1605.7910848435115,658.0,5,4,True,"{4: 31, 0: 73, 2: 50, 3: 66, 1: 52}","{(0, 1): [(73, 61), (61, 52)], (0, 4): [(73, 55), (55, 31)], (2, 4): [(50, 31)], (3, 4): [(66, 77), (77, 31)]}","{(4, 31): {'cpu': 5}, (0, 73): {'cpu': 2}, (2, 50): {'cpu': 15}, (3, 66): {'cpu': 14}, (1, 52): {'cpu': 5}}","{((0, 1), (73, 61)): {'bw': 14}, ((0, 1), (61, 52)): {'bw': 14}, ((0, 4), (73, 55)): {'bw': 34}, ((0, 4), (55, 31)): {'bw': 34}, ((2, 4), (50, 31)): {'bw': 20}, ((3, 4), (66, 77)): {'bw': 13}, ((3, 4), (77, 31)): {'bw': 13}}",183.0,122.0,122.0,41.0,81.0,41.0,81.0,41.0,142.0,61.0,0.6666666666666666,293859.7685263626,195906.5123509084,1070.5273898956743,Success,0.0,"{'node_level': {}, 'link_level': {}, 'path_level': {}}","{'node_level': {4: {'cpu': -41}, 0: {'cpu': -56}, 2: {'cpu': -42}, 3: {'cpu': -25}, 1: {'cpu': -82}}, 'link_level': {(0, 1): {'bw': -77}, (0, 4): {'bw': -17}, (2, 4): {'bw': -33}, (3, 4): {'bw': -13}}, 'path_level': {(0, 1): {'latency': -5.70795652219969}, (0, 4): {'latency': -0.09969630126782203}, (2, 4): {'latency': -4.02722316612838}, (3, 4): {'latency': -2.958910638224677}}}","{'node_level': {4: {'cpu': 0}, 0: {'cpu': 0}, 2: {'cpu': 0}, 3: {'cpu': 0}, 1: {'cpu': 0}}, 'link_level': {(0, 1): {'bw': 0}, (0, 4): {'bw': 0}, (2, 4): {'bw': 0}, (3, 4): {'bw': 0}}, 'path_level': {(0, 1): {'latency': 0}, (0, 4): {'latency': 0}, (2, 4): {'latency': 0}, (3, 4): {'latency': 0}}}",[],0.0,0.0,True,True,False,0,[],0,0.0,5.0,4.0
52,14,8,2102.0,3358.0,788449.865445389,1240073.858930621,0.6259678379988088,0.6358087945868881,18,71,0,660.7325001246987,40792,7435,33357,0.042004896276253034,0.0434720270696527,49,29.732500124698706,631.0,9,22,False,{},{},{},{},0.0,0.0,0.0,0.0,0.0,0.0,0.0,0.0,0.0,0.0,0.0,0.0,0.0,0.0,Leave Event,0.0,"{'node_level': {}, 'link_level': {}, 'path_level': {}}","{'node_level': {}, 'link_level': {}, 'path_level': {}}","{'node_level': {}, 'link_level': {}, 'path_level': {}}",[],0.0,0.0,True,True,False,0,[],0,0.0,,
53,15,9,2125.0,3389.0,797398.9831768657,1252135.7132643505,0.6270286220123931,0.6368311156128801,18,72,1,666.0,40761,7420,33341,0.043937636902461,0.04393083474321113,52,389.0920752815979,666.0,2,1,True,"{0: 73, 1: 31}","{(0, 1): [(73, 55), (55, 31)]}","{(0, 73): {'cpu': 10}, (1, 31): {'cpu': 5}}","{((0, 1), (73, 55)): {'bw': 8}, ((0, 1), (55, 31)): {'bw': 8}}",31.0,23.0,23.0,15.0,8.0,15.0,8.0,15.0,16.0,8.0,0.7419354838709677,12061.854333729534,8949.117731476752,288.68121714441133,Success,0.0,"{'node_level': {}, 'link_level': {}, 'path_level': {}}","{'node_level': {0: {'cpu': -46}, 1: {'cpu': -36}}, 'link_level': {(0, 1): {'bw': -9}}, 'path_level': {(0, 1): {'latency': -4.947865161241167}}}","{'node_level': {0: {'cpu': 0}, 1: {'cpu': 0}}, 'link_level': {(0, 1): {'bw': 0}}, 'path_level': {(0, 1): {'latency': 0}}}",[],0.0,0.0,True,True,False,0,[],0,0.0,2.0,1.0
53,15,9,2125.0,3389.0,797398.9831768657,1252135.7132643505,0.6270286220123931,0.6368311156128801,18,73,0,673.5688329749084,40761,7420,33341,0.043937636902461,0.04393083474321113,27,335.5688329749085,338.0,2,1,False,{},{},{},{},0.0,0.0,0.0,0.0,0.0,0.0,0.0,0.0,0.0,0.0,0.0,0.0,0.0,0.0,Leave Event,0.0,"{'node_level': {}, 'link_level': {}, 'path_level': {}}","{'node_level': {}, 'link_level': {}, 'path_level': {}}","{'node_level': {}, 'link_level': {}, 'path_level': {}}",[],0.0,0.0,True,True,False,0,[],0,0.0,,
54,16,10,2198.0,3511.0,863713.8665700133,1362963.3266063232,0.6260324693819425,0.6337029395505426,18,74,1,675.0,40639,7396,33243,0.04703002190439376,0.04674103174375588,53,908.4230601801049,675.0,2,1,True,"{1: 73, 0: 31}","{(0, 1): [(31, 91), (91, 73)]}","{(1, 73): {'cpu': 14}, (0, 31): {'cpu': 10}}","{((0, 1), (31, 91)): {'bw': 49}, ((0, 1), (91, 73)): {'bw': 49}}",122.0,73.0,73.0,24.0,49.0,24.0,49.0,24.0,98.0,49.0,0.5983606557377049,110827.6133419728,66314.88339314765,543.5646179766202,Success,0.0,"{'node_level': {}, 'link_level': {}, 'path_level': {}}","{'node_level': {1: {'cpu': -32}, 0: {'cpu': -26}}, 'link_level': {(0, 1): {'bw': -18}}, 'path_level': {(0, 1): {'latency': -5.273702914802622}}}","{'node_level': {1: {'cpu': 0}, 0: {'cpu': 0}}, 'link_level': {(0, 1): {'bw': 0}}, 'path_level': {(0, 1): {'latency': 0}}}",[],0.0,0.0,True,True,False,0,[],0,0.0,2.0,1.0
55,17,11,2232.0,3552.0,866882.1564637927,1366783.9114782338,0.6283783783783784,0.6342496053573118,18,75,1,688.0,40598,7369,33229,0.05050895503156805,0.047142488458119414,54,93.18499687586349,688.0,2,1,True,"{1: 39, 0: 57}","{(0, 1): [(57, 29), (29, 39)]}","{(1, 39): {'cpu': 15}, (0, 57): {'cpu': 12}}","{((0, 1), (57, 29)): {'bw': 7}, ((0, 1), (29, 39)): {'bw': 7}}",41.0,34.0,34.0,27.0,7.0,27.0,7.0,27.0,14.0,7.0,0.8292682926829268,3820.5848719104033,3168.289893779359,77.27536326291118,Success,0.0,"{'node_level': {}, 'link_level': {}, 'path_level': {}}","{'node_level': {1: {'cpu': -72}, 0: {'cpu': -30}}, 'link_level': {(0, 1): {'bw': -77}}, 'path_level': {(0, 1): {'latency': -6.570012431195632}}}","{'node_level': {1: {'cpu': 0}, 0: {'cpu': 0}}, 'link_level': {(0, 1): {'bw': 0}}, 'path_level': {(0, 1): {'latency': 0}}}",[],0.0,0.0,True,True,False,0,[],0,0.0,2.0,1.0
55,17,10,2232.0,3552.0,866882.1564637927,1366783.9114782338,0.6283783783783784,0.6342496053573118,18,76,0,689.2535804989715,40982,7418,33564,0.044195335652622125,0.037536202792991746,50,43.253580498971516,646.0,6,6,False,{},{},{},{},0.0,0.0,0.0,0.0,0.0,0.0,0.0,0.0,0.0,0.0,0.0,0.0,0.0,0.0,Leave Event,0.0,"{'node_level': {}, 'link_level': {}, 'path_level': {}}","{'node_level': {}, 'link_level': {}, 'path_level': {}}","{'node_level': {}, 'link_level': {}, 'path_level': {}}",[],0.0,0.0,True,True,False,0,[],0,0.0,,
55,17,10,2232.0,3552.0,866882.1564637927,1366783.9114782338,0.6283783783783784,0.6342496053573118,18,77,0,697.1043013310946,40982,7418,33564,0.044195335652622125,0.037536202792991746,16,502.10430133109463,195.0,4,4,False,{},{},{},{},0.0,0.0,0.0,0.0,0.0,0.0,0.0,0.0,0.0,0.0,0.0,0.0,0.0,0.0,Leave Event,0.0,"{'node_level': {}, 'link_level': {}, 'path_level': {}}","{'node_level': {}, 'link_level': {}, 'path_level': {}}","{'node_level': {}, 'link_level': {}, 'path_level': {}}",[],0.0,0.0,True,True,False,0,[],0,0.0,,
55,17,9,2232.0,3552.0,866882.1564637927,1366783.9114782338,0.6283783783783784,0.6342496053573118,18,78,0,697.7411028055897,41618,7491,34127,0.03478933127174333,0.021391907779657604,31,303.74110280558966,394.0,7,11,False,{},{},{},{},0.0,0.0,0.0,0.0,0.0,0.0,0.0,0.0,0.0,0.0,0.0,0.0,0.0,0.0,Leave Event,0.0,"{'node_level': {}, 'link_level': {}, 'path_level': {}}","{'node_level': {}, 'link_level': {}, 'path_level': {}}","{'node_level': {}, 'link_level': {}, 'path_level': {}}",[],0.0,0.0,True,True,False,0,[],0,0.0,,
55,17,9,2232.0,3552.0,866882.1564637927,1366783.9114782338,0.6283783783783784,0.6342496053573118,18,79,0,700.1866151499181,41618,7491,34127,0.03478933127174333,0.021391907779657604,25,392.1866151499181,308.0,10,22,False,{},{},{},{},0.0,0.0,0.0,0.0,0.0,0.0,0.0,0.0,0.0,0.0,0.0,0.0,0.0,0.0,Leave Event,0.0,"{'node_level': {}, 'link_level': {}, 'path_level': {}}","{'node_level': {}, 'link_level': {}, 'path_level': {}}","{'node_level': {}, 'link_level': {}, 'path_level': {}}",[],0.0,0.0,True,True,False,0,[],0,0.0,,
55,17,8,2232.0,3552.0,866882.1564637927,1366783.9114782338,0.6283783783783784,0.6342496053573118,18,80,0,702.0996225091485,41943,7556,34387,0.026414121891508824,0.013936283084334589,6,614.0996225091485,88.0,5,5,False,{},{},{},{},0.0,0.0,0.0,0.0,0.0,0.0,0.0,0.0,0.0,0.0,0.0,0.0,0.0,0.0,Leave Event,0.0,"{'node_level': {}, 'link_level': {}, 'path_level': {}}","{'node_level': {}, 'link_level': {}, 'path_level': {}}","{'node_level': {}, 'link_level': {}, 'path_level': {}}",[],0.0,0.0,True,True,False,0,[],0,0.0,,
56,18,9,2307.0,3707.0,878191.0883153254,1390155.7039714013,0.6223361208524413,0.6317213861774665,18,81,1,704.0,41788,7521,34267,0.030923850019327404,0.017377340636022143,55,150.78575802043656,704.0,2,1,True,"{0: 4, 1: 50}","{(0, 1): [(4, 19), (19, 54), (54, 50)]}","{(0, 4): {'cpu': 18}, (1, 50): {'cpu': 17}}","{((0, 1), (4, 19)): {'bw': 40}, ((0, 1), (19, 54)): {'bw': 40}, ((0, 1), (54, 50)): {'bw': 40}}",155.0,75.0,75.0,35.0,40.0,35.0,40.0,35.0,120.0,80.0,0.4838709677419355,23371.792493167668,11308.931851532741,72.96085065504995,Success,0.0,"{'node_level': {}, 'link_level': {}, 'path_level': {}}","{'node_level': {0: {'cpu': -12}, 1: {'cpu': -55}}, 'link_level': {(0, 1): {'bw': -21}}, 'path_level': {(0, 1): {'latency': -0.8912713546632229}}}","{'node_level': {0: {'cpu': 0}, 1: {'cpu': 0}}, 'link_level': {(0, 1): {'bw': 0}}, 'path_level': {(0, 1): {'latency': 0}}}",[],0.0,0.0,True,True,False,0,[],0,0.0,2.0,1.0
56,18,9,2307.0,3707.0,878191.0883153254,1390155.7039714013,0.6223361208524413,0.6317213861774665,18,82,0,709.8856791350164,41788,7521,34267,0.030923850019327404,0.017377340636022143,30,331.8856791350164,378.0,3,2,False,{},{},{},{},0.0,0.0,0.0,0.0,0.0,0.0,0.0,0.0,0.0,0.0,0.0,0.0,0.0,0.0,Leave Event,0.0,"{'node_level': {}, 'link_level': {}, 'path_level': {}}","{'node_level': {}, 'link_level': {}, 'path_level': {}}","{'node_level': {}, 'link_level': {}, 'path_level': {}}",[],0.0,0.0,True,True,False,0,[],0,0.0,,
56,18,8,2307.0,3707.0,878191.0883153254,1390155.7039714013,0.6223361208524413,0.6317213861774665,18,83,0,713.8843346536152,41893,7537,34356,0.028862260018038932,0.014825222951853845,14,539.8843346536152,174.0,3,3,False,{},{},{},{},0.0,0.0,0.0,0.0,0.0,0.0,0.0,0.0,0.0,0.0,0.0,0.0,0.0,0.0,Leave Event,0.0,"{'node_level': {}, 'link_level': {}, 'path_level': {}}","{'node_level': {}, 'link_level': {}, 'path_level': {}}","{'node_level': {}, 'link_level': {}, 'path_level': {}}",[],0.0,0.0,True,True,False,0,[],0,0.0,,
57,18,8,2307.0,3707.0,878191.0883153254,1390155.7039714013,0.6223361208524413,0.6317213861774665,18,84,1,722.0,41893,7537,34356,0.028862260018038932,0.014825222951853845,56,588.791242637025,722.0,4,3,False,"{3: 4, 2: 50, 0: 60, 1: 21}","{(0, 3): []}","{(3, 4): {'cpu': 1}, (2, 50): {'cpu': 10}, (0, 60): {'cpu': 2}, (1, 21): {'cpu': 12}}",{},0.0,0.0,82.0,25.0,57.0,0.0,0.0,0.0,0.0,0.0,0.0,0.0,0.0,0.0,Route Failure,6.655217306590103,"{'node_level': {}, 'link_level': {}, 'path_level': {}}","{'node_level': {3: {'cpu': -14}, 2: {'cpu': -45}, 0: {'cpu': -84}, 1: {'cpu': -64}}, 'link_level': {(0, 3): {'bw': -42}}, 'path_level': {(0, 3): {'latency': 6.655217306590103}}}","{'node_level': {3: {'cpu': 0}, 2: {'cpu': 0}, 0: {'cpu': 0}, 1: {'cpu': 0}}, 'link_level': {(0, 3): {'bw': 0}}, 'path_level': {(0, 3): {'latency': 6.655217306590103}}}",[],0.0,0.0,True,False,False,0,[],0,0.0,4.0,1.0
57,18,8,2307.0,3707.0,878191.0883153254,1390155.7039714013,0.6223361208524413,0.6317213861774665,18,85,0,724.6404594534066,41893,7537,34356,0.028862260018038932,0.014825222951853845,44,160.6404594534066,564.0,3,2,False,{},{},{},{},0.0,0.0,0.0,0.0,0.0,0.0,0.0,0.0,0.0,0.0,0.0,0.0,0.0,0.0,Leave Event,0.0,"{'node_level': {}, 'link_level': {}, 'path_level': {}}","{'node_level': {}, 'link_level': {}, 'path_level': {}}","{'node_level': {}, 'link_level': {}, 'path_level': {}}",[],0.0,0.0,True,True,False,0,[],0,0.0,,
58,18,8,2307.0,3707.0,878191.0883153254,1390155.7039714013,0.6223361208524413,0.6317213861774665,18,86,1,737.0,41893,7537,34356,0.028862260018038932,0.014825222951853845,57,1129.620715357564,737.0,4,4,False,"{0: 4, 1: 50, 2: 60, 3: 21}","{(0, 1): []}","{(0, 4): {'cpu': 14}, (1, 50): {'cpu': 7}, (2, 60): {'cpu': 3}, (3, 21): {'cpu': 4}}",{},0.0,0.0,158.0,28.0,130.0,0.0,0.0,0.0,0.0,0.0,0.0,0.0,0.0,0.0,Route Failure,5.6928069700694985,"{'node_level': {}, 'link_level': {}, 'path_level': {}}","{'node_level': {0: {'cpu': -1}, 1: {'cpu': -48}, 2: {'cpu': -83}, 3: {'cpu': -72}}, 'link_level': {(0, 1): {'bw': -45}}, 'path_level': {(0, 1): {'latency': 5.6928069700694985}}}","{'node_level': {0: {'cpu': 0}, 1: {'cpu': 0}, 2: {'cpu': 0}, 3: {'cpu': 0}}, 'link_level': {(0, 1): {'bw': 0}}, 'path_level': {(0, 1): {'latency': 5.6928069700694985}}}",[],0.0,0.0,True,False,False,0,[],0,0.0,4.0,1.0
59,18,8,2307.0,3707.0,878191.0883153254,1390155.7039714013,0.6223361208524413,0.6317213861774665,18,87,1,751.0,41893,7537,34356,0.028862260018038932,0.014825222951853845,58,208.2795733514517,751.0,9,20,False,"{8: 50, 1: 60, 0: 4, 4: 21, 5: 57, 6: 86, 7: 44, 2: 13, 3: 59}","{(0, 1): [(4, 22), (22, 60)], (0, 2): [(4, 29), (29, 13)], (0, 3): [(4, 59)], (0, 4): [(4, 21)], (0, 5): [(4, 29), (29, 57)], (0, 6): [(4, 22), (22, 86)], (0, 8): [(4, 68), (68, 23), (23, 50)], (1, 2): [(60, 71), (71, 13)], (1, 3): [(60, 38), (38, 59)], (1, 4): [(60, 43), (43, 21)], (1, 6): [(60, 7), (7, 86)], (1, 8): []}","{(8, 50): {'cpu': 20}, (1, 60): {'cpu': 19}, (0, 4): {'cpu': 8}, (4, 21): {'cpu': 8}, (5, 57): {'cpu': 7}, (6, 86): {'cpu': 12}, (7, 44): {'cpu': 3}, (2, 13): {'cpu': 17}, (3, 59): {'cpu': 13}}","{((0, 1), (4, 22)): {'bw': 12}, ((0, 1), (22, 60)): {'bw': 12}, ((0, 2), (4, 29)): {'bw': 9}, ((0, 2), (29, 13)): {'bw': 9}, ((0, 3), (4, 59)): {'bw': 8}, ((0, 4), (4, 21)): {'bw': 26}, ((0, 5), (4, 29)): {'bw': 40}, ((0, 5), (29, 57)): {'bw': 40}, ((0, 6), (4, 22)): {'bw': 14}, ((0, 6), (22, 86)): {'bw': 14}, ((0, 8), (4, 68)): {'bw': 50}, ((0, 8), (68, 23)): {'bw': 50}, ((0, 8), (23, 50)): {'bw': 50}, ((1, 2), (60, 71)): {'bw': 8}, ((1, 2), (71, 13)): {'bw': 8}, ((1, 3), (60, 38)): {'bw': 29}, ((1, 3), (38, 59)): {'bw': 29}, ((1, 4), (60, 43)): {'bw': 49}, ((1, 4), (43, 21)): {'bw': 49}, ((1, 6), (60, 7)): {'bw': 42}, ((1, 6), (7, 86)): {'bw': 42}}",0.0,0.0,623.0,107.0,516.0,0.0,0.0,0.0,0.0,0.0,0.0,0.0,0.0,0.0,Route Failure,4.059301347100136,"{'node_level': {}, 'link_level': {}, 'path_level': {}}","{'node_level': {8: {'cpu': -35}, 1: {'cpu': -67}, 0: {'cpu': -7}, 4: {'cpu': -68}, 5: {'cpu': -45}, 6: {'cpu': -48}, 7: {'cpu': -61}, 2: {'cpu': -65}, 3: {'cpu': -80}}, 'link_level': {(0, 1): {'bw': -62}, (0, 2): {'bw': -53}, (0, 3): {'bw': -48}, (0, 4): {'bw': -43}, (0, 5): {'bw': -13}, (0, 6): {'bw': -48}, (0, 8): {'bw': -9}, (1, 2): {'bw': -60}, (1, 3): {'bw': -68}, (1, 4): {'bw': -5}, (1, 6): {'bw': -10}, (1, 8): {'bw': -43}}, 'path_level': {(0, 1): {'latency': -0.38091948755855665}, (0, 2): {'latency': -0.4449839928701973}, (0, 3): {'latency': -3.2250716772583212}, (0, 4): {'latency': -6.168220439768595}, (0, 5): {'latency': -3.467034577589825}, (0, 6): {'latency': -2.5555869419530115}, (0, 8): {'latency': -0.642263323892033}, (1, 2): {'latency': -8.41991351643741}, (1, 3): {'latency': -2.5382314084660678}, (1, 4): {'latency': -7.553306971077696}, (1, 6): {'latency': -7.404283790876657}, (1, 8): {'latency': 4.059301347100136}}}","{'node_level': {8: {'cpu': 0}, 1: {'cpu': 0}, 0: {'cpu': 0}, 4: {'cpu': 0}, 5: {'cpu': 0}, 6: {'cpu': 0}, 7: {'cpu': 0}, 2: {'cpu': 0}, 3: {'cpu': 0}}, 'link_level': {(0, 1): {'bw': 0}, (0, 2): {'bw': 0}, (0, 3): {'bw': 0}, (0, 4): {'bw': 0}, (0, 5): {'bw': 0}, (0, 6): {'bw': 0}, (0, 8): {'bw': 0}, (1, 2): {'bw': 0}, (1, 3): {'bw': 0}, (1, 4): {'bw': 0}, (1, 6): {'bw': 0}, (1, 8): {'bw': 0}}, 'path_level': {(0, 1): {'latency': 0}, (0, 2): {'latency': 0}, (0, 3): {'latency': 0}, (0, 4): {'latency': 0}, (0, 5): {'latency': 0}, (0, 6): {'latency': 0}, (0, 8): {'latency': 0}, (1, 2): {'latency': 0}, (1, 3): {'latency': 0}, (1, 4): {'latency': 0}, (1, 6): {'latency': 0}, (1, 8): {'latency': 4.059301347100136}}}",[],0.0,0.0,True,False,False,0,[],0,0.0,9.0,12.0
59,18,8,2307.0,3707.0,878191.0883153254,1390155.7039714013,0.6223361208524413,0.6317213861774665,18,88,0,756.3260497049032,41893,7537,34356,0.028862260018038932,0.014825222951853845,38,267.32604970490326,489.0,6,5,False,{},{},{},{},0.0,0.0,0.0,0.0,0.0,0.0,0.0,0.0,0.0,0.0,0.0,0.0,0.0,0.0,Leave Event,0.0,"{'node_level': {}, 'link_level': {}, 'path_level': {}}","{'node_level': {}, 'link_level': {}, 'path_level': {}}","{'node_level': {}, 'link_level': {}, 'path_level': {}}",[],0.0,0.0,True,True,False,0,[],0,0.0,,
60,19,9,2374.0,3862.0,880430.8745268291,1395337.2989383128,0.6147074054893837,0.630980677716229,18,89,1,770.0,41738,7514,34224,0.031825795644891075,0.018610386258710143,59,33.4296449478157,770.0,2,1,True,"{1: 4, 0: 50}","{(0, 1): [(50, 23), (23, 68), (68, 4)]}","{(1, 4): {'cpu': 12}, (0, 50): {'cpu': 11}}","{((0, 1), (50, 23)): {'bw': 44}, ((0, 1), (23, 68)): {'bw': 44}, ((0, 1), (68, 4)): {'bw': 44}}",155.0,67.0,67.0,23.0,44.0,23.0,44.0,23.0,132.0,88.0,0.432258064516129,5181.594966911434,2239.786211503652,14.450233622604207,Success,0.0,"{'node_level': {}, 'link_level': {}, 'path_level': {}}","{'node_level': {1: {'cpu': -3}, 0: {'cpu': -44}}, 'link_level': {(0, 1): {'bw': -15}}, 'path_level': {(0, 1): {'latency': -2.683123505062097}}}","{'node_level': {1: {'cpu': 0}, 0: {'cpu': 0}}, 'link_level': {(0, 1): {'bw': 0}}, 'path_level': {(0, 1): {'latency': 0}}}",[],0.0,0.0,True,True,False,0,[],0,0.0,2.0,1.0
60,19,8,2374.0,3862.0,880430.8745268291,1395337.2989383128,0.6147074054893837,0.630980677716229,18,90,0,775.8969528097425,41824,7536,34288,0.02899110939311944,0.01677515556447684,10,647.8969528097425,128.0,2,1,False,{},{},{},{},0.0,0.0,0.0,0.0,0.0,0.0,0.0,0.0,0.0,0.0,0.0,0.0,0.0,0.0,Leave Event,0.0,"{'node_level': {}, 'link_level': {}, 'path_level': {}}","{'node_level': {}, 'link_level': {}, 'path_level': {}}","{'node_level': {}, 'link_level': {}, 'path_level': {}}",[],0.0,0.0,True,True,False,0,[],0,0.0,,
61,19,8,2374.0,3862.0,880430.8745268291,1395337.2989383128,0.6147074054893837,0.630980677716229,18,91,1,778.0,41824,7536,34288,0.02899110939311944,0.01677515556447684,60,997.9903513709512,778.0,7,9,False,"{3: 4, 0: 57, 2: 21, 6: 60, 4: 86, 1: 44, 5: 13}","{(0, 1): [(57, 44)], (0, 3): []}","{(3, 4): {'cpu': 17}, (0, 57): {'cpu': 19}, (2, 21): {'cpu': 8}, (6, 60): {'cpu': 5}, (4, 86): {'cpu': 5}, (1, 44): {'cpu': 13}, (5, 13): {'cpu': 1}}","{((0, 1), (57, 44)): {'bw': 6}}",0.0,0.0,253.0,68.0,185.0,0.0,0.0,0.0,0.0,0.0,0.0,0.0,0.0,0.0,Route Failure,5.898716295596278,"{'node_level': {}, 'link_level': {}, 'path_level': {}}","{'node_level': {3: {'cpu': -1}, 0: {'cpu': -40}, 2: {'cpu': -68}, 6: {'cpu': -81}, 4: {'cpu': -55}, 1: {'cpu': -51}, 5: {'cpu': -81}}, 'link_level': {(0, 1): {'bw': -69}, (0, 3): {'bw': -28}}, 'path_level': {(0, 1): {'latency': -1.4745491878624457}, (0, 3): {'latency': 5.898716295596278}}}","{'node_level': {3: {'cpu': 0}, 0: {'cpu': 0}, 2: {'cpu': 0}, 6: {'cpu': 0}, 4: {'cpu': 0}, 1: {'cpu': 0}, 5: {'cpu': 0}}, 'link_level': {(0, 1): {'bw': 0}, (0, 3): {'bw': 0}}, 'path_level': {(0, 1): {'latency': 0}, (0, 3): {'latency': 5.898716295596278}}}",[],0.0,0.0,True,False,False,0,[],0,0.0,7.0,2.0
61,19,7,2374.0,3862.0,880430.8745268291,1395337.2989383128,0.6147074054893837,0.630980677716229,18,92,0,781.1849968758635,41865,7563,34302,0.025512176265945152,0.016373698850113305,54,93.18499687586349,688.0,2,1,False,{},{},{},{},0.0,0.0,0.0,0.0,0.0,0.0,0.0,0.0,0.0,0.0,0.0,0.0,0.0,0.0,Leave Event,0.0,"{'node_level': {}, 'link_level': {}, 'path_level': {}}","{'node_level': {}, 'link_level': {}, 'path_level': {}}","{'node_level': {}, 'link_level': {}, 'path_level': {}}",[],0.0,0.0,True,True,False,0,[],0,0.0,,
62,20,8,2393.0,3884.0,883696.2132108863,1399118.2174145896,0.6161174047373842,0.6316093966983404,18,93,1,788.0,41843,7547,34296,0.027573766267233624,0.016545751727697677,61,171.8599307398523,788.0,2,1,True,"{1: 57, 0: 4}","{(0, 1): [(4, 29), (29, 57)]}","{(1, 57): {'cpu': 11}, (0, 4): {'cpu': 5}}","{((0, 1), (4, 29)): {'bw': 3}, ((0, 1), (29, 57)): {'bw': 3}}",22.0,19.0,19.0,16.0,3.0,16.0,3.0,16.0,6.0,3.0,0.8636363636363636,3780.918476276751,3265.338684057194,148.42448563896335,Success,0.0,"{'node_level': {}, 'link_level': {}, 'path_level': {}}","{'node_level': {1: {'cpu': -60}, 0: {'cpu': -13}}, 'link_level': {(0, 1): {'bw': -59}}, 'path_level': {(0, 1): {'latency': -4.84259399243936}}}","{'node_level': {1: {'cpu': 0}, 0: {'cpu': 0}}, 'link_level': {(0, 1): {'bw': 0}}, 'path_level': {(0, 1): {'latency': 0}}}",[],0.0,0.0,True,True,False,0,[],0,0.0,2.0,1.0
63,21,9,2508.0,4077.0,961392.8259727494,1529513.4023105858,0.6151582045621781,0.6285612303366579,18,94,1,801.0,41650,7510,34140,0.03234119314521322,0.021019126544891464,62,675.6227196683747,801.0,3,2,True,"{0: 57, 2: 21, 1: 4}","{(0, 1): [(57, 29), (29, 4)], (0, 2): [(57, 44), (44, 21)]}","{(0, 57): {'cpu': 16}, (2, 21): {'cpu': 14}, (1, 4): {'cpu': 7}}","{((0, 1), (57, 29)): {'bw': 34}, ((0, 1), (29, 4)): {'bw': 34}, ((0, 2), (57, 44)): {'bw': 44}, ((0, 2), (44, 21)): {'bw': 44}}",193.0,115.0,115.0,37.0,78.0,37.0,78.0,37.0,156.0,78.0,0.5958549222797928,130395.18489599631,77696.61276186309,402.5731231184616,Success,0.0,"{'node_level': {}, 'link_level': {}, 'path_level': {}}","{'node_level': {0: {'cpu': -44}, 2: {'cpu': -62}, 1: {'cpu': -6}}, 'link_level': {(0, 1): {'bw': -25}, (0, 2): {'bw': -24}}, 'path_level': {(0, 1): {'latency': -3.6932173277652023}, (0, 2): {'latency': -3.726509423365969}}}","{'node_level': {0: {'cpu': 0}, 2: {'cpu': 0}, 1: {'cpu': 0}}, 'link_level': {(0, 1): {'bw': 0}, (0, 2): {'bw': 0}}, 'path_level': {(0, 1): {'latency': 0}, (0, 2): {'latency': 0}}}",[],0.0,0.0,True,True,False,0,[],0,0.0,3.0,2.0
63,21,8,2508.0,4077.0,961392.8259727494,1529513.4023105858,0.6151582045621781,0.6285612303366579,18,95,0,803.4296449478157,41805,7533,34272,0.029377657518361078,0.017233963238035166,59,33.4296449478157,770.0,2,1,False,{},{},{},{},0.0,0.0,0.0,0.0,0.0,0.0,0.0,0.0,0.0,0.0,0.0,0.0,0.0,0.0,Leave Event,0.0,"{'node_level': {}, 'link_level': {}, 'path_level': {}}","{'node_level': {}, 'link_level': {}, 'path_level': {}}","{'node_level': {}, 'link_level': {}, 'path_level': {}}",[],0.0,0.0,True,True,False,0,[],0,0.0,,
64,21,8,2508.0,4077.0,961392.8259727494,1529513.4023105858,0.6151582045621781,0.6285612303366579,18,96,1,812.0,41805,7533,34272,0.029377657518361078,0.017233963238035166,63,86.00761774644931,812.0,6,10,False,"{5: 4, 4: 50, 2: 60, 0: 86, 3: 13, 1: 59}","{(0, 1): [(86, 73), (73, 59)], (0, 4): []}","{(5, 4): {'cpu': 13}, (4, 50): {'cpu': 17}, (2, 60): {'cpu': 20}, (0, 86): {'cpu': 14}, (3, 13): {'cpu': 15}, (1, 59): {'cpu': 13}}","{((0, 1), (86, 73)): {'bw': 9}, ((0, 1), (73, 59)): {'bw': 9}}",0.0,0.0,368.0,92.0,276.0,0.0,0.0,0.0,0.0,0.0,0.0,0.0,0.0,0.0,Route Failure,4.835356499466259,"{'node_level': {}, 'link_level': {}, 'path_level': {}}","{'node_level': {5: {'cpu': -5}, 4: {'cpu': -38}, 2: {'cpu': -66}, 0: {'cpu': -46}, 3: {'cpu': -67}, 1: {'cpu': -80}}, 'link_level': {(0, 1): {'bw': -61}, (0, 4): {'bw': -32}}, 'path_level': {(0, 1): {'latency': -4.637716001984133}, (0, 4): {'latency': 4.835356499466259}}}","{'node_level': {5: {'cpu': 0}, 4: {'cpu': 0}, 2: {'cpu': 0}, 0: {'cpu': 0}, 3: {'cpu': 0}, 1: {'cpu': 0}}, 'link_level': {(0, 1): {'bw': 0}, (0, 4): {'bw': 0}}, 'path_level': {(0, 1): {'latency': 0}, (0, 4): {'latency': 4.835356499466259}}}",[],0.0,0.0,True,False,False,0,[],0,0.0,6.0,2.0
65,22,9,2619.0,4304.0,1027289.287147835,1664274.6337226979,0.608503717472119,0.6172594752886214,18,97,1,817.0,41578,7490,34088,0.03491818064682384,0.022510251483956023,64,593.6618123881592,817.0,3,2,True,"{0: 50, 1: 4, 2: 60}","{(0, 1): [(50, 23), (23, 68), (68, 4)], (0, 2): [(50, 76), (76, 60)]}","{(0, 50): {'cpu': 19}, (1, 4): {'cpu': 4}, (2, 60): {'cpu': 20}}","{((0, 1), (50, 23)): {'bw': 48}, ((0, 1), (23, 68)): {'bw': 48}, ((0, 1), (68, 4)): {'bw': 48}, ((0, 2), (50, 76)): {'bw': 20}, ((0, 2), (76, 60)): {'bw': 20}}",227.0,111.0,111.0,43.0,68.0,43.0,68.0,43.0,184.0,116.0,0.4889867841409692,134761.23141211213,65896.46117508567,290.29278050698537,Success,0.0,"{'node_level': {}, 'link_level': {}, 'path_level': {}}","{'node_level': {0: {'cpu': -36}, 1: {'cpu': -14}, 2: {'cpu': -66}}, 'link_level': {(0, 1): {'bw': -11}, (0, 2): {'bw': -47}}, 'path_level': {(0, 1): {'latency': -5.042949974762463}, (0, 2): {'latency': -4.997327405994721}}}","{'node_level': {0: {'cpu': 0}, 1: {'cpu': 0}, 2: {'cpu': 0}}, 'link_level': {(0, 1): {'bw': 0}, (0, 2): {'bw': 0}}, 'path_level': {(0, 1): {'latency': 0}, (0, 2): {'latency': 0}}}",[],0.0,0.0,True,True,False,0,[],0,0.0,3.0,2.0
66,23,10,2807.0,4605.0,1200389.6929516844,1941419.4323767333,0.6095548317046688,0.618305180700771,18,98,1,837.0,41277,7435,33842,0.042004896276253034,0.029564419464915503,65,920.7468393821777,837.0,4,5,True,"{2: 86, 0: 13, 1: 4, 3: 59}","{(0, 1): [(13, 29), (29, 4)], (0, 2): [(13, 86)], (0, 3): [(13, 52), (52, 54), (54, 59)], (1, 2): [(4, 7), (7, 86)], (2, 3): [(86, 73), (73, 59)]}","{(2, 86): {'cpu': 19}, (0, 13): {'cpu': 16}, (1, 4): {'cpu': 13}, (3, 59): {'cpu': 7}}","{((0, 1), (13, 29)): {'bw': 16}, ((0, 1), (29, 4)): {'bw': 16}, ((0, 2), (13, 86)): {'bw': 35}, ((0, 3), (13, 52)): {'bw': 15}, ((0, 3), (52, 54)): {'bw': 15}, ((0, 3), (54, 59)): {'bw': 15}, ((1, 2), (4, 7)): {'bw': 34}, ((1, 2), (7, 86)): {'bw': 34}, ((2, 3), (86, 73)): {'bw': 33}, ((2, 3), (73, 59)): {'bw': 33}}",301.0,188.0,188.0,55.0,133.0,55.0,133.0,55.0,246.0,113.0,0.6245847176079734,277144.7986540355,173100.4058038494,575.0844046639514,Success,0.0,"{'node_level': {}, 'link_level': {}, 'path_level': {}}","{'node_level': {2: {'cpu': -41}, 0: {'cpu': -66}, 1: {'cpu': -1}, 3: {'cpu': -86}}, 'link_level': {(0, 1): {'bw': -9}, (0, 2): {'bw': -48}, (0, 3): {'bw': -35}, (1, 2): {'bw': -23}, (2, 3): {'bw': -37}}, 'path_level': {(0, 1): {'latency': -5.439585560410533}, (0, 2): {'latency': -1.2853390147946882}, (0, 3): {'latency': -0.3043184303391486}, (1, 2): {'latency': -4.437051633982119}, (2, 3): {'latency': -5.527928883504783}}}","{'node_level': {2: {'cpu': 0}, 0: {'cpu': 0}, 1: {'cpu': 0}, 3: {'cpu': 0}}, 'link_level': {(0, 1): {'bw': 0}, (0, 2): {'bw': 0}, (0, 3): {'bw': 0}, (1, 2): {'bw': 0}, (2, 3): {'bw': 0}}, 'path_level': {(0, 1): {'latency': 0}, (0, 2): {'latency': 0}, (0, 3): {'latency': 0}, (1, 2): {'latency': 0}, (2, 3): {'latency': 0}}}",[],0.0,0.0,True,True,False,0,[],0,0.0,4.0,5.0
67,23,10,2807.0,4605.0,1200389.6929516844,1941419.4323767333,0.6095548317046688,0.618305180700771,18,99,1,841.0,41277,7435,33842,0.042004896276253034,0.029564419464915503,66,649.4203520108981,841.0,4,4,False,"{2: 66, 3: 60, 1: 31, 0: 57}","{(0, 2): [(57, 66)], (0, 3): []}","{(2, 66): {'cpu': 13}, (3, 60): {'cpu': 9}, (1, 31): {'cpu': 16}, (0, 57): {'cpu': 16}}","{((0, 2), (57, 66)): {'bw': 22}}",0.0,0.0,147.0,54.0,93.0,0.0,0.0,0.0,0.0,0.0,0.0,0.0,0.0,0.0,Route Failure,2.559408684493632,"{'node_level': {}, 'link_level': {}, 'path_level': {}}","{'node_level': {2: {'cpu': -26}, 3: {'cpu': -57}, 1: {'cpu': -19}, 0: {'cpu': -28}}, 'link_level': {(0, 2): {'bw': -75}, (0, 3): {'bw': -63}}, 'path_level': {(0, 2): {'latency': -2.733405786295506}, (0, 3): {'latency': 2.559408684493632}}}","{'node_level': {2: {'cpu': 0}, 3: {'cpu': 0}, 1: {'cpu': 0}, 0: {'cpu': 0}}, 'link_level': {(0, 2): {'bw': 0}, (0, 3): {'bw': 0}}, 'path_level': {(0, 2): {'latency': 0}, (0, 3): {'latency': 2.559408684493632}}}",[],0.0,0.0,True,False,False,0,[],0,0.0,4.0,2.0
67,23,10,2807.0,4605.0,1200389.6929516844,1941419.4323767333,0.6095548317046688,0.618305180700771,18,100,0,848.7604622614016,41277,7435,33842,0.042004896276253034,0.029564419464915503,13,682.7604622614016,166.0,10,25,False,{},{},{},{},0.0,0.0,0.0,0.0,0.0,0.0,0.0,0.0,0.0,0.0,0.0,0.0,0.0,0.0,Leave Event,0.0,"{'node_level': {}, 'link_level': {}, 'path_level': {}}","{'node_level': {}, 'link_level': {}, 'path_level': {}}","{'node_level': {}, 'link_level': {}, 'path_level': {}}",[],0.0,0.0,True,True,False,0,[],0,0.0,,
68,23,10,2807.0,4605.0,1200389.6929516844,1941419.4323767333,0.6095548317046688,0.618305180700771,18,101,1,850.0,41277,7435,33842,0.042004896276253034,0.029564419464915503,67,222.44679081459145,850.0,6,6,False,"{5: 66, 4: 60, 1: 31, 0: 57, 3: 5, 2: 65}","{(0, 3): [(57, 55), (55, 5)], (0, 4): [(57, 66), (66, 60)], (1, 5): [(31, 6), (6, 77), (77, 66)], (2, 5): []}","{(5, 66): {'cpu': 4}, (4, 60): {'cpu': 8}, (1, 31): {'cpu': 14}, (0, 57): {'cpu': 9}, (3, 5): {'cpu': 4}, (2, 65): {'cpu': 9}}","{((0, 3), (57, 55)): {'bw': 10}, ((0, 3), (55, 5)): {'bw': 10}, ((0, 4), (57, 66)): {'bw': 19}, ((0, 4), (66, 60)): {'bw': 19}, ((1, 5), (31, 6)): {'bw': 45}, ((1, 5), (6, 77)): {'bw': 45}, ((1, 5), (77, 66)): {'bw': 45}}",0.0,0.0,164.0,48.0,116.0,0.0,0.0,0.0,0.0,0.0,0.0,0.0,0.0,0.0,Route Failure,1.1453335034760563,"{'node_level': {}, 'link_level': {}, 'path_level': {}}","{'node_level': {5: {'cpu': -35}, 4: {'cpu': -58}, 1: {'cpu': -21}, 0: {'cpu': -35}, 3: {'cpu': -67}, 2: {'cpu': -73}}, 'link_level': {(0, 3): {'bw': -42}, (0, 4): {'bw': -32}, (1, 5): {'bw': -1}, (2, 5): {'bw': -85}}, 'path_level': {(0, 3): {'latency': -1.3088096644232907}, (0, 4): {'latency': -1.5700064670295362}, (1, 5): {'latency': -1.6510643366924427}, (2, 5): {'latency': 1.1453335034760563}}}","{'node_level': {5: {'cpu': 0}, 4: {'cpu': 0}, 1: {'cpu': 0}, 0: {'cpu': 0}, 3: {'cpu': 0}, 2: {'cpu': 0}}, 'link_level': {(0, 3): {'bw': 0}, (0, 4): {'bw': 0}, (1, 5): {'bw': 0}, (2, 5): {'bw': 0}}, 'path_level': {(0, 3): {'latency': 0}, (0, 4): {'latency': 0}, (1, 5): {'latency': 0}, (2, 5): {'latency': 1.1453335034760563}}}",[],0.0,0.0,True,False,False,0,[],0,0.0,6.0,4.0
68,23,9,2807.0,4605.0,1200389.6929516844,1941419.4323767333,0.6095548317046688,0.618305180700771,18,102,0,854.7857580204366,41432,7470,33962,0.037495168148434455,0.02612336191322795,55,150.78575802043656,704.0,2,1,False,{},{},{},{},0.0,0.0,0.0,0.0,0.0,0.0,0.0,0.0,0.0,0.0,0.0,0.0,0.0,0.0,Leave Event,0.0,"{'node_level': {}, 'link_level': {}, 'path_level': {}}","{'node_level': {}, 'link_level': {}, 'path_level': {}}","{'node_level': {}, 'link_level': {}, 'path_level': {}}",[],0.0,0.0,True,True,False,0,[],0,0.0,,
69,23,9,2807.0,4605.0,1200389.6929516844,1941419.4323767333,0.6095548317046688,0.618305180700771,18,103,1,863.0,41432,7470,33962,0.037495168148434455,0.02612336191322795,68,648.5738438150346,863.0,10,18,False,"{3: 4, 4: 50, 0: 66, 6: 60, 1: 31, 9: 57, 5: 5, 2: 21, 8: 65, 7: 39}","{(0, 2): [(66, 2), (2, 21)], (0, 4): [(66, 77), (77, 50)], (0, 6): [(66, 60)], (1, 3): [(31, 7), (7, 4)], (1, 5): []}","{(3, 4): {'cpu': 9}, (4, 50): {'cpu': 9}, (0, 66): {'cpu': 17}, (6, 60): {'cpu': 4}, (1, 31): {'cpu': 3}, (9, 57): {'cpu': 19}, (5, 5): {'cpu': 2}, (2, 21): {'cpu': 2}, (8, 65): {'cpu': 4}, (7, 39): {'cpu': 12}}","{((0, 2), (66, 2)): {'bw': 34}, ((0, 2), (2, 21)): {'bw': 34}, ((0, 4), (66, 77)): {'bw': 27}, ((0, 4), (77, 50)): {'bw': 27}, ((0, 6), (66, 60)): {'bw': 43}, ((1, 3), (31, 7)): {'bw': 50}, ((1, 3), (7, 4)): {'bw': 50}}",0.0,0.0,539.0,81.0,458.0,0.0,0.0,0.0,0.0,0.0,0.0,0.0,0.0,0.0,Route Failure,7.749456227767167,"{'node_level': {}, 'link_level': {}, 'path_level': {}}","{'node_level': {3: {'cpu': -10}, 4: {'cpu': -44}, 0: {'cpu': -22}, 6: {'cpu': -62}, 1: {'cpu': -32}, 9: {'cpu': -25}, 5: {'cpu': -69}, 2: {'cpu': -60}, 8: {'cpu': -78}, 7: {'cpu': -75}}, 'link_level': {(0, 2): {'bw': -48}, (0, 4): {'bw': -19}, (0, 6): {'bw': -8}, (1, 3): {'bw': -1}, (1, 5): {'bw': -44}}, 'path_level': {(0, 2): {'latency': -5.957862895183214}, (0, 4): {'latency': -2.4286260516061446}, (0, 6): {'latency': -6.507415256426759}, (1, 3): {'latency': -7.172371617692765}, (1, 5): {'latency': 7.749456227767167}}}","{'node_level': {3: {'cpu': 0}, 4: {'cpu': 0}, 0: {'cpu': 0}, 6: {'cpu': 0}, 1: {'cpu': 0}, 9: {'cpu': 0}, 5: {'cpu': 0}, 2: {'cpu': 0}, 8: {'cpu': 0}, 7: {'cpu': 0}}, 'link_level': {(0, 2): {'bw': 0}, (0, 4): {'bw': 0}, (0, 6): {'bw': 0}, (1, 3): {'bw': 0}, (1, 5): {'bw': 0}}, 'path_level': {(0, 2): {'latency': 0}, (0, 4): {'latency': 0}, (0, 6): {'latency': 0}, (1, 3): {'latency': 0}, (1, 5): {'latency': 7.749456227767167}}}",[],0.0,0.0,True,False,False,0,[],0,0.0,10.0,5.0
70,23,9,2807.0,4605.0,1200389.6929516844,1941419.4323767333,0.6095548317046688,0.618305180700771,18,104,1,875.0,41432,7470,33962,0.037495168148434455,0.02612336191322795,69,75.10172928901497,875.0,2,1,False,"{1: 4, 0: 50}","{(0, 1): []}","{(1, 4): {'cpu': 17}, (0, 50): {'cpu': 13}}",{},0.0,0.0,74.0,30.0,44.0,0.0,0.0,0.0,0.0,0.0,0.0,0.0,0.0,0.0,Route Failure,2.504759502661166,"{'node_level': {}, 'link_level': {}, 'path_level': {}}","{'node_level': {1: {'cpu': -2}, 0: {'cpu': -40}}, 'link_level': {(0, 1): {'bw': -13}}, 'path_level': {(0, 1): {'latency': 2.504759502661166}}}","{'node_level': {1: {'cpu': 0}, 0: {'cpu': 0}}, 'link_level': {(0, 1): {'bw': 0}}, 'path_level': {(0, 1): {'latency': 2.504759502661166}}}",[],0.0,0.0,True,False,False,0,[],0,0.0,2.0,1.0
70,23,9,2807.0,4605.0,1200389.6929516844,1941419.4323767333,0.6095548317046688,0.618305180700771,18,105,0,875.9817911949841,41432,7470,33962,0.037495168148434455,0.02612336191322795,43,325.9817911949841,550.0,7,10,False,{},{},{},{},0.0,0.0,0.0,0.0,0.0,0.0,0.0,0.0,0.0,0.0,0.0,0.0,0.0,0.0,Leave Event,0.0,"{'node_level': {}, 'link_level': {}, 'path_level': {}}","{'node_level': {}, 'link_level': {}, 'path_level': {}}","{'node_level': {}, 'link_level': {}, 'path_level': {}}",[],0.0,0.0,True,True,False,0,[],0,0.0,,
71,23,9,2807.0,4605.0,1200389.6929516844,1941419.4323767333,0.6095548317046688,0.618305180700771,18,106,1,891.0,41432,7470,33962,0.037495168148434455,0.02612336191322795,70,188.3070027978899,891.0,8,17,False,"{4: 4, 7: 50, 1: 66, 0: 60, 6: 31, 2: 57, 3: 5, 5: 21}","{(0, 1): [(60, 66)], (0, 3): [(60, 75), (75, 5)], (0, 4): [(60, 38), (38, 4)], (0, 7): []}","{(4, 4): {'cpu': 7}, (7, 50): {'cpu': 11}, (1, 66): {'cpu': 12}, (0, 60): {'cpu': 8}, (6, 31): {'cpu': 6}, (2, 57): {'cpu': 18}, (3, 5): {'cpu': 14}, (5, 21): {'cpu': 16}}","{((0, 1), (60, 66)): {'bw': 50}, ((0, 3), (60, 75)): {'bw': 15}, ((0, 3), (75, 5)): {'bw': 15}, ((0, 4), (60, 38)): {'bw': 11}, ((0, 4), (38, 4)): {'bw': 11}}",0.0,0.0,499.0,92.0,407.0,0.0,0.0,0.0,0.0,0.0,0.0,0.0,0.0,0.0,Route Failure,2.69209088190488,"{'node_level': {}, 'link_level': {}, 'path_level': {}}","{'node_level': {4: {'cpu': -12}, 7: {'cpu': -42}, 1: {'cpu': -27}, 0: {'cpu': -58}, 6: {'cpu': -29}, 2: {'cpu': -26}, 3: {'cpu': -57}, 5: {'cpu': -46}}, 'link_level': {(0, 1): {'bw': -1}, (0, 3): {'bw': -44}, (0, 4): {'bw': -89}, (0, 7): {'bw': -44}}, 'path_level': {(0, 1): {'latency': -4.393079694565346}, (0, 3): {'latency': -1.1610868463917727}, (0, 4): {'latency': -0.5012369796925609}, (0, 7): {'latency': 2.69209088190488}}}","{'node_level': {4: {'cpu': 0}, 7: {'cpu': 0}, 1: {'cpu': 0}, 0: {'cpu': 0}, 6: {'cpu': 0}, 2: {'cpu': 0}, 3: {'cpu': 0}, 5: {'cpu': 0}}, 'link_level': {(0, 1): {'bw': 0}, (0, 3): {'bw': 0}, (0, 4): {'bw': 0}, (0, 7): {'bw': 0}}, 'path_level': {(0, 1): {'latency': 0}, (0, 3): {'latency': 0}, (0, 4): {'latency': 0}, (0, 7): {'latency': 2.69209088190488}}}",[],0.0,0.0,True,False,False,0,[],0,0.0,8.0,4.0
71,23,9,2807.0,4605.0,1200389.6929516844,1941419.4323767333,0.6095548317046688,0.618305180700771,18,107,0,891.9256554459682,41432,7470,33962,0.037495168148434455,0.02612336191322795,47,285.9256554459682,606.0,7,11,False,{},{},{},{},0.0,0.0,0.0,0.0,0.0,0.0,0.0,0.0,0.0,0.0,0.0,0.0,0.0,0.0,Leave Event,0.0,"{'node_level': {}, 'link_level': {}, 'path_level': {}}","{'node_level': {}, 'link_level': {}, 'path_level': {}}","{'node_level': {}, 'link_level': {}, 'path_level': {}}",[],0.0,0.0,True,True,False,0,[],0,0.0,,
71,23,9,2807.0,4605.0,1200389.6929516844,1941419.4323767333,0.6095548317046688,0.618305180700771,18,108,0,898.0076177464493,41432,7470,33962,0.037495168148434455,0.02612336191322795,63,86.00761774644931,812.0,6,10,False,{},{},{},{},0.0,0.0,0.0,0.0,0.0,0.0,0.0,0.0,0.0,0.0,0.0,0.0,0.0,0.0,Leave Event,0.0,"{'node_level': {}, 'link_level': {}, 'path_level': {}}","{'node_level': {}, 'link_level': {}, 'path_level': {}}","{'node_level': {}, 'link_level': {}, 'path_level': {}}",[],0.0,0.0,True,True,False,0,[],0,0.0,,
72,24,10,2853.0,4678.0,1212901.8780797343,1961275.7261668993,0.6098760153911928,0.6184249679417689,18,109,1,903.0,41359,7451,33908,0.03994330627496456,0.02767183781148741,71,272.00402452282293,903.0,2,1,True,"{1: 4, 0: 50}","{(0, 1): [(50, 54), (54, 4)]}","{(1, 4): {'cpu': 18}, (0, 50): {'cpu': 1}}","{((0, 1), (50, 54)): {'bw': 27}, ((0, 1), (54, 4)): {'bw': 27}}",73.0,46.0,46.0,19.0,27.0,19.0,27.0,19.0,54.0,27.0,0.6301369863013698,19856.293790166073,12512.185128049854,171.39979627465553,Success,0.0,"{'node_level': {}, 'link_level': {}, 'path_level': {}}","{'node_level': {1: {'cpu': -1}, 0: {'cpu': -52}}, 'link_level': {(0, 1): {'bw': -34}}, 'path_level': {(0, 1): {'latency': -5.567220567695611}}}","{'node_level': {1: {'cpu': 0}, 0: {'cpu': 0}}, 'link_level': {(0, 1): {'bw': 0}}, 'path_level': {(0, 1): {'latency': 0}}}",[],0.0,0.0,True,True,False,0,[],0,0.0,2.0,1.0
72,24,10,2853.0,4678.0,1212901.8780797343,1961275.7261668993,0.6098760153911928,0.6184249679417689,18,110,0,904.7110734296512,41359,7451,33908,0.03994330627496456,0.02767183781148741,21,646.7110734296512,258.0,10,16,False,{},{},{},{},0.0,0.0,0.0,0.0,0.0,0.0,0.0,0.0,0.0,0.0,0.0,0.0,0.0,0.0,Leave Event,0.0,"{'node_level': {}, 'link_level': {}, 'path_level': {}}","{'node_level': {}, 'link_level': {}, 'path_level': {}}","{'node_level': {}, 'link_level': {}, 'path_level': {}}",[],0.0,0.0,True,True,False,0,[],0,0.0,,
73,24,10,2853.0,4678.0,1212901.8780797343,1961275.7261668993,0.6098760153911928,0.6184249679417689,18,111,1,912.0,41359,7451,33908,0.03994330627496456,0.02767183781148741,72,1048.6481525404379,912.0,6,8,False,"{2: 66, 1: 60, 0: 50, 3: 31, 5: 57, 4: 5}","{(0, 1): []}","{(2, 66): {'cpu': 17}, (1, 60): {'cpu': 11}, (0, 50): {'cpu': 7}, (3, 31): {'cpu': 20}, (5, 57): {'cpu': 2}, (4, 5): {'cpu': 8}}",{},0.0,0.0,189.0,65.0,124.0,0.0,0.0,0.0,0.0,0.0,0.0,0.0,0.0,0.0,Route Failure,3.940667140170751,"{'node_level': {}, 'link_level': {}, 'path_level': {}}","{'node_level': {2: {'cpu': -22}, 1: {'cpu': -55}, 0: {'cpu': -45}, 3: {'cpu': -15}, 5: {'cpu': -42}, 4: {'cpu': -63}}, 'link_level': {(0, 1): {'bw': -46}}, 'path_level': {(0, 1): {'latency': 3.940667140170751}}}","{'node_level': {2: {'cpu': 0}, 1: {'cpu': 0}, 0: {'cpu': 0}, 3: {'cpu': 0}, 5: {'cpu': 0}, 4: {'cpu': 0}}, 'link_level': {(0, 1): {'bw': 0}}, 'path_level': {(0, 1): {'latency': 3.940667140170751}}}",[],0.0,0.0,True,False,False,0,[],0,0.0,6.0,1.0
74,25,11,2944.0,4821.0,1220497.1423221526,1973211.1414049852,0.6106616884463805,0.618533474047345,18,112,1,923.0,41216,7426,33790,0.043164540651977834,0.031055544403980173,73,83.4644422243773,923.0,3,2,True,"{0: 66, 1: 60, 2: 50}","{(0, 1): [(66, 60)], (0, 2): [(66, 77), (77, 31), (31, 50)]}","{(0, 66): {'cpu': 3}, (1, 60): {'cpu': 4}, (2, 50): {'cpu': 18}}","{((0, 1), (66, 60)): {'bw': 40}, ((0, 2), (66, 77)): {'bw': 26}, ((0, 2), (77, 31)): {'bw': 26}, ((0, 2), (31, 50)): {'bw': 26}}",143.0,91.0,91.0,25.0,66.0,25.0,66.0,25.0,118.0,52.0,0.6363636363636364,11935.415238085952,7595.264242418334,53.11373596096737,Success,0.0,"{'node_level': {}, 'link_level': {}, 'path_level': {}}","{'node_level': {0: {'cpu': -36}, 1: {'cpu': -62}, 2: {'cpu': -34}}, 'link_level': {(0, 1): {'bw': -11}, (0, 2): {'bw': -13}}, 'path_level': {(0, 1): {'latency': -4.007891891418528}, (0, 2): {'latency': -0.9551353756873286}}}","{'node_level': {0: {'cpu': 0}, 1: {'cpu': 0}, 2: {'cpu': 0}}, 'link_level': {(0, 1): {'bw': 0}, (0, 2): {'bw': 0}}, 'path_level': {(0, 1): {'latency': 0}, (0, 2): {'latency': 0}}}",[],0.0,0.0,True,True,False,0,[],0,0.0,3.0,2.0
75,26,12,3330.0,5483.0,1629908.813556916,2675362.7640925846,0.6073317526901332,0.6092290867738603,18,113,1,931.0,40554,7353,33201,0.05257054503285663,0.047945401886846595,74,1060.651998017522,931.0,7,13,True,"{2: 57, 3: 5, 5: 21, 4: 65, 6: 50, 1: 4, 0: 60}","{(0, 2): [(60, 7), (7, 72), (72, 57)], (0, 6): [(60, 76), (76, 50)], (1, 2): [(4, 59), (59, 57)], (1, 4): [(4, 0), (0, 65)], (1, 5): [(4, 21)], (2, 3): [(57, 55), (55, 5)], (2, 4): [(57, 65)], (2, 5): [(57, 44), (44, 21)], (2, 6): [(57, 64), (64, 50)], (3, 5): [(5, 21)], (3, 6): [(5, 31), (31, 50)], (4, 5): [(65, 74), (74, 21)], (4, 6): [(65, 1), (1, 8), (8, 50)]}","{(2, 57): {'cpu': 19}, (3, 5): {'cpu': 8}, (5, 21): {'cpu': 6}, (4, 65): {'cpu': 15}, (6, 50): {'cpu': 18}, (1, 4): {'cpu': 1}, (0, 60): {'cpu': 6}}","{((0, 2), (60, 7)): {'bw': 31}, ((0, 2), (7, 72)): {'bw': 31}, ((0, 2), (72, 57)): {'bw': 31}, ((0, 6), (60, 76)): {'bw': 5}, ((0, 6), (76, 50)): {'bw': 5}, ((1, 2), (4, 59)): {'bw': 17}, ((1, 2), (59, 57)): {'bw': 17}, ((1, 4), (4, 0)): {'bw': 23}, ((1, 4), (0, 65)): {'bw': 23}, ((1, 5), (4, 21)): {'bw': 35}, ((2, 3), (57, 55)): {'bw': 45}, ((2, 3), (55, 5)): {'bw': 45}, ((2, 4), (57, 65)): {'bw': 16}, ((2, 5), (57, 44)): {'bw': 17}, ((2, 5), (44, 21)): {'bw': 17}, ((2, 6), (57, 64)): {'bw': 8}, ((2, 6), (64, 50)): {'bw': 8}, ((3, 5), (5, 21)): {'bw': 43}, ((3, 6), (5, 31)): {'bw': 27}, ((3, 6), (31, 50)): {'bw': 27}, ((4, 5), (65, 74)): {'bw': 20}, ((4, 5), (74, 21)): {'bw': 20}, ((4, 6), (65, 1)): {'bw': 26}, ((4, 6), (1, 8)): {'bw': 26}, ((4, 6), (8, 50)): {'bw': 26}}",662.0,386.0,386.0,73.0,313.0,73.0,313.0,73.0,589.0,276.0,0.5830815709969789,702151.6226875995,409411.67123476346,618.4466332851412,Success,0.0,"{'node_level': {}, 'link_level': {}, 'path_level': {}}","{'node_level': {2: {'cpu': -25}, 3: {'cpu': -63}, 5: {'cpu': -56}, 4: {'cpu': -67}, 6: {'cpu': -16}, 1: {'cpu': 0}, 0: {'cpu': -56}}, 'link_level': {(0, 2): {'bw': -21}, (0, 6): {'bw': -42}, (1, 2): {'bw': -39}, (1, 4): {'bw': -33}, (1, 5): {'bw': -34}, (2, 3): {'bw': -7}, (2, 4): {'bw': -50}, (2, 5): {'bw': -7}, (2, 6): {'bw': -67}, (3, 5): {'bw': -51}, (3, 6): {'bw': -4}, (4, 5): {'bw': -74}, (4, 6): {'bw': -49}}, 'path_level': {(0, 2): {'latency': -1.7659059629998417}, (0, 6): {'latency': -5.096154466282584}, (1, 2): {'latency': -2.287760423098959}, (1, 4): {'latency': -11.892090378013597}, (1, 5): {'latency': -3.2200635096284715}, (2, 3): {'latency': -0.4351497534988571}, (2, 4): {'latency': -5.834262618691778}, (2, 5): {'latency': -0.7664654668441067}, (2, 6): {'latency': -1.3989183153670757}, (3, 5): {'latency': -2.8845708057584716}, (3, 6): {'latency': -6.567219216000401}, (4, 5): {'latency': -0.5388989995190077}, (4, 6): {'latency': -0.7154508800864665}}}","{'node_level': {2: {'cpu': 0}, 3: {'cpu': 0}, 5: {'cpu': 0}, 4: {'cpu': 0}, 6: {'cpu': 0}, 1: {'cpu': 0}, 0: {'cpu': 0}}, 'link_level': {(0, 2): {'bw': 0}, (0, 6): {'bw': 0}, (1, 2): {'bw': 0}, (1, 4): {'bw': 0}, (1, 5): {'bw': 0}, (2, 3): {'bw': 0}, (2, 4): {'bw': 0}, (2, 5): {'bw': 0}, (2, 6): {'bw': 0}, (3, 5): {'bw': 0}, (3, 6): {'bw': 0}, (4, 5): {'bw': 0}, (4, 6): {'bw': 0}}, 'path_level': {(0, 2): {'latency': 0}, (0, 6): {'latency': 0}, (1, 2): {'latency': 0}, (1, 4): {'latency': 0}, (1, 5): {'latency': 0}, (2, 3): {'latency': 0}, (2, 4): {'latency': 0}, (2, 5): {'latency': 0}, (2, 6): {'latency': 0}, (3, 5): {'latency': 0}, (3, 6): {'latency': 0}, (4, 5): {'latency': 0}, (4, 6): {'latency': 0}}}",[],0.0,0.0,True,True,False,0,[],0,0.0,7.0,13.0
76,26,12,3330.0,5483.0,1629908.813556916,2675362.7640925846,0.6073317526901332,0.6092290867738603,18,114,1,945.0,40554,7353,33201,0.05257054503285663,0.047945401886846595,75,802.1364351814047,945.0,3,2,False,"{2: 39, 1: 51, 0: 6}","{(0, 2): [(6, 39)], (1, 2): []}","{(2, 39): {'cpu': 9}, (1, 51): {'cpu': 2}, (0, 6): {'cpu': 20}}","{((0, 2), (6, 39)): {'bw': 11}}",0.0,0.0,85.0,31.0,54.0,0.0,0.0,0.0,0.0,0.0,0.0,0.0,0.0,0.0,Route Failure,4.148727126781814,"{'node_level': {}, 'link_level': {}, 'path_level': {}}","{'node_level': {2: {'cpu': -78}, 1: {'cpu': -49}, 0: {'cpu': -49}}, 'link_level': {(0, 2): {'bw': -41}, (1, 2): {'bw': -23}}, 'path_level': {(0, 2): {'latency': -10.894152121567524}, (1, 2): {'latency': 4.148727126781814}}}","{'node_level': {2: {'cpu': 0}, 1: {'cpu': 0}, 0: {'cpu': 0}}, 'link_level': {(0, 2): {'bw': 0}, (1, 2): {'bw': 0}}, 'path_level': {(0, 2): {'latency': 0}, (1, 2): {'latency': 4.148727126781814}}}",[],0.0,0.0,True,False,False,0,[],0,0.0,3.0,2.0
76,26,12,3330.0,5483.0,1629908.813556916,2675362.7640925846,0.6073317526901332,0.6092290867738603,18,115,0,950.101729289015,40554,7353,33201,0.05257054503285663,0.047945401886846595,69,75.10172928901497,875.0,2,1,False,{},{},{},{},0.0,0.0,0.0,0.0,0.0,0.0,0.0,0.0,0.0,0.0,0.0,0.0,0.0,0.0,Leave Event,0.0,"{'node_level': {}, 'link_level': {}, 'path_level': {}}","{'node_level': {}, 'link_level': {}, 'path_level': {}}","{'node_level': {}, 'link_level': {}, 'path_level': {}}",[],0.0,0.0,True,True,False,0,[],0,0.0,,
77,26,12,3330.0,5483.0,1629908.813556916,2675362.7640925846,0.6073317526901332,0.6092290867738603,18,116,1,955.0,40554,7353,33201,0.05257054503285663,0.047945401886846595,76,1781.1110154526139,955.0,10,24,False,"{9: 39, 0: 51, 6: 6, 7: 45, 2: 13, 3: 66, 5: 85, 4: 59, 8: 60, 1: 52}","{(0, 1): [(51, 9), (9, 52)], (0, 2): [(51, 55), (55, 13)], (0, 3): [(51, 66)], (0, 5): [(51, 9), (9, 85)], (0, 7): []}","{(9, 39): {'cpu': 14}, (0, 51): {'cpu': 13}, (6, 6): {'cpu': 3}, (7, 45): {'cpu': 3}, (2, 13): {'cpu': 15}, (3, 66): {'cpu': 11}, (5, 85): {'cpu': 4}, (4, 59): {'cpu': 19}, (8, 60): {'cpu': 15}, (1, 52): {'cpu': 12}}","{((0, 1), (51, 9)): {'bw': 3}, ((0, 1), (9, 52)): {'bw': 3}, ((0, 2), (51, 55)): {'bw': 11}, ((0, 2), (55, 13)): {'bw': 11}, ((0, 3), (51, 66)): {'bw': 49}, ((0, 5), (51, 9)): {'bw': 37}, ((0, 5), (9, 85)): {'bw': 37}}",0.0,0.0,660.0,109.0,551.0,0.0,0.0,0.0,0.0,0.0,0.0,0.0,0.0,0.0,Route Failure,6.65845941859349,"{'node_level': {}, 'link_level': {}, 'path_level': {}}","{'node_level': {9: {'cpu': -73}, 0: {'cpu': -38}, 6: {'cpu': -66}, 7: {'cpu': -75}, 2: {'cpu': -51}, 3: {'cpu': -25}, 5: {'cpu': -94}, 4: {'cpu': -67}, 8: {'cpu': -41}, 1: {'cpu': -70}}, 'link_level': {(0, 1): {'bw': -53}, (0, 2): {'bw': -65}, (0, 3): {'bw': -42}, (0, 5): {'bw': -16}, (0, 7): {'bw': -46}}, 'path_level': {(0, 1): {'latency': -3.9478391900315852}, (0, 2): {'latency': -5.335682315123302}, (0, 3): {'latency': -7.49863159031462}, (0, 5): {'latency': -2.705297192977973}, (0, 7): {'latency': 6.65845941859349}}}","{'node_level': {9: {'cpu': 0}, 0: {'cpu': 0}, 6: {'cpu': 0}, 7: {'cpu': 0}, 2: {'cpu': 0}, 3: {'cpu': 0}, 5: {'cpu': 0}, 4: {'cpu': 0}, 8: {'cpu': 0}, 1: {'cpu': 0}}, 'link_level': {(0, 1): {'bw': 0}, (0, 2): {'bw': 0}, (0, 3): {'bw': 0}, (0, 5): {'bw': 0}, (0, 7): {'bw': 0}}, 'path_level': {(0, 1): {'latency': 0}, (0, 2): {'latency': 0}, (0, 3): {'latency': 0}, (0, 5): {'latency': 0}, (0, 7): {'latency': 6.65845941859349}}}",[],0.0,0.0,True,False,False,0,[],0,0.0,10.0,5.0
77,26,12,3330.0,5483.0,1629908.813556916,2675362.7640925846,0.6073317526901332,0.6092290867738603,18,117,0,959.2795733514517,40554,7353,33201,0.05257054503285663,0.047945401886846595,58,208.2795733514517,751.0,9,20,False,{},{},{},{},0.0,0.0,0.0,0.0,0.0,0.0,0.0,0.0,0.0,0.0,0.0,0.0,0.0,0.0,Leave Event,0.0,"{'node_level': {}, 'link_level': {}, 'path_level': {}}","{'node_level': {}, 'link_level': {}, 'path_level': {}}","{'node_level': {}, 'link_level': {}, 'path_level': {}}",[],0.0,0.0,True,True,False,0,[],0,0.0,,
77,26,11,3330.0,5483.0,1629908.813556916,2675362.7640925846,0.6073317526901332,0.6092290867738603,18,118,0,959.8599307398523,40576,7369,33207,0.05050895503156805,0.04777334900926222,61,171.8599307398523,788.0,2,1,False,{},{},{},{},0.0,0.0,0.0,0.0,0.0,0.0,0.0,0.0,0.0,0.0,0.0,0.0,0.0,0.0,Leave Event,0.0,"{'node_level': {}, 'link_level': {}, 'path_level': {}}","{'node_level': {}, 'link_level': {}, 'path_level': {}}","{'node_level': {}, 'link_level': {}, 'path_level': {}}",[],0.0,0.0,True,True,False,0,[],0,0.0,,
78,26,11,3330.0,5483.0,1629908.813556916,2675362.7640925846,0.6073317526901332,0.6092290867738603,18,119,1,970.0,40576,7369,33207,0.05050895503156805,0.04777334900926222,77,229.19801605296342,970.0,10,22,False,"{3: 39, 2: 51, 0: 6, 7: 45, 5: 13, 1: 66, 9: 85, 4: 59, 8: 60, 6: 52}","{(0, 2): [(6, 93), (93, 51)], (0, 3): [(6, 39)], (0, 4): [(6, 70), (70, 59)], (0, 5): [(6, 29), (29, 13)], (0, 7): []}","{(3, 39): {'cpu': 19}, (2, 51): {'cpu': 20}, (0, 6): {'cpu': 12}, (7, 45): {'cpu': 5}, (5, 13): {'cpu': 12}, (1, 66): {'cpu': 17}, (9, 85): {'cpu': 8}, (4, 59): {'cpu': 18}, (8, 60): {'cpu': 15}, (6, 52): {'cpu': 11}}","{((0, 2), (6, 93)): {'bw': 26}, ((0, 2), (93, 51)): {'bw': 26}, ((0, 3), (6, 39)): {'bw': 36}, ((0, 4), (6, 70)): {'bw': 7}, ((0, 4), (70, 59)): {'bw': 7}, ((0, 5), (6, 29)): {'bw': 29}, ((0, 5), (29, 13)): {'bw': 29}}",0.0,0.0,669.0,137.0,532.0,0.0,0.0,0.0,0.0,0.0,0.0,0.0,0.0,0.0,Route Failure,28.0,"{'node_level': {}, 'link_level': {}, 'path_level': {}}","{'node_level': {3: {'cpu': -68}, 2: {'cpu': -31}, 0: {'cpu': -57}, 7: {'cpu': -73}, 5: {'cpu': -54}, 1: {'cpu': -19}, 9: {'cpu': -90}, 4: {'cpu': -68}, 8: {'cpu': -41}, 6: {'cpu': -71}}, 'link_level': {(0, 2): {'bw': -51}, (0, 3): {'bw': -16}, (0, 4): {'bw': -70}, (0, 5): {'bw': -46}, (0, 7): {'bw': 28}}, 'path_level': {(0, 2): {'latency': -2.3409946567328053}, (0, 3): {'latency': -6.698162869140445}, (0, 4): {'latency': -8.151480736337735}, (0, 5): {'latency': -5.423157739412066}, (0, 7): {'latency': 6.387668236146109}}}","{'node_level': {3: {'cpu': 0}, 2: {'cpu': 0}, 0: {'cpu': 0}, 7: {'cpu': 0}, 5: {'cpu': 0}, 1: {'cpu': 0}, 9: {'cpu': 0}, 4: {'cpu': 0}, 8: {'cpu': 0}, 6: {'cpu': 0}}, 'link_level': {(0, 2): {'bw': 0}, (0, 3): {'bw': 0}, (0, 4): {'bw': 0}, (0, 5): {'bw': 0}, (0, 7): {'bw': 28}}, 'path_level': {(0, 2): {'latency': 0}, (0, 3): {'latency': 0}, (0, 4): {'latency': 0}, (0, 5): {'latency': 0}, (0, 7): {'latency': 6.387668236146109}}}",[],0.0,0.0,True,False,False,0,[],0,0.0,10.0,5.0
78,26,11,3330.0,5483.0,1629908.813556916,2675362.7640925846,0.6073317526901332,0.6092290867738603,18,120,0,973.070985207074,40576,7369,33207,0.05050895503156805,0.04777334900926222,36,511.07098520707405,462.0,2,1,False,{},{},{},{},0.0,0.0,0.0,0.0,0.0,0.0,0.0,0.0,0.0,0.0,0.0,0.0,0.0,0.0,Leave Event,0.0,"{'node_level': {}, 'link_level': {}, 'path_level': {}}","{'node_level': {}, 'link_level': {}, 'path_level': {}}","{'node_level': {}, 'link_level': {}, 'path_level': {}}",[],0.0,0.0,True,True,False,0,[],0,0.0,,
79,26,11,3330.0,5483.0,1629908.813556916,2675362.7640925846,0.6073317526901332,0.6092290867738603,18,121,1,980.0,40576,7369,33207,0.05050895503156805,0.04777334900926222,78,114.66870240873862,980.0,9,22,False,"{4: 39, 8: 51, 5: 6, 1: 45, 7: 13, 6: 66, 0: 85, 2: 59, 3: 4}","{(0, 2): []}","{(4, 39): {'cpu': 16}, (8, 51): {'cpu': 7}, (5, 6): {'cpu': 9}, (1, 45): {'cpu': 1}, (7, 13): {'cpu': 13}, (6, 66): {'cpu': 11}, (0, 85): {'cpu': 19}, (2, 59): {'cpu': 16}, (3, 4): {'cpu': 4}}",{},0.0,0.0,633.0,96.0,537.0,0.0,0.0,0.0,0.0,0.0,0.0,0.0,0.0,0.0,Route Failure,5.662777511907152,"{'node_level': {}, 'link_level': {}, 'path_level': {}}","{'node_level': {4: {'cpu': -71}, 8: {'cpu': -44}, 5: {'cpu': -60}, 1: {'cpu': -77}, 7: {'cpu': -53}, 6: {'cpu': -25}, 0: {'cpu': -79}, 2: {'cpu': -70}, 3: {'cpu': -1}}, 'link_level': {(0, 2): {'bw': -34}}, 'path_level': {(0, 2): {'latency': 5.662777511907152}}}","{'node_level': {4: {'cpu': 0}, 8: {'cpu': 0}, 5: {'cpu': 0}, 1: {'cpu': 0}, 7: {'cpu': 0}, 6: {'cpu': 0}, 0: {'cpu': 0}, 2: {'cpu': 0}, 3: {'cpu': 0}}, 'link_level': {(0, 2): {'bw': 0}}, 'path_level': {(0, 2): {'latency': 5.662777511907152}}}",[],0.0,0.0,True,False,False,0,[],0,0.0,9.0,1.0
80,27,12,3384.0,5575.0,1637338.8773772647,2688021.3913420676,0.6069955156950673,0.6091241991790024,18,122,1,995.0,40484,7353,33131,0.05257054503285663,0.04995268545866427,79,137.5937744509019,995.0,2,1,True,"{0: 39, 1: 51}","{(0, 1): [(39, 93), (93, 51)]}","{(0, 39): {'cpu': 15}, (1, 51): {'cpu': 1}}","{((0, 1), (39, 93)): {'bw': 38}, ((0, 1), (93, 51)): {'bw': 38}}",92.0,54.0,54.0,16.0,38.0,16.0,38.0,16.0,76.0,38.0,0.5869565217391305,12658.627249482974,7430.063820348702,80.76156326465981,Success,0.0,"{'node_level': {}, 'link_level': {}, 'path_level': {}}","{'node_level': {0: {'cpu': -72}, 1: {'cpu': -50}}, 'link_level': {(0, 1): {'bw': -50}}, 'path_level': {(0, 1): {'latency': -4.762641497165793}}}","{'node_level': {0: {'cpu': 0}, 1: {'cpu': 0}}, 'link_level': {(0, 1): {'bw': 0}}, 'path_level': {(0, 1): {'latency': 0}}}",[],0.0,0.0,True,True,False,0,[],0,0.0,2.0,1.0
80,27,11,3384.0,5575.0,1637338.8773772647,2688021.3913420676,0.6069955156950673,0.6091241991790024,18,123,0,1006.4644422243773,40627,7378,33249,0.04934931065584336,0.046568978866171507,73,83.4644422243773,923.0,3,2,False,{},{},{},{},0.0,0.0,0.0,0.0,0.0,0.0,0.0,0.0,0.0,0.0,0.0,0.0,0.0,0.0,Leave Event,0.0,"{'node_level': {}, 'link_level': {}, 'path_level': {}}","{'node_level': {}, 'link_level': {}, 'path_level': {}}","{'node_level': {}, 'link_level': {}, 'path_level': {}}",[],0.0,0.0,True,True,False,0,[],0,0.0,,
81,28,12,3414.0,5605.0,1663730.8291869755,2714413.3431517784,0.6090990187332739,0.6129246429562466,18,124,1,1013.0,40597,7354,33243,0.05244169565777601,0.04674103174375588,80,879.7317269903625,1013.0,2,1,True,"{0: 66, 1: 60}","{(0, 1): [(66, 60)]}","{(0, 66): {'cpu': 14}, (1, 60): {'cpu': 10}}","{((0, 1), (66, 60)): {'bw': 6}}",30.0,30.0,30.0,24.0,6.0,24.0,6.0,24.0,6.0,0.0,1.0,26391.951809710874,26391.951809710874,879.7317269903625,Success,0.0,"{'node_level': {}, 'link_level': {}, 'path_level': {}}","{'node_level': {0: {'cpu': -25}, 1: {'cpu': -50}}, 'link_level': {(0, 1): {'bw': -45}}, 'path_level': {(0, 1): {'latency': -7.791873232647232}}}","{'node_level': {0: {'cpu': 0}, 1: {'cpu': 0}}, 'link_level': {(0, 1): {'bw': 0}}, 'path_level': {(0, 1): {'latency': 0}}}",[],0.0,0.0,True,True,False,0,[],0,0.0,2.0,1.0
82,29,13,3502.0,5744.0,1811524.501021703,2947860.1657089046,0.6096796657381616,0.6145218562584245,19,125,1,1025.0,40458,7317,33141,0.05720912253575572,0.049665930662690316,81,1679.4735435764487,1025.0,3,2,True,"{0: 66, 1: 6, 2: 45}","{(0, 1): [(66, 77), (77, 6)], (0, 2): [(66, 18), (18, 45)]}","{(0, 66): {'cpu': 18}, (1, 6): {'cpu': 2}, (2, 45): {'cpu': 17}}","{((0, 1), (66, 77)): {'bw': 42}, ((0, 1), (77, 6)): {'bw': 42}, ((0, 2), (66, 18)): {'bw': 9}, ((0, 2), (18, 45)): {'bw': 9}}",139.0,88.0,88.0,37.0,51.0,37.0,51.0,37.0,102.0,51.0,0.6330935251798561,233446.82255712638,147793.6718347275,1063.2638261491186,Success,0.0,"{'node_level': {}, 'link_level': {}, 'path_level': {}}","{'node_level': {0: {'cpu': -7}, 1: {'cpu': -67}, 2: {'cpu': -61}}, 'link_level': {(0, 1): {'bw': -4}, (0, 2): {'bw': -71}}, 'path_level': {(0, 1): {'latency': -0.6363750562399946}, (0, 2): {'latency': -7.110979521398417}}}","{'node_level': {0: {'cpu': 0}, 1: {'cpu': 0}, 2: {'cpu': 0}}, 'link_level': {(0, 1): {'bw': 0}, (0, 2): {'bw': 0}}, 'path_level': {(0, 1): {'latency': 0}, (0, 2): {'latency': 0}}}",[],0.0,0.0,True,True,False,0,[],0,0.0,3.0,2.0
82,29,13,3502.0,5744.0,1811524.501021703,2947860.1657089046,0.6096796657381616,0.6145218562584245,19,126,0,1029.7753751417195,40458,7317,33141,0.05720912253575572,0.049665930662690316,9,913.7753751417193,116.0,8,16,False,{},{},{},{},0.0,0.0,0.0,0.0,0.0,0.0,0.0,0.0,0.0,0.0,0.0,0.0,0.0,0.0,Leave Event,0.0,"{'node_level': {}, 'link_level': {}, 'path_level': {}}","{'node_level': {}, 'link_level': {}, 'path_level': {}}","{'node_level': {}, 'link_level': {}, 'path_level': {}}",[],0.0,0.0,True,True,False,0,[],0,0.0,,
83,29,13,3502.0,5744.0,1811524.501021703,2947860.1657089046,0.6096796657381616,0.6145218562584245,19,127,1,1036.0,40458,7317,33141,0.05720912253575572,0.049665930662690316,82,600.0069893807491,1036.0,9,22,False,"{2: 60, 7: 31, 5: 13, 6: 85, 8: 50, 0: 59, 4: 4, 1: 45, 3: 52}","{(0, 1): [(59, 45)], (0, 3): []}","{(2, 60): {'cpu': 17}, (7, 31): {'cpu': 16}, (5, 13): {'cpu': 7}, (6, 85): {'cpu': 6}, (8, 50): {'cpu': 18}, (0, 59): {'cpu': 11}, (4, 4): {'cpu': 2}, (1, 45): {'cpu': 4}, (3, 52): {'cpu': 2}}","{((0, 1), (59, 45)): {'bw': 7}}",0.0,0.0,649.0,83.0,566.0,0.0,0.0,0.0,0.0,0.0,0.0,0.0,0.0,0.0,Route Failure,5.081950338179747,"{'node_level': {}, 'link_level': {}, 'path_level': {}}","{'node_level': {2: {'cpu': -33}, 7: {'cpu': -19}, 5: {'cpu': -59}, 6: {'cpu': -92}, 8: {'cpu': -16}, 0: {'cpu': -75}, 4: {'cpu': -3}, 1: {'cpu': -57}, 3: {'cpu': -80}}, 'link_level': {(0, 1): {'bw': -52}, (0, 3): {'bw': -58}}, 'path_level': {(0, 1): {'latency': -1.0918121960032723}, (0, 3): {'latency': 5.081950338179747}}}","{'node_level': {2: {'cpu': 0}, 7: {'cpu': 0}, 5: {'cpu': 0}, 6: {'cpu': 0}, 8: {'cpu': 0}, 0: {'cpu': 0}, 4: {'cpu': 0}, 1: {'cpu': 0}, 3: {'cpu': 0}}, 'link_level': {(0, 1): {'bw': 0}, (0, 3): {'bw': 0}}, 'path_level': {(0, 1): {'latency': 0}, (0, 3): {'latency': 5.081950338179747}}}",[],0.0,0.0,True,False,False,0,[],0,0.0,9.0,2.0
83,29,12,3502.0,5744.0,1811524.501021703,2947860.1657089046,0.6096796657381616,0.6145218562584245,19,128,0,1036.4114457682638,40523,7344,33179,0.05373018940858132,0.04857626243798929,22,768.4114457682638,268.0,3,2,False,{},{},{},{},0.0,0.0,0.0,0.0,0.0,0.0,0.0,0.0,0.0,0.0,0.0,0.0,0.0,0.0,Leave Event,0.0,"{'node_level': {}, 'link_level': {}, 'path_level': {}}","{'node_level': {}, 'link_level': {}, 'path_level': {}}","{'node_level': {}, 'link_level': {}, 'path_level': {}}",[],0.0,0.0,True,True,False,0,[],0,0.0,,
84,29,12,3502.0,5744.0,1811524.501021703,2947860.1657089046,0.6096796657381616,0.6145218562584245,19,129,1,1046.0,40523,7344,33179,0.05373018940858132,0.04857626243798929,83,329.3700187399394,1046.0,10,18,False,"{9: 31, 1: 45, 8: 60, 7: 13, 4: 4, 6: 85, 3: 51, 2: 50, 5: 59, 0: 52}","{(0, 2): [(52, 31), (31, 50)], (0, 9): [(52, 31)], (1, 3): [(45, 0), (0, 51)], (1, 4): [(45, 0), (0, 4)], (1, 6): []}","{(9, 31): {'cpu': 15}, (1, 45): {'cpu': 3}, (8, 60): {'cpu': 8}, (7, 13): {'cpu': 9}, (4, 4): {'cpu': 4}, (6, 85): {'cpu': 20}, (3, 51): {'cpu': 19}, (2, 50): {'cpu': 13}, (5, 59): {'cpu': 7}, (0, 52): {'cpu': 8}}","{((0, 2), (52, 31)): {'bw': 8}, ((0, 2), (31, 50)): {'bw': 8}, ((0, 9), (52, 31)): {'bw': 25}, ((1, 3), (45, 0)): {'bw': 21}, ((1, 3), (0, 51)): {'bw': 21}, ((1, 4), (45, 0)): {'bw': 32}, ((1, 4), (0, 4)): {'bw': 32}}",0.0,0.0,548.0,106.0,442.0,0.0,0.0,0.0,0.0,0.0,0.0,0.0,0.0,0.0,Route Failure,0.4462168702849034,"{'node_level': {}, 'link_level': {}, 'path_level': {}}","{'node_level': {9: {'cpu': -39}, 1: {'cpu': -58}, 8: {'cpu': -42}, 7: {'cpu': -57}, 4: {'cpu': -3}, 6: {'cpu': -78}, 3: {'cpu': -37}, 2: {'cpu': -21}, 5: {'cpu': -79}, 0: {'cpu': -74}}, 'link_level': {(0, 2): {'bw': -22}, (0, 9): {'bw': -56}, (1, 3): {'bw': -49}, (1, 4): {'bw': -17}, (1, 6): {'bw': -14}}, 'path_level': {(0, 2): {'latency': -3.5396869346538375}, (0, 9): {'latency': -9.67462637202166}, (1, 3): {'latency': -5.8484547276035705}, (1, 4): {'latency': -7.574177326641255}, (1, 6): {'latency': 0.4462168702849034}}}","{'node_level': {9: {'cpu': 0}, 1: {'cpu': 0}, 8: {'cpu': 0}, 7: {'cpu': 0}, 4: {'cpu': 0}, 6: {'cpu': 0}, 3: {'cpu': 0}, 2: {'cpu': 0}, 5: {'cpu': 0}, 0: {'cpu': 0}}, 'link_level': {(0, 2): {'bw': 0}, (0, 9): {'bw': 0}, (1, 3): {'bw': 0}, (1, 4): {'bw': 0}, (1, 6): {'bw': 0}}, 'path_level': {(0, 2): {'latency': 0}, (0, 9): {'latency': 0}, (1, 3): {'latency': 0}, (1, 4): {'latency': 0}, (1, 6): {'latency': 0.4462168702849034}}}",[],0.0,0.0,True,False,False,0,[],0,0.0,10.0,5.0
85,29,12,3502.0,5744.0,1811524.501021703,2947860.1657089046,0.6096796657381616,0.6145218562584245,19,130,1,1055.0,40523,7344,33179,0.05373018940858132,0.04857626243798929,84,169.1718285952152,1055.0,9,17,False,"{6: 31, 2: 45, 3: 60, 4: 13, 7: 85, 5: 51, 8: 50, 0: 4, 1: 59}","{(0, 2): [(4, 0), (0, 45)], (0, 3): [(4, 38), (38, 60)], (0, 6): [(4, 7), (7, 31)], (0, 7): [(4, 21), (21, 85)], (1, 3): []}","{(6, 31): {'cpu': 16}, (2, 45): {'cpu': 18}, (3, 60): {'cpu': 1}, (4, 13): {'cpu': 5}, (7, 85): {'cpu': 12}, (5, 51): {'cpu': 18}, (8, 50): {'cpu': 8}, (0, 4): {'cpu': 4}, (1, 59): {'cpu': 6}}","{((0, 2), (4, 0)): {'bw': 23}, ((0, 2), (0, 45)): {'bw': 23}, ((0, 3), (4, 38)): {'bw': 11}, ((0, 3), (38, 60)): {'bw': 11}, ((0, 6), (4, 7)): {'bw': 22}, ((0, 6), (7, 31)): {'bw': 22}, ((0, 7), (4, 21)): {'bw': 24}, ((0, 7), (21, 85)): {'bw': 24}}",0.0,0.0,536.0,88.0,448.0,0.0,0.0,0.0,0.0,0.0,0.0,0.0,0.0,0.0,Route Failure,6.508011173107544,"{'node_level': {}, 'link_level': {}, 'path_level': {}}","{'node_level': {6: {'cpu': -38}, 2: {'cpu': -43}, 3: {'cpu': -49}, 4: {'cpu': -61}, 7: {'cpu': -86}, 5: {'cpu': -38}, 8: {'cpu': -26}, 0: {'cpu': -3}, 1: {'cpu': -80}}, 'link_level': {(0, 2): {'bw': -28}, (0, 3): {'bw': -89}, (0, 6): {'bw': -29}, (0, 7): {'bw': -10}, (1, 3): {'bw': -36}}, 'path_level': {(0, 2): {'latency': -0.20638425745278344}, (0, 3): {'latency': -0.8039754404257091}, (0, 6): {'latency': -0.8828341497607504}, (0, 7): {'latency': -0.6704241357414773}, (1, 3): {'latency': 6.508011173107544}}}","{'node_level': {6: {'cpu': 0}, 2: {'cpu': 0}, 3: {'cpu': 0}, 4: {'cpu': 0}, 7: {'cpu': 0}, 5: {'cpu': 0}, 8: {'cpu': 0}, 0: {'cpu': 0}, 1: {'cpu': 0}}, 'link_level': {(0, 2): {'bw': 0}, (0, 3): {'bw': 0}, (0, 6): {'bw': 0}, (0, 7): {'bw': 0}, (1, 3): {'bw': 0}}, 'path_level': {(0, 2): {'latency': 0}, (0, 3): {'latency': 0}, (0, 6): {'latency': 0}, (0, 7): {'latency': 0}, (1, 3): {'latency': 6.508011173107544}}}",[],0.0,0.0,True,False,False,0,[],0,0.0,9.0,5.0
85,29,11,3502.0,5744.0,1811524.501021703,2947860.1657089046,0.6096796657381616,0.6145218562584245,19,131,0,1055.0920752815978,40554,7359,33195,0.051797448782373356,0.04811745476443097,52,389.0920752815979,666.0,2,1,False,{},{},{},{},0.0,0.0,0.0,0.0,0.0,0.0,0.0,0.0,0.0,0.0,0.0,0.0,0.0,0.0,Leave Event,0.0,"{'node_level': {}, 'link_level': {}, 'path_level': {}}","{'node_level': {}, 'link_level': {}, 'path_level': {}}","{'node_level': {}, 'link_level': {}, 'path_level': {}}",[],0.0,0.0,True,True,False,0,[],0,0.0,,
86,29,11,3502.0,5744.0,1811524.501021703,2947860.1657089046,0.6096796657381616,0.6145218562584245,19,132,1,1068.0,40554,7359,33195,0.051797448782373356,0.04811745476443097,85,896.9445206083341,1068.0,6,10,False,"{2: 31, 0: 45, 5: 60, 1: 13, 3: 85, 4: 51}","{(0, 1): [(45, 31), (31, 13)], (0, 2): [(45, 31)], (0, 3): [(45, 50), (50, 85)], (0, 5): []}","{(2, 31): {'cpu': 6}, (0, 45): {'cpu': 20}, (5, 60): {'cpu': 10}, (1, 13): {'cpu': 15}, (3, 85): {'cpu': 12}, (4, 51): {'cpu': 16}}","{((0, 1), (45, 31)): {'bw': 41}, ((0, 1), (31, 13)): {'bw': 41}, ((0, 2), (45, 31)): {'bw': 22}, ((0, 3), (45, 50)): {'bw': 8}, ((0, 3), (50, 85)): {'bw': 8}}",0.0,0.0,361.0,79.0,282.0,0.0,0.0,0.0,0.0,0.0,0.0,0.0,0.0,0.0,Route Failure,4.844740762159288,"{'node_level': {}, 'link_level': {}, 'path_level': {}}","{'node_level': {2: {'cpu': -53}, 0: {'cpu': -41}, 5: {'cpu': -40}, 1: {'cpu': -51}, 3: {'cpu': -86}, 4: {'cpu': -40}}, 'link_level': {(0, 1): {'bw': -37}, (0, 2): {'bw': -30}, (0, 3): {'bw': -42}, (0, 5): {'bw': -7}}, 'path_level': {(0, 1): {'latency': -5.997822848249589}, (0, 2): {'latency': -12.281489211836538}, (0, 3): {'latency': -3.1206785116634865}, (0, 5): {'latency': 4.844740762159288}}}","{'node_level': {2: {'cpu': 0}, 0: {'cpu': 0}, 5: {'cpu': 0}, 1: {'cpu': 0}, 3: {'cpu': 0}, 4: {'cpu': 0}}, 'link_level': {(0, 1): {'bw': 0}, (0, 2): {'bw': 0}, (0, 3): {'bw': 0}, (0, 5): {'bw': 0}}, 'path_level': {(0, 1): {'latency': 0}, (0, 2): {'latency': 0}, (0, 3): {'latency': 0}, (0, 5): {'latency': 4.844740762159288}}}",[],0.0,0.0,True,False,False,0,[],0,0.0,6.0,4.0
86,29,11,3502.0,5744.0,1811524.501021703,2947860.1657089046,0.6096796657381616,0.6145218562584245,19,133,0,1068.5175982188248,40554,7359,33195,0.051797448782373356,0.04811745476443097,42,526.5175982188248,542.0,9,16,False,{},{},{},{},0.0,0.0,0.0,0.0,0.0,0.0,0.0,0.0,0.0,0.0,0.0,0.0,0.0,0.0,Leave Event,0.0,"{'node_level': {}, 'link_level': {}, 'path_level': {}}","{'node_level': {}, 'link_level': {}, 'path_level': {}}","{'node_level': {}, 'link_level': {}, 'path_level': {}}",[],0.0,0.0,True,True,False,0,[],0,0.0,,
86,29,11,3502.0,5744.0,1811524.501021703,2947860.1657089046,0.6096796657381616,0.6145218562584245,19,134,0,1072.4467908145914,40554,7359,33195,0.051797448782373356,0.04811745476443097,67,222.44679081459145,850.0,6,6,False,{},{},{},{},0.0,0.0,0.0,0.0,0.0,0.0,0.0,0.0,0.0,0.0,0.0,0.0,0.0,0.0,Leave Event,0.0,"{'node_level': {}, 'link_level': {}, 'path_level': {}}","{'node_level': {}, 'link_level': {}, 'path_level': {}}","{'node_level': {}, 'link_level': {}, 'path_level': {}}",[],0.0,0.0,True,True,False,0,[],0,0.0,,
86,29,11,3502.0,5744.0,1811524.501021703,2947860.1657089046,0.6096796657381616,0.6145218562584245,19,135,0,1078.9067672351507,40554,7359,33195,0.051797448782373356,0.04811745476443097,12,922.9067672351506,156.0,9,17,False,{},{},{},{},0.0,0.0,0.0,0.0,0.0,0.0,0.0,0.0,0.0,0.0,0.0,0.0,0.0,0.0,Leave Event,0.0,"{'node_level': {}, 'link_level': {}, 'path_level': {}}","{'node_level': {}, 'link_level': {}, 'path_level': {}}","{'node_level': {}, 'link_level': {}, 'path_level': {}}",[],0.0,0.0,True,True,False,0,[],0,0.0,,
86,29,11,3502.0,5744.0,1811524.501021703,2947860.1657089046,0.6096796657381616,0.6145218562584245,19,136,0,1079.30700279789,40554,7359,33195,0.051797448782373356,0.04811745476443097,70,188.3070027978899,891.0,8,17,False,{},{},{},{},0.0,0.0,0.0,0.0,0.0,0.0,0.0,0.0,0.0,0.0,0.0,0.0,0.0,0.0,Leave Event,0.0,"{'node_level': {}, 'link_level': {}, 'path_level': {}}","{'node_level': {}, 'link_level': {}, 'path_level': {}}","{'node_level': {}, 'link_level': {}, 'path_level': {}}",[],0.0,0.0,True,True,False,0,[],0,0.0,,
87,30,12,3564.0,5806.0,1875295.481692315,3011631.1463795165,0.6138477437133999,0.6226843164199353,19,137,1,1083.0,40492,7322,33170,0.056564875660353064,0.04883434175436585,86,1028.5642043647108,1083.0,2,1,True,"{1: 31, 0: 45}","{(0, 1): [(45, 31)]}","{(1, 31): {'cpu': 20}, (0, 45): {'cpu': 17}}","{((0, 1), (45, 31)): {'bw': 25}}",62.0,62.0,62.0,37.0,25.0,37.0,25.0,37.0,25.0,0.0,1.0,63770.98067061207,63770.98067061207,1028.5642043647108,Success,0.0,"{'node_level': {}, 'link_level': {}, 'path_level': {}}","{'node_level': {1: {'cpu': -39}, 0: {'cpu': -44}}, 'link_level': {(0, 1): {'bw': -68}}, 'path_level': {(0, 1): {'latency': -12.203153214944342}}}","{'node_level': {1: {'cpu': 0}, 0: {'cpu': 0}}, 'link_level': {(0, 1): {'bw': 0}}, 'path_level': {(0, 1): {'latency': 0}}}",[],0.0,0.0,True,True,False,0,[],0,0.0,2.0,1.0
87,30,12,3564.0,5806.0,1875295.481692315,3011631.1463795165,0.6138477437133999,0.6226843164199353,19,138,0,1094.6687024087387,40492,7322,33170,0.056564875660353064,0.04883434175436585,78,114.66870240873862,980.0,9,22,False,{},{},{},{},0.0,0.0,0.0,0.0,0.0,0.0,0.0,0.0,0.0,0.0,0.0,0.0,0.0,0.0,Leave Event,0.0,"{'node_level': {}, 'link_level': {}, 'path_level': {}}","{'node_level': {}, 'link_level': {}, 'path_level': {}}","{'node_level': {}, 'link_level': {}, 'path_level': {}}",[],0.0,0.0,True,True,False,0,[],0,0.0,,
88,31,13,3574.0,5823.0,1875778.760871185,3012452.7209835956,0.6137729692598317,0.6226749212710382,19,139,1,1095.0,40475,7319,33156,0.05695142378559459,0.049235798468729386,87,48.32791788699492,1095.0,2,1,True,"{0: 60, 1: 4}","{(0, 1): [(60, 7), (7, 4)]}","{(0, 60): {'cpu': 2}, (1, 4): {'cpu': 1}}","{((0, 1), (60, 7)): {'bw': 7}, ((0, 1), (7, 4)): {'bw': 7}}",17.0,10.0,10.0,3.0,7.0,3.0,7.0,3.0,14.0,7.0,0.5882352941176471,821.5746040789136,483.2791788699492,28.428186992349953,Success,0.0,"{'node_level': {}, 'link_level': {}, 'path_level': {}}","{'node_level': {0: {'cpu': -48}, 1: {'cpu': -6}}, 'link_level': {(0, 1): {'bw': -14}}, 'path_level': {(0, 1): {'latency': -4.018839109350388}}}","{'node_level': {0: {'cpu': 0}, 1: {'cpu': 0}}, 'link_level': {(0, 1): {'bw': 0}}, 'path_level': {(0, 1): {'latency': 0}}}",[],0.0,0.0,True,True,False,0,[],0,0.0,2.0,1.0
88,31,12,3574.0,5823.0,1875778.760871185,3012452.7209835956,0.6137729692598317,0.6226749212710382,19,140,0,1106.0970844122403,40533,7352,33181,0.05269939440793714,0.0485189114787945,45,528.0970844122402,578.0,3,2,False,{},{},{},{},0.0,0.0,0.0,0.0,0.0,0.0,0.0,0.0,0.0,0.0,0.0,0.0,0.0,0.0,Leave Event,0.0,"{'node_level': {}, 'link_level': {}, 'path_level': {}}","{'node_level': {}, 'link_level': {}, 'path_level': {}}","{'node_level': {}, 'link_level': {}, 'path_level': {}}",[],0.0,0.0,True,True,False,0,[],0,0.0,,
89,31,12,3574.0,5823.0,1875778.760871185,3012452.7209835956,0.6137729692598317,0.6226749212710382,19,141,1,1112.0,40533,7352,33181,0.05269939440793714,0.0485189114787945,88,121.64090523933967,1112.0,6,9,False,"{2: 31, 0: 66, 1: 13, 5: 60, 4: 85, 3: 51}","{(0, 1): [(66, 22), (22, 86), (86, 13)], (0, 2): []}","{(2, 31): {'cpu': 8}, (0, 66): {'cpu': 16}, (1, 13): {'cpu': 9}, (5, 60): {'cpu': 1}, (4, 85): {'cpu': 11}, (3, 51): {'cpu': 7}}","{((0, 1), (66, 22)): {'bw': 43}, ((0, 1), (22, 86)): {'bw': 43}, ((0, 1), (86, 13)): {'bw': 43}}",0.0,0.0,266.0,52.0,214.0,0.0,0.0,0.0,0.0,0.0,0.0,0.0,0.0,0.0,Route Failure,23.0,"{'node_level': {}, 'link_level': {}, 'path_level': {}}","{'node_level': {2: {'cpu': -36}, 0: {'cpu': -4}, 1: {'cpu': -57}, 5: {'cpu': -47}, 4: {'cpu': -87}, 3: {'cpu': -49}}, 'link_level': {(0, 1): {'bw': -5}, (0, 2): {'bw': 23}}, 'path_level': {(0, 1): {'latency': -1.6342550792130819}, (0, 2): {'latency': 1.1067784896301314}}}","{'node_level': {2: {'cpu': 0}, 0: {'cpu': 0}, 1: {'cpu': 0}, 5: {'cpu': 0}, 4: {'cpu': 0}, 3: {'cpu': 0}}, 'link_level': {(0, 1): {'bw': 0}, (0, 2): {'bw': 23}}, 'path_level': {(0, 1): {'latency': 0}, (0, 2): {'latency': 1.1067784896301314}}}",[],0.0,0.0,True,False,False,0,[],0,0.0,6.0,2.0
90,31,12,3574.0,5823.0,1875778.760871185,3012452.7209835956,0.6137729692598317,0.6226749212710382,19,142,1,1131.0,40533,7352,33181,0.05269939440793714,0.0485189114787945,89,891.1851145849794,1131.0,5,6,False,"{0: 31, 4: 66, 2: 13, 3: 60, 1: 4}","{(0, 2): []}","{(0, 31): {'cpu': 12}, (4, 66): {'cpu': 19}, (2, 13): {'cpu': 5}, (3, 60): {'cpu': 7}, (1, 4): {'cpu': 4}}",{},0.0,0.0,226.0,47.0,179.0,0.0,0.0,0.0,0.0,0.0,0.0,0.0,0.0,0.0,Route Failure,13.0,"{'node_level': {}, 'link_level': {}, 'path_level': {}}","{'node_level': {0: {'cpu': -32}, 4: {'cpu': -1}, 2: {'cpu': -61}, 3: {'cpu': -41}, 1: {'cpu': -2}}, 'link_level': {(0, 2): {'bw': 11}}, 'path_level': {(0, 2): {'latency': 1.7868510645392943}}}","{'node_level': {0: {'cpu': 0}, 4: {'cpu': 0}, 2: {'cpu': 0}, 3: {'cpu': 0}, 1: {'cpu': 0}}, 'link_level': {(0, 2): {'bw': 13}}, 'path_level': {(0, 2): {'latency': 1.7868510645392943}}}",[],0.0,0.0,True,False,False,0,[],0,0.0,5.0,1.0
90,31,11,3574.0,5823.0,1875778.760871185,3012452.7209835956,0.6137729692598317,0.6226749212710382,19,143,0,1132.593774450902,40625,7368,33257,0.05063780440664867,0.046339575029392344,79,137.5937744509019,995.0,2,1,False,{},{},{},{},0.0,0.0,0.0,0.0,0.0,0.0,0.0,0.0,0.0,0.0,0.0,0.0,0.0,0.0,Leave Event,0.0,"{'node_level': {}, 'link_level': {}, 'path_level': {}}","{'node_level': {}, 'link_level': {}, 'path_level': {}}","{'node_level': {}, 'link_level': {}, 'path_level': {}}",[],0.0,0.0,True,True,False,0,[],0,0.0,,
90,31,11,3574.0,5823.0,1875778.760871185,3012452.7209835956,0.6137729692598317,0.6226749212710382,19,144,0,1138.684839165071,40625,7368,33257,0.05063780440664867,0.046339575029392344,29,774.684839165071,364.0,6,9,False,{},{},{},{},0.0,0.0,0.0,0.0,0.0,0.0,0.0,0.0,0.0,0.0,0.0,0.0,0.0,0.0,Leave Event,0.0,"{'node_level': {}, 'link_level': {}, 'path_level': {}}","{'node_level': {}, 'link_level': {}, 'path_level': {}}","{'node_level': {}, 'link_level': {}, 'path_level': {}}",[],0.0,0.0,True,True,False,0,[],0,0.0,,
91,32,12,3608.0,5913.0,1907838.6542709863,3097317.1446889522,0.6101809572129206,0.6159649028974657,19,145,1,1141.0,40535,7362,33173,0.05141090065713183,0.048748315315573665,90,942.9380411706272,1141.0,2,1,True,"{1: 51, 0: 39}","{(0, 1): [(39, 74), (74, 44), (44, 51)]}","{(1, 51): {'cpu': 4}, (0, 39): {'cpu': 2}}","{((0, 1), (39, 74)): {'bw': 28}, ((0, 1), (74, 44)): {'bw': 28}, ((0, 1), (44, 51)): {'bw': 28}}",90.0,34.0,34.0,6.0,28.0,6.0,28.0,6.0,84.0,56.0,0.37777777777777777,84864.42370535646,32059.893399801327,356.22103777557027,Success,0.0,"{'node_level': {}, 'link_level': {}, 'path_level': {}}","{'node_level': {1: {'cpu': -53}, 0: {'cpu': -85}}, 'link_level': {(0, 1): {'bw': -34}}, 'path_level': {(0, 1): {'latency': -0.37274611947061054}}}","{'node_level': {1: {'cpu': 0}, 0: {'cpu': 0}}, 'link_level': {(0, 1): {'bw': 0}}, 'path_level': {(0, 1): {'latency': 0}}}",[],0.0,0.0,True,True,False,0,[],0,0.0,2.0,1.0
91,32,11,3608.0,5913.0,1907838.6542709863,3097317.1446889522,0.6101809572129206,0.6159649028974657,19,146,0,1143.327917886995,40552,7365,33187,0.051024352531890194,0.04834685860121013,87,48.32791788699492,1095.0,2,1,False,{},{},{},{},0.0,0.0,0.0,0.0,0.0,0.0,0.0,0.0,0.0,0.0,0.0,0.0,0.0,0.0,Leave Event,0.0,"{'node_level': {}, 'link_level': {}, 'path_level': {}}","{'node_level': {}, 'link_level': {}, 'path_level': {}}","{'node_level': {}, 'link_level': {}, 'path_level': {}}",[],0.0,0.0,True,True,False,0,[],0,0.0,,
92,32,11,3608.0,5913.0,1907838.6542709863,3097317.1446889522,0.6101809572129206,0.6159649028974657,19,147,1,1155.0,40552,7365,33187,0.051024352531890194,0.04834685860121013,91,188.91499891815582,1155.0,10,19,False,"{4: 31, 2: 60, 8: 66, 0: 4, 6: 13, 1: 51, 7: 39, 5: 85, 3: 73, 9: 50}","{(0, 2): [(4, 22), (22, 60)], (0, 4): []}","{(4, 31): {'cpu': 17}, (2, 60): {'cpu': 9}, (8, 66): {'cpu': 20}, (0, 4): {'cpu': 6}, (6, 13): {'cpu': 6}, (1, 51): {'cpu': 13}, (7, 39): {'cpu': 13}, (5, 85): {'cpu': 9}, (3, 73): {'cpu': 4}, (9, 50): {'cpu': 10}}","{((0, 2), (4, 22)): {'bw': 46}, ((0, 2), (22, 60)): {'bw': 46}}",0.0,0.0,614.0,107.0,507.0,0.0,0.0,0.0,0.0,0.0,0.0,0.0,0.0,0.0,Route Failure,25.0,"{'node_level': {}, 'link_level': {}, 'path_level': {}}","{'node_level': {4: {'cpu': -27}, 2: {'cpu': -41}, 8: {'cpu': 0}, 0: {'cpu': -1}, 6: {'cpu': -60}, 1: {'cpu': -40}, 7: {'cpu': -72}, 5: {'cpu': -89}, 3: {'cpu': -67}, 9: {'cpu': -24}}, 'link_level': {(0, 2): {'bw': -28}, (0, 4): {'bw': 25}}, 'path_level': {(0, 2): {'latency': -6.22013006782473}, (0, 4): {'latency': 6.238745701187868}}}","{'node_level': {4: {'cpu': 0}, 2: {'cpu': 0}, 8: {'cpu': 0}, 0: {'cpu': 0}, 6: {'cpu': 0}, 1: {'cpu': 0}, 7: {'cpu': 0}, 5: {'cpu': 0}, 3: {'cpu': 0}, 9: {'cpu': 0}}, 'link_level': {(0, 2): {'bw': 0}, (0, 4): {'bw': 25}}, 'path_level': {(0, 2): {'latency': 0}, (0, 4): {'latency': 6.238745701187868}}}",[],0.0,0.0,True,False,False,0,[],0,0.0,10.0,2.0
93,32,11,3608.0,5913.0,1907838.6542709863,3097317.1446889522,0.6101809572129206,0.6159649028974657,19,148,1,1166.0,40552,7365,33187,0.051024352531890194,0.04834685860121013,92,163.76240999465827,1166.0,4,3,False,"{2: 31, 1: 60, 3: 66, 0: 13}","{(0, 3): []}","{(2, 31): {'cpu': 7}, (1, 60): {'cpu': 20}, (3, 66): {'cpu': 11}, (0, 13): {'cpu': 15}}",{},0.0,0.0,125.0,53.0,72.0,0.0,0.0,0.0,0.0,0.0,0.0,0.0,0.0,0.0,Route Failure,5.672481495670732,"{'node_level': {}, 'link_level': {}, 'path_level': {}}","{'node_level': {2: {'cpu': -37}, 1: {'cpu': -30}, 3: {'cpu': -9}, 0: {'cpu': -51}}, 'link_level': {(0, 3): {'bw': -34}}, 'path_level': {(0, 3): {'latency': 5.672481495670732}}}","{'node_level': {2: {'cpu': 0}, 1: {'cpu': 0}, 3: {'cpu': 0}, 0: {'cpu': 0}}, 'link_level': {(0, 3): {'bw': 0}}, 'path_level': {(0, 3): {'latency': 5.672481495670732}}}",[],0.0,0.0,True,False,False,0,[],0,0.0,4.0,1.0
94,32,11,3608.0,5913.0,1907838.6542709863,3097317.1446889522,0.6101809572129206,0.6159649028974657,19,149,1,1172.0,40552,7365,33187,0.051024352531890194,0.04834685860121013,93,281.77490228684775,1172.0,9,11,False,"{0: 31, 3: 60, 5: 66, 1: 13, 4: 51, 2: 39, 7: 85, 6: 73, 8: 50}","{(0, 4): []}","{(0, 31): {'cpu': 14}, (3, 60): {'cpu': 16}, (5, 66): {'cpu': 20}, (1, 13): {'cpu': 19}, (4, 51): {'cpu': 10}, (2, 39): {'cpu': 11}, (7, 85): {'cpu': 14}, (6, 73): {'cpu': 16}, (8, 50): {'cpu': 20}}",{},0.0,0.0,406.0,140.0,266.0,0.0,0.0,0.0,0.0,0.0,0.0,0.0,0.0,0.0,Route Failure,4.023331274874405,"{'node_level': {}, 'link_level': {}, 'path_level': {}}","{'node_level': {0: {'cpu': -30}, 3: {'cpu': -34}, 5: {'cpu': 0}, 1: {'cpu': -47}, 4: {'cpu': -43}, 2: {'cpu': -74}, 7: {'cpu': -84}, 6: {'cpu': -55}, 8: {'cpu': -14}}, 'link_level': {(0, 4): {'bw': 4}}, 'path_level': {(0, 4): {'latency': 4.023331274874405}}}","{'node_level': {0: {'cpu': 0}, 3: {'cpu': 0}, 5: {'cpu': 0}, 1: {'cpu': 0}, 4: {'cpu': 0}, 2: {'cpu': 0}, 7: {'cpu': 0}, 6: {'cpu': 0}, 8: {'cpu': 0}}, 'link_level': {(0, 4): {'bw': 4}}, 'path_level': {(0, 4): {'latency': 4.023331274874405}}}",[],0.0,0.0,True,False,False,0,[],0,0.0,9.0,1.0
94,32,10,3608.0,5913.0,1907838.6542709863,3097317.1446889522,0.6101809572129206,0.6159649028974657,19,150,0,1175.0040245228229,40625,7384,33241,0.048576214405360085,0.04679838270295067,71,272.00402452282293,903.0,2,1,False,{},{},{},{},0.0,0.0,0.0,0.0,0.0,0.0,0.0,0.0,0.0,0.0,0.0,0.0,0.0,0.0,Leave Event,0.0,"{'node_level': {}, 'link_level': {}, 'path_level': {}}","{'node_level': {}, 'link_level': {}, 'path_level': {}}","{'node_level': {}, 'link_level': {}, 'path_level': {}}",[],0.0,0.0,True,True,False,0,[],0,0.0,,
95,32,10,3608.0,5913.0,1907838.6542709863,3097317.1446889522,0.6101809572129206,0.6159649028974657,19,151,1,1180.0,40625,7384,33241,0.048576214405360085,0.04679838270295067,94,387.66312627113876,1180.0,4,3,False,"{3: 4, 0: 31, 2: 50, 1: 60}","{(0, 1): []}","{(3, 4): {'cpu': 5}, (0, 31): {'cpu': 1}, (2, 50): {'cpu': 10}, (1, 60): {'cpu': 17}}",{},0.0,0.0,107.0,33.0,74.0,0.0,0.0,0.0,0.0,0.0,0.0,0.0,0.0,0.0,Route Failure,6.29445912247303,"{'node_level': {}, 'link_level': {}, 'path_level': {}}","{'node_level': {3: {'cpu': -20}, 0: {'cpu': -43}, 2: {'cpu': -25}, 1: {'cpu': -33}}, 'link_level': {(0, 1): {'bw': -44}}, 'path_level': {(0, 1): {'latency': 6.29445912247303}}}","{'node_level': {3: {'cpu': 0}, 0: {'cpu': 0}, 2: {'cpu': 0}, 1: {'cpu': 0}}, 'link_level': {(0, 1): {'bw': 0}}, 'path_level': {(0, 1): {'latency': 6.29445912247303}}}",[],0.0,0.0,True,False,False,0,[],0,0.0,4.0,1.0
95,32,10,3608.0,5913.0,1907838.6542709863,3097317.1446889522,0.6101809572129206,0.6159649028974657,19,152,0,1188.9797235993424,40625,7384,33241,0.048576214405360085,0.04679838270295067,41,655.9797235993424,533.0,10,27,False,{},{},{},{},0.0,0.0,0.0,0.0,0.0,0.0,0.0,0.0,0.0,0.0,0.0,0.0,0.0,0.0,Leave Event,0.0,"{'node_level': {}, 'link_level': {}, 'path_level': {}}","{'node_level': {}, 'link_level': {}, 'path_level': {}}","{'node_level': {}, 'link_level': {}, 'path_level': {}}",[],0.0,0.0,True,True,False,0,[],0,0.0,,
95,32,10,3608.0,5913.0,1907838.6542709863,3097317.1446889522,0.6101809572129206,0.6159649028974657,19,153,0,1199.1980160529633,40625,7384,33241,0.048576214405360085,0.04679838270295067,77,229.19801605296342,970.0,10,22,False,{},{},{},{},0.0,0.0,0.0,0.0,0.0,0.0,0.0,0.0,0.0,0.0,0.0,0.0,0.0,0.0,Leave Event,0.0,"{'node_level': {}, 'link_level': {}, 'path_level': {}}","{'node_level': {}, 'link_level': {}, 'path_level': {}}","{'node_level': {}, 'link_level': {}, 'path_level': {}}",[],0.0,0.0,True,True,False,0,[],0,0.0,,
96,33,11,3657.0,5996.0,1910299.6020083688,3101485.688815539,0.6099066044029353,0.6159304906346076,19,154,1,1201.0,40542,7369,33173,0.05050895503156805,0.048748315315573665,95,50.22342321188576,1201.0,3,2,True,"{1: 4, 0: 31, 2: 50}","{(0, 1): [(31, 7), (7, 4)], (1, 2): [(4, 54), (54, 50)]}","{(1, 4): {'cpu': 4}, (0, 31): {'cpu': 10}, (2, 50): {'cpu': 1}}","{((0, 1), (31, 7)): {'bw': 23}, ((0, 1), (7, 4)): {'bw': 23}, ((1, 2), (4, 54)): {'bw': 11}, ((1, 2), (54, 50)): {'bw': 11}}",83.0,49.0,49.0,15.0,34.0,15.0,34.0,15.0,68.0,34.0,0.5903614457831325,4168.544126586518,2460.947737382402,29.649972739547014,Success,0.0,"{'node_level': {}, 'link_level': {}, 'path_level': {}}","{'node_level': {1: {'cpu': -21}, 0: {'cpu': -34}, 2: {'cpu': -34}}, 'link_level': {(0, 1): {'bw': -28}, (1, 2): {'bw': -50}}, 'path_level': {(0, 1): {'latency': -5.096162555210435}, (1, 2): {'latency': -0.19745532154350176}}}","{'node_level': {1: {'cpu': 0}, 0: {'cpu': 0}, 2: {'cpu': 0}}, 'link_level': {(0, 1): {'bw': 0}, (1, 2): {'bw': 0}}, 'path_level': {(0, 1): {'latency': 0}, (1, 2): {'latency': 0}}}",[],0.0,0.0,True,True,False,0,[],0,0.0,3.0,2.0
97,33,11,3657.0,5996.0,1910299.6020083688,3101485.688815539,0.6099066044029353,0.6159304906346076,19,155,1,1212.0,40542,7369,33173,0.05050895503156805,0.048748315315573665,96,906.733098550513,1212.0,5,6,False,"{2: 4, 4: 60, 3: 66, 0: 13, 1: 51}","{(0, 1): [(13, 1), (1, 8), (8, 51)], (0, 2): [(13, 1), (1, 22), (22, 4)], (1, 2): [(51, 0), (0, 4)], (1, 4): []}","{(2, 4): {'cpu': 1}, (4, 60): {'cpu': 13}, (3, 66): {'cpu': 11}, (0, 13): {'cpu': 16}, (1, 51): {'cpu': 5}}","{((0, 1), (13, 1)): {'bw': 12}, ((0, 1), (1, 8)): {'bw': 12}, ((0, 1), (8, 51)): {'bw': 12}, ((0, 2), (13, 1)): {'bw': 34}, ((0, 2), (1, 22)): {'bw': 34}, ((0, 2), (22, 4)): {'bw': 34}, ((1, 2), (51, 0)): {'bw': 32}, ((1, 2), (0, 4)): {'bw': 32}}",0.0,0.0,196.0,46.0,150.0,0.0,0.0,0.0,0.0,0.0,0.0,0.0,0.0,0.0,Route Failure,5.919469498449732,"{'node_level': {}, 'link_level': {}, 'path_level': {}}","{'node_level': {2: {'cpu': -20}, 4: {'cpu': -37}, 3: {'cpu': -9}, 0: {'cpu': -50}, 1: {'cpu': -48}}, 'link_level': {(0, 1): {'bw': -51}, (0, 2): {'bw': -17}, (1, 2): {'bw': -19}, (1, 4): {'bw': -57}}, 'path_level': {(0, 1): {'latency': -0.6978500602559015}, (0, 2): {'latency': -2.918000091377257}, (1, 2): {'latency': -9.344540707949173}, (1, 4): {'latency': 5.919469498449732}}}","{'node_level': {2: {'cpu': 0}, 4: {'cpu': 0}, 3: {'cpu': 0}, 0: {'cpu': 0}, 1: {'cpu': 0}}, 'link_level': {(0, 1): {'bw': 0}, (0, 2): {'bw': 0}, (1, 2): {'bw': 0}, (1, 4): {'bw': 0}}, 'path_level': {(0, 1): {'latency': 0}, (0, 2): {'latency': 0}, (1, 2): {'latency': 0}, (1, 4): {'latency': 5.919469498449732}}}",[],0.0,0.0,True,False,False,0,[],0,0.0,5.0,4.0
98,33,11,3657.0,5996.0,1910299.6020083688,3101485.688815539,0.6099066044029353,0.6159304906346076,19,156,1,1217.0,40542,7369,33173,0.05050895503156805,0.048748315315573665,97,382.57393229659357,1217.0,4,3,False,"{3: 4, 0: 60, 1: 66, 2: 13}","{(0, 2): []}","{(3, 4): {'cpu': 1}, (0, 60): {'cpu': 10}, (1, 66): {'cpu': 18}, (2, 13): {'cpu': 12}}",{},0.0,0.0,122.0,41.0,81.0,0.0,0.0,0.0,0.0,0.0,0.0,0.0,0.0,0.0,Route Failure,7.4374132741808445,"{'node_level': {}, 'link_level': {}, 'path_level': {}}","{'node_level': {3: {'cpu': -20}, 0: {'cpu': -40}, 1: {'cpu': -2}, 2: {'cpu': -54}}, 'link_level': {(0, 2): {'bw': -42}}, 'path_level': {(0, 2): {'latency': 7.4374132741808445}}}","{'node_level': {3: {'cpu': 0}, 0: {'cpu': 0}, 1: {'cpu': 0}, 2: {'cpu': 0}}, 'link_level': {(0, 2): {'bw': 0}}, 'path_level': {(0, 2): {'latency': 7.4374132741808445}}}",[],0.0,0.0,True,False,False,0,[],0,0.0,4.0,1.0
98,33,11,3657.0,5996.0,1910299.6020083688,3101485.688815539,0.6099066044029353,0.6159304906346076,19,157,0,1224.1718285952152,40542,7369,33173,0.05050895503156805,0.048748315315573665,84,169.1718285952152,1055.0,9,17,False,{},{},{},{},0.0,0.0,0.0,0.0,0.0,0.0,0.0,0.0,0.0,0.0,0.0,0.0,0.0,0.0,Leave Event,0.0,"{'node_level': {}, 'link_level': {}, 'path_level': {}}","{'node_level': {}, 'link_level': {}, 'path_level': {}}","{'node_level': {}, 'link_level': {}, 'path_level': {}}",[],0.0,0.0,True,True,False,0,[],0,0.0,,
99,33,11,3657.0,5996.0,1910299.6020083688,3101485.688815539,0.6099066044029353,0.6159304906346076,19,158,1,1232.0,40542,7369,33173,0.05050895503156805,0.048748315315573665,98,745.7559213725051,1232.0,6,6,False,"{3: 4, 5: 60, 4: 66, 2: 13, 0: 51, 1: 50}","{(0, 3): [(51, 0), (0, 4)], (1, 4): []}","{(3, 4): {'cpu': 3}, (5, 60): {'cpu': 5}, (4, 66): {'cpu': 20}, (2, 13): {'cpu': 8}, (0, 51): {'cpu': 12}, (1, 50): {'cpu': 19}}","{((0, 3), (51, 0)): {'bw': 26}, ((0, 3), (0, 4)): {'bw': 26}}",0.0,0.0,184.0,67.0,117.0,0.0,0.0,0.0,0.0,0.0,0.0,0.0,0.0,0.0,Route Failure,2.9961930332850457,"{'node_level': {}, 'link_level': {}, 'path_level': {}}","{'node_level': {3: {'cpu': -18}, 5: {'cpu': -45}, 4: {'cpu': 0}, 2: {'cpu': -58}, 0: {'cpu': -41}, 1: {'cpu': -15}}, 'link_level': {(0, 3): {'bw': -25}, (1, 4): {'bw': -72}}, 'path_level': {(0, 3): {'latency': -0.03111694434247214}, (1, 4): {'latency': 2.9961930332850457}}}","{'node_level': {3: {'cpu': 0}, 5: {'cpu': 0}, 4: {'cpu': 0}, 2: {'cpu': 0}, 0: {'cpu': 0}, 1: {'cpu': 0}}, 'link_level': {(0, 3): {'bw': 0}, (1, 4): {'bw': 0}}, 'path_level': {(0, 3): {'latency': 0}, (1, 4): {'latency': 2.9961930332850457}}}",[],0.0,0.0,True,False,False,0,[],0,0.0,6.0,2.0
99,33,11,3657.0,5996.0,1910299.6020083688,3101485.688815539,0.6099066044029353,0.6159304906346076,19,159,0,1233.6409052393396,40542,7369,33173,0.05050895503156805,0.048748315315573665,88,121.64090523933967,1112.0,6,9,False,{},{},{},{},0.0,0.0,0.0,0.0,0.0,0.0,0.0,0.0,0.0,0.0,0.0,0.0,0.0,0.0,Leave Event,0.0,"{'node_level': {}, 'link_level': {}, 'path_level': {}}","{'node_level': {}, 'link_level': {}, 'path_level': {}}","{'node_level': {}, 'link_level': {}, 'path_level': {}}",[],0.0,0.0,True,True,False,0,[],0,0.0,,
100,33,11,3657.0,5996.0,1910299.6020083688,3101485.688815539,0.6099066044029353,0.6159304906346076,19,160,1,1243.0,40542,7369,33173,0.05050895503156805,0.048748315315573665,99,131.2257067570419,1243.0,3,2,False,"{0: 4, 1: 60, 2: 66}","{(0, 1): [(4, 22), (22, 60)], (0, 2): []}","{(0, 4): {'cpu': 5}, (1, 60): {'cpu': 18}, (2, 66): {'cpu': 17}}","{((0, 1), (4, 22)): {'bw': 29}, ((0, 1), (22, 60)): {'bw': 29}}",0.0,0.0,93.0,40.0,53.0,0.0,0.0,0.0,0.0,0.0,0.0,0.0,0.0,0.0,Route Failure,5.283362272034592,"{'node_level': {}, 'link_level': {}, 'path_level': {}}","{'node_level': {0: {'cpu': -16}, 1: {'cpu': -32}, 2: {'cpu': -3}}, 'link_level': {(0, 1): {'bw': -45}, (0, 2): {'bw': -27}}, 'path_level': {(0, 1): {'latency': -4.457344823175955}, (0, 2): {'latency': 5.283362272034592}}}","{'node_level': {0: {'cpu': 0}, 1: {'cpu': 0}, 2: {'cpu': 0}}, 'link_level': {(0, 1): {'bw': 0}, (0, 2): {'bw': 0}}, 'path_level': {(0, 1): {'latency': 0}, (0, 2): {'latency': 5.283362272034592}}}",[],0.0,0.0,True,False,False,0,[],0,0.0,3.0,2.0
100,33,11,3657.0,5996.0,1910299.6020083688,3101485.688815539,0.6099066044029353,0.6159304906346076,19,161,0,1246.8085797489205,40542,7369,33173,0.05050895503156805,0.048748315315573665,24,951.8085797489205,295.0,9,22,False,{},{},{},{},0.0,0.0,0.0,0.0,0.0,0.0,0.0,0.0,0.0,0.0,0.0,0.0,0.0,0.0,Leave Event,0.0,"{'node_level': {}, 'link_level': {}, 'path_level': {}}","{'node_level': {}, 'link_level': {}, 'path_level': {}}","{'node_level': {}, 'link_level': {}, 'path_level': {}}",[],0.0,0.0,True,True,False,0,[],0,0.0,,
100,33,10,3657.0,5996.0,1910299.6020083688,3101485.688815539,0.6099066044029353,0.6159304906346076,19,162,0,1251.2234232118858,40625,7384,33241,0.048576214405360085,0.04679838270295067,95,50.22342321188576,1201.0,3,2,False,{},{},{},{},0.0,0.0,0.0,0.0,0.0,0.0,0.0,0.0,0.0,0.0,0.0,0.0,0.0,0.0,Leave Event,0.0,"{'node_level': {}, 'link_level': {}, 'path_level': {}}","{'node_level': {}, 'link_level': {}, 'path_level': {}}","{'node_level': {}, 'link_level': {}, 'path_level': {}}",[],0.0,0.0,True,True,False,0,[],0,0.0,,
100,33,10,3657.0,5996.0,1910299.6020083688,3101485.688815539,0.6099066044029353,0.6159304906346076,19,163,0,1310.7912426370249,40625,7384,33241,0.048576214405360085,0.04679838270295067,56,588.791242637025,722.0,4,3,False,{},{},{},{},0.0,0.0,0.0,0.0,0.0,0.0,0.0,0.0,0.0,0.0,0.0,0.0,0.0,0.0,Leave Event,0.0,"{'node_level': {}, 'link_level': {}, 'path_level': {}}","{'node_level': {}, 'link_level': {}, 'path_level': {}}","{'node_level': {}, 'link_level': {}, 'path_level': {}}",[],0.0,0.0,True,True,False,0,[],0,0.0,,
100,33,10,3657.0,5996.0,1910299.6020083688,3101485.688815539,0.6099066044029353,0.6159304906346076,19,164,0,1329.7624099946584,40625,7384,33241,0.048576214405360085,0.04679838270295067,92,163.76240999465827,1166.0,4,3,False,{},{},{},{},0.0,0.0,0.0,0.0,0.0,0.0,0.0,0.0,0.0,0.0,0.0,0.0,0.0,0.0,Leave Event,0.0,"{'node_level': {}, 'link_level': {}, 'path_level': {}}","{'node_level': {}, 'link_level': {}, 'path_level': {}}","{'node_level': {}, 'link_level': {}, 'path_level': {}}",[],0.0,0.0,True,True,False,0,[],0,0.0,,
100,33,10,3657.0,5996.0,1910299.6020083688,3101485.688815539,0.6099066044029353,0.6159304906346076,19,165,0,1343.9149989181558,40625,7384,33241,0.048576214405360085,0.04679838270295067,91,188.91499891815582,1155.0,10,19,False,{},{},{},{},0.0,0.0,0.0,0.0,0.0,0.0,0.0,0.0,0.0,0.0,0.0,0.0,0.0,0.0,Leave Event,0.0,"{'node_level': {}, 'link_level': {}, 'path_level': {}}","{'node_level': {}, 'link_level': {}, 'path_level': {}}","{'node_level': {}, 'link_level': {}, 'path_level': {}}",[],0.0,0.0,True,True,False,0,[],0,0.0,,
100,33,10,3657.0,5996.0,1910299.6020083688,3101485.688815539,0.6099066044029353,0.6159304906346076,19,166,0,1374.225706757042,40625,7384,33241,0.048576214405360085,0.04679838270295067,99,131.2257067570419,1243.0,3,2,False,{},{},{},{},0.0,0.0,0.0,0.0,0.0,0.0,0.0,0.0,0.0,0.0,0.0,0.0,0.0,0.0,Leave Event,0.0,"{'node_level': {}, 'link_level': {}, 'path_level': {}}","{'node_level': {}, 'link_level': {}, 'path_level': {}}","{'node_level': {}, 'link_level': {}, 'path_level': {}}",[],0.0,0.0,True,True,False,0,[],0,0.0,,
100,33,10,3657.0,5996.0,1910299.6020083688,3101485.688815539,0.6099066044029353,0.6159304906346076,19,167,0,1375.3700187399395,40625,7384,33241,0.048576214405360085,0.04679838270295067,83,329.3700187399394,1046.0,10,18,False,{},{},{},{},0.0,0.0,0.0,0.0,0.0,0.0,0.0,0.0,0.0,0.0,0.0,0.0,0.0,0.0,Leave Event,0.0,"{'node_level': {}, 'link_level': {}, 'path_level': {}}","{'node_level': {}, 'link_level': {}, 'path_level': {}}","{'node_level': {}, 'link_level': {}, 'path_level': {}}",[],0.0,0.0,True,True,False,0,[],0,0.0,,
100,33,10,3657.0,5996.0,1910299.6020083688,3101485.688815539,0.6099066044029353,0.6159304906346076,19,168,0,1409.560215560672,40625,7384,33241,0.048576214405360085,0.04679838270295067,15,1226.560215560672,183.0,8,12,False,{},{},{},{},0.0,0.0,0.0,0.0,0.0,0.0,0.0,0.0,0.0,0.0,0.0,0.0,0.0,0.0,Leave Event,0.0,"{'node_level': {}, 'link_level': {}, 'path_level': {}}","{'node_level': {}, 'link_level': {}, 'path_level': {}}","{'node_level': {}, 'link_level': {}, 'path_level': {}}",[],0.0,0.0,True,True,False,0,[],0,0.0,,
100,33,9,3657.0,5996.0,1910299.6020083688,3101485.688815539,0.6099066044029353,0.6159304906346076,19,169,0,1410.6618123881592,40852,7427,33425,0.043035691276897325,0.04152209445702981,64,593.6618123881592,817.0,3,2,False,{},{},{},{},0.0,0.0,0.0,0.0,0.0,0.0,0.0,0.0,0.0,0.0,0.0,0.0,0.0,0.0,Leave Event,0.0,"{'node_level': {}, 'link_level': {}, 'path_level': {}}","{'node_level': {}, 'link_level': {}, 'path_level': {}}","{'node_level': {}, 'link_level': {}, 'path_level': {}}",[],0.0,0.0,True,True,False,0,[],0,0.0,,
100,33,9,3657.0,5996.0,1910299.6020083688,3101485.688815539,0.6099066044029353,0.6159304906346076,19,170,0,1413.7725652947581,40852,7427,33425,0.043035691276897325,0.04152209445702981,8,1306.7725652947581,107.0,9,21,False,{},{},{},{},0.0,0.0,0.0,0.0,0.0,0.0,0.0,0.0,0.0,0.0,0.0,0.0,0.0,0.0,Leave Event,0.0,"{'node_level': {}, 'link_level': {}, 'path_level': {}}","{'node_level': {}, 'link_level': {}, 'path_level': {}}","{'node_level': {}, 'link_level': {}, 'path_level': {}}",[],0.0,0.0,True,True,False,0,[],0,0.0,,
100,33,9,3657.0,5996.0,1910299.6020083688,3101485.688815539,0.6099066044029353,0.6159304906346076,19,171,0,1453.7749022868477,40852,7427,33425,0.043035691276897325,0.04152209445702981,93,281.77490228684775,1172.0,9,11,False,{},{},{},{},0.0,0.0,0.0,0.0,0.0,0.0,0.0,0.0,0.0,0.0,0.0,0.0,0.0,0.0,Leave Event,0.0,"{'node_level': {}, 'link_level': {}, 'path_level': {}}","{'node_level': {}, 'link_level': {}, 'path_level': {}}","{'node_level': {}, 'link_level': {}, 'path_level': {}}",[],0.0,0.0,True,True,False,0,[],0,0.0,,
100,33,8,3657.0,5996.0,1910299.6020083688,3101485.688815539,0.6099066044029353,0.6159304906346076,19,172,0,1476.6227196683747,41045,7464,33581,0.03826826439891762,0.037048719639836025,62,675.6227196683747,801.0,3,2,False,{},{},{},{},0.0,0.0,0.0,0.0,0.0,0.0,0.0,0.0,0.0,0.0,0.0,0.0,0.0,0.0,Leave Event,0.0,"{'node_level': {}, 'link_level': {}, 'path_level': {}}","{'node_level': {}, 'link_level': {}, 'path_level': {}}","{'node_level': {}, 'link_level': {}, 'path_level': {}}",[],0.0,0.0,True,True,False,0,[],0,0.0,,
100,33,8,3657.0,5996.0,1910299.6020083688,3101485.688815539,0.6099066044029353,0.6159304906346076,19,173,0,1490.4203520108981,41045,7464,33581,0.03826826439891762,0.037048719639836025,66,649.4203520108981,841.0,4,4,False,{},{},{},{},0.0,0.0,0.0,0.0,0.0,0.0,0.0,0.0,0.0,0.0,0.0,0.0,0.0,0.0,Leave Event,0.0,"{'node_level': {}, 'link_level': {}, 'path_level': {}}","{'node_level': {}, 'link_level': {}, 'path_level': {}}","{'node_level': {}, 'link_level': {}, 'path_level': {}}",[],0.0,0.0,True,True,False,0,[],0,0.0,,
100,33,8,3657.0,5996.0,1910299.6020083688,3101485.688815539,0.6099066044029353,0.6159304906346076,19,174,0,1511.5738438150347,41045,7464,33581,0.03826826439891762,0.037048719639836025,68,648.5738438150346,863.0,10,18,False,{},{},{},{},0.0,0.0,0.0,0.0,0.0,0.0,0.0,0.0,0.0,0.0,0.0,0.0,0.0,0.0,Leave Event,0.0,"{'node_level': {}, 'link_level': {}, 'path_level': {}}","{'node_level': {}, 'link_level': {}, 'path_level': {}}","{'node_level': {}, 'link_level': {}, 'path_level': {}}",[],0.0,0.0,True,True,False,0,[],0,0.0,,
100,33,8,3657.0,5996.0,1910299.6020083688,3101485.688815539,0.6099066044029353,0.6159304906346076,19,175,0,1561.6356604354908,41045,7464,33581,0.03826826439891762,0.037048719639836025,35,1114.6356604354908,447.0,2,1,False,{},{},{},{},0.0,0.0,0.0,0.0,0.0,0.0,0.0,0.0,0.0,0.0,0.0,0.0,0.0,0.0,Leave Event,0.0,"{'node_level': {}, 'link_level': {}, 'path_level': {}}","{'node_level': {}, 'link_level': {}, 'path_level': {}}","{'node_level': {}, 'link_level': {}, 'path_level': {}}",[],0.0,0.0,True,True,False,0,[],0,0.0,,
100,33,8,3657.0,5996.0,1910299.6020083688,3101485.688815539,0.6099066044029353,0.6159304906346076,19,176,0,1562.332862724567,41045,7464,33581,0.03826826439891762,0.037048719639836025,3,1519.332862724567,43.0,10,27,False,{},{},{},{},0.0,0.0,0.0,0.0,0.0,0.0,0.0,0.0,0.0,0.0,0.0,0.0,0.0,0.0,Leave Event,0.0,"{'node_level': {}, 'link_level': {}, 'path_level': {}}","{'node_level': {}, 'link_level': {}, 'path_level': {}}","{'node_level': {}, 'link_level': {}, 'path_level': {}}",[],0.0,0.0,True,True,False,0,[],0,0.0,,
100,33,8,3657.0,5996.0,1910299.6020083688,3101485.688815539,0.6099066044029353,0.6159304906346076,19,177,0,1567.6631262711387,41045,7464,33581,0.03826826439891762,0.037048719639836025,94,387.66312627113876,1180.0,4,3,False,{},{},{},{},0.0,0.0,0.0,0.0,0.0,0.0,0.0,0.0,0.0,0.0,0.0,0.0,0.0,0.0,Leave Event,0.0,"{'node_level': {}, 'link_level': {}, 'path_level': {}}","{'node_level': {}, 'link_level': {}, 'path_level': {}}","{'node_level': {}, 'link_level': {}, 'path_level': {}}",[],0.0,0.0,True,True,False,0,[],0,0.0,,
100,33,7,3657.0,5996.0,1910299.6020083688,3101485.688815539,0.6099066044029353,0.6159304906346076,19,178,0,1583.423060180105,41167,7488,33679,0.035175879396984966,0.03423852263929117,53,908.4230601801049,675.0,2,1,False,{},{},{},{},0.0,0.0,0.0,0.0,0.0,0.0,0.0,0.0,0.0,0.0,0.0,0.0,0.0,0.0,Leave Event,0.0,"{'node_level': {}, 'link_level': {}, 'path_level': {}}","{'node_level': {}, 'link_level': {}, 'path_level': {}}","{'node_level': {}, 'link_level': {}, 'path_level': {}}",[],0.0,0.0,True,True,False,0,[],0,0.0,,
100,33,7,3657.0,5996.0,1910299.6020083688,3101485.688815539,0.6099066044029353,0.6159304906346076,19,179,0,1599.5739322965935,41167,7488,33679,0.035175879396984966,0.03423852263929117,97,382.57393229659357,1217.0,4,3,False,{},{},{},{},0.0,0.0,0.0,0.0,0.0,0.0,0.0,0.0,0.0,0.0,0.0,0.0,0.0,0.0,Leave Event,0.0,"{'node_level': {}, 'link_level': {}, 'path_level': {}}","{'node_level': {}, 'link_level': {}, 'path_level': {}}","{'node_level': {}, 'link_level': {}, 'path_level': {}}",[],0.0,0.0,True,True,False,0,[],0,0.0,,
100,33,7,3657.0,5996.0,1910299.6020083688,3101485.688815539,0.6099066044029353,0.6159304906346076,19,180,0,1636.006989380749,41167,7488,33679,0.035175879396984966,0.03423852263929117,82,600.0069893807491,1036.0,9,22,False,{},{},{},{},0.0,0.0,0.0,0.0,0.0,0.0,0.0,0.0,0.0,0.0,0.0,0.0,0.0,0.0,Leave Event,0.0,"{'node_level': {}, 'link_level': {}, 'path_level': {}}","{'node_level': {}, 'link_level': {}, 'path_level': {}}","{'node_level': {}, 'link_level': {}, 'path_level': {}}",[],0.0,0.0,True,True,False,0,[],0,0.0,,
100,33,7,3657.0,5996.0,1910299.6020083688,3101485.688815539,0.6099066044029353,0.6159304906346076,19,181,0,1665.102744440631,41167,7488,33679,0.035175879396984966,0.03423852263929117,28,1315.102744440631,350.0,7,11,False,{},{},{},{},0.0,0.0,0.0,0.0,0.0,0.0,0.0,0.0,0.0,0.0,0.0,0.0,0.0,0.0,Leave Event,0.0,"{'node_level': {}, 'link_level': {}, 'path_level': {}}","{'node_level': {}, 'link_level': {}, 'path_level': {}}","{'node_level': {}, 'link_level': {}, 'path_level': {}}",[],0.0,0.0,True,True,False,0,[],0,0.0,,
100,33,7,3657.0,5996.0,1910299.6020083688,3101485.688815539,0.6099066044029353,0.6159304906346076,19,182,0,1747.1364351814047,41167,7488,33679,0.035175879396984966,0.03423852263929117,75,802.1364351814047,945.0,3,2,False,{},{},{},{},0.0,0.0,0.0,0.0,0.0,0.0,0.0,0.0,0.0,0.0,0.0,0.0,0.0,0.0,Leave Event,0.0,"{'node_level': {}, 'link_level': {}, 'path_level': {}}","{'node_level': {}, 'link_level': {}, 'path_level': {}}","{'node_level': {}, 'link_level': {}, 'path_level': {}}",[],0.0,0.0,True,True,False,0,[],0,0.0,,
100,33,6,3657.0,5996.0,1910299.6020083688,3101485.688815539,0.6099066044029353,0.6159304906346076,19,183,0,1757.7468393821778,41468,7543,33925,0.02808916376755577,0.02718435465833169,65,920.7468393821777,837.0,4,5,False,{},{},{},{},0.0,0.0,0.0,0.0,0.0,0.0,0.0,0.0,0.0,0.0,0.0,0.0,0.0,0.0,Leave Event,0.0,"{'node_level': {}, 'link_level': {}, 'path_level': {}}","{'node_level': {}, 'link_level': {}, 'path_level': {}}","{'node_level': {}, 'link_level': {}, 'path_level': {}}",[],0.0,0.0,True,True,False,0,[],0,0.0,,
100,33,6,3657.0,5996.0,1910299.6020083688,3101485.688815539,0.6099066044029353,0.6159304906346076,19,184,0,1775.9903513709512,41468,7543,33925,0.02808916376755577,0.02718435465833169,60,997.9903513709512,778.0,7,9,False,{},{},{},{},0.0,0.0,0.0,0.0,0.0,0.0,0.0,0.0,0.0,0.0,0.0,0.0,0.0,0.0,Leave Event,0.0,"{'node_level': {}, 'link_level': {}, 'path_level': {}}","{'node_level': {}, 'link_level': {}, 'path_level': {}}","{'node_level': {}, 'link_level': {}, 'path_level': {}}",[],0.0,0.0,True,True,False,0,[],0,0.0,,
100,33,6,3657.0,5996.0,1910299.6020083688,3101485.688815539,0.6099066044029353,0.6159304906346076,19,185,0,1866.620715357564,41468,7543,33925,0.02808916376755577,0.02718435465833169,57,1129.620715357564,737.0,4,4,False,{},{},{},{},0.0,0.0,0.0,0.0,0.0,0.0,0.0,0.0,0.0,0.0,0.0,0.0,0.0,0.0,Leave Event,0.0,"{'node_level': {}, 'link_level': {}, 'path_level': {}}","{'node_level': {}, 'link_level': {}, 'path_level': {}}","{'node_level': {}, 'link_level': {}, 'path_level': {}}",[],0.0,0.0,True,True,False,0,[],0,0.0,,
100,33,5,3657.0,5996.0,1910299.6020083688,3101485.688815539,0.6099066044029353,0.6159304906346076,19,186,0,1892.7317269903624,41498,7567,33931,0.024996778765623007,0.027012301780747316,80,879.7317269903625,1013.0,2,1,False,{},{},{},{},0.0,0.0,0.0,0.0,0.0,0.0,0.0,0.0,0.0,0.0,0.0,0.0,0.0,0.0,Leave Event,0.0,"{'node_level': {}, 'link_level': {}, 'path_level': {}}","{'node_level': {}, 'link_level': {}, 'path_level': {}}","{'node_level': {}, 'link_level': {}, 'path_level': {}}",[],0.0,0.0,True,True,False,0,[],0,0.0,,
100,33,5,3657.0,5996.0,1910299.6020083688,3101485.688815539,0.6099066044029353,0.6159304906346076,19,187,0,1960.6481525404379,41498,7567,33931,0.024996778765623007,0.027012301780747316,72,1048.6481525404379,912.0,6,8,False,{},{},{},{},0.0,0.0,0.0,0.0,0.0,0.0,0.0,0.0,0.0,0.0,0.0,0.0,0.0,0.0,Leave Event,0.0,"{'node_level': {}, 'link_level': {}, 'path_level': {}}","{'node_level': {}, 'link_level': {}, 'path_level': {}}","{'node_level': {}, 'link_level': {}, 'path_level': {}}",[],0.0,0.0,True,True,False,0,[],0,0.0,,
100,33,5,3657.0,5996.0,1910299.6020083688,3101485.688815539,0.6099066044029353,0.6159304906346076,19,188,0,1964.9445206083342,41498,7567,33931,0.024996778765623007,0.027012301780747316,85,896.9445206083341,1068.0,6,10,False,{},{},{},{},0.0,0.0,0.0,0.0,0.0,0.0,0.0,0.0,0.0,0.0,0.0,0.0,0.0,0.0,Leave Event,0.0,"{'node_level': {}, 'link_level': {}, 'path_level': {}}","{'node_level': {}, 'link_level': {}, 'path_level': {}}","{'node_level': {}, 'link_level': {}, 'path_level': {}}",[],0.0,0.0,True,True,False,0,[],0,0.0,,
100,33,5,3657.0,5996.0,1910299.6020083688,3101485.688815539,0.6099066044029353,0.6159304906346076,19,189,0,1977.755921372505,41498,7567,33931,0.024996778765623007,0.027012301780747316,98,745.7559213725051,1232.0,6,6,False,{},{},{},{},0.0,0.0,0.0,0.0,0.0,0.0,0.0,0.0,0.0,0.0,0.0,0.0,0.0,0.0,Leave Event,0.0,"{'node_level': {}, 'link_level': {}, 'path_level': {}}","{'node_level': {}, 'link_level': {}, 'path_level': {}}","{'node_level': {}, 'link_level': {}, 'path_level': {}}",[],0.0,0.0,True,True,False,0,[],0,0.0,,
100,33,4,3657.0,5996.0,1910299.6020083688,3101485.688815539,0.6099066044029353,0.6159304906346076,19,190,0,1991.651998017522,42160,7640,34520,0.01559077438474421,0.010122444297880895,74,1060.651998017522,931.0,7,13,False,{},{},{},{},0.0,0.0,0.0,0.0,0.0,0.0,0.0,0.0,0.0,0.0,0.0,0.0,0.0,0.0,Leave Event,0.0,"{'node_level': {}, 'link_level': {}, 'path_level': {}}","{'node_level': {}, 'link_level': {}, 'path_level': {}}","{'node_level': {}, 'link_level': {}, 'path_level': {}}",[],0.0,0.0,True,True,False,0,[],0,0.0,,
100,33,4,3657.0,5996.0,1910299.6020083688,3101485.688815539,0.6099066044029353,0.6159304906346076,19,191,0,2022.1851145849794,42160,7640,34520,0.01559077438474421,0.010122444297880895,89,891.1851145849794,1131.0,5,6,False,{},{},{},{},0.0,0.0,0.0,0.0,0.0,0.0,0.0,0.0,0.0,0.0,0.0,0.0,0.0,0.0,Leave Event,0.0,"{'node_level': {}, 'link_level': {}, 'path_level': {}}","{'node_level': {}, 'link_level': {}, 'path_level': {}}","{'node_level': {}, 'link_level': {}, 'path_level': {}}",[],0.0,0.0,True,True,False,0,[],0,0.0,,
100,33,4,3657.0,5996.0,1910299.6020083688,3101485.688815539,0.6099066044029353,0.6159304906346076,19,192,0,2076.534971273615,42160,7640,34520,0.01559077438474421,0.010122444297880895,23,1789.5349712736154,287.0,10,34,False,{},{},{},{},0.0,0.0,0.0,0.0,0.0,0.0,0.0,0.0,0.0,0.0,0.0,0.0,0.0,0.0,Leave Event,0.0,"{'node_level': {}, 'link_level': {}, 'path_level': {}}","{'node_level': {}, 'link_level': {}, 'path_level': {}}","{'node_level': {}, 'link_level': {}, 'path_level': {}}",[],0.0,0.0,True,True,False,0,[],0,0.0,,
100,33,3,3657.0,5996.0,1910299.6020083688,3101485.688815539,0.6099066044029353,0.6159304906346076,19,193,0,2083.938041170627,42250,7646,34604,0.014817678134261048,0.007713704011699574,90,942.9380411706272,1141.0,2,1,False,{},{},{},{},0.0,0.0,0.0,0.0,0.0,0.0,0.0,0.0,0.0,0.0,0.0,0.0,0.0,0.0,Leave Event,0.0,"{'node_level': {}, 'link_level': {}, 'path_level': {}}","{'node_level': {}, 'link_level': {}, 'path_level': {}}","{'node_level': {}, 'link_level': {}, 'path_level': {}}",[],0.0,0.0,True,True,False,0,[],0,0.0,,
100,33,2,3657.0,5996.0,1910299.6020083688,3101485.688815539,0.6099066044029353,0.6159304906346076,19,194,0,2111.564204364711,42312,7683,34629,0.01005025125628145,0.00699681702176469,86,1028.5642043647108,1083.0,2,1,False,{},{},{},{},0.0,0.0,0.0,0.0,0.0,0.0,0.0,0.0,0.0,0.0,0.0,0.0,0.0,0.0,Leave Event,0.0,"{'node_level': {}, 'link_level': {}, 'path_level': {}}","{'node_level': {}, 'link_level': {}, 'path_level': {}}","{'node_level': {}, 'link_level': {}, 'path_level': {}}",[],0.0,0.0,True,True,False,0,[],0,0.0,,
100,33,2,3657.0,5996.0,1910299.6020083688,3101485.688815539,0.6099066044029353,0.6159304906346076,19,195,0,2118.733098550513,42312,7683,34629,0.01005025125628145,0.00699681702176469,96,906.733098550513,1212.0,5,6,False,{},{},{},{},0.0,0.0,0.0,0.0,0.0,0.0,0.0,0.0,0.0,0.0,0.0,0.0,0.0,0.0,Leave Event,0.0,"{'node_level': {}, 'link_level': {}, 'path_level': {}}","{'node_level': {}, 'link_level': {}, 'path_level': {}}","{'node_level': {}, 'link_level': {}, 'path_level': {}}",[],0.0,0.0,True,True,False,0,[],0,0.0,,
100,33,2,3657.0,5996.0,1910299.6020083688,3101485.688815539,0.6099066044029353,0.6159304906346076,19,196,0,2158.917177280644,42312,7683,34629,0.01005025125628145,0.00699681702176469,46,1566.917177280644,592.0,3,2,False,{},{},{},{},0.0,0.0,0.0,0.0,0.0,0.0,0.0,0.0,0.0,0.0,0.0,0.0,0.0,0.0,Leave Event,0.0,"{'node_level': {}, 'link_level': {}, 'path_level': {}}","{'node_level': {}, 'link_level': {}, 'path_level': {}}","{'node_level': {}, 'link_level': {}, 'path_level': {}}",[],0.0,0.0,True,True,False,0,[],0,0.0,,
100,33,1,3657.0,5996.0,1910299.6020083688,3101485.688815539,0.6099066044029353,0.6159304906346076,19,197,0,2263.7910848435113,42495,7724,34771,0.004767426877979597,0.0029248989189344377,51,1605.7910848435115,658.0,5,4,False,{},{},{},{},0.0,0.0,0.0,0.0,0.0,0.0,0.0,0.0,0.0,0.0,0.0,0.0,0.0,0.0,Leave Event,0.0,"{'node_level': {}, 'link_level': {}, 'path_level': {}}","{'node_level': {}, 'link_level': {}, 'path_level': {}}","{'node_level': {}, 'link_level': {}, 'path_level': {}}",[],0.0,0.0,True,True,False,0,[],0,0.0,,
100,33,0,3657.0,5996.0,1910299.6020083688,3101485.688815539,0.6099066044029353,0.6159304906346076,19,198,0,2704.4735435764487,42634,7761,34873,0.0,0.0,81,1679.4735435764487,1025.0,3,2,False,{},{},{},{},0.0,0.0,0.0,0.0,0.0,0.0,0.0,0.0,0.0,0.0,0.0,0.0,0.0,0.0,Leave Event,0.0,"{'node_level': {}, 'link_level': {}, 'path_level': {}}","{'node_level': {}, 'link_level': {}, 'path_level': {}}","{'node_level': {}, 'link_level': {}, 'path_level': {}}",[],0.0,0.0,True,True,False,0,[],0,0.0,,
100,33,0,3657.0,5996.0,1910299.6020083688,3101485.688815539,0.6099066044029353,0.6159304906346076,19,199,0,2736.111015452614,42634,7761,34873,0.0,0.0,76,1781.1110154526139,955.0,10,24,False,{},{},{},{},0.0,0.0,0.0,0.0,0.0,0.0,0.0,0.0,0.0,0.0,0.0,0.0,0.0,0.0,Leave Event,0.0,"{'node_level': {}, 'link_level': {}, 'path_level': {}}","{'node_level': {}, 'link_level': {}, 'path_level': {}}","{'node_level': {}, 'link_level': {}, 'path_level': {}}",[],0.0,0.0,True,True,False,0,[],0,0.0,,
