v_net_count,success_count,inservice_count,total_revenue,total_cost,total_time_revenue,total_time_cost,long_term_r2c_ratio,long_term_time_r2c_ratio,num_running_p_net_nodes,event_id,event_type,event_time,p_net_available_resource,p_net_node_available_resource,p_net_link_available_resource,p_net_node_resource_utilization,p_net_link_resource_utilization,v_net_id,v_net_lifetime,v_net_arrival_time,v_net_num_nodes,v_net_num_egdes,result,node_slots,link_paths,node_slots_info,link_paths_info,v_net_cost,v_net_revenue,v_net_demand,v_net_node_demand,v_net_link_demand,v_net_node_revenue,v_net_link_revenue,v_net_node_cost,v_net_link_cost,v_net_path_cost,v_net_r2c_ratio,v_net_time_cost,v_net_time_revenue,v_net_time_rc_ratio,description,v_net_total_hard_constraint_violation,v_net_single_step_constraint_offset,v_net_constraint_offsets,v_net_constraint_violations,v_net_single_step_violation_list,v_net_single_step_hard_constraint_offset,v_net_max_single_step_hard_constraint_violation,place_result,route_result,early_rejection,revoke_times,selected_actions,num_interactions,v_net_reward,rdma_mode,fallback_count,rdma_link_count,num_placed_nodes,num_routed_links
1,1,1,255.0,397.0,148776.37322144362,231624.39281926714,0.6423173803526449,0.6423173803526447,7,0,1,16.0,46452.0,7177,39275.0,0.010478422721632463,0.008106879482775997,0,583.4367577311515,16.0,7,8,True,"{0: np.int64(18), 4: np.int64(60), 3: np.int64(1), 1: np.int64(72), 2: np.int64(5), 5: np.int64(91), 6: np.int64(32)}","{(0, 3): [(np.int64(18), 77), (77, np.int64(1))], (0, 4): [(np.int64(18), 46), (46, np.int64(60))], (1, 4): [(np.int64(72), 89), (89, np.int64(60))], (2, 4): [(np.int64(5), 60)], (5, 6): [(np.int64(91), 36), (36, np.int64(32))], (1, 3): [(np.int64(72), 1)], (3, 4): [(np.int64(1), 77), (77, 3), (3, np.int64(60))], (0, 6): [(np.int64(18), 32)]}","{(0, np.int64(18)): {'cpu': 13}, (4, np.int64(60)): {'cpu': 8}, (3, np.int64(1)): {'cpu': 9, 'nic_slots': 1}, (1, np.int64(72)): {'cpu': 11, 'nic_slots': 1}, (2, np.int64(5)): {'cpu': 15}, (5, np.int64(91)): {'cpu': 14}, (6, np.int64(32)): {'cpu': 6}}","{((0, 3), (np.int64(18), 77)): {'bw': 48.0}, ((0, 3), (77, np.int64(1))): {'bw': 48.0}, ((0, 4), (np.int64(18), 46)): {'bw': 43.0}, ((0, 4), (46, np.int64(60))): {'bw': 43.0}, ((1, 4), (np.int64(72), 89)): {'bw': 28.0}, ((1, 4), (89, np.int64(60))): {'bw': 28.0}, ((2, 4), (np.int64(5), 60)): {'bw': 26.0}, ((5, 6), (np.int64(91), 36)): {'bw': 15.0}, ((5, 6), (36, np.int64(32))): {'bw': 15.0}, ((1, 3), (np.int64(72), 1)): {'bw': 11.0}, ((3, 4), (np.int64(1), 77)): {'bw': 4.0}, ((3, 4), (77, 3)): {'bw': 4.0}, ((3, 4), (3, np.int64(60))): {'bw': 4.0}, ((0, 6), (np.int64(18), 32)): {'bw': 4.0}}",397.0,255.0,255.0,76.0,179.0,76.0,179.0,76.0,321.0,142.0,0.6423173803526449,231624.39281926714,148776.37322144362,374.7515698273139,Success,0.0,"{'node_level': {}, 'link_level': {}, 'path_level': {}}","{'node_level': {0: {'cpu': -76}, 4: {'cpu': -82}, 3: {'cpu': -88}, 1: {'cpu': -77}, 2: {'cpu': -74}, 5: {'cpu': -76}, 6: {'cpu': -91}}, 'link_level': {}, 'path_level': {}}","{'node_level': {0: {'cpu': 0}, 4: {'cpu': 0}, 3: {'cpu': 0}, 1: {'cpu': 0}, 2: {'cpu': 0}, 5: {'cpu': 0}, 6: {'cpu': 0}}, 'link_level': {}, 'path_level': {}}",[],0.0,0.0,True,True,False,0,[],0,0.0,"OrderedDict([((0, 3), 0), ((0, 4), 0), ((1, 4), 0), ((2, 4), 0), ((5, 6), 0), ((1, 3), 1), ((3, 4), 0), ((0, 6), 0)])",0.0,1.0,7.0,8.0
2,2,2,281.0,424.0,176391.4563584551,260301.59453847137,0.6627358490566038,0.6776426270888066,7,1,1,30.0,46425.0,7152,39273.0,0.013925272301116731,0.008157389635316648,1,1062.1185821927488,30.0,2,1,True,"{1: np.int64(18), 0: np.int64(1)}","{(0, 1): [(np.int64(1), 77), (77, np.int64(18))]}","{(1, np.int64(18)): {'cpu': 15}, (0, np.int64(1)): {'cpu': 10}}","{((0, 1), (np.int64(1), 77)): {'bw': 1.0}, ((0, 1), (77, np.int64(18))): {'bw': 1.0}}",27.0,26.0,26.0,25.0,1.0,25.0,1.0,25.0,2.0,1.0,0.9629629629629629,28677.20171920422,27615.08313701147,1022.7808569263507,Success,0.0,"{'node_level': {}, 'link_level': {}, 'path_level': {}}","{'node_level': {1: {'cpu': -61}, 0: {'cpu': -78}}, 'link_level': {}, 'path_level': {}}","{'node_level': {1: {'cpu': 0}, 0: {'cpu': 0}}, 'link_level': {}, 'path_level': {}}",[],0.0,0.0,True,True,False,0,[],0,0.0,"OrderedDict([((0, 1), 0)])",0.0,0.0,2.0,1.0
3,3,3,534.0,857.0,493136.2868516119,802398.4783469175,0.6231038506417736,0.6145777941498091,8,2,1,43.0,45992.0,7098,38894.0,0.021370467392803016,0.01772906354177195,2,1251.955851751608,43.0,5,6,True,"{1: np.int64(18), 4: np.int64(60), 3: np.int64(41), 0: np.int64(32), 2: np.int64(1)}","{(1, 4): [(np.int64(18), 3), (3, np.int64(60))], (0, 1): [(np.int64(32), 41), (41, np.int64(18))], (0, 3): [(np.int64(32), 44), (44, np.int64(41))], (3, 4): [(np.int64(41), 3), (3, np.int64(60))], (1, 3): [(np.int64(18), 41)], (2, 4): [(np.int64(1), 80), (80, np.int64(60))]}","{(1, np.int64(18)): {'cpu': 17}, (4, np.int64(60)): {'cpu': 14}, (3, np.int64(41)): {'cpu': 6}, (0, np.int64(32)): {'cpu': 4}, (2, np.int64(1)): {'cpu': 13}}","{((1, 4), (np.int64(18), 3)): {'bw': 50.0}, ((1, 4), (3, np.int64(60))): {'bw': 50.0}, ((0, 1), (np.int64(32), 41)): {'bw': 49.0}, ((0, 1), (41, np.int64(18))): {'bw': 49.0}, ((0, 3), (np.int64(32), 44)): {'bw': 46.0}, ((0, 3), (44, np.int64(41))): {'bw': 46.0}, ((3, 4), (np.int64(41), 3)): {'bw': 27.0}, ((3, 4), (3, np.int64(60))): {'bw': 27.0}, ((1, 3), (np.int64(18), 41)): {'bw': 19.0}, ((2, 4), (np.int64(1), 80)): {'bw': 8.0}, ((2, 4), (80, np.int64(60))): {'bw': 8.0}}",433.0,253.0,253.0,54.0,199.0,54.0,199.0,54.0,379.0,180.0,0.5842956120092379,542096.8838084462,316744.8304931568,731.5123106077524,Success,0.0,"{'node_level': {}, 'link_level': {}, 'path_level': {}}","{'node_level': {1: {'cpu': -44}, 4: {'cpu': -68}, 3: {'cpu': -58}, 0: {'cpu': -87}, 2: {'cpu': -65}}, 'link_level': {}, 'path_level': {}}","{'node_level': {1: {'cpu': 0}, 4: {'cpu': 0}, 3: {'cpu': 0}, 0: {'cpu': 0}, 2: {'cpu': 0}}, 'link_level': {}, 'path_level': {}}",[],0.0,0.0,True,True,False,0,[],0,0.0,"OrderedDict([((1, 4), 0), ((0, 1), 0), ((0, 3), 0), ((3, 4), 0), ((1, 3), 0), ((2, 4), 0)])",0.0,0.0,5.0,6.0
4,4,4,708.0,1194.0,514398.6913302634,843579.1123084436,0.592964824120603,0.609781209402658,11,3,1,52.0,45655.0,7072,38583.0,0.02495519095546672,0.025583392261844584,3,122.1977268888015,52.0,5,5,True,"{0: np.int64(5), 2: np.int64(7), 3: np.int64(98), 4: np.int64(30), 1: np.int64(91)}","{(1, 4): [(np.int64(91), 30)], (0, 2): [(np.int64(5), 15), (15, np.int64(7))], (0, 4): [(np.int64(5), 85), (85, np.int64(30))], (2, 4): [(np.int64(7), 70), (70, 37), (37, np.int64(30))], (2, 3): [(np.int64(7), 12), (12, 84), (84, np.int64(98))]}","{(0, np.int64(5)): {'cpu': 9}, (2, np.int64(7)): {'cpu': 6}, (3, np.int64(98)): {'cpu': 8}, (4, np.int64(30)): {'cpu': 1}, (1, np.int64(91)): {'cpu': 2}}","{((1, 4), (np.int64(91), 30)): {'bw': 36.0}, ((0, 2), (np.int64(5), 15)): {'bw': 34.0}, ((0, 2), (15, np.int64(7))): {'bw': 34.0}, ((0, 4), (np.int64(5), 85)): {'bw': 27.0}, ((0, 4), (85, np.int64(30))): {'bw': 27.0}, ((2, 4), (np.int64(7), 70)): {'bw': 25.0}, ((2, 4), (70, 37)): {'bw': 25.0}, ((2, 4), (37, np.int64(30))): {'bw': 25.0}, ((2, 3), (np.int64(7), 12)): {'bw': 26.0}, ((2, 3), (12, 84)): {'bw': 26.0}, ((2, 3), (84, np.int64(98))): {'bw': 26.0}}",337.0,174.0,174.0,26.0,148.0,26.0,148.0,26.0,311.0,163.0,0.516320474777448,41180.6339615261,21262.40447865146,63.093188363950915,Success,0.0,"{'node_level': {}, 'link_level': {}, 'path_level': {}}","{'node_level': {0: {'cpu': -65}, 2: {'cpu': -63}, 3: {'cpu': -55}, 4: {'cpu': -54}, 1: {'cpu': -74}}, 'link_level': {}, 'path_level': {}}","{'node_level': {0: {'cpu': 0}, 2: {'cpu': 0}, 3: {'cpu': 0}, 4: {'cpu': 0}, 1: {'cpu': 0}}, 'link_level': {}, 'path_level': {}}",[],0.0,0.0,True,True,False,0,[],0,0.0,"OrderedDict([((1, 4), 0), ((0, 2), 0), ((0, 4), 0), ((2, 4), 0), ((2, 3), 0)])",1.0,0.0,5.0,5.0
5,5,5,990.0,1665.0,631829.6274075108,1039713.760862995,0.5945945945945946,0.6076957439546364,15,4,1,65.0,45184.0,6982,38202.0,0.03736384944161042,0.03520557632084054,4,416.4217591391749,65.0,9,10,True,"{1: np.int64(43), 2: np.int64(77), 0: np.int64(38), 6: np.int64(1), 3: np.int64(18), 8: np.int64(91), 7: np.int64(72), 5: np.int64(13), 4: np.int64(98)}","{(2, 8): [(np.int64(77), 91)], (1, 8): [(np.int64(43), 16), (16, 76), (76, np.int64(91))], (0, 2): [(np.int64(38), 41), (41, 3), (3, np.int64(77))], (2, 3): [(np.int64(77), 18)], (1, 6): [(np.int64(43), 11), (11, 36), (36, np.int64(1))], (1, 4): [(np.int64(43), 98)], (2, 4): [(np.int64(77), 63), (63, np.int64(98))], (5, 6): [(np.int64(13), 1)], (2, 7): [(np.int64(77), 1), (1, np.int64(72))], (4, 7): [(np.int64(98), 45), (45, np.int64(72))]}","{(1, np.int64(43)): {'cpu': 19}, (2, np.int64(77)): {'cpu': 7, 'nic_slots': 1}, (0, np.int64(38)): {'cpu': 19}, (6, np.int64(1)): {'cpu': 14}, (3, np.int64(18)): {'cpu': 12}, (8, np.int64(91)): {'cpu': 3}, (7, np.int64(72)): {'cpu': 10, 'nic_slots': 1}, (5, np.int64(13)): {'cpu': 5}, (4, np.int64(98)): {'cpu': 1}}","{((2, 8), (np.int64(77), 91)): {'bw': 39.0}, ((1, 8), (np.int64(43), 16)): {'bw': 34.0}, ((1, 8), (16, 76)): {'bw': 34.0}, ((1, 8), (76, np.int64(91))): {'bw': 34.0}, ((0, 2), (np.int64(38), 41)): {'bw': 34.0}, ((0, 2), (41, 3)): {'bw': 34.0}, ((0, 2), (3, np.int64(77))): {'bw': 34.0}, ((2, 3), (np.int64(77), 18)): {'bw': 24.0}, ((1, 6), (np.int64(43), 11)): {'bw': 16.0}, ((1, 6), (11, 36)): {'bw': 16.0}, ((1, 6), (36, np.int64(1))): {'bw': 16.0}, ((1, 4), (np.int64(43), 98)): {'bw': 13.0}, ((2, 4), (np.int64(77), 63)): {'bw': 13.0}, ((2, 4), (63, np.int64(98))): {'bw': 13.0}, ((5, 6), (np.int64(13), 1)): {'bw': 11.0}, ((2, 7), (np.int64(77), 1)): {'bw': 6.0}, ((2, 7), (1, np.int64(72))): {'bw': 6.0}, ((4, 7), (np.int64(98), 45)): {'bw': 2.0}, ((4, 7), (45, np.int64(72))): {'bw': 2.0}}",471.0,282.0,282.0,90.0,192.0,90.0,192.0,90.0,381.0,189.0,0.5987261146496815,196134.6485545514,117430.93607724733,249.3225819049837,Success,0.0,"{'node_level': {}, 'link_level': {}, 'path_level': {}}","{'node_level': {1: {'cpu': -63}, 2: {'cpu': -43}, 0: {'cpu': -60}, 6: {'cpu': -51}, 3: {'cpu': -32}, 8: {'cpu': -71}, 7: {'cpu': -67}, 5: {'cpu': -69}, 4: {'cpu': -54}}, 'link_level': {}, 'path_level': {}}","{'node_level': {1: {'cpu': 0}, 2: {'cpu': 0}, 0: {'cpu': 0}, 6: {'cpu': 0}, 3: {'cpu': 0}, 8: {'cpu': 0}, 7: {'cpu': 0}, 5: {'cpu': 0}, 4: {'cpu': 0}}, 'link_level': {}, 'path_level': {}}",[],0.0,0.0,True,True,False,0,[],0,0.0,"OrderedDict([((2, 8), 0), ((1, 8), 0), ((0, 2), 0), ((2, 3), 0), ((1, 6), 0), ((1, 4), 0), ((2, 4), 0), ((5, 6), 0), ((2, 7), 1), ((4, 7), 0)])",2.0,1.0,9.0,10.0
6,6,6,1167.0,1908.0,809116.4118916267,1283107.4819344084,0.6116352201257862,0.63059129752077,18,5,1,72.0,44941.0,6948,37993.0,0.04205156486970907,0.04048388726133956,5,1001.6202513226889,72.0,5,6,True,"{4: np.int64(60), 2: np.int64(4), 1: np.int64(5), 0: np.int64(15), 3: np.int64(49)}","{(1, 4): [(np.int64(5), 60)], (3, 4): [(np.int64(49), 60)], (0, 2): [(np.int64(15), 4)], (2, 4): [(np.int64(4), 15), (15, 89), (89, np.int64(60))], (0, 4): [(np.int64(15), 89), (89, np.int64(60))], (1, 2): [(np.int64(5), 15), (15, np.int64(4))]}","{(4, np.int64(60)): {'cpu': 8}, (2, np.int64(4)): {'cpu': 13}, (1, np.int64(5)): {'cpu': 11}, (0, np.int64(15)): {'cpu': 1}, (3, np.int64(49)): {'cpu': 1}}","{((1, 4), (np.int64(5), 60)): {'bw': 37.0}, ((3, 4), (np.int64(49), 60)): {'bw': 37.0}, ((0, 2), (np.int64(15), 4)): {'bw': 23.0}, ((2, 4), (np.int64(4), 15)): {'bw': 20.0}, ((2, 4), (15, 89)): {'bw': 20.0}, ((2, 4), (89, np.int64(60))): {'bw': 20.0}, ((0, 4), (np.int64(15), 89)): {'bw': 20.0}, ((0, 4), (89, np.int64(60))): {'bw': 20.0}, ((1, 2), (np.int64(5), 15)): {'bw': 6.0}, ((1, 2), (15, np.int64(4))): {'bw': 6.0}}",243.0,177.0,177.0,34.0,143.0,34.0,143.0,34.0,209.0,66.0,0.7283950617283951,243393.7210714134,177286.78448411592,729.5752447906006,Success,0.0,"{'node_level': {}, 'link_level': {}, 'path_level': {}}","{'node_level': {4: {'cpu': -60}, 2: {'cpu': -40}, 1: {'cpu': -54}, 0: {'cpu': -61}, 3: {'cpu': -72}}, 'link_level': {}, 'path_level': {}}","{'node_level': {4: {'cpu': 0}, 2: {'cpu': 0}, 1: {'cpu': 0}, 0: {'cpu': 0}, 3: {'cpu': 0}}, 'link_level': {}, 'path_level': {}}",[],0.0,0.0,True,True,False,0,[],0,0.0,"OrderedDict([((1, 4), 0), ((3, 4), 0), ((0, 2), 0), ((2, 4), 0), ((0, 4), 0), ((1, 2), 0)])",1.0,0.0,5.0,6.0
7,7,7,1455.0,2386.0,911536.1147651332,1453095.7387869647,0.6098072087175188,0.6273063022854075,20,6,1,84.0,44463.0,6881,37582.0,0.05128912174272715,0.050863723608445266,6,355.62396831078695,84.0,7,9,True,"{2: np.int64(25), 5: np.int64(7), 6: np.int64(98), 1: np.int64(32), 3: np.int64(13), 0: np.int64(49), 4: np.int64(10)}","{(2, 3): [(np.int64(25), 95), (95, np.int64(13))], (3, 5): [(np.int64(13), 7)], (3, 6): [(np.int64(13), 4), (4, np.int64(98))], (1, 6): [(np.int64(32), 49), (49, 55), (55, np.int64(98))], (1, 2): [(np.int64(32), 25)], (2, 6): [(np.int64(25), 91), (91, np.int64(98))], (4, 5): [(np.int64(10), 3), (3, np.int64(7))], (2, 5): [(np.int64(25), 33), (33, 7)], (0, 2): [(np.int64(49), 33), (33, np.int64(25))]}","{(2, np.int64(25)): {'cpu': 15}, (5, np.int64(7)): {'cpu': 17}, (6, np.int64(98)): {'cpu': 5}, (1, np.int64(32)): {'cpu': 7}, (3, np.int64(13)): {'cpu': 2}, (0, np.int64(49)): {'cpu': 16}, (4, np.int64(10)): {'cpu': 5}}","{((2, 3), (np.int64(25), 95)): {'bw': 47.0}, ((2, 3), (95, np.int64(13))): {'bw': 47.0}, ((3, 5), (np.int64(13), 7)): {'bw': 35.0}, ((3, 6), (np.int64(13), 4)): {'bw': 31.0}, ((3, 6), (4, np.int64(98))): {'bw': 31.0}, ((1, 6), (np.int64(32), 49)): {'bw': 28.0}, ((1, 6), (49, 55)): {'bw': 28.0}, ((1, 6), (55, np.int64(98))): {'bw': 28.0}, ((1, 2), (np.int64(32), 25)): {'bw': 24.0}, ((2, 6), (np.int64(25), 91)): {'bw': 23.0}, ((2, 6), (91, np.int64(98))): {'bw': 23.0}, ((4, 5), (np.int64(10), 3)): {'bw': 17.0}, ((4, 5), (3, np.int64(7))): {'bw': 17.0}, ((2, 5), (np.int64(25), 33)): {'bw': 8.0}, ((2, 5), (33, 7)): {'bw': 8.0}, ((0, 2), (np.int64(49), 33)): {'bw': 8.0}, ((0, 2), (33, np.int64(25))): {'bw': 8.0}}",478.0,288.0,288.0,67.0,221.0,67.0,221.0,67.0,411.0,190.0,0.602510460251046,169988.25685255617,102419.70287350664,214.26716082323566,Success,0.0,"{'node_level': {}, 'link_level': {}, 'path_level': {}}","{'node_level': {2: {'cpu': -48}, 5: {'cpu': -46}, 6: {'cpu': -49}, 1: {'cpu': -80}, 3: {'cpu': -67}, 0: {'cpu': -56}, 4: {'cpu': -81}}, 'link_level': {}, 'path_level': {}}","{'node_level': {2: {'cpu': 0}, 5: {'cpu': 0}, 6: {'cpu': 0}, 1: {'cpu': 0}, 3: {'cpu': 0}, 0: {'cpu': 0}, 4: {'cpu': 0}}, 'link_level': {}, 'path_level': {}}",[],0.0,0.0,True,True,False,0,[],0,0.0,"OrderedDict([((2, 3), 0), ((3, 5), 0), ((3, 6), 0), ((1, 6), 0), ((1, 2), 0), ((2, 6), 0), ((4, 5), 0), ((2, 5), 0), ((0, 2), 0)])",2.0,0.0,7.0,9.0
8,7,7,1455.0,2386.0,911536.1147651332,1453095.7387869647,0.6098072087175188,0.6273063022854075,20,7,1,97.0,44463.0,6881,37582.0,0.05128912174272715,0.050863723608445266,7,1242.7911631197298,97.0,4,5,False,"{2: np.int64(28), 3: np.int64(0), 0: np.int64(30), 1: np.int64(38)}","{(0, 2): [(np.int64(30), 45), (45, 42), (42, np.int64(28))]}","{(2, np.int64(28)): {'cpu': 18}, (3, np.int64(0)): {'cpu': 20}, (0, np.int64(30)): {'cpu': 10}, (1, np.int64(38)): {'cpu': 9}}","{((0, 2), (np.int64(30), 45)): {'bw': 43.0}, ((0, 2), (45, 42)): {'bw': 43.0}, ((0, 2), (42, np.int64(28))): {'bw': 43.0}}",0.0,0.0,236.0,57.0,179.0,0.0,0.0,0.0,0.0,0.0,0.0,0.0,0.0,0.0,Route Failure,0.0,"{'node_level': {}, 'link_level': {}, 'path_level': {}}","{'node_level': {2: {'cpu': -52}, 3: {'cpu': -74}, 0: {'cpu': -44}, 1: {'cpu': -51}}, 'link_level': {}, 'path_level': {}}","{'node_level': {2: {'cpu': 0}, 3: {'cpu': 0}, 0: {'cpu': 0}, 1: {'cpu': 0}}, 'link_level': {}, 'path_level': {}}",[],0.0,0.0,True,False,False,0,[],0,0.0,"OrderedDict([((0, 2), 0)])",0.0,0.0,4.0,1.0
9,8,8,1757.0,2947.0,1295122.0920914111,2165651.146999024,0.5961995249406176,0.598028954887809,24,8,1,112.0,43902.0,6798,37104.0,0.06273266234661523,0.06293565006566315,8,1270.1522428022445,112.0,6,8,True,"{2: np.int64(28), 5: np.int64(0), 0: np.int64(30), 3: np.int64(80), 4: np.int64(64), 1: np.int64(72)}","{(2, 5): [(np.int64(28), 26), (26, np.int64(0))], (1, 3): [(np.int64(72), 56), (56, np.int64(80))], (4, 5): [(np.int64(64), 93), (93, 50), (50, np.int64(0))], (0, 2): [(np.int64(30), 45), (45, 42), (42, np.int64(28))], (0, 5): [(np.int64(30), 0)], (0, 1): [(np.int64(30), 45), (45, np.int64(72))], (0, 4): [(np.int64(30), 45), (45, 69), (69, np.int64(64))], (1, 4): [(np.int64(72), 64)]}","{(2, np.int64(28)): {'cpu': 20}, (5, np.int64(0)): {'cpu': 12}, (0, np.int64(30)): {'cpu': 15, 'nic_slots': 1}, (3, np.int64(80)): {'cpu': 16}, (4, np.int64(64)): {'cpu': 14}, (1, np.int64(72)): {'cpu': 6, 'nic_slots': 1}}","{((2, 5), (np.int64(28), 26)): {'bw': 48.0}, ((2, 5), (26, np.int64(0))): {'bw': 48.0}, ((1, 3), (np.int64(72), 56)): {'bw': 49.0}, ((1, 3), (56, np.int64(80))): {'bw': 49.0}, ((4, 5), (np.int64(64), 93)): {'bw': 33.0}, ((4, 5), (93, 50)): {'bw': 33.0}, ((4, 5), (50, np.int64(0))): {'bw': 33.0}, ((0, 2), (np.int64(30), 45)): {'bw': 34.0}, ((0, 2), (45, 42)): {'bw': 34.0}, ((0, 2), (42, np.int64(28))): {'bw': 34.0}, ((0, 5), (np.int64(30), 0)): {'bw': 27.0}, ((0, 1), (np.int64(30), 45)): {'bw': 12.0}, ((0, 1), (45, np.int64(72))): {'bw': 12.0}, ((0, 4), (np.int64(30), 45)): {'bw': 8.0}, ((0, 4), (45, 69)): {'bw': 8.0}, ((0, 4), (69, np.int64(64))): {'bw': 8.0}, ((1, 4), (np.int64(72), 64)): {'bw': 8.0}}",561.0,302.0,302.0,83.0,219.0,83.0,219.0,83.0,478.0,259.0,0.5383244206773619,712555.4082120592,383585.9773262778,683.7539702785701,Success,0.0,"{'node_level': {}, 'link_level': {}, 'path_level': {}}","{'node_level': {2: {'cpu': -50}, 5: {'cpu': -82}, 0: {'cpu': -39}, 3: {'cpu': -46}, 4: {'cpu': -77}, 1: {'cpu': -61}}, 'link_level': {}, 'path_level': {}}","{'node_level': {2: {'cpu': 0}, 5: {'cpu': 0}, 0: {'cpu': 0}, 3: {'cpu': 0}, 4: {'cpu': 0}, 1: {'cpu': 0}}, 'link_level': {}, 'path_level': {}}",[],0.0,0.0,True,True,False,0,[],0,0.0,"OrderedDict([((2, 5), 0), ((1, 3), 0), ((4, 5), 0), ((0, 2), 0), ((0, 5), 0), ((0, 1), 1), ((0, 4), 0), ((1, 4), 0)])",1.0,1.0,6.0,8.0
10,9,9,2489.0,4580.0,1326880.0910197524,2236499.251165665,0.5434497816593886,0.593284388683869,28,9,1,126.0,42269.0,6719,35550.0,0.07362470701778578,0.1021820385897565,9,43.385244437624735,126.0,9,22,True,"{1: np.int64(91), 7: np.int64(18), 0: np.int64(52), 5: np.int64(10), 2: np.int64(1), 3: np.int64(83), 4: np.int64(38), 6: np.int64(3), 8: np.int64(68)}","{(0, 7): [(np.int64(52), 79), (79, 33), (33, np.int64(18))], (6, 8): [(np.int64(3), 10), (10, np.int64(68))], (0, 4): [(np.int64(52), 72), (72, 45), (45, np.int64(38))], (3, 4): [(np.int64(83), 0), (0, np.int64(38))], (2, 4): [(np.int64(1), 12), (12, 2), (2, np.int64(38))], (3, 6): [(np.int64(83), 63), (63, np.int64(3))], (1, 6): [(np.int64(91), 85), (85, np.int64(3))], (1, 2): [(np.int64(91), 36), (36, np.int64(1))], (1, 8): [(np.int64(91), 6), (6, 51), (51, 82), (82, np.int64(68))], (0, 3): [(np.int64(52), 94), (94, 5), (5, np.int64(83))], (7, 8): [(np.int64(18), 29), (29, np.int64(68))], (2, 7): [(np.int64(1), 77), (77, np.int64(18))], (5, 6): [(np.int64(10), 3)], (6, 7): [(np.int64(3), 12), (12, 37), (37, np.int64(18))], (1, 5): [(np.int64(91), 89), (89, np.int64(10))], (3, 8): [(np.int64(83), 88), (88, np.int64(68))], (2, 8): [(np.int64(1), 94), (94, 41), (41, np.int64(68))], (0, 6): [(np.int64(52), 93), (93, np.int64(3))], (3, 7): [(np.int64(83), 18)], (0, 8): [(np.int64(52), 79), (79, 68)], (2, 6): [(np.int64(1), 77), (77, np.int64(3))], (5, 7): [(np.int64(10), 37), (37, np.int64(18))]}","{(1, np.int64(91)): {'cpu': 18}, (7, np.int64(18)): {'cpu': 12}, (0, np.int64(52)): {'cpu': 11}, (5, np.int64(10)): {'cpu': 16}, (2, np.int64(1)): {'cpu': 6, 'nic_slots': 1}, (3, np.int64(83)): {'cpu': 5}, (4, np.int64(38)): {'cpu': 5}, (6, np.int64(3)): {'cpu': 3, 'nic_slots': 1}, (8, np.int64(68)): {'cpu': 3}}","{((0, 7), (np.int64(52), 79)): {'bw': 49.0}, ((0, 7), (79, 33)): {'bw': 49.0}, ((0, 7), (33, np.int64(18))): {'bw': 49.0}, ((6, 8), (np.int64(3), 10)): {'bw': 47.0}, ((6, 8), (10, np.int64(68))): {'bw': 47.0}, ((0, 4), (np.int64(52), 72)): {'bw': 47.0}, ((0, 4), (72, 45)): {'bw': 47.0}, ((0, 4), (45, np.int64(38))): {'bw': 47.0}, ((3, 4), (np.int64(83), 0)): {'bw': 46.0}, ((3, 4), (0, np.int64(38))): {'bw': 46.0}, ((2, 4), (np.int64(1), 12)): {'bw': 46.0}, ((2, 4), (12, 2)): {'bw': 46.0}, ((2, 4), (2, np.int64(38))): {'bw': 46.0}, ((3, 6), (np.int64(83), 63)): {'bw': 39.0}, ((3, 6), (63, np.int64(3))): {'bw': 39.0}, ((1, 6), (np.int64(91), 85)): {'bw': 34.0}, ((1, 6), (85, np.int64(3))): {'bw': 34.0}, ((1, 2), (np.int64(91), 36)): {'bw': 34.0}, ((1, 2), (36, np.int64(1))): {'bw': 34.0}, ((1, 8), (np.int64(91), 6)): {'bw': 32.0}, ((1, 8), (6, 51)): {'bw': 32.0}, ((1, 8), (51, 82)): {'bw': 32.0}, ((1, 8), (82, np.int64(68))): {'bw': 32.0}, ((0, 3), (np.int64(52), 94)): {'bw': 34.0}, ((0, 3), (94, 5)): {'bw': 34.0}, ((0, 3), (5, np.int64(83))): {'bw': 34.0}, ((7, 8), (np.int64(18), 29)): {'bw': 30.0}, ((7, 8), (29, np.int64(68))): {'bw': 30.0}, ((2, 7), (np.int64(1), 77)): {'bw': 26.0}, ((2, 7), (77, np.int64(18))): {'bw': 26.0}, ((5, 6), (np.int64(10), 3)): {'bw': 27.0}, ((6, 7), (np.int64(3), 12)): {'bw': 27.0}, ((6, 7), (12, 37)): {'bw': 27.0}, ((6, 7), (37, np.int64(18))): {'bw': 27.0}, ((1, 5), (np.int64(91), 89)): {'bw': 26.0}, ((1, 5), (89, np.int64(10))): {'bw': 26.0}, ((3, 8), (np.int64(83), 88)): {'bw': 24.0}, ((3, 8), (88, np.int64(68))): {'bw': 24.0}, ((2, 8), (np.int64(1), 94)): {'bw': 25.0}, ((2, 8), (94, 41)): {'bw': 25.0}, ((2, 8), (41, np.int64(68))): {'bw': 25.0}, ((0, 6), (np.int64(52), 93)): {'bw': 20.0}, ((0, 6), (93, np.int64(3))): {'bw': 20.0}, ((3, 7), (np.int64(83), 18)): {'bw': 17.0}, ((0, 8), (np.int64(52), 79)): {'bw': 12.0}, ((0, 8), (79, 68)): {'bw': 12.0}, ((2, 6), (np.int64(1), 77)): {'bw': 7.0}, ((2, 6), (77, np.int64(3))): {'bw': 7.0}, ((5, 7), (np.int64(10), 37)): {'bw': 4.0}, ((5, 7), (37, np.int64(18))): {'bw': 4.0}}",1633.0,732.0,732.0,79.0,653.0,79.0,653.0,79.0,1554.0,901.0,0.4482547458665034,70848.10416664119,31757.998928341305,19.447641719743604,Success,0.0,"{'node_level': {}, 'link_level': {}, 'path_level': {}}","{'node_level': {1: {'cpu': -53}, 7: {'cpu': -20}, 0: {'cpu': -89}, 5: {'cpu': -65}, 2: {'cpu': -45}, 3: {'cpu': -56}, 4: {'cpu': -55}, 6: {'cpu': -50}, 8: {'cpu': -48}}, 'link_level': {}, 'path_level': {}}","{'node_level': {1: {'cpu': 0}, 7: {'cpu': 0}, 0: {'cpu': 0}, 5: {'cpu': 0}, 2: {'cpu': 0}, 3: {'cpu': 0}, 4: {'cpu': 0}, 6: {'cpu': 0}, 8: {'cpu': 0}}, 'link_level': {}, 'path_level': {}}",[],0.0,0.0,True,True,False,0,[],0,0.0,"OrderedDict([((0, 7), 0), ((6, 8), 0), ((0, 4), 0), ((3, 4), 0), ((2, 4), 0), ((3, 6), 0), ((1, 6), 0), ((1, 2), 0), ((1, 8), 0), ((0, 3), 0), ((7, 8), 0), ((2, 7), 0), ((5, 6), 0), ((6, 7), 0), ((1, 5), 0), ((3, 8), 0), ((2, 8), 0), ((0, 6), 0), ((3, 7), 0), ((0, 8), 0), ((2, 6), 1), ((5, 7), 0)])",3.0,1.0,9.0,22.0
11,9,9,2489.0,4580.0,1326880.0910197524,2236499.251165665,0.5434497816593886,0.593284388683869,28,10,1,141.0,42269.0,6719,35550.0,0.07362470701778578,0.1021820385897565,10,162.6702058616888,141.0,8,14,False,"{7: np.int64(53), 1: np.int64(78), 4: np.int64(32), 6: np.int64(46), 0: np.int64(43), 3: np.int64(41), 5: np.int64(68), 2: np.int64(98)}","{(1, 3): [(np.int64(78), 68), (68, np.int64(41))], (1, 7): [(np.int64(78), 68), (68, 29), (29, np.int64(53))], (0, 4): [(np.int64(43), 11), (11, 25), (25, np.int64(32))], (2, 7): [(np.int64(98), 53)], (2, 5): [(np.int64(98), 4), (4, np.int64(68))], (3, 7): [(np.int64(41), 95), (95, np.int64(53))], (0, 1): [(np.int64(43), 16), (16, 27), (27, np.int64(78))], (0, 7): [(np.int64(43), 53)], (5, 6): [(np.int64(68), 41), (41, np.int64(46))], (0, 6): [(np.int64(43), 39), (39, np.int64(46))], (3, 6): [(np.int64(41), 46)], (4, 5): [(np.int64(32), 68)]}","{(7, np.int64(53)): {'cpu': 19}, (1, np.int64(78)): {'cpu': 17}, (4, np.int64(32)): {'cpu': 19}, (6, np.int64(46)): {'cpu': 12}, (0, np.int64(43)): {'cpu': 4}, (3, np.int64(41)): {'cpu': 2}, (5, np.int64(68)): {'cpu': 1}, (2, np.int64(98)): {'cpu': 1}}","{((1, 3), (np.int64(78), 68)): {'bw': 29.0}, ((1, 3), (68, np.int64(41))): {'bw': 29.0}, ((1, 7), (np.int64(78), 68)): {'bw': 28.0}, ((1, 7), (68, 29)): {'bw': 28.0}, ((1, 7), (29, np.int64(53))): {'bw': 28.0}, ((0, 4), (np.int64(43), 11)): {'bw': 23.0}, ((0, 4), (11, 25)): {'bw': 23.0}, ((0, 4), (25, np.int64(32))): {'bw': 23.0}, ((2, 7), (np.int64(98), 53)): {'bw': 25.0}, ((2, 5), (np.int64(98), 4)): {'bw': 25.0}, ((2, 5), (4, np.int64(68))): {'bw': 25.0}, ((3, 7), (np.int64(41), 95)): {'bw': 19.0}, ((3, 7), (95, np.int64(53))): {'bw': 19.0}, ((0, 1), (np.int64(43), 16)): {'bw': 19.0}, ((0, 1), (16, 27)): {'bw': 19.0}, ((0, 1), (27, np.int64(78))): {'bw': 19.0}, ((0, 7), (np.int64(43), 53)): {'bw': 16.0}, ((5, 6), (np.int64(68), 41)): {'bw': 15.0}, ((5, 6), (41, np.int64(46))): {'bw': 15.0}, ((0, 6), (np.int64(43), 39)): {'bw': 16.0}, ((0, 6), (39, np.int64(46))): {'bw': 16.0}, ((3, 6), (np.int64(41), 46)): {'bw': 14.0}, ((4, 5), (np.int64(32), 68)): {'bw': 15.0}}",0.0,0.0,340.0,75.0,265.0,0.0,0.0,0.0,0.0,0.0,0.0,0.0,0.0,0.0,Route Failure,0.0,"{'node_level': {}, 'link_level': {}, 'path_level': {}}","{'node_level': {7: {'cpu': -59}, 1: {'cpu': -47}, 4: {'cpu': -61}, 6: {'cpu': -70}, 0: {'cpu': -59}, 3: {'cpu': -56}, 5: {'cpu': -47}, 2: {'cpu': -48}}, 'link_level': {}, 'path_level': {}}","{'node_level': {7: {'cpu': 0}, 1: {'cpu': 0}, 4: {'cpu': 0}, 6: {'cpu': 0}, 0: {'cpu': 0}, 3: {'cpu': 0}, 5: {'cpu': 0}, 2: {'cpu': 0}}, 'link_level': {}, 'path_level': {}}",[],0.0,0.0,True,False,False,0,[],0,0.0,"OrderedDict([((1, 3), 0), ((1, 7), 0), ((0, 4), 0), ((2, 7), 0), ((2, 5), 0), ((3, 7), 0), ((0, 1), 0), ((0, 7), 0), ((5, 6), 0), ((0, 6), 0), ((3, 6), 0), ((4, 5), 0)])",2.0,0.0,8.0,12.0
12,9,9,2489.0,4580.0,1326880.0910197524,2236499.251165665,0.5434497816593886,0.593284388683869,28,11,1,153.0,42269.0,6719,35550.0,0.07362470701778578,0.1021820385897565,11,4.700376901700943,153.0,10,25,False,"{2: np.int64(53), 8: np.int64(78), 5: np.int64(41), 0: np.int64(77), 4: np.int64(32)}",{},"{(2, np.int64(53)): {'cpu': 18}, (8, np.int64(78)): {'cpu': 17}, (5, np.int64(41)): {'cpu': 10}, (0, np.int64(77)): {'cpu': 18}, (4, np.int64(32)): {'cpu': 8}}",{},0.0,0.0,719.0,101.0,618.0,0.0,0.0,0.0,0.0,0.0,0.0,0.0,0.0,0.0,Place Failure,0.0,"{'node_level': {}, 'link_level': {}, 'path_level': {}}","{'node_level': {2: {'cpu': -60}, 8: {'cpu': -47}, 5: {'cpu': -48}, 0: {'cpu': -25}, 4: {'cpu': -72}}, 'link_level': {}, 'path_level': {}}","{'node_level': {2: {'cpu': 0}, 8: {'cpu': 0}, 5: {'cpu': 0}, 0: {'cpu': 0}, 4: {'cpu': 0}}, 'link_level': {}, 'path_level': {}}",[],0.0,0.0,False,True,False,0,[],0,0.0,,,,5.0,0.0
12,9,9,2489.0,4580.0,1326880.0910197524,2236499.251165665,0.5434497816593886,0.593284388683869,28,12,0,157.70037690170093,42269.0,6719,35550.0,0.07362470701778578,0.1021820385897565,11,4.700376901700943,153.0,10,25,False,{},{},{},{},0.0,0.0,0.0,0.0,0.0,0.0,0.0,0.0,0.0,0.0,0.0,0.0,0.0,0.0,Leave Event,0.0,"{'node_level': {}, 'link_level': {}, 'path_level': {}}","{'node_level': {}, 'link_level': {}, 'path_level': {}}","{'node_level': {}, 'link_level': {}, 'path_level': {}}",[],0.0,0.0,True,True,False,0,[],0,0.0,,,,,
13,9,9,2489.0,4580.0,1326880.0910197524,2236499.251165665,0.5434497816593886,0.593284388683869,28,13,1,161.0,42269.0,6719,35550.0,0.07362470701778578,0.1021820385897565,12,923.6638271383595,161.0,10,24,False,"{2: np.int64(53), 9: np.int64(78), 8: np.int64(32), 6: np.int64(41), 7: np.int64(68), 5: np.int64(43), 4: np.int64(98), 3: np.int64(13), 0: np.int64(11), 1: np.int64(60)}","{(2, 7): [(np.int64(53), 84), (84, 97), (97, np.int64(68))], (0, 2): [(np.int64(11), 43), (43, np.int64(53))], (7, 8): [(np.int64(68), 32)], (4, 8): [(np.int64(98), 60), (60, np.int64(32))], (4, 5): [(np.int64(98), 43)], (7, 9): [(np.int64(68), 78)], (4, 7): [(np.int64(98), 4), (4, np.int64(68))], (0, 9): [(np.int64(11), 27), (27, np.int64(78))], (6, 9): [(np.int64(41), 68), (68, np.int64(78))], (1, 6): [(np.int64(60), 40), (40, 38), (38, np.int64(41))], (1, 9): [(np.int64(60), 54), (54, 73), (73, np.int64(78))]}","{(2, np.int64(53)): {'cpu': 18}, (9, np.int64(78)): {'cpu': 9}, (8, np.int64(32)): {'cpu': 11}, (6, np.int64(41)): {'cpu': 11}, (7, np.int64(68)): {'cpu': 6}, (5, np.int64(43)): {'cpu': 11}, (4, np.int64(98)): {'cpu': 7}, (3, np.int64(13)): {'cpu': 13}, (0, np.int64(11)): {'cpu': 3}, (1, np.int64(60)): {'cpu': 4}}","{((2, 7), (np.int64(53), 84)): {'bw': 48.0}, ((2, 7), (84, 97)): {'bw': 48.0}, ((2, 7), (97, np.int64(68))): {'bw': 48.0}, ((0, 2), (np.int64(11), 43)): {'bw': 48.0}, ((0, 2), (43, np.int64(53))): {'bw': 48.0}, ((7, 8), (np.int64(68), 32)): {'bw': 45.0}, ((4, 8), (np.int64(98), 60)): {'bw': 40.0}, ((4, 8), (60, np.int64(32))): {'bw': 40.0}, ((4, 5), (np.int64(98), 43)): {'bw': 40.0}, ((7, 9), (np.int64(68), 78)): {'bw': 40.0}, ((4, 7), (np.int64(98), 4)): {'bw': 38.0}, ((4, 7), (4, np.int64(68))): {'bw': 38.0}, ((0, 9), (np.int64(11), 27)): {'bw': 38.0}, ((0, 9), (27, np.int64(78))): {'bw': 38.0}, ((6, 9), (np.int64(41), 68)): {'bw': 33.0}, ((6, 9), (68, np.int64(78))): {'bw': 33.0}, ((1, 6), (np.int64(60), 40)): {'bw': 36.0}, ((1, 6), (40, 38)): {'bw': 36.0}, ((1, 6), (38, np.int64(41))): {'bw': 36.0}, ((1, 9), (np.int64(60), 54)): {'bw': 31.0}, ((1, 9), (54, 73)): {'bw': 31.0}, ((1, 9), (73, np.int64(78))): {'bw': 31.0}}",0.0,0.0,757.0,93.0,664.0,0.0,0.0,0.0,0.0,0.0,0.0,0.0,0.0,0.0,Route Failure,0.0,"{'node_level': {}, 'link_level': {}, 'path_level': {}}","{'node_level': {2: {'cpu': -60}, 9: {'cpu': -55}, 8: {'cpu': -69}, 6: {'cpu': -47}, 7: {'cpu': -42}, 5: {'cpu': -52}, 4: {'cpu': -42}, 3: {'cpu': -54}, 0: {'cpu': -70}, 1: {'cpu': -56}}, 'link_level': {}, 'path_level': {}}","{'node_level': {2: {'cpu': 0}, 9: {'cpu': 0}, 8: {'cpu': 0}, 6: {'cpu': 0}, 7: {'cpu': 0}, 5: {'cpu': 0}, 4: {'cpu': 0}, 3: {'cpu': 0}, 0: {'cpu': 0}, 1: {'cpu': 0}}, 'link_level': {}, 'path_level': {}}",[],0.0,0.0,True,False,False,0,[],0,0.0,"OrderedDict([((2, 7), 0), ((0, 2), 0), ((7, 8), 0), ((4, 8), 0), ((4, 5), 0), ((7, 9), 0), ((4, 7), 0), ((0, 9), 0), ((6, 9), 0), ((1, 6), 0), ((1, 9), 0)])",1.0,0.0,10.0,11.0
13,9,8,2489.0,4580.0,1326880.0910197524,2236499.251165665,0.5434497816593886,0.593284388683869,28,14,0,169.38524443762475,43902.0,6798,37104.0,0.06273266234661523,0.06293565006566315,9,43.385244437624735,126.0,9,22,False,{},{},{},{},0.0,0.0,0.0,0.0,0.0,0.0,0.0,0.0,0.0,0.0,0.0,0.0,0.0,0.0,Leave Event,0.0,"{'node_level': {}, 'link_level': {}, 'path_level': {}}","{'node_level': {}, 'link_level': {}, 'path_level': {}}","{'node_level': {}, 'link_level': {}, 'path_level': {}}",[],0.0,0.0,True,True,False,0,[],0,0.0,,,,,
13,9,7,2489.0,4580.0,1326880.0910197524,2236499.251165665,0.5434497816593886,0.593284388683869,28,15,0,174.1977268888015,44239.0,6824,37415.0,0.059147938783951415,0.05508132134559052,3,122.1977268888015,52.0,5,5,False,{},{},{},{},0.0,0.0,0.0,0.0,0.0,0.0,0.0,0.0,0.0,0.0,0.0,0.0,0.0,0.0,Leave Event,0.0,"{'node_level': {}, 'link_level': {}, 'path_level': {}}","{'node_level': {}, 'link_level': {}, 'path_level': {}}","{'node_level': {}, 'link_level': {}, 'path_level': {}}",[],0.0,0.0,True,True,False,0,[],0,0.0,,,,,
14,10,8,2570.0,4717.0,1369072.2076990309,2307861.226289877,0.5448378206487174,0.5932212006958297,28,16,1,175.0,44102.0,6805,37297.0,0.061767544464359614,0.058061420345489445,13,520.8903293738089,175.0,3,3,True,"{2: np.int64(5), 1: np.int64(91), 0: np.int64(98)}","{(1, 2): [(np.int64(91), 19), (19, np.int64(5))], (0, 2): [(np.int64(98), 90), (90, np.int64(5))], (0, 1): [(np.int64(98), 91)]}","{(2, np.int64(5)): {'cpu': 10}, (1, np.int64(91)): {'cpu': 7}, (0, np.int64(98)): {'cpu': 2}}","{((1, 2), (np.int64(91), 19)): {'bw': 43.0}, ((1, 2), (19, np.int64(5))): {'bw': 43.0}, ((0, 2), (np.int64(98), 90)): {'bw': 13.0}, ((0, 2), (90, np.int64(5))): {'bw': 13.0}, ((0, 1), (np.int64(98), 91)): {'bw': 6.0}}",137.0,81.0,81.0,19.0,62.0,19.0,62.0,19.0,118.0,56.0,0.5912408759124088,71361.97512421182,42192.116679278515,307.9716545932739,Success,0.0,"{'node_level': {}, 'link_level': {}, 'path_level': {}}","{'node_level': {2: {'cpu': -53}, 1: {'cpu': -66}, 0: {'cpu': -55}}, 'link_level': {}, 'path_level': {}}","{'node_level': {2: {'cpu': 0}, 1: {'cpu': 0}, 0: {'cpu': 0}}, 'link_level': {}, 'path_level': {}}",[],0.0,0.0,True,True,False,0,[],0,0.0,"OrderedDict([((1, 2), 0), ((0, 2), 0), ((0, 1), 0)])",0.0,0.0,3.0,3.0
15,10,8,2570.0,4717.0,1369072.2076990309,2307861.226289877,0.5448378206487174,0.5932212006958297,28,17,1,188.0,44102.0,6805,37297.0,0.061767544464359614,0.058061420345489445,14,920.6412263936853,188.0,8,14,False,"{4: np.int64(98), 3: np.int64(18), 7: np.int64(52), 6: np.int64(91), 0: np.int64(10), 5: np.int64(1)}",{},"{(4, np.int64(98)): {'cpu': 19}, (3, np.int64(18)): {'cpu': 19}, (7, np.int64(52)): {'cpu': 15}, (6, np.int64(91)): {'cpu': 12}, (0, np.int64(10)): {'cpu': 6}, (5, np.int64(1)): {'cpu': 11}}",{},0.0,0.0,424.0,92.0,332.0,0.0,0.0,0.0,0.0,0.0,0.0,0.0,0.0,0.0,Place Failure,0.0,"{'node_level': {}, 'link_level': {}, 'path_level': {}}","{'node_level': {4: {'cpu': -36}, 3: {'cpu': -13}, 7: {'cpu': -85}, 6: {'cpu': -54}, 0: {'cpu': -75}, 5: {'cpu': -40}}, 'link_level': {}, 'path_level': {}}","{'node_level': {4: {'cpu': 0}, 3: {'cpu': 0}, 7: {'cpu': 0}, 6: {'cpu': 0}, 0: {'cpu': 0}, 5: {'cpu': 0}}, 'link_level': {}, 'path_level': {}}",[],0.0,0.0,False,True,False,0,[],0,0.0,,,,6.0,0.0
16,11,9,3014.0,5588.0,1437341.1423645907,2441785.1949693873,0.5393700787401575,0.5886435650956638,29,18,1,198.0,43231.0,6705,36526.0,0.07555494278229702,0.07753308414991411,15,153.75886185936875,198.0,9,12,True,"{1: np.int64(98), 8: np.int64(18), 7: np.int64(52), 4: np.int64(10), 2: np.int64(55), 5: np.int64(41), 6: np.int64(38), 0: np.int64(1), 3: np.int64(7)}","{(4, 8): [(np.int64(10), 37), (37, np.int64(18))], (5, 7): [(np.int64(41), 94), (94, np.int64(52))], (1, 5): [(np.int64(98), 78), (78, 46), (46, np.int64(41))], (0, 7): [(np.int64(1), 72), (72, np.int64(52))], (1, 2): [(np.int64(98), 55)], (0, 8): [(np.int64(1), 33), (33, np.int64(18))], (1, 4): [(np.int64(98), 63), (63, 3), (3, np.int64(10))], (0, 4): [(np.int64(1), 77), (77, 3), (3, np.int64(10))], (0, 6): [(np.int64(1), 12), (12, 2), (2, np.int64(38))], (1, 6): [(np.int64(98), 45), (45, np.int64(38))], (0, 3): [(np.int64(1), 12), (12, np.int64(7))], (3, 8): [(np.int64(7), 70), (70, 37), (37, np.int64(18))]}","{(1, np.int64(98)): {'cpu': 19}, (8, np.int64(18)): {'cpu': 17}, (7, np.int64(52)): {'cpu': 14}, (4, np.int64(10)): {'cpu': 8}, (2, np.int64(55)): {'cpu': 13}, (5, np.int64(41)): {'cpu': 3}, (6, np.int64(38)): {'cpu': 8}, (0, np.int64(1)): {'cpu': 2}, (3, np.int64(7)): {'cpu': 16}}","{((4, 8), (np.int64(10), 37)): {'bw': 49.0}, ((4, 8), (37, np.int64(18))): {'bw': 49.0}, ((5, 7), (np.int64(41), 94)): {'bw': 47.0}, ((5, 7), (94, np.int64(52))): {'bw': 47.0}, ((1, 5), (np.int64(98), 78)): {'bw': 49.0}, ((1, 5), (78, 46)): {'bw': 49.0}, ((1, 5), (46, np.int64(41))): {'bw': 49.0}, ((0, 7), (np.int64(1), 72)): {'bw': 46.0}, ((0, 7), (72, np.int64(52))): {'bw': 46.0}, ((1, 2), (np.int64(98), 55)): {'bw': 38.0}, ((0, 8), (np.int64(1), 33)): {'bw': 28.0}, ((0, 8), (33, np.int64(18))): {'bw': 28.0}, ((1, 4), (np.int64(98), 63)): {'bw': 25.0}, ((1, 4), (63, 3)): {'bw': 25.0}, ((1, 4), (3, np.int64(10))): {'bw': 25.0}, ((0, 4), (np.int64(1), 77)): {'bw': 25.0}, ((0, 4), (77, 3)): {'bw': 25.0}, ((0, 4), (3, np.int64(10))): {'bw': 25.0}, ((0, 6), (np.int64(1), 12)): {'bw': 17.0}, ((0, 6), (12, 2)): {'bw': 17.0}, ((0, 6), (2, np.int64(38))): {'bw': 17.0}, ((1, 6), (np.int64(98), 45)): {'bw': 13.0}, ((1, 6), (45, np.int64(38))): {'bw': 13.0}, ((0, 3), (np.int64(1), 12)): {'bw': 2.0}, ((0, 3), (12, np.int64(7))): {'bw': 2.0}, ((3, 8), (np.int64(7), 70)): {'bw': 5.0}, ((3, 8), (70, 37)): {'bw': 5.0}, ((3, 8), (37, np.int64(18))): {'bw': 5.0}}",871.0,444.0,444.0,100.0,344.0,100.0,344.0,100.0,771.0,427.0,0.5097588978185993,133923.96867951017,68268.93466555972,78.37994795127408,Success,0.0,"{'node_level': {}, 'link_level': {}, 'path_level': {}}","{'node_level': {1: {'cpu': -36}, 8: {'cpu': -15}, 7: {'cpu': -86}, 4: {'cpu': -73}, 2: {'cpu': -37}, 5: {'cpu': -55}, 6: {'cpu': -52}, 0: {'cpu': -49}, 3: {'cpu': -36}}, 'link_level': {}, 'path_level': {}}","{'node_level': {1: {'cpu': 0}, 8: {'cpu': 0}, 7: {'cpu': 0}, 4: {'cpu': 0}, 2: {'cpu': 0}, 5: {'cpu': 0}, 6: {'cpu': 0}, 0: {'cpu': 0}, 3: {'cpu': 0}}, 'link_level': {}, 'path_level': {}}",[],0.0,0.0,True,True,False,0,[],0,0.0,"OrderedDict([((4, 8), 0), ((5, 7), 0), ((1, 5), 0), ((0, 7), 0), ((1, 2), 0), ((0, 8), 0), ((1, 4), 0), ((0, 4), 0), ((0, 6), 0), ((1, 6), 0), ((0, 3), 0), ((3, 8), 0)])",3.0,0.0,9.0,12.0
17,12,10,3557.0,6702.0,1575045.9763293136,2724295.6646502367,0.5307370934049538,0.5781479583022897,31,19,1,215.0,42117.0,6605,35512.0,0.08934234110023442,0.10314173148802908,16,253.60006255013423,215.0,9,22,True,"{4: np.int64(53), 7: np.int64(79), 6: np.int64(91), 8: np.int64(32), 0: np.int64(60), 5: np.int64(43), 2: np.int64(0), 1: np.int64(5), 3: np.int64(13)}","{(2, 6): [(np.int64(0), 38), (38, np.int64(91))], (0, 1): [(np.int64(60), 40), (40, 85), (85, np.int64(5))], (4, 6): [(np.int64(53), 30), (30, np.int64(91))], (2, 3): [(np.int64(0), 30), (30, np.int64(13))], (6, 7): [(np.int64(91), 69), (69, np.int64(79))], (0, 2): [(np.int64(60), 80), (80, 50), (50, np.int64(0))], (0, 4): [(np.int64(60), 40), (40, 30), (30, np.int64(53))], (7, 8): [(np.int64(79), 11), (11, 36), (36, np.int64(32))], (2, 5): [(np.int64(0), 43)], (2, 4): [(np.int64(0), 43), (43, np.int64(53))], (3, 7): [(np.int64(13), 4), (4, np.int64(79))], (4, 7): [(np.int64(53), 33), (33, np.int64(79))], (1, 2): [(np.int64(5), 83), (83, np.int64(0))], (4, 8): [(np.int64(53), 84), (84, 99), (99, np.int64(32))], (1, 4): [(np.int64(5), 85), (85, 30), (30, np.int64(53))], (0, 8): [(np.int64(60), 32)], (3, 5): [(np.int64(13), 95), (95, 53), (53, np.int64(43))], (5, 6): [(np.int64(43), 16), (16, 76), (76, np.int64(91))], (1, 7): [(np.int64(5), 79)], (4, 5): [(np.int64(53), 43)], (0, 5): [(np.int64(60), 46), (46, 39), (39, np.int64(43))], (1, 6): [(np.int64(5), 15), (15, 89), (89, np.int64(91))]}","{(4, np.int64(53)): {'cpu': 20}, (7, np.int64(79)): {'cpu': 15}, (6, np.int64(91)): {'cpu': 7}, (8, np.int64(32)): {'cpu': 16}, (0, np.int64(60)): {'cpu': 7}, (5, np.int64(43)): {'cpu': 19}, (2, np.int64(0)): {'cpu': 4}, (1, np.int64(5)): {'cpu': 7}, (3, np.int64(13)): {'cpu': 5}}","{((2, 6), (np.int64(0), 38)): {'bw': 48.0}, ((2, 6), (38, np.int64(91))): {'bw': 48.0}, ((0, 1), (np.int64(60), 40)): {'bw': 50.0}, ((0, 1), (40, 85)): {'bw': 50.0}, ((0, 1), (85, np.int64(5))): {'bw': 50.0}, ((4, 6), (np.int64(53), 30)): {'bw': 42.0}, ((4, 6), (30, np.int64(91))): {'bw': 42.0}, ((2, 3), (np.int64(0), 30)): {'bw': 37.0}, ((2, 3), (30, np.int64(13))): {'bw': 37.0}, ((6, 7), (np.int64(91), 69)): {'bw': 33.0}, ((6, 7), (69, np.int64(79))): {'bw': 33.0}, ((0, 2), (np.int64(60), 80)): {'bw': 28.0}, ((0, 2), (80, 50)): {'bw': 28.0}, ((0, 2), (50, np.int64(0))): {'bw': 28.0}, ((0, 4), (np.int64(60), 40)): {'bw': 22.0}, ((0, 4), (40, 30)): {'bw': 22.0}, ((0, 4), (30, np.int64(53))): {'bw': 22.0}, ((7, 8), (np.int64(79), 11)): {'bw': 23.0}, ((7, 8), (11, 36)): {'bw': 23.0}, ((7, 8), (36, np.int64(32))): {'bw': 23.0}, ((2, 5), (np.int64(0), 43)): {'bw': 20.0}, ((2, 4), (np.int64(0), 43)): {'bw': 21.0}, ((2, 4), (43, np.int64(53))): {'bw': 21.0}, ((3, 7), (np.int64(13), 4)): {'bw': 21.0}, ((3, 7), (4, np.int64(79))): {'bw': 21.0}, ((4, 7), (np.int64(53), 33)): {'bw': 17.0}, ((4, 7), (33, np.int64(79))): {'bw': 17.0}, ((1, 2), (np.int64(5), 83)): {'bw': 18.0}, ((1, 2), (83, np.int64(0))): {'bw': 18.0}, ((4, 8), (np.int64(53), 84)): {'bw': 17.0}, ((4, 8), (84, 99)): {'bw': 17.0}, ((4, 8), (99, np.int64(32))): {'bw': 17.0}, ((1, 4), (np.int64(5), 85)): {'bw': 12.0}, ((1, 4), (85, 30)): {'bw': 12.0}, ((1, 4), (30, np.int64(53))): {'bw': 12.0}, ((0, 8), (np.int64(60), 32)): {'bw': 10.0}, ((3, 5), (np.int64(13), 95)): {'bw': 6.0}, ((3, 5), (95, 53)): {'bw': 6.0}, ((3, 5), (53, np.int64(43))): {'bw': 6.0}, ((5, 6), (np.int64(43), 16)): {'bw': 6.0}, ((5, 6), (16, 76)): {'bw': 6.0}, ((5, 6), (76, np.int64(91))): {'bw': 6.0}, ((1, 7), (np.int64(5), 79)): {'bw': 4.0}, ((4, 5), (np.int64(53), 43)): {'bw': 5.0}, ((0, 5), (np.int64(60), 46)): {'bw': 2.0}, ((0, 5), (46, 39)): {'bw': 2.0}, ((0, 5), (39, np.int64(43))): {'bw': 2.0}, ((1, 6), (np.int64(5), 15)): {'bw': 1.0}, ((1, 6), (15, 89)): {'bw': 1.0}, ((1, 6), (89, np.int64(91))): {'bw': 1.0}}",1114.0,543.0,543.0,100.0,443.0,100.0,443.0,100.0,1014.0,571.0,0.4874326750448833,282510.4696808495,137704.83396472287,123.61295688036165,Success,0.0,"{'node_level': {}, 'link_level': {}, 'path_level': {}}","{'node_level': {4: {'cpu': -58}, 7: {'cpu': -70}, 6: {'cpu': -59}, 8: {'cpu': -64}, 0: {'cpu': -53}, 5: {'cpu': -44}, 2: {'cpu': -78}, 1: {'cpu': -46}, 3: {'cpu': -62}}, 'link_level': {}, 'path_level': {}}","{'node_level': {4: {'cpu': 0}, 7: {'cpu': 0}, 6: {'cpu': 0}, 8: {'cpu': 0}, 0: {'cpu': 0}, 5: {'cpu': 0}, 2: {'cpu': 0}, 1: {'cpu': 0}, 3: {'cpu': 0}}, 'link_level': {}, 'path_level': {}}",[],0.0,0.0,True,True,False,0,[],0,0.0,"OrderedDict([((2, 6), 0), ((0, 1), 0), ((4, 6), 0), ((2, 3), 0), ((6, 7), 0), ((0, 2), 0), ((0, 4), 0), ((7, 8), 0), ((2, 5), 0), ((2, 4), 0), ((3, 7), 0), ((4, 7), 0), ((1, 2), 0), ((4, 8), 0), ((1, 4), 0), ((0, 8), 0), ((3, 5), 0), ((5, 6), 0), ((1, 7), 0), ((4, 5), 0), ((0, 5), 0), ((1, 6), 0)])",0.0,0.0,9.0,22.0
18,13,11,4174.0,8041.0,1823325.9712195168,3263107.5174184414,0.5190896654644944,0.5587698111345144,37,20,1,227.0,40778.0,6469,34309.0,0.10809320281262924,0.13352358824123645,17,402.39869512188545,227.0,10,18,True,"{9: np.int64(77), 3: np.int64(95), 0: np.int64(68), 5: np.int64(90), 6: np.int64(9), 8: np.int64(36), 1: np.int64(41), 4: np.int64(78), 2: np.int64(64), 7: np.int64(33)}","{(7, 9): [(np.int64(33), 49), (49, 80), (80, 97), (97, np.int64(77))], (4, 5): [(np.int64(78), 68), (68, 29), (29, np.int64(90))], (2, 9): [(np.int64(64), 34), (34, 97), (97, np.int64(77))], (3, 7): [(np.int64(95), 33)], (0, 6): [(np.int64(68), 97), (97, np.int64(9))], (3, 8): [(np.int64(95), 88), (88, np.int64(36))], (0, 9): [(np.int64(68), 59), (59, np.int64(77))], (6, 9): [(np.int64(9), 81), (81, 59), (59, np.int64(77))], (1, 5): [(np.int64(41), 68), (68, 82), (82, 51), (51, np.int64(90))], (0, 3): [(np.int64(68), 41), (41, np.int64(95))], (5, 7): [(np.int64(90), 48), (48, 95), (95, np.int64(33))], (3, 5): [(np.int64(95), 48), (48, np.int64(90))], (5, 6): [(np.int64(90), 29), (29, np.int64(9))], (0, 1): [(np.int64(68), 41)], (2, 7): [(np.int64(64), 25), (25, np.int64(33))], (7, 8): [(np.int64(33), 91), (91, np.int64(36))], (8, 9): [(np.int64(36), 91), (91, np.int64(77))], (0, 8): [(np.int64(68), 41), (41, np.int64(36))]}","{(9, np.int64(77)): {'cpu': 19}, (3, np.int64(95)): {'cpu': 20}, (0, np.int64(68)): {'cpu': 16}, (5, np.int64(90)): {'cpu': 14}, (6, np.int64(9)): {'cpu': 19}, (8, np.int64(36)): {'cpu': 12}, (1, np.int64(41)): {'cpu': 15}, (4, np.int64(78)): {'cpu': 11}, (2, np.int64(64)): {'cpu': 8}, (7, np.int64(33)): {'cpu': 2}}","{((7, 9), (np.int64(33), 49)): {'bw': 49.0}, ((7, 9), (49, 80)): {'bw': 49.0}, ((7, 9), (80, 97)): {'bw': 49.0}, ((7, 9), (97, np.int64(77))): {'bw': 49.0}, ((4, 5), (np.int64(78), 68)): {'bw': 50.0}, ((4, 5), (68, 29)): {'bw': 50.0}, ((4, 5), (29, np.int64(90))): {'bw': 50.0}, ((2, 9), (np.int64(64), 34)): {'bw': 45.0}, ((2, 9), (34, 97)): {'bw': 45.0}, ((2, 9), (97, np.int64(77))): {'bw': 45.0}, ((3, 7), (np.int64(95), 33)): {'bw': 41.0}, ((0, 6), (np.int64(68), 97)): {'bw': 38.0}, ((0, 6), (97, np.int64(9))): {'bw': 38.0}, ((3, 8), (np.int64(95), 88)): {'bw': 37.0}, ((3, 8), (88, np.int64(36))): {'bw': 37.0}, ((0, 9), (np.int64(68), 59)): {'bw': 35.0}, ((0, 9), (59, np.int64(77))): {'bw': 35.0}, ((6, 9), (np.int64(9), 81)): {'bw': 32.0}, ((6, 9), (81, 59)): {'bw': 32.0}, ((6, 9), (59, np.int64(77))): {'bw': 32.0}, ((1, 5), (np.int64(41), 68)): {'bw': 27.0}, ((1, 5), (68, 82)): {'bw': 27.0}, ((1, 5), (82, 51)): {'bw': 27.0}, ((1, 5), (51, np.int64(90))): {'bw': 27.0}, ((0, 3), (np.int64(68), 41)): {'bw': 26.0}, ((0, 3), (41, np.int64(95))): {'bw': 26.0}, ((5, 7), (np.int64(90), 48)): {'bw': 18.0}, ((5, 7), (48, 95)): {'bw': 18.0}, ((5, 7), (95, np.int64(33))): {'bw': 18.0}, ((3, 5), (np.int64(95), 48)): {'bw': 12.0}, ((3, 5), (48, np.int64(90))): {'bw': 12.0}, ((5, 6), (np.int64(90), 29)): {'bw': 13.0}, ((5, 6), (29, np.int64(9))): {'bw': 13.0}, ((0, 1), (np.int64(68), 41)): {'bw': 15.0}, ((2, 7), (np.int64(64), 25)): {'bw': 12.0}, ((2, 7), (25, np.int64(33))): {'bw': 12.0}, ((7, 8), (np.int64(33), 91)): {'bw': 11.0}, ((7, 8), (91, np.int64(36))): {'bw': 11.0}, ((8, 9), (np.int64(36), 91)): {'bw': 11.0}, ((8, 9), (91, np.int64(77))): {'bw': 11.0}, ((0, 8), (np.int64(68), 41)): {'bw': 9.0}, ((0, 8), (41, np.int64(36))): {'bw': 9.0}}",1339.0,617.0,617.0,136.0,481.0,136.0,481.0,136.0,1203.0,722.0,0.4607916355489171,538811.8527682046,248279.99489020332,185.42195286796365,Success,0.0,"{'node_level': {}, 'link_level': {}, 'path_level': {}}","{'node_level': {9: {'cpu': -24}, 3: {'cpu': -65}, 0: {'cpu': -35}, 5: {'cpu': -72}, 6: {'cpu': -81}, 8: {'cpu': -62}, 1: {'cpu': -40}, 4: {'cpu': -53}, 2: {'cpu': -69}, 7: {'cpu': -48}}, 'link_level': {}, 'path_level': {}}","{'node_level': {9: {'cpu': 0}, 3: {'cpu': 0}, 0: {'cpu': 0}, 5: {'cpu': 0}, 6: {'cpu': 0}, 8: {'cpu': 0}, 1: {'cpu': 0}, 4: {'cpu': 0}, 2: {'cpu': 0}, 7: {'cpu': 0}}, 'link_level': {}, 'path_level': {}}",[],0.0,0.0,True,True,False,0,[],0,0.0,"OrderedDict([((7, 9), 0), ((4, 5), 0), ((2, 9), 0), ((3, 7), 0), ((0, 6), 0), ((3, 8), 0), ((0, 9), 0), ((6, 9), 0), ((1, 5), 0), ((0, 3), 0), ((5, 7), 0), ((3, 5), 0), ((5, 6), 0), ((0, 1), 0), ((2, 7), 0), ((7, 8), 0), ((8, 9), 0), ((0, 8), 0)])",0.0,0.0,10.0,18.0
19,14,12,4250.0,8117.0,1830175.5567793224,3269957.1029782468,0.5235924602685721,0.5596940568768977,38,21,1,243.0,40702.0,6450,34252.0,0.11071280849303733,0.13496312758864537,18,90.12612578691468,243.0,3,2,True,"{1: np.int64(1), 0: np.int64(13), 2: np.int64(46)}","{(0, 1): [(np.int64(13), 1)], (0, 2): [(np.int64(13), 46)]}","{(1, np.int64(1)): {'cpu': 11}, (0, np.int64(13)): {'cpu': 3}, (2, np.int64(46)): {'cpu': 5}}","{((0, 1), (np.int64(13), 1)): {'bw': 37.0}, ((0, 2), (np.int64(13), 46)): {'bw': 20.0}}",76.0,76.0,76.0,19.0,57.0,19.0,57.0,19.0,57.0,0.0,1.0,6849.585559805516,6849.585559805516,90.12612578691468,Success,0.0,"{'node_level': {}, 'link_level': {}, 'path_level': {}}","{'node_level': {1: {'cpu': -38}, 0: {'cpu': -59}, 2: {'cpu': -77}}, 'link_level': {}, 'path_level': {}}","{'node_level': {1: {'cpu': 0}, 0: {'cpu': 0}, 2: {'cpu': 0}}, 'link_level': {}, 'path_level': {}}",[],0.0,0.0,True,True,False,0,[],0,0.0,"OrderedDict([((0, 1), 0), ((0, 2), 0)])",0.0,0.0,3.0,2.0
20,15,13,4589.0,8820.0,1908438.942854167,3432255.5112691484,0.5202947845804988,0.5560305567543489,39,22,1,260.0,39999.0,6395,33604.0,0.11829587756790294,0.15132841701181943,19,230.86544564850888,260.0,7,12,True,"{3: np.int64(4), 2: np.int64(75), 0: np.int64(38), 4: np.int64(10), 6: np.int64(25), 1: np.int64(83), 5: np.int64(7)}","{(3, 5): [(np.int64(4), 68), (68, np.int64(7))], (0, 3): [(np.int64(38), 75), (75, 6), (6, np.int64(4))], (4, 5): [(np.int64(10), 68), (68, np.int64(7))], (1, 4): [(np.int64(83), 85), (85, np.int64(10))], (2, 3): [(np.int64(75), 50), (50, np.int64(4))], (1, 6): [(np.int64(83), 19), (19, 11), (11, np.int64(25))], (2, 4): [(np.int64(75), 16), (16, np.int64(10))], (4, 6): [(np.int64(10), 3), (3, 41), (41, np.int64(25))], (0, 2): [(np.int64(38), 75)], (1, 5): [(np.int64(83), 88), (88, 15), (15, np.int64(7))], (2, 5): [(np.int64(75), 45), (45, 42), (42, np.int64(7))], (0, 5): [(np.int64(38), 7)]}","{(3, np.int64(4)): {'cpu': 15, 'nic_slots': 1}, (2, np.int64(75)): {'cpu': 10}, (0, np.int64(38)): {'cpu': 10}, (4, np.int64(10)): {'cpu': 5}, (6, np.int64(25)): {'cpu': 11}, (1, np.int64(83)): {'cpu': 3}, (5, np.int64(7)): {'cpu': 1, 'nic_slots': 1}}","{((3, 5), (np.int64(4), 68)): {'bw': 48.0}, ((3, 5), (68, np.int64(7))): {'bw': 48.0}, ((0, 3), (np.int64(38), 75)): {'bw': 44.0}, ((0, 3), (75, 6)): {'bw': 44.0}, ((0, 3), (6, np.int64(4))): {'bw': 44.0}, ((4, 5), (np.int64(10), 68)): {'bw': 35.0}, ((4, 5), (68, np.int64(7))): {'bw': 35.0}, ((1, 4), (np.int64(83), 85)): {'bw': 38.0}, ((1, 4), (85, np.int64(10))): {'bw': 38.0}, ((2, 3), (np.int64(75), 50)): {'bw': 31.0}, ((2, 3), (50, np.int64(4))): {'bw': 31.0}, ((1, 6), (np.int64(83), 19)): {'bw': 24.0}, ((1, 6), (19, 11)): {'bw': 24.0}, ((1, 6), (11, np.int64(25))): {'bw': 24.0}, ((2, 4), (np.int64(75), 16)): {'bw': 18.0}, ((2, 4), (16, np.int64(10))): {'bw': 18.0}, ((4, 6), (np.int64(10), 3)): {'bw': 17.0}, ((4, 6), (3, 41)): {'bw': 17.0}, ((4, 6), (41, np.int64(25))): {'bw': 17.0}, ((0, 2), (np.int64(38), 75)): {'bw': 14.0}, ((1, 5), (np.int64(83), 88)): {'bw': 8.0}, ((1, 5), (88, 15)): {'bw': 8.0}, ((1, 5), (15, np.int64(7))): {'bw': 8.0}, ((2, 5), (np.int64(75), 45)): {'bw': 4.0}, ((2, 5), (45, 42)): {'bw': 4.0}, ((2, 5), (42, np.int64(7))): {'bw': 4.0}, ((0, 5), (np.int64(38), 7)): {'bw': 3.0}}",703.0,339.0,339.0,55.0,284.0,55.0,284.0,55.0,648.0,364.0,0.4822190611664296,162298.40829090175,78263.38607484451,111.32771845639333,Success,0.0,"{'node_level': {}, 'link_level': {}, 'path_level': {}}","{'node_level': {3: {'cpu': -25}, 2: {'cpu': -58}, 0: {'cpu': -42}, 4: {'cpu': -68}, 6: {'cpu': -37}, 1: {'cpu': -58}, 5: {'cpu': -35}}, 'link_level': {}, 'path_level': {}}","{'node_level': {3: {'cpu': 0}, 2: {'cpu': 0}, 0: {'cpu': 0}, 4: {'cpu': 0}, 6: {'cpu': 0}, 1: {'cpu': 0}, 5: {'cpu': 0}}, 'link_level': {}, 'path_level': {}}",[],0.0,0.0,True,True,False,0,[],0,0.0,"OrderedDict([((3, 5), 1), ((0, 3), 0), ((4, 5), 0), ((1, 4), 0), ((2, 3), 0), ((1, 6), 0), ((2, 4), 0), ((4, 6), 0), ((0, 2), 0), ((1, 5), 0), ((2, 5), 0), ((0, 5), 0)])",2.0,1.0,7.0,12.0
21,15,13,4589.0,8820.0,1908438.942854167,3432255.5112691484,0.5202947845804988,0.5560305567543489,39,23,1,281.0,39999.0,6395,33604.0,0.11829587756790294,0.15132841701181943,20,79.17075280023421,281.0,10,28,False,"{4: np.int64(20), 7: np.int64(28), 2: np.int64(72), 0: np.int64(52), 8: np.int64(79), 3: np.int64(5), 5: np.int64(69), 1: np.int64(82), 6: np.int64(49), 9: np.int64(2)}","{(8, 9): [(np.int64(79), 82), (82, 68), (68, 24), (24, np.int64(2))], (0, 9): [(np.int64(52), 93), (93, 99), (99, np.int64(2))], (5, 8): [(np.int64(69), 12), (12, np.int64(79))], (1, 2): [(np.int64(82), 72)], (1, 4): [(np.int64(82), 51), (51, 6), (6, 56), (56, np.int64(20))], (3, 7): [(np.int64(5), 42), (42, np.int64(28))], (0, 2): [(np.int64(52), 72)], (4, 9): [(np.int64(20), 28), (28, 8), (8, np.int64(2))], (5, 7): [(np.int64(69), 91), (91, 76), (76, np.int64(28))], (4, 7): [(np.int64(20), 28)], (2, 5): [(np.int64(72), 69)], (7, 9): [(np.int64(28), 8), (8, np.int64(2))], (0, 5): [(np.int64(52), 79), (79, np.int64(69))], (6, 8): [(np.int64(49), 33), (33, np.int64(79))], (1, 6): [(np.int64(82), 97), (97, 80), (80, np.int64(49))], (1, 7): [(np.int64(82), 51), (51, 68), (68, np.int64(28))], (3, 8): [(np.int64(5), 79)], (0, 4): [(np.int64(52), 93), (93, np.int64(20))]}","{(4, np.int64(20)): {'cpu': 17}, (7, np.int64(28)): {'cpu': 12}, (2, np.int64(72)): {'cpu': 15}, (0, np.int64(52)): {'cpu': 12}, (8, np.int64(79)): {'cpu': 7}, (3, np.int64(5)): {'cpu': 15}, (5, np.int64(69)): {'cpu': 4}, (1, np.int64(82)): {'cpu': 4}, (6, np.int64(49)): {'cpu': 7}, (9, np.int64(2)): {'cpu': 3}}","{((8, 9), (np.int64(79), 82)): {'bw': 45.0}, ((8, 9), (82, 68)): {'bw': 45.0}, ((8, 9), (68, 24)): {'bw': 45.0}, ((8, 9), (24, np.int64(2))): {'bw': 45.0}, ((0, 9), (np.int64(52), 93)): {'bw': 46.0}, ((0, 9), (93, 99)): {'bw': 46.0}, ((0, 9), (99, np.int64(2))): {'bw': 46.0}, ((5, 8), (np.int64(69), 12)): {'bw': 43.0}, ((5, 8), (12, np.int64(79))): {'bw': 43.0}, ((1, 2), (np.int64(82), 72)): {'bw': 41.0}, ((1, 4), (np.int64(82), 51)): {'bw': 40.0}, ((1, 4), (51, 6)): {'bw': 40.0}, ((1, 4), (6, 56)): {'bw': 40.0}, ((1, 4), (56, np.int64(20))): {'bw': 40.0}, ((3, 7), (np.int64(5), 42)): {'bw': 34.0}, ((3, 7), (42, np.int64(28))): {'bw': 34.0}, ((0, 2), (np.int64(52), 72)): {'bw': 33.0}, ((4, 9), (np.int64(20), 28)): {'bw': 31.0}, ((4, 9), (28, 8)): {'bw': 31.0}, ((4, 9), (8, np.int64(2))): {'bw': 31.0}, ((5, 7), (np.int64(69), 91)): {'bw': 31.0}, ((5, 7), (91, 76)): {'bw': 31.0}, ((5, 7), (76, np.int64(28))): {'bw': 31.0}, ((4, 7), (np.int64(20), 28)): {'bw': 30.0}, ((2, 5), (np.int64(72), 69)): {'bw': 27.0}, ((7, 9), (np.int64(28), 8)): {'bw': 26.0}, ((7, 9), (8, np.int64(2))): {'bw': 26.0}, ((0, 5), (np.int64(52), 79)): {'bw': 22.0}, ((0, 5), (79, np.int64(69))): {'bw': 22.0}, ((6, 8), (np.int64(49), 33)): {'bw': 22.0}, ((6, 8), (33, np.int64(79))): {'bw': 22.0}, ((1, 6), (np.int64(82), 97)): {'bw': 25.0}, ((1, 6), (97, 80)): {'bw': 25.0}, ((1, 6), (80, np.int64(49))): {'bw': 25.0}, ((1, 7), (np.int64(82), 51)): {'bw': 23.0}, ((1, 7), (51, 68)): {'bw': 23.0}, ((1, 7), (68, np.int64(28))): {'bw': 23.0}, ((3, 8), (np.int64(5), 79)): {'bw': 23.0}, ((0, 4), (np.int64(52), 93)): {'bw': 23.0}, ((0, 4), (93, np.int64(20))): {'bw': 23.0}}",0.0,0.0,759.0,96.0,663.0,0.0,0.0,0.0,0.0,0.0,0.0,0.0,0.0,0.0,Route Failure,0.0,"{'node_level': {}, 'link_level': {}, 'path_level': {}}","{'node_level': {4: {'cpu': -79}, 7: {'cpu': -38}, 2: {'cpu': -46}, 0: {'cpu': -74}, 8: {'cpu': -63}, 3: {'cpu': -31}, 5: {'cpu': -85}, 1: {'cpu': -66}, 6: {'cpu': -49}, 9: {'cpu': -47}}, 'link_level': {}, 'path_level': {}}","{'node_level': {4: {'cpu': 0}, 7: {'cpu': 0}, 2: {'cpu': 0}, 0: {'cpu': 0}, 8: {'cpu': 0}, 3: {'cpu': 0}, 5: {'cpu': 0}, 1: {'cpu': 0}, 6: {'cpu': 0}, 9: {'cpu': 0}}, 'link_level': {}, 'path_level': {}}",[],0.0,0.0,True,False,False,0,[],0,0.0,"OrderedDict([((8, 9), 0), ((0, 9), 0), ((5, 8), 0), ((1, 2), 0), ((1, 4), 0), ((3, 7), 0), ((0, 2), 0), ((4, 9), 0), ((5, 7), 0), ((4, 7), 0), ((2, 5), 0), ((7, 9), 0), ((0, 5), 0), ((6, 8), 0), ((1, 6), 0), ((1, 7), 0), ((3, 8), 0), ((0, 4), 0)])",1.0,0.0,10.0,18.0
22,16,14,4875.0,9278.0,2028999.8169650864,3625321.526453768,0.525436516490623,0.5596744460207429,40,24,1,296.0,39541.0,6323,33218.0,0.12822280435681788,0.16107687645216684,21,421.54151787034783,296.0,6,9,True,"{1: np.int64(20), 3: np.int64(28), 0: np.int64(72), 4: np.int64(52), 2: np.int64(5), 5: np.int64(32)}","{(0, 1): [(np.int64(72), 20)], (1, 4): [(np.int64(20), 93), (93, np.int64(52))], (1, 3): [(np.int64(20), 28)], (2, 3): [(np.int64(5), 15), (15, 4), (4, np.int64(28))], (1, 5): [(np.int64(20), 28), (28, 68), (68, np.int64(32))], (0, 3): [(np.int64(72), 20), (20, np.int64(28))], (0, 4): [(np.int64(72), 52)], (3, 4): [(np.int64(28), 20), (20, 72), (72, np.int64(52))], (0, 5): [(np.int64(72), 45), (45, 44), (44, np.int64(32))]}","{(1, np.int64(20)): {'cpu': 18}, (3, np.int64(28)): {'cpu': 18}, (0, np.int64(72)): {'cpu': 11}, (4, np.int64(52)): {'cpu': 9}, (2, np.int64(5)): {'cpu': 12}, (5, np.int64(32)): {'cpu': 4}}","{((0, 1), (np.int64(72), 20)): {'bw': 49.0}, ((1, 4), (np.int64(20), 93)): {'bw': 40.0}, ((1, 4), (93, np.int64(52))): {'bw': 40.0}, ((1, 3), (np.int64(20), 28)): {'bw': 37.0}, ((2, 3), (np.int64(5), 15)): {'bw': 30.0}, ((2, 3), (15, 4)): {'bw': 30.0}, ((2, 3), (4, np.int64(28))): {'bw': 30.0}, ((1, 5), (np.int64(20), 28)): {'bw': 22.0}, ((1, 5), (28, 68)): {'bw': 22.0}, ((1, 5), (68, np.int64(32))): {'bw': 22.0}, ((0, 3), (np.int64(72), 20)): {'bw': 12.0}, ((0, 3), (20, np.int64(28))): {'bw': 12.0}, ((0, 4), (np.int64(72), 52)): {'bw': 16.0}, ((3, 4), (np.int64(28), 20)): {'bw': 4.0}, ((3, 4), (20, 72)): {'bw': 4.0}, ((3, 4), (72, np.int64(52))): {'bw': 4.0}, ((0, 5), (np.int64(72), 45)): {'bw': 4.0}, ((0, 5), (45, 44)): {'bw': 4.0}, ((0, 5), (44, np.int64(32))): {'bw': 4.0}}",458.0,286.0,286.0,72.0,214.0,72.0,214.0,72.0,386.0,172.0,0.6244541484716157,193066.01518461932,120560.87411091948,263.23334958716043,Success,0.0,"{'node_level': {}, 'link_level': {}, 'path_level': {}}","{'node_level': {1: {'cpu': -78}, 3: {'cpu': -32}, 0: {'cpu': -50}, 4: {'cpu': -77}, 2: {'cpu': -34}, 5: {'cpu': -60}}, 'link_level': {}, 'path_level': {}}","{'node_level': {1: {'cpu': 0}, 3: {'cpu': 0}, 0: {'cpu': 0}, 4: {'cpu': 0}, 2: {'cpu': 0}, 5: {'cpu': 0}}, 'link_level': {}, 'path_level': {}}",[],0.0,0.0,True,True,False,0,[],0,0.0,"OrderedDict([((0, 1), 0), ((1, 4), 0), ((1, 3), 0), ((2, 3), 0), ((1, 5), 0), ((0, 3), 0), ((0, 4), 0), ((3, 4), 0), ((0, 5), 0)])",1.0,0.0,6.0,9.0
22,16,14,4875.0,9278.0,2028999.8169650864,3625321.526453768,0.525436516490623,0.5596744460207429,40,25,0,303.6702058616888,39541.0,6323,33218.0,0.12822280435681788,0.16107687645216684,10,162.6702058616888,141.0,8,14,False,{},{},{},{},0.0,0.0,0.0,0.0,0.0,0.0,0.0,0.0,0.0,0.0,0.0,0.0,0.0,0.0,Leave Event,0.0,"{'node_level': {}, 'link_level': {}, 'path_level': {}}","{'node_level': {}, 'link_level': {}, 'path_level': {}}","{'node_level': {}, 'link_level': {}, 'path_level': {}}",[],0.0,0.0,True,True,False,0,[],0,0.0,,,,,
23,17,15,5134.0,9677.0,2186537.686926267,3868015.0017993706,0.5305363232406738,0.5652867648933902,41,26,1,311.0,39142.0,6248,32894.0,0.1385633530952709,0.16925952116375387,22,608.2543241744426,311.0,5,7,True,"{1: np.int64(69), 2: np.int64(60), 4: np.int64(49), 3: np.int64(18), 0: np.int64(13)}","{(1, 3): [(np.int64(69), 84), (84, np.int64(18))], (1, 4): [(np.int64(69), 45), (45, np.int64(49))], (0, 2): [(np.int64(13), 60)], (1, 2): [(np.int64(69), 48), (48, np.int64(60))], (0, 3): [(np.int64(13), 46), (46, np.int64(18))], (2, 4): [(np.int64(60), 49)], (3, 4): [(np.int64(18), 0), (0, np.int64(49))]}","{(1, np.int64(69)): {'cpu': 19}, (2, np.int64(60)): {'cpu': 18}, (4, np.int64(49)): {'cpu': 20}, (3, np.int64(18)): {'cpu': 8}, (0, np.int64(13)): {'cpu': 10}}","{((1, 3), (np.int64(69), 84)): {'bw': 48.0}, ((1, 3), (84, np.int64(18))): {'bw': 48.0}, ((1, 4), (np.int64(69), 45)): {'bw': 49.0}, ((1, 4), (45, np.int64(49))): {'bw': 49.0}, ((0, 2), (np.int64(13), 60)): {'bw': 36.0}, ((1, 2), (np.int64(69), 48)): {'bw': 29.0}, ((1, 2), (48, np.int64(60))): {'bw': 29.0}, ((0, 3), (np.int64(13), 46)): {'bw': 10.0}, ((0, 3), (46, np.int64(18))): {'bw': 10.0}, ((2, 4), (np.int64(60), 49)): {'bw': 8.0}, ((3, 4), (np.int64(18), 0)): {'bw': 4.0}, ((3, 4), (0, np.int64(49))): {'bw': 4.0}}",399.0,259.0,259.0,75.0,184.0,75.0,184.0,75.0,324.0,140.0,0.6491228070175439,242693.47534560258,157537.86996118064,394.83175428867327,Success,0.0,"{'node_level': {}, 'link_level': {}, 'path_level': {}}","{'node_level': {1: {'cpu': -70}, 2: {'cpu': -35}, 4: {'cpu': -36}, 3: {'cpu': -7}, 0: {'cpu': -49}}, 'link_level': {}, 'path_level': {}}","{'node_level': {1: {'cpu': 0}, 2: {'cpu': 0}, 4: {'cpu': 0}, 3: {'cpu': 0}, 0: {'cpu': 0}}, 'link_level': {}, 'path_level': {}}",[],0.0,0.0,True,True,False,0,[],0,0.0,"OrderedDict([((1, 3), 0), ((1, 4), 0), ((0, 2), 0), ((1, 2), 0), ((0, 3), 0), ((2, 4), 0), ((3, 4), 0)])",0.0,0.0,5.0,7.0
24,18,16,5158.0,9701.0,2190621.8478628006,3872099.162735904,0.5316977631172044,0.5657452859019695,42,27,1,320.0,39118.0,6236,32882.0,0.14021784089342337,0.16956258207899788,23,170.17337235555323,320.0,2,1,True,"{0: np.int64(34), 1: np.int64(91)}","{(0, 1): [(np.int64(34), 91)]}","{(0, np.int64(34)): {'cpu': 10}, (1, np.int64(91)): {'cpu': 2}}","{((0, 1), (np.int64(34), 91)): {'bw': 12.0}}",24.0,24.0,24.0,12.0,12.0,12.0,12.0,12.0,12.0,0.0,1.0,4084.1609365332774,4084.1609365332774,170.17337235555323,Success,0.0,"{'node_level': {}, 'link_level': {}, 'path_level': {}}","{'node_level': {0: {'cpu': -58}, 1: {'cpu': -57}}, 'link_level': {}, 'path_level': {}}","{'node_level': {0: {'cpu': 0}, 1: {'cpu': 0}}, 'link_level': {}, 'path_level': {}}",[],0.0,0.0,True,True,False,0,[],0,0.0,"OrderedDict([((0, 1), 0)])",0.0,0.0,2.0,1.0
24,18,15,5158.0,9701.0,2190621.8478628006,3872099.162735904,0.5316977631172044,0.5657452859019695,42,28,0,333.1261257869147,39194.0,6255,32939.0,0.13759823521301529,0.16812304273158907,18,90.12612578691468,243.0,3,2,False,{},{},{},{},0.0,0.0,0.0,0.0,0.0,0.0,0.0,0.0,0.0,0.0,0.0,0.0,0.0,0.0,Leave Event,0.0,"{'node_level': {}, 'link_level': {}, 'path_level': {}}","{'node_level': {}, 'link_level': {}, 'path_level': {}}","{'node_level': {}, 'link_level': {}, 'path_level': {}}",[],0.0,0.0,True,True,False,0,[],0,0.0,,,,,
25,19,16,5256.0,9837.0,2218449.151221479,3910716.644947947,0.5343092406221409,0.5672743265834355,44,29,1,334.0,39058.0,6214,32844.0,0.14325106852336966,0.17052227497727046,24,283.95207508855134,334.0,5,5,True,"{1: np.int64(1), 3: np.int64(64), 4: np.int64(79), 0: np.int64(42), 2: np.int64(31)}","{(1, 3): [(np.int64(1), 64)], (0, 1): [(np.int64(42), 80), (80, np.int64(1))], (3, 4): [(np.int64(64), 69), (69, np.int64(79))], (1, 2): [(np.int64(1), 77), (77, 3), (3, np.int64(31))], (0, 2): [(np.int64(42), 45), (45, np.int64(31))]}","{(1, np.int64(1)): {'cpu': 13, 'nic_slots': 1}, (3, np.int64(64)): {'cpu': 6}, (4, np.int64(79)): {'cpu': 13}, (0, np.int64(42)): {'cpu': 5}, (2, np.int64(31)): {'cpu': 4, 'nic_slots': 1}}","{((1, 3), (np.int64(1), 64)): {'bw': 21.0}, ((0, 1), (np.int64(42), 80)): {'bw': 19.0}, ((0, 1), (80, np.int64(1))): {'bw': 19.0}, ((3, 4), (np.int64(64), 69)): {'bw': 14.0}, ((3, 4), (69, np.int64(79))): {'bw': 14.0}, ((1, 2), (np.int64(1), 77)): {'bw': 2.0}, ((1, 2), (77, 3)): {'bw': 2.0}, ((1, 2), (3, np.int64(31))): {'bw': 2.0}, ((0, 2), (np.int64(42), 45)): {'bw': 1.0}, ((0, 2), (45, np.int64(31))): {'bw': 1.0}}",136.0,98.0,98.0,41.0,57.0,41.0,57.0,41.0,95.0,38.0,0.7205882352941176,38617.48221204298,27827.303358678033,204.61252469616198,Success,0.0,"{'node_level': {}, 'link_level': {}, 'path_level': {}}","{'node_level': {1: {'cpu': -36}, 3: {'cpu': -63}, 4: {'cpu': -57}, 0: {'cpu': -84}, 2: {'cpu': -61}}, 'link_level': {}, 'path_level': {}}","{'node_level': {1: {'cpu': 0}, 3: {'cpu': 0}, 4: {'cpu': 0}, 0: {'cpu': 0}, 2: {'cpu': 0}}, 'link_level': {}, 'path_level': {}}",[],0.0,0.0,True,True,False,0,[],0,0.0,"OrderedDict([((1, 3), 0), ((0, 1), 0), ((3, 4), 0), ((1, 2), 1), ((0, 2), 0)])",0.0,1.0,5.0,5.0
26,19,16,5256.0,9837.0,2218449.151221479,3910716.644947947,0.5343092406221409,0.5672743265834355,44,30,1,343.0,39058.0,6214,32844.0,0.14325106852336966,0.17052227497727046,25,705.5122096290029,343.0,7,10,False,"{2: np.int64(81), 3: np.int64(32), 6: np.int64(2), 0: np.int64(78), 1: np.int64(30), 4: np.int64(90), 5: np.int64(98)}","{(1, 6): [(np.int64(30), 37), (37, 99), (99, np.int64(2))], (1, 2): [(np.int64(30), 95), (95, 26), (26, np.int64(81))], (1, 4): [(np.int64(30), 90)], (3, 4): [(np.int64(32), 44), (44, np.int64(90))], (2, 6): [(np.int64(81), 80), (80, np.int64(2))], (3, 5): [(np.int64(32), 60), (60, np.int64(98))]}","{(2, np.int64(81)): {'cpu': 12}, (3, np.int64(32)): {'cpu': 16}, (6, np.int64(2)): {'cpu': 8}, (0, np.int64(78)): {'cpu': 18}, (1, np.int64(30)): {'cpu': 5}, (4, np.int64(90)): {'cpu': 9}, (5, np.int64(98)): {'cpu': 7}}","{((1, 6), (np.int64(30), 37)): {'bw': 50.0}, ((1, 6), (37, 99)): {'bw': 50.0}, ((1, 6), (99, np.int64(2))): {'bw': 50.0}, ((1, 2), (np.int64(30), 95)): {'bw': 38.0}, ((1, 2), (95, 26)): {'bw': 38.0}, ((1, 2), (26, np.int64(81))): {'bw': 38.0}, ((1, 4), (np.int64(30), 90)): {'bw': 30.0}, ((3, 4), (np.int64(32), 44)): {'bw': 29.0}, ((3, 4), (44, np.int64(90))): {'bw': 29.0}, ((2, 6), (np.int64(81), 80)): {'bw': 30.0}, ((2, 6), (80, np.int64(2))): {'bw': 30.0}, ((3, 5), (np.int64(32), 60)): {'bw': 24.0}, ((3, 5), (60, np.int64(98))): {'bw': 24.0}}",0.0,0.0,346.0,75.0,271.0,0.0,0.0,0.0,0.0,0.0,0.0,0.0,0.0,0.0,Route Failure,0.0,"{'node_level': {}, 'link_level': {}, 'path_level': {}}","{'node_level': {2: {'cpu': -80}, 3: {'cpu': -44}, 6: {'cpu': -42}, 0: {'cpu': -35}, 1: {'cpu': -35}, 4: {'cpu': -63}, 5: {'cpu': -29}}, 'link_level': {}, 'path_level': {}}","{'node_level': {2: {'cpu': 0}, 3: {'cpu': 0}, 6: {'cpu': 0}, 0: {'cpu': 0}, 1: {'cpu': 0}, 4: {'cpu': 0}, 5: {'cpu': 0}}, 'link_level': {}, 'path_level': {}}",[],0.0,0.0,True,False,False,0,[],0,0.0,"OrderedDict([((1, 6), 0), ((1, 2), 0), ((1, 4), 0), ((3, 4), 0), ((2, 6), 0), ((3, 5), 0)])",3.0,0.0,7.0,6.0
26,19,15,5256.0,9837.0,2218449.151221479,3910716.644947947,0.5343092406221409,0.5672743265834355,44,31,0,351.7588618593687,39929.0,6314,33615.0,0.12946367020543226,0.1510506111728458,15,153.75886185936875,198.0,9,12,False,{},{},{},{},0.0,0.0,0.0,0.0,0.0,0.0,0.0,0.0,0.0,0.0,0.0,0.0,0.0,0.0,Leave Event,0.0,"{'node_level': {}, 'link_level': {}, 'path_level': {}}","{'node_level': {}, 'link_level': {}, 'path_level': {}}","{'node_level': {}, 'link_level': {}, 'path_level': {}}",[],0.0,0.0,True,True,False,0,[],0,0.0,,,,,
27,20,16,5290.0,9871.0,2227022.9958544625,3919290.4895809307,0.535913281329146,0.5682209577919258,44,32,1,355.0,39895.0,6282,33613.0,0.13387563766717225,0.15110112132538644,26,252.17190097011095,355.0,2,1,True,"{0: np.int64(98), 1: np.int64(55)}","{(0, 1): [(np.int64(98), 55)]}","{(0, np.int64(98)): {'cpu': 19}, (1, np.int64(55)): {'cpu': 13}}","{((0, 1), (np.int64(98), 55)): {'bw': 2.0}}",34.0,34.0,34.0,32.0,2.0,32.0,2.0,32.0,2.0,0.0,1.0,8573.844632983772,8573.844632983772,252.17190097011095,Success,0.0,"{'node_level': {}, 'link_level': {}, 'path_level': {}}","{'node_level': {0: {'cpu': -36}, 1: {'cpu': -37}}, 'link_level': {}, 'path_level': {}}","{'node_level': {0: {'cpu': 0}, 1: {'cpu': 0}}, 'link_level': {}, 'path_level': {}}",[],0.0,0.0,True,True,False,0,[],0,0.0,"OrderedDict([((0, 1), 0)])",1.0,0.0,2.0,1.0
27,20,16,5290.0,9871.0,2227022.9958544625,3919290.4895809307,0.535913281329146,0.5682209577919258,44,33,0,360.1707528002342,39895.0,6282,33613.0,0.13387563766717225,0.15110112132538644,20,79.17075280023421,281.0,10,28,False,{},{},{},{},0.0,0.0,0.0,0.0,0.0,0.0,0.0,0.0,0.0,0.0,0.0,0.0,0.0,0.0,Leave Event,0.0,"{'node_level': {}, 'link_level': {}, 'path_level': {}}","{'node_level': {}, 'link_level': {}, 'path_level': {}}","{'node_level': {}, 'link_level': {}, 'path_level': {}}",[],0.0,0.0,True,True,False,0,[],0,0.0,,,,,
28,21,17,5414.0,10107.0,2367374.476490333,4186411.0495008137,0.5356683486692392,0.5654902130961598,44,34,1,364.0,39659.0,6262,33397.0,0.13663311733075967,0.1565562177997778,27,1131.8667793215377,364.0,4,3,True,"{0: np.int64(7), 2: np.int64(52), 3: np.int64(18), 1: np.int64(10)}","{(0, 3): [(np.int64(7), 70), (70, 37), (37, np.int64(18))], (0, 2): [(np.int64(7), 52)], (1, 3): [(np.int64(10), 37), (37, np.int64(18))]}","{(0, np.int64(7)): {'cpu': 7}, (2, np.int64(52)): {'cpu': 8}, (3, np.int64(18)): {'cpu': 4}, (1, np.int64(10)): {'cpu': 1}}","{((0, 3), (np.int64(7), 70)): {'bw': 45.0}, ((0, 3), (70, 37)): {'bw': 45.0}, ((0, 3), (37, np.int64(18))): {'bw': 45.0}, ((0, 2), (np.int64(7), 52)): {'bw': 37.0}, ((1, 3), (np.int64(10), 37)): {'bw': 22.0}, ((1, 3), (37, np.int64(18))): {'bw': 22.0}}",236.0,124.0,124.0,20.0,104.0,20.0,104.0,20.0,216.0,112.0,0.5254237288135594,267120.5599198829,140351.48063587068,594.7096637113165,Success,0.0,"{'node_level': {}, 'link_level': {}, 'path_level': {}}","{'node_level': {0: {'cpu': -44}, 2: {'cpu': -83}, 3: {'cpu': -20}, 1: {'cpu': -75}}, 'link_level': {}, 'path_level': {}}","{'node_level': {0: {'cpu': 0}, 2: {'cpu': 0}, 3: {'cpu': 0}, 1: {'cpu': 0}}, 'link_level': {}, 'path_level': {}}",[],0.0,0.0,True,True,False,0,[],0,0.0,"OrderedDict([((0, 3), 0), ((0, 2), 0), ((1, 3), 0)])",0.0,0.0,4.0,3.0
29,21,17,5414.0,10107.0,2367374.476490333,4186411.0495008137,0.5356683486692392,0.5654902130961598,44,35,1,372.0,39659.0,6262,33397.0,0.13663311733075967,0.1565562177997778,28,509.3293595731403,372.0,5,5,False,"{0: np.int64(98), 3: np.int64(78), 4: np.int64(1), 2: np.int64(46), 1: np.int64(10)}","{(0, 2): [(np.int64(98), 78), (78, np.int64(46))], (3, 4): [(np.int64(78), 76), (76, np.int64(1))], (0, 3): [(np.int64(98), 78)]}","{(0, np.int64(98)): {'cpu': 13}, (3, np.int64(78)): {'cpu': 9}, (4, np.int64(1)): {'cpu': 17}, (2, np.int64(46)): {'cpu': 4}, (1, np.int64(10)): {'cpu': 3}}","{((0, 2), (np.int64(98), 78)): {'bw': 41.0}, ((0, 2), (78, np.int64(46))): {'bw': 41.0}, ((3, 4), (np.int64(78), 76)): {'bw': 38.0}, ((3, 4), (76, np.int64(1))): {'bw': 38.0}, ((0, 3), (np.int64(98), 78)): {'bw': 30.0}}",0.0,0.0,184.0,46.0,138.0,0.0,0.0,0.0,0.0,0.0,0.0,0.0,0.0,0.0,Route Failure,0.0,"{'node_level': {}, 'link_level': {}, 'path_level': {}}","{'node_level': {0: {'cpu': -23}, 3: {'cpu': -44}, 4: {'cpu': -21}, 2: {'cpu': -78}, 1: {'cpu': -72}}, 'link_level': {}, 'path_level': {}}","{'node_level': {0: {'cpu': 0}, 3: {'cpu': 0}, 4: {'cpu': 0}, 2: {'cpu': 0}, 1: {'cpu': 0}}, 'link_level': {}, 'path_level': {}}",[],0.0,0.0,True,False,False,0,[],0,0.0,"OrderedDict([((0, 2), 0), ((3, 4), 0), ((0, 3), 0)])",0.0,0.0,5.0,3.0
30,21,17,5414.0,10107.0,2367374.476490333,4186411.0495008137,0.5356683486692392,0.5654902130961598,44,36,1,379.0,39659.0,6262,33397.0,0.13663311733075967,0.1565562177997778,29,1110.7534787451477,379.0,10,23,False,"{6: np.int64(98), 4: np.int64(1), 9: np.int64(52), 1: np.int64(10), 2: np.int64(78), 0: np.int64(3), 3: np.int64(18), 7: np.int64(46), 8: np.int64(93), 5: np.int64(7)}","{(3, 8): [(np.int64(18), 2), (2, 99), (99, np.int64(93))], (1, 2): [(np.int64(10), 78)], (0, 6): [(np.int64(3), 63), (63, np.int64(98))], (6, 8): [(np.int64(98), 84), (84, 17), (17, np.int64(93))], (2, 4): [(np.int64(78), 76), (76, np.int64(1))], (1, 6): [(np.int64(10), 6), (6, 91), (91, np.int64(98))], (1, 9): [(np.int64(10), 3), (3, 93), (93, np.int64(52))], (4, 9): [(np.int64(1), 72), (72, np.int64(52))], (1, 4): [(np.int64(10), 37), (37, 12), (12, np.int64(1))], (0, 3): [(np.int64(3), 31), (31, 19), (19, 83), (83, np.int64(18))], (7, 9): [(np.int64(46), 41), (41, 94), (94, np.int64(52))], (3, 6): [(np.int64(18), 98)]}","{(6, np.int64(98)): {'cpu': 17}, (4, np.int64(1)): {'cpu': 20}, (9, np.int64(52)): {'cpu': 15}, (1, np.int64(10)): {'cpu': 10}, (2, np.int64(78)): {'cpu': 13}, (0, np.int64(3)): {'cpu': 20}, (3, np.int64(18)): {'cpu': 13}, (7, np.int64(46)): {'cpu': 19}, (8, np.int64(93)): {'cpu': 6}, (5, np.int64(7)): {'cpu': 12}}","{((3, 8), (np.int64(18), 2)): {'bw': 48.0}, ((3, 8), (2, 99)): {'bw': 48.0}, ((3, 8), (99, np.int64(93))): {'bw': 48.0}, ((1, 2), (np.int64(10), 78)): {'bw': 50.0}, ((0, 6), (np.int64(3), 63)): {'bw': 48.0}, ((0, 6), (63, np.int64(98))): {'bw': 48.0}, ((6, 8), (np.int64(98), 84)): {'bw': 49.0}, ((6, 8), (84, 17)): {'bw': 49.0}, ((6, 8), (17, np.int64(93))): {'bw': 49.0}, ((2, 4), (np.int64(78), 76)): {'bw': 47.0}, ((2, 4), (76, np.int64(1))): {'bw': 47.0}, ((1, 6), (np.int64(10), 6)): {'bw': 45.0}, ((1, 6), (6, 91)): {'bw': 45.0}, ((1, 6), (91, np.int64(98))): {'bw': 45.0}, ((1, 9), (np.int64(10), 3)): {'bw': 41.0}, ((1, 9), (3, 93)): {'bw': 41.0}, ((1, 9), (93, np.int64(52))): {'bw': 41.0}, ((4, 9), (np.int64(1), 72)): {'bw': 39.0}, ((4, 9), (72, np.int64(52))): {'bw': 39.0}, ((1, 4), (np.int64(10), 37)): {'bw': 38.0}, ((1, 4), (37, 12)): {'bw': 38.0}, ((1, 4), (12, np.int64(1))): {'bw': 38.0}, ((0, 3), (np.int64(3), 31)): {'bw': 37.0}, ((0, 3), (31, 19)): {'bw': 37.0}, ((0, 3), (19, 83)): {'bw': 37.0}, ((0, 3), (83, np.int64(18))): {'bw': 37.0}, ((7, 9), (np.int64(46), 41)): {'bw': 31.0}, ((7, 9), (41, 94)): {'bw': 31.0}, ((7, 9), (94, np.int64(52))): {'bw': 31.0}, ((3, 6), (np.int64(18), 98)): {'bw': 24.0}}",0.0,0.0,757.0,145.0,612.0,0.0,0.0,0.0,0.0,0.0,0.0,0.0,0.0,0.0,Route Failure,0.0,"{'node_level': {}, 'link_level': {}, 'path_level': {}}","{'node_level': {6: {'cpu': -19}, 4: {'cpu': -18}, 9: {'cpu': -68}, 1: {'cpu': -65}, 2: {'cpu': -40}, 0: {'cpu': -33}, 3: {'cpu': -7}, 7: {'cpu': -63}, 8: {'cpu': -59}, 5: {'cpu': -32}}, 'link_level': {}, 'path_level': {}}","{'node_level': {6: {'cpu': 0}, 4: {'cpu': 0}, 9: {'cpu': 0}, 1: {'cpu': 0}, 2: {'cpu': 0}, 0: {'cpu': 0}, 3: {'cpu': 0}, 7: {'cpu': 0}, 8: {'cpu': 0}, 5: {'cpu': 0}}, 'link_level': {}, 'path_level': {}}",[],0.0,0.0,True,False,False,0,[],0,0.0,"OrderedDict([((3, 8), 0), ((1, 2), 0), ((0, 6), 0), ((6, 8), 0), ((2, 4), 0), ((1, 6), 0), ((1, 9), 0), ((4, 9), 0), ((1, 4), 0), ((0, 3), 0), ((7, 9), 0), ((3, 6), 0)])",2.0,0.0,10.0,12.0
31,22,18,5493.0,10231.0,2412388.9906275617,4257066.74257697,0.536897663962467,0.5666786866412266,44,37,1,394.0,39535.0,6229,33306.0,0.141182958775679,0.15885442974037778,30,569.8039764206146,394.0,3,3,True,"{1: np.int64(98), 0: np.int64(43), 2: np.int64(1)}","{(0, 1): [(np.int64(43), 98)], (0, 2): [(np.int64(43), 11), (11, 36), (36, np.int64(1))], (1, 2): [(np.int64(98), 63), (63, np.int64(1))]}","{(1, np.int64(98)): {'cpu': 17}, (0, np.int64(43)): {'cpu': 12}, (2, np.int64(1)): {'cpu': 4}}","{((0, 1), (np.int64(43), 98)): {'bw': 18.0}, ((0, 2), (np.int64(43), 11)): {'bw': 17.0}, ((0, 2), (11, 36)): {'bw': 17.0}, ((0, 2), (36, np.int64(1))): {'bw': 17.0}, ((1, 2), (np.int64(98), 63)): {'bw': 11.0}, ((1, 2), (63, np.int64(1))): {'bw': 11.0}}",124.0,79.0,79.0,33.0,46.0,33.0,46.0,33.0,91.0,45.0,0.6370967741935484,70655.69307615621,45014.51413722856,363.02027530023025,Success,0.0,"{'node_level': {}, 'link_level': {}, 'path_level': {}}","{'node_level': {1: {'cpu': -19}, 0: {'cpu': -32}, 2: {'cpu': -34}}, 'link_level': {}, 'path_level': {}}","{'node_level': {1: {'cpu': 0}, 0: {'cpu': 0}, 2: {'cpu': 0}}, 'link_level': {}, 'path_level': {}}",[],0.0,0.0,True,True,False,0,[],0,0.0,"OrderedDict([((0, 1), 0), ((0, 2), 0), ((1, 2), 0)])",2.0,0.0,3.0,3.0
32,23,19,5669.0,10502.0,2464870.378336089,4337876.152059986,0.5398019424871453,0.568220551240395,44,38,1,398.0,39264.0,6171,33093.0,0.1491796498000827,0.1642337609859582,31,298.1897028893596,398.0,5,5,True,"{3: np.int64(10), 2: np.int64(78), 0: np.int64(3), 4: np.int64(18), 1: np.int64(1)}","{(2, 3): [(np.int64(78), 10)], (3, 4): [(np.int64(10), 37), (37, np.int64(18))], (1, 3): [(np.int64(1), 77), (77, 3), (3, np.int64(10))], (0, 2): [(np.int64(3), 10), (10, 68), (68, np.int64(78))], (0, 3): [(np.int64(3), 10)]}","{(3, np.int64(10)): {'cpu': 12}, (2, np.int64(78)): {'cpu': 15}, (0, np.int64(3)): {'cpu': 12}, (4, np.int64(18)): {'cpu': 7}, (1, np.int64(1)): {'cpu': 12}}","{((2, 3), (np.int64(78), 10)): {'bw': 41.0}, ((3, 4), (np.int64(10), 37)): {'bw': 31.0}, ((3, 4), (37, np.int64(18))): {'bw': 31.0}, ((1, 3), (np.int64(1), 77)): {'bw': 18.0}, ((1, 3), (77, 3)): {'bw': 18.0}, ((1, 3), (3, np.int64(10))): {'bw': 18.0}, ((0, 2), (np.int64(3), 10)): {'bw': 14.0}, ((0, 2), (10, 68)): {'bw': 14.0}, ((0, 2), (68, np.int64(78))): {'bw': 14.0}, ((0, 3), (np.int64(3), 10)): {'bw': 14.0}}",271.0,176.0,176.0,58.0,118.0,58.0,118.0,58.0,213.0,95.0,0.6494464944649446,80809.40948301644,52481.38770852728,193.65825722703795,Success,0.0,"{'node_level': {}, 'link_level': {}, 'path_level': {}}","{'node_level': {3: {'cpu': -63}, 2: {'cpu': -38}, 0: {'cpu': -41}, 4: {'cpu': -13}, 1: {'cpu': -22}}, 'link_level': {}, 'path_level': {}}","{'node_level': {3: {'cpu': 0}, 2: {'cpu': 0}, 0: {'cpu': 0}, 4: {'cpu': 0}, 1: {'cpu': 0}}, 'link_level': {}, 'path_level': {}}",[],0.0,0.0,True,True,False,0,[],0,0.0,"OrderedDict([((2, 3), 0), ((3, 4), 0), ((1, 3), 0), ((0, 2), 0), ((0, 3), 0)])",0.0,0.0,5.0,5.0
33,24,20,5892.0,10909.0,2893365.6358500337,5119928.034607858,0.5401045008708406,0.5651184189098939,46,39,1,408.0,38857.0,6118,32739.0,0.15648697090858954,0.1731740579856551,32,1921.503396923519,408.0,5,7,True,"{4: np.int64(46), 3: np.int64(52), 2: np.int64(7), 1: np.int64(2), 0: np.int64(81)}","{(3, 4): [(np.int64(52), 72), (72, np.int64(46))], (1, 4): [(np.int64(2), 41), (41, np.int64(46))], (0, 3): [(np.int64(81), 26), (26, np.int64(52))], (2, 3): [(np.int64(7), 52)], (0, 2): [(np.int64(81), 26), (26, 95), (95, np.int64(7))], (0, 4): [(np.int64(81), 25), (25, 41), (41, np.int64(46))], (2, 4): [(np.int64(7), 13), (13, np.int64(46))]}","{(4, np.int64(46)): {'cpu': 14}, (3, np.int64(52)): {'cpu': 15}, (2, np.int64(7)): {'cpu': 10}, (1, np.int64(2)): {'cpu': 9}, (0, np.int64(81)): {'cpu': 5}}","{((3, 4), (np.int64(52), 72)): {'bw': 47.0}, ((3, 4), (72, np.int64(46))): {'bw': 47.0}, ((1, 4), (np.int64(2), 41)): {'bw': 41.0}, ((1, 4), (41, np.int64(46))): {'bw': 41.0}, ((0, 3), (np.int64(81), 26)): {'bw': 30.0}, ((0, 3), (26, np.int64(52))): {'bw': 30.0}, ((2, 3), (np.int64(7), 52)): {'bw': 14.0}, ((0, 2), (np.int64(81), 26)): {'bw': 13.0}, ((0, 2), (26, 95)): {'bw': 13.0}, ((0, 2), (95, np.int64(7))): {'bw': 13.0}, ((0, 4), (np.int64(81), 25)): {'bw': 15.0}, ((0, 4), (25, 41)): {'bw': 15.0}, ((0, 4), (41, np.int64(46))): {'bw': 15.0}, ((2, 4), (np.int64(7), 13)): {'bw': 10.0}, ((2, 4), (13, np.int64(46))): {'bw': 10.0}}",407.0,223.0,223.0,53.0,170.0,53.0,170.0,53.0,354.0,184.0,0.547911547911548,782051.8825478723,428495.2575139447,1052.8139005256628,Success,0.0,"{'node_level': {}, 'link_level': {}, 'path_level': {}}","{'node_level': {4: {'cpu': -68}, 3: {'cpu': -68}, 2: {'cpu': -34}, 1: {'cpu': -41}, 0: {'cpu': -87}}, 'link_level': {}, 'path_level': {}}","{'node_level': {4: {'cpu': 0}, 3: {'cpu': 0}, 2: {'cpu': 0}, 1: {'cpu': 0}, 0: {'cpu': 0}}, 'link_level': {}, 'path_level': {}}",[],0.0,0.0,True,True,False,0,[],0,0.0,"OrderedDict([((3, 4), 0), ((1, 4), 0), ((0, 3), 0), ((2, 3), 0), ((0, 2), 0), ((0, 4), 0), ((2, 4), 0)])",0.0,0.0,5.0,7.0
34,25,21,6052.0,11136.0,2903247.767607769,5133948.309039146,0.5434626436781609,0.5654999997752475,46,40,1,414.0,38630.0,6051,32579.0,0.16572452778160762,0.17721487018890802,33,61.76332348584527,414.0,5,6,True,"{2: np.int64(32), 0: np.int64(31), 3: np.int64(38), 1: np.int64(91), 4: np.int64(30)}","{(0, 2): [(np.int64(31), 32)], (0, 4): [(np.int64(31), 96), (96, np.int64(30))], (2, 3): [(np.int64(32), 99), (99, 2), (2, np.int64(38))], (1, 3): [(np.int64(91), 38)], (1, 2): [(np.int64(91), 36), (36, np.int64(32))], (0, 3): [(np.int64(31), 19), (19, np.int64(38))]}","{(2, np.int64(32)): {'cpu': 19, 'nic_slots': 1}, (0, np.int64(31)): {'cpu': 12, 'nic_slots': 1}, (3, np.int64(38)): {'cpu': 17}, (1, np.int64(91)): {'cpu': 18}, (4, np.int64(30)): {'cpu': 1}}","{((0, 2), (np.int64(31), 32)): {'bw': 27.0}, ((0, 4), (np.int64(31), 96)): {'bw': 19.0}, ((0, 4), (96, np.int64(30))): {'bw': 19.0}, ((2, 3), (np.int64(32), 99)): {'bw': 14.0}, ((2, 3), (99, 2)): {'bw': 14.0}, ((2, 3), (2, np.int64(38))): {'bw': 14.0}, ((1, 3), (np.int64(91), 38)): {'bw': 13.0}, ((1, 2), (np.int64(91), 36)): {'bw': 12.0}, ((1, 2), (36, np.int64(32))): {'bw': 12.0}, ((0, 3), (np.int64(31), 19)): {'bw': 8.0}, ((0, 3), (19, np.int64(38))): {'bw': 8.0}}",227.0,160.0,160.0,67.0,93.0,67.0,93.0,67.0,160.0,67.0,0.7048458149779736,14020.274431286876,9882.131757735244,43.53362007812883,Success,0.0,"{'node_level': {}, 'link_level': {}, 'path_level': {}}","{'node_level': {2: {'cpu': -41}, 0: {'cpu': -49}, 3: {'cpu': -33}, 1: {'cpu': -39}, 4: {'cpu': -39}}, 'link_level': {}, 'path_level': {}}","{'node_level': {2: {'cpu': 0}, 0: {'cpu': 0}, 3: {'cpu': 0}, 1: {'cpu': 0}, 4: {'cpu': 0}}, 'link_level': {}, 'path_level': {}}",[],0.0,0.0,True,True,False,0,[],0,0.0,"OrderedDict([((0, 2), 1), ((0, 4), 0), ((2, 3), 0), ((1, 3), 0), ((1, 2), 0), ((0, 3), 0)])",0.0,1.0,5.0,6.0
35,25,21,6052.0,11136.0,2903247.767607769,5133948.309039146,0.5434626436781609,0.5654999997752475,46,41,1,423.0,38630.0,6051,32579.0,0.16572452778160762,0.17721487018890802,34,728.4092813015957,423.0,9,23,False,"{1: np.int64(83), 2: np.int64(54), 6: np.int64(33), 7: np.int64(5)}",{},"{(1, np.int64(83)): {'cpu': 14}, (2, np.int64(54)): {'cpu': 15}, (6, np.int64(33)): {'cpu': 11}, (7, np.int64(5)): {'cpu': 19}}",{},0.0,0.0,626.0,109.0,517.0,0.0,0.0,0.0,0.0,0.0,0.0,0.0,0.0,0.0,Place Failure,0.0,"{'node_level': {}, 'link_level': {}, 'path_level': {}}","{'node_level': {1: {'cpu': -44}, 2: {'cpu': -69}, 6: {'cpu': -37}, 7: {'cpu': -15}}, 'link_level': {}, 'path_level': {}}","{'node_level': {1: {'cpu': 0}, 2: {'cpu': 0}, 6: {'cpu': 0}, 7: {'cpu': 0}}, 'link_level': {}, 'path_level': {}}",[],0.0,0.0,False,True,False,0,[],0,0.0,,,,4.0,0.0
36,26,22,6112.0,11237.0,2919169.4423600566,5160749.794872163,0.5439174156803417,0.5656483182464318,46,42,1,436.0,38529.0,6032,32497.0,0.1683441334620157,0.17928578644307502,35,265.3612458714599,436.0,2,1,True,"{0: np.int64(83), 1: np.int64(33)}","{(0, 1): [(np.int64(83), 18), (18, np.int64(33))]}","{(0, np.int64(83)): {'cpu': 11}, (1, np.int64(33)): {'cpu': 8}}","{((0, 1), (np.int64(83), 18)): {'bw': 41.0}, ((0, 1), (18, np.int64(33))): {'bw': 41.0}}",101.0,60.0,60.0,19.0,41.0,19.0,41.0,19.0,82.0,41.0,0.594059405940594,26801.48583301745,15921.674752287596,157.64034408205538,Success,0.0,"{'node_level': {}, 'link_level': {}, 'path_level': {}}","{'node_level': {0: {'cpu': -47}, 1: {'cpu': -40}}, 'link_level': {}, 'path_level': {}}","{'node_level': {0: {'cpu': 0}, 1: {'cpu': 0}}, 'link_level': {}, 'path_level': {}}",[],0.0,0.0,True,True,False,0,[],0,0.0,"OrderedDict([((0, 1), 0)])",0.0,0.0,2.0,1.0
36,26,21,6112.0,11237.0,2919169.4423600566,5160749.794872163,0.5439174156803417,0.5656483182464318,46,43,0,439.62396831078695,39007.0,6099,32908.0,0.15910657658899763,0.16890595009596931,6,355.62396831078695,84.0,7,9,False,{},{},{},{},0.0,0.0,0.0,0.0,0.0,0.0,0.0,0.0,0.0,0.0,0.0,0.0,0.0,0.0,Leave Event,0.0,"{'node_level': {}, 'link_level': {}, 'path_level': {}}","{'node_level': {}, 'link_level': {}, 'path_level': {}}","{'node_level': {}, 'link_level': {}, 'path_level': {}}",[],0.0,0.0,True,True,False,0,[],0,0.0,,,,,
37,27,22,6187.0,11354.0,2961367.518454274,5226578.793579143,0.5449180905407786,0.566597699070818,46,44,1,450.0,38890.0,6067,32823.0,0.16351854405073762,0.17105263157894735,36,562.6410145895702,450.0,3,3,True,"{1: np.int64(25), 2: np.int64(13), 0: np.int64(7)}","{(1, 2): [(np.int64(25), 95), (95, np.int64(13))], (0, 1): [(np.int64(7), 95), (95, np.int64(25))], (0, 2): [(np.int64(7), 13)]}","{(1, np.int64(25)): {'cpu': 17}, (2, np.int64(13)): {'cpu': 12}, (0, np.int64(7)): {'cpu': 3}}","{((1, 2), (np.int64(25), 95)): {'bw': 38.0}, ((1, 2), (95, np.int64(13))): {'bw': 38.0}, ((0, 1), (np.int64(7), 95)): {'bw': 4.0}, ((0, 1), (95, np.int64(25))): {'bw': 4.0}, ((0, 2), (np.int64(7), 13)): {'bw': 1.0}}",117.0,75.0,75.0,32.0,43.0,32.0,43.0,32.0,85.0,42.0,0.6410256410256411,65828.99870697972,42198.076094217766,360.6673170445963,Success,0.0,"{'node_level': {}, 'link_level': {}, 'path_level': {}}","{'node_level': {1: {'cpu': -35}, 2: {'cpu': -42}, 0: {'cpu': -48}}, 'link_level': {}, 'path_level': {}}","{'node_level': {1: {'cpu': 0}, 2: {'cpu': 0}, 0: {'cpu': 0}}, 'link_level': {}, 'path_level': {}}",[],0.0,0.0,True,True,False,0,[],0,0.0,"OrderedDict([((1, 2), 0), ((0, 1), 0), ((0, 2), 0)])",0.0,0.0,3.0,3.0
38,28,23,6243.0,11448.0,2969415.011806835,5240087.08599237,0.5453354297693921,0.5666728363626968,46,45,1,462.0,38796.0,6049,32747.0,0.16600027574796639,0.1729720173754925,37,143.7052384385845,462.0,2,1,True,"{0: np.int64(7), 1: np.int64(98)}","{(0, 1): [(np.int64(7), 42), (42, np.int64(98))]}","{(0, np.int64(7)): {'cpu': 16}, (1, np.int64(98)): {'cpu': 2}}","{((0, 1), (np.int64(7), 42)): {'bw': 38.0}, ((0, 1), (42, np.int64(98))): {'bw': 38.0}}",94.0,56.0,56.0,18.0,38.0,18.0,38.0,18.0,76.0,38.0,0.5957446808510638,13508.292413226944,8047.493352560732,85.61163141022055,Success,0.0,"{'node_level': {}, 'link_level': {}, 'path_level': {}}","{'node_level': {0: {'cpu': -32}, 1: {'cpu': -22}}, 'link_level': {}, 'path_level': {}}","{'node_level': {0: {'cpu': 0}, 1: {'cpu': 0}}, 'link_level': {}, 'path_level': {}}",[],0.0,0.0,True,True,False,0,[],0,0.0,"OrderedDict([((0, 1), 0)])",1.0,0.0,2.0,1.0
38,28,22,6243.0,11448.0,2969415.011806835,5240087.08599237,0.5453354297693921,0.5666728363626968,46,46,0,468.6000625501342,39910.0,6149,33761.0,0.15221287743002898,0.14736337003737754,16,253.60006255013423,215.0,9,22,False,{},{},{},{},0.0,0.0,0.0,0.0,0.0,0.0,0.0,0.0,0.0,0.0,0.0,0.0,0.0,0.0,Leave Event,0.0,"{'node_level': {}, 'link_level': {}, 'path_level': {}}","{'node_level': {}, 'link_level': {}, 'path_level': {}}","{'node_level': {}, 'link_level': {}, 'path_level': {}}",[],0.0,0.0,True,True,False,0,[],0,0.0,,,,,
39,28,22,6243.0,11448.0,2969415.011806835,5240087.08599237,0.5453354297693921,0.5666728363626968,46,47,1,474.0,39910.0,6149,33761.0,0.15221287743002898,0.14736337003737754,38,187.86942107041867,474.0,6,9,False,"{1: np.int64(53), 0: np.int64(30), 2: np.int64(0), 3: np.int64(79), 5: np.int64(43), 4: np.int64(5)}","{(1, 5): [(np.int64(53), 43)], (3, 4): [(np.int64(79), 5)], (0, 2): [(np.int64(30), 0)], (0, 1): [(np.int64(30), 53)], (0, 3): [(np.int64(30), 65), (65, 73), (73, np.int64(79))], (1, 2): [(np.int64(53), 43), (43, np.int64(0))]}","{(1, np.int64(53)): {'cpu': 17}, (0, np.int64(30)): {'cpu': 19}, (2, np.int64(0)): {'cpu': 14}, (3, np.int64(79)): {'cpu': 9}, (5, np.int64(43)): {'cpu': 6}, (4, np.int64(5)): {'cpu': 7}}","{((1, 5), (np.int64(53), 43)): {'bw': 46.0}, ((3, 4), (np.int64(79), 5)): {'bw': 43.0}, ((0, 2), (np.int64(30), 0)): {'bw': 41.0}, ((0, 1), (np.int64(30), 53)): {'bw': 36.0}, ((0, 3), (np.int64(30), 65)): {'bw': 27.0}, ((0, 3), (65, 73)): {'bw': 27.0}, ((0, 3), (73, np.int64(79))): {'bw': 27.0}, ((1, 2), (np.int64(53), 43)): {'bw': 31.0}, ((1, 2), (43, np.int64(0))): {'bw': 31.0}}",0.0,0.0,350.0,72.0,278.0,0.0,0.0,0.0,0.0,0.0,0.0,0.0,0.0,0.0,Route Failure,0.0,"{'node_level': {}, 'link_level': {}, 'path_level': {}}","{'node_level': {1: {'cpu': -61}, 0: {'cpu': -20}, 2: {'cpu': -68}, 3: {'cpu': -63}, 5: {'cpu': -45}, 4: {'cpu': -34}}, 'link_level': {}, 'path_level': {}}","{'node_level': {1: {'cpu': 0}, 0: {'cpu': 0}, 2: {'cpu': 0}, 3: {'cpu': 0}, 5: {'cpu': 0}, 4: {'cpu': 0}}, 'link_level': {}, 'path_level': {}}",[],0.0,0.0,True,False,False,0,[],0,0.0,"OrderedDict([((1, 5), 0), ((3, 4), 0), ((0, 2), 0), ((0, 1), 0), ((0, 3), 0), ((1, 2), 0)])",0.0,0.0,6.0,6.0
39,28,21,6243.0,11448.0,2969415.011806835,5240087.08599237,0.5453354297693921,0.5666728363626968,46,48,0,475.76332348584526,40137.0,6216,33921.0,0.1429753205570109,0.14332255783412462,33,61.76332348584527,414.0,5,6,False,{},{},{},{},0.0,0.0,0.0,0.0,0.0,0.0,0.0,0.0,0.0,0.0,0.0,0.0,0.0,0.0,Leave Event,0.0,"{'node_level': {}, 'link_level': {}, 'path_level': {}}","{'node_level': {}, 'link_level': {}, 'path_level': {}}","{'node_level': {}, 'link_level': {}, 'path_level': {}}",[],0.0,0.0,True,True,False,0,[],0,0.0,,,,,
39,28,20,6243.0,11448.0,2969415.011806835,5240087.08599237,0.5453354297693921,0.5666728363626968,46,49,0,481.4217591391749,40608.0,6306,34302.0,0.1305666620708672,0.13370037377512878,4,416.4217591391749,65.0,9,10,False,{},{},{},{},0.0,0.0,0.0,0.0,0.0,0.0,0.0,0.0,0.0,0.0,0.0,0.0,0.0,0.0,Leave Event,0.0,"{'node_level': {}, 'link_level': {}, 'path_level': {}}","{'node_level': {}, 'link_level': {}, 'path_level': {}}","{'node_level': {}, 'link_level': {}, 'path_level': {}}",[],0.0,0.0,True,True,False,0,[],0,0.0,,,,,
40,28,20,6243.0,11448.0,2969415.011806835,5240087.08599237,0.5453354297693921,0.5666728363626968,46,50,1,486.0,40608.0,6306,34302.0,0.1305666620708672,0.13370037377512878,39,1682.185253997018,486.0,9,17,False,"{0: np.int64(43), 7: np.int64(32), 5: np.int64(91), 2: np.int64(38), 8: np.int64(53), 3: np.int64(30), 6: np.int64(0), 4: np.int64(5), 1: np.int64(79)}","{(0, 2): [(np.int64(43), 38)], (4, 8): [(np.int64(5), 85), (85, 30), (30, np.int64(53))], (4, 7): [(np.int64(5), 19), (19, 31), (31, np.int64(32))], (3, 6): [(np.int64(30), 0)], (0, 5): [(np.int64(43), 16), (16, 76), (76, np.int64(91))]}","{(0, np.int64(43)): {'cpu': 11}, (7, np.int64(32)): {'cpu': 15}, (5, np.int64(91)): {'cpu': 6}, (2, np.int64(38)): {'cpu': 8}, (8, np.int64(53)): {'cpu': 3}, (3, np.int64(30)): {'cpu': 4}, (6, np.int64(0)): {'cpu': 4}, (4, np.int64(5)): {'cpu': 2}, (1, np.int64(79)): {'cpu': 4}}","{((0, 2), (np.int64(43), 38)): {'bw': 50.0}, ((4, 8), (np.int64(5), 85)): {'bw': 45.0}, ((4, 8), (85, 30)): {'bw': 45.0}, ((4, 8), (30, np.int64(53))): {'bw': 45.0}, ((4, 7), (np.int64(5), 19)): {'bw': 40.0}, ((4, 7), (19, 31)): {'bw': 40.0}, ((4, 7), (31, np.int64(32))): {'bw': 40.0}, ((3, 6), (np.int64(30), 0)): {'bw': 42.0}, ((0, 5), (np.int64(43), 16)): {'bw': 43.0}, ((0, 5), (16, 76)): {'bw': 43.0}, ((0, 5), (76, np.int64(91))): {'bw': 43.0}}",0.0,0.0,521.0,57.0,464.0,0.0,0.0,0.0,0.0,0.0,0.0,0.0,0.0,0.0,Route Failure,0.0,"{'node_level': {}, 'link_level': {}, 'path_level': {}}","{'node_level': {0: {'cpu': -59}, 7: {'cpu': -68}, 5: {'cpu': -61}, 2: {'cpu': -61}, 8: {'cpu': -75}, 3: {'cpu': -36}, 6: {'cpu': -78}, 4: {'cpu': -39}, 1: {'cpu': -68}}, 'link_level': {}, 'path_level': {}}","{'node_level': {0: {'cpu': 0}, 7: {'cpu': 0}, 5: {'cpu': 0}, 2: {'cpu': 0}, 8: {'cpu': 0}, 3: {'cpu': 0}, 6: {'cpu': 0}, 4: {'cpu': 0}, 1: {'cpu': 0}}, 'link_level': {}, 'path_level': {}}",[],0.0,0.0,True,False,False,0,[],0,0.0,"OrderedDict([((0, 2), 0), ((4, 8), 0), ((4, 7), 0), ((3, 6), 0), ((0, 5), 0)])",0.0,0.0,9.0,5.0
40,28,19,6243.0,11448.0,2969415.011806835,5240087.08599237,0.5453354297693921,0.5666728363626968,46,51,0,490.1733723555532,40632.0,6318,34314.0,0.12891217427271473,0.13339731285988488,23,170.17337235555323,320.0,2,1,False,{},{},{},{},0.0,0.0,0.0,0.0,0.0,0.0,0.0,0.0,0.0,0.0,0.0,0.0,0.0,0.0,Leave Event,0.0,"{'node_level': {}, 'link_level': {}, 'path_level': {}}","{'node_level': {}, 'link_level': {}, 'path_level': {}}","{'node_level': {}, 'link_level': {}, 'path_level': {}}",[],0.0,0.0,True,True,False,0,[],0,0.0,,,,,
40,28,18,6243.0,11448.0,2969415.011806835,5240087.08599237,0.5453354297693921,0.5666728363626968,46,52,0,490.86544564850885,41335.0,6373,34962.0,0.12132910519784912,0.11703202343671082,19,230.86544564850888,260.0,7,12,False,{},{},{},{},0.0,0.0,0.0,0.0,0.0,0.0,0.0,0.0,0.0,0.0,0.0,0.0,0.0,0.0,Leave Event,0.0,"{'node_level': {}, 'link_level': {}, 'path_level': {}}","{'node_level': {}, 'link_level': {}, 'path_level': {}}","{'node_level': {}, 'link_level': {}, 'path_level': {}}",[],0.0,0.0,True,True,False,0,[],0,0.0,,,,,
41,29,19,6425.0,11842.0,3050210.4005276836,5414995.78465179,0.5425603783144739,0.5632895244670678,46,53,1,498.0,40941.0,6329,34612.0,0.12739556045774159,0.1258713001313264,40,443.93070725741,498.0,5,7,True,"{4: np.int64(38), 0: np.int64(91), 1: np.int64(43), 2: np.int64(32), 3: np.int64(53)}","{(0, 1): [(np.int64(91), 76), (76, 16), (16, np.int64(43))], (2, 4): [(np.int64(32), 99), (99, 2), (2, np.int64(38))], (0, 2): [(np.int64(91), 25), (25, np.int64(32))], (1, 4): [(np.int64(43), 38)], (0, 3): [(np.int64(91), 30), (30, np.int64(53))], (0, 4): [(np.int64(91), 38)], (3, 4): [(np.int64(53), 43), (43, 0), (0, np.int64(38))]}","{(4, np.int64(38)): {'cpu': 16}, (0, np.int64(91)): {'cpu': 8}, (1, np.int64(43)): {'cpu': 8}, (2, np.int64(32)): {'cpu': 2}, (3, np.int64(53)): {'cpu': 10}}","{((0, 1), (np.int64(91), 76)): {'bw': 46.0}, ((0, 1), (76, 16)): {'bw': 46.0}, ((0, 1), (16, np.int64(43))): {'bw': 46.0}, ((2, 4), (np.int64(32), 99)): {'bw': 36.0}, ((2, 4), (99, 2)): {'bw': 36.0}, ((2, 4), (2, np.int64(38))): {'bw': 36.0}, ((0, 2), (np.int64(91), 25)): {'bw': 33.0}, ((0, 2), (25, np.int64(32))): {'bw': 33.0}, ((1, 4), (np.int64(43), 38)): {'bw': 12.0}, ((0, 3), (np.int64(91), 30)): {'bw': 5.0}, ((0, 3), (30, np.int64(53))): {'bw': 5.0}, ((0, 4), (np.int64(91), 38)): {'bw': 1.0}, ((3, 4), (np.int64(53), 43)): {'bw': 5.0}, ((3, 4), (43, 0)): {'bw': 5.0}, ((3, 4), (0, np.int64(38))): {'bw': 5.0}}",394.0,182.0,182.0,44.0,138.0,44.0,138.0,44.0,350.0,212.0,0.4619289340101523,174908.69865941955,80795.38872084863,205.06443837778838,Success,0.0,"{'node_level': {}, 'link_level': {}, 'path_level': {}}","{'node_level': {4: {'cpu': -63}, 0: {'cpu': -61}, 1: {'cpu': -62}, 2: {'cpu': -81}, 3: {'cpu': -68}}, 'link_level': {}, 'path_level': {}}","{'node_level': {4: {'cpu': 0}, 0: {'cpu': 0}, 1: {'cpu': 0}, 2: {'cpu': 0}, 3: {'cpu': 0}}, 'link_level': {}, 'path_level': {}}",[],0.0,0.0,True,True,False,0,[],0,0.0,"OrderedDict([((0, 1), 0), ((2, 4), 0), ((0, 2), 0), ((1, 4), 0), ((0, 3), 0), ((0, 4), 0), ((3, 4), 0)])",0.0,0.0,5.0,7.0
42,30,20,6544.0,12023.0,3114341.575769176,5512539.841111538,0.5442901106213092,0.5649558398731148,46,54,1,507.0,40760.0,6297,34463.0,0.13180752791948158,0.1296343064956056,41,538.9174390041352,507.0,4,4,True,"{2: np.int64(38), 3: np.int64(32), 1: np.int64(43), 0: np.int64(0)}","{(0, 2): [(np.int64(0), 38)], (2, 3): [(np.int64(38), 40), (40, 60), (60, np.int64(32))], (0, 1): [(np.int64(0), 43)], (0, 3): [(np.int64(0), 18), (18, np.int64(32))]}","{(2, np.int64(38)): {'cpu': 16}, (3, np.int64(32)): {'cpu': 11}, (1, np.int64(43)): {'cpu': 4}, (0, np.int64(0)): {'cpu': 1}}","{((0, 2), (np.int64(0), 38)): {'bw': 32.0}, ((2, 3), (np.int64(38), 40)): {'bw': 30.0}, ((2, 3), (40, 60)): {'bw': 30.0}, ((2, 3), (60, np.int64(32))): {'bw': 30.0}, ((0, 1), (np.int64(0), 43)): {'bw': 23.0}, ((0, 3), (np.int64(0), 18)): {'bw': 2.0}, ((0, 3), (18, np.int64(32))): {'bw': 2.0}}",181.0,119.0,119.0,32.0,87.0,32.0,87.0,32.0,149.0,62.0,0.6574585635359116,97544.05645974846,64131.175241492085,354.315885312111,Success,0.0,"{'node_level': {}, 'link_level': {}, 'path_level': {}}","{'node_level': {2: {'cpu': -47}, 3: {'cpu': -70}, 1: {'cpu': -58}, 0: {'cpu': -81}}, 'link_level': {}, 'path_level': {}}","{'node_level': {2: {'cpu': 0}, 3: {'cpu': 0}, 1: {'cpu': 0}, 0: {'cpu': 0}}, 'link_level': {}, 'path_level': {}}",[],0.0,0.0,True,True,False,0,[],0,0.0,"OrderedDict([((0, 2), 0), ((2, 3), 0), ((0, 1), 0), ((0, 3), 0)])",0.0,0.0,4.0,4.0
43,30,20,6544.0,12023.0,3114341.575769176,5512539.841111538,0.5442901106213092,0.5649558398731148,46,55,1,522.0,40760.0,6297,34463.0,0.13180752791948158,0.1296343064956056,42,380.933888040804,522.0,9,22,False,"{1: np.int64(91), 6: np.int64(53), 7: np.int64(4), 8: np.int64(30), 0: np.int64(75), 4: np.int64(79), 5: np.int64(43), 3: np.int64(33), 2: np.int64(13)}","{(0, 1): [(np.int64(75), 6), (6, np.int64(91))], (0, 6): [(np.int64(75), 30), (30, np.int64(53))], (3, 7): [(np.int64(33), 79), (79, np.int64(4))], (1, 6): [(np.int64(91), 30), (30, np.int64(53))], (3, 5): [(np.int64(33), 53), (53, np.int64(43))], (1, 7): [(np.int64(91), 76), (76, 28), (28, np.int64(4))], (2, 7): [(np.int64(13), 4)], (7, 8): [(np.int64(4), 13), (13, np.int64(30))], (1, 8): [(np.int64(91), 85), (85, np.int64(30))]}","{(1, np.int64(91)): {'cpu': 11}, (6, np.int64(53)): {'cpu': 16}, (7, np.int64(4)): {'cpu': 11}, (8, np.int64(30)): {'cpu': 12}, (0, np.int64(75)): {'cpu': 8}, (4, np.int64(79)): {'cpu': 17}, (5, np.int64(43)): {'cpu': 13}, (3, np.int64(33)): {'cpu': 5}, (2, np.int64(13)): {'cpu': 13}}","{((0, 1), (np.int64(75), 6)): {'bw': 47.0}, ((0, 1), (6, np.int64(91))): {'bw': 47.0}, ((0, 6), (np.int64(75), 30)): {'bw': 44.0}, ((0, 6), (30, np.int64(53))): {'bw': 44.0}, ((3, 7), (np.int64(33), 79)): {'bw': 39.0}, ((3, 7), (79, np.int64(4))): {'bw': 39.0}, ((1, 6), (np.int64(91), 30)): {'bw': 35.0}, ((1, 6), (30, np.int64(53))): {'bw': 35.0}, ((3, 5), (np.int64(33), 53)): {'bw': 33.0}, ((3, 5), (53, np.int64(43))): {'bw': 33.0}, ((1, 7), (np.int64(91), 76)): {'bw': 33.0}, ((1, 7), (76, 28)): {'bw': 33.0}, ((1, 7), (28, np.int64(4))): {'bw': 33.0}, ((2, 7), (np.int64(13), 4)): {'bw': 31.0}, ((7, 8), (np.int64(4), 13)): {'bw': 27.0}, ((7, 8), (13, np.int64(30))): {'bw': 27.0}, ((1, 8), (np.int64(91), 85)): {'bw': 24.0}, ((1, 8), (85, np.int64(30))): {'bw': 24.0}}",0.0,0.0,518.0,106.0,412.0,0.0,0.0,0.0,0.0,0.0,0.0,0.0,0.0,0.0,Route Failure,0.0,"{'node_level': {}, 'link_level': {}, 'path_level': {}}","{'node_level': {1: {'cpu': -50}, 6: {'cpu': -52}, 7: {'cpu': -29}, 8: {'cpu': -28}, 0: {'cpu': -60}, 4: {'cpu': -55}, 5: {'cpu': -45}, 3: {'cpu': -35}, 2: {'cpu': -39}}, 'link_level': {}, 'path_level': {}}","{'node_level': {1: {'cpu': 0}, 6: {'cpu': 0}, 7: {'cpu': 0}, 8: {'cpu': 0}, 0: {'cpu': 0}, 4: {'cpu': 0}, 5: {'cpu': 0}, 3: {'cpu': 0}, 2: {'cpu': 0}}, 'link_level': {}, 'path_level': {}}",[],0.0,0.0,True,False,False,0,[],0,0.0,"OrderedDict([((0, 1), 0), ((0, 6), 0), ((3, 7), 0), ((1, 6), 0), ((3, 5), 0), ((1, 7), 0), ((2, 7), 0), ((7, 8), 0), ((1, 8), 0)])",0.0,0.0,9.0,9.0
44,31,21,6691.0,12254.0,3133602.783068075,5542807.452581236,0.5460257874979598,0.5653457764636555,46,56,1,532.0,40529.0,6262,34267.0,0.13663311733075967,0.13458430144459033,43,131.0286210809459,532.0,4,4,True,"{3: np.int64(91), 1: np.int64(53), 0: np.int64(4), 2: np.int64(30)}","{(0, 2): [(np.int64(4), 13), (13, np.int64(30))], (1, 3): [(np.int64(53), 30), (30, np.int64(91))], (1, 2): [(np.int64(53), 30)], (0, 3): [(np.int64(4), 6), (6, np.int64(91))]}","{(3, np.int64(91)): {'cpu': 20}, (1, np.int64(53)): {'cpu': 8}, (0, np.int64(4)): {'cpu': 5}, (2, np.int64(30)): {'cpu': 2}}","{((0, 2), (np.int64(4), 13)): {'bw': 46.0}, ((0, 2), (13, np.int64(30))): {'bw': 46.0}, ((1, 3), (np.int64(53), 30)): {'bw': 32.0}, ((1, 3), (30, np.int64(91))): {'bw': 32.0}, ((1, 2), (np.int64(53), 30)): {'bw': 28.0}, ((0, 3), (np.int64(4), 6)): {'bw': 6.0}, ((0, 3), (6, np.int64(91))): {'bw': 6.0}}",231.0,147.0,147.0,35.0,112.0,35.0,112.0,35.0,196.0,84.0,0.6363636363636364,30267.611469698502,19261.207298899048,83.38184977878375,Success,0.0,"{'node_level': {}, 'link_level': {}, 'path_level': {}}","{'node_level': {3: {'cpu': -41}, 1: {'cpu': -60}, 0: {'cpu': -35}, 2: {'cpu': -38}}, 'link_level': {}, 'path_level': {}}","{'node_level': {3: {'cpu': 0}, 1: {'cpu': 0}, 0: {'cpu': 0}, 2: {'cpu': 0}}, 'link_level': {}, 'path_level': {}}",[],0.0,0.0,True,True,False,0,[],0,0.0,"OrderedDict([((0, 2), 0), ((1, 3), 0), ((1, 2), 0), ((0, 3), 0)])",1.0,0.0,4.0,4.0
45,32,22,6733.0,12306.0,3144151.309876506,5555867.533391675,0.5471314805785795,0.5659154562234685,46,57,1,544.0,40477.0,6230,34247.0,0.14104508479249966,0.13508940296999694,44,251.155400200748,544.0,2,1,True,"{0: np.int64(75), 1: np.int64(10)}","{(0, 1): [(np.int64(75), 6), (6, np.int64(10))]}","{(0, np.int64(75)): {'cpu': 16}, (1, np.int64(10)): {'cpu': 16}}","{((0, 1), (np.int64(75), 6)): {'bw': 10.0}, ((0, 1), (6, np.int64(10))): {'bw': 10.0}}",52.0,42.0,42.0,32.0,10.0,32.0,10.0,32.0,20.0,10.0,0.8076923076923077,13060.080810438896,10548.526808431416,202.85628477752724,Success,0.0,"{'node_level': {}, 'link_level': {}, 'path_level': {}}","{'node_level': {0: {'cpu': -52}, 1: {'cpu': -57}}, 'link_level': {}, 'path_level': {}}","{'node_level': {0: {'cpu': 0}, 1: {'cpu': 0}}, 'link_level': {}, 'path_level': {}}",[],0.0,0.0,True,True,False,0,[],0,0.0,"OrderedDict([((0, 1), 0)])",1.0,0.0,2.0,1.0
46,33,23,6808.0,12428.0,3180318.3189353673,5614699.201460755,0.5477953009333763,0.566427194907958,46,58,1,555.0,40355.0,6202,34153.0,0.14490555632152213,0.13746338013940806,45,482.22678745147897,555.0,2,1,True,"{1: np.int64(79), 0: np.int64(43)}","{(0, 1): [(np.int64(43), 11), (11, np.int64(79))]}","{(1, np.int64(79)): {'cpu': 15}, (0, np.int64(43)): {'cpu': 13}}","{((0, 1), (np.int64(43), 11)): {'bw': 47.0}, ((0, 1), (11, np.int64(79))): {'bw': 47.0}}",122.0,75.0,75.0,28.0,47.0,28.0,47.0,28.0,94.0,47.0,0.6147540983606558,58831.668069080435,36167.009058860924,296.45089392508953,Success,0.0,"{'node_level': {}, 'link_level': {}, 'path_level': {}}","{'node_level': {1: {'cpu': -57}, 0: {'cpu': -45}}, 'link_level': {}, 'path_level': {}}","{'node_level': {1: {'cpu': 0}, 0: {'cpu': 0}}, 'link_level': {}, 'path_level': {}}",[],0.0,0.0,True,True,False,0,[],0,0.0,"OrderedDict([((0, 1), 0)])",0.0,0.0,2.0,1.0
47,34,24,7104.0,13006.0,3275645.814035691,5800845.458785036,0.5462094417960941,0.564684206347011,47,59,1,568.0,39777.0,6126,33651.0,0.1553839790431546,0.15014142842711387,46,322.0523483119039,568.0,6,7,True,"{2: np.int64(1), 5: np.int64(5), 3: np.int64(32), 4: np.int64(50), 0: np.int64(36), 1: np.int64(41)}","{(1, 5): [(np.int64(41), 3), (3, 85), (85, np.int64(5))], (3, 5): [(np.int64(32), 31), (31, 19), (19, np.int64(5))], (2, 3): [(np.int64(1), 36), (36, np.int64(32))], (1, 2): [(np.int64(41), 94), (94, np.int64(1))], (0, 4): [(np.int64(36), 50)], (4, 5): [(np.int64(50), 15), (15, np.int64(5))], (0, 3): [(np.int64(36), 32)]}","{(2, np.int64(1)): {'cpu': 20}, (5, np.int64(5)): {'cpu': 16}, (3, np.int64(32)): {'cpu': 8}, (4, np.int64(50)): {'cpu': 16}, (0, np.int64(36)): {'cpu': 15}, (1, np.int64(41)): {'cpu': 1}}","{((1, 5), (np.int64(41), 3)): {'bw': 50.0}, ((1, 5), (3, 85)): {'bw': 50.0}, ((1, 5), (85, np.int64(5))): {'bw': 50.0}, ((3, 5), (np.int64(32), 31)): {'bw': 47.0}, ((3, 5), (31, 19)): {'bw': 47.0}, ((3, 5), (19, np.int64(5))): {'bw': 47.0}, ((2, 3), (np.int64(1), 36)): {'bw': 46.0}, ((2, 3), (36, np.int64(32))): {'bw': 46.0}, ((1, 2), (np.int64(41), 94)): {'bw': 41.0}, ((1, 2), (94, np.int64(1))): {'bw': 41.0}, ((0, 4), (np.int64(36), 50)): {'bw': 33.0}, ((4, 5), (np.int64(50), 15)): {'bw': 1.0}, ((4, 5), (15, np.int64(5))): {'bw': 1.0}, ((0, 3), (np.int64(36), 32)): {'bw': 2.0}}",578.0,296.0,296.0,76.0,220.0,76.0,220.0,76.0,502.0,282.0,0.5121107266435986,186146.25732428048,95327.49510032356,164.92646211128644,Success,0.0,"{'node_level': {}, 'link_level': {}, 'path_level': {}}","{'node_level': {2: {'cpu': -16}, 5: {'cpu': -25}, 3: {'cpu': -62}, 4: {'cpu': -69}, 0: {'cpu': -47}, 1: {'cpu': -42}}, 'link_level': {}, 'path_level': {}}","{'node_level': {2: {'cpu': 0}, 5: {'cpu': 0}, 3: {'cpu': 0}, 4: {'cpu': 0}, 0: {'cpu': 0}, 1: {'cpu': 0}}, 'link_level': {}, 'path_level': {}}",[],0.0,0.0,True,True,False,0,[],0,0.0,"OrderedDict([((1, 5), 0), ((3, 5), 0), ((2, 3), 0), ((1, 2), 0), ((0, 4), 0), ((4, 5), 0), ((0, 3), 0)])",1.0,0.0,6.0,7.0
48,34,24,7104.0,13006.0,3275645.814035691,5800845.458785036,0.5462094417960941,0.564684206347011,47,60,1,584.0,39777.0,6126,33651.0,0.1553839790431546,0.15014142842711387,47,317.5638586174298,584.0,7,13,False,"{3: np.int64(77), 1: np.int64(4), 5: np.int64(53), 2: np.int64(22), 0: np.int64(25), 6: np.int64(38), 4: np.int64(34)}","{(2, 3): [(np.int64(22), 3), (3, np.int64(77))], (1, 5): [(np.int64(4), 79), (79, 33), (33, np.int64(53))], (1, 4): [(np.int64(4), 6), (6, 91), (91, np.int64(34))], (1, 3): [(np.int64(4), 17), (17, np.int64(77))], (0, 2): [(np.int64(25), 41), (41, np.int64(22))], (3, 4): [(np.int64(77), 57), (57, np.int64(34))]}","{(3, np.int64(77)): {'cpu': 20, 'nic_slots': 1}, (1, np.int64(4)): {'cpu': 17}, (5, np.int64(53)): {'cpu': 16}, (2, np.int64(22)): {'cpu': 7, 'nic_slots': 1}, (0, np.int64(25)): {'cpu': 15}, (6, np.int64(38)): {'cpu': 12}, (4, np.int64(34)): {'cpu': 2}}","{((2, 3), (np.int64(22), 3)): {'bw': 46.0}, ((2, 3), (3, np.int64(77))): {'bw': 46.0}, ((1, 5), (np.int64(4), 79)): {'bw': 42.0}, ((1, 5), (79, 33)): {'bw': 42.0}, ((1, 5), (33, np.int64(53))): {'bw': 42.0}, ((1, 4), (np.int64(4), 6)): {'bw': 40.0}, ((1, 4), (6, 91)): {'bw': 40.0}, ((1, 4), (91, np.int64(34))): {'bw': 40.0}, ((1, 3), (np.int64(4), 17)): {'bw': 44.0}, ((1, 3), (17, np.int64(77))): {'bw': 44.0}, ((0, 2), (np.int64(25), 41)): {'bw': 40.0}, ((0, 2), (41, np.int64(22))): {'bw': 40.0}, ((3, 4), (np.int64(77), 57)): {'bw': 41.0}, ((3, 4), (57, np.int64(34))): {'bw': 41.0}}",0.0,0.0,432.0,89.0,343.0,0.0,0.0,0.0,0.0,0.0,0.0,0.0,0.0,0.0,Route Failure,0.0,"{'node_level': {}, 'link_level': {}, 'path_level': {}}","{'node_level': {3: {'cpu': -11}, 1: {'cpu': -18}, 5: {'cpu': -44}, 2: {'cpu': -60}, 0: {'cpu': -31}, 6: {'cpu': -35}, 4: {'cpu': -66}}, 'link_level': {}, 'path_level': {}}","{'node_level': {3: {'cpu': 0}, 1: {'cpu': 0}, 5: {'cpu': 0}, 2: {'cpu': 0}, 0: {'cpu': 0}, 6: {'cpu': 0}, 4: {'cpu': 0}}, 'link_level': {}, 'path_level': {}}",[],0.0,0.0,True,False,False,0,[],0,0.0,"OrderedDict([((2, 3), 1), ((1, 5), 0), ((1, 4), 0), ((1, 3), 0), ((0, 2), 0), ((3, 4), 0)])",3.0,1.0,7.0,6.0
49,35,25,7483.0,13686.0,3514234.559022725,6228920.251901614,0.5467631155925764,0.5641803742711061,47,61,1,595.0,39097.0,6030,33067.0,0.16861988142837447,0.16489039296898678,48,629.5217545832035,595.0,7,9,True,"{1: np.int64(77), 5: np.int64(4), 6: np.int64(18), 4: np.int64(25), 0: np.int64(38), 2: np.int64(53), 3: np.int64(30)}","{(1, 6): [(np.int64(77), 18)], (1, 4): [(np.int64(77), 11), (11, np.int64(25))], (0, 5): [(np.int64(38), 75), (75, 6), (6, np.int64(4))], (1, 3): [(np.int64(77), 85), (85, np.int64(30))], (4, 5): [(np.int64(25), 33), (33, 79), (79, np.int64(4))], (1, 2): [(np.int64(77), 3), (3, np.int64(53))], (2, 6): [(np.int64(53), 18)], (3, 5): [(np.int64(30), 51), (51, 6), (6, np.int64(4))], (0, 3): [(np.int64(38), 45), (45, np.int64(30))]}","{(1, np.int64(77)): {'cpu': 18}, (5, np.int64(4)): {'cpu': 17}, (6, np.int64(18)): {'cpu': 19}, (4, np.int64(25)): {'cpu': 13}, (0, np.int64(38)): {'cpu': 19}, (2, np.int64(53)): {'cpu': 8}, (3, np.int64(30)): {'cpu': 2}}","{((1, 6), (np.int64(77), 18)): {'bw': 47.0}, ((1, 4), (np.int64(77), 11)): {'bw': 49.0}, ((1, 4), (11, np.int64(25))): {'bw': 49.0}, ((0, 5), (np.int64(38), 75)): {'bw': 41.0}, ((0, 5), (75, 6)): {'bw': 41.0}, ((0, 5), (6, np.int64(4))): {'bw': 41.0}, ((1, 3), (np.int64(77), 85)): {'bw': 41.0}, ((1, 3), (85, np.int64(30))): {'bw': 41.0}, ((4, 5), (np.int64(25), 33)): {'bw': 32.0}, ((4, 5), (33, 79)): {'bw': 32.0}, ((4, 5), (79, np.int64(4))): {'bw': 32.0}, ((1, 2), (np.int64(77), 3)): {'bw': 27.0}, ((1, 2), (3, np.int64(53))): {'bw': 27.0}, ((2, 6), (np.int64(53), 18)): {'bw': 23.0}, ((3, 5), (np.int64(30), 51)): {'bw': 15.0}, ((3, 5), (51, 6)): {'bw': 15.0}, ((3, 5), (6, np.int64(4))): {'bw': 15.0}, ((0, 3), (np.int64(38), 45)): {'bw': 8.0}, ((0, 3), (45, np.int64(30))): {'bw': 8.0}}",680.0,379.0,379.0,96.0,283.0,96.0,283.0,96.0,584.0,301.0,0.5573529411764706,428074.79311657837,238588.74498703412,350.8658014515208,Success,0.0,"{'node_level': {}, 'link_level': {}, 'path_level': {}}","{'node_level': {1: {'cpu': -13}, 5: {'cpu': -18}, 6: {'cpu': -6}, 4: {'cpu': -33}, 0: {'cpu': -28}, 2: {'cpu': -52}, 3: {'cpu': -36}}, 'link_level': {}, 'path_level': {}}","{'node_level': {1: {'cpu': 0}, 5: {'cpu': 0}, 6: {'cpu': 0}, 4: {'cpu': 0}, 0: {'cpu': 0}, 2: {'cpu': 0}, 3: {'cpu': 0}}, 'link_level': {}, 'path_level': {}}",[],0.0,0.0,True,True,False,0,[],0,0.0,"OrderedDict([((1, 6), 0), ((1, 4), 0), ((0, 5), 0), ((1, 3), 0), ((4, 5), 0), ((1, 2), 0), ((2, 6), 0), ((3, 5), 0), ((0, 3), 0)])",0.0,0.0,7.0,9.0
49,35,24,7483.0,13686.0,3514234.559022725,6228920.251901614,0.5467631155925764,0.5641803742711061,47,62,0,599.4367577311515,39494.0,6106,33388.0,0.158141458706742,0.15678351348621078,0,583.4367577311515,16.0,7,8,False,{},{},{},{},0.0,0.0,0.0,0.0,0.0,0.0,0.0,0.0,0.0,0.0,0.0,0.0,0.0,0.0,Leave Event,0.0,"{'node_level': {}, 'link_level': {}, 'path_level': {}}","{'node_level': {}, 'link_level': {}, 'path_level': {}}","{'node_level': {}, 'link_level': {}, 'path_level': {}}",[],0.0,0.0,True,True,False,0,[],0,0.0,,,,,
50,36,25,7913.0,14556.0,3587262.4766884036,6376674.410899615,0.543624622148942,0.5625600815617487,48,63,1,605.0,38624.0,6016,32608.0,0.1705501171928857,0.17648247297706843,49,169.8323666643692,605.0,8,11,True,"{5: np.int64(72), 7: np.int64(60), 1: np.int64(91), 6: np.int64(54), 0: np.int64(34), 3: np.int64(30), 4: np.int64(0), 2: np.int64(5)}","{(5, 6): [(np.int64(72), 89), (89, 60), (60, np.int64(54))], (2, 3): [(np.int64(5), 90), (90, np.int64(30))], (2, 7): [(np.int64(5), 15), (15, 56), (56, 80), (80, np.int64(60))], (5, 7): [(np.int64(72), 13), (13, 60)], (0, 1): [(np.int64(34), 91)], (1, 6): [(np.int64(91), 54)], (4, 7): [(np.int64(0), 38), (38, 40), (40, np.int64(60))], (0, 3): [(np.int64(34), 29), (29, np.int64(30))], (4, 6): [(np.int64(0), 65), (65, 73), (73, np.int64(54))], (1, 3): [(np.int64(91), 30)], (3, 5): [(np.int64(30), 45), (45, np.int64(72))]}","{(5, np.int64(72)): {'cpu': 18, 'nic_slots': 1}, (7, np.int64(60)): {'cpu': 13}, (1, np.int64(91)): {'cpu': 16}, (6, np.int64(54)): {'cpu': 12}, (0, np.int64(34)): {'cpu': 19}, (3, np.int64(30)): {'cpu': 5, 'nic_slots': 1}, (4, np.int64(0)): {'cpu': 5}, (2, np.int64(5)): {'cpu': 2}}","{((5, 6), (np.int64(72), 89)): {'bw': 48.0}, ((5, 6), (89, 60)): {'bw': 48.0}, ((5, 6), (60, np.int64(54))): {'bw': 48.0}, ((2, 3), (np.int64(5), 90)): {'bw': 44.0}, ((2, 3), (90, np.int64(30))): {'bw': 44.0}, ((2, 7), (np.int64(5), 15)): {'bw': 42.0}, ((2, 7), (15, 56)): {'bw': 42.0}, ((2, 7), (56, 80)): {'bw': 42.0}, ((2, 7), (80, np.int64(60))): {'bw': 42.0}, ((5, 7), (np.int64(72), 13)): {'bw': 45.0}, ((5, 7), (13, 60)): {'bw': 45.0}, ((0, 1), (np.int64(34), 91)): {'bw': 35.0}, ((1, 6), (np.int64(91), 54)): {'bw': 37.0}, ((4, 7), (np.int64(0), 38)): {'bw': 32.0}, ((4, 7), (38, 40)): {'bw': 32.0}, ((4, 7), (40, np.int64(60))): {'bw': 32.0}, ((0, 3), (np.int64(34), 29)): {'bw': 22.0}, ((0, 3), (29, np.int64(30))): {'bw': 22.0}, ((4, 6), (np.int64(0), 65)): {'bw': 18.0}, ((4, 6), (65, 73)): {'bw': 18.0}, ((4, 6), (73, np.int64(54))): {'bw': 18.0}, ((1, 3), (np.int64(91), 30)): {'bw': 10.0}, ((3, 5), (np.int64(30), 45)): {'bw': 7.0}, ((3, 5), (45, np.int64(72))): {'bw': 7.0}}",870.0,430.0,430.0,90.0,340.0,90.0,340.0,90.0,780.0,440.0,0.4942528735632184,147754.15899800122,73027.91766567876,83.94013524790662,Success,0.0,"{'node_level': {}, 'link_level': {}, 'path_level': {}}","{'node_level': {5: {'cpu': -53}, 7: {'cpu': -37}, 1: {'cpu': -39}, 6: {'cpu': -72}, 0: {'cpu': -49}, 3: {'cpu': -31}, 4: {'cpu': -76}, 2: {'cpu': -38}}, 'link_level': {}, 'path_level': {}}","{'node_level': {5: {'cpu': 0}, 7: {'cpu': 0}, 1: {'cpu': 0}, 6: {'cpu': 0}, 0: {'cpu': 0}, 3: {'cpu': 0}, 4: {'cpu': 0}, 2: {'cpu': 0}}, 'link_level': {}, 'path_level': {}}",[],0.0,0.0,True,True,False,0,[],0,0.0,"OrderedDict([((5, 6), 0), ((2, 3), 0), ((2, 7), 0), ((5, 7), 0), ((0, 1), 0), ((1, 6), 0), ((4, 7), 0), ((0, 3), 0), ((4, 6), 0), ((1, 3), 0), ((3, 5), 1)])",1.0,1.0,8.0,11.0
50,36,24,7913.0,14556.0,3587262.4766884036,6376674.410899615,0.543624622148942,0.5625600815617487,48,64,0,605.7052384385845,38718.0,6034,32684.0,0.16806838549565695,0.17456308718052327,37,143.7052384385845,462.0,2,1,False,{},{},{},{},0.0,0.0,0.0,0.0,0.0,0.0,0.0,0.0,0.0,0.0,0.0,0.0,0.0,0.0,Leave Event,0.0,"{'node_level': {}, 'link_level': {}, 'path_level': {}}","{'node_level': {}, 'link_level': {}, 'path_level': {}}","{'node_level': {}, 'link_level': {}, 'path_level': {}}",[],0.0,0.0,True,True,False,0,[],0,0.0,,,,,
50,36,23,7913.0,14556.0,3587262.4766884036,6376674.410899615,0.543624622148942,0.5625600815617487,48,65,0,607.171900970111,38752.0,6066,32686.0,0.16365641803391695,0.17451257702798262,26,252.17190097011095,355.0,2,1,False,{},{},{},{},0.0,0.0,0.0,0.0,0.0,0.0,0.0,0.0,0.0,0.0,0.0,0.0,0.0,0.0,Leave Event,0.0,"{'node_level': {}, 'link_level': {}, 'path_level': {}}","{'node_level': {}, 'link_level': {}, 'path_level': {}}","{'node_level': {}, 'link_level': {}, 'path_level': {}}",[],0.0,0.0,True,True,False,0,[],0,0.0,,,,,
50,36,22,7913.0,14556.0,3587262.4766884036,6376674.410899615,0.543624622148942,0.5625600815617487,48,66,0,617.9520750885513,38888.0,6107,32781.0,0.15800358472356268,0.17211334478230123,24,283.95207508855134,334.0,5,5,False,{},{},{},{},0.0,0.0,0.0,0.0,0.0,0.0,0.0,0.0,0.0,0.0,0.0,0.0,0.0,0.0,Leave Event,0.0,"{'node_level': {}, 'link_level': {}, 'path_level': {}}","{'node_level': {}, 'link_level': {}, 'path_level': {}}","{'node_level': {}, 'link_level': {}, 'path_level': {}}",[],0.0,0.0,True,True,False,0,[],0,0.0,,,,,
51,37,23,8483.0,15471.0,3725098.64691182,6597937.736784573,0.548316204511667,0.5645852985462095,50,67,1,624.0,37973.0,6032,31941.0,0.1683441334620157,0.19332760884937872,50,241.81784249722122,624.0,10,16,True,"{7: np.int64(98), 1: np.int64(42), 2: np.int64(7), 8: np.int64(1), 6: np.int64(12), 0: np.int64(13), 4: np.int64(72), 9: np.int64(73), 5: np.int64(52), 3: np.int64(64)}","{(0, 7): [(np.int64(13), 55), (55, np.int64(98))], (1, 7): [(np.int64(42), 98)], (7, 9): [(np.int64(98), 4), (4, np.int64(73))], (1, 3): [(np.int64(42), 77), (77, 1), (1, np.int64(64))], (2, 6): [(np.int64(7), 12)], (3, 8): [(np.int64(64), 72), (72, np.int64(1))], (1, 6): [(np.int64(42), 7), (7, np.int64(12))], (6, 8): [(np.int64(12), 1)], (4, 8): [(np.int64(72), 1)], (1, 4): [(np.int64(42), 45), (45, np.int64(72))], (2, 5): [(np.int64(7), 52)], (8, 9): [(np.int64(1), 13), (13, np.int64(73))], (5, 8): [(np.int64(52), 94), (94, np.int64(1))], (2, 7): [(np.int64(7), 42), (42, np.int64(98))], (0, 2): [(np.int64(13), 7)], (0, 9): [(np.int64(13), 73)]}","{(7, np.int64(98)): {'cpu': 11}, (1, np.int64(42)): {'cpu': 9}, (2, np.int64(7)): {'cpu': 12}, (8, np.int64(1)): {'cpu': 8, 'nic_slots': 1}, (6, np.int64(12)): {'cpu': 9}, (0, np.int64(13)): {'cpu': 6}, (4, np.int64(72)): {'cpu': 7, 'nic_slots': 1}, (9, np.int64(73)): {'cpu': 5}, (5, np.int64(52)): {'cpu': 6}, (3, np.int64(64)): {'cpu': 2}}","{((0, 7), (np.int64(13), 55)): {'bw': 48.0}, ((0, 7), (55, np.int64(98))): {'bw': 48.0}, ((1, 7), (np.int64(42), 98)): {'bw': 50.0}, ((7, 9), (np.int64(98), 4)): {'bw': 46.0}, ((7, 9), (4, np.int64(73))): {'bw': 46.0}, ((1, 3), (np.int64(42), 77)): {'bw': 42.0}, ((1, 3), (77, 1)): {'bw': 42.0}, ((1, 3), (1, np.int64(64))): {'bw': 42.0}, ((2, 6), (np.int64(7), 12)): {'bw': 37.0}, ((3, 8), (np.int64(64), 72)): {'bw': 33.0}, ((3, 8), (72, np.int64(1))): {'bw': 33.0}, ((1, 6), (np.int64(42), 7)): {'bw': 33.0}, ((1, 6), (7, np.int64(12))): {'bw': 33.0}, ((6, 8), (np.int64(12), 1)): {'bw': 29.0}, ((4, 8), (np.int64(72), 1)): {'bw': 28.0}, ((1, 4), (np.int64(42), 45)): {'bw': 30.0}, ((1, 4), (45, np.int64(72))): {'bw': 30.0}, ((2, 5), (np.int64(7), 52)): {'bw': 26.0}, ((8, 9), (np.int64(1), 13)): {'bw': 24.0}, ((8, 9), (13, np.int64(73))): {'bw': 24.0}, ((5, 8), (np.int64(52), 94)): {'bw': 27.0}, ((5, 8), (94, np.int64(1))): {'bw': 27.0}, ((2, 7), (np.int64(7), 42)): {'bw': 20.0}, ((2, 7), (42, np.int64(98))): {'bw': 20.0}, ((0, 2), (np.int64(13), 7)): {'bw': 19.0}, ((0, 9), (np.int64(13), 73)): {'bw': 3.0}}",915.0,570.0,570.0,75.0,495.0,75.0,495.0,75.0,840.0,345.0,0.6229508196721312,221263.32588495742,137836.1702234161,150.64062319499027,Success,0.0,"{'node_level': {}, 'link_level': {}, 'path_level': {}}","{'node_level': {7: {'cpu': -33}, 1: {'cpu': -80}, 2: {'cpu': -37}, 8: {'cpu': -30}, 6: {'cpu': -47}, 0: {'cpu': -46}, 4: {'cpu': -46}, 9: {'cpu': -56}, 5: {'cpu': -62}, 3: {'cpu': -67}}, 'link_level': {}, 'path_level': {}}","{'node_level': {7: {'cpu': 0}, 1: {'cpu': 0}, 2: {'cpu': 0}, 8: {'cpu': 0}, 6: {'cpu': 0}, 0: {'cpu': 0}, 4: {'cpu': 0}, 9: {'cpu': 0}, 5: {'cpu': 0}, 3: {'cpu': 0}}, 'link_level': {}, 'path_level': {}}",[],0.0,0.0,True,True,False,0,[],0,0.0,"OrderedDict([((0, 7), 0), ((1, 7), 0), ((7, 9), 0), ((1, 3), 0), ((2, 6), 0), ((3, 8), 0), ((1, 6), 0), ((6, 8), 0), ((4, 8), 1), ((1, 4), 0), ((2, 5), 0), ((8, 9), 0), ((5, 8), 0), ((2, 7), 0), ((0, 2), 0), ((0, 9), 0)])",1.0,1.0,10.0,16.0
51,37,22,8483.0,15471.0,3725098.64691182,6597937.736784573,0.548316204511667,0.5645852985462095,50,68,0,629.3986951218855,39312.0,6168,33144.0,0.1495932717496209,0.16294575209617135,17,402.39869512188545,227.0,10,18,False,{},{},{},{},0.0,0.0,0.0,0.0,0.0,0.0,0.0,0.0,0.0,0.0,0.0,0.0,0.0,0.0,Leave Event,0.0,"{'node_level': {}, 'link_level': {}, 'path_level': {}}","{'node_level': {}, 'link_level': {}, 'path_level': {}}","{'node_level': {}, 'link_level': {}, 'path_level': {}}",[],0.0,0.0,True,True,False,0,[],0,0.0,,,,,
52,37,22,8483.0,15471.0,3725098.64691182,6597937.736784573,0.548316204511667,0.5645852985462095,50,69,1,644.0,39312.0,6168,33144.0,0.1495932717496209,0.16294575209617135,51,691.489605459313,644.0,6,9,False,"{4: np.int64(95), 2: np.int64(41), 5: np.int64(9), 0: np.int64(68), 1: np.int64(77), 3: np.int64(49)}","{(0, 5): [(np.int64(68), 29), (29, np.int64(9))], (3, 4): [(np.int64(49), 33), (33, np.int64(95))], (1, 4): [(np.int64(77), 97), (97, 84), (84, 53), (53, np.int64(95))]}","{(4, np.int64(95)): {'cpu': 14}, (2, np.int64(41)): {'cpu': 19}, (5, np.int64(9)): {'cpu': 15}, (0, np.int64(68)): {'cpu': 8}, (1, np.int64(77)): {'cpu': 6}, (3, np.int64(49)): {'cpu': 3}}","{((0, 5), (np.int64(68), 29)): {'bw': 45.0}, ((0, 5), (29, np.int64(9))): {'bw': 45.0}, ((3, 4), (np.int64(49), 33)): {'bw': 45.0}, ((3, 4), (33, np.int64(95))): {'bw': 45.0}, ((1, 4), (np.int64(77), 97)): {'bw': 45.0}, ((1, 4), (97, 84)): {'bw': 45.0}, ((1, 4), (84, 53)): {'bw': 45.0}, ((1, 4), (53, np.int64(95))): {'bw': 45.0}}",0.0,0.0,367.0,65.0,302.0,0.0,0.0,0.0,0.0,0.0,0.0,0.0,0.0,0.0,Route Failure,0.0,"{'node_level': {}, 'link_level': {}, 'path_level': {}}","{'node_level': {4: {'cpu': -71}, 2: {'cpu': -38}, 5: {'cpu': -85}, 0: {'cpu': -43}, 1: {'cpu': -26}, 3: {'cpu': -49}}, 'link_level': {}, 'path_level': {}}","{'node_level': {4: {'cpu': 0}, 2: {'cpu': 0}, 5: {'cpu': 0}, 0: {'cpu': 0}, 1: {'cpu': 0}, 3: {'cpu': 0}}, 'link_level': {}, 'path_level': {}}",[],0.0,0.0,True,False,False,0,[],0,0.0,"OrderedDict([((0, 5), 0), ((3, 4), 0), ((1, 4), 0)])",0.0,0.0,6.0,3.0
53,38,23,8600.0,15624.0,3848384.3313907376,6759157.478026235,0.5504352278545827,0.5693585840989338,50,70,1,657.0,39159.0,6132,33027.0,0.1545567351440783,0.1659005960198,52,1053.723798965108,657.0,3,2,True,"{0: np.int64(95), 1: np.int64(9), 2: np.int64(41)}","{(0, 2): [(np.int64(95), 41)], (0, 1): [(np.int64(95), 53), (53, np.int64(9))]}","{(0, np.int64(95)): {'cpu': 8}, (1, np.int64(9)): {'cpu': 18}, (2, np.int64(41)): {'cpu': 10}}","{((0, 2), (np.int64(95), 41)): {'bw': 45.0}, ((0, 1), (np.int64(95), 53)): {'bw': 36.0}, ((0, 1), (53, np.int64(9))): {'bw': 36.0}}",153.0,117.0,117.0,36.0,81.0,36.0,81.0,36.0,117.0,36.0,0.7647058823529411,161219.74124166154,123285.68447891764,805.7887874439061,Success,0.0,"{'node_level': {}, 'link_level': {}, 'path_level': {}}","{'node_level': {0: {'cpu': -77}, 1: {'cpu': -82}, 2: {'cpu': -47}}, 'link_level': {}, 'path_level': {}}","{'node_level': {0: {'cpu': 0}, 1: {'cpu': 0}, 2: {'cpu': 0}}, 'link_level': {}, 'path_level': {}}",[],0.0,0.0,True,True,False,0,[],0,0.0,"OrderedDict([((0, 2), 0), ((0, 1), 0)])",0.0,0.0,3.0,2.0
53,38,23,8600.0,15624.0,3848384.3313907376,6759157.478026235,0.5504352278545827,0.5693585840989338,50,71,0,661.8694210704186,39159.0,6132,33027.0,0.1545567351440783,0.1659005960198,38,187.86942107041867,474.0,6,9,False,{},{},{},{},0.0,0.0,0.0,0.0,0.0,0.0,0.0,0.0,0.0,0.0,0.0,0.0,0.0,0.0,Leave Event,0.0,"{'node_level': {}, 'link_level': {}, 'path_level': {}}","{'node_level': {}, 'link_level': {}, 'path_level': {}}","{'node_level': {}, 'link_level': {}, 'path_level': {}}",[],0.0,0.0,True,True,False,0,[],0,0.0,,,,,
53,38,22,8600.0,15624.0,3848384.3313907376,6759157.478026235,0.5504352278545827,0.5693585840989338,50,72,0,663.0286210809459,39390.0,6167,33223.0,0.14973114573280022,0.16095060107081527,43,131.0286210809459,532.0,4,4,False,{},{},{},{},0.0,0.0,0.0,0.0,0.0,0.0,0.0,0.0,0.0,0.0,0.0,0.0,0.0,0.0,Leave Event,0.0,"{'node_level': {}, 'link_level': {}, 'path_level': {}}","{'node_level': {}, 'link_level': {}, 'path_level': {}}","{'node_level': {}, 'link_level': {}, 'path_level': {}}",[],0.0,0.0,True,True,False,0,[],0,0.0,,,,,
54,39,23,8853.0,16080.0,3862115.5391712505,6783906.216160282,0.5505597014925373,0.569305561738326,51,73,1,674.0,38934.0,6088,32846.0,0.16062319040397077,0.1704717648247298,53,54.27354853957754,674.0,6,7,True,"{4: np.int64(68), 2: np.int64(91), 1: np.int64(77), 5: np.int64(59), 0: np.int64(49), 3: np.int64(80)}","{(1, 4): [(np.int64(77), 97), (97, np.int64(68))], (0, 5): [(np.int64(49), 80), (80, 81), (81, np.int64(59))], (2, 5): [(np.int64(91), 77), (77, np.int64(59))], (0, 4): [(np.int64(49), 10), (10, np.int64(68))], (0, 3): [(np.int64(49), 80)], (0, 1): [(np.int64(49), 10), (10, 3), (3, np.int64(77))], (1, 2): [(np.int64(77), 91)]}","{(4, np.int64(68)): {'cpu': 20}, (2, np.int64(91)): {'cpu': 20}, (1, np.int64(77)): {'cpu': 8}, (5, np.int64(59)): {'cpu': 7}, (0, np.int64(49)): {'cpu': 5}, (3, np.int64(80)): {'cpu': 19}}","{((1, 4), (np.int64(77), 97)): {'bw': 41.0}, ((1, 4), (97, np.int64(68))): {'bw': 41.0}, ((0, 5), (np.int64(49), 80)): {'bw': 39.0}, ((0, 5), (80, 81)): {'bw': 39.0}, ((0, 5), (81, np.int64(59))): {'bw': 39.0}, ((2, 5), (np.int64(91), 77)): {'bw': 32.0}, ((2, 5), (77, np.int64(59))): {'bw': 32.0}, ((0, 4), (np.int64(49), 10)): {'bw': 24.0}, ((0, 4), (10, np.int64(68))): {'bw': 24.0}, ((0, 3), (np.int64(49), 80)): {'bw': 12.0}, ((0, 1), (np.int64(49), 10)): {'bw': 14.0}, ((0, 1), (10, 3)): {'bw': 14.0}, ((0, 1), (3, np.int64(77))): {'bw': 14.0}, ((1, 2), (np.int64(77), 91)): {'bw': 12.0}}",456.0,253.0,253.0,79.0,174.0,79.0,174.0,79.0,377.0,203.0,0.5548245614035088,24748.73813404736,13731.207780513118,30.112297764283152,Success,0.0,"{'node_level': {}, 'link_level': {}, 'path_level': {}}","{'node_level': {4: {'cpu': -31}, 2: {'cpu': -39}, 1: {'cpu': -24}, 5: {'cpu': -81}, 0: {'cpu': -47}, 3: {'cpu': -27}}, 'link_level': {}, 'path_level': {}}","{'node_level': {4: {'cpu': 0}, 2: {'cpu': 0}, 1: {'cpu': 0}, 5: {'cpu': 0}, 0: {'cpu': 0}, 3: {'cpu': 0}}, 'link_level': {}, 'path_level': {}}",[],0.0,0.0,True,True,False,0,[],0,0.0,"OrderedDict([((1, 4), 0), ((0, 5), 0), ((2, 5), 0), ((0, 4), 0), ((0, 3), 0), ((0, 1), 0), ((1, 2), 0)])",3.0,0.0,6.0,7.0
55,40,24,9569.0,17393.0,3896813.8864337443,6847536.006601139,0.5501638590237452,0.5690826426728024,53,74,1,688.0,37621.0,5998,31623.0,0.17303184889011447,0.2013587231033438,54,48.461378858231306,688.0,10,23,True,"{4: np.int64(90), 9: np.int64(78), 6: np.int64(64), 2: np.int64(29), 0: np.int64(95), 5: np.int64(33), 1: np.int64(48), 3: np.int64(98), 8: np.int64(79), 7: np.int64(41)}","{(0, 1): [(np.int64(95), 48)], (8, 9): [(np.int64(79), 73), (73, np.int64(78))], (0, 9): [(np.int64(95), 26), (26, 71), (71, np.int64(78))], (0, 6): [(np.int64(95), 48), (48, 69), (69, np.int64(64))], (0, 7): [(np.int64(95), 41)], (0, 4): [(np.int64(95), 53), (53, 29), (29, np.int64(90))], (0, 5): [(np.int64(95), 33)], (1, 6): [(np.int64(48), 29), (29, np.int64(64))], (1, 4): [(np.int64(48), 90)], (3, 4): [(np.int64(98), 90)], (7, 9): [(np.int64(41), 68), (68, np.int64(78))], (2, 9): [(np.int64(29), 68), (68, np.int64(78))], (4, 5): [(np.int64(90), 0), (0, 49), (49, np.int64(33))], (3, 6): [(np.int64(98), 91), (91, 69), (69, np.int64(64))], (2, 6): [(np.int64(29), 64)], (0, 8): [(np.int64(95), 13), (13, 4), (4, np.int64(79))], (2, 4): [(np.int64(29), 90)], (4, 8): [(np.int64(90), 51), (51, 82), (82, np.int64(79))], (7, 8): [(np.int64(41), 68), (68, 79)], (6, 9): [(np.int64(64), 62), (62, 27), (27, np.int64(78))], (5, 7): [(np.int64(33), 46), (46, np.int64(41))], (3, 7): [(np.int64(98), 18), (18, np.int64(41))], (6, 7): [(np.int64(64), 25), (25, np.int64(41))]}","{(4, np.int64(90)): {'cpu': 17}, (9, np.int64(78)): {'cpu': 15}, (6, np.int64(64)): {'cpu': 9}, (2, np.int64(29)): {'cpu': 16}, (0, np.int64(95)): {'cpu': 4}, (5, np.int64(33)): {'cpu': 12}, (1, np.int64(48)): {'cpu': 6}, (3, np.int64(98)): {'cpu': 8}, (8, np.int64(79)): {'cpu': 2}, (7, np.int64(41)): {'cpu': 1}}","{((0, 1), (np.int64(95), 48)): {'bw': 49.0}, ((8, 9), (np.int64(79), 73)): {'bw': 50.0}, ((8, 9), (73, np.int64(78))): {'bw': 50.0}, ((0, 9), (np.int64(95), 26)): {'bw': 43.0}, ((0, 9), (26, 71)): {'bw': 43.0}, ((0, 9), (71, np.int64(78))): {'bw': 43.0}, ((0, 6), (np.int64(95), 48)): {'bw': 44.0}, ((0, 6), (48, 69)): {'bw': 44.0}, ((0, 6), (69, np.int64(64))): {'bw': 44.0}, ((0, 7), (np.int64(95), 41)): {'bw': 39.0}, ((0, 4), (np.int64(95), 53)): {'bw': 35.0}, ((0, 4), (53, 29)): {'bw': 35.0}, ((0, 4), (29, np.int64(90))): {'bw': 35.0}, ((0, 5), (np.int64(95), 33)): {'bw': 41.0}, ((1, 6), (np.int64(48), 29)): {'bw': 39.0}, ((1, 6), (29, np.int64(64))): {'bw': 39.0}, ((1, 4), (np.int64(48), 90)): {'bw': 35.0}, ((3, 4), (np.int64(98), 90)): {'bw': 36.0}, ((7, 9), (np.int64(41), 68)): {'bw': 34.0}, ((7, 9), (68, np.int64(78))): {'bw': 34.0}, ((2, 9), (np.int64(29), 68)): {'bw': 27.0}, ((2, 9), (68, np.int64(78))): {'bw': 27.0}, ((4, 5), (np.int64(90), 0)): {'bw': 26.0}, ((4, 5), (0, 49)): {'bw': 26.0}, ((4, 5), (49, np.int64(33))): {'bw': 26.0}, ((3, 6), (np.int64(98), 91)): {'bw': 28.0}, ((3, 6), (91, 69)): {'bw': 28.0}, ((3, 6), (69, np.int64(64))): {'bw': 28.0}, ((2, 6), (np.int64(29), 64)): {'bw': 21.0}, ((0, 8), (np.int64(95), 13)): {'bw': 20.0}, ((0, 8), (13, 4)): {'bw': 20.0}, ((0, 8), (4, np.int64(79))): {'bw': 20.0}, ((2, 4), (np.int64(29), 90)): {'bw': 22.0}, ((4, 8), (np.int64(90), 51)): {'bw': 8.0}, ((4, 8), (51, 82)): {'bw': 8.0}, ((4, 8), (82, np.int64(79))): {'bw': 8.0}, ((7, 8), (np.int64(41), 68)): {'bw': 5.0}, ((7, 8), (68, 79)): {'bw': 5.0}, ((6, 9), (np.int64(64), 62)): {'bw': 10.0}, ((6, 9), (62, 27)): {'bw': 10.0}, ((6, 9), (27, np.int64(78))): {'bw': 10.0}, ((5, 7), (np.int64(33), 46)): {'bw': 5.0}, ((5, 7), (46, np.int64(41))): {'bw': 5.0}, ((3, 7), (np.int64(98), 18)): {'bw': 4.0}, ((3, 7), (18, np.int64(41))): {'bw': 4.0}, ((6, 7), (np.int64(64), 25)): {'bw': 5.0}, ((6, 7), (25, np.int64(41))): {'bw': 5.0}}",1313.0,716.0,716.0,90.0,626.0,90.0,626.0,90.0,1223.0,597.0,0.5453160700685453,63629.79044085771,34698.34726249362,26.426768669073585,Success,0.0,"{'node_level': {}, 'link_level': {}, 'path_level': {}}","{'node_level': {4: {'cpu': -69}, 9: {'cpu': -34}, 6: {'cpu': -66}, 2: {'cpu': -50}, 0: {'cpu': -73}, 5: {'cpu': -30}, 1: {'cpu': -54}, 3: {'cpu': -25}, 8: {'cpu': -68}, 7: {'cpu': -46}}, 'link_level': {}, 'path_level': {}}","{'node_level': {4: {'cpu': 0}, 9: {'cpu': 0}, 6: {'cpu': 0}, 2: {'cpu': 0}, 0: {'cpu': 0}, 5: {'cpu': 0}, 1: {'cpu': 0}, 3: {'cpu': 0}, 8: {'cpu': 0}, 7: {'cpu': 0}}, 'link_level': {}, 'path_level': {}}",[],0.0,0.0,True,True,False,0,[],0,0.0,"OrderedDict([((0, 1), 0), ((8, 9), 0), ((0, 9), 0), ((0, 6), 0), ((0, 7), 0), ((0, 4), 0), ((0, 5), 0), ((1, 6), 0), ((1, 4), 0), ((3, 4), 0), ((7, 9), 0), ((2, 9), 0), ((4, 5), 0), ((3, 6), 0), ((2, 6), 0), ((0, 8), 0), ((2, 4), 0), ((4, 8), 0), ((7, 8), 0), ((6, 9), 0), ((5, 7), 0), ((3, 7), 0), ((6, 7), 0)])",0.0,0.0,10.0,23.0
55,40,23,9569.0,17393.0,3896813.8864337443,6847536.006601139,0.5501638590237452,0.5690826426728024,53,75,0,695.8903293738089,37758.0,6017,31741.0,0.17041224320970638,0.19837862410344476,13,520.8903293738089,175.0,3,3,False,{},{},{},{},0.0,0.0,0.0,0.0,0.0,0.0,0.0,0.0,0.0,0.0,0.0,0.0,0.0,0.0,Leave Event,0.0,"{'node_level': {}, 'link_level': {}, 'path_level': {}}","{'node_level': {}, 'link_level': {}, 'path_level': {}}","{'node_level': {}, 'link_level': {}, 'path_level': {}}",[],0.0,0.0,True,True,False,0,[],0,0.0,,,,,
55,40,22,9569.0,17393.0,3896813.8864337443,6847536.006601139,0.5501638590237452,0.5690826426728024,53,76,0,696.1897028893595,38029.0,6075,31954.0,0.16241555218530268,0.19299929285786444,31,298.1897028893596,398.0,5,5,False,{},{},{},{},0.0,0.0,0.0,0.0,0.0,0.0,0.0,0.0,0.0,0.0,0.0,0.0,0.0,0.0,Leave Event,0.0,"{'node_level': {}, 'link_level': {}, 'path_level': {}}","{'node_level': {}, 'link_level': {}, 'path_level': {}}","{'node_level': {}, 'link_level': {}, 'path_level': {}}",[],0.0,0.0,True,True,False,0,[],0,0.0,,,,,
56,41,23,9683.0,17577.0,3921724.483011513,6887742.583533678,0.5508903680946692,0.5693773301556105,53,77,1,700.0,37845.0,6031,31814.0,0.16848200744519504,0.19653500353571063,55,218.5140050681475,700.0,3,2,True,"{1: np.int64(10), 0: np.int64(5), 2: np.int64(18)}","{(0, 1): [(np.int64(5), 85), (85, np.int64(10))], (1, 2): [(np.int64(10), 37), (37, np.int64(18))]}","{(1, np.int64(10)): {'cpu': 20}, (0, np.int64(5)): {'cpu': 15}, (2, np.int64(18)): {'cpu': 9}}","{((0, 1), (np.int64(5), 85)): {'bw': 40.0}, ((0, 1), (85, np.int64(10))): {'bw': 40.0}, ((1, 2), (np.int64(10), 37)): {'bw': 30.0}, ((1, 2), (37, np.int64(18))): {'bw': 30.0}}",184.0,114.0,114.0,44.0,70.0,44.0,70.0,44.0,140.0,70.0,0.6195652173913043,40206.57693253914,24910.596577768814,135.3836770530914,Success,0.0,"{'node_level': {}, 'link_level': {}, 'path_level': {}}","{'node_level': {1: {'cpu': -49}, 0: {'cpu': -33}, 2: {'cpu': -17}}, 'link_level': {}, 'path_level': {}}","{'node_level': {1: {'cpu': 0}, 0: {'cpu': 0}, 2: {'cpu': 0}}, 'link_level': {}, 'path_level': {}}",[],0.0,0.0,True,True,False,0,[],0,0.0,"OrderedDict([((0, 1), 0), ((1, 2), 0)])",0.0,0.0,3.0,2.0
56,41,22,9683.0,17577.0,3921724.483011513,6887742.583533678,0.5508903680946692,0.5693773301556105,53,78,0,701.3612458714599,37946.0,6050,31896.0,0.16586240176478695,0.19446408728154363,35,265.3612458714599,436.0,2,1,False,{},{},{},{},0.0,0.0,0.0,0.0,0.0,0.0,0.0,0.0,0.0,0.0,0.0,0.0,0.0,0.0,Leave Event,0.0,"{'node_level': {}, 'link_level': {}, 'path_level': {}}","{'node_level': {}, 'link_level': {}, 'path_level': {}}","{'node_level': {}, 'link_level': {}, 'path_level': {}}",[],0.0,0.0,True,True,False,0,[],0,0.0,,,,,
57,42,23,9772.0,17705.0,3957438.0467795176,6939105.911200021,0.5519344817848065,0.5703095034753741,53,79,1,716.0,37818.0,6022,31796.0,0.16972287329380942,0.1969895949085766,56,401.275997393307,716.0,3,2,True,"{1: np.int64(83), 0: np.int64(3), 2: np.int64(18)}","{(0, 1): [(np.int64(3), 63), (63, np.int64(83))], (1, 2): [(np.int64(83), 18)]}","{(1, np.int64(83)): {'cpu': 8}, (0, np.int64(3)): {'cpu': 12}, (2, np.int64(18)): {'cpu': 8}}","{((0, 1), (np.int64(3), 63)): {'bw': 39.0}, ((0, 1), (63, np.int64(83))): {'bw': 39.0}, ((1, 2), (np.int64(83), 18)): {'bw': 22.0}}",128.0,89.0,89.0,28.0,61.0,28.0,61.0,28.0,100.0,39.0,0.6953125,51363.3276663433,35713.56376800432,279.01221693753376,Success,0.0,"{'node_level': {}, 'link_level': {}, 'path_level': {}}","{'node_level': {1: {'cpu': -53}, 0: {'cpu': -41}, 2: {'cpu': -9}}, 'link_level': {}, 'path_level': {}}","{'node_level': {1: {'cpu': 0}, 0: {'cpu': 0}, 2: {'cpu': 0}}, 'link_level': {}, 'path_level': {}}",[],0.0,0.0,True,True,False,0,[],0,0.0,"OrderedDict([((0, 1), 0), ((1, 2), 0)])",0.0,0.0,3.0,2.0
57,42,22,9772.0,17705.0,3957438.0467795176,6939105.911200021,0.5519344817848065,0.5703095034753741,53,80,0,717.5415178703479,38276.0,6094,32182.0,0.15979594650489448,0.18724113546822907,21,421.54151787034783,296.0,6,9,False,{},{},{},{},0.0,0.0,0.0,0.0,0.0,0.0,0.0,0.0,0.0,0.0,0.0,0.0,0.0,0.0,Leave Event,0.0,"{'node_level': {}, 'link_level': {}, 'path_level': {}}","{'node_level': {}, 'link_level': {}, 'path_level': {}}","{'node_level': {}, 'link_level': {}, 'path_level': {}}",[],0.0,0.0,True,True,False,0,[],0,0.0,,,,,
58,43,23,10287.0,18635.0,3966245.426938626,6955010.500613557,0.5520257579822914,0.5702716662453251,53,81,1,723.0,37346.0,6036,31310.0,0.16779263752929818,0.2092635619759572,57,17.10170904681252,723.0,9,21,True,"{3: np.int64(20), 0: np.int64(28), 6: np.int64(78), 1: np.int64(5), 5: np.int64(83), 8: np.int64(79), 2: np.int64(33), 7: np.int64(7), 4: np.int64(32)}","{(0, 8): [(np.int64(28), 68), (68, 79)], (1, 8): [(np.int64(5), 79)], (1, 5): [(np.int64(5), 83)], (2, 6): [(np.int64(33), 46), (46, np.int64(78))], (5, 8): [(np.int64(83), 69), (69, np.int64(79))], (6, 8): [(np.int64(78), 73), (73, np.int64(79))], (1, 3): [(np.int64(5), 15), (15, 56), (56, np.int64(20))], (3, 6): [(np.int64(20), 78)], (3, 7): [(np.int64(20), 93), (93, np.int64(7))], (5, 7): [(np.int64(83), 19), (19, np.int64(7))], (2, 3): [(np.int64(33), 66), (66, np.int64(20))], (3, 8): [(np.int64(20), 72), (72, 52), (52, np.int64(79))], (1, 2): [(np.int64(5), 79), (79, np.int64(33))], (3, 4): [(np.int64(20), 93), (93, 99), (99, np.int64(32))], (0, 2): [(np.int64(28), 26), (26, 95), (95, np.int64(33))], (7, 8): [(np.int64(7), 52), (52, np.int64(79))], (0, 1): [(np.int64(28), 4), (4, 15), (15, np.int64(5))], (0, 3): [(np.int64(28), 20)], (2, 4): [(np.int64(33), 49), (49, np.int64(32))], (2, 5): [(np.int64(33), 18), (18, np.int64(83))], (1, 7): [(np.int64(5), 15), (15, np.int64(7))]}","{(3, np.int64(20)): {'cpu': 8}, (0, np.int64(28)): {'cpu': 17}, (6, np.int64(78)): {'cpu': 9}, (1, np.int64(5)): {'cpu': 4}, (5, np.int64(83)): {'cpu': 4}, (8, np.int64(79)): {'cpu': 2}, (2, np.int64(33)): {'cpu': 4}, (7, np.int64(7)): {'cpu': 4}, (4, np.int64(32)): {'cpu': 6}}","{((0, 8), (np.int64(28), 68)): {'bw': 47.0}, ((0, 8), (68, 79)): {'bw': 47.0}, ((1, 8), (np.int64(5), 79)): {'bw': 48.0}, ((1, 5), (np.int64(5), 83)): {'bw': 40.0}, ((2, 6), (np.int64(33), 46)): {'bw': 35.0}, ((2, 6), (46, np.int64(78))): {'bw': 35.0}, ((5, 8), (np.int64(83), 69)): {'bw': 36.0}, ((5, 8), (69, np.int64(79))): {'bw': 36.0}, ((6, 8), (np.int64(78), 73)): {'bw': 34.0}, ((6, 8), (73, np.int64(79))): {'bw': 34.0}, ((1, 3), (np.int64(5), 15)): {'bw': 33.0}, ((1, 3), (15, 56)): {'bw': 33.0}, ((1, 3), (56, np.int64(20))): {'bw': 33.0}, ((3, 6), (np.int64(20), 78)): {'bw': 31.0}, ((3, 7), (np.int64(20), 93)): {'bw': 22.0}, ((3, 7), (93, np.int64(7))): {'bw': 22.0}, ((5, 7), (np.int64(83), 19)): {'bw': 24.0}, ((5, 7), (19, np.int64(7))): {'bw': 24.0}, ((2, 3), (np.int64(33), 66)): {'bw': 24.0}, ((2, 3), (66, np.int64(20))): {'bw': 24.0}, ((3, 8), (np.int64(20), 72)): {'bw': 18.0}, ((3, 8), (72, 52)): {'bw': 18.0}, ((3, 8), (52, np.int64(79))): {'bw': 18.0}, ((1, 2), (np.int64(5), 79)): {'bw': 13.0}, ((1, 2), (79, np.int64(33))): {'bw': 13.0}, ((3, 4), (np.int64(20), 93)): {'bw': 14.0}, ((3, 4), (93, 99)): {'bw': 14.0}, ((3, 4), (99, np.int64(32))): {'bw': 14.0}, ((0, 2), (np.int64(28), 26)): {'bw': 12.0}, ((0, 2), (26, 95)): {'bw': 12.0}, ((0, 2), (95, np.int64(33))): {'bw': 12.0}, ((7, 8), (np.int64(7), 52)): {'bw': 7.0}, ((7, 8), (52, np.int64(79))): {'bw': 7.0}, ((0, 1), (np.int64(28), 4)): {'bw': 4.0}, ((0, 1), (4, 15)): {'bw': 4.0}, ((0, 1), (15, np.int64(5))): {'bw': 4.0}, ((0, 3), (np.int64(28), 20)): {'bw': 4.0}, ((2, 4), (np.int64(33), 49)): {'bw': 8.0}, ((2, 4), (49, np.int64(32))): {'bw': 8.0}, ((2, 5), (np.int64(33), 18)): {'bw': 2.0}, ((2, 5), (18, np.int64(83))): {'bw': 2.0}, ((1, 7), (np.int64(5), 15)): {'bw': 1.0}, ((1, 7), (15, np.int64(7))): {'bw': 1.0}}",930.0,515.0,515.0,58.0,457.0,58.0,457.0,58.0,872.0,415.0,0.553763440860215,15904.589413535643,8807.380159108448,9.470301246353168,Success,0.0,"{'node_level': {}, 'link_level': {}, 'path_level': {}}","{'node_level': {3: {'cpu': -88}, 0: {'cpu': -33}, 6: {'cpu': -40}, 1: {'cpu': -41}, 5: {'cpu': -49}, 8: {'cpu': -66}, 2: {'cpu': -34}, 7: {'cpu': -33}, 4: {'cpu': -66}}, 'link_level': {}, 'path_level': {}}","{'node_level': {3: {'cpu': 0}, 0: {'cpu': 0}, 6: {'cpu': 0}, 1: {'cpu': 0}, 5: {'cpu': 0}, 8: {'cpu': 0}, 2: {'cpu': 0}, 7: {'cpu': 0}, 4: {'cpu': 0}}, 'link_level': {}, 'path_level': {}}",[],0.0,0.0,True,True,False,0,[],0,0.0,"OrderedDict([((0, 8), 0), ((1, 8), 0), ((1, 5), 0), ((2, 6), 0), ((5, 8), 0), ((6, 8), 0), ((1, 3), 0), ((3, 6), 0), ((3, 7), 0), ((5, 7), 0), ((2, 3), 0), ((3, 8), 0), ((1, 2), 0), ((3, 4), 0), ((0, 2), 0), ((7, 8), 0), ((0, 1), 0), ((0, 3), 0), ((2, 4), 0), ((2, 5), 0), ((1, 7), 0)])",0.0,0.0,9.0,21.0
58,43,22,10287.0,18635.0,3966245.426938626,6955010.500613557,0.5520257579822914,0.5702716662453251,53,82,0,728.2735485395775,37802.0,6115,31687.0,0.15690059285812763,0.19974239822204265,53,54.27354853957754,674.0,6,7,False,{},{},{},{},0.0,0.0,0.0,0.0,0.0,0.0,0.0,0.0,0.0,0.0,0.0,0.0,0.0,0.0,Leave Event,0.0,"{'node_level': {}, 'link_level': {}, 'path_level': {}}","{'node_level': {}, 'link_level': {}, 'path_level': {}}","{'node_level': {}, 'link_level': {}, 'path_level': {}}",[],0.0,0.0,True,True,False,0,[],0,0.0,,,,,
59,44,23,10472.0,18879.0,4287454.956598536,7378659.82621906,0.5546903967371153,0.5810614742481622,54,83,1,736.0,37558.0,6057,31501.0,0.16489728388253133,0.20443984240832402,58,1736.267727891407,736.0,5,6,True,"{2: np.int64(91), 3: np.int64(77), 1: np.int64(59), 0: np.int64(80), 4: np.int64(97)}","{(0, 2): [(np.int64(80), 91)], (0, 3): [(np.int64(80), 97), (97, np.int64(77))], (0, 4): [(np.int64(80), 97)], (0, 1): [(np.int64(80), 81), (81, np.int64(59))], (2, 3): [(np.int64(91), 77)], (1, 4): [(np.int64(59), 77), (77, np.int64(97))]}","{(2, np.int64(91)): {'cpu': 20}, (3, np.int64(77)): {'cpu': 14}, (1, np.int64(59)): {'cpu': 13, 'nic_slots': 1}, (0, np.int64(80)): {'cpu': 3, 'nic_slots': 1}, (4, np.int64(97)): {'cpu': 8}}","{((0, 2), (np.int64(80), 91)): {'bw': 36.0}, ((0, 3), (np.int64(80), 97)): {'bw': 30.0}, ((0, 3), (97, np.int64(77))): {'bw': 30.0}, ((0, 4), (np.int64(80), 97)): {'bw': 21.0}, ((0, 1), (np.int64(80), 81)): {'bw': 20.0}, ((0, 1), (81, np.int64(59))): {'bw': 20.0}, ((2, 3), (np.int64(91), 77)): {'bw': 11.0}, ((1, 4), (np.int64(59), 77)): {'bw': 9.0}, ((1, 4), (77, np.int64(97))): {'bw': 9.0}}",244.0,185.0,185.0,58.0,127.0,58.0,127.0,58.0,186.0,59.0,0.7581967213114754,423649.32560550334,321209.5296599103,1316.4324986061897,Success,0.0,"{'node_level': {}, 'link_level': {}, 'path_level': {}}","{'node_level': {2: {'cpu': -46}, 3: {'cpu': -18}, 1: {'cpu': -75}, 0: {'cpu': -43}, 4: {'cpu': -57}}, 'link_level': {}, 'path_level': {}}","{'node_level': {2: {'cpu': 0}, 3: {'cpu': 0}, 1: {'cpu': 0}, 0: {'cpu': 0}, 4: {'cpu': 0}}, 'link_level': {}, 'path_level': {}}",[],0.0,0.0,True,True,False,0,[],0,0.0,"OrderedDict([((0, 2), 0), ((0, 3), 0), ((0, 4), 0), ((0, 1), 1), ((2, 3), 0), ((1, 4), 0)])",0.0,1.0,5.0,6.0
59,44,22,10472.0,18879.0,4287454.956598536,7378659.82621906,0.5546903967371153,0.5810614742481622,54,84,0,736.4613788582313,38871.0,6147,32724.0,0.15248862539638774,0.17355288412971004,54,48.461378858231306,688.0,10,23,False,{},{},{},{},0.0,0.0,0.0,0.0,0.0,0.0,0.0,0.0,0.0,0.0,0.0,0.0,0.0,0.0,Leave Event,0.0,"{'node_level': {}, 'link_level': {}, 'path_level': {}}","{'node_level': {}, 'link_level': {}, 'path_level': {}}","{'node_level': {}, 'link_level': {}, 'path_level': {}}",[],0.0,0.0,True,True,False,0,[],0,0.0,,,,,
59,44,21,10472.0,18879.0,4287454.956598536,7378659.82621906,0.5546903967371153,0.5810614742481622,54,85,0,740.1017090468125,39801.0,6205,33596.0,0.14449193437198404,0.15153045762198203,57,17.10170904681252,723.0,9,21,False,{},{},{},{},0.0,0.0,0.0,0.0,0.0,0.0,0.0,0.0,0.0,0.0,0.0,0.0,0.0,0.0,Leave Event,0.0,"{'node_level': {}, 'link_level': {}, 'path_level': {}}","{'node_level': {}, 'link_level': {}, 'path_level': {}}","{'node_level': {}, 'link_level': {}, 'path_level': {}}",[],0.0,0.0,True,True,False,0,[],0,0.0,,,,,
60,44,21,10472.0,18879.0,4287454.956598536,7378659.82621906,0.5546903967371153,0.5810614742481622,54,86,1,748.0,39801.0,6205,33596.0,0.14449193437198404,0.15153045762198203,59,193.5650443266699,748.0,8,15,False,"{7: np.int64(78), 0: np.int64(68), 3: np.int64(46), 6: np.int64(33), 5: np.int64(20), 1: np.int64(28), 4: np.int64(31), 2: np.int64(49)}","{(2, 6): [(np.int64(49), 33)], (1, 3): [(np.int64(28), 8), (8, 39), (39, np.int64(46))], (1, 5): [(np.int64(28), 20)], (2, 7): [(np.int64(49), 76), (76, np.int64(78))], (0, 1): [(np.int64(68), 28)], (0, 2): [(np.int64(68), 10), (10, np.int64(49))], (1, 7): [(np.int64(28), 76), (76, np.int64(78))], (3, 4): [(np.int64(46), 39), (39, np.int64(31))], (3, 7): [(np.int64(46), 78)], (5, 6): [(np.int64(20), 66), (66, np.int64(33))], (0, 3): [(np.int64(68), 78), (78, np.int64(46))]}","{(7, np.int64(78)): {'cpu': 20}, (0, np.int64(68)): {'cpu': 16}, (3, np.int64(46)): {'cpu': 9}, (6, np.int64(33)): {'cpu': 12}, (5, np.int64(20)): {'cpu': 8}, (1, np.int64(28)): {'cpu': 2}, (4, np.int64(31)): {'cpu': 12}, (2, np.int64(49)): {'cpu': 2}}","{((2, 6), (np.int64(49), 33)): {'bw': 49.0}, ((1, 3), (np.int64(28), 8)): {'bw': 46.0}, ((1, 3), (8, 39)): {'bw': 46.0}, ((1, 3), (39, np.int64(46))): {'bw': 46.0}, ((1, 5), (np.int64(28), 20)): {'bw': 41.0}, ((2, 7), (np.int64(49), 76)): {'bw': 43.0}, ((2, 7), (76, np.int64(78))): {'bw': 43.0}, ((0, 1), (np.int64(68), 28)): {'bw': 38.0}, ((0, 2), (np.int64(68), 10)): {'bw': 31.0}, ((0, 2), (10, np.int64(49))): {'bw': 31.0}, ((1, 7), (np.int64(28), 76)): {'bw': 30.0}, ((1, 7), (76, np.int64(78))): {'bw': 30.0}, ((3, 4), (np.int64(46), 39)): {'bw': 21.0}, ((3, 4), (39, np.int64(31))): {'bw': 21.0}, ((3, 7), (np.int64(46), 78)): {'bw': 22.0}, ((5, 6), (np.int64(20), 66)): {'bw': 21.0}, ((5, 6), (66, np.int64(33))): {'bw': 21.0}, ((0, 3), (np.int64(68), 78)): {'bw': 19.0}, ((0, 3), (78, np.int64(46))): {'bw': 19.0}}",0.0,0.0,483.0,81.0,402.0,0.0,0.0,0.0,0.0,0.0,0.0,0.0,0.0,0.0,Route Failure,0.0,"{'node_level': {}, 'link_level': {}, 'path_level': {}}","{'node_level': {7: {'cpu': -44}, 0: {'cpu': -35}, 3: {'cpu': -59}, 6: {'cpu': -38}, 5: {'cpu': -88}, 1: {'cpu': -48}, 4: {'cpu': -53}, 2: {'cpu': -50}}, 'link_level': {}, 'path_level': {}}","{'node_level': {7: {'cpu': 0}, 0: {'cpu': 0}, 3: {'cpu': 0}, 6: {'cpu': 0}, 5: {'cpu': 0}, 1: {'cpu': 0}, 4: {'cpu': 0}, 2: {'cpu': 0}}, 'link_level': {}, 'path_level': {}}",[],0.0,0.0,True,False,False,0,[],0,0.0,"OrderedDict([((2, 6), 0), ((1, 3), 0), ((1, 5), 0), ((2, 7), 0), ((0, 1), 0), ((0, 2), 0), ((1, 7), 0), ((3, 4), 0), ((3, 7), 0), ((5, 6), 0), ((0, 3), 0)])",1.0,0.0,8.0,11.0
61,44,21,10472.0,18879.0,4287454.956598536,7378659.82621906,0.5546903967371153,0.5810614742481622,54,87,1,761.0,39801.0,6205,33596.0,0.14449193437198404,0.15153045762198203,60,125.04074908684987,761.0,9,20,False,"{6: np.int64(78), 5: np.int64(68), 7: np.int64(90), 2: np.int64(33), 0: np.int64(28), 4: np.int64(20), 8: np.int64(49), 3: np.int64(98), 1: np.int64(64)}","{(0, 2): [(np.int64(28), 26), (26, 95), (95, np.int64(33))], (6, 8): [(np.int64(78), 76), (76, np.int64(49))], (2, 6): [(np.int64(33), 46), (46, np.int64(78))], (4, 5): [(np.int64(20), 28), (28, np.int64(68))], (0, 7): [(np.int64(28), 68), (68, 29), (29, np.int64(90))]}","{(6, np.int64(78)): {'cpu': 19}, (5, np.int64(68)): {'cpu': 8}, (7, np.int64(90)): {'cpu': 18}, (2, np.int64(33)): {'cpu': 9}, (0, np.int64(28)): {'cpu': 10}, (4, np.int64(20)): {'cpu': 20}, (8, np.int64(49)): {'cpu': 11}, (3, np.int64(98)): {'cpu': 9}, (1, np.int64(64)): {'cpu': 2}}","{((0, 2), (np.int64(28), 26)): {'bw': 44.0}, ((0, 2), (26, 95)): {'bw': 44.0}, ((0, 2), (95, np.int64(33))): {'bw': 44.0}, ((6, 8), (np.int64(78), 76)): {'bw': 42.0}, ((6, 8), (76, np.int64(49))): {'bw': 42.0}, ((2, 6), (np.int64(33), 46)): {'bw': 41.0}, ((2, 6), (46, np.int64(78))): {'bw': 41.0}, ((4, 5), (np.int64(20), 28)): {'bw': 41.0}, ((4, 5), (28, np.int64(68))): {'bw': 41.0}, ((0, 7), (np.int64(28), 68)): {'bw': 39.0}, ((0, 7), (68, 29)): {'bw': 39.0}, ((0, 7), (29, np.int64(90))): {'bw': 39.0}}",0.0,0.0,565.0,106.0,459.0,0.0,0.0,0.0,0.0,0.0,0.0,0.0,0.0,0.0,Route Failure,0.0,"{'node_level': {}, 'link_level': {}, 'path_level': {}}","{'node_level': {6: {'cpu': -45}, 5: {'cpu': -43}, 7: {'cpu': -68}, 2: {'cpu': -41}, 0: {'cpu': -40}, 4: {'cpu': -76}, 8: {'cpu': -41}, 3: {'cpu': -26}, 1: {'cpu': -73}}, 'link_level': {}, 'path_level': {}}","{'node_level': {6: {'cpu': 0}, 5: {'cpu': 0}, 7: {'cpu': 0}, 2: {'cpu': 0}, 0: {'cpu': 0}, 4: {'cpu': 0}, 8: {'cpu': 0}, 3: {'cpu': 0}, 1: {'cpu': 0}}, 'link_level': {}, 'path_level': {}}",[],0.0,0.0,True,False,False,0,[],0,0.0,"OrderedDict([((0, 2), 0), ((6, 8), 0), ((2, 6), 0), ((4, 5), 0), ((0, 7), 0)])",0.0,0.0,9.0,5.0
61,44,20,10472.0,18879.0,4287454.956598536,7378659.82621906,0.5546903967371153,0.5810614742481622,54,88,0,774.8323666643691,40671.0,6295,34376.0,0.13208327588584035,0.13183149813112438,49,169.8323666643692,605.0,8,11,False,{},{},{},{},0.0,0.0,0.0,0.0,0.0,0.0,0.0,0.0,0.0,0.0,0.0,0.0,0.0,0.0,Leave Event,0.0,"{'node_level': {}, 'link_level': {}, 'path_level': {}}","{'node_level': {}, 'link_level': {}, 'path_level': {}}","{'node_level': {}, 'link_level': {}, 'path_level': {}}",[],0.0,0.0,True,True,False,0,[],0,0.0,,,,,
62,45,21,10587.0,19131.0,4296211.840187267,7397848.823300455,0.5533950133291516,0.5807379878669334,54,89,1,778.0,40419.0,6260,34159.0,0.13690886529711843,0.137311849681786,61,76.1468138150583,778.0,4,3,True,"{2: np.int64(78), 0: np.int64(91), 1: np.int64(90), 3: np.int64(68)}","{(1, 2): [(np.int64(90), 29), (29, 68), (68, np.int64(78))], (0, 1): [(np.int64(91), 30), (30, np.int64(90))], (1, 3): [(np.int64(90), 51), (51, 82), (82, np.int64(68))]}","{(2, np.int64(78)): {'cpu': 15}, (0, np.int64(91)): {'cpu': 15}, (1, np.int64(90)): {'cpu': 1}, (3, np.int64(68)): {'cpu': 4}}","{((1, 2), (np.int64(90), 29)): {'bw': 48.0}, ((1, 2), (29, 68)): {'bw': 48.0}, ((1, 2), (68, np.int64(78))): {'bw': 48.0}, ((0, 1), (np.int64(91), 30)): {'bw': 23.0}, ((0, 1), (30, np.int64(90))): {'bw': 23.0}, ((1, 3), (np.int64(90), 51)): {'bw': 9.0}, ((1, 3), (51, 82)): {'bw': 9.0}, ((1, 3), (82, np.int64(68))): {'bw': 9.0}}",252.0,115.0,115.0,35.0,80.0,35.0,80.0,35.0,217.0,137.0,0.45634920634920634,19188.99708139469,8756.883588731704,34.74953805052263,Success,0.0,"{'node_level': {}, 'link_level': {}, 'path_level': {}}","{'node_level': {2: {'cpu': -49}, 0: {'cpu': -47}, 1: {'cpu': -85}, 3: {'cpu': -47}}, 'link_level': {}, 'path_level': {}}","{'node_level': {2: {'cpu': 0}, 0: {'cpu': 0}, 1: {'cpu': 0}, 3: {'cpu': 0}}, 'link_level': {}, 'path_level': {}}",[],0.0,0.0,True,True,False,0,[],0,0.0,"OrderedDict([((1, 2), 0), ((0, 1), 0), ((1, 3), 0)])",0.0,0.0,4.0,3.0
63,46,22,10649.0,19193.0,4299383.779263269,7401020.7623764565,0.5548377012452457,0.5809176757237935,54,90,1,794.0,40357.0,6231,34126.0,0.14090721080932023,0.1381452671987069,62,51.16030767745007,794.0,2,1,True,"{1: np.int64(72), 0: np.int64(34)}","{(0, 1): [(np.int64(34), 72)]}","{(1, np.int64(72)): {'cpu': 16, 'nic_slots': 1}, (0, np.int64(34)): {'cpu': 13, 'nic_slots': 1}}","{((0, 1), (np.int64(34), 72)): {'bw': 33.0}}",62.0,62.0,62.0,29.0,33.0,29.0,33.0,29.0,33.0,0.0,1.0,3171.9390760019046,3171.9390760019046,51.16030767745007,Success,0.0,"{'node_level': {}, 'link_level': {}, 'path_level': {}}","{'node_level': {1: {'cpu': -59}, 0: {'cpu': -55}}, 'link_level': {}, 'path_level': {}}","{'node_level': {1: {'cpu': 0}, 0: {'cpu': 0}}, 'link_level': {}, 'path_level': {}}",[],0.0,0.0,True,True,False,0,[],0,0.0,"OrderedDict([((0, 1), 1)])",0.0,1.0,2.0,1.0
63,46,21,10649.0,19193.0,4299383.779263269,7401020.7623764565,0.5548377012452457,0.5809176757237935,54,91,0,795.155400200748,40409.0,6263,34146.0,0.13649524334758034,0.13764016567330029,44,251.155400200748,544.0,2,1,False,{},{},{},{},0.0,0.0,0.0,0.0,0.0,0.0,0.0,0.0,0.0,0.0,0.0,0.0,0.0,0.0,Leave Event,0.0,"{'node_level': {}, 'link_level': {}, 'path_level': {}}","{'node_level': {}, 'link_level': {}, 'path_level': {}}","{'node_level': {}, 'link_level': {}, 'path_level': {}}",[],0.0,0.0,True,True,False,0,[],0,0.0,,,,,
64,47,22,10835.0,19535.0,4684200.121648322,8108586.295148972,0.554645508062452,0.5776839452828766,54,92,1,801.0,40067.0,6227,33840.0,0.14145870674203775,0.14536821901202146,63,2068.905066586304,801.0,5,5,True,"{0: np.int64(33), 1: np.int64(5), 3: np.int64(90), 4: np.int64(49), 2: np.int64(60)}","{(0, 1): [(np.int64(33), 7), (7, 15), (15, np.int64(5))], (0, 4): [(np.int64(33), 49)], (0, 2): [(np.int64(33), 46), (46, np.int64(60))], (0, 3): [(np.int64(33), 95), (95, 48), (48, np.int64(90))], (1, 3): [(np.int64(5), 90)]}","{(0, np.int64(33)): {'cpu': 5}, (1, np.int64(5)): {'cpu': 7}, (3, np.int64(90)): {'cpu': 14}, (4, np.int64(49)): {'cpu': 7}, (2, np.int64(60)): {'cpu': 3}}","{((0, 1), (np.int64(33), 7)): {'bw': 48.0}, ((0, 1), (7, 15)): {'bw': 48.0}, ((0, 1), (15, np.int64(5))): {'bw': 48.0}, ((0, 4), (np.int64(33), 49)): {'bw': 49.0}, ((0, 2), (np.int64(33), 46)): {'bw': 26.0}, ((0, 2), (46, np.int64(60))): {'bw': 26.0}, ((0, 3), (np.int64(33), 95)): {'bw': 17.0}, ((0, 3), (95, 48)): {'bw': 17.0}, ((0, 3), (48, np.int64(90))): {'bw': 17.0}, ((1, 3), (np.int64(5), 90)): {'bw': 10.0}}",342.0,186.0,186.0,36.0,150.0,36.0,150.0,36.0,306.0,156.0,0.543859649122807,707565.532772516,384816.3423850526,1125.193983582025,Success,0.0,"{'node_level': {}, 'link_level': {}, 'path_level': {}}","{'node_level': {0: {'cpu': -45}, 1: {'cpu': -40}, 3: {'cpu': -71}, 4: {'cpu': -45}, 2: {'cpu': -47}}, 'link_level': {}, 'path_level': {}}","{'node_level': {0: {'cpu': 0}, 1: {'cpu': 0}, 3: {'cpu': 0}, 4: {'cpu': 0}, 2: {'cpu': 0}}, 'link_level': {}, 'path_level': {}}",[],0.0,0.0,True,True,False,0,[],0,0.0,"OrderedDict([((0, 1), 0), ((0, 4), 0), ((0, 2), 0), ((0, 3), 0), ((1, 3), 0)])",0.0,0.0,5.0,5.0
65,48,23,11228.0,20227.0,4743457.823336809,8212928.100666613,0.55509961932071,0.5775598867049377,54,93,1,815.0,39375.0,6151,33224.0,0.15193712946367022,0.1609253459945449,64,150.78295595034774,815.0,7,12,True,"{0: np.int64(20), 5: np.int64(28), 3: np.int64(68), 6: np.int64(78), 2: np.int64(10), 4: np.int64(0), 1: np.int64(30)}","{(2, 6): [(np.int64(10), 78)], (2, 5): [(np.int64(10), 68), (68, np.int64(28))], (1, 5): [(np.int64(30), 95), (95, 26), (26, np.int64(28))], (0, 5): [(np.int64(20), 28)], (3, 5): [(np.int64(68), 28)], (0, 6): [(np.int64(20), 78)], (0, 2): [(np.int64(20), 93), (93, 3), (3, np.int64(10))], (0, 4): [(np.int64(20), 93), (93, 50), (50, np.int64(0))], (0, 1): [(np.int64(20), 28), (28, 76), (76, 91), (91, np.int64(30))], (2, 3): [(np.int64(10), 41), (41, np.int64(68))], (5, 6): [(np.int64(28), 76), (76, np.int64(78))], (1, 2): [(np.int64(30), 37), (37, np.int64(10))]}","{(0, np.int64(20)): {'cpu': 14}, (5, np.int64(28)): {'cpu': 8}, (3, np.int64(68)): {'cpu': 18}, (6, np.int64(78)): {'cpu': 9}, (2, np.int64(10)): {'cpu': 5, 'nic_slots': 1}, (4, np.int64(0)): {'cpu': 16}, (1, np.int64(30)): {'cpu': 6, 'nic_slots': 1}}","{((2, 6), (np.int64(10), 78)): {'bw': 40.0}, ((2, 5), (np.int64(10), 68)): {'bw': 41.0}, ((2, 5), (68, np.int64(28))): {'bw': 41.0}, ((1, 5), (np.int64(30), 95)): {'bw': 41.0}, ((1, 5), (95, 26)): {'bw': 41.0}, ((1, 5), (26, np.int64(28))): {'bw': 41.0}, ((0, 5), (np.int64(20), 28)): {'bw': 40.0}, ((3, 5), (np.int64(68), 28)): {'bw': 34.0}, ((0, 6), (np.int64(20), 78)): {'bw': 30.0}, ((0, 2), (np.int64(20), 93)): {'bw': 21.0}, ((0, 2), (93, 3)): {'bw': 21.0}, ((0, 2), (3, np.int64(10))): {'bw': 21.0}, ((0, 4), (np.int64(20), 93)): {'bw': 26.0}, ((0, 4), (93, 50)): {'bw': 26.0}, ((0, 4), (50, np.int64(0))): {'bw': 26.0}, ((0, 1), (np.int64(20), 28)): {'bw': 19.0}, ((0, 1), (28, 76)): {'bw': 19.0}, ((0, 1), (76, 91)): {'bw': 19.0}, ((0, 1), (91, np.int64(30))): {'bw': 19.0}, ((2, 3), (np.int64(10), 41)): {'bw': 18.0}, ((2, 3), (41, np.int64(68))): {'bw': 18.0}, ((5, 6), (np.int64(28), 76)): {'bw': 4.0}, ((5, 6), (76, np.int64(78))): {'bw': 4.0}, ((1, 2), (np.int64(30), 37)): {'bw': 3.0}, ((1, 2), (37, np.int64(10))): {'bw': 3.0}}",692.0,393.0,393.0,76.0,317.0,76.0,317.0,76.0,616.0,299.0,0.5679190751445087,104341.80551764063,59257.70168848666,85.63251689087669,Success,0.0,"{'node_level': {}, 'link_level': {}, 'path_level': {}}","{'node_level': {0: {'cpu': -82}, 5: {'cpu': -42}, 3: {'cpu': -29}, 6: {'cpu': -40}, 2: {'cpu': -60}, 4: {'cpu': -65}, 1: {'cpu': -32}}, 'link_level': {}, 'path_level': {}}","{'node_level': {0: {'cpu': 0}, 5: {'cpu': 0}, 3: {'cpu': 0}, 6: {'cpu': 0}, 2: {'cpu': 0}, 4: {'cpu': 0}, 1: {'cpu': 0}}, 'link_level': {}, 'path_level': {}}",[],0.0,0.0,True,True,False,0,[],0,0.0,"OrderedDict([((2, 6), 0), ((2, 5), 0), ((1, 5), 0), ((0, 5), 0), ((3, 5), 0), ((0, 6), 0), ((0, 2), 0), ((0, 4), 0), ((0, 1), 0), ((2, 3), 0), ((5, 6), 0), ((1, 2), 1)])",3.0,1.0,7.0,12.0
66,49,24,11438.0,20550.0,4824315.894514533,8337295.514906636,0.5565936739659367,0.5786427848082049,54,94,1,821.0,39052.0,6078,32974.0,0.16200193023576448,0.16723911506212752,65,385.03843417963935,821.0,6,6,True,"{4: np.int64(98), 3: np.int64(64), 1: np.int64(60), 5: np.int64(32), 0: np.int64(36), 2: np.int64(91)}","{(0, 2): [(np.int64(36), 91)], (3, 4): [(np.int64(64), 69), (69, 91), (91, np.int64(98))], (4, 5): [(np.int64(98), 60), (60, np.int64(32))], (1, 4): [(np.int64(60), 98)], (0, 5): [(np.int64(36), 32)], (0, 1): [(np.int64(36), 32), (32, np.int64(60))]}","{(4, np.int64(98)): {'cpu': 20}, (3, np.int64(64)): {'cpu': 15}, (1, np.int64(60)): {'cpu': 18}, (5, np.int64(32)): {'cpu': 9}, (0, np.int64(36)): {'cpu': 5}, (2, np.int64(91)): {'cpu': 6}}","{((0, 2), (np.int64(36), 91)): {'bw': 38.0}, ((3, 4), (np.int64(64), 69)): {'bw': 39.0}, ((3, 4), (69, 91)): {'bw': 39.0}, ((3, 4), (91, np.int64(98))): {'bw': 39.0}, ((4, 5), (np.int64(98), 60)): {'bw': 31.0}, ((4, 5), (60, np.int64(32))): {'bw': 31.0}, ((1, 4), (np.int64(60), 98)): {'bw': 21.0}, ((0, 5), (np.int64(36), 32)): {'bw': 4.0}, ((0, 1), (np.int64(36), 32)): {'bw': 4.0}, ((0, 1), (32, np.int64(60))): {'bw': 4.0}}",323.0,210.0,210.0,73.0,137.0,73.0,137.0,73.0,250.0,113.0,0.6501547987616099,124367.41424002351,80858.07117772427,250.3345856895488,Success,0.0,"{'node_level': {}, 'link_level': {}, 'path_level': {}}","{'node_level': {4: {'cpu': -15}, 3: {'cpu': -60}, 1: {'cpu': -29}, 5: {'cpu': -63}, 0: {'cpu': -54}, 2: {'cpu': -41}}, 'link_level': {}, 'path_level': {}}","{'node_level': {4: {'cpu': 0}, 3: {'cpu': 0}, 1: {'cpu': 0}, 5: {'cpu': 0}, 0: {'cpu': 0}, 2: {'cpu': 0}}, 'link_level': {}, 'path_level': {}}",[],0.0,0.0,True,True,False,0,[],0,0.0,"OrderedDict([((0, 2), 0), ((3, 4), 0), ((4, 5), 0), ((1, 4), 0), ((0, 5), 0), ((0, 1), 0)])",0.0,0.0,6.0,6.0
67,49,24,11438.0,20550.0,4824315.894514533,8337295.514906636,0.5565936739659367,0.5786427848082049,54,95,1,839.0,39052.0,6078,32974.0,0.16200193023576448,0.16723911506212752,66,297.0367475186629,839.0,6,10,False,"{4: np.int64(75), 3: np.int64(79), 2: np.int64(83), 1: np.int64(5), 5: np.int64(90), 0: np.int64(44)}","{(3, 4): [(np.int64(79), 5), (5, 44), (44, np.int64(75))]}","{(4, np.int64(75)): {'cpu': 16}, (3, np.int64(79)): {'cpu': 13}, (2, np.int64(83)): {'cpu': 11}, (1, np.int64(5)): {'cpu': 18}, (5, np.int64(90)): {'cpu': 3}, (0, np.int64(44)): {'cpu': 2}}","{((3, 4), (np.int64(79), 5)): {'bw': 47.0}, ((3, 4), (5, 44)): {'bw': 47.0}, ((3, 4), (44, np.int64(75))): {'bw': 47.0}}",0.0,0.0,295.0,63.0,232.0,0.0,0.0,0.0,0.0,0.0,0.0,0.0,0.0,0.0,Route Failure,0.0,"{'node_level': {}, 'link_level': {}, 'path_level': {}}","{'node_level': {4: {'cpu': -52}, 3: {'cpu': -57}, 2: {'cpu': -42}, 1: {'cpu': -22}, 5: {'cpu': -68}, 0: {'cpu': -49}}, 'link_level': {}, 'path_level': {}}","{'node_level': {4: {'cpu': 0}, 3: {'cpu': 0}, 2: {'cpu': 0}, 1: {'cpu': 0}, 5: {'cpu': 0}, 0: {'cpu': 0}}, 'link_level': {}, 'path_level': {}}",[],0.0,0.0,True,False,False,0,[],0,0.0,"OrderedDict([((3, 4), 0)])",0.0,0.0,6.0,1.0
67,49,23,11438.0,20550.0,4824315.894514533,8337295.514906636,0.5565936739659367,0.5786427848082049,54,96,0,845.1603076774501,39114.0,6107,33007.0,0.15800358472356268,0.16640569754520662,62,51.16030767745007,794.0,2,1,False,{},{},{},{},0.0,0.0,0.0,0.0,0.0,0.0,0.0,0.0,0.0,0.0,0.0,0.0,0.0,0.0,Leave Event,0.0,"{'node_level': {}, 'link_level': {}, 'path_level': {}}","{'node_level': {}, 'link_level': {}, 'path_level': {}}","{'node_level': {}, 'link_level': {}, 'path_level': {}}",[],0.0,0.0,True,True,False,0,[],0,0.0,,,,,
68,49,23,11438.0,20550.0,4824315.894514533,8337295.514906636,0.5565936739659367,0.5786427848082049,54,97,1,854.0,39114.0,6107,33007.0,0.15800358472356268,0.16640569754520662,67,52.44092018212503,854.0,8,9,False,"{5: np.int64(72), 2: np.int64(34), 4: np.int64(75), 6: np.int64(79), 1: np.int64(9), 0: np.int64(83), 7: np.int64(5), 3: np.int64(29)}","{(2, 5): [(np.int64(34), 72)], (0, 7): [(np.int64(83), 5)], (1, 2): [(np.int64(9), 97), (97, np.int64(34))]}","{(5, np.int64(72)): {'cpu': 19, 'nic_slots': 1}, (2, np.int64(34)): {'cpu': 12, 'nic_slots': 1}, (4, np.int64(75)): {'cpu': 20}, (6, np.int64(79)): {'cpu': 17}, (1, np.int64(9)): {'cpu': 7}, (0, np.int64(83)): {'cpu': 6}, (7, np.int64(5)): {'cpu': 10}, (3, np.int64(29)): {'cpu': 17}}","{((2, 5), (np.int64(34), 72)): {'bw': 43.0}, ((0, 7), (np.int64(83), 5)): {'bw': 42.0}, ((1, 2), (np.int64(9), 97)): {'bw': 42.0}, ((1, 2), (97, np.int64(34))): {'bw': 42.0}}",0.0,0.0,393.0,108.0,285.0,0.0,0.0,0.0,0.0,0.0,0.0,0.0,0.0,0.0,Route Failure,0.0,"{'node_level': {}, 'link_level': {}, 'path_level': {}}","{'node_level': {5: {'cpu': -56}, 2: {'cpu': -56}, 4: {'cpu': -48}, 6: {'cpu': -53}, 1: {'cpu': -75}, 0: {'cpu': -47}, 7: {'cpu': -30}, 3: {'cpu': -49}}, 'link_level': {}, 'path_level': {}}","{'node_level': {5: {'cpu': 0}, 2: {'cpu': 0}, 4: {'cpu': 0}, 6: {'cpu': 0}, 1: {'cpu': 0}, 0: {'cpu': 0}, 7: {'cpu': 0}, 3: {'cpu': 0}}, 'link_level': {}, 'path_level': {}}",[],0.0,0.0,True,False,False,0,[],0,0.0,"OrderedDict([((2, 5), 1), ((0, 7), 0), ((1, 2), 0)])",0.0,1.0,8.0,3.0
68,49,22,11438.0,20550.0,4824315.894514533,8337295.514906636,0.5565936739659367,0.5786427848082049,54,98,0,854.1468138150583,39366.0,6142,33224.0,0.1531779953122846,0.1609253459945449,61,76.1468138150583,778.0,4,3,False,{},{},{},{},0.0,0.0,0.0,0.0,0.0,0.0,0.0,0.0,0.0,0.0,0.0,0.0,0.0,0.0,Leave Event,0.0,"{'node_level': {}, 'link_level': {}, 'path_level': {}}","{'node_level': {}, 'link_level': {}, 'path_level': {}}","{'node_level': {}, 'link_level': {}, 'path_level': {}}",[],0.0,0.0,True,True,False,0,[],0,0.0,,,,,
68,49,21,11438.0,20550.0,4824315.894514533,8337295.514906636,0.5565936739659367,0.5786427848082049,54,99,0,865.8178424972212,40281.0,6217,34064.0,0.14283744657383157,0.1397110819274674,50,241.81784249722122,624.0,10,16,False,{},{},{},{},0.0,0.0,0.0,0.0,0.0,0.0,0.0,0.0,0.0,0.0,0.0,0.0,0.0,0.0,Leave Event,0.0,"{'node_level': {}, 'link_level': {}, 'path_level': {}}","{'node_level': {}, 'link_level': {}, 'path_level': {}}","{'node_level': {}, 'link_level': {}, 'path_level': {}}",[],0.0,0.0,True,True,False,0,[],0,0.0,,,,,
69,50,22,11629.0,20819.0,4865795.904755203,8395715.00576915,0.5585763004947404,0.5795570599301728,54,100,1,866.0,40012.0,6153,33859.0,0.15166138149731145,0.14488837256288511,68,217.1728284851835,866.0,6,5,True,"{3: np.int64(72), 5: np.int64(1), 4: np.int64(34), 1: np.int64(13), 0: np.int64(7), 2: np.int64(52)}","{(0, 4): [(np.int64(7), 15), (15, np.int64(34))], (1, 3): [(np.int64(13), 72)], (2, 3): [(np.int64(52), 72)], (4, 5): [(np.int64(34), 80), (80, np.int64(1))], (2, 5): [(np.int64(52), 94), (94, np.int64(1))]}","{(3, np.int64(72)): {'cpu': 16}, (5, np.int64(1)): {'cpu': 14, 'nic_slots': 1}, (4, np.int64(34)): {'cpu': 6, 'nic_slots': 2}, (1, np.int64(13)): {'cpu': 14}, (0, np.int64(7)): {'cpu': 7, 'nic_slots': 1}, (2, np.int64(52)): {'cpu': 7}}","{((0, 4), (np.int64(7), 15)): {'bw': 42.0}, ((0, 4), (15, np.int64(34))): {'bw': 42.0}, ((1, 3), (np.int64(13), 72)): {'bw': 24.0}, ((2, 3), (np.int64(52), 72)): {'bw': 25.0}, ((4, 5), (np.int64(34), 80)): {'bw': 22.0}, ((4, 5), (80, np.int64(1))): {'bw': 22.0}, ((2, 5), (np.int64(52), 94)): {'bw': 14.0}, ((2, 5), (94, np.int64(1))): {'bw': 14.0}}",269.0,191.0,191.0,64.0,127.0,64.0,127.0,64.0,205.0,78.0,0.7100371747211895,58419.49086251436,41480.010240670046,154.20078156382917,Success,0.0,"{'node_level': {}, 'link_level': {}, 'path_level': {}}","{'node_level': {3: {'cpu': -66}, 5: {'cpu': -36}, 4: {'cpu': -62}, 1: {'cpu': -38}, 0: {'cpu': -42}, 2: {'cpu': -70}}, 'link_level': {}, 'path_level': {}}","{'node_level': {3: {'cpu': 0}, 5: {'cpu': 0}, 4: {'cpu': 0}, 1: {'cpu': 0}, 0: {'cpu': 0}, 2: {'cpu': 0}}, 'link_level': {}, 'path_level': {}}",[],0.0,0.0,True,True,False,0,[],0,0.0,"OrderedDict([((0, 4), 1), ((1, 3), 0), ((2, 3), 0), ((4, 5), 1), ((2, 5), 0)])",0.0,2.0,6.0,5.0
70,51,23,11763.0,21094.0,4908237.900435456,8482816.116306983,0.5576467241869726,0.5786094892473362,54,101,1,878.0,39737.0,6114,33623.0,0.15703846684130707,0.15084857056268308,69,316.7313110466631,878.0,6,6,True,"{2: np.int64(72), 1: np.int64(1), 4: np.int64(78), 0: np.int64(29), 3: np.int64(90), 5: np.int64(91)}","{(0, 2): [(np.int64(29), 68), (68, 82), (82, np.int64(72))], (0, 1): [(np.int64(29), 77), (77, np.int64(1))], (0, 4): [(np.int64(29), 68), (68, np.int64(78))], (0, 5): [(np.int64(29), 30), (30, np.int64(91))], (3, 4): [(np.int64(90), 29), (29, 68), (68, np.int64(78))], (2, 3): [(np.int64(72), 45), (45, 44), (44, np.int64(90))]}","{(2, np.int64(72)): {'cpu': 18}, (1, np.int64(1)): {'cpu': 7}, (4, np.int64(78)): {'cpu': 5}, (0, np.int64(29)): {'cpu': 1}, (3, np.int64(90)): {'cpu': 5}, (5, np.int64(91)): {'cpu': 3}}","{((0, 2), (np.int64(29), 68)): {'bw': 31.0}, ((0, 2), (68, 82)): {'bw': 31.0}, ((0, 2), (82, np.int64(72))): {'bw': 31.0}, ((0, 1), (np.int64(29), 77)): {'bw': 26.0}, ((0, 1), (77, np.int64(1))): {'bw': 26.0}, ((0, 4), (np.int64(29), 68)): {'bw': 12.0}, ((0, 4), (68, np.int64(78))): {'bw': 12.0}, ((0, 5), (np.int64(29), 30)): {'bw': 11.0}, ((0, 5), (30, np.int64(91))): {'bw': 11.0}, ((3, 4), (np.int64(90), 29)): {'bw': 12.0}, ((3, 4), (29, 68)): {'bw': 12.0}, ((3, 4), (68, np.int64(78))): {'bw': 12.0}, ((2, 3), (np.int64(72), 45)): {'bw': 3.0}, ((2, 3), (45, 44)): {'bw': 3.0}, ((2, 3), (44, np.int64(90))): {'bw': 3.0}}",275.0,134.0,134.0,39.0,95.0,39.0,95.0,39.0,236.0,141.0,0.48727272727272725,87101.11053783236,42441.995680252854,154.33452974637402,Success,0.0,"{'node_level': {}, 'link_level': {}, 'path_level': {}}","{'node_level': {2: {'cpu': -48}, 1: {'cpu': -29}, 4: {'cpu': -50}, 0: {'cpu': -65}, 3: {'cpu': -67}, 5: {'cpu': -53}}, 'link_level': {}, 'path_level': {}}","{'node_level': {2: {'cpu': 0}, 1: {'cpu': 0}, 4: {'cpu': 0}, 0: {'cpu': 0}, 3: {'cpu': 0}, 5: {'cpu': 0}}, 'link_level': {}, 'path_level': {}}",[],0.0,0.0,True,True,False,0,[],0,0.0,"OrderedDict([((0, 2), 0), ((0, 1), 0), ((0, 4), 0), ((0, 5), 0), ((3, 4), 0), ((2, 3), 0)])",0.0,0.0,6.0,6.0
70,51,23,11763.0,21094.0,4908237.900435456,8482816.116306983,0.5576467241869726,0.5786094892473362,54,102,0,881.3293595731403,39737.0,6114,33623.0,0.15703846684130707,0.15084857056268308,28,509.3293595731403,372.0,5,5,False,{},{},{},{},0.0,0.0,0.0,0.0,0.0,0.0,0.0,0.0,0.0,0.0,0.0,0.0,0.0,0.0,Leave Event,0.0,"{'node_level': {}, 'link_level': {}, 'path_level': {}}","{'node_level': {}, 'link_level': {}, 'path_level': {}}","{'node_level': {}, 'link_level': {}, 'path_level': {}}",[],0.0,0.0,True,True,False,0,[],0,0.0,,,,,
70,51,23,11763.0,21094.0,4908237.900435456,8482816.116306983,0.5576467241869726,0.5786094892473362,54,103,0,886.0407490868499,39737.0,6114,33623.0,0.15703846684130707,0.15084857056268308,60,125.04074908684987,761.0,9,20,False,{},{},{},{},0.0,0.0,0.0,0.0,0.0,0.0,0.0,0.0,0.0,0.0,0.0,0.0,0.0,0.0,Leave Event,0.0,"{'node_level': {}, 'link_level': {}, 'path_level': {}}","{'node_level': {}, 'link_level': {}, 'path_level': {}}","{'node_level': {}, 'link_level': {}, 'path_level': {}}",[],0.0,0.0,True,True,False,0,[],0,0.0,,,,,
71,52,24,11971.0,21536.0,5099570.110050337,8889397.061738605,0.555859955423477,0.5736688410510661,54,104,1,887.0,39295.0,6049,33246.0,0.16600027574796639,0.16036973431659762,70,919.8663923792355,887.0,5,5,True,"{4: np.int64(42), 3: np.int64(98), 0: np.int64(78), 2: np.int64(75), 1: np.int64(1)}","{(0, 4): [(np.int64(78), 76), (76, 28), (28, np.int64(42))], (2, 4): [(np.int64(75), 50), (50, 80), (80, np.int64(42))], (2, 3): [(np.int64(75), 45), (45, np.int64(98))], (1, 3): [(np.int64(1), 63), (63, np.int64(98))], (1, 4): [(np.int64(1), 77), (77, np.int64(42))]}","{(4, np.int64(42)): {'cpu': 19}, (3, np.int64(98)): {'cpu': 18, 'nic_slots': 1}, (0, np.int64(78)): {'cpu': 18}, (2, np.int64(75)): {'cpu': 6, 'nic_slots': 1}, (1, np.int64(1)): {'cpu': 4}}","{((0, 4), (np.int64(78), 76)): {'bw': 46.0}, ((0, 4), (76, 28)): {'bw': 46.0}, ((0, 4), (28, np.int64(42))): {'bw': 46.0}, ((2, 4), (np.int64(75), 50)): {'bw': 45.0}, ((2, 4), (50, 80)): {'bw': 45.0}, ((2, 4), (80, np.int64(42))): {'bw': 45.0}, ((2, 3), (np.int64(75), 45)): {'bw': 39.0}, ((2, 3), (45, np.int64(98))): {'bw': 39.0}, ((1, 3), (np.int64(1), 63)): {'bw': 12.0}, ((1, 3), (63, np.int64(98))): {'bw': 12.0}, ((1, 4), (np.int64(1), 77)): {'bw': 1.0}, ((1, 4), (77, np.int64(42))): {'bw': 1.0}}",442.0,208.0,208.0,65.0,143.0,65.0,143.0,65.0,377.0,234.0,0.47058823529411764,406580.9454316221,191332.209614881,432.87830229611086,Success,0.0,"{'node_level': {}, 'link_level': {}, 'path_level': {}}","{'node_level': {4: {'cpu': -70}, 3: {'cpu': -8}, 0: {'cpu': -32}, 2: {'cpu': -62}, 1: {'cpu': -25}}, 'link_level': {}, 'path_level': {}}","{'node_level': {4: {'cpu': 0}, 3: {'cpu': 0}, 0: {'cpu': 0}, 2: {'cpu': 0}, 1: {'cpu': 0}}, 'link_level': {}, 'path_level': {}}",[],0.0,0.0,True,True,False,0,[],0,0.0,"OrderedDict([((0, 4), 0), ((2, 4), 0), ((2, 3), 1), ((1, 3), 0), ((1, 4), 0)])",0.0,1.0,5.0,5.0
71,52,23,11971.0,21536.0,5099570.110050337,8889397.061738605,0.555859955423477,0.5736688410510661,54,105,0,890.0523483119039,39873.0,6125,33748.0,0.15552185302633392,0.14769168602889182,46,322.0523483119039,568.0,6,7,False,{},{},{},{},0.0,0.0,0.0,0.0,0.0,0.0,0.0,0.0,0.0,0.0,0.0,0.0,0.0,0.0,Leave Event,0.0,"{'node_level': {}, 'link_level': {}, 'path_level': {}}","{'node_level': {}, 'link_level': {}, 'path_level': {}}","{'node_level': {}, 'link_level': {}, 'path_level': {}}",[],0.0,0.0,True,True,False,0,[],0,0.0,,,,,
71,52,23,11971.0,21536.0,5099570.110050337,8889397.061738605,0.555859955423477,0.5736688410510661,54,106,0,901.5638586174298,39873.0,6125,33748.0,0.15552185302633392,0.14769168602889182,47,317.5638586174298,584.0,7,13,False,{},{},{},{},0.0,0.0,0.0,0.0,0.0,0.0,0.0,0.0,0.0,0.0,0.0,0.0,0.0,0.0,Leave Event,0.0,"{'node_level': {}, 'link_level': {}, 'path_level': {}}","{'node_level': {}, 'link_level': {}, 'path_level': {}}","{'node_level': {}, 'link_level': {}, 'path_level': {}}",[],0.0,0.0,True,True,False,0,[],0,0.0,,,,,
71,52,23,11971.0,21536.0,5099570.110050337,8889397.061738605,0.555859955423477,0.5736688410510661,54,107,0,902.933888040804,39873.0,6125,33748.0,0.15552185302633392,0.14769168602889182,42,380.933888040804,522.0,9,22,False,{},{},{},{},0.0,0.0,0.0,0.0,0.0,0.0,0.0,0.0,0.0,0.0,0.0,0.0,0.0,0.0,Leave Event,0.0,"{'node_level': {}, 'link_level': {}, 'path_level': {}}","{'node_level': {}, 'link_level': {}, 'path_level': {}}","{'node_level': {}, 'link_level': {}, 'path_level': {}}",[],0.0,0.0,True,True,False,0,[],0,0.0,,,,,
72,53,24,12242.0,21977.0,5418019.13273878,9407611.154010203,0.557036902215953,0.5759186943466759,54,108,1,903.0,39432.0,6044,33388.0,0.16668964566386324,0.15678351348621078,71,1175.088644606799,903.0,6,8,True,"{4: np.int64(5), 5: np.int64(1), 1: np.int64(36), 2: np.int64(32), 3: np.int64(41), 0: np.int64(31)}","{(4, 5): [(np.int64(5), 74), (74, np.int64(1))], (2, 3): [(np.int64(32), 68), (68, np.int64(41))], (1, 4): [(np.int64(36), 15), (15, np.int64(5))], (3, 5): [(np.int64(41), 94), (94, np.int64(1))], (0, 4): [(np.int64(31), 19), (19, np.int64(5))], (1, 2): [(np.int64(36), 32)], (1, 5): [(np.int64(36), 1)], (2, 5): [(np.int64(32), 36), (36, np.int64(1))]}","{(4, np.int64(5)): {'cpu': 19}, (5, np.int64(1)): {'cpu': 17}, (1, np.int64(36)): {'cpu': 18}, (2, np.int64(32)): {'cpu': 17}, (3, np.int64(41)): {'cpu': 9}, (0, np.int64(31)): {'cpu': 1}}","{((4, 5), (np.int64(5), 74)): {'bw': 43.0}, ((4, 5), (74, np.int64(1))): {'bw': 43.0}, ((2, 3), (np.int64(32), 68)): {'bw': 38.0}, ((2, 3), (68, np.int64(41))): {'bw': 38.0}, ((1, 4), (np.int64(36), 15)): {'bw': 33.0}, ((1, 4), (15, np.int64(5))): {'bw': 33.0}, ((3, 5), (np.int64(41), 94)): {'bw': 27.0}, ((3, 5), (94, np.int64(1))): {'bw': 27.0}, ((0, 4), (np.int64(31), 19)): {'bw': 22.0}, ((0, 4), (19, np.int64(5))): {'bw': 22.0}, ((1, 2), (np.int64(36), 32)): {'bw': 11.0}, ((1, 5), (np.int64(36), 1)): {'bw': 9.0}, ((2, 5), (np.int64(32), 36)): {'bw': 7.0}, ((2, 5), (36, np.int64(1))): {'bw': 7.0}}",441.0,271.0,271.0,81.0,190.0,81.0,190.0,81.0,360.0,170.0,0.6145124716553289,518214.0922715984,318449.02268844255,722.1066274114345,Success,0.0,"{'node_level': {}, 'link_level': {}, 'path_level': {}}","{'node_level': {4: {'cpu': -37}, 5: {'cpu': -28}, 1: {'cpu': -51}, 2: {'cpu': -54}, 3: {'cpu': -39}, 0: {'cpu': -64}}, 'link_level': {}, 'path_level': {}}","{'node_level': {4: {'cpu': 0}, 5: {'cpu': 0}, 1: {'cpu': 0}, 2: {'cpu': 0}, 3: {'cpu': 0}, 0: {'cpu': 0}}, 'link_level': {}, 'path_level': {}}",[],0.0,0.0,True,True,False,0,[],0,0.0,"OrderedDict([((4, 5), 0), ((2, 3), 0), ((1, 4), 0), ((3, 5), 0), ((0, 4), 0), ((1, 2), 0), ((1, 5), 0), ((2, 5), 0)])",0.0,0.0,6.0,8.0
72,53,24,12242.0,21977.0,5418019.13273878,9407611.154010203,0.557036902215953,0.5759186943466759,54,109,0,906.4409201821251,39432.0,6044,33388.0,0.16668964566386324,0.15678351348621078,67,52.44092018212503,854.0,8,9,False,{},{},{},{},0.0,0.0,0.0,0.0,0.0,0.0,0.0,0.0,0.0,0.0,0.0,0.0,0.0,0.0,Leave Event,0.0,"{'node_level': {}, 'link_level': {}, 'path_level': {}}","{'node_level': {}, 'link_level': {}, 'path_level': {}}","{'node_level': {}, 'link_level': {}, 'path_level': {}}",[],0.0,0.0,True,True,False,0,[],0,0.0,,,,,
73,54,25,12479.0,22465.0,5422555.657835351,9416952.184588796,0.5554863120409526,0.5758291591104787,54,110,1,911.0,38944.0,6003,32941.0,0.17234247897421762,0.16807253257904842,72,19.141456103673956,911.0,6,9,True,"{2: np.int64(90), 5: np.int64(79), 3: np.int64(83), 4: np.int64(91), 1: np.int64(34), 0: np.int64(9)}","{(3, 5): [(np.int64(83), 5), (5, np.int64(79))], (0, 5): [(np.int64(9), 97), (97, 82), (82, np.int64(79))], (1, 3): [(np.int64(34), 91), (91, 19), (19, np.int64(83))], (1, 2): [(np.int64(34), 29), (29, np.int64(90))], (0, 2): [(np.int64(9), 29), (29, np.int64(90))], (2, 4): [(np.int64(90), 51), (51, 6), (6, np.int64(91))], (1, 4): [(np.int64(34), 91)], (3, 4): [(np.int64(83), 19), (19, np.int64(91))], (2, 5): [(np.int64(90), 5), (5, np.int64(79))]}","{(2, np.int64(90)): {'cpu': 18}, (5, np.int64(79)): {'cpu': 7}, (3, np.int64(83)): {'cpu': 6}, (4, np.int64(91)): {'cpu': 4}, (1, np.int64(34)): {'cpu': 3}, (0, np.int64(9)): {'cpu': 3}}","{((3, 5), (np.int64(83), 5)): {'bw': 45.0}, ((3, 5), (5, np.int64(79))): {'bw': 45.0}, ((0, 5), (np.int64(9), 97)): {'bw': 23.0}, ((0, 5), (97, 82)): {'bw': 23.0}, ((0, 5), (82, np.int64(79))): {'bw': 23.0}, ((1, 3), (np.int64(34), 91)): {'bw': 22.0}, ((1, 3), (91, 19)): {'bw': 22.0}, ((1, 3), (19, np.int64(83))): {'bw': 22.0}, ((1, 2), (np.int64(34), 29)): {'bw': 24.0}, ((1, 2), (29, np.int64(90))): {'bw': 24.0}, ((0, 2), (np.int64(9), 29)): {'bw': 20.0}, ((0, 2), (29, np.int64(90))): {'bw': 20.0}, ((2, 4), (np.int64(90), 51)): {'bw': 23.0}, ((2, 4), (51, 6)): {'bw': 23.0}, ((2, 4), (6, np.int64(91))): {'bw': 23.0}, ((1, 4), (np.int64(34), 91)): {'bw': 13.0}, ((3, 4), (np.int64(83), 19)): {'bw': 15.0}, ((3, 4), (19, np.int64(91))): {'bw': 15.0}, ((2, 5), (np.int64(90), 5)): {'bw': 11.0}, ((2, 5), (5, np.int64(79))): {'bw': 11.0}}",488.0,237.0,237.0,41.0,196.0,41.0,196.0,41.0,447.0,251.0,0.48565573770491804,9341.03057859289,4536.525096570727,9.296157984776082,Success,0.0,"{'node_level': {}, 'link_level': {}, 'path_level': {}}","{'node_level': {2: {'cpu': -49}, 5: {'cpu': -63}, 3: {'cpu': -47}, 4: {'cpu': -49}, 1: {'cpu': -59}, 0: {'cpu': -79}}, 'link_level': {}, 'path_level': {}}","{'node_level': {2: {'cpu': 0}, 5: {'cpu': 0}, 3: {'cpu': 0}, 4: {'cpu': 0}, 1: {'cpu': 0}, 0: {'cpu': 0}}, 'link_level': {}, 'path_level': {}}",[],0.0,0.0,True,True,False,0,[],0,0.0,"OrderedDict([((3, 5), 0), ((0, 5), 0), ((1, 3), 0), ((1, 2), 0), ((0, 2), 0), ((2, 4), 0), ((1, 4), 0), ((3, 4), 0), ((2, 5), 0)])",0.0,0.0,6.0,9.0
73,54,24,12479.0,22465.0,5422555.657835351,9416952.184588796,0.5554863120409526,0.5758291591104787,54,111,0,918.5140050681475,39128.0,6047,33081.0,0.16627602371432515,0.1645368219012021,55,218.5140050681475,700.0,3,2,False,{},{},{},{},0.0,0.0,0.0,0.0,0.0,0.0,0.0,0.0,0.0,0.0,0.0,0.0,0.0,0.0,Leave Event,0.0,"{'node_level': {}, 'link_level': {}, 'path_level': {}}","{'node_level': {}, 'link_level': {}, 'path_level': {}}","{'node_level': {}, 'link_level': {}, 'path_level': {}}",[],0.0,0.0,True,True,False,0,[],0,0.0,,,,,
73,54,23,12479.0,22465.0,5422555.657835351,9416952.184588796,0.5554863120409526,0.5758291591104787,54,112,0,919.2543241744426,39527.0,6122,33405.0,0.155935474975872,0.15635417718961508,22,608.2543241744426,311.0,5,7,False,{},{},{},{},0.0,0.0,0.0,0.0,0.0,0.0,0.0,0.0,0.0,0.0,0.0,0.0,0.0,0.0,Leave Event,0.0,"{'node_level': {}, 'link_level': {}, 'path_level': {}}","{'node_level': {}, 'link_level': {}, 'path_level': {}}","{'node_level': {}, 'link_level': {}, 'path_level': {}}",[],0.0,0.0,True,True,False,0,[],0,0.0,,,,,
74,54,23,12479.0,22465.0,5422555.657835351,9416952.184588796,0.5554863120409526,0.5758291591104787,54,113,1,925.0,39527.0,6122,33405.0,0.155935474975872,0.15635417718961508,73,354.95896188308075,925.0,10,24,False,"{9: np.int64(49), 2: np.int64(18), 5: np.int64(10), 8: np.int64(13), 0: np.int64(69), 7: np.int64(1), 6: np.int64(64), 4: np.int64(12), 1: np.int64(77), 3: np.int64(3)}","{(4, 6): [(np.int64(12), 1), (1, np.int64(64))], (4, 9): [(np.int64(12), 84), (84, np.int64(49))], (8, 9): [(np.int64(13), 55), (55, np.int64(49))], (5, 9): [(np.int64(10), 49)], (3, 8): [(np.int64(3), 41), (41, np.int64(13))], (2, 7): [(np.int64(18), 77), (77, np.int64(1))], (0, 1): [(np.int64(69), 91), (91, np.int64(77))], (5, 8): [(np.int64(10), 73), (73, np.int64(13))], (1, 2): [(np.int64(77), 29), (29, np.int64(18))], (1, 9): [(np.int64(77), 3), (3, 10), (10, np.int64(49))]}","{(9, np.int64(49)): {'cpu': 15}, (2, np.int64(18)): {'cpu': 16}, (5, np.int64(10)): {'cpu': 11}, (8, np.int64(13)): {'cpu': 6}, (0, np.int64(69)): {'cpu': 12}, (7, np.int64(1)): {'cpu': 6}, (6, np.int64(64)): {'cpu': 7}, (4, np.int64(12)): {'cpu': 6}, (1, np.int64(77)): {'cpu': 3}, (3, np.int64(3)): {'cpu': 3}}","{((4, 6), (np.int64(12), 1)): {'bw': 49.0}, ((4, 6), (1, np.int64(64))): {'bw': 49.0}, ((4, 9), (np.int64(12), 84)): {'bw': 46.0}, ((4, 9), (84, np.int64(49))): {'bw': 46.0}, ((8, 9), (np.int64(13), 55)): {'bw': 46.0}, ((8, 9), (55, np.int64(49))): {'bw': 46.0}, ((5, 9), (np.int64(10), 49)): {'bw': 42.0}, ((3, 8), (np.int64(3), 41)): {'bw': 43.0}, ((3, 8), (41, np.int64(13))): {'bw': 43.0}, ((2, 7), (np.int64(18), 77)): {'bw': 37.0}, ((2, 7), (77, np.int64(1))): {'bw': 37.0}, ((0, 1), (np.int64(69), 91)): {'bw': 35.0}, ((0, 1), (91, np.int64(77))): {'bw': 35.0}, ((5, 8), (np.int64(10), 73)): {'bw': 38.0}, ((5, 8), (73, np.int64(13))): {'bw': 38.0}, ((1, 2), (np.int64(77), 29)): {'bw': 32.0}, ((1, 2), (29, np.int64(18))): {'bw': 32.0}, ((1, 9), (np.int64(77), 3)): {'bw': 35.0}, ((1, 9), (3, 10)): {'bw': 35.0}, ((1, 9), (10, np.int64(49))): {'bw': 35.0}}",0.0,0.0,689.0,85.0,604.0,0.0,0.0,0.0,0.0,0.0,0.0,0.0,0.0,0.0,Route Failure,0.0,"{'node_level': {}, 'link_level': {}, 'path_level': {}}","{'node_level': {9: {'cpu': -50}, 2: {'cpu': -10}, 5: {'cpu': -69}, 8: {'cpu': -42}, 0: {'cpu': -77}, 7: {'cpu': -22}, 6: {'cpu': -55}, 4: {'cpu': -50}, 1: {'cpu': -15}, 3: {'cpu': -38}}, 'link_level': {}, 'path_level': {}}","{'node_level': {9: {'cpu': 0}, 2: {'cpu': 0}, 5: {'cpu': 0}, 8: {'cpu': 0}, 0: {'cpu': 0}, 7: {'cpu': 0}, 6: {'cpu': 0}, 4: {'cpu': 0}, 1: {'cpu': 0}, 3: {'cpu': 0}}, 'link_level': {}, 'path_level': {}}",[],0.0,0.0,True,False,False,0,[],0,0.0,"OrderedDict([((4, 6), 0), ((4, 9), 0), ((8, 9), 0), ((5, 9), 0), ((3, 8), 0), ((2, 7), 0), ((0, 1), 0), ((5, 8), 0), ((1, 2), 0), ((1, 9), 0)])",1.0,0.0,10.0,10.0
74,54,22,12479.0,22465.0,5422555.657835351,9416952.184588796,0.5554863120409526,0.5758291591104787,54,114,0,930.1414561036739,40015.0,6163,33852.0,0.15028264166551775,0.14506515809677745,72,19.141456103673956,911.0,6,9,False,{},{},{},{},0.0,0.0,0.0,0.0,0.0,0.0,0.0,0.0,0.0,0.0,0.0,0.0,0.0,0.0,Leave Event,0.0,"{'node_level': {}, 'link_level': {}, 'path_level': {}}","{'node_level': {}, 'link_level': {}, 'path_level': {}}","{'node_level': {}, 'link_level': {}, 'path_level': {}}",[],0.0,0.0,True,True,False,0,[],0,0.0,,,,,
75,54,22,12479.0,22465.0,5422555.657835351,9416952.184588796,0.5554863120409526,0.5758291591104787,54,115,1,936.0,40015.0,6163,33852.0,0.15028264166551775,0.14506515809677745,74,91.26929800172978,936.0,6,10,False,"{4: np.int64(49), 2: np.int64(9), 0: np.int64(18), 3: np.int64(29), 5: np.int64(5), 1: np.int64(10)}","{(2, 5): [(np.int64(9), 29), (29, 90), (90, np.int64(5))], (2, 4): [(np.int64(9), 49)], (1, 4): [(np.int64(10), 49)], (1, 5): [(np.int64(10), 85), (85, np.int64(5))], (0, 3): [(np.int64(18), 29)], (0, 2): [(np.int64(18), 84), (84, 97), (97, np.int64(9))], (4, 5): [(np.int64(49), 31), (31, 19), (19, np.int64(5))], (0, 4): [(np.int64(18), 0), (0, np.int64(49))]}","{(4, np.int64(49)): {'cpu': 12}, (2, np.int64(9)): {'cpu': 10}, (0, np.int64(18)): {'cpu': 11}, (3, np.int64(29)): {'cpu': 14}, (5, np.int64(5)): {'cpu': 9}, (1, np.int64(10)): {'cpu': 5}}","{((2, 5), (np.int64(9), 29)): {'bw': 50.0}, ((2, 5), (29, 90)): {'bw': 50.0}, ((2, 5), (90, np.int64(5))): {'bw': 50.0}, ((2, 4), (np.int64(9), 49)): {'bw': 49.0}, ((1, 4), (np.int64(10), 49)): {'bw': 45.0}, ((1, 5), (np.int64(10), 85)): {'bw': 39.0}, ((1, 5), (85, np.int64(5))): {'bw': 39.0}, ((0, 3), (np.int64(18), 29)): {'bw': 41.0}, ((0, 2), (np.int64(18), 84)): {'bw': 38.0}, ((0, 2), (84, 97)): {'bw': 38.0}, ((0, 2), (97, np.int64(9))): {'bw': 38.0}, ((4, 5), (np.int64(49), 31)): {'bw': 36.0}, ((4, 5), (31, 19)): {'bw': 36.0}, ((4, 5), (19, np.int64(5))): {'bw': 36.0}, ((0, 4), (np.int64(18), 0)): {'bw': 35.0}, ((0, 4), (0, np.int64(49))): {'bw': 35.0}}",0.0,0.0,442.0,61.0,381.0,0.0,0.0,0.0,0.0,0.0,0.0,0.0,0.0,0.0,Route Failure,0.0,"{'node_level': {}, 'link_level': {}, 'path_level': {}}","{'node_level': {4: {'cpu': -53}, 2: {'cpu': -72}, 0: {'cpu': -15}, 3: {'cpu': -51}, 5: {'cpu': -43}, 1: {'cpu': -75}}, 'link_level': {}, 'path_level': {}}","{'node_level': {4: {'cpu': 0}, 2: {'cpu': 0}, 0: {'cpu': 0}, 3: {'cpu': 0}, 5: {'cpu': 0}, 1: {'cpu': 0}}, 'link_level': {}, 'path_level': {}}",[],0.0,0.0,True,False,False,0,[],0,0.0,"OrderedDict([((2, 5), 0), ((2, 4), 0), ((1, 4), 0), ((1, 5), 0), ((0, 3), 0), ((0, 2), 0), ((4, 5), 0), ((0, 4), 0)])",1.0,0.0,6.0,8.0
75,54,22,12479.0,22465.0,5422555.657835351,9416952.184588796,0.5554863120409526,0.5758291591104787,54,116,0,941.5650443266699,40015.0,6163,33852.0,0.15028264166551775,0.14506515809677745,59,193.5650443266699,748.0,8,15,False,{},{},{},{},0.0,0.0,0.0,0.0,0.0,0.0,0.0,0.0,0.0,0.0,0.0,0.0,0.0,0.0,Leave Event,0.0,"{'node_level': {}, 'link_level': {}, 'path_level': {}}","{'node_level': {}, 'link_level': {}, 'path_level': {}}","{'node_level': {}, 'link_level': {}, 'path_level': {}}",[],0.0,0.0,True,True,False,0,[],0,0.0,,,,,
75,54,21,12479.0,22465.0,5422555.657835351,9416952.184588796,0.5554863120409526,0.5758291591104787,54,117,0,941.93070725741,40409.0,6207,34202.0,0.14421618640562528,0.13622588140216185,40,443.93070725741,498.0,5,7,False,{},{},{},{},0.0,0.0,0.0,0.0,0.0,0.0,0.0,0.0,0.0,0.0,0.0,0.0,0.0,0.0,Leave Event,0.0,"{'node_level': {}, 'link_level': {}, 'path_level': {}}","{'node_level': {}, 'link_level': {}, 'path_level': {}}","{'node_level': {}, 'link_level': {}, 'path_level': {}}",[],0.0,0.0,True,True,False,0,[],0,0.0,,,,,
76,55,22,12761.0,22953.0,5635440.765988014,9785349.109335247,0.5559621835925587,0.5759059490899296,54,118,1,944.0,39921.0,6154,33767.0,0.15152350751413213,0.14721183957975548,75,754.9117310378111,944.0,5,9,True,"{2: np.int64(49), 1: np.int64(18), 3: np.int64(91), 4: np.int64(5), 0: np.int64(10)}","{(1, 2): [(np.int64(18), 0), (0, np.int64(49))], (0, 2): [(np.int64(10), 49)], (0, 1): [(np.int64(10), 3), (3, 77), (77, np.int64(18))], (0, 3): [(np.int64(10), 6), (6, np.int64(91))], (1, 4): [(np.int64(18), 5)], (2, 4): [(np.int64(49), 60), (60, np.int64(5))], (2, 3): [(np.int64(49), 76), (76, np.int64(91))], (3, 4): [(np.int64(91), 19), (19, np.int64(5))], (0, 4): [(np.int64(10), 85), (85, np.int64(5))]}","{(2, np.int64(49)): {'cpu': 13}, (1, np.int64(18)): {'cpu': 12}, (3, np.int64(91)): {'cpu': 16}, (4, np.int64(5)): {'cpu': 9}, (0, np.int64(10)): {'cpu': 3}}","{((1, 2), (np.int64(18), 0)): {'bw': 48.0}, ((1, 2), (0, np.int64(49))): {'bw': 48.0}, ((0, 2), (np.int64(10), 49)): {'bw': 46.0}, ((0, 1), (np.int64(10), 3)): {'bw': 41.0}, ((0, 1), (3, 77)): {'bw': 41.0}, ((0, 1), (77, np.int64(18))): {'bw': 41.0}, ((0, 3), (np.int64(10), 6)): {'bw': 33.0}, ((0, 3), (6, np.int64(91))): {'bw': 33.0}, ((1, 4), (np.int64(18), 5)): {'bw': 18.0}, ((2, 4), (np.int64(49), 60)): {'bw': 17.0}, ((2, 4), (60, np.int64(5))): {'bw': 17.0}, ((2, 3), (np.int64(49), 76)): {'bw': 13.0}, ((2, 3), (76, np.int64(91))): {'bw': 13.0}, ((3, 4), (np.int64(91), 19)): {'bw': 12.0}, ((3, 4), (19, np.int64(5))): {'bw': 12.0}, ((0, 4), (np.int64(10), 85)): {'bw': 1.0}, ((0, 4), (85, np.int64(5))): {'bw': 1.0}}",488.0,282.0,282.0,53.0,229.0,53.0,229.0,53.0,435.0,206.0,0.5778688524590164,368396.92474645184,212885.10815266275,436.23997572266956,Success,0.0,"{'node_level': {}, 'link_level': {}, 'path_level': {}}","{'node_level': {2: {'cpu': -52}, 1: {'cpu': -14}, 3: {'cpu': -45}, 4: {'cpu': -43}, 0: {'cpu': -77}}, 'link_level': {}, 'path_level': {}}","{'node_level': {2: {'cpu': 0}, 1: {'cpu': 0}, 3: {'cpu': 0}, 4: {'cpu': 0}, 0: {'cpu': 0}}, 'link_level': {}, 'path_level': {}}",[],0.0,0.0,True,True,False,0,[],0,0.0,"OrderedDict([((1, 2), 0), ((0, 2), 0), ((0, 1), 0), ((0, 3), 0), ((1, 4), 0), ((2, 4), 0), ((2, 3), 0), ((3, 4), 0), ((0, 4), 0)])",0.0,0.0,5.0,9.0
77,55,22,12761.0,22953.0,5635440.765988014,9785349.109335247,0.5559621835925587,0.5759059490899296,54,119,1,957.0,39921.0,6154,33767.0,0.15152350751413213,0.14721183957975548,76,1000.9932579629997,957.0,9,22,False,"{0: np.int64(43), 1: np.int64(13), 2: np.int64(53), 5: np.int64(38), 7: np.int64(69), 8: np.int64(90), 6: np.int64(5), 4: np.int64(83), 3: np.int64(79)}","{(1, 5): [(np.int64(13), 23), (23, 2), (2, np.int64(38))], (0, 7): [(np.int64(43), 53), (53, 84), (84, 69)], (2, 5): [(np.int64(53), 30), (30, 0), (0, np.int64(38))], (1, 8): [(np.int64(13), 30), (30, np.int64(90))], (0, 4): [(np.int64(43), 53), (53, 21), (21, np.int64(83))], (3, 6): [(np.int64(79), 5)], (0, 5): [(np.int64(43), 38)], (4, 7): [(np.int64(83), 69)], (1, 3): [(np.int64(13), 4), (4, np.int64(79))]}","{(0, np.int64(43)): {'cpu': 18}, (1, np.int64(13)): {'cpu': 13}, (2, np.int64(53)): {'cpu': 13}, (5, np.int64(38)): {'cpu': 7}, (7, np.int64(69)): {'cpu': 10}, (8, np.int64(90)): {'cpu': 9}, (6, np.int64(5)): {'cpu': 4}, (4, np.int64(83)): {'cpu': 1}, (3, np.int64(79)): {'cpu': 1}}","{((1, 5), (np.int64(13), 23)): {'bw': 45.0}, ((1, 5), (23, 2)): {'bw': 45.0}, ((1, 5), (2, np.int64(38))): {'bw': 45.0}, ((0, 7), (np.int64(43), 53)): {'bw': 43.0}, ((0, 7), (53, 84)): {'bw': 43.0}, ((0, 7), (84, 69)): {'bw': 43.0}, ((2, 5), (np.int64(53), 30)): {'bw': 40.0}, ((2, 5), (30, 0)): {'bw': 40.0}, ((2, 5), (0, np.int64(38))): {'bw': 40.0}, ((1, 8), (np.int64(13), 30)): {'bw': 39.0}, ((1, 8), (30, np.int64(90))): {'bw': 39.0}, ((0, 4), (np.int64(43), 53)): {'bw': 36.0}, ((0, 4), (53, 21)): {'bw': 36.0}, ((0, 4), (21, np.int64(83))): {'bw': 36.0}, ((3, 6), (np.int64(79), 5)): {'bw': 27.0}, ((0, 5), (np.int64(43), 38)): {'bw': 30.0}, ((4, 7), (np.int64(83), 69)): {'bw': 29.0}, ((1, 3), (np.int64(13), 4)): {'bw': 26.0}, ((1, 3), (4, np.int64(79))): {'bw': 26.0}}",0.0,0.0,580.0,76.0,504.0,0.0,0.0,0.0,0.0,0.0,0.0,0.0,0.0,0.0,Route Failure,0.0,"{'node_level': {}, 'link_level': {}, 'path_level': {}}","{'node_level': {0: {'cpu': -35}, 1: {'cpu': -35}, 2: {'cpu': -57}, 5: {'cpu': -37}, 7: {'cpu': -79}, 8: {'cpu': -58}, 6: {'cpu': -39}, 4: {'cpu': -52}, 3: {'cpu': -69}}, 'link_level': {}, 'path_level': {}}","{'node_level': {0: {'cpu': 0}, 1: {'cpu': 0}, 2: {'cpu': 0}, 5: {'cpu': 0}, 7: {'cpu': 0}, 8: {'cpu': 0}, 6: {'cpu': 0}, 4: {'cpu': 0}, 3: {'cpu': 0}}, 'link_level': {}, 'path_level': {}}",[],0.0,0.0,True,False,False,0,[],0,0.0,"OrderedDict([((1, 5), 0), ((0, 7), 0), ((2, 5), 0), ((1, 8), 0), ((0, 4), 0), ((3, 6), 0), ((0, 5), 0), ((4, 7), 0), ((1, 3), 0)])",0.0,0.0,9.0,9.0
77,55,21,12761.0,22953.0,5635440.765988014,9785349.109335247,0.5559621835925587,0.5759059490899296,54,120,0,963.8039764206146,40045.0,6187,33858.0,0.1469736660692127,0.1449136276391555,30,569.8039764206146,394.0,3,3,False,{},{},{},{},0.0,0.0,0.0,0.0,0.0,0.0,0.0,0.0,0.0,0.0,0.0,0.0,0.0,0.0,Leave Event,0.0,"{'node_level': {}, 'link_level': {}, 'path_level': {}}","{'node_level': {}, 'link_level': {}, 'path_level': {}}","{'node_level': {}, 'link_level': {}, 'path_level': {}}",[],0.0,0.0,True,True,False,0,[],0,0.0,,,,,
77,55,20,12761.0,22953.0,5635440.765988014,9785349.109335247,0.5559621835925587,0.5759059490899296,54,121,0,965.7829559503477,40737.0,6263,34474.0,0.13649524334758034,0.12935650065663196,64,150.78295595034774,815.0,7,12,False,{},{},{},{},0.0,0.0,0.0,0.0,0.0,0.0,0.0,0.0,0.0,0.0,0.0,0.0,0.0,0.0,Leave Event,0.0,"{'node_level': {}, 'link_level': {}, 'path_level': {}}","{'node_level': {}, 'link_level': {}, 'path_level': {}}","{'node_level': {}, 'link_level': {}, 'path_level': {}}",[],0.0,0.0,True,True,False,0,[],0,0.0,,,,,
78,56,21,13059.0,23517.0,5714411.194666013,9934809.92065871,0.5553004209720628,0.5751907928085583,54,122,1,975.0,40173.0,6203,33970.0,0.1447676823383428,0.14208505909687852,77,265.0014385167753,975.0,7,9,True,"{6: np.int64(43), 2: np.int64(10), 4: np.int64(13), 3: np.int64(20), 1: np.int64(30), 5: np.int64(28), 0: np.int64(53)}","{(3, 6): [(np.int64(20), 72), (72, 89), (89, np.int64(43))], (4, 5): [(np.int64(13), 4), (4, np.int64(28))], (1, 6): [(np.int64(30), 53), (53, np.int64(43))], (2, 4): [(np.int64(10), 73), (73, np.int64(13))], (0, 6): [(np.int64(53), 43)], (0, 2): [(np.int64(53), 3), (3, np.int64(10))], (2, 3): [(np.int64(10), 3), (3, 93), (93, np.int64(20))], (4, 6): [(np.int64(13), 95), (95, 53), (53, np.int64(43))], (3, 5): [(np.int64(20), 28)]}","{(6, np.int64(43)): {'cpu': 16}, (2, np.int64(10)): {'cpu': 15}, (4, np.int64(13)): {'cpu': 11}, (3, np.int64(20)): {'cpu': 5}, (1, np.int64(30)): {'cpu': 7}, (5, np.int64(28)): {'cpu': 4}, (0, np.int64(53)): {'cpu': 2}}","{((3, 6), (np.int64(20), 72)): {'bw': 50.0}, ((3, 6), (72, 89)): {'bw': 50.0}, ((3, 6), (89, np.int64(43))): {'bw': 50.0}, ((4, 5), (np.int64(13), 4)): {'bw': 43.0}, ((4, 5), (4, np.int64(28))): {'bw': 43.0}, ((1, 6), (np.int64(30), 53)): {'bw': 39.0}, ((1, 6), (53, np.int64(43))): {'bw': 39.0}, ((2, 4), (np.int64(10), 73)): {'bw': 35.0}, ((2, 4), (73, np.int64(13))): {'bw': 35.0}, ((0, 6), (np.int64(53), 43)): {'bw': 31.0}, ((0, 2), (np.int64(53), 3)): {'bw': 23.0}, ((0, 2), (3, np.int64(10))): {'bw': 23.0}, ((2, 3), (np.int64(10), 3)): {'bw': 12.0}, ((2, 3), (3, 93)): {'bw': 12.0}, ((2, 3), (93, np.int64(20))): {'bw': 12.0}, ((4, 6), (np.int64(13), 95)): {'bw': 1.0}, ((4, 6), (95, 53)): {'bw': 1.0}, ((4, 6), (53, np.int64(43))): {'bw': 1.0}, ((3, 5), (np.int64(20), 28)): {'bw': 4.0}}",564.0,298.0,298.0,60.0,238.0,60.0,238.0,60.0,504.0,266.0,0.5283687943262412,149460.81132346127,78970.42867799904,140.0184905638281,Success,0.0,"{'node_level': {}, 'link_level': {}, 'path_level': {}}","{'node_level': {6: {'cpu': -49}, 2: {'cpu': -67}, 4: {'cpu': -37}, 3: {'cpu': -91}, 1: {'cpu': -31}, 5: {'cpu': -46}, 0: {'cpu': -68}}, 'link_level': {}, 'path_level': {}}","{'node_level': {6: {'cpu': 0}, 2: {'cpu': 0}, 4: {'cpu': 0}, 3: {'cpu': 0}, 1: {'cpu': 0}, 5: {'cpu': 0}, 0: {'cpu': 0}}, 'link_level': {}, 'path_level': {}}",[],0.0,0.0,True,True,False,0,[],0,0.0,"OrderedDict([((3, 6), 0), ((4, 5), 0), ((1, 6), 0), ((2, 4), 0), ((0, 6), 0), ((0, 2), 0), ((2, 3), 0), ((4, 6), 0), ((3, 5), 0)])",1.0,0.0,7.0,9.0
79,57,22,13320.0,23907.0,5734089.42185066,9964214.168175997,0.5571589910904756,0.5754683033775373,54,123,1,982.0,39783.0,6137,33646.0,0.15386736522818145,0.15026770380846555,78,75.39550645458432,982.0,7,9,True,"{2: np.int64(1), 1: np.int64(68), 4: np.int64(36), 5: np.int64(69), 3: np.int64(38), 6: np.int64(90), 0: np.int64(79)}","{(0, 1): [(np.int64(79), 68)], (2, 5): [(np.int64(1), 12), (12, np.int64(69))], (1, 6): [(np.int64(68), 51), (51, np.int64(90))], (2, 6): [(np.int64(1), 74), (74, np.int64(90))], (0, 5): [(np.int64(79), 69)], (3, 6): [(np.int64(38), 0), (0, np.int64(90))], (2, 4): [(np.int64(1), 36)], (1, 4): [(np.int64(68), 41), (41, np.int64(36))], (4, 5): [(np.int64(36), 91), (91, np.int64(69))]}","{(2, np.int64(1)): {'cpu': 9}, (1, np.int64(68)): {'cpu': 8}, (4, np.int64(36)): {'cpu': 15}, (5, np.int64(69)): {'cpu': 8}, (3, np.int64(38)): {'cpu': 19}, (6, np.int64(90)): {'cpu': 3}, (0, np.int64(79)): {'cpu': 4}}","{((0, 1), (np.int64(79), 68)): {'bw': 35.0}, ((2, 5), (np.int64(1), 12)): {'bw': 34.0}, ((2, 5), (12, np.int64(69))): {'bw': 34.0}, ((1, 6), (np.int64(68), 51)): {'bw': 29.0}, ((1, 6), (51, np.int64(90))): {'bw': 29.0}, ((2, 6), (np.int64(1), 74)): {'bw': 27.0}, ((2, 6), (74, np.int64(90))): {'bw': 27.0}, ((0, 5), (np.int64(79), 69)): {'bw': 17.0}, ((3, 6), (np.int64(38), 0)): {'bw': 14.0}, ((3, 6), (0, np.int64(90))): {'bw': 14.0}, ((2, 4), (np.int64(1), 36)): {'bw': 14.0}, ((1, 4), (np.int64(68), 41)): {'bw': 14.0}, ((1, 4), (41, np.int64(36))): {'bw': 14.0}, ((4, 5), (np.int64(36), 91)): {'bw': 11.0}, ((4, 5), (91, np.int64(69))): {'bw': 11.0}}",390.0,261.0,261.0,66.0,195.0,66.0,195.0,66.0,324.0,129.0,0.6692307692307692,29404.247517287884,19678.22718464651,50.45699278114489,Success,0.0,"{'node_level': {}, 'link_level': {}, 'path_level': {}}","{'node_level': {2: {'cpu': -23}, 1: {'cpu': -43}, 4: {'cpu': -36}, 5: {'cpu': -81}, 3: {'cpu': -25}, 6: {'cpu': -64}, 0: {'cpu': -66}}, 'link_level': {}, 'path_level': {}}","{'node_level': {2: {'cpu': 0}, 1: {'cpu': 0}, 4: {'cpu': 0}, 5: {'cpu': 0}, 3: {'cpu': 0}, 6: {'cpu': 0}, 0: {'cpu': 0}}, 'link_level': {}, 'path_level': {}}",[],0.0,0.0,True,True,False,0,[],0,0.0,"OrderedDict([((0, 1), 0), ((2, 5), 0), ((1, 6), 0), ((2, 6), 0), ((0, 5), 0), ((3, 6), 0), ((2, 4), 0), ((1, 4), 0), ((4, 5), 0)])",0.0,0.0,7.0,9.0
80,58,23,13363.0,23950.0,5734815.837715241,9964940.584040578,0.5579540709812109,0.5754992505323991,54,124,1,994.0,39740.0,6125,33615.0,0.15552185302633392,0.1510506111728458,79,16.89339219956097,994.0,2,1,True,"{0: np.int64(5), 1: np.int64(83)}","{(0, 1): [(np.int64(5), 83)]}","{(0, np.int64(5)): {'cpu': 7}, (1, np.int64(83)): {'cpu': 5}}","{((0, 1), (np.int64(5), 83)): {'bw': 31.0}}",43.0,43.0,43.0,12.0,31.0,12.0,31.0,12.0,31.0,0.0,1.0,726.4158645811217,726.4158645811217,16.89339219956097,Success,0.0,"{'node_level': {}, 'link_level': {}, 'path_level': {}}","{'node_level': {0: {'cpu': -36}, 1: {'cpu': -48}}, 'link_level': {}, 'path_level': {}}","{'node_level': {0: {'cpu': 0}, 1: {'cpu': 0}}, 'link_level': {}, 'path_level': {}}",[],0.0,0.0,True,True,False,0,[],0,0.0,"OrderedDict([((0, 1), 0)])",0.0,0.0,2.0,1.0
81,59,24,13483.0,24154.0,5977806.658720476,10378024.979749477,0.5582098203196157,0.5760061929302447,54,125,1,1009.0,39536.0,6076,33460.0,0.16227767820212324,0.15496514799474692,80,2024.9235083769545,1009.0,3,2,True,"{2: np.int64(34), 1: np.int64(32), 0: np.int64(29)}","{(1, 2): [(np.int64(32), 49), (49, 80), (80, np.int64(34))], (0, 2): [(np.int64(29), 34)]}","{(2, np.int64(34)): {'cpu': 15}, (1, np.int64(32)): {'cpu': 19}, (0, np.int64(29)): {'cpu': 15}}","{((1, 2), (np.int64(32), 49)): {'bw': 42.0}, ((1, 2), (49, 80)): {'bw': 42.0}, ((1, 2), (80, np.int64(34))): {'bw': 42.0}, ((0, 2), (np.int64(29), 34)): {'bw': 29.0}}",204.0,120.0,120.0,49.0,71.0,49.0,71.0,49.0,155.0,84.0,0.5882352941176471,413084.3957088987,242990.82100523455,1191.1314755158555,Success,0.0,"{'node_level': {}, 'link_level': {}, 'path_level': {}}","{'node_level': {2: {'cpu': -47}, 1: {'cpu': -37}, 0: {'cpu': -50}}, 'link_level': {}, 'path_level': {}}","{'node_level': {2: {'cpu': 0}, 1: {'cpu': 0}, 0: {'cpu': 0}}, 'link_level': {}, 'path_level': {}}",[],0.0,0.0,True,True,False,0,[],0,0.0,"OrderedDict([((1, 2), 0), ((0, 2), 0)])",1.0,0.0,3.0,2.0
81,59,23,13483.0,24154.0,5977806.658720476,10378024.979749477,0.5582098203196157,0.5760061929302447,54,126,0,1010.8933921995609,39579.0,6088,33491.0,0.16062319040397077,0.15418224063036667,79,16.89339219956097,994.0,2,1,False,{},{},{},{},0.0,0.0,0.0,0.0,0.0,0.0,0.0,0.0,0.0,0.0,0.0,0.0,0.0,0.0,Leave Event,0.0,"{'node_level': {}, 'link_level': {}, 'path_level': {}}","{'node_level': {}, 'link_level': {}, 'path_level': {}}","{'node_level': {}, 'link_level': {}, 'path_level': {}}",[],0.0,0.0,True,True,False,0,[],0,0.0,,,,,
81,59,22,13483.0,24154.0,5977806.658720476,10378024.979749477,0.5582098203196157,0.5760061929302447,54,127,0,1012.6410145895702,39696.0,6120,33576.0,0.15621122294223078,0.15203555914738864,36,562.6410145895702,450.0,3,3,False,{},{},{},{},0.0,0.0,0.0,0.0,0.0,0.0,0.0,0.0,0.0,0.0,0.0,0.0,0.0,0.0,Leave Event,0.0,"{'node_level': {}, 'link_level': {}, 'path_level': {}}","{'node_level': {}, 'link_level': {}, 'path_level': {}}","{'node_level': {}, 'link_level': {}, 'path_level': {}}",[],0.0,0.0,True,True,False,0,[],0,0.0,,,,,
82,60,23,13871.0,24920.0,6068457.535992338,10556990.371476917,0.556621187800963,0.5748283670304575,54,128,1,1024.0,38930.0,6021,32909.0,0.16986074727698885,0.16888069501969893,81,233.63628162851163,1024.0,7,11,True,"{2: np.int64(25), 3: np.int64(95), 0: np.int64(13), 1: np.int64(7), 6: np.int64(5), 4: np.int64(83), 5: np.int64(31)}","{(1, 3): [(np.int64(7), 95)], (2, 4): [(np.int64(25), 44), (44, np.int64(83))], (0, 6): [(np.int64(13), 95), (95, 48), (48, 90), (90, np.int64(5))], (0, 5): [(np.int64(13), 46), (46, 39), (39, np.int64(31))], (2, 6): [(np.int64(25), 85), (85, np.int64(5))], (3, 4): [(np.int64(95), 88), (88, np.int64(83))], (1, 6): [(np.int64(7), 19), (19, np.int64(5))], (1, 5): [(np.int64(7), 19), (19, np.int64(31))], (4, 5): [(np.int64(83), 19), (19, np.int64(31))], (3, 5): [(np.int64(95), 33), (33, np.int64(31))], (0, 4): [(np.int64(13), 95), (95, 88), (88, np.int64(83))]}","{(2, np.int64(25)): {'cpu': 19}, (3, np.int64(95)): {'cpu': 19}, (0, np.int64(13)): {'cpu': 15}, (1, np.int64(7)): {'cpu': 16}, (6, np.int64(5)): {'cpu': 12}, (4, np.int64(83)): {'cpu': 12}, (5, np.int64(31)): {'cpu': 6}}","{((1, 3), (np.int64(7), 95)): {'bw': 48.0}, ((2, 4), (np.int64(25), 44)): {'bw': 46.0}, ((2, 4), (44, np.int64(83))): {'bw': 46.0}, ((0, 6), (np.int64(13), 95)): {'bw': 44.0}, ((0, 6), (95, 48)): {'bw': 44.0}, ((0, 6), (48, 90)): {'bw': 44.0}, ((0, 6), (90, np.int64(5))): {'bw': 44.0}, ((0, 5), (np.int64(13), 46)): {'bw': 42.0}, ((0, 5), (46, 39)): {'bw': 42.0}, ((0, 5), (39, np.int64(31))): {'bw': 42.0}, ((2, 6), (np.int64(25), 85)): {'bw': 38.0}, ((2, 6), (85, np.int64(5))): {'bw': 38.0}, ((3, 4), (np.int64(95), 88)): {'bw': 19.0}, ((3, 4), (88, np.int64(83))): {'bw': 19.0}, ((1, 6), (np.int64(7), 19)): {'bw': 13.0}, ((1, 6), (19, np.int64(5))): {'bw': 13.0}, ((1, 5), (np.int64(7), 19)): {'bw': 13.0}, ((1, 5), (19, np.int64(31))): {'bw': 13.0}, ((4, 5), (np.int64(83), 19)): {'bw': 9.0}, ((4, 5), (19, np.int64(31))): {'bw': 9.0}, ((3, 5), (np.int64(95), 33)): {'bw': 10.0}, ((3, 5), (33, np.int64(31))): {'bw': 10.0}, ((0, 4), (np.int64(13), 95)): {'bw': 7.0}, ((0, 4), (95, 88)): {'bw': 7.0}, ((0, 4), (88, np.int64(83))): {'bw': 7.0}}",766.0,388.0,388.0,99.0,289.0,99.0,289.0,99.0,667.0,378.0,0.5065274151436031,178965.3917274399,90650.87727186251,118.34318181705288,Success,0.0,"{'node_level': {}, 'link_level': {}, 'path_level': {}}","{'node_level': {2: {'cpu': -31}, 3: {'cpu': -58}, 0: {'cpu': -34}, 1: {'cpu': -29}, 6: {'cpu': -31}, 4: {'cpu': -41}, 5: {'cpu': -58}}, 'link_level': {}, 'path_level': {}}","{'node_level': {2: {'cpu': 0}, 3: {'cpu': 0}, 0: {'cpu': 0}, 1: {'cpu': 0}, 6: {'cpu': 0}, 4: {'cpu': 0}, 5: {'cpu': 0}}, 'link_level': {}, 'path_level': {}}",[],0.0,0.0,True,True,False,0,[],0,0.0,"OrderedDict([((1, 3), 0), ((2, 4), 0), ((0, 6), 0), ((0, 5), 0), ((2, 6), 0), ((3, 4), 0), ((1, 6), 0), ((1, 5), 0), ((4, 5), 0), ((3, 5), 0), ((0, 4), 0)])",1.0,0.0,7.0,11.0
82,60,23,13871.0,24920.0,6068457.535992338,10556990.371476917,0.556621187800963,0.5748283670304575,54,129,0,1027.2692980017298,38930.0,6021,32909.0,0.16986074727698885,0.16888069501969893,74,91.26929800172978,936.0,6,10,False,{},{},{},{},0.0,0.0,0.0,0.0,0.0,0.0,0.0,0.0,0.0,0.0,0.0,0.0,0.0,0.0,Leave Event,0.0,"{'node_level': {}, 'link_level': {}, 'path_level': {}}","{'node_level': {}, 'link_level': {}, 'path_level': {}}","{'node_level': {}, 'link_level': {}, 'path_level': {}}",[],0.0,0.0,True,True,False,0,[],0,0.0,,,,,
83,61,24,14060.0,25205.0,6119946.534947484,10634632.512758484,0.5578258282086888,0.5754732500258299,54,130,1,1033.0,38645.0,5995,32650.0,0.17344547083965256,0.17542175977371455,82,272.4285659002399,1033.0,5,5,True,"{1: np.int64(9), 4: np.int64(60), 0: np.int64(98), 2: np.int64(54), 3: np.int64(55)}","{(1, 4): [(np.int64(9), 40), (40, np.int64(60))], (2, 4): [(np.int64(54), 60)], (0, 3): [(np.int64(98), 55)], (1, 3): [(np.int64(9), 49), (49, np.int64(55))], (0, 1): [(np.int64(98), 84), (84, 97), (97, np.int64(9))]}","{(1, np.int64(9)): {'cpu': 13}, (4, np.int64(60)): {'cpu': 5}, (0, np.int64(98)): {'cpu': 4}, (2, np.int64(54)): {'cpu': 3}, (3, np.int64(55)): {'cpu': 1}}","{((1, 4), (np.int64(9), 40)): {'bw': 44.0}, ((1, 4), (40, np.int64(60))): {'bw': 44.0}, ((2, 4), (np.int64(54), 60)): {'bw': 42.0}, ((0, 3), (np.int64(98), 55)): {'bw': 36.0}, ((1, 3), (np.int64(9), 49)): {'bw': 30.0}, ((1, 3), (49, np.int64(55))): {'bw': 30.0}, ((0, 1), (np.int64(98), 84)): {'bw': 11.0}, ((0, 1), (84, 97)): {'bw': 11.0}, ((0, 1), (97, np.int64(9))): {'bw': 11.0}}",285.0,189.0,189.0,26.0,163.0,26.0,163.0,26.0,259.0,96.0,0.6631578947368421,77642.14128156837,51488.99895514534,180.66315422858014,Success,0.0,"{'node_level': {}, 'link_level': {}, 'path_level': {}}","{'node_level': {1: {'cpu': -69}, 4: {'cpu': -42}, 0: {'cpu': -21}, 2: {'cpu': -81}, 3: {'cpu': -49}}, 'link_level': {}, 'path_level': {}}","{'node_level': {1: {'cpu': 0}, 4: {'cpu': 0}, 0: {'cpu': 0}, 2: {'cpu': 0}, 3: {'cpu': 0}}, 'link_level': {}, 'path_level': {}}",[],0.0,0.0,True,True,False,0,[],0,0.0,"OrderedDict([((1, 4), 0), ((2, 4), 0), ((0, 3), 0), ((1, 3), 0), ((0, 1), 0)])",1.0,0.0,5.0,5.0
83,61,23,14060.0,25205.0,6119946.534947484,10634632.512758484,0.5578258282086888,0.5754732500258299,54,131,0,1037.226787451479,38767.0,6023,32744.0,0.1695849993106301,0.17304778260430342,45,482.22678745147897,555.0,2,1,False,{},{},{},{},0.0,0.0,0.0,0.0,0.0,0.0,0.0,0.0,0.0,0.0,0.0,0.0,0.0,0.0,Leave Event,0.0,"{'node_level': {}, 'link_level': {}, 'path_level': {}}","{'node_level': {}, 'link_level': {}, 'path_level': {}}","{'node_level': {}, 'link_level': {}, 'path_level': {}}",[],0.0,0.0,True,True,False,0,[],0,0.0,,,,,
83,61,22,14060.0,25205.0,6119946.534947484,10634632.512758484,0.5578258282086888,0.5754732500258299,54,132,0,1045.9174390041353,38948.0,6055,32893.0,0.1651730318488901,0.16928477624002425,41,538.9174390041352,507.0,4,4,False,{},{},{},{},0.0,0.0,0.0,0.0,0.0,0.0,0.0,0.0,0.0,0.0,0.0,0.0,0.0,0.0,Leave Event,0.0,"{'node_level': {}, 'link_level': {}, 'path_level': {}}","{'node_level': {}, 'link_level': {}, 'path_level': {}}","{'node_level': {}, 'link_level': {}, 'path_level': {}}",[],0.0,0.0,True,True,False,0,[],0,0.0,,,,,
83,61,22,14060.0,25205.0,6119946.534947484,10634632.512758484,0.5578258282086888,0.5754732500258299,54,133,0,1048.5122096290029,38948.0,6055,32893.0,0.1651730318488901,0.16928477624002425,25,705.5122096290029,343.0,7,10,False,{},{},{},{},0.0,0.0,0.0,0.0,0.0,0.0,0.0,0.0,0.0,0.0,0.0,0.0,0.0,0.0,Leave Event,0.0,"{'node_level': {}, 'link_level': {}, 'path_level': {}}","{'node_level': {}, 'link_level': {}, 'path_level': {}}","{'node_level': {}, 'link_level': {}, 'path_level': {}}",[],0.0,0.0,True,True,False,0,[],0,0.0,,,,,
84,62,23,14078.0,25229.0,6120413.747938593,10635255.463413296,0.5580086408498157,0.5754834727753966,54,134,1,1054.0,38924.0,6043,32881.0,0.16682751964704257,0.16958783715526826,83,25.956277283853577,1054.0,2,1,True,"{1: np.int64(43), 0: np.int64(79)}","{(0, 1): [(np.int64(79), 11), (11, np.int64(43))]}","{(1, np.int64(43)): {'cpu': 11}, (0, np.int64(79)): {'cpu': 1}}","{((0, 1), (np.int64(79), 11)): {'bw': 6.0}, ((0, 1), (11, np.int64(43))): {'bw': 6.0}}",24.0,18.0,18.0,12.0,6.0,12.0,6.0,12.0,12.0,6.0,0.75,622.9506548124858,467.2129911093644,19.467207962890182,Success,0.0,"{'node_level': {}, 'link_level': {}, 'path_level': {}}","{'node_level': {1: {'cpu': -55}, 0: {'cpu': -80}}, 'link_level': {}, 'path_level': {}}","{'node_level': {1: {'cpu': 0}, 0: {'cpu': 0}}, 'link_level': {}, 'path_level': {}}",[],0.0,0.0,True,True,False,0,[],0,0.0,"OrderedDict([((0, 1), 0)])",0.0,0.0,2.0,1.0
84,62,22,14078.0,25229.0,6120413.747938593,10635255.463413296,0.5580086408498157,0.5754834727753966,54,135,0,1057.3955064545844,39314.0,6109,33205.0,0.15772783675720392,0.16140519244368123,78,75.39550645458432,982.0,7,9,False,{},{},{},{},0.0,0.0,0.0,0.0,0.0,0.0,0.0,0.0,0.0,0.0,0.0,0.0,0.0,0.0,Leave Event,0.0,"{'node_level': {}, 'link_level': {}, 'path_level': {}}","{'node_level': {}, 'link_level': {}, 'path_level': {}}","{'node_level': {}, 'link_level': {}, 'path_level': {}}",[],0.0,0.0,True,True,False,0,[],0,0.0,,,,,
85,63,23,14400.0,25745.0,6193654.556617072,10752622.722040921,0.5593319091085648,0.5760133798725409,54,136,1,1061.0,38798.0,6016,32782.0,0.1705501171928857,0.17208808970603096,84,227.45592757291564,1061.0,7,11,True,"{6: np.int64(38), 3: np.int64(79), 5: np.int64(43), 1: np.int64(1), 2: np.int64(68), 4: np.int64(69), 0: np.int64(0)}","{(0, 6): [(np.int64(0), 38)], (0, 1): [(np.int64(0), 74), (74, np.int64(1))], (2, 3): [(np.int64(68), 79)], (0, 3): [(np.int64(0), 43), (43, 11), (11, np.int64(79))], (1, 5): [(np.int64(1), 76), (76, 16), (16, np.int64(43))], (2, 6): [(np.int64(68), 41), (41, np.int64(38))], (5, 6): [(np.int64(43), 0), (0, np.int64(38))], (0, 5): [(np.int64(0), 50), (50, np.int64(43))], (3, 4): [(np.int64(79), 69)], (2, 4): [(np.int64(68), 69)], (1, 2): [(np.int64(1), 13), (13, 4), (4, np.int64(68))]}","{(6, np.int64(38)): {'cpu': 18}, (3, np.int64(79)): {'cpu': 17}, (5, np.int64(43)): {'cpu': 20}, (1, np.int64(1)): {'cpu': 13}, (2, np.int64(68)): {'cpu': 8}, (4, np.int64(69)): {'cpu': 16}, (0, np.int64(0)): {'cpu': 1}}","{((0, 6), (np.int64(0), 38)): {'bw': 43.0}, ((0, 1), (np.int64(0), 74)): {'bw': 33.0}, ((0, 1), (74, np.int64(1))): {'bw': 33.0}, ((2, 3), (np.int64(68), 79)): {'bw': 34.0}, ((0, 3), (np.int64(0), 43)): {'bw': 33.0}, ((0, 3), (43, 11)): {'bw': 33.0}, ((0, 3), (11, np.int64(79))): {'bw': 33.0}, ((1, 5), (np.int64(1), 76)): {'bw': 19.0}, ((1, 5), (76, 16)): {'bw': 19.0}, ((1, 5), (16, np.int64(43))): {'bw': 19.0}, ((2, 6), (np.int64(68), 41)): {'bw': 18.0}, ((2, 6), (41, np.int64(38))): {'bw': 18.0}, ((5, 6), (np.int64(43), 0)): {'bw': 13.0}, ((5, 6), (0, np.int64(38))): {'bw': 13.0}, ((0, 5), (np.int64(0), 50)): {'bw': 12.0}, ((0, 5), (50, np.int64(43))): {'bw': 12.0}, ((3, 4), (np.int64(79), 69)): {'bw': 11.0}, ((2, 4), (np.int64(68), 69)): {'bw': 6.0}, ((1, 2), (np.int64(1), 13)): {'bw': 7.0}, ((1, 2), (13, 4)): {'bw': 7.0}, ((1, 2), (4, np.int64(68))): {'bw': 7.0}}",516.0,322.0,322.0,93.0,229.0,93.0,229.0,93.0,423.0,194.0,0.624031007751938,117367.25862762447,73240.80867847883,141.93955170247835,Success,0.0,"{'node_level': {}, 'link_level': {}, 'path_level': {}}","{'node_level': {6: {'cpu': -42}, 3: {'cpu': -67}, 5: {'cpu': -35}, 1: {'cpu': -19}, 2: {'cpu': -43}, 4: {'cpu': -73}, 0: {'cpu': -81}}, 'link_level': {}, 'path_level': {}}","{'node_level': {6: {'cpu': 0}, 3: {'cpu': 0}, 5: {'cpu': 0}, 1: {'cpu': 0}, 2: {'cpu': 0}, 4: {'cpu': 0}, 0: {'cpu': 0}}, 'link_level': {}, 'path_level': {}}",[],0.0,0.0,True,True,False,0,[],0,0.0,"OrderedDict([((0, 6), 0), ((0, 1), 0), ((2, 3), 0), ((0, 3), 0), ((1, 5), 0), ((2, 6), 0), ((5, 6), 0), ((0, 5), 0), ((3, 4), 0), ((2, 4), 0), ((1, 2), 0)])",1.0,0.0,7.0,11.0
85,63,22,14400.0,25745.0,6193654.556617072,10752622.722040921,0.5593319091085648,0.5760133798725409,54,137,0,1073.620251322689,39041.0,6050,32991.0,0.16586240176478695,0.16680977876553182,5,1001.6202513226889,72.0,5,6,False,{},{},{},{},0.0,0.0,0.0,0.0,0.0,0.0,0.0,0.0,0.0,0.0,0.0,0.0,0.0,0.0,Leave Event,0.0,"{'node_level': {}, 'link_level': {}, 'path_level': {}}","{'node_level': {}, 'link_level': {}, 'path_level': {}}","{'node_level': {}, 'link_level': {}, 'path_level': {}}",[],0.0,0.0,True,True,False,0,[],0,0.0,,,,,
86,64,23,14417.0,25763.0,6193797.082665007,10752773.631974028,0.559600978146955,0.5760185506228247,54,138,1,1078.0,39023.0,6034,32989.0,0.16806838549565695,0.16686028891807259,85,8.383885172651535,1078.0,2,1,True,"{0: np.int64(60), 1: np.int64(38)}","{(0, 1): [(np.int64(60), 40), (40, np.int64(38))]}","{(0, np.int64(60)): {'cpu': 13}, (1, np.int64(38)): {'cpu': 3}}","{((0, 1), (np.int64(60), 40)): {'bw': 1.0}, ((0, 1), (40, np.int64(38))): {'bw': 1.0}}",18.0,17.0,17.0,16.0,1.0,16.0,1.0,16.0,2.0,1.0,0.9444444444444444,150.90993310772762,142.5260479350761,7.9181137741708945,Success,0.0,"{'node_level': {}, 'link_level': {}, 'path_level': {}}","{'node_level': {0: {'cpu': -37}, 1: {'cpu': -39}}, 'link_level': {}, 'path_level': {}}","{'node_level': {0: {'cpu': 0}, 1: {'cpu': 0}}, 'link_level': {}, 'path_level': {}}",[],0.0,0.0,True,True,False,0,[],0,0.0,"OrderedDict([((0, 1), 0)])",0.0,0.0,2.0,1.0
86,64,22,14417.0,25763.0,6193797.082665007,10752773.631974028,0.559600978146955,0.5760185506228247,54,139,0,1079.9562772838535,39047.0,6046,33001.0,0.16641389769750448,0.16655722800282857,83,25.956277283853577,1054.0,2,1,False,{},{},{},{},0.0,0.0,0.0,0.0,0.0,0.0,0.0,0.0,0.0,0.0,0.0,0.0,0.0,0.0,Leave Event,0.0,"{'node_level': {}, 'link_level': {}, 'path_level': {}}","{'node_level': {}, 'link_level': {}, 'path_level': {}}","{'node_level': {}, 'link_level': {}, 'path_level': {}}",[],0.0,0.0,True,True,False,0,[],0,0.0,,,,,
86,64,21,14417.0,25763.0,6193797.082665007,10752773.631974028,0.559600978146955,0.5760185506228247,54,140,0,1083.1728284851836,39316.0,6110,33206.0,0.1575899627740246,0.16137993736741085,68,217.1728284851835,866.0,6,5,False,{},{},{},{},0.0,0.0,0.0,0.0,0.0,0.0,0.0,0.0,0.0,0.0,0.0,0.0,0.0,0.0,Leave Event,0.0,"{'node_level': {}, 'link_level': {}, 'path_level': {}}","{'node_level': {}, 'link_level': {}, 'path_level': {}}","{'node_level': {}, 'link_level': {}, 'path_level': {}}",[],0.0,0.0,True,True,False,0,[],0,0.0,,,,,
86,64,21,14417.0,25763.0,6193797.082665007,10752773.631974028,0.559600978146955,0.5760185506228247,54,141,0,1084.6638271383595,39316.0,6110,33206.0,0.1575899627740246,0.16137993736741085,12,923.6638271383595,161.0,10,24,False,{},{},{},{},0.0,0.0,0.0,0.0,0.0,0.0,0.0,0.0,0.0,0.0,0.0,0.0,0.0,0.0,Leave Event,0.0,"{'node_level': {}, 'link_level': {}, 'path_level': {}}","{'node_level': {}, 'link_level': {}, 'path_level': {}}","{'node_level': {}, 'link_level': {}, 'path_level': {}}",[],0.0,0.0,True,True,False,0,[],0,0.0,,,,,
87,65,22,14526.0,25993.0,6208094.029575368,10782941.501601396,0.5588427653599046,0.5757328859340832,54,142,1,1085.0,39086.0,6095,32991.0,0.15965807252171516,0.16680977876553182,86,131.1646505537754,1085.0,3,3,True,"{2: np.int64(4), 1: np.int64(1), 0: np.int64(72)}","{(0, 2): [(np.int64(72), 26), (26, 71), (71, np.int64(4))], (1, 2): [(np.int64(1), 79), (79, np.int64(4))], (0, 1): [(np.int64(72), 1)]}","{(2, np.int64(4)): {'cpu': 9}, (1, np.int64(1)): {'cpu': 5, 'nic_slots': 1}, (0, np.int64(72)): {'cpu': 1, 'nic_slots': 1}}","{((0, 2), (np.int64(72), 26)): {'bw': 46.0}, ((0, 2), (26, 71)): {'bw': 46.0}, ((0, 2), (71, np.int64(4))): {'bw': 46.0}, ((1, 2), (np.int64(1), 79)): {'bw': 29.0}, ((1, 2), (79, np.int64(4))): {'bw': 29.0}, ((0, 1), (np.int64(72), 1)): {'bw': 19.0}}",230.0,109.0,109.0,15.0,94.0,15.0,94.0,15.0,215.0,121.0,0.47391304347826085,30167.86962736834,14296.94691036152,62.160638740702254,Success,0.0,"{'node_level': {}, 'link_level': {}, 'path_level': {}}","{'node_level': {2: {'cpu': -27}, 1: {'cpu': -28}, 0: {'cpu': -63}}, 'link_level': {}, 'path_level': {}}","{'node_level': {2: {'cpu': 0}, 1: {'cpu': 0}, 0: {'cpu': 0}}, 'link_level': {}, 'path_level': {}}",[],0.0,0.0,True,True,False,0,[],0,0.0,"OrderedDict([((0, 2), 0), ((1, 2), 0), ((0, 1), 1)])",1.0,1.0,3.0,3.0
87,65,21,14526.0,25993.0,6208094.029575368,10782941.501601396,0.5588427653599046,0.5757328859340832,54,143,0,1086.3838851726516,39104.0,6111,32993.0,0.15745208879084516,0.16675926861299117,85,8.383885172651535,1078.0,2,1,False,{},{},{},{},0.0,0.0,0.0,0.0,0.0,0.0,0.0,0.0,0.0,0.0,0.0,0.0,0.0,0.0,Leave Event,0.0,"{'node_level': {}, 'link_level': {}, 'path_level': {}}","{'node_level': {}, 'link_level': {}, 'path_level': {}}","{'node_level': {}, 'link_level': {}, 'path_level': {}}",[],0.0,0.0,True,True,False,0,[],0,0.0,,,,,
87,65,20,14526.0,25993.0,6208094.029575368,10782941.501601396,0.5588427653599046,0.5757328859340832,54,144,0,1092.1185821927488,39131.0,6136,32995.0,0.15400523921136078,0.16670875846045052,1,1062.1185821927488,30.0,2,1,False,{},{},{},{},0.0,0.0,0.0,0.0,0.0,0.0,0.0,0.0,0.0,0.0,0.0,0.0,0.0,0.0,Leave Event,0.0,"{'node_level': {}, 'link_level': {}, 'path_level': {}}","{'node_level': {}, 'link_level': {}, 'path_level': {}}","{'node_level': {}, 'link_level': {}, 'path_level': {}}",[],0.0,0.0,True,True,False,0,[],0,0.0,,,,,
88,66,21,14707.0,26284.0,6339119.394400395,10993595.541181965,0.55954192664739,0.5766193026343456,55,145,1,1097.0,38840.0,6078,32762.0,0.16200193023576448,0.17259319123143757,87,723.8970432321961,1097.0,4,4,True,"{3: np.int64(18), 1: np.int64(38), 0: np.int64(30), 2: np.int64(45)}","{(1, 3): [(np.int64(38), 2), (2, np.int64(18))], (0, 1): [(np.int64(30), 40), (40, np.int64(38))], (0, 3): [(np.int64(30), 37), (37, np.int64(18))], (1, 2): [(np.int64(38), 45)]}","{(3, np.int64(18)): {'cpu': 20}, (1, np.int64(38)): {'cpu': 16}, (0, np.int64(30)): {'cpu': 16}, (2, np.int64(45)): {'cpu': 6}}","{((1, 3), (np.int64(38), 2)): {'bw': 45.0}, ((1, 3), (2, np.int64(18))): {'bw': 45.0}, ((0, 1), (np.int64(30), 40)): {'bw': 35.0}, ((0, 1), (40, np.int64(38))): {'bw': 35.0}, ((0, 3), (np.int64(30), 37)): {'bw': 30.0}, ((0, 3), (37, np.int64(18))): {'bw': 30.0}, ((1, 2), (np.int64(38), 45)): {'bw': 13.0}}",291.0,181.0,181.0,58.0,123.0,58.0,123.0,58.0,233.0,110.0,0.6219931271477663,210654.03958056908,131025.3648250275,450.25898565301543,Success,0.0,"{'node_level': {}, 'link_level': {}, 'path_level': {}}","{'node_level': {3: {'cpu': -9}, 1: {'cpu': -26}, 0: {'cpu': -15}, 2: {'cpu': -53}}, 'link_level': {}, 'path_level': {}}","{'node_level': {3: {'cpu': 0}, 1: {'cpu': 0}, 0: {'cpu': 0}, 2: {'cpu': 0}}, 'link_level': {}, 'path_level': {}}",[],0.0,0.0,True,True,False,0,[],0,0.0,"OrderedDict([((1, 3), 0), ((0, 1), 0), ((0, 3), 0), ((1, 2), 0)])",0.0,0.0,4.0,4.0
88,66,21,14707.0,26284.0,6339119.394400395,10993595.541181965,0.55954192664739,0.5766193026343456,55,146,0,1108.6412263936854,38840.0,6078,32762.0,0.16200193023576448,0.17259319123143757,14,920.6412263936853,188.0,8,14,False,{},{},{},{},0.0,0.0,0.0,0.0,0.0,0.0,0.0,0.0,0.0,0.0,0.0,0.0,0.0,0.0,Leave Event,0.0,"{'node_level': {}, 'link_level': {}, 'path_level': {}}","{'node_level': {}, 'link_level': {}, 'path_level': {}}","{'node_level': {}, 'link_level': {}, 'path_level': {}}",[],0.0,0.0,True,True,False,0,[],0,0.0,,,,,
89,67,22,14945.0,26615.0,6682388.190103794,11470998.782265265,0.5615254555701672,0.5825463254721202,55,147,1,1112.0,38509.0,6018,32491.0,0.17027436922652694,0.17943731690069709,88,1442.305864299997,1112.0,6,6,True,"{1: np.int64(60), 0: np.int64(1), 2: np.int64(36), 3: np.int64(80), 5: np.int64(64), 4: np.int64(52)}","{(0, 5): [(np.int64(1), 64)], (0, 2): [(np.int64(1), 36)], (1, 3): [(np.int64(60), 80)], (2, 5): [(np.int64(36), 11), (11, 29), (29, np.int64(64))], (0, 1): [(np.int64(1), 77), (77, 3), (3, np.int64(60))], (4, 5): [(np.int64(52), 72), (72, np.int64(64))]}","{(1, np.int64(60)): {'cpu': 17}, (0, np.int64(1)): {'cpu': 8}, (2, np.int64(36)): {'cpu': 7}, (3, np.int64(80)): {'cpu': 9}, (5, np.int64(64)): {'cpu': 3}, (4, np.int64(52)): {'cpu': 16}}","{((0, 5), (np.int64(1), 64)): {'bw': 43.0}, ((0, 2), (np.int64(1), 36)): {'bw': 42.0}, ((1, 3), (np.int64(60), 80)): {'bw': 41.0}, ((2, 5), (np.int64(36), 11)): {'bw': 30.0}, ((2, 5), (11, 29)): {'bw': 30.0}, ((2, 5), (29, np.int64(64))): {'bw': 30.0}, ((0, 1), (np.int64(1), 77)): {'bw': 11.0}, ((0, 1), (77, 3)): {'bw': 11.0}, ((0, 1), (3, np.int64(60))): {'bw': 11.0}, ((4, 5), (np.int64(52), 72)): {'bw': 11.0}, ((4, 5), (72, np.int64(64))): {'bw': 11.0}}",331.0,238.0,238.0,60.0,178.0,60.0,178.0,60.0,271.0,93.0,0.7190332326283988,477403.241083299,343268.7957033993,1037.0658480465236,Success,0.0,"{'node_level': {}, 'link_level': {}, 'path_level': {}}","{'node_level': {1: {'cpu': -33}, 0: {'cpu': -30}, 2: {'cpu': -44}, 3: {'cpu': -34}, 5: {'cpu': -59}, 4: {'cpu': -61}}, 'link_level': {}, 'path_level': {}}","{'node_level': {1: {'cpu': 0}, 0: {'cpu': 0}, 2: {'cpu': 0}, 3: {'cpu': 0}, 5: {'cpu': 0}, 4: {'cpu': 0}}, 'link_level': {}, 'path_level': {}}",[],0.0,0.0,True,True,False,0,[],0,0.0,"OrderedDict([((0, 5), 0), ((0, 2), 0), ((1, 3), 0), ((2, 5), 0), ((0, 1), 0), ((4, 5), 0)])",0.0,0.0,6.0,6.0
89,67,21,14945.0,26615.0,6682388.190103794,11470998.782265265,0.5615254555701672,0.5825463254721202,55,148,0,1117.275997393307,38637.0,6046,32591.0,0.16641389769750448,0.176911809273664,56,401.275997393307,716.0,3,2,False,{},{},{},{},0.0,0.0,0.0,0.0,0.0,0.0,0.0,0.0,0.0,0.0,0.0,0.0,0.0,0.0,Leave Event,0.0,"{'node_level': {}, 'link_level': {}, 'path_level': {}}","{'node_level': {}, 'link_level': {}, 'path_level': {}}","{'node_level': {}, 'link_level': {}, 'path_level': {}}",[],0.0,0.0,True,True,False,0,[],0,0.0,,,,,
90,68,22,15044.0,26776.0,6751009.612235933,11582595.236439751,0.5618464296384822,0.5828581137840964,55,149,1,1119.0,38476.0,6009,32467.0,0.17151523507514133,0.180043438731185,89,693.1456781024035,1119.0,4,3,True,"{2: np.int64(3), 3: np.int64(13), 1: np.int64(20), 0: np.int64(78)}","{(2, 3): [(np.int64(3), 41), (41, np.int64(13))], (1, 2): [(np.int64(20), 93), (93, np.int64(3))], (0, 3): [(np.int64(78), 46), (46, np.int64(13))]}","{(2, np.int64(3)): {'cpu': 13}, (3, np.int64(13)): {'cpu': 9}, (1, np.int64(20)): {'cpu': 1}, (0, np.int64(78)): {'cpu': 14}}","{((2, 3), (np.int64(3), 41)): {'bw': 32.0}, ((2, 3), (41, np.int64(13))): {'bw': 32.0}, ((1, 2), (np.int64(20), 93)): {'bw': 29.0}, ((1, 2), (93, np.int64(3))): {'bw': 29.0}, ((0, 3), (np.int64(78), 46)): {'bw': 1.0}, ((0, 3), (46, np.int64(13))): {'bw': 1.0}}",161.0,99.0,99.0,37.0,62.0,37.0,62.0,37.0,124.0,62.0,0.6149068322981367,111596.45417448696,68621.42213213794,426.22001324309286,Success,0.0,"{'node_level': {}, 'link_level': {}, 'path_level': {}}","{'node_level': {2: {'cpu': -40}, 3: {'cpu': -39}, 1: {'cpu': -90}, 0: {'cpu': -27}}, 'link_level': {}, 'path_level': {}}","{'node_level': {2: {'cpu': 0}, 3: {'cpu': 0}, 1: {'cpu': 0}, 0: {'cpu': 0}}, 'link_level': {}, 'path_level': {}}",[],0.0,0.0,True,True,False,0,[],0,0.0,"OrderedDict([((2, 3), 0), ((1, 2), 0), ((0, 3), 0)])",0.0,0.0,4.0,3.0
91,69,23,15078.0,26834.0,6758058.025549055,11594619.000326842,0.56189908325259,0.582861586513412,55,150,1,1130.0,38418.0,5983,32435.0,0.17509995863780503,0.18085160117183552,90,207.30627391535805,1130.0,2,1,True,"{0: np.int64(10), 1: np.int64(18)}","{(0, 1): [(np.int64(10), 3), (3, 41), (41, 46), (46, np.int64(18))]}","{(0, np.int64(10)): {'cpu': 16}, (1, np.int64(18)): {'cpu': 10}}","{((0, 1), (np.int64(10), 3)): {'bw': 8.0}, ((0, 1), (3, 41)): {'bw': 8.0}, ((0, 1), (41, 46)): {'bw': 8.0}, ((0, 1), (46, np.int64(18))): {'bw': 8.0}}",58.0,34.0,34.0,26.0,8.0,26.0,8.0,26.0,32.0,24.0,0.5862068965517241,12023.763887090767,7048.413313122173,121.52436746762368,Success,0.0,"{'node_level': {}, 'link_level': {}, 'path_level': {}}","{'node_level': {0: {'cpu': -51}, 1: {'cpu': -7}}, 'link_level': {}, 'path_level': {}}","{'node_level': {0: {'cpu': 0}, 1: {'cpu': 0}}, 'link_level': {}, 'path_level': {}}",[],0.0,0.0,True,True,False,0,[],0,0.0,"OrderedDict([((0, 1), 0)])",0.0,0.0,2.0,1.0
91,69,23,15078.0,26834.0,6758058.025549055,11594619.000326842,0.56189908325259,0.582861586513412,55,151,0,1136.0367475186629,38418.0,5983,32435.0,0.17509995863780503,0.18085160117183552,66,297.0367475186629,839.0,6,10,False,{},{},{},{},0.0,0.0,0.0,0.0,0.0,0.0,0.0,0.0,0.0,0.0,0.0,0.0,0.0,0.0,Leave Event,0.0,"{'node_level': {}, 'link_level': {}, 'path_level': {}}","{'node_level': {}, 'link_level': {}, 'path_level': {}}","{'node_level': {}, 'link_level': {}, 'path_level': {}}",[],0.0,0.0,True,True,False,0,[],0,0.0,,,,,
92,70,24,15361.0,27233.0,6853211.18724423,11728774.871409439,0.5640583116072412,0.5843075054624767,55,152,1,1147.0,38019.0,5922,32097.0,0.18351027161174682,0.1893878169512072,91,336.2302533398408,1147.0,5,6,True,"{0: np.int64(59), 4: np.int64(91), 2: np.int64(5), 3: np.int64(54), 1: np.int64(83)}","{(0, 3): [(np.int64(59), 60), (60, np.int64(54))], (0, 1): [(np.int64(59), 83)], (2, 4): [(np.int64(5), 19), (19, np.int64(91))], (3, 4): [(np.int64(54), 91)], (0, 4): [(np.int64(59), 77), (77, np.int64(91))], (2, 3): [(np.int64(5), 54)]}","{(0, np.int64(59)): {'cpu': 13}, (4, np.int64(91)): {'cpu': 10}, (2, np.int64(5)): {'cpu': 15}, (3, np.int64(54)): {'cpu': 8}, (1, np.int64(83)): {'cpu': 15}}","{((0, 3), (np.int64(59), 60)): {'bw': 46.0}, ((0, 3), (60, np.int64(54))): {'bw': 46.0}, ((0, 1), (np.int64(59), 83)): {'bw': 40.0}, ((2, 4), (np.int64(5), 19)): {'bw': 36.0}, ((2, 4), (19, np.int64(91))): {'bw': 36.0}, ((3, 4), (np.int64(54), 91)): {'bw': 35.0}, ((0, 4), (np.int64(59), 77)): {'bw': 34.0}, ((0, 4), (77, np.int64(91))): {'bw': 34.0}, ((2, 3), (np.int64(5), 54)): {'bw': 31.0}}",399.0,283.0,283.0,61.0,222.0,61.0,222.0,61.0,338.0,116.0,0.7092731829573935,134155.87108259648,95153.16169517495,238.47910199291965,Success,0.0,"{'node_level': {}, 'link_level': {}, 'path_level': {}}","{'node_level': {0: {'cpu': -62}, 4: {'cpu': -35}, 2: {'cpu': -27}, 3: {'cpu': -73}, 1: {'cpu': -34}}, 'link_level': {}, 'path_level': {}}","{'node_level': {0: {'cpu': 0}, 4: {'cpu': 0}, 2: {'cpu': 0}, 3: {'cpu': 0}, 1: {'cpu': 0}}, 'link_level': {}, 'path_level': {}}",[],0.0,0.0,True,True,False,0,[],0,0.0,"OrderedDict([((0, 3), 0), ((0, 1), 0), ((2, 4), 0), ((3, 4), 0), ((0, 4), 0), ((2, 3), 0)])",0.0,0.0,5.0,6.0
92,70,24,15361.0,27233.0,6853211.18724423,11728774.871409439,0.5640583116072412,0.5843075054624767,55,153,0,1151.4092813015957,38019.0,5922,32097.0,0.18351027161174682,0.1893878169512072,34,728.4092813015957,423.0,9,23,False,{},{},{},{},0.0,0.0,0.0,0.0,0.0,0.0,0.0,0.0,0.0,0.0,0.0,0.0,0.0,0.0,Leave Event,0.0,"{'node_level': {}, 'link_level': {}, 'path_level': {}}","{'node_level': {}, 'link_level': {}, 'path_level': {}}","{'node_level': {}, 'link_level': {}, 'path_level': {}}",[],0.0,0.0,True,True,False,0,[],0,0.0,,,,,
93,71,25,15480.0,27419.0,6877842.933172592,11767274.911263853,0.564572012108392,0.5844890159393653,56,154,1,1161.0,37833.0,5875,31958.0,0.1899903488211775,0.19289827255278313,92,206.9894615828749,1161.0,4,3,True,"{0: np.int64(72), 1: np.int64(34), 3: np.int64(81), 2: np.int64(57)}","{(0, 2): [(np.int64(72), 45), (45, np.int64(57))], (1, 3): [(np.int64(34), 80), (80, np.int64(81))], (1, 2): [(np.int64(34), 57)]}","{(0, np.int64(72)): {'cpu': 12, 'nic_slots': 1}, (1, np.int64(34)): {'cpu': 15, 'nic_slots': 2}, (3, np.int64(81)): {'cpu': 17, 'nic_slots': 1}, (2, np.int64(57)): {'cpu': 3, 'nic_slots': 2}}","{((0, 2), (np.int64(72), 45)): {'bw': 44.0}, ((0, 2), (45, np.int64(57))): {'bw': 44.0}, ((1, 3), (np.int64(34), 80)): {'bw': 23.0}, ((1, 3), (80, np.int64(81))): {'bw': 23.0}, ((1, 2), (np.int64(34), 57)): {'bw': 5.0}}",186.0,119.0,119.0,47.0,72.0,47.0,72.0,47.0,139.0,67.0,0.6397849462365591,38500.03985441473,24631.745928362114,132.42874155033394,Success,0.0,"{'node_level': {}, 'link_level': {}, 'path_level': {}}","{'node_level': {0: {'cpu': -51}, 1: {'cpu': -38}, 3: {'cpu': -70}, 2: {'cpu': -83}}, 'link_level': {}, 'path_level': {}}","{'node_level': {0: {'cpu': 0}, 1: {'cpu': 0}, 3: {'cpu': 0}, 2: {'cpu': 0}}, 'link_level': {}, 'path_level': {}}",[],0.0,0.0,True,True,False,0,[],0,0.0,"OrderedDict([((0, 2), 1), ((1, 3), 1), ((1, 2), 1)])",0.0,3.0,4.0,3.0
94,72,26,15550.0,27567.0,6884766.965631663,11781914.294177318,0.5640802408677041,0.5843504539015489,56,155,1,1168.0,37685.0,5844,31841.0,0.19426444229973805,0.1958531164764118,93,98.91474941530419,1168.0,2,1,True,"{1: np.int64(50), 0: np.int64(79)}","{(0, 1): [(np.int64(79), 52), (52, 93), (93, np.int64(50))]}","{(1, np.int64(50)): {'cpu': 17}, (0, np.int64(79)): {'cpu': 14}}","{((0, 1), (np.int64(79), 52)): {'bw': 39.0}, ((0, 1), (52, 93)): {'bw': 39.0}, ((0, 1), (93, np.int64(50))): {'bw': 39.0}}",148.0,70.0,70.0,31.0,39.0,31.0,39.0,31.0,117.0,78.0,0.47297297297297297,14639.382913465019,6924.0324590712935,46.78400310183306,Success,0.0,"{'node_level': {}, 'link_level': {}, 'path_level': {}}","{'node_level': {1: {'cpu': -68}, 0: {'cpu': -54}}, 'link_level': {}, 'path_level': {}}","{'node_level': {1: {'cpu': 0}, 0: {'cpu': 0}}, 'link_level': {}, 'path_level': {}}",[],0.0,0.0,True,True,False,0,[],0,0.0,"OrderedDict([((0, 1), 0)])",0.0,0.0,2.0,1.0
95,73,27,16150.0,28912.0,6941022.6531324405,11908020.793658229,0.5585915882678473,0.5828863396702307,57,156,1,1173.0,36340.0,5762,30578.0,0.2055701089204467,0.227750277805839,94,93.75947916796311,1173.0,9,23,True,"{5: np.int64(32), 7: np.int64(20), 8: np.int64(99), 2: np.int64(33), 3: np.int64(2), 1: np.int64(49), 4: np.int64(68), 6: np.int64(28), 0: np.int64(25)}","{(2, 3): [(np.int64(33), 53), (53, 84), (84, 12), (12, np.int64(2))], (0, 7): [(np.int64(25), 95), (95, 26), (26, 28), (28, np.int64(20))], (4, 5): [(np.int64(68), 24), (24, np.int64(32))], (5, 7): [(np.int64(32), 31), (31, 71), (71, 78), (78, np.int64(20))], (4, 7): [(np.int64(68), 78), (78, np.int64(20))], (3, 8): [(np.int64(2), 99)], (5, 8): [(np.int64(32), 99)], (5, 6): [(np.int64(32), 49), (49, 76), (76, np.int64(28))], (3, 4): [(np.int64(2), 24), (24, np.int64(68))], (3, 7): [(np.int64(2), 72), (72, np.int64(20))], (6, 8): [(np.int64(28), 8), (8, 2), (2, np.int64(99))], (1, 2): [(np.int64(49), 33)], (2, 6): [(np.int64(33), 46), (46, 39), (39, 8), (8, np.int64(28))], (0, 5): [(np.int64(25), 32)], (2, 7): [(np.int64(33), 66), (66, np.int64(20))], (0, 8): [(np.int64(25), 32), (32, np.int64(99))], (2, 4): [(np.int64(33), 79), (79, 68)], (1, 6): [(np.int64(49), 76), (76, np.int64(28))], (0, 2): [(np.int64(25), 33)], (2, 5): [(np.int64(33), 49), (49, np.int64(32))], (0, 1): [(np.int64(25), 33), (33, np.int64(49))], (0, 3): [(np.int64(25), 11), (11, 38), (38, np.int64(2))], (4, 6): [(np.int64(68), 28)]}","{(5, np.int64(32)): {'cpu': 20, 'nic_slots': 1}, (7, np.int64(20)): {'cpu': 18}, (8, np.int64(99)): {'cpu': 13, 'nic_slots': 1}, (2, np.int64(33)): {'cpu': 5}, (3, np.int64(2)): {'cpu': 4}, (1, np.int64(49)): {'cpu': 14}, (4, np.int64(68)): {'cpu': 4}, (6, np.int64(28)): {'cpu': 3}, (0, np.int64(25)): {'cpu': 1}}","{((2, 3), (np.int64(33), 53)): {'bw': 45.0}, ((2, 3), (53, 84)): {'bw': 45.0}, ((2, 3), (84, 12)): {'bw': 45.0}, ((2, 3), (12, np.int64(2))): {'bw': 45.0}, ((0, 7), (np.int64(25), 95)): {'bw': 42.0}, ((0, 7), (95, 26)): {'bw': 42.0}, ((0, 7), (26, 28)): {'bw': 42.0}, ((0, 7), (28, np.int64(20))): {'bw': 42.0}, ((4, 5), (np.int64(68), 24)): {'bw': 42.0}, ((4, 5), (24, np.int64(32))): {'bw': 42.0}, ((5, 7), (np.int64(32), 31)): {'bw': 41.0}, ((5, 7), (31, 71)): {'bw': 41.0}, ((5, 7), (71, 78)): {'bw': 41.0}, ((5, 7), (78, np.int64(20))): {'bw': 41.0}, ((4, 7), (np.int64(68), 78)): {'bw': 39.0}, ((4, 7), (78, np.int64(20))): {'bw': 39.0}, ((3, 8), (np.int64(2), 99)): {'bw': 41.0}, ((5, 8), (np.int64(32), 99)): {'bw': 37.0}, ((5, 6), (np.int64(32), 49)): {'bw': 28.0}, ((5, 6), (49, 76)): {'bw': 28.0}, ((5, 6), (76, np.int64(28))): {'bw': 28.0}, ((3, 4), (np.int64(2), 24)): {'bw': 26.0}, ((3, 4), (24, np.int64(68))): {'bw': 26.0}, ((3, 7), (np.int64(2), 72)): {'bw': 27.0}, ((3, 7), (72, np.int64(20))): {'bw': 27.0}, ((6, 8), (np.int64(28), 8)): {'bw': 22.0}, ((6, 8), (8, 2)): {'bw': 22.0}, ((6, 8), (2, np.int64(99))): {'bw': 22.0}, ((1, 2), (np.int64(49), 33)): {'bw': 23.0}, ((2, 6), (np.int64(33), 46)): {'bw': 23.0}, ((2, 6), (46, 39)): {'bw': 23.0}, ((2, 6), (39, 8)): {'bw': 23.0}, ((2, 6), (8, np.int64(28))): {'bw': 23.0}, ((0, 5), (np.int64(25), 32)): {'bw': 16.0}, ((2, 7), (np.int64(33), 66)): {'bw': 13.0}, ((2, 7), (66, np.int64(20))): {'bw': 13.0}, ((0, 8), (np.int64(25), 32)): {'bw': 9.0}, ((0, 8), (32, np.int64(99))): {'bw': 9.0}, ((2, 4), (np.int64(33), 79)): {'bw': 13.0}, ((2, 4), (79, 68)): {'bw': 13.0}, ((1, 6), (np.int64(49), 76)): {'bw': 11.0}, ((1, 6), (76, np.int64(28))): {'bw': 11.0}, ((0, 2), (np.int64(25), 33)): {'bw': 9.0}, ((2, 5), (np.int64(33), 49)): {'bw': 4.0}, ((2, 5), (49, np.int64(32))): {'bw': 4.0}, ((0, 1), (np.int64(25), 33)): {'bw': 4.0}, ((0, 1), (33, np.int64(49))): {'bw': 4.0}, ((0, 3), (np.int64(25), 11)): {'bw': 2.0}, ((0, 3), (11, 38)): {'bw': 2.0}, ((0, 3), (38, np.int64(2))): {'bw': 2.0}, ((4, 6), (np.int64(68), 28)): {'bw': 1.0}}",1345.0,600.0,600.0,82.0,518.0,82.0,518.0,82.0,1263.0,745.0,0.44609665427509293,126106.49948091038,56255.687500777865,41.825789963403615,Success,0.0,"{'node_level': {}, 'link_level': {}, 'path_level': {}}","{'node_level': {5: {'cpu': -28}, 7: {'cpu': -72}, 8: {'cpu': -58}, 2: {'cpu': -40}, 3: {'cpu': -37}, 1: {'cpu': -39}, 4: {'cpu': -39}, 6: {'cpu': -43}, 0: {'cpu': -30}}, 'link_level': {}, 'path_level': {}}","{'node_level': {5: {'cpu': 0}, 7: {'cpu': 0}, 8: {'cpu': 0}, 2: {'cpu': 0}, 3: {'cpu': 0}, 1: {'cpu': 0}, 4: {'cpu': 0}, 6: {'cpu': 0}, 0: {'cpu': 0}}, 'link_level': {}, 'path_level': {}}",[],0.0,0.0,True,True,False,0,[],0,0.0,"OrderedDict([((2, 3), 0), ((0, 7), 0), ((4, 5), 0), ((5, 7), 0), ((4, 7), 0), ((3, 8), 0), ((5, 8), 1), ((5, 6), 0), ((3, 4), 0), ((3, 7), 0), ((6, 8), 0), ((1, 2), 0), ((2, 6), 0), ((0, 5), 0), ((2, 7), 0), ((0, 8), 0), ((2, 4), 0), ((1, 6), 0), ((0, 2), 0), ((2, 5), 0), ((0, 1), 0), ((0, 3), 0), ((4, 6), 0)])",7.0,1.0,9.0,23.0
96,74,28,16458.0,29520.0,7036902.644450318,12097290.386909103,0.557520325203252,0.58169246330279,57,157,1,1186.0,35732.0,5688,30044.0,0.2157727836757204,0.24123648853419533,95,311.29867310999197,1186.0,7,8,True,"{4: np.int64(7), 2: np.int64(43), 5: np.int64(4), 6: np.int64(90), 1: np.int64(98), 0: np.int64(69), 3: np.int64(75)}","{(0, 6): [(np.int64(69), 45), (45, 44), (44, np.int64(90))], (1, 2): [(np.int64(98), 43)], (1, 4): [(np.int64(98), 42), (42, np.int64(7))], (3, 4): [(np.int64(75), 38), (38, np.int64(7))], (5, 6): [(np.int64(4), 6), (6, 51), (51, np.int64(90))], (4, 5): [(np.int64(7), 15), (15, np.int64(4))], (0, 2): [(np.int64(69), 79), (79, 11), (11, np.int64(43))], (3, 5): [(np.int64(75), 6), (6, np.int64(4))]}","{(4, np.int64(7)): {'cpu': 14}, (2, np.int64(43)): {'cpu': 17}, (5, np.int64(4)): {'cpu': 12}, (6, np.int64(90)): {'cpu': 9}, (1, np.int64(98)): {'cpu': 9}, (0, np.int64(69)): {'cpu': 5}, (3, np.int64(75)): {'cpu': 8}}","{((0, 6), (np.int64(69), 45)): {'bw': 48.0}, ((0, 6), (45, 44)): {'bw': 48.0}, ((0, 6), (44, np.int64(90))): {'bw': 48.0}, ((1, 2), (np.int64(98), 43)): {'bw': 33.0}, ((1, 4), (np.int64(98), 42)): {'bw': 33.0}, ((1, 4), (42, np.int64(7))): {'bw': 33.0}, ((3, 4), (np.int64(75), 38)): {'bw': 31.0}, ((3, 4), (38, np.int64(7))): {'bw': 31.0}, ((5, 6), (np.int64(4), 6)): {'bw': 29.0}, ((5, 6), (6, 51)): {'bw': 29.0}, ((5, 6), (51, np.int64(90))): {'bw': 29.0}, ((4, 5), (np.int64(7), 15)): {'bw': 28.0}, ((4, 5), (15, np.int64(4))): {'bw': 28.0}, ((0, 2), (np.int64(69), 79)): {'bw': 22.0}, ((0, 2), (79, 11)): {'bw': 22.0}, ((0, 2), (11, np.int64(43))): {'bw': 22.0}, ((3, 5), (np.int64(75), 6)): {'bw': 10.0}, ((3, 5), (6, np.int64(4))): {'bw': 10.0}}",608.0,308.0,308.0,74.0,234.0,74.0,234.0,74.0,534.0,300.0,0.506578947368421,189269.59325087513,95879.99131787753,157.6973541412459,Success,0.0,"{'node_level': {}, 'link_level': {}, 'path_level': {}}","{'node_level': {4: {'cpu': -22}, 2: {'cpu': -29}, 5: {'cpu': -15}, 6: {'cpu': -58}, 1: {'cpu': -12}, 0: {'cpu': -68}, 3: {'cpu': -54}}, 'link_level': {}, 'path_level': {}}","{'node_level': {4: {'cpu': 0}, 2: {'cpu': 0}, 5: {'cpu': 0}, 6: {'cpu': 0}, 1: {'cpu': 0}, 0: {'cpu': 0}, 3: {'cpu': 0}}, 'link_level': {}, 'path_level': {}}",[],0.0,0.0,True,True,False,0,[],0,0.0,"OrderedDict([((0, 6), 0), ((1, 2), 0), ((1, 4), 0), ((3, 4), 0), ((5, 6), 0), ((4, 5), 0), ((0, 2), 0), ((3, 5), 0)])",4.0,0.0,7.0,8.0
96,74,27,16458.0,29520.0,7036902.644450318,12097290.386909103,0.557520325203252,0.58169246330279,57,158,0,1194.731311046663,36007.0,5727,30280.0,0.21039569833172478,0.23527629053439736,69,316.7313110466631,878.0,6,6,False,{},{},{},{},0.0,0.0,0.0,0.0,0.0,0.0,0.0,0.0,0.0,0.0,0.0,0.0,0.0,0.0,Leave Event,0.0,"{'node_level': {}, 'link_level': {}, 'path_level': {}}","{'node_level': {}, 'link_level': {}, 'path_level': {}}","{'node_level': {}, 'link_level': {}, 'path_level': {}}",[],0.0,0.0,True,True,False,0,[],0,0.0,,,,,
97,75,28,16492.0,29554.0,7072195.171879877,12132582.914338661,0.5580293699668404,0.5829092800611928,57,159,1,1200.0,35973.0,5718,30255.0,0.21163656418033916,0.23590766744115566,96,1038.015512634093,1200.0,2,1,True,"{0: np.int64(1), 1: np.int64(72)}","{(0, 1): [(np.int64(1), 72)]}","{(0, np.int64(1)): {'cpu': 5, 'nic_slots': 1}, (1, np.int64(72)): {'cpu': 4, 'nic_slots': 1}}","{((0, 1), (np.int64(1), 72)): {'bw': 25.0}}",34.0,34.0,34.0,9.0,25.0,9.0,25.0,9.0,25.0,0.0,1.0,35292.527429559166,35292.527429559166,1038.015512634093,Success,0.0,"{'node_level': {}, 'link_level': {}, 'path_level': {}}","{'node_level': {0: {'cpu': -32}, 1: {'cpu': -65}}, 'link_level': {}, 'path_level': {}}","{'node_level': {0: {'cpu': 0}, 1: {'cpu': 0}}, 'link_level': {}, 'path_level': {}}",[],0.0,0.0,True,True,False,0,[],0,0.0,"OrderedDict([((0, 1), 1)])",0.0,1.0,2.0,1.0
97,75,27,16492.0,29554.0,7072195.171879877,12132582.914338661,0.5580293699668404,0.5829092800611928,57,160,0,1206.0384341796394,36296.0,5791,30505.0,0.2015717634082449,0.22959389837357314,65,385.03843417963935,821.0,6,6,False,{},{},{},{},0.0,0.0,0.0,0.0,0.0,0.0,0.0,0.0,0.0,0.0,0.0,0.0,0.0,0.0,Leave Event,0.0,"{'node_level': {}, 'link_level': {}, 'path_level': {}}","{'node_level': {}, 'link_level': {}, 'path_level': {}}","{'node_level': {}, 'link_level': {}, 'path_level': {}}",[],0.0,0.0,True,True,False,0,[],0,0.0,,,,,
98,76,28,16675.0,29866.0,7336130.974154191,12582571.823134214,0.5583271948034554,0.5830390700147676,57,161,1,1216.0,35984.0,5754,30230.0,0.20667310078588175,0.23653904434791395,97,1442.2721435754875,1216.0,4,5,True,"{3: np.int64(60), 0: np.int64(98), 2: np.int64(64), 1: np.int64(91)}","{(0, 3): [(np.int64(98), 60)], (1, 3): [(np.int64(91), 89), (89, np.int64(60))], (2, 3): [(np.int64(64), 34), (34, np.int64(60))], (0, 2): [(np.int64(98), 91), (91, 69), (69, np.int64(64))], (1, 2): [(np.int64(91), 69), (69, np.int64(64))]}","{(3, np.int64(60)): {'cpu': 7}, (0, np.int64(98)): {'cpu': 10}, (2, np.int64(64)): {'cpu': 12}, (1, np.int64(91)): {'cpu': 8}}","{((0, 3), (np.int64(98), 60)): {'bw': 46.0}, ((1, 3), (np.int64(91), 89)): {'bw': 40.0}, ((1, 3), (89, np.int64(60))): {'bw': 40.0}, ((2, 3), (np.int64(64), 34)): {'bw': 28.0}, ((2, 3), (34, np.int64(60))): {'bw': 28.0}, ((0, 2), (np.int64(98), 91)): {'bw': 29.0}, ((0, 2), (91, 69)): {'bw': 29.0}, ((0, 2), (69, np.int64(64))): {'bw': 29.0}, ((1, 2), (np.int64(91), 69)): {'bw': 3.0}, ((1, 2), (69, np.int64(64))): {'bw': 3.0}}",312.0,183.0,183.0,37.0,146.0,37.0,146.0,37.0,275.0,129.0,0.5865384615384616,449988.9087955521,263935.8022743142,845.9480842125456,Success,0.0,"{'node_level': {}, 'link_level': {}, 'path_level': {}}","{'node_level': {3: {'cpu': -44}, 0: {'cpu': -22}, 2: {'cpu': -62}, 1: {'cpu': -36}}, 'link_level': {}, 'path_level': {}}","{'node_level': {3: {'cpu': 0}, 0: {'cpu': 0}, 2: {'cpu': 0}, 1: {'cpu': 0}}, 'link_level': {}, 'path_level': {}}",[],0.0,0.0,True,True,False,0,[],0,0.0,"OrderedDict([((0, 3), 0), ((1, 3), 0), ((2, 3), 0), ((0, 2), 0), ((1, 2), 0)])",0.0,0.0,4.0,5.0
98,76,27,16675.0,29866.0,7336130.974154191,12582571.823134214,0.5583271948034554,0.5830390700147676,57,162,0,1216.1646505537753,36214.0,5769,30445.0,0.20460499103819108,0.23110920294979287,86,131.1646505537754,1085.0,3,3,False,{},{},{},{},0.0,0.0,0.0,0.0,0.0,0.0,0.0,0.0,0.0,0.0,0.0,0.0,0.0,0.0,Leave Event,0.0,"{'node_level': {}, 'link_level': {}, 'path_level': {}}","{'node_level': {}, 'link_level': {}, 'path_level': {}}","{'node_level': {}, 'link_level': {}, 'path_level': {}}",[],0.0,0.0,True,True,False,0,[],0,0.0,,,,,
98,76,26,16675.0,29866.0,7336130.974154191,12582571.823134214,0.5583271948034554,0.5830390700147676,57,163,0,1224.5217545832033,36894.0,5865,31029.0,0.1913690886529712,0.21636023840791996,48,629.5217545832035,595.0,7,9,False,{},{},{},{},0.0,0.0,0.0,0.0,0.0,0.0,0.0,0.0,0.0,0.0,0.0,0.0,0.0,0.0,Leave Event,0.0,"{'node_level': {}, 'link_level': {}, 'path_level': {}}","{'node_level': {}, 'link_level': {}, 'path_level': {}}","{'node_level': {}, 'link_level': {}, 'path_level': {}}",[],0.0,0.0,True,True,False,0,[],0,0.0,,,,,
99,76,26,16675.0,29866.0,7336130.974154191,12582571.823134214,0.5583271948034554,0.5830390700147676,57,164,1,1226.0,36894.0,5865,31029.0,0.1913690886529712,0.21636023840791996,98,468.56935664517397,1226.0,9,20,False,"{5: np.int64(77), 8: np.int64(4), 6: np.int64(18), 4: np.int64(11), 2: np.int64(25), 1: np.int64(38), 3: np.int64(72), 7: np.int64(68), 0: np.int64(1)}","{(1, 4): [(np.int64(38), 11)], (4, 6): [(np.int64(11), 29), (29, np.int64(18))], (5, 8): [(np.int64(77), 17), (17, np.int64(4))], (7, 8): [(np.int64(68), 4)], (1, 3): [(np.int64(38), 8), (8, 2), (2, np.int64(72))], (0, 4): [(np.int64(1), 77), (77, np.int64(11))], (0, 5): [(np.int64(1), 77)], (1, 2): [(np.int64(38), 45), (45, np.int64(25))], (5, 7): [(np.int64(77), 97), (97, np.int64(68))], (2, 7): [(np.int64(25), 41), (41, np.int64(68))], (3, 6): [(np.int64(72), 56), (56, np.int64(18))], (4, 8): [(np.int64(11), 79), (79, np.int64(4))], (0, 3): [(np.int64(1), 72)], (2, 5): [(np.int64(25), 91), (91, np.int64(77))]}","{(5, np.int64(77)): {'cpu': 18, 'nic_slots': 1}, (8, np.int64(4)): {'cpu': 17, 'nic_slots': 1}, (6, np.int64(18)): {'cpu': 18}, (4, np.int64(11)): {'cpu': 9}, (2, np.int64(25)): {'cpu': 11}, (1, np.int64(38)): {'cpu': 8}, (3, np.int64(72)): {'cpu': 9, 'nic_slots': 1}, (7, np.int64(68)): {'cpu': 6, 'nic_slots': 1}, (0, np.int64(1)): {'cpu': 4, 'nic_slots': 2}}","{((1, 4), (np.int64(38), 11)): {'bw': 48.0}, ((4, 6), (np.int64(11), 29)): {'bw': 46.0}, ((4, 6), (29, np.int64(18))): {'bw': 46.0}, ((5, 8), (np.int64(77), 17)): {'bw': 48.0}, ((5, 8), (17, np.int64(4))): {'bw': 48.0}, ((7, 8), (np.int64(68), 4)): {'bw': 39.0}, ((1, 3), (np.int64(38), 8)): {'bw': 33.0}, ((1, 3), (8, 2)): {'bw': 33.0}, ((1, 3), (2, np.int64(72))): {'bw': 33.0}, ((0, 4), (np.int64(1), 77)): {'bw': 36.0}, ((0, 4), (77, np.int64(11))): {'bw': 36.0}, ((0, 5), (np.int64(1), 77)): {'bw': 36.0}, ((1, 2), (np.int64(38), 45)): {'bw': 28.0}, ((1, 2), (45, np.int64(25))): {'bw': 28.0}, ((5, 7), (np.int64(77), 97)): {'bw': 30.0}, ((5, 7), (97, np.int64(68))): {'bw': 30.0}, ((2, 7), (np.int64(25), 41)): {'bw': 25.0}, ((2, 7), (41, np.int64(68))): {'bw': 25.0}, ((3, 6), (np.int64(72), 56)): {'bw': 25.0}, ((3, 6), (56, np.int64(18))): {'bw': 25.0}, ((4, 8), (np.int64(11), 79)): {'bw': 24.0}, ((4, 8), (79, np.int64(4))): {'bw': 24.0}, ((0, 3), (np.int64(1), 72)): {'bw': 23.0}, ((2, 5), (np.int64(25), 91)): {'bw': 19.0}, ((2, 5), (91, np.int64(77))): {'bw': 19.0}}",0.0,0.0,604.0,100.0,504.0,0.0,0.0,0.0,0.0,0.0,0.0,0.0,0.0,0.0,Route Failure,0.0,"{'node_level': {}, 'link_level': {}, 'path_level': {}}","{'node_level': {5: {'cpu': -18}, 8: {'cpu': -24}, 6: {'cpu': -8}, 4: {'cpu': -64}, 2: {'cpu': -32}, 1: {'cpu': -37}, 3: {'cpu': -57}, 7: {'cpu': -33}, 0: {'cpu': -33}}, 'link_level': {}, 'path_level': {}}","{'node_level': {5: {'cpu': 0}, 8: {'cpu': 0}, 6: {'cpu': 0}, 4: {'cpu': 0}, 2: {'cpu': 0}, 1: {'cpu': 0}, 3: {'cpu': 0}, 7: {'cpu': 0}, 0: {'cpu': 0}}, 'link_level': {}, 'path_level': {}}",[],0.0,0.0,True,False,False,0,[],0,0.0,"OrderedDict([((1, 4), 0), ((4, 6), 0), ((5, 8), 0), ((7, 8), 1), ((1, 3), 0), ((0, 4), 0), ((0, 5), 1), ((1, 2), 0), ((5, 7), 0), ((2, 7), 0), ((3, 6), 0), ((4, 8), 0), ((0, 3), 1), ((2, 5), 0)])",2.0,3.0,9.0,14.0
100,77,27,16868.0,30227.0,7423749.501232332,12746459.327150838,0.5580441327290171,0.5824165998332754,57,165,1,1240.0,36533.0,5809,30724.0,0.19909003171101614,0.22406303667037075,99,453.98200558622,1240.0,4,5,True,"{0: np.int64(77), 1: np.int64(18), 2: np.int64(4), 3: np.int64(25)}","{(0, 1): [(np.int64(77), 18)], (0, 2): [(np.int64(77), 97), (97, 68), (68, np.int64(4))], (0, 3): [(np.int64(77), 11), (11, np.int64(25))], (1, 2): [(np.int64(18), 29), (29, 68), (68, np.int64(4))], (2, 3): [(np.int64(4), 79), (79, 11), (11, np.int64(25))]}","{(0, np.int64(77)): {'cpu': 20}, (1, np.int64(18)): {'cpu': 17}, (2, np.int64(4)): {'cpu': 9}, (3, np.int64(25)): {'cpu': 10}}","{((0, 1), (np.int64(77), 18)): {'bw': 40.0}, ((0, 2), (np.int64(77), 97)): {'bw': 32.0}, ((0, 2), (97, 68)): {'bw': 32.0}, ((0, 2), (68, np.int64(4))): {'bw': 32.0}, ((0, 3), (np.int64(77), 11)): {'bw': 26.0}, ((0, 3), (11, np.int64(25))): {'bw': 26.0}, ((1, 2), (np.int64(18), 29)): {'bw': 19.0}, ((1, 2), (29, 68)): {'bw': 19.0}, ((1, 2), (68, np.int64(4))): {'bw': 19.0}, ((2, 3), (np.int64(4), 79)): {'bw': 20.0}, ((2, 3), (79, 11)): {'bw': 20.0}, ((2, 3), (11, np.int64(25))): {'bw': 20.0}}",361.0,193.0,193.0,56.0,137.0,56.0,137.0,56.0,305.0,168.0,0.5346260387811634,163887.50401662543,87618.52707814045,242.7106013244888,Success,0.0,"{'node_level': {}, 'link_level': {}, 'path_level': {}}","{'node_level': {0: {'cpu': -16}, 1: {'cpu': -9}, 2: {'cpu': -32}, 3: {'cpu': -33}}, 'link_level': {}, 'path_level': {}}","{'node_level': {0: {'cpu': 0}, 1: {'cpu': 0}, 2: {'cpu': 0}, 3: {'cpu': 0}}, 'link_level': {}, 'path_level': {}}",[],0.0,0.0,True,True,False,0,[],0,0.0,"OrderedDict([((0, 1), 0), ((0, 2), 0), ((0, 3), 0), ((1, 2), 0), ((2, 3), 0)])",1.0,0.0,4.0,5.0
100,77,26,16868.0,30227.0,7423749.501232332,12746459.327150838,0.5580441327290171,0.5824165998332754,57,166,0,1240.0014385167754,37097.0,5869,31228.0,0.19081759272025367,0.2113344782301243,77,265.0014385167753,975.0,7,9,False,{},{},{},{},0.0,0.0,0.0,0.0,0.0,0.0,0.0,0.0,0.0,0.0,0.0,0.0,0.0,0.0,Leave Event,0.0,"{'node_level': {}, 'link_level': {}, 'path_level': {}}","{'node_level': {}, 'link_level': {}, 'path_level': {}}","{'node_level': {}, 'link_level': {}, 'path_level': {}}",[],0.0,0.0,True,True,False,0,[],0,0.0,,,,,
100,77,25,16868.0,30227.0,7423749.501232332,12746459.327150838,0.5580441327290171,0.5824165998332754,57,167,0,1257.6362816285116,37863.0,5968,31895.0,0.1771680683854957,0.1944893423578139,81,233.63628162851163,1024.0,7,11,False,{},{},{},{},0.0,0.0,0.0,0.0,0.0,0.0,0.0,0.0,0.0,0.0,0.0,0.0,0.0,0.0,Leave Event,0.0,"{'node_level': {}, 'link_level': {}, 'path_level': {}}","{'node_level': {}, 'link_level': {}, 'path_level': {}}","{'node_level': {}, 'link_level': {}, 'path_level': {}}",[],0.0,0.0,True,True,False,0,[],0,0.0,,,,,
100,77,24,16868.0,30227.0,7423749.501232332,12746459.327150838,0.5580441327290171,0.5824165998332754,57,168,0,1266.759479167963,39208.0,6050,33158.0,0.16586240176478695,0.16259218102838668,94,93.75947916796311,1173.0,9,23,False,{},{},{},{},0.0,0.0,0.0,0.0,0.0,0.0,0.0,0.0,0.0,0.0,0.0,0.0,0.0,0.0,Leave Event,0.0,"{'node_level': {}, 'link_level': {}, 'path_level': {}}","{'node_level': {}, 'link_level': {}, 'path_level': {}}","{'node_level': {}, 'link_level': {}, 'path_level': {}}",[],0.0,0.0,True,True,False,0,[],0,0.0,,,,,
100,77,23,16868.0,30227.0,7423749.501232332,12746459.327150838,0.5580441327290171,0.5824165998332754,57,169,0,1266.9147494153042,39356.0,6081,33275.0,0.1615883082862264,0.15963733710475803,93,98.91474941530419,1168.0,2,1,False,{},{},{},{},0.0,0.0,0.0,0.0,0.0,0.0,0.0,0.0,0.0,0.0,0.0,0.0,0.0,0.0,Leave Event,0.0,"{'node_level': {}, 'link_level': {}, 'path_level': {}}","{'node_level': {}, 'link_level': {}, 'path_level': {}}","{'node_level': {}, 'link_level': {}, 'path_level': {}}",[],0.0,0.0,True,True,False,0,[],0,0.0,,,,,
100,77,23,16868.0,30227.0,7423749.501232332,12746459.327150838,0.5580441327290171,0.5824165998332754,57,170,0,1279.9589618830807,39356.0,6081,33275.0,0.1615883082862264,0.15963733710475803,73,354.95896188308075,925.0,10,24,False,{},{},{},{},0.0,0.0,0.0,0.0,0.0,0.0,0.0,0.0,0.0,0.0,0.0,0.0,0.0,0.0,Leave Event,0.0,"{'node_level': {}, 'link_level': {}, 'path_level': {}}","{'node_level': {}, 'link_level': {}, 'path_level': {}}","{'node_level': {}, 'link_level': {}, 'path_level': {}}",[],0.0,0.0,True,True,False,0,[],0,0.0,,,,,
100,77,22,16868.0,30227.0,7423749.501232332,12746459.327150838,0.5580441327290171,0.5824165998332754,57,171,0,1288.4559275729157,39872.0,6174,33698.0,0.1487660278505446,0.1489544398424083,84,227.45592757291564,1061.0,7,11,False,{},{},{},{},0.0,0.0,0.0,0.0,0.0,0.0,0.0,0.0,0.0,0.0,0.0,0.0,0.0,0.0,Leave Event,0.0,"{'node_level': {}, 'link_level': {}, 'path_level': {}}","{'node_level': {}, 'link_level': {}, 'path_level': {}}","{'node_level': {}, 'link_level': {}, 'path_level': {}}",[],0.0,0.0,True,True,False,0,[],0,0.0,,,,,
100,77,21,16868.0,30227.0,7423749.501232332,12746459.327150838,0.5580441327290171,0.5824165998332754,57,172,0,1294.955851751608,40305.0,6228,34077.0,0.14132083275885843,0.1393827659359531,2,1251.955851751608,43.0,5,6,False,{},{},{},{},0.0,0.0,0.0,0.0,0.0,0.0,0.0,0.0,0.0,0.0,0.0,0.0,0.0,0.0,Leave Event,0.0,"{'node_level': {}, 'link_level': {}, 'path_level': {}}","{'node_level': {}, 'link_level': {}, 'path_level': {}}","{'node_level': {}, 'link_level': {}, 'path_level': {}}",[],0.0,0.0,True,True,False,0,[],0,0.0,,,,,
100,77,20,16868.0,30227.0,7423749.501232332,12746459.327150838,0.5580441327290171,0.5824165998332754,57,173,0,1305.4285659002398,40590.0,6254,34336.0,0.13773610919619472,0.1328417011819376,82,272.4285659002399,1033.0,5,5,False,{},{},{},{},0.0,0.0,0.0,0.0,0.0,0.0,0.0,0.0,0.0,0.0,0.0,0.0,0.0,0.0,Leave Event,0.0,"{'node_level': {}, 'link_level': {}, 'path_level': {}}","{'node_level': {}, 'link_level': {}, 'path_level': {}}","{'node_level': {}, 'link_level': {}, 'path_level': {}}",[],0.0,0.0,True,True,False,0,[],0,0.0,,,,,
100,77,20,16868.0,30227.0,7423749.501232332,12746459.327150838,0.5580441327290171,0.5824165998332754,57,174,0,1335.489605459313,40590.0,6254,34336.0,0.13773610919619472,0.1328417011819376,51,691.489605459313,644.0,6,9,False,{},{},{},{},0.0,0.0,0.0,0.0,0.0,0.0,0.0,0.0,0.0,0.0,0.0,0.0,0.0,0.0,Leave Event,0.0,"{'node_level': {}, 'link_level': {}, 'path_level': {}}","{'node_level': {}, 'link_level': {}, 'path_level': {}}","{'node_level': {}, 'link_level': {}, 'path_level': {}}",[],0.0,0.0,True,True,False,0,[],0,0.0,,,,,
100,77,19,16868.0,30227.0,7423749.501232332,12746459.327150838,0.5580441327290171,0.5824165998332754,57,175,0,1337.3062739153581,40648.0,6280,34368.0,0.1341513856335309,0.13203353874128698,90,207.30627391535805,1130.0,2,1,False,{},{},{},{},0.0,0.0,0.0,0.0,0.0,0.0,0.0,0.0,0.0,0.0,0.0,0.0,0.0,0.0,Leave Event,0.0,"{'node_level': {}, 'link_level': {}, 'path_level': {}}","{'node_level': {}, 'link_level': {}, 'path_level': {}}","{'node_level': {}, 'link_level': {}, 'path_level': {}}",[],0.0,0.0,True,True,False,0,[],0,0.0,,,,,
100,77,19,16868.0,30227.0,7423749.501232332,12746459.327150838,0.5580441327290171,0.5824165998332754,57,176,0,1339.7911631197298,40648.0,6280,34368.0,0.1341513856335309,0.13203353874128698,7,1242.7911631197298,97.0,4,5,False,{},{},{},{},0.0,0.0,0.0,0.0,0.0,0.0,0.0,0.0,0.0,0.0,0.0,0.0,0.0,0.0,Leave Event,0.0,"{'node_level': {}, 'link_level': {}, 'path_level': {}}","{'node_level': {}, 'link_level': {}, 'path_level': {}}","{'node_level': {}, 'link_level': {}, 'path_level': {}}",[],0.0,0.0,True,True,False,0,[],0,0.0,,,,,
100,77,18,16868.0,30227.0,7423749.501232332,12746459.327150838,0.5580441327290171,0.5824165998332754,57,177,0,1367.9894615828748,40834.0,6327,34507.0,0.12767130842410035,0.12852308313971106,92,206.9894615828749,1161.0,4,3,False,{},{},{},{},0.0,0.0,0.0,0.0,0.0,0.0,0.0,0.0,0.0,0.0,0.0,0.0,0.0,0.0,Leave Event,0.0,"{'node_level': {}, 'link_level': {}, 'path_level': {}}","{'node_level': {}, 'link_level': {}, 'path_level': {}}","{'node_level': {}, 'link_level': {}, 'path_level': {}}",[],0.0,0.0,True,True,False,0,[],0,0.0,,,,,
100,77,17,16868.0,30227.0,7423749.501232332,12746459.327150838,0.5580441327290171,0.5824165998332754,57,178,0,1382.1522428022445,41395.0,6410,34985.0,0.11622776782021238,0.11645115668249317,8,1270.1522428022445,112.0,6,8,False,{},{},{},{},0.0,0.0,0.0,0.0,0.0,0.0,0.0,0.0,0.0,0.0,0.0,0.0,0.0,0.0,Leave Event,0.0,"{'node_level': {}, 'link_level': {}, 'path_level': {}}","{'node_level': {}, 'link_level': {}, 'path_level': {}}","{'node_level': {}, 'link_level': {}, 'path_level': {}}",[],0.0,0.0,True,True,False,0,[],0,0.0,,,,,
100,77,16,16868.0,30227.0,7423749.501232332,12746459.327150838,0.5580441327290171,0.5824165998332754,57,179,0,1483.2302533398408,41794.0,6471,35323.0,0.10781745484627048,0.10791494090312148,91,336.2302533398408,1147.0,5,6,False,{},{},{},{},0.0,0.0,0.0,0.0,0.0,0.0,0.0,0.0,0.0,0.0,0.0,0.0,0.0,0.0,Leave Event,0.0,"{'node_level': {}, 'link_level': {}, 'path_level': {}}","{'node_level': {}, 'link_level': {}, 'path_level': {}}","{'node_level': {}, 'link_level': {}, 'path_level': {}}",[],0.0,0.0,True,True,False,0,[],0,0.0,,,,,
100,77,16,16868.0,30227.0,7423749.501232332,12746459.327150838,0.5580441327290171,0.5824165998332754,57,180,0,1489.7534787451477,41794.0,6471,35323.0,0.10781745484627048,0.10791494090312148,29,1110.7534787451477,379.0,10,23,False,{},{},{},{},0.0,0.0,0.0,0.0,0.0,0.0,0.0,0.0,0.0,0.0,0.0,0.0,0.0,0.0,Leave Event,0.0,"{'node_level': {}, 'link_level': {}, 'path_level': {}}","{'node_level': {}, 'link_level': {}, 'path_level': {}}","{'node_level': {}, 'link_level': {}, 'path_level': {}}",[],0.0,0.0,True,True,False,0,[],0,0.0,,,,,
100,77,15,16868.0,30227.0,7423749.501232332,12746459.327150838,0.5580441327290171,0.5824165998332754,57,181,0,1495.8667793215377,42030.0,6491,35539.0,0.10505997518268306,0.10245984442873013,27,1131.8667793215377,364.0,4,3,False,{},{},{},{},0.0,0.0,0.0,0.0,0.0,0.0,0.0,0.0,0.0,0.0,0.0,0.0,0.0,0.0,Leave Event,0.0,"{'node_level': {}, 'link_level': {}, 'path_level': {}}","{'node_level': {}, 'link_level': {}, 'path_level': {}}","{'node_level': {}, 'link_level': {}, 'path_level': {}}",[],0.0,0.0,True,True,False,0,[],0,0.0,,,,,
100,77,14,16868.0,30227.0,7423749.501232332,12746459.327150838,0.5580441327290171,0.5824165998332754,57,182,0,1497.298673109992,42638.0,6565,36073.0,0.09485730042740936,0.08897363370037381,95,311.29867310999197,1186.0,7,8,False,{},{},{},{},0.0,0.0,0.0,0.0,0.0,0.0,0.0,0.0,0.0,0.0,0.0,0.0,0.0,0.0,Leave Event,0.0,"{'node_level': {}, 'link_level': {}, 'path_level': {}}","{'node_level': {}, 'link_level': {}, 'path_level': {}}","{'node_level': {}, 'link_level': {}, 'path_level': {}}",[],0.0,0.0,True,True,False,0,[],0,0.0,,,,,
100,77,13,16868.0,30227.0,7423749.501232332,12746459.327150838,0.5580441327290171,0.5824165998332754,57,183,0,1693.98200558622,42999.0,6621,36378.0,0.08713635736936443,0.08127083543792302,99,453.98200558622,1240.0,4,5,False,{},{},{},{},0.0,0.0,0.0,0.0,0.0,0.0,0.0,0.0,0.0,0.0,0.0,0.0,0.0,0.0,Leave Event,0.0,"{'node_level': {}, 'link_level': {}, 'path_level': {}}","{'node_level': {}, 'link_level': {}, 'path_level': {}}","{'node_level': {}, 'link_level': {}, 'path_level': {}}",[],0.0,0.0,True,True,False,0,[],0,0.0,,,,,
100,77,13,16868.0,30227.0,7423749.501232332,12746459.327150838,0.5580441327290171,0.5824165998332754,57,184,0,1694.569356645174,42999.0,6621,36378.0,0.08713635736936443,0.08127083543792302,98,468.56935664517397,1226.0,9,20,False,{},{},{},{},0.0,0.0,0.0,0.0,0.0,0.0,0.0,0.0,0.0,0.0,0.0,0.0,0.0,0.0,Leave Event,0.0,"{'node_level': {}, 'link_level': {}, 'path_level': {}}","{'node_level': {}, 'link_level': {}, 'path_level': {}}","{'node_level': {}, 'link_level': {}, 'path_level': {}}",[],0.0,0.0,True,True,False,0,[],0,0.0,,,,,
100,77,12,16868.0,30227.0,7423749.501232332,12746459.327150838,0.5580441327290171,0.5824165998332754,57,185,0,1698.911731037811,43487.0,6674,36813.0,0.07982903626085758,0.07028487726032928,75,754.9117310378111,944.0,5,9,False,{},{},{},{},0.0,0.0,0.0,0.0,0.0,0.0,0.0,0.0,0.0,0.0,0.0,0.0,0.0,0.0,Leave Event,0.0,"{'node_level': {}, 'link_level': {}, 'path_level': {}}","{'node_level': {}, 'link_level': {}, 'path_level': {}}","{'node_level': {}, 'link_level': {}, 'path_level': {}}",[],0.0,0.0,True,True,False,0,[],0,0.0,,,,,
100,77,11,16868.0,30227.0,7423749.501232332,12746459.327150838,0.5580441327290171,0.5824165998332754,57,186,0,1710.723798965108,43640.0,6710,36930.0,0.07486557286640017,0.06733003333670062,52,1053.723798965108,657.0,3,2,False,{},{},{},{},0.0,0.0,0.0,0.0,0.0,0.0,0.0,0.0,0.0,0.0,0.0,0.0,0.0,0.0,Leave Event,0.0,"{'node_level': {}, 'link_level': {}, 'path_level': {}}","{'node_level': {}, 'link_level': {}, 'path_level': {}}","{'node_level': {}, 'link_level': {}, 'path_level': {}}",[],0.0,0.0,True,True,False,0,[],0,0.0,,,,,
100,77,10,16868.0,30227.0,7423749.501232332,12746459.327150838,0.5580441327290171,0.5824165998332754,57,187,0,1806.8663923792355,44082.0,6775,37307.0,0.06590376395974085,0.05780886958278619,70,919.8663923792355,887.0,5,5,False,{},{},{},{},0.0,0.0,0.0,0.0,0.0,0.0,0.0,0.0,0.0,0.0,0.0,0.0,0.0,0.0,Leave Event,0.0,"{'node_level': {}, 'link_level': {}, 'path_level': {}}","{'node_level': {}, 'link_level': {}, 'path_level': {}}","{'node_level': {}, 'link_level': {}, 'path_level': {}}",[],0.0,0.0,True,True,False,0,[],0,0.0,,,,,
100,77,9,16868.0,30227.0,7423749.501232332,12746459.327150838,0.5580441327290171,0.5824165998332754,57,188,0,1812.1456781024035,44243.0,6812,37431.0,0.060802426582104,0.0546772401252652,89,693.1456781024035,1119.0,4,3,False,{},{},{},{},0.0,0.0,0.0,0.0,0.0,0.0,0.0,0.0,0.0,0.0,0.0,0.0,0.0,0.0,Leave Event,0.0,"{'node_level': {}, 'link_level': {}, 'path_level': {}}","{'node_level': {}, 'link_level': {}, 'path_level': {}}","{'node_level': {}, 'link_level': {}, 'path_level': {}}",[],0.0,0.0,True,True,False,0,[],0,0.0,,,,,
100,77,8,16868.0,30227.0,7423749.501232332,12746459.327150838,0.5580441327290171,0.5824165998332754,57,189,0,1820.8970432321962,44534.0,6870,37664.0,0.052805735557700295,0.048792807354278156,87,723.8970432321961,1097.0,4,4,False,{},{},{},{},0.0,0.0,0.0,0.0,0.0,0.0,0.0,0.0,0.0,0.0,0.0,0.0,0.0,0.0,Leave Event,0.0,"{'node_level': {}, 'link_level': {}, 'path_level': {}}","{'node_level': {}, 'link_level': {}, 'path_level': {}}","{'node_level': {}, 'link_level': {}, 'path_level': {}}",[],0.0,0.0,True,True,False,0,[],0,0.0,,,,,
100,77,8,16868.0,30227.0,7423749.501232332,12746459.327150838,0.5580441327290171,0.5824165998332754,57,190,0,1957.9932579629997,44534.0,6870,37664.0,0.052805735557700295,0.048792807354278156,76,1000.9932579629997,957.0,9,22,False,{},{},{},{},0.0,0.0,0.0,0.0,0.0,0.0,0.0,0.0,0.0,0.0,0.0,0.0,0.0,0.0,Leave Event,0.0,"{'node_level': {}, 'link_level': {}, 'path_level': {}}","{'node_level': {}, 'link_level': {}, 'path_level': {}}","{'node_level': {}, 'link_level': {}, 'path_level': {}}",[],0.0,0.0,True,True,False,0,[],0,0.0,,,,,
100,77,7,16868.0,30227.0,7423749.501232332,12746459.327150838,0.5580441327290171,0.5824165998332754,57,191,0,2078.088644606799,44975.0,6951,38024.0,0.04163794292017098,0.03970097989695931,71,1175.088644606799,903.0,6,8,False,{},{},{},{},0.0,0.0,0.0,0.0,0.0,0.0,0.0,0.0,0.0,0.0,0.0,0.0,0.0,0.0,Leave Event,0.0,"{'node_level': {}, 'link_level': {}, 'path_level': {}}","{'node_level': {}, 'link_level': {}, 'path_level': {}}","{'node_level': {}, 'link_level': {}, 'path_level': {}}",[],0.0,0.0,True,True,False,0,[],0,0.0,,,,,
100,77,7,16868.0,30227.0,7423749.501232332,12746459.327150838,0.5580441327290171,0.5824165998332754,57,192,0,2168.1852539970178,44975.0,6951,38024.0,0.04163794292017098,0.03970097989695931,39,1682.185253997018,486.0,9,17,False,{},{},{},{},0.0,0.0,0.0,0.0,0.0,0.0,0.0,0.0,0.0,0.0,0.0,0.0,0.0,0.0,Leave Event,0.0,"{'node_level': {}, 'link_level': {}, 'path_level': {}}","{'node_level': {}, 'link_level': {}, 'path_level': {}}","{'node_level': {}, 'link_level': {}, 'path_level': {}}",[],0.0,0.0,True,True,False,0,[],0,0.0,,,,,
100,77,6,16868.0,30227.0,7423749.501232332,12746459.327150838,0.5580441327290171,0.5824165998332754,57,193,0,2238.0155126340933,45009.0,6960,38049.0,0.0403970770715566,0.03906960299020101,96,1038.015512634093,1200.0,2,1,False,{},{},{},{},0.0,0.0,0.0,0.0,0.0,0.0,0.0,0.0,0.0,0.0,0.0,0.0,0.0,0.0,Leave Event,0.0,"{'node_level': {}, 'link_level': {}, 'path_level': {}}","{'node_level': {}, 'link_level': {}, 'path_level': {}}","{'node_level': {}, 'link_level': {}, 'path_level': {}}",[],0.0,0.0,True,True,False,0,[],0,0.0,,,,,
100,77,5,16868.0,30227.0,7423749.501232332,12746459.327150838,0.5580441327290171,0.5824165998332754,57,194,0,2329.503396923519,45416.0,7013,38403.0,0.03308975596304975,0.03012930599050412,32,1921.503396923519,408.0,5,7,False,{},{},{},{},0.0,0.0,0.0,0.0,0.0,0.0,0.0,0.0,0.0,0.0,0.0,0.0,0.0,0.0,Leave Event,0.0,"{'node_level': {}, 'link_level': {}, 'path_level': {}}","{'node_level': {}, 'link_level': {}, 'path_level': {}}","{'node_level': {}, 'link_level': {}, 'path_level': {}}",[],0.0,0.0,True,True,False,0,[],0,0.0,,,,,
100,77,4,16868.0,30227.0,7423749.501232332,12746459.327150838,0.5580441327290171,0.5824165998332754,57,195,0,2472.267727891407,45660.0,7071,38589.0,0.025093064938646048,0.025431861804222633,58,1736.267727891407,736.0,5,6,False,{},{},{},{},0.0,0.0,0.0,0.0,0.0,0.0,0.0,0.0,0.0,0.0,0.0,0.0,0.0,0.0,Leave Event,0.0,"{'node_level': {}, 'link_level': {}, 'path_level': {}}","{'node_level': {}, 'link_level': {}, 'path_level': {}}","{'node_level': {}, 'link_level': {}, 'path_level': {}}",[],0.0,0.0,True,True,False,0,[],0,0.0,,,,,
100,77,3,16868.0,30227.0,7423749.501232332,12746459.327150838,0.5580441327290171,0.5824165998332754,57,196,0,2554.3058642999968,45991.0,7131,38860.0,0.016820625947883583,0.018587736134963118,88,1442.305864299997,1112.0,6,6,False,{},{},{},{},0.0,0.0,0.0,0.0,0.0,0.0,0.0,0.0,0.0,0.0,0.0,0.0,0.0,0.0,Leave Event,0.0,"{'node_level': {}, 'link_level': {}, 'path_level': {}}","{'node_level': {}, 'link_level': {}, 'path_level': {}}","{'node_level': {}, 'link_level': {}, 'path_level': {}}",[],0.0,0.0,True,True,False,0,[],0,0.0,,,,,
100,77,2,16868.0,30227.0,7423749.501232332,12746459.327150838,0.5580441327290171,0.5824165998332754,57,197,0,2658.2721435754875,46303.0,7168,39135.0,0.011719288570246844,0.011642590160622301,97,1442.2721435754875,1216.0,4,5,False,{},{},{},{},0.0,0.0,0.0,0.0,0.0,0.0,0.0,0.0,0.0,0.0,0.0,0.0,0.0,0.0,Leave Event,0.0,"{'node_level': {}, 'link_level': {}, 'path_level': {}}","{'node_level': {}, 'link_level': {}, 'path_level': {}}","{'node_level': {}, 'link_level': {}, 'path_level': {}}",[],0.0,0.0,True,True,False,0,[],0,0.0,,,,,
100,77,1,16868.0,30227.0,7423749.501232332,12746459.327150838,0.5580441327290171,0.5824165998332754,57,198,0,2869.905066586304,46645.0,7204,39441.0,0.006755825175789321,0.003914536821901238,63,2068.905066586304,801.0,5,5,False,{},{},{},{},0.0,0.0,0.0,0.0,0.0,0.0,0.0,0.0,0.0,0.0,0.0,0.0,0.0,0.0,Leave Event,0.0,"{'node_level': {}, 'link_level': {}, 'path_level': {}}","{'node_level': {}, 'link_level': {}, 'path_level': {}}","{'node_level': {}, 'link_level': {}, 'path_level': {}}",[],0.0,0.0,True,True,False,0,[],0,0.0,,,,,
100,77,0,16868.0,30227.0,7423749.501232332,12746459.327150838,0.5580441327290171,0.5824165998332754,57,199,0,3033.9235083769545,46849.0,7253,39596.0,0.0,0.0,80,2024.9235083769545,1009.0,3,2,False,{},{},{},{},0.0,0.0,0.0,0.0,0.0,0.0,0.0,0.0,0.0,0.0,0.0,0.0,0.0,0.0,Leave Event,0.0,"{'node_level': {}, 'link_level': {}, 'path_level': {}}","{'node_level': {}, 'link_level': {}, 'path_level': {}}","{'node_level': {}, 'link_level': {}, 'path_level': {}}",[],0.0,0.0,True,True,False,0,[],0,0.0,,,,,
