v_net_count,success_count,inservice_count,total_revenue,total_cost,total_time_revenue,total_time_cost,long_term_r2c_ratio,long_term_time_r2c_ratio,num_running_p_net_nodes,event_id,event_type,event_time,p_net_available_resource,p_net_node_available_resource,p_net_link_available_resource,p_net_node_resource_utilization,p_net_link_resource_utilization,v_net_id,v_net_lifetime,v_net_arrival_time,v_net_num_nodes,v_net_num_egdes,result,node_slots,link_paths,node_slots_info,link_paths_info,v_net_cost,v_net_revenue,v_net_demand,v_net_node_demand,v_net_link_demand,v_net_node_revenue,v_net_link_revenue,v_net_node_cost,v_net_link_cost,v_net_path_cost,v_net_r2c_ratio,v_net_time_cost,v_net_time_revenue,v_net_time_rc_ratio,description,v_net_total_hard_constraint_violation,v_net_single_step_constraint_offset,v_net_constraint_offsets,v_net_constraint_violations,v_net_single_step_violation_list,v_net_single_step_hard_constraint_offset,v_net_max_single_step_hard_constraint_violation,place_result,route_result,early_rejection,revoke_times,selected_actions,num_interactions,v_net_reward,num_placed_nodes,num_routed_links
1,0,0,0.0,0.0,0.0,0.0,0.0,0.0,0,0,1,11.0,44538,7580,36958,0.0,0.0,0,520.6637651709117,11.0,10,19,False,"{2: 61, 8: 11, 4: 51, 6: 66, 0: 83, 3: 60, 1: 41, 5: 34, 7: 36, 9: 32}","{(0, 3): []}","{(2, 61): {'cpu': 16}, (8, 11): {'cpu': 15}, (4, 51): {'cpu': 8}, (6, 66): {'cpu': 12}, (0, 83): {'cpu': 10}, (3, 60): {'cpu': 8}, (1, 41): {'cpu': 7}, (5, 34): {'cpu': 4}, (7, 36): {'cpu': 12}, (9, 32): {'cpu': 11}}",{},0.0,0.0,691.0,103.0,588.0,0.0,0.0,0.0,0.0,0.0,0.0,0.0,0.0,0.0,Route Failure,7.953341912072245,"{'node_level': {}, 'link_level': {}, 'path_level': {}}","{'node_level': {2: {'cpu': -80}, 8: {'cpu': -84}, 4: {'cpu': -92}, 6: {'cpu': -70}, 0: {'cpu': -80}, 3: {'cpu': -83}, 1: {'cpu': -89}, 5: {'cpu': -92}, 7: {'cpu': -69}, 9: {'cpu': -63}}, 'link_level': {(0, 3): {'bw': -36}}, 'path_level': {(0, 3): {'latency': 7.953341912072245}}}","{'node_level': {2: {'cpu': 0}, 8: {'cpu': 0}, 4: {'cpu': 0}, 6: {'cpu': 0}, 0: {'cpu': 0}, 3: {'cpu': 0}, 1: {'cpu': 0}, 5: {'cpu': 0}, 7: {'cpu': 0}, 9: {'cpu': 0}}, 'link_level': {(0, 3): {'bw': 0}}, 'path_level': {(0, 3): {'latency': 7.953341912072245}}}",[],0.0,0.0,True,False,False,0,[],0,0.0,10.0,1.0
2,0,0,0.0,0.0,0.0,0.0,0.0,0.0,0,1,1,25.0,44538,7580,36958,0.0,0.0,1,1583.2089406321106,25.0,10,17,False,"{2: 61, 1: 11, 7: 51, 0: 66, 5: 83, 6: 60, 3: 41, 9: 34, 8: 36, 4: 32}","{(0, 1): [(66, 73), (73, 11)], (0, 4): [(66, 32)], (0, 6): [(66, 22), (22, 93), (93, 60)], (1, 2): [(11, 31), (31, 61)], (1, 5): [(11, 83)], (1, 9): [(11, 5), (5, 34)], (2, 3): [(61, 94), (94, 41)], (2, 4): [(61, 57), (57, 32)], (2, 6): [(61, 60)], (2, 8): [(61, 36)], (3, 4): [(41, 16), (16, 19), (19, 32)], (4, 6): [(32, 17), (17, 60)], (4, 7): [(32, 73), (73, 24), (24, 51)], (5, 7): [(83, 80), (80, 51)], (6, 8): [(60, 61), (61, 36)], (7, 8): [(51, 56), (56, 36)], (8, 9): []}","{(2, 61): {'cpu': 18}, (1, 11): {'cpu': 19}, (7, 51): {'cpu': 18}, (0, 66): {'cpu': 16}, (5, 83): {'cpu': 11}, (6, 60): {'cpu': 20}, (3, 41): {'cpu': 12}, (9, 34): {'cpu': 9}, (8, 36): {'cpu': 4}, (4, 32): {'cpu': 1}}","{((0, 1), (66, 73)): {'bw': 19}, ((0, 1), (73, 11)): {'bw': 19}, ((0, 4), (66, 32)): {'bw': 43}, ((0, 6), (66, 22)): {'bw': 9}, ((0, 6), (22, 93)): {'bw': 9}, ((0, 6), (93, 60)): {'bw': 9}, ((1, 2), (11, 31)): {'bw': 45}, ((1, 2), (31, 61)): {'bw': 45}, ((1, 5), (11, 83)): {'bw': 49}, ((1, 9), (11, 5)): {'bw': 29}, ((1, 9), (5, 34)): {'bw': 29}, ((2, 3), (61, 94)): {'bw': 29}, ((2, 3), (94, 41)): {'bw': 29}, ((2, 4), (61, 57)): {'bw': 28}, ((2, 4), (57, 32)): {'bw': 28}, ((2, 6), (61, 60)): {'bw': 15}, ((2, 8), (61, 36)): {'bw': 44}, ((3, 4), (41, 16)): {'bw': 20}, ((3, 4), (16, 19)): {'bw': 20}, ((3, 4), (19, 32)): {'bw': 20}, ((4, 6), (32, 17)): {'bw': 9}, ((4, 6), (17, 60)): {'bw': 9}, ((4, 7), (32, 73)): {'bw': 47}, ((4, 7), (73, 24)): {'bw': 47}, ((4, 7), (24, 51)): {'bw': 47}, ((5, 7), (83, 80)): {'bw': 25}, ((5, 7), (80, 51)): {'bw': 25}, ((6, 8), (60, 61)): {'bw': 3}, ((6, 8), (61, 36)): {'bw': 3}, ((7, 8), (51, 56)): {'bw': 32}, ((7, 8), (56, 36)): {'bw': 32}}",0.0,0.0,604.0,128.0,476.0,0.0,0.0,0.0,0.0,0.0,0.0,0.0,0.0,0.0,Route Failure,6.153375004430172,"{'node_level': {}, 'link_level': {}, 'path_level': {}}","{'node_level': {2: {'cpu': -78}, 1: {'cpu': -80}, 7: {'cpu': -82}, 0: {'cpu': -66}, 5: {'cpu': -79}, 6: {'cpu': -71}, 3: {'cpu': -84}, 9: {'cpu': -87}, 8: {'cpu': -77}, 4: {'cpu': -73}}, 'link_level': {(0, 1): {'bw': -61}, (0, 4): {'bw': -17}, (0, 6): {'bw': -44}, (1, 2): {'bw': -16}, (1, 5): {'bw': -41}, (1, 9): {'bw': -36}, (2, 3): {'bw': -29}, (2, 4): {'bw': -41}, (2, 6): {'bw': -35}, (2, 8): {'bw': -35}, (3, 4): {'bw': -51}, (4, 6): {'bw': -47}, (4, 7): {'bw': -15}, (5, 7): {'bw': -49}, (6, 8): {'bw': -32}, (7, 8): {'bw': -52}, (8, 9): {'bw': -32}}, 'path_level': {(0, 1): {'latency': -9.335914597635664}, (0, 4): {'latency': -10.86439561690271}, (0, 6): {'latency': -0.1740271695234874}, (1, 2): {'latency': -3.536456368805103}, (1, 5): {'latency': -6.941825777439102}, (1, 9): {'latency': -3.6405978244832644}, (2, 3): {'latency': -10.505383536053507}, (2, 4): {'latency': -9.325611730176798}, (2, 6): {'latency': -13.810565919611953}, (2, 8): {'latency': -3.8149923211614762}, (3, 4): {'latency': -1.0841811511579564}, (4, 6): {'latency': -3.4340037393327156}, (4, 7): {'latency': -2.8480896868912087}, (5, 7): {'latency': -6.39188082124485}, (6, 8): {'latency': -1.3737917184264408}, (7, 8): {'latency': -0.3936172187925324}, (8, 9): {'latency': 6.153375004430172}}}","{'node_level': {2: {'cpu': 0}, 1: {'cpu': 0}, 7: {'cpu': 0}, 0: {'cpu': 0}, 5: {'cpu': 0}, 6: {'cpu': 0}, 3: {'cpu': 0}, 9: {'cpu': 0}, 8: {'cpu': 0}, 4: {'cpu': 0}}, 'link_level': {(0, 1): {'bw': 0}, (0, 4): {'bw': 0}, (0, 6): {'bw': 0}, (1, 2): {'bw': 0}, (1, 5): {'bw': 0}, (1, 9): {'bw': 0}, (2, 3): {'bw': 0}, (2, 4): {'bw': 0}, (2, 6): {'bw': 0}, (2, 8): {'bw': 0}, (3, 4): {'bw': 0}, (4, 6): {'bw': 0}, (4, 7): {'bw': 0}, (5, 7): {'bw': 0}, (6, 8): {'bw': 0}, (7, 8): {'bw': 0}, (8, 9): {'bw': 0}}, 'path_level': {(0, 1): {'latency': 0}, (0, 4): {'latency': 0}, (0, 6): {'latency': 0}, (1, 2): {'latency': 0}, (1, 5): {'latency': 0}, (1, 9): {'latency': 0}, (2, 3): {'latency': 0}, (2, 4): {'latency': 0}, (2, 6): {'latency': 0}, (2, 8): {'latency': 0}, (3, 4): {'latency': 0}, (4, 6): {'latency': 0}, (4, 7): {'latency': 0}, (5, 7): {'latency': 0}, (6, 8): {'latency': 0}, (7, 8): {'latency': 0}, (8, 9): {'latency': 6.153375004430172}}}",[],0.0,0.0,True,False,False,0,[],0,0.0,10.0,17.0
3,0,0,0.0,0.0,0.0,0.0,0.0,0.0,0,2,1,41.0,44538,7580,36958,0.0,0.0,2,813.4246276820088,41.0,8,17,False,"{1: 61, 4: 11, 6: 51, 2: 66, 0: 83, 3: 60, 7: 41, 5: 34}","{(0, 1): []}","{(1, 61): {'cpu': 20}, (4, 11): {'cpu': 20}, (6, 51): {'cpu': 18}, (2, 66): {'cpu': 17}, (0, 83): {'cpu': 8}, (3, 60): {'cpu': 3}, (7, 41): {'cpu': 2}, (5, 34): {'cpu': 1}}",{},0.0,0.0,581.0,89.0,492.0,0.0,0.0,0.0,0.0,0.0,0.0,0.0,0.0,0.0,Route Failure,0.8660730944958068,"{'node_level': {}, 'link_level': {}, 'path_level': {}}","{'node_level': {1: {'cpu': -76}, 4: {'cpu': -79}, 6: {'cpu': -82}, 2: {'cpu': -65}, 0: {'cpu': -82}, 3: {'cpu': -88}, 7: {'cpu': -94}, 5: {'cpu': -95}}, 'link_level': {(0, 1): {'bw': -16}}, 'path_level': {(0, 1): {'latency': 0.8660730944958068}}}","{'node_level': {1: {'cpu': 0}, 4: {'cpu': 0}, 6: {'cpu': 0}, 2: {'cpu': 0}, 0: {'cpu': 0}, 3: {'cpu': 0}, 7: {'cpu': 0}, 5: {'cpu': 0}}, 'link_level': {(0, 1): {'bw': 0}}, 'path_level': {(0, 1): {'latency': 0.8660730944958068}}}",[],0.0,0.0,True,False,False,0,[],0,0.0,8.0,1.0
4,0,0,0.0,0.0,0.0,0.0,0.0,0.0,0,3,1,58.0,44538,7580,36958,0.0,0.0,3,130.28381384066654,58.0,4,4,False,"{0: 61, 2: 11, 3: 51, 1: 66}","{(0, 1): [(61, 87), (87, 66)], (0, 2): [(61, 31), (31, 11)], (1, 3): []}","{(0, 61): {'cpu': 16}, (2, 11): {'cpu': 11}, (3, 51): {'cpu': 17}, (1, 66): {'cpu': 10}}","{((0, 1), (61, 87)): {'bw': 2}, ((0, 1), (87, 66)): {'bw': 2}, ((0, 2), (61, 31)): {'bw': 39}, ((0, 2), (31, 11)): {'bw': 39}}",0.0,0.0,119.0,54.0,65.0,0.0,0.0,0.0,0.0,0.0,0.0,0.0,0.0,0.0,Route Failure,0.7743375503821586,"{'node_level': {}, 'link_level': {}, 'path_level': {}}","{'node_level': {0: {'cpu': -80}, 2: {'cpu': -88}, 3: {'cpu': -83}, 1: {'cpu': -72}}, 'link_level': {(0, 1): {'bw': -75}, (0, 2): {'bw': -22}, (1, 3): {'bw': -59}}, 'path_level': {(0, 1): {'latency': -0.8825855221502081}, (0, 2): {'latency': -6.190771129860803}, (1, 3): {'latency': 0.7743375503821586}}}","{'node_level': {0: {'cpu': 0}, 2: {'cpu': 0}, 3: {'cpu': 0}, 1: {'cpu': 0}}, 'link_level': {(0, 1): {'bw': 0}, (0, 2): {'bw': 0}, (1, 3): {'bw': 0}}, 'path_level': {(0, 1): {'latency': 0}, (0, 2): {'latency': 0}, (1, 3): {'latency': 0.7743375503821586}}}",[],0.0,0.0,True,False,False,0,[],0,0.0,4.0,3.0
5,0,0,0.0,0.0,0.0,0.0,0.0,0.0,0,4,1,70.0,44538,7580,36958,0.0,0.0,4,1056.8178906254595,70.0,10,23,False,"{1: 61, 2: 11, 5: 51, 7: 66, 4: 83, 6: 60, 9: 41, 3: 34, 0: 36, 8: 32}","{(0, 1): [(36, 61)], (0, 2): []}","{(1, 61): {'cpu': 18}, (2, 11): {'cpu': 19}, (5, 51): {'cpu': 9}, (7, 66): {'cpu': 14}, (4, 83): {'cpu': 18}, (6, 60): {'cpu': 14}, (9, 41): {'cpu': 4}, (3, 34): {'cpu': 2}, (0, 36): {'cpu': 6}, (8, 32): {'cpu': 1}}","{((0, 1), (36, 61)): {'bw': 11}}",0.0,0.0,733.0,105.0,628.0,0.0,0.0,0.0,0.0,0.0,0.0,0.0,0.0,0.0,Route Failure,4.050511009928542,"{'node_level': {}, 'link_level': {}, 'path_level': {}}","{'node_level': {1: {'cpu': -78}, 2: {'cpu': -80}, 5: {'cpu': -91}, 7: {'cpu': -68}, 4: {'cpu': -72}, 6: {'cpu': -77}, 9: {'cpu': -92}, 3: {'cpu': -94}, 0: {'cpu': -75}, 8: {'cpu': -73}}, 'link_level': {(0, 1): {'bw': -68}, (0, 2): {'bw': -13}}, 'path_level': {(0, 1): {'latency': -12.222654627203259}, (0, 2): {'latency': 4.050511009928542}}}","{'node_level': {1: {'cpu': 0}, 2: {'cpu': 0}, 5: {'cpu': 0}, 7: {'cpu': 0}, 4: {'cpu': 0}, 6: {'cpu': 0}, 9: {'cpu': 0}, 3: {'cpu': 0}, 0: {'cpu': 0}, 8: {'cpu': 0}}, 'link_level': {(0, 1): {'bw': 0}, (0, 2): {'bw': 0}}, 'path_level': {(0, 1): {'latency': 0}, (0, 2): {'latency': 4.050511009928542}}}",[],0.0,0.0,True,False,False,0,[],0,0.0,10.0,2.0
6,0,0,0.0,0.0,0.0,0.0,0.0,0.0,0,5,1,83.0,44538,7580,36958,0.0,0.0,5,448.85271033200013,83.0,9,21,False,"{0: 61, 1: 11, 4: 51, 3: 66, 6: 83, 8: 60, 2: 41, 5: 34, 7: 36}","{(0, 2): [(61, 94), (94, 41)], (0, 3): [(61, 87), (87, 66)], (0, 4): [(61, 51)], (0, 5): [(61, 89), (89, 5), (5, 34)], (0, 7): [(61, 36)], (0, 8): [(61, 60)], (1, 2): [(11, 8), (8, 41)], (1, 3): [(11, 73), (73, 66)], (1, 4): [(11, 59), (59, 51)], (1, 6): [(11, 83)], (1, 7): [(11, 6), (6, 36)], (2, 3): [(41, 16), (16, 66)], (2, 7): [(41, 94), (94, 36)], (3, 5): [(66, 16), (16, 34)], (3, 6): [(66, 69), (69, 83)], (3, 8): [(66, 22), (22, 93), (93, 60)], (4, 5): [(51, 77), (77, 5), (5, 34)], (4, 7): [(51, 48), (48, 36)], (5, 8): []}","{(0, 61): {'cpu': 13}, (1, 11): {'cpu': 14}, (4, 51): {'cpu': 11}, (3, 66): {'cpu': 13}, (6, 83): {'cpu': 14}, (8, 60): {'cpu': 8}, (2, 41): {'cpu': 6}, (5, 34): {'cpu': 3}, (7, 36): {'cpu': 3}}","{((0, 2), (61, 94)): {'bw': 7}, ((0, 2), (94, 41)): {'bw': 7}, ((0, 3), (61, 87)): {'bw': 29}, ((0, 3), (87, 66)): {'bw': 29}, ((0, 4), (61, 51)): {'bw': 44}, ((0, 5), (61, 89)): {'bw': 38}, ((0, 5), (89, 5)): {'bw': 38}, ((0, 5), (5, 34)): {'bw': 38}, ((0, 7), (61, 36)): {'bw': 37}, ((0, 8), (61, 60)): {'bw': 17}, ((1, 2), (11, 8)): {'bw': 28}, ((1, 2), (8, 41)): {'bw': 28}, ((1, 3), (11, 73)): {'bw': 5}, ((1, 3), (73, 66)): {'bw': 5}, ((1, 4), (11, 59)): {'bw': 24}, ((1, 4), (59, 51)): {'bw': 24}, ((1, 6), (11, 83)): {'bw': 41}, ((1, 7), (11, 6)): {'bw': 12}, ((1, 7), (6, 36)): {'bw': 12}, ((2, 3), (41, 16)): {'bw': 10}, ((2, 3), (16, 66)): {'bw': 10}, ((2, 7), (41, 94)): {'bw': 40}, ((2, 7), (94, 36)): {'bw': 40}, ((3, 5), (66, 16)): {'bw': 15}, ((3, 5), (16, 34)): {'bw': 15}, ((3, 6), (66, 69)): {'bw': 3}, ((3, 6), (69, 83)): {'bw': 3}, ((3, 8), (66, 22)): {'bw': 20}, ((3, 8), (22, 93)): {'bw': 20}, ((3, 8), (93, 60)): {'bw': 20}, ((4, 5), (51, 77)): {'bw': 26}, ((4, 5), (77, 5)): {'bw': 26}, ((4, 5), (5, 34)): {'bw': 26}, ((4, 7), (51, 48)): {'bw': 9}, ((4, 7), (48, 36)): {'bw': 9}}",0.0,0.0,560.0,85.0,475.0,0.0,0.0,0.0,0.0,0.0,0.0,0.0,0.0,0.0,Route Failure,9.121125041911487,"{'node_level': {}, 'link_level': {}, 'path_level': {}}","{'node_level': {0: {'cpu': -83}, 1: {'cpu': -85}, 4: {'cpu': -89}, 3: {'cpu': -69}, 6: {'cpu': -76}, 8: {'cpu': -83}, 2: {'cpu': -90}, 5: {'cpu': -93}, 7: {'cpu': -78}}, 'link_level': {(0, 2): {'bw': -51}, (0, 3): {'bw': -48}, (0, 4): {'bw': -48}, (0, 5): {'bw': -18}, (0, 7): {'bw': -42}, (0, 8): {'bw': -33}, (1, 2): {'bw': -27}, (1, 3): {'bw': -75}, (1, 4): {'bw': -34}, (1, 6): {'bw': -49}, (1, 7): {'bw': -45}, (2, 3): {'bw': -61}, (2, 7): {'bw': -11}, (3, 5): {'bw': -46}, (3, 6): {'bw': -54}, (3, 8): {'bw': -33}, (4, 5): {'bw': -27}, (4, 7): {'bw': -81}, (5, 8): {'bw': -20}}, 'path_level': {(0, 2): {'latency': -5.021803848263964}, (0, 3): {'latency': -6.332565033565036}, (0, 4): {'latency': -9.95373492893896}, (0, 5): {'latency': -0.848497363717831}, (0, 7): {'latency': -4.377935912979095}, (0, 8): {'latency': -0.9442553525777164}, (1, 2): {'latency': -4.855304977638786}, (1, 3): {'latency': -0.9627900519240198}, (1, 4): {'latency': -0.6599816723271843}, (1, 6): {'latency': -9.019845152481683}, (1, 7): {'latency': -0.6112554479886647}, (2, 3): {'latency': -4.071425687501235}, (2, 7): {'latency': -3.4034403482614897}, (3, 5): {'latency': -0.8645028313869192}, (3, 6): {'latency': -8.305753098839464}, (3, 8): {'latency': -2.095828900522452}, (4, 5): {'latency': -0.019441293533221327}, (4, 7): {'latency': -6.065669773324609}, (5, 8): {'latency': 9.121125041911487}}}","{'node_level': {0: {'cpu': 0}, 1: {'cpu': 0}, 4: {'cpu': 0}, 3: {'cpu': 0}, 6: {'cpu': 0}, 8: {'cpu': 0}, 2: {'cpu': 0}, 5: {'cpu': 0}, 7: {'cpu': 0}}, 'link_level': {(0, 2): {'bw': 0}, (0, 3): {'bw': 0}, (0, 4): {'bw': 0}, (0, 5): {'bw': 0}, (0, 7): {'bw': 0}, (0, 8): {'bw': 0}, (1, 2): {'bw': 0}, (1, 3): {'bw': 0}, (1, 4): {'bw': 0}, (1, 6): {'bw': 0}, (1, 7): {'bw': 0}, (2, 3): {'bw': 0}, (2, 7): {'bw': 0}, (3, 5): {'bw': 0}, (3, 6): {'bw': 0}, (3, 8): {'bw': 0}, (4, 5): {'bw': 0}, (4, 7): {'bw': 0}, (5, 8): {'bw': 0}}, 'path_level': {(0, 2): {'latency': 0}, (0, 3): {'latency': 0}, (0, 4): {'latency': 0}, (0, 5): {'latency': 0}, (0, 7): {'latency': 0}, (0, 8): {'latency': 0}, (1, 2): {'latency': 0}, (1, 3): {'latency': 0}, (1, 4): {'latency': 0}, (1, 6): {'latency': 0}, (1, 7): {'latency': 0}, (2, 3): {'latency': 0}, (2, 7): {'latency': 0}, (3, 5): {'latency': 0}, (3, 6): {'latency': 0}, (3, 8): {'latency': 0}, (4, 5): {'latency': 0}, (4, 7): {'latency': 0}, (5, 8): {'latency': 9.121125041911487}}}",[],0.0,0.0,True,False,False,0,[],0,0.0,9.0,19.0
7,0,0,0.0,0.0,0.0,0.0,0.0,0.0,0,6,1,99.0,44538,7580,36958,0.0,0.0,6,771.2922291675746,99.0,4,5,False,"{1: 61, 0: 11, 3: 51, 2: 66}","{(0, 1): [(11, 31), (31, 61)], (0, 2): [(11, 73), (73, 66)], (0, 3): [(11, 80), (80, 51)], (1, 2): [(61, 87), (87, 66)], (2, 3): []}","{(1, 61): {'cpu': 12}, (0, 11): {'cpu': 8}, (3, 51): {'cpu': 15}, (2, 66): {'cpu': 11}}","{((0, 1), (11, 31)): {'bw': 50}, ((0, 1), (31, 61)): {'bw': 50}, ((0, 2), (11, 73)): {'bw': 6}, ((0, 2), (73, 66)): {'bw': 6}, ((0, 3), (11, 80)): {'bw': 25}, ((0, 3), (80, 51)): {'bw': 25}, ((1, 2), (61, 87)): {'bw': 9}, ((1, 2), (87, 66)): {'bw': 9}}",0.0,0.0,151.0,46.0,105.0,0.0,0.0,0.0,0.0,0.0,0.0,0.0,0.0,0.0,Route Failure,2.4030494036161123,"{'node_level': {}, 'link_level': {}, 'path_level': {}}","{'node_level': {1: {'cpu': -84}, 0: {'cpu': -91}, 3: {'cpu': -85}, 2: {'cpu': -71}}, 'link_level': {(0, 1): {'bw': -11}, (0, 2): {'bw': -74}, (0, 3): {'bw': -26}, (1, 2): {'bw': -68}, (2, 3): {'bw': -60}}, 'path_level': {(0, 1): {'latency': -2.4459171535127258}, (0, 2): {'latency': -3.6947188609086368}, (0, 3): {'latency': -1.6772130628956687}, (1, 2): {'latency': -4.444037847401436}, (2, 3): {'latency': 2.4030494036161123}}}","{'node_level': {1: {'cpu': 0}, 0: {'cpu': 0}, 3: {'cpu': 0}, 2: {'cpu': 0}}, 'link_level': {(0, 1): {'bw': 0}, (0, 2): {'bw': 0}, (0, 3): {'bw': 0}, (1, 2): {'bw': 0}, (2, 3): {'bw': 0}}, 'path_level': {(0, 1): {'latency': 0}, (0, 2): {'latency': 0}, (0, 3): {'latency': 0}, (1, 2): {'latency': 0}, (2, 3): {'latency': 2.4030494036161123}}}",[],0.0,0.0,True,False,False,0,[],0,0.0,4.0,5.0
8,1,1,109.0,156.0,41397.96379694346,59248.46194791909,0.6987179487179487,0.6987179487179487,3,7,1,114.0,44382,7538,36844,0.005540897097625286,0.003084582499052968,7,379.79783299948133,114.0,3,2,True,"{0: 61, 1: 11, 2: 51}","{(0, 1): [(61, 31), (31, 11)], (0, 2): [(61, 51)]}","{(0, 61): {'cpu': 19}, (1, 11): {'cpu': 16}, (2, 51): {'cpu': 7}}","{((0, 1), (61, 31)): {'bw': 47}, ((0, 1), (31, 11)): {'bw': 47}, ((0, 2), (61, 51)): {'bw': 20}}",156.0,109.0,109.0,42.0,67.0,42.0,67.0,42.0,114.0,47.0,0.6987179487179487,59248.46194791909,41397.96379694346,265.3715628009196,Success,0.0,"{'node_level': {}, 'link_level': {}, 'path_level': {}}","{'node_level': {0: {'cpu': -77}, 1: {'cpu': -83}, 2: {'cpu': -93}}, 'link_level': {(0, 1): {'bw': -14}, (0, 2): {'bw': -72}}, 'path_level': {(0, 1): {'latency': -9.341864456472372}, (0, 2): {'latency': -10.891750121525341}}}","{'node_level': {0: {'cpu': 0}, 1: {'cpu': 0}, 2: {'cpu': 0}}, 'link_level': {(0, 1): {'bw': 0}, (0, 2): {'bw': 0}}, 'path_level': {(0, 1): {'latency': 0}, (0, 2): {'latency': 0}}}",[],0.0,0.0,True,True,False,0,[],0,0.0,3.0,2.0
9,2,2,347.0,506.0,452083.77453950595,663198.1836281581,0.6857707509881423,0.681672214580401,7,8,1,127.0,44032,7452,36580,0.016886543535620024,0.010227826181070432,8,1725.5706333721112,127.0,7,10,True,"{5: 11, 2: 61, 4: 51, 1: 66, 3: 83, 0: 60, 6: 41}","{(0, 1): [(60, 49), (49, 99), (99, 66)], (0, 3): [(60, 17), (17, 83)], (0, 5): [(60, 0), (0, 11)], (1, 5): [(66, 73), (73, 11)], (1, 6): [(66, 16), (16, 41)], (2, 3): [(61, 81), (81, 83)], (2, 4): [(61, 51)], (2, 5): [(61, 36), (36, 11)], (4, 5): [(51, 59), (59, 11)], (4, 6): [(51, 80), (80, 41)]}","{(5, 11): {'cpu': 19}, (2, 61): {'cpu': 14}, (4, 51): {'cpu': 15}, (1, 66): {'cpu': 14}, (3, 83): {'cpu': 9}, (0, 60): {'cpu': 12}, (6, 41): {'cpu': 3}}","{((0, 1), (60, 49)): {'bw': 2}, ((0, 1), (49, 99)): {'bw': 2}, ((0, 1), (99, 66)): {'bw': 2}, ((0, 3), (60, 17)): {'bw': 3}, ((0, 3), (17, 83)): {'bw': 3}, ((0, 5), (60, 0)): {'bw': 4}, ((0, 5), (0, 11)): {'bw': 4}, ((1, 5), (66, 73)): {'bw': 21}, ((1, 5), (73, 11)): {'bw': 21}, ((1, 6), (66, 16)): {'bw': 1}, ((1, 6), (16, 41)): {'bw': 1}, ((2, 3), (61, 81)): {'bw': 25}, ((2, 3), (81, 83)): {'bw': 25}, ((2, 4), (61, 51)): {'bw': 42}, ((2, 5), (61, 36)): {'bw': 21}, ((2, 5), (36, 11)): {'bw': 21}, ((4, 5), (51, 59)): {'bw': 22}, ((4, 5), (59, 11)): {'bw': 22}, ((4, 6), (51, 80)): {'bw': 11}, ((4, 6), (80, 41)): {'bw': 11}}",350.0,238.0,238.0,86.0,152.0,86.0,152.0,86.0,264.0,112.0,0.68,603949.721680239,410685.81074256246,1173.3880306930357,Success,0.0,"{'node_level': {}, 'link_level': {}, 'path_level': {}}","{'node_level': {5: {'cpu': -64}, 2: {'cpu': -63}, 4: {'cpu': -78}, 1: {'cpu': -68}, 3: {'cpu': -81}, 0: {'cpu': -79}, 6: {'cpu': -93}}, 'link_level': {(0, 1): {'bw': -85}, (0, 3): {'bw': -71}, (0, 5): {'bw': -62}, (1, 5): {'bw': -59}, (1, 6): {'bw': -70}, (2, 3): {'bw': -60}, (2, 4): {'bw': -30}, (2, 5): {'bw': -58}, (4, 5): {'bw': -36}, (4, 6): {'bw': -47}}, 'path_level': {(0, 1): {'latency': -1.0347779529233438}, (0, 3): {'latency': -1.5708771546121625}, (0, 5): {'latency': -2.7542358682229366}, (1, 5): {'latency': -0.7843761115783012}, (1, 6): {'latency': -1.6407799722313143}, (2, 3): {'latency': -7.107351842181908}, (2, 4): {'latency': -10.149204442145008}, (2, 5): {'latency': -0.9920333319623049}, (4, 5): {'latency': -6.656165948592003}, (4, 6): {'latency': -4.812040547280601}}}","{'node_level': {5: {'cpu': 0}, 2: {'cpu': 0}, 4: {'cpu': 0}, 1: {'cpu': 0}, 3: {'cpu': 0}, 0: {'cpu': 0}, 6: {'cpu': 0}}, 'link_level': {(0, 1): {'bw': 0}, (0, 3): {'bw': 0}, (0, 5): {'bw': 0}, (1, 5): {'bw': 0}, (1, 6): {'bw': 0}, (2, 3): {'bw': 0}, (2, 4): {'bw': 0}, (2, 5): {'bw': 0}, (4, 5): {'bw': 0}, (4, 6): {'bw': 0}}, 'path_level': {(0, 1): {'latency': 0}, (0, 3): {'latency': 0}, (0, 5): {'latency': 0}, (1, 5): {'latency': 0}, (1, 6): {'latency': 0}, (2, 3): {'latency': 0}, (2, 4): {'latency': 0}, (2, 5): {'latency': 0}, (4, 5): {'latency': 0}, (4, 6): {'latency': 0}}}",[],0.0,0.0,True,True,False,0,[],0,0.0,7.0,10.0
10,2,2,347.0,506.0,452083.77453950595,663198.1836281581,0.6857707509881423,0.681672214580401,7,9,1,133.0,44032,7452,36580,0.016886543535620024,0.010227826181070432,9,427.7783929664227,133.0,6,9,False,"{3: 61, 0: 11, 4: 34, 1: 51, 2: 41, 5: 83}","{(0, 1): [(11, 59), (59, 51)], (0, 2): [(11, 8), (8, 41)], (0, 3): []}","{(3, 61): {'cpu': 16}, (0, 11): {'cpu': 10}, (4, 34): {'cpu': 4}, (1, 51): {'cpu': 4}, (2, 41): {'cpu': 10}, (5, 83): {'cpu': 5}}","{((0, 1), (11, 59)): {'bw': 14}, ((0, 1), (59, 51)): {'bw': 14}, ((0, 2), (11, 8)): {'bw': 13}, ((0, 2), (8, 41)): {'bw': 13}}",0.0,0.0,237.0,49.0,188.0,0.0,0.0,0.0,0.0,0.0,0.0,0.0,0.0,0.0,Route Failure,2.6898092032678385,"{'node_level': {}, 'link_level': {}, 'path_level': {}}","{'node_level': {3: {'cpu': -47}, 0: {'cpu': -54}, 4: {'cpu': -92}, 1: {'cpu': -74}, 2: {'cpu': -83}, 5: {'cpu': -76}}, 'link_level': {(0, 1): {'bw': -22}, (0, 2): {'bw': -42}, (0, 3): {'bw': -28}}, 'path_level': {(0, 1): {'latency': -4.940309510981098}, (0, 2): {'latency': -5.440163858839851}, (0, 3): {'latency': 2.6898092032678385}}}","{'node_level': {3: {'cpu': 0}, 0: {'cpu': 0}, 4: {'cpu': 0}, 1: {'cpu': 0}, 2: {'cpu': 0}, 5: {'cpu': 0}}, 'link_level': {(0, 1): {'bw': 0}, (0, 2): {'bw': 0}, (0, 3): {'bw': 0}}, 'path_level': {(0, 1): {'latency': 0}, (0, 2): {'latency': 0}, (0, 3): {'latency': 2.6898092032678385}}}",[],0.0,0.0,True,False,False,0,[],0,0.0,6.0,3.0
11,3,3,555.0,822.0,519462.7172506655,765562.3465931889,0.6751824817518248,0.6785374431779649,8,10,1,143.0,43716,7375,36341,0.02704485488126651,0.016694626332593776,10,323.9372245728824,143.0,6,5,True,"{1: 61, 4: 11, 0: 34, 5: 51, 2: 41, 3: 83}","{(0, 4): [(34, 5), (5, 11)], (1, 3): [(61, 81), (81, 83)], (1, 5): [(61, 51)], (2, 4): [(41, 8), (8, 11)], (4, 5): [(11, 59), (59, 51)]}","{(1, 61): {'cpu': 14}, (4, 11): {'cpu': 13}, (0, 34): {'cpu': 17}, (5, 51): {'cpu': 16}, (2, 41): {'cpu': 15}, (3, 83): {'cpu': 2}}","{((0, 4), (34, 5)): {'bw': 35}, ((0, 4), (5, 11)): {'bw': 35}, ((1, 3), (61, 81)): {'bw': 44}, ((1, 3), (81, 83)): {'bw': 44}, ((1, 5), (61, 51)): {'bw': 23}, ((2, 4), (41, 8)): {'bw': 18}, ((2, 4), (8, 11)): {'bw': 18}, ((4, 5), (11, 59)): {'bw': 11}, ((4, 5), (59, 51)): {'bw': 11}}",316.0,208.0,208.0,77.0,131.0,77.0,131.0,77.0,239.0,108.0,0.6582278481012658,102364.16296503085,67378.94271115954,213.22450225050488,Success,0.0,"{'node_level': {}, 'link_level': {}, 'path_level': {}}","{'node_level': {1: {'cpu': -49}, 4: {'cpu': -51}, 0: {'cpu': -79}, 5: {'cpu': -62}, 2: {'cpu': -78}, 3: {'cpu': -79}}, 'link_level': {(0, 4): {'bw': -30}, (1, 3): {'bw': -16}, (1, 5): {'bw': -7}, (2, 4): {'bw': -37}, (4, 5): {'bw': -25}}, 'path_level': {(0, 4): {'latency': -8.069078186686365}, (1, 3): {'latency': -7.996600291324571}, (1, 5): {'latency': -9.15407688483818}, (2, 4): {'latency': -4.559324177204228}, (4, 5): {'latency': -2.929483377741784}}}","{'node_level': {1: {'cpu': 0}, 4: {'cpu': 0}, 0: {'cpu': 0}, 5: {'cpu': 0}, 2: {'cpu': 0}, 3: {'cpu': 0}}, 'link_level': {(0, 4): {'bw': 0}, (1, 3): {'bw': 0}, (1, 5): {'bw': 0}, (2, 4): {'bw': 0}, (4, 5): {'bw': 0}}, 'path_level': {(0, 4): {'latency': 0}, (1, 3): {'latency': 0}, (1, 5): {'latency': 0}, (2, 4): {'latency': 0}, (4, 5): {'latency': 0}}}",[],0.0,0.0,True,True,False,0,[],0,0.0,6.0,5.0
12,3,3,555.0,822.0,519462.7172506655,765562.3465931889,0.6751824817518248,0.6785374431779649,8,11,1,149.0,43716,7375,36341,0.02704485488126651,0.016694626332593776,11,273.3459026138563,149.0,7,9,False,"{5: 60, 4: 66, 6: 32, 1: 39, 0: 36, 3: 83, 2: 49}","{(0, 1): [(36, 48), (48, 39)], (0, 2): [(36, 3), (3, 49)], (0, 5): [(36, 0), (0, 60)], (1, 2): [(39, 49)], (1, 3): []}","{(5, 60): {'cpu': 16}, (4, 66): {'cpu': 20}, (6, 32): {'cpu': 16}, (1, 39): {'cpu': 8}, (0, 36): {'cpu': 9}, (3, 83): {'cpu': 11}, (2, 49): {'cpu': 3}}","{((0, 1), (36, 48)): {'bw': 3}, ((0, 1), (48, 39)): {'bw': 3}, ((0, 2), (36, 3)): {'bw': 7}, ((0, 2), (3, 49)): {'bw': 7}, ((0, 5), (36, 0)): {'bw': 36}, ((0, 5), (0, 60)): {'bw': 36}, ((1, 2), (39, 49)): {'bw': 38}}",0.0,0.0,287.0,83.0,204.0,0.0,0.0,0.0,0.0,0.0,0.0,0.0,0.0,0.0,Route Failure,4.353801703237872,"{'node_level': {}, 'link_level': {}, 'path_level': {}}","{'node_level': {5: {'cpu': -63}, 4: {'cpu': -48}, 6: {'cpu': -58}, 1: {'cpu': -44}, 0: {'cpu': -72}, 3: {'cpu': -68}, 2: {'cpu': -93}}, 'link_level': {(0, 1): {'bw': -87}, (0, 2): {'bw': -44}, (0, 5): {'bw': -26}, (1, 2): {'bw': -27}, (1, 3): {'bw': -43}}, 'path_level': {(0, 1): {'latency': -3.3617888700509333}, (0, 2): {'latency': -9.163704397845777}, (0, 5): {'latency': -1.8782617110872728}, (1, 2): {'latency': -3.6034796278146635}, (1, 3): {'latency': 4.353801703237872}}}","{'node_level': {5: {'cpu': 0}, 4: {'cpu': 0}, 6: {'cpu': 0}, 1: {'cpu': 0}, 0: {'cpu': 0}, 3: {'cpu': 0}, 2: {'cpu': 0}}, 'link_level': {(0, 1): {'bw': 0}, (0, 2): {'bw': 0}, (0, 5): {'bw': 0}, (1, 2): {'bw': 0}, (1, 3): {'bw': 0}}, 'path_level': {(0, 1): {'latency': 0}, (0, 2): {'latency': 0}, (0, 5): {'latency': 0}, (1, 2): {'latency': 0}, (1, 3): {'latency': 4.353801703237872}}}",[],0.0,0.0,True,False,False,0,[],0,0.0,7.0,5.0
13,3,3,555.0,822.0,519462.7172506655,765562.3465931889,0.6751824817518248,0.6785374431779649,8,12,1,164.0,43716,7375,36341,0.02704485488126651,0.016694626332593776,12,456.8719616889836,164.0,9,14,False,"{3: 60, 5: 66, 8: 32, 6: 39, 7: 36, 2: 83, 1: 49, 4: 40, 0: 80}","{(0, 4): [(80, 40)], (0, 5): []}","{(3, 60): {'cpu': 19}, (5, 66): {'cpu': 20}, (8, 32): {'cpu': 15}, (6, 39): {'cpu': 12}, (7, 36): {'cpu': 13}, (2, 83): {'cpu': 12}, (1, 49): {'cpu': 19}, (4, 40): {'cpu': 3}, (0, 80): {'cpu': 7}}","{((0, 4), (80, 40)): {'bw': 3}}",0.0,0.0,307.0,120.0,187.0,0.0,0.0,0.0,0.0,0.0,0.0,0.0,0.0,0.0,Route Failure,9.024592356048291,"{'node_level': {}, 'link_level': {}, 'path_level': {}}","{'node_level': {3: {'cpu': -60}, 5: {'cpu': -48}, 8: {'cpu': -59}, 6: {'cpu': -40}, 7: {'cpu': -68}, 2: {'cpu': -67}, 1: {'cpu': -77}, 4: {'cpu': -63}, 0: {'cpu': -61}}, 'link_level': {(0, 4): {'bw': -57}, (0, 5): {'bw': -56}}, 'path_level': {(0, 4): {'latency': -10.67076929946301}, (0, 5): {'latency': 9.024592356048291}}}","{'node_level': {3: {'cpu': 0}, 5: {'cpu': 0}, 8: {'cpu': 0}, 6: {'cpu': 0}, 7: {'cpu': 0}, 2: {'cpu': 0}, 1: {'cpu': 0}, 4: {'cpu': 0}, 0: {'cpu': 0}}, 'link_level': {(0, 4): {'bw': 0}, (0, 5): {'bw': 0}}, 'path_level': {(0, 4): {'latency': 0}, (0, 5): {'latency': 9.024592356048291}}}",[],0.0,0.0,True,False,False,0,[],0,0.0,9.0,2.0
14,3,3,555.0,822.0,519462.7172506655,765562.3465931889,0.6751824817518248,0.6785374431779649,8,13,1,179.0,43716,7375,36341,0.02704485488126651,0.016694626332593776,13,56.3450643325299,179.0,5,6,False,"{2: 60, 3: 66, 4: 32, 1: 39, 0: 36}","{(0, 2): [(36, 0), (0, 60)], (0, 4): [(36, 17), (17, 32)], (1, 2): [(39, 60)], (1, 4): []}","{(2, 60): {'cpu': 12}, (3, 66): {'cpu': 10}, (4, 32): {'cpu': 7}, (1, 39): {'cpu': 5}, (0, 36): {'cpu': 3}}","{((0, 2), (36, 0)): {'bw': 3}, ((0, 2), (0, 60)): {'bw': 3}, ((0, 4), (36, 17)): {'bw': 48}, ((0, 4), (17, 32)): {'bw': 48}, ((1, 2), (39, 60)): {'bw': 29}}",0.0,0.0,220.0,37.0,183.0,0.0,0.0,0.0,0.0,0.0,0.0,0.0,0.0,0.0,Route Failure,9.090967855493545,"{'node_level': {}, 'link_level': {}, 'path_level': {}}","{'node_level': {2: {'cpu': -67}, 3: {'cpu': -58}, 4: {'cpu': -67}, 1: {'cpu': -47}, 0: {'cpu': -78}}, 'link_level': {(0, 2): {'bw': -59}, (0, 4): {'bw': -8}, (1, 2): {'bw': -23}, (1, 4): {'bw': -29}}, 'path_level': {(0, 2): {'latency': -7.085573771028843}, (0, 4): {'latency': -8.703582288765777}, (1, 2): {'latency': -9.64402474052891}, (1, 4): {'latency': 9.090967855493545}}}","{'node_level': {2: {'cpu': 0}, 3: {'cpu': 0}, 4: {'cpu': 0}, 1: {'cpu': 0}, 0: {'cpu': 0}}, 'link_level': {(0, 2): {'bw': 0}, (0, 4): {'bw': 0}, (1, 2): {'bw': 0}, (1, 4): {'bw': 0}}, 'path_level': {(0, 2): {'latency': 0}, (0, 4): {'latency': 0}, (1, 2): {'latency': 0}, (1, 4): {'latency': 9.090967855493545}}}",[],0.0,0.0,True,False,False,0,[],0,0.0,5.0,4.0
14,3,3,555.0,822.0,519462.7172506655,765562.3465931889,0.6751824817518248,0.6785374431779649,8,14,0,188.28381384066654,43716,7375,36341,0.02704485488126651,0.016694626332593776,3,130.28381384066654,58.0,4,4,False,{},{},{},{},0.0,0.0,0.0,0.0,0.0,0.0,0.0,0.0,0.0,0.0,0.0,0.0,0.0,0.0,Leave Event,0.0,"{'node_level': {}, 'link_level': {}, 'path_level': {}}","{'node_level': {}, 'link_level': {}, 'path_level': {}}","{'node_level': {}, 'link_level': {}, 'path_level': {}}",[],0.0,0.0,True,True,False,0,[],0,0.0,,
15,3,3,555.0,822.0,519462.7172506655,765562.3465931889,0.6751824817518248,0.6785374431779649,8,15,1,192.0,43716,7375,36341,0.02704485488126651,0.016694626332593776,14,229.91382042552195,192.0,8,14,False,"{1: 60, 3: 66, 2: 32, 4: 39, 5: 36, 0: 83, 6: 49, 7: 40}","{(0, 3): [(83, 69), (69, 66)], (0, 7): [(83, 40)], (1, 2): [(60, 17), (17, 32)], (1, 3): []}","{(1, 60): {'cpu': 19}, (3, 66): {'cpu': 15}, (2, 32): {'cpu': 11}, (4, 39): {'cpu': 12}, (5, 36): {'cpu': 9}, (0, 83): {'cpu': 13}, (6, 49): {'cpu': 6}, (7, 40): {'cpu': 1}}","{((0, 3), (83, 69)): {'bw': 11}, ((0, 3), (69, 66)): {'bw': 11}, ((0, 7), (83, 40)): {'bw': 26}, ((1, 2), (60, 17)): {'bw': 14}, ((1, 2), (17, 32)): {'bw': 14}}",0.0,0.0,510.0,86.0,424.0,0.0,0.0,0.0,0.0,0.0,0.0,0.0,0.0,0.0,Route Failure,8.496952431793229,"{'node_level': {}, 'link_level': {}, 'path_level': {}}","{'node_level': {1: {'cpu': -60}, 3: {'cpu': -53}, 2: {'cpu': -63}, 4: {'cpu': -40}, 5: {'cpu': -72}, 0: {'cpu': -66}, 6: {'cpu': -90}, 7: {'cpu': -65}}, 'link_level': {(0, 3): {'bw': -46}, (0, 7): {'bw': -50}, (1, 2): {'bw': -42}, (1, 3): {'bw': -26}}, 'path_level': {(0, 3): {'latency': -5.412476540661126}, (0, 7): {'latency': -2.764702602000485}, (1, 2): {'latency': -3.613229279578614}, (1, 3): {'latency': 8.496952431793229}}}","{'node_level': {1: {'cpu': 0}, 3: {'cpu': 0}, 2: {'cpu': 0}, 4: {'cpu': 0}, 5: {'cpu': 0}, 0: {'cpu': 0}, 6: {'cpu': 0}, 7: {'cpu': 0}}, 'link_level': {(0, 3): {'bw': 0}, (0, 7): {'bw': 0}, (1, 2): {'bw': 0}, (1, 3): {'bw': 0}}, 'path_level': {(0, 3): {'latency': 0}, (0, 7): {'latency': 0}, (1, 2): {'latency': 0}, (1, 3): {'latency': 8.496952431793229}}}",[],0.0,0.0,True,False,False,0,[],0,0.0,8.0,4.0
16,3,3,555.0,822.0,519462.7172506655,765562.3465931889,0.6751824817518248,0.6785374431779649,8,16,1,201.0,43716,7375,36341,0.02704485488126651,0.016694626332593776,15,121.54967622774257,201.0,6,7,False,"{3: 60, 0: 66, 5: 32, 4: 39, 1: 36, 2: 83}","{(0, 3): []}","{(3, 60): {'cpu': 9}, (0, 66): {'cpu': 12}, (5, 32): {'cpu': 5}, (4, 39): {'cpu': 2}, (1, 36): {'cpu': 18}, (2, 83): {'cpu': 12}}",{},0.0,0.0,274.0,58.0,216.0,0.0,0.0,0.0,0.0,0.0,0.0,0.0,0.0,0.0,Route Failure,1.5739073078235961,"{'node_level': {}, 'link_level': {}, 'path_level': {}}","{'node_level': {3: {'cpu': -70}, 0: {'cpu': -56}, 5: {'cpu': -69}, 4: {'cpu': -50}, 1: {'cpu': -63}, 2: {'cpu': -67}}, 'link_level': {(0, 3): {'bw': -33}}, 'path_level': {(0, 3): {'latency': 1.5739073078235961}}}","{'node_level': {3: {'cpu': 0}, 0: {'cpu': 0}, 5: {'cpu': 0}, 4: {'cpu': 0}, 1: {'cpu': 0}, 2: {'cpu': 0}}, 'link_level': {(0, 3): {'bw': 0}}, 'path_level': {(0, 3): {'latency': 1.5739073078235961}}}",[],0.0,0.0,True,False,False,0,[],0,0.0,6.0,1.0
17,3,3,555.0,822.0,519462.7172506655,765562.3465931889,0.6751824817518248,0.6785374431779649,8,17,1,223.0,43716,7375,36341,0.02704485488126651,0.016694626332593776,16,823.0798463318571,223.0,5,8,False,"{1: 60, 2: 66, 3: 32, 0: 39, 4: 36}","{(0, 1): [(39, 60)], (0, 3): [(39, 31), (31, 32)], (1, 2): []}","{(1, 60): {'cpu': 18}, (2, 66): {'cpu': 19}, (3, 32): {'cpu': 6}, (0, 39): {'cpu': 6}, (4, 36): {'cpu': 3}}","{((0, 1), (39, 60)): {'bw': 38}, ((0, 3), (39, 31)): {'bw': 28}, ((0, 3), (31, 32)): {'bw': 28}}",0.0,0.0,260.0,52.0,208.0,0.0,0.0,0.0,0.0,0.0,0.0,0.0,0.0,0.0,Route Failure,4.273569802811565,"{'node_level': {}, 'link_level': {}, 'path_level': {}}","{'node_level': {1: {'cpu': -61}, 2: {'cpu': -49}, 3: {'cpu': -68}, 0: {'cpu': -46}, 4: {'cpu': -78}}, 'link_level': {(0, 1): {'bw': -14}, (0, 3): {'bw': -38}, (1, 2): {'bw': -43}}, 'path_level': {(0, 1): {'latency': -9.58741102608958}, (0, 3): {'latency': -7.311315811911767}, (1, 2): {'latency': 4.273569802811565}}}","{'node_level': {1: {'cpu': 0}, 2: {'cpu': 0}, 3: {'cpu': 0}, 0: {'cpu': 0}, 4: {'cpu': 0}}, 'link_level': {(0, 1): {'bw': 0}, (0, 3): {'bw': 0}, (1, 2): {'bw': 0}}, 'path_level': {(0, 1): {'latency': 0}, (0, 3): {'latency': 0}, (1, 2): {'latency': 4.273569802811565}}}",[],0.0,0.0,True,False,False,0,[],0,0.0,5.0,3.0
17,3,3,555.0,822.0,519462.7172506655,765562.3465931889,0.6751824817518248,0.6785374431779649,8,18,0,235.3450643325299,43716,7375,36341,0.02704485488126651,0.016694626332593776,13,56.3450643325299,179.0,5,6,False,{},{},{},{},0.0,0.0,0.0,0.0,0.0,0.0,0.0,0.0,0.0,0.0,0.0,0.0,0.0,0.0,Leave Event,0.0,"{'node_level': {}, 'link_level': {}, 'path_level': {}}","{'node_level': {}, 'link_level': {}, 'path_level': {}}","{'node_level': {}, 'link_level': {}, 'path_level': {}}",[],0.0,0.0,True,True,False,0,[],0,0.0,,
18,3,3,555.0,822.0,519462.7172506655,765562.3465931889,0.6751824817518248,0.6785374431779649,8,19,1,238.0,43716,7375,36341,0.02704485488126651,0.016694626332593776,17,800.290091319284,238.0,9,14,False,"{6: 60, 5: 66, 2: 32, 3: 39, 8: 36, 1: 83, 7: 49, 0: 40, 4: 80}","{(0, 1): [(40, 83)], (0, 2): []}","{(6, 60): {'cpu': 16}, (5, 66): {'cpu': 13}, (2, 32): {'cpu': 5}, (3, 39): {'cpu': 12}, (8, 36): {'cpu': 6}, (1, 83): {'cpu': 5}, (7, 49): {'cpu': 17}, (0, 40): {'cpu': 4}, (4, 80): {'cpu': 20}}","{((0, 1), (40, 83)): {'bw': 16}}",0.0,0.0,484.0,98.0,386.0,0.0,0.0,0.0,0.0,0.0,0.0,0.0,0.0,0.0,Route Failure,7.827867991623948,"{'node_level': {}, 'link_level': {}, 'path_level': {}}","{'node_level': {6: {'cpu': -63}, 5: {'cpu': -55}, 2: {'cpu': -69}, 3: {'cpu': -40}, 8: {'cpu': -75}, 1: {'cpu': -74}, 7: {'cpu': -79}, 0: {'cpu': -62}, 4: {'cpu': -48}}, 'link_level': {(0, 1): {'bw': -60}, (0, 2): {'bw': -22}}, 'path_level': {(0, 1): {'latency': -6.9299983169197406}, (0, 2): {'latency': 7.827867991623948}}}","{'node_level': {6: {'cpu': 0}, 5: {'cpu': 0}, 2: {'cpu': 0}, 3: {'cpu': 0}, 8: {'cpu': 0}, 1: {'cpu': 0}, 7: {'cpu': 0}, 0: {'cpu': 0}, 4: {'cpu': 0}}, 'link_level': {(0, 1): {'bw': 0}, (0, 2): {'bw': 0}}, 'path_level': {(0, 1): {'latency': 0}, (0, 2): {'latency': 7.827867991623948}}}",[],0.0,0.0,True,False,False,0,[],0,0.0,9.0,2.0
19,3,3,555.0,822.0,519462.7172506655,765562.3465931889,0.6751824817518248,0.6785374431779649,8,20,1,252.0,43716,7375,36341,0.02704485488126651,0.016694626332593776,18,404.3233208380041,252.0,8,18,False,"{1: 60, 6: 66, 4: 32, 5: 39, 3: 36, 0: 83, 2: 49, 7: 40}","{(0, 1): [(83, 7), (7, 27), (27, 60)], (0, 2): [(83, 11), (11, 49)], (0, 4): [(83, 17), (17, 32)], (0, 5): []}","{(1, 60): {'cpu': 17}, (6, 66): {'cpu': 10}, (4, 32): {'cpu': 13}, (5, 39): {'cpu': 9}, (3, 36): {'cpu': 10}, (0, 83): {'cpu': 5}, (2, 49): {'cpu': 4}, (7, 40): {'cpu': 2}}","{((0, 1), (83, 7)): {'bw': 31}, ((0, 1), (7, 27)): {'bw': 31}, ((0, 1), (27, 60)): {'bw': 31}, ((0, 2), (83, 11)): {'bw': 42}, ((0, 2), (11, 49)): {'bw': 42}, ((0, 4), (83, 17)): {'bw': 37}, ((0, 4), (17, 32)): {'bw': 37}}",0.0,0.0,648.0,70.0,578.0,0.0,0.0,0.0,0.0,0.0,0.0,0.0,0.0,0.0,Route Failure,4.075287300124229,"{'node_level': {}, 'link_level': {}, 'path_level': {}}","{'node_level': {1: {'cpu': -62}, 6: {'cpu': -58}, 4: {'cpu': -61}, 5: {'cpu': -43}, 3: {'cpu': -71}, 0: {'cpu': -74}, 2: {'cpu': -92}, 7: {'cpu': -64}}, 'link_level': {(0, 1): {'bw': -24}, (0, 2): {'bw': -48}, (0, 4): {'bw': -19}, (0, 5): {'bw': -36}}, 'path_level': {(0, 1): {'latency': -0.029002507229075825}, (0, 2): {'latency': -4.226198756642544}, (0, 4): {'latency': -5.2846549525532165}, (0, 5): {'latency': 4.075287300124229}}}","{'node_level': {1: {'cpu': 0}, 6: {'cpu': 0}, 4: {'cpu': 0}, 5: {'cpu': 0}, 3: {'cpu': 0}, 0: {'cpu': 0}, 2: {'cpu': 0}, 7: {'cpu': 0}}, 'link_level': {(0, 1): {'bw': 0}, (0, 2): {'bw': 0}, (0, 4): {'bw': 0}, (0, 5): {'bw': 0}}, 'path_level': {(0, 1): {'latency': 0}, (0, 2): {'latency': 0}, (0, 4): {'latency': 0}, (0, 5): {'latency': 4.075287300124229}}}",[],0.0,0.0,True,False,False,0,[],0,0.0,8.0,4.0
20,3,3,555.0,822.0,519462.7172506655,765562.3465931889,0.6751824817518248,0.6785374431779649,8,21,1,261.0,43716,7375,36341,0.02704485488126651,0.016694626332593776,19,1127.5919629169168,261.0,3,3,False,"{0: 60, 1: 66, 2: 32}","{(0, 1): []}","{(0, 60): {'cpu': 18}, (1, 66): {'cpu': 10}, (2, 32): {'cpu': 2}}",{},0.0,0.0,83.0,30.0,53.0,0.0,0.0,0.0,0.0,0.0,0.0,0.0,0.0,0.0,Route Failure,3.6576159173885943,"{'node_level': {}, 'link_level': {}, 'path_level': {}}","{'node_level': {0: {'cpu': -61}, 1: {'cpu': -58}, 2: {'cpu': -72}}, 'link_level': {(0, 1): {'bw': -32}}, 'path_level': {(0, 1): {'latency': 3.6576159173885943}}}","{'node_level': {0: {'cpu': 0}, 1: {'cpu': 0}, 2: {'cpu': 0}}, 'link_level': {(0, 1): {'bw': 0}}, 'path_level': {(0, 1): {'latency': 3.6576159173885943}}}",[],0.0,0.0,True,False,False,0,[],0,0.0,3.0,1.0
21,3,3,555.0,822.0,519462.7172506655,765562.3465931889,0.6751824817518248,0.6785374431779649,8,22,1,273.0,43716,7375,36341,0.02704485488126651,0.016694626332593776,20,1323.523886658026,273.0,5,7,False,"{3: 60, 0: 66, 2: 32, 4: 39, 1: 36}","{(0, 1): [(66, 22), (22, 56), (56, 36)], (0, 2): [(66, 32)], (0, 3): []}","{(3, 60): {'cpu': 20}, (0, 66): {'cpu': 14}, (2, 32): {'cpu': 8}, (4, 39): {'cpu': 7}, (1, 36): {'cpu': 1}}","{((0, 1), (66, 22)): {'bw': 12}, ((0, 1), (22, 56)): {'bw': 12}, ((0, 1), (56, 36)): {'bw': 12}, ((0, 2), (66, 32)): {'bw': 18}}",0.0,0.0,191.0,50.0,141.0,0.0,0.0,0.0,0.0,0.0,0.0,0.0,0.0,0.0,Route Failure,5.533217196248719,"{'node_level': {}, 'link_level': {}, 'path_level': {}}","{'node_level': {3: {'cpu': -59}, 0: {'cpu': -54}, 2: {'cpu': -66}, 4: {'cpu': -45}, 1: {'cpu': -80}}, 'link_level': {(0, 1): {'bw': -72}, (0, 2): {'bw': -42}, (0, 3): {'bw': -42}}, 'path_level': {(0, 1): {'latency': -1.945657743831406}, (0, 2): {'latency': -1.670460296269877}, (0, 3): {'latency': 5.533217196248719}}}","{'node_level': {3: {'cpu': 0}, 0: {'cpu': 0}, 2: {'cpu': 0}, 4: {'cpu': 0}, 1: {'cpu': 0}}, 'link_level': {(0, 1): {'bw': 0}, (0, 2): {'bw': 0}, (0, 3): {'bw': 0}}, 'path_level': {(0, 1): {'latency': 0}, (0, 2): {'latency': 0}, (0, 3): {'latency': 5.533217196248719}}}",[],0.0,0.0,True,False,False,0,[],0,0.0,5.0,3.0
22,3,3,555.0,822.0,519462.7172506655,765562.3465931889,0.6751824817518248,0.6785374431779649,8,23,1,283.0,43716,7375,36341,0.02704485488126651,0.016694626332593776,21,1900.0930481665152,283.0,7,7,False,"{0: 60, 5: 66, 2: 32, 1: 39, 3: 36, 6: 83, 4: 49}","{(0, 1): [(60, 39)], (0, 3): [(60, 0), (0, 36)], (0, 6): []}","{(0, 60): {'cpu': 13}, (5, 66): {'cpu': 19}, (2, 32): {'cpu': 8}, (1, 39): {'cpu': 9}, (3, 36): {'cpu': 6}, (6, 83): {'cpu': 6}, (4, 49): {'cpu': 9}}","{((0, 1), (60, 39)): {'bw': 3}, ((0, 3), (60, 0)): {'bw': 30}, ((0, 3), (0, 36)): {'bw': 30}}",0.0,0.0,201.0,70.0,131.0,0.0,0.0,0.0,0.0,0.0,0.0,0.0,0.0,0.0,Route Failure,7.724245687965052,"{'node_level': {}, 'link_level': {}, 'path_level': {}}","{'node_level': {0: {'cpu': -66}, 5: {'cpu': -49}, 2: {'cpu': -66}, 1: {'cpu': -43}, 3: {'cpu': -75}, 6: {'cpu': -73}, 4: {'cpu': -87}}, 'link_level': {(0, 1): {'bw': -49}, (0, 3): {'bw': -32}, (0, 6): {'bw': -40}}, 'path_level': {(0, 1): {'latency': -4.320263416423606}, (0, 3): {'latency': -2.2121566802978663}, (0, 6): {'latency': 7.724245687965052}}}","{'node_level': {0: {'cpu': 0}, 5: {'cpu': 0}, 2: {'cpu': 0}, 1: {'cpu': 0}, 3: {'cpu': 0}, 6: {'cpu': 0}, 4: {'cpu': 0}}, 'link_level': {(0, 1): {'bw': 0}, (0, 3): {'bw': 0}, (0, 6): {'bw': 0}}, 'path_level': {(0, 1): {'latency': 0}, (0, 3): {'latency': 0}, (0, 6): {'latency': 7.724245687965052}}}",[],0.0,0.0,True,False,False,0,[],0,0.0,7.0,3.0
23,3,3,555.0,822.0,519462.7172506655,765562.3465931889,0.6751824817518248,0.6785374431779649,8,24,1,294.0,43716,7375,36341,0.02704485488126651,0.016694626332593776,22,1248.8058318735054,294.0,10,28,False,"{3: 60, 1: 66, 2: 32, 5: 39, 8: 36, 7: 83, 6: 49, 9: 40, 0: 80, 4: 46}","{(0, 1): [(80, 66)], (0, 2): []}","{(3, 60): {'cpu': 19}, (1, 66): {'cpu': 15}, (2, 32): {'cpu': 19}, (5, 39): {'cpu': 11}, (8, 36): {'cpu': 15}, (7, 83): {'cpu': 12}, (6, 49): {'cpu': 16}, (9, 40): {'cpu': 7}, (0, 80): {'cpu': 7}, (4, 46): {'cpu': 1}}","{((0, 1), (80, 66)): {'bw': 12}}",0.0,0.0,868.0,122.0,746.0,0.0,0.0,0.0,0.0,0.0,0.0,0.0,0.0,0.0,Route Failure,6.3611007252919585,"{'node_level': {}, 'link_level': {}, 'path_level': {}}","{'node_level': {3: {'cpu': -60}, 1: {'cpu': -53}, 2: {'cpu': -55}, 5: {'cpu': -41}, 8: {'cpu': -66}, 7: {'cpu': -67}, 6: {'cpu': -80}, 9: {'cpu': -59}, 0: {'cpu': -61}, 4: {'cpu': -64}}, 'link_level': {(0, 1): {'bw': -63}, (0, 2): {'bw': -52}}, 'path_level': {(0, 1): {'latency': -8.347708692669237}, (0, 2): {'latency': 6.3611007252919585}}}","{'node_level': {3: {'cpu': 0}, 1: {'cpu': 0}, 2: {'cpu': 0}, 5: {'cpu': 0}, 8: {'cpu': 0}, 7: {'cpu': 0}, 6: {'cpu': 0}, 9: {'cpu': 0}, 0: {'cpu': 0}, 4: {'cpu': 0}}, 'link_level': {(0, 1): {'bw': 0}, (0, 2): {'bw': 0}}, 'path_level': {(0, 1): {'latency': 0}, (0, 2): {'latency': 6.3611007252919585}}}",[],0.0,0.0,True,False,False,0,[],0,0.0,10.0,2.0
24,3,3,555.0,822.0,519462.7172506655,765562.3465931889,0.6751824817518248,0.6785374431779649,8,25,1,303.0,43716,7375,36341,0.02704485488126651,0.016694626332593776,23,20.416851845190777,303.0,6,6,False,"{5: 60, 4: 66, 1: 32, 3: 39, 2: 36, 0: 83}","{(0, 1): [(83, 17), (17, 32)], (0, 5): [(83, 7), (7, 27), (27, 60)], (1, 2): []}","{(5, 60): {'cpu': 9}, (4, 66): {'cpu': 12}, (1, 32): {'cpu': 11}, (3, 39): {'cpu': 14}, (2, 36): {'cpu': 8}, (0, 83): {'cpu': 1}}","{((0, 1), (83, 17)): {'bw': 39}, ((0, 1), (17, 32)): {'bw': 39}, ((0, 5), (83, 7)): {'bw': 37}, ((0, 5), (7, 27)): {'bw': 37}, ((0, 5), (27, 60)): {'bw': 37}}",0.0,0.0,247.0,55.0,192.0,0.0,0.0,0.0,0.0,0.0,0.0,0.0,0.0,0.0,Route Failure,6.271247083705613,"{'node_level': {}, 'link_level': {}, 'path_level': {}}","{'node_level': {5: {'cpu': -70}, 4: {'cpu': -56}, 1: {'cpu': -63}, 3: {'cpu': -38}, 2: {'cpu': -73}, 0: {'cpu': -78}}, 'link_level': {(0, 1): {'bw': -17}, (0, 5): {'bw': -18}, (1, 2): {'bw': -49}}, 'path_level': {(0, 1): {'latency': -5.725753121377085}, (0, 5): {'latency': -1.9859285077965394}, (1, 2): {'latency': 6.271247083705613}}}","{'node_level': {5: {'cpu': 0}, 4: {'cpu': 0}, 1: {'cpu': 0}, 3: {'cpu': 0}, 2: {'cpu': 0}, 0: {'cpu': 0}}, 'link_level': {(0, 1): {'bw': 0}, (0, 5): {'bw': 0}, (1, 2): {'bw': 0}}, 'path_level': {(0, 1): {'latency': 0}, (0, 5): {'latency': 0}, (1, 2): {'latency': 6.271247083705613}}}",[],0.0,0.0,True,False,False,0,[],0,0.0,6.0,3.0
25,3,3,555.0,822.0,519462.7172506655,765562.3465931889,0.6751824817518248,0.6785374431779649,8,26,1,315.0,43716,7375,36341,0.02704485488126651,0.016694626332593776,24,659.9210048509754,315.0,8,11,False,"{2: 60, 3: 66, 4: 32, 0: 39, 5: 36, 1: 83, 7: 49, 6: 40}","{(0, 1): [(39, 8), (8, 11), (11, 83)], (0, 7): [(39, 49)], (1, 2): [(83, 17), (17, 60)], (1, 7): [(83, 11), (11, 49)], (2, 3): []}","{(2, 60): {'cpu': 14}, (3, 66): {'cpu': 13}, (4, 32): {'cpu': 8}, (0, 39): {'cpu': 15}, (5, 36): {'cpu': 20}, (1, 83): {'cpu': 7}, (7, 49): {'cpu': 2}, (6, 40): {'cpu': 4}}","{((0, 1), (39, 8)): {'bw': 18}, ((0, 1), (8, 11)): {'bw': 18}, ((0, 1), (11, 83)): {'bw': 18}, ((0, 7), (39, 49)): {'bw': 34}, ((1, 2), (83, 17)): {'bw': 47}, ((1, 2), (17, 60)): {'bw': 47}, ((1, 7), (83, 11)): {'bw': 11}, ((1, 7), (11, 49)): {'bw': 11}}",0.0,0.0,383.0,83.0,300.0,0.0,0.0,0.0,0.0,0.0,0.0,0.0,0.0,0.0,Route Failure,5.767055297736274,"{'node_level': {}, 'link_level': {}, 'path_level': {}}","{'node_level': {2: {'cpu': -65}, 3: {'cpu': -55}, 4: {'cpu': -66}, 0: {'cpu': -37}, 5: {'cpu': -61}, 1: {'cpu': -72}, 7: {'cpu': -94}, 6: {'cpu': -62}}, 'link_level': {(0, 1): {'bw': -19}, (0, 7): {'bw': -31}, (1, 2): {'bw': -24}, (1, 7): {'bw': -61}, (2, 3): {'bw': -26}}, 'path_level': {(0, 1): {'latency': -5.017814088542561}, (0, 7): {'latency': -3.9419773209291566}, (1, 2): {'latency': -3.8971917973110717}, (1, 7): {'latency': -10.735183162430388}, (2, 3): {'latency': 5.767055297736274}}}","{'node_level': {2: {'cpu': 0}, 3: {'cpu': 0}, 4: {'cpu': 0}, 0: {'cpu': 0}, 5: {'cpu': 0}, 1: {'cpu': 0}, 7: {'cpu': 0}, 6: {'cpu': 0}}, 'link_level': {(0, 1): {'bw': 0}, (0, 7): {'bw': 0}, (1, 2): {'bw': 0}, (1, 7): {'bw': 0}, (2, 3): {'bw': 0}}, 'path_level': {(0, 1): {'latency': 0}, (0, 7): {'latency': 0}, (1, 2): {'latency': 0}, (1, 7): {'latency': 0}, (2, 3): {'latency': 5.767055297736274}}}",[],0.0,0.0,True,False,False,0,[],0,0.0,8.0,5.0
25,3,3,555.0,822.0,519462.7172506655,765562.3465931889,0.6751824817518248,0.6785374431779649,8,27,0,322.54967622774257,43716,7375,36341,0.02704485488126651,0.016694626332593776,15,121.54967622774257,201.0,6,7,False,{},{},{},{},0.0,0.0,0.0,0.0,0.0,0.0,0.0,0.0,0.0,0.0,0.0,0.0,0.0,0.0,Leave Event,0.0,"{'node_level': {}, 'link_level': {}, 'path_level': {}}","{'node_level': {}, 'link_level': {}, 'path_level': {}}","{'node_level': {}, 'link_level': {}, 'path_level': {}}",[],0.0,0.0,True,True,False,0,[],0,0.0,,
25,3,3,555.0,822.0,519462.7172506655,765562.3465931889,0.6751824817518248,0.6785374431779649,8,28,0,323.41685184519076,43716,7375,36341,0.02704485488126651,0.016694626332593776,23,20.416851845190777,303.0,6,6,False,{},{},{},{},0.0,0.0,0.0,0.0,0.0,0.0,0.0,0.0,0.0,0.0,0.0,0.0,0.0,0.0,Leave Event,0.0,"{'node_level': {}, 'link_level': {}, 'path_level': {}}","{'node_level': {}, 'link_level': {}, 'path_level': {}}","{'node_level': {}, 'link_level': {}, 'path_level': {}}",[],0.0,0.0,True,True,False,0,[],0,0.0,,
26,3,3,555.0,822.0,519462.7172506655,765562.3465931889,0.6751824817518248,0.6785374431779649,8,29,1,332.0,43716,7375,36341,0.02704485488126651,0.016694626332593776,25,1133.4829130377072,332.0,5,5,False,"{4: 60, 2: 66, 3: 32, 0: 39, 1: 36}","{(0, 2): []}","{(4, 60): {'cpu': 11}, (2, 66): {'cpu': 6}, (3, 32): {'cpu': 15}, (0, 39): {'cpu': 10}, (1, 36): {'cpu': 3}}",{},0.0,0.0,169.0,45.0,124.0,0.0,0.0,0.0,0.0,0.0,0.0,0.0,0.0,0.0,Route Failure,5.343375086270076,"{'node_level': {}, 'link_level': {}, 'path_level': {}}","{'node_level': {4: {'cpu': -68}, 2: {'cpu': -62}, 3: {'cpu': -59}, 0: {'cpu': -42}, 1: {'cpu': -78}}, 'link_level': {(0, 2): {'bw': -44}}, 'path_level': {(0, 2): {'latency': 5.343375086270076}}}","{'node_level': {4: {'cpu': 0}, 2: {'cpu': 0}, 3: {'cpu': 0}, 0: {'cpu': 0}, 1: {'cpu': 0}}, 'link_level': {(0, 2): {'bw': 0}}, 'path_level': {(0, 2): {'latency': 5.343375086270076}}}",[],0.0,0.0,True,False,False,0,[],0,0.0,5.0,1.0
27,4,4,688.0,1140.0,640433.764332571,1054801.39149579,0.6035087719298246,0.6071605228206859,10,30,1,343.0,43398,7336,36062,0.03218997361477571,0.024243736132907645,26,909.556744976733,343.0,4,3,True,"{1: 60, 0: 66, 3: 32, 2: 39}","{(0, 1): [(66, 22), (22, 93), (93, 60)], (1, 3): [(60, 27), (27, 19), (19, 32)], (2, 3): [(39, 31), (31, 32)]}","{(1, 60): {'cpu': 10}, (0, 66): {'cpu': 18}, (3, 32): {'cpu': 5}, (2, 39): {'cpu': 6}}","{((0, 1), (66, 22)): {'bw': 46}, ((0, 1), (22, 93)): {'bw': 46}, ((0, 1), (93, 60)): {'bw': 46}, ((1, 3), (60, 27)): {'bw': 45}, ((1, 3), (27, 19)): {'bw': 45}, ((1, 3), (19, 32)): {'bw': 45}, ((2, 3), (39, 31)): {'bw': 3}, ((2, 3), (31, 32)): {'bw': 3}}",318.0,133.0,133.0,39.0,94.0,39.0,94.0,39.0,279.0,185.0,0.41823899371069184,289239.0449026011,120971.04708190548,380.41209774184114,Success,0.0,"{'node_level': {}, 'link_level': {}, 'path_level': {}}","{'node_level': {1: {'cpu': -69}, 0: {'cpu': -50}, 3: {'cpu': -69}, 2: {'cpu': -46}}, 'link_level': {(0, 1): {'bw': -7}, (1, 3): {'bw': -26}, (2, 3): {'bw': -63}}, 'path_level': {(0, 1): {'latency': -2.457116607015722}, (1, 3): {'latency': -0.10144035988017741}, (2, 3): {'latency': -0.481740415939516}}}","{'node_level': {1: {'cpu': 0}, 0: {'cpu': 0}, 3: {'cpu': 0}, 2: {'cpu': 0}}, 'link_level': {(0, 1): {'bw': 0}, (1, 3): {'bw': 0}, (2, 3): {'bw': 0}}, 'path_level': {(0, 1): {'latency': 0}, (1, 3): {'latency': 0}, (2, 3): {'latency': 0}}}",[],0.0,0.0,True,True,False,0,[],0,0.0,4.0,3.0
28,4,4,688.0,1140.0,640433.764332571,1054801.39149579,0.6035087719298246,0.6071605228206859,10,31,1,354.0,43398,7336,36062,0.03218997361477571,0.024243736132907645,27,384.42450099354903,354.0,2,1,False,"{1: 36, 0: 83}","{(0, 1): []}","{(1, 36): {'cpu': 18}, (0, 83): {'cpu': 7}}",{},0.0,0.0,43.0,25.0,18.0,0.0,0.0,0.0,0.0,0.0,0.0,0.0,0.0,0.0,Route Failure,4.050105369172014,"{'node_level': {}, 'link_level': {}, 'path_level': {}}","{'node_level': {1: {'cpu': -63}, 0: {'cpu': -72}}, 'link_level': {(0, 1): {'bw': -37}}, 'path_level': {(0, 1): {'latency': 4.050105369172014}}}","{'node_level': {1: {'cpu': 0}, 0: {'cpu': 0}}, 'link_level': {(0, 1): {'bw': 0}}, 'path_level': {(0, 1): {'latency': 4.050105369172014}}}",[],0.0,0.0,True,False,False,0,[],0,0.0,2.0,1.0
29,4,4,688.0,1140.0,640433.764332571,1054801.39149579,0.6035087719298246,0.6071605228206859,10,32,1,362.0,43398,7336,36062,0.03218997361477571,0.024243736132907645,28,193.80173001652807,362.0,6,9,False,"{2: 36, 0: 83, 5: 49, 3: 40, 1: 80, 4: 46}","{(0, 1): [(83, 80)], (0, 2): [(83, 17), (17, 36)], (0, 3): [(83, 40)], (0, 4): [(83, 80), (80, 46)], (0, 5): [(83, 11), (11, 49)], (1, 2): []}","{(2, 36): {'cpu': 15}, (0, 83): {'cpu': 9}, (5, 49): {'cpu': 8}, (3, 40): {'cpu': 11}, (1, 80): {'cpu': 2}, (4, 46): {'cpu': 3}}","{((0, 1), (83, 80)): {'bw': 4}, ((0, 2), (83, 17)): {'bw': 28}, ((0, 2), (17, 36)): {'bw': 28}, ((0, 3), (83, 40)): {'bw': 17}, ((0, 4), (83, 80)): {'bw': 25}, ((0, 4), (80, 46)): {'bw': 25}, ((0, 5), (83, 11)): {'bw': 24}, ((0, 5), (11, 49)): {'bw': 24}}",0.0,0.0,234.0,48.0,186.0,0.0,0.0,0.0,0.0,0.0,0.0,0.0,0.0,0.0,Route Failure,2.073437087085906,"{'node_level': {}, 'link_level': {}, 'path_level': {}}","{'node_level': {2: {'cpu': -66}, 0: {'cpu': -70}, 5: {'cpu': -88}, 3: {'cpu': -55}, 1: {'cpu': -66}, 4: {'cpu': -62}}, 'link_level': {(0, 1): {'bw': -90}, (0, 2): {'bw': -36}, (0, 3): {'bw': -59}, (0, 4): {'bw': -34}, (0, 5): {'bw': -66}, (1, 2): {'bw': -28}}, 'path_level': {(0, 1): {'latency': -10.053890200836058}, (0, 2): {'latency': -0.10417002388166363}, (0, 3): {'latency': -8.780521411073337}, (0, 4): {'latency': -8.665710822584298}, (0, 5): {'latency': -3.2202212190710946}, (1, 2): {'latency': 2.073437087085906}}}","{'node_level': {2: {'cpu': 0}, 0: {'cpu': 0}, 5: {'cpu': 0}, 3: {'cpu': 0}, 1: {'cpu': 0}, 4: {'cpu': 0}}, 'link_level': {(0, 1): {'bw': 0}, (0, 2): {'bw': 0}, (0, 3): {'bw': 0}, (0, 4): {'bw': 0}, (0, 5): {'bw': 0}, (1, 2): {'bw': 0}}, 'path_level': {(0, 1): {'latency': 0}, (0, 2): {'latency': 0}, (0, 3): {'latency': 0}, (0, 4): {'latency': 0}, (0, 5): {'latency': 0}, (1, 2): {'latency': 2.073437087085906}}}",[],0.0,0.0,True,False,False,0,[],0,0.0,6.0,6.0
30,5,5,776.0,1280.0,662709.1775162016,1090239.5488333842,0.60625,0.6078564827567818,13,33,1,379.0,43258,7308,35950,0.03588390501319261,0.027274203149521115,29,253.12969526852996,379.0,4,4,True,"{2: 36, 3: 83, 1: 49, 0: 40}","{(0, 2): [(40, 6), (6, 36)], (0, 3): [(40, 83)], (1, 3): [(49, 11), (11, 83)], (2, 3): [(36, 11), (11, 83)]}","{(2, 36): {'cpu': 20}, (3, 83): {'cpu': 2}, (1, 49): {'cpu': 3}, (0, 40): {'cpu': 3}}","{((0, 2), (40, 6)): {'bw': 9}, ((0, 2), (6, 36)): {'bw': 9}, ((0, 3), (40, 83)): {'bw': 8}, ((1, 3), (49, 11)): {'bw': 33}, ((1, 3), (11, 83)): {'bw': 33}, ((2, 3), (36, 11)): {'bw': 10}, ((2, 3), (11, 83)): {'bw': 10}}",140.0,88.0,88.0,28.0,60.0,28.0,60.0,28.0,112.0,52.0,0.6285714285714286,35438.157337594195,22275.413183630637,159.11009416879025,Success,0.0,"{'node_level': {}, 'link_level': {}, 'path_level': {}}","{'node_level': {2: {'cpu': -61}, 3: {'cpu': -77}, 1: {'cpu': -93}, 0: {'cpu': -63}}, 'link_level': {(0, 2): {'bw': -52}, (0, 3): {'bw': -68}, (1, 3): {'bw': -57}, (2, 3): {'bw': -47}}, 'path_level': {(0, 2): {'latency': -5.520032855057055}, (0, 3): {'latency': -11.98877867765897}, (1, 3): {'latency': -9.082248745426027}, (2, 3): {'latency': -6.00562251646261}}}","{'node_level': {2: {'cpu': 0}, 3: {'cpu': 0}, 1: {'cpu': 0}, 0: {'cpu': 0}}, 'link_level': {(0, 2): {'bw': 0}, (0, 3): {'bw': 0}, (1, 3): {'bw': 0}, (2, 3): {'bw': 0}}, 'path_level': {(0, 2): {'latency': 0}, (0, 3): {'latency': 0}, (1, 3): {'latency': 0}, (2, 3): {'latency': 0}}}",[],0.0,0.0,True,True,False,0,[],0,0.0,4.0,4.0
31,5,5,776.0,1280.0,662709.1775162016,1090239.5488333842,0.60625,0.6078564827567818,13,34,1,394.0,43258,7308,35950,0.03588390501319261,0.027274203149521115,30,162.47686629871106,394.0,6,10,False,"{0: 80, 4: 46, 3: 65, 5: 98, 1: 39, 2: 90}","{(0, 2): [(80, 62), (62, 90)], (0, 3): [(80, 41), (41, 65)], (0, 4): [(80, 46)], (0, 5): []}","{(0, 80): {'cpu': 10}, (4, 46): {'cpu': 12}, (3, 65): {'cpu': 9}, (5, 98): {'cpu': 9}, (1, 39): {'cpu': 8}, (2, 90): {'cpu': 1}}","{((0, 2), (80, 62)): {'bw': 23}, ((0, 2), (62, 90)): {'bw': 23}, ((0, 3), (80, 41)): {'bw': 44}, ((0, 3), (41, 65)): {'bw': 44}, ((0, 4), (80, 46)): {'bw': 48}}",0.0,0.0,344.0,49.0,295.0,0.0,0.0,0.0,0.0,0.0,0.0,0.0,0.0,0.0,Route Failure,5.697073591758574,"{'node_level': {}, 'link_level': {}, 'path_level': {}}","{'node_level': {0: {'cpu': -58}, 4: {'cpu': -53}, 3: {'cpu': -84}, 5: {'cpu': -76}, 1: {'cpu': -38}, 2: {'cpu': -75}}, 'link_level': {(0, 2): {'bw': -52}, (0, 3): {'bw': -3}, (0, 4): {'bw': -11}, (0, 5): {'bw': -13}}, 'path_level': {(0, 2): {'latency': -0.6087864517522554}, (0, 3): {'latency': -5.700070360392424}, (0, 4): {'latency': -9.652019459751964}, (0, 5): {'latency': 5.697073591758574}}}","{'node_level': {0: {'cpu': 0}, 4: {'cpu': 0}, 3: {'cpu': 0}, 5: {'cpu': 0}, 1: {'cpu': 0}, 2: {'cpu': 0}}, 'link_level': {(0, 2): {'bw': 0}, (0, 3): {'bw': 0}, (0, 4): {'bw': 0}, (0, 5): {'bw': 0}}, 'path_level': {(0, 2): {'latency': 0}, (0, 3): {'latency': 0}, (0, 4): {'latency': 0}, (0, 5): {'latency': 5.697073591758574}}}",[],0.0,0.0,True,False,False,0,[],0,0.0,6.0,4.0
32,5,5,776.0,1280.0,662709.1775162016,1090239.5488333842,0.60625,0.6078564827567818,13,35,1,410.0,43258,7308,35950,0.03588390501319261,0.027274203149521115,31,1376.3776993142428,410.0,3,2,False,"{1: 80, 2: 46, 0: 65}","{(0, 1): []}","{(1, 80): {'cpu': 13}, (2, 46): {'cpu': 17}, (0, 65): {'cpu': 2}}",{},0.0,0.0,63.0,32.0,31.0,0.0,0.0,0.0,0.0,0.0,0.0,0.0,0.0,0.0,Route Failure,6.231845474308711,"{'node_level': {}, 'link_level': {}, 'path_level': {}}","{'node_level': {1: {'cpu': -55}, 2: {'cpu': -48}, 0: {'cpu': -91}}, 'link_level': {(0, 1): {'bw': -55}}, 'path_level': {(0, 1): {'latency': 6.231845474308711}}}","{'node_level': {1: {'cpu': 0}, 2: {'cpu': 0}, 0: {'cpu': 0}}, 'link_level': {(0, 1): {'bw': 0}}, 'path_level': {(0, 1): {'latency': 6.231845474308711}}}",[],0.0,0.0,True,False,False,0,[],0,0.0,3.0,1.0
33,5,5,776.0,1280.0,662709.1775162016,1090239.5488333842,0.60625,0.6078564827567818,13,36,1,421.0,43258,7308,35950,0.03588390501319261,0.027274203149521115,32,311.5705113319192,421.0,9,17,False,"{3: 80, 6: 46, 8: 65, 1: 98, 7: 39, 2: 90, 0: 40, 4: 61, 5: 41}","{(0, 3): [(40, 80)], (0, 6): []}","{(3, 80): {'cpu': 13}, (6, 46): {'cpu': 12}, (8, 65): {'cpu': 13}, (1, 98): {'cpu': 13}, (7, 39): {'cpu': 4}, (2, 90): {'cpu': 7}, (0, 40): {'cpu': 6}, (4, 61): {'cpu': 2}, (5, 41): {'cpu': 3}}","{((0, 3), (40, 80)): {'bw': 5}}",0.0,0.0,511.0,73.0,438.0,0.0,0.0,0.0,0.0,0.0,0.0,0.0,0.0,0.0,Route Failure,8.347586482482555,"{'node_level': {}, 'link_level': {}, 'path_level': {}}","{'node_level': {3: {'cpu': -55}, 6: {'cpu': -53}, 8: {'cpu': -80}, 1: {'cpu': -72}, 7: {'cpu': -42}, 2: {'cpu': -69}, 0: {'cpu': -57}, 4: {'cpu': -47}, 5: {'cpu': -75}}, 'link_level': {(0, 3): {'bw': -55}, (0, 6): {'bw': -36}}, 'path_level': {(0, 3): {'latency': -8.358494125766239}, (0, 6): {'latency': 8.347586482482555}}}","{'node_level': {3: {'cpu': 0}, 6: {'cpu': 0}, 8: {'cpu': 0}, 1: {'cpu': 0}, 7: {'cpu': 0}, 2: {'cpu': 0}, 0: {'cpu': 0}, 4: {'cpu': 0}, 5: {'cpu': 0}}, 'link_level': {(0, 3): {'bw': 0}, (0, 6): {'bw': 0}}, 'path_level': {(0, 3): {'latency': 0}, (0, 6): {'latency': 8.347586482482555}}}",[],0.0,0.0,True,False,False,0,[],0,0.0,9.0,2.0
33,5,5,776.0,1280.0,662709.1775162016,1090239.5488333842,0.60625,0.6078564827567818,13,37,0,421.913820425522,43258,7308,35950,0.03588390501319261,0.027274203149521115,14,229.91382042552195,192.0,8,14,False,{},{},{},{},0.0,0.0,0.0,0.0,0.0,0.0,0.0,0.0,0.0,0.0,0.0,0.0,0.0,0.0,Leave Event,0.0,"{'node_level': {}, 'link_level': {}, 'path_level': {}}","{'node_level': {}, 'link_level': {}, 'path_level': {}}","{'node_level': {}, 'link_level': {}, 'path_level': {}}",[],0.0,0.0,True,True,False,0,[],0,0.0,,
33,5,5,776.0,1280.0,662709.1775162016,1090239.5488333842,0.60625,0.6078564827567818,13,38,0,422.3459026138563,43258,7308,35950,0.03588390501319261,0.027274203149521115,11,273.3459026138563,149.0,7,9,False,{},{},{},{},0.0,0.0,0.0,0.0,0.0,0.0,0.0,0.0,0.0,0.0,0.0,0.0,0.0,0.0,Leave Event,0.0,"{'node_level': {}, 'link_level': {}, 'path_level': {}}","{'node_level': {}, 'link_level': {}, 'path_level': {}}","{'node_level': {}, 'link_level': {}, 'path_level': {}}",[],0.0,0.0,True,True,False,0,[],0,0.0,,
34,5,5,776.0,1280.0,662709.1775162016,1090239.5488333842,0.60625,0.6078564827567818,13,39,1,433.0,43258,7308,35950,0.03588390501319261,0.027274203149521115,33,956.2486595318776,433.0,10,20,False,"{3: 80, 5: 46, 4: 65, 8: 98, 1: 39, 7: 90, 6: 40, 9: 61, 2: 41, 0: 49}","{(0, 1): [(49, 39)], (0, 3): [(49, 11), (11, 80)], (1, 2): [(39, 41)], (1, 3): [(39, 41), (41, 80)], (1, 4): []}","{(3, 80): {'cpu': 11}, (5, 46): {'cpu': 6}, (4, 65): {'cpu': 11}, (8, 98): {'cpu': 9}, (1, 39): {'cpu': 3}, (7, 90): {'cpu': 2}, (6, 40): {'cpu': 4}, (9, 61): {'cpu': 14}, (2, 41): {'cpu': 1}, (0, 49): {'cpu': 1}}","{((0, 1), (49, 39)): {'bw': 49}, ((0, 3), (49, 11)): {'bw': 13}, ((0, 3), (11, 80)): {'bw': 13}, ((1, 2), (39, 41)): {'bw': 34}, ((1, 3), (39, 41)): {'bw': 22}, ((1, 3), (41, 80)): {'bw': 22}}",0.0,0.0,531.0,62.0,469.0,0.0,0.0,0.0,0.0,0.0,0.0,0.0,0.0,0.0,Route Failure,5.841408123907119,"{'node_level': {}, 'link_level': {}, 'path_level': {}}","{'node_level': {3: {'cpu': -57}, 5: {'cpu': -59}, 4: {'cpu': -82}, 8: {'cpu': -76}, 1: {'cpu': -43}, 7: {'cpu': -74}, 6: {'cpu': -59}, 9: {'cpu': -35}, 2: {'cpu': -77}, 0: {'cpu': -92}}, 'link_level': {(0, 1): {'bw': -16}, (0, 3): {'bw': -38}, (1, 2): {'bw': -59}, (1, 3): {'bw': -25}, (1, 4): {'bw': -48}}, 'path_level': {(0, 1): {'latency': -9.40016273409448}, (0, 3): {'latency': -2.7781254629436156}, (1, 2): {'latency': -4.156315518757255}, (1, 3): {'latency': -2.4387339023980976}, (1, 4): {'latency': 5.841408123907119}}}","{'node_level': {3: {'cpu': 0}, 5: {'cpu': 0}, 4: {'cpu': 0}, 8: {'cpu': 0}, 1: {'cpu': 0}, 7: {'cpu': 0}, 6: {'cpu': 0}, 9: {'cpu': 0}, 2: {'cpu': 0}, 0: {'cpu': 0}}, 'link_level': {(0, 1): {'bw': 0}, (0, 3): {'bw': 0}, (1, 2): {'bw': 0}, (1, 3): {'bw': 0}, (1, 4): {'bw': 0}}, 'path_level': {(0, 1): {'latency': 0}, (0, 3): {'latency': 0}, (1, 2): {'latency': 0}, (1, 3): {'latency': 0}, (1, 4): {'latency': 5.841408123907119}}}",[],0.0,0.0,True,False,False,0,[],0,0.0,10.0,5.0
35,5,5,776.0,1280.0,662709.1775162016,1090239.5488333842,0.60625,0.6078564827567818,13,40,1,444.0,43258,7308,35950,0.03588390501319261,0.027274203149521115,34,119.61574177308734,444.0,4,3,False,"{3: 80, 0: 46, 1: 65, 2: 98}","{(0, 3): [(46, 80)], (1, 2): [(65, 87), (87, 98)], (2, 3): []}","{(3, 80): {'cpu': 8}, (0, 46): {'cpu': 13}, (1, 65): {'cpu': 6}, (2, 98): {'cpu': 2}}","{((0, 3), (46, 80)): {'bw': 14}, ((1, 2), (65, 87)): {'bw': 18}, ((1, 2), (87, 98)): {'bw': 18}}",0.0,0.0,75.0,29.0,46.0,0.0,0.0,0.0,0.0,0.0,0.0,0.0,0.0,0.0,Route Failure,5.0749616347139535,"{'node_level': {}, 'link_level': {}, 'path_level': {}}","{'node_level': {3: {'cpu': -60}, 0: {'cpu': -52}, 1: {'cpu': -87}, 2: {'cpu': -83}}, 'link_level': {(0, 3): {'bw': -45}, (1, 2): {'bw': -43}, (2, 3): {'bw': -37}}, 'path_level': {(0, 3): {'latency': -7.705100488276667}, (1, 2): {'latency': -7.2276950166563285}, (2, 3): {'latency': 5.0749616347139535}}}","{'node_level': {3: {'cpu': 0}, 0: {'cpu': 0}, 1: {'cpu': 0}, 2: {'cpu': 0}}, 'link_level': {(0, 3): {'bw': 0}, (1, 2): {'bw': 0}, (2, 3): {'bw': 0}}, 'path_level': {(0, 3): {'latency': 0}, (1, 2): {'latency': 0}, (2, 3): {'latency': 5.0749616347139535}}}",[],0.0,0.0,True,False,False,0,[],0,0.0,4.0,3.0
36,5,5,776.0,1280.0,662709.1775162016,1090239.5488333842,0.60625,0.6078564827567818,13,41,1,454.0,43258,7308,35950,0.03588390501319261,0.027274203149521115,35,0.061797553508545384,454.0,10,24,False,"{8: 80, 3: 46, 9: 65, 2: 98, 6: 39, 0: 90, 4: 40, 1: 61, 7: 41, 5: 49}","{(0, 1): [(90, 60), (60, 61)], (0, 6): [(90, 60), (60, 39)], (0, 8): [(90, 62), (62, 80)], (0, 9): [(90, 30), (30, 95), (95, 65)], (1, 4): [(61, 57), (57, 40)], (1, 6): [(61, 31), (31, 39)], (1, 8): [(61, 51), (51, 80)], (1, 9): [(61, 60), (60, 35), (35, 65)], (2, 3): [(98, 27), (27, 26), (26, 46)], (2, 4): [(98, 71), (71, 40)], (2, 5): [(98, 49)], (2, 7): []}","{(8, 80): {'cpu': 19}, (3, 46): {'cpu': 18}, (9, 65): {'cpu': 9}, (2, 98): {'cpu': 10}, (6, 39): {'cpu': 7}, (0, 90): {'cpu': 7}, (4, 40): {'cpu': 7}, (1, 61): {'cpu': 12}, (7, 41): {'cpu': 5}, (5, 49): {'cpu': 3}}","{((0, 1), (90, 60)): {'bw': 2}, ((0, 1), (60, 61)): {'bw': 2}, ((0, 6), (90, 60)): {'bw': 26}, ((0, 6), (60, 39)): {'bw': 26}, ((0, 8), (90, 62)): {'bw': 48}, ((0, 8), (62, 80)): {'bw': 48}, ((0, 9), (90, 30)): {'bw': 32}, ((0, 9), (30, 95)): {'bw': 32}, ((0, 9), (95, 65)): {'bw': 32}, ((1, 4), (61, 57)): {'bw': 20}, ((1, 4), (57, 40)): {'bw': 20}, ((1, 6), (61, 31)): {'bw': 5}, ((1, 6), (31, 39)): {'bw': 5}, ((1, 8), (61, 51)): {'bw': 2}, ((1, 8), (51, 80)): {'bw': 2}, ((1, 9), (61, 60)): {'bw': 20}, ((1, 9), (60, 35)): {'bw': 20}, ((1, 9), (35, 65)): {'bw': 20}, ((2, 3), (98, 27)): {'bw': 7}, ((2, 3), (27, 26)): {'bw': 7}, ((2, 3), (26, 46)): {'bw': 7}, ((2, 4), (98, 71)): {'bw': 49}, ((2, 4), (71, 40)): {'bw': 49}, ((2, 5), (98, 49)): {'bw': 16}}",0.0,0.0,689.0,97.0,592.0,0.0,0.0,0.0,0.0,0.0,0.0,0.0,0.0,0.0,Route Failure,2.064995873559851,"{'node_level': {}, 'link_level': {}, 'path_level': {}}","{'node_level': {8: {'cpu': -49}, 3: {'cpu': -47}, 9: {'cpu': -84}, 2: {'cpu': -75}, 6: {'cpu': -39}, 0: {'cpu': -69}, 4: {'cpu': -56}, 1: {'cpu': -37}, 7: {'cpu': -73}, 5: {'cpu': -90}}, 'link_level': {(0, 1): {'bw': -48}, (0, 6): {'bw': -26}, (0, 8): {'bw': -27}, (0, 9): {'bw': -25}, (1, 4): {'bw': -78}, (1, 6): {'bw': -9}, (1, 8): {'bw': -5}, (1, 9): {'bw': -28}, (2, 3): {'bw': -45}, (2, 4): {'bw': -33}, (2, 5): {'bw': -53}, (2, 7): {'bw': -47}}, 'path_level': {(0, 1): {'latency': -8.908910499308899}, (0, 6): {'latency': -4.35288685284171}, (0, 8): {'latency': -0.9185689453061308}, (0, 9): {'latency': -1.2558470124459493}, (1, 4): {'latency': -0.10626202973423649}, (1, 6): {'latency': -2.001607521086483}, (1, 8): {'latency': -2.0330785295822773}, (1, 9): {'latency': -0.3442610792399847}, (2, 3): {'latency': -4.405094866505658}, (2, 4): {'latency': -0.4462886091811189}, (2, 5): {'latency': -3.6996215950988405}, (2, 7): {'latency': 2.064995873559851}}}","{'node_level': {8: {'cpu': 0}, 3: {'cpu': 0}, 9: {'cpu': 0}, 2: {'cpu': 0}, 6: {'cpu': 0}, 0: {'cpu': 0}, 4: {'cpu': 0}, 1: {'cpu': 0}, 7: {'cpu': 0}, 5: {'cpu': 0}}, 'link_level': {(0, 1): {'bw': 0}, (0, 6): {'bw': 0}, (0, 8): {'bw': 0}, (0, 9): {'bw': 0}, (1, 4): {'bw': 0}, (1, 6): {'bw': 0}, (1, 8): {'bw': 0}, (1, 9): {'bw': 0}, (2, 3): {'bw': 0}, (2, 4): {'bw': 0}, (2, 5): {'bw': 0}, (2, 7): {'bw': 0}}, 'path_level': {(0, 1): {'latency': 0}, (0, 6): {'latency': 0}, (0, 8): {'latency': 0}, (0, 9): {'latency': 0}, (1, 4): {'latency': 0}, (1, 6): {'latency': 0}, (1, 8): {'latency': 0}, (1, 9): {'latency': 0}, (2, 3): {'latency': 0}, (2, 4): {'latency': 0}, (2, 5): {'latency': 0}, (2, 7): {'latency': 2.064995873559851}}}",[],0.0,0.0,True,False,False,0,[],0,0.0,10.0,12.0
36,5,5,776.0,1280.0,662709.1775162016,1090239.5488333842,0.60625,0.6078564827567818,13,42,0,454.06179755350854,43258,7308,35950,0.03588390501319261,0.027274203149521115,35,0.061797553508545384,454.0,10,24,False,{},{},{},{},0.0,0.0,0.0,0.0,0.0,0.0,0.0,0.0,0.0,0.0,0.0,0.0,0.0,0.0,Leave Event,0.0,"{'node_level': {}, 'link_level': {}, 'path_level': {}}","{'node_level': {}, 'link_level': {}, 'path_level': {}}","{'node_level': {}, 'link_level': {}, 'path_level': {}}",[],0.0,0.0,True,True,False,0,[],0,0.0,,
37,5,5,776.0,1280.0,662709.1775162016,1090239.5488333842,0.60625,0.6078564827567818,13,43,1,466.0,43258,7308,35950,0.03588390501319261,0.027274203149521115,36,48.74923055937852,466.0,9,13,False,"{3: 80, 4: 46, 5: 65, 6: 98, 8: 39, 2: 90, 1: 40, 7: 61, 0: 41}","{(0, 5): [(41, 65)], (0, 6): [(41, 16), (16, 34), (34, 98)], (0, 7): []}","{(3, 80): {'cpu': 14}, (4, 46): {'cpu': 15}, (5, 65): {'cpu': 18}, (6, 98): {'cpu': 11}, (8, 39): {'cpu': 3}, (2, 90): {'cpu': 7}, (1, 40): {'cpu': 5}, (7, 61): {'cpu': 20}, (0, 41): {'cpu': 1}}","{((0, 5), (41, 65)): {'bw': 33}, ((0, 6), (41, 16)): {'bw': 44}, ((0, 6), (16, 34)): {'bw': 44}, ((0, 6), (34, 98)): {'bw': 44}}",0.0,0.0,471.0,94.0,377.0,0.0,0.0,0.0,0.0,0.0,0.0,0.0,0.0,0.0,Route Failure,5.564283134361245,"{'node_level': {}, 'link_level': {}, 'path_level': {}}","{'node_level': {3: {'cpu': -54}, 4: {'cpu': -50}, 5: {'cpu': -75}, 6: {'cpu': -74}, 8: {'cpu': -43}, 2: {'cpu': -69}, 1: {'cpu': -58}, 7: {'cpu': -29}, 0: {'cpu': -77}}, 'link_level': {(0, 5): {'bw': -52}, (0, 6): {'bw': -27}, (0, 7): {'bw': -57}}, 'path_level': {(0, 5): {'latency': -1.2668227765716078}, (0, 6): {'latency': -7.3590768713463515}, (0, 7): {'latency': 5.564283134361245}}}","{'node_level': {3: {'cpu': 0}, 4: {'cpu': 0}, 5: {'cpu': 0}, 6: {'cpu': 0}, 8: {'cpu': 0}, 2: {'cpu': 0}, 1: {'cpu': 0}, 7: {'cpu': 0}, 0: {'cpu': 0}}, 'link_level': {(0, 5): {'bw': 0}, (0, 6): {'bw': 0}, (0, 7): {'bw': 0}}, 'path_level': {(0, 5): {'latency': 0}, (0, 6): {'latency': 0}, (0, 7): {'latency': 5.564283134361245}}}",[],0.0,0.0,True,False,False,0,[],0,0.0,9.0,3.0
37,5,4,776.0,1280.0,662709.1775162016,1090239.5488333842,0.60625,0.6078564827567818,13,44,0,466.9372245728824,43574,7385,36189,0.02572559366754612,0.02080740299799777,10,323.9372245728824,143.0,6,5,False,{},{},{},{},0.0,0.0,0.0,0.0,0.0,0.0,0.0,0.0,0.0,0.0,0.0,0.0,0.0,0.0,Leave Event,0.0,"{'node_level': {}, 'link_level': {}, 'path_level': {}}","{'node_level': {}, 'link_level': {}, 'path_level': {}}","{'node_level': {}, 'link_level': {}, 'path_level': {}}",[],0.0,0.0,True,True,False,0,[],0,0.0,,
38,5,4,776.0,1280.0,662709.1775162016,1090239.5488333842,0.60625,0.6078564827567818,13,45,1,475.0,43574,7385,36189,0.02572559366754612,0.02080740299799777,37,96.25648701746277,475.0,3,2,False,"{1: 61, 0: 34, 2: 51}","{(0, 1): [(34, 3), (3, 36), (36, 61)], (1, 2): []}","{(1, 61): {'cpu': 18}, (0, 34): {'cpu': 20}, (2, 51): {'cpu': 17}}","{((0, 1), (34, 3)): {'bw': 42}, ((0, 1), (3, 36)): {'bw': 42}, ((0, 1), (36, 61)): {'bw': 42}}",0.0,0.0,141.0,55.0,86.0,0.0,0.0,0.0,0.0,0.0,0.0,0.0,0.0,0.0,Route Failure,5.7473746967958865,"{'node_level': {}, 'link_level': {}, 'path_level': {}}","{'node_level': {1: {'cpu': -45}, 0: {'cpu': -76}, 2: {'cpu': -61}}, 'link_level': {(0, 1): {'bw': -9}, (1, 2): {'bw': -30}}, 'path_level': {(0, 1): {'latency': -5.643184022432624}, (1, 2): {'latency': 5.7473746967958865}}}","{'node_level': {1: {'cpu': 0}, 0: {'cpu': 0}, 2: {'cpu': 0}}, 'link_level': {(0, 1): {'bw': 0}, (1, 2): {'bw': 0}}, 'path_level': {(0, 1): {'latency': 0}, (1, 2): {'latency': 5.7473746967958865}}}",[],0.0,0.0,True,False,False,0,[],0,0.0,3.0,2.0
39,5,4,776.0,1280.0,662709.1775162016,1090239.5488333842,0.60625,0.6078564827567818,13,46,1,484.0,43574,7385,36189,0.02572559366754612,0.02080740299799777,38,361.65802229607726,484.0,8,13,False,"{5: 61, 3: 34, 1: 51, 2: 41, 6: 11, 0: 83, 7: 80, 4: 46}","{(0, 1): []}","{(5, 61): {'cpu': 19}, (3, 34): {'cpu': 20}, (1, 51): {'cpu': 14}, (2, 41): {'cpu': 13}, (6, 11): {'cpu': 10}, (0, 83): {'cpu': 4}, (7, 80): {'cpu': 2}, (4, 46): {'cpu': 2}}",{},0.0,0.0,508.0,84.0,424.0,0.0,0.0,0.0,0.0,0.0,0.0,0.0,0.0,0.0,Route Failure,3.8965195060494886,"{'node_level': {}, 'link_level': {}, 'path_level': {}}","{'node_level': {5: {'cpu': -44}, 3: {'cpu': -76}, 1: {'cpu': -64}, 2: {'cpu': -80}, 6: {'cpu': -54}, 0: {'cpu': -75}, 7: {'cpu': -66}, 4: {'cpu': -63}}, 'link_level': {(0, 1): {'bw': -28}}, 'path_level': {(0, 1): {'latency': 3.8965195060494886}}}","{'node_level': {5: {'cpu': 0}, 3: {'cpu': 0}, 1: {'cpu': 0}, 2: {'cpu': 0}, 6: {'cpu': 0}, 0: {'cpu': 0}, 7: {'cpu': 0}, 4: {'cpu': 0}}, 'link_level': {(0, 1): {'bw': 0}}, 'path_level': {(0, 1): {'latency': 3.8965195060494886}}}",[],0.0,0.0,True,False,False,0,[],0,0.0,8.0,1.0
39,5,3,776.0,1280.0,662709.1775162016,1090239.5488333842,0.60625,0.6078564827567818,13,47,0,493.79783299948133,43730,7427,36303,0.020184696569920835,0.017722820498944802,7,379.79783299948133,114.0,3,2,False,{},{},{},{},0.0,0.0,0.0,0.0,0.0,0.0,0.0,0.0,0.0,0.0,0.0,0.0,0.0,0.0,Leave Event,0.0,"{'node_level': {}, 'link_level': {}, 'path_level': {}}","{'node_level': {}, 'link_level': {}, 'path_level': {}}","{'node_level': {}, 'link_level': {}, 'path_level': {}}",[],0.0,0.0,True,True,False,0,[],0,0.0,,
40,5,3,776.0,1280.0,662709.1775162016,1090239.5488333842,0.60625,0.6078564827567818,13,48,1,499.0,43730,7427,36303,0.020184696569920835,0.017722820498944802,39,1060.091556566643,499.0,10,23,False,"{4: 61, 8: 11, 7: 51, 5: 34, 9: 41, 3: 31, 0: 83, 6: 80, 1: 46, 2: 65}","{(0, 2): []}","{(4, 61): {'cpu': 14}, (8, 11): {'cpu': 11}, (7, 51): {'cpu': 13}, (5, 34): {'cpu': 12}, (9, 41): {'cpu': 17}, (3, 31): {'cpu': 10}, (0, 83): {'cpu': 3}, (6, 80): {'cpu': 4}, (1, 46): {'cpu': 4}, (2, 65): {'cpu': 2}}",{},0.0,0.0,805.0,90.0,715.0,0.0,0.0,0.0,0.0,0.0,0.0,0.0,0.0,0.0,Route Failure,1.4718423595220553,"{'node_level': {}, 'link_level': {}, 'path_level': {}}","{'node_level': {4: {'cpu': -68}, 8: {'cpu': -69}, 7: {'cpu': -72}, 5: {'cpu': -84}, 9: {'cpu': -76}, 3: {'cpu': -45}, 0: {'cpu': -76}, 6: {'cpu': -64}, 1: {'cpu': -61}, 2: {'cpu': -91}}, 'link_level': {(0, 2): {'bw': -56}}, 'path_level': {(0, 2): {'latency': 1.4718423595220553}}}","{'node_level': {4: {'cpu': 0}, 8: {'cpu': 0}, 7: {'cpu': 0}, 5: {'cpu': 0}, 9: {'cpu': 0}, 3: {'cpu': 0}, 0: {'cpu': 0}, 6: {'cpu': 0}, 1: {'cpu': 0}, 2: {'cpu': 0}}, 'link_level': {(0, 2): {'bw': 0}}, 'path_level': {(0, 2): {'latency': 1.4718423595220553}}}",[],0.0,0.0,True,False,False,0,[],0,0.0,10.0,1.0
41,5,3,776.0,1280.0,662709.1775162016,1090239.5488333842,0.60625,0.6078564827567818,13,49,1,507.0,43730,7427,36303,0.020184696569920835,0.017722820498944802,40,768.074948306996,507.0,7,11,False,"{4: 61, 2: 11, 0: 51, 1: 34, 6: 41, 3: 31, 5: 83}","{(0, 1): [(51, 13), (13, 5), (5, 34)], (0, 2): [(51, 59), (59, 11)], (1, 3): []}","{(4, 61): {'cpu': 19}, (2, 11): {'cpu': 10}, (0, 51): {'cpu': 13}, (1, 34): {'cpu': 7}, (6, 41): {'cpu': 2}, (3, 31): {'cpu': 2}, (5, 83): {'cpu': 3}}","{((0, 1), (51, 13)): {'bw': 28}, ((0, 1), (13, 5)): {'bw': 28}, ((0, 1), (5, 34)): {'bw': 28}, ((0, 2), (51, 59)): {'bw': 27}, ((0, 2), (59, 11)): {'bw': 27}}",0.0,0.0,305.0,56.0,249.0,0.0,0.0,0.0,0.0,0.0,0.0,0.0,0.0,0.0,Route Failure,4.640436705550529,"{'node_level': {}, 'link_level': {}, 'path_level': {}}","{'node_level': {4: {'cpu': -63}, 2: {'cpu': -70}, 0: {'cpu': -72}, 1: {'cpu': -89}, 6: {'cpu': -91}, 3: {'cpu': -53}, 5: {'cpu': -76}}, 'link_level': {(0, 1): {'bw': -32}, (0, 2): {'bw': -9}, (1, 3): {'bw': -48}}, 'path_level': {(0, 1): {'latency': -1.0870277091330003}, (0, 2): {'latency': -3.7712310290933466}, (1, 3): {'latency': 4.640436705550529}}}","{'node_level': {4: {'cpu': 0}, 2: {'cpu': 0}, 0: {'cpu': 0}, 1: {'cpu': 0}, 6: {'cpu': 0}, 3: {'cpu': 0}, 5: {'cpu': 0}}, 'link_level': {(0, 1): {'bw': 0}, (0, 2): {'bw': 0}, (1, 3): {'bw': 0}}, 'path_level': {(0, 1): {'latency': 0}, (0, 2): {'latency': 0}, (1, 3): {'latency': 4.640436705550529}}}",[],0.0,0.0,True,False,False,0,[],0,0.0,7.0,3.0
41,5,3,776.0,1280.0,662709.1775162016,1090239.5488333842,0.60625,0.6078564827567818,13,50,0,514.7492305593785,43730,7427,36303,0.020184696569920835,0.017722820498944802,36,48.74923055937852,466.0,9,13,False,{},{},{},{},0.0,0.0,0.0,0.0,0.0,0.0,0.0,0.0,0.0,0.0,0.0,0.0,0.0,0.0,Leave Event,0.0,"{'node_level': {}, 'link_level': {}, 'path_level': {}}","{'node_level': {}, 'link_level': {}, 'path_level': {}}","{'node_level': {}, 'link_level': {}, 'path_level': {}}",[],0.0,0.0,True,True,False,0,[],0,0.0,,
42,5,3,776.0,1280.0,662709.1775162016,1090239.5488333842,0.60625,0.6078564827567818,13,51,1,527.0,43730,7427,36303,0.020184696569920835,0.017722820498944802,41,377.3210884109764,527.0,5,6,False,"{4: 61, 1: 11, 0: 51, 2: 34, 3: 41}","{(0, 1): [(51, 59), (59, 11)], (0, 2): []}","{(4, 61): {'cpu': 11}, (1, 11): {'cpu': 19}, (0, 51): {'cpu': 17}, (2, 34): {'cpu': 12}, (3, 41): {'cpu': 7}}","{((0, 1), (51, 59)): {'bw': 22}, ((0, 1), (59, 11)): {'bw': 22}}",0.0,0.0,188.0,66.0,122.0,0.0,0.0,0.0,0.0,0.0,0.0,0.0,0.0,0.0,Route Failure,6.737783038378926,"{'node_level': {}, 'link_level': {}, 'path_level': {}}","{'node_level': {4: {'cpu': -71}, 1: {'cpu': -61}, 0: {'cpu': -68}, 2: {'cpu': -84}, 3: {'cpu': -86}}, 'link_level': {(0, 1): {'bw': -14}, (0, 2): {'bw': -49}}, 'path_level': {(0, 1): {'latency': -5.424334151835483}, (0, 2): {'latency': 6.737783038378926}}}","{'node_level': {4: {'cpu': 0}, 1: {'cpu': 0}, 0: {'cpu': 0}, 2: {'cpu': 0}, 3: {'cpu': 0}}, 'link_level': {(0, 1): {'bw': 0}, (0, 2): {'bw': 0}}, 'path_level': {(0, 1): {'latency': 0}, (0, 2): {'latency': 6.737783038378926}}}",[],0.0,0.0,True,False,False,0,[],0,0.0,5.0,2.0
42,5,3,776.0,1280.0,662709.1775162016,1090239.5488333842,0.60625,0.6078564827567818,13,52,0,531.6637651709117,43730,7427,36303,0.020184696569920835,0.017722820498944802,0,520.6637651709117,11.0,10,19,False,{},{},{},{},0.0,0.0,0.0,0.0,0.0,0.0,0.0,0.0,0.0,0.0,0.0,0.0,0.0,0.0,Leave Event,0.0,"{'node_level': {}, 'link_level': {}, 'path_level': {}}","{'node_level': {}, 'link_level': {}, 'path_level': {}}","{'node_level': {}, 'link_level': {}, 'path_level': {}}",[],0.0,0.0,True,True,False,0,[],0,0.0,,
42,5,3,776.0,1280.0,662709.1775162016,1090239.5488333842,0.60625,0.6078564827567818,13,53,0,531.8527103320001,43730,7427,36303,0.020184696569920835,0.017722820498944802,5,448.85271033200013,83.0,9,21,False,{},{},{},{},0.0,0.0,0.0,0.0,0.0,0.0,0.0,0.0,0.0,0.0,0.0,0.0,0.0,0.0,Leave Event,0.0,"{'node_level': {}, 'link_level': {}, 'path_level': {}}","{'node_level': {}, 'link_level': {}, 'path_level': {}}","{'node_level': {}, 'link_level': {}, 'path_level': {}}",[],0.0,0.0,True,True,False,0,[],0,0.0,,
43,6,4,843.0,1382.0,673428.5733991028,1106558.6291327262,0.6099855282199711,0.6085792073456673,13,54,1,541.0,43628,7395,36233,0.02440633245382584,0.019616862384328138,42,159.99098332688337,541.0,2,1,True,"{0: 61, 1: 11}","{(0, 1): [(61, 31), (31, 11)]}","{(0, 61): {'cpu': 20}, (1, 11): {'cpu': 12}}","{((0, 1), (61, 31)): {'bw': 35}, ((0, 1), (31, 11)): {'bw': 35}}",102.0,67.0,67.0,32.0,35.0,32.0,35.0,32.0,70.0,35.0,0.6568627450980392,16319.080299342104,10719.395882901186,105.09211649903123,Success,0.0,"{'node_level': {}, 'link_level': {}, 'path_level': {}}","{'node_level': {0: {'cpu': -62}, 1: {'cpu': -68}}, 'link_level': {(0, 1): {'bw': -26}}, 'path_level': {(0, 1): {'latency': -3.9690139683655143}}}","{'node_level': {0: {'cpu': 0}, 1: {'cpu': 0}}, 'link_level': {(0, 1): {'bw': 0}}, 'path_level': {(0, 1): {'latency': 0}}}",[],0.0,0.0,True,True,False,0,[],0,0.0,2.0,1.0
44,6,4,843.0,1382.0,673428.5733991028,1106558.6291327262,0.6099855282199711,0.6085792073456673,13,55,1,554.0,43628,7395,36233,0.02440633245382584,0.019616862384328138,43,13.369228373256988,554.0,2,1,False,"{0: 51, 1: 61}","{(0, 1): []}","{(0, 51): {'cpu': 13}, (1, 61): {'cpu': 8}}",{},0.0,0.0,39.0,21.0,18.0,0.0,0.0,0.0,0.0,0.0,0.0,0.0,0.0,0.0,Route Failure,4.03716697594696,"{'node_level': {}, 'link_level': {}, 'path_level': {}}","{'node_level': {0: {'cpu': -72}, 1: {'cpu': -54}}, 'link_level': {(0, 1): {'bw': -40}}, 'path_level': {(0, 1): {'latency': 4.03716697594696}}}","{'node_level': {0: {'cpu': 0}, 1: {'cpu': 0}}, 'link_level': {(0, 1): {'bw': 0}}, 'path_level': {(0, 1): {'latency': 4.03716697594696}}}",[],0.0,0.0,True,False,False,0,[],0,0.0,2.0,1.0
44,6,4,843.0,1382.0,673428.5733991028,1106558.6291327262,0.6099855282199711,0.6085792073456673,13,56,0,555.801730016528,43628,7395,36233,0.02440633245382584,0.019616862384328138,28,193.80173001652807,362.0,6,9,False,{},{},{},{},0.0,0.0,0.0,0.0,0.0,0.0,0.0,0.0,0.0,0.0,0.0,0.0,0.0,0.0,Leave Event,0.0,"{'node_level': {}, 'link_level': {}, 'path_level': {}}","{'node_level': {}, 'link_level': {}, 'path_level': {}}","{'node_level': {}, 'link_level': {}, 'path_level': {}}",[],0.0,0.0,True,True,False,0,[],0,0.0,,
44,6,4,843.0,1382.0,673428.5733991028,1106558.6291327262,0.6099855282199711,0.6085792073456673,13,57,0,556.476866298711,43628,7395,36233,0.02440633245382584,0.019616862384328138,30,162.47686629871106,394.0,6,10,False,{},{},{},{},0.0,0.0,0.0,0.0,0.0,0.0,0.0,0.0,0.0,0.0,0.0,0.0,0.0,0.0,Leave Event,0.0,"{'node_level': {}, 'link_level': {}, 'path_level': {}}","{'node_level': {}, 'link_level': {}, 'path_level': {}}","{'node_level': {}, 'link_level': {}, 'path_level': {}}",[],0.0,0.0,True,True,False,0,[],0,0.0,,
44,6,4,843.0,1382.0,673428.5733991028,1106558.6291327262,0.6099855282199711,0.6085792073456673,13,58,0,560.7783929664226,43628,7395,36233,0.02440633245382584,0.019616862384328138,9,427.7783929664227,133.0,6,9,False,{},{},{},{},0.0,0.0,0.0,0.0,0.0,0.0,0.0,0.0,0.0,0.0,0.0,0.0,0.0,0.0,Leave Event,0.0,"{'node_level': {}, 'link_level': {}, 'path_level': {}}","{'node_level': {}, 'link_level': {}, 'path_level': {}}","{'node_level': {}, 'link_level': {}, 'path_level': {}}",[],0.0,0.0,True,True,False,0,[],0,0.0,,
45,7,5,1041.0,1752.0,875188.791447028,1483585.2992222835,0.5941780821917808,0.5899147099299342,13,59,1,562.0,43258,7370,35888,0.02770448548812665,0.028951783105146345,44,1018.9910002420468,562.0,4,5,True,"{1: 51, 3: 61, 2: 34, 0: 41}","{(0, 1): [(41, 80), (80, 51)], (0, 2): [(41, 16), (16, 34)], (0, 3): [(41, 94), (94, 61)], (1, 3): [(51, 61)], (2, 3): [(34, 32), (32, 57), (57, 61)]}","{(1, 51): {'cpu': 10}, (3, 61): {'cpu': 5}, (2, 34): {'cpu': 9}, (0, 41): {'cpu': 1}}","{((0, 1), (41, 80)): {'bw': 20}, ((0, 1), (80, 51)): {'bw': 20}, ((0, 2), (41, 16)): {'bw': 23}, ((0, 2), (16, 34)): {'bw': 23}, ((0, 3), (41, 94)): {'bw': 39}, ((0, 3), (94, 61)): {'bw': 39}, ((1, 3), (51, 61)): {'bw': 46}, ((2, 3), (34, 32)): {'bw': 45}, ((2, 3), (32, 57)): {'bw': 45}, ((2, 3), (57, 61)): {'bw': 45}}",370.0,198.0,198.0,25.0,173.0,25.0,173.0,25.0,345.0,172.0,0.5351351351351351,377026.6700895573,201760.21804792527,545.2978866160142,Success,0.0,"{'node_level': {}, 'link_level': {}, 'path_level': {}}","{'node_level': {1: {'cpu': -75}, 3: {'cpu': -57}, 2: {'cpu': -87}, 0: {'cpu': -92}}, 'link_level': {(0, 1): {'bw': -27}, (0, 2): {'bw': -48}, (0, 3): {'bw': -19}, (1, 3): {'bw': -4}, (2, 3): {'bw': -23}}, 'path_level': {(0, 1): {'latency': -10.944416688204937}, (0, 2): {'latency': -4.252446626412327}, (0, 3): {'latency': -3.44134817833093}, (1, 3): {'latency': -3.0256046450444827}, (2, 3): {'latency': -1.2020572212011}}}","{'node_level': {1: {'cpu': 0}, 3: {'cpu': 0}, 2: {'cpu': 0}, 0: {'cpu': 0}}, 'link_level': {(0, 1): {'bw': 0}, (0, 2): {'bw': 0}, (0, 3): {'bw': 0}, (1, 3): {'bw': 0}, (2, 3): {'bw': 0}}, 'path_level': {(0, 1): {'latency': 0}, (0, 2): {'latency': 0}, (0, 3): {'latency': 0}, (1, 3): {'latency': 0}, (2, 3): {'latency': 0}}}",[],0.0,0.0,True,True,False,0,[],0,0.0,4.0,5.0
45,7,5,1041.0,1752.0,875188.791447028,1483585.2992222835,0.5941780821917808,0.5899147099299342,13,60,0,563.6157417730874,43258,7370,35888,0.02770448548812665,0.028951783105146345,34,119.61574177308734,444.0,4,3,False,{},{},{},{},0.0,0.0,0.0,0.0,0.0,0.0,0.0,0.0,0.0,0.0,0.0,0.0,0.0,0.0,Leave Event,0.0,"{'node_level': {}, 'link_level': {}, 'path_level': {}}","{'node_level': {}, 'link_level': {}, 'path_level': {}}","{'node_level': {}, 'link_level': {}, 'path_level': {}}",[],0.0,0.0,True,True,False,0,[],0,0.0,,
45,7,5,1041.0,1752.0,875188.791447028,1483585.2992222835,0.5941780821917808,0.5899147099299342,13,61,0,567.369228373257,43258,7370,35888,0.02770448548812665,0.028951783105146345,43,13.369228373256988,554.0,2,1,False,{},{},{},{},0.0,0.0,0.0,0.0,0.0,0.0,0.0,0.0,0.0,0.0,0.0,0.0,0.0,0.0,Leave Event,0.0,"{'node_level': {}, 'link_level': {}, 'path_level': {}}","{'node_level': {}, 'link_level': {}, 'path_level': {}}","{'node_level': {}, 'link_level': {}, 'path_level': {}}",[],0.0,0.0,True,True,False,0,[],0,0.0,,
45,7,5,1041.0,1752.0,875188.791447028,1483585.2992222835,0.5941780821917808,0.5899147099299342,13,62,0,571.2564870174627,43258,7370,35888,0.02770448548812665,0.028951783105146345,37,96.25648701746277,475.0,3,2,False,{},{},{},{},0.0,0.0,0.0,0.0,0.0,0.0,0.0,0.0,0.0,0.0,0.0,0.0,0.0,0.0,Leave Event,0.0,"{'node_level': {}, 'link_level': {}, 'path_level': {}}","{'node_level': {}, 'link_level': {}, 'path_level': {}}","{'node_level': {}, 'link_level': {}, 'path_level': {}}",[],0.0,0.0,True,True,False,0,[],0,0.0,,
46,7,5,1041.0,1752.0,875188.791447028,1483585.2992222835,0.5941780821917808,0.5899147099299342,13,63,1,573.0,43258,7370,35888,0.02770448548812665,0.028951783105146345,45,161.09388194395453,573.0,10,18,False,"{7: 11, 1: 51, 5: 83, 9: 61, 2: 41, 3: 46, 0: 65, 6: 98, 4: 39, 8: 90}","{(0, 1): [(65, 95), (95, 51)], (0, 2): [(65, 41)], (0, 4): [(65, 8), (8, 39)], (0, 5): [(65, 14), (14, 83)], (1, 3): [(51, 46)], (1, 5): [(51, 81), (81, 83)], (1, 6): [(51, 13), (13, 49), (49, 98)], (1, 7): [(51, 91), (91, 11)], (2, 7): []}","{(7, 11): {'cpu': 20}, (1, 51): {'cpu': 15}, (5, 83): {'cpu': 15}, (9, 61): {'cpu': 19}, (2, 41): {'cpu': 19}, (3, 46): {'cpu': 14}, (0, 65): {'cpu': 6}, (6, 98): {'cpu': 4}, (4, 39): {'cpu': 3}, (8, 90): {'cpu': 2}}","{((0, 1), (65, 95)): {'bw': 50}, ((0, 1), (95, 51)): {'bw': 50}, ((0, 2), (65, 41)): {'bw': 23}, ((0, 4), (65, 8)): {'bw': 48}, ((0, 4), (8, 39)): {'bw': 48}, ((0, 5), (65, 14)): {'bw': 27}, ((0, 5), (14, 83)): {'bw': 27}, ((1, 3), (51, 46)): {'bw': 38}, ((1, 5), (51, 81)): {'bw': 45}, ((1, 5), (81, 83)): {'bw': 45}, ((1, 6), (51, 13)): {'bw': 42}, ((1, 6), (13, 49)): {'bw': 42}, ((1, 6), (49, 98)): {'bw': 42}, ((1, 7), (51, 91)): {'bw': 44}, ((1, 7), (91, 11)): {'bw': 44}}",0.0,0.0,733.0,117.0,616.0,0.0,0.0,0.0,0.0,0.0,0.0,0.0,0.0,0.0,Route Failure,5.46722684029768,"{'node_level': {}, 'link_level': {}, 'path_level': {}}","{'node_level': {7: {'cpu': -48}, 1: {'cpu': -60}, 5: {'cpu': -64}, 9: {'cpu': -38}, 2: {'cpu': -73}, 3: {'cpu': -51}, 0: {'cpu': -87}, 6: {'cpu': -81}, 4: {'cpu': -43}, 8: {'cpu': -74}}, 'link_level': {(0, 1): {'bw': -21}, (0, 2): {'bw': -62}, (0, 4): {'bw': -35}, (0, 5): {'bw': -55}, (1, 3): {'bw': -58}, (1, 5): {'bw': -15}, (1, 6): {'bw': -22}, (1, 7): {'bw': -12}, (2, 7): {'bw': -13}}, 'path_level': {(0, 1): {'latency': -5.220093888397433}, (0, 2): {'latency': -11.446792403033658}, (0, 4): {'latency': -5.560620716921555}, (0, 5): {'latency': -5.354736778895845}, (1, 3): {'latency': -6.829337706989371}, (1, 5): {'latency': -5.359502534242018}, (1, 6): {'latency': -2.501671933358441}, (1, 7): {'latency': -3.2834394807055345}, (2, 7): {'latency': 5.46722684029768}}}","{'node_level': {7: {'cpu': 0}, 1: {'cpu': 0}, 5: {'cpu': 0}, 9: {'cpu': 0}, 2: {'cpu': 0}, 3: {'cpu': 0}, 0: {'cpu': 0}, 6: {'cpu': 0}, 4: {'cpu': 0}, 8: {'cpu': 0}}, 'link_level': {(0, 1): {'bw': 0}, (0, 2): {'bw': 0}, (0, 4): {'bw': 0}, (0, 5): {'bw': 0}, (1, 3): {'bw': 0}, (1, 5): {'bw': 0}, (1, 6): {'bw': 0}, (1, 7): {'bw': 0}, (2, 7): {'bw': 0}}, 'path_level': {(0, 1): {'latency': 0}, (0, 2): {'latency': 0}, (0, 4): {'latency': 0}, (0, 5): {'latency': 0}, (1, 3): {'latency': 0}, (1, 5): {'latency': 0}, (1, 6): {'latency': 0}, (1, 7): {'latency': 0}, (2, 7): {'latency': 5.46722684029768}}}",[],0.0,0.0,True,False,False,0,[],0,0.0,10.0,9.0
47,7,5,1041.0,1752.0,875188.791447028,1483585.2992222835,0.5941780821917808,0.5899147099299342,13,64,1,590.0,43258,7370,35888,0.02770448548812665,0.028951783105146345,46,78.44993529493813,590.0,10,21,False,"{7: 11, 3: 51, 1: 83, 8: 61, 6: 41, 4: 46, 0: 65, 5: 98, 2: 39, 9: 90}","{(0, 2): [(65, 8), (8, 39)], (0, 3): [(65, 95), (95, 51)], (0, 7): []}","{(7, 11): {'cpu': 14}, (3, 51): {'cpu': 9}, (1, 83): {'cpu': 8}, (8, 61): {'cpu': 8}, (6, 41): {'cpu': 19}, (4, 46): {'cpu': 18}, (0, 65): {'cpu': 6}, (5, 98): {'cpu': 7}, (2, 39): {'cpu': 5}, (9, 90): {'cpu': 10}}","{((0, 2), (65, 8)): {'bw': 50}, ((0, 2), (8, 39)): {'bw': 50}, ((0, 3), (65, 95)): {'bw': 36}, ((0, 3), (95, 51)): {'bw': 36}}",0.0,0.0,631.0,104.0,527.0,0.0,0.0,0.0,0.0,0.0,0.0,0.0,0.0,0.0,Route Failure,8.970172579175221,"{'node_level': {}, 'link_level': {}, 'path_level': {}}","{'node_level': {7: {'cpu': -54}, 3: {'cpu': -66}, 1: {'cpu': -71}, 8: {'cpu': -49}, 6: {'cpu': -73}, 4: {'cpu': -47}, 0: {'cpu': -87}, 5: {'cpu': -78}, 2: {'cpu': -41}, 9: {'cpu': -66}}, 'link_level': {(0, 2): {'bw': -33}, (0, 3): {'bw': -35}, (0, 7): {'bw': -39}}, 'path_level': {(0, 2): {'latency': -2.832683790823907}, (0, 3): {'latency': -2.6969744021830824}, (0, 7): {'latency': 8.970172579175221}}}","{'node_level': {7: {'cpu': 0}, 3: {'cpu': 0}, 1: {'cpu': 0}, 8: {'cpu': 0}, 6: {'cpu': 0}, 4: {'cpu': 0}, 0: {'cpu': 0}, 5: {'cpu': 0}, 2: {'cpu': 0}, 9: {'cpu': 0}}, 'link_level': {(0, 2): {'bw': 0}, (0, 3): {'bw': 0}, (0, 7): {'bw': 0}}, 'path_level': {(0, 2): {'latency': 0}, (0, 3): {'latency': 0}, (0, 7): {'latency': 8.970172579175221}}}",[],0.0,0.0,True,False,False,0,[],0,0.0,10.0,3.0
48,8,6,1242.0,2109.0,945943.7508090524,1609254.5554025953,0.5889046941678521,0.5878148659783665,13,65,1,608.0,42901,7326,35575,0.03350923482849599,0.03742085610693224,47,352.0147231941509,608.0,4,6,True,"{1: 11, 3: 51, 0: 83, 2: 61}","{(0, 1): [(83, 11)], (0, 2): [(83, 81), (81, 61)], (0, 3): [(83, 80), (80, 51)], (1, 2): [(11, 36), (36, 61)], (1, 3): [(11, 91), (91, 51)], (2, 3): [(61, 59), (59, 51)]}","{(1, 11): {'cpu': 12}, (3, 51): {'cpu': 11}, (0, 83): {'cpu': 15}, (2, 61): {'cpu': 6}}","{((0, 1), (83, 11)): {'bw': 1}, ((0, 2), (83, 81)): {'bw': 25}, ((0, 2), (81, 61)): {'bw': 25}, ((0, 3), (83, 80)): {'bw': 33}, ((0, 3), (80, 51)): {'bw': 33}, ((1, 2), (11, 36)): {'bw': 40}, ((1, 2), (36, 61)): {'bw': 40}, ((1, 3), (11, 91)): {'bw': 45}, ((1, 3), (91, 51)): {'bw': 45}, ((2, 3), (61, 59)): {'bw': 13}, ((2, 3), (59, 51)): {'bw': 13}}",357.0,201.0,201.0,44.0,157.0,44.0,157.0,44.0,313.0,156.0,0.5630252100840336,125669.25618031187,70754.95936202434,198.19316347905976,Success,0.0,"{'node_level': {}, 'link_level': {}, 'path_level': {}}","{'node_level': {1: {'cpu': -56}, 3: {'cpu': -64}, 0: {'cpu': -64}, 2: {'cpu': -51}}, 'link_level': {(0, 1): {'bw': -46}, (0, 2): {'bw': -35}, (0, 3): {'bw': -10}, (1, 2): {'bw': -18}, (1, 3): {'bw': -11}, (2, 3): {'bw': -47}}, 'path_level': {(0, 1): {'latency': -1.5661011624618415}, (0, 2): {'latency': -5.65118579192151}, (0, 3): {'latency': -8.054347974704381}, (1, 2): {'latency': -6.519577880786387}, (1, 3): {'latency': -5.966921806089578}, (2, 3): {'latency': -8.761449289103089}}}","{'node_level': {1: {'cpu': 0}, 3: {'cpu': 0}, 0: {'cpu': 0}, 2: {'cpu': 0}}, 'link_level': {(0, 1): {'bw': 0}, (0, 2): {'bw': 0}, (0, 3): {'bw': 0}, (1, 2): {'bw': 0}, (1, 3): {'bw': 0}, (2, 3): {'bw': 0}}, 'path_level': {(0, 1): {'latency': 0}, (0, 2): {'latency': 0}, (0, 3): {'latency': 0}, (1, 2): {'latency': 0}, (1, 3): {'latency': 0}, (2, 3): {'latency': 0}}}",[],0.0,0.0,True,True,False,0,[],0,0.0,4.0,6.0
48,8,6,1242.0,2109.0,945943.7508090524,1609254.5554025953,0.5889046941678521,0.5878148659783665,13,66,0,620.8719616889837,42901,7326,35575,0.03350923482849599,0.03742085610693224,12,456.8719616889836,164.0,9,14,False,{},{},{},{},0.0,0.0,0.0,0.0,0.0,0.0,0.0,0.0,0.0,0.0,0.0,0.0,0.0,0.0,Leave Event,0.0,"{'node_level': {}, 'link_level': {}, 'path_level': {}}","{'node_level': {}, 'link_level': {}, 'path_level': {}}","{'node_level': {}, 'link_level': {}, 'path_level': {}}",[],0.0,0.0,True,True,False,0,[],0,0.0,,
49,8,6,1242.0,2109.0,945943.7508090524,1609254.5554025953,0.5889046941678521,0.5878148659783665,13,67,1,625.0,42901,7326,35575,0.03350923482849599,0.03742085610693224,48,204.055301157294,625.0,8,19,False,"{5: 41, 0: 46, 3: 65, 7: 98, 2: 39, 6: 90, 4: 40, 1: 34}","{(0, 3): [(46, 26), (26, 2), (2, 65)], (0, 5): [(46, 39), (39, 41)], (0, 6): [(46, 84), (84, 90)], (0, 7): [(46, 53), (53, 9), (9, 98)], (1, 5): []}","{(5, 41): {'cpu': 19}, (0, 46): {'cpu': 14}, (3, 65): {'cpu': 8}, (7, 98): {'cpu': 5}, (2, 39): {'cpu': 3}, (6, 90): {'cpu': 2}, (4, 40): {'cpu': 2}, (1, 34): {'cpu': 1}}","{((0, 3), (46, 26)): {'bw': 23}, ((0, 3), (26, 2)): {'bw': 23}, ((0, 3), (2, 65)): {'bw': 23}, ((0, 5), (46, 39)): {'bw': 36}, ((0, 5), (39, 41)): {'bw': 36}, ((0, 6), (46, 84)): {'bw': 33}, ((0, 6), (84, 90)): {'bw': 33}, ((0, 7), (46, 53)): {'bw': 43}, ((0, 7), (53, 9)): {'bw': 43}, ((0, 7), (9, 98)): {'bw': 43}}",0.0,0.0,600.0,54.0,546.0,0.0,0.0,0.0,0.0,0.0,0.0,0.0,0.0,0.0,Route Failure,7.72724457635796,"{'node_level': {}, 'link_level': {}, 'path_level': {}}","{'node_level': {5: {'cpu': -73}, 0: {'cpu': -51}, 3: {'cpu': -85}, 7: {'cpu': -80}, 2: {'cpu': -43}, 6: {'cpu': -74}, 4: {'cpu': -61}, 1: {'cpu': -86}}, 'link_level': {(0, 3): {'bw': -48}, (0, 5): {'bw': -57}, (0, 6): {'bw': -64}, (0, 7): {'bw': -12}, (1, 5): {'bw': -16}}, 'path_level': {(0, 3): {'latency': -2.008041727354783}, (0, 5): {'latency': -1.7753229160942237}, (0, 6): {'latency': -6.405071830404246}, (0, 7): {'latency': -1.3421802559903098}, (1, 5): {'latency': 7.72724457635796}}}","{'node_level': {5: {'cpu': 0}, 0: {'cpu': 0}, 3: {'cpu': 0}, 7: {'cpu': 0}, 2: {'cpu': 0}, 6: {'cpu': 0}, 4: {'cpu': 0}, 1: {'cpu': 0}}, 'link_level': {(0, 3): {'bw': 0}, (0, 5): {'bw': 0}, (0, 6): {'bw': 0}, (0, 7): {'bw': 0}, (1, 5): {'bw': 0}}, 'path_level': {(0, 3): {'latency': 0}, (0, 5): {'latency': 0}, (0, 6): {'latency': 0}, (0, 7): {'latency': 0}, (1, 5): {'latency': 7.72724457635796}}}",[],0.0,0.0,True,False,False,0,[],0,0.0,8.0,5.0
49,8,5,1242.0,2109.0,945943.7508090524,1609254.5554025953,0.5889046941678521,0.5878148659783665,13,68,0,632.12969526853,43041,7354,35687,0.02981530343007921,0.034390389090318774,29,253.12969526852996,379.0,4,4,False,{},{},{},{},0.0,0.0,0.0,0.0,0.0,0.0,0.0,0.0,0.0,0.0,0.0,0.0,0.0,0.0,Leave Event,0.0,"{'node_level': {}, 'link_level': {}, 'path_level': {}}","{'node_level': {}, 'link_level': {}, 'path_level': {}}","{'node_level': {}, 'link_level': {}, 'path_level': {}}",[],0.0,0.0,True,True,False,0,[],0,0.0,,
50,8,5,1242.0,2109.0,945943.7508090524,1609254.5554025953,0.5889046941678521,0.5878148659783665,13,69,1,640.0,43041,7354,35687,0.02981530343007921,0.034390389090318774,49,88.18689756162065,640.0,7,10,False,"{0: 49, 4: 40, 1: 41, 5: 11, 6: 46, 3: 65, 2: 98}","{(0, 1): []}","{(0, 49): {'cpu': 11}, (4, 40): {'cpu': 13}, (1, 41): {'cpu': 15}, (5, 11): {'cpu': 10}, (6, 46): {'cpu': 9}, (3, 65): {'cpu': 6}, (2, 98): {'cpu': 18}}",{},0.0,0.0,290.0,82.0,208.0,0.0,0.0,0.0,0.0,0.0,0.0,0.0,0.0,0.0,Route Failure,9.0,"{'node_level': {}, 'link_level': {}, 'path_level': {}}","{'node_level': {0: {'cpu': -85}, 4: {'cpu': -53}, 1: {'cpu': -77}, 5: {'cpu': -46}, 6: {'cpu': -56}, 3: {'cpu': -87}, 2: {'cpu': -67}}, 'link_level': {(0, 1): {'bw': 9}}, 'path_level': {(0, 1): {'latency': 3.658718972142246}}}","{'node_level': {0: {'cpu': 0}, 4: {'cpu': 0}, 1: {'cpu': 0}, 5: {'cpu': 0}, 6: {'cpu': 0}, 3: {'cpu': 0}, 2: {'cpu': 0}}, 'link_level': {(0, 1): {'bw': 9}}, 'path_level': {(0, 1): {'latency': 3.658718972142246}}}",[],0.0,0.0,True,False,False,0,[],0,0.0,7.0,1.0
51,8,5,1242.0,2109.0,945943.7508090524,1609254.5554025953,0.5889046941678521,0.5878148659783665,13,70,1,647.0,43041,7354,35687,0.02981530343007921,0.034390389090318774,50,123.77574079081982,647.0,8,10,False,"{5: 49, 0: 40, 6: 41, 1: 11, 2: 46, 3: 65, 7: 98, 4: 39}","{(0, 1): [(40, 6), (6, 11)], (0, 4): [(40, 31), (31, 39)], (0, 6): [(40, 63), (63, 41)], (0, 7): [(40, 71), (71, 98)], (1, 5): [(11, 49)], (2, 5): [(46, 39), (39, 49)], (2, 6): []}","{(5, 49): {'cpu': 20}, (0, 40): {'cpu': 13}, (6, 41): {'cpu': 14}, (1, 11): {'cpu': 15}, (2, 46): {'cpu': 17}, (3, 65): {'cpu': 11}, (7, 98): {'cpu': 19}, (4, 39): {'cpu': 2}}","{((0, 1), (40, 6)): {'bw': 8}, ((0, 1), (6, 11)): {'bw': 8}, ((0, 4), (40, 31)): {'bw': 15}, ((0, 4), (31, 39)): {'bw': 15}, ((0, 6), (40, 63)): {'bw': 31}, ((0, 6), (63, 41)): {'bw': 31}, ((0, 7), (40, 71)): {'bw': 9}, ((0, 7), (71, 98)): {'bw': 9}, ((1, 5), (11, 49)): {'bw': 40}, ((2, 5), (46, 39)): {'bw': 13}, ((2, 5), (39, 49)): {'bw': 13}}",0.0,0.0,329.0,111.0,218.0,0.0,0.0,0.0,0.0,0.0,0.0,0.0,0.0,0.0,Route Failure,5.767043244359015,"{'node_level': {}, 'link_level': {}, 'path_level': {}}","{'node_level': {5: {'cpu': -76}, 0: {'cpu': -53}, 6: {'cpu': -78}, 1: {'cpu': -41}, 2: {'cpu': -48}, 3: {'cpu': -82}, 7: {'cpu': -66}, 4: {'cpu': -44}}, 'link_level': {(0, 1): {'bw': -49}, (0, 4): {'bw': -48}, (0, 6): {'bw': -42}, (0, 7): {'bw': -73}, (1, 5): {'bw': -60}, (2, 5): {'bw': -52}, (2, 6): {'bw': -6}}, 'path_level': {(0, 1): {'latency': -0.9663983695149856}, (0, 4): {'latency': -8.032810417093472}, (0, 6): {'latency': -2.274592269641472}, (0, 7): {'latency': -5.072236287923058}, (1, 5): {'latency': -4.193401975443582}, (2, 5): {'latency': -0.8710722042370538}, (2, 6): {'latency': 5.767043244359015}}}","{'node_level': {5: {'cpu': 0}, 0: {'cpu': 0}, 6: {'cpu': 0}, 1: {'cpu': 0}, 2: {'cpu': 0}, 3: {'cpu': 0}, 7: {'cpu': 0}, 4: {'cpu': 0}}, 'link_level': {(0, 1): {'bw': 0}, (0, 4): {'bw': 0}, (0, 6): {'bw': 0}, (0, 7): {'bw': 0}, (1, 5): {'bw': 0}, (2, 5): {'bw': 0}, (2, 6): {'bw': 0}}, 'path_level': {(0, 1): {'latency': 0}, (0, 4): {'latency': 0}, (0, 6): {'latency': 0}, (0, 7): {'latency': 0}, (1, 5): {'latency': 0}, (2, 5): {'latency': 0}, (2, 6): {'latency': 5.767043244359015}}}",[],0.0,0.0,True,False,False,0,[],0,0.0,8.0,7.0
51,8,5,1242.0,2109.0,945943.7508090524,1609254.5554025953,0.5889046941678521,0.5878148659783665,13,71,0,656.3233208380041,43041,7354,35687,0.02981530343007921,0.034390389090318774,18,404.3233208380041,252.0,8,18,False,{},{},{},{},0.0,0.0,0.0,0.0,0.0,0.0,0.0,0.0,0.0,0.0,0.0,0.0,0.0,0.0,Leave Event,0.0,"{'node_level': {}, 'link_level': {}, 'path_level': {}}","{'node_level': {}, 'link_level': {}, 'path_level': {}}","{'node_level': {}, 'link_level': {}, 'path_level': {}}",[],0.0,0.0,True,True,False,0,[],0,0.0,,
52,8,5,1242.0,2109.0,945943.7508090524,1609254.5554025953,0.5889046941678521,0.5878148659783665,13,72,1,658.0,43041,7354,35687,0.02981530343007921,0.034390389090318774,51,905.5251182707698,658.0,8,14,False,"{4: 49, 1: 40, 7: 41, 2: 11, 3: 46, 5: 65, 0: 98, 6: 39}","{(0, 1): [(98, 71), (71, 40)], (1, 4): [(40, 6), (6, 11), (11, 49)], (1, 5): [(40, 63), (63, 65)], (1, 6): [(40, 31), (31, 39)], (1, 7): []}","{(4, 49): {'cpu': 18}, (1, 40): {'cpu': 18}, (7, 41): {'cpu': 13}, (2, 11): {'cpu': 12}, (3, 46): {'cpu': 13}, (5, 65): {'cpu': 11}, (0, 98): {'cpu': 14}, (6, 39): {'cpu': 6}}","{((0, 1), (98, 71)): {'bw': 37}, ((0, 1), (71, 40)): {'bw': 37}, ((1, 4), (40, 6)): {'bw': 6}, ((1, 4), (6, 11)): {'bw': 6}, ((1, 4), (11, 49)): {'bw': 6}, ((1, 5), (40, 63)): {'bw': 33}, ((1, 5), (63, 65)): {'bw': 33}, ((1, 6), (40, 31)): {'bw': 8}, ((1, 6), (31, 39)): {'bw': 8}}",0.0,0.0,475.0,105.0,370.0,0.0,0.0,0.0,0.0,0.0,0.0,0.0,0.0,0.0,Route Failure,2.239823334658727,"{'node_level': {}, 'link_level': {}, 'path_level': {}}","{'node_level': {4: {'cpu': -78}, 1: {'cpu': -48}, 7: {'cpu': -79}, 2: {'cpu': -44}, 3: {'cpu': -52}, 5: {'cpu': -82}, 0: {'cpu': -71}, 6: {'cpu': -40}}, 'link_level': {(0, 1): {'bw': -45}, (1, 4): {'bw': -51}, (1, 5): {'bw': -33}, (1, 6): {'bw': -55}, (1, 7): {'bw': -23}}, 'path_level': {(0, 1): {'latency': -1.5521174020609525}, (1, 4): {'latency': -6.001198432997482}, (1, 5): {'latency': -8.058455690876114}, (1, 6): {'latency': -2.6253457490701564}, (1, 7): {'latency': 2.239823334658727}}}","{'node_level': {4: {'cpu': 0}, 1: {'cpu': 0}, 7: {'cpu': 0}, 2: {'cpu': 0}, 3: {'cpu': 0}, 5: {'cpu': 0}, 0: {'cpu': 0}, 6: {'cpu': 0}}, 'link_level': {(0, 1): {'bw': 0}, (1, 4): {'bw': 0}, (1, 5): {'bw': 0}, (1, 6): {'bw': 0}, (1, 7): {'bw': 0}}, 'path_level': {(0, 1): {'latency': 0}, (1, 4): {'latency': 0}, (1, 5): {'latency': 0}, (1, 6): {'latency': 0}, (1, 7): {'latency': 2.239823334658727}}}",[],0.0,0.0,True,False,False,0,[],0,0.0,8.0,5.0
52,8,5,1242.0,2109.0,945943.7508090524,1609254.5554025953,0.5889046941678521,0.5878148659783665,13,73,0,668.4499352949381,43041,7354,35687,0.02981530343007921,0.034390389090318774,46,78.44993529493813,590.0,10,21,False,{},{},{},{},0.0,0.0,0.0,0.0,0.0,0.0,0.0,0.0,0.0,0.0,0.0,0.0,0.0,0.0,Leave Event,0.0,"{'node_level': {}, 'link_level': {}, 'path_level': {}}","{'node_level': {}, 'link_level': {}, 'path_level': {}}","{'node_level': {}, 'link_level': {}, 'path_level': {}}",[],0.0,0.0,True,True,False,0,[],0,0.0,,
53,8,5,1242.0,2109.0,945943.7508090524,1609254.5554025953,0.5889046941678521,0.5878148659783665,13,74,1,673.0,43041,7354,35687,0.02981530343007921,0.034390389090318774,52,637.1047037573697,673.0,8,13,False,"{0: 49, 1: 40, 6: 41, 5: 11, 4: 46, 2: 65, 7: 98, 3: 39}","{(0, 1): [(49, 11), (11, 6), (6, 40)], (0, 4): []}","{(0, 49): {'cpu': 17}, (1, 40): {'cpu': 10}, (6, 41): {'cpu': 18}, (5, 11): {'cpu': 9}, (4, 46): {'cpu': 6}, (2, 65): {'cpu': 4}, (7, 98): {'cpu': 4}, (3, 39): {'cpu': 2}}","{((0, 1), (49, 11)): {'bw': 7}, ((0, 1), (11, 6)): {'bw': 7}, ((0, 1), (6, 40)): {'bw': 7}}",0.0,0.0,397.0,70.0,327.0,0.0,0.0,0.0,0.0,0.0,0.0,0.0,0.0,0.0,Route Failure,1.8909647418206141,"{'node_level': {}, 'link_level': {}, 'path_level': {}}","{'node_level': {0: {'cpu': -79}, 1: {'cpu': -56}, 6: {'cpu': -74}, 5: {'cpu': -47}, 4: {'cpu': -59}, 2: {'cpu': -89}, 7: {'cpu': -81}, 3: {'cpu': -44}}, 'link_level': {(0, 1): {'bw': -50}, (0, 4): {'bw': -38}}, 'path_level': {(0, 1): {'latency': -4.541838750215581}, (0, 4): {'latency': 1.8909647418206141}}}","{'node_level': {0: {'cpu': 0}, 1: {'cpu': 0}, 6: {'cpu': 0}, 5: {'cpu': 0}, 4: {'cpu': 0}, 2: {'cpu': 0}, 7: {'cpu': 0}, 3: {'cpu': 0}}, 'link_level': {(0, 1): {'bw': 0}, (0, 4): {'bw': 0}}, 'path_level': {(0, 1): {'latency': 0}, (0, 4): {'latency': 1.8909647418206141}}}",[],0.0,0.0,True,False,False,0,[],0,0.0,8.0,2.0
54,8,5,1242.0,2109.0,945943.7508090524,1609254.5554025953,0.5889046941678521,0.5878148659783665,13,75,1,688.0,43041,7354,35687,0.02981530343007921,0.034390389090318774,53,26.430518328945183,688.0,5,4,False,"{1: 49, 3: 40, 0: 41, 2: 11, 4: 46}","{(0, 1): []}","{(1, 49): {'cpu': 20}, (3, 40): {'cpu': 17}, (0, 41): {'cpu': 12}, (2, 11): {'cpu': 20}, (4, 46): {'cpu': 14}}",{},0.0,0.0,200.0,83.0,117.0,0.0,0.0,0.0,0.0,0.0,0.0,0.0,0.0,0.0,Route Failure,7.5860249029369005,"{'node_level': {}, 'link_level': {}, 'path_level': {}}","{'node_level': {1: {'cpu': -76}, 3: {'cpu': -49}, 0: {'cpu': -80}, 2: {'cpu': -36}, 4: {'cpu': -51}}, 'link_level': {(0, 1): {'bw': -24}}, 'path_level': {(0, 1): {'latency': 7.5860249029369005}}}","{'node_level': {1: {'cpu': 0}, 3: {'cpu': 0}, 0: {'cpu': 0}, 2: {'cpu': 0}, 4: {'cpu': 0}}, 'link_level': {(0, 1): {'bw': 0}}, 'path_level': {(0, 1): {'latency': 7.5860249029369005}}}",[],0.0,0.0,True,False,False,0,[],0,0.0,5.0,1.0
55,8,5,1242.0,2109.0,945943.7508090524,1609254.5554025953,0.5889046941678521,0.5878148659783665,13,76,1,699.0,43041,7354,35687,0.02981530343007921,0.034390389090318774,54,488.1163639801385,699.0,10,24,False,"{6: 49, 5: 40, 9: 41, 4: 11, 1: 46, 3: 65, 2: 98, 0: 39, 8: 90, 7: 34}","{(0, 1): [(39, 46)], (0, 6): [(39, 49)], (0, 7): [(39, 31), (31, 23), (23, 34)], (0, 8): []}","{(6, 49): {'cpu': 19}, (5, 40): {'cpu': 15}, (9, 41): {'cpu': 8}, (4, 11): {'cpu': 14}, (1, 46): {'cpu': 8}, (3, 65): {'cpu': 5}, (2, 98): {'cpu': 6}, (0, 39): {'cpu': 5}, (8, 90): {'cpu': 4}, (7, 34): {'cpu': 3}}","{((0, 1), (39, 46)): {'bw': 43}, ((0, 6), (39, 49)): {'bw': 17}, ((0, 7), (39, 31)): {'bw': 15}, ((0, 7), (31, 23)): {'bw': 15}, ((0, 7), (23, 34)): {'bw': 15}}",0.0,0.0,804.0,87.0,717.0,0.0,0.0,0.0,0.0,0.0,0.0,0.0,0.0,0.0,Route Failure,4.066843738316506,"{'node_level': {}, 'link_level': {}, 'path_level': {}}","{'node_level': {6: {'cpu': -77}, 5: {'cpu': -51}, 9: {'cpu': -84}, 4: {'cpu': -42}, 1: {'cpu': -57}, 3: {'cpu': -88}, 2: {'cpu': -79}, 0: {'cpu': -41}, 8: {'cpu': -72}, 7: {'cpu': -84}}, 'link_level': {(0, 1): {'bw': -51}, (0, 6): {'bw': -48}, (0, 7): {'bw': -48}, (0, 8): {'bw': -42}}, 'path_level': {(0, 1): {'latency': -8.41432323745293}, (0, 6): {'latency': -6.850068244183713}, (0, 7): {'latency': -0.3929826535091827}, (0, 8): {'latency': 4.066843738316506}}}","{'node_level': {6: {'cpu': 0}, 5: {'cpu': 0}, 9: {'cpu': 0}, 4: {'cpu': 0}, 1: {'cpu': 0}, 3: {'cpu': 0}, 2: {'cpu': 0}, 0: {'cpu': 0}, 8: {'cpu': 0}, 7: {'cpu': 0}}, 'link_level': {(0, 1): {'bw': 0}, (0, 6): {'bw': 0}, (0, 7): {'bw': 0}, (0, 8): {'bw': 0}}, 'path_level': {(0, 1): {'latency': 0}, (0, 6): {'latency': 0}, (0, 7): {'latency': 0}, (0, 8): {'latency': 4.066843738316506}}}",[],0.0,0.0,True,False,False,0,[],0,0.0,10.0,4.0
55,8,4,1242.0,2109.0,945943.7508090524,1609254.5554025953,0.5889046941678521,0.5878148659783665,13,77,0,700.9909833268833,43143,7386,35757,0.025593667546174093,0.03249634720493533,42,159.99098332688337,541.0,2,1,False,{},{},{},{},0.0,0.0,0.0,0.0,0.0,0.0,0.0,0.0,0.0,0.0,0.0,0.0,0.0,0.0,Leave Event,0.0,"{'node_level': {}, 'link_level': {}, 'path_level': {}}","{'node_level': {}, 'link_level': {}, 'path_level': {}}","{'node_level': {}, 'link_level': {}, 'path_level': {}}",[],0.0,0.0,True,True,False,0,[],0,0.0,,
55,8,4,1242.0,2109.0,945943.7508090524,1609254.5554025953,0.5889046941678521,0.5878148659783665,13,78,0,714.4305183289451,43143,7386,35757,0.025593667546174093,0.03249634720493533,53,26.430518328945183,688.0,5,4,False,{},{},{},{},0.0,0.0,0.0,0.0,0.0,0.0,0.0,0.0,0.0,0.0,0.0,0.0,0.0,0.0,Leave Event,0.0,"{'node_level': {}, 'link_level': {}, 'path_level': {}}","{'node_level': {}, 'link_level': {}, 'path_level': {}}","{'node_level': {}, 'link_level': {}, 'path_level': {}}",[],0.0,0.0,True,True,False,0,[],0,0.0,,
56,8,4,1242.0,2109.0,945943.7508090524,1609254.5554025953,0.5889046941678521,0.5878148659783665,13,79,1,715.0,43143,7386,35757,0.025593667546174093,0.03249634720493533,55,168.62474273572116,715.0,4,3,False,"{3: 11, 0: 61, 1: 31, 2: 49}","{(0, 3): [(61, 31), (31, 11)], (1, 3): []}","{(3, 11): {'cpu': 16}, (0, 61): {'cpu': 13}, (1, 31): {'cpu': 5}, (2, 49): {'cpu': 9}}","{((0, 3), (61, 31)): {'bw': 12}, ((0, 3), (31, 11)): {'bw': 12}}",0.0,0.0,72.0,43.0,29.0,0.0,0.0,0.0,0.0,0.0,0.0,0.0,0.0,0.0,Route Failure,8.289206417215702,"{'node_level': {}, 'link_level': {}, 'path_level': {}}","{'node_level': {3: {'cpu': -52}, 0: {'cpu': -58}, 1: {'cpu': -50}, 2: {'cpu': -87}}, 'link_level': {(0, 3): {'bw': -49}, (1, 3): {'bw': -24}}, 'path_level': {(0, 3): {'latency': -10.215483493614368}, (1, 3): {'latency': 8.289206417215702}}}","{'node_level': {3: {'cpu': 0}, 0: {'cpu': 0}, 1: {'cpu': 0}, 2: {'cpu': 0}}, 'link_level': {(0, 3): {'bw': 0}, (1, 3): {'bw': 0}}, 'path_level': {(0, 3): {'latency': 0}, (1, 3): {'latency': 8.289206417215702}}}",[],0.0,0.0,True,False,False,0,[],0,0.0,4.0,2.0
56,8,4,1242.0,2109.0,945943.7508090524,1609254.5554025953,0.5889046941678521,0.5878148659783665,13,80,0,728.1868975616206,43143,7386,35757,0.025593667546174093,0.03249634720493533,49,88.18689756162065,640.0,7,10,False,{},{},{},{},0.0,0.0,0.0,0.0,0.0,0.0,0.0,0.0,0.0,0.0,0.0,0.0,0.0,0.0,Leave Event,0.0,"{'node_level': {}, 'link_level': {}, 'path_level': {}}","{'node_level': {}, 'link_level': {}, 'path_level': {}}","{'node_level': {}, 'link_level': {}, 'path_level': {}}",[],0.0,0.0,True,True,False,0,[],0,0.0,,
57,9,5,1326.0,2225.0,1016313.964585295,1706432.4696650256,0.5959550561797753,0.5955781917258046,14,81,1,729.0,43027,7365,35662,0.02836411609498679,0.03506683262081278,56,837.7406401933645,729.0,3,2,True,"{2: 11, 0: 61, 1: 31}","{(0, 2): [(61, 31), (31, 11)], (1, 2): [(31, 11)]}","{(2, 11): {'cpu': 8}, (0, 61): {'cpu': 12}, (1, 31): {'cpu': 1}}","{((0, 2), (61, 31)): {'bw': 32}, ((0, 2), (31, 11)): {'bw': 32}, ((1, 2), (31, 11)): {'bw': 31}}",116.0,84.0,84.0,21.0,63.0,21.0,63.0,21.0,95.0,32.0,0.7241379310344828,97177.91426243028,70370.21377624261,606.639773933126,Success,0.0,"{'node_level': {}, 'link_level': {}, 'path_level': {}}","{'node_level': {2: {'cpu': -60}, 0: {'cpu': -59}, 1: {'cpu': -54}}, 'link_level': {(0, 2): {'bw': -29}, (1, 2): {'bw': -20}}, 'path_level': {(0, 2): {'latency': -8.860069689041339}, (1, 2): {'latency': -12.23137825733198}}}","{'node_level': {2: {'cpu': 0}, 0: {'cpu': 0}, 1: {'cpu': 0}}, 'link_level': {(0, 2): {'bw': 0}, (1, 2): {'bw': 0}}, 'path_level': {(0, 2): {'latency': 0}, (1, 2): {'latency': 0}}}",[],0.0,0.0,True,True,False,0,[],0,0.0,3.0,2.0
57,9,5,1326.0,2225.0,1016313.964585295,1706432.4696650256,0.5959550561797753,0.5955781917258046,14,82,0,732.5705113319192,43027,7365,35662,0.02836411609498679,0.03506683262081278,32,311.5705113319192,421.0,9,17,False,{},{},{},{},0.0,0.0,0.0,0.0,0.0,0.0,0.0,0.0,0.0,0.0,0.0,0.0,0.0,0.0,Leave Event,0.0,"{'node_level': {}, 'link_level': {}, 'path_level': {}}","{'node_level': {}, 'link_level': {}, 'path_level': {}}","{'node_level': {}, 'link_level': {}, 'path_level': {}}",[],0.0,0.0,True,True,False,0,[],0,0.0,,
57,9,5,1326.0,2225.0,1016313.964585295,1706432.4696650256,0.5959550561797753,0.5955781917258046,14,83,0,734.0938819439546,43027,7365,35662,0.02836411609498679,0.03506683262081278,45,161.09388194395453,573.0,10,18,False,{},{},{},{},0.0,0.0,0.0,0.0,0.0,0.0,0.0,0.0,0.0,0.0,0.0,0.0,0.0,0.0,Leave Event,0.0,"{'node_level': {}, 'link_level': {}, 'path_level': {}}","{'node_level': {}, 'link_level': {}, 'path_level': {}}","{'node_level': {}, 'link_level': {}, 'path_level': {}}",[],0.0,0.0,True,True,False,0,[],0,0.0,,
57,9,5,1326.0,2225.0,1016313.964585295,1706432.4696650256,0.5959550561797753,0.5955781917258046,14,84,0,738.424500993549,43027,7365,35662,0.02836411609498679,0.03506683262081278,27,384.42450099354903,354.0,2,1,False,{},{},{},{},0.0,0.0,0.0,0.0,0.0,0.0,0.0,0.0,0.0,0.0,0.0,0.0,0.0,0.0,Leave Event,0.0,"{'node_level': {}, 'link_level': {}, 'path_level': {}}","{'node_level': {}, 'link_level': {}, 'path_level': {}}","{'node_level': {}, 'link_level': {}, 'path_level': {}}",[],0.0,0.0,True,True,False,0,[],0,0.0,,
58,9,5,1326.0,2225.0,1016313.964585295,1706432.4696650256,0.5959550561797753,0.5955781917258046,14,85,1,748.0,43027,7365,35662,0.02836411609498679,0.03506683262081278,57,394.6888711818872,748.0,6,12,False,"{2: 49, 1: 40, 5: 11, 3: 41, 0: 46, 4: 65}","{(0, 1): [(46, 80), (80, 40)], (0, 2): [(46, 39), (39, 49)], (0, 4): [(46, 26), (26, 2), (2, 65)], (0, 5): [(46, 59), (59, 80), (80, 11)], (1, 2): [(40, 6), (6, 11), (11, 49)], (1, 3): [(40, 63), (63, 41)], (1, 4): [(40, 63), (63, 65)], (2, 3): [(49, 3), (3, 23), (23, 41)], (2, 4): [(49, 99), (99, 65)], (2, 5): [(49, 11)], (3, 5): [(41, 23), (23, 11)], (4, 5): []}","{(2, 49): {'cpu': 16}, (1, 40): {'cpu': 18}, (5, 11): {'cpu': 7}, (3, 41): {'cpu': 10}, (0, 46): {'cpu': 4}, (4, 65): {'cpu': 1}}","{((0, 1), (46, 80)): {'bw': 32}, ((0, 1), (80, 40)): {'bw': 32}, ((0, 2), (46, 39)): {'bw': 46}, ((0, 2), (39, 49)): {'bw': 46}, ((0, 4), (46, 26)): {'bw': 26}, ((0, 4), (26, 2)): {'bw': 26}, ((0, 4), (2, 65)): {'bw': 26}, ((0, 5), (46, 59)): {'bw': 41}, ((0, 5), (59, 80)): {'bw': 41}, ((0, 5), (80, 11)): {'bw': 41}, ((1, 2), (40, 6)): {'bw': 28}, ((1, 2), (6, 11)): {'bw': 28}, ((1, 2), (11, 49)): {'bw': 28}, ((1, 3), (40, 63)): {'bw': 14}, ((1, 3), (63, 41)): {'bw': 14}, ((1, 4), (40, 63)): {'bw': 45}, ((1, 4), (63, 65)): {'bw': 45}, ((2, 3), (49, 3)): {'bw': 43}, ((2, 3), (3, 23)): {'bw': 43}, ((2, 3), (23, 41)): {'bw': 43}, ((2, 4), (49, 99)): {'bw': 29}, ((2, 4), (99, 65)): {'bw': 29}, ((2, 5), (49, 11)): {'bw': 35}, ((3, 5), (41, 23)): {'bw': 33}, ((3, 5), (23, 11)): {'bw': 33}}",0.0,0.0,475.0,56.0,419.0,0.0,0.0,0.0,0.0,0.0,0.0,0.0,0.0,0.0,Route Failure,7.642920414518081,"{'node_level': {}, 'link_level': {}, 'path_level': {}}","{'node_level': {2: {'cpu': -80}, 1: {'cpu': -48}, 5: {'cpu': -53}, 3: {'cpu': -82}, 0: {'cpu': -61}, 4: {'cpu': -92}}, 'link_level': {(0, 1): {'bw': -27}, (0, 2): {'bw': -19}, (0, 4): {'bw': -45}, (0, 5): {'bw': -10}, (1, 2): {'bw': -29}, (1, 3): {'bw': -59}, (1, 4): {'bw': -21}, (2, 3): {'bw': -25}, (2, 4): {'bw': -58}, (2, 5): {'bw': -37}, (3, 5): {'bw': -1}, (4, 5): {'bw': -8}}, 'path_level': {(0, 1): {'latency': -5.145236798201815}, (0, 2): {'latency': -6.185460581389622}, (0, 4): {'latency': -2.320687275331945}, (0, 5): {'latency': -4.53021132640945}, (1, 2): {'latency': -1.275050459723711}, (1, 3): {'latency': -6.114972321587219}, (1, 4): {'latency': -3.4409301837457504}, (2, 3): {'latency': -6.389258382843273}, (2, 4): {'latency': -0.2129760040627069}, (2, 5): {'latency': -12.519460070266303}, (3, 5): {'latency': -0.7267371695623925}, (4, 5): {'latency': 7.642920414518081}}}","{'node_level': {2: {'cpu': 0}, 1: {'cpu': 0}, 5: {'cpu': 0}, 3: {'cpu': 0}, 0: {'cpu': 0}, 4: {'cpu': 0}}, 'link_level': {(0, 1): {'bw': 0}, (0, 2): {'bw': 0}, (0, 4): {'bw': 0}, (0, 5): {'bw': 0}, (1, 2): {'bw': 0}, (1, 3): {'bw': 0}, (1, 4): {'bw': 0}, (2, 3): {'bw': 0}, (2, 4): {'bw': 0}, (2, 5): {'bw': 0}, (3, 5): {'bw': 0}, (4, 5): {'bw': 0}}, 'path_level': {(0, 1): {'latency': 0}, (0, 2): {'latency': 0}, (0, 4): {'latency': 0}, (0, 5): {'latency': 0}, (1, 2): {'latency': 0}, (1, 3): {'latency': 0}, (1, 4): {'latency': 0}, (2, 3): {'latency': 0}, (2, 4): {'latency': 0}, (2, 5): {'latency': 0}, (3, 5): {'latency': 0}, (4, 5): {'latency': 7.642920414518081}}}",[],0.0,0.0,True,False,False,0,[],0,0.0,6.0,12.0
59,9,5,1326.0,2225.0,1016313.964585295,1706432.4696650256,0.5959550561797753,0.5955781917258046,14,86,1,762.0,43027,7365,35662,0.02836411609498679,0.03506683262081278,58,9.219494684323037,762.0,10,16,False,"{8: 49, 5: 40, 0: 11, 1: 41, 4: 46, 9: 65, 3: 98, 7: 39, 2: 90, 6: 34}","{(0, 1): []}","{(8, 49): {'cpu': 20}, (5, 40): {'cpu': 20}, (0, 11): {'cpu': 6}, (1, 41): {'cpu': 16}, (4, 46): {'cpu': 7}, (9, 65): {'cpu': 5}, (3, 98): {'cpu': 17}, (7, 39): {'cpu': 2}, (2, 90): {'cpu': 1}, (6, 34): {'cpu': 1}}",{},0.0,0.0,495.0,95.0,400.0,0.0,0.0,0.0,0.0,0.0,0.0,0.0,0.0,0.0,Route Failure,7.335656919857568,"{'node_level': {}, 'link_level': {}, 'path_level': {}}","{'node_level': {8: {'cpu': -76}, 5: {'cpu': -46}, 0: {'cpu': -54}, 1: {'cpu': -76}, 4: {'cpu': -58}, 9: {'cpu': -88}, 3: {'cpu': -68}, 7: {'cpu': -44}, 2: {'cpu': -75}, 6: {'cpu': -86}}, 'link_level': {(0, 1): {'bw': -40}}, 'path_level': {(0, 1): {'latency': 7.335656919857568}}}","{'node_level': {8: {'cpu': 0}, 5: {'cpu': 0}, 0: {'cpu': 0}, 1: {'cpu': 0}, 4: {'cpu': 0}, 9: {'cpu': 0}, 3: {'cpu': 0}, 7: {'cpu': 0}, 2: {'cpu': 0}, 6: {'cpu': 0}}, 'link_level': {(0, 1): {'bw': 0}}, 'path_level': {(0, 1): {'latency': 7.335656919857568}}}",[],0.0,0.0,True,False,False,0,[],0,0.0,10.0,1.0
59,9,5,1326.0,2225.0,1016313.964585295,1706432.4696650256,0.5959550561797753,0.5955781917258046,14,87,0,770.7757407908198,43027,7365,35662,0.02836411609498679,0.03506683262081278,50,123.77574079081982,647.0,8,10,False,{},{},{},{},0.0,0.0,0.0,0.0,0.0,0.0,0.0,0.0,0.0,0.0,0.0,0.0,0.0,0.0,Leave Event,0.0,"{'node_level': {}, 'link_level': {}, 'path_level': {}}","{'node_level': {}, 'link_level': {}, 'path_level': {}}","{'node_level': {}, 'link_level': {}, 'path_level': {}}",[],0.0,0.0,True,True,False,0,[],0,0.0,,
59,9,5,1326.0,2225.0,1016313.964585295,1706432.4696650256,0.5959550561797753,0.5955781917258046,14,88,0,771.2194946843231,43027,7365,35662,0.02836411609498679,0.03506683262081278,58,9.219494684323037,762.0,10,16,False,{},{},{},{},0.0,0.0,0.0,0.0,0.0,0.0,0.0,0.0,0.0,0.0,0.0,0.0,0.0,0.0,Leave Event,0.0,"{'node_level': {}, 'link_level': {}, 'path_level': {}}","{'node_level': {}, 'link_level': {}, 'path_level': {}}","{'node_level': {}, 'link_level': {}, 'path_level': {}}",[],0.0,0.0,True,True,False,0,[],0,0.0,,
60,10,6,1464.0,2480.0,1017434.6242980192,1708503.2539167989,0.5903225806451613,0.5955122543463218,14,89,1,778.0,42772,7340,35432,0.0316622691292876,0.04129011310135833,59,8.120722555973291,778.0,3,3,True,"{1: 49, 2: 40, 0: 11}","{(0, 1): [(11, 49)], (0, 2): [(11, 6), (6, 40)], (1, 2): [(49, 11), (11, 80), (80, 40)]}","{(1, 49): {'cpu': 12}, (2, 40): {'cpu': 9}, (0, 11): {'cpu': 4}}","{((0, 1), (11, 49)): {'bw': 39}, ((0, 2), (11, 6)): {'bw': 31}, ((0, 2), (6, 40)): {'bw': 31}, ((1, 2), (49, 11)): {'bw': 43}, ((1, 2), (11, 80)): {'bw': 43}, ((1, 2), (80, 40)): {'bw': 43}}",255.0,138.0,138.0,25.0,113.0,25.0,113.0,25.0,230.0,117.0,0.5411764705882353,2070.784251773189,1120.6597127243142,4.394743971467898,Success,0.0,"{'node_level': {}, 'link_level': {}, 'path_level': {}}","{'node_level': {1: {'cpu': -84}, 2: {'cpu': -57}, 0: {'cpu': -56}}, 'link_level': {(0, 1): {'bw': -61}, (0, 2): {'bw': -26}, (1, 2): {'bw': -8}}, 'path_level': {(0, 1): {'latency': -10.627473666045656}, (0, 2): {'latency': -10.275640773611382}, (1, 2): {'latency': -0.14462383433162262}}}","{'node_level': {1: {'cpu': 0}, 2: {'cpu': 0}, 0: {'cpu': 0}}, 'link_level': {(0, 1): {'bw': 0}, (0, 2): {'bw': 0}, (1, 2): {'bw': 0}}, 'path_level': {(0, 1): {'latency': 0}, (0, 2): {'latency': 0}, (1, 2): {'latency': 0}}}",[],0.0,0.0,True,True,False,0,[],0,0.0,3.0,3.0
60,10,5,1464.0,2480.0,1017434.6242980192,1708503.2539167989,0.5903225806451613,0.5955122543463218,14,90,0,786.1207225559733,43027,7365,35662,0.02836411609498679,0.03506683262081278,59,8.120722555973291,778.0,3,3,False,{},{},{},{},0.0,0.0,0.0,0.0,0.0,0.0,0.0,0.0,0.0,0.0,0.0,0.0,0.0,0.0,Leave Event,0.0,"{'node_level': {}, 'link_level': {}, 'path_level': {}}","{'node_level': {}, 'link_level': {}, 'path_level': {}}","{'node_level': {}, 'link_level': {}, 'path_level': {}}",[],0.0,0.0,True,True,False,0,[],0,0.0,,
61,10,5,1464.0,2480.0,1017434.6242980192,1708503.2539167989,0.5903225806451613,0.5955122543463218,14,91,1,790.0,43027,7365,35662,0.02836411609498679,0.03506683262081278,60,1366.9589307215756,790.0,8,10,False,"{6: 49, 5: 40, 1: 11, 2: 41, 4: 46, 0: 65, 3: 98, 7: 39}","{(0, 4): [(65, 2), (2, 26), (26, 46)], (0, 7): [(65, 8), (8, 39)], (1, 3): []}","{(6, 49): {'cpu': 13}, (5, 40): {'cpu': 10}, (1, 11): {'cpu': 13}, (2, 41): {'cpu': 11}, (4, 46): {'cpu': 17}, (0, 65): {'cpu': 17}, (3, 98): {'cpu': 3}, (7, 39): {'cpu': 2}}","{((0, 4), (65, 2)): {'bw': 8}, ((0, 4), (2, 26)): {'bw': 8}, ((0, 4), (26, 46)): {'bw': 8}, ((0, 7), (65, 8)): {'bw': 26}, ((0, 7), (8, 39)): {'bw': 26}}",0.0,0.0,363.0,86.0,277.0,0.0,0.0,0.0,0.0,0.0,0.0,0.0,0.0,0.0,Route Failure,2.2210097556053556,"{'node_level': {}, 'link_level': {}, 'path_level': {}}","{'node_level': {6: {'cpu': -83}, 5: {'cpu': -56}, 1: {'cpu': -47}, 2: {'cpu': -81}, 4: {'cpu': -48}, 0: {'cpu': -76}, 3: {'cpu': -82}, 7: {'cpu': -44}}, 'link_level': {(0, 4): {'bw': -63}, (0, 7): {'bw': -57}, (1, 3): {'bw': -56}}, 'path_level': {(0, 4): {'latency': -3.717492444019884}, (0, 7): {'latency': -4.62719920075943}, (1, 3): {'latency': 2.2210097556053556}}}","{'node_level': {6: {'cpu': 0}, 5: {'cpu': 0}, 1: {'cpu': 0}, 2: {'cpu': 0}, 4: {'cpu': 0}, 0: {'cpu': 0}, 3: {'cpu': 0}, 7: {'cpu': 0}}, 'link_level': {(0, 4): {'bw': 0}, (0, 7): {'bw': 0}, (1, 3): {'bw': 0}}, 'path_level': {(0, 4): {'latency': 0}, (0, 7): {'latency': 0}, (1, 3): {'latency': 2.2210097556053556}}}",[],0.0,0.0,True,False,False,0,[],0,0.0,8.0,3.0
62,10,5,1464.0,2480.0,1017434.6242980192,1708503.2539167989,0.5903225806451613,0.5955122543463218,14,92,1,804.0,43027,7365,35662,0.02836411609498679,0.03506683262081278,61,247.62845728030277,804.0,7,8,False,"{0: 49, 5: 40, 4: 11, 3: 41, 6: 46, 2: 65, 1: 98}","{(0, 1): [(49, 98)], (0, 2): []}","{(0, 49): {'cpu': 6}, (5, 40): {'cpu': 12}, (4, 11): {'cpu': 9}, (3, 41): {'cpu': 5}, (6, 46): {'cpu': 5}, (2, 65): {'cpu': 3}, (1, 98): {'cpu': 1}}","{((0, 1), (49, 98)): {'bw': 42}}",0.0,0.0,286.0,41.0,245.0,0.0,0.0,0.0,0.0,0.0,0.0,0.0,0.0,0.0,Route Failure,3.967027042809471,"{'node_level': {}, 'link_level': {}, 'path_level': {}}","{'node_level': {0: {'cpu': -90}, 5: {'cpu': -54}, 4: {'cpu': -51}, 3: {'cpu': -87}, 6: {'cpu': -60}, 2: {'cpu': -90}, 1: {'cpu': -84}}, 'link_level': {(0, 1): {'bw': -27}, (0, 2): {'bw': -29}}, 'path_level': {(0, 1): {'latency': -1.7802288292488346}, (0, 2): {'latency': 3.967027042809471}}}","{'node_level': {0: {'cpu': 0}, 5: {'cpu': 0}, 4: {'cpu': 0}, 3: {'cpu': 0}, 6: {'cpu': 0}, 2: {'cpu': 0}, 1: {'cpu': 0}}, 'link_level': {(0, 1): {'bw': 0}, (0, 2): {'bw': 0}}, 'path_level': {(0, 1): {'latency': 0}, (0, 2): {'latency': 3.967027042809471}}}",[],0.0,0.0,True,False,False,0,[],0,0.0,7.0,2.0
63,11,6,1582.0,2684.0,1159934.713509808,1954859.340350739,0.589418777943368,0.5933596804472355,14,93,1,818.0,42823,7323,35500,0.03390501319261219,0.03945018669841438,62,1207.6278746761773,818.0,3,2,True,"{0: 49, 2: 40, 1: 11}","{(0, 1): [(49, 11)], (0, 2): [(49, 11), (11, 83), (83, 40)]}","{(0, 49): {'cpu': 19}, (2, 40): {'cpu': 20}, (1, 11): {'cpu': 3}}","{((0, 1), (49, 11)): {'bw': 33}, ((0, 2), (49, 11)): {'bw': 43}, ((0, 2), (11, 83)): {'bw': 43}, ((0, 2), (83, 40)): {'bw': 43}}",204.0,118.0,118.0,42.0,76.0,42.0,76.0,42.0,162.0,86.0,0.5784313725490197,246356.08643394016,142500.08921178893,698.5298490773968,Success,0.0,"{'node_level': {}, 'link_level': {}, 'path_level': {}}","{'node_level': {0: {'cpu': -77}, 2: {'cpu': -46}, 1: {'cpu': -57}}, 'link_level': {(0, 1): {'bw': -67}, (0, 2): {'bw': -24}}, 'path_level': {(0, 1): {'latency': -0.8311658453529818}, (0, 2): {'latency': -0.23628807948881736}}}","{'node_level': {0: {'cpu': 0}, 2: {'cpu': 0}, 1: {'cpu': 0}}, 'link_level': {(0, 1): {'bw': 0}, (0, 2): {'bw': 0}}, 'path_level': {(0, 1): {'latency': 0}, (0, 2): {'latency': 0}}}",[],0.0,0.0,True,True,False,0,[],0,0.0,3.0,2.0
64,11,6,1582.0,2684.0,1159934.713509808,1954859.340350739,0.589418777943368,0.5933596804472355,14,94,1,828.0,42823,7323,35500,0.03390501319261219,0.03945018669841438,63,855.9163303747499,828.0,4,4,False,"{1: 41, 0: 46, 3: 65, 2: 98}","{(0, 2): []}","{(1, 41): {'cpu': 9}, (0, 46): {'cpu': 17}, (3, 65): {'cpu': 14}, (2, 98): {'cpu': 1}}",{},0.0,0.0,94.0,41.0,53.0,0.0,0.0,0.0,0.0,0.0,0.0,0.0,0.0,0.0,Route Failure,7.069232427357239,"{'node_level': {}, 'link_level': {}, 'path_level': {}}","{'node_level': {1: {'cpu': -83}, 0: {'cpu': -48}, 3: {'cpu': -79}, 2: {'cpu': -84}}, 'link_level': {(0, 2): {'bw': -50}}, 'path_level': {(0, 2): {'latency': 7.069232427357239}}}","{'node_level': {1: {'cpu': 0}, 0: {'cpu': 0}, 3: {'cpu': 0}, 2: {'cpu': 0}}, 'link_level': {(0, 2): {'bw': 0}}, 'path_level': {(0, 2): {'latency': 7.069232427357239}}}",[],0.0,0.0,True,False,False,0,[],0,0.0,4.0,1.0
64,11,6,1582.0,2684.0,1159934.713509808,1954859.340350739,0.589418777943368,0.5933596804472355,14,95,0,829.055301157294,42823,7323,35500,0.03390501319261219,0.03945018669841438,48,204.055301157294,625.0,8,19,False,{},{},{},{},0.0,0.0,0.0,0.0,0.0,0.0,0.0,0.0,0.0,0.0,0.0,0.0,0.0,0.0,Leave Event,0.0,"{'node_level': {}, 'link_level': {}, 'path_level': {}}","{'node_level': {}, 'link_level': {}, 'path_level': {}}","{'node_level': {}, 'link_level': {}, 'path_level': {}}",[],0.0,0.0,True,True,False,0,[],0,0.0,,
65,11,6,1582.0,2684.0,1159934.713509808,1954859.340350739,0.589418777943368,0.5933596804472355,14,96,1,840.0,42823,7323,35500,0.03390501319261219,0.03945018669841438,64,47.35888240239732,840.0,6,10,False,"{3: 41, 4: 46, 2: 65, 5: 98, 1: 39, 0: 90}","{(0, 1): []}","{(3, 41): {'cpu': 19}, (4, 46): {'cpu': 16}, (2, 65): {'cpu': 17}, (5, 98): {'cpu': 10}, (1, 39): {'cpu': 6}, (0, 90): {'cpu': 12}}",{},0.0,0.0,277.0,80.0,197.0,0.0,0.0,0.0,0.0,0.0,0.0,0.0,0.0,0.0,Route Failure,5.25777180987674,"{'node_level': {}, 'link_level': {}, 'path_level': {}}","{'node_level': {3: {'cpu': -73}, 4: {'cpu': -49}, 2: {'cpu': -76}, 5: {'cpu': -75}, 1: {'cpu': -40}, 0: {'cpu': -64}}, 'link_level': {(0, 1): {'bw': -69}}, 'path_level': {(0, 1): {'latency': 5.25777180987674}}}","{'node_level': {3: {'cpu': 0}, 4: {'cpu': 0}, 2: {'cpu': 0}, 5: {'cpu': 0}, 1: {'cpu': 0}, 0: {'cpu': 0}}, 'link_level': {(0, 1): {'bw': 0}}, 'path_level': {(0, 1): {'latency': 5.25777180987674}}}",[],0.0,0.0,True,False,False,0,[],0,0.0,6.0,1.0
65,11,6,1582.0,2684.0,1159934.713509808,1954859.340350739,0.589418777943368,0.5933596804472355,14,97,0,845.6580222960772,42823,7323,35500,0.03390501319261219,0.03945018669841438,38,361.65802229607726,484.0,8,13,False,{},{},{},{},0.0,0.0,0.0,0.0,0.0,0.0,0.0,0.0,0.0,0.0,0.0,0.0,0.0,0.0,Leave Event,0.0,"{'node_level': {}, 'link_level': {}, 'path_level': {}}","{'node_level': {}, 'link_level': {}, 'path_level': {}}","{'node_level': {}, 'link_level': {}, 'path_level': {}}",[],0.0,0.0,True,True,False,0,[],0,0.0,,
66,11,6,1582.0,2684.0,1159934.713509808,1954859.340350739,0.589418777943368,0.5933596804472355,14,98,1,852.0,42823,7323,35500,0.03390501319261219,0.03945018669841438,65,221.77067947495215,852.0,9,15,False,"{1: 41, 6: 46, 3: 65, 4: 98, 2: 39, 7: 90, 5: 34, 8: 24, 0: 63}","{(0, 3): [(63, 65)], (0, 4): [(63, 70), (70, 98)], (1, 2): [(41, 39)], (1, 3): [(41, 65)], (1, 5): [(41, 16), (16, 34)], (1, 6): []}","{(1, 41): {'cpu': 13}, (6, 46): {'cpu': 16}, (3, 65): {'cpu': 17}, (4, 98): {'cpu': 8}, (2, 39): {'cpu': 10}, (7, 90): {'cpu': 15}, (5, 34): {'cpu': 8}, (8, 24): {'cpu': 4}, (0, 63): {'cpu': 1}}","{((0, 3), (63, 65)): {'bw': 29}, ((0, 4), (63, 70)): {'bw': 33}, ((0, 4), (70, 98)): {'bw': 33}, ((1, 2), (41, 39)): {'bw': 40}, ((1, 3), (41, 65)): {'bw': 46}, ((1, 5), (41, 16)): {'bw': 39}, ((1, 5), (16, 34)): {'bw': 39}}",0.0,0.0,531.0,92.0,439.0,0.0,0.0,0.0,0.0,0.0,0.0,0.0,0.0,0.0,Route Failure,5.918080423369398,"{'node_level': {}, 'link_level': {}, 'path_level': {}}","{'node_level': {1: {'cpu': -79}, 6: {'cpu': -49}, 3: {'cpu': -76}, 4: {'cpu': -77}, 2: {'cpu': -36}, 7: {'cpu': -61}, 5: {'cpu': -79}, 8: {'cpu': -88}, 0: {'cpu': -68}}, 'link_level': {(0, 3): {'bw': -37}, (0, 4): {'bw': -51}, (1, 2): {'bw': -53}, (1, 3): {'bw': -39}, (1, 5): {'bw': -9}, (1, 6): {'bw': -59}}, 'path_level': {(0, 3): {'latency': -3.8405574948809784}, (0, 4): {'latency': -6.028182037336712}, (1, 2): {'latency': -6.507593520354881}, (1, 3): {'latency': -8.97163412626342}, (1, 5): {'latency': -7.887246461263295}, (1, 6): {'latency': 5.918080423369398}}}","{'node_level': {1: {'cpu': 0}, 6: {'cpu': 0}, 3: {'cpu': 0}, 4: {'cpu': 0}, 2: {'cpu': 0}, 7: {'cpu': 0}, 5: {'cpu': 0}, 8: {'cpu': 0}, 0: {'cpu': 0}}, 'link_level': {(0, 3): {'bw': 0}, (0, 4): {'bw': 0}, (1, 2): {'bw': 0}, (1, 3): {'bw': 0}, (1, 5): {'bw': 0}, (1, 6): {'bw': 0}}, 'path_level': {(0, 3): {'latency': 0}, (0, 4): {'latency': 0}, (1, 2): {'latency': 0}, (1, 3): {'latency': 0}, (1, 5): {'latency': 0}, (1, 6): {'latency': 5.918080423369398}}}",[],0.0,0.0,True,False,False,0,[],0,0.0,9.0,6.0
66,11,6,1582.0,2684.0,1159934.713509808,1954859.340350739,0.589418777943368,0.5933596804472355,14,99,0,854.4246276820088,42823,7323,35500,0.03390501319261219,0.03945018669841438,2,813.4246276820088,41.0,8,17,False,{},{},{},{},0.0,0.0,0.0,0.0,0.0,0.0,0.0,0.0,0.0,0.0,0.0,0.0,0.0,0.0,Leave Event,0.0,"{'node_level': {}, 'link_level': {}, 'path_level': {}}","{'node_level': {}, 'link_level': {}, 'path_level': {}}","{'node_level': {}, 'link_level': {}, 'path_level': {}}",[],0.0,0.0,True,True,False,0,[],0,0.0,,
67,11,6,1582.0,2684.0,1159934.713509808,1954859.340350739,0.589418777943368,0.5933596804472355,14,100,1,861.0,42823,7323,35500,0.03390501319261219,0.03945018669841438,66,9.583829451074376,861.0,8,13,False,"{1: 41, 6: 46, 0: 65, 2: 98, 4: 39, 5: 90, 3: 34, 7: 24}","{(0, 1): [(65, 41)], (0, 2): [(65, 87), (87, 98)], (0, 4): [(65, 8), (8, 39)], (1, 2): [(41, 16), (16, 34), (34, 98)], (1, 3): [(41, 23), (23, 34)], (1, 5): []}","{(1, 41): {'cpu': 19}, (6, 46): {'cpu': 15}, (0, 65): {'cpu': 14}, (2, 98): {'cpu': 8}, (4, 39): {'cpu': 11}, (5, 90): {'cpu': 13}, (3, 34): {'cpu': 6}, (7, 24): {'cpu': 12}}","{((0, 1), (65, 41)): {'bw': 45}, ((0, 2), (65, 87)): {'bw': 24}, ((0, 2), (87, 98)): {'bw': 24}, ((0, 4), (65, 8)): {'bw': 32}, ((0, 4), (8, 39)): {'bw': 32}, ((1, 2), (41, 16)): {'bw': 42}, ((1, 2), (16, 34)): {'bw': 42}, ((1, 2), (34, 98)): {'bw': 42}, ((1, 3), (41, 23)): {'bw': 37}, ((1, 3), (23, 34)): {'bw': 37}}",0.0,0.0,494.0,98.0,396.0,0.0,0.0,0.0,0.0,0.0,0.0,0.0,0.0,0.0,Route Failure,8.409043171729522,"{'node_level': {}, 'link_level': {}, 'path_level': {}}","{'node_level': {1: {'cpu': -73}, 6: {'cpu': -50}, 0: {'cpu': -79}, 2: {'cpu': -77}, 4: {'cpu': -35}, 5: {'cpu': -63}, 3: {'cpu': -81}, 7: {'cpu': -80}}, 'link_level': {(0, 1): {'bw': -40}, (0, 2): {'bw': -37}, (0, 4): {'bw': -51}, (1, 2): {'bw': -6}, (1, 3): {'bw': -40}, (1, 5): {'bw': -17}}, 'path_level': {(0, 1): {'latency': -9.236301118015184}, (0, 2): {'latency': -5.796881182894591}, (0, 4): {'latency': -5.955832970929993}, (1, 2): {'latency': -8.194781072892086}, (1, 3): {'latency': -5.998957069017273}, (1, 5): {'latency': 8.409043171729522}}}","{'node_level': {1: {'cpu': 0}, 6: {'cpu': 0}, 0: {'cpu': 0}, 2: {'cpu': 0}, 4: {'cpu': 0}, 5: {'cpu': 0}, 3: {'cpu': 0}, 7: {'cpu': 0}}, 'link_level': {(0, 1): {'bw': 0}, (0, 2): {'bw': 0}, (0, 4): {'bw': 0}, (1, 2): {'bw': 0}, (1, 3): {'bw': 0}, (1, 5): {'bw': 0}}, 'path_level': {(0, 1): {'latency': 0}, (0, 2): {'latency': 0}, (0, 4): {'latency': 0}, (1, 2): {'latency': 0}, (1, 3): {'latency': 0}, (1, 5): {'latency': 8.409043171729522}}}",[],0.0,0.0,True,False,False,0,[],0,0.0,8.0,6.0
67,11,6,1582.0,2684.0,1159934.713509808,1954859.340350739,0.589418777943368,0.5933596804472355,14,101,0,870.2922291675746,42823,7323,35500,0.03390501319261219,0.03945018669841438,6,771.2922291675746,99.0,4,5,False,{},{},{},{},0.0,0.0,0.0,0.0,0.0,0.0,0.0,0.0,0.0,0.0,0.0,0.0,0.0,0.0,Leave Event,0.0,"{'node_level': {}, 'link_level': {}, 'path_level': {}}","{'node_level': {}, 'link_level': {}, 'path_level': {}}","{'node_level': {}, 'link_level': {}, 'path_level': {}}",[],0.0,0.0,True,True,False,0,[],0,0.0,,
67,11,6,1582.0,2684.0,1159934.713509808,1954859.340350739,0.589418777943368,0.5933596804472355,14,102,0,870.5838294510744,42823,7323,35500,0.03390501319261219,0.03945018669841438,66,9.583829451074376,861.0,8,13,False,{},{},{},{},0.0,0.0,0.0,0.0,0.0,0.0,0.0,0.0,0.0,0.0,0.0,0.0,0.0,0.0,Leave Event,0.0,"{'node_level': {}, 'link_level': {}, 'path_level': {}}","{'node_level': {}, 'link_level': {}, 'path_level': {}}","{'node_level': {}, 'link_level': {}, 'path_level': {}}",[],0.0,0.0,True,True,False,0,[],0,0.0,,
68,11,6,1582.0,2684.0,1159934.713509808,1954859.340350739,0.589418777943368,0.5933596804472355,14,103,1,876.0,42823,7323,35500,0.03390501319261219,0.03945018669841438,67,298.9427939113125,876.0,6,9,False,"{4: 41, 0: 46, 5: 65, 3: 98, 1: 39, 2: 90}","{(0, 1): [(46, 39)], (0, 4): [(46, 39), (39, 41)], (0, 5): []}","{(4, 41): {'cpu': 15}, (0, 46): {'cpu': 12}, (5, 65): {'cpu': 9}, (3, 98): {'cpu': 14}, (1, 39): {'cpu': 4}, (2, 90): {'cpu': 2}}","{((0, 1), (46, 39)): {'bw': 35}, ((0, 4), (46, 39)): {'bw': 33}, ((0, 4), (39, 41)): {'bw': 33}}",0.0,0.0,359.0,56.0,303.0,0.0,0.0,0.0,0.0,0.0,0.0,0.0,0.0,0.0,Route Failure,5.6301599428438145,"{'node_level': {}, 'link_level': {}, 'path_level': {}}","{'node_level': {4: {'cpu': -77}, 0: {'cpu': -53}, 5: {'cpu': -84}, 3: {'cpu': -71}, 1: {'cpu': -42}, 2: {'cpu': -74}}, 'link_level': {(0, 1): {'bw': -59}, (0, 4): {'bw': -26}, (0, 5): {'bw': -23}}, 'path_level': {(0, 1): {'latency': -10.363715222897078}, (0, 4): {'latency': -3.8458505365379594}, (0, 5): {'latency': 5.6301599428438145}}}","{'node_level': {4: {'cpu': 0}, 0: {'cpu': 0}, 5: {'cpu': 0}, 3: {'cpu': 0}, 1: {'cpu': 0}, 2: {'cpu': 0}}, 'link_level': {(0, 1): {'bw': 0}, (0, 4): {'bw': 0}, (0, 5): {'bw': 0}}, 'path_level': {(0, 1): {'latency': 0}, (0, 4): {'latency': 0}, (0, 5): {'latency': 5.6301599428438145}}}",[],0.0,0.0,True,False,False,0,[],0,0.0,6.0,3.0
68,11,6,1582.0,2684.0,1159934.713509808,1954859.340350739,0.589418777943368,0.5933596804472355,14,104,0,883.6247427357212,42823,7323,35500,0.03390501319261219,0.03945018669841438,55,168.62474273572116,715.0,4,3,False,{},{},{},{},0.0,0.0,0.0,0.0,0.0,0.0,0.0,0.0,0.0,0.0,0.0,0.0,0.0,0.0,Leave Event,0.0,"{'node_level': {}, 'link_level': {}, 'path_level': {}}","{'node_level': {}, 'link_level': {}, 'path_level': {}}","{'node_level': {}, 'link_level': {}, 'path_level': {}}",[],0.0,0.0,True,True,False,0,[],0,0.0,,
69,11,6,1582.0,2684.0,1159934.713509808,1954859.340350739,0.589418777943368,0.5933596804472355,14,105,1,886.0,42823,7323,35500,0.03390501319261219,0.03945018669841438,68,15.419460745736803,886.0,7,9,False,"{6: 41, 0: 46, 2: 65, 3: 98, 4: 39, 5: 90, 1: 34}","{(0, 2): []}","{(6, 41): {'cpu': 13}, (0, 46): {'cpu': 10}, (2, 65): {'cpu': 12}, (3, 98): {'cpu': 3}, (4, 39): {'cpu': 1}, (5, 90): {'cpu': 2}, (1, 34): {'cpu': 1}}",{},0.0,0.0,215.0,42.0,173.0,0.0,0.0,0.0,0.0,0.0,0.0,0.0,0.0,0.0,Route Failure,7.084148989216086,"{'node_level': {}, 'link_level': {}, 'path_level': {}}","{'node_level': {6: {'cpu': -79}, 0: {'cpu': -55}, 2: {'cpu': -81}, 3: {'cpu': -82}, 4: {'cpu': -45}, 5: {'cpu': -74}, 1: {'cpu': -86}}, 'link_level': {(0, 2): {'bw': -35}}, 'path_level': {(0, 2): {'latency': 7.084148989216086}}}","{'node_level': {6: {'cpu': 0}, 0: {'cpu': 0}, 2: {'cpu': 0}, 3: {'cpu': 0}, 4: {'cpu': 0}, 5: {'cpu': 0}, 1: {'cpu': 0}}, 'link_level': {(0, 2): {'bw': 0}}, 'path_level': {(0, 2): {'latency': 7.084148989216086}}}",[],0.0,0.0,True,False,False,0,[],0,0.0,7.0,1.0
69,11,6,1582.0,2684.0,1159934.713509808,1954859.340350739,0.589418777943368,0.5933596804472355,14,106,0,887.3588824023973,42823,7323,35500,0.03390501319261219,0.03945018669841438,64,47.35888240239732,840.0,6,10,False,{},{},{},{},0.0,0.0,0.0,0.0,0.0,0.0,0.0,0.0,0.0,0.0,0.0,0.0,0.0,0.0,Leave Event,0.0,"{'node_level': {}, 'link_level': {}, 'path_level': {}}","{'node_level': {}, 'link_level': {}, 'path_level': {}}","{'node_level': {}, 'link_level': {}, 'path_level': {}}",[],0.0,0.0,True,True,False,0,[],0,0.0,,
70,11,6,1582.0,2684.0,1159934.713509808,1954859.340350739,0.589418777943368,0.5933596804472355,14,107,1,895.0,42823,7323,35500,0.03390501319261219,0.03945018669841438,69,157.59787552138852,895.0,10,23,False,"{9: 41, 4: 46, 0: 65, 7: 98, 2: 39, 8: 90, 1: 34, 6: 24, 5: 63, 3: 36}","{(0, 2): []}","{(9, 41): {'cpu': 13}, (4, 46): {'cpu': 17}, (0, 65): {'cpu': 14}, (7, 98): {'cpu': 14}, (2, 39): {'cpu': 6}, (8, 90): {'cpu': 18}, (1, 34): {'cpu': 7}, (6, 24): {'cpu': 5}, (5, 63): {'cpu': 20}, (3, 36): {'cpu': 1}}",{},0.0,0.0,730.0,115.0,615.0,0.0,0.0,0.0,0.0,0.0,0.0,0.0,0.0,0.0,Route Failure,4.331573965699681,"{'node_level': {}, 'link_level': {}, 'path_level': {}}","{'node_level': {9: {'cpu': -79}, 4: {'cpu': -48}, 0: {'cpu': -79}, 7: {'cpu': -71}, 2: {'cpu': -40}, 8: {'cpu': -58}, 1: {'cpu': -80}, 6: {'cpu': -87}, 5: {'cpu': -49}, 3: {'cpu': -80}}, 'link_level': {(0, 2): {'bw': -47}}, 'path_level': {(0, 2): {'latency': 4.331573965699681}}}","{'node_level': {9: {'cpu': 0}, 4: {'cpu': 0}, 0: {'cpu': 0}, 7: {'cpu': 0}, 2: {'cpu': 0}, 8: {'cpu': 0}, 1: {'cpu': 0}, 6: {'cpu': 0}, 5: {'cpu': 0}, 3: {'cpu': 0}}, 'link_level': {(0, 2): {'bw': 0}}, 'path_level': {(0, 2): {'latency': 4.331573965699681}}}",[],0.0,0.0,True,False,False,0,[],0,0.0,10.0,1.0
70,11,6,1582.0,2684.0,1159934.713509808,1954859.340350739,0.589418777943368,0.5933596804472355,14,108,0,901.4194607457368,42823,7323,35500,0.03390501319261219,0.03945018669841438,68,15.419460745736803,886.0,7,9,False,{},{},{},{},0.0,0.0,0.0,0.0,0.0,0.0,0.0,0.0,0.0,0.0,0.0,0.0,0.0,0.0,Leave Event,0.0,"{'node_level': {}, 'link_level': {}, 'path_level': {}}","{'node_level': {}, 'link_level': {}, 'path_level': {}}","{'node_level': {}, 'link_level': {}, 'path_level': {}}",[],0.0,0.0,True,True,False,0,[],0,0.0,,
70,11,6,1582.0,2684.0,1159934.713509808,1954859.340350739,0.589418777943368,0.5933596804472355,14,109,0,904.3210884109765,42823,7323,35500,0.03390501319261219,0.03945018669841438,41,377.3210884109764,527.0,5,6,False,{},{},{},{},0.0,0.0,0.0,0.0,0.0,0.0,0.0,0.0,0.0,0.0,0.0,0.0,0.0,0.0,Leave Event,0.0,"{'node_level': {}, 'link_level': {}, 'path_level': {}}","{'node_level': {}, 'link_level': {}, 'path_level': {}}","{'node_level': {}, 'link_level': {}, 'path_level': {}}",[],0.0,0.0,True,True,False,0,[],0,0.0,,
71,11,6,1582.0,2684.0,1159934.713509808,1954859.340350739,0.589418777943368,0.5933596804472355,14,110,1,913.0,42823,7323,35500,0.03390501319261219,0.03945018669841438,70,1.2929588110513002,913.0,5,7,False,"{4: 41, 1: 46, 0: 65, 3: 98, 2: 39}","{(0, 1): [(65, 41), (41, 80), (80, 46)], (0, 2): []}","{(4, 41): {'cpu': 15}, (1, 46): {'cpu': 10}, (0, 65): {'cpu': 11}, (3, 98): {'cpu': 5}, (2, 39): {'cpu': 1}}","{((0, 1), (65, 41)): {'bw': 8}, ((0, 1), (41, 80)): {'bw': 8}, ((0, 1), (80, 46)): {'bw': 8}}",0.0,0.0,211.0,42.0,169.0,0.0,0.0,0.0,0.0,0.0,0.0,0.0,0.0,0.0,Route Failure,4.571441484328482,"{'node_level': {}, 'link_level': {}, 'path_level': {}}","{'node_level': {4: {'cpu': -77}, 1: {'cpu': -55}, 0: {'cpu': -82}, 3: {'cpu': -80}, 2: {'cpu': -45}}, 'link_level': {(0, 1): {'bw': -19}, (0, 2): {'bw': -34}}, 'path_level': {(0, 1): {'latency': -0.269155915732636}, (0, 2): {'latency': 4.571441484328482}}}","{'node_level': {4: {'cpu': 0}, 1: {'cpu': 0}, 0: {'cpu': 0}, 3: {'cpu': 0}, 2: {'cpu': 0}}, 'link_level': {(0, 1): {'bw': 0}, (0, 2): {'bw': 0}}, 'path_level': {(0, 1): {'latency': 0}, (0, 2): {'latency': 4.571441484328482}}}",[],0.0,0.0,True,False,False,0,[],0,0.0,5.0,2.0
71,11,6,1582.0,2684.0,1159934.713509808,1954859.340350739,0.589418777943368,0.5933596804472355,14,111,0,914.2929588110513,42823,7323,35500,0.03390501319261219,0.03945018669841438,70,1.2929588110513002,913.0,5,7,False,{},{},{},{},0.0,0.0,0.0,0.0,0.0,0.0,0.0,0.0,0.0,0.0,0.0,0.0,0.0,0.0,Leave Event,0.0,"{'node_level': {}, 'link_level': {}, 'path_level': {}}","{'node_level': {}, 'link_level': {}, 'path_level': {}}","{'node_level': {}, 'link_level': {}, 'path_level': {}}",[],0.0,0.0,True,True,False,0,[],0,0.0,,
72,11,6,1582.0,2684.0,1159934.713509808,1954859.340350739,0.589418777943368,0.5933596804472355,14,112,1,924.0,42823,7323,35500,0.03390501319261219,0.03945018669841438,71,284.3561943693657,924.0,2,1,False,"{0: 41, 1: 46}","{(0, 1): []}","{(0, 41): {'cpu': 10}, (1, 46): {'cpu': 4}}",{},0.0,0.0,27.0,14.0,13.0,0.0,0.0,0.0,0.0,0.0,0.0,0.0,0.0,0.0,Route Failure,5.2961584364827745,"{'node_level': {}, 'link_level': {}, 'path_level': {}}","{'node_level': {0: {'cpu': -82}, 1: {'cpu': -61}}, 'link_level': {(0, 1): {'bw': -55}}, 'path_level': {(0, 1): {'latency': 5.2961584364827745}}}","{'node_level': {0: {'cpu': 0}, 1: {'cpu': 0}}, 'link_level': {(0, 1): {'bw': 0}}, 'path_level': {(0, 1): {'latency': 5.2961584364827745}}}",[],0.0,0.0,True,False,False,0,[],0,0.0,2.0,1.0
73,12,7,1633.0,2770.0,1182495.3177159848,1992902.7121493898,0.5895306859205777,0.593353258293596,15,113,1,930.0,42737,7307,35430,0.036015831134564635,0.041344228583797826,72,442.3647883564051,930.0,2,1,True,"{0: 41, 1: 46}","{(0, 1): [(41, 39), (39, 46)]}","{(0, 41): {'cpu': 11}, (1, 46): {'cpu': 5}}","{((0, 1), (41, 39)): {'bw': 35}, ((0, 1), (39, 46)): {'bw': 35}}",86.0,51.0,51.0,16.0,35.0,16.0,35.0,16.0,70.0,35.0,0.5930232558139535,38043.371798650835,22560.60420617666,262.3326070485658,Success,0.0,"{'node_level': {}, 'link_level': {}, 'path_level': {}}","{'node_level': {0: {'cpu': -81}, 1: {'cpu': -60}}, 'link_level': {(0, 1): {'bw': -58}}, 'path_level': {(0, 1): {'latency': -0.5878715135683237}}}","{'node_level': {0: {'cpu': 0}, 1: {'cpu': 0}}, 'link_level': {(0, 1): {'bw': 0}}, 'path_level': {(0, 1): {'latency': 0}}}",[],0.0,0.0,True,True,False,0,[],0,0.0,2.0,1.0
74,12,7,1633.0,2770.0,1182495.3177159848,1992902.7121493898,0.5895306859205777,0.593353258293596,15,114,1,945.0,42737,7307,35430,0.036015831134564635,0.041344228583797826,73,2413.173789893465,945.0,7,13,False,"{5: 65, 3: 98, 1: 90, 4: 34, 2: 24, 0: 63, 6: 36}","{(0, 1): []}","{(5, 65): {'cpu': 20}, (3, 98): {'cpu': 13}, (1, 90): {'cpu': 8}, (4, 34): {'cpu': 6}, (2, 24): {'cpu': 19}, (0, 63): {'cpu': 8}, (6, 36): {'cpu': 4}}",{},0.0,0.0,509.0,78.0,431.0,0.0,0.0,0.0,0.0,0.0,0.0,0.0,0.0,0.0,Route Failure,2.794663572601073,"{'node_level': {}, 'link_level': {}, 'path_level': {}}","{'node_level': {5: {'cpu': -73}, 3: {'cpu': -72}, 1: {'cpu': -68}, 4: {'cpu': -81}, 2: {'cpu': -73}, 0: {'cpu': -61}, 6: {'cpu': -77}}, 'link_level': {(0, 1): {'bw': -53}}, 'path_level': {(0, 1): {'latency': 2.794663572601073}}}","{'node_level': {5: {'cpu': 0}, 3: {'cpu': 0}, 1: {'cpu': 0}, 4: {'cpu': 0}, 2: {'cpu': 0}, 0: {'cpu': 0}, 6: {'cpu': 0}}, 'link_level': {(0, 1): {'bw': 0}}, 'path_level': {(0, 1): {'latency': 2.794663572601073}}}",[],0.0,0.0,True,False,False,0,[],0,0.0,7.0,1.0
74,12,6,1633.0,2770.0,1182495.3177159848,1992902.7121493898,0.5895306859205777,0.593353258293596,15,115,0,960.014723194151,43094,7351,35743,0.030211081794195294,0.03287515558201204,47,352.0147231941509,608.0,4,6,False,{},{},{},{},0.0,0.0,0.0,0.0,0.0,0.0,0.0,0.0,0.0,0.0,0.0,0.0,0.0,0.0,Leave Event,0.0,"{'node_level': {}, 'link_level': {}, 'path_level': {}}","{'node_level': {}, 'link_level': {}, 'path_level': {}}","{'node_level': {}, 'link_level': {}, 'path_level': {}}",[],0.0,0.0,True,True,False,0,[],0,0.0,,
75,12,6,1633.0,2770.0,1182495.3177159848,1992902.7121493898,0.5895306859205777,0.593353258293596,15,116,1,962.0,43094,7351,35743,0.030211081794195294,0.03287515558201204,74,285.9258923744301,962.0,9,16,False,"{5: 61, 1: 11, 8: 51, 0: 36, 2: 83, 3: 65, 6: 98, 4: 90, 7: 34}","{(0, 1): [(36, 11)], (0, 3): [(36, 0), (0, 65)], (0, 6): [(36, 3), (3, 42), (42, 98)], (1, 2): [(11, 83)], (1, 3): [(11, 0), (0, 65)], (1, 4): [(11, 90)], (1, 5): [(11, 36), (36, 61)], (1, 8): [(11, 59), (59, 51)], (2, 4): [(83, 7), (7, 90)], (2, 5): [(83, 81), (81, 61)], (2, 6): [(83, 69), (69, 98)], (2, 8): [(83, 80), (80, 51)], (3, 7): [(65, 2), (2, 79), (79, 34)], (3, 8): [(65, 95), (95, 51)], (4, 5): [(90, 60), (60, 61)], (5, 6): []}","{(5, 61): {'cpu': 16}, (1, 11): {'cpu': 15}, (8, 51): {'cpu': 19}, (0, 36): {'cpu': 19}, (2, 83): {'cpu': 7}, (3, 65): {'cpu': 9}, (6, 98): {'cpu': 10}, (4, 90): {'cpu': 2}, (7, 34): {'cpu': 1}}","{((0, 1), (36, 11)): {'bw': 27}, ((0, 3), (36, 0)): {'bw': 39}, ((0, 3), (0, 65)): {'bw': 39}, ((0, 6), (36, 3)): {'bw': 7}, ((0, 6), (3, 42)): {'bw': 7}, ((0, 6), (42, 98)): {'bw': 7}, ((1, 2), (11, 83)): {'bw': 14}, ((1, 3), (11, 0)): {'bw': 17}, ((1, 3), (0, 65)): {'bw': 17}, ((1, 4), (11, 90)): {'bw': 27}, ((1, 5), (11, 36)): {'bw': 35}, ((1, 5), (36, 61)): {'bw': 35}, ((1, 8), (11, 59)): {'bw': 4}, ((1, 8), (59, 51)): {'bw': 4}, ((2, 4), (83, 7)): {'bw': 34}, ((2, 4), (7, 90)): {'bw': 34}, ((2, 5), (83, 81)): {'bw': 37}, ((2, 5), (81, 61)): {'bw': 37}, ((2, 6), (83, 69)): {'bw': 39}, ((2, 6), (69, 98)): {'bw': 39}, ((2, 8), (83, 80)): {'bw': 43}, ((2, 8), (80, 51)): {'bw': 43}, ((3, 7), (65, 2)): {'bw': 36}, ((3, 7), (2, 79)): {'bw': 36}, ((3, 7), (79, 34)): {'bw': 36}, ((3, 8), (65, 95)): {'bw': 27}, ((3, 8), (95, 51)): {'bw': 27}, ((4, 5), (90, 60)): {'bw': 40}, ((4, 5), (60, 61)): {'bw': 40}}",0.0,0.0,564.0,98.0,466.0,0.0,0.0,0.0,0.0,0.0,0.0,0.0,0.0,0.0,Route Failure,11.0,"{'node_level': {}, 'link_level': {}, 'path_level': {}}","{'node_level': {5: {'cpu': -49}, 1: {'cpu': -54}, 8: {'cpu': -56}, 0: {'cpu': -62}, 2: {'cpu': -74}, 3: {'cpu': -84}, 6: {'cpu': -75}, 4: {'cpu': -74}, 7: {'cpu': -86}}, 'link_level': {(0, 1): {'bw': -50}, (0, 3): {'bw': -21}, (0, 6): {'bw': -44}, (1, 2): {'bw': -33}, (1, 3): {'bw': -4}, (1, 4): {'bw': -45}, (1, 5): {'bw': -15}, (1, 8): {'bw': -32}, (2, 4): {'bw': -21}, (2, 5): {'bw': -23}, (2, 6): {'bw': -12}, (2, 8): {'bw': 0}, (3, 7): {'bw': -20}, (3, 8): {'bw': -44}, (4, 5): {'bw': -10}, (5, 6): {'bw': 11}}, 'path_level': {(0, 1): {'latency': -2.5171414690674485}, (0, 3): {'latency': -6.5502166250154525}, (0, 6): {'latency': -1.0455219729204517}, (1, 2): {'latency': -1.180871808789541}, (1, 3): {'latency': -1.655313299672443}, (1, 4): {'latency': -6.306758432518292}, (1, 5): {'latency': -5.805565292200497}, (1, 8): {'latency': -5.292210464439471}, (2, 4): {'latency': -7.616971722276938}, (2, 5): {'latency': -1.0185842457146093}, (2, 6): {'latency': -1.9733189107565856}, (2, 8): {'latency': -7.300648614159613}, (3, 7): {'latency': -0.010292830806610809}, (3, 8): {'latency': -6.178043324790804}, (4, 5): {'latency': -7.185520417722907}, (5, 6): {'latency': 6.210124909913505}}}","{'node_level': {5: {'cpu': 0}, 1: {'cpu': 0}, 8: {'cpu': 0}, 0: {'cpu': 0}, 2: {'cpu': 0}, 3: {'cpu': 0}, 6: {'cpu': 0}, 4: {'cpu': 0}, 7: {'cpu': 0}}, 'link_level': {(0, 1): {'bw': 0}, (0, 3): {'bw': 0}, (0, 6): {'bw': 0}, (1, 2): {'bw': 0}, (1, 3): {'bw': 0}, (1, 4): {'bw': 0}, (1, 5): {'bw': 0}, (1, 8): {'bw': 0}, (2, 4): {'bw': 0}, (2, 5): {'bw': 0}, (2, 6): {'bw': 0}, (2, 8): {'bw': 0}, (3, 7): {'bw': 0}, (3, 8): {'bw': 0}, (4, 5): {'bw': 0}, (5, 6): {'bw': 11}}, 'path_level': {(0, 1): {'latency': 0}, (0, 3): {'latency': 0}, (0, 6): {'latency': 0}, (1, 2): {'latency': 0}, (1, 3): {'latency': 0}, (1, 4): {'latency': 0}, (1, 5): {'latency': 0}, (1, 8): {'latency': 0}, (2, 4): {'latency': 0}, (2, 5): {'latency': 0}, (2, 6): {'latency': 0}, (2, 8): {'latency': 0}, (3, 7): {'latency': 0}, (3, 8): {'latency': 0}, (4, 5): {'latency': 0}, (5, 6): {'latency': 6.210124909913505}}}",[],0.0,0.0,True,False,False,0,[],0,0.0,9.0,16.0
76,12,6,1633.0,2770.0,1182495.3177159848,1992902.7121493898,0.5895306859205777,0.593353258293596,15,117,1,972.0,43094,7351,35743,0.030211081794195294,0.03287515558201204,75,225.04354559397808,972.0,7,8,False,"{5: 61, 3: 11, 6: 51, 4: 36, 0: 83, 1: 65, 2: 98}","{(0, 3): [(83, 11)], (1, 3): [(65, 0), (0, 11)], (1, 5): [(65, 87), (87, 61)], (2, 3): [(98, 49), (49, 11)], (3, 4): [(11, 36)], (3, 6): []}","{(5, 61): {'cpu': 19}, (3, 11): {'cpu': 20}, (6, 51): {'cpu': 19}, (4, 36): {'cpu': 15}, (0, 83): {'cpu': 15}, (1, 65): {'cpu': 2}, (2, 98): {'cpu': 5}}","{((0, 3), (83, 11)): {'bw': 28}, ((1, 3), (65, 0)): {'bw': 32}, ((1, 3), (0, 11)): {'bw': 32}, ((1, 5), (65, 87)): {'bw': 30}, ((1, 5), (87, 61)): {'bw': 30}, ((2, 3), (98, 49)): {'bw': 20}, ((2, 3), (49, 11)): {'bw': 20}, ((3, 4), (11, 36)): {'bw': 7}}",0.0,0.0,315.0,95.0,220.0,0.0,0.0,0.0,0.0,0.0,0.0,0.0,0.0,0.0,Route Failure,7.033225801592586,"{'node_level': {}, 'link_level': {}, 'path_level': {}}","{'node_level': {5: {'cpu': -46}, 3: {'cpu': -49}, 6: {'cpu': -56}, 4: {'cpu': -66}, 0: {'cpu': -66}, 1: {'cpu': -91}, 2: {'cpu': -80}}, 'link_level': {(0, 3): {'bw': -19}, (1, 3): {'bw': -28}, (1, 5): {'bw': -47}, (2, 3): {'bw': -4}, (3, 4): {'bw': -70}, (3, 6): {'bw': -54}}, 'path_level': {(0, 3): {'latency': -13.779798825149744}, (1, 3): {'latency': -0.6754280971567965}, (1, 5): {'latency': -1.2507011249479696}, (2, 3): {'latency': -4.845311072794422}, (3, 4): {'latency': -3.323450480885854}, (3, 6): {'latency': 7.033225801592586}}}","{'node_level': {5: {'cpu': 0}, 3: {'cpu': 0}, 6: {'cpu': 0}, 4: {'cpu': 0}, 0: {'cpu': 0}, 1: {'cpu': 0}, 2: {'cpu': 0}}, 'link_level': {(0, 3): {'bw': 0}, (1, 3): {'bw': 0}, (1, 5): {'bw': 0}, (2, 3): {'bw': 0}, (3, 4): {'bw': 0}, (3, 6): {'bw': 0}}, 'path_level': {(0, 3): {'latency': 0}, (1, 3): {'latency': 0}, (1, 5): {'latency': 0}, (2, 3): {'latency': 0}, (3, 4): {'latency': 0}, (3, 6): {'latency': 7.033225801592586}}}",[],0.0,0.0,True,False,False,0,[],0,0.0,7.0,6.0
76,12,6,1633.0,2770.0,1182495.3177159848,1992902.7121493898,0.5895306859205777,0.593353258293596,15,118,0,974.9210048509754,43094,7351,35743,0.030211081794195294,0.03287515558201204,24,659.9210048509754,315.0,8,11,False,{},{},{},{},0.0,0.0,0.0,0.0,0.0,0.0,0.0,0.0,0.0,0.0,0.0,0.0,0.0,0.0,Leave Event,0.0,"{'node_level': {}, 'link_level': {}, 'path_level': {}}","{'node_level': {}, 'link_level': {}, 'path_level': {}}","{'node_level': {}, 'link_level': {}, 'path_level': {}}",[],0.0,0.0,True,True,False,0,[],0,0.0,,
77,13,7,1681.0,2841.0,1232045.0300913667,2066194.9950379755,0.5916930658218937,0.5962869105046508,15,119,1,988.0,43023,7326,35697,0.03350923482849599,0.03411981167812106,76,1032.2856744871228,988.0,2,1,True,"{0: 61, 1: 11}","{(0, 1): [(61, 36), (36, 11)]}","{(0, 61): {'cpu': 13}, (1, 11): {'cpu': 12}}","{((0, 1), (61, 36)): {'bw': 23}, ((0, 1), (36, 11)): {'bw': 23}}",71.0,48.0,48.0,25.0,23.0,25.0,23.0,25.0,46.0,23.0,0.676056338028169,73292.28288858572,49549.712375381896,697.8832728927027,Success,0.0,"{'node_level': {}, 'link_level': {}, 'path_level': {}}","{'node_level': {0: {'cpu': -52}, 1: {'cpu': -57}}, 'link_level': {(0, 1): {'bw': -35}}, 'path_level': {(0, 1): {'latency': -2.252456500388644}}}","{'node_level': {0: {'cpu': 0}, 1: {'cpu': 0}}, 'link_level': {(0, 1): {'bw': 0}}, 'path_level': {(0, 1): {'latency': 0}}}",[],0.0,0.0,True,True,False,0,[],0,0.0,2.0,1.0
78,13,7,1681.0,2841.0,1232045.0300913667,2066194.9950379755,0.5916930658218937,0.5962869105046508,15,120,1,1002.0,43023,7326,35697,0.03350923482849599,0.03411981167812106,77,331.8463919870343,1002.0,10,23,False,"{8: 51, 4: 83, 9: 65, 5: 36, 1: 98, 2: 90, 0: 34, 6: 24, 7: 91, 3: 63}","{(0, 4): [(34, 7), (7, 83)], (0, 9): [(34, 7), (7, 0), (0, 65)], (1, 3): [(98, 70), (70, 63)], (1, 5): [(98, 27), (27, 36)], (1, 6): [(98, 96), (96, 24)], (1, 8): []}","{(8, 51): {'cpu': 16}, (4, 83): {'cpu': 9}, (9, 65): {'cpu': 7}, (5, 36): {'cpu': 8}, (1, 98): {'cpu': 8}, (2, 90): {'cpu': 4}, (0, 34): {'cpu': 11}, (6, 24): {'cpu': 4}, (7, 91): {'cpu': 9}, (3, 63): {'cpu': 2}}","{((0, 4), (34, 7)): {'bw': 25}, ((0, 4), (7, 83)): {'bw': 25}, ((0, 9), (34, 7)): {'bw': 48}, ((0, 9), (7, 0)): {'bw': 48}, ((0, 9), (0, 65)): {'bw': 48}, ((1, 3), (98, 70)): {'bw': 13}, ((1, 3), (70, 63)): {'bw': 13}, ((1, 5), (98, 27)): {'bw': 14}, ((1, 5), (27, 36)): {'bw': 14}, ((1, 6), (98, 96)): {'bw': 35}, ((1, 6), (96, 24)): {'bw': 35}}",0.0,0.0,770.0,78.0,692.0,0.0,0.0,0.0,0.0,0.0,0.0,0.0,0.0,0.0,Route Failure,2.1543284657546424,"{'node_level': {}, 'link_level': {}, 'path_level': {}}","{'node_level': {8: {'cpu': -59}, 4: {'cpu': -72}, 9: {'cpu': -86}, 5: {'cpu': -73}, 1: {'cpu': -77}, 2: {'cpu': -72}, 0: {'cpu': -76}, 6: {'cpu': -88}, 7: {'cpu': -64}, 3: {'cpu': -67}}, 'link_level': {(0, 4): {'bw': -30}, (0, 9): {'bw': -8}, (1, 3): {'bw': -71}, (1, 5): {'bw': -38}, (1, 6): {'bw': -41}, (1, 8): {'bw': -23}}, 'path_level': {(0, 4): {'latency': -9.009122761416638}, (0, 9): {'latency': -2.4611028558731807}, (1, 3): {'latency': -0.9990745052488483}, (1, 5): {'latency': -3.1132881643272547}, (1, 6): {'latency': -8.501960994959024}, (1, 8): {'latency': 2.1543284657546424}}}","{'node_level': {8: {'cpu': 0}, 4: {'cpu': 0}, 9: {'cpu': 0}, 5: {'cpu': 0}, 1: {'cpu': 0}, 2: {'cpu': 0}, 0: {'cpu': 0}, 6: {'cpu': 0}, 7: {'cpu': 0}, 3: {'cpu': 0}}, 'link_level': {(0, 4): {'bw': 0}, (0, 9): {'bw': 0}, (1, 3): {'bw': 0}, (1, 5): {'bw': 0}, (1, 6): {'bw': 0}, (1, 8): {'bw': 0}}, 'path_level': {(0, 4): {'latency': 0}, (0, 9): {'latency': 0}, (1, 3): {'latency': 0}, (1, 5): {'latency': 0}, (1, 6): {'latency': 0}, (1, 8): {'latency': 2.1543284657546424}}}",[],0.0,0.0,True,False,False,0,[],0,0.0,10.0,6.0
79,13,7,1681.0,2841.0,1232045.0300913667,2066194.9950379755,0.5916930658218937,0.5962869105046508,15,121,1,1011.0,43023,7326,35697,0.03350923482849599,0.03411981167812106,78,681.0195156653356,1011.0,8,16,False,"{5: 51, 7: 83, 6: 65, 3: 36, 2: 98, 0: 90, 4: 34, 1: 24}","{(0, 1): [(90, 13), (13, 24)], (0, 3): [(90, 30), (30, 36)], (0, 4): [(90, 7), (7, 34)], (0, 5): [(90, 30), (30, 77), (77, 51)], (0, 6): []}","{(5, 51): {'cpu': 14}, (7, 83): {'cpu': 12}, (6, 65): {'cpu': 8}, (3, 36): {'cpu': 8}, (2, 98): {'cpu': 14}, (0, 90): {'cpu': 3}, (4, 34): {'cpu': 5}, (1, 24): {'cpu': 3}}","{((0, 1), (90, 13)): {'bw': 31}, ((0, 1), (13, 24)): {'bw': 31}, ((0, 3), (90, 30)): {'bw': 6}, ((0, 3), (30, 36)): {'bw': 6}, ((0, 4), (90, 7)): {'bw': 19}, ((0, 4), (7, 34)): {'bw': 19}, ((0, 5), (90, 30)): {'bw': 5}, ((0, 5), (30, 77)): {'bw': 5}, ((0, 5), (77, 51)): {'bw': 5}}",0.0,0.0,376.0,67.0,309.0,0.0,0.0,0.0,0.0,0.0,0.0,0.0,0.0,0.0,Route Failure,5.629457168584804,"{'node_level': {}, 'link_level': {}, 'path_level': {}}","{'node_level': {5: {'cpu': -61}, 7: {'cpu': -69}, 6: {'cpu': -85}, 3: {'cpu': -73}, 2: {'cpu': -71}, 0: {'cpu': -73}, 4: {'cpu': -82}, 1: {'cpu': -89}}, 'link_level': {(0, 1): {'bw': -37}, (0, 3): {'bw': -79}, (0, 4): {'bw': -43}, (0, 5): {'bw': -46}, (0, 6): {'bw': -28}}, 'path_level': {(0, 1): {'latency': -7.965841634660729}, (0, 3): {'latency': -5.791416614672487}, (0, 4): {'latency': -2.0385031818667665}, (0, 5): {'latency': -1.2661396746899118}, (0, 6): {'latency': 5.629457168584804}}}","{'node_level': {5: {'cpu': 0}, 7: {'cpu': 0}, 6: {'cpu': 0}, 3: {'cpu': 0}, 2: {'cpu': 0}, 0: {'cpu': 0}, 4: {'cpu': 0}, 1: {'cpu': 0}}, 'link_level': {(0, 1): {'bw': 0}, (0, 3): {'bw': 0}, (0, 4): {'bw': 0}, (0, 5): {'bw': 0}, (0, 6): {'bw': 0}}, 'path_level': {(0, 1): {'latency': 0}, (0, 3): {'latency': 0}, (0, 4): {'latency': 0}, (0, 5): {'latency': 0}, (0, 6): {'latency': 5.629457168584804}}}",[],0.0,0.0,True,False,False,0,[],0,0.0,8.0,5.0
80,13,7,1681.0,2841.0,1232045.0300913667,2066194.9950379755,0.5916930658218937,0.5962869105046508,15,122,1,1028.0,43023,7326,35697,0.03350923482849599,0.03411981167812106,79,701.579790134343,1028.0,7,16,False,"{2: 51, 1: 83, 6: 65, 5: 36, 4: 98, 0: 90, 3: 34}","{(0, 1): [(90, 11), (11, 83)], (0, 2): [(90, 13), (13, 51)], (0, 3): []}","{(2, 51): {'cpu': 18}, (1, 83): {'cpu': 17}, (6, 65): {'cpu': 19}, (5, 36): {'cpu': 16}, (4, 98): {'cpu': 19}, (0, 90): {'cpu': 7}, (3, 34): {'cpu': 1}}","{((0, 1), (90, 11)): {'bw': 20}, ((0, 1), (11, 83)): {'bw': 20}, ((0, 2), (90, 13)): {'bw': 27}, ((0, 2), (13, 51)): {'bw': 27}}",0.0,0.0,567.0,97.0,470.0,0.0,0.0,0.0,0.0,0.0,0.0,0.0,0.0,0.0,Route Failure,7.9297153167107775,"{'node_level': {}, 'link_level': {}, 'path_level': {}}","{'node_level': {2: {'cpu': -57}, 1: {'cpu': -64}, 6: {'cpu': -74}, 5: {'cpu': -65}, 4: {'cpu': -66}, 0: {'cpu': -69}, 3: {'cpu': -86}}, 'link_level': {(0, 1): {'bw': -27}, (0, 2): {'bw': -41}, (0, 3): {'bw': -32}}, 'path_level': {(0, 1): {'latency': -0.099345748867818}, (0, 2): {'latency': -5.433616807587441}, (0, 3): {'latency': 7.9297153167107775}}}","{'node_level': {2: {'cpu': 0}, 1: {'cpu': 0}, 6: {'cpu': 0}, 5: {'cpu': 0}, 4: {'cpu': 0}, 0: {'cpu': 0}, 3: {'cpu': 0}}, 'link_level': {(0, 1): {'bw': 0}, (0, 2): {'bw': 0}, (0, 3): {'bw': 0}}, 'path_level': {(0, 1): {'latency': 0}, (0, 2): {'latency': 0}, (0, 3): {'latency': 7.9297153167107775}}}",[],0.0,0.0,True,False,False,0,[],0,0.0,7.0,3.0
80,13,7,1681.0,2841.0,1232045.0300913667,2066194.9950379755,0.5916930658218937,0.5962869105046508,15,123,0,1038.2900913192839,43023,7326,35697,0.03350923482849599,0.03411981167812106,17,800.290091319284,238.0,9,14,False,{},{},{},{},0.0,0.0,0.0,0.0,0.0,0.0,0.0,0.0,0.0,0.0,0.0,0.0,0.0,0.0,Leave Event,0.0,"{'node_level': {}, 'link_level': {}, 'path_level': {}}","{'node_level': {}, 'link_level': {}, 'path_level': {}}","{'node_level': {}, 'link_level': {}, 'path_level': {}}",[],0.0,0.0,True,True,False,0,[],0,0.0,,
81,13,7,1681.0,2841.0,1232045.0300913667,2066194.9950379755,0.5916930658218937,0.5962869105046508,15,124,1,1040.0,43023,7326,35697,0.03350923482849599,0.03411981167812106,80,195.54683874092328,1040.0,3,2,False,"{0: 51, 2: 83, 1: 65}","{(0, 1): [(51, 95), (95, 65)], (1, 2): []}","{(0, 51): {'cpu': 18}, (2, 83): {'cpu': 18}, (1, 65): {'cpu': 4}}","{((0, 1), (51, 95)): {'bw': 47}, ((0, 1), (95, 65)): {'bw': 47}}",0.0,0.0,111.0,40.0,71.0,0.0,0.0,0.0,0.0,0.0,0.0,0.0,0.0,0.0,Route Failure,1.3499883149606164,"{'node_level': {}, 'link_level': {}, 'path_level': {}}","{'node_level': {0: {'cpu': -57}, 2: {'cpu': -63}, 1: {'cpu': -89}}, 'link_level': {(0, 1): {'bw': -24}, (1, 2): {'bw': -3}}, 'path_level': {(0, 1): {'latency': -10.141553493311573}, (1, 2): {'latency': 1.3499883149606164}}}","{'node_level': {0: {'cpu': 0}, 2: {'cpu': 0}, 1: {'cpu': 0}}, 'link_level': {(0, 1): {'bw': 0}, (1, 2): {'bw': 0}}, 'path_level': {(0, 1): {'latency': 0}, (1, 2): {'latency': 1.3499883149606164}}}",[],0.0,0.0,True,False,False,0,[],0,0.0,3.0,2.0
81,13,7,1681.0,2841.0,1232045.0300913667,2066194.9950379755,0.5916930658218937,0.5962869105046508,15,125,0,1046.079846331857,43023,7326,35697,0.03350923482849599,0.03411981167812106,16,823.0798463318571,223.0,5,8,False,{},{},{},{},0.0,0.0,0.0,0.0,0.0,0.0,0.0,0.0,0.0,0.0,0.0,0.0,0.0,0.0,Leave Event,0.0,"{'node_level': {}, 'link_level': {}, 'path_level': {}}","{'node_level': {}, 'link_level': {}, 'path_level': {}}","{'node_level': {}, 'link_level': {}, 'path_level': {}}",[],0.0,0.0,True,True,False,0,[],0,0.0,,
82,13,7,1681.0,2841.0,1232045.0300913667,2066194.9950379755,0.5916930658218937,0.5962869105046508,15,126,1,1050.0,43023,7326,35697,0.03350923482849599,0.03411981167812106,81,664.6761709178094,1050.0,9,18,False,"{7: 51, 2: 83, 5: 65, 1: 36, 3: 98, 4: 90, 6: 34, 0: 24, 8: 91}","{(0, 3): []}","{(7, 51): {'cpu': 19}, (2, 83): {'cpu': 19}, (5, 65): {'cpu': 11}, (1, 36): {'cpu': 14}, (3, 98): {'cpu': 13}, (4, 90): {'cpu': 5}, (6, 34): {'cpu': 3}, (0, 24): {'cpu': 2}, (8, 91): {'cpu': 1}}",{},0.0,0.0,558.0,87.0,471.0,0.0,0.0,0.0,0.0,0.0,0.0,0.0,0.0,0.0,Route Failure,5.904393531126199,"{'node_level': {}, 'link_level': {}, 'path_level': {}}","{'node_level': {7: {'cpu': -56}, 2: {'cpu': -62}, 5: {'cpu': -82}, 1: {'cpu': -67}, 3: {'cpu': -72}, 4: {'cpu': -71}, 6: {'cpu': -84}, 0: {'cpu': -90}, 8: {'cpu': -72}}, 'link_level': {(0, 3): {'bw': -38}}, 'path_level': {(0, 3): {'latency': 5.904393531126199}}}","{'node_level': {7: {'cpu': 0}, 2: {'cpu': 0}, 5: {'cpu': 0}, 1: {'cpu': 0}, 3: {'cpu': 0}, 4: {'cpu': 0}, 6: {'cpu': 0}, 0: {'cpu': 0}, 8: {'cpu': 0}}, 'link_level': {(0, 3): {'bw': 0}}, 'path_level': {(0, 3): {'latency': 5.904393531126199}}}",[],0.0,0.0,True,False,False,0,[],0,0.0,9.0,1.0
82,13,7,1681.0,2841.0,1232045.0300913667,2066194.9950379755,0.5916930658218937,0.5962869105046508,15,127,0,1051.6284572803029,43023,7326,35697,0.03350923482849599,0.03411981167812106,61,247.62845728030277,804.0,7,8,False,{},{},{},{},0.0,0.0,0.0,0.0,0.0,0.0,0.0,0.0,0.0,0.0,0.0,0.0,0.0,0.0,Leave Event,0.0,"{'node_level': {}, 'link_level': {}, 'path_level': {}}","{'node_level': {}, 'link_level': {}, 'path_level': {}}","{'node_level': {}, 'link_level': {}, 'path_level': {}}",[],0.0,0.0,True,True,False,0,[],0,0.0,,
82,13,7,1681.0,2841.0,1232045.0300913667,2066194.9950379755,0.5916930658218937,0.5962869105046508,15,128,0,1052.5978755213885,43023,7326,35697,0.03350923482849599,0.03411981167812106,69,157.59787552138852,895.0,10,23,False,{},{},{},{},0.0,0.0,0.0,0.0,0.0,0.0,0.0,0.0,0.0,0.0,0.0,0.0,0.0,0.0,Leave Event,0.0,"{'node_level': {}, 'link_level': {}, 'path_level': {}}","{'node_level': {}, 'link_level': {}, 'path_level': {}}","{'node_level': {}, 'link_level': {}, 'path_level': {}}",[],0.0,0.0,True,True,False,0,[],0,0.0,,
83,13,7,1681.0,2841.0,1232045.0300913667,2066194.9950379755,0.5916930658218937,0.5962869105046508,15,129,1,1063.0,43023,7326,35697,0.03350923482849599,0.03411981167812106,82,102.64551389079678,1063.0,6,10,False,"{1: 51, 4: 83, 0: 65, 5: 36, 3: 98, 2: 90}","{(0, 1): [(65, 95), (95, 51)], (0, 2): []}","{(1, 51): {'cpu': 13}, (4, 83): {'cpu': 18}, (0, 65): {'cpu': 9}, (5, 36): {'cpu': 13}, (3, 98): {'cpu': 9}, (2, 90): {'cpu': 4}}","{((0, 1), (65, 95)): {'bw': 42}, ((0, 1), (95, 51)): {'bw': 42}}",0.0,0.0,333.0,66.0,267.0,0.0,0.0,0.0,0.0,0.0,0.0,0.0,0.0,0.0,Route Failure,3.6314272529000515,"{'node_level': {}, 'link_level': {}, 'path_level': {}}","{'node_level': {1: {'cpu': -62}, 4: {'cpu': -63}, 0: {'cpu': -84}, 5: {'cpu': -68}, 3: {'cpu': -76}, 2: {'cpu': -72}}, 'link_level': {(0, 1): {'bw': -29}, (0, 2): {'bw': -29}}, 'path_level': {(0, 1): {'latency': -8.432949877721075}, (0, 2): {'latency': 3.6314272529000515}}}","{'node_level': {1: {'cpu': 0}, 4: {'cpu': 0}, 0: {'cpu': 0}, 5: {'cpu': 0}, 3: {'cpu': 0}, 2: {'cpu': 0}}, 'link_level': {(0, 1): {'bw': 0}, (0, 2): {'bw': 0}}, 'path_level': {(0, 1): {'latency': 0}, (0, 2): {'latency': 3.6314272529000515}}}",[],0.0,0.0,True,False,False,0,[],0,0.0,6.0,2.0
83,13,7,1681.0,2841.0,1232045.0300913667,2066194.9950379755,0.5916930658218937,0.5962869105046508,15,130,0,1073.7706794749522,43023,7326,35697,0.03350923482849599,0.03411981167812106,65,221.77067947495215,852.0,9,15,False,{},{},{},{},0.0,0.0,0.0,0.0,0.0,0.0,0.0,0.0,0.0,0.0,0.0,0.0,0.0,0.0,Leave Event,0.0,"{'node_level': {}, 'link_level': {}, 'path_level': {}}","{'node_level': {}, 'link_level': {}, 'path_level': {}}","{'node_level': {}, 'link_level': {}, 'path_level': {}}",[],0.0,0.0,True,True,False,0,[],0,0.0,,
84,13,7,1681.0,2841.0,1232045.0300913667,2066194.9950379755,0.5916930658218937,0.5962869105046508,15,131,1,1081.0,43023,7326,35697,0.03350923482849599,0.03411981167812106,83,70.83464121039924,1081.0,5,7,False,"{3: 51, 2: 83, 4: 65, 0: 36, 1: 98}","{(0, 1): [(36, 27), (27, 98)], (0, 2): []}","{(3, 51): {'cpu': 20}, (2, 83): {'cpu': 14}, (4, 65): {'cpu': 15}, (0, 36): {'cpu': 11}, (1, 98): {'cpu': 14}}","{((0, 1), (36, 27)): {'bw': 21}, ((0, 1), (27, 98)): {'bw': 21}}",0.0,0.0,312.0,74.0,238.0,0.0,0.0,0.0,0.0,0.0,0.0,0.0,0.0,0.0,Route Failure,6.546820797102414,"{'node_level': {}, 'link_level': {}, 'path_level': {}}","{'node_level': {3: {'cpu': -55}, 2: {'cpu': -67}, 4: {'cpu': -78}, 0: {'cpu': -70}, 1: {'cpu': -71}}, 'link_level': {(0, 1): {'bw': -31}, (0, 2): {'bw': -11}}, 'path_level': {(0, 1): {'latency': -6.464105055528762}, (0, 2): {'latency': 6.546820797102414}}}","{'node_level': {3: {'cpu': 0}, 2: {'cpu': 0}, 4: {'cpu': 0}, 0: {'cpu': 0}, 1: {'cpu': 0}}, 'link_level': {(0, 1): {'bw': 0}, (0, 2): {'bw': 0}}, 'path_level': {(0, 1): {'latency': 0}, (0, 2): {'latency': 6.546820797102414}}}",[],0.0,0.0,True,False,False,0,[],0,0.0,5.0,2.0
85,13,7,1681.0,2841.0,1232045.0300913667,2066194.9950379755,0.5916930658218937,0.5962869105046508,15,132,1,1089.0,43023,7326,35697,0.03350923482849599,0.03411981167812106,84,5.010980031022644,1089.0,8,13,False,"{6: 51, 4: 83, 2: 65, 0: 36, 1: 98, 3: 90, 5: 34, 7: 24}","{(0, 1): [(36, 27), (27, 98)], (0, 2): [(36, 0), (0, 65)], (0, 3): [(36, 11), (11, 90)], (0, 4): []}","{(6, 51): {'cpu': 20}, (4, 83): {'cpu': 19}, (2, 65): {'cpu': 12}, (0, 36): {'cpu': 6}, (1, 98): {'cpu': 17}, (3, 90): {'cpu': 6}, (5, 34): {'cpu': 7}, (7, 24): {'cpu': 5}}","{((0, 1), (36, 27)): {'bw': 18}, ((0, 1), (27, 98)): {'bw': 18}, ((0, 2), (36, 0)): {'bw': 47}, ((0, 2), (0, 65)): {'bw': 47}, ((0, 3), (36, 11)): {'bw': 43}, ((0, 3), (11, 90)): {'bw': 43}}",0.0,0.0,519.0,92.0,427.0,0.0,0.0,0.0,0.0,0.0,0.0,0.0,0.0,0.0,Route Failure,4.464786451347301,"{'node_level': {}, 'link_level': {}, 'path_level': {}}","{'node_level': {6: {'cpu': -55}, 4: {'cpu': -62}, 2: {'cpu': -81}, 0: {'cpu': -75}, 1: {'cpu': -68}, 3: {'cpu': -70}, 5: {'cpu': -80}, 7: {'cpu': -87}}, 'link_level': {(0, 1): {'bw': -34}, (0, 2): {'bw': -13}, (0, 3): {'bw': -11}, (0, 4): {'bw': -13}}, 'path_level': {(0, 1): {'latency': -5.342559610170666}, (0, 2): {'latency': -2.650028291471612}, (0, 3): {'latency': -0.8108914845311421}, (0, 4): {'latency': 4.464786451347301}}}","{'node_level': {6: {'cpu': 0}, 4: {'cpu': 0}, 2: {'cpu': 0}, 0: {'cpu': 0}, 1: {'cpu': 0}, 3: {'cpu': 0}, 5: {'cpu': 0}, 7: {'cpu': 0}}, 'link_level': {(0, 1): {'bw': 0}, (0, 2): {'bw': 0}, (0, 3): {'bw': 0}, (0, 4): {'bw': 0}}, 'path_level': {(0, 1): {'latency': 0}, (0, 2): {'latency': 0}, (0, 3): {'latency': 0}, (0, 4): {'latency': 4.464786451347301}}}",[],0.0,0.0,True,False,False,0,[],0,0.0,8.0,4.0
85,13,7,1681.0,2841.0,1232045.0300913667,2066194.9950379755,0.5916930658218937,0.5962869105046508,15,133,0,1094.0109800310227,43023,7326,35697,0.03350923482849599,0.03411981167812106,84,5.010980031022644,1089.0,8,13,False,{},{},{},{},0.0,0.0,0.0,0.0,0.0,0.0,0.0,0.0,0.0,0.0,0.0,0.0,0.0,0.0,Leave Event,0.0,"{'node_level': {}, 'link_level': {}, 'path_level': {}}","{'node_level': {}, 'link_level': {}, 'path_level': {}}","{'node_level': {}, 'link_level': {}, 'path_level': {}}",[],0.0,0.0,True,True,False,0,[],0,0.0,,
86,14,8,1759.0,2963.0,1250253.1245957883,2094674.3223397632,0.5936550793115086,0.5968723210390283,16,134,1,1104.0,42901,7292,35609,0.037994722955145166,0.036500892905460214,85,233.43710903104574,1104.0,3,2,True,"{1: 51, 2: 83, 0: 65}","{(0, 1): [(65, 95), (95, 51)], (1, 2): [(51, 80), (80, 83)]}","{(1, 51): {'cpu': 13}, (2, 83): {'cpu': 19}, (0, 65): {'cpu': 2}}","{((0, 1), (65, 95)): {'bw': 31}, ((0, 1), (95, 51)): {'bw': 31}, ((1, 2), (51, 80)): {'bw': 13}, ((1, 2), (80, 83)): {'bw': 13}}",122.0,78.0,78.0,34.0,44.0,34.0,44.0,34.0,88.0,44.0,0.639344262295082,28479.32730178758,18208.094504421566,149.24667626575055,Success,0.0,"{'node_level': {}, 'link_level': {}, 'path_level': {}}","{'node_level': {1: {'cpu': -62}, 2: {'cpu': -62}, 0: {'cpu': -91}}, 'link_level': {(0, 1): {'bw': -40}, (1, 2): {'bw': -30}}, 'path_level': {(0, 1): {'latency': -0.7068602644053357}, (1, 2): {'latency': -4.842619911290127}}}","{'node_level': {1: {'cpu': 0}, 2: {'cpu': 0}, 0: {'cpu': 0}}, 'link_level': {(0, 1): {'bw': 0}, (1, 2): {'bw': 0}}, 'path_level': {(0, 1): {'latency': 0}, (1, 2): {'latency': 0}}}",[],0.0,0.0,True,True,False,0,[],0,0.0,3.0,2.0
87,14,8,1759.0,2963.0,1250253.1245957883,2094674.3223397632,0.5936550793115086,0.5968723210390283,16,135,1,1113.0,42901,7292,35609,0.037994722955145166,0.036500892905460214,86,5.4298387990952435,1113.0,6,9,False,"{4: 36, 2: 98, 3: 90, 0: 34, 1: 24, 5: 91}","{(0, 2): []}","{(4, 36): {'cpu': 17}, (2, 98): {'cpu': 10}, (3, 90): {'cpu': 7}, (0, 34): {'cpu': 1}, (1, 24): {'cpu': 1}, (5, 91): {'cpu': 6}}",{},0.0,0.0,306.0,42.0,264.0,0.0,0.0,0.0,0.0,0.0,0.0,0.0,0.0,0.0,Route Failure,17.0,"{'node_level': {}, 'link_level': {}, 'path_level': {}}","{'node_level': {4: {'cpu': -64}, 2: {'cpu': -75}, 3: {'cpu': -69}, 0: {'cpu': -86}, 1: {'cpu': -91}, 5: {'cpu': -67}}, 'link_level': {(0, 2): {'bw': 17}}, 'path_level': {(0, 2): {'latency': 7.233530388409736}}}","{'node_level': {4: {'cpu': 0}, 2: {'cpu': 0}, 3: {'cpu': 0}, 0: {'cpu': 0}, 1: {'cpu': 0}, 5: {'cpu': 0}}, 'link_level': {(0, 2): {'bw': 17}}, 'path_level': {(0, 2): {'latency': 7.233530388409736}}}",[],0.0,0.0,True,False,False,0,[],0,0.0,6.0,1.0
87,14,8,1759.0,2963.0,1250253.1245957883,2094674.3223397632,0.5936550793115086,0.5968723210390283,16,136,0,1118.4298387990953,42901,7292,35609,0.037994722955145166,0.036500892905460214,86,5.4298387990952435,1113.0,6,9,False,{},{},{},{},0.0,0.0,0.0,0.0,0.0,0.0,0.0,0.0,0.0,0.0,0.0,0.0,0.0,0.0,Leave Event,0.0,"{'node_level': {}, 'link_level': {}, 'path_level': {}}","{'node_level': {}, 'link_level': {}, 'path_level': {}}","{'node_level': {}, 'link_level': {}, 'path_level': {}}",[],0.0,0.0,True,True,False,0,[],0,0.0,,
88,15,9,1810.0,3051.0,1298369.5568178701,2177698.7544092378,0.5932481153720092,0.5962117369030179,17,137,1,1123.0,42813,7278,35535,0.03984168865435356,0.03850316575572266,87,943.4594553349367,1123.0,2,1,True,"{0: 36, 1: 98}","{(0, 1): [(36, 27), (27, 98)]}","{(0, 36): {'cpu': 12}, (1, 98): {'cpu': 2}}","{((0, 1), (36, 27)): {'bw': 37}, ((0, 1), (27, 98)): {'bw': 37}}",88.0,51.0,51.0,14.0,37.0,14.0,37.0,14.0,74.0,37.0,0.5795454545454546,83024.43206947442,48116.43222208177,546.7776388872929,Success,0.0,"{'node_level': {}, 'link_level': {}, 'path_level': {}}","{'node_level': {0: {'cpu': -69}, 1: {'cpu': -83}}, 'link_level': {(0, 1): {'bw': -15}}, 'path_level': {(0, 1): {'latency': -8.210892173348949}}}","{'node_level': {0: {'cpu': 0}, 1: {'cpu': 0}}, 'link_level': {(0, 1): {'bw': 0}}, 'path_level': {(0, 1): {'latency': 0}}}",[],0.0,0.0,True,True,False,0,[],0,0.0,2.0,1.0
88,15,9,1810.0,3051.0,1298369.5568178701,2177698.7544092378,0.5932481153720092,0.5962117369030179,17,138,0,1126.8178906254595,42813,7278,35535,0.03984168865435356,0.03850316575572266,4,1056.8178906254595,70.0,10,23,False,{},{},{},{},0.0,0.0,0.0,0.0,0.0,0.0,0.0,0.0,0.0,0.0,0.0,0.0,0.0,0.0,Leave Event,0.0,"{'node_level': {}, 'link_level': {}, 'path_level': {}}","{'node_level': {}, 'link_level': {}, 'path_level': {}}","{'node_level': {}, 'link_level': {}, 'path_level': {}}",[],0.0,0.0,True,True,False,0,[],0,0.0,,
89,15,9,1810.0,3051.0,1298369.5568178701,2177698.7544092378,0.5932481153720092,0.5962117369030179,17,139,1,1129.0,42813,7278,35535,0.03984168865435356,0.03850316575572266,88,139.3061863591895,1129.0,10,19,False,"{7: 90, 0: 34, 5: 24, 4: 91, 2: 63, 8: 61, 9: 29, 3: 65, 6: 31, 1: 98}","{(0, 1): [(34, 98)], (0, 2): [(34, 23), (23, 63)], (0, 3): []}","{(7, 90): {'cpu': 14}, (0, 34): {'cpu': 15}, (5, 24): {'cpu': 17}, (4, 91): {'cpu': 14}, (2, 63): {'cpu': 6}, (8, 61): {'cpu': 3}, (9, 29): {'cpu': 5}, (3, 65): {'cpu': 7}, (6, 31): {'cpu': 3}, (1, 98): {'cpu': 15}}","{((0, 1), (34, 98)): {'bw': 3}, ((0, 2), (34, 23)): {'bw': 35}, ((0, 2), (23, 63)): {'bw': 35}}",0.0,0.0,572.0,99.0,473.0,0.0,0.0,0.0,0.0,0.0,0.0,0.0,0.0,0.0,Route Failure,5.50167168206964,"{'node_level': {}, 'link_level': {}, 'path_level': {}}","{'node_level': {7: {'cpu': -62}, 0: {'cpu': -72}, 5: {'cpu': -75}, 4: {'cpu': -59}, 2: {'cpu': -63}, 8: {'cpu': -49}, 9: {'cpu': -78}, 3: {'cpu': -84}, 6: {'cpu': -51}, 1: {'cpu': -68}}, 'link_level': {(0, 1): {'bw': -94}, (0, 2): {'bw': -44}, (0, 3): {'bw': -23}}, 'path_level': {(0, 1): {'latency': -7.945902011758138}, (0, 2): {'latency': -6.10603856820298}, (0, 3): {'latency': 5.50167168206964}}}","{'node_level': {7: {'cpu': 0}, 0: {'cpu': 0}, 5: {'cpu': 0}, 4: {'cpu': 0}, 2: {'cpu': 0}, 8: {'cpu': 0}, 9: {'cpu': 0}, 3: {'cpu': 0}, 6: {'cpu': 0}, 1: {'cpu': 0}}, 'link_level': {(0, 1): {'bw': 0}, (0, 2): {'bw': 0}, (0, 3): {'bw': 0}}, 'path_level': {(0, 1): {'latency': 0}, (0, 2): {'latency': 0}, (0, 3): {'latency': 5.50167168206964}}}",[],0.0,0.0,True,False,False,0,[],0,0.0,10.0,3.0
90,15,9,1810.0,3051.0,1298369.5568178701,2177698.7544092378,0.5932481153720092,0.5962117369030179,17,140,1,1134.0,42813,7278,35535,0.03984168865435356,0.03850316575572266,89,569.7597332721556,1134.0,7,8,False,"{3: 90, 2: 34, 5: 24, 4: 91, 0: 63, 1: 61, 6: 29}","{(0, 5): [(63, 18), (18, 24)], (1, 4): [(61, 29), (29, 91)], (1, 6): [(61, 29)], (2, 3): [(34, 7), (7, 90)], (2, 4): [(34, 23), (23, 91)], (2, 5): [(34, 3), (3, 24)], (3, 5): [(90, 13), (13, 24)], (4, 5): []}","{(3, 90): {'cpu': 15}, (2, 34): {'cpu': 7}, (5, 24): {'cpu': 2}, (4, 91): {'cpu': 3}, (0, 63): {'cpu': 6}, (1, 61): {'cpu': 6}, (6, 29): {'cpu': 9}}","{((0, 5), (63, 18)): {'bw': 19}, ((0, 5), (18, 24)): {'bw': 19}, ((1, 4), (61, 29)): {'bw': 8}, ((1, 4), (29, 91)): {'bw': 8}, ((1, 6), (61, 29)): {'bw': 4}, ((2, 3), (34, 7)): {'bw': 47}, ((2, 3), (7, 90)): {'bw': 47}, ((2, 4), (34, 23)): {'bw': 15}, ((2, 4), (23, 91)): {'bw': 15}, ((2, 5), (34, 3)): {'bw': 15}, ((2, 5), (3, 24)): {'bw': 15}, ((3, 5), (90, 13)): {'bw': 43}, ((3, 5), (13, 24)): {'bw': 43}}",0.0,0.0,246.0,48.0,198.0,0.0,0.0,0.0,0.0,0.0,0.0,0.0,0.0,0.0,Route Failure,2.1680189763128785,"{'node_level': {}, 'link_level': {}, 'path_level': {}}","{'node_level': {3: {'cpu': -61}, 2: {'cpu': -80}, 5: {'cpu': -90}, 4: {'cpu': -70}, 0: {'cpu': -63}, 1: {'cpu': -46}, 6: {'cpu': -74}}, 'link_level': {(0, 5): {'bw': -59}, (1, 4): {'bw': -89}, (1, 6): {'bw': -88}, (2, 3): {'bw': -15}, (2, 4): {'bw': -64}, (2, 5): {'bw': -37}, (3, 5): {'bw': -25}, (4, 5): {'bw': -9}}, 'path_level': {(0, 5): {'latency': -0.8056922975350327}, (1, 4): {'latency': -2.7597190165115397}, (1, 6): {'latency': -0.8462702574002923}, (2, 3): {'latency': -7.01165476983655}, (2, 4): {'latency': -3.673284820978915}, (2, 5): {'latency': -0.32865669133468955}, (3, 5): {'latency': -2.4330788636496052}, (4, 5): {'latency': 2.1680189763128785}}}","{'node_level': {3: {'cpu': 0}, 2: {'cpu': 0}, 5: {'cpu': 0}, 4: {'cpu': 0}, 0: {'cpu': 0}, 1: {'cpu': 0}, 6: {'cpu': 0}}, 'link_level': {(0, 5): {'bw': 0}, (1, 4): {'bw': 0}, (1, 6): {'bw': 0}, (2, 3): {'bw': 0}, (2, 4): {'bw': 0}, (2, 5): {'bw': 0}, (3, 5): {'bw': 0}, (4, 5): {'bw': 0}}, 'path_level': {(0, 5): {'latency': 0}, (1, 4): {'latency': 0}, (1, 6): {'latency': 0}, (2, 3): {'latency': 0}, (2, 4): {'latency': 0}, (2, 5): {'latency': 0}, (3, 5): {'latency': 0}, (4, 5): {'latency': 2.1680189763128785}}}",[],0.0,0.0,True,False,False,0,[],0,0.0,7.0,8.0
90,15,9,1810.0,3051.0,1298369.5568178701,2177698.7544092378,0.5932481153720092,0.5962117369030179,17,141,0,1142.6888711818872,42813,7278,35535,0.03984168865435356,0.03850316575572266,57,394.6888711818872,748.0,6,12,False,{},{},{},{},0.0,0.0,0.0,0.0,0.0,0.0,0.0,0.0,0.0,0.0,0.0,0.0,0.0,0.0,Leave Event,0.0,"{'node_level': {}, 'link_level': {}, 'path_level': {}}","{'node_level': {}, 'link_level': {}, 'path_level': {}}","{'node_level': {}, 'link_level': {}, 'path_level': {}}",[],0.0,0.0,True,True,False,0,[],0,0.0,,
91,16,10,2087.0,3598.0,1454948.7496109263,2486900.265087222,0.5800444691495276,0.585045073996925,21,142,1,1144.0,42266,7213,35053,0.0484168865435356,0.05154499702364845,90,565.2678440182534,1144.0,6,7,True,"{0: 90, 4: 34, 3: 24, 2: 91, 5: 63, 1: 61}","{(0, 2): [(90, 11), (11, 91)], (0, 3): [(90, 13), (13, 24)], (0, 5): [(90, 60), (60, 63)], (1, 3): [(61, 36), (36, 3), (3, 24)], (1, 4): [(61, 89), (89, 5), (5, 34)], (2, 4): [(91, 23), (23, 34)], (2, 5): [(91, 23), (23, 63)]}","{(0, 90): {'cpu': 19}, (4, 34): {'cpu': 15}, (3, 24): {'cpu': 20}, (2, 91): {'cpu': 5}, (5, 63): {'cpu': 4}, (1, 61): {'cpu': 2}}","{((0, 2), (90, 11)): {'bw': 31}, ((0, 2), (11, 91)): {'bw': 31}, ((0, 3), (90, 13)): {'bw': 29}, ((0, 3), (13, 24)): {'bw': 29}, ((0, 5), (90, 60)): {'bw': 34}, ((0, 5), (60, 63)): {'bw': 34}, ((1, 3), (61, 36)): {'bw': 15}, ((1, 3), (36, 3)): {'bw': 15}, ((1, 3), (3, 24)): {'bw': 15}, ((1, 4), (61, 89)): {'bw': 43}, ((1, 4), (89, 5)): {'bw': 43}, ((1, 4), (5, 34)): {'bw': 43}, ((2, 4), (91, 23)): {'bw': 23}, ((2, 4), (23, 34)): {'bw': 23}, ((2, 5), (91, 23)): {'bw': 37}, ((2, 5), (23, 63)): {'bw': 37}}",547.0,277.0,277.0,65.0,212.0,65.0,212.0,65.0,482.0,270.0,0.506398537477148,309201.5106779846,156579.1927930562,286.25080949370414,Success,0.0,"{'node_level': {}, 'link_level': {}, 'path_level': {}}","{'node_level': {0: {'cpu': -57}, 4: {'cpu': -72}, 3: {'cpu': -72}, 2: {'cpu': -68}, 5: {'cpu': -65}, 1: {'cpu': -50}}, 'link_level': {(0, 2): {'bw': -25}, (0, 3): {'bw': -39}, (0, 5): {'bw': -27}, (1, 3): {'bw': -20}, (1, 4): {'bw': -13}, (2, 4): {'bw': -56}, (2, 5): {'bw': -32}}, 'path_level': {(0, 2): {'latency': -4.350962855013291}, (0, 3): {'latency': -9.067951844982218}, (0, 5): {'latency': -2.76755785493798}, (1, 3): {'latency': -0.023441012852118526}, (1, 4): {'latency': -2.523123778780379}, (2, 4): {'latency': -9.361246878367805}, (2, 5): {'latency': -4.6828706289672795}}}","{'node_level': {0: {'cpu': 0}, 4: {'cpu': 0}, 3: {'cpu': 0}, 2: {'cpu': 0}, 5: {'cpu': 0}, 1: {'cpu': 0}}, 'link_level': {(0, 2): {'bw': 0}, (0, 3): {'bw': 0}, (0, 5): {'bw': 0}, (1, 3): {'bw': 0}, (1, 4): {'bw': 0}, (2, 4): {'bw': 0}, (2, 5): {'bw': 0}}, 'path_level': {(0, 2): {'latency': 0}, (0, 3): {'latency': 0}, (0, 5): {'latency': 0}, (1, 3): {'latency': 0}, (1, 4): {'latency': 0}, (2, 4): {'latency': 0}, (2, 5): {'latency': 0}}}",[],0.0,0.0,True,True,False,0,[],0,0.0,6.0,7.0
91,16,10,2087.0,3598.0,1454948.7496109263,2486900.265087222,0.5800444691495276,0.585045073996925,21,143,0,1151.8346412103992,42266,7213,35053,0.0484168865435356,0.05154499702364845,83,70.83464121039924,1081.0,5,7,False,{},{},{},{},0.0,0.0,0.0,0.0,0.0,0.0,0.0,0.0,0.0,0.0,0.0,0.0,0.0,0.0,Leave Event,0.0,"{'node_level': {}, 'link_level': {}, 'path_level': {}}","{'node_level': {}, 'link_level': {}, 'path_level': {}}","{'node_level': {}, 'link_level': {}, 'path_level': {}}",[],0.0,0.0,True,True,False,0,[],0,0.0,,
92,17,11,2202.0,3829.0,1579726.2793026604,2737540.34646801,0.5750848785583703,0.5770604555073798,22,144,1,1158.0,42035,7156,34879,0.055936675461741414,0.056253043995887264,91,1085.0219973194276,1158.0,4,3,True,"{0: 29, 1: 65, 2: 31, 3: 98}","{(0, 1): [(29, 26), (26, 2), (2, 65)], (0, 3): [(29, 26), (26, 27), (27, 98)], (1, 2): [(65, 0), (0, 11), (11, 31)]}","{(0, 29): {'cpu': 20}, (1, 65): {'cpu': 14}, (2, 31): {'cpu': 16}, (3, 98): {'cpu': 7}}","{((0, 1), (29, 26)): {'bw': 37}, ((0, 1), (26, 2)): {'bw': 37}, ((0, 1), (2, 65)): {'bw': 37}, ((0, 3), (29, 26)): {'bw': 10}, ((0, 3), (26, 27)): {'bw': 10}, ((0, 3), (27, 98)): {'bw': 10}, ((1, 2), (65, 0)): {'bw': 11}, ((1, 2), (0, 11)): {'bw': 11}, ((1, 2), (11, 31)): {'bw': 11}}",231.0,115.0,115.0,57.0,58.0,57.0,58.0,57.0,174.0,116.0,0.49783549783549785,250640.08138078777,124777.52969173416,540.1624661979835,Success,0.0,"{'node_level': {}, 'link_level': {}, 'path_level': {}}","{'node_level': {0: {'cpu': -63}, 1: {'cpu': -77}, 2: {'cpu': -38}, 3: {'cpu': -76}}, 'link_level': {(0, 1): {'bw': -34}, (0, 3): {'bw': -5}, (1, 2): {'bw': -9}}, 'path_level': {(0, 1): {'latency': -3.9212903732216553}, (0, 3): {'latency': -0.5364978701807015}, (1, 2): {'latency': -1.069902933869427}}}","{'node_level': {0: {'cpu': 0}, 1: {'cpu': 0}, 2: {'cpu': 0}, 3: {'cpu': 0}}, 'link_level': {(0, 1): {'bw': 0}, (0, 3): {'bw': 0}, (1, 2): {'bw': 0}}, 'path_level': {(0, 1): {'latency': 0}, (0, 3): {'latency': 0}, (1, 2): {'latency': 0}}}",[],0.0,0.0,True,True,False,0,[],0,0.0,4.0,3.0
92,17,11,2202.0,3829.0,1579726.2793026604,2737540.34646801,0.5750848785583703,0.5770604555073798,22,145,0,1165.6455138907968,42035,7156,34879,0.055936675461741414,0.056253043995887264,82,102.64551389079678,1063.0,6,10,False,{},{},{},{},0.0,0.0,0.0,0.0,0.0,0.0,0.0,0.0,0.0,0.0,0.0,0.0,0.0,0.0,Leave Event,0.0,"{'node_level': {}, 'link_level': {}, 'path_level': {}}","{'node_level': {}, 'link_level': {}, 'path_level': {}}","{'node_level': {}, 'link_level': {}, 'path_level': {}}",[],0.0,0.0,True,True,False,0,[],0,0.0,,
93,17,11,2202.0,3829.0,1579726.2793026604,2737540.34646801,0.5750848785583703,0.5770604555073798,22,146,1,1174.0,42035,7156,34879,0.055936675461741414,0.056253043995887264,92,83.3613297293231,1174.0,9,14,False,"{6: 56, 8: 39, 1: 80, 0: 46, 4: 18, 3: 48, 5: 51, 2: 37, 7: 72}","{(0, 3): []}","{(6, 56): {'cpu': 19}, (8, 39): {'cpu': 19}, (1, 80): {'cpu': 16}, (0, 46): {'cpu': 11}, (4, 18): {'cpu': 5}, (3, 48): {'cpu': 12}, (5, 51): {'cpu': 6}, (2, 37): {'cpu': 17}, (7, 72): {'cpu': 2}}",{},0.0,0.0,432.0,107.0,325.0,0.0,0.0,0.0,0.0,0.0,0.0,0.0,0.0,0.0,Route Failure,6.378766818952343,"{'node_level': {}, 'link_level': {}, 'path_level': {}}","{'node_level': {6: {'cpu': -39}, 8: {'cpu': -27}, 1: {'cpu': -52}, 0: {'cpu': -49}, 4: {'cpu': -65}, 3: {'cpu': -77}, 5: {'cpu': -56}, 2: {'cpu': -52}, 7: {'cpu': -88}}, 'link_level': {(0, 3): {'bw': -36}}, 'path_level': {(0, 3): {'latency': 6.378766818952343}}}","{'node_level': {6: {'cpu': 0}, 8: {'cpu': 0}, 1: {'cpu': 0}, 0: {'cpu': 0}, 4: {'cpu': 0}, 3: {'cpu': 0}, 5: {'cpu': 0}, 2: {'cpu': 0}, 7: {'cpu': 0}}, 'link_level': {(0, 3): {'bw': 0}}, 'path_level': {(0, 3): {'latency': 6.378766818952343}}}",[],0.0,0.0,True,False,False,0,[],0,0.0,9.0,1.0
93,17,11,2202.0,3829.0,1579726.2793026604,2737540.34646801,0.5750848785583703,0.5770604555073798,22,147,0,1174.9427939113125,42035,7156,34879,0.055936675461741414,0.056253043995887264,67,298.9427939113125,876.0,6,9,False,{},{},{},{},0.0,0.0,0.0,0.0,0.0,0.0,0.0,0.0,0.0,0.0,0.0,0.0,0.0,0.0,Leave Event,0.0,"{'node_level': {}, 'link_level': {}, 'path_level': {}}","{'node_level': {}, 'link_level': {}, 'path_level': {}}","{'node_level': {}, 'link_level': {}, 'path_level': {}}",[],0.0,0.0,True,True,False,0,[],0,0.0,,
94,18,12,2313.0,3984.0,1742436.1159218166,2964747.775981246,0.5805722891566265,0.5877181627516764,24,148,1,1183.0,41880,7130,34750,0.05936675461741425,0.05974349261323664,93,1465.8543839563617,1183.0,3,3,True,"{1: 56, 0: 39, 2: 80}","{(0, 1): [(39, 56)], (0, 2): [(39, 46), (46, 80)], (1, 2): [(56, 80)]}","{(1, 56): {'cpu': 17}, (0, 39): {'cpu': 6}, (2, 80): {'cpu': 3}}","{((0, 1), (39, 56)): {'bw': 3}, ((0, 2), (39, 46)): {'bw': 44}, ((0, 2), (46, 80)): {'bw': 44}, ((1, 2), (56, 80)): {'bw': 38}}",155.0,111.0,111.0,26.0,85.0,26.0,85.0,26.0,129.0,44.0,0.7161290322580646,227207.42951323607,162709.83661915615,1049.7408814139108,Success,0.0,"{'node_level': {}, 'link_level': {}, 'path_level': {}}","{'node_level': {1: {'cpu': -41}, 0: {'cpu': -40}, 2: {'cpu': -65}}, 'link_level': {(0, 1): {'bw': -82}, (0, 2): {'bw': -15}, (1, 2): {'bw': -23}}, 'path_level': {(0, 1): {'latency': -9.67644279148566}, (0, 2): {'latency': -7.794102755255349}, (1, 2): {'latency': -8.756767735063338}}}","{'node_level': {1: {'cpu': 0}, 0: {'cpu': 0}, 2: {'cpu': 0}}, 'link_level': {(0, 1): {'bw': 0}, (0, 2): {'bw': 0}, (1, 2): {'bw': 0}}, 'path_level': {(0, 1): {'latency': 0}, (0, 2): {'latency': 0}, (1, 2): {'latency': 0}}}",[],0.0,0.0,True,True,False,0,[],0,0.0,3.0,3.0
94,18,12,2313.0,3984.0,1742436.1159218166,2964747.775981246,0.5805722891566265,0.5877181627516764,24,149,0,1187.1163639801384,41880,7130,34750,0.05936675461741425,0.05974349261323664,54,488.1163639801385,699.0,10,24,False,{},{},{},{},0.0,0.0,0.0,0.0,0.0,0.0,0.0,0.0,0.0,0.0,0.0,0.0,0.0,0.0,Leave Event,0.0,"{'node_level': {}, 'link_level': {}, 'path_level': {}}","{'node_level': {}, 'link_level': {}, 'path_level': {}}","{'node_level': {}, 'link_level': {}, 'path_level': {}}",[],0.0,0.0,True,True,False,0,[],0,0.0,,
94,18,12,2313.0,3984.0,1742436.1159218166,2964747.775981246,0.5805722891566265,0.5877181627516764,24,150,0,1197.043545593978,41880,7130,34750,0.05936675461741425,0.05974349261323664,75,225.04354559397808,972.0,7,8,False,{},{},{},{},0.0,0.0,0.0,0.0,0.0,0.0,0.0,0.0,0.0,0.0,0.0,0.0,0.0,0.0,Leave Event,0.0,"{'node_level': {}, 'link_level': {}, 'path_level': {}}","{'node_level': {}, 'link_level': {}, 'path_level': {}}","{'node_level': {}, 'link_level': {}, 'path_level': {}}",[],0.0,0.0,True,True,False,0,[],0,0.0,,
95,18,12,2313.0,3984.0,1742436.1159218166,2964747.775981246,0.5805722891566265,0.5877181627516764,24,151,1,1200.0,41880,7130,34750,0.05936675461741425,0.05974349261323664,94,173.88856139807936,1200.0,4,3,False,"{3: 18, 0: 48, 2: 51, 1: 37}","{(0, 1): []}","{(3, 18): {'cpu': 8}, (0, 48): {'cpu': 13}, (2, 51): {'cpu': 6}, (1, 37): {'cpu': 1}}",{},0.0,0.0,114.0,28.0,86.0,0.0,0.0,0.0,0.0,0.0,0.0,0.0,0.0,0.0,Route Failure,6.44260743685286,"{'node_level': {}, 'link_level': {}, 'path_level': {}}","{'node_level': {3: {'cpu': -62}, 0: {'cpu': -76}, 2: {'cpu': -56}, 1: {'cpu': -68}}, 'link_level': {(0, 1): {'bw': -67}}, 'path_level': {(0, 1): {'latency': 6.44260743685286}}}","{'node_level': {3: {'cpu': 0}, 0: {'cpu': 0}, 2: {'cpu': 0}, 1: {'cpu': 0}}, 'link_level': {(0, 1): {'bw': 0}}, 'path_level': {(0, 1): {'latency': 6.44260743685286}}}",[],0.0,0.0,True,False,False,0,[],0,0.0,4.0,1.0
95,18,12,2313.0,3984.0,1742436.1159218166,2964747.775981246,0.5805722891566265,0.5877181627516764,24,152,0,1208.3561943693658,41880,7130,34750,0.05936675461741425,0.05974349261323664,71,284.3561943693657,924.0,2,1,False,{},{},{},{},0.0,0.0,0.0,0.0,0.0,0.0,0.0,0.0,0.0,0.0,0.0,0.0,0.0,0.0,Leave Event,0.0,"{'node_level': {}, 'link_level': {}, 'path_level': {}}","{'node_level': {}, 'link_level': {}, 'path_level': {}}","{'node_level': {}, 'link_level': {}, 'path_level': {}}",[],0.0,0.0,True,True,False,0,[],0,0.0,,
96,19,13,2390.0,4118.0,1793798.3319786713,3054131.3727555126,0.580378824672171,0.5873350269016955,26,153,1,1219.0,41746,7110,34636,0.06200527704485492,0.0628280751122896,95,667.0417669721395,1219.0,3,2,True,"{2: 18, 0: 48, 1: 51}","{(0, 2): [(48, 24), (24, 18)], (1, 2): [(51, 24), (24, 18)]}","{(2, 18): {'cpu': 13}, (0, 48): {'cpu': 6}, (1, 51): {'cpu': 1}}","{((0, 2), (48, 24)): {'bw': 30}, ((0, 2), (24, 18)): {'bw': 30}, ((1, 2), (51, 24)): {'bw': 27}, ((1, 2), (24, 18)): {'bw': 27}}",134.0,77.0,77.0,20.0,57.0,20.0,57.0,20.0,114.0,57.0,0.5746268656716418,89383.5967742667,51362.21605685474,383.30011982727416,Success,0.0,"{'node_level': {}, 'link_level': {}, 'path_level': {}}","{'node_level': {2: {'cpu': -57}, 0: {'cpu': -83}, 1: {'cpu': -61}}, 'link_level': {(0, 2): {'bw': -48}, (1, 2): {'bw': -21}}, 'path_level': {(0, 2): {'latency': -3.877652953934989}, (1, 2): {'latency': -0.1906990391348291}}}","{'node_level': {2: {'cpu': 0}, 0: {'cpu': 0}, 1: {'cpu': 0}}, 'link_level': {(0, 2): {'bw': 0}, (1, 2): {'bw': 0}}, 'path_level': {(0, 2): {'latency': 0}, (1, 2): {'latency': 0}}}",[],0.0,0.0,True,True,False,0,[],0,0.0,3.0,2.0
97,20,14,2447.0,4214.0,1812191.7802972256,3085109.812028867,0.5806834361651637,0.5873994414174418,28,154,1,1230.0,41650,7092,34558,0.06437994722955143,0.06493857892743116,96,322.6920757641126,1230.0,2,1,True,"{1: 37, 0: 72}","{(0, 1): [(72, 3), (3, 37)]}","{(1, 37): {'cpu': 11}, (0, 72): {'cpu': 7}}","{((0, 1), (72, 3)): {'bw': 39}, ((0, 1), (3, 37)): {'bw': 39}}",96.0,57.0,57.0,18.0,39.0,18.0,39.0,18.0,78.0,39.0,0.59375,30978.43927335481,18393.448318554416,191.59841998494184,Success,0.0,"{'node_level': {}, 'link_level': {}, 'path_level': {}}","{'node_level': {1: {'cpu': -58}, 0: {'cpu': -83}}, 'link_level': {(0, 1): {'bw': -13}}, 'path_level': {(0, 1): {'latency': -4.887547969375538}}}","{'node_level': {1: {'cpu': 0}, 0: {'cpu': 0}}, 'link_level': {(0, 1): {'bw': 0}}, 'path_level': {(0, 1): {'latency': 0}}}",[],0.0,0.0,True,True,False,0,[],0,0.0,2.0,1.0
97,20,14,2447.0,4214.0,1812191.7802972256,3085109.812028867,0.5806834361651637,0.5873994414174418,28,155,0,1235.5468387409232,41650,7092,34558,0.06437994722955143,0.06493857892743116,80,195.54683874092328,1040.0,3,2,False,{},{},{},{},0.0,0.0,0.0,0.0,0.0,0.0,0.0,0.0,0.0,0.0,0.0,0.0,0.0,0.0,Leave Event,0.0,"{'node_level': {}, 'link_level': {}, 'path_level': {}}","{'node_level': {}, 'link_level': {}, 'path_level': {}}","{'node_level': {}, 'link_level': {}, 'path_level': {}}",[],0.0,0.0,True,True,False,0,[],0,0.0,,
98,20,14,2447.0,4214.0,1812191.7802972256,3085109.812028867,0.5806834361651637,0.5873994414174418,28,156,1,1239.0,41650,7092,34558,0.06437994722955143,0.06493857892743116,97,90.08222683163596,1239.0,9,14,False,"{3: 41, 6: 8, 4: 61, 2: 98, 7: 66, 0: 73, 8: 51, 1: 38, 5: 63}","{(0, 5): [(73, 63)], (0, 8): [(73, 24), (24, 51)], (1, 2): []}","{(3, 41): {'cpu': 20}, (6, 8): {'cpu': 19}, (4, 61): {'cpu': 12}, (2, 98): {'cpu': 10}, (7, 66): {'cpu': 20}, (0, 73): {'cpu': 10}, (8, 51): {'cpu': 10}, (1, 38): {'cpu': 5}, (5, 63): {'cpu': 2}}","{((0, 5), (73, 63)): {'bw': 31}, ((0, 8), (73, 24)): {'bw': 28}, ((0, 8), (24, 51)): {'bw': 28}}",0.0,0.0,431.0,108.0,323.0,0.0,0.0,0.0,0.0,0.0,0.0,0.0,0.0,0.0,Route Failure,2.2340643059028746,"{'node_level': {}, 'link_level': {}, 'path_level': {}}","{'node_level': {3: {'cpu': -61}, 6: {'cpu': -71}, 4: {'cpu': -38}, 2: {'cpu': -66}, 7: {'cpu': -30}, 0: {'cpu': -74}, 8: {'cpu': -51}, 1: {'cpu': -76}, 5: {'cpu': -63}}, 'link_level': {(0, 5): {'bw': -50}, (0, 8): {'bw': -31}, (1, 2): {'bw': -68}}, 'path_level': {(0, 5): {'latency': -2.1750457597968627}, (0, 8): {'latency': -11.400497033568495}, (1, 2): {'latency': 2.2340643059028746}}}","{'node_level': {3: {'cpu': 0}, 6: {'cpu': 0}, 4: {'cpu': 0}, 2: {'cpu': 0}, 7: {'cpu': 0}, 0: {'cpu': 0}, 8: {'cpu': 0}, 1: {'cpu': 0}, 5: {'cpu': 0}}, 'link_level': {(0, 5): {'bw': 0}, (0, 8): {'bw': 0}, (1, 2): {'bw': 0}}, 'path_level': {(0, 5): {'latency': 0}, (0, 8): {'latency': 0}, (1, 2): {'latency': 2.2340643059028746}}}",[],0.0,0.0,True,False,False,0,[],0,0.0,9.0,3.0
98,20,14,2447.0,4214.0,1812191.7802972256,3085109.812028867,0.5806834361651637,0.5873994414174418,28,157,0,1247.92589237443,41650,7092,34558,0.06437994722955143,0.06493857892743116,74,285.9258923744301,962.0,9,16,False,{},{},{},{},0.0,0.0,0.0,0.0,0.0,0.0,0.0,0.0,0.0,0.0,0.0,0.0,0.0,0.0,Leave Event,0.0,"{'node_level': {}, 'link_level': {}, 'path_level': {}}","{'node_level': {}, 'link_level': {}, 'path_level': {}}","{'node_level': {}, 'link_level': {}, 'path_level': {}}",[],0.0,0.0,True,True,False,0,[],0,0.0,,
99,21,15,2518.0,4319.0,1874568.3920948044,3177356.9139830335,0.583005325306784,0.589977280753425,29,158,1,1250.0,41545,7069,34476,0.06741424802110818,0.0671573137074517,98,878.5438281349152,1250.0,3,2,True,"{1: 41, 0: 8, 2: 61}","{(0, 1): [(8, 41)], (0, 2): [(8, 37), (37, 45), (45, 61)]}","{(1, 41): {'cpu': 16}, (0, 8): {'cpu': 5}, (2, 61): {'cpu': 2}}","{((0, 1), (8, 41)): {'bw': 31}, ((0, 2), (8, 37)): {'bw': 17}, ((0, 2), (37, 45)): {'bw': 17}, ((0, 2), (45, 61)): {'bw': 17}}",105.0,71.0,71.0,23.0,48.0,23.0,48.0,23.0,82.0,34.0,0.6761904761904762,92247.1019541661,62376.61179757898,594.0629695007523,Success,0.0,"{'node_level': {}, 'link_level': {}, 'path_level': {}}","{'node_level': {1: {'cpu': -65}, 0: {'cpu': -85}, 2: {'cpu': -48}}, 'link_level': {(0, 1): {'bw': -52}, (0, 2): {'bw': -61}}, 'path_level': {(0, 1): {'latency': -3.970200760212919}, (0, 2): {'latency': -1.1637381292866769}}}","{'node_level': {1: {'cpu': 0}, 0: {'cpu': 0}, 2: {'cpu': 0}}, 'link_level': {(0, 1): {'bw': 0}, (0, 2): {'bw': 0}}, 'path_level': {(0, 1): {'latency': 0}, (0, 2): {'latency': 0}}}",[],0.0,0.0,True,True,False,0,[],0,0.0,3.0,2.0
99,21,14,2518.0,4319.0,1874568.3920948044,3177356.9139830335,0.583005325306784,0.589977280753425,29,159,0,1252.556744976733,41863,7108,34755,0.06226912928759898,0.059608203907137836,26,909.556744976733,343.0,4,3,False,{},{},{},{},0.0,0.0,0.0,0.0,0.0,0.0,0.0,0.0,0.0,0.0,0.0,0.0,0.0,0.0,Leave Event,0.0,"{'node_level': {}, 'link_level': {}, 'path_level': {}}","{'node_level': {}, 'link_level': {}, 'path_level': {}}","{'node_level': {}, 'link_level': {}, 'path_level': {}}",[],0.0,0.0,True,True,False,0,[],0,0.0,,
99,21,14,2518.0,4319.0,1874568.3920948044,3177356.9139830335,0.583005325306784,0.589977280753425,29,160,0,1257.3613297293232,41863,7108,34755,0.06226912928759898,0.059608203907137836,92,83.3613297293231,1174.0,9,14,False,{},{},{},{},0.0,0.0,0.0,0.0,0.0,0.0,0.0,0.0,0.0,0.0,0.0,0.0,0.0,0.0,Leave Event,0.0,"{'node_level': {}, 'link_level': {}, 'path_level': {}}","{'node_level': {}, 'link_level': {}, 'path_level': {}}","{'node_level': {}, 'link_level': {}, 'path_level': {}}",[],0.0,0.0,True,True,False,0,[],0,0.0,,
100,21,14,2518.0,4319.0,1874568.3920948044,3177356.9139830335,0.583005325306784,0.589977280753425,29,161,1,1258.0,41863,7108,34755,0.06226912928759898,0.059608203907137836,99,387.9360290296584,1258.0,10,21,False,"{6: 66, 4: 60, 7: 32, 0: 39, 5: 98, 2: 73, 8: 51, 1: 38, 3: 63, 9: 47}","{(0, 3): [(39, 41), (41, 63)], (0, 4): [(39, 60)], (0, 5): [(39, 49), (49, 98)], (0, 6): []}","{(6, 66): {'cpu': 10}, (4, 60): {'cpu': 19}, (7, 32): {'cpu': 13}, (0, 39): {'cpu': 6}, (5, 98): {'cpu': 7}, (2, 73): {'cpu': 6}, (8, 51): {'cpu': 4}, (1, 38): {'cpu': 2}, (3, 63): {'cpu': 2}, (9, 47): {'cpu': 1}}","{((0, 3), (39, 41)): {'bw': 7}, ((0, 3), (41, 63)): {'bw': 7}, ((0, 4), (39, 60)): {'bw': 15}, ((0, 5), (39, 49)): {'bw': 30}, ((0, 5), (49, 98)): {'bw': 30}}",0.0,0.0,519.0,70.0,449.0,0.0,0.0,0.0,0.0,0.0,0.0,0.0,0.0,0.0,Route Failure,4.169214934247176,"{'node_level': {}, 'link_level': {}, 'path_level': {}}","{'node_level': {6: {'cpu': -58}, 4: {'cpu': -60}, 7: {'cpu': -61}, 0: {'cpu': -40}, 5: {'cpu': -69}, 2: {'cpu': -78}, 8: {'cpu': -57}, 1: {'cpu': -79}, 3: {'cpu': -63}, 9: {'cpu': -98}}, 'link_level': {(0, 3): {'bw': -51}, (0, 4): {'bw': -37}, (0, 5): {'bw': -35}, (0, 6): {'bw': -5}}, 'path_level': {(0, 3): {'latency': -0.5393930513362637}, (0, 4): {'latency': -1.6640318536095924}, (0, 5): {'latency': -2.5298575271102894}, (0, 6): {'latency': 4.169214934247176}}}","{'node_level': {6: {'cpu': 0}, 4: {'cpu': 0}, 7: {'cpu': 0}, 0: {'cpu': 0}, 5: {'cpu': 0}, 2: {'cpu': 0}, 8: {'cpu': 0}, 1: {'cpu': 0}, 3: {'cpu': 0}, 9: {'cpu': 0}}, 'link_level': {(0, 3): {'bw': 0}, (0, 4): {'bw': 0}, (0, 5): {'bw': 0}, (0, 6): {'bw': 0}}, 'path_level': {(0, 3): {'latency': 0}, (0, 4): {'latency': 0}, (0, 5): {'latency': 0}, (0, 6): {'latency': 4.169214934247176}}}",[],0.0,0.0,True,False,False,0,[],0,0.0,10.0,4.0
100,21,14,2518.0,4319.0,1874568.3920948044,3177356.9139830335,0.583005325306784,0.589977280753425,29,162,0,1268.3061863591895,41863,7108,34755,0.06226912928759898,0.059608203907137836,88,139.3061863591895,1129.0,10,19,False,{},{},{},{},0.0,0.0,0.0,0.0,0.0,0.0,0.0,0.0,0.0,0.0,0.0,0.0,0.0,0.0,Leave Event,0.0,"{'node_level': {}, 'link_level': {}, 'path_level': {}}","{'node_level': {}, 'link_level': {}, 'path_level': {}}","{'node_level': {}, 'link_level': {}, 'path_level': {}}",[],0.0,0.0,True,True,False,0,[],0,0.0,,
100,21,14,2518.0,4319.0,1874568.3920948044,3177356.9139830335,0.583005325306784,0.589977280753425,29,163,0,1275.074948306996,41863,7108,34755,0.06226912928759898,0.059608203907137836,40,768.074948306996,507.0,7,11,False,{},{},{},{},0.0,0.0,0.0,0.0,0.0,0.0,0.0,0.0,0.0,0.0,0.0,0.0,0.0,0.0,Leave Event,0.0,"{'node_level': {}, 'link_level': {}, 'path_level': {}}","{'node_level': {}, 'link_level': {}, 'path_level': {}}","{'node_level': {}, 'link_level': {}, 'path_level': {}}",[],0.0,0.0,True,True,False,0,[],0,0.0,,
100,21,14,2518.0,4319.0,1874568.3920948044,3177356.9139830335,0.583005325306784,0.589977280753425,29,164,0,1310.1047037573699,41863,7108,34755,0.06226912928759898,0.059608203907137836,52,637.1047037573697,673.0,8,13,False,{},{},{},{},0.0,0.0,0.0,0.0,0.0,0.0,0.0,0.0,0.0,0.0,0.0,0.0,0.0,0.0,Leave Event,0.0,"{'node_level': {}, 'link_level': {}, 'path_level': {}}","{'node_level': {}, 'link_level': {}, 'path_level': {}}","{'node_level': {}, 'link_level': {}, 'path_level': {}}",[],0.0,0.0,True,True,False,0,[],0,0.0,,
100,21,14,2518.0,4319.0,1874568.3920948044,3177356.9139830335,0.583005325306784,0.589977280753425,29,165,0,1329.082226831636,41863,7108,34755,0.06226912928759898,0.059608203907137836,97,90.08222683163596,1239.0,9,14,False,{},{},{},{},0.0,0.0,0.0,0.0,0.0,0.0,0.0,0.0,0.0,0.0,0.0,0.0,0.0,0.0,Leave Event,0.0,"{'node_level': {}, 'link_level': {}, 'path_level': {}}","{'node_level': {}, 'link_level': {}, 'path_level': {}}","{'node_level': {}, 'link_level': {}, 'path_level': {}}",[],0.0,0.0,True,True,False,0,[],0,0.0,,
100,21,14,2518.0,4319.0,1874568.3920948044,3177356.9139830335,0.583005325306784,0.589977280753425,29,166,0,1333.8463919870342,41863,7108,34755,0.06226912928759898,0.059608203907137836,77,331.8463919870343,1002.0,10,23,False,{},{},{},{},0.0,0.0,0.0,0.0,0.0,0.0,0.0,0.0,0.0,0.0,0.0,0.0,0.0,0.0,Leave Event,0.0,"{'node_level': {}, 'link_level': {}, 'path_level': {}}","{'node_level': {}, 'link_level': {}, 'path_level': {}}","{'node_level': {}, 'link_level': {}, 'path_level': {}}",[],0.0,0.0,True,True,False,0,[],0,0.0,,
100,21,13,2518.0,4319.0,1874568.3920948044,3177356.9139830335,0.583005325306784,0.589977280753425,29,167,0,1337.4371090310458,41985,7142,34843,0.05778364116094992,0.05722712267979868,85,233.43710903104574,1104.0,3,2,False,{},{},{},{},0.0,0.0,0.0,0.0,0.0,0.0,0.0,0.0,0.0,0.0,0.0,0.0,0.0,0.0,Leave Event,0.0,"{'node_level': {}, 'link_level': {}, 'path_level': {}}","{'node_level': {}, 'link_level': {}, 'path_level': {}}","{'node_level': {}, 'link_level': {}, 'path_level': {}}",[],0.0,0.0,True,True,False,0,[],0,0.0,,
100,21,12,2518.0,4319.0,1874568.3920948044,3177356.9139830335,0.583005325306784,0.589977280753425,29,168,0,1372.3647883564051,42071,7158,34913,0.05567282321899736,0.055333080794415235,72,442.3647883564051,930.0,2,1,False,{},{},{},{},0.0,0.0,0.0,0.0,0.0,0.0,0.0,0.0,0.0,0.0,0.0,0.0,0.0,0.0,Leave Event,0.0,"{'node_level': {}, 'link_level': {}, 'path_level': {}}","{'node_level': {}, 'link_level': {}, 'path_level': {}}","{'node_level': {}, 'link_level': {}, 'path_level': {}}",[],0.0,0.0,True,True,False,0,[],0,0.0,,
100,21,12,2518.0,4319.0,1874568.3920948044,3177356.9139830335,0.583005325306784,0.589977280753425,29,169,0,1373.8885613980794,42071,7158,34913,0.05567282321899736,0.055333080794415235,94,173.88856139807936,1200.0,4,3,False,{},{},{},{},0.0,0.0,0.0,0.0,0.0,0.0,0.0,0.0,0.0,0.0,0.0,0.0,0.0,0.0,Leave Event,0.0,"{'node_level': {}, 'link_level': {}, 'path_level': {}}","{'node_level': {}, 'link_level': {}, 'path_level': {}}","{'node_level': {}, 'link_level': {}, 'path_level': {}}",[],0.0,0.0,True,True,False,0,[],0,0.0,,
100,21,12,2518.0,4319.0,1874568.3920948044,3177356.9139830335,0.583005325306784,0.589977280753425,29,170,0,1388.5919629169168,42071,7158,34913,0.05567282321899736,0.055333080794415235,19,1127.5919629169168,261.0,3,3,False,{},{},{},{},0.0,0.0,0.0,0.0,0.0,0.0,0.0,0.0,0.0,0.0,0.0,0.0,0.0,0.0,Leave Event,0.0,"{'node_level': {}, 'link_level': {}, 'path_level': {}}","{'node_level': {}, 'link_level': {}, 'path_level': {}}","{'node_level': {}, 'link_level': {}, 'path_level': {}}",[],0.0,0.0,True,True,False,0,[],0,0.0,,
100,21,12,2518.0,4319.0,1874568.3920948044,3177356.9139830335,0.583005325306784,0.589977280753425,29,171,0,1389.2486595318776,42071,7158,34913,0.05567282321899736,0.055333080794415235,33,956.2486595318776,433.0,10,20,False,{},{},{},{},0.0,0.0,0.0,0.0,0.0,0.0,0.0,0.0,0.0,0.0,0.0,0.0,0.0,0.0,Leave Event,0.0,"{'node_level': {}, 'link_level': {}, 'path_level': {}}","{'node_level': {}, 'link_level': {}, 'path_level': {}}","{'node_level': {}, 'link_level': {}, 'path_level': {}}",[],0.0,0.0,True,True,False,0,[],0,0.0,,
100,21,12,2518.0,4319.0,1874568.3920948044,3177356.9139830335,0.583005325306784,0.589977280753425,29,172,0,1465.4829130377072,42071,7158,34913,0.05567282321899736,0.055333080794415235,25,1133.4829130377072,332.0,5,5,False,{},{},{},{},0.0,0.0,0.0,0.0,0.0,0.0,0.0,0.0,0.0,0.0,0.0,0.0,0.0,0.0,Leave Event,0.0,"{'node_level': {}, 'link_level': {}, 'path_level': {}}","{'node_level': {}, 'link_level': {}, 'path_level': {}}","{'node_level': {}, 'link_level': {}, 'path_level': {}}",[],0.0,0.0,True,True,False,0,[],0,0.0,,
100,21,12,2518.0,4319.0,1874568.3920948044,3177356.9139830335,0.583005325306784,0.589977280753425,29,173,0,1542.8058318735054,42071,7158,34913,0.05567282321899736,0.055333080794415235,22,1248.8058318735054,294.0,10,28,False,{},{},{},{},0.0,0.0,0.0,0.0,0.0,0.0,0.0,0.0,0.0,0.0,0.0,0.0,0.0,0.0,Leave Event,0.0,"{'node_level': {}, 'link_level': {}, 'path_level': {}}","{'node_level': {}, 'link_level': {}, 'path_level': {}}","{'node_level': {}, 'link_level': {}, 'path_level': {}}",[],0.0,0.0,True,True,False,0,[],0,0.0,,
100,21,11,2518.0,4319.0,1874568.3920948044,3177356.9139830335,0.583005325306784,0.589977280753425,29,174,0,1552.6920757641126,42167,7176,34991,0.053298153034300744,0.053222576979273795,96,322.6920757641126,1230.0,2,1,False,{},{},{},{},0.0,0.0,0.0,0.0,0.0,0.0,0.0,0.0,0.0,0.0,0.0,0.0,0.0,0.0,Leave Event,0.0,"{'node_level': {}, 'link_level': {}, 'path_level': {}}","{'node_level': {}, 'link_level': {}, 'path_level': {}}","{'node_level': {}, 'link_level': {}, 'path_level': {}}",[],0.0,0.0,True,True,False,0,[],0,0.0,,
100,21,11,2518.0,4319.0,1874568.3920948044,3177356.9139830335,0.583005325306784,0.589977280753425,29,175,0,1559.091556566643,42167,7176,34991,0.053298153034300744,0.053222576979273795,39,1060.091556566643,499.0,10,23,False,{},{},{},{},0.0,0.0,0.0,0.0,0.0,0.0,0.0,0.0,0.0,0.0,0.0,0.0,0.0,0.0,Leave Event,0.0,"{'node_level': {}, 'link_level': {}, 'path_level': {}}","{'node_level': {}, 'link_level': {}, 'path_level': {}}","{'node_level': {}, 'link_level': {}, 'path_level': {}}",[],0.0,0.0,True,True,False,0,[],0,0.0,,
100,21,11,2518.0,4319.0,1874568.3920948044,3177356.9139830335,0.583005325306784,0.589977280753425,29,176,0,1563.5251182707698,42167,7176,34991,0.053298153034300744,0.053222576979273795,51,905.5251182707698,658.0,8,14,False,{},{},{},{},0.0,0.0,0.0,0.0,0.0,0.0,0.0,0.0,0.0,0.0,0.0,0.0,0.0,0.0,Leave Event,0.0,"{'node_level': {}, 'link_level': {}, 'path_level': {}}","{'node_level': {}, 'link_level': {}, 'path_level': {}}","{'node_level': {}, 'link_level': {}, 'path_level': {}}",[],0.0,0.0,True,True,False,0,[],0,0.0,,
100,21,10,2518.0,4319.0,1874568.3920948044,3177356.9139830335,0.583005325306784,0.589977280753425,29,177,0,1566.7406401933645,42283,7197,35086,0.050527704485488156,0.05065209156339634,56,837.7406401933645,729.0,3,2,False,{},{},{},{},0.0,0.0,0.0,0.0,0.0,0.0,0.0,0.0,0.0,0.0,0.0,0.0,0.0,0.0,Leave Event,0.0,"{'node_level': {}, 'link_level': {}, 'path_level': {}}","{'node_level': {}, 'link_level': {}, 'path_level': {}}","{'node_level': {}, 'link_level': {}, 'path_level': {}}",[],0.0,0.0,True,True,False,0,[],0,0.0,,
100,21,9,2518.0,4319.0,1874568.3920948044,3177356.9139830335,0.583005325306784,0.589977280753425,29,178,0,1580.9910002420468,42653,7222,35431,0.047229551451187346,0.04131717084257802,44,1018.9910002420468,562.0,4,5,False,{},{},{},{},0.0,0.0,0.0,0.0,0.0,0.0,0.0,0.0,0.0,0.0,0.0,0.0,0.0,0.0,Leave Event,0.0,"{'node_level': {}, 'link_level': {}, 'path_level': {}}","{'node_level': {}, 'link_level': {}, 'path_level': {}}","{'node_level': {}, 'link_level': {}, 'path_level': {}}",[],0.0,0.0,True,True,False,0,[],0,0.0,,
100,21,9,2518.0,4319.0,1874568.3920948044,3177356.9139830335,0.583005325306784,0.589977280753425,29,179,0,1596.523886658026,42653,7222,35431,0.047229551451187346,0.04131717084257802,20,1323.523886658026,273.0,5,7,False,{},{},{},{},0.0,0.0,0.0,0.0,0.0,0.0,0.0,0.0,0.0,0.0,0.0,0.0,0.0,0.0,Leave Event,0.0,"{'node_level': {}, 'link_level': {}, 'path_level': {}}","{'node_level': {}, 'link_level': {}, 'path_level': {}}","{'node_level': {}, 'link_level': {}, 'path_level': {}}",[],0.0,0.0,True,True,False,0,[],0,0.0,,
100,21,9,2518.0,4319.0,1874568.3920948044,3177356.9139830335,0.583005325306784,0.589977280753425,29,180,0,1608.2089406321106,42653,7222,35431,0.047229551451187346,0.04131717084257802,1,1583.2089406321106,25.0,10,17,False,{},{},{},{},0.0,0.0,0.0,0.0,0.0,0.0,0.0,0.0,0.0,0.0,0.0,0.0,0.0,0.0,Leave Event,0.0,"{'node_level': {}, 'link_level': {}, 'path_level': {}}","{'node_level': {}, 'link_level': {}, 'path_level': {}}","{'node_level': {}, 'link_level': {}, 'path_level': {}}",[],0.0,0.0,True,True,False,0,[],0,0.0,,
100,21,9,2518.0,4319.0,1874568.3920948044,3177356.9139830335,0.583005325306784,0.589977280753425,29,181,0,1645.9360290296584,42653,7222,35431,0.047229551451187346,0.04131717084257802,99,387.9360290296584,1258.0,10,21,False,{},{},{},{},0.0,0.0,0.0,0.0,0.0,0.0,0.0,0.0,0.0,0.0,0.0,0.0,0.0,0.0,Leave Event,0.0,"{'node_level': {}, 'link_level': {}, 'path_level': {}}","{'node_level': {}, 'link_level': {}, 'path_level': {}}","{'node_level': {}, 'link_level': {}, 'path_level': {}}",[],0.0,0.0,True,True,False,0,[],0,0.0,,
100,21,9,2518.0,4319.0,1874568.3920948044,3177356.9139830335,0.583005325306784,0.589977280753425,29,182,0,1683.91633037475,42653,7222,35431,0.047229551451187346,0.04131717084257802,63,855.9163303747499,828.0,4,4,False,{},{},{},{},0.0,0.0,0.0,0.0,0.0,0.0,0.0,0.0,0.0,0.0,0.0,0.0,0.0,0.0,Leave Event,0.0,"{'node_level': {}, 'link_level': {}, 'path_level': {}}","{'node_level': {}, 'link_level': {}, 'path_level': {}}","{'node_level': {}, 'link_level': {}, 'path_level': {}}",[],0.0,0.0,True,True,False,0,[],0,0.0,,
100,21,9,2518.0,4319.0,1874568.3920948044,3177356.9139830335,0.583005325306784,0.589977280753425,29,183,0,1692.0195156653356,42653,7222,35431,0.047229551451187346,0.04131717084257802,78,681.0195156653356,1011.0,8,16,False,{},{},{},{},0.0,0.0,0.0,0.0,0.0,0.0,0.0,0.0,0.0,0.0,0.0,0.0,0.0,0.0,Leave Event,0.0,"{'node_level': {}, 'link_level': {}, 'path_level': {}}","{'node_level': {}, 'link_level': {}, 'path_level': {}}","{'node_level': {}, 'link_level': {}, 'path_level': {}}",[],0.0,0.0,True,True,False,0,[],0,0.0,,
100,21,9,2518.0,4319.0,1874568.3920948044,3177356.9139830335,0.583005325306784,0.589977280753425,29,184,0,1703.7597332721557,42653,7222,35431,0.047229551451187346,0.04131717084257802,89,569.7597332721556,1134.0,7,8,False,{},{},{},{},0.0,0.0,0.0,0.0,0.0,0.0,0.0,0.0,0.0,0.0,0.0,0.0,0.0,0.0,Leave Event,0.0,"{'node_level': {}, 'link_level': {}, 'path_level': {}}","{'node_level': {}, 'link_level': {}, 'path_level': {}}","{'node_level': {}, 'link_level': {}, 'path_level': {}}",[],0.0,0.0,True,True,False,0,[],0,0.0,,
100,21,8,2518.0,4319.0,1874568.3920948044,3177356.9139830335,0.583005325306784,0.589977280753425,29,185,0,1709.2678440182535,43200,7287,35913,0.038654353562005306,0.028275339574652336,90,565.2678440182534,1144.0,6,7,False,{},{},{},{},0.0,0.0,0.0,0.0,0.0,0.0,0.0,0.0,0.0,0.0,0.0,0.0,0.0,0.0,Leave Event,0.0,"{'node_level': {}, 'link_level': {}, 'path_level': {}}","{'node_level': {}, 'link_level': {}, 'path_level': {}}","{'node_level': {}, 'link_level': {}, 'path_level': {}}",[],0.0,0.0,True,True,False,0,[],0,0.0,,
100,21,8,2518.0,4319.0,1874568.3920948044,3177356.9139830335,0.583005325306784,0.589977280753425,29,186,0,1714.6761709178095,43200,7287,35913,0.038654353562005306,0.028275339574652336,81,664.6761709178094,1050.0,9,18,False,{},{},{},{},0.0,0.0,0.0,0.0,0.0,0.0,0.0,0.0,0.0,0.0,0.0,0.0,0.0,0.0,Leave Event,0.0,"{'node_level': {}, 'link_level': {}, 'path_level': {}}","{'node_level': {}, 'link_level': {}, 'path_level': {}}","{'node_level': {}, 'link_level': {}, 'path_level': {}}",[],0.0,0.0,True,True,False,0,[],0,0.0,,
100,21,8,2518.0,4319.0,1874568.3920948044,3177356.9139830335,0.583005325306784,0.589977280753425,29,187,0,1729.579790134343,43200,7287,35913,0.038654353562005306,0.028275339574652336,79,701.579790134343,1028.0,7,16,False,{},{},{},{},0.0,0.0,0.0,0.0,0.0,0.0,0.0,0.0,0.0,0.0,0.0,0.0,0.0,0.0,Leave Event,0.0,"{'node_level': {}, 'link_level': {}, 'path_level': {}}","{'node_level': {}, 'link_level': {}, 'path_level': {}}","{'node_level': {}, 'link_level': {}, 'path_level': {}}",[],0.0,0.0,True,True,False,0,[],0,0.0,,
100,21,8,2518.0,4319.0,1874568.3920948044,3177356.9139830335,0.583005325306784,0.589977280753425,29,188,0,1786.3776993142428,43200,7287,35913,0.038654353562005306,0.028275339574652336,31,1376.3776993142428,410.0,3,2,False,{},{},{},{},0.0,0.0,0.0,0.0,0.0,0.0,0.0,0.0,0.0,0.0,0.0,0.0,0.0,0.0,Leave Event,0.0,"{'node_level': {}, 'link_level': {}, 'path_level': {}}","{'node_level': {}, 'link_level': {}, 'path_level': {}}","{'node_level': {}, 'link_level': {}, 'path_level': {}}",[],0.0,0.0,True,True,False,0,[],0,0.0,,
100,21,7,2518.0,4319.0,1874568.3920948044,3177356.9139830335,0.583005325306784,0.589977280753425,29,189,0,1852.5706333721112,43550,7373,36177,0.027308707124010567,0.021132095892634872,8,1725.5706333721112,127.0,7,10,False,{},{},{},{},0.0,0.0,0.0,0.0,0.0,0.0,0.0,0.0,0.0,0.0,0.0,0.0,0.0,0.0,Leave Event,0.0,"{'node_level': {}, 'link_level': {}, 'path_level': {}}","{'node_level': {}, 'link_level': {}, 'path_level': {}}","{'node_level': {}, 'link_level': {}, 'path_level': {}}",[],0.0,0.0,True,True,False,0,[],0,0.0,,
100,21,6,2518.0,4319.0,1874568.3920948044,3177356.9139830335,0.583005325306784,0.589977280753425,29,190,0,1886.0417669721396,43684,7393,36291,0.024670184696569897,0.018047513393581904,95,667.0417669721395,1219.0,3,2,False,{},{},{},{},0.0,0.0,0.0,0.0,0.0,0.0,0.0,0.0,0.0,0.0,0.0,0.0,0.0,0.0,Leave Event,0.0,"{'node_level': {}, 'link_level': {}, 'path_level': {}}","{'node_level': {}, 'link_level': {}, 'path_level': {}}","{'node_level': {}, 'link_level': {}, 'path_level': {}}",[],0.0,0.0,True,True,False,0,[],0,0.0,,
100,21,5,2518.0,4319.0,1874568.3920948044,3177356.9139830335,0.583005325306784,0.589977280753425,29,191,0,2020.2856744871228,43755,7418,36337,0.021372031662269086,0.016802857297472773,76,1032.2856744871228,988.0,2,1,False,{},{},{},{},0.0,0.0,0.0,0.0,0.0,0.0,0.0,0.0,0.0,0.0,0.0,0.0,0.0,0.0,Leave Event,0.0,"{'node_level': {}, 'link_level': {}, 'path_level': {}}","{'node_level': {}, 'link_level': {}, 'path_level': {}}","{'node_level': {}, 'link_level': {}, 'path_level': {}}",[],0.0,0.0,True,True,False,0,[],0,0.0,,
100,21,4,2518.0,4319.0,1874568.3920948044,3177356.9139830335,0.583005325306784,0.589977280753425,29,192,0,2025.6278746761773,43959,7460,36499,0.0158311345646438,0.012419503219871175,62,1207.6278746761773,818.0,3,2,False,{},{},{},{},0.0,0.0,0.0,0.0,0.0,0.0,0.0,0.0,0.0,0.0,0.0,0.0,0.0,0.0,Leave Event,0.0,"{'node_level': {}, 'link_level': {}, 'path_level': {}}","{'node_level': {}, 'link_level': {}, 'path_level': {}}","{'node_level': {}, 'link_level': {}, 'path_level': {}}",[],0.0,0.0,True,True,False,0,[],0,0.0,,
100,21,3,2518.0,4319.0,1874568.3920948044,3177356.9139830335,0.583005325306784,0.589977280753425,29,193,0,2066.4594553349366,44047,7474,36573,0.013984168865435409,0.010417230369608732,87,943.4594553349367,1123.0,2,1,False,{},{},{},{},0.0,0.0,0.0,0.0,0.0,0.0,0.0,0.0,0.0,0.0,0.0,0.0,0.0,0.0,Leave Event,0.0,"{'node_level': {}, 'link_level': {}, 'path_level': {}}","{'node_level': {}, 'link_level': {}, 'path_level': {}}","{'node_level': {}, 'link_level': {}, 'path_level': {}}",[],0.0,0.0,True,True,False,0,[],0,0.0,,
100,21,2,2518.0,4319.0,1874568.3920948044,3177356.9139830335,0.583005325306784,0.589977280753425,29,194,0,2128.543828134915,44152,7497,36655,0.010949868073878655,0.008198495589588184,98,878.5438281349152,1250.0,3,2,False,{},{},{},{},0.0,0.0,0.0,0.0,0.0,0.0,0.0,0.0,0.0,0.0,0.0,0.0,0.0,0.0,Leave Event,0.0,"{'node_level': {}, 'link_level': {}, 'path_level': {}}","{'node_level': {}, 'link_level': {}, 'path_level': {}}","{'node_level': {}, 'link_level': {}, 'path_level': {}}",[],0.0,0.0,True,True,False,0,[],0,0.0,,
100,21,2,2518.0,4319.0,1874568.3920948044,3177356.9139830335,0.583005325306784,0.589977280753425,29,195,0,2156.9589307215756,44152,7497,36655,0.010949868073878655,0.008198495589588184,60,1366.9589307215756,790.0,8,10,False,{},{},{},{},0.0,0.0,0.0,0.0,0.0,0.0,0.0,0.0,0.0,0.0,0.0,0.0,0.0,0.0,Leave Event,0.0,"{'node_level': {}, 'link_level': {}, 'path_level': {}}","{'node_level': {}, 'link_level': {}, 'path_level': {}}","{'node_level': {}, 'link_level': {}, 'path_level': {}}",[],0.0,0.0,True,True,False,0,[],0,0.0,,
100,21,2,2518.0,4319.0,1874568.3920948044,3177356.9139830335,0.583005325306784,0.589977280753425,29,196,0,2183.0930481665155,44152,7497,36655,0.010949868073878655,0.008198495589588184,21,1900.0930481665152,283.0,7,7,False,{},{},{},{},0.0,0.0,0.0,0.0,0.0,0.0,0.0,0.0,0.0,0.0,0.0,0.0,0.0,0.0,Leave Event,0.0,"{'node_level': {}, 'link_level': {}, 'path_level': {}}","{'node_level': {}, 'link_level': {}, 'path_level': {}}","{'node_level': {}, 'link_level': {}, 'path_level': {}}",[],0.0,0.0,True,True,False,0,[],0,0.0,,
100,21,1,2518.0,4319.0,1874568.3920948044,3177356.9139830335,0.583005325306784,0.589977280753425,29,197,0,2243.0219973194276,44383,7554,36829,0.0034300791556728383,0.003490448617349373,91,1085.0219973194276,1158.0,4,3,False,{},{},{},{},0.0,0.0,0.0,0.0,0.0,0.0,0.0,0.0,0.0,0.0,0.0,0.0,0.0,0.0,Leave Event,0.0,"{'node_level': {}, 'link_level': {}, 'path_level': {}}","{'node_level': {}, 'link_level': {}, 'path_level': {}}","{'node_level': {}, 'link_level': {}, 'path_level': {}}",[],0.0,0.0,True,True,False,0,[],0,0.0,,
100,21,0,2518.0,4319.0,1874568.3920948044,3177356.9139830335,0.583005325306784,0.589977280753425,29,198,0,2648.8543839563617,44538,7580,36958,0.0,0.0,93,1465.8543839563617,1183.0,3,3,False,{},{},{},{},0.0,0.0,0.0,0.0,0.0,0.0,0.0,0.0,0.0,0.0,0.0,0.0,0.0,0.0,Leave Event,0.0,"{'node_level': {}, 'link_level': {}, 'path_level': {}}","{'node_level': {}, 'link_level': {}, 'path_level': {}}","{'node_level': {}, 'link_level': {}, 'path_level': {}}",[],0.0,0.0,True,True,False,0,[],0,0.0,,
100,21,0,2518.0,4319.0,1874568.3920948044,3177356.9139830335,0.583005325306784,0.589977280753425,29,199,0,3358.173789893465,44538,7580,36958,0.0,0.0,73,2413.173789893465,945.0,7,13,False,{},{},{},{},0.0,0.0,0.0,0.0,0.0,0.0,0.0,0.0,0.0,0.0,0.0,0.0,0.0,0.0,Leave Event,0.0,"{'node_level': {}, 'link_level': {}, 'path_level': {}}","{'node_level': {}, 'link_level': {}, 'path_level': {}}","{'node_level': {}, 'link_level': {}, 'path_level': {}}",[],0.0,0.0,True,True,False,0,[],0,0.0,,
