v_net_count,success_count,inservice_count,total_revenue,total_cost,total_time_revenue,total_time_cost,long_term_r2c_ratio,long_term_time_r2c_ratio,num_running_p_net_nodes,event_id,event_type,event_time,p_net_available_resource,p_net_node_available_resource,p_net_link_available_resource,p_net_node_resource_utilization,p_net_link_resource_utilization,v_net_id,v_net_lifetime,v_net_arrival_time,v_net_num_nodes,v_net_num_egdes,result,node_slots,link_paths,node_slots_info,link_paths_info,v_net_cost,v_net_revenue,v_net_demand,v_net_node_demand,v_net_link_demand,v_net_node_revenue,v_net_link_revenue,v_net_node_cost,v_net_link_cost,v_net_path_cost,v_net_r2c_ratio,v_net_time_cost,v_net_time_revenue,v_net_time_rc_ratio,description,v_net_total_hard_constraint_violation,v_net_single_step_constraint_offset,v_net_constraint_offsets,v_net_constraint_violations,v_net_single_step_violation_list,v_net_single_step_hard_constraint_offset,v_net_max_single_step_hard_constraint_violation,place_result,route_result,early_rejection,revoke_times,selected_actions,num_interactions,v_net_reward,rdma_mode,fallback_count,rdma_link_count,num_placed_nodes,num_routed_links
1,1,1,255.0,397.0,148776.37322144362,231624.39281926714,0.6423173803526449,0.6423173803526447,7,0,1,16.0,46452.0,7177,39275.0,0.010478422721632463,0.008106879482775997,0,583.4367577311515,16.0,7,8,True,"{0: np.int64(18), 4: np.int64(60), 3: np.int64(1), 1: np.int64(72), 2: np.int64(5), 5: np.int64(91), 6: np.int64(32)}","{(0, 3): [(np.int64(18), 77), (77, np.int64(1))], (0, 4): [(np.int64(18), 46), (46, np.int64(60))], (1, 4): [(np.int64(72), 89), (89, np.int64(60))], (2, 4): [(np.int64(5), 60)], (5, 6): [(np.int64(91), 36), (36, np.int64(32))], (1, 3): [(np.int64(72), 1)], (3, 4): [(np.int64(1), 77), (77, 3), (3, np.int64(60))], (0, 6): [(np.int64(18), 32)]}","{(0, np.int64(18)): {'cpu': 13}, (4, np.int64(60)): {'cpu': 8}, (3, np.int64(1)): {'cpu': 9}, (1, np.int64(72)): {'cpu': 11}, (2, np.int64(5)): {'cpu': 15}, (5, np.int64(91)): {'cpu': 14}, (6, np.int64(32)): {'cpu': 6}}","{((0, 3), (np.int64(18), 77)): {'bw': 48.0}, ((0, 3), (77, np.int64(1))): {'bw': 48.0}, ((0, 4), (np.int64(18), 46)): {'bw': 43.0}, ((0, 4), (46, np.int64(60))): {'bw': 43.0}, ((1, 4), (np.int64(72), 89)): {'bw': 28.0}, ((1, 4), (89, np.int64(60))): {'bw': 28.0}, ((2, 4), (np.int64(5), 60)): {'bw': 26.0}, ((5, 6), (np.int64(91), 36)): {'bw': 15.0}, ((5, 6), (36, np.int64(32))): {'bw': 15.0}, ((1, 3), (np.int64(72), 1)): {'bw': 11.0}, ((3, 4), (np.int64(1), 77)): {'bw': 4.0}, ((3, 4), (77, 3)): {'bw': 4.0}, ((3, 4), (3, np.int64(60))): {'bw': 4.0}, ((0, 6), (np.int64(18), 32)): {'bw': 4.0}}",397.0,255.0,255.0,76.0,179.0,76.0,179.0,76.0,321.0,142.0,0.6423173803526449,231624.39281926714,148776.37322144362,374.7515698273139,Success,0.0,"{'node_level': {}, 'link_level': {}, 'path_level': {}}","{'node_level': {0: {'cpu': -76}, 4: {'cpu': -82}, 3: {'cpu': -88}, 1: {'cpu': -77}, 2: {'cpu': -74}, 5: {'cpu': -76}, 6: {'cpu': -91}}, 'link_level': {}, 'path_level': {}}","{'node_level': {0: {'cpu': 0}, 4: {'cpu': 0}, 3: {'cpu': 0}, 1: {'cpu': 0}, 2: {'cpu': 0}, 5: {'cpu': 0}, 6: {'cpu': 0}}, 'link_level': {}, 'path_level': {}}",[],0.0,0.0,True,True,False,0,[],0,0.0,"OrderedDict([((0, 3), 0), ((0, 4), 0), ((1, 4), 0), ((2, 4), 0), ((5, 6), 0), ((1, 3), 0), ((3, 4), 0), ((0, 6), 0)])",1.0,0.0,7.0,8.0
2,2,2,281.0,424.0,176391.4563584551,260301.59453847137,0.6627358490566038,0.6776426270888066,7,1,1,30.0,46425.0,7152,39273.0,0.013925272301116731,0.008157389635316648,1,1062.1185821927488,30.0,2,1,True,"{1: np.int64(18), 0: np.int64(1)}","{(0, 1): [(np.int64(1), 77), (77, np.int64(18))]}","{(1, np.int64(18)): {'cpu': 15}, (0, np.int64(1)): {'cpu': 10}}","{((0, 1), (np.int64(1), 77)): {'bw': 1.0}, ((0, 1), (77, np.int64(18))): {'bw': 1.0}}",27.0,26.0,26.0,25.0,1.0,25.0,1.0,25.0,2.0,1.0,0.9629629629629629,28677.20171920422,27615.08313701147,1022.7808569263507,Success,0.0,"{'node_level': {}, 'link_level': {}, 'path_level': {}}","{'node_level': {1: {'cpu': -61}, 0: {'cpu': -78}}, 'link_level': {}, 'path_level': {}}","{'node_level': {1: {'cpu': 0}, 0: {'cpu': 0}}, 'link_level': {}, 'path_level': {}}",[],0.0,0.0,True,True,False,0,[],0,0.0,"OrderedDict([((0, 1), 0)])",0.0,0.0,2.0,1.0
3,3,3,534.0,857.0,493136.2868516119,802398.4783469175,0.6231038506417736,0.6145777941498091,8,2,1,43.0,45992.0,7098,38894.0,0.021370467392803016,0.01772906354177195,2,1251.955851751608,43.0,5,6,True,"{1: np.int64(18), 4: np.int64(60), 3: np.int64(41), 0: np.int64(32), 2: np.int64(1)}","{(1, 4): [(np.int64(18), 3), (3, np.int64(60))], (0, 1): [(np.int64(32), 41), (41, np.int64(18))], (0, 3): [(np.int64(32), 44), (44, np.int64(41))], (3, 4): [(np.int64(41), 3), (3, np.int64(60))], (1, 3): [(np.int64(18), 41)], (2, 4): [(np.int64(1), 80), (80, np.int64(60))]}","{(1, np.int64(18)): {'cpu': 17}, (4, np.int64(60)): {'cpu': 14}, (3, np.int64(41)): {'cpu': 6}, (0, np.int64(32)): {'cpu': 4}, (2, np.int64(1)): {'cpu': 13}}","{((1, 4), (np.int64(18), 3)): {'bw': 50.0}, ((1, 4), (3, np.int64(60))): {'bw': 50.0}, ((0, 1), (np.int64(32), 41)): {'bw': 49.0}, ((0, 1), (41, np.int64(18))): {'bw': 49.0}, ((0, 3), (np.int64(32), 44)): {'bw': 46.0}, ((0, 3), (44, np.int64(41))): {'bw': 46.0}, ((3, 4), (np.int64(41), 3)): {'bw': 27.0}, ((3, 4), (3, np.int64(60))): {'bw': 27.0}, ((1, 3), (np.int64(18), 41)): {'bw': 19.0}, ((2, 4), (np.int64(1), 80)): {'bw': 8.0}, ((2, 4), (80, np.int64(60))): {'bw': 8.0}}",433.0,253.0,253.0,54.0,199.0,54.0,199.0,54.0,379.0,180.0,0.5842956120092379,542096.8838084462,316744.8304931568,731.5123106077524,Success,0.0,"{'node_level': {}, 'link_level': {}, 'path_level': {}}","{'node_level': {1: {'cpu': -44}, 4: {'cpu': -68}, 3: {'cpu': -58}, 0: {'cpu': -87}, 2: {'cpu': -65}}, 'link_level': {}, 'path_level': {}}","{'node_level': {1: {'cpu': 0}, 4: {'cpu': 0}, 3: {'cpu': 0}, 0: {'cpu': 0}, 2: {'cpu': 0}}, 'link_level': {}, 'path_level': {}}",[],0.0,0.0,True,True,False,0,[],0,0.0,"OrderedDict([((1, 4), 0), ((0, 1), 0), ((0, 3), 0), ((3, 4), 0), ((1, 3), 0), ((2, 4), 0)])",0.0,0.0,5.0,6.0
4,4,4,708.0,1194.0,514398.6913302634,843579.1123084436,0.592964824120603,0.609781209402658,11,3,1,52.0,45655.0,7072,38583.0,0.02495519095546672,0.025583392261844584,3,122.1977268888015,52.0,5,5,True,"{0: np.int64(5), 2: np.int64(7), 3: np.int64(98), 4: np.int64(30), 1: np.int64(91)}","{(1, 4): [(np.int64(91), 30)], (0, 2): [(np.int64(5), 15), (15, np.int64(7))], (0, 4): [(np.int64(5), 85), (85, np.int64(30))], (2, 4): [(np.int64(7), 70), (70, 37), (37, np.int64(30))], (2, 3): [(np.int64(7), 12), (12, 84), (84, np.int64(98))]}","{(0, np.int64(5)): {'cpu': 9}, (2, np.int64(7)): {'cpu': 6}, (3, np.int64(98)): {'cpu': 8}, (4, np.int64(30)): {'cpu': 1}, (1, np.int64(91)): {'cpu': 2}}","{((1, 4), (np.int64(91), 30)): {'bw': 36.0}, ((0, 2), (np.int64(5), 15)): {'bw': 34.0}, ((0, 2), (15, np.int64(7))): {'bw': 34.0}, ((0, 4), (np.int64(5), 85)): {'bw': 27.0}, ((0, 4), (85, np.int64(30))): {'bw': 27.0}, ((2, 4), (np.int64(7), 70)): {'bw': 25.0}, ((2, 4), (70, 37)): {'bw': 25.0}, ((2, 4), (37, np.int64(30))): {'bw': 25.0}, ((2, 3), (np.int64(7), 12)): {'bw': 26.0}, ((2, 3), (12, 84)): {'bw': 26.0}, ((2, 3), (84, np.int64(98))): {'bw': 26.0}}",337.0,174.0,174.0,26.0,148.0,26.0,148.0,26.0,311.0,163.0,0.516320474777448,41180.6339615261,21262.40447865146,63.093188363950915,Success,0.0,"{'node_level': {}, 'link_level': {}, 'path_level': {}}","{'node_level': {0: {'cpu': -65}, 2: {'cpu': -63}, 3: {'cpu': -55}, 4: {'cpu': -54}, 1: {'cpu': -74}}, 'link_level': {}, 'path_level': {}}","{'node_level': {0: {'cpu': 0}, 2: {'cpu': 0}, 3: {'cpu': 0}, 4: {'cpu': 0}, 1: {'cpu': 0}}, 'link_level': {}, 'path_level': {}}",[],0.0,0.0,True,True,False,0,[],0,0.0,"OrderedDict([((1, 4), 0), ((0, 2), 0), ((0, 4), 0), ((2, 4), 0), ((2, 3), 0)])",2.0,0.0,5.0,5.0
5,5,5,990.0,1587.0,631829.6274075108,1007232.8636501394,0.6238185255198487,0.6272925062411145,15,4,1,65.0,45262.0,6982,38280.0,0.03736384944161042,0.03323568037175473,4,416.4217591391749,65.0,9,10,True,"{1: np.int64(43), 2: np.int64(77), 0: np.int64(1), 6: np.int64(38), 3: np.int64(18), 8: np.int64(91), 7: np.int64(72), 5: np.int64(13), 4: np.int64(98)}","{(2, 8): [(np.int64(77), 91)], (1, 8): [(np.int64(43), 16), (16, 76), (76, np.int64(91))], (0, 2): [(np.int64(1), 77)], (2, 3): [(np.int64(77), 18)], (1, 6): [(np.int64(43), 38)], (1, 4): [(np.int64(43), 98)], (2, 4): [(np.int64(77), 63), (63, np.int64(98))], (5, 6): [(np.int64(13), 46), (46, 41), (41, np.int64(38))], (2, 7): [(np.int64(77), 1), (1, np.int64(72))], (4, 7): [(np.int64(98), 45), (45, np.int64(72))]}","{(1, np.int64(43)): {'cpu': 19}, (2, np.int64(77)): {'cpu': 7}, (0, np.int64(1)): {'cpu': 19}, (6, np.int64(38)): {'cpu': 14}, (3, np.int64(18)): {'cpu': 12}, (8, np.int64(91)): {'cpu': 3}, (7, np.int64(72)): {'cpu': 10}, (5, np.int64(13)): {'cpu': 5}, (4, np.int64(98)): {'cpu': 1}}","{((2, 8), (np.int64(77), 91)): {'bw': 39.0}, ((1, 8), (np.int64(43), 16)): {'bw': 34.0}, ((1, 8), (16, 76)): {'bw': 34.0}, ((1, 8), (76, np.int64(91))): {'bw': 34.0}, ((0, 2), (np.int64(1), 77)): {'bw': 34.0}, ((2, 3), (np.int64(77), 18)): {'bw': 24.0}, ((1, 6), (np.int64(43), 38)): {'bw': 16.0}, ((1, 4), (np.int64(43), 98)): {'bw': 13.0}, ((2, 4), (np.int64(77), 63)): {'bw': 13.0}, ((2, 4), (63, np.int64(98))): {'bw': 13.0}, ((5, 6), (np.int64(13), 46)): {'bw': 11.0}, ((5, 6), (46, 41)): {'bw': 11.0}, ((5, 6), (41, np.int64(38))): {'bw': 11.0}, ((2, 7), (np.int64(77), 1)): {'bw': 6.0}, ((2, 7), (1, np.int64(72))): {'bw': 6.0}, ((4, 7), (np.int64(98), 45)): {'bw': 2.0}, ((4, 7), (45, np.int64(72))): {'bw': 2.0}}",393.0,282.0,282.0,90.0,192.0,90.0,192.0,90.0,303.0,111.0,0.7175572519083969,163653.75134169575,117430.93607724733,298.80645312276675,Success,0.0,"{'node_level': {}, 'link_level': {}, 'path_level': {}}","{'node_level': {1: {'cpu': -63}, 2: {'cpu': -43}, 0: {'cpu': -46}, 6: {'cpu': -65}, 3: {'cpu': -32}, 8: {'cpu': -71}, 7: {'cpu': -67}, 5: {'cpu': -69}, 4: {'cpu': -54}}, 'link_level': {}, 'path_level': {}}","{'node_level': {1: {'cpu': 0}, 2: {'cpu': 0}, 0: {'cpu': 0}, 6: {'cpu': 0}, 3: {'cpu': 0}, 8: {'cpu': 0}, 7: {'cpu': 0}, 5: {'cpu': 0}, 4: {'cpu': 0}}, 'link_level': {}, 'path_level': {}}",[],0.0,0.0,True,True,False,0,[],0,0.0,"OrderedDict([((2, 8), 0), ((1, 8), 0), ((0, 2), 0), ((2, 3), 0), ((1, 6), 0), ((1, 4), 0), ((2, 4), 0), ((5, 6), 0), ((2, 7), 0), ((4, 7), 0)])",5.0,0.0,9.0,10.0
6,6,6,1167.0,1830.0,809116.4118916267,1250626.584721553,0.6377049180327868,0.6469688248885044,18,5,1,72.0,45019.0,6948,38071.0,0.04205156486970907,0.03851399131225375,5,1001.6202513226889,72.0,5,6,True,"{4: np.int64(60), 2: np.int64(4), 1: np.int64(5), 0: np.int64(15), 3: np.int64(49)}","{(1, 4): [(np.int64(5), 60)], (3, 4): [(np.int64(49), 60)], (0, 2): [(np.int64(15), 4)], (2, 4): [(np.int64(4), 15), (15, 89), (89, np.int64(60))], (0, 4): [(np.int64(15), 89), (89, np.int64(60))], (1, 2): [(np.int64(5), 15), (15, np.int64(4))]}","{(4, np.int64(60)): {'cpu': 8}, (2, np.int64(4)): {'cpu': 13}, (1, np.int64(5)): {'cpu': 11}, (0, np.int64(15)): {'cpu': 1}, (3, np.int64(49)): {'cpu': 1}}","{((1, 4), (np.int64(5), 60)): {'bw': 37.0}, ((3, 4), (np.int64(49), 60)): {'bw': 37.0}, ((0, 2), (np.int64(15), 4)): {'bw': 23.0}, ((2, 4), (np.int64(4), 15)): {'bw': 20.0}, ((2, 4), (15, 89)): {'bw': 20.0}, ((2, 4), (89, np.int64(60))): {'bw': 20.0}, ((0, 4), (np.int64(15), 89)): {'bw': 20.0}, ((0, 4), (89, np.int64(60))): {'bw': 20.0}, ((1, 2), (np.int64(5), 15)): {'bw': 6.0}, ((1, 2), (15, np.int64(4))): {'bw': 6.0}}",243.0,177.0,177.0,34.0,143.0,34.0,143.0,34.0,209.0,66.0,0.7283950617283951,243393.7210714134,177286.78448411592,729.5752447906006,Success,0.0,"{'node_level': {}, 'link_level': {}, 'path_level': {}}","{'node_level': {4: {'cpu': -60}, 2: {'cpu': -40}, 1: {'cpu': -54}, 0: {'cpu': -61}, 3: {'cpu': -72}}, 'link_level': {}, 'path_level': {}}","{'node_level': {4: {'cpu': 0}, 2: {'cpu': 0}, 1: {'cpu': 0}, 0: {'cpu': 0}, 3: {'cpu': 0}}, 'link_level': {}, 'path_level': {}}",[],0.0,0.0,True,True,False,0,[],0,0.0,"OrderedDict([((1, 4), 0), ((3, 4), 0), ((0, 2), 0), ((2, 4), 0), ((0, 4), 0), ((1, 2), 0)])",1.0,0.0,5.0,6.0
7,7,7,1455.0,2308.0,911536.1147651332,1420614.8415741092,0.6304159445407279,0.641649015686129,20,6,1,84.0,44541.0,6881,37660.0,0.05128912174272715,0.04889382765935957,6,355.62396831078695,84.0,7,9,True,"{2: np.int64(25), 5: np.int64(7), 6: np.int64(98), 1: np.int64(32), 3: np.int64(13), 0: np.int64(49), 4: np.int64(10)}","{(2, 3): [(np.int64(25), 95), (95, np.int64(13))], (3, 5): [(np.int64(13), 7)], (3, 6): [(np.int64(13), 4), (4, np.int64(98))], (1, 6): [(np.int64(32), 49), (49, 55), (55, np.int64(98))], (1, 2): [(np.int64(32), 25)], (2, 6): [(np.int64(25), 91), (91, np.int64(98))], (4, 5): [(np.int64(10), 3), (3, np.int64(7))], (2, 5): [(np.int64(25), 33), (33, 7)], (0, 2): [(np.int64(49), 33), (33, np.int64(25))]}","{(2, np.int64(25)): {'cpu': 15}, (5, np.int64(7)): {'cpu': 17}, (6, np.int64(98)): {'cpu': 5}, (1, np.int64(32)): {'cpu': 7}, (3, np.int64(13)): {'cpu': 2}, (0, np.int64(49)): {'cpu': 16}, (4, np.int64(10)): {'cpu': 5}}","{((2, 3), (np.int64(25), 95)): {'bw': 47.0}, ((2, 3), (95, np.int64(13))): {'bw': 47.0}, ((3, 5), (np.int64(13), 7)): {'bw': 35.0}, ((3, 6), (np.int64(13), 4)): {'bw': 31.0}, ((3, 6), (4, np.int64(98))): {'bw': 31.0}, ((1, 6), (np.int64(32), 49)): {'bw': 28.0}, ((1, 6), (49, 55)): {'bw': 28.0}, ((1, 6), (55, np.int64(98))): {'bw': 28.0}, ((1, 2), (np.int64(32), 25)): {'bw': 24.0}, ((2, 6), (np.int64(25), 91)): {'bw': 23.0}, ((2, 6), (91, np.int64(98))): {'bw': 23.0}, ((4, 5), (np.int64(10), 3)): {'bw': 17.0}, ((4, 5), (3, np.int64(7))): {'bw': 17.0}, ((2, 5), (np.int64(25), 33)): {'bw': 8.0}, ((2, 5), (33, 7)): {'bw': 8.0}, ((0, 2), (np.int64(49), 33)): {'bw': 8.0}, ((0, 2), (33, np.int64(25))): {'bw': 8.0}}",478.0,288.0,288.0,67.0,221.0,67.0,221.0,67.0,411.0,190.0,0.602510460251046,169988.25685255617,102419.70287350664,214.26716082323566,Success,0.0,"{'node_level': {}, 'link_level': {}, 'path_level': {}}","{'node_level': {2: {'cpu': -48}, 5: {'cpu': -46}, 6: {'cpu': -49}, 1: {'cpu': -80}, 3: {'cpu': -67}, 0: {'cpu': -56}, 4: {'cpu': -81}}, 'link_level': {}, 'path_level': {}}","{'node_level': {2: {'cpu': 0}, 5: {'cpu': 0}, 6: {'cpu': 0}, 1: {'cpu': 0}, 3: {'cpu': 0}, 0: {'cpu': 0}, 4: {'cpu': 0}}, 'link_level': {}, 'path_level': {}}",[],0.0,0.0,True,True,False,0,[],0,0.0,"OrderedDict([((2, 3), 0), ((3, 5), 0), ((3, 6), 0), ((1, 6), 0), ((1, 2), 0), ((2, 6), 0), ((4, 5), 0), ((2, 5), 0), ((0, 2), 0)])",2.0,0.0,7.0,9.0
8,7,7,1455.0,2308.0,911536.1147651332,1420614.8415741092,0.6304159445407279,0.641649015686129,20,7,1,97.0,44541.0,6881,37660.0,0.05128912174272715,0.04889382765935957,7,1242.7911631197298,97.0,4,5,False,"{2: np.int64(28), 3: np.int64(0), 0: np.int64(30), 1: np.int64(38)}","{(0, 2): [(np.int64(30), 45), (45, 42), (42, np.int64(28))]}","{(2, np.int64(28)): {'cpu': 18}, (3, np.int64(0)): {'cpu': 20}, (0, np.int64(30)): {'cpu': 10}, (1, np.int64(38)): {'cpu': 9}}","{((0, 2), (np.int64(30), 45)): {'bw': 43.0}, ((0, 2), (45, 42)): {'bw': 43.0}, ((0, 2), (42, np.int64(28))): {'bw': 43.0}}",0.0,0.0,236.0,57.0,179.0,0.0,0.0,0.0,0.0,0.0,0.0,0.0,0.0,0.0,Route Failure,0.0,"{'node_level': {}, 'link_level': {}, 'path_level': {}}","{'node_level': {2: {'cpu': -52}, 3: {'cpu': -74}, 0: {'cpu': -44}, 1: {'cpu': -56}}, 'link_level': {}, 'path_level': {}}","{'node_level': {2: {'cpu': 0}, 3: {'cpu': 0}, 0: {'cpu': 0}, 1: {'cpu': 0}}, 'link_level': {}, 'path_level': {}}",[],0.0,0.0,True,False,False,0,[],0,0.0,"OrderedDict([((0, 2), 0)])",1.0,0.0,4.0,1.0
9,8,8,1757.0,2820.0,1295122.0920914111,2070932.7898888583,0.6230496453900709,0.6253810352584726,22,8,1,112.0,44029.0,6798,37231.0,0.06273266234661523,0.05972825537933124,8,1270.1522428022445,112.0,6,8,True,"{2: np.int64(28), 5: np.int64(0), 0: np.int64(30), 3: np.int64(41), 4: np.int64(72), 1: np.int64(38)}","{(2, 5): [(np.int64(28), 26), (26, np.int64(0))], (1, 3): [(np.int64(38), 41)], (4, 5): [(np.int64(72), 45), (45, 38), (38, np.int64(0))], (0, 2): [(np.int64(30), 45), (45, 42), (42, np.int64(28))], (0, 5): [(np.int64(30), 0)], (0, 1): [(np.int64(30), 45), (45, np.int64(38))], (0, 4): [(np.int64(30), 45), (45, np.int64(72))], (1, 4): [(np.int64(38), 45), (45, np.int64(72))]}","{(2, np.int64(28)): {'cpu': 20}, (5, np.int64(0)): {'cpu': 12}, (0, np.int64(30)): {'cpu': 15}, (3, np.int64(41)): {'cpu': 16}, (4, np.int64(72)): {'cpu': 14}, (1, np.int64(38)): {'cpu': 6}}","{((2, 5), (np.int64(28), 26)): {'bw': 48.0}, ((2, 5), (26, np.int64(0))): {'bw': 48.0}, ((1, 3), (np.int64(38), 41)): {'bw': 49.0}, ((4, 5), (np.int64(72), 45)): {'bw': 33.0}, ((4, 5), (45, 38)): {'bw': 33.0}, ((4, 5), (38, np.int64(0))): {'bw': 33.0}, ((0, 2), (np.int64(30), 45)): {'bw': 34.0}, ((0, 2), (45, 42)): {'bw': 34.0}, ((0, 2), (42, np.int64(28))): {'bw': 34.0}, ((0, 5), (np.int64(30), 0)): {'bw': 27.0}, ((0, 1), (np.int64(30), 45)): {'bw': 12.0}, ((0, 1), (45, np.int64(38))): {'bw': 12.0}, ((0, 4), (np.int64(30), 45)): {'bw': 8.0}, ((0, 4), (45, np.int64(72))): {'bw': 8.0}, ((1, 4), (np.int64(38), 45)): {'bw': 8.0}, ((1, 4), (45, np.int64(72))): {'bw': 8.0}}",512.0,302.0,302.0,83.0,219.0,83.0,219.0,83.0,429.0,210.0,0.58984375,650317.9483147492,383585.9773262778,749.1913619653864,Success,0.0,"{'node_level': {}, 'link_level': {}, 'path_level': {}}","{'node_level': {2: {'cpu': -50}, 5: {'cpu': -82}, 0: {'cpu': -39}, 3: {'cpu': -42}, 4: {'cpu': -53}, 1: {'cpu': -59}}, 'link_level': {}, 'path_level': {}}","{'node_level': {2: {'cpu': 0}, 5: {'cpu': 0}, 0: {'cpu': 0}, 3: {'cpu': 0}, 4: {'cpu': 0}, 1: {'cpu': 0}}, 'link_level': {}, 'path_level': {}}",[],0.0,0.0,True,True,False,0,[],0,0.0,"OrderedDict([((2, 5), 0), ((1, 3), 0), ((4, 5), 0), ((0, 2), 0), ((0, 5), 0), ((0, 1), 0), ((0, 4), 0), ((1, 4), 0)])",2.0,0.0,6.0,8.0
10,8,8,1757.0,2820.0,1295122.0920914111,2070932.7898888583,0.6230496453900709,0.6253810352584726,22,9,1,126.0,44029.0,6798,37231.0,0.06273266234661523,0.05972825537933124,9,43.385244437624735,126.0,9,22,False,"{1: np.int64(80), 7: np.int64(64), 0: np.int64(91), 5: np.int64(79), 2: np.int64(52), 3: np.int64(69), 4: np.int64(45)}",{},"{(1, np.int64(80)): {'cpu': 18}, (7, np.int64(64)): {'cpu': 12}, (0, np.int64(91)): {'cpu': 11}, (5, np.int64(79)): {'cpu': 16}, (2, np.int64(52)): {'cpu': 6}, (3, np.int64(69)): {'cpu': 5}, (4, np.int64(45)): {'cpu': 5}}",{},0.0,0.0,732.0,79.0,653.0,0.0,0.0,0.0,0.0,0.0,0.0,0.0,0.0,0.0,Place Failure,0.0,"{'node_level': {}, 'link_level': {}, 'path_level': {}}","{'node_level': {1: {'cpu': -44}, 7: {'cpu': -79}, 0: {'cpu': -60}, 5: {'cpu': -69}, 2: {'cpu': -94}, 3: {'cpu': -84}, 4: {'cpu': -54}}, 'link_level': {}, 'path_level': {}}","{'node_level': {1: {'cpu': 0}, 7: {'cpu': 0}, 0: {'cpu': 0}, 5: {'cpu': 0}, 2: {'cpu': 0}, 3: {'cpu': 0}, 4: {'cpu': 0}}, 'link_level': {}, 'path_level': {}}",[],0.0,0.0,False,True,False,0,[],0,0.0,,,,7.0,0.0
11,9,9,2097.0,3413.0,1350429.9620843853,2167396.22196484,0.6144154702607677,0.6230655698292956,27,10,1,141.0,43436.0,6723,36713.0,0.07307321108506826,0.07281038488736236,10,162.6702058616888,141.0,8,14,True,"{7: np.int64(80), 1: np.int64(64), 4: np.int64(91), 6: np.int64(69), 0: np.int64(18), 3: np.int64(12), 5: np.int64(7), 2: np.int64(52)}","{(1, 3): [(np.int64(64), 69), (69, np.int64(12))], (1, 7): [(np.int64(64), 34), (34, np.int64(80))], (0, 4): [(np.int64(18), 91)], (2, 7): [(np.int64(52), 93), (93, 50), (50, np.int64(80))], (2, 5): [(np.int64(52), 7)], (3, 7): [(np.int64(12), 97), (97, np.int64(80))], (0, 1): [(np.int64(18), 29), (29, np.int64(64))], (0, 7): [(np.int64(18), 56), (56, np.int64(80))], (5, 6): [(np.int64(7), 12), (12, np.int64(69))], (0, 6): [(np.int64(18), 37), (37, 12), (12, np.int64(69))], (3, 6): [(np.int64(12), 69)], (4, 5): [(np.int64(91), 6), (6, 56), (56, 15), (15, np.int64(7))], (3, 5): [(np.int64(12), 7)], (1, 6): [(np.int64(64), 69)]}","{(7, np.int64(80)): {'cpu': 19}, (1, np.int64(64)): {'cpu': 17}, (4, np.int64(91)): {'cpu': 19}, (6, np.int64(69)): {'cpu': 12}, (0, np.int64(18)): {'cpu': 4}, (3, np.int64(12)): {'cpu': 2}, (5, np.int64(7)): {'cpu': 1}, (2, np.int64(52)): {'cpu': 1}}","{((1, 3), (np.int64(64), 69)): {'bw': 29.0}, ((1, 3), (69, np.int64(12))): {'bw': 29.0}, ((1, 7), (np.int64(64), 34)): {'bw': 28.0}, ((1, 7), (34, np.int64(80))): {'bw': 28.0}, ((0, 4), (np.int64(18), 91)): {'bw': 23.0}, ((2, 7), (np.int64(52), 93)): {'bw': 25.0}, ((2, 7), (93, 50)): {'bw': 25.0}, ((2, 7), (50, np.int64(80))): {'bw': 25.0}, ((2, 5), (np.int64(52), 7)): {'bw': 25.0}, ((3, 7), (np.int64(12), 97)): {'bw': 19.0}, ((3, 7), (97, np.int64(80))): {'bw': 19.0}, ((0, 1), (np.int64(18), 29)): {'bw': 19.0}, ((0, 1), (29, np.int64(64))): {'bw': 19.0}, ((0, 7), (np.int64(18), 56)): {'bw': 16.0}, ((0, 7), (56, np.int64(80))): {'bw': 16.0}, ((5, 6), (np.int64(7), 12)): {'bw': 15.0}, ((5, 6), (12, np.int64(69))): {'bw': 15.0}, ((0, 6), (np.int64(18), 37)): {'bw': 16.0}, ((0, 6), (37, 12)): {'bw': 16.0}, ((0, 6), (12, np.int64(69))): {'bw': 16.0}, ((3, 6), (np.int64(12), 69)): {'bw': 14.0}, ((4, 5), (np.int64(91), 6)): {'bw': 15.0}, ((4, 5), (6, 56)): {'bw': 15.0}, ((4, 5), (56, 15)): {'bw': 15.0}, ((4, 5), (15, np.int64(7))): {'bw': 15.0}, ((3, 5), (np.int64(12), 7)): {'bw': 13.0}, ((1, 6), (np.int64(64), 69)): {'bw': 8.0}}",593.0,340.0,340.0,75.0,265.0,75.0,265.0,75.0,518.0,253.0,0.5733558178752108,96463.43207598146,55307.86999297419,93.2679089257575,Success,0.0,"{'node_level': {}, 'link_level': {}, 'path_level': {}}","{'node_level': {7: {'cpu': -43}, 1: {'cpu': -74}, 4: {'cpu': -52}, 6: {'cpu': -77}, 0: {'cpu': -28}, 3: {'cpu': -54}, 5: {'cpu': -45}, 2: {'cpu': -99}}, 'link_level': {}, 'path_level': {}}","{'node_level': {7: {'cpu': 0}, 1: {'cpu': 0}, 4: {'cpu': 0}, 6: {'cpu': 0}, 0: {'cpu': 0}, 3: {'cpu': 0}, 5: {'cpu': 0}, 2: {'cpu': 0}}, 'link_level': {}, 'path_level': {}}",[],0.0,0.0,True,True,False,0,[],0,0.0,"OrderedDict([((1, 3), 0), ((1, 7), 0), ((0, 4), 0), ((2, 7), 0), ((2, 5), 0), ((3, 7), 0), ((0, 1), 0), ((0, 7), 0), ((5, 6), 0), ((0, 6), 0), ((3, 6), 0), ((4, 5), 0), ((3, 5), 0), ((1, 6), 0)])",0.0,0.0,8.0,14.0
12,10,10,2816.0,4732.0,1353809.5330767082,2173596.0190981836,0.5950972104818258,0.6228432151980102,33,11,1,153.0,42117.0,6622,35495.0,0.08699848338618499,0.10357106778462466,11,4.700376901700943,153.0,10,25,True,"{2: np.int64(10), 8: np.int64(77), 5: np.int64(3), 0: np.int64(60), 4: np.int64(53), 7: np.int64(95), 3: np.int64(32), 9: np.int64(79), 6: np.int64(78), 1: np.int64(36)}","{(5, 8): [(np.int64(3), 77)], (6, 9): [(np.int64(78), 73), (73, np.int64(79))], (8, 9): [(np.int64(77), 59), (59, np.int64(79))], (2, 5): [(np.int64(10), 3)], (0, 4): [(np.int64(60), 40), (40, 30), (30, np.int64(53))], (1, 3): [(np.int64(36), 32)], (4, 7): [(np.int64(53), 95)], (4, 9): [(np.int64(53), 33), (33, np.int64(79))], (3, 6): [(np.int64(32), 68), (68, np.int64(78))], (4, 6): [(np.int64(53), 29), (29, 68), (68, np.int64(78))], (5, 7): [(np.int64(3), 41), (41, np.int64(95))], (0, 3): [(np.int64(60), 32)], (3, 9): [(np.int64(32), 36), (36, 11), (11, np.int64(79))], (2, 7): [(np.int64(10), 3), (3, 41), (41, np.int64(95))], (2, 9): [(np.int64(10), 68), (68, 79)], (2, 3): [(np.int64(10), 49), (49, np.int64(32))], (5, 9): [(np.int64(3), 12), (12, np.int64(79))], (2, 8): [(np.int64(10), 85), (85, 77)], (5, 6): [(np.int64(3), 31), (31, 71), (71, np.int64(78))], (7, 9): [(np.int64(95), 33), (33, np.int64(79))], (6, 8): [(np.int64(78), 68), (68, 97), (97, np.int64(77))], (0, 5): [(np.int64(60), 3)], (3, 8): [(np.int64(32), 18), (18, np.int64(77))], (7, 8): [(np.int64(95), 26), (26, 81), (81, 59), (59, np.int64(77))], (0, 1): [(np.int64(60), 32), (32, np.int64(36))]}","{(2, np.int64(10)): {'cpu': 18}, (8, np.int64(77)): {'cpu': 17}, (5, np.int64(3)): {'cpu': 10}, (0, np.int64(60)): {'cpu': 18}, (4, np.int64(53)): {'cpu': 8}, (7, np.int64(95)): {'cpu': 8}, (3, np.int64(32)): {'cpu': 4}, (9, np.int64(79)): {'cpu': 3}, (6, np.int64(78)): {'cpu': 4}, (1, np.int64(36)): {'cpu': 11}}","{((5, 8), (np.int64(3), 77)): {'bw': 48.0}, ((6, 9), (np.int64(78), 73)): {'bw': 45.0}, ((6, 9), (73, np.int64(79))): {'bw': 45.0}, ((8, 9), (np.int64(77), 59)): {'bw': 33.0}, ((8, 9), (59, np.int64(79))): {'bw': 33.0}, ((2, 5), (np.int64(10), 3)): {'bw': 38.0}, ((0, 4), (np.int64(60), 40)): {'bw': 37.0}, ((0, 4), (40, 30)): {'bw': 37.0}, ((0, 4), (30, np.int64(53))): {'bw': 37.0}, ((1, 3), (np.int64(36), 32)): {'bw': 33.0}, ((4, 7), (np.int64(53), 95)): {'bw': 32.0}, ((4, 9), (np.int64(53), 33)): {'bw': 35.0}, ((4, 9), (33, np.int64(79))): {'bw': 35.0}, ((3, 6), (np.int64(32), 68)): {'bw': 32.0}, ((3, 6), (68, np.int64(78))): {'bw': 32.0}, ((4, 6), (np.int64(53), 29)): {'bw': 29.0}, ((4, 6), (29, 68)): {'bw': 29.0}, ((4, 6), (68, np.int64(78))): {'bw': 29.0}, ((5, 7), (np.int64(3), 41)): {'bw': 29.0}, ((5, 7), (41, np.int64(95))): {'bw': 29.0}, ((0, 3), (np.int64(60), 32)): {'bw': 27.0}, ((3, 9), (np.int64(32), 36)): {'bw': 30.0}, ((3, 9), (36, 11)): {'bw': 30.0}, ((3, 9), (11, np.int64(79))): {'bw': 30.0}, ((2, 7), (np.int64(10), 3)): {'bw': 28.0}, ((2, 7), (3, 41)): {'bw': 28.0}, ((2, 7), (41, np.int64(95))): {'bw': 28.0}, ((2, 9), (np.int64(10), 68)): {'bw': 23.0}, ((2, 9), (68, 79)): {'bw': 23.0}, ((2, 3), (np.int64(10), 49)): {'bw': 18.0}, ((2, 3), (49, np.int64(32))): {'bw': 18.0}, ((5, 9), (np.int64(3), 12)): {'bw': 17.0}, ((5, 9), (12, np.int64(79))): {'bw': 17.0}, ((2, 8), (np.int64(10), 85)): {'bw': 15.0}, ((2, 8), (85, 77)): {'bw': 15.0}, ((5, 6), (np.int64(3), 31)): {'bw': 18.0}, ((5, 6), (31, 71)): {'bw': 18.0}, ((5, 6), (71, np.int64(78))): {'bw': 18.0}, ((7, 9), (np.int64(95), 33)): {'bw': 13.0}, ((7, 9), (33, np.int64(79))): {'bw': 13.0}, ((6, 8), (np.int64(78), 68)): {'bw': 9.0}, ((6, 8), (68, 97)): {'bw': 9.0}, ((6, 8), (97, np.int64(77))): {'bw': 9.0}, ((0, 5), (np.int64(60), 3)): {'bw': 7.0}, ((3, 8), (np.int64(32), 18)): {'bw': 9.0}, ((3, 8), (18, np.int64(77))): {'bw': 9.0}, ((7, 8), (np.int64(95), 26)): {'bw': 8.0}, ((7, 8), (26, 81)): {'bw': 8.0}, ((7, 8), (81, 59)): {'bw': 8.0}, ((7, 8), (59, np.int64(77))): {'bw': 8.0}, ((0, 1), (np.int64(60), 32)): {'bw': 5.0}, ((0, 1), (32, np.int64(36))): {'bw': 5.0}}",1319.0,719.0,719.0,101.0,618.0,101.0,618.0,101.0,1218.0,600.0,0.5451099317664898,6199.7971333435435,3379.570992322978,2.5622221321629857,Success,0.0,"{'node_level': {}, 'link_level': {}, 'path_level': {}}","{'node_level': {2: {'cpu': -63}, 8: {'cpu': -26}, 5: {'cpu': -43}, 0: {'cpu': -42}, 4: {'cpu': -70}, 7: {'cpu': -77}, 3: {'cpu': -76}, 9: {'cpu': -82}, 6: {'cpu': -60}, 1: {'cpu': -63}}, 'link_level': {}, 'path_level': {}}","{'node_level': {2: {'cpu': 0}, 8: {'cpu': 0}, 5: {'cpu': 0}, 0: {'cpu': 0}, 4: {'cpu': 0}, 7: {'cpu': 0}, 3: {'cpu': 0}, 9: {'cpu': 0}, 6: {'cpu': 0}, 1: {'cpu': 0}}, 'link_level': {}, 'path_level': {}}",[],0.0,0.0,True,True,False,0,[],0,0.0,"OrderedDict([((5, 8), 0), ((6, 9), 0), ((8, 9), 0), ((2, 5), 0), ((0, 4), 0), ((1, 3), 0), ((4, 7), 0), ((4, 9), 0), ((3, 6), 0), ((4, 6), 0), ((5, 7), 0), ((0, 3), 0), ((3, 9), 0), ((2, 7), 0), ((2, 9), 0), ((2, 3), 0), ((5, 9), 0), ((2, 8), 0), ((5, 6), 0), ((7, 9), 0), ((6, 8), 0), ((0, 5), 0), ((3, 8), 0), ((7, 8), 0), ((0, 1), 0)])",5.0,0.0,10.0,25.0
12,10,9,2816.0,4732.0,1353809.5330767082,2173596.0190981836,0.5950972104818258,0.6228432151980102,33,12,0,157.70037690170093,43436.0,6723,36713.0,0.07307321108506826,0.07281038488736236,11,4.700376901700943,153.0,10,25,False,{},{},{},{},0.0,0.0,0.0,0.0,0.0,0.0,0.0,0.0,0.0,0.0,0.0,0.0,0.0,0.0,Leave Event,0.0,"{'node_level': {}, 'link_level': {}, 'path_level': {}}","{'node_level': {}, 'link_level': {}, 'path_level': {}}","{'node_level': {}, 'link_level': {}, 'path_level': {}}",[],0.0,0.0,True,True,False,0,[],0,0.0,,,,,
13,10,9,2816.0,4732.0,1353809.5330767082,2173596.0190981836,0.5950972104818258,0.6228432151980102,33,13,1,161.0,43436.0,6723,36713.0,0.07307321108506826,0.07281038488736236,12,923.6638271383595,161.0,10,24,False,"{2: np.int64(10), 9: np.int64(77), 8: np.int64(53), 6: np.int64(78), 7: np.int64(3), 5: np.int64(36), 4: np.int64(79), 3: np.int64(32)}",{},"{(2, np.int64(10)): {'cpu': 18}, (9, np.int64(77)): {'cpu': 9}, (8, np.int64(53)): {'cpu': 11}, (6, np.int64(78)): {'cpu': 11}, (7, np.int64(3)): {'cpu': 6}, (5, np.int64(36)): {'cpu': 11}, (4, np.int64(79)): {'cpu': 7}, (3, np.int64(32)): {'cpu': 13}}",{},0.0,0.0,757.0,93.0,664.0,0.0,0.0,0.0,0.0,0.0,0.0,0.0,0.0,0.0,Place Failure,0.0,"{'node_level': {}, 'link_level': {}, 'path_level': {}}","{'node_level': {2: {'cpu': -63}, 9: {'cpu': -34}, 8: {'cpu': -67}, 6: {'cpu': -53}, 7: {'cpu': -47}, 5: {'cpu': -63}, 4: {'cpu': -78}, 3: {'cpu': -67}}, 'link_level': {}, 'path_level': {}}","{'node_level': {2: {'cpu': 0}, 9: {'cpu': 0}, 8: {'cpu': 0}, 6: {'cpu': 0}, 7: {'cpu': 0}, 5: {'cpu': 0}, 4: {'cpu': 0}, 3: {'cpu': 0}}, 'link_level': {}, 'path_level': {}}",[],0.0,0.0,False,True,False,0,[],0,0.0,,,,8.0,0.0
13,10,9,2816.0,4732.0,1353809.5330767082,2173596.0190981836,0.5950972104818258,0.6228432151980102,33,14,0,169.38524443762475,43436.0,6723,36713.0,0.07307321108506826,0.07281038488736236,9,43.385244437624735,126.0,9,22,False,{},{},{},{},0.0,0.0,0.0,0.0,0.0,0.0,0.0,0.0,0.0,0.0,0.0,0.0,0.0,0.0,Leave Event,0.0,"{'node_level': {}, 'link_level': {}, 'path_level': {}}","{'node_level': {}, 'link_level': {}, 'path_level': {}}","{'node_level': {}, 'link_level': {}, 'path_level': {}}",[],0.0,0.0,True,True,False,0,[],0,0.0,,,,,
13,10,8,2816.0,4732.0,1353809.5330767082,2173596.0190981836,0.5950972104818258,0.6228432151980102,33,15,0,174.1977268888015,43773.0,6749,37024.0,0.06948848752240455,0.06495605616728961,3,122.1977268888015,52.0,5,5,False,{},{},{},{},0.0,0.0,0.0,0.0,0.0,0.0,0.0,0.0,0.0,0.0,0.0,0.0,0.0,0.0,Leave Event,0.0,"{'node_level': {}, 'link_level': {}, 'path_level': {}}","{'node_level': {}, 'link_level': {}, 'path_level': {}}","{'node_level': {}, 'link_level': {}, 'path_level': {}}",[],0.0,0.0,True,True,False,0,[],0,0.0,,,,,
14,11,9,2897.0,4881.0,1396001.6497559866,2251208.6781748813,0.5935259168203237,0.6201120594860912,33,16,1,175.0,43624.0,6730,36894.0,0.07210809320281264,0.06823921608243255,13,520.8903293738089,175.0,3,3,True,"{2: np.int64(5), 1: np.int64(98), 0: np.int64(10)}","{(1, 2): [(np.int64(98), 90), (90, np.int64(5))], (0, 2): [(np.int64(10), 85), (85, np.int64(5))], (0, 1): [(np.int64(10), 3), (3, 63), (63, np.int64(98))]}","{(2, np.int64(5)): {'cpu': 10}, (1, np.int64(98)): {'cpu': 7}, (0, np.int64(10)): {'cpu': 2}}","{((1, 2), (np.int64(98), 90)): {'bw': 43.0}, ((1, 2), (90, np.int64(5))): {'bw': 43.0}, ((0, 2), (np.int64(10), 85)): {'bw': 13.0}, ((0, 2), (85, np.int64(5))): {'bw': 13.0}, ((0, 1), (np.int64(10), 3)): {'bw': 6.0}, ((0, 1), (3, 63)): {'bw': 6.0}, ((0, 1), (63, np.int64(98))): {'bw': 6.0}}",149.0,81.0,81.0,19.0,62.0,19.0,62.0,19.0,130.0,68.0,0.5436241610738255,77612.65907669753,42192.116679278515,283.16856831730547,Success,0.0,"{'node_level': {}, 'link_level': {}, 'path_level': {}}","{'node_level': {2: {'cpu': -53}, 1: {'cpu': -50}, 0: {'cpu': -79}}, 'link_level': {}, 'path_level': {}}","{'node_level': {2: {'cpu': 0}, 1: {'cpu': 0}, 0: {'cpu': 0}}, 'link_level': {}, 'path_level': {}}",[],0.0,0.0,True,True,False,0,[],0,0.0,"OrderedDict([((1, 2), 0), ((0, 2), 0), ((0, 1), 0)])",1.0,0.0,3.0,3.0
15,11,9,2897.0,4881.0,1396001.6497559866,2251208.6781748813,0.5935259168203237,0.6201120594860912,33,17,1,188.0,43624.0,6730,36894.0,0.07210809320281264,0.06823921608243255,14,920.6412263936853,188.0,8,14,False,"{4: np.int64(77), 3: np.int64(53), 7: np.int64(79), 6: np.int64(10), 0: np.int64(78), 5: np.int64(32), 1: np.int64(3), 2: np.int64(1)}","{(0, 1): [(np.int64(78), 68), (68, 41), (41, np.int64(3))], (1, 7): [(np.int64(3), 93), (93, 52), (52, np.int64(79))], (0, 6): [(np.int64(78), 10)], (3, 4): [(np.int64(53), 3), (3, np.int64(77))], (4, 5): [(np.int64(77), 3), (3, 31), (31, np.int64(32))], (2, 3): [(np.int64(1), 33), (33, np.int64(53))]}","{(4, np.int64(77)): {'cpu': 19}, (3, np.int64(53)): {'cpu': 19}, (7, np.int64(79)): {'cpu': 15}, (6, np.int64(10)): {'cpu': 12}, (0, np.int64(78)): {'cpu': 6}, (5, np.int64(32)): {'cpu': 11}, (1, np.int64(3)): {'cpu': 5}, (2, np.int64(1)): {'cpu': 5}}","{((0, 1), (np.int64(78), 68)): {'bw': 49.0}, ((0, 1), (68, 41)): {'bw': 49.0}, ((0, 1), (41, np.int64(3))): {'bw': 49.0}, ((1, 7), (np.int64(3), 93)): {'bw': 42.0}, ((1, 7), (93, 52)): {'bw': 42.0}, ((1, 7), (52, np.int64(79))): {'bw': 42.0}, ((0, 6), (np.int64(78), 10)): {'bw': 41.0}, ((3, 4), (np.int64(53), 3)): {'bw': 35.0}, ((3, 4), (3, np.int64(77))): {'bw': 35.0}, ((4, 5), (np.int64(77), 3)): {'bw': 30.0}, ((4, 5), (3, 31)): {'bw': 30.0}, ((4, 5), (31, np.int64(32))): {'bw': 30.0}, ((2, 3), (np.int64(1), 33)): {'bw': 33.0}, ((2, 3), (33, np.int64(53))): {'bw': 33.0}}",0.0,0.0,424.0,92.0,332.0,0.0,0.0,0.0,0.0,0.0,0.0,0.0,0.0,0.0,Route Failure,0.0,"{'node_level': {}, 'link_level': {}, 'path_level': {}}","{'node_level': {4: {'cpu': -24}, 3: {'cpu': -59}, 7: {'cpu': -70}, 6: {'cpu': -67}, 0: {'cpu': -58}, 5: {'cpu': -69}, 1: {'cpu': -48}, 2: {'cpu': -41}}, 'link_level': {}, 'path_level': {}}","{'node_level': {4: {'cpu': 0}, 3: {'cpu': 0}, 7: {'cpu': 0}, 6: {'cpu': 0}, 0: {'cpu': 0}, 5: {'cpu': 0}, 1: {'cpu': 0}, 2: {'cpu': 0}}, 'link_level': {}, 'path_level': {}}",[],0.0,0.0,True,False,False,0,[],0,0.0,"OrderedDict([((0, 1), 0), ((1, 7), 0), ((0, 6), 0), ((3, 4), 0), ((4, 5), 0), ((2, 3), 0)])",1.0,0.0,8.0,6.0
16,11,9,2897.0,4881.0,1396001.6497559866,2251208.6781748813,0.5935259168203237,0.6201120594860912,33,18,1,198.0,43624.0,6730,36894.0,0.07210809320281264,0.06823921608243255,15,153.75886185936875,198.0,9,12,False,"{1: np.int64(77), 8: np.int64(53), 7: np.int64(79), 4: np.int64(78), 2: np.int64(10), 5: np.int64(43), 6: np.int64(36), 0: np.int64(32), 3: np.int64(1)}","{(4, 8): [(np.int64(78), 68), (68, 29), (29, np.int64(53))], (5, 7): [(np.int64(43), 11), (11, np.int64(79))], (1, 5): [(np.int64(77), 3), (3, 53), (53, np.int64(43))], (0, 7): [(np.int64(32), 68), (68, 79)]}","{(1, np.int64(77)): {'cpu': 19}, (8, np.int64(53)): {'cpu': 17}, (7, np.int64(79)): {'cpu': 14}, (4, np.int64(78)): {'cpu': 8}, (2, np.int64(10)): {'cpu': 13}, (5, np.int64(43)): {'cpu': 3}, (6, np.int64(36)): {'cpu': 8}, (0, np.int64(32)): {'cpu': 2}, (3, np.int64(1)): {'cpu': 16}}","{((4, 8), (np.int64(78), 68)): {'bw': 49.0}, ((4, 8), (68, 29)): {'bw': 49.0}, ((4, 8), (29, np.int64(53))): {'bw': 49.0}, ((5, 7), (np.int64(43), 11)): {'bw': 47.0}, ((5, 7), (11, np.int64(79))): {'bw': 47.0}, ((1, 5), (np.int64(77), 3)): {'bw': 49.0}, ((1, 5), (3, 53)): {'bw': 49.0}, ((1, 5), (53, np.int64(43))): {'bw': 49.0}, ((0, 7), (np.int64(32), 68)): {'bw': 46.0}, ((0, 7), (68, 79)): {'bw': 46.0}}",0.0,0.0,444.0,100.0,344.0,0.0,0.0,0.0,0.0,0.0,0.0,0.0,0.0,0.0,Route Failure,0.0,"{'node_level': {}, 'link_level': {}, 'path_level': {}}","{'node_level': {1: {'cpu': -24}, 8: {'cpu': -61}, 7: {'cpu': -71}, 4: {'cpu': -56}, 2: {'cpu': -66}, 5: {'cpu': -60}, 6: {'cpu': -66}, 0: {'cpu': -78}, 3: {'cpu': -30}}, 'link_level': {}, 'path_level': {}}","{'node_level': {1: {'cpu': 0}, 8: {'cpu': 0}, 7: {'cpu': 0}, 4: {'cpu': 0}, 2: {'cpu': 0}, 5: {'cpu': 0}, 6: {'cpu': 0}, 0: {'cpu': 0}, 3: {'cpu': 0}}, 'link_level': {}, 'path_level': {}}",[],0.0,0.0,True,False,False,0,[],0,0.0,"OrderedDict([((4, 8), 0), ((5, 7), 0), ((1, 5), 0), ((0, 7), 0)])",1.0,0.0,9.0,4.0
17,12,10,3440.0,5992.0,1533706.4837207096,2532958.3476680806,0.5740987983978638,0.6055000806202309,34,19,1,215.0,42513.0,6630,35883.0,0.08589549152075004,0.09377209819173649,16,253.60006255013423,215.0,9,22,True,"{4: np.int64(77), 7: np.int64(53), 6: np.int64(10), 8: np.int64(79), 0: np.int64(78), 5: np.int64(32), 2: np.int64(99), 1: np.int64(1), 3: np.int64(36)}","{(2, 6): [(np.int64(99), 37), (37, np.int64(10))], (0, 1): [(np.int64(78), 76), (76, np.int64(1))], (4, 6): [(np.int64(77), 3), (3, np.int64(10))], (2, 3): [(np.int64(99), 32), (32, np.int64(36))], (6, 7): [(np.int64(10), 85), (85, 30), (30, np.int64(53))], (0, 2): [(np.int64(78), 68), (68, 24), (24, 2), (2, np.int64(99))], (0, 4): [(np.int64(78), 76), (76, 91), (91, np.int64(77))], (7, 8): [(np.int64(53), 33), (33, np.int64(79))], (2, 5): [(np.int64(99), 32)], (2, 4): [(np.int64(99), 58), (58, 21), (21, np.int64(77))], (3, 7): [(np.int64(36), 30), (30, np.int64(53))], (4, 7): [(np.int64(77), 3), (3, np.int64(53))], (1, 2): [(np.int64(1), 12), (12, 84), (84, np.int64(99))], (4, 8): [(np.int64(77), 59), (59, np.int64(79))], (1, 4): [(np.int64(1), 63), (63, np.int64(77))], (0, 8): [(np.int64(78), 73), (73, np.int64(79))], (3, 5): [(np.int64(36), 32)], (5, 6): [(np.int64(32), 49), (49, np.int64(10))], (1, 7): [(np.int64(1), 33), (33, np.int64(53))], (4, 5): [(np.int64(77), 18), (18, np.int64(32))], (0, 5): [(np.int64(78), 68), (68, np.int64(32))], (1, 6): [(np.int64(1), 72), (72, 89), (89, np.int64(10))]}","{(4, np.int64(77)): {'cpu': 20}, (7, np.int64(53)): {'cpu': 15}, (6, np.int64(10)): {'cpu': 7}, (8, np.int64(79)): {'cpu': 16}, (0, np.int64(78)): {'cpu': 7}, (5, np.int64(32)): {'cpu': 19}, (2, np.int64(99)): {'cpu': 4}, (1, np.int64(1)): {'cpu': 7}, (3, np.int64(36)): {'cpu': 5}}","{((2, 6), (np.int64(99), 37)): {'bw': 48.0}, ((2, 6), (37, np.int64(10))): {'bw': 48.0}, ((0, 1), (np.int64(78), 76)): {'bw': 50.0}, ((0, 1), (76, np.int64(1))): {'bw': 50.0}, ((4, 6), (np.int64(77), 3)): {'bw': 42.0}, ((4, 6), (3, np.int64(10))): {'bw': 42.0}, ((2, 3), (np.int64(99), 32)): {'bw': 37.0}, ((2, 3), (32, np.int64(36))): {'bw': 37.0}, ((6, 7), (np.int64(10), 85)): {'bw': 33.0}, ((6, 7), (85, 30)): {'bw': 33.0}, ((6, 7), (30, np.int64(53))): {'bw': 33.0}, ((0, 2), (np.int64(78), 68)): {'bw': 28.0}, ((0, 2), (68, 24)): {'bw': 28.0}, ((0, 2), (24, 2)): {'bw': 28.0}, ((0, 2), (2, np.int64(99))): {'bw': 28.0}, ((0, 4), (np.int64(78), 76)): {'bw': 22.0}, ((0, 4), (76, 91)): {'bw': 22.0}, ((0, 4), (91, np.int64(77))): {'bw': 22.0}, ((7, 8), (np.int64(53), 33)): {'bw': 23.0}, ((7, 8), (33, np.int64(79))): {'bw': 23.0}, ((2, 5), (np.int64(99), 32)): {'bw': 20.0}, ((2, 4), (np.int64(99), 58)): {'bw': 21.0}, ((2, 4), (58, 21)): {'bw': 21.0}, ((2, 4), (21, np.int64(77))): {'bw': 21.0}, ((3, 7), (np.int64(36), 30)): {'bw': 21.0}, ((3, 7), (30, np.int64(53))): {'bw': 21.0}, ((4, 7), (np.int64(77), 3)): {'bw': 17.0}, ((4, 7), (3, np.int64(53))): {'bw': 17.0}, ((1, 2), (np.int64(1), 12)): {'bw': 18.0}, ((1, 2), (12, 84)): {'bw': 18.0}, ((1, 2), (84, np.int64(99))): {'bw': 18.0}, ((4, 8), (np.int64(77), 59)): {'bw': 17.0}, ((4, 8), (59, np.int64(79))): {'bw': 17.0}, ((1, 4), (np.int64(1), 63)): {'bw': 12.0}, ((1, 4), (63, np.int64(77))): {'bw': 12.0}, ((0, 8), (np.int64(78), 73)): {'bw': 10.0}, ((0, 8), (73, np.int64(79))): {'bw': 10.0}, ((3, 5), (np.int64(36), 32)): {'bw': 6.0}, ((5, 6), (np.int64(32), 49)): {'bw': 6.0}, ((5, 6), (49, np.int64(10))): {'bw': 6.0}, ((1, 7), (np.int64(1), 33)): {'bw': 4.0}, ((1, 7), (33, np.int64(53))): {'bw': 4.0}, ((4, 5), (np.int64(77), 18)): {'bw': 5.0}, ((4, 5), (18, np.int64(32))): {'bw': 5.0}, ((0, 5), (np.int64(78), 68)): {'bw': 2.0}, ((0, 5), (68, np.int64(32))): {'bw': 2.0}, ((1, 6), (np.int64(1), 72)): {'bw': 1.0}, ((1, 6), (72, 89)): {'bw': 1.0}, ((1, 6), (89, np.int64(10))): {'bw': 1.0}}",1111.0,543.0,543.0,100.0,443.0,100.0,443.0,100.0,1011.0,568.0,0.48874887488748875,281749.66949319915,137704.83396472287,123.94674524277487,Success,0.0,"{'node_level': {}, 'link_level': {}, 'path_level': {}}","{'node_level': {4: {'cpu': -23}, 7: {'cpu': -63}, 6: {'cpu': -72}, 8: {'cpu': -69}, 0: {'cpu': -57}, 5: {'cpu': -61}, 2: {'cpu': -67}, 1: {'cpu': -39}, 3: {'cpu': -69}}, 'link_level': {}, 'path_level': {}}","{'node_level': {4: {'cpu': 0}, 7: {'cpu': 0}, 6: {'cpu': 0}, 8: {'cpu': 0}, 0: {'cpu': 0}, 5: {'cpu': 0}, 2: {'cpu': 0}, 1: {'cpu': 0}, 3: {'cpu': 0}}, 'link_level': {}, 'path_level': {}}",[],0.0,0.0,True,True,False,0,[],0,0.0,"OrderedDict([((2, 6), 0), ((0, 1), 0), ((4, 6), 0), ((2, 3), 0), ((6, 7), 0), ((0, 2), 0), ((0, 4), 0), ((7, 8), 0), ((2, 5), 0), ((2, 4), 0), ((3, 7), 0), ((4, 7), 0), ((1, 2), 0), ((4, 8), 0), ((1, 4), 0), ((0, 8), 0), ((3, 5), 0), ((5, 6), 0), ((1, 7), 0), ((4, 5), 0), ((0, 5), 0), ((1, 6), 0)])",9.0,0.0,9.0,22.0
18,13,11,4057.0,7141.0,1781986.4786109128,2995314.448363127,0.5681277132054334,0.5949246763005896,35,20,1,227.0,41364.0,6494,34870.0,0.10464635323314486,0.11935549045358118,17,402.39869512188545,227.0,10,18,True,"{9: np.int64(43), 3: np.int64(5), 0: np.int64(98), 5: np.int64(13), 6: np.int64(60), 8: np.int64(95), 1: np.int64(52), 4: np.int64(7), 2: np.int64(18), 7: np.int64(83)}","{(7, 9): [(np.int64(83), 0), (0, np.int64(43))], (4, 5): [(np.int64(7), 12), (12, 1), (1, np.int64(13))], (2, 9): [(np.int64(18), 53), (53, np.int64(43))], (3, 7): [(np.int64(5), 83)], (0, 6): [(np.int64(98), 60)], (3, 8): [(np.int64(5), 15), (15, 7), (7, np.int64(95))], (0, 9): [(np.int64(98), 43)], (6, 9): [(np.int64(60), 40), (40, 38), (38, np.int64(43))], (1, 5): [(np.int64(52), 72), (72, np.int64(13))], (0, 3): [(np.int64(98), 4), (4, 15), (15, np.int64(5))], (5, 7): [(np.int64(13), 95), (95, 88), (88, np.int64(83))], (3, 5): [(np.int64(5), 79), (79, 4), (4, np.int64(13))], (5, 6): [(np.int64(13), 60)], (0, 1): [(np.int64(98), 4), (4, 79), (79, np.int64(52))], (2, 7): [(np.int64(18), 83)], (7, 8): [(np.int64(83), 88), (88, np.int64(95))], (8, 9): [(np.int64(95), 53), (53, np.int64(43))], (0, 8): [(np.int64(98), 33), (33, np.int64(95))]}","{(9, np.int64(43)): {'cpu': 19}, (3, np.int64(5)): {'cpu': 20}, (0, np.int64(98)): {'cpu': 16}, (5, np.int64(13)): {'cpu': 14}, (6, np.int64(60)): {'cpu': 19}, (8, np.int64(95)): {'cpu': 12}, (1, np.int64(52)): {'cpu': 15}, (4, np.int64(7)): {'cpu': 11}, (2, np.int64(18)): {'cpu': 8}, (7, np.int64(83)): {'cpu': 2}}","{((7, 9), (np.int64(83), 0)): {'bw': 49.0}, ((7, 9), (0, np.int64(43))): {'bw': 49.0}, ((4, 5), (np.int64(7), 12)): {'bw': 50.0}, ((4, 5), (12, 1)): {'bw': 50.0}, ((4, 5), (1, np.int64(13))): {'bw': 50.0}, ((2, 9), (np.int64(18), 53)): {'bw': 45.0}, ((2, 9), (53, np.int64(43))): {'bw': 45.0}, ((3, 7), (np.int64(5), 83)): {'bw': 41.0}, ((0, 6), (np.int64(98), 60)): {'bw': 38.0}, ((3, 8), (np.int64(5), 15)): {'bw': 37.0}, ((3, 8), (15, 7)): {'bw': 37.0}, ((3, 8), (7, np.int64(95))): {'bw': 37.0}, ((0, 9), (np.int64(98), 43)): {'bw': 35.0}, ((6, 9), (np.int64(60), 40)): {'bw': 32.0}, ((6, 9), (40, 38)): {'bw': 32.0}, ((6, 9), (38, np.int64(43))): {'bw': 32.0}, ((1, 5), (np.int64(52), 72)): {'bw': 27.0}, ((1, 5), (72, np.int64(13))): {'bw': 27.0}, ((0, 3), (np.int64(98), 4)): {'bw': 26.0}, ((0, 3), (4, 15)): {'bw': 26.0}, ((0, 3), (15, np.int64(5))): {'bw': 26.0}, ((5, 7), (np.int64(13), 95)): {'bw': 18.0}, ((5, 7), (95, 88)): {'bw': 18.0}, ((5, 7), (88, np.int64(83))): {'bw': 18.0}, ((3, 5), (np.int64(5), 79)): {'bw': 12.0}, ((3, 5), (79, 4)): {'bw': 12.0}, ((3, 5), (4, np.int64(13))): {'bw': 12.0}, ((5, 6), (np.int64(13), 60)): {'bw': 13.0}, ((0, 1), (np.int64(98), 4)): {'bw': 15.0}, ((0, 1), (4, 79)): {'bw': 15.0}, ((0, 1), (79, np.int64(52))): {'bw': 15.0}, ((2, 7), (np.int64(18), 83)): {'bw': 12.0}, ((7, 8), (np.int64(83), 88)): {'bw': 11.0}, ((7, 8), (88, np.int64(95))): {'bw': 11.0}, ((8, 9), (np.int64(95), 53)): {'bw': 11.0}, ((8, 9), (53, np.int64(43))): {'bw': 11.0}, ((0, 8), (np.int64(98), 33)): {'bw': 9.0}, ((0, 8), (33, np.int64(95))): {'bw': 9.0}}",1149.0,617.0,617.0,136.0,481.0,136.0,481.0,136.0,1013.0,532.0,0.5369886858137511,462356.10069504636,248279.99489020332,216.0835464666696,Success,0.0,"{'node_level': {}, 'link_level': {}, 'path_level': {}}","{'node_level': {9: {'cpu': -44}, 3: {'cpu': -33}, 0: {'cpu': -34}, 5: {'cpu': -53}, 6: {'cpu': -41}, 8: {'cpu': -73}, 1: {'cpu': -84}, 4: {'cpu': -40}, 2: {'cpu': -20}, 7: {'cpu': -59}}, 'link_level': {}, 'path_level': {}}","{'node_level': {9: {'cpu': 0}, 3: {'cpu': 0}, 0: {'cpu': 0}, 5: {'cpu': 0}, 6: {'cpu': 0}, 8: {'cpu': 0}, 1: {'cpu': 0}, 4: {'cpu': 0}, 2: {'cpu': 0}, 7: {'cpu': 0}}, 'link_level': {}, 'path_level': {}}",[],0.0,0.0,True,True,False,0,[],0,0.0,"OrderedDict([((7, 9), 0), ((4, 5), 0), ((2, 9), 0), ((3, 7), 0), ((0, 6), 0), ((3, 8), 0), ((0, 9), 0), ((6, 9), 0), ((1, 5), 0), ((0, 3), 0), ((5, 7), 0), ((3, 5), 0), ((5, 6), 0), ((0, 1), 0), ((2, 7), 0), ((7, 8), 0), ((8, 9), 0), ((0, 8), 0)])",1.0,0.0,10.0,18.0
19,14,12,4133.0,7254.0,1788836.0641707184,3005498.7005770486,0.5697546181417149,0.5951877682819381,37,21,1,243.0,41251.0,6475,34776.0,0.10726595891355306,0.1217294676229922,18,90.12612578691468,243.0,3,2,True,"{1: np.int64(9), 0: np.int64(68), 2: np.int64(41)}","{(0, 1): [(np.int64(68), 29), (29, np.int64(9))], (0, 2): [(np.int64(68), 41)]}","{(1, np.int64(9)): {'cpu': 11}, (0, np.int64(68)): {'cpu': 3}, (2, np.int64(41)): {'cpu': 5}}","{((0, 1), (np.int64(68), 29)): {'bw': 37.0}, ((0, 1), (29, np.int64(9))): {'bw': 37.0}, ((0, 2), (np.int64(68), 41)): {'bw': 20.0}}",113.0,76.0,76.0,19.0,57.0,19.0,57.0,19.0,94.0,37.0,0.672566371681416,10184.25221392136,6849.585559805516,60.61580141420811,Success,0.0,"{'node_level': {}, 'link_level': {}, 'path_level': {}}","{'node_level': {1: {'cpu': -89}, 0: {'cpu': -48}, 2: {'cpu': -37}}, 'link_level': {}, 'path_level': {}}","{'node_level': {1: {'cpu': 0}, 0: {'cpu': 0}, 2: {'cpu': 0}}, 'link_level': {}, 'path_level': {}}",[],0.0,0.0,True,True,False,0,[],0,0.0,"OrderedDict([((0, 1), 0), ((0, 2), 0)])",0.0,0.0,3.0,2.0
20,15,13,4472.0,7747.0,1867099.450245563,3119315.3652817635,0.5772557118884729,0.5985606556574988,40,22,1,260.0,40758.0,6420,34338.0,0.11484902798841856,0.13279119102939696,19,230.86544564850888,260.0,7,12,True,"{3: np.int64(36), 2: np.int64(75), 0: np.int64(91), 4: np.int64(25), 6: np.int64(49), 1: np.int64(81), 5: np.int64(90)}","{(3, 5): [(np.int64(36), 90)], (0, 3): [(np.int64(91), 36)], (4, 5): [(np.int64(25), 44), (44, np.int64(90))], (1, 4): [(np.int64(81), 25)], (2, 3): [(np.int64(75), 50), (50, np.int64(36))], (1, 6): [(np.int64(81), 80), (80, np.int64(49))], (2, 4): [(np.int64(75), 44), (44, np.int64(25))], (4, 6): [(np.int64(25), 33), (33, np.int64(49))], (0, 2): [(np.int64(91), 6), (6, np.int64(75))], (1, 5): [(np.int64(81), 59), (59, np.int64(90))], (2, 5): [(np.int64(75), 44), (44, np.int64(90))], (0, 5): [(np.int64(91), 30), (30, np.int64(90))]}","{(3, np.int64(36)): {'cpu': 15}, (2, np.int64(75)): {'cpu': 10}, (0, np.int64(91)): {'cpu': 10}, (4, np.int64(25)): {'cpu': 5}, (6, np.int64(49)): {'cpu': 11}, (1, np.int64(81)): {'cpu': 3}, (5, np.int64(90)): {'cpu': 1}}","{((3, 5), (np.int64(36), 90)): {'bw': 48.0}, ((0, 3), (np.int64(91), 36)): {'bw': 44.0}, ((4, 5), (np.int64(25), 44)): {'bw': 35.0}, ((4, 5), (44, np.int64(90))): {'bw': 35.0}, ((1, 4), (np.int64(81), 25)): {'bw': 38.0}, ((2, 3), (np.int64(75), 50)): {'bw': 31.0}, ((2, 3), (50, np.int64(36))): {'bw': 31.0}, ((1, 6), (np.int64(81), 80)): {'bw': 24.0}, ((1, 6), (80, np.int64(49))): {'bw': 24.0}, ((2, 4), (np.int64(75), 44)): {'bw': 18.0}, ((2, 4), (44, np.int64(25))): {'bw': 18.0}, ((4, 6), (np.int64(25), 33)): {'bw': 17.0}, ((4, 6), (33, np.int64(49))): {'bw': 17.0}, ((0, 2), (np.int64(91), 6)): {'bw': 14.0}, ((0, 2), (6, np.int64(75))): {'bw': 14.0}, ((1, 5), (np.int64(81), 59)): {'bw': 8.0}, ((1, 5), (59, np.int64(90))): {'bw': 8.0}, ((2, 5), (np.int64(75), 44)): {'bw': 4.0}, ((2, 5), (44, np.int64(90))): {'bw': 4.0}, ((0, 5), (np.int64(91), 30)): {'bw': 3.0}, ((0, 5), (30, np.int64(90))): {'bw': 3.0}}",493.0,339.0,339.0,55.0,284.0,55.0,284.0,55.0,438.0,154.0,0.6876267748478702,113816.66470471487,78263.38607484451,158.74926181510043,Success,0.0,"{'node_level': {}, 'link_level': {}, 'path_level': {}}","{'node_level': {3: {'cpu': -54}, 2: {'cpu': -58}, 0: {'cpu': -44}, 4: {'cpu': -43}, 6: {'cpu': -45}, 1: {'cpu': -89}, 5: {'cpu': -85}}, 'link_level': {}, 'path_level': {}}","{'node_level': {3: {'cpu': 0}, 2: {'cpu': 0}, 0: {'cpu': 0}, 4: {'cpu': 0}, 6: {'cpu': 0}, 1: {'cpu': 0}, 5: {'cpu': 0}}, 'link_level': {}, 'path_level': {}}",[],0.0,0.0,True,True,False,0,[],0,0.0,"OrderedDict([((3, 5), 0), ((0, 3), 0), ((4, 5), 0), ((1, 4), 0), ((2, 3), 0), ((1, 6), 0), ((2, 4), 0), ((4, 6), 0), ((0, 2), 0), ((1, 5), 0), ((2, 5), 0), ((0, 5), 0)])",1.0,0.0,7.0,12.0
21,15,13,4472.0,7747.0,1867099.450245563,3119315.3652817635,0.5772557118884729,0.5985606556574988,40,23,1,281.0,40758.0,6420,34338.0,0.11484902798841856,0.13279119102939696,20,79.17075280023421,281.0,10,28,False,"{4: np.int64(11), 7: np.int64(30), 2: np.int64(20), 0: np.int64(28), 8: np.int64(68), 3: np.int64(72), 5: np.int64(78)}",{},"{(4, np.int64(11)): {'cpu': 17}, (7, np.int64(30)): {'cpu': 12}, (2, np.int64(20)): {'cpu': 15}, (0, np.int64(28)): {'cpu': 12}, (8, np.int64(68)): {'cpu': 7}, (3, np.int64(72)): {'cpu': 15}, (5, np.int64(78)): {'cpu': 4}}",{},0.0,0.0,759.0,96.0,663.0,0.0,0.0,0.0,0.0,0.0,0.0,0.0,0.0,0.0,Place Failure,0.0,"{'node_level': {}, 'link_level': {}, 'path_level': {}}","{'node_level': {4: {'cpu': -56}, 7: {'cpu': -28}, 2: {'cpu': -81}, 0: {'cpu': -38}, 8: {'cpu': -41}, 3: {'cpu': -38}, 5: {'cpu': -53}}, 'link_level': {}, 'path_level': {}}","{'node_level': {4: {'cpu': 0}, 7: {'cpu': 0}, 2: {'cpu': 0}, 0: {'cpu': 0}, 8: {'cpu': 0}, 3: {'cpu': 0}, 5: {'cpu': 0}}, 'link_level': {}, 'path_level': {}}",[],0.0,0.0,False,True,False,0,[],0,0.0,,,,7.0,0.0
22,16,14,4758.0,8356.0,1987660.3243564824,3376034.1496648053,0.5694112015318334,0.5887559889030833,42,24,1,296.0,40149.0,6348,33801.0,0.1247759547773335,0.1463531669865643,21,421.54151787034783,296.0,6,9,True,"{1: np.int64(11), 3: np.int64(30), 0: np.int64(79), 4: np.int64(4), 2: np.int64(20), 5: np.int64(28)}","{(0, 1): [(np.int64(79), 11)], (1, 4): [(np.int64(11), 25), (25, 41), (41, 68), (68, np.int64(4))], (1, 3): [(np.int64(11), 29), (29, np.int64(30))], (2, 3): [(np.int64(20), 93), (93, 50), (50, 0), (0, np.int64(30))], (1, 5): [(np.int64(11), 38), (38, 8), (8, np.int64(28))], (0, 3): [(np.int64(79), 69), (69, 91), (91, np.int64(30))], (0, 4): [(np.int64(79), 4)], (3, 4): [(np.int64(30), 13), (13, np.int64(4))], (0, 5): [(np.int64(79), 4), (4, np.int64(28))]}","{(1, np.int64(11)): {'cpu': 18}, (3, np.int64(30)): {'cpu': 18}, (0, np.int64(79)): {'cpu': 11}, (4, np.int64(4)): {'cpu': 9}, (2, np.int64(20)): {'cpu': 12}, (5, np.int64(28)): {'cpu': 4}}","{((0, 1), (np.int64(79), 11)): {'bw': 49.0}, ((1, 4), (np.int64(11), 25)): {'bw': 40.0}, ((1, 4), (25, 41)): {'bw': 40.0}, ((1, 4), (41, 68)): {'bw': 40.0}, ((1, 4), (68, np.int64(4))): {'bw': 40.0}, ((1, 3), (np.int64(11), 29)): {'bw': 37.0}, ((1, 3), (29, np.int64(30))): {'bw': 37.0}, ((2, 3), (np.int64(20), 93)): {'bw': 30.0}, ((2, 3), (93, 50)): {'bw': 30.0}, ((2, 3), (50, 0)): {'bw': 30.0}, ((2, 3), (0, np.int64(30))): {'bw': 30.0}, ((1, 5), (np.int64(11), 38)): {'bw': 22.0}, ((1, 5), (38, 8)): {'bw': 22.0}, ((1, 5), (8, np.int64(28))): {'bw': 22.0}, ((0, 3), (np.int64(79), 69)): {'bw': 12.0}, ((0, 3), (69, 91)): {'bw': 12.0}, ((0, 3), (91, np.int64(30))): {'bw': 12.0}, ((0, 4), (np.int64(79), 4)): {'bw': 16.0}, ((3, 4), (np.int64(30), 13)): {'bw': 4.0}, ((3, 4), (13, np.int64(4))): {'bw': 4.0}, ((0, 5), (np.int64(79), 4)): {'bw': 4.0}, ((0, 5), (4, np.int64(28))): {'bw': 4.0}}",609.0,286.0,286.0,72.0,214.0,72.0,214.0,72.0,537.0,323.0,0.4696223316912972,256718.78438304184,120560.87411091948,197.96531052696136,Success,0.0,"{'node_level': {}, 'link_level': {}, 'path_level': {}}","{'node_level': {1: {'cpu': -55}, 3: {'cpu': -22}, 0: {'cpu': -58}, 4: {'cpu': -31}, 2: {'cpu': -84}, 5: {'cpu': -46}}, 'link_level': {}, 'path_level': {}}","{'node_level': {1: {'cpu': 0}, 3: {'cpu': 0}, 0: {'cpu': 0}, 4: {'cpu': 0}, 2: {'cpu': 0}, 5: {'cpu': 0}}, 'link_level': {}, 'path_level': {}}",[],0.0,0.0,True,True,False,0,[],0,0.0,"OrderedDict([((0, 1), 0), ((1, 4), 0), ((1, 3), 0), ((2, 3), 0), ((1, 5), 0), ((0, 3), 0), ((0, 4), 0), ((3, 4), 0), ((0, 5), 0)])",1.0,0.0,6.0,9.0
22,16,13,4758.0,8356.0,1987660.3243564824,3376034.1496648053,0.5694112015318334,0.5887559889030833,42,25,0,303.6702058616888,40742.0,6423,34319.0,0.11443540603888047,0.1332710374785332,10,162.6702058616888,141.0,8,14,False,{},{},{},{},0.0,0.0,0.0,0.0,0.0,0.0,0.0,0.0,0.0,0.0,0.0,0.0,0.0,0.0,Leave Event,0.0,"{'node_level': {}, 'link_level': {}, 'path_level': {}}","{'node_level': {}, 'link_level': {}, 'path_level': {}}","{'node_level': {}, 'link_level': {}, 'path_level': {}}",[],0.0,0.0,True,True,False,0,[],0,0.0,,,,,
23,17,14,5017.0,8749.0,2145198.194317663,3615078.099065361,0.5734369642244828,0.5934030014101993,43,26,1,311.0,40349.0,6348,34001.0,0.1247759547773335,0.14130215173249827,22,608.2543241744426,311.0,5,7,True,"{1: np.int64(64), 2: np.int64(80), 4: np.int64(18), 3: np.int64(91), 0: np.int64(34)}","{(1, 3): [(np.int64(64), 69), (69, np.int64(91))], (1, 4): [(np.int64(64), 29), (29, np.int64(18))], (0, 2): [(np.int64(34), 80)], (1, 2): [(np.int64(64), 34), (34, np.int64(80))], (0, 3): [(np.int64(34), 91)], (2, 4): [(np.int64(80), 56), (56, np.int64(18))], (3, 4): [(np.int64(91), 18)]}","{(1, np.int64(64)): {'cpu': 19}, (2, np.int64(80)): {'cpu': 18}, (4, np.int64(18)): {'cpu': 20}, (3, np.int64(91)): {'cpu': 8}, (0, np.int64(34)): {'cpu': 10}}","{((1, 3), (np.int64(64), 69)): {'bw': 48.0}, ((1, 3), (69, np.int64(91))): {'bw': 48.0}, ((1, 4), (np.int64(64), 29)): {'bw': 49.0}, ((1, 4), (29, np.int64(18))): {'bw': 49.0}, ((0, 2), (np.int64(34), 80)): {'bw': 36.0}, ((1, 2), (np.int64(64), 34)): {'bw': 29.0}, ((1, 2), (34, np.int64(80))): {'bw': 29.0}, ((0, 3), (np.int64(34), 91)): {'bw': 10.0}, ((2, 4), (np.int64(80), 56)): {'bw': 8.0}, ((2, 4), (56, np.int64(18))): {'bw': 8.0}, ((3, 4), (np.int64(91), 18)): {'bw': 4.0}}",393.0,259.0,259.0,75.0,184.0,75.0,184.0,75.0,318.0,134.0,0.6590330788804071,239043.94940055592,157537.86996118064,400.8597200030041,Success,0.0,"{'node_level': {}, 'link_level': {}, 'path_level': {}}","{'node_level': {1: {'cpu': -72}, 2: {'cpu': -44}, 4: {'cpu': -4}, 3: {'cpu': -55}, 0: {'cpu': -58}}, 'link_level': {}, 'path_level': {}}","{'node_level': {1: {'cpu': 0}, 2: {'cpu': 0}, 4: {'cpu': 0}, 3: {'cpu': 0}, 0: {'cpu': 0}}, 'link_level': {}, 'path_level': {}}",[],0.0,0.0,True,True,False,0,[],0,0.0,"OrderedDict([((1, 3), 0), ((1, 4), 0), ((0, 2), 0), ((1, 2), 0), ((0, 3), 0), ((2, 4), 0), ((3, 4), 0)])",1.0,0.0,5.0,7.0
24,18,15,5041.0,8773.0,2149282.3552541966,3619162.2600018946,0.5746038983244044,0.5938618389696271,43,27,1,320.0,40325.0,6336,33989.0,0.12643044257548597,0.14160521264774217,23,170.17337235555323,320.0,2,1,True,"{0: np.int64(52), 1: np.int64(72)}","{(0, 1): [(np.int64(52), 72)]}","{(0, np.int64(52)): {'cpu': 10}, (1, np.int64(72)): {'cpu': 2}}","{((0, 1), (np.int64(52), 72)): {'bw': 12.0}}",24.0,24.0,24.0,12.0,12.0,12.0,12.0,12.0,12.0,0.0,1.0,4084.1609365332774,4084.1609365332774,170.17337235555323,Success,0.0,"{'node_level': {}, 'link_level': {}, 'path_level': {}}","{'node_level': {0: {'cpu': -75}, 1: {'cpu': -51}}, 'link_level': {}, 'path_level': {}}","{'node_level': {0: {'cpu': 0}, 1: {'cpu': 0}}, 'link_level': {}, 'path_level': {}}",[],0.0,0.0,True,True,False,0,[],0,0.0,"OrderedDict([((0, 1), 0)])",0.0,0.0,2.0,1.0
24,18,14,5041.0,8773.0,2149282.3552541966,3619162.2600018946,0.5746038983244044,0.5938618389696271,43,28,0,333.1261257869147,40438.0,6355,34083.0,0.12381083689507788,0.13923123547833116,18,90.12612578691468,243.0,3,2,False,{},{},{},{},0.0,0.0,0.0,0.0,0.0,0.0,0.0,0.0,0.0,0.0,0.0,0.0,0.0,0.0,Leave Event,0.0,"{'node_level': {}, 'link_level': {}, 'path_level': {}}","{'node_level': {}, 'link_level': {}, 'path_level': {}}","{'node_level': {}, 'link_level': {}, 'path_level': {}}",[],0.0,0.0,True,True,False,0,[],0,0.0,,,,,
25,19,15,5139.0,8895.0,2177109.658612875,3653804.413162698,0.5777403035413153,0.5958473449673212,44,29,1,334.0,40316.0,6314,34002.0,0.12946367020543226,0.1412768966562279,24,283.95207508855134,334.0,5,5,True,"{1: np.int64(9), 3: np.int64(68), 4: np.int64(78), 0: np.int64(46), 2: np.int64(10)}","{(1, 3): [(np.int64(9), 29), (29, np.int64(68))], (0, 1): [(np.int64(46), 9)], (3, 4): [(np.int64(68), 78)], (1, 2): [(np.int64(9), 49), (49, np.int64(10))], (0, 2): [(np.int64(46), 41), (41, 10)]}","{(1, np.int64(9)): {'cpu': 13}, (3, np.int64(68)): {'cpu': 6}, (4, np.int64(78)): {'cpu': 13}, (0, np.int64(46)): {'cpu': 5}, (2, np.int64(10)): {'cpu': 4}}","{((1, 3), (np.int64(9), 29)): {'bw': 21.0}, ((1, 3), (29, np.int64(68))): {'bw': 21.0}, ((0, 1), (np.int64(46), 9)): {'bw': 19.0}, ((3, 4), (np.int64(68), 78)): {'bw': 14.0}, ((1, 2), (np.int64(9), 49)): {'bw': 2.0}, ((1, 2), (49, np.int64(10))): {'bw': 2.0}, ((0, 2), (np.int64(46), 41)): {'bw': 1.0}, ((0, 2), (41, 10)): {'bw': 1.0}}",122.0,98.0,98.0,41.0,57.0,41.0,57.0,41.0,81.0,24.0,0.8032786885245902,34642.15316080326,27827.303358678033,228.09265048096748,Success,0.0,"{'node_level': {}, 'link_level': {}, 'path_level': {}}","{'node_level': {1: {'cpu': -87}, 3: {'cpu': -45}, 4: {'cpu': -44}, 0: {'cpu': -77}, 2: {'cpu': -68}}, 'link_level': {}, 'path_level': {}}","{'node_level': {1: {'cpu': 0}, 3: {'cpu': 0}, 4: {'cpu': 0}, 0: {'cpu': 0}, 2: {'cpu': 0}}, 'link_level': {}, 'path_level': {}}",[],0.0,0.0,True,True,False,0,[],0,0.0,"OrderedDict([((1, 3), 0), ((0, 1), 0), ((3, 4), 0), ((1, 2), 0), ((0, 2), 0)])",0.0,0.0,5.0,5.0
26,20,16,5485.0,9502.0,2421216.88314451,4082050.324407503,0.5772468953904442,0.5931374409246025,45,30,1,343.0,39709.0,6239,33470.0,0.13980421894388528,0.15471259723204367,25,705.5122096290029,343.0,7,10,True,"{2: np.int64(33), 3: np.int64(7), 6: np.int64(52), 0: np.int64(72), 1: np.int64(3), 4: np.int64(41), 5: np.int64(80)}","{(1, 6): [(np.int64(3), 93), (93, np.int64(52))], (1, 2): [(np.int64(3), 31), (31, np.int64(33))], (1, 4): [(np.int64(3), 41)], (3, 4): [(np.int64(7), 68), (68, np.int64(41))], (2, 6): [(np.int64(33), 79), (79, np.int64(52))], (3, 5): [(np.int64(7), 15), (15, 56), (56, np.int64(80))], (0, 2): [(np.int64(72), 26), (26, 95), (95, np.int64(33))], (2, 3): [(np.int64(33), 7)], (0, 5): [(np.int64(72), 56), (56, np.int64(80))], (3, 6): [(np.int64(7), 52)]}","{(2, np.int64(33)): {'cpu': 12}, (3, np.int64(7)): {'cpu': 16}, (6, np.int64(52)): {'cpu': 8}, (0, np.int64(72)): {'cpu': 18}, (1, np.int64(3)): {'cpu': 5}, (4, np.int64(41)): {'cpu': 9}, (5, np.int64(80)): {'cpu': 7}}","{((1, 6), (np.int64(3), 93)): {'bw': 50.0}, ((1, 6), (93, np.int64(52))): {'bw': 50.0}, ((1, 2), (np.int64(3), 31)): {'bw': 38.0}, ((1, 2), (31, np.int64(33))): {'bw': 38.0}, ((1, 4), (np.int64(3), 41)): {'bw': 30.0}, ((3, 4), (np.int64(7), 68)): {'bw': 29.0}, ((3, 4), (68, np.int64(41))): {'bw': 29.0}, ((2, 6), (np.int64(33), 79)): {'bw': 30.0}, ((2, 6), (79, np.int64(52))): {'bw': 30.0}, ((3, 5), (np.int64(7), 15)): {'bw': 24.0}, ((3, 5), (15, 56)): {'bw': 24.0}, ((3, 5), (56, np.int64(80))): {'bw': 24.0}, ((0, 2), (np.int64(72), 26)): {'bw': 27.0}, ((0, 2), (26, 95)): {'bw': 27.0}, ((0, 2), (95, np.int64(33))): {'bw': 27.0}, ((2, 3), (np.int64(33), 7)): {'bw': 21.0}, ((0, 5), (np.int64(72), 56)): {'bw': 12.0}, ((0, 5), (56, np.int64(80))): {'bw': 12.0}, ((3, 6), (np.int64(7), 52)): {'bw': 10.0}}",607.0,346.0,346.0,75.0,271.0,75.0,271.0,75.0,532.0,261.0,0.5700164744645799,428245.91124480474,244107.224531635,402.1535824244399,Success,0.0,"{'node_level': {}, 'link_level': {}, 'path_level': {}}","{'node_level': {2: {'cpu': -38}, 3: {'cpu': -25}, 6: {'cpu': -67}, 0: {'cpu': -33}, 1: {'cpu': -48}, 4: {'cpu': -33}, 5: {'cpu': -37}}, 'link_level': {}, 'path_level': {}}","{'node_level': {2: {'cpu': 0}, 3: {'cpu': 0}, 6: {'cpu': 0}, 0: {'cpu': 0}, 1: {'cpu': 0}, 4: {'cpu': 0}, 5: {'cpu': 0}}, 'link_level': {}, 'path_level': {}}",[],0.0,0.0,True,True,False,0,[],0,0.0,"OrderedDict([((1, 6), 0), ((1, 2), 0), ((1, 4), 0), ((3, 4), 0), ((2, 6), 0), ((3, 5), 0), ((0, 2), 0), ((2, 3), 0), ((0, 5), 0), ((3, 6), 0)])",2.0,0.0,7.0,10.0
26,20,16,5485.0,9502.0,2421216.88314451,4082050.324407503,0.5772468953904442,0.5931374409246025,45,31,0,351.7588618593687,39709.0,6239,33470.0,0.13980421894388528,0.15471259723204367,15,153.75886185936875,198.0,9,12,False,{},{},{},{},0.0,0.0,0.0,0.0,0.0,0.0,0.0,0.0,0.0,0.0,0.0,0.0,0.0,0.0,Leave Event,0.0,"{'node_level': {}, 'link_level': {}, 'path_level': {}}","{'node_level': {}, 'link_level': {}, 'path_level': {}}","{'node_level': {}, 'link_level': {}, 'path_level': {}}",[],0.0,0.0,True,True,False,0,[],0,0.0,,,,,
27,21,17,5519.0,9536.0,2429790.7277774937,4090624.1690404867,0.5787541946308725,0.5939902145416197,46,32,1,355.0,39675.0,6207,33468.0,0.14421618640562528,0.15476310738458432,26,252.17190097011095,355.0,2,1,True,"{0: np.int64(97), 1: np.int64(9)}","{(0, 1): [(np.int64(97), 9)]}","{(0, np.int64(97)): {'cpu': 19}, (1, np.int64(9)): {'cpu': 13}}","{((0, 1), (np.int64(97), 9)): {'bw': 2.0}}",34.0,34.0,34.0,32.0,2.0,32.0,2.0,32.0,2.0,0.0,1.0,8573.844632983772,8573.844632983772,252.17190097011095,Success,0.0,"{'node_level': {}, 'link_level': {}, 'path_level': {}}","{'node_level': {0: {'cpu': -46}, 1: {'cpu': -74}}, 'link_level': {}, 'path_level': {}}","{'node_level': {0: {'cpu': 0}, 1: {'cpu': 0}}, 'link_level': {}, 'path_level': {}}",[],0.0,0.0,True,True,False,0,[],0,0.0,"OrderedDict([((0, 1), 0)])",0.0,0.0,2.0,1.0
27,21,17,5519.0,9536.0,2429790.7277774937,4090624.1690404867,0.5787541946308725,0.5939902145416197,46,33,0,360.1707528002342,39675.0,6207,33468.0,0.14421618640562528,0.15476310738458432,20,79.17075280023421,281.0,10,28,False,{},{},{},{},0.0,0.0,0.0,0.0,0.0,0.0,0.0,0.0,0.0,0.0,0.0,0.0,0.0,0.0,Leave Event,0.0,"{'node_level': {}, 'link_level': {}, 'path_level': {}}","{'node_level': {}, 'link_level': {}, 'path_level': {}}","{'node_level': {}, 'link_level': {}, 'path_level': {}}",[],0.0,0.0,True,True,False,0,[],0,0.0,,,,,
28,22,18,5643.0,9727.0,2570142.2084133644,4306810.723890901,0.5801377608718001,0.5967622849446752,48,34,1,364.0,39484.0,6187,33297.0,0.1469736660692127,0.15908172542681076,27,1131.8667793215377,364.0,4,3,True,"{0: np.int64(42), 2: np.int64(28), 3: np.int64(59), 1: np.int64(10)}","{(0, 3): [(np.int64(42), 77), (77, np.int64(59))], (0, 2): [(np.int64(42), 28)], (1, 3): [(np.int64(10), 68), (68, np.int64(59))]}","{(0, np.int64(42)): {'cpu': 7}, (2, np.int64(28)): {'cpu': 8}, (3, np.int64(59)): {'cpu': 4}, (1, np.int64(10)): {'cpu': 1}}","{((0, 3), (np.int64(42), 77)): {'bw': 45.0}, ((0, 3), (77, np.int64(59))): {'bw': 45.0}, ((0, 2), (np.int64(42), 28)): {'bw': 37.0}, ((1, 3), (np.int64(10), 68)): {'bw': 22.0}, ((1, 3), (68, np.int64(59))): {'bw': 22.0}}",191.0,124.0,124.0,20.0,104.0,20.0,104.0,20.0,171.0,67.0,0.6492146596858639,216186.5548504137,140351.48063587068,734.824505946967,Success,0.0,"{'node_level': {}, 'link_level': {}, 'path_level': {}}","{'node_level': {0: {'cpu': -82}, 2: {'cpu': -38}, 3: {'cpu': -84}, 1: {'cpu': -67}}, 'link_level': {}, 'path_level': {}}","{'node_level': {0: {'cpu': 0}, 2: {'cpu': 0}, 3: {'cpu': 0}, 1: {'cpu': 0}}, 'link_level': {}, 'path_level': {}}",[],0.0,0.0,True,True,False,0,[],0,0.0,"OrderedDict([((0, 3), 0), ((0, 2), 0), ((1, 3), 0)])",1.0,0.0,4.0,3.0
29,22,18,5643.0,9727.0,2570142.2084133644,4306810.723890901,0.5801377608718001,0.5967622849446752,48,35,1,372.0,39484.0,6187,33297.0,0.1469736660692127,0.15908172542681076,28,509.3293595731403,372.0,5,5,False,"{0: np.int64(64), 3: np.int64(69), 4: np.int64(50), 2: np.int64(45), 1: np.int64(91)}","{(0, 2): [(np.int64(64), 25), (25, np.int64(45))], (3, 4): [(np.int64(69), 64), (64, 93), (93, np.int64(50))]}","{(0, np.int64(64)): {'cpu': 13}, (3, np.int64(69)): {'cpu': 9}, (4, np.int64(50)): {'cpu': 17}, (2, np.int64(45)): {'cpu': 4}, (1, np.int64(91)): {'cpu': 3}}","{((0, 2), (np.int64(64), 25)): {'bw': 41.0}, ((0, 2), (25, np.int64(45))): {'bw': 41.0}, ((3, 4), (np.int64(69), 64)): {'bw': 38.0}, ((3, 4), (64, 93)): {'bw': 38.0}, ((3, 4), (93, np.int64(50))): {'bw': 38.0}}",0.0,0.0,184.0,46.0,138.0,0.0,0.0,0.0,0.0,0.0,0.0,0.0,0.0,0.0,Route Failure,0.0,"{'node_level': {}, 'link_level': {}, 'path_level': {}}","{'node_level': {0: {'cpu': -59}, 3: {'cpu': -80}, 4: {'cpu': -68}, 2: {'cpu': -55}, 1: {'cpu': -52}}, 'link_level': {}, 'path_level': {}}","{'node_level': {0: {'cpu': 0}, 3: {'cpu': 0}, 4: {'cpu': 0}, 2: {'cpu': 0}, 1: {'cpu': 0}}, 'link_level': {}, 'path_level': {}}",[],0.0,0.0,True,False,False,0,[],0,0.0,"OrderedDict([((0, 2), 0), ((3, 4), 0)])",0.0,0.0,5.0,2.0
30,22,18,5643.0,9727.0,2570142.2084133644,4306810.723890901,0.5801377608718001,0.5967622849446752,48,36,1,379.0,39484.0,6187,33297.0,0.1469736660692127,0.15908172542681076,29,1110.7534787451477,379.0,10,23,False,"{6: np.int64(64), 4: np.int64(69), 9: np.int64(45), 1: np.int64(50), 2: np.int64(91), 0: np.int64(1), 3: np.int64(46), 7: np.int64(10)}",{},"{(6, np.int64(64)): {'cpu': 17}, (4, np.int64(69)): {'cpu': 20}, (9, np.int64(45)): {'cpu': 15}, (1, np.int64(50)): {'cpu': 10}, (2, np.int64(91)): {'cpu': 13}, (0, np.int64(1)): {'cpu': 20}, (3, np.int64(46)): {'cpu': 13}, (7, np.int64(10)): {'cpu': 19}}",{},0.0,0.0,757.0,145.0,612.0,0.0,0.0,0.0,0.0,0.0,0.0,0.0,0.0,0.0,Place Failure,0.0,"{'node_level': {}, 'link_level': {}, 'path_level': {}}","{'node_level': {6: {'cpu': -55}, 4: {'cpu': -69}, 9: {'cpu': -44}, 1: {'cpu': -75}, 2: {'cpu': -42}, 0: {'cpu': -19}, 3: {'cpu': -64}, 7: {'cpu': -48}}, 'link_level': {}, 'path_level': {}}","{'node_level': {6: {'cpu': 0}, 4: {'cpu': 0}, 9: {'cpu': 0}, 1: {'cpu': 0}, 2: {'cpu': 0}, 0: {'cpu': 0}, 3: {'cpu': 0}, 7: {'cpu': 0}}, 'link_level': {}, 'path_level': {}}",[],0.0,0.0,False,True,False,0,[],0,0.0,,,,8.0,0.0
31,23,19,5722.0,9851.0,2615156.722550593,4377466.416967057,0.5808547355598417,0.5974133147919187,49,37,1,394.0,39360.0,6154,33206.0,0.15152350751413213,0.16137993736741085,30,569.8039764206146,394.0,3,3,True,"{1: np.int64(64), 0: np.int64(69), 2: np.int64(50)}","{(0, 1): [(np.int64(69), 64)], (0, 2): [(np.int64(69), 64), (64, 93), (93, np.int64(50))], (1, 2): [(np.int64(64), 93), (93, np.int64(50))]}","{(1, np.int64(64)): {'cpu': 17}, (0, np.int64(69)): {'cpu': 12}, (2, np.int64(50)): {'cpu': 4}}","{((0, 1), (np.int64(69), 64)): {'bw': 18.0}, ((0, 2), (np.int64(69), 64)): {'bw': 17.0}, ((0, 2), (64, 93)): {'bw': 17.0}, ((0, 2), (93, np.int64(50))): {'bw': 17.0}, ((1, 2), (np.int64(64), 93)): {'bw': 11.0}, ((1, 2), (93, np.int64(50))): {'bw': 11.0}}",124.0,79.0,79.0,33.0,46.0,33.0,46.0,33.0,91.0,45.0,0.6370967741935484,70655.69307615621,45014.51413722856,363.02027530023025,Success,0.0,"{'node_level': {}, 'link_level': {}, 'path_level': {}}","{'node_level': {1: {'cpu': -55}, 0: {'cpu': -77}, 2: {'cpu': -81}}, 'link_level': {}, 'path_level': {}}","{'node_level': {1: {'cpu': 0}, 0: {'cpu': 0}, 2: {'cpu': 0}}, 'link_level': {}, 'path_level': {}}",[],0.0,0.0,True,True,False,0,[],0,0.0,"OrderedDict([((0, 1), 0), ((0, 2), 0), ((1, 2), 0)])",0.0,0.0,3.0,3.0
32,24,20,5898.0,10131.0,2667638.1102591204,4460959.533776077,0.582173526798934,0.5979964826089869,49,38,1,398.0,39080.0,6096,32984.0,0.15952019853853583,0.16698656429942416,31,298.1897028893596,398.0,5,5,True,"{3: np.int64(91), 2: np.int64(46), 0: np.int64(38), 4: np.int64(81), 1: np.int64(10)}","{(2, 3): [(np.int64(46), 39), (39, np.int64(91))], (3, 4): [(np.int64(91), 80), (80, np.int64(81))], (1, 3): [(np.int64(10), 6), (6, np.int64(91))], (0, 2): [(np.int64(38), 41), (41, np.int64(46))], (0, 3): [(np.int64(38), 91)]}","{(3, np.int64(91)): {'cpu': 12}, (2, np.int64(46)): {'cpu': 15}, (0, np.int64(38)): {'cpu': 12}, (4, np.int64(81)): {'cpu': 7}, (1, np.int64(10)): {'cpu': 12}}","{((2, 3), (np.int64(46), 39)): {'bw': 41.0}, ((2, 3), (39, np.int64(91))): {'bw': 41.0}, ((3, 4), (np.int64(91), 80)): {'bw': 31.0}, ((3, 4), (80, np.int64(81))): {'bw': 31.0}, ((1, 3), (np.int64(10), 6)): {'bw': 18.0}, ((1, 3), (6, np.int64(91))): {'bw': 18.0}, ((0, 2), (np.int64(38), 41)): {'bw': 14.0}, ((0, 2), (41, np.int64(46))): {'bw': 14.0}, ((0, 3), (np.int64(38), 91)): {'bw': 14.0}}",280.0,176.0,176.0,58.0,118.0,58.0,118.0,58.0,222.0,104.0,0.6285714285714286,83493.11680902068,52481.38770852728,187.4335275304546,Success,0.0,"{'node_level': {}, 'link_level': {}, 'path_level': {}}","{'node_level': {3: {'cpu': -43}, 2: {'cpu': -62}, 0: {'cpu': -47}, 4: {'cpu': -82}, 1: {'cpu': -55}}, 'link_level': {}, 'path_level': {}}","{'node_level': {3: {'cpu': 0}, 2: {'cpu': 0}, 0: {'cpu': 0}, 4: {'cpu': 0}, 1: {'cpu': 0}}, 'link_level': {}, 'path_level': {}}",[],0.0,0.0,True,True,False,0,[],0,0.0,"OrderedDict([((2, 3), 0), ((3, 4), 0), ((1, 3), 0), ((0, 2), 0), ((0, 3), 0)])",0.0,0.0,5.0,5.0
33,25,21,6121.0,10477.0,3096133.367773065,5125799.709111615,0.5842321275174192,0.6040293307343598,51,39,1,408.0,38734.0,6043,32691.0,0.16682751964704257,0.17438630164663094,32,1921.503396923519,408.0,5,7,True,"{4: np.int64(45), 3: np.int64(1), 2: np.int64(54), 1: np.int64(75), 0: np.int64(13)}","{(3, 4): [(np.int64(1), 36), (36, np.int64(45))], (1, 4): [(np.int64(75), 45)], (0, 3): [(np.int64(13), 1)], (2, 3): [(np.int64(54), 7), (7, 12), (12, np.int64(1))], (0, 2): [(np.int64(13), 73), (73, np.int64(54))], (0, 4): [(np.int64(13), 72), (72, np.int64(45))], (2, 4): [(np.int64(54), 91), (91, 30), (30, np.int64(45))]}","{(4, np.int64(45)): {'cpu': 14}, (3, np.int64(1)): {'cpu': 15}, (2, np.int64(54)): {'cpu': 10}, (1, np.int64(75)): {'cpu': 9}, (0, np.int64(13)): {'cpu': 5}}","{((3, 4), (np.int64(1), 36)): {'bw': 47.0}, ((3, 4), (36, np.int64(45))): {'bw': 47.0}, ((1, 4), (np.int64(75), 45)): {'bw': 41.0}, ((0, 3), (np.int64(13), 1)): {'bw': 30.0}, ((2, 3), (np.int64(54), 7)): {'bw': 14.0}, ((2, 3), (7, 12)): {'bw': 14.0}, ((2, 3), (12, np.int64(1))): {'bw': 14.0}, ((0, 2), (np.int64(13), 73)): {'bw': 13.0}, ((0, 2), (73, np.int64(54))): {'bw': 13.0}, ((0, 4), (np.int64(13), 72)): {'bw': 15.0}, ((0, 4), (72, np.int64(45))): {'bw': 15.0}, ((2, 4), (np.int64(54), 91)): {'bw': 10.0}, ((2, 4), (91, 30)): {'bw': 10.0}, ((2, 4), (30, np.int64(45))): {'bw': 10.0}}",346.0,223.0,223.0,53.0,170.0,53.0,170.0,53.0,293.0,123.0,0.6445086705202312,664840.1753355375,428495.2575139447,1238.4255997512853,Success,0.0,"{'node_level': {}, 'link_level': {}, 'path_level': {}}","{'node_level': {4: {'cpu': -45}, 3: {'cpu': -24}, 2: {'cpu': -74}, 1: {'cpu': -49}, 0: {'cpu': -48}}, 'link_level': {}, 'path_level': {}}","{'node_level': {4: {'cpu': 0}, 3: {'cpu': 0}, 2: {'cpu': 0}, 1: {'cpu': 0}, 0: {'cpu': 0}}, 'link_level': {}, 'path_level': {}}",[],0.0,0.0,True,True,False,0,[],0,0.0,"OrderedDict([((3, 4), 0), ((1, 4), 0), ((0, 3), 0), ((2, 3), 0), ((0, 2), 0), ((0, 4), 0), ((2, 4), 0)])",2.0,0.0,5.0,7.0
34,26,22,6281.0,10705.0,3106015.4995308,5139881.746866388,0.5867351704810836,0.6042970738430767,54,40,1,414.0,38506.0,5976,32530.0,0.17606507652006065,0.17845236892615413,33,61.76332348584527,414.0,5,6,True,"{2: np.int64(32), 0: np.int64(31), 3: np.int64(90), 1: np.int64(2), 4: np.int64(19)}","{(0, 2): [(np.int64(31), 32)], (0, 4): [(np.int64(31), 19)], (2, 3): [(np.int64(32), 44), (44, np.int64(90))], (1, 3): [(np.int64(2), 38), (38, 0), (0, np.int64(90))], (1, 2): [(np.int64(2), 18), (18, np.int64(32))], (0, 3): [(np.int64(31), 96), (96, 30), (30, np.int64(90))]}","{(2, np.int64(32)): {'cpu': 19}, (0, np.int64(31)): {'cpu': 12}, (3, np.int64(90)): {'cpu': 17}, (1, np.int64(2)): {'cpu': 18}, (4, np.int64(19)): {'cpu': 1}}","{((0, 2), (np.int64(31), 32)): {'bw': 27.0}, ((0, 4), (np.int64(31), 19)): {'bw': 19.0}, ((2, 3), (np.int64(32), 44)): {'bw': 14.0}, ((2, 3), (44, np.int64(90))): {'bw': 14.0}, ((1, 3), (np.int64(2), 38)): {'bw': 13.0}, ((1, 3), (38, 0)): {'bw': 13.0}, ((1, 3), (0, np.int64(90))): {'bw': 13.0}, ((1, 2), (np.int64(2), 18)): {'bw': 12.0}, ((1, 2), (18, np.int64(32))): {'bw': 12.0}, ((0, 3), (np.int64(31), 96)): {'bw': 8.0}, ((0, 3), (96, 30)): {'bw': 8.0}, ((0, 3), (30, np.int64(90))): {'bw': 8.0}}",228.0,160.0,160.0,67.0,93.0,67.0,93.0,67.0,161.0,68.0,0.7017543859649122,14082.037754772722,9882.131757735244,43.34268314796159,Success,0.0,"{'node_level': {}, 'link_level': {}, 'path_level': {}}","{'node_level': {2: {'cpu': -42}, 0: {'cpu': -53}, 3: {'cpu': -68}, 1: {'cpu': -32}, 4: {'cpu': -72}}, 'link_level': {}, 'path_level': {}}","{'node_level': {2: {'cpu': 0}, 0: {'cpu': 0}, 3: {'cpu': 0}, 1: {'cpu': 0}, 4: {'cpu': 0}}, 'link_level': {}, 'path_level': {}}",[],0.0,0.0,True,True,False,0,[],0,0.0,"OrderedDict([((0, 2), 0), ((0, 4), 0), ((2, 3), 0), ((1, 3), 0), ((1, 2), 0), ((0, 3), 0)])",3.0,0.0,5.0,6.0
35,26,22,6281.0,10705.0,3106015.4995308,5139881.746866388,0.5867351704810836,0.6042970738430767,54,41,1,423.0,38506.0,5976,32530.0,0.17606507652006065,0.17845236892615413,34,728.4092813015957,423.0,9,23,False,"{1: np.int64(20), 2: np.int64(83), 6: np.int64(98), 7: np.int64(78), 0: np.int64(63), 5: np.int64(56)}",{},"{(1, np.int64(20)): {'cpu': 14}, (2, np.int64(83)): {'cpu': 15}, (6, np.int64(98)): {'cpu': 11}, (7, np.int64(78)): {'cpu': 19}, (0, np.int64(63)): {'cpu': 19}, (5, np.int64(56)): {'cpu': 14}}",{},0.0,0.0,626.0,109.0,517.0,0.0,0.0,0.0,0.0,0.0,0.0,0.0,0.0,0.0,Place Failure,0.0,"{'node_level': {}, 'link_level': {}, 'path_level': {}}","{'node_level': {1: {'cpu': -70}, 2: {'cpu': -44}, 6: {'cpu': -23}, 7: {'cpu': -25}, 0: {'cpu': -35}, 5: {'cpu': -36}}, 'link_level': {}, 'path_level': {}}","{'node_level': {1: {'cpu': 0}, 2: {'cpu': 0}, 6: {'cpu': 0}, 7: {'cpu': 0}, 0: {'cpu': 0}, 5: {'cpu': 0}}, 'link_level': {}, 'path_level': {}}",[],0.0,0.0,False,True,False,0,[],0,0.0,,,,6.0,0.0
36,27,23,6341.0,10847.0,3121937.1742830877,5177563.043780136,0.5845855997049876,0.6029742463558229,54,42,1,436.0,38364.0,5957,32407.0,0.17868468220046874,0.18155874330740474,35,265.3612458714599,436.0,2,1,True,"{0: np.int64(20), 1: np.int64(50)}","{(0, 1): [(np.int64(20), 56), (56, 80), (80, np.int64(50))]}","{(0, np.int64(20)): {'cpu': 11}, (1, np.int64(50)): {'cpu': 8}}","{((0, 1), (np.int64(20), 56)): {'bw': 41.0}, ((0, 1), (56, 80)): {'bw': 41.0}, ((0, 1), (80, np.int64(50))): {'bw': 41.0}}",142.0,60.0,60.0,19.0,41.0,19.0,41.0,19.0,123.0,82.0,0.4225352112676056,37681.296913747305,15921.674752287596,112.12447008653236,Success,0.0,"{'node_level': {}, 'link_level': {}, 'path_level': {}}","{'node_level': {0: {'cpu': -73}, 1: {'cpu': -73}}, 'link_level': {}, 'path_level': {}}","{'node_level': {0: {'cpu': 0}, 1: {'cpu': 0}}, 'link_level': {}, 'path_level': {}}",[],0.0,0.0,True,True,False,0,[],0,0.0,"OrderedDict([((0, 1), 0)])",0.0,0.0,2.0,1.0
36,27,22,6341.0,10847.0,3121937.1742830877,5177563.043780136,0.5845855997049876,0.6029742463558229,54,43,0,439.62396831078695,38842.0,6024,32818.0,0.16944712532745076,0.17117890696029903,6,355.62396831078695,84.0,7,9,False,{},{},{},{},0.0,0.0,0.0,0.0,0.0,0.0,0.0,0.0,0.0,0.0,0.0,0.0,0.0,0.0,Leave Event,0.0,"{'node_level': {}, 'link_level': {}, 'path_level': {}}","{'node_level': {}, 'link_level': {}, 'path_level': {}}","{'node_level': {}, 'link_level': {}, 'path_level': {}}",[],0.0,0.0,True,True,False,0,[],0,0.0,,,,,
37,28,23,6416.0,10964.0,3164135.2503773053,5243392.042487116,0.585187887632251,0.6034519686375484,54,44,1,450.0,38725.0,5992,32733.0,0.17385909278919065,0.17332558844327706,36,562.6410145895702,450.0,3,3,True,"{1: np.int64(49), 2: np.int64(98), 0: np.int64(4)}","{(1, 2): [(np.int64(49), 55), (55, np.int64(98))], (0, 1): [(np.int64(4), 22), (22, np.int64(49))], (0, 2): [(np.int64(4), 98)]}","{(1, np.int64(49)): {'cpu': 17}, (2, np.int64(98)): {'cpu': 12}, (0, np.int64(4)): {'cpu': 3}}","{((1, 2), (np.int64(49), 55)): {'bw': 38.0}, ((1, 2), (55, np.int64(98))): {'bw': 38.0}, ((0, 1), (np.int64(4), 22)): {'bw': 4.0}, ((0, 1), (22, np.int64(49))): {'bw': 4.0}, ((0, 2), (np.int64(4), 98)): {'bw': 1.0}}",117.0,75.0,75.0,32.0,43.0,32.0,43.0,32.0,85.0,42.0,0.6410256410256411,65828.99870697972,42198.076094217766,360.6673170445963,Success,0.0,"{'node_level': {}, 'link_level': {}, 'path_level': {}}","{'node_level': {1: {'cpu': -44}, 2: {'cpu': -27}, 0: {'cpu': -28}}, 'link_level': {}, 'path_level': {}}","{'node_level': {1: {'cpu': 0}, 2: {'cpu': 0}, 0: {'cpu': 0}}, 'link_level': {}, 'path_level': {}}",[],0.0,0.0,True,True,False,0,[],0,0.0,"OrderedDict([((1, 2), 0), ((0, 1), 0), ((0, 2), 0)])",3.0,0.0,3.0,3.0
38,29,24,6472.0,11020.0,3172182.743729866,5251439.535839676,0.5872958257713249,0.6040596529923965,54,45,1,462.0,38669.0,5974,32695.0,0.1763408244864194,0.17428528134154964,37,143.7052384385845,462.0,2,1,True,"{0: np.int64(25), 1: np.int64(95)}","{(0, 1): [(np.int64(25), 95)]}","{(0, np.int64(25)): {'cpu': 16}, (1, np.int64(95)): {'cpu': 2}}","{((0, 1), (np.int64(25), 95)): {'bw': 38.0}}",56.0,56.0,56.0,18.0,38.0,18.0,38.0,18.0,38.0,0.0,1.0,8047.493352560732,8047.493352560732,143.7052384385845,Success,0.0,"{'node_level': {}, 'link_level': {}, 'path_level': {}}","{'node_level': {0: {'cpu': -42}, 1: {'cpu': -71}}, 'link_level': {}, 'path_level': {}}","{'node_level': {0: {'cpu': 0}, 1: {'cpu': 0}}, 'link_level': {}, 'path_level': {}}",[],0.0,0.0,True,True,False,0,[],0,0.0,"OrderedDict([((0, 1), 0)])",0.0,0.0,2.0,1.0
38,29,23,6472.0,11020.0,3172182.743729866,5251439.535839676,0.5872958257713249,0.6040596529923965,54,46,0,468.6000625501342,39780.0,6074,33706.0,0.162553426168482,0.1487523992322457,16,253.60006255013423,215.0,9,22,False,{},{},{},{},0.0,0.0,0.0,0.0,0.0,0.0,0.0,0.0,0.0,0.0,0.0,0.0,0.0,0.0,Leave Event,0.0,"{'node_level': {}, 'link_level': {}, 'path_level': {}}","{'node_level': {}, 'link_level': {}, 'path_level': {}}","{'node_level': {}, 'link_level': {}, 'path_level': {}}",[],0.0,0.0,True,True,False,0,[],0,0.0,,,,,
39,29,23,6472.0,11020.0,3172182.743729866,5251439.535839676,0.5872958257713249,0.6040596529923965,54,47,1,474.0,39780.0,6074,33706.0,0.162553426168482,0.1487523992322457,38,187.86942107041867,474.0,6,9,False,"{1: np.int64(77), 0: np.int64(32), 2: np.int64(25), 3: np.int64(53), 5: np.int64(19), 4: np.int64(3)}","{(1, 5): [(np.int64(77), 21), (21, 31), (31, np.int64(19))], (3, 4): [(np.int64(53), 3)], (0, 2): [(np.int64(32), 25)], (0, 1): [(np.int64(32), 31), (31, 77)], (0, 3): [(np.int64(32), 99), (99, 84), (84, np.int64(53))], (1, 2): [(np.int64(77), 11), (11, np.int64(25))]}","{(1, np.int64(77)): {'cpu': 17}, (0, np.int64(32)): {'cpu': 19}, (2, np.int64(25)): {'cpu': 14}, (3, np.int64(53)): {'cpu': 9}, (5, np.int64(19)): {'cpu': 6}, (4, np.int64(3)): {'cpu': 7}}","{((1, 5), (np.int64(77), 21)): {'bw': 46.0}, ((1, 5), (21, 31)): {'bw': 46.0}, ((1, 5), (31, np.int64(19))): {'bw': 46.0}, ((3, 4), (np.int64(53), 3)): {'bw': 43.0}, ((0, 2), (np.int64(32), 25)): {'bw': 41.0}, ((0, 1), (np.int64(32), 31)): {'bw': 36.0}, ((0, 1), (31, 77)): {'bw': 36.0}, ((0, 3), (np.int64(32), 99)): {'bw': 27.0}, ((0, 3), (99, 84)): {'bw': 27.0}, ((0, 3), (84, np.int64(53))): {'bw': 27.0}, ((1, 2), (np.int64(77), 11)): {'bw': 31.0}, ((1, 2), (11, np.int64(25))): {'bw': 31.0}}",0.0,0.0,350.0,72.0,278.0,0.0,0.0,0.0,0.0,0.0,0.0,0.0,0.0,0.0,Route Failure,0.0,"{'node_level': {}, 'link_level': {}, 'path_level': {}}","{'node_level': {1: {'cpu': -26}, 0: {'cpu': -49}, 2: {'cpu': -28}, 3: {'cpu': -69}, 5: {'cpu': -66}, 4: {'cpu': -41}}, 'link_level': {}, 'path_level': {}}","{'node_level': {1: {'cpu': 0}, 0: {'cpu': 0}, 2: {'cpu': 0}, 3: {'cpu': 0}, 5: {'cpu': 0}, 4: {'cpu': 0}}, 'link_level': {}, 'path_level': {}}",[],0.0,0.0,True,False,False,0,[],0,0.0,"OrderedDict([((1, 5), 0), ((3, 4), 0), ((0, 2), 0), ((0, 1), 0), ((0, 3), 0), ((1, 2), 0)])",2.0,0.0,6.0,6.0
39,29,22,6472.0,11020.0,3172182.743729866,5251439.535839676,0.5872958257713249,0.6040596529923965,54,48,0,475.76332348584526,40008.0,6141,33867.0,0.15331586929546392,0.1446863319527225,33,61.76332348584527,414.0,5,6,False,{},{},{},{},0.0,0.0,0.0,0.0,0.0,0.0,0.0,0.0,0.0,0.0,0.0,0.0,0.0,0.0,Leave Event,0.0,"{'node_level': {}, 'link_level': {}, 'path_level': {}}","{'node_level': {}, 'link_level': {}, 'path_level': {}}","{'node_level': {}, 'link_level': {}, 'path_level': {}}",[],0.0,0.0,True,True,False,0,[],0,0.0,,,,,
39,29,21,6472.0,11020.0,3172182.743729866,5251439.535839676,0.5872958257713249,0.6040596529923965,54,49,0,481.4217591391749,40401.0,6231,34170.0,0.14090721080932023,0.13703404384281237,4,416.4217591391749,65.0,9,10,False,{},{},{},{},0.0,0.0,0.0,0.0,0.0,0.0,0.0,0.0,0.0,0.0,0.0,0.0,0.0,0.0,Leave Event,0.0,"{'node_level': {}, 'link_level': {}, 'path_level': {}}","{'node_level': {}, 'link_level': {}, 'path_level': {}}","{'node_level': {}, 'link_level': {}, 'path_level': {}}",[],0.0,0.0,True,True,False,0,[],0,0.0,,,,,
40,29,21,6472.0,11020.0,3172182.743729866,5251439.535839676,0.5872958257713249,0.6040596529923965,54,50,1,486.0,40401.0,6231,34170.0,0.14090721080932023,0.13703404384281237,39,1682.185253997018,486.0,9,17,False,"{0: np.int64(77), 7: np.int64(32), 5: np.int64(53), 2: np.int64(43), 8: np.int64(3), 3: np.int64(1), 6: np.int64(76), 4: np.int64(33), 1: np.int64(78)}","{(0, 2): [(np.int64(77), 11), (11, np.int64(43))], (4, 8): [(np.int64(33), 53), (53, np.int64(3))], (4, 7): [(np.int64(33), 49), (49, np.int64(32))], (3, 6): [(np.int64(1), 76)], (0, 5): [(np.int64(77), 97), (97, 84), (84, np.int64(53))], (3, 4): [(np.int64(1), 33)]}","{(0, np.int64(77)): {'cpu': 11}, (7, np.int64(32)): {'cpu': 15}, (5, np.int64(53)): {'cpu': 6}, (2, np.int64(43)): {'cpu': 8}, (8, np.int64(3)): {'cpu': 3}, (3, np.int64(1)): {'cpu': 4}, (6, np.int64(76)): {'cpu': 4}, (4, np.int64(33)): {'cpu': 2}, (1, np.int64(78)): {'cpu': 4}}","{((0, 2), (np.int64(77), 11)): {'bw': 50.0}, ((0, 2), (11, np.int64(43))): {'bw': 50.0}, ((4, 8), (np.int64(33), 53)): {'bw': 45.0}, ((4, 8), (53, np.int64(3))): {'bw': 45.0}, ((4, 7), (np.int64(33), 49)): {'bw': 40.0}, ((4, 7), (49, np.int64(32))): {'bw': 40.0}, ((3, 6), (np.int64(1), 76)): {'bw': 42.0}, ((0, 5), (np.int64(77), 97)): {'bw': 43.0}, ((0, 5), (97, 84)): {'bw': 43.0}, ((0, 5), (84, np.int64(53))): {'bw': 43.0}, ((3, 4), (np.int64(1), 33)): {'bw': 42.0}}",0.0,0.0,521.0,57.0,464.0,0.0,0.0,0.0,0.0,0.0,0.0,0.0,0.0,0.0,Route Failure,0.0,"{'node_level': {}, 'link_level': {}, 'path_level': {}}","{'node_level': {0: {'cpu': -39}, 7: {'cpu': -72}, 5: {'cpu': -72}, 2: {'cpu': -55}, 8: {'cpu': -45}, 3: {'cpu': -46}, 6: {'cpu': -73}, 4: {'cpu': -36}, 1: {'cpu': -47}}, 'link_level': {}, 'path_level': {}}","{'node_level': {0: {'cpu': 0}, 7: {'cpu': 0}, 5: {'cpu': 0}, 2: {'cpu': 0}, 8: {'cpu': 0}, 3: {'cpu': 0}, 6: {'cpu': 0}, 4: {'cpu': 0}, 1: {'cpu': 0}}, 'link_level': {}, 'path_level': {}}",[],0.0,0.0,True,False,False,0,[],0,0.0,"OrderedDict([((0, 2), 0), ((4, 8), 0), ((4, 7), 0), ((3, 6), 0), ((0, 5), 0), ((3, 4), 0)])",1.0,0.0,9.0,6.0
40,29,20,6472.0,11020.0,3172182.743729866,5251439.535839676,0.5872958257713249,0.6040596529923965,54,51,0,490.1733723555532,40425.0,6243,34182.0,0.13925272301116776,0.13673098292756847,23,170.17337235555323,320.0,2,1,False,{},{},{},{},0.0,0.0,0.0,0.0,0.0,0.0,0.0,0.0,0.0,0.0,0.0,0.0,0.0,0.0,Leave Event,0.0,"{'node_level': {}, 'link_level': {}, 'path_level': {}}","{'node_level': {}, 'link_level': {}, 'path_level': {}}","{'node_level': {}, 'link_level': {}, 'path_level': {}}",[],0.0,0.0,True,True,False,0,[],0,0.0,,,,,
40,29,19,6472.0,11020.0,3172182.743729866,5251439.535839676,0.5872958257713249,0.6040596529923965,54,52,0,490.86544564850885,40918.0,6298,34620.0,0.13166965393630226,0.1256692595211637,19,230.86544564850888,260.0,7,12,False,{},{},{},{},0.0,0.0,0.0,0.0,0.0,0.0,0.0,0.0,0.0,0.0,0.0,0.0,0.0,0.0,Leave Event,0.0,"{'node_level': {}, 'link_level': {}, 'path_level': {}}","{'node_level': {}, 'link_level': {}, 'path_level': {}}","{'node_level': {}, 'link_level': {}, 'path_level': {}}",[],0.0,0.0,True,True,False,0,[],0,0.0,,,,,
41,30,20,6654.0,11306.0,3252978.1324507147,5378403.718115295,0.5885370599681585,0.6048222303383775,54,53,1,498.0,40632.0,6254,34378.0,0.13773610919619472,0.13178098797858373,40,443.93070725741,498.0,5,7,True,"{4: np.int64(77), 0: np.int64(36), 1: np.int64(32), 2: np.int64(53), 3: np.int64(43)}","{(0, 1): [(np.int64(36), 32)], (2, 4): [(np.int64(53), 3), (3, np.int64(77))], (0, 2): [(np.int64(36), 30), (30, np.int64(53))], (1, 4): [(np.int64(32), 31), (31, 3), (3, np.int64(77))], (0, 3): [(np.int64(36), 11), (11, np.int64(43))], (0, 4): [(np.int64(36), 1), (1, np.int64(77))], (3, 4): [(np.int64(43), 11), (11, np.int64(77))]}","{(4, np.int64(77)): {'cpu': 16}, (0, np.int64(36)): {'cpu': 8}, (1, np.int64(32)): {'cpu': 8}, (2, np.int64(53)): {'cpu': 2}, (3, np.int64(43)): {'cpu': 10}}","{((0, 1), (np.int64(36), 32)): {'bw': 46.0}, ((2, 4), (np.int64(53), 3)): {'bw': 36.0}, ((2, 4), (3, np.int64(77))): {'bw': 36.0}, ((0, 2), (np.int64(36), 30)): {'bw': 33.0}, ((0, 2), (30, np.int64(53))): {'bw': 33.0}, ((1, 4), (np.int64(32), 31)): {'bw': 12.0}, ((1, 4), (31, 3)): {'bw': 12.0}, ((1, 4), (3, np.int64(77))): {'bw': 12.0}, ((0, 3), (np.int64(36), 11)): {'bw': 5.0}, ((0, 3), (11, np.int64(43))): {'bw': 5.0}, ((0, 4), (np.int64(36), 1)): {'bw': 1.0}, ((0, 4), (1, np.int64(77))): {'bw': 1.0}, ((3, 4), (np.int64(43), 11)): {'bw': 5.0}, ((3, 4), (11, np.int64(77))): {'bw': 5.0}}",286.0,182.0,182.0,44.0,138.0,44.0,138.0,44.0,242.0,104.0,0.6363636363636364,126964.18227561926,80795.38872084863,282.50135916380634,Success,0.0,"{'node_level': {}, 'link_level': {}, 'path_level': {}}","{'node_level': {4: {'cpu': -34}, 0: {'cpu': -66}, 1: {'cpu': -79}, 2: {'cpu': -76}, 3: {'cpu': -53}}, 'link_level': {}, 'path_level': {}}","{'node_level': {4: {'cpu': 0}, 0: {'cpu': 0}, 1: {'cpu': 0}, 2: {'cpu': 0}, 3: {'cpu': 0}}, 'link_level': {}, 'path_level': {}}",[],0.0,0.0,True,True,False,0,[],0,0.0,"OrderedDict([((0, 1), 0), ((2, 4), 0), ((0, 2), 0), ((1, 4), 0), ((0, 3), 0), ((0, 4), 0), ((3, 4), 0)])",2.0,0.0,5.0,7.0
42,30,20,6654.0,11306.0,3252978.1324507147,5378403.718115295,0.5885370599681585,0.6048222303383775,54,54,1,507.0,40632.0,6254,34378.0,0.13773610919619472,0.13178098797858373,41,538.9174390041352,507.0,4,4,False,"{2: np.int64(32), 3: np.int64(77), 1: np.int64(49)}",{},"{(2, np.int64(32)): {'cpu': 16}, (3, np.int64(77)): {'cpu': 11}, (1, np.int64(49)): {'cpu': 4}}",{},0.0,0.0,119.0,32.0,87.0,0.0,0.0,0.0,0.0,0.0,0.0,0.0,0.0,0.0,Place Failure,0.0,"{'node_level': {}, 'link_level': {}, 'path_level': {}}","{'node_level': {2: {'cpu': -63}, 3: {'cpu': -23}, 1: {'cpu': -51}}, 'link_level': {}, 'path_level': {}}","{'node_level': {2: {'cpu': 0}, 3: {'cpu': 0}, 1: {'cpu': 0}}, 'link_level': {}, 'path_level': {}}",[],0.0,0.0,False,True,False,0,[],0,0.0,,,,3.0,0.0
43,30,20,6654.0,11306.0,3252978.1324507147,5378403.718115295,0.5885370599681585,0.6048222303383775,54,55,1,522.0,40632.0,6254,34378.0,0.13773610919619472,0.13178098797858373,42,380.933888040804,522.0,9,22,False,"{1: np.int64(32), 6: np.int64(77), 7: np.int64(49), 8: np.int64(78), 0: np.int64(10), 4: np.int64(1), 5: np.int64(25), 3: np.int64(36), 2: np.int64(33)}","{(0, 1): [(np.int64(10), 49), (49, np.int64(32))], (0, 6): [(np.int64(10), 3), (3, 63), (63, np.int64(77))], (3, 7): [(np.int64(36), 91), (91, 76), (76, np.int64(49))], (1, 6): [(np.int64(32), 18), (18, np.int64(77))], (3, 5): [(np.int64(36), 11), (11, np.int64(25))], (1, 7): [(np.int64(32), 49)], (2, 7): [(np.int64(33), 49)], (7, 8): [(np.int64(49), 33), (33, 46), (46, np.int64(78))], (1, 8): [(np.int64(32), 68), (68, np.int64(78))], (3, 4): [(np.int64(36), 1)], (6, 8): [(np.int64(77), 91), (91, 76), (76, np.int64(78))]}","{(1, np.int64(32)): {'cpu': 11}, (6, np.int64(77)): {'cpu': 16}, (7, np.int64(49)): {'cpu': 11}, (8, np.int64(78)): {'cpu': 12}, (0, np.int64(10)): {'cpu': 8}, (4, np.int64(1)): {'cpu': 17}, (5, np.int64(25)): {'cpu': 13}, (3, np.int64(36)): {'cpu': 5}, (2, np.int64(33)): {'cpu': 13}}","{((0, 1), (np.int64(10), 49)): {'bw': 47.0}, ((0, 1), (49, np.int64(32))): {'bw': 47.0}, ((0, 6), (np.int64(10), 3)): {'bw': 44.0}, ((0, 6), (3, 63)): {'bw': 44.0}, ((0, 6), (63, np.int64(77))): {'bw': 44.0}, ((3, 7), (np.int64(36), 91)): {'bw': 39.0}, ((3, 7), (91, 76)): {'bw': 39.0}, ((3, 7), (76, np.int64(49))): {'bw': 39.0}, ((1, 6), (np.int64(32), 18)): {'bw': 35.0}, ((1, 6), (18, np.int64(77))): {'bw': 35.0}, ((3, 5), (np.int64(36), 11)): {'bw': 33.0}, ((3, 5), (11, np.int64(25))): {'bw': 33.0}, ((1, 7), (np.int64(32), 49)): {'bw': 33.0}, ((2, 7), (np.int64(33), 49)): {'bw': 31.0}, ((7, 8), (np.int64(49), 33)): {'bw': 27.0}, ((7, 8), (33, 46)): {'bw': 27.0}, ((7, 8), (46, np.int64(78))): {'bw': 27.0}, ((1, 8), (np.int64(32), 68)): {'bw': 24.0}, ((1, 8), (68, np.int64(78))): {'bw': 24.0}, ((3, 4), (np.int64(36), 1)): {'bw': 19.0}, ((6, 8), (np.int64(77), 91)): {'bw': 14.0}, ((6, 8), (91, 76)): {'bw': 14.0}, ((6, 8), (76, np.int64(78))): {'bw': 14.0}}",0.0,0.0,518.0,106.0,412.0,0.0,0.0,0.0,0.0,0.0,0.0,0.0,0.0,0.0,Route Failure,0.0,"{'node_level': {}, 'link_level': {}, 'path_level': {}}","{'node_level': {1: {'cpu': -68}, 6: {'cpu': -18}, 7: {'cpu': -44}, 8: {'cpu': -39}, 0: {'cpu': -59}, 4: {'cpu': -33}, 5: {'cpu': -34}, 3: {'cpu': -61}, 2: {'cpu': -25}}, 'link_level': {}, 'path_level': {}}","{'node_level': {1: {'cpu': 0}, 6: {'cpu': 0}, 7: {'cpu': 0}, 8: {'cpu': 0}, 0: {'cpu': 0}, 4: {'cpu': 0}, 5: {'cpu': 0}, 3: {'cpu': 0}, 2: {'cpu': 0}}, 'link_level': {}, 'path_level': {}}",[],0.0,0.0,True,False,False,0,[],0,0.0,"OrderedDict([((0, 1), 0), ((0, 6), 0), ((3, 7), 0), ((1, 6), 0), ((3, 5), 0), ((1, 7), 0), ((2, 7), 0), ((7, 8), 0), ((1, 8), 0), ((3, 4), 0), ((6, 8), 0)])",4.0,0.0,9.0,11.0
44,31,21,6801.0,11587.0,3272239.339749614,5415222.760639041,0.5869508932424269,0.6042668020111998,54,56,1,532.0,40351.0,6219,34132.0,0.1425616986074728,0.13799373674108495,43,131.0286210809459,532.0,4,4,True,"{3: np.int64(32), 1: np.int64(77), 0: np.int64(49), 2: np.int64(78)}","{(0, 2): [(np.int64(49), 76), (76, np.int64(78))], (1, 3): [(np.int64(77), 18), (18, np.int64(32))], (1, 2): [(np.int64(77), 91), (91, 76), (76, np.int64(78))], (0, 3): [(np.int64(49), 32)]}","{(3, np.int64(32)): {'cpu': 20}, (1, np.int64(77)): {'cpu': 8}, (0, np.int64(49)): {'cpu': 5}, (2, np.int64(78)): {'cpu': 2}}","{((0, 2), (np.int64(49), 76)): {'bw': 46.0}, ((0, 2), (76, np.int64(78))): {'bw': 46.0}, ((1, 3), (np.int64(77), 18)): {'bw': 32.0}, ((1, 3), (18, np.int64(32))): {'bw': 32.0}, ((1, 2), (np.int64(77), 91)): {'bw': 28.0}, ((1, 2), (91, 76)): {'bw': 28.0}, ((1, 2), (76, np.int64(78))): {'bw': 28.0}, ((0, 3), (np.int64(49), 32)): {'bw': 6.0}}",281.0,147.0,147.0,35.0,112.0,35.0,112.0,35.0,246.0,134.0,0.5231316725978647,36819.0425237458,19261.207298899048,68.54522170426706,Success,0.0,"{'node_level': {}, 'link_level': {}, 'path_level': {}}","{'node_level': {3: {'cpu': -59}, 1: {'cpu': -26}, 0: {'cpu': -50}, 2: {'cpu': -49}}, 'link_level': {}, 'path_level': {}}","{'node_level': {3: {'cpu': 0}, 1: {'cpu': 0}, 0: {'cpu': 0}, 2: {'cpu': 0}}, 'link_level': {}, 'path_level': {}}",[],0.0,0.0,True,True,False,0,[],0,0.0,"OrderedDict([((0, 2), 0), ((1, 3), 0), ((1, 2), 0), ((0, 3), 0)])",2.0,0.0,4.0,4.0
45,32,22,6843.0,11639.0,3282787.866558045,5428282.84144948,0.587937107998969,0.6047562299980418,54,57,1,544.0,40299.0,6187,34112.0,0.1469736660692127,0.13849883826649156,44,251.155400200748,544.0,2,1,True,"{0: np.int64(1), 1: np.int64(91)}","{(0, 1): [(np.int64(1), 77), (77, np.int64(91))]}","{(0, np.int64(1)): {'cpu': 16}, (1, np.int64(91)): {'cpu': 16}}","{((0, 1), (np.int64(1), 77)): {'bw': 10.0}, ((0, 1), (77, np.int64(91))): {'bw': 10.0}}",52.0,42.0,42.0,32.0,10.0,32.0,10.0,32.0,20.0,10.0,0.8076923076923077,13060.080810438896,10548.526808431416,202.85628477752724,Success,0.0,"{'node_level': {}, 'link_level': {}, 'path_level': {}}","{'node_level': {0: {'cpu': -34}, 1: {'cpu': -40}}, 'link_level': {}, 'path_level': {}}","{'node_level': {0: {'cpu': 0}, 1: {'cpu': 0}}, 'link_level': {}, 'path_level': {}}",[],0.0,0.0,True,True,False,0,[],0,0.0,"OrderedDict([((0, 1), 0)])",0.0,0.0,2.0,1.0
46,33,23,6918.0,11808.0,3318954.875616906,5509779.168528779,0.5858739837398373,0.6023752992813927,54,58,1,555.0,40130.0,6159,33971.0,0.15083413759823516,0.14205980402060814,45,482.22678745147897,555.0,2,1,True,"{1: np.int64(10), 0: np.int64(25)}","{(0, 1): [(np.int64(25), 85), (85, 3), (3, np.int64(10))]}","{(1, np.int64(10)): {'cpu': 15}, (0, np.int64(25)): {'cpu': 13}}","{((0, 1), (np.int64(25), 85)): {'bw': 47.0}, ((0, 1), (85, 3)): {'bw': 47.0}, ((0, 1), (3, np.int64(10))): {'bw': 47.0}}",169.0,75.0,75.0,28.0,47.0,28.0,47.0,28.0,141.0,94.0,0.4437869822485207,81496.32707929994,36167.009058860924,214.00597076249068,Success,0.0,"{'node_level': {}, 'link_level': {}, 'path_level': {}}","{'node_level': {1: {'cpu': -52}, 0: {'cpu': -34}}, 'link_level': {}, 'path_level': {}}","{'node_level': {1: {'cpu': 0}, 0: {'cpu': 0}}, 'link_level': {}, 'path_level': {}}",[],0.0,0.0,True,True,False,0,[],0,0.0,"OrderedDict([((0, 1), 0)])",0.0,0.0,2.0,1.0
47,34,24,7214.0,12404.0,3414282.37071723,5701722.3681226745,0.5815865849725895,0.5988159630159969,54,59,1,568.0,39534.0,6083,33451.0,0.16131256031986763,0.1551924436811799,46,322.0523483119039,568.0,6,7,True,"{2: np.int64(90), 5: np.int64(13), 3: np.int64(53), 4: np.int64(32), 0: np.int64(43), 1: np.int64(78)}","{(1, 5): [(np.int64(78), 46), (46, np.int64(13))], (3, 5): [(np.int64(53), 95), (95, np.int64(13))], (2, 3): [(np.int64(90), 30), (30, np.int64(53))], (1, 2): [(np.int64(78), 68), (68, 82), (82, 51), (51, np.int64(90))], (0, 4): [(np.int64(43), 25), (25, np.int64(32))], (4, 5): [(np.int64(32), 36), (36, np.int64(13))], (0, 3): [(np.int64(43), 53)]}","{(2, np.int64(90)): {'cpu': 20}, (5, np.int64(13)): {'cpu': 16}, (3, np.int64(53)): {'cpu': 8}, (4, np.int64(32)): {'cpu': 16}, (0, np.int64(43)): {'cpu': 15}, (1, np.int64(78)): {'cpu': 1}}","{((1, 5), (np.int64(78), 46)): {'bw': 50.0}, ((1, 5), (46, np.int64(13))): {'bw': 50.0}, ((3, 5), (np.int64(53), 95)): {'bw': 47.0}, ((3, 5), (95, np.int64(13))): {'bw': 47.0}, ((2, 3), (np.int64(90), 30)): {'bw': 46.0}, ((2, 3), (30, np.int64(53))): {'bw': 46.0}, ((1, 2), (np.int64(78), 68)): {'bw': 41.0}, ((1, 2), (68, 82)): {'bw': 41.0}, ((1, 2), (82, 51)): {'bw': 41.0}, ((1, 2), (51, np.int64(90))): {'bw': 41.0}, ((0, 4), (np.int64(43), 25)): {'bw': 33.0}, ((0, 4), (25, np.int64(32))): {'bw': 33.0}, ((4, 5), (np.int64(32), 36)): {'bw': 1.0}, ((4, 5), (36, np.int64(13))): {'bw': 1.0}, ((0, 3), (np.int64(43), 53)): {'bw': 2.0}}",596.0,296.0,296.0,76.0,220.0,76.0,220.0,76.0,520.0,300.0,0.4966442953020134,191943.19959389474,95327.49510032356,159.9454615777241,Success,0.0,"{'node_level': {}, 'link_level': {}, 'path_level': {}}","{'node_level': {2: {'cpu': -66}, 5: {'cpu': -39}, 3: {'cpu': -68}, 4: {'cpu': -43}, 0: {'cpu': -38}, 1: {'cpu': -48}}, 'link_level': {}, 'path_level': {}}","{'node_level': {2: {'cpu': 0}, 5: {'cpu': 0}, 3: {'cpu': 0}, 4: {'cpu': 0}, 0: {'cpu': 0}, 1: {'cpu': 0}}, 'link_level': {}, 'path_level': {}}",[],0.0,0.0,True,True,False,0,[],0,0.0,"OrderedDict([((1, 5), 0), ((3, 5), 0), ((2, 3), 0), ((1, 2), 0), ((0, 4), 0), ((4, 5), 0), ((0, 3), 0)])",1.0,0.0,6.0,7.0
48,34,24,7214.0,12404.0,3414282.37071723,5701722.3681226745,0.5815865849725895,0.5988159630159969,54,60,1,584.0,39534.0,6083,33451.0,0.16131256031986763,0.1551924436811799,47,317.5638586174298,584.0,7,13,False,"{3: np.int64(2), 1: np.int64(49), 5: np.int64(81), 2: np.int64(80), 0: np.int64(7), 6: np.int64(77), 4: np.int64(75)}","{(2, 3): [(np.int64(80), 2)], (1, 5): [(np.int64(49), 80), (80, np.int64(81))], (1, 4): [(np.int64(49), 44), (44, np.int64(75))], (1, 3): [(np.int64(49), 32), (32, 99), (99, np.int64(2))], (0, 2): [(np.int64(7), 42), (42, np.int64(80))], (3, 4): [(np.int64(2), 38), (38, np.int64(75))]}","{(3, np.int64(2)): {'cpu': 20}, (1, np.int64(49)): {'cpu': 17}, (5, np.int64(81)): {'cpu': 16}, (2, np.int64(80)): {'cpu': 7}, (0, np.int64(7)): {'cpu': 15}, (6, np.int64(77)): {'cpu': 12}, (4, np.int64(75)): {'cpu': 2}}","{((2, 3), (np.int64(80), 2)): {'bw': 46.0}, ((1, 5), (np.int64(49), 80)): {'bw': 42.0}, ((1, 5), (80, np.int64(81))): {'bw': 42.0}, ((1, 4), (np.int64(49), 44)): {'bw': 40.0}, ((1, 4), (44, np.int64(75))): {'bw': 40.0}, ((1, 3), (np.int64(49), 32)): {'bw': 44.0}, ((1, 3), (32, 99)): {'bw': 44.0}, ((1, 3), (99, np.int64(2))): {'bw': 44.0}, ((0, 2), (np.int64(7), 42)): {'bw': 40.0}, ((0, 2), (42, np.int64(80))): {'bw': 40.0}, ((3, 4), (np.int64(2), 38)): {'bw': 41.0}, ((3, 4), (38, np.int64(75))): {'bw': 41.0}}",0.0,0.0,432.0,89.0,343.0,0.0,0.0,0.0,0.0,0.0,0.0,0.0,0.0,0.0,Route Failure,0.0,"{'node_level': {}, 'link_level': {}, 'path_level': {}}","{'node_level': {3: {'cpu': -30}, 1: {'cpu': -33}, 5: {'cpu': -69}, 2: {'cpu': -30}, 0: {'cpu': -27}, 6: {'cpu': -14}, 4: {'cpu': -57}}, 'link_level': {}, 'path_level': {}}","{'node_level': {3: {'cpu': 0}, 1: {'cpu': 0}, 5: {'cpu': 0}, 2: {'cpu': 0}, 0: {'cpu': 0}, 6: {'cpu': 0}, 4: {'cpu': 0}}, 'link_level': {}, 'path_level': {}}",[],0.0,0.0,True,False,False,0,[],0,0.0,"OrderedDict([((2, 3), 0), ((1, 5), 0), ((1, 4), 0), ((1, 3), 0), ((0, 2), 0), ((3, 4), 0)])",6.0,0.0,7.0,6.0
49,35,25,7593.0,13105.0,3652871.115704264,6143017.1180855,0.5793971766501336,0.5946379515938414,54,61,1,595.0,38833.0,5987,32846.0,0.1745484627050875,0.1704717648247298,48,629.5217545832035,595.0,7,9,True,"{1: np.int64(2), 5: np.int64(49), 6: np.int64(75), 4: np.int64(7), 0: np.int64(81), 2: np.int64(77), 3: np.int64(18)}","{(1, 6): [(np.int64(2), 38), (38, np.int64(75))], (1, 4): [(np.int64(2), 24), (24, 68), (68, np.int64(7))], (0, 5): [(np.int64(81), 80), (80, np.int64(49))], (1, 3): [(np.int64(2), 18)], (4, 5): [(np.int64(7), 33), (33, np.int64(49))], (1, 2): [(np.int64(2), 23), (23, np.int64(77))], (2, 6): [(np.int64(77), 91), (91, 6), (6, np.int64(75))], (3, 5): [(np.int64(18), 0), (0, np.int64(49))], (0, 3): [(np.int64(81), 59), (59, 77), (77, np.int64(18))]}","{(1, np.int64(2)): {'cpu': 18}, (5, np.int64(49)): {'cpu': 17}, (6, np.int64(75)): {'cpu': 19}, (4, np.int64(7)): {'cpu': 13}, (0, np.int64(81)): {'cpu': 19}, (2, np.int64(77)): {'cpu': 8}, (3, np.int64(18)): {'cpu': 2}}","{((1, 6), (np.int64(2), 38)): {'bw': 47.0}, ((1, 6), (38, np.int64(75))): {'bw': 47.0}, ((1, 4), (np.int64(2), 24)): {'bw': 49.0}, ((1, 4), (24, 68)): {'bw': 49.0}, ((1, 4), (68, np.int64(7))): {'bw': 49.0}, ((0, 5), (np.int64(81), 80)): {'bw': 41.0}, ((0, 5), (80, np.int64(49))): {'bw': 41.0}, ((1, 3), (np.int64(2), 18)): {'bw': 41.0}, ((4, 5), (np.int64(7), 33)): {'bw': 32.0}, ((4, 5), (33, np.int64(49))): {'bw': 32.0}, ((1, 2), (np.int64(2), 23)): {'bw': 27.0}, ((1, 2), (23, np.int64(77))): {'bw': 27.0}, ((2, 6), (np.int64(77), 91)): {'bw': 23.0}, ((2, 6), (91, 6)): {'bw': 23.0}, ((2, 6), (6, np.int64(75))): {'bw': 23.0}, ((3, 5), (np.int64(18), 0)): {'bw': 15.0}, ((3, 5), (0, np.int64(49))): {'bw': 15.0}, ((0, 3), (np.int64(81), 59)): {'bw': 8.0}, ((0, 3), (59, 77)): {'bw': 8.0}, ((0, 3), (77, np.int64(18))): {'bw': 8.0}}",701.0,379.0,379.0,96.0,283.0,96.0,283.0,96.0,605.0,322.0,0.5406562054208274,441294.7499628256,238588.74498703412,340.35484306281614,Success,0.0,"{'node_level': {}, 'link_level': {}, 'path_level': {}}","{'node_level': {1: {'cpu': -32}, 5: {'cpu': -33}, 6: {'cpu': -40}, 4: {'cpu': -29}, 0: {'cpu': -66}, 2: {'cpu': -18}, 3: {'cpu': -14}}, 'link_level': {}, 'path_level': {}}","{'node_level': {1: {'cpu': 0}, 5: {'cpu': 0}, 6: {'cpu': 0}, 4: {'cpu': 0}, 0: {'cpu': 0}, 2: {'cpu': 0}, 3: {'cpu': 0}}, 'link_level': {}, 'path_level': {}}",[],0.0,0.0,True,True,False,0,[],0,0.0,"OrderedDict([((1, 6), 0), ((1, 4), 0), ((0, 5), 0), ((1, 3), 0), ((4, 5), 0), ((1, 2), 0), ((2, 6), 0), ((3, 5), 0), ((0, 3), 0)])",6.0,0.0,7.0,9.0
49,35,24,7593.0,13105.0,3652871.115704264,6143017.1180855,0.5793971766501336,0.5946379515938414,54,62,0,599.4367577311515,39230.0,6063,33167.0,0.16407003998345515,0.1623648853419537,0,583.4367577311515,16.0,7,8,False,{},{},{},{},0.0,0.0,0.0,0.0,0.0,0.0,0.0,0.0,0.0,0.0,0.0,0.0,0.0,0.0,Leave Event,0.0,"{'node_level': {}, 'link_level': {}, 'path_level': {}}","{'node_level': {}, 'link_level': {}, 'path_level': {}}","{'node_level': {}, 'link_level': {}, 'path_level': {}}",[],0.0,0.0,True,True,False,0,[],0,0.0,,,,,
50,36,25,8023.0,13885.0,3725899.0333699426,6275486.364083708,0.5778177889809146,0.5937227518641841,54,63,1,605.0,38450.0,5973,32477.0,0.17647869846959874,0.17979088796848164,49,169.8323666643692,605.0,8,11,True,"{5: np.int64(18), 7: np.int64(60), 1: np.int64(1), 6: np.int64(72), 0: np.int64(91), 3: np.int64(77), 4: np.int64(36), 2: np.int64(83)}","{(5, 6): [(np.int64(18), 46), (46, np.int64(72))], (2, 3): [(np.int64(83), 21), (21, np.int64(77))], (2, 7): [(np.int64(83), 44), (44, 75), (75, np.int64(60))], (5, 7): [(np.int64(18), 32), (32, np.int64(60))], (0, 1): [(np.int64(91), 76), (76, np.int64(1))], (1, 6): [(np.int64(1), 72)], (4, 7): [(np.int64(36), 32), (32, np.int64(60))], (0, 3): [(np.int64(91), 76), (76, 1), (1, np.int64(77))], (4, 6): [(np.int64(36), 1), (1, np.int64(72))], (1, 3): [(np.int64(1), 77)], (3, 5): [(np.int64(77), 18)]}","{(5, np.int64(18)): {'cpu': 18}, (7, np.int64(60)): {'cpu': 13}, (1, np.int64(1)): {'cpu': 16}, (6, np.int64(72)): {'cpu': 12}, (0, np.int64(91)): {'cpu': 19}, (3, np.int64(77)): {'cpu': 5}, (4, np.int64(36)): {'cpu': 5}, (2, np.int64(83)): {'cpu': 2}}","{((5, 6), (np.int64(18), 46)): {'bw': 48.0}, ((5, 6), (46, np.int64(72))): {'bw': 48.0}, ((2, 3), (np.int64(83), 21)): {'bw': 44.0}, ((2, 3), (21, np.int64(77))): {'bw': 44.0}, ((2, 7), (np.int64(83), 44)): {'bw': 42.0}, ((2, 7), (44, 75)): {'bw': 42.0}, ((2, 7), (75, np.int64(60))): {'bw': 42.0}, ((5, 7), (np.int64(18), 32)): {'bw': 45.0}, ((5, 7), (32, np.int64(60))): {'bw': 45.0}, ((0, 1), (np.int64(91), 76)): {'bw': 35.0}, ((0, 1), (76, np.int64(1))): {'bw': 35.0}, ((1, 6), (np.int64(1), 72)): {'bw': 37.0}, ((4, 7), (np.int64(36), 32)): {'bw': 32.0}, ((4, 7), (32, np.int64(60))): {'bw': 32.0}, ((0, 3), (np.int64(91), 76)): {'bw': 22.0}, ((0, 3), (76, 1)): {'bw': 22.0}, ((0, 3), (1, np.int64(77))): {'bw': 22.0}, ((4, 6), (np.int64(36), 1)): {'bw': 18.0}, ((4, 6), (1, np.int64(72))): {'bw': 18.0}, ((1, 3), (np.int64(1), 77)): {'bw': 10.0}, ((3, 5), (np.int64(77), 18)): {'bw': 7.0}}",780.0,430.0,430.0,90.0,340.0,90.0,340.0,90.0,690.0,350.0,0.5512820512820513,132469.24599820797,73027.91766567876,93.62553546881892,Success,0.0,"{'node_level': {}, 'link_level': {}, 'path_level': {}}","{'node_level': {5: {'cpu': -9}, 7: {'cpu': -36}, 1: {'cpu': -27}, 6: {'cpu': -44}, 0: {'cpu': -35}, 3: {'cpu': -13}, 4: {'cpu': -61}, 2: {'cpu': -57}}, 'link_level': {}, 'path_level': {}}","{'node_level': {5: {'cpu': 0}, 7: {'cpu': 0}, 1: {'cpu': 0}, 6: {'cpu': 0}, 0: {'cpu': 0}, 3: {'cpu': 0}, 4: {'cpu': 0}, 2: {'cpu': 0}}, 'link_level': {}, 'path_level': {}}",[],0.0,0.0,True,True,False,0,[],0,0.0,"OrderedDict([((5, 6), 0), ((2, 3), 0), ((2, 7), 0), ((5, 7), 0), ((0, 1), 0), ((1, 6), 0), ((4, 7), 0), ((0, 3), 0), ((4, 6), 0), ((1, 3), 0), ((3, 5), 0)])",2.0,0.0,8.0,11.0
50,36,24,8023.0,13885.0,3725899.0333699426,6275486.364083708,0.5778177889809146,0.5937227518641841,54,64,0,605.7052384385845,38506.0,5991,32515.0,0.1739969667723701,0.17883119507020906,37,143.7052384385845,462.0,2,1,False,{},{},{},{},0.0,0.0,0.0,0.0,0.0,0.0,0.0,0.0,0.0,0.0,0.0,0.0,0.0,0.0,Leave Event,0.0,"{'node_level': {}, 'link_level': {}, 'path_level': {}}","{'node_level': {}, 'link_level': {}, 'path_level': {}}","{'node_level': {}, 'link_level': {}, 'path_level': {}}",[],0.0,0.0,True,True,False,0,[],0,0.0,,,,,
50,36,23,8023.0,13885.0,3725899.0333699426,6275486.364083708,0.5778177889809146,0.5937227518641841,54,65,0,607.171900970111,38540.0,6023,32517.0,0.1695849993106301,0.1787806849176684,26,252.17190097011095,355.0,2,1,False,{},{},{},{},0.0,0.0,0.0,0.0,0.0,0.0,0.0,0.0,0.0,0.0,0.0,0.0,0.0,0.0,Leave Event,0.0,"{'node_level': {}, 'link_level': {}, 'path_level': {}}","{'node_level': {}, 'link_level': {}, 'path_level': {}}","{'node_level': {}, 'link_level': {}, 'path_level': {}}",[],0.0,0.0,True,True,False,0,[],0,0.0,,,,,
50,36,22,8023.0,13885.0,3725899.0333699426,6275486.364083708,0.5778177889809146,0.5937227518641841,54,66,0,617.9520750885513,38662.0,6064,32598.0,0.16393216600027571,0.17673502373977168,24,283.95207508855134,334.0,5,5,False,{},{},{},{},0.0,0.0,0.0,0.0,0.0,0.0,0.0,0.0,0.0,0.0,0.0,0.0,0.0,0.0,Leave Event,0.0,"{'node_level': {}, 'link_level': {}, 'path_level': {}}","{'node_level': {}, 'link_level': {}, 'path_level': {}}","{'node_level': {}, 'link_level': {}, 'path_level': {}}",[],0.0,0.0,True,True,False,0,[],0,0.0,,,,,
51,36,22,8023.0,13885.0,3725899.0333699426,6275486.364083708,0.5778177889809146,0.5937227518641841,54,67,1,624.0,38662.0,6064,32598.0,0.16393216600027571,0.17673502373977168,50,241.81784249722122,624.0,10,16,False,"{7: np.int64(9), 1: np.int64(25), 2: np.int64(5), 8: np.int64(78), 6: np.int64(19), 0: np.int64(10), 4: np.int64(29), 9: np.int64(68), 5: np.int64(85), 3: np.int64(97)}","{(0, 7): [(np.int64(10), 49), (49, np.int64(9))], (1, 7): [(np.int64(25), 81), (81, np.int64(9))], (7, 9): [(np.int64(9), 29), (29, np.int64(68))], (1, 3): [(np.int64(25), 84), (84, np.int64(97))], (2, 6): [(np.int64(5), 19)], (3, 8): [(np.int64(97), 68), (68, np.int64(78))], (1, 6): [(np.int64(25), 11), (11, np.int64(19))], (6, 8): [(np.int64(19), 31), (31, 71), (71, np.int64(78))]}","{(7, np.int64(9)): {'cpu': 11}, (1, np.int64(25)): {'cpu': 9}, (2, np.int64(5)): {'cpu': 12}, (8, np.int64(78)): {'cpu': 8}, (6, np.int64(19)): {'cpu': 9}, (0, np.int64(10)): {'cpu': 6}, (4, np.int64(29)): {'cpu': 7}, (9, np.int64(68)): {'cpu': 5}, (5, np.int64(85)): {'cpu': 6}, (3, np.int64(97)): {'cpu': 2}}","{((0, 7), (np.int64(10), 49)): {'bw': 48.0}, ((0, 7), (49, np.int64(9))): {'bw': 48.0}, ((1, 7), (np.int64(25), 81)): {'bw': 50.0}, ((1, 7), (81, np.int64(9))): {'bw': 50.0}, ((7, 9), (np.int64(9), 29)): {'bw': 46.0}, ((7, 9), (29, np.int64(68))): {'bw': 46.0}, ((1, 3), (np.int64(25), 84)): {'bw': 42.0}, ((1, 3), (84, np.int64(97))): {'bw': 42.0}, ((2, 6), (np.int64(5), 19)): {'bw': 37.0}, ((3, 8), (np.int64(97), 68)): {'bw': 33.0}, ((3, 8), (68, np.int64(78))): {'bw': 33.0}, ((1, 6), (np.int64(25), 11)): {'bw': 33.0}, ((1, 6), (11, np.int64(19))): {'bw': 33.0}, ((6, 8), (np.int64(19), 31)): {'bw': 29.0}, ((6, 8), (31, 71)): {'bw': 29.0}, ((6, 8), (71, np.int64(78))): {'bw': 29.0}}",0.0,0.0,570.0,75.0,495.0,0.0,0.0,0.0,0.0,0.0,0.0,0.0,0.0,0.0,Route Failure,0.0,"{'node_level': {}, 'link_level': {}, 'path_level': {}}","{'node_level': {7: {'cpu': -89}, 1: {'cpu': -41}, 2: {'cpu': -36}, 8: {'cpu': -53}, 6: {'cpu': -64}, 0: {'cpu': -50}, 4: {'cpu': -59}, 9: {'cpu': -46}, 5: {'cpu': -50}, 3: {'cpu': -63}}, 'link_level': {}, 'path_level': {}}","{'node_level': {7: {'cpu': 0}, 1: {'cpu': 0}, 2: {'cpu': 0}, 8: {'cpu': 0}, 6: {'cpu': 0}, 0: {'cpu': 0}, 4: {'cpu': 0}, 9: {'cpu': 0}, 5: {'cpu': 0}, 3: {'cpu': 0}}, 'link_level': {}, 'path_level': {}}",[],0.0,0.0,True,False,False,0,[],0,0.0,"OrderedDict([((0, 7), 0), ((1, 7), 0), ((7, 9), 0), ((1, 3), 0), ((2, 6), 0), ((3, 8), 0), ((1, 6), 0), ((6, 8), 0)])",0.0,0.0,10.0,8.0
51,36,21,8023.0,13885.0,3725899.0333699426,6275486.364083708,0.5778177889809146,0.5937227518641841,54,68,0,629.3986951218855,39811.0,6200,33611.0,0.1451813042878809,0.1511516314779271,17,402.39869512188545,227.0,10,18,False,{},{},{},{},0.0,0.0,0.0,0.0,0.0,0.0,0.0,0.0,0.0,0.0,0.0,0.0,0.0,0.0,Leave Event,0.0,"{'node_level': {}, 'link_level': {}, 'path_level': {}}","{'node_level': {}, 'link_level': {}, 'path_level': {}}","{'node_level': {}, 'link_level': {}, 'path_level': {}}",[],0.0,0.0,True,True,False,0,[],0,0.0,,,,,
52,37,22,8390.0,14617.0,3979675.7185735106,6781656.755279926,0.5739891906683998,0.5868294226886512,54,69,1,644.0,39079.0,6135,32944.0,0.15414311319454022,0.16799676735023739,51,691.489605459313,644.0,6,9,True,"{4: np.int64(5), 2: np.int64(60), 5: np.int64(98), 0: np.int64(43), 1: np.int64(9), 3: np.int64(95)}","{(0, 5): [(np.int64(43), 98)], (3, 4): [(np.int64(95), 7), (7, 15), (15, np.int64(5))], (1, 4): [(np.int64(9), 29), (29, 11), (11, np.int64(5))], (4, 5): [(np.int64(5), 83), (83, 63), (63, np.int64(98))], (0, 2): [(np.int64(43), 39), (39, 46), (46, np.int64(60))], (0, 1): [(np.int64(43), 9)], (2, 3): [(np.int64(60), 48), (48, np.int64(95))], (2, 4): [(np.int64(60), 5)], (0, 3): [(np.int64(43), 53), (53, np.int64(95))]}","{(4, np.int64(5)): {'cpu': 14}, (2, np.int64(60)): {'cpu': 19}, (5, np.int64(98)): {'cpu': 15}, (0, np.int64(43)): {'cpu': 8}, (1, np.int64(9)): {'cpu': 6}, (3, np.int64(95)): {'cpu': 3}}","{((0, 5), (np.int64(43), 98)): {'bw': 45.0}, ((3, 4), (np.int64(95), 7)): {'bw': 45.0}, ((3, 4), (7, 15)): {'bw': 45.0}, ((3, 4), (15, np.int64(5))): {'bw': 45.0}, ((1, 4), (np.int64(9), 29)): {'bw': 45.0}, ((1, 4), (29, 11)): {'bw': 45.0}, ((1, 4), (11, np.int64(5))): {'bw': 45.0}, ((4, 5), (np.int64(5), 83)): {'bw': 38.0}, ((4, 5), (83, 63)): {'bw': 38.0}, ((4, 5), (63, np.int64(98))): {'bw': 38.0}, ((0, 2), (np.int64(43), 39)): {'bw': 33.0}, ((0, 2), (39, 46)): {'bw': 33.0}, ((0, 2), (46, np.int64(60))): {'bw': 33.0}, ((0, 1), (np.int64(43), 9)): {'bw': 30.0}, ((2, 3), (np.int64(60), 48)): {'bw': 23.0}, ((2, 3), (48, np.int64(95))): {'bw': 23.0}, ((2, 4), (np.int64(60), 5)): {'bw': 23.0}, ((0, 3), (np.int64(43), 53)): {'bw': 20.0}, ((0, 3), (53, np.int64(95))): {'bw': 20.0}}",732.0,367.0,367.0,65.0,302.0,65.0,302.0,65.0,667.0,365.0,0.5013661202185792,506170.3911962171,253776.68520356787,346.6894606606118,Success,0.0,"{'node_level': {}, 'link_level': {}, 'path_level': {}}","{'node_level': {4: {'cpu': -54}, 2: {'cpu': -36}, 5: {'cpu': -29}, 0: {'cpu': -49}, 1: {'cpu': -94}, 3: {'cpu': -82}}, 'link_level': {}, 'path_level': {}}","{'node_level': {4: {'cpu': 0}, 2: {'cpu': 0}, 5: {'cpu': 0}, 0: {'cpu': 0}, 1: {'cpu': 0}, 3: {'cpu': 0}}, 'link_level': {}, 'path_level': {}}",[],0.0,0.0,True,True,False,0,[],0,0.0,"OrderedDict([((0, 5), 0), ((3, 4), 0), ((1, 4), 0), ((4, 5), 0), ((0, 2), 0), ((0, 1), 0), ((2, 3), 0), ((2, 4), 0), ((0, 3), 0)])",1.0,0.0,6.0,9.0
53,38,23,8507.0,14860.0,4102961.4030524283,7037711.638428447,0.5724764468371467,0.5829965212909233,54,70,1,657.0,38836.0,6099,32737.0,0.15910657658899763,0.17322456813819576,52,1053.723798965108,657.0,3,2,True,"{0: np.int64(52), 1: np.int64(5), 2: np.int64(25)}","{(0, 2): [(np.int64(52), 7), (7, 95), (95, np.int64(25))], (0, 1): [(np.int64(52), 79), (79, np.int64(5))]}","{(0, np.int64(52)): {'cpu': 8}, (1, np.int64(5)): {'cpu': 18}, (2, np.int64(25)): {'cpu': 10}}","{((0, 2), (np.int64(52), 7)): {'bw': 45.0}, ((0, 2), (7, 95)): {'bw': 45.0}, ((0, 2), (95, np.int64(25))): {'bw': 45.0}, ((0, 1), (np.int64(52), 79)): {'bw': 36.0}, ((0, 1), (79, np.int64(5))): {'bw': 36.0}}",243.0,117.0,117.0,36.0,81.0,36.0,81.0,36.0,207.0,126.0,0.48148148148148145,256054.88314852124,123285.68447891764,507.34849579801494,Success,0.0,"{'node_level': {}, 'link_level': {}, 'path_level': {}}","{'node_level': {0: {'cpu': -84}, 1: {'cpu': -36}, 2: {'cpu': -40}}, 'link_level': {}, 'path_level': {}}","{'node_level': {0: {'cpu': 0}, 1: {'cpu': 0}, 2: {'cpu': 0}}, 'link_level': {}, 'path_level': {}}",[],0.0,0.0,True,True,False,0,[],0,0.0,"OrderedDict([((0, 2), 0), ((0, 1), 0)])",0.0,0.0,3.0,2.0
53,38,23,8507.0,14860.0,4102961.4030524283,7037711.638428447,0.5724764468371467,0.5829965212909233,54,71,0,661.8694210704186,38836.0,6099,32737.0,0.15910657658899763,0.17322456813819576,38,187.86942107041867,474.0,6,9,False,{},{},{},{},0.0,0.0,0.0,0.0,0.0,0.0,0.0,0.0,0.0,0.0,0.0,0.0,0.0,0.0,Leave Event,0.0,"{'node_level': {}, 'link_level': {}, 'path_level': {}}","{'node_level': {}, 'link_level': {}, 'path_level': {}}","{'node_level': {}, 'link_level': {}, 'path_level': {}}",[],0.0,0.0,True,True,False,0,[],0,0.0,,,,,
53,38,22,8507.0,14860.0,4102961.4030524283,7037711.638428447,0.5724764468371467,0.5829965212909233,54,72,0,663.0286210809459,39117.0,6134,32983.0,0.15428098717771954,0.16701181937569454,43,131.0286210809459,532.0,4,4,False,{},{},{},{},0.0,0.0,0.0,0.0,0.0,0.0,0.0,0.0,0.0,0.0,0.0,0.0,0.0,0.0,Leave Event,0.0,"{'node_level': {}, 'link_level': {}, 'path_level': {}}","{'node_level': {}, 'link_level': {}, 'path_level': {}}","{'node_level': {}, 'link_level': {}, 'path_level': {}}",[],0.0,0.0,True,True,False,0,[],0,0.0,,,,,
54,39,23,8760.0,15378.0,4116692.6108329413,7065825.336571948,0.5696449473273507,0.5826202056715704,54,73,1,674.0,38599.0,6055,32544.0,0.1651730318488901,0.17809879785836957,53,54.27354853957754,674.0,6,7,True,"{4: np.int64(78), 2: np.int64(13), 1: np.int64(18), 5: np.int64(4), 0: np.int64(9), 3: np.int64(97)}","{(1, 4): [(np.int64(18), 0), (0, 65), (65, 73), (73, np.int64(78))], (0, 5): [(np.int64(9), 49), (49, 22), (22, np.int64(4))], (2, 5): [(np.int64(13), 4)], (0, 4): [(np.int64(9), 27), (27, np.int64(78))], (0, 3): [(np.int64(9), 97)], (0, 1): [(np.int64(9), 97), (97, 77), (77, np.int64(18))], (1, 2): [(np.int64(18), 46), (46, np.int64(13))]}","{(4, np.int64(78)): {'cpu': 20}, (2, np.int64(13)): {'cpu': 20}, (1, np.int64(18)): {'cpu': 8}, (5, np.int64(4)): {'cpu': 7}, (0, np.int64(9)): {'cpu': 5}, (3, np.int64(97)): {'cpu': 19}}","{((1, 4), (np.int64(18), 0)): {'bw': 41.0}, ((1, 4), (0, 65)): {'bw': 41.0}, ((1, 4), (65, 73)): {'bw': 41.0}, ((1, 4), (73, np.int64(78))): {'bw': 41.0}, ((0, 5), (np.int64(9), 49)): {'bw': 39.0}, ((0, 5), (49, 22)): {'bw': 39.0}, ((0, 5), (22, np.int64(4))): {'bw': 39.0}, ((2, 5), (np.int64(13), 4)): {'bw': 32.0}, ((0, 4), (np.int64(9), 27)): {'bw': 24.0}, ((0, 4), (27, np.int64(78))): {'bw': 24.0}, ((0, 3), (np.int64(9), 97)): {'bw': 12.0}, ((0, 1), (np.int64(9), 97)): {'bw': 14.0}, ((0, 1), (97, 77)): {'bw': 14.0}, ((0, 1), (77, np.int64(18))): {'bw': 14.0}, ((1, 2), (np.int64(18), 46)): {'bw': 12.0}, ((1, 2), (46, np.int64(13))): {'bw': 12.0}}",518.0,253.0,253.0,79.0,174.0,79.0,174.0,79.0,439.0,265.0,0.48841698841698844,28113.698143501166,13731.207780513118,26.508123128403703,Success,0.0,"{'node_level': {}, 'link_level': {}, 'path_level': {}}","{'node_level': {4: {'cpu': -43}, 2: {'cpu': -33}, 1: {'cpu': -9}, 5: {'cpu': -21}, 0: {'cpu': -89}, 3: {'cpu': -46}}, 'link_level': {}, 'path_level': {}}","{'node_level': {4: {'cpu': 0}, 2: {'cpu': 0}, 1: {'cpu': 0}, 5: {'cpu': 0}, 0: {'cpu': 0}, 3: {'cpu': 0}}, 'link_level': {}, 'path_level': {}}",[],0.0,0.0,True,True,False,0,[],0,0.0,"OrderedDict([((1, 4), 0), ((0, 5), 0), ((2, 5), 0), ((0, 4), 0), ((0, 3), 0), ((0, 1), 0), ((1, 2), 0)])",0.0,0.0,6.0,7.0
55,39,23,8760.0,15378.0,4116692.6108329413,7065825.336571948,0.5696449473273507,0.5826202056715704,54,74,1,688.0,38599.0,6055,32544.0,0.1651730318488901,0.17809879785836957,54,48.461378858231306,688.0,10,23,False,"{4: np.int64(98), 9: np.int64(43), 6: np.int64(38)}",{},"{(4, np.int64(98)): {'cpu': 17}, (9, np.int64(43)): {'cpu': 15}, (6, np.int64(38)): {'cpu': 9}}",{},0.0,0.0,716.0,90.0,626.0,0.0,0.0,0.0,0.0,0.0,0.0,0.0,0.0,0.0,Place Failure,0.0,"{'node_level': {}, 'link_level': {}, 'path_level': {}}","{'node_level': {4: {'cpu': -12}, 9: {'cpu': -34}, 6: {'cpu': -52}}, 'link_level': {}, 'path_level': {}}","{'node_level': {4: {'cpu': 0}, 9: {'cpu': 0}, 6: {'cpu': 0}}, 'link_level': {}, 'path_level': {}}",[],0.0,0.0,False,True,False,0,[],0,0.0,,,,3.0,0.0
55,39,22,8760.0,15378.0,4116692.6108329413,7065825.336571948,0.5696449473273507,0.5826202056715704,54,75,0,695.8903293738089,38748.0,6074,32674.0,0.162553426168482,0.17481563794322663,13,520.8903293738089,175.0,3,3,False,{},{},{},{},0.0,0.0,0.0,0.0,0.0,0.0,0.0,0.0,0.0,0.0,0.0,0.0,0.0,0.0,Leave Event,0.0,"{'node_level': {}, 'link_level': {}, 'path_level': {}}","{'node_level': {}, 'link_level': {}, 'path_level': {}}","{'node_level': {}, 'link_level': {}, 'path_level': {}}",[],0.0,0.0,True,True,False,0,[],0,0.0,,,,,
55,39,21,8760.0,15378.0,4116692.6108329413,7065825.336571948,0.5696449473273507,0.5826202056715704,54,76,0,696.1897028893595,39028.0,6132,32896.0,0.1545567351440783,0.16920901101121322,31,298.1897028893596,398.0,5,5,False,{},{},{},{},0.0,0.0,0.0,0.0,0.0,0.0,0.0,0.0,0.0,0.0,0.0,0.0,0.0,0.0,Leave Event,0.0,"{'node_level': {}, 'link_level': {}, 'path_level': {}}","{'node_level': {}, 'link_level': {}, 'path_level': {}}","{'node_level': {}, 'link_level': {}, 'path_level': {}}",[],0.0,0.0,True,True,False,0,[],0,0.0,,,,,
56,40,22,8874.0,15592.0,4141603.20741071,7112587.333656531,0.569138019497178,0.5822920708210891,54,77,1,700.0,38814.0,6088,32726.0,0.16062319040397077,0.1735023739771694,55,218.5140050681475,700.0,3,2,True,"{1: np.int64(10), 0: np.int64(5), 2: np.int64(98)}","{(0, 1): [(np.int64(5), 85), (85, np.int64(10))], (1, 2): [(np.int64(10), 3), (3, 63), (63, np.int64(98))]}","{(1, np.int64(10)): {'cpu': 20}, (0, np.int64(5)): {'cpu': 15}, (2, np.int64(98)): {'cpu': 9}}","{((0, 1), (np.int64(5), 85)): {'bw': 40.0}, ((0, 1), (85, np.int64(10))): {'bw': 40.0}, ((1, 2), (np.int64(10), 3)): {'bw': 30.0}, ((1, 2), (3, 63)): {'bw': 30.0}, ((1, 2), (63, np.int64(98))): {'bw': 30.0}}",214.0,114.0,114.0,44.0,70.0,44.0,70.0,44.0,170.0,100.0,0.5327102803738317,46761.99708458356,24910.596577768814,116.40465690546174,Success,0.0,"{'node_level': {}, 'link_level': {}, 'path_level': {}}","{'node_level': {1: {'cpu': -50}, 0: {'cpu': -31}, 2: {'cpu': -27}}, 'link_level': {}, 'path_level': {}}","{'node_level': {1: {'cpu': 0}, 0: {'cpu': 0}, 2: {'cpu': 0}}, 'link_level': {}, 'path_level': {}}",[],0.0,0.0,True,True,False,0,[],0,0.0,"OrderedDict([((0, 1), 0), ((1, 2), 0)])",1.0,0.0,3.0,2.0
56,40,21,8874.0,15592.0,4141603.20741071,7112587.333656531,0.569138019497178,0.5822920708210891,54,78,0,701.3612458714599,38956.0,6107,32849.0,0.15800358472356268,0.17039599959591878,35,265.3612458714599,436.0,2,1,False,{},{},{},{},0.0,0.0,0.0,0.0,0.0,0.0,0.0,0.0,0.0,0.0,0.0,0.0,0.0,0.0,Leave Event,0.0,"{'node_level': {}, 'link_level': {}, 'path_level': {}}","{'node_level': {}, 'link_level': {}, 'path_level': {}}","{'node_level': {}, 'link_level': {}, 'path_level': {}}",[],0.0,0.0,True,True,False,0,[],0,0.0,,,,,
57,41,22,8963.0,15742.0,4177316.7711787145,7172778.733265527,0.5693685681616059,0.582384725156149,54,79,1,716.0,38806.0,6079,32727.0,0.16186405625258515,0.17347711890089912,56,401.275997393307,716.0,3,2,True,"{1: np.int64(38), 0: np.int64(50), 2: np.int64(98)}","{(0, 1): [(np.int64(50), 0), (0, np.int64(38))], (1, 2): [(np.int64(38), 45), (45, np.int64(98))]}","{(1, np.int64(38)): {'cpu': 8}, (0, np.int64(50)): {'cpu': 12}, (2, np.int64(98)): {'cpu': 8}}","{((0, 1), (np.int64(50), 0)): {'bw': 39.0}, ((0, 1), (0, np.int64(38))): {'bw': 39.0}, ((1, 2), (np.int64(38), 45)): {'bw': 22.0}, ((1, 2), (45, np.int64(98))): {'bw': 22.0}}",150.0,89.0,89.0,28.0,61.0,28.0,61.0,28.0,122.0,61.0,0.5933333333333334,60191.39960899606,35713.56376800432,238.09042512002884,Success,0.0,"{'node_level': {}, 'link_level': {}, 'path_level': {}}","{'node_level': {1: {'cpu': -65}, 0: {'cpu': -69}, 2: {'cpu': -19}}, 'link_level': {}, 'path_level': {}}","{'node_level': {1: {'cpu': 0}, 0: {'cpu': 0}, 2: {'cpu': 0}}, 'link_level': {}, 'path_level': {}}",[],0.0,0.0,True,True,False,0,[],0,0.0,"OrderedDict([((0, 1), 0), ((1, 2), 0)])",0.0,0.0,3.0,2.0
57,41,21,8963.0,15742.0,4177316.7711787145,7172778.733265527,0.5693685681616059,0.582384725156149,54,80,0,717.5415178703479,39415.0,6151,33264.0,0.15193712946367022,0.15991514294373166,21,421.54151787034783,296.0,6,9,False,{},{},{},{},0.0,0.0,0.0,0.0,0.0,0.0,0.0,0.0,0.0,0.0,0.0,0.0,0.0,0.0,Leave Event,0.0,"{'node_level': {}, 'link_level': {}, 'path_level': {}}","{'node_level': {}, 'link_level': {}, 'path_level': {}}","{'node_level': {}, 'link_level': {}, 'path_level': {}}",[],0.0,0.0,True,True,False,0,[],0,0.0,,,,,
58,41,21,8963.0,15742.0,4177316.7711787145,7172778.733265527,0.5693685681616059,0.582384725156149,54,81,1,723.0,39415.0,6151,33264.0,0.15193712946367022,0.15991514294373166,57,17.10170904681252,723.0,9,21,False,"{3: np.int64(79), 0: np.int64(20), 6: np.int64(4), 1: np.int64(30), 5: np.int64(91), 8: np.int64(40), 2: np.int64(28), 7: np.int64(38), 4: np.int64(25)}","{(0, 8): [(np.int64(20), 28), (28, 8), (8, 40)], (1, 8): [(np.int64(30), 40)], (1, 5): [(np.int64(30), 91)], (2, 6): [(np.int64(28), 4)], (5, 8): [(np.int64(91), 38), (38, np.int64(40))]}","{(3, np.int64(79)): {'cpu': 8}, (0, np.int64(20)): {'cpu': 17}, (6, np.int64(4)): {'cpu': 9}, (1, np.int64(30)): {'cpu': 4}, (5, np.int64(91)): {'cpu': 4}, (8, np.int64(40)): {'cpu': 2}, (2, np.int64(28)): {'cpu': 4}, (7, np.int64(38)): {'cpu': 4}, (4, np.int64(25)): {'cpu': 6}}","{((0, 8), (np.int64(20), 28)): {'bw': 47.0}, ((0, 8), (28, 8)): {'bw': 47.0}, ((0, 8), (8, 40)): {'bw': 47.0}, ((1, 8), (np.int64(30), 40)): {'bw': 48.0}, ((1, 5), (np.int64(30), 91)): {'bw': 40.0}, ((2, 6), (np.int64(28), 4)): {'bw': 35.0}, ((5, 8), (np.int64(91), 38)): {'bw': 36.0}, ((5, 8), (38, np.int64(40))): {'bw': 36.0}}",0.0,0.0,515.0,58.0,457.0,0.0,0.0,0.0,0.0,0.0,0.0,0.0,0.0,0.0,Route Failure,0.0,"{'node_level': {}, 'link_level': {}, 'path_level': {}}","{'node_level': {3: {'cpu': -77}, 0: {'cpu': -79}, 6: {'cpu': -21}, 1: {'cpu': -36}, 5: {'cpu': -43}, 8: {'cpu': -67}, 2: {'cpu': -38}, 7: {'cpu': -61}, 4: {'cpu': -34}}, 'link_level': {}, 'path_level': {}}","{'node_level': {3: {'cpu': 0}, 0: {'cpu': 0}, 6: {'cpu': 0}, 1: {'cpu': 0}, 5: {'cpu': 0}, 8: {'cpu': 0}, 2: {'cpu': 0}, 7: {'cpu': 0}, 4: {'cpu': 0}}, 'link_level': {}, 'path_level': {}}",[],0.0,0.0,True,False,False,0,[],0,0.0,"OrderedDict([((0, 8), 0), ((1, 8), 0), ((1, 5), 0), ((2, 6), 0), ((5, 8), 0)])",2.0,0.0,9.0,5.0
58,41,20,8963.0,15742.0,4177316.7711787145,7172778.733265527,0.5693685681616059,0.582384725156149,54,82,0,728.2735485395775,39933.0,6230,33703.0,0.14104508479249966,0.14882816446105662,53,54.27354853957754,674.0,6,7,False,{},{},{},{},0.0,0.0,0.0,0.0,0.0,0.0,0.0,0.0,0.0,0.0,0.0,0.0,0.0,0.0,Leave Event,0.0,"{'node_level': {}, 'link_level': {}, 'path_level': {}}","{'node_level': {}, 'link_level': {}, 'path_level': {}}","{'node_level': {}, 'link_level': {}, 'path_level': {}}",[],0.0,0.0,True,True,False,0,[],0,0.0,,,,,
59,42,21,9148.0,16033.0,4498526.300838625,7678032.642081926,0.5705731927898708,0.5858956988777315,54,83,1,736.0,39642.0,6172,33470.0,0.14904177581690337,0.15471259723204367,58,1736.267727891407,736.0,5,6,True,"{2: np.int64(4), 3: np.int64(78), 1: np.int64(79), 0: np.int64(20), 4: np.int64(13)}","{(0, 2): [(np.int64(20), 28), (28, np.int64(4))], (0, 3): [(np.int64(20), 78)], (0, 4): [(np.int64(20), 72), (72, np.int64(13))], (0, 1): [(np.int64(20), 72), (72, 82), (82, np.int64(79))], (2, 3): [(np.int64(4), 78)], (1, 4): [(np.int64(79), 4), (4, np.int64(13))]}","{(2, np.int64(4)): {'cpu': 20}, (3, np.int64(78)): {'cpu': 14}, (1, np.int64(79)): {'cpu': 13}, (0, np.int64(20)): {'cpu': 3}, (4, np.int64(13)): {'cpu': 8}}","{((0, 2), (np.int64(20), 28)): {'bw': 36.0}, ((0, 2), (28, np.int64(4))): {'bw': 36.0}, ((0, 3), (np.int64(20), 78)): {'bw': 30.0}, ((0, 4), (np.int64(20), 72)): {'bw': 21.0}, ((0, 4), (72, np.int64(13))): {'bw': 21.0}, ((0, 1), (np.int64(20), 72)): {'bw': 20.0}, ((0, 1), (72, 82)): {'bw': 20.0}, ((0, 1), (82, np.int64(79))): {'bw': 20.0}, ((2, 3), (np.int64(4), 78)): {'bw': 11.0}, ((1, 4), (np.int64(79), 4)): {'bw': 9.0}, ((1, 4), (4, np.int64(13))): {'bw': 9.0}}",291.0,185.0,185.0,58.0,127.0,58.0,127.0,58.0,233.0,106.0,0.6357388316151202,505253.90881639946,321209.5296599103,1103.8128167007226,Success,0.0,"{'node_level': {}, 'link_level': {}, 'path_level': {}}","{'node_level': {2: {'cpu': -17}, 3: {'cpu': -49}, 1: {'cpu': -72}, 0: {'cpu': -93}, 4: {'cpu': -45}}, 'link_level': {}, 'path_level': {}}","{'node_level': {2: {'cpu': 0}, 3: {'cpu': 0}, 1: {'cpu': 0}, 0: {'cpu': 0}, 4: {'cpu': 0}}, 'link_level': {}, 'path_level': {}}",[],0.0,0.0,True,True,False,0,[],0,0.0,"OrderedDict([((0, 2), 0), ((0, 3), 0), ((0, 4), 0), ((0, 1), 0), ((2, 3), 0), ((1, 4), 0)])",0.0,0.0,5.0,6.0
59,42,21,9148.0,16033.0,4498526.300838625,7678032.642081926,0.5705731927898708,0.5858956988777315,54,84,0,736.4613788582313,39642.0,6172,33470.0,0.14904177581690337,0.15471259723204367,54,48.461378858231306,688.0,10,23,False,{},{},{},{},0.0,0.0,0.0,0.0,0.0,0.0,0.0,0.0,0.0,0.0,0.0,0.0,0.0,0.0,Leave Event,0.0,"{'node_level': {}, 'link_level': {}, 'path_level': {}}","{'node_level': {}, 'link_level': {}, 'path_level': {}}","{'node_level': {}, 'link_level': {}, 'path_level': {}}",[],0.0,0.0,True,True,False,0,[],0,0.0,,,,,
59,42,21,9148.0,16033.0,4498526.300838625,7678032.642081926,0.5705731927898708,0.5858956988777315,54,85,0,740.1017090468125,39642.0,6172,33470.0,0.14904177581690337,0.15471259723204367,57,17.10170904681252,723.0,9,21,False,{},{},{},{},0.0,0.0,0.0,0.0,0.0,0.0,0.0,0.0,0.0,0.0,0.0,0.0,0.0,0.0,Leave Event,0.0,"{'node_level': {}, 'link_level': {}, 'path_level': {}}","{'node_level': {}, 'link_level': {}, 'path_level': {}}","{'node_level': {}, 'link_level': {}, 'path_level': {}}",[],0.0,0.0,True,True,False,0,[],0,0.0,,,,,
60,42,21,9148.0,16033.0,4498526.300838625,7678032.642081926,0.5705731927898708,0.5858956988777315,54,86,1,748.0,39642.0,6172,33470.0,0.14904177581690337,0.15471259723204367,59,193.5650443266699,748.0,8,15,False,"{7: np.int64(30), 0: np.int64(18), 3: np.int64(91), 6: np.int64(97), 5: np.int64(38), 1: np.int64(25), 4: np.int64(0), 2: np.int64(43)}","{(2, 6): [(np.int64(43), 53), (53, 84), (84, np.int64(97))], (1, 3): [(np.int64(25), 91)], (1, 5): [(np.int64(25), 11), (11, np.int64(38))], (2, 7): [(np.int64(43), 0), (0, np.int64(30))], (0, 1): [(np.int64(18), 33), (33, np.int64(25))]}","{(7, np.int64(30)): {'cpu': 20}, (0, np.int64(18)): {'cpu': 16}, (3, np.int64(91)): {'cpu': 9}, (6, np.int64(97)): {'cpu': 12}, (5, np.int64(38)): {'cpu': 8}, (1, np.int64(25)): {'cpu': 2}, (4, np.int64(0)): {'cpu': 12}, (2, np.int64(43)): {'cpu': 2}}","{((2, 6), (np.int64(43), 53)): {'bw': 49.0}, ((2, 6), (53, 84)): {'bw': 49.0}, ((2, 6), (84, np.int64(97))): {'bw': 49.0}, ((1, 3), (np.int64(25), 91)): {'bw': 46.0}, ((1, 5), (np.int64(25), 11)): {'bw': 41.0}, ((1, 5), (11, np.int64(38))): {'bw': 41.0}, ((2, 7), (np.int64(43), 0)): {'bw': 43.0}, ((2, 7), (0, np.int64(30))): {'bw': 43.0}, ((0, 1), (np.int64(18), 33)): {'bw': 38.0}, ((0, 1), (33, np.int64(25))): {'bw': 38.0}}",0.0,0.0,483.0,81.0,402.0,0.0,0.0,0.0,0.0,0.0,0.0,0.0,0.0,0.0,Route Failure,0.0,"{'node_level': {}, 'link_level': {}, 'path_level': {}}","{'node_level': {7: {'cpu': -20}, 0: {'cpu': -1}, 3: {'cpu': -38}, 6: {'cpu': -53}, 5: {'cpu': -57}, 1: {'cpu': -38}, 4: {'cpu': -70}, 2: {'cpu': -47}}, 'link_level': {}, 'path_level': {}}","{'node_level': {7: {'cpu': 0}, 0: {'cpu': 0}, 3: {'cpu': 0}, 6: {'cpu': 0}, 5: {'cpu': 0}, 1: {'cpu': 0}, 4: {'cpu': 0}, 2: {'cpu': 0}}, 'link_level': {}, 'path_level': {}}",[],0.0,0.0,True,False,False,0,[],0,0.0,"OrderedDict([((2, 6), 0), ((1, 3), 0), ((1, 5), 0), ((2, 7), 0), ((0, 1), 0)])",1.0,0.0,8.0,5.0
61,43,22,9713.0,17084.0,4569174.324072695,7809450.4693722045,0.5685436665886209,0.5850826946137233,54,87,1,761.0,38591.0,6066,32525.0,0.16365641803391695,0.1785786443075058,60,125.04074908684987,761.0,9,20,True,"{6: np.int64(30), 5: np.int64(18), 7: np.int64(0), 2: np.int64(97), 0: np.int64(91), 4: np.int64(9), 8: np.int64(38), 3: np.int64(25), 1: np.int64(43)}","{(0, 2): [(np.int64(91), 34), (34, np.int64(97))], (6, 8): [(np.int64(30), 40), (40, np.int64(38))], (2, 6): [(np.int64(97), 12), (12, 37), (37, np.int64(30))], (4, 5): [(np.int64(9), 97), (97, 77), (77, np.int64(18))], (0, 7): [(np.int64(91), 30), (30, np.int64(0))], (2, 5): [(np.int64(97), 84), (84, np.int64(18))], (0, 5): [(np.int64(91), 18)], (1, 2): [(np.int64(43), 53), (53, 84), (84, np.int64(97))], (5, 8): [(np.int64(18), 2), (2, np.int64(38))], (5, 6): [(np.int64(18), 37), (37, np.int64(30))], (5, 7): [(np.int64(18), 0)], (0, 8): [(np.int64(91), 38)], (3, 4): [(np.int64(25), 81), (81, np.int64(9))], (3, 7): [(np.int64(25), 43), (43, np.int64(0))], (7, 8): [(np.int64(0), 43), (43, np.int64(38))], (1, 3): [(np.int64(43), 11), (11, np.int64(25))], (1, 7): [(np.int64(43), 0)], (2, 3): [(np.int64(97), 84), (84, np.int64(25))], (1, 5): [(np.int64(43), 0), (0, np.int64(18))], (0, 6): [(np.int64(91), 30)]}","{(6, np.int64(30)): {'cpu': 19}, (5, np.int64(18)): {'cpu': 8}, (7, np.int64(0)): {'cpu': 18}, (2, np.int64(97)): {'cpu': 9}, (0, np.int64(91)): {'cpu': 10}, (4, np.int64(9)): {'cpu': 20}, (8, np.int64(38)): {'cpu': 11}, (3, np.int64(25)): {'cpu': 9}, (1, np.int64(43)): {'cpu': 2}}","{((0, 2), (np.int64(91), 34)): {'bw': 44.0}, ((0, 2), (34, np.int64(97))): {'bw': 44.0}, ((6, 8), (np.int64(30), 40)): {'bw': 42.0}, ((6, 8), (40, np.int64(38))): {'bw': 42.0}, ((2, 6), (np.int64(97), 12)): {'bw': 41.0}, ((2, 6), (12, 37)): {'bw': 41.0}, ((2, 6), (37, np.int64(30))): {'bw': 41.0}, ((4, 5), (np.int64(9), 97)): {'bw': 41.0}, ((4, 5), (97, 77)): {'bw': 41.0}, ((4, 5), (77, np.int64(18))): {'bw': 41.0}, ((0, 7), (np.int64(91), 30)): {'bw': 39.0}, ((0, 7), (30, np.int64(0))): {'bw': 39.0}, ((2, 5), (np.int64(97), 84)): {'bw': 41.0}, ((2, 5), (84, np.int64(18))): {'bw': 41.0}, ((0, 5), (np.int64(91), 18)): {'bw': 34.0}, ((1, 2), (np.int64(43), 53)): {'bw': 30.0}, ((1, 2), (53, 84)): {'bw': 30.0}, ((1, 2), (84, np.int64(97))): {'bw': 30.0}, ((5, 8), (np.int64(18), 2)): {'bw': 23.0}, ((5, 8), (2, np.int64(38))): {'bw': 23.0}, ((5, 6), (np.int64(18), 37)): {'bw': 25.0}, ((5, 6), (37, np.int64(30))): {'bw': 25.0}, ((5, 7), (np.int64(18), 0)): {'bw': 24.0}, ((0, 8), (np.int64(91), 38)): {'bw': 20.0}, ((3, 4), (np.int64(25), 81)): {'bw': 17.0}, ((3, 4), (81, np.int64(9))): {'bw': 17.0}, ((3, 7), (np.int64(25), 43)): {'bw': 8.0}, ((3, 7), (43, np.int64(0))): {'bw': 8.0}, ((7, 8), (np.int64(0), 43)): {'bw': 7.0}, ((7, 8), (43, np.int64(38))): {'bw': 7.0}, ((1, 3), (np.int64(43), 11)): {'bw': 7.0}, ((1, 3), (11, np.int64(25))): {'bw': 7.0}, ((1, 7), (np.int64(43), 0)): {'bw': 5.0}, ((2, 3), (np.int64(97), 84)): {'bw': 3.0}, ((2, 3), (84, np.int64(25))): {'bw': 3.0}, ((1, 5), (np.int64(43), 0)): {'bw': 6.0}, ((1, 5), (0, np.int64(18))): {'bw': 6.0}, ((0, 6), (np.int64(91), 30)): {'bw': 2.0}}",1051.0,565.0,565.0,106.0,459.0,106.0,459.0,106.0,945.0,486.0,0.5375832540437678,131417.8272902792,70648.02323407018,67.21981278217905,Success,0.0,"{'node_level': {}, 'link_level': {}, 'path_level': {}}","{'node_level': {6: {'cpu': -21}, 5: {'cpu': -9}, 7: {'cpu': -64}, 2: {'cpu': -56}, 0: {'cpu': -37}, 4: {'cpu': -74}, 8: {'cpu': -54}, 3: {'cpu': -31}, 1: {'cpu': -47}}, 'link_level': {}, 'path_level': {}}","{'node_level': {6: {'cpu': 0}, 5: {'cpu': 0}, 7: {'cpu': 0}, 2: {'cpu': 0}, 0: {'cpu': 0}, 4: {'cpu': 0}, 8: {'cpu': 0}, 3: {'cpu': 0}, 1: {'cpu': 0}}, 'link_level': {}, 'path_level': {}}",[],0.0,0.0,True,True,False,0,[],0,0.0,"OrderedDict([((0, 2), 0), ((6, 8), 0), ((2, 6), 0), ((4, 5), 0), ((0, 7), 0), ((2, 5), 0), ((0, 5), 0), ((1, 2), 0), ((5, 8), 0), ((5, 6), 0), ((5, 7), 0), ((0, 8), 0), ((3, 4), 0), ((3, 7), 0), ((7, 8), 0), ((1, 3), 0), ((1, 7), 0), ((2, 3), 0), ((1, 5), 0), ((0, 6), 0)])",0.0,0.0,9.0,20.0
61,43,21,9713.0,17084.0,4569174.324072695,7809450.4693722045,0.5685436665886209,0.5850826946137233,54,88,0,774.8323666643691,39371.0,6156,33215.0,0.15124775954777336,0.16115264168097787,49,169.8323666643692,605.0,8,11,False,{},{},{},{},0.0,0.0,0.0,0.0,0.0,0.0,0.0,0.0,0.0,0.0,0.0,0.0,0.0,0.0,Leave Event,0.0,"{'node_level': {}, 'link_level': {}, 'path_level': {}}","{'node_level': {}, 'link_level': {}, 'path_level': {}}","{'node_level': {}, 'link_level': {}, 'path_level': {}}",[],0.0,0.0,True,True,False,0,[],0,0.0,,,,,
62,44,22,9828.0,17256.0,4577931.207661427,7822547.721348395,0.5695410292072323,0.5852225350019745,54,89,1,778.0,39199.0,6121,33078.0,0.15607334895905145,0.16461258713001314,61,76.1468138150583,778.0,4,3,True,"{2: np.int64(1), 0: np.int64(32), 1: np.int64(60), 3: np.int64(72)}","{(1, 2): [(np.int64(60), 13), (13, np.int64(1))], (0, 1): [(np.int64(32), 60)], (1, 3): [(np.int64(60), 89), (89, np.int64(72))]}","{(2, np.int64(1)): {'cpu': 15}, (0, np.int64(32)): {'cpu': 15}, (1, np.int64(60)): {'cpu': 1}, (3, np.int64(72)): {'cpu': 4}}","{((1, 2), (np.int64(60), 13)): {'bw': 48.0}, ((1, 2), (13, np.int64(1))): {'bw': 48.0}, ((0, 1), (np.int64(32), 60)): {'bw': 23.0}, ((1, 3), (np.int64(60), 89)): {'bw': 9.0}, ((1, 3), (89, np.int64(72))): {'bw': 9.0}}",172.0,115.0,115.0,35.0,80.0,35.0,80.0,35.0,137.0,57.0,0.6686046511627907,13097.251976190026,8756.883588731704,50.91211388797502,Success,0.0,"{'node_level': {}, 'link_level': {}, 'path_level': {}}","{'node_level': {2: {'cpu': -28}, 0: {'cpu': -54}, 1: {'cpu': -48}, 3: {'cpu': -52}}, 'link_level': {}, 'path_level': {}}","{'node_level': {2: {'cpu': 0}, 0: {'cpu': 0}, 1: {'cpu': 0}, 3: {'cpu': 0}}, 'link_level': {}, 'path_level': {}}",[],0.0,0.0,True,True,False,0,[],0,0.0,"OrderedDict([((1, 2), 0), ((0, 1), 0), ((1, 3), 0)])",0.0,0.0,4.0,3.0
63,45,23,9890.0,17318.0,4581103.146737428,7825719.660424396,0.5710821110982792,0.5853906535784328,54,90,1,794.0,39137.0,6092,33045.0,0.16007169447125325,0.16544600464693404,62,51.16030767745007,794.0,2,1,True,"{1: np.int64(18), 0: np.int64(91)}","{(0, 1): [(np.int64(91), 18)]}","{(1, np.int64(18)): {'cpu': 16}, (0, np.int64(91)): {'cpu': 13}}","{((0, 1), (np.int64(91), 18)): {'bw': 33.0}}",62.0,62.0,62.0,29.0,33.0,29.0,33.0,29.0,33.0,0.0,1.0,3171.9390760019046,3171.9390760019046,51.16030767745007,Success,0.0,"{'node_level': {}, 'link_level': {}, 'path_level': {}}","{'node_level': {1: {'cpu': -11}, 0: {'cpu': -43}}, 'link_level': {}, 'path_level': {}}","{'node_level': {1: {'cpu': 0}, 0: {'cpu': 0}}, 'link_level': {}, 'path_level': {}}",[],0.0,0.0,True,True,False,0,[],0,0.0,"OrderedDict([((0, 1), 0)])",0.0,0.0,2.0,1.0
63,45,22,9890.0,17318.0,4581103.146737428,7825719.660424396,0.5710821110982792,0.5853906535784328,54,91,0,795.155400200748,39189.0,6124,33065.0,0.15565972700951336,0.16494090312152743,44,251.155400200748,544.0,2,1,False,{},{},{},{},0.0,0.0,0.0,0.0,0.0,0.0,0.0,0.0,0.0,0.0,0.0,0.0,0.0,0.0,Leave Event,0.0,"{'node_level': {}, 'link_level': {}, 'path_level': {}}","{'node_level': {}, 'link_level': {}, 'path_level': {}}","{'node_level': {}, 'link_level': {}, 'path_level': {}}",[],0.0,0.0,True,True,False,0,[],0,0.0,,,,,
64,45,22,9890.0,17318.0,4581103.146737428,7825719.660424396,0.5710821110982792,0.5853906535784328,54,92,1,801.0,39189.0,6124,33065.0,0.15565972700951336,0.16494090312152743,63,2068.905066586304,801.0,5,5,False,"{0: np.int64(1), 1: np.int64(91), 3: np.int64(77)}",{},"{(0, np.int64(1)): {'cpu': 5}, (1, np.int64(91)): {'cpu': 7}, (3, np.int64(77)): {'cpu': 14}}",{},0.0,0.0,186.0,36.0,150.0,0.0,0.0,0.0,0.0,0.0,0.0,0.0,0.0,0.0,Place Failure,0.0,"{'node_level': {}, 'link_level': {}, 'path_level': {}}","{'node_level': {0: {'cpu': -39}, 1: {'cpu': -52}, 3: {'cpu': -12}}, 'link_level': {}, 'path_level': {}}","{'node_level': {0: {'cpu': 0}, 1: {'cpu': 0}, 3: {'cpu': 0}}, 'link_level': {}, 'path_level': {}}",[],0.0,0.0,False,True,False,0,[],0,0.0,,,,3.0,0.0
65,45,22,9890.0,17318.0,4581103.146737428,7825719.660424396,0.5710821110982792,0.5853906535784328,54,93,1,815.0,39189.0,6124,33065.0,0.15565972700951336,0.16494090312152743,64,150.78295595034774,815.0,7,12,False,"{0: np.int64(1), 5: np.int64(91), 3: np.int64(77), 6: np.int64(60), 2: np.int64(36), 4: np.int64(72), 1: np.int64(32)}","{(2, 6): [(np.int64(36), 32), (32, np.int64(60))], (2, 5): [(np.int64(36), 91)], (1, 5): [(np.int64(32), 31), (31, 19), (19, np.int64(91))], (0, 5): [(np.int64(1), 77), (77, np.int64(91))]}","{(0, np.int64(1)): {'cpu': 14}, (5, np.int64(91)): {'cpu': 8}, (3, np.int64(77)): {'cpu': 18}, (6, np.int64(60)): {'cpu': 9}, (2, np.int64(36)): {'cpu': 5}, (4, np.int64(72)): {'cpu': 16}, (1, np.int64(32)): {'cpu': 6}}","{((2, 6), (np.int64(36), 32)): {'bw': 40.0}, ((2, 6), (32, np.int64(60))): {'bw': 40.0}, ((2, 5), (np.int64(36), 91)): {'bw': 41.0}, ((1, 5), (np.int64(32), 31)): {'bw': 41.0}, ((1, 5), (31, 19)): {'bw': 41.0}, ((1, 5), (19, np.int64(91))): {'bw': 41.0}, ((0, 5), (np.int64(1), 77)): {'bw': 40.0}, ((0, 5), (77, np.int64(91))): {'bw': 40.0}}",0.0,0.0,393.0,76.0,317.0,0.0,0.0,0.0,0.0,0.0,0.0,0.0,0.0,0.0,Route Failure,0.0,"{'node_level': {}, 'link_level': {}, 'path_level': {}}","{'node_level': {0: {'cpu': -30}, 5: {'cpu': -51}, 3: {'cpu': -8}, 6: {'cpu': -39}, 2: {'cpu': -61}, 4: {'cpu': -36}, 1: {'cpu': -48}}, 'link_level': {}, 'path_level': {}}","{'node_level': {0: {'cpu': 0}, 5: {'cpu': 0}, 3: {'cpu': 0}, 6: {'cpu': 0}, 2: {'cpu': 0}, 4: {'cpu': 0}, 1: {'cpu': 0}}, 'link_level': {}, 'path_level': {}}",[],0.0,0.0,True,False,False,0,[],0,0.0,"OrderedDict([((2, 6), 0), ((2, 5), 0), ((1, 5), 0), ((0, 5), 0)])",0.0,0.0,7.0,4.0
66,46,23,10100.0,17682.0,4661961.217915152,7965873.6504657855,0.5712023526750367,0.5852416724739985,54,94,1,821.0,38825.0,6051,32774.0,0.16572452778160762,0.17229013031619356,65,385.03843417963935,821.0,6,6,True,"{4: np.int64(1), 3: np.int64(91), 1: np.int64(77), 5: np.int64(60), 0: np.int64(32), 2: np.int64(83)}","{(0, 2): [(np.int64(32), 31), (31, 19), (19, np.int64(83))], (3, 4): [(np.int64(91), 77), (77, np.int64(1))], (4, 5): [(np.int64(1), 80), (80, np.int64(60))], (1, 4): [(np.int64(77), 1)], (0, 5): [(np.int64(32), 60)], (0, 1): [(np.int64(32), 31), (31, 3), (3, np.int64(77))]}","{(4, np.int64(1)): {'cpu': 20}, (3, np.int64(91)): {'cpu': 15}, (1, np.int64(77)): {'cpu': 18}, (5, np.int64(60)): {'cpu': 9}, (0, np.int64(32)): {'cpu': 5}, (2, np.int64(83)): {'cpu': 6}}","{((0, 2), (np.int64(32), 31)): {'bw': 38.0}, ((0, 2), (31, 19)): {'bw': 38.0}, ((0, 2), (19, np.int64(83))): {'bw': 38.0}, ((3, 4), (np.int64(91), 77)): {'bw': 39.0}, ((3, 4), (77, np.int64(1))): {'bw': 39.0}, ((4, 5), (np.int64(1), 80)): {'bw': 31.0}, ((4, 5), (80, np.int64(60))): {'bw': 31.0}, ((1, 4), (np.int64(77), 1)): {'bw': 21.0}, ((0, 5), (np.int64(32), 60)): {'bw': 4.0}, ((0, 1), (np.int64(32), 31)): {'bw': 4.0}, ((0, 1), (31, 3)): {'bw': 4.0}, ((0, 1), (3, np.int64(77))): {'bw': 4.0}}",364.0,210.0,210.0,73.0,137.0,73.0,137.0,73.0,291.0,154.0,0.5769230769230769,140153.99004138872,80858.07117772427,222.13755818056114,Success,0.0,"{'node_level': {}, 'link_level': {}, 'path_level': {}}","{'node_level': {4: {'cpu': -24}, 3: {'cpu': -44}, 1: {'cpu': -8}, 5: {'cpu': -39}, 0: {'cpu': -49}, 2: {'cpu': -55}}, 'link_level': {}, 'path_level': {}}","{'node_level': {4: {'cpu': 0}, 3: {'cpu': 0}, 1: {'cpu': 0}, 5: {'cpu': 0}, 0: {'cpu': 0}, 2: {'cpu': 0}}, 'link_level': {}, 'path_level': {}}",[],0.0,0.0,True,True,False,0,[],0,0.0,"OrderedDict([((0, 2), 0), ((3, 4), 0), ((4, 5), 0), ((1, 4), 0), ((0, 5), 0), ((0, 1), 0)])",2.0,0.0,6.0,6.0
67,46,23,10100.0,17682.0,4661961.217915152,7965873.6504657855,0.5712023526750367,0.5852416724739985,54,95,1,839.0,38825.0,6051,32774.0,0.16572452778160762,0.17229013031619356,66,297.0367475186629,839.0,6,10,False,"{4: np.int64(72), 3: np.int64(36), 2: np.int64(46), 1: np.int64(41), 5: np.int64(52)}",{},"{(4, np.int64(72)): {'cpu': 16}, (3, np.int64(36)): {'cpu': 13}, (2, np.int64(46)): {'cpu': 11}, (1, np.int64(41)): {'cpu': 18}, (5, np.int64(52)): {'cpu': 3}}",{},0.0,0.0,295.0,63.0,232.0,0.0,0.0,0.0,0.0,0.0,0.0,0.0,0.0,0.0,Place Failure,0.0,"{'node_level': {}, 'link_level': {}, 'path_level': {}}","{'node_level': {4: {'cpu': -36}, 3: {'cpu': -53}, 2: {'cpu': -71}, 1: {'cpu': -15}, 5: {'cpu': -81}}, 'link_level': {}, 'path_level': {}}","{'node_level': {4: {'cpu': 0}, 3: {'cpu': 0}, 2: {'cpu': 0}, 1: {'cpu': 0}, 5: {'cpu': 0}}, 'link_level': {}, 'path_level': {}}",[],0.0,0.0,False,True,False,0,[],0,0.0,,,,5.0,0.0
67,46,22,10100.0,17682.0,4661961.217915152,7965873.6504657855,0.5712023526750367,0.5852416724739985,54,96,0,845.1603076774501,38887.0,6080,32807.0,0.16172618226940572,0.17145671279927266,62,51.16030767745007,794.0,2,1,False,{},{},{},{},0.0,0.0,0.0,0.0,0.0,0.0,0.0,0.0,0.0,0.0,0.0,0.0,0.0,0.0,Leave Event,0.0,"{'node_level': {}, 'link_level': {}, 'path_level': {}}","{'node_level': {}, 'link_level': {}, 'path_level': {}}","{'node_level': {}, 'link_level': {}, 'path_level': {}}",[],0.0,0.0,True,True,False,0,[],0,0.0,,,,,
68,47,23,10493.0,18262.0,4682570.499546727,7996289.384171418,0.5745810973606396,0.5855929262409928,54,97,1,854.0,38307.0,5972,32335.0,0.17661657245277818,0.1833771087988686,67,52.44092018212503,854.0,8,9,True,"{5: np.int64(18), 2: np.int64(91), 4: np.int64(72), 6: np.int64(36), 1: np.int64(46), 0: np.int64(41), 7: np.int64(78), 3: np.int64(68)}","{(2, 5): [(np.int64(91), 18)], (0, 7): [(np.int64(41), 68), (68, np.int64(78))], (1, 2): [(np.int64(46), 39), (39, np.int64(91))], (0, 6): [(np.int64(41), 36)], (1, 5): [(np.int64(46), 18)], (2, 4): [(np.int64(91), 89), (89, np.int64(72))], (4, 6): [(np.int64(72), 89), (89, 91), (91, np.int64(36))], (3, 4): [(np.int64(68), 82), (82, np.int64(72))], (3, 7): [(np.int64(68), 71), (71, np.int64(78))]}","{(5, np.int64(18)): {'cpu': 19}, (2, np.int64(91)): {'cpu': 12}, (4, np.int64(72)): {'cpu': 20}, (6, np.int64(36)): {'cpu': 17}, (1, np.int64(46)): {'cpu': 7}, (0, np.int64(41)): {'cpu': 6}, (7, np.int64(78)): {'cpu': 10}, (3, np.int64(68)): {'cpu': 17}}","{((2, 5), (np.int64(91), 18)): {'bw': 43.0}, ((0, 7), (np.int64(41), 68)): {'bw': 42.0}, ((0, 7), (68, np.int64(78))): {'bw': 42.0}, ((1, 2), (np.int64(46), 39)): {'bw': 42.0}, ((1, 2), (39, np.int64(91))): {'bw': 42.0}, ((0, 6), (np.int64(41), 36)): {'bw': 43.0}, ((1, 5), (np.int64(46), 18)): {'bw': 40.0}, ((2, 4), (np.int64(91), 89)): {'bw': 27.0}, ((2, 4), (89, np.int64(72))): {'bw': 27.0}, ((4, 6), (np.int64(72), 89)): {'bw': 28.0}, ((4, 6), (89, 91)): {'bw': 28.0}, ((4, 6), (91, np.int64(36))): {'bw': 28.0}, ((3, 4), (np.int64(68), 82)): {'bw': 12.0}, ((3, 4), (82, np.int64(72))): {'bw': 12.0}, ((3, 7), (np.int64(68), 71)): {'bw': 8.0}, ((3, 7), (71, np.int64(78))): {'bw': 8.0}}",580.0,393.0,393.0,108.0,285.0,108.0,285.0,108.0,472.0,187.0,0.6775862068965517,30415.73370563252,20609.281631575137,35.53324419237092,Success,0.0,"{'node_level': {}, 'link_level': {}, 'path_level': {}}","{'node_level': {5: {'cpu': -8}, 2: {'cpu': -45}, 4: {'cpu': -32}, 6: {'cpu': -49}, 1: {'cpu': -75}, 0: {'cpu': -27}, 7: {'cpu': -39}, 3: {'cpu': -34}}, 'link_level': {}, 'path_level': {}}","{'node_level': {5: {'cpu': 0}, 2: {'cpu': 0}, 4: {'cpu': 0}, 6: {'cpu': 0}, 1: {'cpu': 0}, 0: {'cpu': 0}, 7: {'cpu': 0}, 3: {'cpu': 0}}, 'link_level': {}, 'path_level': {}}",[],0.0,0.0,True,True,False,0,[],0,0.0,"OrderedDict([((2, 5), 0), ((0, 7), 0), ((1, 2), 0), ((0, 6), 0), ((1, 5), 0), ((2, 4), 0), ((4, 6), 0), ((3, 4), 0), ((3, 7), 0)])",1.0,0.0,8.0,9.0
68,47,22,10493.0,18262.0,4682570.499546727,7996289.384171418,0.5745810973606396,0.5855929262409928,54,98,0,854.1468138150583,38479.0,6007,32472.0,0.1717909830415001,0.17991716334983332,61,76.1468138150583,778.0,4,3,False,{},{},{},{},0.0,0.0,0.0,0.0,0.0,0.0,0.0,0.0,0.0,0.0,0.0,0.0,0.0,0.0,Leave Event,0.0,"{'node_level': {}, 'link_level': {}, 'path_level': {}}","{'node_level': {}, 'link_level': {}, 'path_level': {}}","{'node_level': {}, 'link_level': {}, 'path_level': {}}",[],0.0,0.0,True,True,False,0,[],0,0.0,,,,,
68,47,22,10493.0,18262.0,4682570.499546727,7996289.384171418,0.5745810973606396,0.5855929262409928,54,99,0,865.8178424972212,38479.0,6007,32472.0,0.1717909830415001,0.17991716334983332,50,241.81784249722122,624.0,10,16,False,{},{},{},{},0.0,0.0,0.0,0.0,0.0,0.0,0.0,0.0,0.0,0.0,0.0,0.0,0.0,0.0,Leave Event,0.0,"{'node_level': {}, 'link_level': {}, 'path_level': {}}","{'node_level': {}, 'link_level': {}, 'path_level': {}}","{'node_level': {}, 'link_level': {}, 'path_level': {}}",[],0.0,0.0,True,True,False,0,[],0,0.0,,,,,
69,48,23,10684.0,18509.0,4724050.509787397,8049931.072807258,0.5772326976065698,0.5868435974247387,54,100,1,866.0,38232.0,5943,32289.0,0.18061491796497997,0.18453884230730377,68,217.1728284851835,866.0,6,5,True,"{3: np.int64(1), 5: np.int64(32), 4: np.int64(60), 1: np.int64(79), 0: np.int64(11), 2: np.int64(77)}","{(0, 4): [(np.int64(11), 75), (75, np.int64(60))], (1, 3): [(np.int64(79), 1)], (2, 3): [(np.int64(77), 1)], (4, 5): [(np.int64(60), 32)], (2, 5): [(np.int64(77), 18), (18, np.int64(32))]}","{(3, np.int64(1)): {'cpu': 16}, (5, np.int64(32)): {'cpu': 14}, (4, np.int64(60)): {'cpu': 6}, (1, np.int64(79)): {'cpu': 14}, (0, np.int64(11)): {'cpu': 7}, (2, np.int64(77)): {'cpu': 7}}","{((0, 4), (np.int64(11), 75)): {'bw': 42.0}, ((0, 4), (75, np.int64(60))): {'bw': 42.0}, ((1, 3), (np.int64(79), 1)): {'bw': 24.0}, ((2, 3), (np.int64(77), 1)): {'bw': 25.0}, ((4, 5), (np.int64(60), 32)): {'bw': 22.0}, ((2, 5), (np.int64(77), 18)): {'bw': 14.0}, ((2, 5), (18, np.int64(32))): {'bw': 14.0}}",247.0,191.0,191.0,64.0,127.0,64.0,127.0,64.0,183.0,56.0,0.7732793522267206,53641.68863584032,41480.010240670046,167.93526413226738,Success,0.0,"{'node_level': {}, 'link_level': {}, 'path_level': {}}","{'node_level': {3: {'cpu': -23}, 5: {'cpu': -50}, 4: {'cpu': -34}, 1: {'cpu': -58}, 0: {'cpu': -66}, 2: {'cpu': -1}}, 'link_level': {}, 'path_level': {}}","{'node_level': {3: {'cpu': 0}, 5: {'cpu': 0}, 4: {'cpu': 0}, 1: {'cpu': 0}, 0: {'cpu': 0}, 2: {'cpu': 0}}, 'link_level': {}, 'path_level': {}}",[],0.0,0.0,True,True,False,0,[],0,0.0,"OrderedDict([((0, 4), 0), ((1, 3), 0), ((2, 3), 0), ((4, 5), 0), ((2, 5), 0)])",2.0,0.0,6.0,5.0
70,49,24,10818.0,18699.0,4766492.5054676505,8110110.021906124,0.5785336114230708,0.5877222987842252,54,101,1,878.0,38042.0,5904,32138.0,0.18599200330897558,0.1883523588241236,69,316.7313110466631,878.0,6,6,True,"{2: np.int64(13), 1: np.int64(59), 4: np.int64(83), 0: np.int64(4), 3: np.int64(90), 5: np.int64(50)}","{(0, 2): [(np.int64(4), 13)], (0, 1): [(np.int64(4), 22), (22, np.int64(59))], (0, 4): [(np.int64(4), 88), (88, np.int64(83))], (0, 5): [(np.int64(4), 50)], (3, 4): [(np.int64(90), 0), (0, np.int64(83))], (2, 3): [(np.int64(13), 95), (95, 48), (48, np.int64(90))]}","{(2, np.int64(13)): {'cpu': 18}, (1, np.int64(59)): {'cpu': 7}, (4, np.int64(83)): {'cpu': 5}, (0, np.int64(4)): {'cpu': 1}, (3, np.int64(90)): {'cpu': 5}, (5, np.int64(50)): {'cpu': 3}}","{((0, 2), (np.int64(4), 13)): {'bw': 31.0}, ((0, 1), (np.int64(4), 22)): {'bw': 26.0}, ((0, 1), (22, np.int64(59))): {'bw': 26.0}, ((0, 4), (np.int64(4), 88)): {'bw': 12.0}, ((0, 4), (88, np.int64(83))): {'bw': 12.0}, ((0, 5), (np.int64(4), 50)): {'bw': 11.0}, ((3, 4), (np.int64(90), 0)): {'bw': 12.0}, ((3, 4), (0, np.int64(83))): {'bw': 12.0}, ((2, 3), (np.int64(13), 95)): {'bw': 3.0}, ((2, 3), (95, 48)): {'bw': 3.0}, ((2, 3), (48, np.int64(90))): {'bw': 3.0}}",190.0,134.0,134.0,39.0,95.0,39.0,95.0,39.0,151.0,56.0,0.7052631578947368,60178.94909886599,42441.995680252854,223.37892463290976,Success,0.0,"{'node_level': {}, 'link_level': {}, 'path_level': {}}","{'node_level': {2: {'cpu': -27}, 1: {'cpu': -77}, 4: {'cpu': -50}, 0: {'cpu': -16}, 3: {'cpu': -61}, 5: {'cpu': -66}}, 'link_level': {}, 'path_level': {}}","{'node_level': {2: {'cpu': 0}, 1: {'cpu': 0}, 4: {'cpu': 0}, 0: {'cpu': 0}, 3: {'cpu': 0}, 5: {'cpu': 0}}, 'link_level': {}, 'path_level': {}}",[],0.0,0.0,True,True,False,0,[],0,0.0,"OrderedDict([((0, 2), 0), ((0, 1), 0), ((0, 4), 0), ((0, 5), 0), ((3, 4), 0), ((2, 3), 0)])",1.0,0.0,6.0,6.0
70,49,24,10818.0,18699.0,4766492.5054676505,8110110.021906124,0.5785336114230708,0.5877222987842252,54,102,0,881.3293595731403,38042.0,5904,32138.0,0.18599200330897558,0.1883523588241236,28,509.3293595731403,372.0,5,5,False,{},{},{},{},0.0,0.0,0.0,0.0,0.0,0.0,0.0,0.0,0.0,0.0,0.0,0.0,0.0,0.0,Leave Event,0.0,"{'node_level': {}, 'link_level': {}, 'path_level': {}}","{'node_level': {}, 'link_level': {}, 'path_level': {}}","{'node_level': {}, 'link_level': {}, 'path_level': {}}",[],0.0,0.0,True,True,False,0,[],0,0.0,,,,,
70,49,23,10818.0,18699.0,4766492.5054676505,8110110.021906124,0.5785336114230708,0.5877222987842252,54,103,0,886.0407490868499,39093.0,6010,33083.0,0.171377361091962,0.16448631174866146,60,125.04074908684987,761.0,9,20,False,{},{},{},{},0.0,0.0,0.0,0.0,0.0,0.0,0.0,0.0,0.0,0.0,0.0,0.0,0.0,0.0,Leave Event,0.0,"{'node_level': {}, 'link_level': {}, 'path_level': {}}","{'node_level': {}, 'link_level': {}, 'path_level': {}}","{'node_level': {}, 'link_level': {}, 'path_level': {}}",[],0.0,0.0,True,True,False,0,[],0,0.0,,,,,
71,50,24,11026.0,19062.0,4957824.715082532,8444021.522339787,0.5784282866435841,0.5871402271969516,54,104,1,887.0,38730.0,5945,32785.0,0.1803391699986212,0.17201232447721992,70,919.8663923792355,887.0,5,5,True,"{4: np.int64(30), 3: np.int64(97), 0: np.int64(9), 2: np.int64(18), 1: np.int64(38)}","{(0, 4): [(np.int64(9), 65), (65, np.int64(30))], (2, 4): [(np.int64(18), 37), (37, np.int64(30))], (2, 3): [(np.int64(18), 77), (77, np.int64(97))], (1, 3): [(np.int64(38), 2), (2, 80), (80, np.int64(97))], (1, 4): [(np.int64(38), 45), (45, np.int64(30))]}","{(4, np.int64(30)): {'cpu': 19}, (3, np.int64(97)): {'cpu': 18}, (0, np.int64(9)): {'cpu': 18}, (2, np.int64(18)): {'cpu': 6}, (1, np.int64(38)): {'cpu': 4}}","{((0, 4), (np.int64(9), 65)): {'bw': 46.0}, ((0, 4), (65, np.int64(30))): {'bw': 46.0}, ((2, 4), (np.int64(18), 37)): {'bw': 45.0}, ((2, 4), (37, np.int64(30))): {'bw': 45.0}, ((2, 3), (np.int64(18), 77)): {'bw': 39.0}, ((2, 3), (77, np.int64(97))): {'bw': 39.0}, ((1, 3), (np.int64(38), 2)): {'bw': 12.0}, ((1, 3), (2, 80)): {'bw': 12.0}, ((1, 3), (80, np.int64(97))): {'bw': 12.0}, ((1, 4), (np.int64(38), 45)): {'bw': 1.0}, ((1, 4), (45, np.int64(30))): {'bw': 1.0}}",363.0,208.0,208.0,65.0,143.0,65.0,143.0,65.0,298.0,155.0,0.5730027548209367,333911.5004336625,191332.209614881,527.0859769004986,Success,0.0,"{'node_level': {}, 'link_level': {}, 'path_level': {}}","{'node_level': {4: {'cpu': -21}, 3: {'cpu': -47}, 0: {'cpu': -76}, 2: {'cpu': -10}, 1: {'cpu': -61}}, 'link_level': {}, 'path_level': {}}","{'node_level': {4: {'cpu': 0}, 3: {'cpu': 0}, 0: {'cpu': 0}, 2: {'cpu': 0}, 1: {'cpu': 0}}, 'link_level': {}, 'path_level': {}}",[],0.0,0.0,True,True,False,0,[],0,0.0,"OrderedDict([((0, 4), 0), ((2, 4), 0), ((2, 3), 0), ((1, 3), 0), ((1, 4), 0)])",0.0,0.0,5.0,5.0
71,50,23,11026.0,19062.0,4957824.715082532,8444021.522339787,0.5784282866435841,0.5871402271969516,54,105,0,890.0523483119039,39326.0,6021,33305.0,0.16986074727698885,0.15887968481664816,46,322.0523483119039,568.0,6,7,False,{},{},{},{},0.0,0.0,0.0,0.0,0.0,0.0,0.0,0.0,0.0,0.0,0.0,0.0,0.0,0.0,Leave Event,0.0,"{'node_level': {}, 'link_level': {}, 'path_level': {}}","{'node_level': {}, 'link_level': {}, 'path_level': {}}","{'node_level': {}, 'link_level': {}, 'path_level': {}}",[],0.0,0.0,True,True,False,0,[],0,0.0,,,,,
71,50,23,11026.0,19062.0,4957824.715082532,8444021.522339787,0.5784282866435841,0.5871402271969516,54,106,0,901.5638586174298,39326.0,6021,33305.0,0.16986074727698885,0.15887968481664816,47,317.5638586174298,584.0,7,13,False,{},{},{},{},0.0,0.0,0.0,0.0,0.0,0.0,0.0,0.0,0.0,0.0,0.0,0.0,0.0,0.0,Leave Event,0.0,"{'node_level': {}, 'link_level': {}, 'path_level': {}}","{'node_level': {}, 'link_level': {}, 'path_level': {}}","{'node_level': {}, 'link_level': {}, 'path_level': {}}",[],0.0,0.0,True,True,False,0,[],0,0.0,,,,,
71,50,23,11026.0,19062.0,4957824.715082532,8444021.522339787,0.5784282866435841,0.5871402271969516,54,107,0,902.933888040804,39326.0,6021,33305.0,0.16986074727698885,0.15887968481664816,42,380.933888040804,522.0,9,22,False,{},{},{},{},0.0,0.0,0.0,0.0,0.0,0.0,0.0,0.0,0.0,0.0,0.0,0.0,0.0,0.0,Leave Event,0.0,"{'node_level': {}, 'link_level': {}, 'path_level': {}}","{'node_level': {}, 'link_level': {}, 'path_level': {}}","{'node_level': {}, 'link_level': {}, 'path_level': {}}",[],0.0,0.0,True,True,False,0,[],0,0.0,,,,,
72,51,24,11297.0,19452.0,5276273.737770975,8902306.09373644,0.5807629035574748,0.592686173921081,54,108,1,903.0,38936.0,5940,32996.0,0.18102853991451817,0.16668350338418025,71,1175.088644606799,903.0,6,8,True,"{4: np.int64(43), 5: np.int64(90), 1: np.int64(53), 2: np.int64(25), 3: np.int64(32), 0: np.int64(95)}","{(4, 5): [(np.int64(43), 0), (0, np.int64(90))], (2, 3): [(np.int64(25), 32)], (1, 4): [(np.int64(53), 43)], (3, 5): [(np.int64(32), 44), (44, np.int64(90))], (0, 4): [(np.int64(95), 53), (53, np.int64(43))], (1, 2): [(np.int64(53), 84), (84, np.int64(25))], (1, 5): [(np.int64(53), 30), (30, np.int64(90))], (2, 5): [(np.int64(25), 44), (44, np.int64(90))]}","{(4, np.int64(43)): {'cpu': 19}, (5, np.int64(90)): {'cpu': 17}, (1, np.int64(53)): {'cpu': 18}, (2, np.int64(25)): {'cpu': 17}, (3, np.int64(32)): {'cpu': 9}, (0, np.int64(95)): {'cpu': 1}}","{((4, 5), (np.int64(43), 0)): {'bw': 43.0}, ((4, 5), (0, np.int64(90))): {'bw': 43.0}, ((2, 3), (np.int64(25), 32)): {'bw': 38.0}, ((1, 4), (np.int64(53), 43)): {'bw': 33.0}, ((3, 5), (np.int64(32), 44)): {'bw': 27.0}, ((3, 5), (44, np.int64(90))): {'bw': 27.0}, ((0, 4), (np.int64(95), 53)): {'bw': 22.0}, ((0, 4), (53, np.int64(43))): {'bw': 22.0}, ((1, 2), (np.int64(53), 84)): {'bw': 11.0}, ((1, 2), (84, np.int64(25))): {'bw': 11.0}, ((1, 5), (np.int64(53), 30)): {'bw': 9.0}, ((1, 5), (30, np.int64(90))): {'bw': 9.0}, ((2, 5), (np.int64(25), 44)): {'bw': 7.0}, ((2, 5), (44, np.int64(90))): {'bw': 7.0}}",390.0,271.0,271.0,81.0,190.0,81.0,190.0,81.0,309.0,119.0,0.6948717948717948,458284.5713966517,318449.02268844255,816.5359556113912,Success,0.0,"{'node_level': {}, 'link_level': {}, 'path_level': {}}","{'node_level': {4: {'cpu': -45}, 5: {'cpu': -64}, 1: {'cpu': -58}, 2: {'cpu': -23}, 3: {'cpu': -57}, 0: {'cpu': -81}}, 'link_level': {}, 'path_level': {}}","{'node_level': {4: {'cpu': 0}, 5: {'cpu': 0}, 1: {'cpu': 0}, 2: {'cpu': 0}, 3: {'cpu': 0}, 0: {'cpu': 0}}, 'link_level': {}, 'path_level': {}}",[],0.0,0.0,True,True,False,0,[],0,0.0,"OrderedDict([((4, 5), 0), ((2, 3), 0), ((1, 4), 0), ((3, 5), 0), ((0, 4), 0), ((1, 2), 0), ((1, 5), 0), ((2, 5), 0)])",0.0,0.0,6.0,8.0
72,51,23,11297.0,19452.0,5276273.737770975,8902306.09373644,0.5807629035574748,0.592686173921081,54,109,0,906.4409201821251,39516.0,6048,33468.0,0.1661381497311457,0.15476310738458432,67,52.44092018212503,854.0,8,9,False,{},{},{},{},0.0,0.0,0.0,0.0,0.0,0.0,0.0,0.0,0.0,0.0,0.0,0.0,0.0,0.0,Leave Event,0.0,"{'node_level': {}, 'link_level': {}, 'path_level': {}}","{'node_level': {}, 'link_level': {}, 'path_level': {}}","{'node_level': {}, 'link_level': {}, 'path_level': {}}",[],0.0,0.0,True,True,False,0,[],0,0.0,,,,,
73,52,24,11534.0,19855.0,5280810.262867546,8910020.10054622,0.5809116091664568,0.5926821941225262,54,110,1,911.0,39113.0,6007,33106.0,0.1717909830415001,0.16390544499444393,72,19.141456103673956,911.0,6,9,True,"{2: np.int64(91), 5: np.int64(18), 3: np.int64(46), 4: np.int64(78), 1: np.int64(72), 0: np.int64(68)}","{(3, 5): [(np.int64(46), 18)], (0, 5): [(np.int64(68), 41), (41, 46), (46, np.int64(18))], (1, 3): [(np.int64(72), 46)], (1, 2): [(np.int64(72), 89), (89, np.int64(91))], (0, 2): [(np.int64(68), 82), (82, 51), (51, 6), (6, np.int64(91))], (2, 4): [(np.int64(91), 76), (76, np.int64(78))], (1, 4): [(np.int64(72), 46), (46, np.int64(78))], (3, 4): [(np.int64(46), 78)], (2, 5): [(np.int64(91), 18)]}","{(2, np.int64(91)): {'cpu': 18}, (5, np.int64(18)): {'cpu': 7}, (3, np.int64(46)): {'cpu': 6}, (4, np.int64(78)): {'cpu': 4}, (1, np.int64(72)): {'cpu': 3}, (0, np.int64(68)): {'cpu': 3}}","{((3, 5), (np.int64(46), 18)): {'bw': 45.0}, ((0, 5), (np.int64(68), 41)): {'bw': 23.0}, ((0, 5), (41, 46)): {'bw': 23.0}, ((0, 5), (46, np.int64(18))): {'bw': 23.0}, ((1, 3), (np.int64(72), 46)): {'bw': 22.0}, ((1, 2), (np.int64(72), 89)): {'bw': 24.0}, ((1, 2), (89, np.int64(91))): {'bw': 24.0}, ((0, 2), (np.int64(68), 82)): {'bw': 20.0}, ((0, 2), (82, 51)): {'bw': 20.0}, ((0, 2), (51, 6)): {'bw': 20.0}, ((0, 2), (6, np.int64(91))): {'bw': 20.0}, ((2, 4), (np.int64(91), 76)): {'bw': 23.0}, ((2, 4), (76, np.int64(78))): {'bw': 23.0}, ((1, 4), (np.int64(72), 46)): {'bw': 13.0}, ((1, 4), (46, np.int64(78))): {'bw': 13.0}, ((3, 4), (np.int64(46), 78)): {'bw': 15.0}, ((2, 5), (np.int64(91), 18)): {'bw': 11.0}}",403.0,237.0,237.0,41.0,196.0,41.0,196.0,41.0,362.0,166.0,0.5880893300248139,7714.006809780604,4536.525096570727,11.256886095709001,Success,0.0,"{'node_level': {}, 'link_level': {}, 'path_level': {}}","{'node_level': {2: {'cpu': -49}, 5: {'cpu': -22}, 3: {'cpu': -76}, 4: {'cpu': -46}, 1: {'cpu': -53}, 0: {'cpu': -48}}, 'link_level': {}, 'path_level': {}}","{'node_level': {2: {'cpu': 0}, 5: {'cpu': 0}, 3: {'cpu': 0}, 4: {'cpu': 0}, 1: {'cpu': 0}, 0: {'cpu': 0}}, 'link_level': {}, 'path_level': {}}",[],0.0,0.0,True,True,False,0,[],0,0.0,"OrderedDict([((3, 5), 0), ((0, 5), 0), ((1, 3), 0), ((1, 2), 0), ((0, 2), 0), ((2, 4), 0), ((1, 4), 0), ((3, 4), 0), ((2, 5), 0)])",0.0,0.0,6.0,9.0
73,52,23,11534.0,19855.0,5280810.262867546,8910020.10054622,0.5809116091664568,0.5926821941225262,54,111,0,918.5140050681475,39327.0,6051,33276.0,0.16572452778160762,0.15961208202848776,55,218.5140050681475,700.0,3,2,False,{},{},{},{},0.0,0.0,0.0,0.0,0.0,0.0,0.0,0.0,0.0,0.0,0.0,0.0,0.0,0.0,Leave Event,0.0,"{'node_level': {}, 'link_level': {}, 'path_level': {}}","{'node_level': {}, 'link_level': {}, 'path_level': {}}","{'node_level': {}, 'link_level': {}, 'path_level': {}}",[],0.0,0.0,True,True,False,0,[],0,0.0,,,,,
73,52,22,11534.0,19855.0,5280810.262867546,8910020.10054622,0.5809116091664568,0.5926821941225262,54,112,0,919.2543241744426,39720.0,6126,33594.0,0.1553839790431546,0.15158096777452268,22,608.2543241744426,311.0,5,7,False,{},{},{},{},0.0,0.0,0.0,0.0,0.0,0.0,0.0,0.0,0.0,0.0,0.0,0.0,0.0,0.0,Leave Event,0.0,"{'node_level': {}, 'link_level': {}, 'path_level': {}}","{'node_level': {}, 'link_level': {}, 'path_level': {}}","{'node_level': {}, 'link_level': {}, 'path_level': {}}",[],0.0,0.0,True,True,False,0,[],0,0.0,,,,,
74,52,22,11534.0,19855.0,5280810.262867546,8910020.10054622,0.5809116091664568,0.5926821941225262,54,113,1,925.0,39720.0,6126,33594.0,0.1553839790431546,0.15158096777452268,73,354.95896188308075,925.0,10,24,False,"{9: np.int64(18), 2: np.int64(34), 5: np.int64(91), 8: np.int64(10), 0: np.int64(64), 7: np.int64(29), 6: np.int64(72), 4: np.int64(69), 1: np.int64(78), 3: np.int64(36)}","{(4, 6): [(np.int64(69), 72)], (4, 9): [(np.int64(69), 12), (12, 37), (37, np.int64(18))], (8, 9): [(np.int64(10), 49), (49, 33), (33, np.int64(18))], (5, 9): [(np.int64(91), 18)], (3, 8): [(np.int64(36), 85), (85, np.int64(10))], (2, 7): [(np.int64(34), 29)], (0, 1): [(np.int64(64), 86), (86, 68), (68, np.int64(78))], (5, 8): [(np.int64(91), 76), (76, 16), (16, np.int64(10))], (1, 2): [(np.int64(78), 68), (68, 29), (29, np.int64(34))], (1, 9): [(np.int64(78), 73), (73, 65), (65, 0), (0, np.int64(18))], (3, 7): [(np.int64(36), 11), (11, np.int64(29))]}","{(9, np.int64(18)): {'cpu': 15}, (2, np.int64(34)): {'cpu': 16}, (5, np.int64(91)): {'cpu': 11}, (8, np.int64(10)): {'cpu': 6}, (0, np.int64(64)): {'cpu': 12}, (7, np.int64(29)): {'cpu': 6}, (6, np.int64(72)): {'cpu': 7}, (4, np.int64(69)): {'cpu': 6}, (1, np.int64(78)): {'cpu': 3}, (3, np.int64(36)): {'cpu': 3}}","{((4, 6), (np.int64(69), 72)): {'bw': 49.0}, ((4, 9), (np.int64(69), 12)): {'bw': 46.0}, ((4, 9), (12, 37)): {'bw': 46.0}, ((4, 9), (37, np.int64(18))): {'bw': 46.0}, ((8, 9), (np.int64(10), 49)): {'bw': 46.0}, ((8, 9), (49, 33)): {'bw': 46.0}, ((8, 9), (33, np.int64(18))): {'bw': 46.0}, ((5, 9), (np.int64(91), 18)): {'bw': 42.0}, ((3, 8), (np.int64(36), 85)): {'bw': 43.0}, ((3, 8), (85, np.int64(10))): {'bw': 43.0}, ((2, 7), (np.int64(34), 29)): {'bw': 37.0}, ((0, 1), (np.int64(64), 86)): {'bw': 35.0}, ((0, 1), (86, 68)): {'bw': 35.0}, ((0, 1), (68, np.int64(78))): {'bw': 35.0}, ((5, 8), (np.int64(91), 76)): {'bw': 38.0}, ((5, 8), (76, 16)): {'bw': 38.0}, ((5, 8), (16, np.int64(10))): {'bw': 38.0}, ((1, 2), (np.int64(78), 68)): {'bw': 32.0}, ((1, 2), (68, 29)): {'bw': 32.0}, ((1, 2), (29, np.int64(34))): {'bw': 32.0}, ((1, 9), (np.int64(78), 73)): {'bw': 35.0}, ((1, 9), (73, 65)): {'bw': 35.0}, ((1, 9), (65, 0)): {'bw': 35.0}, ((1, 9), (0, np.int64(18))): {'bw': 35.0}, ((3, 7), (np.int64(36), 11)): {'bw': 31.0}, ((3, 7), (11, np.int64(29))): {'bw': 31.0}}",0.0,0.0,689.0,85.0,604.0,0.0,0.0,0.0,0.0,0.0,0.0,0.0,0.0,0.0,Route Failure,0.0,"{'node_level': {}, 'link_level': {}, 'path_level': {}}","{'node_level': {9: {'cpu': -27}, 2: {'cpu': -52}, 5: {'cpu': -46}, 8: {'cpu': -64}, 0: {'cpu': -62}, 7: {'cpu': -60}, 6: {'cpu': -46}, 4: {'cpu': -71}, 1: {'cpu': -43}, 3: {'cpu': -63}}, 'link_level': {}, 'path_level': {}}","{'node_level': {9: {'cpu': 0}, 2: {'cpu': 0}, 5: {'cpu': 0}, 8: {'cpu': 0}, 0: {'cpu': 0}, 7: {'cpu': 0}, 6: {'cpu': 0}, 4: {'cpu': 0}, 1: {'cpu': 0}, 3: {'cpu': 0}}, 'link_level': {}, 'path_level': {}}",[],0.0,0.0,True,False,False,0,[],0,0.0,"OrderedDict([((4, 6), 0), ((4, 9), 0), ((8, 9), 0), ((5, 9), 0), ((3, 8), 0), ((2, 7), 0), ((0, 1), 0), ((5, 8), 0), ((1, 2), 0), ((1, 9), 0), ((3, 7), 0)])",0.0,0.0,10.0,11.0
74,52,21,11534.0,19855.0,5280810.262867546,8910020.10054622,0.5809116091664568,0.5926821941225262,54,114,0,930.1414561036739,40123.0,6167,33956.0,0.14973114573280022,0.14243863016466307,72,19.141456103673956,911.0,6,9,False,{},{},{},{},0.0,0.0,0.0,0.0,0.0,0.0,0.0,0.0,0.0,0.0,0.0,0.0,0.0,0.0,Leave Event,0.0,"{'node_level': {}, 'link_level': {}, 'path_level': {}}","{'node_level': {}, 'link_level': {}, 'path_level': {}}","{'node_level': {}, 'link_level': {}, 'path_level': {}}",[],0.0,0.0,True,True,False,0,[],0,0.0,,,,,
75,53,22,11976.0,20550.0,5321151.29258431,8973452.262657423,0.5827737226277372,0.5929881986142633,55,115,1,936.0,39428.0,6106,33322.0,0.158141458706742,0.15845034852005258,74,91.26929800172978,936.0,6,10,True,"{4: np.int64(18), 2: np.int64(29), 0: np.int64(91), 3: np.int64(34), 5: np.int64(10), 1: np.int64(46)}","{(2, 5): [(np.int64(29), 68), (68, 41), (41, np.int64(10))], (2, 4): [(np.int64(29), 18)], (1, 4): [(np.int64(46), 18)], (1, 5): [(np.int64(46), 6), (6, np.int64(10))], (0, 3): [(np.int64(91), 34)], (0, 2): [(np.int64(91), 30), (30, np.int64(29))], (4, 5): [(np.int64(18), 37), (37, np.int64(10))], (0, 4): [(np.int64(91), 18)], (2, 3): [(np.int64(29), 34)], (3, 4): [(np.int64(34), 97), (97, 84), (84, np.int64(18))]}","{(4, np.int64(18)): {'cpu': 12}, (2, np.int64(29)): {'cpu': 10}, (0, np.int64(91)): {'cpu': 11}, (3, np.int64(34)): {'cpu': 14}, (5, np.int64(10)): {'cpu': 9}, (1, np.int64(46)): {'cpu': 5}}","{((2, 5), (np.int64(29), 68)): {'bw': 50.0}, ((2, 5), (68, 41)): {'bw': 50.0}, ((2, 5), (41, np.int64(10))): {'bw': 50.0}, ((2, 4), (np.int64(29), 18)): {'bw': 49.0}, ((1, 4), (np.int64(46), 18)): {'bw': 45.0}, ((1, 5), (np.int64(46), 6)): {'bw': 39.0}, ((1, 5), (6, np.int64(10))): {'bw': 39.0}, ((0, 3), (np.int64(91), 34)): {'bw': 41.0}, ((0, 2), (np.int64(91), 30)): {'bw': 38.0}, ((0, 2), (30, np.int64(29))): {'bw': 38.0}, ((4, 5), (np.int64(18), 37)): {'bw': 36.0}, ((4, 5), (37, np.int64(10))): {'bw': 36.0}, ((0, 4), (np.int64(91), 18)): {'bw': 35.0}, ((2, 3), (np.int64(29), 34)): {'bw': 28.0}, ((3, 4), (np.int64(34), 97)): {'bw': 20.0}, ((3, 4), (97, 84)): {'bw': 20.0}, ((3, 4), (84, np.int64(18))): {'bw': 20.0}}",695.0,442.0,442.0,61.0,381.0,61.0,381.0,61.0,634.0,253.0,0.6359712230215827,63432.1621112022,40341.02971676456,58.04464707448138,Success,0.0,"{'node_level': {}, 'link_level': {}, 'path_level': {}}","{'node_level': {4: {'cpu': -37}, 2: {'cpu': -56}, 0: {'cpu': -64}, 3: {'cpu': -54}, 5: {'cpu': -61}, 1: {'cpu': -77}}, 'link_level': {}, 'path_level': {}}","{'node_level': {4: {'cpu': 0}, 2: {'cpu': 0}, 0: {'cpu': 0}, 3: {'cpu': 0}, 5: {'cpu': 0}, 1: {'cpu': 0}}, 'link_level': {}, 'path_level': {}}",[],0.0,0.0,True,True,False,0,[],0,0.0,"OrderedDict([((2, 5), 0), ((2, 4), 0), ((1, 4), 0), ((1, 5), 0), ((0, 3), 0), ((0, 2), 0), ((4, 5), 0), ((0, 4), 0), ((2, 3), 0), ((3, 4), 0)])",0.0,0.0,6.0,10.0
75,53,22,11976.0,20550.0,5321151.29258431,8973452.262657423,0.5827737226277372,0.5929881986142633,55,116,0,941.5650443266699,39428.0,6106,33322.0,0.158141458706742,0.15845034852005258,59,193.5650443266699,748.0,8,15,False,{},{},{},{},0.0,0.0,0.0,0.0,0.0,0.0,0.0,0.0,0.0,0.0,0.0,0.0,0.0,0.0,Leave Event,0.0,"{'node_level': {}, 'link_level': {}, 'path_level': {}}","{'node_level': {}, 'link_level': {}, 'path_level': {}}","{'node_level': {}, 'link_level': {}, 'path_level': {}}",[],0.0,0.0,True,True,False,0,[],0,0.0,,,,,
75,53,21,11976.0,20550.0,5321151.29258431,8973452.262657423,0.5827737226277372,0.5929881986142633,55,117,0,941.93070725741,39714.0,6150,33564.0,0.15207500344684954,0.15233862006263255,40,443.93070725741,498.0,5,7,False,{},{},{},{},0.0,0.0,0.0,0.0,0.0,0.0,0.0,0.0,0.0,0.0,0.0,0.0,0.0,0.0,Leave Event,0.0,"{'node_level': {}, 'link_level': {}, 'path_level': {}}","{'node_level': {}, 'link_level': {}, 'path_level': {}}","{'node_level': {}, 'link_level': {}, 'path_level': {}}",[],0.0,0.0,True,True,False,0,[],0,0.0,,,,,
76,54,22,12258.0,21001.0,5534036.400736973,9313917.453355476,0.5836864911194705,0.5941685041178086,55,118,1,944.0,39263.0,6097,33166.0,0.1593823245553564,0.16239014041822408,75,754.9117310378111,944.0,5,9,True,"{2: np.int64(91), 1: np.int64(36), 3: np.int64(78), 4: np.int64(18), 0: np.int64(13)}","{(1, 2): [(np.int64(36), 91)], (0, 2): [(np.int64(13), 46), (46, 39), (39, np.int64(91))], (0, 1): [(np.int64(13), 36)], (0, 3): [(np.int64(13), 73), (73, np.int64(78))], (1, 4): [(np.int64(36), 32), (32, np.int64(18))], (2, 4): [(np.int64(91), 18)], (2, 3): [(np.int64(91), 76), (76, np.int64(78))], (3, 4): [(np.int64(78), 46), (46, np.int64(18))], (0, 4): [(np.int64(13), 46), (46, 18)]}","{(2, np.int64(91)): {'cpu': 13}, (1, np.int64(36)): {'cpu': 12}, (3, np.int64(78)): {'cpu': 16}, (4, np.int64(18)): {'cpu': 9}, (0, np.int64(13)): {'cpu': 3}}","{((1, 2), (np.int64(36), 91)): {'bw': 48.0}, ((0, 2), (np.int64(13), 46)): {'bw': 46.0}, ((0, 2), (46, 39)): {'bw': 46.0}, ((0, 2), (39, np.int64(91))): {'bw': 46.0}, ((0, 1), (np.int64(13), 36)): {'bw': 41.0}, ((0, 3), (np.int64(13), 73)): {'bw': 33.0}, ((0, 3), (73, np.int64(78))): {'bw': 33.0}, ((1, 4), (np.int64(36), 32)): {'bw': 18.0}, ((1, 4), (32, np.int64(18))): {'bw': 18.0}, ((2, 4), (np.int64(91), 18)): {'bw': 17.0}, ((2, 3), (np.int64(91), 76)): {'bw': 13.0}, ((2, 3), (76, np.int64(78))): {'bw': 13.0}, ((3, 4), (np.int64(78), 46)): {'bw': 12.0}, ((3, 4), (46, np.int64(18))): {'bw': 12.0}, ((0, 4), (np.int64(13), 46)): {'bw': 1.0}, ((0, 4), (46, 18)): {'bw': 1.0}}",451.0,282.0,282.0,53.0,229.0,53.0,229.0,53.0,398.0,169.0,0.6252771618625277,340465.1906980528,212885.10815266275,472.0290646400504,Success,0.0,"{'node_level': {}, 'link_level': {}, 'path_level': {}}","{'node_level': {2: {'cpu': -51}, 1: {'cpu': -62}, 3: {'cpu': -34}, 4: {'cpu': -28}, 0: {'cpu': -40}}, 'link_level': {}, 'path_level': {}}","{'node_level': {2: {'cpu': 0}, 1: {'cpu': 0}, 3: {'cpu': 0}, 4: {'cpu': 0}, 0: {'cpu': 0}}, 'link_level': {}, 'path_level': {}}",[],0.0,0.0,True,True,False,0,[],0,0.0,"OrderedDict([((1, 2), 0), ((0, 2), 0), ((0, 1), 0), ((0, 3), 0), ((1, 4), 0), ((2, 4), 0), ((2, 3), 0), ((3, 4), 0), ((0, 4), 0)])",0.0,0.0,5.0,9.0
77,54,22,12258.0,21001.0,5534036.400736973,9313917.453355476,0.5836864911194705,0.5941685041178086,55,119,1,957.0,39263.0,6097,33166.0,0.1593823245553564,0.16239014041822408,76,1000.9932579629997,957.0,9,22,False,"{0: np.int64(64), 1: np.int64(72), 2: np.int64(69), 5: np.int64(68), 7: np.int64(5), 8: np.int64(80), 6: np.int64(98), 4: np.int64(3), 3: np.int64(95)}","{(1, 5): [(np.int64(72), 20), (20, 28), (28, np.int64(68))], (0, 7): [(np.int64(64), 69), (69, 79), (79, np.int64(5))], (2, 5): [(np.int64(69), 68)], (1, 8): [(np.int64(72), 56), (56, np.int64(80))], (0, 4): [(np.int64(64), 35), (35, 10), (10, np.int64(3))], (3, 6): [(np.int64(95), 33), (33, np.int64(98))], (0, 5): [(np.int64(64), 86), (86, np.int64(68))], (4, 7): [(np.int64(3), 85), (85, np.int64(5))], (1, 3): [(np.int64(72), 26), (26, np.int64(95))]}","{(0, np.int64(64)): {'cpu': 18}, (1, np.int64(72)): {'cpu': 13}, (2, np.int64(69)): {'cpu': 13}, (5, np.int64(68)): {'cpu': 7}, (7, np.int64(5)): {'cpu': 10}, (8, np.int64(80)): {'cpu': 9}, (6, np.int64(98)): {'cpu': 4}, (4, np.int64(3)): {'cpu': 1}, (3, np.int64(95)): {'cpu': 1}}","{((1, 5), (np.int64(72), 20)): {'bw': 45.0}, ((1, 5), (20, 28)): {'bw': 45.0}, ((1, 5), (28, np.int64(68))): {'bw': 45.0}, ((0, 7), (np.int64(64), 69)): {'bw': 43.0}, ((0, 7), (69, 79)): {'bw': 43.0}, ((0, 7), (79, np.int64(5))): {'bw': 43.0}, ((2, 5), (np.int64(69), 68)): {'bw': 40.0}, ((1, 8), (np.int64(72), 56)): {'bw': 39.0}, ((1, 8), (56, np.int64(80))): {'bw': 39.0}, ((0, 4), (np.int64(64), 35)): {'bw': 36.0}, ((0, 4), (35, 10)): {'bw': 36.0}, ((0, 4), (10, np.int64(3))): {'bw': 36.0}, ((3, 6), (np.int64(95), 33)): {'bw': 27.0}, ((3, 6), (33, np.int64(98))): {'bw': 27.0}, ((0, 5), (np.int64(64), 86)): {'bw': 30.0}, ((0, 5), (86, np.int64(68))): {'bw': 30.0}, ((4, 7), (np.int64(3), 85)): {'bw': 29.0}, ((4, 7), (85, np.int64(5))): {'bw': 29.0}, ((1, 3), (np.int64(72), 26)): {'bw': 26.0}, ((1, 3), (26, np.int64(95))): {'bw': 26.0}}",0.0,0.0,580.0,76.0,504.0,0.0,0.0,0.0,0.0,0.0,0.0,0.0,0.0,0.0,Route Failure,0.0,"{'node_level': {}, 'link_level': {}, 'path_level': {}}","{'node_level': {0: {'cpu': -56}, 1: {'cpu': -43}, 2: {'cpu': -64}, 5: {'cpu': -44}, 7: {'cpu': -36}, 8: {'cpu': -46}, 6: {'cpu': -24}, 4: {'cpu': -47}, 3: {'cpu': -80}}, 'link_level': {}, 'path_level': {}}","{'node_level': {0: {'cpu': 0}, 1: {'cpu': 0}, 2: {'cpu': 0}, 5: {'cpu': 0}, 7: {'cpu': 0}, 8: {'cpu': 0}, 6: {'cpu': 0}, 4: {'cpu': 0}, 3: {'cpu': 0}}, 'link_level': {}, 'path_level': {}}",[],0.0,0.0,True,False,False,0,[],0,0.0,"OrderedDict([((1, 5), 0), ((0, 7), 0), ((2, 5), 0), ((1, 8), 0), ((0, 4), 0), ((3, 6), 0), ((0, 5), 0), ((4, 7), 0), ((1, 3), 0)])",2.0,0.0,9.0,9.0
77,54,21,12258.0,21001.0,5534036.400736973,9313917.453355476,0.5836864911194705,0.5941685041178086,55,120,0,963.8039764206146,39387.0,6130,33257.0,0.15483248311043707,0.160091928477624,30,569.8039764206146,394.0,3,3,False,{},{},{},{},0.0,0.0,0.0,0.0,0.0,0.0,0.0,0.0,0.0,0.0,0.0,0.0,0.0,0.0,Leave Event,0.0,"{'node_level': {}, 'link_level': {}, 'path_level': {}}","{'node_level': {}, 'link_level': {}, 'path_level': {}}","{'node_level': {}, 'link_level': {}, 'path_level': {}}",[],0.0,0.0,True,True,False,0,[],0,0.0,,,,,
77,54,21,12258.0,21001.0,5534036.400736973,9313917.453355476,0.5836864911194705,0.5941685041178086,55,121,0,965.7829559503477,39387.0,6130,33257.0,0.15483248311043707,0.160091928477624,64,150.78295595034774,815.0,7,12,False,{},{},{},{},0.0,0.0,0.0,0.0,0.0,0.0,0.0,0.0,0.0,0.0,0.0,0.0,0.0,0.0,Leave Event,0.0,"{'node_level': {}, 'link_level': {}, 'path_level': {}}","{'node_level': {}, 'link_level': {}, 'path_level': {}}","{'node_level': {}, 'link_level': {}, 'path_level': {}}",[],0.0,0.0,True,True,False,0,[],0,0.0,,,,,
78,55,22,12556.0,21629.0,5613006.829414972,9480338.356744012,0.5805168986083499,0.5920681961126479,56,122,1,975.0,38759.0,6070,32689.0,0.16310492210119953,0.1744368117991716,77,265.0014385167753,975.0,7,9,True,"{6: np.int64(64), 2: np.int64(69), 4: np.int64(72), 3: np.int64(5), 1: np.int64(98), 5: np.int64(85), 0: np.int64(80)}","{(3, 6): [(np.int64(5), 90), (90, 29), (29, np.int64(64))], (4, 5): [(np.int64(72), 89), (89, 10), (10, np.int64(85))], (1, 6): [(np.int64(98), 91), (91, 69), (69, np.int64(64))], (2, 4): [(np.int64(69), 72)], (0, 6): [(np.int64(80), 34), (34, np.int64(64))], (0, 2): [(np.int64(80), 91), (91, np.int64(69))], (2, 3): [(np.int64(69), 79), (79, np.int64(5))], (4, 6): [(np.int64(72), 64)], (3, 5): [(np.int64(5), 85)]}","{(6, np.int64(64)): {'cpu': 16}, (2, np.int64(69)): {'cpu': 15}, (4, np.int64(72)): {'cpu': 11}, (3, np.int64(5)): {'cpu': 5}, (1, np.int64(98)): {'cpu': 7}, (5, np.int64(85)): {'cpu': 4}, (0, np.int64(80)): {'cpu': 2}}","{((3, 6), (np.int64(5), 90)): {'bw': 50.0}, ((3, 6), (90, 29)): {'bw': 50.0}, ((3, 6), (29, np.int64(64))): {'bw': 50.0}, ((4, 5), (np.int64(72), 89)): {'bw': 43.0}, ((4, 5), (89, 10)): {'bw': 43.0}, ((4, 5), (10, np.int64(85))): {'bw': 43.0}, ((1, 6), (np.int64(98), 91)): {'bw': 39.0}, ((1, 6), (91, 69)): {'bw': 39.0}, ((1, 6), (69, np.int64(64))): {'bw': 39.0}, ((2, 4), (np.int64(69), 72)): {'bw': 35.0}, ((0, 6), (np.int64(80), 34)): {'bw': 31.0}, ((0, 6), (34, np.int64(64))): {'bw': 31.0}, ((0, 2), (np.int64(80), 91)): {'bw': 23.0}, ((0, 2), (91, np.int64(69))): {'bw': 23.0}, ((2, 3), (np.int64(69), 79)): {'bw': 12.0}, ((2, 3), (79, np.int64(5))): {'bw': 12.0}, ((4, 6), (np.int64(72), 64)): {'bw': 1.0}, ((3, 5), (np.int64(5), 85)): {'bw': 4.0}}",628.0,298.0,298.0,60.0,238.0,60.0,238.0,60.0,568.0,330.0,0.4745222929936306,166420.90338853488,78970.42867799904,125.74909025159083,Success,0.0,"{'node_level': {}, 'link_level': {}, 'path_level': {}}","{'node_level': {6: {'cpu': -75}, 2: {'cpu': -74}, 4: {'cpu': -45}, 3: {'cpu': -41}, 1: {'cpu': -21}, 5: {'cpu': -52}, 0: {'cpu': -53}}, 'link_level': {}, 'path_level': {}}","{'node_level': {6: {'cpu': 0}, 2: {'cpu': 0}, 4: {'cpu': 0}, 3: {'cpu': 0}, 1: {'cpu': 0}, 5: {'cpu': 0}, 0: {'cpu': 0}}, 'link_level': {}, 'path_level': {}}",[],0.0,0.0,True,True,False,0,[],0,0.0,"OrderedDict([((3, 6), 0), ((4, 5), 0), ((1, 6), 0), ((2, 4), 0), ((0, 6), 0), ((0, 2), 0), ((2, 3), 0), ((4, 6), 0), ((3, 5), 0)])",1.0,0.0,7.0,9.0
79,56,23,12817.0,22084.0,5632685.056599619,9514643.312180847,0.5803749320775222,0.5920017042981041,56,123,1,982.0,38304.0,6004,32300.0,0.17220460499103818,0.18426103646833014,78,75.39550645458432,982.0,7,9,True,"{2: np.int64(64), 1: np.int64(43), 4: np.int64(69), 5: np.int64(32), 3: np.int64(18), 6: np.int64(50), 0: np.int64(36)}","{(0, 1): [(np.int64(36), 11), (11, np.int64(43))], (2, 5): [(np.int64(64), 86), (86, 68), (68, np.int64(32))], (1, 6): [(np.int64(43), 50)], (2, 6): [(np.int64(64), 93), (93, np.int64(50))], (0, 5): [(np.int64(36), 32)], (3, 6): [(np.int64(18), 0), (0, np.int64(50))], (2, 4): [(np.int64(64), 69)], (1, 4): [(np.int64(43), 11), (11, 79), (79, np.int64(69))], (4, 5): [(np.int64(69), 91), (91, 36), (36, np.int64(32))]}","{(2, np.int64(64)): {'cpu': 9}, (1, np.int64(43)): {'cpu': 8}, (4, np.int64(69)): {'cpu': 15}, (5, np.int64(32)): {'cpu': 8}, (3, np.int64(18)): {'cpu': 19}, (6, np.int64(50)): {'cpu': 3}, (0, np.int64(36)): {'cpu': 4}}","{((0, 1), (np.int64(36), 11)): {'bw': 35.0}, ((0, 1), (11, np.int64(43))): {'bw': 35.0}, ((2, 5), (np.int64(64), 86)): {'bw': 34.0}, ((2, 5), (86, 68)): {'bw': 34.0}, ((2, 5), (68, np.int64(32))): {'bw': 34.0}, ((1, 6), (np.int64(43), 50)): {'bw': 29.0}, ((2, 6), (np.int64(64), 93)): {'bw': 27.0}, ((2, 6), (93, np.int64(50))): {'bw': 27.0}, ((0, 5), (np.int64(36), 32)): {'bw': 17.0}, ((3, 6), (np.int64(18), 0)): {'bw': 14.0}, ((3, 6), (0, np.int64(50))): {'bw': 14.0}, ((2, 4), (np.int64(64), 69)): {'bw': 14.0}, ((1, 4), (np.int64(43), 11)): {'bw': 14.0}, ((1, 4), (11, 79)): {'bw': 14.0}, ((1, 4), (79, np.int64(69))): {'bw': 14.0}, ((4, 5), (np.int64(69), 91)): {'bw': 11.0}, ((4, 5), (91, 36)): {'bw': 11.0}, ((4, 5), (36, np.int64(32))): {'bw': 11.0}}",455.0,261.0,261.0,66.0,195.0,66.0,195.0,66.0,389.0,194.0,0.5736263736263736,34304.955436835866,19678.22718464651,43.248850955267045,Success,0.0,"{'node_level': {}, 'link_level': {}, 'path_level': {}}","{'node_level': {2: {'cpu': -66}, 1: {'cpu': -47}, 4: {'cpu': -59}, 5: {'cpu': -57}, 3: {'cpu': -9}, 6: {'cpu': -67}, 0: {'cpu': -58}}, 'link_level': {}, 'path_level': {}}","{'node_level': {2: {'cpu': 0}, 1: {'cpu': 0}, 4: {'cpu': 0}, 5: {'cpu': 0}, 3: {'cpu': 0}, 6: {'cpu': 0}, 0: {'cpu': 0}}, 'link_level': {}, 'path_level': {}}",[],0.0,0.0,True,True,False,0,[],0,0.0,"OrderedDict([((0, 1), 0), ((2, 5), 0), ((1, 6), 0), ((2, 6), 0), ((0, 5), 0), ((3, 6), 0), ((2, 4), 0), ((1, 4), 0), ((4, 5), 0)])",0.0,0.0,7.0,9.0
80,57,24,12860.0,22127.0,5633411.4724642,9515369.728045428,0.5811904008677182,0.5920328514256661,56,124,1,994.0,38261.0,5992,32269.0,0.17385909278919065,0.1850439438327104,79,16.89339219956097,994.0,2,1,True,"{0: np.int64(95), 1: np.int64(53)}","{(0, 1): [(np.int64(95), 53)]}","{(0, np.int64(95)): {'cpu': 7}, (1, np.int64(53)): {'cpu': 5}}","{((0, 1), (np.int64(95), 53)): {'bw': 31.0}}",43.0,43.0,43.0,12.0,31.0,12.0,31.0,12.0,31.0,0.0,1.0,726.4158645811217,726.4158645811217,16.89339219956097,Success,0.0,"{'node_level': {}, 'link_level': {}, 'path_level': {}}","{'node_level': {0: {'cpu': -74}, 1: {'cpu': -55}}, 'link_level': {}, 'path_level': {}}","{'node_level': {0: {'cpu': 0}, 1: {'cpu': 0}}, 'link_level': {}, 'path_level': {}}",[],0.0,0.0,True,True,False,0,[],0,0.0,"OrderedDict([((0, 1), 0)])",0.0,0.0,2.0,1.0
81,57,24,12860.0,22127.0,5633411.4724642,9515369.728045428,0.5811904008677182,0.5920328514256661,56,125,1,1009.0,38261.0,5992,32269.0,0.17385909278919065,0.1850439438327104,80,2024.9235083769545,1009.0,3,2,False,"{2: np.int64(38), 1: np.int64(3), 0: np.int64(40)}","{(1, 2): [(np.int64(3), 85), (85, 40), (40, np.int64(38))]}","{(2, np.int64(38)): {'cpu': 15}, (1, np.int64(3)): {'cpu': 19}, (0, np.int64(40)): {'cpu': 15}}","{((1, 2), (np.int64(3), 85)): {'bw': 42.0}, ((1, 2), (85, 40)): {'bw': 42.0}, ((1, 2), (40, np.int64(38))): {'bw': 42.0}}",0.0,0.0,120.0,49.0,71.0,0.0,0.0,0.0,0.0,0.0,0.0,0.0,0.0,0.0,Route Failure,0.0,"{'node_level': {}, 'link_level': {}, 'path_level': {}}","{'node_level': {2: {'cpu': -46}, 1: {'cpu': -29}, 0: {'cpu': -54}}, 'link_level': {}, 'path_level': {}}","{'node_level': {2: {'cpu': 0}, 1: {'cpu': 0}, 0: {'cpu': 0}}, 'link_level': {}, 'path_level': {}}",[],0.0,0.0,True,False,False,0,[],0,0.0,"OrderedDict([((1, 2), 0)])",0.0,0.0,3.0,1.0
81,57,23,12860.0,22127.0,5633411.4724642,9515369.728045428,0.5811904008677182,0.5920328514256661,56,126,0,1010.8933921995609,38304.0,6004,32300.0,0.17220460499103818,0.18426103646833014,79,16.89339219956097,994.0,2,1,False,{},{},{},{},0.0,0.0,0.0,0.0,0.0,0.0,0.0,0.0,0.0,0.0,0.0,0.0,0.0,0.0,Leave Event,0.0,"{'node_level': {}, 'link_level': {}, 'path_level': {}}","{'node_level': {}, 'link_level': {}, 'path_level': {}}","{'node_level': {}, 'link_level': {}, 'path_level': {}}",[],0.0,0.0,True,True,False,0,[],0,0.0,,,,,
81,57,22,12860.0,22127.0,5633411.4724642,9515369.728045428,0.5811904008677182,0.5920328514256661,56,127,0,1012.6410145895702,38421.0,6036,32385.0,0.16779263752929818,0.182114354985352,36,562.6410145895702,450.0,3,3,False,{},{},{},{},0.0,0.0,0.0,0.0,0.0,0.0,0.0,0.0,0.0,0.0,0.0,0.0,0.0,0.0,Leave Event,0.0,"{'node_level': {}, 'link_level': {}, 'path_level': {}}","{'node_level': {}, 'link_level': {}, 'path_level': {}}","{'node_level': {}, 'link_level': {}, 'path_level': {}}",[],0.0,0.0,True,True,False,0,[],0,0.0,,,,,
82,57,22,12860.0,22127.0,5633411.4724642,9515369.728045428,0.5811904008677182,0.5920328514256661,56,128,1,1024.0,38421.0,6036,32385.0,0.16779263752929818,0.182114354985352,81,233.63628162851163,1024.0,7,11,False,"{2: np.int64(49), 3: np.int64(98), 0: np.int64(95), 1: np.int64(53), 6: np.int64(38), 4: np.int64(3), 5: np.int64(68)}","{(1, 3): [(np.int64(53), 98)], (2, 4): [(np.int64(49), 10), (10, np.int64(3))], (0, 6): [(np.int64(95), 26), (26, 28), (28, 8), (8, np.int64(38))], (0, 5): [(np.int64(95), 88), (88, np.int64(68))], (2, 6): [(np.int64(49), 76), (76, 91), (91, np.int64(38))], (3, 4): [(np.int64(98), 63), (63, np.int64(3))], (1, 6): [(np.int64(53), 30), (30, 40), (40, np.int64(38))], (1, 5): [(np.int64(53), 84), (84, 97), (97, np.int64(68))]}","{(2, np.int64(49)): {'cpu': 19}, (3, np.int64(98)): {'cpu': 19}, (0, np.int64(95)): {'cpu': 15}, (1, np.int64(53)): {'cpu': 16}, (6, np.int64(38)): {'cpu': 12}, (4, np.int64(3)): {'cpu': 12}, (5, np.int64(68)): {'cpu': 6}}","{((1, 3), (np.int64(53), 98)): {'bw': 48.0}, ((2, 4), (np.int64(49), 10)): {'bw': 46.0}, ((2, 4), (10, np.int64(3))): {'bw': 46.0}, ((0, 6), (np.int64(95), 26)): {'bw': 44.0}, ((0, 6), (26, 28)): {'bw': 44.0}, ((0, 6), (28, 8)): {'bw': 44.0}, ((0, 6), (8, np.int64(38))): {'bw': 44.0}, ((0, 5), (np.int64(95), 88)): {'bw': 42.0}, ((0, 5), (88, np.int64(68))): {'bw': 42.0}, ((2, 6), (np.int64(49), 76)): {'bw': 38.0}, ((2, 6), (76, 91)): {'bw': 38.0}, ((2, 6), (91, np.int64(38))): {'bw': 38.0}, ((3, 4), (np.int64(98), 63)): {'bw': 19.0}, ((3, 4), (63, np.int64(3))): {'bw': 19.0}, ((1, 6), (np.int64(53), 30)): {'bw': 13.0}, ((1, 6), (30, 40)): {'bw': 13.0}, ((1, 6), (40, np.int64(38))): {'bw': 13.0}, ((1, 5), (np.int64(53), 84)): {'bw': 13.0}, ((1, 5), (84, 97)): {'bw': 13.0}, ((1, 5), (97, np.int64(68))): {'bw': 13.0}}",0.0,0.0,388.0,99.0,289.0,0.0,0.0,0.0,0.0,0.0,0.0,0.0,0.0,0.0,Route Failure,0.0,"{'node_level': {}, 'link_level': {}, 'path_level': {}}","{'node_level': {2: {'cpu': -36}, 3: {'cpu': -14}, 0: {'cpu': -66}, 1: {'cpu': -44}, 6: {'cpu': -49}, 4: {'cpu': -36}, 5: {'cpu': -45}}, 'link_level': {}, 'path_level': {}}","{'node_level': {2: {'cpu': 0}, 3: {'cpu': 0}, 0: {'cpu': 0}, 1: {'cpu': 0}, 6: {'cpu': 0}, 4: {'cpu': 0}, 5: {'cpu': 0}}, 'link_level': {}, 'path_level': {}}",[],0.0,0.0,True,False,False,0,[],0,0.0,"OrderedDict([((1, 3), 0), ((2, 4), 0), ((0, 6), 0), ((0, 5), 0), ((2, 6), 0), ((3, 4), 0), ((1, 6), 0), ((1, 5), 0)])",2.0,0.0,7.0,8.0
82,57,21,12860.0,22127.0,5633411.4724642,9515369.728045428,0.5811904008677182,0.5920328514256661,56,129,0,1027.2692980017298,39116.0,6097,33019.0,0.1593823245553564,0.1661026366299626,74,91.26929800172978,936.0,6,10,False,{},{},{},{},0.0,0.0,0.0,0.0,0.0,0.0,0.0,0.0,0.0,0.0,0.0,0.0,0.0,0.0,Leave Event,0.0,"{'node_level': {}, 'link_level': {}, 'path_level': {}}","{'node_level': {}, 'link_level': {}, 'path_level': {}}","{'node_level': {}, 'link_level': {}, 'path_level': {}}",[],0.0,0.0,True,True,False,0,[],0,0.0,,,,,
83,58,22,13049.0,22371.0,5684900.471419346,9581842.298125086,0.583299807786867,0.5932993149482048,56,130,1,1033.0,38872.0,6071,32801.0,0.1629670481180201,0.1716082432568946,82,272.4285659002399,1033.0,5,5,True,"{1: np.int64(49), 4: np.int64(98), 0: np.int64(18), 2: np.int64(91), 3: np.int64(0)}","{(1, 4): [(np.int64(49), 55), (55, np.int64(98))], (2, 4): [(np.int64(91), 98)], (0, 3): [(np.int64(18), 0)], (1, 3): [(np.int64(49), 0)], (0, 1): [(np.int64(18), 33), (33, np.int64(49))]}","{(1, np.int64(49)): {'cpu': 13}, (4, np.int64(98)): {'cpu': 5}, (0, np.int64(18)): {'cpu': 4}, (2, np.int64(91)): {'cpu': 3}, (3, np.int64(0)): {'cpu': 1}}","{((1, 4), (np.int64(49), 55)): {'bw': 44.0}, ((1, 4), (55, np.int64(98))): {'bw': 44.0}, ((2, 4), (np.int64(91), 98)): {'bw': 42.0}, ((0, 3), (np.int64(18), 0)): {'bw': 36.0}, ((1, 3), (np.int64(49), 0)): {'bw': 30.0}, ((0, 1), (np.int64(18), 33)): {'bw': 11.0}, ((0, 1), (33, np.int64(49))): {'bw': 11.0}}",244.0,189.0,189.0,26.0,163.0,26.0,163.0,26.0,218.0,55.0,0.7745901639344263,66472.57007965853,51488.99895514534,211.02048752108746,Success,0.0,"{'node_level': {}, 'link_level': {}, 'path_level': {}}","{'node_level': {1: {'cpu': -42}, 4: {'cpu': -28}, 0: {'cpu': -17}, 2: {'cpu': -59}, 3: {'cpu': -81}}, 'link_level': {}, 'path_level': {}}","{'node_level': {1: {'cpu': 0}, 4: {'cpu': 0}, 0: {'cpu': 0}, 2: {'cpu': 0}, 3: {'cpu': 0}}, 'link_level': {}, 'path_level': {}}",[],0.0,0.0,True,True,False,0,[],0,0.0,"OrderedDict([((1, 4), 0), ((2, 4), 0), ((0, 3), 0), ((1, 3), 0), ((0, 1), 0)])",1.0,0.0,5.0,5.0
83,58,21,13049.0,22371.0,5684900.471419346,9581842.298125086,0.583299807786867,0.5932993149482048,56,131,0,1037.226787451479,39041.0,6099,32942.0,0.15910657658899763,0.16804727750277804,45,482.22678745147897,555.0,2,1,False,{},{},{},{},0.0,0.0,0.0,0.0,0.0,0.0,0.0,0.0,0.0,0.0,0.0,0.0,0.0,0.0,Leave Event,0.0,"{'node_level': {}, 'link_level': {}, 'path_level': {}}","{'node_level': {}, 'link_level': {}, 'path_level': {}}","{'node_level': {}, 'link_level': {}, 'path_level': {}}",[],0.0,0.0,True,True,False,0,[],0,0.0,,,,,
83,58,21,13049.0,22371.0,5684900.471419346,9581842.298125086,0.583299807786867,0.5932993149482048,56,132,0,1045.9174390041353,39041.0,6099,32942.0,0.15910657658899763,0.16804727750277804,41,538.9174390041352,507.0,4,4,False,{},{},{},{},0.0,0.0,0.0,0.0,0.0,0.0,0.0,0.0,0.0,0.0,0.0,0.0,0.0,0.0,Leave Event,0.0,"{'node_level': {}, 'link_level': {}, 'path_level': {}}","{'node_level': {}, 'link_level': {}, 'path_level': {}}","{'node_level': {}, 'link_level': {}, 'path_level': {}}",[],0.0,0.0,True,True,False,0,[],0,0.0,,,,,
83,58,20,13049.0,22371.0,5684900.471419346,9581842.298125086,0.583299807786867,0.5932993149482048,56,133,0,1048.5122096290029,39648.0,6174,33474.0,0.1487660278505446,0.15461157692696237,25,705.5122096290029,343.0,7,10,False,{},{},{},{},0.0,0.0,0.0,0.0,0.0,0.0,0.0,0.0,0.0,0.0,0.0,0.0,0.0,0.0,Leave Event,0.0,"{'node_level': {}, 'link_level': {}, 'path_level': {}}","{'node_level': {}, 'link_level': {}, 'path_level': {}}","{'node_level': {}, 'link_level': {}, 'path_level': {}}",[],0.0,0.0,True,True,False,0,[],0,0.0,,,,,
84,59,21,13067.0,22389.0,5685367.684410455,9582309.511116195,0.5836348206708651,0.5933191448068968,56,134,1,1054.0,39630.0,6162,33468.0,0.15042051564869707,0.15476310738458432,83,25.956277283853577,1054.0,2,1,True,"{1: np.int64(10), 0: np.int64(3)}","{(0, 1): [(np.int64(3), 10)]}","{(1, np.int64(10)): {'cpu': 11}, (0, np.int64(3)): {'cpu': 1}}","{((0, 1), (np.int64(3), 10)): {'bw': 6.0}}",18.0,18.0,18.0,12.0,6.0,12.0,6.0,12.0,6.0,0.0,1.0,467.2129911093644,467.2129911093644,25.956277283853577,Success,0.0,"{'node_level': {}, 'link_level': {}, 'path_level': {}}","{'node_level': {1: {'cpu': -74}, 0: {'cpu': -52}}, 'link_level': {}, 'path_level': {}}","{'node_level': {1: {'cpu': 0}, 0: {'cpu': 0}}, 'link_level': {}, 'path_level': {}}",[],0.0,0.0,True,True,False,0,[],0,0.0,"OrderedDict([((0, 1), 0)])",1.0,0.0,2.0,1.0
84,59,20,13067.0,22389.0,5685367.684410455,9582309.511116195,0.5836348206708651,0.5933191448068968,56,135,0,1057.3955064545844,40085.0,6228,33857.0,0.14132083275885843,0.14493888271542577,78,75.39550645458432,982.0,7,9,False,{},{},{},{},0.0,0.0,0.0,0.0,0.0,0.0,0.0,0.0,0.0,0.0,0.0,0.0,0.0,0.0,Leave Event,0.0,"{'node_level': {}, 'link_level': {}, 'path_level': {}}","{'node_level': {}, 'link_level': {}, 'path_level': {}}","{'node_level': {}, 'link_level': {}, 'path_level': {}}",[],0.0,0.0,True,True,False,0,[],0,0.0,,,,,
85,60,21,13389.0,22862.0,5758608.493088934,9689896.164858185,0.5856443005861255,0.5942900104516459,58,136,1,1061.0,39612.0,6135,33477.0,0.15414311319454022,0.15453581169815134,84,227.45592757291564,1061.0,7,11,True,"{6: np.int64(18), 3: np.int64(3), 5: np.int64(33), 1: np.int64(41), 2: np.int64(10), 4: np.int64(93), 0: np.int64(37)}","{(0, 6): [(np.int64(37), 18)], (0, 1): [(np.int64(37), 10), (10, 41)], (2, 3): [(np.int64(10), 3)], (0, 3): [(np.int64(37), 10), (10, np.int64(3))], (1, 5): [(np.int64(41), 46), (46, np.int64(33))], (2, 6): [(np.int64(10), 3), (3, 77), (77, np.int64(18))], (5, 6): [(np.int64(33), 18)], (0, 5): [(np.int64(37), 30), (30, 53), (53, np.int64(33))], (3, 4): [(np.int64(3), 93)], (2, 4): [(np.int64(10), 50), (50, np.int64(93))], (1, 2): [(np.int64(41), 10)]}","{(6, np.int64(18)): {'cpu': 18}, (3, np.int64(3)): {'cpu': 17}, (5, np.int64(33)): {'cpu': 20}, (1, np.int64(41)): {'cpu': 13}, (2, np.int64(10)): {'cpu': 8}, (4, np.int64(93)): {'cpu': 16}, (0, np.int64(37)): {'cpu': 1}}","{((0, 6), (np.int64(37), 18)): {'bw': 43.0}, ((0, 1), (np.int64(37), 10)): {'bw': 33.0}, ((0, 1), (10, 41)): {'bw': 33.0}, ((2, 3), (np.int64(10), 3)): {'bw': 34.0}, ((0, 3), (np.int64(37), 10)): {'bw': 33.0}, ((0, 3), (10, np.int64(3))): {'bw': 33.0}, ((1, 5), (np.int64(41), 46)): {'bw': 19.0}, ((1, 5), (46, np.int64(33))): {'bw': 19.0}, ((2, 6), (np.int64(10), 3)): {'bw': 18.0}, ((2, 6), (3, 77)): {'bw': 18.0}, ((2, 6), (77, np.int64(18))): {'bw': 18.0}, ((5, 6), (np.int64(33), 18)): {'bw': 13.0}, ((0, 5), (np.int64(37), 30)): {'bw': 12.0}, ((0, 5), (30, 53)): {'bw': 12.0}, ((0, 5), (53, np.int64(33))): {'bw': 12.0}, ((3, 4), (np.int64(3), 93)): {'bw': 11.0}, ((2, 4), (np.int64(10), 50)): {'bw': 6.0}, ((2, 4), (50, np.int64(93))): {'bw': 6.0}, ((1, 2), (np.int64(41), 10)): {'bw': 7.0}}",473.0,322.0,322.0,93.0,229.0,93.0,229.0,93.0,380.0,151.0,0.6807610993657506,107586.6537419891,73240.80867847883,154.84314731179458,Success,0.0,"{'node_level': {}, 'link_level': {}, 'path_level': {}}","{'node_level': {6: {'cpu': -18}, 3: {'cpu': -35}, 5: {'cpu': -30}, 1: {'cpu': -29}, 2: {'cpu': -66}, 4: {'cpu': -49}, 0: {'cpu': -98}}, 'link_level': {}, 'path_level': {}}","{'node_level': {6: {'cpu': 0}, 3: {'cpu': 0}, 5: {'cpu': 0}, 1: {'cpu': 0}, 2: {'cpu': 0}, 4: {'cpu': 0}, 0: {'cpu': 0}}, 'link_level': {}, 'path_level': {}}",[],0.0,0.0,True,True,False,0,[],0,0.0,"OrderedDict([((0, 6), 0), ((0, 1), 0), ((2, 3), 0), ((0, 3), 0), ((1, 5), 0), ((2, 6), 0), ((5, 6), 0), ((0, 5), 0), ((3, 4), 0), ((2, 4), 0), ((1, 2), 0)])",2.0,0.0,7.0,11.0
85,60,20,13389.0,22862.0,5758608.493088934,9689896.164858185,0.5856443005861255,0.5942900104516459,58,137,0,1073.620251322689,39855.0,6169,33686.0,0.14945539776644146,0.14925750075765232,5,1001.6202513226889,72.0,5,6,False,{},{},{},{},0.0,0.0,0.0,0.0,0.0,0.0,0.0,0.0,0.0,0.0,0.0,0.0,0.0,0.0,Leave Event,0.0,"{'node_level': {}, 'link_level': {}, 'path_level': {}}","{'node_level': {}, 'link_level': {}, 'path_level': {}}","{'node_level': {}, 'link_level': {}, 'path_level': {}}",[],0.0,0.0,True,True,False,0,[],0,0.0,,,,,
86,61,21,13406.0,22879.0,5758751.019136868,9690038.69090612,0.5859521832247913,0.5942959778417938,58,138,1,1078.0,39838.0,6153,33685.0,0.15166138149731145,0.1492827558339226,85,8.383885172651535,1078.0,2,1,True,"{0: np.int64(52), 1: np.int64(7)}","{(0, 1): [(np.int64(52), 7)]}","{(0, np.int64(52)): {'cpu': 13}, (1, np.int64(7)): {'cpu': 3}}","{((0, 1), (np.int64(52), 7)): {'bw': 1.0}}",17.0,17.0,17.0,16.0,1.0,16.0,1.0,16.0,1.0,0.0,1.0,142.5260479350761,142.5260479350761,8.383885172651535,Success,0.0,"{'node_level': {}, 'link_level': {}, 'path_level': {}}","{'node_level': {0: {'cpu': -79}, 1: {'cpu': -53}}, 'link_level': {}, 'path_level': {}}","{'node_level': {0: {'cpu': 0}, 1: {'cpu': 0}}, 'link_level': {}, 'path_level': {}}",[],0.0,0.0,True,True,False,0,[],0,0.0,"OrderedDict([((0, 1), 0)])",0.0,0.0,2.0,1.0
86,61,20,13406.0,22879.0,5758751.019136868,9690038.69090612,0.5859521832247913,0.5942959778417938,58,139,0,1079.9562772838535,39856.0,6165,33691.0,0.15000689369915898,0.14913122537630064,83,25.956277283853577,1054.0,2,1,False,{},{},{},{},0.0,0.0,0.0,0.0,0.0,0.0,0.0,0.0,0.0,0.0,0.0,0.0,0.0,0.0,Leave Event,0.0,"{'node_level': {}, 'link_level': {}, 'path_level': {}}","{'node_level': {}, 'link_level': {}, 'path_level': {}}","{'node_level': {}, 'link_level': {}, 'path_level': {}}",[],0.0,0.0,True,True,False,0,[],0,0.0,,,,,
86,61,19,13406.0,22879.0,5758751.019136868,9690038.69090612,0.5859521832247913,0.5942959778417938,58,140,0,1083.1728284851836,40103.0,6229,33874.0,0.141182958775679,0.14450954641883018,68,217.1728284851835,866.0,6,5,False,{},{},{},{},0.0,0.0,0.0,0.0,0.0,0.0,0.0,0.0,0.0,0.0,0.0,0.0,0.0,0.0,Leave Event,0.0,"{'node_level': {}, 'link_level': {}, 'path_level': {}}","{'node_level': {}, 'link_level': {}, 'path_level': {}}","{'node_level': {}, 'link_level': {}, 'path_level': {}}",[],0.0,0.0,True,True,False,0,[],0,0.0,,,,,
86,61,19,13406.0,22879.0,5758751.019136868,9690038.69090612,0.5859521832247913,0.5942959778417938,58,141,0,1084.6638271383595,40103.0,6229,33874.0,0.141182958775679,0.14450954641883018,12,923.6638271383595,161.0,10,24,False,{},{},{},{},0.0,0.0,0.0,0.0,0.0,0.0,0.0,0.0,0.0,0.0,0.0,0.0,0.0,0.0,Leave Event,0.0,"{'node_level': {}, 'link_level': {}, 'path_level': {}}","{'node_level': {}, 'link_level': {}, 'path_level': {}}","{'node_level': {}, 'link_level': {}, 'path_level': {}}",[],0.0,0.0,True,True,False,0,[],0,0.0,,,,,
87,62,20,13515.0,23126.0,5773047.96604723,9722436.359592903,0.5844071607714261,0.5937861408936965,58,142,1,1085.0,39856.0,6214,33642.0,0.14325106852336966,0.15036872411354685,86,131.1646505537754,1085.0,3,3,True,"{2: np.int64(60), 1: np.int64(32), 0: np.int64(68)}","{(0, 2): [(np.int64(68), 4), (4, 15), (15, 89), (89, np.int64(60))], (1, 2): [(np.int64(32), 60)], (0, 1): [(np.int64(68), 32)]}","{(2, np.int64(60)): {'cpu': 9}, (1, np.int64(32)): {'cpu': 5}, (0, np.int64(68)): {'cpu': 1}}","{((0, 2), (np.int64(68), 4)): {'bw': 46.0}, ((0, 2), (4, 15)): {'bw': 46.0}, ((0, 2), (15, 89)): {'bw': 46.0}, ((0, 2), (89, np.int64(60))): {'bw': 46.0}, ((1, 2), (np.int64(32), 60)): {'bw': 29.0}, ((0, 1), (np.int64(68), 32)): {'bw': 19.0}}",247.0,109.0,109.0,15.0,94.0,15.0,94.0,15.0,232.0,138.0,0.44129554655870445,32397.668686782523,14296.94691036152,57.88237615530979,Success,0.0,"{'node_level': {}, 'link_level': {}, 'path_level': {}}","{'node_level': {2: {'cpu': -39}, 1: {'cpu': -74}, 0: {'cpu': -50}}, 'link_level': {}, 'path_level': {}}","{'node_level': {2: {'cpu': 0}, 1: {'cpu': 0}, 0: {'cpu': 0}}, 'link_level': {}, 'path_level': {}}",[],0.0,0.0,True,True,False,0,[],0,0.0,"OrderedDict([((0, 2), 0), ((1, 2), 0), ((0, 1), 0)])",1.0,0.0,3.0,3.0
87,62,19,13515.0,23126.0,5773047.96604723,9722436.359592903,0.5844071607714261,0.5937861408936965,58,143,0,1086.3838851726516,39873.0,6230,33643.0,0.14104508479249966,0.15034346903727647,85,8.383885172651535,1078.0,2,1,False,{},{},{},{},0.0,0.0,0.0,0.0,0.0,0.0,0.0,0.0,0.0,0.0,0.0,0.0,0.0,0.0,Leave Event,0.0,"{'node_level': {}, 'link_level': {}, 'path_level': {}}","{'node_level': {}, 'link_level': {}, 'path_level': {}}","{'node_level': {}, 'link_level': {}, 'path_level': {}}",[],0.0,0.0,True,True,False,0,[],0,0.0,,,,,
87,62,18,13515.0,23126.0,5773047.96604723,9722436.359592903,0.5844071607714261,0.5937861408936965,58,144,0,1092.1185821927488,39900.0,6255,33645.0,0.13759823521301529,0.15029295888473582,1,1062.1185821927488,30.0,2,1,False,{},{},{},{},0.0,0.0,0.0,0.0,0.0,0.0,0.0,0.0,0.0,0.0,0.0,0.0,0.0,0.0,Leave Event,0.0,"{'node_level': {}, 'link_level': {}, 'path_level': {}}","{'node_level': {}, 'link_level': {}, 'path_level': {}}","{'node_level': {}, 'link_level': {}, 'path_level': {}}",[],0.0,0.0,True,True,False,0,[],0,0.0,,,,,
88,63,19,13696.0,23382.0,5904073.330872257,9907754.002660345,0.5857497220083825,0.5959043118437283,58,145,1,1097.0,39644.0,6197,33447.0,0.145594926237419,0.1552934639862612,87,723.8970432321961,1097.0,4,4,True,"{3: np.int64(1), 1: np.int64(52), 0: np.int64(7), 2: np.int64(72)}","{(1, 3): [(np.int64(52), 94), (94, np.int64(1))], (0, 1): [(np.int64(7), 52)], (0, 3): [(np.int64(7), 12), (12, np.int64(1))], (1, 2): [(np.int64(52), 72)]}","{(3, np.int64(1)): {'cpu': 20}, (1, np.int64(52)): {'cpu': 16}, (0, np.int64(7)): {'cpu': 16}, (2, np.int64(72)): {'cpu': 6}}","{((1, 3), (np.int64(52), 94)): {'bw': 45.0}, ((1, 3), (94, np.int64(1))): {'bw': 45.0}, ((0, 1), (np.int64(7), 52)): {'bw': 35.0}, ((0, 3), (np.int64(7), 12)): {'bw': 30.0}, ((0, 3), (12, np.int64(1))): {'bw': 30.0}, ((1, 2), (np.int64(52), 72)): {'bw': 13.0}}",256.0,181.0,181.0,58.0,123.0,58.0,123.0,58.0,198.0,75.0,0.70703125,185317.6430674422,131025.3648250275,511.8178313477637,Success,0.0,"{'node_level': {}, 'link_level': {}, 'path_level': {}}","{'node_level': {3: {'cpu': -29}, 1: {'cpu': -76}, 0: {'cpu': -40}, 2: {'cpu': -57}}, 'link_level': {}, 'path_level': {}}","{'node_level': {3: {'cpu': 0}, 1: {'cpu': 0}, 0: {'cpu': 0}, 2: {'cpu': 0}}, 'link_level': {}, 'path_level': {}}",[],0.0,0.0,True,True,False,0,[],0,0.0,"OrderedDict([((1, 3), 0), ((0, 1), 0), ((0, 3), 0), ((1, 2), 0)])",1.0,0.0,4.0,4.0
88,63,19,13696.0,23382.0,5904073.330872257,9907754.002660345,0.5857497220083825,0.5959043118437283,58,146,0,1108.6412263936854,39644.0,6197,33447.0,0.145594926237419,0.1552934639862612,14,920.6412263936853,188.0,8,14,False,{},{},{},{},0.0,0.0,0.0,0.0,0.0,0.0,0.0,0.0,0.0,0.0,0.0,0.0,0.0,0.0,Leave Event,0.0,"{'node_level': {}, 'link_level': {}, 'path_level': {}}","{'node_level': {}, 'link_level': {}, 'path_level': {}}","{'node_level': {}, 'link_level': {}, 'path_level': {}}",[],0.0,0.0,True,True,False,0,[],0,0.0,,,,,
89,64,20,13934.0,23723.0,6247342.126575656,10399580.302386643,0.587362475235004,0.6007302165013263,58,147,1,1112.0,39303.0,6137,33166.0,0.15386736522818145,0.16239014041822408,88,1442.305864299997,1112.0,6,6,True,"{1: np.int64(18), 0: np.int64(5), 2: np.int64(85), 3: np.int64(29), 5: np.int64(34), 4: np.int64(64)}","{(0, 5): [(np.int64(5), 15), (15, np.int64(34))], (0, 2): [(np.int64(5), 85)], (1, 3): [(np.int64(18), 29)], (2, 5): [(np.int64(85), 30), (30, 91), (91, np.int64(34))], (0, 1): [(np.int64(5), 18)], (4, 5): [(np.int64(64), 34)]}","{(1, np.int64(18)): {'cpu': 17}, (0, np.int64(5)): {'cpu': 8}, (2, np.int64(85)): {'cpu': 7}, (3, np.int64(29)): {'cpu': 9}, (5, np.int64(34)): {'cpu': 3}, (4, np.int64(64)): {'cpu': 16}}","{((0, 5), (np.int64(5), 15)): {'bw': 43.0}, ((0, 5), (15, np.int64(34))): {'bw': 43.0}, ((0, 2), (np.int64(5), 85)): {'bw': 42.0}, ((1, 3), (np.int64(18), 29)): {'bw': 41.0}, ((2, 5), (np.int64(85), 30)): {'bw': 30.0}, ((2, 5), (30, 91)): {'bw': 30.0}, ((2, 5), (91, np.int64(34))): {'bw': 30.0}, ((0, 1), (np.int64(5), 18)): {'bw': 11.0}, ((4, 5), (np.int64(64), 34)): {'bw': 11.0}}",341.0,238.0,238.0,60.0,178.0,60.0,178.0,60.0,281.0,103.0,0.6979472140762464,491826.29972629895,343268.7957033993,1006.6533598340155,Success,0.0,"{'node_level': {}, 'link_level': {}, 'path_level': {}}","{'node_level': {1: {'cpu': -16}, 0: {'cpu': -44}, 2: {'cpu': -45}, 3: {'cpu': -57}, 5: {'cpu': -65}, 4: {'cpu': -59}}, 'link_level': {}, 'path_level': {}}","{'node_level': {1: {'cpu': 0}, 0: {'cpu': 0}, 2: {'cpu': 0}, 3: {'cpu': 0}, 5: {'cpu': 0}, 4: {'cpu': 0}}, 'link_level': {}, 'path_level': {}}",[],0.0,0.0,True,True,False,0,[],0,0.0,"OrderedDict([((0, 5), 0), ((0, 2), 0), ((1, 3), 0), ((2, 5), 0), ((0, 1), 0), ((4, 5), 0)])",1.0,0.0,6.0,6.0
89,64,19,13934.0,23723.0,6247342.126575656,10399580.302386643,0.587362475235004,0.6007302165013263,58,148,0,1117.275997393307,39453.0,6165,33288.0,0.15000689369915898,0.15930902111324374,56,401.275997393307,716.0,3,2,False,{},{},{},{},0.0,0.0,0.0,0.0,0.0,0.0,0.0,0.0,0.0,0.0,0.0,0.0,0.0,0.0,Leave Event,0.0,"{'node_level': {}, 'link_level': {}, 'path_level': {}}","{'node_level': {}, 'link_level': {}, 'path_level': {}}","{'node_level': {}, 'link_level': {}, 'path_level': {}}",[],0.0,0.0,True,True,False,0,[],0,0.0,,,,,
90,65,20,14033.0,23884.0,6315963.548707794,10511176.75656113,0.5875481493887121,0.600880728674393,58,149,1,1119.0,39292.0,6128,33164.0,0.15510823107679583,0.16244065057076473,89,693.1456781024035,1119.0,4,3,True,"{2: np.int64(50), 3: np.int64(38), 1: np.int64(98), 0: np.int64(95)}","{(2, 3): [(np.int64(50), 0), (0, np.int64(38))], (1, 2): [(np.int64(98), 43), (43, np.int64(50))], (0, 3): [(np.int64(95), 41), (41, np.int64(38))]}","{(2, np.int64(50)): {'cpu': 13}, (3, np.int64(38)): {'cpu': 9}, (1, np.int64(98)): {'cpu': 1}, (0, np.int64(95)): {'cpu': 14}}","{((2, 3), (np.int64(50), 0)): {'bw': 32.0}, ((2, 3), (0, np.int64(38))): {'bw': 32.0}, ((1, 2), (np.int64(98), 43)): {'bw': 29.0}, ((1, 2), (43, np.int64(50))): {'bw': 29.0}, ((0, 3), (np.int64(95), 41)): {'bw': 1.0}, ((0, 3), (41, np.int64(38))): {'bw': 1.0}}",161.0,99.0,99.0,37.0,62.0,37.0,62.0,37.0,124.0,62.0,0.6149068322981367,111596.45417448696,68621.42213213794,426.22001324309286,Success,0.0,"{'node_level': {}, 'link_level': {}, 'path_level': {}}","{'node_level': {2: {'cpu': -69}, 3: {'cpu': -60}, 1: {'cpu': -35}, 0: {'cpu': -67}}, 'link_level': {}, 'path_level': {}}","{'node_level': {2: {'cpu': 0}, 3: {'cpu': 0}, 1: {'cpu': 0}, 0: {'cpu': 0}}, 'link_level': {}, 'path_level': {}}",[],0.0,0.0,True,True,False,0,[],0,0.0,"OrderedDict([((2, 3), 0), ((1, 2), 0), ((0, 3), 0)])",0.0,0.0,4.0,3.0
91,66,21,14067.0,23926.0,6323011.962020917,10519883.620065575,0.5879378082420798,0.6010534137431363,58,150,1,1130.0,39250.0,6102,33148.0,0.15869295463945954,0.16284473179109005,90,207.30627391535805,1130.0,2,1,True,"{0: np.int64(32), 1: np.int64(80)}","{(0, 1): [(np.int64(32), 60), (60, np.int64(80))]}","{(0, np.int64(32)): {'cpu': 16}, (1, np.int64(80)): {'cpu': 10}}","{((0, 1), (np.int64(32), 60)): {'bw': 8.0}, ((0, 1), (60, np.int64(80))): {'bw': 8.0}}",42.0,34.0,34.0,26.0,8.0,26.0,8.0,26.0,16.0,8.0,0.8095238095238095,8706.863504445038,7048.413313122173,167.819364598147,Success,0.0,"{'node_level': {}, 'link_level': {}, 'path_level': {}}","{'node_level': {0: {'cpu': -58}, 1: {'cpu': -50}}, 'link_level': {}, 'path_level': {}}","{'node_level': {0: {'cpu': 0}, 1: {'cpu': 0}}, 'link_level': {}, 'path_level': {}}",[],0.0,0.0,True,True,False,0,[],0,0.0,"OrderedDict([((0, 1), 0)])",1.0,0.0,2.0,1.0
91,66,21,14067.0,23926.0,6323011.962020917,10519883.620065575,0.5879378082420798,0.6010534137431363,58,151,0,1136.0367475186629,39250.0,6102,33148.0,0.15869295463945954,0.16284473179109005,66,297.0367475186629,839.0,6,10,False,{},{},{},{},0.0,0.0,0.0,0.0,0.0,0.0,0.0,0.0,0.0,0.0,0.0,0.0,0.0,0.0,Leave Event,0.0,"{'node_level': {}, 'link_level': {}, 'path_level': {}}","{'node_level': {}, 'link_level': {}, 'path_level': {}}","{'node_level': {}, 'link_level': {}, 'path_level': {}}",[],0.0,0.0,True,True,False,0,[],0,0.0,,,,,
92,67,22,14350.0,24450.0,6418165.123716092,10696068.272815652,0.5869120654396728,0.6000490049252988,58,152,1,1147.0,38726.0,6041,32685.0,0.16710326761340133,0.174537832104253,91,336.2302533398408,1147.0,5,6,True,"{0: np.int64(72), 4: np.int64(68), 2: np.int64(79), 3: np.int64(11), 1: np.int64(25)}","{(0, 3): [(np.int64(72), 64), (64, 25), (25, np.int64(11))], (0, 1): [(np.int64(72), 26), (26, 81), (81, np.int64(25))], (2, 4): [(np.int64(79), 68)], (3, 4): [(np.int64(11), 29), (29, np.int64(68))], (0, 4): [(np.int64(72), 82), (82, np.int64(68))], (2, 3): [(np.int64(79), 11)]}","{(0, np.int64(72)): {'cpu': 13}, (4, np.int64(68)): {'cpu': 10}, (2, np.int64(79)): {'cpu': 15}, (3, np.int64(11)): {'cpu': 8}, (1, np.int64(25)): {'cpu': 15}}","{((0, 3), (np.int64(72), 64)): {'bw': 46.0}, ((0, 3), (64, 25)): {'bw': 46.0}, ((0, 3), (25, np.int64(11))): {'bw': 46.0}, ((0, 1), (np.int64(72), 26)): {'bw': 40.0}, ((0, 1), (26, 81)): {'bw': 40.0}, ((0, 1), (81, np.int64(25))): {'bw': 40.0}, ((2, 4), (np.int64(79), 68)): {'bw': 36.0}, ((3, 4), (np.int64(11), 29)): {'bw': 35.0}, ((3, 4), (29, np.int64(68))): {'bw': 35.0}, ((0, 4), (np.int64(72), 82)): {'bw': 34.0}, ((0, 4), (82, np.int64(68))): {'bw': 34.0}, ((2, 3), (np.int64(79), 11)): {'bw': 31.0}}",524.0,283.0,283.0,61.0,222.0,61.0,222.0,61.0,463.0,241.0,0.5400763358778626,176184.65275007655,95153.16169517495,181.5900032350667,Success,0.0,"{'node_level': {}, 'link_level': {}, 'path_level': {}}","{'node_level': {0: {'cpu': -44}, 4: {'cpu': -40}, 2: {'cpu': -57}, 3: {'cpu': -65}, 1: {'cpu': -21}}, 'link_level': {}, 'path_level': {}}","{'node_level': {0: {'cpu': 0}, 4: {'cpu': 0}, 2: {'cpu': 0}, 3: {'cpu': 0}, 1: {'cpu': 0}}, 'link_level': {}, 'path_level': {}}",[],0.0,0.0,True,True,False,0,[],0,0.0,"OrderedDict([((0, 3), 0), ((0, 1), 0), ((2, 4), 0), ((3, 4), 0), ((0, 4), 0), ((2, 3), 0)])",1.0,0.0,5.0,6.0
92,67,22,14350.0,24450.0,6418165.123716092,10696068.272815652,0.5869120654396728,0.6000490049252988,58,153,0,1151.4092813015957,38726.0,6041,32685.0,0.16710326761340133,0.174537832104253,34,728.4092813015957,423.0,9,23,False,{},{},{},{},0.0,0.0,0.0,0.0,0.0,0.0,0.0,0.0,0.0,0.0,0.0,0.0,0.0,0.0,Leave Event,0.0,"{'node_level': {}, 'link_level': {}, 'path_level': {}}","{'node_level': {}, 'link_level': {}, 'path_level': {}}","{'node_level': {}, 'link_level': {}, 'path_level': {}}",[],0.0,0.0,True,True,False,0,[],0,0.0,,,,,
93,68,23,14469.0,24636.0,6442796.869644454,10734568.312670067,0.5873112518265953,0.6001915197688934,58,154,1,1161.0,38540.0,5994,32546.0,0.1735833448228319,0.17804828770582892,92,206.9894615828749,1161.0,4,3,True,"{0: np.int64(98), 1: np.int64(60), 3: np.int64(38), 2: np.int64(80)}","{(0, 2): [(np.int64(98), 42), (42, np.int64(80))], (1, 3): [(np.int64(60), 40), (40, np.int64(38))], (1, 2): [(np.int64(60), 80)]}","{(0, np.int64(98)): {'cpu': 12}, (1, np.int64(60)): {'cpu': 15}, (3, np.int64(38)): {'cpu': 17}, (2, np.int64(80)): {'cpu': 3}}","{((0, 2), (np.int64(98), 42)): {'bw': 44.0}, ((0, 2), (42, np.int64(80))): {'bw': 44.0}, ((1, 3), (np.int64(60), 40)): {'bw': 23.0}, ((1, 3), (40, np.int64(38))): {'bw': 23.0}, ((1, 2), (np.int64(60), 80)): {'bw': 5.0}}",186.0,119.0,119.0,47.0,72.0,47.0,72.0,47.0,139.0,67.0,0.6397849462365591,38500.03985441473,24631.745928362114,132.42874155033394,Success,0.0,"{'node_level': {}, 'link_level': {}, 'path_level': {}}","{'node_level': {0: {'cpu': -23}, 1: {'cpu': -24}, 3: {'cpu': -43}, 2: {'cpu': -47}}, 'link_level': {}, 'path_level': {}}","{'node_level': {0: {'cpu': 0}, 1: {'cpu': 0}, 3: {'cpu': 0}, 2: {'cpu': 0}}, 'link_level': {}, 'path_level': {}}",[],0.0,0.0,True,True,False,0,[],0,0.0,"OrderedDict([((0, 2), 0), ((1, 3), 0), ((1, 2), 0)])",1.0,0.0,4.0,3.0
94,69,24,14539.0,24745.0,6449720.902103525,10745350.020356335,0.5875530410183876,0.6002336722289145,58,155,1,1168.0,38431.0,5963,32468.0,0.17785743830139256,0.18001818365491462,93,98.91474941530419,1168.0,2,1,True,"{1: np.int64(4), 0: np.int64(10)}","{(0, 1): [(np.int64(10), 6), (6, np.int64(4))]}","{(1, np.int64(4)): {'cpu': 17}, (0, np.int64(10)): {'cpu': 14}}","{((0, 1), (np.int64(10), 6)): {'bw': 39.0}, ((0, 1), (6, np.int64(4))): {'bw': 39.0}}",109.0,70.0,70.0,31.0,39.0,31.0,39.0,31.0,78.0,39.0,0.6422018348623854,10781.707686268157,6924.0324590712935,63.52323356946141,Success,0.0,"{'node_level': {}, 'link_level': {}, 'path_level': {}}","{'node_level': {1: {'cpu': -15}, 0: {'cpu': -63}}, 'link_level': {}, 'path_level': {}}","{'node_level': {1: {'cpu': 0}, 0: {'cpu': 0}}, 'link_level': {}, 'path_level': {}}",[],0.0,0.0,True,True,False,0,[],0,0.0,"OrderedDict([((0, 1), 0)])",1.0,0.0,2.0,1.0
95,69,24,14539.0,24745.0,6449720.902103525,10745350.020356335,0.5875530410183876,0.6002336722289145,58,156,1,1173.0,38431.0,5963,32468.0,0.17785743830139256,0.18001818365491462,94,93.75947916796311,1173.0,9,23,False,"{5: np.int64(36), 7: np.int64(77), 8: np.int64(95), 2: np.int64(53), 3: np.int64(33), 1: np.int64(1), 4: np.int64(31), 6: np.int64(3), 0: np.int64(41)}","{(2, 3): [(np.int64(53), 33)], (0, 7): [(np.int64(41), 3), (3, np.int64(77))], (4, 5): [(np.int64(31), 32), (32, np.int64(36))], (5, 7): [(np.int64(36), 11), (11, np.int64(77))], (4, 7): [(np.int64(31), 77)], (3, 8): [(np.int64(33), 95)], (5, 8): [(np.int64(36), 88), (88, np.int64(95))], (5, 6): [(np.int64(36), 85), (85, np.int64(3))], (3, 4): [(np.int64(33), 31)], (3, 7): [(np.int64(33), 1), (1, np.int64(77))]}","{(5, np.int64(36)): {'cpu': 20}, (7, np.int64(77)): {'cpu': 18}, (8, np.int64(95)): {'cpu': 13}, (2, np.int64(53)): {'cpu': 5}, (3, np.int64(33)): {'cpu': 4}, (1, np.int64(1)): {'cpu': 14}, (4, np.int64(31)): {'cpu': 4}, (6, np.int64(3)): {'cpu': 3}, (0, np.int64(41)): {'cpu': 1}}","{((2, 3), (np.int64(53), 33)): {'bw': 45.0}, ((0, 7), (np.int64(41), 3)): {'bw': 42.0}, ((0, 7), (3, np.int64(77))): {'bw': 42.0}, ((4, 5), (np.int64(31), 32)): {'bw': 42.0}, ((4, 5), (32, np.int64(36))): {'bw': 42.0}, ((5, 7), (np.int64(36), 11)): {'bw': 41.0}, ((5, 7), (11, np.int64(77))): {'bw': 41.0}, ((4, 7), (np.int64(31), 77)): {'bw': 39.0}, ((3, 8), (np.int64(33), 95)): {'bw': 41.0}, ((5, 8), (np.int64(36), 88)): {'bw': 37.0}, ((5, 8), (88, np.int64(95))): {'bw': 37.0}, ((5, 6), (np.int64(36), 85)): {'bw': 28.0}, ((5, 6), (85, np.int64(3))): {'bw': 28.0}, ((3, 4), (np.int64(33), 31)): {'bw': 26.0}, ((3, 7), (np.int64(33), 1)): {'bw': 27.0}, ((3, 7), (1, np.int64(77))): {'bw': 27.0}}",0.0,0.0,600.0,82.0,518.0,0.0,0.0,0.0,0.0,0.0,0.0,0.0,0.0,0.0,Route Failure,0.0,"{'node_level': {}, 'link_level': {}, 'path_level': {}}","{'node_level': {5: {'cpu': -42}, 7: {'cpu': -6}, 8: {'cpu': -54}, 2: {'cpu': -55}, 3: {'cpu': -26}, 1: {'cpu': -15}, 4: {'cpu': -61}, 6: {'cpu': -33}, 0: {'cpu': -28}}, 'link_level': {}, 'path_level': {}}","{'node_level': {5: {'cpu': 0}, 7: {'cpu': 0}, 8: {'cpu': 0}, 2: {'cpu': 0}, 3: {'cpu': 0}, 1: {'cpu': 0}, 4: {'cpu': 0}, 6: {'cpu': 0}, 0: {'cpu': 0}}, 'link_level': {}, 'path_level': {}}",[],0.0,0.0,True,False,False,0,[],0,0.0,"OrderedDict([((2, 3), 0), ((0, 7), 0), ((4, 5), 0), ((5, 7), 0), ((4, 7), 0), ((3, 8), 0), ((5, 8), 0), ((5, 6), 0), ((3, 4), 0), ((3, 7), 0)])",1.0,0.0,9.0,10.0
96,70,25,14847.0,25305.0,6545600.893421402,10919677.27729793,0.5867219917012448,0.5994317164509745,58,157,1,1186.0,37871.0,5889,31982.0,0.18806011305666626,0.19229215072229522,95,311.29867310999197,1186.0,7,8,True,"{4: np.int64(36), 2: np.int64(77), 5: np.int64(50), 6: np.int64(95), 1: np.int64(53), 0: np.int64(1), 3: np.int64(31)}","{(0, 6): [(np.int64(1), 13), (13, np.int64(95))], (1, 2): [(np.int64(53), 3), (3, np.int64(77))], (1, 4): [(np.int64(53), 30), (30, np.int64(36))], (3, 4): [(np.int64(31), 32), (32, np.int64(36))], (5, 6): [(np.int64(50), 93), (93, 3), (3, 41), (41, np.int64(95))], (4, 5): [(np.int64(36), 50)], (0, 2): [(np.int64(1), 77)], (3, 5): [(np.int64(31), 3), (3, 93), (93, np.int64(50))]}","{(4, np.int64(36)): {'cpu': 14}, (2, np.int64(77)): {'cpu': 17}, (5, np.int64(50)): {'cpu': 12}, (6, np.int64(95)): {'cpu': 9}, (1, np.int64(53)): {'cpu': 9}, (0, np.int64(1)): {'cpu': 5}, (3, np.int64(31)): {'cpu': 8}}","{((0, 6), (np.int64(1), 13)): {'bw': 48.0}, ((0, 6), (13, np.int64(95))): {'bw': 48.0}, ((1, 2), (np.int64(53), 3)): {'bw': 33.0}, ((1, 2), (3, np.int64(77))): {'bw': 33.0}, ((1, 4), (np.int64(53), 30)): {'bw': 33.0}, ((1, 4), (30, np.int64(36))): {'bw': 33.0}, ((3, 4), (np.int64(31), 32)): {'bw': 31.0}, ((3, 4), (32, np.int64(36))): {'bw': 31.0}, ((5, 6), (np.int64(50), 93)): {'bw': 29.0}, ((5, 6), (93, 3)): {'bw': 29.0}, ((5, 6), (3, 41)): {'bw': 29.0}, ((5, 6), (41, np.int64(95))): {'bw': 29.0}, ((4, 5), (np.int64(36), 50)): {'bw': 28.0}, ((0, 2), (np.int64(1), 77)): {'bw': 22.0}, ((3, 5), (np.int64(31), 3)): {'bw': 10.0}, ((3, 5), (3, 93)): {'bw': 10.0}, ((3, 5), (93, np.int64(50))): {'bw': 10.0}}",560.0,308.0,308.0,74.0,234.0,74.0,234.0,74.0,486.0,252.0,0.55,174327.2569415955,95879.99131787753,171.21427021049558,Success,0.0,"{'node_level': {}, 'link_level': {}, 'path_level': {}}","{'node_level': {4: {'cpu': -48}, 2: {'cpu': -7}, 5: {'cpu': -57}, 6: {'cpu': -58}, 1: {'cpu': -51}, 0: {'cpu': -24}, 3: {'cpu': -57}}, 'link_level': {}, 'path_level': {}}","{'node_level': {4: {'cpu': 0}, 2: {'cpu': 0}, 5: {'cpu': 0}, 6: {'cpu': 0}, 1: {'cpu': 0}, 0: {'cpu': 0}, 3: {'cpu': 0}}, 'link_level': {}, 'path_level': {}}",[],0.0,0.0,True,True,False,0,[],0,0.0,"OrderedDict([((0, 6), 0), ((1, 2), 0), ((1, 4), 0), ((3, 4), 0), ((5, 6), 0), ((4, 5), 0), ((0, 2), 0), ((3, 5), 0)])",1.0,0.0,7.0,8.0
96,70,24,14847.0,25305.0,6545600.893421402,10919677.27729793,0.5867219917012448,0.5994317164509745,58,158,0,1194.731311046663,38061.0,5928,32133.0,0.18268302771267064,0.18847863420547528,69,316.7313110466631,878.0,6,6,False,{},{},{},{},0.0,0.0,0.0,0.0,0.0,0.0,0.0,0.0,0.0,0.0,0.0,0.0,0.0,0.0,Leave Event,0.0,"{'node_level': {}, 'link_level': {}, 'path_level': {}}","{'node_level': {}, 'link_level': {}, 'path_level': {}}","{'node_level': {}, 'link_level': {}, 'path_level': {}}",[],0.0,0.0,True,True,False,0,[],0,0.0,,,,,
97,71,25,14881.0,25339.0,6580893.4208509615,10954969.80472749,0.5872765302498125,0.6007221871128348,58,159,1,1200.0,38027.0,5919,32108.0,0.18392389356128502,0.18911001111223358,96,1038.015512634093,1200.0,2,1,True,"{0: np.int64(59), 1: np.int64(83)}","{(0, 1): [(np.int64(59), 83)]}","{(0, np.int64(59)): {'cpu': 5}, (1, np.int64(83)): {'cpu': 4}}","{((0, 1), (np.int64(59), 83)): {'bw': 25.0}}",34.0,34.0,34.0,9.0,25.0,9.0,25.0,9.0,25.0,0.0,1.0,35292.527429559166,35292.527429559166,1038.015512634093,Success,0.0,"{'node_level': {}, 'link_level': {}, 'path_level': {}}","{'node_level': {0: {'cpu': -79}, 1: {'cpu': -51}}, 'link_level': {}, 'path_level': {}}","{'node_level': {0: {'cpu': 0}, 1: {'cpu': 0}}, 'link_level': {}, 'path_level': {}}",[],0.0,0.0,True,True,False,0,[],0,0.0,"OrderedDict([((0, 1), 0)])",0.0,0.0,2.0,1.0
97,71,24,14881.0,25339.0,6580893.4208509615,10954969.80472749,0.5872765302498125,0.6007221871128348,58,160,0,1206.0384341796394,38391.0,5992,32399.0,0.17385909278919065,0.18176078391756745,65,385.03843417963935,821.0,6,6,False,{},{},{},{},0.0,0.0,0.0,0.0,0.0,0.0,0.0,0.0,0.0,0.0,0.0,0.0,0.0,0.0,Leave Event,0.0,"{'node_level': {}, 'link_level': {}, 'path_level': {}}","{'node_level': {}, 'link_level': {}, 'path_level': {}}","{'node_level': {}, 'link_level': {}, 'path_level': {}}",[],0.0,0.0,True,True,False,0,[],0,0.0,,,,,
98,72,25,15064.0,25668.0,6844829.223125275,11429477.339963824,0.5868786037088982,0.5988750858442089,58,161,1,1216.0,38062.0,5955,32107.0,0.1789604301668275,0.18913526618850385,97,1442.2721435754875,1216.0,4,5,True,"{3: np.int64(91), 0: np.int64(1), 2: np.int64(77), 1: np.int64(83)}","{(0, 3): [(np.int64(1), 77), (77, np.int64(91))], (1, 3): [(np.int64(83), 19), (19, np.int64(91))], (2, 3): [(np.int64(77), 18), (18, np.int64(91))], (0, 2): [(np.int64(1), 63), (63, np.int64(77))], (1, 2): [(np.int64(83), 21), (21, np.int64(77))]}","{(3, np.int64(91)): {'cpu': 7}, (0, np.int64(1)): {'cpu': 10}, (2, np.int64(77)): {'cpu': 12}, (1, np.int64(83)): {'cpu': 8}}","{((0, 3), (np.int64(1), 77)): {'bw': 46.0}, ((0, 3), (77, np.int64(91))): {'bw': 46.0}, ((1, 3), (np.int64(83), 19)): {'bw': 40.0}, ((1, 3), (19, np.int64(91))): {'bw': 40.0}, ((2, 3), (np.int64(77), 18)): {'bw': 28.0}, ((2, 3), (18, np.int64(91))): {'bw': 28.0}, ((0, 2), (np.int64(1), 63)): {'bw': 29.0}, ((0, 2), (63, np.int64(77))): {'bw': 29.0}, ((1, 2), (np.int64(83), 21)): {'bw': 3.0}, ((1, 2), (21, np.int64(77))): {'bw': 3.0}}",329.0,183.0,183.0,37.0,146.0,37.0,146.0,37.0,292.0,146.0,0.5562310030395137,474507.53523633536,263935.8022743142,802.2364810769428,Success,0.0,"{'node_level': {}, 'link_level': {}, 'path_level': {}}","{'node_level': {3: {'cpu': -67}, 0: {'cpu': -34}, 2: {'cpu': -13}, 1: {'cpu': -49}}, 'link_level': {}, 'path_level': {}}","{'node_level': {3: {'cpu': 0}, 0: {'cpu': 0}, 2: {'cpu': 0}, 1: {'cpu': 0}}, 'link_level': {}, 'path_level': {}}",[],0.0,0.0,True,True,False,0,[],0,0.0,"OrderedDict([((0, 3), 0), ((1, 3), 0), ((2, 3), 0), ((0, 2), 0), ((1, 2), 0)])",1.0,0.0,4.0,5.0
98,72,24,15064.0,25668.0,6844829.223125275,11429477.339963824,0.5868786037088982,0.5988750858442089,58,162,0,1216.1646505537753,38309.0,5970,32339.0,0.17689232041913694,0.1832760884937873,86,131.1646505537754,1085.0,3,3,False,{},{},{},{},0.0,0.0,0.0,0.0,0.0,0.0,0.0,0.0,0.0,0.0,0.0,0.0,0.0,0.0,Leave Event,0.0,"{'node_level': {}, 'link_level': {}, 'path_level': {}}","{'node_level': {}, 'link_level': {}, 'path_level': {}}","{'node_level': {}, 'link_level': {}, 'path_level': {}}",[],0.0,0.0,True,True,False,0,[],0,0.0,,,,,
98,72,23,15064.0,25668.0,6844829.223125275,11429477.339963824,0.5868786037088982,0.5988750858442089,58,163,0,1224.5217545832033,39010.0,6066,32944.0,0.16365641803391695,0.16799676735023739,48,629.5217545832035,595.0,7,9,False,{},{},{},{},0.0,0.0,0.0,0.0,0.0,0.0,0.0,0.0,0.0,0.0,0.0,0.0,0.0,0.0,Leave Event,0.0,"{'node_level': {}, 'link_level': {}, 'path_level': {}}","{'node_level': {}, 'link_level': {}, 'path_level': {}}","{'node_level': {}, 'link_level': {}, 'path_level': {}}",[],0.0,0.0,True,True,False,0,[],0,0.0,,,,,
99,72,23,15064.0,25668.0,6844829.223125275,11429477.339963824,0.5868786037088982,0.5988750858442089,58,164,1,1226.0,39010.0,6066,32944.0,0.16365641803391695,0.16799676735023739,98,468.56935664517397,1226.0,9,20,False,"{5: np.int64(49), 8: np.int64(60), 6: np.int64(7), 4: np.int64(80), 2: np.int64(32), 1: np.int64(75), 3: np.int64(2), 7: np.int64(40), 0: np.int64(81)}","{(1, 4): [(np.int64(75), 50), (50, np.int64(80))], (4, 6): [(np.int64(80), 56), (56, 15), (15, np.int64(7))], (5, 8): [(np.int64(49), 60)], (7, 8): [(np.int64(40), 60)], (1, 3): [(np.int64(75), 38), (38, np.int64(2))], (0, 4): [(np.int64(81), 80)], (0, 5): [(np.int64(81), 80), (80, np.int64(49))], (1, 2): [(np.int64(75), 60), (60, np.int64(32))]}","{(5, np.int64(49)): {'cpu': 18}, (8, np.int64(60)): {'cpu': 17}, (6, np.int64(7)): {'cpu': 18}, (4, np.int64(80)): {'cpu': 9}, (2, np.int64(32)): {'cpu': 11}, (1, np.int64(75)): {'cpu': 8}, (3, np.int64(2)): {'cpu': 9}, (7, np.int64(40)): {'cpu': 6}, (0, np.int64(81)): {'cpu': 4}}","{((1, 4), (np.int64(75), 50)): {'bw': 48.0}, ((1, 4), (50, np.int64(80))): {'bw': 48.0}, ((4, 6), (np.int64(80), 56)): {'bw': 46.0}, ((4, 6), (56, 15)): {'bw': 46.0}, ((4, 6), (15, np.int64(7))): {'bw': 46.0}, ((5, 8), (np.int64(49), 60)): {'bw': 48.0}, ((7, 8), (np.int64(40), 60)): {'bw': 39.0}, ((1, 3), (np.int64(75), 38)): {'bw': 33.0}, ((1, 3), (38, np.int64(2))): {'bw': 33.0}, ((0, 4), (np.int64(81), 80)): {'bw': 36.0}, ((0, 5), (np.int64(81), 80)): {'bw': 36.0}, ((0, 5), (80, np.int64(49))): {'bw': 36.0}, ((1, 2), (np.int64(75), 60)): {'bw': 28.0}, ((1, 2), (60, np.int64(32))): {'bw': 28.0}}",0.0,0.0,604.0,100.0,504.0,0.0,0.0,0.0,0.0,0.0,0.0,0.0,0.0,0.0,Route Failure,0.0,"{'node_level': {}, 'link_level': {}, 'path_level': {}}","{'node_level': {5: {'cpu': -42}, 8: {'cpu': -25}, 6: {'cpu': -35}, 4: {'cpu': -38}, 2: {'cpu': -57}, 1: {'cpu': -51}, 3: {'cpu': -41}, 7: {'cpu': -63}, 0: {'cpu': -88}}, 'link_level': {}, 'path_level': {}}","{'node_level': {5: {'cpu': 0}, 8: {'cpu': 0}, 6: {'cpu': 0}, 4: {'cpu': 0}, 2: {'cpu': 0}, 1: {'cpu': 0}, 3: {'cpu': 0}, 7: {'cpu': 0}, 0: {'cpu': 0}}, 'link_level': {}, 'path_level': {}}",[],0.0,0.0,True,False,False,0,[],0,0.0,"OrderedDict([((1, 4), 0), ((4, 6), 0), ((5, 8), 0), ((7, 8), 0), ((1, 3), 0), ((0, 4), 0), ((0, 5), 0), ((1, 2), 0)])",6.0,0.0,9.0,8.0
100,73,24,15257.0,25952.0,6932447.750203416,11558408.22955031,0.5878930332922319,0.5997752988581827,58,165,1,1240.0,38726.0,6010,32716.0,0.171377361091962,0.17375492473987275,99,453.98200558622,1240.0,4,5,True,"{0: np.int64(49), 1: np.int64(60), 2: np.int64(7), 3: np.int64(80)}","{(0, 1): [(np.int64(49), 60)], (0, 2): [(np.int64(49), 33), (33, np.int64(7))], (0, 3): [(np.int64(49), 80)], (1, 2): [(np.int64(60), 54), (54, np.int64(7))], (2, 3): [(np.int64(7), 15), (15, 56), (56, np.int64(80))]}","{(0, np.int64(49)): {'cpu': 20}, (1, np.int64(60)): {'cpu': 17}, (2, np.int64(7)): {'cpu': 9}, (3, np.int64(80)): {'cpu': 10}}","{((0, 1), (np.int64(49), 60)): {'bw': 40.0}, ((0, 2), (np.int64(49), 33)): {'bw': 32.0}, ((0, 2), (33, np.int64(7))): {'bw': 32.0}, ((0, 3), (np.int64(49), 80)): {'bw': 26.0}, ((1, 2), (np.int64(60), 54)): {'bw': 19.0}, ((1, 2), (54, np.int64(7))): {'bw': 19.0}, ((2, 3), (np.int64(7), 15)): {'bw': 20.0}, ((2, 3), (15, 56)): {'bw': 20.0}, ((2, 3), (56, np.int64(80))): {'bw': 20.0}}",284.0,193.0,193.0,56.0,137.0,56.0,137.0,56.0,228.0,91.0,0.6795774647887324,128930.88958648648,87618.52707814045,308.51594041598753,Success,0.0,"{'node_level': {}, 'link_level': {}, 'path_level': {}}","{'node_level': {0: {'cpu': -40}, 1: {'cpu': -25}, 2: {'cpu': -44}, 3: {'cpu': -37}}, 'link_level': {}, 'path_level': {}}","{'node_level': {0: {'cpu': 0}, 1: {'cpu': 0}, 2: {'cpu': 0}, 3: {'cpu': 0}}, 'link_level': {}, 'path_level': {}}",[],0.0,0.0,True,True,False,0,[],0,0.0,"OrderedDict([((0, 1), 0), ((0, 2), 0), ((0, 3), 0), ((1, 2), 0), ((2, 3), 0)])",3.0,0.0,4.0,5.0
100,73,23,15257.0,25952.0,6932447.750203416,11558408.22955031,0.5878930332922319,0.5997752988581827,58,166,0,1240.0014385167754,39354.0,6070,33284.0,0.16310492210119953,0.15941004141832504,77,265.0014385167753,975.0,7,9,False,{},{},{},{},0.0,0.0,0.0,0.0,0.0,0.0,0.0,0.0,0.0,0.0,0.0,0.0,0.0,0.0,Leave Event,0.0,"{'node_level': {}, 'link_level': {}, 'path_level': {}}","{'node_level': {}, 'link_level': {}, 'path_level': {}}","{'node_level': {}, 'link_level': {}, 'path_level': {}}",[],0.0,0.0,True,True,False,0,[],0,0.0,,,,,
100,73,23,15257.0,25952.0,6932447.750203416,11558408.22955031,0.5878930332922319,0.5997752988581827,58,167,0,1257.6362816285116,39354.0,6070,33284.0,0.16310492210119953,0.15941004141832504,81,233.63628162851163,1024.0,7,11,False,{},{},{},{},0.0,0.0,0.0,0.0,0.0,0.0,0.0,0.0,0.0,0.0,0.0,0.0,0.0,0.0,Leave Event,0.0,"{'node_level': {}, 'link_level': {}, 'path_level': {}}","{'node_level': {}, 'link_level': {}, 'path_level': {}}","{'node_level': {}, 'link_level': {}, 'path_level': {}}",[],0.0,0.0,True,True,False,0,[],0,0.0,,,,,
100,73,23,15257.0,25952.0,6932447.750203416,11558408.22955031,0.5878930332922319,0.5997752988581827,58,168,0,1266.759479167963,39354.0,6070,33284.0,0.16310492210119953,0.15941004141832504,94,93.75947916796311,1173.0,9,23,False,{},{},{},{},0.0,0.0,0.0,0.0,0.0,0.0,0.0,0.0,0.0,0.0,0.0,0.0,0.0,0.0,Leave Event,0.0,"{'node_level': {}, 'link_level': {}, 'path_level': {}}","{'node_level': {}, 'link_level': {}, 'path_level': {}}","{'node_level': {}, 'link_level': {}, 'path_level': {}}",[],0.0,0.0,True,True,False,0,[],0,0.0,,,,,
100,73,22,15257.0,25952.0,6932447.750203416,11558408.22955031,0.5878930332922319,0.5997752988581827,58,169,0,1266.9147494153042,39463.0,6101,33362.0,0.15883082862263886,0.15744014546923935,93,98.91474941530419,1168.0,2,1,False,{},{},{},{},0.0,0.0,0.0,0.0,0.0,0.0,0.0,0.0,0.0,0.0,0.0,0.0,0.0,0.0,Leave Event,0.0,"{'node_level': {}, 'link_level': {}, 'path_level': {}}","{'node_level': {}, 'link_level': {}, 'path_level': {}}","{'node_level': {}, 'link_level': {}, 'path_level': {}}",[],0.0,0.0,True,True,False,0,[],0,0.0,,,,,
100,73,22,15257.0,25952.0,6932447.750203416,11558408.22955031,0.5878930332922319,0.5997752988581827,58,170,0,1279.9589618830807,39463.0,6101,33362.0,0.15883082862263886,0.15744014546923935,73,354.95896188308075,925.0,10,24,False,{},{},{},{},0.0,0.0,0.0,0.0,0.0,0.0,0.0,0.0,0.0,0.0,0.0,0.0,0.0,0.0,Leave Event,0.0,"{'node_level': {}, 'link_level': {}, 'path_level': {}}","{'node_level': {}, 'link_level': {}, 'path_level': {}}","{'node_level': {}, 'link_level': {}, 'path_level': {}}",[],0.0,0.0,True,True,False,0,[],0,0.0,,,,,
100,73,21,15257.0,25952.0,6932447.750203416,11558408.22955031,0.5878930332922319,0.5997752988581827,58,171,0,1288.4559275729157,39936.0,6194,33742.0,0.14600854818695708,0.14784321648651377,84,227.45592757291564,1061.0,7,11,False,{},{},{},{},0.0,0.0,0.0,0.0,0.0,0.0,0.0,0.0,0.0,0.0,0.0,0.0,0.0,0.0,Leave Event,0.0,"{'node_level': {}, 'link_level': {}, 'path_level': {}}","{'node_level': {}, 'link_level': {}, 'path_level': {}}","{'node_level': {}, 'link_level': {}, 'path_level': {}}",[],0.0,0.0,True,True,False,0,[],0,0.0,,,,,
100,73,20,15257.0,25952.0,6932447.750203416,11558408.22955031,0.5878930332922319,0.5997752988581827,58,172,0,1294.955851751608,40369.0,6248,34121.0,0.1385633530952709,0.13827154258005858,2,1251.955851751608,43.0,5,6,False,{},{},{},{},0.0,0.0,0.0,0.0,0.0,0.0,0.0,0.0,0.0,0.0,0.0,0.0,0.0,0.0,Leave Event,0.0,"{'node_level': {}, 'link_level': {}, 'path_level': {}}","{'node_level': {}, 'link_level': {}, 'path_level': {}}","{'node_level': {}, 'link_level': {}, 'path_level': {}}",[],0.0,0.0,True,True,False,0,[],0,0.0,,,,,
100,73,19,15257.0,25952.0,6932447.750203416,11558408.22955031,0.5878930332922319,0.5997752988581827,58,173,0,1305.4285659002398,40613.0,6274,34339.0,0.1349786295326072,0.13276593595312658,82,272.4285659002399,1033.0,5,5,False,{},{},{},{},0.0,0.0,0.0,0.0,0.0,0.0,0.0,0.0,0.0,0.0,0.0,0.0,0.0,0.0,Leave Event,0.0,"{'node_level': {}, 'link_level': {}, 'path_level': {}}","{'node_level': {}, 'link_level': {}, 'path_level': {}}","{'node_level': {}, 'link_level': {}, 'path_level': {}}",[],0.0,0.0,True,True,False,0,[],0,0.0,,,,,
100,73,18,15257.0,25952.0,6932447.750203416,11558408.22955031,0.5878930332922319,0.5997752988581827,58,174,0,1335.489605459313,41345.0,6339,35006.0,0.12601682062594788,0.11592080008081629,51,691.489605459313,644.0,6,9,False,{},{},{},{},0.0,0.0,0.0,0.0,0.0,0.0,0.0,0.0,0.0,0.0,0.0,0.0,0.0,0.0,Leave Event,0.0,"{'node_level': {}, 'link_level': {}, 'path_level': {}}","{'node_level': {}, 'link_level': {}, 'path_level': {}}","{'node_level': {}, 'link_level': {}, 'path_level': {}}",[],0.0,0.0,True,True,False,0,[],0,0.0,,,,,
100,73,17,15257.0,25952.0,6932447.750203416,11558408.22955031,0.5878930332922319,0.5997752988581827,58,175,0,1337.3062739153581,41387.0,6365,35022.0,0.12243209706328417,0.11551671886049097,90,207.30627391535805,1130.0,2,1,False,{},{},{},{},0.0,0.0,0.0,0.0,0.0,0.0,0.0,0.0,0.0,0.0,0.0,0.0,0.0,0.0,Leave Event,0.0,"{'node_level': {}, 'link_level': {}, 'path_level': {}}","{'node_level': {}, 'link_level': {}, 'path_level': {}}","{'node_level': {}, 'link_level': {}, 'path_level': {}}",[],0.0,0.0,True,True,False,0,[],0,0.0,,,,,
100,73,17,15257.0,25952.0,6932447.750203416,11558408.22955031,0.5878930332922319,0.5997752988581827,58,176,0,1339.7911631197298,41387.0,6365,35022.0,0.12243209706328417,0.11551671886049097,7,1242.7911631197298,97.0,4,5,False,{},{},{},{},0.0,0.0,0.0,0.0,0.0,0.0,0.0,0.0,0.0,0.0,0.0,0.0,0.0,0.0,Leave Event,0.0,"{'node_level': {}, 'link_level': {}, 'path_level': {}}","{'node_level': {}, 'link_level': {}, 'path_level': {}}","{'node_level': {}, 'link_level': {}, 'path_level': {}}",[],0.0,0.0,True,True,False,0,[],0,0.0,,,,,
100,73,16,15257.0,25952.0,6932447.750203416,11558408.22955031,0.5878930332922319,0.5997752988581827,58,177,0,1367.9894615828748,41573.0,6412,35161.0,0.11595201985385362,0.11200626325891505,92,206.9894615828749,1161.0,4,3,False,{},{},{},{},0.0,0.0,0.0,0.0,0.0,0.0,0.0,0.0,0.0,0.0,0.0,0.0,0.0,0.0,Leave Event,0.0,"{'node_level': {}, 'link_level': {}, 'path_level': {}}","{'node_level': {}, 'link_level': {}, 'path_level': {}}","{'node_level': {}, 'link_level': {}, 'path_level': {}}",[],0.0,0.0,True,True,False,0,[],0,0.0,,,,,
100,73,15,15257.0,25952.0,6932447.750203416,11558408.22955031,0.5878930332922319,0.5997752988581827,58,178,0,1382.1522428022445,42085.0,6495,35590.0,0.10450847924996554,0.10117183553894338,8,1270.1522428022445,112.0,6,8,False,{},{},{},{},0.0,0.0,0.0,0.0,0.0,0.0,0.0,0.0,0.0,0.0,0.0,0.0,0.0,0.0,Leave Event,0.0,"{'node_level': {}, 'link_level': {}, 'path_level': {}}","{'node_level': {}, 'link_level': {}, 'path_level': {}}","{'node_level': {}, 'link_level': {}, 'path_level': {}}",[],0.0,0.0,True,True,False,0,[],0,0.0,,,,,
100,73,14,15257.0,25952.0,6932447.750203416,11558408.22955031,0.5878930332922319,0.5997752988581827,58,179,0,1483.2302533398408,42609.0,6556,36053.0,0.09609816627602374,0.08947873522578043,91,336.2302533398408,1147.0,5,6,False,{},{},{},{},0.0,0.0,0.0,0.0,0.0,0.0,0.0,0.0,0.0,0.0,0.0,0.0,0.0,0.0,Leave Event,0.0,"{'node_level': {}, 'link_level': {}, 'path_level': {}}","{'node_level': {}, 'link_level': {}, 'path_level': {}}","{'node_level': {}, 'link_level': {}, 'path_level': {}}",[],0.0,0.0,True,True,False,0,[],0,0.0,,,,,
100,73,14,15257.0,25952.0,6932447.750203416,11558408.22955031,0.5878930332922319,0.5997752988581827,58,180,0,1489.7534787451477,42609.0,6556,36053.0,0.09609816627602374,0.08947873522578043,29,1110.7534787451477,379.0,10,23,False,{},{},{},{},0.0,0.0,0.0,0.0,0.0,0.0,0.0,0.0,0.0,0.0,0.0,0.0,0.0,0.0,Leave Event,0.0,"{'node_level': {}, 'link_level': {}, 'path_level': {}}","{'node_level': {}, 'link_level': {}, 'path_level': {}}","{'node_level': {}, 'link_level': {}, 'path_level': {}}",[],0.0,0.0,True,True,False,0,[],0,0.0,,,,,
100,73,13,15257.0,25952.0,6932447.750203416,11558408.22955031,0.5878930332922319,0.5997752988581827,58,181,0,1495.8667793215377,42800.0,6576,36224.0,0.09334068661243622,0.08516011718355387,27,1131.8667793215377,364.0,4,3,False,{},{},{},{},0.0,0.0,0.0,0.0,0.0,0.0,0.0,0.0,0.0,0.0,0.0,0.0,0.0,0.0,Leave Event,0.0,"{'node_level': {}, 'link_level': {}, 'path_level': {}}","{'node_level': {}, 'link_level': {}, 'path_level': {}}","{'node_level': {}, 'link_level': {}, 'path_level': {}}",[],0.0,0.0,True,True,False,0,[],0,0.0,,,,,
100,73,12,15257.0,25952.0,6932447.750203416,11558408.22955031,0.5878930332922319,0.5997752988581827,58,182,0,1497.298673109992,43360.0,6650,36710.0,0.08313801185716252,0.07288615011617339,95,311.29867310999197,1186.0,7,8,False,{},{},{},{},0.0,0.0,0.0,0.0,0.0,0.0,0.0,0.0,0.0,0.0,0.0,0.0,0.0,0.0,Leave Event,0.0,"{'node_level': {}, 'link_level': {}, 'path_level': {}}","{'node_level': {}, 'link_level': {}, 'path_level': {}}","{'node_level': {}, 'link_level': {}, 'path_level': {}}",[],0.0,0.0,True,True,False,0,[],0,0.0,,,,,
100,73,11,15257.0,25952.0,6932447.750203416,11558408.22955031,0.5878930332922319,0.5997752988581827,58,183,0,1693.98200558622,43644.0,6706,36938.0,0.07541706879911758,0.06712799272653802,99,453.98200558622,1240.0,4,5,False,{},{},{},{},0.0,0.0,0.0,0.0,0.0,0.0,0.0,0.0,0.0,0.0,0.0,0.0,0.0,0.0,Leave Event,0.0,"{'node_level': {}, 'link_level': {}, 'path_level': {}}","{'node_level': {}, 'link_level': {}, 'path_level': {}}","{'node_level': {}, 'link_level': {}, 'path_level': {}}",[],0.0,0.0,True,True,False,0,[],0,0.0,,,,,
100,73,11,15257.0,25952.0,6932447.750203416,11558408.22955031,0.5878930332922319,0.5997752988581827,58,184,0,1694.569356645174,43644.0,6706,36938.0,0.07541706879911758,0.06712799272653802,98,468.56935664517397,1226.0,9,20,False,{},{},{},{},0.0,0.0,0.0,0.0,0.0,0.0,0.0,0.0,0.0,0.0,0.0,0.0,0.0,0.0,Leave Event,0.0,"{'node_level': {}, 'link_level': {}, 'path_level': {}}","{'node_level': {}, 'link_level': {}, 'path_level': {}}","{'node_level': {}, 'link_level': {}, 'path_level': {}}",[],0.0,0.0,True,True,False,0,[],0,0.0,,,,,
100,73,10,15257.0,25952.0,6932447.750203416,11558408.22955031,0.5878930332922319,0.5997752988581827,58,185,0,1698.911731037811,44095.0,6759,37336.0,0.06810974769061073,0.057076472370946596,75,754.9117310378111,944.0,5,9,False,{},{},{},{},0.0,0.0,0.0,0.0,0.0,0.0,0.0,0.0,0.0,0.0,0.0,0.0,0.0,0.0,Leave Event,0.0,"{'node_level': {}, 'link_level': {}, 'path_level': {}}","{'node_level': {}, 'link_level': {}, 'path_level': {}}","{'node_level': {}, 'link_level': {}, 'path_level': {}}",[],0.0,0.0,True,True,False,0,[],0,0.0,,,,,
100,73,9,15257.0,25952.0,6932447.750203416,11558408.22955031,0.5878930332922319,0.5997752988581827,58,186,0,1710.723798965108,44338.0,6795,37543.0,0.06314628429615332,0.051848671582988226,52,1053.723798965108,657.0,3,2,False,{},{},{},{},0.0,0.0,0.0,0.0,0.0,0.0,0.0,0.0,0.0,0.0,0.0,0.0,0.0,0.0,Leave Event,0.0,"{'node_level': {}, 'link_level': {}, 'path_level': {}}","{'node_level': {}, 'link_level': {}, 'path_level': {}}","{'node_level': {}, 'link_level': {}, 'path_level': {}}",[],0.0,0.0,True,True,False,0,[],0,0.0,,,,,
100,73,8,15257.0,25952.0,6932447.750203416,11558408.22955031,0.5878930332922319,0.5997752988581827,58,187,0,1806.8663923792355,44701.0,6860,37841.0,0.054184475389494,0.044322658854429764,70,919.8663923792355,887.0,5,5,False,{},{},{},{},0.0,0.0,0.0,0.0,0.0,0.0,0.0,0.0,0.0,0.0,0.0,0.0,0.0,0.0,Leave Event,0.0,"{'node_level': {}, 'link_level': {}, 'path_level': {}}","{'node_level': {}, 'link_level': {}, 'path_level': {}}","{'node_level': {}, 'link_level': {}, 'path_level': {}}",[],0.0,0.0,True,True,False,0,[],0,0.0,,,,,
100,73,7,15257.0,25952.0,6932447.750203416,11558408.22955031,0.5878930332922319,0.5997752988581827,58,188,0,1812.1456781024035,44862.0,6897,37965.0,0.04908313801185715,0.041191029396908774,89,693.1456781024035,1119.0,4,3,False,{},{},{},{},0.0,0.0,0.0,0.0,0.0,0.0,0.0,0.0,0.0,0.0,0.0,0.0,0.0,0.0,Leave Event,0.0,"{'node_level': {}, 'link_level': {}, 'path_level': {}}","{'node_level': {}, 'link_level': {}, 'path_level': {}}","{'node_level': {}, 'link_level': {}, 'path_level': {}}",[],0.0,0.0,True,True,False,0,[],0,0.0,,,,,
100,73,6,15257.0,25952.0,6932447.750203416,11558408.22955031,0.5878930332922319,0.5997752988581827,58,189,0,1820.8970432321962,45118.0,6955,38163.0,0.04108644698745345,0.036190524295383386,87,723.8970432321961,1097.0,4,4,False,{},{},{},{},0.0,0.0,0.0,0.0,0.0,0.0,0.0,0.0,0.0,0.0,0.0,0.0,0.0,0.0,Leave Event,0.0,"{'node_level': {}, 'link_level': {}, 'path_level': {}}","{'node_level': {}, 'link_level': {}, 'path_level': {}}","{'node_level': {}, 'link_level': {}, 'path_level': {}}",[],0.0,0.0,True,True,False,0,[],0,0.0,,,,,
100,73,6,15257.0,25952.0,6932447.750203416,11558408.22955031,0.5878930332922319,0.5997752988581827,58,190,0,1957.9932579629997,45118.0,6955,38163.0,0.04108644698745345,0.036190524295383386,76,1000.9932579629997,957.0,9,22,False,{},{},{},{},0.0,0.0,0.0,0.0,0.0,0.0,0.0,0.0,0.0,0.0,0.0,0.0,0.0,0.0,Leave Event,0.0,"{'node_level': {}, 'link_level': {}, 'path_level': {}}","{'node_level': {}, 'link_level': {}, 'path_level': {}}","{'node_level': {}, 'link_level': {}, 'path_level': {}}",[],0.0,0.0,True,True,False,0,[],0,0.0,,,,,
100,73,5,15257.0,25952.0,6932447.750203416,11558408.22955031,0.5878930332922319,0.5997752988581827,58,191,0,2078.088644606799,45508.0,7036,38472.0,0.029918654349924134,0.02838670572785129,71,1175.088644606799,903.0,6,8,False,{},{},{},{},0.0,0.0,0.0,0.0,0.0,0.0,0.0,0.0,0.0,0.0,0.0,0.0,0.0,0.0,Leave Event,0.0,"{'node_level': {}, 'link_level': {}, 'path_level': {}}","{'node_level': {}, 'link_level': {}, 'path_level': {}}","{'node_level': {}, 'link_level': {}, 'path_level': {}}",[],0.0,0.0,True,True,False,0,[],0,0.0,,,,,
100,73,5,15257.0,25952.0,6932447.750203416,11558408.22955031,0.5878930332922319,0.5997752988581827,58,192,0,2168.1852539970178,45508.0,7036,38472.0,0.029918654349924134,0.02838670572785129,39,1682.185253997018,486.0,9,17,False,{},{},{},{},0.0,0.0,0.0,0.0,0.0,0.0,0.0,0.0,0.0,0.0,0.0,0.0,0.0,0.0,Leave Event,0.0,"{'node_level': {}, 'link_level': {}, 'path_level': {}}","{'node_level': {}, 'link_level': {}, 'path_level': {}}","{'node_level': {}, 'link_level': {}, 'path_level': {}}",[],0.0,0.0,True,True,False,0,[],0,0.0,,,,,
100,73,4,15257.0,25952.0,6932447.750203416,11558408.22955031,0.5878930332922319,0.5997752988581827,58,193,0,2238.0155126340933,45542.0,7045,38497.0,0.028677788501309753,0.027755328821092995,96,1038.015512634093,1200.0,2,1,False,{},{},{},{},0.0,0.0,0.0,0.0,0.0,0.0,0.0,0.0,0.0,0.0,0.0,0.0,0.0,0.0,Leave Event,0.0,"{'node_level': {}, 'link_level': {}, 'path_level': {}}","{'node_level': {}, 'link_level': {}, 'path_level': {}}","{'node_level': {}, 'link_level': {}, 'path_level': {}}",[],0.0,0.0,True,True,False,0,[],0,0.0,,,,,
100,73,3,15257.0,25952.0,6932447.750203416,11558408.22955031,0.5878930332922319,0.5997752988581827,58,194,0,2329.503396923519,45888.0,7098,38790.0,0.021370467392803016,0.020355591473886214,32,1921.503396923519,408.0,5,7,False,{},{},{},{},0.0,0.0,0.0,0.0,0.0,0.0,0.0,0.0,0.0,0.0,0.0,0.0,0.0,0.0,Leave Event,0.0,"{'node_level': {}, 'link_level': {}, 'path_level': {}}","{'node_level': {}, 'link_level': {}, 'path_level': {}}","{'node_level': {}, 'link_level': {}, 'path_level': {}}",[],0.0,0.0,True,True,False,0,[],0,0.0,,,,,
100,73,2,15257.0,25952.0,6932447.750203416,11558408.22955031,0.5878930332922319,0.5997752988581827,58,195,0,2472.267727891407,46179.0,7156,39023.0,0.013373776368399315,0.014471158702899278,58,1736.267727891407,736.0,5,6,False,{},{},{},{},0.0,0.0,0.0,0.0,0.0,0.0,0.0,0.0,0.0,0.0,0.0,0.0,0.0,0.0,Leave Event,0.0,"{'node_level': {}, 'link_level': {}, 'path_level': {}}","{'node_level': {}, 'link_level': {}, 'path_level': {}}","{'node_level': {}, 'link_level': {}, 'path_level': {}}",[],0.0,0.0,True,True,False,0,[],0,0.0,,,,,
100,73,1,15257.0,25952.0,6932447.750203416,11558408.22955031,0.5878930332922319,0.5997752988581827,58,196,0,2554.3058642999968,46520.0,7216,39304.0,0.00510133737763685,0.007374482270936511,88,1442.305864299997,1112.0,6,6,False,{},{},{},{},0.0,0.0,0.0,0.0,0.0,0.0,0.0,0.0,0.0,0.0,0.0,0.0,0.0,0.0,Leave Event,0.0,"{'node_level': {}, 'link_level': {}, 'path_level': {}}","{'node_level': {}, 'link_level': {}, 'path_level': {}}","{'node_level': {}, 'link_level': {}, 'path_level': {}}",[],0.0,0.0,True,True,False,0,[],0,0.0,,,,,
100,73,0,15257.0,25952.0,6932447.750203416,11558408.22955031,0.5878930332922319,0.5997752988581827,58,197,0,2658.2721435754875,46849.0,7253,39596.0,0.0,0.0,97,1442.2721435754875,1216.0,4,5,False,{},{},{},{},0.0,0.0,0.0,0.0,0.0,0.0,0.0,0.0,0.0,0.0,0.0,0.0,0.0,0.0,Leave Event,0.0,"{'node_level': {}, 'link_level': {}, 'path_level': {}}","{'node_level': {}, 'link_level': {}, 'path_level': {}}","{'node_level': {}, 'link_level': {}, 'path_level': {}}",[],0.0,0.0,True,True,False,0,[],0,0.0,,,,,
100,73,0,15257.0,25952.0,6932447.750203416,11558408.22955031,0.5878930332922319,0.5997752988581827,58,198,0,2869.905066586304,46849.0,7253,39596.0,0.0,0.0,63,2068.905066586304,801.0,5,5,False,{},{},{},{},0.0,0.0,0.0,0.0,0.0,0.0,0.0,0.0,0.0,0.0,0.0,0.0,0.0,0.0,Leave Event,0.0,"{'node_level': {}, 'link_level': {}, 'path_level': {}}","{'node_level': {}, 'link_level': {}, 'path_level': {}}","{'node_level': {}, 'link_level': {}, 'path_level': {}}",[],0.0,0.0,True,True,False,0,[],0,0.0,,,,,
100,73,0,15257.0,25952.0,6932447.750203416,11558408.22955031,0.5878930332922319,0.5997752988581827,58,199,0,3033.9235083769545,46849.0,7253,39596.0,0.0,0.0,80,2024.9235083769545,1009.0,3,2,False,{},{},{},{},0.0,0.0,0.0,0.0,0.0,0.0,0.0,0.0,0.0,0.0,0.0,0.0,0.0,0.0,Leave Event,0.0,"{'node_level': {}, 'link_level': {}, 'path_level': {}}","{'node_level': {}, 'link_level': {}, 'path_level': {}}","{'node_level': {}, 'link_level': {}, 'path_level': {}}",[],0.0,0.0,True,True,False,0,[],0,0.0,,,,,
