v_net_count,success_count,inservice_count,total_revenue,total_cost,total_time_revenue,total_time_cost,long_term_r2c_ratio,long_term_time_r2c_ratio,num_running_p_net_nodes,event_id,event_type,event_time,p_net_available_resource,p_net_node_available_resource,p_net_link_available_resource,p_net_node_resource_utilization,p_net_link_resource_utilization,v_net_id,v_net_lifetime,v_net_arrival_time,v_net_num_nodes,v_net_num_egdes,result,node_slots,link_paths,node_slots_info,link_paths_info,v_net_cost,v_net_revenue,v_net_demand,v_net_node_demand,v_net_link_demand,v_net_node_revenue,v_net_link_revenue,v_net_node_cost,v_net_link_cost,v_net_path_cost,v_net_r2c_ratio,v_net_time_cost,v_net_time_revenue,v_net_time_rc_ratio,description,v_net_total_hard_constraint_violation,v_net_single_step_constraint_offset,v_net_constraint_offsets,v_net_constraint_violations,v_net_single_step_violation_list,v_net_single_step_hard_constraint_offset,v_net_max_single_step_hard_constraint_violation,place_result,route_result,early_rejection,revoke_times,selected_actions,num_interactions,v_net_reward,rdma_mode,fallback_count,rdma_link_count,num_placed_nodes,num_routed_links
1,1,1,255.0,397.0,148776.37322144362,231624.39281926714,0.6423173803526449,0.6423173803526447,7,0,1,16.0,46452.0,7177,39275.0,0.010478422721632463,0.008106879482775997,0,583.4367577311515,16.0,7,8,True,"{0: np.int64(18), 4: np.int64(60), 3: np.int64(1), 1: np.int64(72), 2: np.int64(5), 5: np.int64(91), 6: np.int64(32)}","{(0, 3): [(np.int64(18), 77), (77, np.int64(1))], (0, 4): [(np.int64(18), 46), (46, np.int64(60))], (1, 4): [(np.int64(72), 89), (89, np.int64(60))], (2, 4): [(np.int64(5), 60)], (5, 6): [(np.int64(91), 36), (36, np.int64(32))], (1, 3): [(np.int64(72), 1)], (3, 4): [(np.int64(1), 77), (77, 3), (3, np.int64(60))], (0, 6): [(np.int64(18), 32)]}","{(0, np.int64(18)): {'cpu': 13}, (4, np.int64(60)): {'cpu': 8}, (3, np.int64(1)): {'cpu': 9, 'nic_slots': 1}, (1, np.int64(72)): {'cpu': 11, 'nic_slots': 1}, (2, np.int64(5)): {'cpu': 15}, (5, np.int64(91)): {'cpu': 14}, (6, np.int64(32)): {'cpu': 6}}","{((0, 3), (np.int64(18), 77)): {'bw': 48.0}, ((0, 3), (77, np.int64(1))): {'bw': 48.0}, ((0, 4), (np.int64(18), 46)): {'bw': 43.0}, ((0, 4), (46, np.int64(60))): {'bw': 43.0}, ((1, 4), (np.int64(72), 89)): {'bw': 28.0}, ((1, 4), (89, np.int64(60))): {'bw': 28.0}, ((2, 4), (np.int64(5), 60)): {'bw': 26.0}, ((5, 6), (np.int64(91), 36)): {'bw': 15.0}, ((5, 6), (36, np.int64(32))): {'bw': 15.0}, ((1, 3), (np.int64(72), 1)): {'bw': 11.0}, ((3, 4), (np.int64(1), 77)): {'bw': 4.0}, ((3, 4), (77, 3)): {'bw': 4.0}, ((3, 4), (3, np.int64(60))): {'bw': 4.0}, ((0, 6), (np.int64(18), 32)): {'bw': 4.0}}",397.0,255.0,255.0,76.0,179.0,76.0,179.0,76.0,321.0,142.0,0.6423173803526449,231624.39281926714,148776.37322144362,374.7515698273139,Success,0.0,"{'node_level': {}, 'link_level': {}, 'path_level': {}}","{'node_level': {0: {'cpu': -76}, 4: {'cpu': -82}, 3: {'cpu': -88}, 1: {'cpu': -77}, 2: {'cpu': -74}, 5: {'cpu': -76}, 6: {'cpu': -91}}, 'link_level': {}, 'path_level': {}}","{'node_level': {0: {'cpu': 0}, 4: {'cpu': 0}, 3: {'cpu': 0}, 1: {'cpu': 0}, 2: {'cpu': 0}, 5: {'cpu': 0}, 6: {'cpu': 0}}, 'link_level': {}, 'path_level': {}}",[],0.0,0.0,True,True,False,0,[],0,0.0,"OrderedDict([((0, 3), 0), ((0, 4), 0), ((1, 4), 0), ((2, 4), 0), ((5, 6), 0), ((1, 3), 1), ((3, 4), 0), ((0, 6), 0)])",0.0,1.0,7.0,8.0
2,2,2,281.0,424.0,176391.4563584551,260301.59453847137,0.6627358490566038,0.6776426270888066,7,1,1,30.0,46425.0,7152,39273.0,0.013925272301116731,0.008157389635316648,1,1062.1185821927488,30.0,2,1,True,"{1: np.int64(18), 0: np.int64(1)}","{(0, 1): [(np.int64(1), 77), (77, np.int64(18))]}","{(1, np.int64(18)): {'cpu': 15}, (0, np.int64(1)): {'cpu': 10}}","{((0, 1), (np.int64(1), 77)): {'bw': 1.0}, ((0, 1), (77, np.int64(18))): {'bw': 1.0}}",27.0,26.0,26.0,25.0,1.0,25.0,1.0,25.0,2.0,1.0,0.9629629629629629,28677.20171920422,27615.08313701147,1022.7808569263507,Success,0.0,"{'node_level': {}, 'link_level': {}, 'path_level': {}}","{'node_level': {1: {'cpu': -61}, 0: {'cpu': -78}}, 'link_level': {}, 'path_level': {}}","{'node_level': {1: {'cpu': 0}, 0: {'cpu': 0}}, 'link_level': {}, 'path_level': {}}",[],0.0,0.0,True,True,False,0,[],0,0.0,"OrderedDict([((0, 1), 0)])",0.0,0.0,2.0,1.0
3,3,3,534.0,857.0,493136.2868516119,802398.4783469175,0.6231038506417736,0.6145777941498091,8,2,1,43.0,45992.0,7098,38894.0,0.021370467392803016,0.01772906354177195,2,1251.955851751608,43.0,5,6,True,"{1: np.int64(18), 4: np.int64(60), 3: np.int64(41), 0: np.int64(32), 2: np.int64(1)}","{(1, 4): [(np.int64(18), 32), (32, np.int64(60))], (0, 1): [(np.int64(32), 41), (41, np.int64(18))], (0, 3): [(np.int64(32), 68), (68, np.int64(41))], (3, 4): [(np.int64(41), 3), (3, np.int64(60))], (1, 3): [(np.int64(18), 41)], (2, 4): [(np.int64(1), 80), (80, np.int64(60))]}","{(1, np.int64(18)): {'cpu': 17}, (4, np.int64(60)): {'cpu': 14}, (3, np.int64(41)): {'cpu': 6}, (0, np.int64(32)): {'cpu': 4}, (2, np.int64(1)): {'cpu': 13}}","{((1, 4), (np.int64(18), 32)): {'bw': 50.0}, ((1, 4), (32, np.int64(60))): {'bw': 50.0}, ((0, 1), (np.int64(32), 41)): {'bw': 49.0}, ((0, 1), (41, np.int64(18))): {'bw': 49.0}, ((0, 3), (np.int64(32), 68)): {'bw': 46.0}, ((0, 3), (68, np.int64(41))): {'bw': 46.0}, ((3, 4), (np.int64(41), 3)): {'bw': 27.0}, ((3, 4), (3, np.int64(60))): {'bw': 27.0}, ((1, 3), (np.int64(18), 41)): {'bw': 19.0}, ((2, 4), (np.int64(1), 80)): {'bw': 8.0}, ((2, 4), (80, np.int64(60))): {'bw': 8.0}}",433.0,253.0,253.0,54.0,199.0,54.0,199.0,54.0,379.0,180.0,0.5842956120092379,542096.8838084462,316744.8304931568,731.5123106077524,Success,0.0,"{'node_level': {}, 'link_level': {}, 'path_level': {}}","{'node_level': {1: {'cpu': -44}, 4: {'cpu': -68}, 3: {'cpu': -58}, 0: {'cpu': -87}, 2: {'cpu': -65}}, 'link_level': {}, 'path_level': {}}","{'node_level': {1: {'cpu': 0}, 4: {'cpu': 0}, 3: {'cpu': 0}, 0: {'cpu': 0}, 2: {'cpu': 0}}, 'link_level': {}, 'path_level': {}}",[],0.0,0.0,True,True,False,0,[],0,0.0,"OrderedDict([((1, 4), 0), ((0, 1), 0), ((0, 3), 0), ((3, 4), 0), ((1, 3), 0), ((2, 4), 0)])",0.0,0.0,5.0,6.0
4,4,4,708.0,1194.0,514398.6913302634,843579.1123084436,0.592964824120603,0.609781209402658,11,3,1,52.0,45655.0,7072,38583.0,0.02495519095546672,0.025583392261844584,3,122.1977268888015,52.0,5,5,True,"{0: np.int64(5), 2: np.int64(7), 3: np.int64(98), 4: np.int64(30), 1: np.int64(91)}","{(1, 4): [(np.int64(91), 30)], (0, 2): [(np.int64(5), 15), (15, np.int64(7))], (0, 4): [(np.int64(5), 85), (85, np.int64(30))], (2, 4): [(np.int64(7), 68), (68, 51), (51, np.int64(30))], (2, 3): [(np.int64(7), 12), (12, 84), (84, np.int64(98))]}","{(0, np.int64(5)): {'cpu': 9}, (2, np.int64(7)): {'cpu': 6, 'nic_slots': 1}, (3, np.int64(98)): {'cpu': 8}, (4, np.int64(30)): {'cpu': 1, 'nic_slots': 1}, (1, np.int64(91)): {'cpu': 2}}","{((1, 4), (np.int64(91), 30)): {'bw': 36.0}, ((0, 2), (np.int64(5), 15)): {'bw': 34.0}, ((0, 2), (15, np.int64(7))): {'bw': 34.0}, ((0, 4), (np.int64(5), 85)): {'bw': 27.0}, ((0, 4), (85, np.int64(30))): {'bw': 27.0}, ((2, 4), (np.int64(7), 68)): {'bw': 25.0}, ((2, 4), (68, 51)): {'bw': 25.0}, ((2, 4), (51, np.int64(30))): {'bw': 25.0}, ((2, 3), (np.int64(7), 12)): {'bw': 26.0}, ((2, 3), (12, 84)): {'bw': 26.0}, ((2, 3), (84, np.int64(98))): {'bw': 26.0}}",337.0,174.0,174.0,26.0,148.0,26.0,148.0,26.0,311.0,163.0,0.516320474777448,41180.6339615261,21262.40447865146,63.093188363950915,Success,0.0,"{'node_level': {}, 'link_level': {}, 'path_level': {}}","{'node_level': {0: {'cpu': -65}, 2: {'cpu': -63}, 3: {'cpu': -55}, 4: {'cpu': -54}, 1: {'cpu': -74}}, 'link_level': {}, 'path_level': {}}","{'node_level': {0: {'cpu': 0}, 2: {'cpu': 0}, 3: {'cpu': 0}, 4: {'cpu': 0}, 1: {'cpu': 0}}, 'link_level': {}, 'path_level': {}}",[],0.0,0.0,True,True,False,0,[],0,0.0,"OrderedDict([((1, 4), 0), ((0, 2), 0), ((0, 4), 0), ((2, 4), 1), ((2, 3), 0)])",1.0,1.0,5.0,5.0
5,5,5,990.0,1678.0,631829.6274075108,1045127.2437318043,0.5899880810488677,0.604548040630398,15,4,1,65.0,45171.0,6982,38189.0,0.03736384944161042,0.03553389231235482,4,416.4217591391749,65.0,9,10,True,"{1: np.int64(43), 2: np.int64(77), 0: np.int64(38), 6: np.int64(1), 3: np.int64(18), 8: np.int64(91), 7: np.int64(72), 5: np.int64(13), 4: np.int64(98)}","{(2, 8): [(np.int64(77), 91)], (1, 8): [(np.int64(43), 16), (16, 76), (76, np.int64(91))], (0, 2): [(np.int64(38), 41), (41, 3), (3, np.int64(77))], (2, 3): [(np.int64(77), 18)], (1, 6): [(np.int64(43), 11), (11, 36), (36, np.int64(1))], (1, 4): [(np.int64(43), 98)], (2, 4): [(np.int64(77), 31), (31, 45), (45, np.int64(98))], (5, 6): [(np.int64(13), 1)], (2, 7): [(np.int64(77), 1), (1, np.int64(72))], (4, 7): [(np.int64(98), 45), (45, np.int64(72))]}","{(1, np.int64(43)): {'cpu': 19}, (2, np.int64(77)): {'cpu': 7, 'nic_slots': 2}, (0, np.int64(38)): {'cpu': 19}, (6, np.int64(1)): {'cpu': 14}, (3, np.int64(18)): {'cpu': 12}, (8, np.int64(91)): {'cpu': 3}, (7, np.int64(72)): {'cpu': 10, 'nic_slots': 2}, (5, np.int64(13)): {'cpu': 5}, (4, np.int64(98)): {'cpu': 1, 'nic_slots': 2}}","{((2, 8), (np.int64(77), 91)): {'bw': 39.0}, ((1, 8), (np.int64(43), 16)): {'bw': 34.0}, ((1, 8), (16, 76)): {'bw': 34.0}, ((1, 8), (76, np.int64(91))): {'bw': 34.0}, ((0, 2), (np.int64(38), 41)): {'bw': 34.0}, ((0, 2), (41, 3)): {'bw': 34.0}, ((0, 2), (3, np.int64(77))): {'bw': 34.0}, ((2, 3), (np.int64(77), 18)): {'bw': 24.0}, ((1, 6), (np.int64(43), 11)): {'bw': 16.0}, ((1, 6), (11, 36)): {'bw': 16.0}, ((1, 6), (36, np.int64(1))): {'bw': 16.0}, ((1, 4), (np.int64(43), 98)): {'bw': 13.0}, ((2, 4), (np.int64(77), 31)): {'bw': 13.0}, ((2, 4), (31, 45)): {'bw': 13.0}, ((2, 4), (45, np.int64(98))): {'bw': 13.0}, ((5, 6), (np.int64(13), 1)): {'bw': 11.0}, ((2, 7), (np.int64(77), 1)): {'bw': 6.0}, ((2, 7), (1, np.int64(72))): {'bw': 6.0}, ((4, 7), (np.int64(98), 45)): {'bw': 2.0}, ((4, 7), (45, np.int64(72))): {'bw': 2.0}}",484.0,282.0,282.0,90.0,192.0,90.0,192.0,90.0,394.0,202.0,0.5826446280991735,201548.13142336067,117430.93607724733,242.62590098604818,Success,0.0,"{'node_level': {}, 'link_level': {}, 'path_level': {}}","{'node_level': {1: {'cpu': -63}, 2: {'cpu': -43}, 0: {'cpu': -60}, 6: {'cpu': -51}, 3: {'cpu': -32}, 8: {'cpu': -71}, 7: {'cpu': -67}, 5: {'cpu': -69}, 4: {'cpu': -54}}, 'link_level': {}, 'path_level': {}}","{'node_level': {1: {'cpu': 0}, 2: {'cpu': 0}, 0: {'cpu': 0}, 6: {'cpu': 0}, 3: {'cpu': 0}, 8: {'cpu': 0}, 7: {'cpu': 0}, 5: {'cpu': 0}, 4: {'cpu': 0}}, 'link_level': {}, 'path_level': {}}",[],0.0,0.0,True,True,False,0,[],0,0.0,"OrderedDict([((2, 8), 0), ((1, 8), 0), ((0, 2), 0), ((2, 3), 0), ((1, 6), 0), ((1, 4), 0), ((2, 4), 1), ((5, 6), 0), ((2, 7), 1), ((4, 7), 1)])",2.0,3.0,9.0,10.0
6,6,6,1167.0,1921.0,809116.4118916267,1288520.9648032177,0.6074960957834461,0.6279419846422092,18,5,1,72.0,44928.0,6948,37980.0,0.04205156486970907,0.04081220325285384,5,1001.6202513226889,72.0,5,6,True,"{4: np.int64(60), 2: np.int64(4), 1: np.int64(5), 0: np.int64(15), 3: np.int64(49)}","{(1, 4): [(np.int64(5), 60)], (3, 4): [(np.int64(49), 60)], (0, 2): [(np.int64(15), 4)], (2, 4): [(np.int64(4), 15), (15, 89), (89, np.int64(60))], (0, 4): [(np.int64(15), 89), (89, np.int64(60))], (1, 2): [(np.int64(5), 15), (15, np.int64(4))]}","{(4, np.int64(60)): {'cpu': 8}, (2, np.int64(4)): {'cpu': 13}, (1, np.int64(5)): {'cpu': 11}, (0, np.int64(15)): {'cpu': 1}, (3, np.int64(49)): {'cpu': 1}}","{((1, 4), (np.int64(5), 60)): {'bw': 37.0}, ((3, 4), (np.int64(49), 60)): {'bw': 37.0}, ((0, 2), (np.int64(15), 4)): {'bw': 23.0}, ((2, 4), (np.int64(4), 15)): {'bw': 20.0}, ((2, 4), (15, 89)): {'bw': 20.0}, ((2, 4), (89, np.int64(60))): {'bw': 20.0}, ((0, 4), (np.int64(15), 89)): {'bw': 20.0}, ((0, 4), (89, np.int64(60))): {'bw': 20.0}, ((1, 2), (np.int64(5), 15)): {'bw': 6.0}, ((1, 2), (15, np.int64(4))): {'bw': 6.0}}",243.0,177.0,177.0,34.0,143.0,34.0,143.0,34.0,209.0,66.0,0.7283950617283951,243393.7210714134,177286.78448411592,729.5752447906006,Success,0.0,"{'node_level': {}, 'link_level': {}, 'path_level': {}}","{'node_level': {4: {'cpu': -60}, 2: {'cpu': -40}, 1: {'cpu': -54}, 0: {'cpu': -61}, 3: {'cpu': -72}}, 'link_level': {}, 'path_level': {}}","{'node_level': {4: {'cpu': 0}, 2: {'cpu': 0}, 1: {'cpu': 0}, 0: {'cpu': 0}, 3: {'cpu': 0}}, 'link_level': {}, 'path_level': {}}",[],0.0,0.0,True,True,False,0,[],0,0.0,"OrderedDict([((1, 4), 0), ((3, 4), 0), ((0, 2), 0), ((2, 4), 0), ((0, 4), 0), ((1, 2), 0)])",1.0,0.0,5.0,6.0
7,7,7,1455.0,2493.0,911536.1147651332,1491937.8746769878,0.5836341756919374,0.6109745789264084,20,6,1,84.0,44356.0,6881,37475.0,0.05128912174272715,0.05356601676937067,6,355.62396831078695,84.0,7,9,True,"{2: np.int64(25), 5: np.int64(7), 6: np.int64(13), 1: np.int64(49), 3: np.int64(10), 0: np.int64(98), 4: np.int64(91)}","{(2, 3): [(np.int64(25), 41), (41, np.int64(10))], (3, 5): [(np.int64(10), 51), (51, 68), (68, np.int64(7))], (3, 6): [(np.int64(10), 73), (73, np.int64(13))], (1, 6): [(np.int64(49), 33), (33, 95), (95, np.int64(13))], (1, 2): [(np.int64(49), 33), (33, np.int64(25))], (2, 6): [(np.int64(25), 95), (95, np.int64(13))], (4, 5): [(np.int64(91), 54), (54, np.int64(7))], (2, 5): [(np.int64(25), 95), (95, np.int64(7))], (0, 2): [(np.int64(98), 91), (91, np.int64(25))]}","{(2, np.int64(25)): {'cpu': 15}, (5, np.int64(7)): {'cpu': 17, 'nic_slots': 1}, (6, np.int64(13)): {'cpu': 5}, (1, np.int64(49)): {'cpu': 7}, (3, np.int64(10)): {'cpu': 2, 'nic_slots': 1}, (0, np.int64(98)): {'cpu': 16}, (4, np.int64(91)): {'cpu': 5}}","{((2, 3), (np.int64(25), 41)): {'bw': 47.0}, ((2, 3), (41, np.int64(10))): {'bw': 47.0}, ((3, 5), (np.int64(10), 51)): {'bw': 35.0}, ((3, 5), (51, 68)): {'bw': 35.0}, ((3, 5), (68, np.int64(7))): {'bw': 35.0}, ((3, 6), (np.int64(10), 73)): {'bw': 31.0}, ((3, 6), (73, np.int64(13))): {'bw': 31.0}, ((1, 6), (np.int64(49), 33)): {'bw': 28.0}, ((1, 6), (33, 95)): {'bw': 28.0}, ((1, 6), (95, np.int64(13))): {'bw': 28.0}, ((1, 2), (np.int64(49), 33)): {'bw': 24.0}, ((1, 2), (33, np.int64(25))): {'bw': 24.0}, ((2, 6), (np.int64(25), 95)): {'bw': 23.0}, ((2, 6), (95, np.int64(13))): {'bw': 23.0}, ((4, 5), (np.int64(91), 54)): {'bw': 17.0}, ((4, 5), (54, np.int64(7))): {'bw': 17.0}, ((2, 5), (np.int64(25), 95)): {'bw': 8.0}, ((2, 5), (95, np.int64(7))): {'bw': 8.0}, ((0, 2), (np.int64(98), 91)): {'bw': 8.0}, ((0, 2), (91, np.int64(25))): {'bw': 8.0}}",572.0,288.0,288.0,67.0,221.0,67.0,221.0,67.0,505.0,284.0,0.5034965034965035,203416.90987377014,102419.70287350664,179.0554246040326,Success,0.0,"{'node_level': {}, 'link_level': {}, 'path_level': {}}","{'node_level': {2: {'cpu': -48}, 5: {'cpu': -46}, 6: {'cpu': -64}, 1: {'cpu': -65}, 3: {'cpu': -84}, 0: {'cpu': -38}, 4: {'cpu': -66}}, 'link_level': {}, 'path_level': {}}","{'node_level': {2: {'cpu': 0}, 5: {'cpu': 0}, 6: {'cpu': 0}, 1: {'cpu': 0}, 3: {'cpu': 0}, 0: {'cpu': 0}, 4: {'cpu': 0}}, 'link_level': {}, 'path_level': {}}",[],0.0,0.0,True,True,False,0,[],0,0.0,"OrderedDict([((2, 3), 0), ((3, 5), 1), ((3, 6), 0), ((1, 6), 0), ((1, 2), 0), ((2, 6), 0), ((4, 5), 0), ((2, 5), 0), ((0, 2), 0)])",0.0,1.0,7.0,9.0
8,7,7,1455.0,2493.0,911536.1147651332,1491937.8746769878,0.5836341756919374,0.6109745789264084,20,7,1,97.0,44356.0,6881,37475.0,0.05128912174272715,0.05356601676937067,7,1242.7911631197298,97.0,4,5,False,"{2: np.int64(28), 3: np.int64(0), 0: np.int64(30), 1: np.int64(38)}","{(0, 2): [(np.int64(30), 45), (45, 42), (42, np.int64(28))]}","{(2, np.int64(28)): {'cpu': 18}, (3, np.int64(0)): {'cpu': 20}, (0, np.int64(30)): {'cpu': 10}, (1, np.int64(38)): {'cpu': 9}}","{((0, 2), (np.int64(30), 45)): {'bw': 43.0}, ((0, 2), (45, 42)): {'bw': 43.0}, ((0, 2), (42, np.int64(28))): {'bw': 43.0}}",0.0,0.0,236.0,57.0,179.0,0.0,0.0,0.0,0.0,0.0,0.0,0.0,0.0,0.0,Route Failure,0.0,"{'node_level': {}, 'link_level': {}, 'path_level': {}}","{'node_level': {2: {'cpu': -52}, 3: {'cpu': -74}, 0: {'cpu': -44}, 1: {'cpu': -51}}, 'link_level': {}, 'path_level': {}}","{'node_level': {2: {'cpu': 0}, 3: {'cpu': 0}, 0: {'cpu': 0}, 1: {'cpu': 0}}, 'link_level': {}, 'path_level': {}}",[],0.0,0.0,True,False,False,0,[],0,0.0,"OrderedDict([((0, 2), 0)])",1.0,0.0,4.0,1.0
9,8,8,1757.0,3046.0,1295122.0920914111,2194332.064946629,0.5768220617202889,0.5902124444975064,24,8,1,112.0,43803.0,6798,37005.0,0.06273266234661523,0.06543590261642596,8,1270.1522428022445,112.0,6,8,True,"{2: np.int64(28), 5: np.int64(0), 0: np.int64(30), 3: np.int64(80), 4: np.int64(64), 1: np.int64(72)}","{(2, 5): [(np.int64(28), 26), (26, np.int64(0))], (1, 3): [(np.int64(72), 34), (34, np.int64(80))], (4, 5): [(np.int64(64), 93), (93, 50), (50, np.int64(0))], (0, 2): [(np.int64(30), 45), (45, 42), (42, np.int64(28))], (0, 5): [(np.int64(30), 0)], (0, 1): [(np.int64(30), 45), (45, np.int64(72))], (0, 4): [(np.int64(30), 29), (29, np.int64(64))], (1, 4): [(np.int64(72), 64)]}","{(2, np.int64(28)): {'cpu': 20}, (5, np.int64(0)): {'cpu': 12}, (0, np.int64(30)): {'cpu': 15}, (3, np.int64(80)): {'cpu': 16, 'nic_slots': 1}, (4, np.int64(64)): {'cpu': 14}, (1, np.int64(72)): {'cpu': 6, 'nic_slots': 1}}","{((2, 5), (np.int64(28), 26)): {'bw': 48.0}, ((2, 5), (26, np.int64(0))): {'bw': 48.0}, ((1, 3), (np.int64(72), 34)): {'bw': 49.0}, ((1, 3), (34, np.int64(80))): {'bw': 49.0}, ((4, 5), (np.int64(64), 93)): {'bw': 33.0}, ((4, 5), (93, 50)): {'bw': 33.0}, ((4, 5), (50, np.int64(0))): {'bw': 33.0}, ((0, 2), (np.int64(30), 45)): {'bw': 34.0}, ((0, 2), (45, 42)): {'bw': 34.0}, ((0, 2), (42, np.int64(28))): {'bw': 34.0}, ((0, 5), (np.int64(30), 0)): {'bw': 27.0}, ((0, 1), (np.int64(30), 45)): {'bw': 12.0}, ((0, 1), (45, np.int64(72))): {'bw': 12.0}, ((0, 4), (np.int64(30), 29)): {'bw': 8.0}, ((0, 4), (29, np.int64(64))): {'bw': 8.0}, ((1, 4), (np.int64(72), 64)): {'bw': 8.0}}",553.0,302.0,302.0,83.0,219.0,83.0,219.0,83.0,470.0,251.0,0.546112115732369,702394.1902696412,383585.9773262778,693.6455286189473,Success,0.0,"{'node_level': {}, 'link_level': {}, 'path_level': {}}","{'node_level': {2: {'cpu': -50}, 5: {'cpu': -82}, 0: {'cpu': -39}, 3: {'cpu': -46}, 4: {'cpu': -77}, 1: {'cpu': -61}}, 'link_level': {}, 'path_level': {}}","{'node_level': {2: {'cpu': 0}, 5: {'cpu': 0}, 0: {'cpu': 0}, 3: {'cpu': 0}, 4: {'cpu': 0}, 1: {'cpu': 0}}, 'link_level': {}, 'path_level': {}}",[],0.0,0.0,True,True,False,0,[],0,0.0,"OrderedDict([((2, 5), 0), ((1, 3), 1), ((4, 5), 0), ((0, 2), 0), ((0, 5), 0), ((0, 1), 0), ((0, 4), 0), ((1, 4), 0)])",1.0,1.0,6.0,8.0
10,8,8,1757.0,3046.0,1295122.0920914111,2194332.064946629,0.5768220617202889,0.5902124444975064,24,9,1,126.0,43803.0,6798,37005.0,0.06273266234661523,0.06543590261642596,9,43.385244437624735,126.0,9,22,False,"{1: np.int64(18), 7: np.int64(52), 0: np.int64(1), 5: np.int64(79), 2: np.int64(77), 3: np.int64(72), 4: np.int64(38)}",{},"{(1, np.int64(18)): {'cpu': 18}, (7, np.int64(52)): {'cpu': 12}, (0, np.int64(1)): {'cpu': 11}, (5, np.int64(79)): {'cpu': 16}, (2, np.int64(77)): {'cpu': 6}, (3, np.int64(72)): {'cpu': 5}, (4, np.int64(38)): {'cpu': 5}}",{},0.0,0.0,732.0,79.0,653.0,0.0,0.0,0.0,0.0,0.0,0.0,0.0,0.0,0.0,Place Failure,0.0,"{'node_level': {}, 'link_level': {}, 'path_level': {}}","{'node_level': {1: {'cpu': -14}, 7: {'cpu': -88}, 0: {'cpu': -40}, 5: {'cpu': -69}, 2: {'cpu': -37}, 3: {'cpu': -56}, 4: {'cpu': -55}}, 'link_level': {}, 'path_level': {}}","{'node_level': {1: {'cpu': 0}, 7: {'cpu': 0}, 0: {'cpu': 0}, 5: {'cpu': 0}, 2: {'cpu': 0}, 3: {'cpu': 0}, 4: {'cpu': 0}}, 'link_level': {}, 'path_level': {}}",[],0.0,0.0,False,True,False,0,[],0,0.0,,,,7.0,0.0
11,8,8,1757.0,3046.0,1295122.0920914111,2194332.064946629,0.5768220617202889,0.5902124444975064,24,10,1,141.0,43803.0,6798,37005.0,0.06273266234661523,0.06543590261642596,10,162.6702058616888,141.0,8,14,False,"{7: np.int64(18), 1: np.int64(52), 4: np.int64(1), 6: np.int64(79), 0: np.int64(53)}",{},"{(7, np.int64(18)): {'cpu': 19}, (1, np.int64(52)): {'cpu': 17}, (4, np.int64(1)): {'cpu': 19}, (6, np.int64(79)): {'cpu': 12}, (0, np.int64(53)): {'cpu': 4}}",{},0.0,0.0,340.0,75.0,265.0,0.0,0.0,0.0,0.0,0.0,0.0,0.0,0.0,0.0,Place Failure,0.0,"{'node_level': {}, 'link_level': {}, 'path_level': {}}","{'node_level': {7: {'cpu': -13}, 1: {'cpu': -83}, 4: {'cpu': -32}, 6: {'cpu': -73}, 0: {'cpu': -74}}, 'link_level': {}, 'path_level': {}}","{'node_level': {7: {'cpu': 0}, 1: {'cpu': 0}, 4: {'cpu': 0}, 6: {'cpu': 0}, 0: {'cpu': 0}}, 'link_level': {}, 'path_level': {}}",[],0.0,0.0,False,True,False,0,[],0,0.0,,,,5.0,0.0
12,8,8,1757.0,3046.0,1295122.0920914111,2194332.064946629,0.5768220617202889,0.5902124444975064,24,11,1,153.0,43803.0,6798,37005.0,0.06273266234661523,0.06543590261642596,11,4.700376901700943,153.0,10,25,False,"{2: np.int64(18), 8: np.int64(52), 5: np.int64(79), 0: np.int64(5), 4: np.int64(1)}",{},"{(2, np.int64(18)): {'cpu': 18}, (8, np.int64(52)): {'cpu': 17}, (5, np.int64(79)): {'cpu': 10}, (0, np.int64(5)): {'cpu': 18}, (4, np.int64(1)): {'cpu': 8}}",{},0.0,0.0,719.0,101.0,618.0,0.0,0.0,0.0,0.0,0.0,0.0,0.0,0.0,0.0,Place Failure,0.0,"{'node_level': {}, 'link_level': {}, 'path_level': {}}","{'node_level': {2: {'cpu': -14}, 8: {'cpu': -83}, 5: {'cpu': -75}, 0: {'cpu': -36}, 4: {'cpu': -43}}, 'link_level': {}, 'path_level': {}}","{'node_level': {2: {'cpu': 0}, 8: {'cpu': 0}, 5: {'cpu': 0}, 0: {'cpu': 0}, 4: {'cpu': 0}}, 'link_level': {}, 'path_level': {}}",[],0.0,0.0,False,True,False,0,[],0,0.0,,,,5.0,0.0
12,8,8,1757.0,3046.0,1295122.0920914111,2194332.064946629,0.5768220617202889,0.5902124444975064,24,12,0,157.70037690170093,43803.0,6798,37005.0,0.06273266234661523,0.06543590261642596,11,4.700376901700943,153.0,10,25,False,{},{},{},{},0.0,0.0,0.0,0.0,0.0,0.0,0.0,0.0,0.0,0.0,0.0,0.0,0.0,0.0,Leave Event,0.0,"{'node_level': {}, 'link_level': {}, 'path_level': {}}","{'node_level': {}, 'link_level': {}, 'path_level': {}}","{'node_level': {}, 'link_level': {}, 'path_level': {}}",[],0.0,0.0,True,True,False,0,[],0,0.0,,,,,
13,8,8,1757.0,3046.0,1295122.0920914111,2194332.064946629,0.5768220617202889,0.5902124444975064,24,13,1,161.0,43803.0,6798,37005.0,0.06273266234661523,0.06543590261642596,12,923.6638271383595,161.0,10,24,False,"{2: np.int64(18), 9: np.int64(52), 8: np.int64(1), 6: np.int64(79), 7: np.int64(93), 5: np.int64(53), 4: np.int64(77), 3: np.int64(91), 0: np.int64(33), 1: np.int64(78)}","{(2, 7): [(np.int64(18), 3), (3, np.int64(93))], (0, 2): [(np.int64(33), 18)], (7, 8): [(np.int64(93), 64), (64, np.int64(1))], (4, 8): [(np.int64(77), 31), (31, 45), (45, 72), (72, np.int64(1))], (4, 5): [(np.int64(77), 3), (3, np.int64(53))], (7, 9): [(np.int64(93), 52)], (4, 7): [(np.int64(77), 17), (17, np.int64(93))], (0, 9): [(np.int64(33), 79), (79, np.int64(52))]}","{(2, np.int64(18)): {'cpu': 18}, (9, np.int64(52)): {'cpu': 9}, (8, np.int64(1)): {'cpu': 11, 'nic_slots': 1}, (6, np.int64(79)): {'cpu': 11}, (7, np.int64(93)): {'cpu': 6}, (5, np.int64(53)): {'cpu': 11}, (4, np.int64(77)): {'cpu': 7, 'nic_slots': 1}, (3, np.int64(91)): {'cpu': 13}, (0, np.int64(33)): {'cpu': 3}, (1, np.int64(78)): {'cpu': 4}}","{((2, 7), (np.int64(18), 3)): {'bw': 48.0}, ((2, 7), (3, np.int64(93))): {'bw': 48.0}, ((0, 2), (np.int64(33), 18)): {'bw': 48.0}, ((7, 8), (np.int64(93), 64)): {'bw': 45.0}, ((7, 8), (64, np.int64(1))): {'bw': 45.0}, ((4, 8), (np.int64(77), 31)): {'bw': 40.0}, ((4, 8), (31, 45)): {'bw': 40.0}, ((4, 8), (45, 72)): {'bw': 40.0}, ((4, 8), (72, np.int64(1))): {'bw': 40.0}, ((4, 5), (np.int64(77), 3)): {'bw': 40.0}, ((4, 5), (3, np.int64(53))): {'bw': 40.0}, ((7, 9), (np.int64(93), 52)): {'bw': 40.0}, ((4, 7), (np.int64(77), 17)): {'bw': 38.0}, ((4, 7), (17, np.int64(93))): {'bw': 38.0}, ((0, 9), (np.int64(33), 79)): {'bw': 38.0}, ((0, 9), (79, np.int64(52))): {'bw': 38.0}}",0.0,0.0,757.0,93.0,664.0,0.0,0.0,0.0,0.0,0.0,0.0,0.0,0.0,0.0,Route Failure,0.0,"{'node_level': {}, 'link_level': {}, 'path_level': {}}","{'node_level': {2: {'cpu': -14}, 9: {'cpu': -91}, 8: {'cpu': -40}, 6: {'cpu': -74}, 7: {'cpu': -59}, 5: {'cpu': -67}, 4: {'cpu': -36}, 3: {'cpu': -53}, 0: {'cpu': -47}, 1: {'cpu': -60}}, 'link_level': {}, 'path_level': {}}","{'node_level': {2: {'cpu': 0}, 9: {'cpu': 0}, 8: {'cpu': 0}, 6: {'cpu': 0}, 7: {'cpu': 0}, 5: {'cpu': 0}, 4: {'cpu': 0}, 3: {'cpu': 0}, 0: {'cpu': 0}, 1: {'cpu': 0}}, 'link_level': {}, 'path_level': {}}",[],0.0,0.0,True,False,False,0,[],0,0.0,"OrderedDict([((2, 7), 0), ((0, 2), 0), ((7, 8), 0), ((4, 8), 1), ((4, 5), 0), ((7, 9), 0), ((4, 7), 0), ((0, 9), 0)])",0.0,1.0,10.0,8.0
13,8,8,1757.0,3046.0,1295122.0920914111,2194332.064946629,0.5768220617202889,0.5902124444975064,24,14,0,169.38524443762475,43803.0,6798,37005.0,0.06273266234661523,0.06543590261642596,9,43.385244437624735,126.0,9,22,False,{},{},{},{},0.0,0.0,0.0,0.0,0.0,0.0,0.0,0.0,0.0,0.0,0.0,0.0,0.0,0.0,Leave Event,0.0,"{'node_level': {}, 'link_level': {}, 'path_level': {}}","{'node_level': {}, 'link_level': {}, 'path_level': {}}","{'node_level': {}, 'link_level': {}, 'path_level': {}}",[],0.0,0.0,True,True,False,0,[],0,0.0,,,,,
13,8,7,1757.0,3046.0,1295122.0920914111,2194332.064946629,0.5768220617202889,0.5902124444975064,24,15,0,174.1977268888015,44140.0,6824,37316.0,0.059147938783951415,0.05758157389635321,3,122.1977268888015,52.0,5,5,False,{},{},{},{},0.0,0.0,0.0,0.0,0.0,0.0,0.0,0.0,0.0,0.0,0.0,0.0,0.0,0.0,Leave Event,0.0,"{'node_level': {}, 'link_level': {}, 'path_level': {}}","{'node_level': {}, 'link_level': {}, 'path_level': {}}","{'node_level': {}, 'link_level': {}, 'path_level': {}}",[],0.0,0.0,True,True,False,0,[],0,0.0,,,,,
14,9,8,1838.0,3170.0,1337314.2087706896,2258922.4657889814,0.5798107255520505,0.5920142143097423,24,16,1,175.0,44016.0,6805,37211.0,0.061767544464359614,0.060233356904737856,13,520.8903293738089,175.0,3,3,True,"{2: np.int64(5), 1: np.int64(91), 0: np.int64(18)}","{(1, 2): [(np.int64(91), 19), (19, np.int64(5))], (0, 2): [(np.int64(18), 5)], (0, 1): [(np.int64(18), 91)]}","{(2, np.int64(5)): {'cpu': 10}, (1, np.int64(91)): {'cpu': 7}, (0, np.int64(18)): {'cpu': 2}}","{((1, 2), (np.int64(91), 19)): {'bw': 43.0}, ((1, 2), (19, np.int64(5))): {'bw': 43.0}, ((0, 2), (np.int64(18), 5)): {'bw': 13.0}, ((0, 1), (np.int64(18), 91)): {'bw': 6.0}}",124.0,81.0,81.0,19.0,62.0,19.0,62.0,19.0,105.0,43.0,0.6532258064516129,64590.4008423523,42192.116679278515,340.25900547805253,Success,0.0,"{'node_level': {}, 'link_level': {}, 'path_level': {}}","{'node_level': {2: {'cpu': -53}, 1: {'cpu': -61}, 0: {'cpu': -30}}, 'link_level': {}, 'path_level': {}}","{'node_level': {2: {'cpu': 0}, 1: {'cpu': 0}, 0: {'cpu': 0}}, 'link_level': {}, 'path_level': {}}",[],0.0,0.0,True,True,False,0,[],0,0.0,"OrderedDict([((1, 2), 0), ((0, 2), 0), ((0, 1), 0)])",0.0,0.0,3.0,3.0
15,9,8,1838.0,3170.0,1337314.2087706896,2258922.4657889814,0.5798107255520505,0.5920142143097423,24,17,1,188.0,44016.0,6805,37211.0,0.061767544464359614,0.060233356904737856,14,920.6412263936853,188.0,8,14,False,"{4: np.int64(52), 3: np.int64(1), 7: np.int64(98), 6: np.int64(7), 0: np.int64(53), 5: np.int64(77)}",{},"{(4, np.int64(52)): {'cpu': 19}, (3, np.int64(1)): {'cpu': 19}, (7, np.int64(98)): {'cpu': 15}, (6, np.int64(7)): {'cpu': 12}, (0, np.int64(53)): {'cpu': 6}, (5, np.int64(77)): {'cpu': 11}}",{},0.0,0.0,424.0,92.0,332.0,0.0,0.0,0.0,0.0,0.0,0.0,0.0,0.0,0.0,Place Failure,0.0,"{'node_level': {}, 'link_level': {}, 'path_level': {}}","{'node_level': {4: {'cpu': -81}, 3: {'cpu': -32}, 7: {'cpu': -31}, 6: {'cpu': -40}, 0: {'cpu': -72}, 5: {'cpu': -32}}, 'link_level': {}, 'path_level': {}}","{'node_level': {4: {'cpu': 0}, 3: {'cpu': 0}, 7: {'cpu': 0}, 6: {'cpu': 0}, 0: {'cpu': 0}, 5: {'cpu': 0}}, 'link_level': {}, 'path_level': {}}",[],0.0,0.0,False,True,False,0,[],0,0.0,,,,6.0,0.0
16,10,9,2282.0,4041.0,1405583.1434362493,2392846.4344684915,0.564711705023509,0.5874105095877007,27,18,1,198.0,43145.0,6705,36440.0,0.07555494278229702,0.07970502070916252,15,153.75886185936875,198.0,9,12,True,"{1: np.int64(52), 8: np.int64(98), 7: np.int64(1), 4: np.int64(53), 2: np.int64(7), 5: np.int64(13), 6: np.int64(79), 0: np.int64(77), 3: np.int64(18)}","{(4, 8): [(np.int64(53), 98)], (5, 7): [(np.int64(13), 1)], (1, 5): [(np.int64(52), 79), (79, 4), (4, np.int64(13))], (0, 7): [(np.int64(77), 3), (3, 31), (31, 45), (45, 72), (72, np.int64(1))], (1, 2): [(np.int64(52), 7)], (0, 8): [(np.int64(77), 63), (63, np.int64(98))], (1, 4): [(np.int64(52), 7), (7, 95), (95, np.int64(53))], (0, 4): [(np.int64(77), 97), (97, 84), (84, np.int64(53))], (0, 6): [(np.int64(77), 59), (59, np.int64(79))], (1, 6): [(np.int64(52), 79)], (0, 3): [(np.int64(77), 18)], (3, 8): [(np.int64(18), 98)]}","{(1, np.int64(52)): {'cpu': 19}, (8, np.int64(98)): {'cpu': 17}, (7, np.int64(1)): {'cpu': 14, 'nic_slots': 1}, (4, np.int64(53)): {'cpu': 8}, (2, np.int64(7)): {'cpu': 13}, (5, np.int64(13)): {'cpu': 3}, (6, np.int64(79)): {'cpu': 8}, (0, np.int64(77)): {'cpu': 2, 'nic_slots': 1}, (3, np.int64(18)): {'cpu': 16}}","{((4, 8), (np.int64(53), 98)): {'bw': 49.0}, ((5, 7), (np.int64(13), 1)): {'bw': 47.0}, ((1, 5), (np.int64(52), 79)): {'bw': 49.0}, ((1, 5), (79, 4)): {'bw': 49.0}, ((1, 5), (4, np.int64(13))): {'bw': 49.0}, ((0, 7), (np.int64(77), 3)): {'bw': 46.0}, ((0, 7), (3, 31)): {'bw': 46.0}, ((0, 7), (31, 45)): {'bw': 46.0}, ((0, 7), (45, 72)): {'bw': 46.0}, ((0, 7), (72, np.int64(1))): {'bw': 46.0}, ((1, 2), (np.int64(52), 7)): {'bw': 38.0}, ((0, 8), (np.int64(77), 63)): {'bw': 28.0}, ((0, 8), (63, np.int64(98))): {'bw': 28.0}, ((1, 4), (np.int64(52), 7)): {'bw': 25.0}, ((1, 4), (7, 95)): {'bw': 25.0}, ((1, 4), (95, np.int64(53))): {'bw': 25.0}, ((0, 4), (np.int64(77), 97)): {'bw': 25.0}, ((0, 4), (97, 84)): {'bw': 25.0}, ((0, 4), (84, np.int64(53))): {'bw': 25.0}, ((0, 6), (np.int64(77), 59)): {'bw': 17.0}, ((0, 6), (59, np.int64(79))): {'bw': 17.0}, ((1, 6), (np.int64(52), 79)): {'bw': 13.0}, ((0, 3), (np.int64(77), 18)): {'bw': 2.0}, ((3, 8), (np.int64(18), 98)): {'bw': 5.0}}",871.0,444.0,444.0,100.0,344.0,100.0,344.0,100.0,771.0,427.0,0.5097588978185993,133923.96867951017,68268.93466555972,78.37994795127408,Success,0.0,"{'node_level': {}, 'link_level': {}, 'path_level': {}}","{'node_level': {1: {'cpu': -81}, 8: {'cpu': -29}, 7: {'cpu': -37}, 4: {'cpu': -70}, 2: {'cpu': -39}, 5: {'cpu': -61}, 6: {'cpu': -77}, 0: {'cpu': -41}, 3: {'cpu': -14}}, 'link_level': {}, 'path_level': {}}","{'node_level': {1: {'cpu': 0}, 8: {'cpu': 0}, 7: {'cpu': 0}, 4: {'cpu': 0}, 2: {'cpu': 0}, 5: {'cpu': 0}, 6: {'cpu': 0}, 0: {'cpu': 0}, 3: {'cpu': 0}}, 'link_level': {}, 'path_level': {}}",[],0.0,0.0,True,True,False,0,[],0,0.0,"OrderedDict([((4, 8), 0), ((5, 7), 0), ((1, 5), 0), ((0, 7), 1), ((1, 2), 0), ((0, 8), 0), ((1, 4), 0), ((0, 4), 0), ((0, 6), 0), ((1, 6), 0), ((0, 3), 0), ((3, 8), 0)])",1.0,1.0,9.0,12.0
17,11,10,2825.0,5113.0,1543287.9774009723,2664705.7015222353,0.5525132016428711,0.5791588829187989,29,19,1,215.0,42073.0,6605,35468.0,0.08934234110023442,0.1042529548439236,16,253.60006255013423,215.0,9,22,True,"{4: np.int64(78), 7: np.int64(38), 6: np.int64(10), 8: np.int64(49), 0: np.int64(43), 5: np.int64(32), 2: np.int64(99), 1: np.int64(5), 3: np.int64(60)}","{(2, 6): [(np.int64(99), 37), (37, np.int64(10))], (0, 1): [(np.int64(43), 11), (11, np.int64(5))], (4, 6): [(np.int64(78), 68), (68, np.int64(10))], (2, 3): [(np.int64(99), 32), (32, np.int64(60))], (6, 7): [(np.int64(10), 41), (41, np.int64(38))], (0, 2): [(np.int64(43), 96), (96, np.int64(99))], (0, 4): [(np.int64(43), 73), (73, np.int64(78))], (7, 8): [(np.int64(38), 0), (0, np.int64(49))], (2, 5): [(np.int64(99), 32)], (2, 4): [(np.int64(99), 2), (2, 24), (24, 68), (68, np.int64(78))], (3, 7): [(np.int64(60), 40), (40, np.int64(38))], (4, 7): [(np.int64(78), 68), (68, 24), (24, 2), (2, np.int64(38))], (1, 2): [(np.int64(5), 90), (90, 48), (48, np.int64(99))], (4, 8): [(np.int64(78), 76), (76, np.int64(49))], (1, 4): [(np.int64(5), 15), (15, 4), (4, np.int64(78))], (0, 8): [(np.int64(43), 0), (0, np.int64(49))], (3, 5): [(np.int64(60), 49), (49, np.int64(32))], (5, 6): [(np.int64(32), 49), (49, np.int64(10))], (1, 7): [(np.int64(5), 19), (19, np.int64(38))], (4, 5): [(np.int64(78), 68), (68, np.int64(32))], (0, 5): [(np.int64(43), 25), (25, np.int64(32))], (1, 6): [(np.int64(5), 85), (85, np.int64(10))]}","{(4, np.int64(78)): {'cpu': 20}, (7, np.int64(38)): {'cpu': 15}, (6, np.int64(10)): {'cpu': 7, 'nic_slots': 1}, (8, np.int64(49)): {'cpu': 16}, (0, np.int64(43)): {'cpu': 7}, (5, np.int64(32)): {'cpu': 19, 'nic_slots': 1}, (2, np.int64(99)): {'cpu': 4, 'nic_slots': 2}, (1, np.int64(5)): {'cpu': 7}, (3, np.int64(60)): {'cpu': 5}}","{((2, 6), (np.int64(99), 37)): {'bw': 48.0}, ((2, 6), (37, np.int64(10))): {'bw': 48.0}, ((0, 1), (np.int64(43), 11)): {'bw': 50.0}, ((0, 1), (11, np.int64(5))): {'bw': 50.0}, ((4, 6), (np.int64(78), 68)): {'bw': 42.0}, ((4, 6), (68, np.int64(10))): {'bw': 42.0}, ((2, 3), (np.int64(99), 32)): {'bw': 37.0}, ((2, 3), (32, np.int64(60))): {'bw': 37.0}, ((6, 7), (np.int64(10), 41)): {'bw': 33.0}, ((6, 7), (41, np.int64(38))): {'bw': 33.0}, ((0, 2), (np.int64(43), 96)): {'bw': 28.0}, ((0, 2), (96, np.int64(99))): {'bw': 28.0}, ((0, 4), (np.int64(43), 73)): {'bw': 22.0}, ((0, 4), (73, np.int64(78))): {'bw': 22.0}, ((7, 8), (np.int64(38), 0)): {'bw': 23.0}, ((7, 8), (0, np.int64(49))): {'bw': 23.0}, ((2, 5), (np.int64(99), 32)): {'bw': 20.0}, ((2, 4), (np.int64(99), 2)): {'bw': 21.0}, ((2, 4), (2, 24)): {'bw': 21.0}, ((2, 4), (24, 68)): {'bw': 21.0}, ((2, 4), (68, np.int64(78))): {'bw': 21.0}, ((3, 7), (np.int64(60), 40)): {'bw': 21.0}, ((3, 7), (40, np.int64(38))): {'bw': 21.0}, ((4, 7), (np.int64(78), 68)): {'bw': 17.0}, ((4, 7), (68, 24)): {'bw': 17.0}, ((4, 7), (24, 2)): {'bw': 17.0}, ((4, 7), (2, np.int64(38))): {'bw': 17.0}, ((1, 2), (np.int64(5), 90)): {'bw': 18.0}, ((1, 2), (90, 48)): {'bw': 18.0}, ((1, 2), (48, np.int64(99))): {'bw': 18.0}, ((4, 8), (np.int64(78), 76)): {'bw': 17.0}, ((4, 8), (76, np.int64(49))): {'bw': 17.0}, ((1, 4), (np.int64(5), 15)): {'bw': 12.0}, ((1, 4), (15, 4)): {'bw': 12.0}, ((1, 4), (4, np.int64(78))): {'bw': 12.0}, ((0, 8), (np.int64(43), 0)): {'bw': 10.0}, ((0, 8), (0, np.int64(49))): {'bw': 10.0}, ((3, 5), (np.int64(60), 49)): {'bw': 6.0}, ((3, 5), (49, np.int64(32))): {'bw': 6.0}, ((5, 6), (np.int64(32), 49)): {'bw': 6.0}, ((5, 6), (49, np.int64(10))): {'bw': 6.0}, ((1, 7), (np.int64(5), 19)): {'bw': 4.0}, ((1, 7), (19, np.int64(38))): {'bw': 4.0}, ((4, 5), (np.int64(78), 68)): {'bw': 5.0}, ((4, 5), (68, np.int64(32))): {'bw': 5.0}, ((0, 5), (np.int64(43), 25)): {'bw': 2.0}, ((0, 5), (25, np.int64(32))): {'bw': 2.0}, ((1, 6), (np.int64(5), 85)): {'bw': 1.0}, ((1, 6), (85, np.int64(10))): {'bw': 1.0}}",1072.0,543.0,543.0,100.0,443.0,100.0,443.0,100.0,972.0,529.0,0.5065298507462687,271859.2670537439,137704.83396472287,128.4560018327639,Success,0.0,"{'node_level': {}, 'link_level': {}, 'path_level': {}}","{'node_level': {4: {'cpu': -44}, 7: {'cpu': -45}, 6: {'cpu': -77}, 8: {'cpu': -49}, 0: {'cpu': -56}, 5: {'cpu': -68}, 2: {'cpu': -67}, 1: {'cpu': -46}, 3: {'cpu': -55}}, 'link_level': {}, 'path_level': {}}","{'node_level': {4: {'cpu': 0}, 7: {'cpu': 0}, 6: {'cpu': 0}, 8: {'cpu': 0}, 0: {'cpu': 0}, 5: {'cpu': 0}, 2: {'cpu': 0}, 1: {'cpu': 0}, 3: {'cpu': 0}}, 'link_level': {}, 'path_level': {}}",[],0.0,0.0,True,True,False,0,[],0,0.0,"OrderedDict([((2, 6), 1), ((0, 1), 0), ((4, 6), 0), ((2, 3), 0), ((6, 7), 0), ((0, 2), 0), ((0, 4), 0), ((7, 8), 0), ((2, 5), 1), ((2, 4), 0), ((3, 7), 0), ((4, 7), 0), ((1, 2), 0), ((4, 8), 0), ((1, 4), 0), ((0, 8), 0), ((3, 5), 0), ((5, 6), 0), ((1, 7), 0), ((4, 5), 0), ((0, 5), 0), ((1, 6), 0)])",4.0,2.0,9.0,22.0
18,12,11,3442.0,6141.0,1791567.9722911755,3078371.5601075334,0.5604950333821853,0.58198561717111,35,20,1,227.0,41045.0,6469,34576.0,0.10809320281262924,0.12678048287705834,17,402.39869512188545,227.0,10,18,True,"{9: np.int64(36), 3: np.int64(91), 0: np.int64(30), 5: np.int64(9), 6: np.int64(90), 8: np.int64(64), 1: np.int64(3), 4: np.int64(69), 2: np.int64(83), 7: np.int64(25)}","{(7, 9): [(np.int64(25), 11), (11, np.int64(36))], (4, 5): [(np.int64(69), 12), (12, 97), (97, np.int64(9))], (2, 9): [(np.int64(83), 88), (88, np.int64(36))], (3, 7): [(np.int64(91), 25)], (0, 6): [(np.int64(30), 90)], (3, 8): [(np.int64(91), 69), (69, np.int64(64))], (0, 9): [(np.int64(30), 36)], (6, 9): [(np.int64(90), 36)], (1, 5): [(np.int64(3), 10), (10, 49), (49, np.int64(9))], (0, 3): [(np.int64(30), 91)], (5, 7): [(np.int64(9), 81), (81, np.int64(25))], (3, 5): [(np.int64(91), 77), (77, 97), (97, np.int64(9))], (5, 6): [(np.int64(9), 29), (29, np.int64(90))], (0, 1): [(np.int64(30), 45), (45, 31), (31, np.int64(3))], (2, 7): [(np.int64(83), 44), (44, np.int64(25))], (7, 8): [(np.int64(25), 64)], (8, 9): [(np.int64(64), 1), (1, np.int64(36))], (0, 8): [(np.int64(30), 91), (91, 69), (69, np.int64(64))]}","{(9, np.int64(36)): {'cpu': 19}, (3, np.int64(91)): {'cpu': 20}, (0, np.int64(30)): {'cpu': 16, 'nic_slots': 1}, (5, np.int64(9)): {'cpu': 14}, (6, np.int64(90)): {'cpu': 19}, (8, np.int64(64)): {'cpu': 12}, (1, np.int64(3)): {'cpu': 15, 'nic_slots': 1}, (4, np.int64(69)): {'cpu': 11}, (2, np.int64(83)): {'cpu': 8}, (7, np.int64(25)): {'cpu': 2}}","{((7, 9), (np.int64(25), 11)): {'bw': 49.0}, ((7, 9), (11, np.int64(36))): {'bw': 49.0}, ((4, 5), (np.int64(69), 12)): {'bw': 50.0}, ((4, 5), (12, 97)): {'bw': 50.0}, ((4, 5), (97, np.int64(9))): {'bw': 50.0}, ((2, 9), (np.int64(83), 88)): {'bw': 45.0}, ((2, 9), (88, np.int64(36))): {'bw': 45.0}, ((3, 7), (np.int64(91), 25)): {'bw': 41.0}, ((0, 6), (np.int64(30), 90)): {'bw': 38.0}, ((3, 8), (np.int64(91), 69)): {'bw': 37.0}, ((3, 8), (69, np.int64(64))): {'bw': 37.0}, ((0, 9), (np.int64(30), 36)): {'bw': 35.0}, ((6, 9), (np.int64(90), 36)): {'bw': 32.0}, ((1, 5), (np.int64(3), 10)): {'bw': 27.0}, ((1, 5), (10, 49)): {'bw': 27.0}, ((1, 5), (49, np.int64(9))): {'bw': 27.0}, ((0, 3), (np.int64(30), 91)): {'bw': 26.0}, ((5, 7), (np.int64(9), 81)): {'bw': 18.0}, ((5, 7), (81, np.int64(25))): {'bw': 18.0}, ((3, 5), (np.int64(91), 77)): {'bw': 12.0}, ((3, 5), (77, 97)): {'bw': 12.0}, ((3, 5), (97, np.int64(9))): {'bw': 12.0}, ((5, 6), (np.int64(9), 29)): {'bw': 13.0}, ((5, 6), (29, np.int64(90))): {'bw': 13.0}, ((0, 1), (np.int64(30), 45)): {'bw': 15.0}, ((0, 1), (45, 31)): {'bw': 15.0}, ((0, 1), (31, np.int64(3))): {'bw': 15.0}, ((2, 7), (np.int64(83), 44)): {'bw': 12.0}, ((2, 7), (44, np.int64(25))): {'bw': 12.0}, ((7, 8), (np.int64(25), 64)): {'bw': 11.0}, ((8, 9), (np.int64(64), 1)): {'bw': 11.0}, ((8, 9), (1, np.int64(36))): {'bw': 11.0}, ((0, 8), (np.int64(30), 91)): {'bw': 9.0}, ((0, 8), (91, 69)): {'bw': 9.0}, ((0, 8), (69, np.int64(64))): {'bw': 9.0}}",1028.0,617.0,617.0,136.0,481.0,136.0,481.0,136.0,892.0,411.0,0.6001945525291829,413665.85858529824,248279.99489020332,241.51750475700712,Success,0.0,"{'node_level': {}, 'link_level': {}, 'path_level': {}}","{'node_level': {9: {'cpu': -55}, 3: {'cpu': -41}, 0: {'cpu': -24}, 5: {'cpu': -86}, 6: {'cpu': -67}, 8: {'cpu': -65}, 1: {'cpu': -38}, 4: {'cpu': -78}, 2: {'cpu': -53}, 7: {'cpu': -46}}, 'link_level': {}, 'path_level': {}}","{'node_level': {9: {'cpu': 0}, 3: {'cpu': 0}, 0: {'cpu': 0}, 5: {'cpu': 0}, 6: {'cpu': 0}, 8: {'cpu': 0}, 1: {'cpu': 0}, 4: {'cpu': 0}, 2: {'cpu': 0}, 7: {'cpu': 0}}, 'link_level': {}, 'path_level': {}}",[],0.0,0.0,True,True,False,0,[],0,0.0,"OrderedDict([((7, 9), 0), ((4, 5), 0), ((2, 9), 0), ((3, 7), 0), ((0, 6), 0), ((3, 8), 0), ((0, 9), 0), ((6, 9), 0), ((1, 5), 0), ((0, 3), 0), ((5, 7), 0), ((3, 5), 0), ((5, 6), 0), ((0, 1), 1), ((2, 7), 0), ((7, 8), 0), ((8, 9), 0), ((0, 8), 0)])",0.0,1.0,10.0,18.0
19,13,12,3518.0,6254.0,1798417.5578509811,3088555.8123214548,0.5625199872081867,0.582284299566934,37,21,1,243.0,40932.0,6450,34482.0,0.11071280849303733,0.12915446004646935,18,90.12612578691468,243.0,3,2,True,"{1: np.int64(75), 0: np.int64(41), 2: np.int64(46)}","{(0, 1): [(np.int64(41), 44), (44, np.int64(75))], (0, 2): [(np.int64(41), 46)]}","{(1, np.int64(75)): {'cpu': 11}, (0, np.int64(41)): {'cpu': 3}, (2, np.int64(46)): {'cpu': 5}}","{((0, 1), (np.int64(41), 44)): {'bw': 37.0}, ((0, 1), (44, np.int64(75))): {'bw': 37.0}, ((0, 2), (np.int64(41), 46)): {'bw': 20.0}}",113.0,76.0,76.0,19.0,57.0,19.0,57.0,19.0,94.0,37.0,0.672566371681416,10184.25221392136,6849.585559805516,60.61580141420811,Success,0.0,"{'node_level': {}, 'link_level': {}, 'path_level': {}}","{'node_level': {1: {'cpu': -57}, 0: {'cpu': -55}, 2: {'cpu': -77}}, 'link_level': {}, 'path_level': {}}","{'node_level': {1: {'cpu': 0}, 0: {'cpu': 0}, 2: {'cpu': 0}}, 'link_level': {}, 'path_level': {}}",[],0.0,0.0,True,True,False,0,[],0,0.0,"OrderedDict([((0, 1), 0), ((0, 2), 0)])",0.0,0.0,3.0,2.0
20,13,12,3518.0,6254.0,1798417.5578509811,3088555.8123214548,0.5625199872081867,0.582284299566934,37,22,1,260.0,40932.0,6450,34482.0,0.11071280849303733,0.12915446004646935,19,230.86544564850888,260.0,7,12,False,"{3: np.int64(80), 2: np.int64(95), 0: np.int64(13), 4: np.int64(60), 6: np.int64(77), 1: np.int64(4), 5: np.int64(50)}","{(3, 5): [(np.int64(80), 50)], (0, 3): [(np.int64(13), 60), (60, np.int64(80))]}","{(3, np.int64(80)): {'cpu': 15}, (2, np.int64(95)): {'cpu': 10}, (0, np.int64(13)): {'cpu': 10}, (4, np.int64(60)): {'cpu': 5}, (6, np.int64(77)): {'cpu': 11}, (1, np.int64(4)): {'cpu': 3}, (5, np.int64(50)): {'cpu': 1}}","{((3, 5), (np.int64(80), 50)): {'bw': 48.0}, ((0, 3), (np.int64(13), 60)): {'bw': 44.0}, ((0, 3), (60, np.int64(80))): {'bw': 44.0}}",0.0,0.0,339.0,55.0,284.0,0.0,0.0,0.0,0.0,0.0,0.0,0.0,0.0,0.0,Route Failure,0.0,"{'node_level': {}, 'link_level': {}, 'path_level': {}}","{'node_level': {3: {'cpu': -31}, 2: {'cpu': -75}, 0: {'cpu': -51}, 4: {'cpu': -50}, 6: {'cpu': -30}, 1: {'cpu': -37}, 5: {'cpu': -84}}, 'link_level': {}, 'path_level': {}}","{'node_level': {3: {'cpu': 0}, 2: {'cpu': 0}, 0: {'cpu': 0}, 4: {'cpu': 0}, 6: {'cpu': 0}, 1: {'cpu': 0}, 5: {'cpu': 0}}, 'link_level': {}, 'path_level': {}}",[],0.0,0.0,True,False,False,0,[],0,0.0,"OrderedDict([((3, 5), 0), ((0, 3), 0)])",0.0,0.0,7.0,2.0
21,13,12,3518.0,6254.0,1798417.5578509811,3088555.8123214548,0.5625199872081867,0.582284299566934,37,23,1,281.0,40932.0,6450,34482.0,0.11071280849303733,0.12915446004646935,20,79.17075280023421,281.0,10,28,False,"{4: np.int64(80), 7: np.int64(95), 2: np.int64(60), 0: np.int64(3), 8: np.int64(18), 3: np.int64(77), 5: np.int64(4)}",{},"{(4, np.int64(80)): {'cpu': 17}, (7, np.int64(95)): {'cpu': 12}, (2, np.int64(60)): {'cpu': 15}, (0, np.int64(3)): {'cpu': 12}, (8, np.int64(18)): {'cpu': 7}, (3, np.int64(77)): {'cpu': 15}, (5, np.int64(4)): {'cpu': 4}}",{},0.0,0.0,759.0,96.0,663.0,0.0,0.0,0.0,0.0,0.0,0.0,0.0,0.0,0.0,Place Failure,0.0,"{'node_level': {}, 'link_level': {}, 'path_level': {}}","{'node_level': {4: {'cpu': -29}, 7: {'cpu': -73}, 2: {'cpu': -40}, 0: {'cpu': -26}, 8: {'cpu': -7}, 3: {'cpu': -26}, 5: {'cpu': -36}}, 'link_level': {}, 'path_level': {}}","{'node_level': {4: {'cpu': 0}, 7: {'cpu': 0}, 2: {'cpu': 0}, 0: {'cpu': 0}, 8: {'cpu': 0}, 3: {'cpu': 0}, 5: {'cpu': 0}}, 'link_level': {}, 'path_level': {}}",[],0.0,0.0,False,True,False,0,[],0,0.0,,,,7.0,0.0
22,13,12,3518.0,6254.0,1798417.5578509811,3088555.8123214548,0.5625199872081867,0.582284299566934,37,24,1,296.0,40932.0,6450,34482.0,0.11071280849303733,0.12915446004646935,21,421.54151787034783,296.0,6,9,False,"{1: np.int64(80), 3: np.int64(95), 0: np.int64(50), 4: np.int64(81), 2: np.int64(60), 5: np.int64(4)}","{(0, 1): [(np.int64(50), 80)], (1, 4): [(np.int64(80), 81)], (1, 3): [(np.int64(80), 81), (81, 26), (26, np.int64(95))], (2, 3): [(np.int64(60), 48), (48, np.int64(95))], (1, 5): [(np.int64(80), 56), (56, 6), (6, np.int64(4))]}","{(1, np.int64(80)): {'cpu': 18, 'nic_slots': 1}, (3, np.int64(95)): {'cpu': 18}, (0, np.int64(50)): {'cpu': 11}, (4, np.int64(81)): {'cpu': 9, 'nic_slots': 1}, (2, np.int64(60)): {'cpu': 12}, (5, np.int64(4)): {'cpu': 4}}","{((0, 1), (np.int64(50), 80)): {'bw': 49.0}, ((1, 4), (np.int64(80), 81)): {'bw': 40.0}, ((1, 3), (np.int64(80), 81)): {'bw': 37.0}, ((1, 3), (81, 26)): {'bw': 37.0}, ((1, 3), (26, np.int64(95))): {'bw': 37.0}, ((2, 3), (np.int64(60), 48)): {'bw': 30.0}, ((2, 3), (48, np.int64(95))): {'bw': 30.0}, ((1, 5), (np.int64(80), 56)): {'bw': 22.0}, ((1, 5), (56, 6)): {'bw': 22.0}, ((1, 5), (6, np.int64(4))): {'bw': 22.0}}",0.0,0.0,286.0,72.0,214.0,0.0,0.0,0.0,0.0,0.0,0.0,0.0,0.0,0.0,Route Failure,0.0,"{'node_level': {}, 'link_level': {}, 'path_level': {}}","{'node_level': {1: {'cpu': -28}, 3: {'cpu': -67}, 0: {'cpu': -74}, 4: {'cpu': -83}, 2: {'cpu': -43}, 5: {'cpu': -36}}, 'link_level': {}, 'path_level': {}}","{'node_level': {1: {'cpu': 0}, 3: {'cpu': 0}, 0: {'cpu': 0}, 4: {'cpu': 0}, 2: {'cpu': 0}, 5: {'cpu': 0}}, 'link_level': {}, 'path_level': {}}",[],0.0,0.0,True,False,False,0,[],0,0.0,"OrderedDict([((0, 1), 0), ((1, 4), 1), ((1, 3), 0), ((2, 3), 0), ((1, 5), 0)])",1.0,1.0,6.0,5.0
22,13,12,3518.0,6254.0,1798417.5578509811,3088555.8123214548,0.5625199872081867,0.582284299566934,37,25,0,303.6702058616888,40932.0,6450,34482.0,0.11071280849303733,0.12915446004646935,10,162.6702058616888,141.0,8,14,False,{},{},{},{},0.0,0.0,0.0,0.0,0.0,0.0,0.0,0.0,0.0,0.0,0.0,0.0,0.0,0.0,Leave Event,0.0,"{'node_level': {}, 'link_level': {}, 'path_level': {}}","{'node_level': {}, 'link_level': {}, 'path_level': {}}","{'node_level': {}, 'link_level': {}, 'path_level': {}}",[],0.0,0.0,True,True,False,0,[],0,0.0,,,,,
23,14,13,3777.0,6796.0,1955955.4278121619,3418229.6560240025,0.5557680988816951,0.5722129946316361,38,26,1,311.0,40390.0,6375,34015.0,0.12105335723149047,0.1409485806647136,22,608.2543241744426,311.0,5,7,True,"{1: np.int64(80), 2: np.int64(95), 4: np.int64(60), 3: np.int64(4), 0: np.int64(53)}","{(1, 3): [(np.int64(80), 81), (81, 59), (59, 68), (68, np.int64(4))], (1, 4): [(np.int64(80), 49), (49, np.int64(60))], (0, 2): [(np.int64(53), 95)], (1, 2): [(np.int64(80), 81), (81, 26), (26, np.int64(95))], (0, 3): [(np.int64(53), 95), (95, 13), (13, np.int64(4))], (2, 4): [(np.int64(95), 48), (48, np.int64(60))], (3, 4): [(np.int64(4), 13), (13, 60)]}","{(1, np.int64(80)): {'cpu': 19, 'nic_slots': 1}, (2, np.int64(95)): {'cpu': 18}, (4, np.int64(60)): {'cpu': 20}, (3, np.int64(4)): {'cpu': 8, 'nic_slots': 1}, (0, np.int64(53)): {'cpu': 10}}","{((1, 3), (np.int64(80), 81)): {'bw': 48.0}, ((1, 3), (81, 59)): {'bw': 48.0}, ((1, 3), (59, 68)): {'bw': 48.0}, ((1, 3), (68, np.int64(4))): {'bw': 48.0}, ((1, 4), (np.int64(80), 49)): {'bw': 49.0}, ((1, 4), (49, np.int64(60))): {'bw': 49.0}, ((0, 2), (np.int64(53), 95)): {'bw': 36.0}, ((1, 2), (np.int64(80), 81)): {'bw': 29.0}, ((1, 2), (81, 26)): {'bw': 29.0}, ((1, 2), (26, np.int64(95))): {'bw': 29.0}, ((0, 3), (np.int64(53), 95)): {'bw': 10.0}, ((0, 3), (95, 13)): {'bw': 10.0}, ((0, 3), (13, np.int64(4))): {'bw': 10.0}, ((2, 4), (np.int64(95), 48)): {'bw': 8.0}, ((2, 4), (48, np.int64(60))): {'bw': 8.0}, ((3, 4), (np.int64(4), 13)): {'bw': 4.0}, ((3, 4), (13, 60)): {'bw': 4.0}}",542.0,259.0,259.0,75.0,184.0,75.0,184.0,75.0,467.0,283.0,0.477859778597786,329673.8437025479,157537.86996118064,290.6602766811451,Success,0.0,"{'node_level': {}, 'link_level': {}, 'path_level': {}}","{'node_level': {1: {'cpu': -27}, 2: {'cpu': -67}, 4: {'cpu': -35}, 3: {'cpu': -32}, 0: {'cpu': -60}}, 'link_level': {}, 'path_level': {}}","{'node_level': {1: {'cpu': 0}, 2: {'cpu': 0}, 4: {'cpu': 0}, 3: {'cpu': 0}, 0: {'cpu': 0}}, 'link_level': {}, 'path_level': {}}",[],0.0,0.0,True,True,False,0,[],0,0.0,"OrderedDict([((1, 3), 1), ((1, 4), 0), ((0, 2), 0), ((1, 2), 0), ((0, 3), 0), ((2, 4), 0), ((3, 4), 0)])",0.0,1.0,5.0,7.0
24,15,14,3801.0,6820.0,1960039.588748695,3422313.816960536,0.5573313782991203,0.5727235120972827,38,27,1,320.0,40366.0,6363,34003.0,0.12270784502964294,0.14125164157995762,23,170.17337235555323,320.0,2,1,True,"{0: np.int64(77), 1: np.int64(18)}","{(0, 1): [(np.int64(77), 18)]}","{(0, np.int64(77)): {'cpu': 10}, (1, np.int64(18)): {'cpu': 2}}","{((0, 1), (np.int64(77), 18)): {'bw': 12.0}}",24.0,24.0,24.0,12.0,12.0,12.0,12.0,12.0,12.0,0.0,1.0,4084.1609365332774,4084.1609365332774,170.17337235555323,Success,0.0,"{'node_level': {}, 'link_level': {}, 'path_level': {}}","{'node_level': {0: {'cpu': -31}, 1: {'cpu': -12}}, 'link_level': {}, 'path_level': {}}","{'node_level': {0: {'cpu': 0}, 1: {'cpu': 0}}, 'link_level': {}, 'path_level': {}}",[],0.0,0.0,True,True,False,0,[],0,0.0,"OrderedDict([((0, 1), 0)])",0.0,0.0,2.0,1.0
24,15,13,3801.0,6820.0,1960039.588748695,3422313.816960536,0.5573313782991203,0.5727235120972827,38,28,0,333.1261257869147,40479.0,6382,34097.0,0.12008823934923485,0.1388776644105465,18,90.12612578691468,243.0,3,2,False,{},{},{},{},0.0,0.0,0.0,0.0,0.0,0.0,0.0,0.0,0.0,0.0,0.0,0.0,0.0,0.0,Leave Event,0.0,"{'node_level': {}, 'link_level': {}, 'path_level': {}}","{'node_level': {}, 'link_level': {}, 'path_level': {}}","{'node_level': {}, 'link_level': {}, 'path_level': {}}",[],0.0,0.0,True,True,False,0,[],0,0.0,,,,,
25,16,14,3899.0,6987.0,1987866.892107373,3469733.813500324,0.5580363532274224,0.5729162520689104,41,29,1,334.0,40312.0,6341,33971.0,0.12574107265958911,0.14205980402060814,24,283.95207508855134,334.0,5,5,True,"{1: np.int64(75), 3: np.int64(50), 4: np.int64(41), 0: np.int64(33), 2: np.int64(20)}","{(1, 3): [(np.int64(75), 50)], (0, 1): [(np.int64(33), 91), (91, 6), (6, np.int64(75))], (3, 4): [(np.int64(50), 93), (93, 3), (3, np.int64(41))], (1, 2): [(np.int64(75), 28), (28, np.int64(20))], (0, 2): [(np.int64(33), 66), (66, np.int64(20))]}","{(1, np.int64(75)): {'cpu': 13}, (3, np.int64(50)): {'cpu': 6}, (4, np.int64(41)): {'cpu': 13}, (0, np.int64(33)): {'cpu': 5}, (2, np.int64(20)): {'cpu': 4}}","{((1, 3), (np.int64(75), 50)): {'bw': 21.0}, ((0, 1), (np.int64(33), 91)): {'bw': 19.0}, ((0, 1), (91, 6)): {'bw': 19.0}, ((0, 1), (6, np.int64(75))): {'bw': 19.0}, ((3, 4), (np.int64(50), 93)): {'bw': 14.0}, ((3, 4), (93, 3)): {'bw': 14.0}, ((3, 4), (3, np.int64(41))): {'bw': 14.0}, ((1, 2), (np.int64(75), 28)): {'bw': 2.0}, ((1, 2), (28, np.int64(20))): {'bw': 2.0}, ((0, 2), (np.int64(33), 66)): {'bw': 1.0}, ((0, 2), (66, np.int64(20))): {'bw': 1.0}}",167.0,98.0,98.0,41.0,57.0,41.0,57.0,41.0,126.0,69.0,0.5868263473053892,47419.99653978807,27827.303358678033,166.63055903400019,Success,0.0,"{'node_level': {}, 'link_level': {}, 'path_level': {}}","{'node_level': {1: {'cpu': -55}, 3: {'cpu': -79}, 4: {'cpu': -45}, 0: {'cpu': -45}, 2: {'cpu': -92}}, 'link_level': {}, 'path_level': {}}","{'node_level': {1: {'cpu': 0}, 3: {'cpu': 0}, 4: {'cpu': 0}, 0: {'cpu': 0}, 2: {'cpu': 0}}, 'link_level': {}, 'path_level': {}}",[],0.0,0.0,True,True,False,0,[],0,0.0,"OrderedDict([((1, 3), 0), ((0, 1), 0), ((3, 4), 0), ((1, 2), 0), ((0, 2), 0)])",0.0,0.0,5.0,5.0
26,17,15,4245.0,7517.0,2231974.1166390083,3843655.2846036954,0.5647199680723693,0.5806905019759436,42,30,1,343.0,39782.0,6266,33516.0,0.13608162139804214,0.1535508637236085,25,705.5122096290029,343.0,7,10,True,"{2: np.int64(46), 3: np.int64(28), 6: np.int64(72), 0: np.int64(13), 1: np.int64(20), 4: np.int64(93), 5: np.int64(79)}","{(1, 6): [(np.int64(20), 72)], (1, 2): [(np.int64(20), 78), (78, np.int64(46))], (1, 4): [(np.int64(20), 93)], (3, 4): [(np.int64(28), 22), (22, 3), (3, np.int64(93))], (2, 6): [(np.int64(46), 72)], (3, 5): [(np.int64(28), 68), (68, 79)], (0, 2): [(np.int64(13), 46)], (2, 3): [(np.int64(46), 39), (39, 8), (8, np.int64(28))], (0, 5): [(np.int64(13), 73), (73, np.int64(79))], (3, 6): [(np.int64(28), 26), (26, np.int64(72))]}","{(2, np.int64(46)): {'cpu': 12}, (3, np.int64(28)): {'cpu': 16}, (6, np.int64(72)): {'cpu': 8}, (0, np.int64(13)): {'cpu': 18}, (1, np.int64(20)): {'cpu': 5}, (4, np.int64(93)): {'cpu': 9}, (5, np.int64(79)): {'cpu': 7}}","{((1, 6), (np.int64(20), 72)): {'bw': 50.0}, ((1, 2), (np.int64(20), 78)): {'bw': 38.0}, ((1, 2), (78, np.int64(46))): {'bw': 38.0}, ((1, 4), (np.int64(20), 93)): {'bw': 30.0}, ((3, 4), (np.int64(28), 22)): {'bw': 29.0}, ((3, 4), (22, 3)): {'bw': 29.0}, ((3, 4), (3, np.int64(93))): {'bw': 29.0}, ((2, 6), (np.int64(46), 72)): {'bw': 30.0}, ((3, 5), (np.int64(28), 68)): {'bw': 24.0}, ((3, 5), (68, 79)): {'bw': 24.0}, ((0, 2), (np.int64(13), 46)): {'bw': 27.0}, ((2, 3), (np.int64(46), 39)): {'bw': 21.0}, ((2, 3), (39, 8)): {'bw': 21.0}, ((2, 3), (8, np.int64(28))): {'bw': 21.0}, ((0, 5), (np.int64(13), 73)): {'bw': 12.0}, ((0, 5), (73, np.int64(79))): {'bw': 12.0}, ((3, 6), (np.int64(28), 26)): {'bw': 10.0}, ((3, 6), (26, np.int64(72))): {'bw': 10.0}}",530.0,346.0,346.0,75.0,271.0,75.0,271.0,75.0,455.0,184.0,0.6528301886792452,373921.4711033715,244107.224531635,460.57966892761317,Success,0.0,"{'node_level': {}, 'link_level': {}, 'path_level': {}}","{'node_level': {2: {'cpu': -70}, 3: {'cpu': -34}, 6: {'cpu': -53}, 0: {'cpu': -43}, 1: {'cpu': -87}, 4: {'cpu': -56}, 5: {'cpu': -70}}, 'link_level': {}, 'path_level': {}}","{'node_level': {2: {'cpu': 0}, 3: {'cpu': 0}, 6: {'cpu': 0}, 0: {'cpu': 0}, 1: {'cpu': 0}, 4: {'cpu': 0}, 5: {'cpu': 0}}, 'link_level': {}, 'path_level': {}}",[],0.0,0.0,True,True,False,0,[],0,0.0,"OrderedDict([((1, 6), 0), ((1, 2), 0), ((1, 4), 0), ((3, 4), 0), ((2, 6), 0), ((3, 5), 0), ((0, 2), 0), ((2, 3), 0), ((0, 5), 0), ((3, 6), 0)])",0.0,0.0,7.0,10.0
26,17,14,4245.0,7517.0,2231974.1166390083,3843655.2846036954,0.5647199680723693,0.5806905019759436,42,31,0,351.7588618593687,40653.0,6366,34287.0,0.12229422308010474,0.1340791999191837,15,153.75886185936875,198.0,9,12,False,{},{},{},{},0.0,0.0,0.0,0.0,0.0,0.0,0.0,0.0,0.0,0.0,0.0,0.0,0.0,0.0,Leave Event,0.0,"{'node_level': {}, 'link_level': {}, 'path_level': {}}","{'node_level': {}, 'link_level': {}, 'path_level': {}}","{'node_level': {}, 'link_level': {}, 'path_level': {}}",[],0.0,0.0,True,True,False,0,[],0,0.0,,,,,
27,18,15,4279.0,7551.0,2240547.961271992,3852229.129236679,0.5666799099457026,0.5816237524053918,42,32,1,355.0,40619.0,6334,34285.0,0.12670619054184473,0.13412971007172436,26,252.17190097011095,355.0,2,1,True,"{0: np.int64(52), 1: np.int64(7)}","{(0, 1): [(np.int64(52), 7)]}","{(0, np.int64(52)): {'cpu': 19}, (1, np.int64(7)): {'cpu': 13}}","{((0, 1), (np.int64(52), 7)): {'bw': 2.0}}",34.0,34.0,34.0,32.0,2.0,32.0,2.0,32.0,2.0,0.0,1.0,8573.844632983772,8573.844632983772,252.17190097011095,Success,0.0,"{'node_level': {}, 'link_level': {}, 'path_level': {}}","{'node_level': {0: {'cpu': -81}, 1: {'cpu': -39}}, 'link_level': {}, 'path_level': {}}","{'node_level': {0: {'cpu': 0}, 1: {'cpu': 0}}, 'link_level': {}, 'path_level': {}}",[],0.0,0.0,True,True,False,0,[],0,0.0,"OrderedDict([((0, 1), 0)])",0.0,0.0,2.0,1.0
27,18,15,4279.0,7551.0,2240547.961271992,3852229.129236679,0.5666799099457026,0.5816237524053918,42,33,0,360.1707528002342,40619.0,6334,34285.0,0.12670619054184473,0.13412971007172436,20,79.17075280023421,281.0,10,28,False,{},{},{},{},0.0,0.0,0.0,0.0,0.0,0.0,0.0,0.0,0.0,0.0,0.0,0.0,0.0,0.0,Leave Event,0.0,"{'node_level': {}, 'link_level': {}, 'path_level': {}}","{'node_level': {}, 'link_level': {}, 'path_level': {}}","{'node_level': {}, 'link_level': {}, 'path_level': {}}",[],0.0,0.0,True,True,False,0,[],0,0.0,,,,,
28,19,16,4403.0,7787.0,2380899.4419078627,4119349.689156562,0.565429562090664,0.5779794437396628,42,34,1,364.0,40383.0,6314,34069.0,0.12946367020543226,0.13958480654611571,27,1131.8667793215377,364.0,4,3,True,"{0: np.int64(98), 2: np.int64(43), 3: np.int64(1), 1: np.int64(18)}","{(0, 3): [(np.int64(98), 45), (45, 72), (72, np.int64(1))], (0, 2): [(np.int64(98), 43)], (1, 3): [(np.int64(18), 33), (33, np.int64(1))]}","{(0, np.int64(98)): {'cpu': 7, 'nic_slots': 1}, (2, np.int64(43)): {'cpu': 8}, (3, np.int64(1)): {'cpu': 4, 'nic_slots': 1}, (1, np.int64(18)): {'cpu': 1}}","{((0, 3), (np.int64(98), 45)): {'bw': 45.0}, ((0, 3), (45, 72)): {'bw': 45.0}, ((0, 3), (72, np.int64(1))): {'bw': 45.0}, ((0, 2), (np.int64(98), 43)): {'bw': 37.0}, ((1, 3), (np.int64(18), 33)): {'bw': 22.0}, ((1, 3), (33, np.int64(1))): {'bw': 22.0}}",236.0,124.0,124.0,20.0,104.0,20.0,104.0,20.0,216.0,112.0,0.5254237288135594,267120.5599198829,140351.48063587068,594.7096637113165,Success,0.0,"{'node_level': {}, 'link_level': {}, 'path_level': {}}","{'node_level': {0: {'cpu': -39}, 2: {'cpu': -48}, 3: {'cpu': -47}, 1: {'cpu': -27}}, 'link_level': {}, 'path_level': {}}","{'node_level': {0: {'cpu': 0}, 2: {'cpu': 0}, 3: {'cpu': 0}, 1: {'cpu': 0}}, 'link_level': {}, 'path_level': {}}",[],0.0,0.0,True,True,False,0,[],0,0.0,"OrderedDict([((0, 3), 1), ((0, 2), 0), ((1, 3), 0)])",1.0,1.0,4.0,3.0
29,20,17,4587.0,8094.0,2474616.0440693204,4275713.802545516,0.566716085989622,0.5787609176732258,42,35,1,372.0,40076.0,6268,33808.0,0.1358058734316835,0.14617638145267198,28,509.3293595731403,372.0,5,5,True,"{0: np.int64(18), 3: np.int64(53), 4: np.int64(52), 2: np.int64(43), 1: np.int64(79)}","{(0, 2): [(np.int64(18), 0), (0, np.int64(43))], (3, 4): [(np.int64(53), 33), (33, 79), (79, np.int64(52))], (0, 3): [(np.int64(18), 53)], (2, 3): [(np.int64(43), 53)], (0, 1): [(np.int64(18), 33), (33, np.int64(79))]}","{(0, np.int64(18)): {'cpu': 13}, (3, np.int64(53)): {'cpu': 9}, (4, np.int64(52)): {'cpu': 17}, (2, np.int64(43)): {'cpu': 4}, (1, np.int64(79)): {'cpu': 3}}","{((0, 2), (np.int64(18), 0)): {'bw': 41.0}, ((0, 2), (0, np.int64(43))): {'bw': 41.0}, ((3, 4), (np.int64(53), 33)): {'bw': 38.0}, ((3, 4), (33, 79)): {'bw': 38.0}, ((3, 4), (79, np.int64(52))): {'bw': 38.0}, ((0, 3), (np.int64(18), 53)): {'bw': 30.0}, ((2, 3), (np.int64(43), 53)): {'bw': 23.0}, ((0, 1), (np.int64(18), 33)): {'bw': 6.0}, ((0, 1), (33, np.int64(79))): {'bw': 6.0}}",307.0,184.0,184.0,46.0,138.0,46.0,138.0,46.0,261.0,123.0,0.5993485342019544,156364.11338895408,93716.60216145782,305.26580508618184,Success,0.0,"{'node_level': {}, 'link_level': {}, 'path_level': {}}","{'node_level': {0: {'cpu': -14}, 3: {'cpu': -59}, 4: {'cpu': -64}, 2: {'cpu': -44}, 1: {'cpu': -75}}, 'link_level': {}, 'path_level': {}}","{'node_level': {0: {'cpu': 0}, 3: {'cpu': 0}, 4: {'cpu': 0}, 2: {'cpu': 0}, 1: {'cpu': 0}}, 'link_level': {}, 'path_level': {}}",[],0.0,0.0,True,True,False,0,[],0,0.0,"OrderedDict([((0, 2), 0), ((3, 4), 0), ((0, 3), 0), ((2, 3), 0), ((0, 1), 0)])",0.0,0.0,5.0,5.0
30,21,18,5344.0,9538.0,3315456.4274793975,5879641.825853509,0.5602851750891172,0.5638874825505403,45,36,1,379.0,38632.0,6123,32509.0,0.1557976009926927,0.17898272552783112,29,1110.7534787451477,379.0,10,23,True,"{6: np.int64(1), 4: np.int64(77), 9: np.int64(29), 1: np.int64(98), 2: np.int64(7), 0: np.int64(4), 3: np.int64(5), 7: np.int64(79), 8: np.int64(68), 5: np.int64(42)}","{(3, 8): [(np.int64(5), 79), (79, 68)], (1, 2): [(np.int64(98), 42), (42, np.int64(7))], (0, 6): [(np.int64(4), 13), (13, np.int64(1))], (6, 8): [(np.int64(1), 12), (12, 7), (7, np.int64(68))], (2, 4): [(np.int64(7), 3), (3, np.int64(77))], (1, 6): [(np.int64(98), 63), (63, np.int64(1))], (1, 9): [(np.int64(98), 90), (90, np.int64(29))], (4, 9): [(np.int64(77), 29)], (1, 4): [(np.int64(98), 84), (84, 97), (97, np.int64(77))], (0, 3): [(np.int64(4), 6), (6, 56), (56, 15), (15, np.int64(5))], (7, 9): [(np.int64(79), 11), (11, np.int64(29))], (3, 6): [(np.int64(5), 74), (74, np.int64(1))], (8, 9): [(np.int64(68), 29)], (2, 7): [(np.int64(7), 52), (52, np.int64(79))], (2, 5): [(np.int64(7), 42)], (7, 8): [(np.int64(79), 82), (82, np.int64(68))], (2, 9): [(np.int64(7), 68), (68, np.int64(29))], (1, 5): [(np.int64(98), 42)], (1, 7): [(np.int64(98), 4), (4, np.int64(79))], (4, 8): [(np.int64(77), 97), (97, np.int64(68))], (3, 4): [(np.int64(5), 85), (85, np.int64(77))], (0, 4): [(np.int64(4), 17), (17, np.int64(77))], (0, 8): [(np.int64(4), 68)]}","{(6, np.int64(1)): {'cpu': 17}, (4, np.int64(77)): {'cpu': 20}, (9, np.int64(29)): {'cpu': 15}, (1, np.int64(98)): {'cpu': 10}, (2, np.int64(7)): {'cpu': 13}, (0, np.int64(4)): {'cpu': 20, 'nic_slots': 1}, (3, np.int64(5)): {'cpu': 13}, (7, np.int64(79)): {'cpu': 19}, (8, np.int64(68)): {'cpu': 6, 'nic_slots': 1}, (5, np.int64(42)): {'cpu': 12}}","{((3, 8), (np.int64(5), 79)): {'bw': 48.0}, ((3, 8), (79, 68)): {'bw': 48.0}, ((1, 2), (np.int64(98), 42)): {'bw': 50.0}, ((1, 2), (42, np.int64(7))): {'bw': 50.0}, ((0, 6), (np.int64(4), 13)): {'bw': 48.0}, ((0, 6), (13, np.int64(1))): {'bw': 48.0}, ((6, 8), (np.int64(1), 12)): {'bw': 49.0}, ((6, 8), (12, 7)): {'bw': 49.0}, ((6, 8), (7, np.int64(68))): {'bw': 49.0}, ((2, 4), (np.int64(7), 3)): {'bw': 47.0}, ((2, 4), (3, np.int64(77))): {'bw': 47.0}, ((1, 6), (np.int64(98), 63)): {'bw': 45.0}, ((1, 6), (63, np.int64(1))): {'bw': 45.0}, ((1, 9), (np.int64(98), 90)): {'bw': 41.0}, ((1, 9), (90, np.int64(29))): {'bw': 41.0}, ((4, 9), (np.int64(77), 29)): {'bw': 39.0}, ((1, 4), (np.int64(98), 84)): {'bw': 38.0}, ((1, 4), (84, 97)): {'bw': 38.0}, ((1, 4), (97, np.int64(77))): {'bw': 38.0}, ((0, 3), (np.int64(4), 6)): {'bw': 37.0}, ((0, 3), (6, 56)): {'bw': 37.0}, ((0, 3), (56, 15)): {'bw': 37.0}, ((0, 3), (15, np.int64(5))): {'bw': 37.0}, ((7, 9), (np.int64(79), 11)): {'bw': 31.0}, ((7, 9), (11, np.int64(29))): {'bw': 31.0}, ((3, 6), (np.int64(5), 74)): {'bw': 24.0}, ((3, 6), (74, np.int64(1))): {'bw': 24.0}, ((8, 9), (np.int64(68), 29)): {'bw': 17.0}, ((2, 7), (np.int64(7), 52)): {'bw': 17.0}, ((2, 7), (52, np.int64(79))): {'bw': 17.0}, ((2, 5), (np.int64(7), 42)): {'bw': 17.0}, ((7, 8), (np.int64(79), 82)): {'bw': 19.0}, ((7, 8), (82, np.int64(68))): {'bw': 19.0}, ((2, 9), (np.int64(7), 68)): {'bw': 11.0}, ((2, 9), (68, np.int64(29))): {'bw': 11.0}, ((1, 5), (np.int64(98), 42)): {'bw': 12.0}, ((1, 7), (np.int64(98), 4)): {'bw': 6.0}, ((1, 7), (4, np.int64(79))): {'bw': 6.0}, ((4, 8), (np.int64(77), 97)): {'bw': 4.0}, ((4, 8), (97, np.int64(68))): {'bw': 4.0}, ((3, 4), (np.int64(5), 85)): {'bw': 6.0}, ((3, 4), (85, np.int64(77))): {'bw': 6.0}, ((0, 4), (np.int64(4), 17)): {'bw': 5.0}, ((0, 4), (17, np.int64(77))): {'bw': 5.0}, ((0, 8), (np.int64(4), 68)): {'bw': 1.0}}",1444.0,757.0,757.0,145.0,612.0,145.0,612.0,145.0,1299.0,687.0,0.5242382271468145,1603928.0233079933,840840.3834100768,582.2994344945131,Success,0.0,"{'node_level': {}, 'link_level': {}, 'path_level': {}}","{'node_level': {6: {'cpu': -30}, 4: {'cpu': -13}, 9: {'cpu': -51}, 1: {'cpu': -29}, 2: {'cpu': -26}, 0: {'cpu': -12}, 3: {'cpu': -33}, 7: {'cpu': -56}, 8: {'cpu': -45}, 5: {'cpu': -77}}, 'link_level': {}, 'path_level': {}}","{'node_level': {6: {'cpu': 0}, 4: {'cpu': 0}, 9: {'cpu': 0}, 1: {'cpu': 0}, 2: {'cpu': 0}, 0: {'cpu': 0}, 3: {'cpu': 0}, 7: {'cpu': 0}, 8: {'cpu': 0}, 5: {'cpu': 0}}, 'link_level': {}, 'path_level': {}}",[],0.0,0.0,True,True,False,0,[],0,0.0,"OrderedDict([((3, 8), 0), ((1, 2), 0), ((0, 6), 0), ((6, 8), 0), ((2, 4), 0), ((1, 6), 0), ((1, 9), 0), ((4, 9), 0), ((1, 4), 0), ((0, 3), 0), ((7, 9), 0), ((3, 6), 0), ((8, 9), 0), ((2, 7), 0), ((2, 5), 0), ((7, 8), 0), ((2, 9), 0), ((1, 5), 0), ((1, 7), 0), ((4, 8), 0), ((3, 4), 0), ((0, 4), 0), ((0, 8), 1)])",8.0,1.0,10.0,23.0
31,22,19,5423.0,9663.0,3360470.941616626,5950867.322906085,0.5612128738487012,0.5647027163051506,46,37,1,394.0,38507.0,6090,32417.0,0.160347442437612,0.18130619254470148,30,569.8039764206146,394.0,3,3,True,"{1: np.int64(34), 0: np.int64(50), 2: np.int64(38)}","{(0, 1): [(np.int64(50), 80), (80, np.int64(34))], (0, 2): [(np.int64(50), 0), (0, np.int64(38))], (1, 2): [(np.int64(34), 91), (91, np.int64(38))]}","{(1, np.int64(34)): {'cpu': 17}, (0, np.int64(50)): {'cpu': 12}, (2, np.int64(38)): {'cpu': 4}}","{((0, 1), (np.int64(50), 80)): {'bw': 18.0}, ((0, 1), (80, np.int64(34))): {'bw': 18.0}, ((0, 2), (np.int64(50), 0)): {'bw': 17.0}, ((0, 2), (0, np.int64(38))): {'bw': 17.0}, ((1, 2), (np.int64(34), 91)): {'bw': 11.0}, ((1, 2), (91, np.int64(38))): {'bw': 11.0}}",125.0,79.0,79.0,33.0,46.0,33.0,46.0,33.0,92.0,46.0,0.632,71225.49705257683,45014.51413722856,360.1161130978284,Success,0.0,"{'node_level': {}, 'link_level': {}, 'path_level': {}}","{'node_level': {1: {'cpu': -51}, 0: {'cpu': -67}, 2: {'cpu': -41}}, 'link_level': {}, 'path_level': {}}","{'node_level': {1: {'cpu': 0}, 0: {'cpu': 0}, 2: {'cpu': 0}}, 'link_level': {}, 'path_level': {}}",[],0.0,0.0,True,True,False,0,[],0,0.0,"OrderedDict([((0, 1), 0), ((0, 2), 0), ((1, 2), 0)])",0.0,0.0,3.0,3.0
32,23,20,5599.0,9961.0,3412952.3293251535,6039727.854367115,0.5620921594217448,0.5650837937767954,46,38,1,398.0,38209.0,6032,32177.0,0.1683441334620157,0.18736741084958075,31,298.1897028893596,398.0,5,5,True,"{3: np.int64(83), 2: np.int64(41), 0: np.int64(18), 4: np.int64(75), 1: np.int64(25)}","{(2, 3): [(np.int64(41), 44), (44, np.int64(83))], (3, 4): [(np.int64(83), 0), (0, 75)], (1, 3): [(np.int64(25), 11), (11, 19), (19, np.int64(83))], (0, 2): [(np.int64(18), 46), (46, np.int64(41))], (0, 3): [(np.int64(18), 83)]}","{(3, np.int64(83)): {'cpu': 12}, (2, np.int64(41)): {'cpu': 15}, (0, np.int64(18)): {'cpu': 12}, (4, np.int64(75)): {'cpu': 7}, (1, np.int64(25)): {'cpu': 12}}","{((2, 3), (np.int64(41), 44)): {'bw': 41.0}, ((2, 3), (44, np.int64(83))): {'bw': 41.0}, ((3, 4), (np.int64(83), 0)): {'bw': 31.0}, ((3, 4), (0, 75)): {'bw': 31.0}, ((1, 3), (np.int64(25), 11)): {'bw': 18.0}, ((1, 3), (11, 19)): {'bw': 18.0}, ((1, 3), (19, np.int64(83))): {'bw': 18.0}, ((0, 2), (np.int64(18), 46)): {'bw': 14.0}, ((0, 2), (46, np.int64(41))): {'bw': 14.0}, ((0, 3), (np.int64(18), 83)): {'bw': 14.0}}",298.0,176.0,176.0,58.0,118.0,58.0,118.0,58.0,240.0,122.0,0.5906040268456376,88860.53146102915,52481.38770852728,176.11203929036003,Success,0.0,"{'node_level': {}, 'link_level': {}, 'path_level': {}}","{'node_level': {3: {'cpu': -41}, 2: {'cpu': -30}, 0: {'cpu': -2}, 4: {'cpu': -48}, 1: {'cpu': -34}}, 'link_level': {}, 'path_level': {}}","{'node_level': {3: {'cpu': 0}, 2: {'cpu': 0}, 0: {'cpu': 0}, 4: {'cpu': 0}, 1: {'cpu': 0}}, 'link_level': {}, 'path_level': {}}",[],0.0,0.0,True,True,False,0,[],0,0.0,"OrderedDict([((2, 3), 0), ((3, 4), 0), ((1, 3), 0), ((0, 2), 0), ((0, 3), 0)])",0.0,0.0,5.0,5.0
33,24,21,5822.0,10452.0,3841447.586839098,6983186.0222565625,0.5570225794106392,0.55009956409521,48,39,1,408.0,37718.0,5979,31739.0,0.17565145457052256,0.1984291342559854,32,1921.503396923519,408.0,5,7,True,"{4: np.int64(64), 3: np.int64(31), 2: np.int64(59), 1: np.int64(53), 0: np.int64(52)}","{(3, 4): [(np.int64(31), 32), (32, 25), (25, np.int64(64))], (1, 4): [(np.int64(53), 29), (29, np.int64(64))], (0, 3): [(np.int64(52), 7), (7, 19), (19, np.int64(31))], (2, 3): [(np.int64(59), 19), (19, np.int64(31))], (0, 2): [(np.int64(52), 94), (94, 1), (1, 77), (77, np.int64(59))], (0, 4): [(np.int64(52), 64)], (2, 4): [(np.int64(59), 77), (77, 1), (1, np.int64(64))]}","{(4, np.int64(64)): {'cpu': 14}, (3, np.int64(31)): {'cpu': 15}, (2, np.int64(59)): {'cpu': 10}, (1, np.int64(53)): {'cpu': 9}, (0, np.int64(52)): {'cpu': 5}}","{((3, 4), (np.int64(31), 32)): {'bw': 47.0}, ((3, 4), (32, 25)): {'bw': 47.0}, ((3, 4), (25, np.int64(64))): {'bw': 47.0}, ((1, 4), (np.int64(53), 29)): {'bw': 41.0}, ((1, 4), (29, np.int64(64))): {'bw': 41.0}, ((0, 3), (np.int64(52), 7)): {'bw': 30.0}, ((0, 3), (7, 19)): {'bw': 30.0}, ((0, 3), (19, np.int64(31))): {'bw': 30.0}, ((2, 3), (np.int64(59), 19)): {'bw': 14.0}, ((2, 3), (19, np.int64(31))): {'bw': 14.0}, ((0, 2), (np.int64(52), 94)): {'bw': 13.0}, ((0, 2), (94, 1)): {'bw': 13.0}, ((0, 2), (1, 77)): {'bw': 13.0}, ((0, 2), (77, np.int64(59))): {'bw': 13.0}, ((0, 4), (np.int64(52), 64)): {'bw': 15.0}, ((2, 4), (np.int64(59), 77)): {'bw': 10.0}, ((2, 4), (77, 1)): {'bw': 10.0}, ((2, 4), (1, np.int64(64))): {'bw': 10.0}}",491.0,223.0,223.0,53.0,170.0,53.0,170.0,53.0,438.0,268.0,0.45417515274949083,943458.1678894478,428495.2575139447,872.6990988064048,Success,0.0,"{'node_level': {}, 'link_level': {}, 'path_level': {}}","{'node_level': {4: {'cpu': -51}, 3: {'cpu': -50}, 2: {'cpu': -78}, 1: {'cpu': -50}, 0: {'cpu': -59}}, 'link_level': {}, 'path_level': {}}","{'node_level': {4: {'cpu': 0}, 3: {'cpu': 0}, 2: {'cpu': 0}, 1: {'cpu': 0}, 0: {'cpu': 0}}, 'link_level': {}, 'path_level': {}}",[],0.0,0.0,True,True,False,0,[],0,0.0,"OrderedDict([((3, 4), 0), ((1, 4), 0), ((0, 3), 0), ((2, 3), 0), ((0, 2), 0), ((0, 4), 0), ((2, 4), 0)])",1.0,0.0,5.0,7.0
34,25,22,5982.0,10737.0,3851329.7185968333,7000788.569450028,0.5571388656049175,0.5501279863533128,51,40,1,414.0,37433.0,5912,31521.0,0.18488901144354064,0.20393474088291752,33,61.76332348584527,414.0,5,6,True,"{2: np.int64(85), 0: np.int64(10), 3: np.int64(38), 1: np.int64(2), 4: np.int64(45)}","{(0, 2): [(np.int64(10), 85)], (0, 4): [(np.int64(10), 85), (85, 3), (3, 31), (31, np.int64(45))], (2, 3): [(np.int64(85), 30), (30, 45), (45, np.int64(38))], (1, 3): [(np.int64(2), 38)], (1, 2): [(np.int64(2), 18), (18, 3), (3, np.int64(85))], (0, 3): [(np.int64(10), 3), (3, 41), (41, np.int64(38))]}","{(2, np.int64(85)): {'cpu': 19, 'nic_slots': 1}, (0, np.int64(10)): {'cpu': 12, 'nic_slots': 2}, (3, np.int64(38)): {'cpu': 17}, (1, np.int64(2)): {'cpu': 18}, (4, np.int64(45)): {'cpu': 1, 'nic_slots': 1}}","{((0, 2), (np.int64(10), 85)): {'bw': 27.0}, ((0, 4), (np.int64(10), 85)): {'bw': 19.0}, ((0, 4), (85, 3)): {'bw': 19.0}, ((0, 4), (3, 31)): {'bw': 19.0}, ((0, 4), (31, np.int64(45))): {'bw': 19.0}, ((2, 3), (np.int64(85), 30)): {'bw': 14.0}, ((2, 3), (30, 45)): {'bw': 14.0}, ((2, 3), (45, np.int64(38))): {'bw': 14.0}, ((1, 3), (np.int64(2), 38)): {'bw': 13.0}, ((1, 2), (np.int64(2), 18)): {'bw': 12.0}, ((1, 2), (18, 3)): {'bw': 12.0}, ((1, 2), (3, np.int64(85))): {'bw': 12.0}, ((0, 3), (np.int64(10), 3)): {'bw': 8.0}, ((0, 3), (3, 41)): {'bw': 8.0}, ((0, 3), (41, np.int64(38))): {'bw': 8.0}}",285.0,160.0,160.0,67.0,93.0,67.0,93.0,67.0,218.0,125.0,0.5614035087719298,17602.547193465904,9882.131757735244,34.67414651836927,Success,0.0,"{'node_level': {}, 'link_level': {}, 'path_level': {}}","{'node_level': {2: {'cpu': -37}, 0: {'cpu': -65}, 3: {'cpu': -24}, 1: {'cpu': -32}, 4: {'cpu': -58}}, 'link_level': {}, 'path_level': {}}","{'node_level': {2: {'cpu': 0}, 0: {'cpu': 0}, 3: {'cpu': 0}, 1: {'cpu': 0}, 4: {'cpu': 0}}, 'link_level': {}, 'path_level': {}}",[],0.0,0.0,True,True,False,0,[],0,0.0,"OrderedDict([((0, 2), 1), ((0, 4), 1), ((2, 3), 0), ((1, 3), 0), ((1, 2), 0), ((0, 3), 0)])",1.0,2.0,5.0,6.0
35,25,22,5982.0,10737.0,3851329.7185968333,7000788.569450028,0.5571388656049175,0.5501279863533128,51,41,1,423.0,37433.0,5912,31521.0,0.18488901144354064,0.20393474088291752,34,728.4092813015957,423.0,9,23,False,"{1: np.int64(95), 2: np.int64(54), 6: np.int64(9), 7: np.int64(33)}",{},"{(1, np.int64(95)): {'cpu': 14}, (2, np.int64(54)): {'cpu': 15}, (6, np.int64(9)): {'cpu': 11}, (7, np.int64(33)): {'cpu': 19}}",{},0.0,0.0,626.0,109.0,517.0,0.0,0.0,0.0,0.0,0.0,0.0,0.0,0.0,0.0,Place Failure,0.0,"{'node_level': {}, 'link_level': {}, 'path_level': {}}","{'node_level': {1: {'cpu': -53}, 2: {'cpu': -69}, 6: {'cpu': -75}, 7: {'cpu': -26}}, 'link_level': {}, 'path_level': {}}","{'node_level': {1: {'cpu': 0}, 2: {'cpu': 0}, 6: {'cpu': 0}, 7: {'cpu': 0}}, 'link_level': {}, 'path_level': {}}",[],0.0,0.0,False,True,False,0,[],0,0.0,,,,4.0,0.0
36,26,23,6042.0,10838.0,3867251.393349121,7027590.055283045,0.5574829304299687,0.5502955298939051,51,42,1,436.0,37332.0,5893,31439.0,0.18750861712394873,0.20600565713708452,35,265.3612458714599,436.0,2,1,True,"{0: np.int64(95), 1: np.int64(72)}","{(0, 1): [(np.int64(95), 26), (26, np.int64(72))]}","{(0, np.int64(95)): {'cpu': 11}, (1, np.int64(72)): {'cpu': 8}}","{((0, 1), (np.int64(95), 26)): {'bw': 41.0}, ((0, 1), (26, np.int64(72))): {'bw': 41.0}}",101.0,60.0,60.0,19.0,41.0,19.0,41.0,19.0,82.0,41.0,0.594059405940594,26801.48583301745,15921.674752287596,157.64034408205538,Success,0.0,"{'node_level': {}, 'link_level': {}, 'path_level': {}}","{'node_level': {0: {'cpu': -56}, 1: {'cpu': -45}}, 'link_level': {}, 'path_level': {}}","{'node_level': {0: {'cpu': 0}, 1: {'cpu': 0}}, 'link_level': {}, 'path_level': {}}",[],0.0,0.0,True,True,False,0,[],0,0.0,"OrderedDict([((0, 1), 0)])",0.0,0.0,2.0,1.0
36,26,22,6042.0,10838.0,3867251.393349121,7027590.055283045,0.5574829304299687,0.5502955298939051,51,43,0,439.62396831078695,37904.0,5960,31944.0,0.17827106025093065,0.1932518436205677,6,355.62396831078695,84.0,7,9,False,{},{},{},{},0.0,0.0,0.0,0.0,0.0,0.0,0.0,0.0,0.0,0.0,0.0,0.0,0.0,0.0,Leave Event,0.0,"{'node_level': {}, 'link_level': {}, 'path_level': {}}","{'node_level': {}, 'link_level': {}, 'path_level': {}}","{'node_level': {}, 'link_level': {}, 'path_level': {}}",[],0.0,0.0,True,True,False,0,[],0,0.0,,,,,
37,27,23,6117.0,10955.0,3909449.4694433385,7093419.053990025,0.5583751711547239,0.55113753180059,51,44,1,450.0,37787.0,5928,31859.0,0.18268302771267064,0.19539852510354583,36,562.6410145895702,450.0,3,3,True,"{1: np.int64(13), 2: np.int64(25), 0: np.int64(33)}","{(1, 2): [(np.int64(13), 95), (95, np.int64(25))], (0, 1): [(np.int64(33), 95), (95, np.int64(13))], (0, 2): [(np.int64(33), 25)]}","{(1, np.int64(13)): {'cpu': 17}, (2, np.int64(25)): {'cpu': 12}, (0, np.int64(33)): {'cpu': 3}}","{((1, 2), (np.int64(13), 95)): {'bw': 38.0}, ((1, 2), (95, np.int64(25))): {'bw': 38.0}, ((0, 1), (np.int64(33), 95)): {'bw': 4.0}, ((0, 1), (95, np.int64(13))): {'bw': 4.0}, ((0, 2), (np.int64(33), 25)): {'bw': 1.0}}",117.0,75.0,75.0,32.0,43.0,32.0,43.0,32.0,85.0,42.0,0.6410256410256411,65828.99870697972,42198.076094217766,360.6673170445963,Success,0.0,"{'node_level': {}, 'link_level': {}, 'path_level': {}}","{'node_level': {1: {'cpu': -34}, 2: {'cpu': -37}, 0: {'cpu': -42}}, 'link_level': {}, 'path_level': {}}","{'node_level': {1: {'cpu': 0}, 2: {'cpu': 0}, 0: {'cpu': 0}}, 'link_level': {}, 'path_level': {}}",[],0.0,0.0,True,True,False,0,[],0,0.0,"OrderedDict([((1, 2), 0), ((0, 1), 0), ((0, 2), 0)])",0.0,0.0,3.0,3.0
38,28,24,6173.0,11049.0,3917496.9627958992,7106927.346403252,0.558693094397683,0.5512223175854621,51,45,1,462.0,37693.0,5910,31783.0,0.1851647594098994,0.19731791090009088,37,143.7052384385845,462.0,2,1,True,"{0: np.int64(98), 1: np.int64(49)}","{(0, 1): [(np.int64(98), 55), (55, np.int64(49))]}","{(0, np.int64(98)): {'cpu': 16}, (1, np.int64(49)): {'cpu': 2}}","{((0, 1), (np.int64(98), 55)): {'bw': 38.0}, ((0, 1), (55, np.int64(49))): {'bw': 38.0}}",94.0,56.0,56.0,18.0,38.0,18.0,38.0,18.0,76.0,38.0,0.5957446808510638,13508.292413226944,8047.493352560732,85.61163141022055,Success,0.0,"{'node_level': {}, 'link_level': {}, 'path_level': {}}","{'node_level': {0: {'cpu': -29}, 1: {'cpu': -54}}, 'link_level': {}, 'path_level': {}}","{'node_level': {0: {'cpu': 0}, 1: {'cpu': 0}}, 'link_level': {}, 'path_level': {}}",[],0.0,0.0,True,True,False,0,[],0,0.0,"OrderedDict([((0, 1), 0)])",1.0,0.0,2.0,1.0
38,28,23,6173.0,11049.0,3917496.9627958992,7106927.346403252,0.558693094397683,0.5512223175854621,51,46,0,468.6000625501342,38765.0,6010,32755.0,0.171377361091962,0.1727699767653298,16,253.60006255013423,215.0,9,22,False,{},{},{},{},0.0,0.0,0.0,0.0,0.0,0.0,0.0,0.0,0.0,0.0,0.0,0.0,0.0,0.0,Leave Event,0.0,"{'node_level': {}, 'link_level': {}, 'path_level': {}}","{'node_level': {}, 'link_level': {}, 'path_level': {}}","{'node_level': {}, 'link_level': {}, 'path_level': {}}",[],0.0,0.0,True,True,False,0,[],0,0.0,,,,,
39,29,24,6523.0,11654.0,3983251.260170546,7220588.3461508555,0.5597219838681997,0.5516518972160951,51,47,1,474.0,38160.0,5938,32222.0,0.18130428788087682,0.18623093241741595,38,187.86942107041867,474.0,6,9,True,"{1: np.int64(78), 0: np.int64(49), 2: np.int64(10), 3: np.int64(32), 5: np.int64(43), 4: np.int64(5)}","{(1, 5): [(np.int64(78), 27), (27, 11), (11, np.int64(43))], (3, 4): [(np.int64(32), 44), (44, np.int64(5))], (0, 2): [(np.int64(49), 10)], (0, 1): [(np.int64(49), 76), (76, np.int64(78))], (0, 3): [(np.int64(49), 32)], (1, 2): [(np.int64(78), 10)], (2, 5): [(np.int64(10), 16), (16, np.int64(43))], (2, 4): [(np.int64(10), 3), (3, 85), (85, np.int64(5))], (1, 3): [(np.int64(78), 71), (71, 31), (31, np.int64(32))]}","{(1, np.int64(78)): {'cpu': 17}, (0, np.int64(49)): {'cpu': 19, 'nic_slots': 1}, (2, np.int64(10)): {'cpu': 14}, (3, np.int64(32)): {'cpu': 9, 'nic_slots': 1}, (5, np.int64(43)): {'cpu': 6}, (4, np.int64(5)): {'cpu': 7}}","{((1, 5), (np.int64(78), 27)): {'bw': 46.0}, ((1, 5), (27, 11)): {'bw': 46.0}, ((1, 5), (11, np.int64(43))): {'bw': 46.0}, ((3, 4), (np.int64(32), 44)): {'bw': 43.0}, ((3, 4), (44, np.int64(5))): {'bw': 43.0}, ((0, 2), (np.int64(49), 10)): {'bw': 41.0}, ((0, 1), (np.int64(49), 76)): {'bw': 36.0}, ((0, 1), (76, np.int64(78))): {'bw': 36.0}, ((0, 3), (np.int64(49), 32)): {'bw': 27.0}, ((1, 2), (np.int64(78), 10)): {'bw': 31.0}, ((2, 5), (np.int64(10), 16)): {'bw': 24.0}, ((2, 5), (16, np.int64(43))): {'bw': 24.0}, ((2, 4), (np.int64(10), 3)): {'bw': 17.0}, ((2, 4), (3, 85)): {'bw': 17.0}, ((2, 4), (85, np.int64(5))): {'bw': 17.0}, ((1, 3), (np.int64(78), 71)): {'bw': 13.0}, ((1, 3), (71, 31)): {'bw': 13.0}, ((1, 3), (31, np.int64(32))): {'bw': 13.0}}",605.0,350.0,350.0,72.0,278.0,72.0,278.0,72.0,533.0,255.0,0.5785123966942148,113660.99974760329,65754.29737464653,108.68478904900253,Success,0.0,"{'node_level': {}, 'link_level': {}, 'path_level': {}}","{'node_level': {1: {'cpu': -47}, 0: {'cpu': -51}, 2: {'cpu': -60}, 3: {'cpu': -78}, 5: {'cpu': -45}, 4: {'cpu': -33}}, 'link_level': {}, 'path_level': {}}","{'node_level': {1: {'cpu': 0}, 0: {'cpu': 0}, 2: {'cpu': 0}, 3: {'cpu': 0}, 5: {'cpu': 0}, 4: {'cpu': 0}}, 'link_level': {}, 'path_level': {}}",[],0.0,0.0,True,True,False,0,[],0,0.0,"OrderedDict([((1, 5), 0), ((3, 4), 0), ((0, 2), 0), ((0, 1), 0), ((0, 3), 1), ((1, 2), 0), ((2, 5), 0), ((2, 4), 0), ((1, 3), 0)])",2.0,1.0,6.0,9.0
39,29,23,6523.0,11654.0,3983251.260170546,7220588.3461508555,0.5597219838681997,0.5516518972160951,51,48,0,475.76332348584526,38445.0,6005,32440.0,0.17206673100785885,0.18072532579048384,33,61.76332348584527,414.0,5,6,False,{},{},{},{},0.0,0.0,0.0,0.0,0.0,0.0,0.0,0.0,0.0,0.0,0.0,0.0,0.0,0.0,Leave Event,0.0,"{'node_level': {}, 'link_level': {}, 'path_level': {}}","{'node_level': {}, 'link_level': {}, 'path_level': {}}","{'node_level': {}, 'link_level': {}, 'path_level': {}}",[],0.0,0.0,True,True,False,0,[],0,0.0,,,,,
39,29,22,6523.0,11654.0,3983251.260170546,7220588.3461508555,0.5597219838681997,0.5516518972160951,51,49,0,481.4217591391749,38929.0,6095,32834.0,0.15965807252171516,0.1707748257399737,4,416.4217591391749,65.0,9,10,False,{},{},{},{},0.0,0.0,0.0,0.0,0.0,0.0,0.0,0.0,0.0,0.0,0.0,0.0,0.0,0.0,Leave Event,0.0,"{'node_level': {}, 'link_level': {}, 'path_level': {}}","{'node_level': {}, 'link_level': {}, 'path_level': {}}","{'node_level': {}, 'link_level': {}, 'path_level': {}}",[],0.0,0.0,True,True,False,0,[],0,0.0,,,,,
40,29,22,6523.0,11654.0,3983251.260170546,7220588.3461508555,0.5597219838681997,0.5516518972160951,51,50,1,486.0,38929.0,6095,32834.0,0.15965807252171516,0.1707748257399737,39,1682.185253997018,486.0,9,17,False,"{0: np.int64(38), 7: np.int64(43), 5: np.int64(10), 2: np.int64(18), 8: np.int64(41), 3: np.int64(2), 6: np.int64(45), 4: np.int64(0), 1: np.int64(91)}","{(0, 2): [(np.int64(38), 2), (2, np.int64(18))], (4, 8): [(np.int64(0), 38), (38, np.int64(41))], (4, 7): [(np.int64(0), 30), (30, 53), (53, np.int64(43))]}","{(0, np.int64(38)): {'cpu': 11}, (7, np.int64(43)): {'cpu': 15}, (5, np.int64(10)): {'cpu': 6}, (2, np.int64(18)): {'cpu': 8}, (8, np.int64(41)): {'cpu': 3}, (3, np.int64(2)): {'cpu': 4}, (6, np.int64(45)): {'cpu': 4}, (4, np.int64(0)): {'cpu': 2}, (1, np.int64(91)): {'cpu': 4}}","{((0, 2), (np.int64(38), 2)): {'bw': 50.0}, ((0, 2), (2, np.int64(18))): {'bw': 50.0}, ((4, 8), (np.int64(0), 38)): {'bw': 45.0}, ((4, 8), (38, np.int64(41))): {'bw': 45.0}, ((4, 7), (np.int64(0), 30)): {'bw': 40.0}, ((4, 7), (30, 53)): {'bw': 40.0}, ((4, 7), (53, np.int64(43))): {'bw': 40.0}}",0.0,0.0,521.0,57.0,464.0,0.0,0.0,0.0,0.0,0.0,0.0,0.0,0.0,0.0,Route Failure,0.0,"{'node_level': {}, 'link_level': {}, 'path_level': {}}","{'node_level': {0: {'cpu': -64}, 7: {'cpu': -49}, 5: {'cpu': -66}, 2: {'cpu': -6}, 8: {'cpu': -27}, 3: {'cpu': -46}, 6: {'cpu': -55}, 4: {'cpu': -80}, 1: {'cpu': -45}}, 'link_level': {}, 'path_level': {}}","{'node_level': {0: {'cpu': 0}, 7: {'cpu': 0}, 5: {'cpu': 0}, 2: {'cpu': 0}, 8: {'cpu': 0}, 3: {'cpu': 0}, 6: {'cpu': 0}, 4: {'cpu': 0}, 1: {'cpu': 0}}, 'link_level': {}, 'path_level': {}}",[],0.0,0.0,True,False,False,0,[],0,0.0,"OrderedDict([((0, 2), 0), ((4, 8), 0), ((4, 7), 0)])",0.0,0.0,9.0,3.0
40,29,21,6523.0,11654.0,3983251.260170546,7220588.3461508555,0.5597219838681997,0.5516518972160951,51,51,0,490.1733723555532,38953.0,6107,32846.0,0.15800358472356268,0.1704717648247298,23,170.17337235555323,320.0,2,1,False,{},{},{},{},0.0,0.0,0.0,0.0,0.0,0.0,0.0,0.0,0.0,0.0,0.0,0.0,0.0,0.0,Leave Event,0.0,"{'node_level': {}, 'link_level': {}, 'path_level': {}}","{'node_level': {}, 'link_level': {}, 'path_level': {}}","{'node_level': {}, 'link_level': {}, 'path_level': {}}",[],0.0,0.0,True,True,False,0,[],0,0.0,,,,,
40,29,21,6523.0,11654.0,3983251.260170546,7220588.3461508555,0.5597219838681997,0.5516518972160951,51,52,0,490.86544564850885,38953.0,6107,32846.0,0.15800358472356268,0.1704717648247298,19,230.86544564850888,260.0,7,12,False,{},{},{},{},0.0,0.0,0.0,0.0,0.0,0.0,0.0,0.0,0.0,0.0,0.0,0.0,0.0,0.0,Leave Event,0.0,"{'node_level': {}, 'link_level': {}, 'path_level': {}}","{'node_level': {}, 'link_level': {}, 'path_level': {}}","{'node_level': {}, 'link_level': {}, 'path_level': {}}",[],0.0,0.0,True,True,False,0,[],0,0.0,,,,,
41,30,22,6705.0,11969.0,4064046.6488913945,7360426.51893694,0.5601971760380984,0.552148253696358,51,53,1,498.0,38638.0,6063,32575.0,0.16407003998345515,0.17731589049398933,40,443.93070725741,498.0,5,7,True,"{4: np.int64(38), 0: np.int64(43), 1: np.int64(77), 2: np.int64(10), 3: np.int64(2)}","{(0, 1): [(np.int64(43), 57), (57, np.int64(77))], (2, 4): [(np.int64(10), 41), (41, np.int64(38))], (0, 2): [(np.int64(43), 16), (16, np.int64(10))], (1, 4): [(np.int64(77), 91), (91, np.int64(38))], (0, 3): [(np.int64(43), 38), (38, np.int64(2))], (0, 4): [(np.int64(43), 0), (0, np.int64(38))], (3, 4): [(np.int64(2), 38)]}","{(4, np.int64(38)): {'cpu': 16}, (0, np.int64(43)): {'cpu': 8}, (1, np.int64(77)): {'cpu': 8}, (2, np.int64(10)): {'cpu': 2}, (3, np.int64(2)): {'cpu': 10}}","{((0, 1), (np.int64(43), 57)): {'bw': 46.0}, ((0, 1), (57, np.int64(77))): {'bw': 46.0}, ((2, 4), (np.int64(10), 41)): {'bw': 36.0}, ((2, 4), (41, np.int64(38))): {'bw': 36.0}, ((0, 2), (np.int64(43), 16)): {'bw': 33.0}, ((0, 2), (16, np.int64(10))): {'bw': 33.0}, ((1, 4), (np.int64(77), 91)): {'bw': 12.0}, ((1, 4), (91, np.int64(38))): {'bw': 12.0}, ((0, 3), (np.int64(43), 38)): {'bw': 5.0}, ((0, 3), (38, np.int64(2))): {'bw': 5.0}, ((0, 4), (np.int64(43), 0)): {'bw': 1.0}, ((0, 4), (0, np.int64(38))): {'bw': 1.0}, ((3, 4), (np.int64(2), 38)): {'bw': 5.0}}",315.0,182.0,182.0,44.0,138.0,44.0,138.0,44.0,271.0,133.0,0.5777777777777777,139838.17278608415,80795.38872084863,256.4932975265035,Success,0.0,"{'node_level': {}, 'link_level': {}, 'path_level': {}}","{'node_level': {4: {'cpu': -59}, 0: {'cpu': -56}, 1: {'cpu': -22}, 2: {'cpu': -70}, 3: {'cpu': -40}}, 'link_level': {}, 'path_level': {}}","{'node_level': {4: {'cpu': 0}, 0: {'cpu': 0}, 1: {'cpu': 0}, 2: {'cpu': 0}, 3: {'cpu': 0}}, 'link_level': {}, 'path_level': {}}",[],0.0,0.0,True,True,False,0,[],0,0.0,"OrderedDict([((0, 1), 0), ((2, 4), 0), ((0, 2), 0), ((1, 4), 0), ((0, 3), 0), ((0, 4), 0), ((3, 4), 0)])",3.0,0.0,5.0,7.0
42,30,22,6705.0,11969.0,4064046.6488913945,7360426.51893694,0.5601971760380984,0.552148253696358,51,54,1,507.0,38638.0,6063,32575.0,0.16407003998345515,0.17731589049398933,41,538.9174390041352,507.0,4,4,False,"{2: np.int64(38), 3: np.int64(18), 1: np.int64(43)}",{},"{(2, np.int64(38)): {'cpu': 16}, (3, np.int64(18)): {'cpu': 11}, (1, np.int64(43)): {'cpu': 4}}",{},0.0,0.0,119.0,32.0,87.0,0.0,0.0,0.0,0.0,0.0,0.0,0.0,0.0,0.0,Place Failure,0.0,"{'node_level': {}, 'link_level': {}, 'path_level': {}}","{'node_level': {2: {'cpu': -43}, 3: {'cpu': -5}, 1: {'cpu': -52}}, 'link_level': {}, 'path_level': {}}","{'node_level': {2: {'cpu': 0}, 3: {'cpu': 0}, 1: {'cpu': 0}}, 'link_level': {}, 'path_level': {}}",[],0.0,0.0,False,True,False,0,[],0,0.0,,,,3.0,0.0
43,30,22,6705.0,11969.0,4064046.6488913945,7360426.51893694,0.5601971760380984,0.552148253696358,51,55,1,522.0,38638.0,6063,32575.0,0.16407003998345515,0.17731589049398933,42,380.933888040804,522.0,9,22,False,"{1: np.int64(38), 6: np.int64(18), 7: np.int64(43), 8: np.int64(54), 0: np.int64(7), 4: np.int64(10), 5: np.int64(45), 3: np.int64(85), 2: np.int64(53)}","{(0, 1): [(np.int64(7), 38)], (0, 6): [(np.int64(7), 70), (70, 37), (37, np.int64(18))], (3, 7): [(np.int64(85), 30), (30, 53), (53, np.int64(43))], (1, 6): [(np.int64(38), 2), (2, np.int64(18))], (3, 5): [(np.int64(85), 3), (3, 31), (31, np.int64(45))], (1, 7): [(np.int64(38), 43)]}","{(1, np.int64(38)): {'cpu': 11}, (6, np.int64(18)): {'cpu': 16}, (7, np.int64(43)): {'cpu': 11}, (8, np.int64(54)): {'cpu': 12}, (0, np.int64(7)): {'cpu': 8}, (4, np.int64(10)): {'cpu': 17}, (5, np.int64(45)): {'cpu': 13, 'nic_slots': 1}, (3, np.int64(85)): {'cpu': 5, 'nic_slots': 1}, (2, np.int64(53)): {'cpu': 13}}","{((0, 1), (np.int64(7), 38)): {'bw': 47.0}, ((0, 6), (np.int64(7), 70)): {'bw': 44.0}, ((0, 6), (70, 37)): {'bw': 44.0}, ((0, 6), (37, np.int64(18))): {'bw': 44.0}, ((3, 7), (np.int64(85), 30)): {'bw': 39.0}, ((3, 7), (30, 53)): {'bw': 39.0}, ((3, 7), (53, np.int64(43))): {'bw': 39.0}, ((1, 6), (np.int64(38), 2)): {'bw': 35.0}, ((1, 6), (2, np.int64(18))): {'bw': 35.0}, ((3, 5), (np.int64(85), 3)): {'bw': 33.0}, ((3, 5), (3, 31)): {'bw': 33.0}, ((3, 5), (31, np.int64(45))): {'bw': 33.0}, ((1, 7), (np.int64(38), 43)): {'bw': 33.0}}",0.0,0.0,518.0,106.0,412.0,0.0,0.0,0.0,0.0,0.0,0.0,0.0,0.0,0.0,Route Failure,0.0,"{'node_level': {}, 'link_level': {}, 'path_level': {}}","{'node_level': {1: {'cpu': -48}, 6: {'cpu': 0}, 7: {'cpu': -45}, 8: {'cpu': -72}, 0: {'cpu': -35}, 4: {'cpu': -53}, 5: {'cpu': -46}, 3: {'cpu': -51}, 2: {'cpu': -37}}, 'link_level': {}, 'path_level': {}}","{'node_level': {1: {'cpu': 0}, 6: {'cpu': 0}, 7: {'cpu': 0}, 8: {'cpu': 0}, 0: {'cpu': 0}, 4: {'cpu': 0}, 5: {'cpu': 0}, 3: {'cpu': 0}, 2: {'cpu': 0}}, 'link_level': {}, 'path_level': {}}",[],0.0,0.0,True,False,False,0,[],0,0.0,"OrderedDict([((0, 1), 0), ((0, 6), 0), ((3, 7), 0), ((1, 6), 0), ((3, 5), 1), ((1, 7), 0)])",1.0,1.0,9.0,6.0
44,31,23,6852.0,12222.0,4083307.8561902936,7393576.760070419,0.5606283750613648,0.5522777390021176,51,56,1,532.0,38385.0,6028,32357.0,0.16889562939473324,0.18282149712092133,43,131.0286210809459,532.0,4,4,True,"{3: np.int64(38), 1: np.int64(18), 0: np.int64(43), 2: np.int64(10)}","{(0, 2): [(np.int64(43), 89), (89, np.int64(10))], (1, 3): [(np.int64(18), 2), (2, np.int64(38))], (1, 2): [(np.int64(18), 3), (3, np.int64(10))], (0, 3): [(np.int64(43), 38)]}","{(3, np.int64(38)): {'cpu': 20}, (1, np.int64(18)): {'cpu': 8}, (0, np.int64(43)): {'cpu': 5}, (2, np.int64(10)): {'cpu': 2}}","{((0, 2), (np.int64(43), 89)): {'bw': 46.0}, ((0, 2), (89, np.int64(10))): {'bw': 46.0}, ((1, 3), (np.int64(18), 2)): {'bw': 32.0}, ((1, 3), (2, np.int64(38))): {'bw': 32.0}, ((1, 2), (np.int64(18), 3)): {'bw': 28.0}, ((1, 2), (3, np.int64(10))): {'bw': 28.0}, ((0, 3), (np.int64(43), 38)): {'bw': 6.0}}",253.0,147.0,147.0,35.0,112.0,35.0,112.0,35.0,218.0,106.0,0.5810276679841897,33150.241133479314,19261.207298899048,76.13125414584603,Success,0.0,"{'node_level': {}, 'link_level': {}, 'path_level': {}}","{'node_level': {3: {'cpu': -39}, 1: {'cpu': -8}, 0: {'cpu': -51}, 2: {'cpu': -68}}, 'link_level': {}, 'path_level': {}}","{'node_level': {3: {'cpu': 0}, 1: {'cpu': 0}, 0: {'cpu': 0}, 2: {'cpu': 0}}, 'link_level': {}, 'path_level': {}}",[],0.0,0.0,True,True,False,0,[],0,0.0,"OrderedDict([((0, 2), 0), ((1, 3), 0), ((1, 2), 0), ((0, 3), 0)])",1.0,0.0,4.0,4.0
45,32,24,6894.0,12264.0,4093856.382998725,7404125.28687885,0.562133072407045,0.5529156010168566,52,57,1,544.0,38343.0,5996,32347.0,0.17330759685647323,0.18307404788362458,44,251.155400200748,544.0,2,1,True,"{0: np.int64(54), 1: np.int64(7)}","{(0, 1): [(np.int64(54), 7)]}","{(0, np.int64(54)): {'cpu': 16}, (1, np.int64(7)): {'cpu': 16}}","{((0, 1), (np.int64(54), 7)): {'bw': 10.0}}",42.0,42.0,42.0,32.0,10.0,32.0,10.0,32.0,10.0,0.0,1.0,10548.526808431416,10548.526808431416,251.155400200748,Success,0.0,"{'node_level': {}, 'link_level': {}, 'path_level': {}}","{'node_level': {0: {'cpu': -68}, 1: {'cpu': -27}}, 'link_level': {}, 'path_level': {}}","{'node_level': {0: {'cpu': 0}, 1: {'cpu': 0}}, 'link_level': {}, 'path_level': {}}",[],0.0,0.0,True,True,False,0,[],0,0.0,"OrderedDict([((0, 1), 0)])",0.0,0.0,2.0,1.0
46,33,25,6969.0,12386.0,4130023.392057586,7462956.954947931,0.5626513805909898,0.5534030836556528,52,58,1,555.0,38221.0,5968,32253.0,0.1771680683854957,0.1854480250530357,45,482.22678745147897,555.0,2,1,True,"{1: np.int64(45), 0: np.int64(33)}","{(0, 1): [(np.int64(33), 25), (25, np.int64(45))]}","{(1, np.int64(45)): {'cpu': 15}, (0, np.int64(33)): {'cpu': 13}}","{((0, 1), (np.int64(33), 25)): {'bw': 47.0}, ((0, 1), (25, np.int64(45))): {'bw': 47.0}}",122.0,75.0,75.0,28.0,47.0,28.0,47.0,28.0,94.0,47.0,0.6147540983606558,58831.668069080435,36167.009058860924,296.45089392508953,Success,0.0,"{'node_level': {}, 'link_level': {}, 'path_level': {}}","{'node_level': {1: {'cpu': -44}, 0: {'cpu': -29}}, 'link_level': {}, 'path_level': {}}","{'node_level': {1: {'cpu': 0}, 0: {'cpu': 0}}, 'link_level': {}, 'path_level': {}}",[],0.0,0.0,True,True,False,0,[],0,0.0,"OrderedDict([((0, 1), 0)])",0.0,0.0,2.0,1.0
47,34,26,7265.0,12846.0,4225350.88715791,7611101.035171406,0.5655456951580259,0.5551563259549809,52,59,1,568.0,37761.0,5892,31869.0,0.18764649110712806,0.19514597434084247,46,322.0523483119039,568.0,6,7,True,"{2: np.int64(91), 5: np.int64(60), 3: np.int64(38), 4: np.int64(77), 0: np.int64(0), 1: np.int64(85)}","{(1, 5): [(np.int64(85), 3), (3, np.int64(60))], (3, 5): [(np.int64(38), 40), (40, np.int64(60))], (2, 3): [(np.int64(91), 38)], (1, 2): [(np.int64(85), 91)], (0, 4): [(np.int64(0), 90), (90, 59), (59, np.int64(77))], (4, 5): [(np.int64(77), 3), (3, np.int64(60))], (0, 3): [(np.int64(0), 38)]}","{(2, np.int64(91)): {'cpu': 20}, (5, np.int64(60)): {'cpu': 16}, (3, np.int64(38)): {'cpu': 8}, (4, np.int64(77)): {'cpu': 16}, (0, np.int64(0)): {'cpu': 15}, (1, np.int64(85)): {'cpu': 1}}","{((1, 5), (np.int64(85), 3)): {'bw': 50.0}, ((1, 5), (3, np.int64(60))): {'bw': 50.0}, ((3, 5), (np.int64(38), 40)): {'bw': 47.0}, ((3, 5), (40, np.int64(60))): {'bw': 47.0}, ((2, 3), (np.int64(91), 38)): {'bw': 46.0}, ((1, 2), (np.int64(85), 91)): {'bw': 41.0}, ((0, 4), (np.int64(0), 90)): {'bw': 33.0}, ((0, 4), (90, 59)): {'bw': 33.0}, ((0, 4), (59, np.int64(77))): {'bw': 33.0}, ((4, 5), (np.int64(77), 3)): {'bw': 1.0}, ((4, 5), (3, np.int64(60))): {'bw': 1.0}, ((0, 3), (np.int64(0), 38)): {'bw': 2.0}}",460.0,296.0,296.0,76.0,220.0,76.0,220.0,76.0,384.0,164.0,0.6434782608695652,148144.08022347582,95327.49510032356,207.2336850007034,Success,0.0,"{'node_level': {}, 'link_level': {}, 'path_level': {}}","{'node_level': {2: {'cpu': -29}, 5: {'cpu': -24}, 3: {'cpu': -31}, 4: {'cpu': -6}, 0: {'cpu': -67}, 1: {'cpu': -55}}, 'link_level': {}, 'path_level': {}}","{'node_level': {2: {'cpu': 0}, 5: {'cpu': 0}, 3: {'cpu': 0}, 4: {'cpu': 0}, 0: {'cpu': 0}, 1: {'cpu': 0}}, 'link_level': {}, 'path_level': {}}",[],0.0,0.0,True,True,False,0,[],0,0.0,"OrderedDict([((1, 5), 0), ((3, 5), 0), ((2, 3), 0), ((1, 2), 0), ((0, 4), 0), ((4, 5), 0), ((0, 3), 0)])",0.0,0.0,6.0,7.0
48,34,26,7265.0,12846.0,4225350.88715791,7611101.035171406,0.5655456951580259,0.5551563259549809,52,60,1,584.0,37761.0,5892,31869.0,0.18764649110712806,0.19514597434084247,47,317.5638586174298,584.0,7,13,False,"{3: np.int64(1), 1: np.int64(99), 5: np.int64(72)}",{},"{(3, np.int64(1)): {'cpu': 20}, (1, np.int64(99)): {'cpu': 17}, (5, np.int64(72)): {'cpu': 16}}",{},0.0,0.0,432.0,89.0,343.0,0.0,0.0,0.0,0.0,0.0,0.0,0.0,0.0,0.0,Place Failure,0.0,"{'node_level': {}, 'link_level': {}, 'path_level': {}}","{'node_level': {3: {'cpu': -24}, 1: {'cpu': -54}, 5: {'cpu': -39}}, 'link_level': {}, 'path_level': {}}","{'node_level': {3: {'cpu': 0}, 1: {'cpu': 0}, 5: {'cpu': 0}}, 'link_level': {}, 'path_level': {}}",[],0.0,0.0,False,True,False,0,[],0,0.0,,,,3.0,0.0
49,34,26,7265.0,12846.0,4225350.88715791,7611101.035171406,0.5655456951580259,0.5551563259549809,52,61,1,595.0,37761.0,5892,31869.0,0.18764649110712806,0.19514597434084247,48,629.5217545832035,595.0,7,9,False,"{1: np.int64(1), 5: np.int64(99), 6: np.int64(36), 4: np.int64(72), 0: np.int64(41), 2: np.int64(32), 3: np.int64(9)}","{(1, 6): [(np.int64(1), 36)], (1, 4): [(np.int64(1), 64), (64, np.int64(72))], (0, 5): [(np.int64(41), 2), (2, np.int64(99))], (1, 3): [(np.int64(1), 81), (81, np.int64(9))], (4, 5): [(np.int64(72), 2), (2, np.int64(99))]}","{(1, np.int64(1)): {'cpu': 18}, (5, np.int64(99)): {'cpu': 17}, (6, np.int64(36)): {'cpu': 19}, (4, np.int64(72)): {'cpu': 13}, (0, np.int64(41)): {'cpu': 19}, (2, np.int64(32)): {'cpu': 8}, (3, np.int64(9)): {'cpu': 2}}","{((1, 6), (np.int64(1), 36)): {'bw': 47.0}, ((1, 4), (np.int64(1), 64)): {'bw': 49.0}, ((1, 4), (64, np.int64(72))): {'bw': 49.0}, ((0, 5), (np.int64(41), 2)): {'bw': 41.0}, ((0, 5), (2, np.int64(99))): {'bw': 41.0}, ((1, 3), (np.int64(1), 81)): {'bw': 41.0}, ((1, 3), (81, np.int64(9))): {'bw': 41.0}, ((4, 5), (np.int64(72), 2)): {'bw': 32.0}, ((4, 5), (2, np.int64(99))): {'bw': 32.0}}",0.0,0.0,379.0,96.0,283.0,0.0,0.0,0.0,0.0,0.0,0.0,0.0,0.0,0.0,Route Failure,0.0,"{'node_level': {}, 'link_level': {}, 'path_level': {}}","{'node_level': {1: {'cpu': -26}, 5: {'cpu': -54}, 6: {'cpu': -36}, 4: {'cpu': -42}, 0: {'cpu': -11}, 2: {'cpu': -70}, 3: {'cpu': -84}}, 'link_level': {}, 'path_level': {}}","{'node_level': {1: {'cpu': 0}, 5: {'cpu': 0}, 6: {'cpu': 0}, 4: {'cpu': 0}, 0: {'cpu': 0}, 2: {'cpu': 0}, 3: {'cpu': 0}}, 'link_level': {}, 'path_level': {}}",[],0.0,0.0,True,False,False,0,[],0,0.0,"OrderedDict([((1, 6), 0), ((1, 4), 0), ((0, 5), 0), ((1, 3), 0), ((4, 5), 0)])",2.0,0.0,7.0,5.0
49,34,25,7265.0,12846.0,4225350.88715791,7611101.035171406,0.5655456951580259,0.5551563259549809,52,62,0,599.4367577311515,38158.0,5968,32190.0,0.1771680683854957,0.18703909485806647,0,583.4367577311515,16.0,7,8,False,{},{},{},{},0.0,0.0,0.0,0.0,0.0,0.0,0.0,0.0,0.0,0.0,0.0,0.0,0.0,0.0,Leave Event,0.0,"{'node_level': {}, 'link_level': {}, 'path_level': {}}","{'node_level': {}, 'link_level': {}, 'path_level': {}}","{'node_level': {}, 'link_level': {}, 'path_level': {}}",[],0.0,0.0,True,True,False,0,[],0,0.0,,,,,
50,34,25,7265.0,12846.0,4225350.88715791,7611101.035171406,0.5655456951580259,0.5551563259549809,52,63,1,605.0,38158.0,5968,32190.0,0.1771680683854957,0.18703909485806647,49,169.8323666643692,605.0,8,11,False,"{5: np.int64(18), 7: np.int64(1), 1: np.int64(72), 6: np.int64(20), 0: np.int64(99)}",{},"{(5, np.int64(18)): {'cpu': 18}, (7, np.int64(1)): {'cpu': 13}, (1, np.int64(72)): {'cpu': 16}, (6, np.int64(20)): {'cpu': 12}, (0, np.int64(99)): {'cpu': 19}}",{},0.0,0.0,430.0,90.0,340.0,0.0,0.0,0.0,0.0,0.0,0.0,0.0,0.0,0.0,Place Failure,0.0,"{'node_level': {}, 'link_level': {}, 'path_level': {}}","{'node_level': {5: {'cpu': -3}, 7: {'cpu': -40}, 1: {'cpu': -50}, 6: {'cpu': -75}, 0: {'cpu': -52}}, 'link_level': {}, 'path_level': {}}","{'node_level': {5: {'cpu': 0}, 7: {'cpu': 0}, 1: {'cpu': 0}, 6: {'cpu': 0}, 0: {'cpu': 0}}, 'link_level': {}, 'path_level': {}}",[],0.0,0.0,False,True,False,0,[],0,0.0,,,,5.0,0.0
50,34,24,7265.0,12846.0,4225350.88715791,7611101.035171406,0.5655456951580259,0.5551563259549809,52,64,0,605.7052384385845,38252.0,5986,32266.0,0.17468633668826694,0.18511970906152142,37,143.7052384385845,462.0,2,1,False,{},{},{},{},0.0,0.0,0.0,0.0,0.0,0.0,0.0,0.0,0.0,0.0,0.0,0.0,0.0,0.0,Leave Event,0.0,"{'node_level': {}, 'link_level': {}, 'path_level': {}}","{'node_level': {}, 'link_level': {}, 'path_level': {}}","{'node_level': {}, 'link_level': {}, 'path_level': {}}",[],0.0,0.0,True,True,False,0,[],0,0.0,,,,,
50,34,23,7265.0,12846.0,4225350.88715791,7611101.035171406,0.5655456951580259,0.5551563259549809,52,65,0,607.171900970111,38286.0,6018,32268.0,0.17027436922652694,0.18506919890898066,26,252.17190097011095,355.0,2,1,False,{},{},{},{},0.0,0.0,0.0,0.0,0.0,0.0,0.0,0.0,0.0,0.0,0.0,0.0,0.0,0.0,Leave Event,0.0,"{'node_level': {}, 'link_level': {}, 'path_level': {}}","{'node_level': {}, 'link_level': {}, 'path_level': {}}","{'node_level': {}, 'link_level': {}, 'path_level': {}}",[],0.0,0.0,True,True,False,0,[],0,0.0,,,,,
50,34,22,7265.0,12846.0,4225350.88715791,7611101.035171406,0.5655456951580259,0.5551563259549809,52,66,0,617.9520750885513,38453.0,6059,32394.0,0.16462153591617257,0.18188705929891913,24,283.95207508855134,334.0,5,5,False,{},{},{},{},0.0,0.0,0.0,0.0,0.0,0.0,0.0,0.0,0.0,0.0,0.0,0.0,0.0,0.0,Leave Event,0.0,"{'node_level': {}, 'link_level': {}, 'path_level': {}}","{'node_level': {}, 'link_level': {}, 'path_level': {}}","{'node_level': {}, 'link_level': {}, 'path_level': {}}",[],0.0,0.0,True,True,False,0,[],0,0.0,,,,,
51,34,22,7265.0,12846.0,4225350.88715791,7611101.035171406,0.5655456951580259,0.5551563259549809,52,67,1,624.0,38453.0,6059,32394.0,0.16462153591617257,0.18188705929891913,50,241.81784249722122,624.0,10,16,False,"{7: np.int64(18), 1: np.int64(1), 2: np.int64(41), 8: np.int64(72), 6: np.int64(46), 0: np.int64(13)}",{},"{(7, np.int64(18)): {'cpu': 11}, (1, np.int64(1)): {'cpu': 9}, (2, np.int64(41)): {'cpu': 12}, (8, np.int64(72)): {'cpu': 8}, (6, np.int64(46)): {'cpu': 9}, (0, np.int64(13)): {'cpu': 6}}",{},0.0,0.0,570.0,75.0,495.0,0.0,0.0,0.0,0.0,0.0,0.0,0.0,0.0,0.0,Place Failure,0.0,"{'node_level': {}, 'link_level': {}, 'path_level': {}}","{'node_level': {7: {'cpu': -10}, 1: {'cpu': -44}, 2: {'cpu': -31}, 8: {'cpu': -58}, 6: {'cpu': -61}, 0: {'cpu': -33}}, 'link_level': {}, 'path_level': {}}","{'node_level': {7: {'cpu': 0}, 1: {'cpu': 0}, 2: {'cpu': 0}, 8: {'cpu': 0}, 6: {'cpu': 0}, 0: {'cpu': 0}}, 'link_level': {}, 'path_level': {}}",[],0.0,0.0,False,True,False,0,[],0,0.0,,,,6.0,0.0
51,34,21,7265.0,12846.0,4225350.88715791,7611101.035171406,0.5655456951580259,0.5551563259549809,52,68,0,629.3986951218855,39481.0,6195,33286.0,0.14587067420377775,0.1593595312657844,17,402.39869512188545,227.0,10,18,False,{},{},{},{},0.0,0.0,0.0,0.0,0.0,0.0,0.0,0.0,0.0,0.0,0.0,0.0,0.0,0.0,Leave Event,0.0,"{'node_level': {}, 'link_level': {}, 'path_level': {}}","{'node_level': {}, 'link_level': {}, 'path_level': {}}","{'node_level': {}, 'link_level': {}, 'path_level': {}}",[],0.0,0.0,True,True,False,0,[],0,0.0,,,,,
52,34,21,7265.0,12846.0,4225350.88715791,7611101.035171406,0.5655456951580259,0.5551563259549809,52,69,1,644.0,39481.0,6195,33286.0,0.14587067420377775,0.1593595312657844,51,691.489605459313,644.0,6,9,False,"{4: np.int64(36), 2: np.int64(91), 5: np.int64(30), 0: np.int64(9), 1: np.int64(69), 3: np.int64(18)}","{(0, 5): [(np.int64(9), 53), (53, np.int64(30))], (3, 4): [(np.int64(18), 91), (91, np.int64(36))], (1, 4): [(np.int64(69), 45), (45, np.int64(36))], (4, 5): [(np.int64(36), 30)], (0, 2): [(np.int64(9), 97), (97, 77), (77, np.int64(91))], (0, 1): [(np.int64(9), 97), (97, 12), (12, np.int64(69))], (2, 3): [(np.int64(91), 18)]}","{(4, np.int64(36)): {'cpu': 14}, (2, np.int64(91)): {'cpu': 19}, (5, np.int64(30)): {'cpu': 15}, (0, np.int64(9)): {'cpu': 8}, (1, np.int64(69)): {'cpu': 6}, (3, np.int64(18)): {'cpu': 3}}","{((0, 5), (np.int64(9), 53)): {'bw': 45.0}, ((0, 5), (53, np.int64(30))): {'bw': 45.0}, ((3, 4), (np.int64(18), 91)): {'bw': 45.0}, ((3, 4), (91, np.int64(36))): {'bw': 45.0}, ((1, 4), (np.int64(69), 45)): {'bw': 45.0}, ((1, 4), (45, np.int64(36))): {'bw': 45.0}, ((4, 5), (np.int64(36), 30)): {'bw': 38.0}, ((0, 2), (np.int64(9), 97)): {'bw': 33.0}, ((0, 2), (97, 77)): {'bw': 33.0}, ((0, 2), (77, np.int64(91))): {'bw': 33.0}, ((0, 1), (np.int64(9), 97)): {'bw': 30.0}, ((0, 1), (97, 12)): {'bw': 30.0}, ((0, 1), (12, np.int64(69))): {'bw': 30.0}, ((2, 3), (np.int64(91), 18)): {'bw': 23.0}}",0.0,0.0,367.0,65.0,302.0,0.0,0.0,0.0,0.0,0.0,0.0,0.0,0.0,0.0,Route Failure,0.0,"{'node_level': {}, 'link_level': {}, 'path_level': {}}","{'node_level': {4: {'cpu': -60}, 2: {'cpu': -44}, 5: {'cpu': -25}, 0: {'cpu': -92}, 1: {'cpu': -83}, 3: {'cpu': -18}}, 'link_level': {}, 'path_level': {}}","{'node_level': {4: {'cpu': 0}, 2: {'cpu': 0}, 5: {'cpu': 0}, 0: {'cpu': 0}, 1: {'cpu': 0}, 3: {'cpu': 0}}, 'link_level': {}, 'path_level': {}}",[],0.0,0.0,True,False,False,0,[],0,0.0,"OrderedDict([((0, 5), 0), ((3, 4), 0), ((1, 4), 0), ((4, 5), 0), ((0, 2), 0), ((0, 1), 0), ((2, 3), 0)])",0.0,0.0,6.0,7.0
53,35,22,7382.0,12963.0,4348636.571636828,7734386.719650324,0.5694669443801589,0.5622471088222792,52,70,1,657.0,39364.0,6159,33205.0,0.15083413759823516,0.16140519244368123,52,1053.723798965108,657.0,3,2,True,"{0: np.int64(36), 1: np.int64(91), 2: np.int64(30)}","{(0, 2): [(np.int64(36), 30)], (0, 1): [(np.int64(36), 91)]}","{(0, np.int64(36)): {'cpu': 8}, (1, np.int64(91)): {'cpu': 18}, (2, np.int64(30)): {'cpu': 10}}","{((0, 2), (np.int64(36), 30)): {'bw': 45.0}, ((0, 1), (np.int64(36), 91)): {'bw': 36.0}}",117.0,117.0,117.0,36.0,81.0,36.0,81.0,36.0,81.0,0.0,1.0,123285.68447891764,123285.68447891764,1053.723798965108,Success,0.0,"{'node_level': {}, 'link_level': {}, 'path_level': {}}","{'node_level': {0: {'cpu': -66}, 1: {'cpu': -45}, 2: {'cpu': -30}}, 'link_level': {}, 'path_level': {}}","{'node_level': {0: {'cpu': 0}, 1: {'cpu': 0}, 2: {'cpu': 0}}, 'link_level': {}, 'path_level': {}}",[],0.0,0.0,True,True,False,0,[],0,0.0,"OrderedDict([((0, 2), 0), ((0, 1), 0)])",0.0,0.0,3.0,2.0
53,35,21,7382.0,12963.0,4348636.571636828,7734386.719650324,0.5694669443801589,0.5622471088222792,52,71,0,661.8694210704186,39969.0,6231,33738.0,0.14090721080932023,0.14794423679159507,38,187.86942107041867,474.0,6,9,False,{},{},{},{},0.0,0.0,0.0,0.0,0.0,0.0,0.0,0.0,0.0,0.0,0.0,0.0,0.0,0.0,Leave Event,0.0,"{'node_level': {}, 'link_level': {}, 'path_level': {}}","{'node_level': {}, 'link_level': {}, 'path_level': {}}","{'node_level': {}, 'link_level': {}, 'path_level': {}}",[],0.0,0.0,True,True,False,0,[],0,0.0,,,,,
53,35,20,7382.0,12963.0,4348636.571636828,7734386.719650324,0.5694669443801589,0.5622471088222792,52,72,0,663.0286210809459,40222.0,6266,33956.0,0.13608162139804214,0.14243863016466307,43,131.0286210809459,532.0,4,4,False,{},{},{},{},0.0,0.0,0.0,0.0,0.0,0.0,0.0,0.0,0.0,0.0,0.0,0.0,0.0,0.0,Leave Event,0.0,"{'node_level': {}, 'link_level': {}, 'path_level': {}}","{'node_level': {}, 'link_level': {}, 'path_level': {}}","{'node_level': {}, 'link_level': {}, 'path_level': {}}",[],0.0,0.0,True,True,False,0,[],0,0.0,,,,,
54,36,21,7635.0,13404.0,4362367.779417341,7758321.354556278,0.5696060877350044,0.5622824294143766,52,73,1,674.0,39781.0,6187,33594.0,0.1469736660692127,0.15158096777452268,53,54.27354853957754,674.0,6,7,True,"{4: np.int64(49), 2: np.int64(10), 1: np.int64(18), 5: np.int64(9), 0: np.int64(78), 3: np.int64(41)}","{(1, 4): [(np.int64(18), 33), (33, np.int64(49))], (0, 5): [(np.int64(78), 27), (27, np.int64(9))], (2, 5): [(np.int64(10), 49), (49, np.int64(9))], (0, 4): [(np.int64(78), 76), (76, np.int64(49))], (0, 3): [(np.int64(78), 46), (46, np.int64(41))], (0, 1): [(np.int64(78), 68), (68, 29), (29, np.int64(18))], (1, 2): [(np.int64(18), 3), (3, np.int64(10))]}","{(4, np.int64(49)): {'cpu': 20}, (2, np.int64(10)): {'cpu': 20}, (1, np.int64(18)): {'cpu': 8}, (5, np.int64(9)): {'cpu': 7}, (0, np.int64(78)): {'cpu': 5}, (3, np.int64(41)): {'cpu': 19}}","{((1, 4), (np.int64(18), 33)): {'bw': 41.0}, ((1, 4), (33, np.int64(49))): {'bw': 41.0}, ((0, 5), (np.int64(78), 27)): {'bw': 39.0}, ((0, 5), (27, np.int64(9))): {'bw': 39.0}, ((2, 5), (np.int64(10), 49)): {'bw': 32.0}, ((2, 5), (49, np.int64(9))): {'bw': 32.0}, ((0, 4), (np.int64(78), 76)): {'bw': 24.0}, ((0, 4), (76, np.int64(49))): {'bw': 24.0}, ((0, 3), (np.int64(78), 46)): {'bw': 12.0}, ((0, 3), (46, np.int64(41))): {'bw': 12.0}, ((0, 1), (np.int64(78), 68)): {'bw': 14.0}, ((0, 1), (68, 29)): {'bw': 14.0}, ((0, 1), (29, np.int64(18))): {'bw': 14.0}, ((1, 2), (np.int64(18), 3)): {'bw': 12.0}, ((1, 2), (3, np.int64(10))): {'bw': 12.0}}",441.0,253.0,253.0,79.0,174.0,79.0,174.0,79.0,362.0,188.0,0.5736961451247166,23934.634905953695,13731.207780513118,31.136525579394824,Success,0.0,"{'node_level': {}, 'link_level': {}, 'path_level': {}}","{'node_level': {4: {'cpu': -52}, 2: {'cpu': -64}, 1: {'cpu': -21}, 5: {'cpu': -93}, 0: {'cpu': -59}, 3: {'cpu': -24}}, 'link_level': {}, 'path_level': {}}","{'node_level': {4: {'cpu': 0}, 2: {'cpu': 0}, 1: {'cpu': 0}, 5: {'cpu': 0}, 0: {'cpu': 0}, 3: {'cpu': 0}}, 'link_level': {}, 'path_level': {}}",[],0.0,0.0,True,True,False,0,[],0,0.0,"OrderedDict([((1, 4), 0), ((0, 5), 0), ((2, 5), 0), ((0, 4), 0), ((0, 3), 0), ((0, 1), 0), ((1, 2), 0)])",0.0,0.0,6.0,7.0
55,36,21,7635.0,13404.0,4362367.779417341,7758321.354556278,0.5696060877350044,0.5622824294143766,52,74,1,688.0,39781.0,6187,33594.0,0.1469736660692127,0.15158096777452268,54,48.461378858231306,688.0,10,23,False,"{4: np.int64(32), 9: np.int64(5), 6: np.int64(69), 2: np.int64(31), 0: np.int64(36), 5: np.int64(43)}",{},"{(4, np.int64(32)): {'cpu': 17}, (9, np.int64(5)): {'cpu': 15}, (6, np.int64(69)): {'cpu': 9}, (2, np.int64(31)): {'cpu': 16}, (0, np.int64(36)): {'cpu': 4}, (5, np.int64(43)): {'cpu': 12}}",{},0.0,0.0,716.0,90.0,626.0,0.0,0.0,0.0,0.0,0.0,0.0,0.0,0.0,0.0,Place Failure,0.0,"{'node_level': {}, 'link_level': {}, 'path_level': {}}","{'node_level': {4: {'cpu': -76}, 9: {'cpu': -40}, 6: {'cpu': -80}, 2: {'cpu': -34}, 0: {'cpu': -62}, 5: {'cpu': -50}}, 'link_level': {}, 'path_level': {}}","{'node_level': {4: {'cpu': 0}, 9: {'cpu': 0}, 6: {'cpu': 0}, 2: {'cpu': 0}, 0: {'cpu': 0}, 5: {'cpu': 0}}, 'link_level': {}, 'path_level': {}}",[],0.0,0.0,False,True,False,0,[],0,0.0,,,,6.0,0.0
55,36,20,7635.0,13404.0,4362367.779417341,7758321.354556278,0.5696060877350044,0.5622824294143766,52,75,0,695.8903293738089,39905.0,6206,33699.0,0.1443540603888046,0.14892918476613803,13,520.8903293738089,175.0,3,3,False,{},{},{},{},0.0,0.0,0.0,0.0,0.0,0.0,0.0,0.0,0.0,0.0,0.0,0.0,0.0,0.0,Leave Event,0.0,"{'node_level': {}, 'link_level': {}, 'path_level': {}}","{'node_level': {}, 'link_level': {}, 'path_level': {}}","{'node_level': {}, 'link_level': {}, 'path_level': {}}",[],0.0,0.0,True,True,False,0,[],0,0.0,,,,,
55,36,19,7635.0,13404.0,4362367.779417341,7758321.354556278,0.5696060877350044,0.5622824294143766,52,76,0,696.1897028893595,40203.0,6264,33939.0,0.1363573693644009,0.14286796646125877,31,298.1897028893596,398.0,5,5,False,{},{},{},{},0.0,0.0,0.0,0.0,0.0,0.0,0.0,0.0,0.0,0.0,0.0,0.0,0.0,0.0,Leave Event,0.0,"{'node_level': {}, 'link_level': {}, 'path_level': {}}","{'node_level': {}, 'link_level': {}, 'path_level': {}}","{'node_level': {}, 'link_level': {}, 'path_level': {}}",[],0.0,0.0,True,True,False,0,[],0,0.0,,,,,
56,37,20,7749.0,13518.0,4387278.37599511,7783231.9511340475,0.5732356857523302,0.5636833648977744,52,77,1,700.0,40089.0,6220,33869.0,0.14242382462429337,0.14463582180018186,55,218.5140050681475,700.0,3,2,True,"{1: np.int64(5), 0: np.int64(83), 2: np.int64(18)}","{(0, 1): [(np.int64(83), 5)], (1, 2): [(np.int64(5), 18)]}","{(1, np.int64(5)): {'cpu': 20}, (0, np.int64(83)): {'cpu': 15}, (2, np.int64(18)): {'cpu': 9}}","{((0, 1), (np.int64(83), 5)): {'bw': 40.0}, ((1, 2), (np.int64(5), 18)): {'bw': 30.0}}",114.0,114.0,114.0,44.0,70.0,44.0,70.0,44.0,70.0,0.0,1.0,24910.596577768814,24910.596577768814,218.5140050681475,Success,0.0,"{'node_level': {}, 'link_level': {}, 'path_level': {}}","{'node_level': {1: {'cpu': -45}, 0: {'cpu': -46}, 2: {'cpu': -26}}, 'link_level': {}, 'path_level': {}}","{'node_level': {1: {'cpu': 0}, 0: {'cpu': 0}, 2: {'cpu': 0}}, 'link_level': {}, 'path_level': {}}",[],0.0,0.0,True,True,False,0,[],0,0.0,"OrderedDict([((0, 1), 0), ((1, 2), 0)])",0.0,0.0,3.0,2.0
56,37,19,7749.0,13518.0,4387278.37599511,7783231.9511340475,0.5732356857523302,0.5636833648977744,52,78,0,701.3612458714599,40190.0,6239,33951.0,0.13980421894388528,0.14256490554601475,35,265.3612458714599,436.0,2,1,False,{},{},{},{},0.0,0.0,0.0,0.0,0.0,0.0,0.0,0.0,0.0,0.0,0.0,0.0,0.0,0.0,Leave Event,0.0,"{'node_level': {}, 'link_level': {}, 'path_level': {}}","{'node_level': {}, 'link_level': {}, 'path_level': {}}","{'node_level': {}, 'link_level': {}, 'path_level': {}}",[],0.0,0.0,True,True,False,0,[],0,0.0,,,,,
57,38,20,7838.0,13690.0,4422991.939763114,7852251.422685696,0.5725346968590211,0.563276912782592,52,79,1,716.0,40018.0,6211,33807.0,0.14366469047290775,0.14620163652894236,56,401.275997393307,716.0,3,2,True,"{1: np.int64(72), 0: np.int64(18), 2: np.int64(32)}","{(0, 1): [(np.int64(18), 2), (2, np.int64(72))], (1, 2): [(np.int64(72), 45), (45, 31), (31, np.int64(32))]}","{(1, np.int64(72)): {'cpu': 8, 'nic_slots': 1}, (0, np.int64(18)): {'cpu': 12}, (2, np.int64(32)): {'cpu': 8, 'nic_slots': 1}}","{((0, 1), (np.int64(18), 2)): {'bw': 39.0}, ((0, 1), (2, np.int64(72))): {'bw': 39.0}, ((1, 2), (np.int64(72), 45)): {'bw': 22.0}, ((1, 2), (45, 31)): {'bw': 22.0}, ((1, 2), (31, np.int64(32))): {'bw': 22.0}}",172.0,89.0,89.0,28.0,61.0,28.0,61.0,28.0,144.0,83.0,0.5174418604651163,69019.4715516488,35713.56376800432,207.63699865118795,Success,0.0,"{'node_level': {}, 'link_level': {}, 'path_level': {}}","{'node_level': {1: {'cpu': -66}, 0: {'cpu': -14}, 2: {'cpu': -85}}, 'link_level': {}, 'path_level': {}}","{'node_level': {1: {'cpu': 0}, 0: {'cpu': 0}, 2: {'cpu': 0}}, 'link_level': {}, 'path_level': {}}",[],0.0,0.0,True,True,False,0,[],0,0.0,"OrderedDict([((0, 1), 0), ((1, 2), 1)])",0.0,1.0,3.0,2.0
57,38,20,7838.0,13690.0,4422991.939763114,7852251.422685696,0.5725346968590211,0.563276912782592,52,80,0,717.5415178703479,40018.0,6211,33807.0,0.14366469047290775,0.14620163652894236,21,421.54151787034783,296.0,6,9,False,{},{},{},{},0.0,0.0,0.0,0.0,0.0,0.0,0.0,0.0,0.0,0.0,0.0,0.0,0.0,0.0,Leave Event,0.0,"{'node_level': {}, 'link_level': {}, 'path_level': {}}","{'node_level': {}, 'link_level': {}, 'path_level': {}}","{'node_level': {}, 'link_level': {}, 'path_level': {}}",[],0.0,0.0,True,True,False,0,[],0,0.0,,,,,
58,39,21,8353.0,14738.0,4431799.319922223,7870174.013766755,0.5667661826570769,0.5631132567297724,52,81,1,723.0,38970.0,6153,32817.0,0.15166138149731145,0.1712041620365693,57,17.10170904681252,723.0,9,21,True,"{3: np.int64(69), 0: np.int64(75), 6: np.int64(91), 1: np.int64(36), 5: np.int64(43), 8: np.int64(1), 2: np.int64(32), 7: np.int64(41), 4: np.int64(98)}","{(0, 8): [(np.int64(75), 45), (45, 31), (31, 77), (77, np.int64(1))], (1, 8): [(np.int64(36), 1)], (1, 5): [(np.int64(36), 11), (11, np.int64(43))], (2, 6): [(np.int64(32), 44), (44, 91)], (5, 8): [(np.int64(43), 16), (16, 76), (76, np.int64(1))], (6, 8): [(np.int64(91), 33), (33, np.int64(1))], (1, 3): [(np.int64(36), 45), (45, np.int64(69))], (3, 6): [(np.int64(69), 91)], (3, 7): [(np.int64(69), 68), (68, np.int64(41))], (5, 7): [(np.int64(43), 57), (57, np.int64(41))], (2, 3): [(np.int64(32), 36), (36, 91), (91, np.int64(69))], (3, 8): [(np.int64(69), 12), (12, np.int64(1))], (1, 2): [(np.int64(36), 32)], (3, 4): [(np.int64(69), 45), (45, np.int64(98))], (0, 2): [(np.int64(75), 44), (44, np.int64(32))], (7, 8): [(np.int64(41), 3), (3, 77), (77, np.int64(1))], (0, 1): [(np.int64(75), 50), (50, np.int64(36))], (0, 3): [(np.int64(75), 45), (45, np.int64(69))], (2, 4): [(np.int64(32), 31), (31, 45), (45, np.int64(98))], (2, 5): [(np.int64(32), 25), (25, 43)], (1, 7): [(np.int64(36), 41)]}","{(3, np.int64(69)): {'cpu': 8}, (0, np.int64(75)): {'cpu': 17, 'nic_slots': 1}, (6, np.int64(91)): {'cpu': 9}, (1, np.int64(36)): {'cpu': 4}, (5, np.int64(43)): {'cpu': 4}, (8, np.int64(1)): {'cpu': 2, 'nic_slots': 1}, (2, np.int64(32)): {'cpu': 4, 'nic_slots': 1}, (7, np.int64(41)): {'cpu': 4}, (4, np.int64(98)): {'cpu': 6, 'nic_slots': 1}}","{((0, 8), (np.int64(75), 45)): {'bw': 47.0}, ((0, 8), (45, 31)): {'bw': 47.0}, ((0, 8), (31, 77)): {'bw': 47.0}, ((0, 8), (77, np.int64(1))): {'bw': 47.0}, ((1, 8), (np.int64(36), 1)): {'bw': 48.0}, ((1, 5), (np.int64(36), 11)): {'bw': 40.0}, ((1, 5), (11, np.int64(43))): {'bw': 40.0}, ((2, 6), (np.int64(32), 44)): {'bw': 35.0}, ((2, 6), (44, 91)): {'bw': 35.0}, ((5, 8), (np.int64(43), 16)): {'bw': 36.0}, ((5, 8), (16, 76)): {'bw': 36.0}, ((5, 8), (76, np.int64(1))): {'bw': 36.0}, ((6, 8), (np.int64(91), 33)): {'bw': 34.0}, ((6, 8), (33, np.int64(1))): {'bw': 34.0}, ((1, 3), (np.int64(36), 45)): {'bw': 33.0}, ((1, 3), (45, np.int64(69))): {'bw': 33.0}, ((3, 6), (np.int64(69), 91)): {'bw': 31.0}, ((3, 7), (np.int64(69), 68)): {'bw': 22.0}, ((3, 7), (68, np.int64(41))): {'bw': 22.0}, ((5, 7), (np.int64(43), 57)): {'bw': 24.0}, ((5, 7), (57, np.int64(41))): {'bw': 24.0}, ((2, 3), (np.int64(32), 36)): {'bw': 24.0}, ((2, 3), (36, 91)): {'bw': 24.0}, ((2, 3), (91, np.int64(69))): {'bw': 24.0}, ((3, 8), (np.int64(69), 12)): {'bw': 18.0}, ((3, 8), (12, np.int64(1))): {'bw': 18.0}, ((1, 2), (np.int64(36), 32)): {'bw': 13.0}, ((3, 4), (np.int64(69), 45)): {'bw': 14.0}, ((3, 4), (45, np.int64(98))): {'bw': 14.0}, ((0, 2), (np.int64(75), 44)): {'bw': 12.0}, ((0, 2), (44, np.int64(32))): {'bw': 12.0}, ((7, 8), (np.int64(41), 3)): {'bw': 7.0}, ((7, 8), (3, 77)): {'bw': 7.0}, ((7, 8), (77, np.int64(1))): {'bw': 7.0}, ((0, 1), (np.int64(75), 50)): {'bw': 4.0}, ((0, 1), (50, np.int64(36))): {'bw': 4.0}, ((0, 3), (np.int64(75), 45)): {'bw': 4.0}, ((0, 3), (45, np.int64(69))): {'bw': 4.0}, ((2, 4), (np.int64(32), 31)): {'bw': 8.0}, ((2, 4), (31, 45)): {'bw': 8.0}, ((2, 4), (45, np.int64(98))): {'bw': 8.0}, ((2, 5), (np.int64(32), 25)): {'bw': 2.0}, ((2, 5), (25, 43)): {'bw': 2.0}, ((1, 7), (np.int64(36), 41)): {'bw': 1.0}}",1048.0,515.0,515.0,58.0,457.0,58.0,457.0,58.0,990.0,533.0,0.491412213740458,17922.59108105952,8807.380159108448,8.403988701439358,Success,0.0,"{'node_level': {}, 'link_level': {}, 'path_level': {}}","{'node_level': {3: {'cpu': -81}, 0: {'cpu': -51}, 6: {'cpu': -43}, 1: {'cpu': -62}, 5: {'cpu': -58}, 8: {'cpu': -51}, 2: {'cpu': -81}, 7: {'cpu': -35}, 4: {'cpu': -40}}, 'link_level': {}, 'path_level': {}}","{'node_level': {3: {'cpu': 0}, 0: {'cpu': 0}, 6: {'cpu': 0}, 1: {'cpu': 0}, 5: {'cpu': 0}, 8: {'cpu': 0}, 2: {'cpu': 0}, 7: {'cpu': 0}, 4: {'cpu': 0}}, 'link_level': {}, 'path_level': {}}",[],0.0,0.0,True,True,False,0,[],0,0.0,"OrderedDict([((0, 8), 1), ((1, 8), 0), ((1, 5), 0), ((2, 6), 0), ((5, 8), 0), ((6, 8), 0), ((1, 3), 0), ((3, 6), 0), ((3, 7), 0), ((5, 7), 0), ((2, 3), 0), ((3, 8), 0), ((1, 2), 0), ((3, 4), 0), ((0, 2), 0), ((7, 8), 0), ((0, 1), 0), ((0, 3), 0), ((2, 4), 1), ((2, 5), 0), ((1, 7), 0)])",3.0,2.0,9.0,21.0
58,39,20,8353.0,14738.0,4431799.319922223,7870174.013766755,0.5667661826570769,0.5631132567297724,52,82,0,728.2735485395775,39411.0,6232,33179.0,0.1407693368261409,0.1620618244267098,53,54.27354853957754,674.0,6,7,False,{},{},{},{},0.0,0.0,0.0,0.0,0.0,0.0,0.0,0.0,0.0,0.0,0.0,0.0,0.0,0.0,Leave Event,0.0,"{'node_level': {}, 'link_level': {}, 'path_level': {}}","{'node_level': {}, 'link_level': {}, 'path_level': {}}","{'node_level': {}, 'link_level': {}, 'path_level': {}}",[],0.0,0.0,True,True,False,0,[],0,0.0,,,,,
59,40,21,8538.0,15003.0,4753008.849582133,8330284.961657979,0.5690861827634474,0.5705697790002301,52,83,1,736.0,39146.0,6174,32972.0,0.1487660278505446,0.16728962521466817,58,1736.267727891407,736.0,5,6,True,"{2: np.int64(49), 3: np.int64(10), 1: np.int64(41), 0: np.int64(9), 4: np.int64(78)}","{(0, 2): [(np.int64(9), 49)], (0, 3): [(np.int64(9), 49), (49, np.int64(10))], (0, 4): [(np.int64(9), 27), (27, np.int64(78))], (0, 1): [(np.int64(9), 46), (46, np.int64(41))], (2, 3): [(np.int64(49), 10)], (1, 4): [(np.int64(41), 68), (68, np.int64(78))]}","{(2, np.int64(49)): {'cpu': 20}, (3, np.int64(10)): {'cpu': 14}, (1, np.int64(41)): {'cpu': 13}, (0, np.int64(9)): {'cpu': 3}, (4, np.int64(78)): {'cpu': 8}}","{((0, 2), (np.int64(9), 49)): {'bw': 36.0}, ((0, 3), (np.int64(9), 49)): {'bw': 30.0}, ((0, 3), (49, np.int64(10))): {'bw': 30.0}, ((0, 4), (np.int64(9), 27)): {'bw': 21.0}, ((0, 4), (27, np.int64(78))): {'bw': 21.0}, ((0, 1), (np.int64(9), 46)): {'bw': 20.0}, ((0, 1), (46, np.int64(41))): {'bw': 20.0}, ((2, 3), (np.int64(49), 10)): {'bw': 11.0}, ((1, 4), (np.int64(41), 68)): {'bw': 9.0}, ((1, 4), (68, np.int64(78))): {'bw': 9.0}}",265.0,185.0,185.0,58.0,127.0,58.0,127.0,58.0,207.0,80.0,0.6981132075471698,460110.9478912229,321209.5296599103,1212.1114326789068,Success,0.0,"{'node_level': {}, 'link_level': {}, 'path_level': {}}","{'node_level': {2: {'cpu': -52}, 3: {'cpu': -70}, 1: {'cpu': -41}, 0: {'cpu': -97}, 4: {'cpu': -56}}, 'link_level': {}, 'path_level': {}}","{'node_level': {2: {'cpu': 0}, 3: {'cpu': 0}, 1: {'cpu': 0}, 0: {'cpu': 0}, 4: {'cpu': 0}}, 'link_level': {}, 'path_level': {}}",[],0.0,0.0,True,True,False,0,[],0,0.0,"OrderedDict([((0, 2), 0), ((0, 3), 0), ((0, 4), 0), ((0, 1), 0), ((2, 3), 0), ((1, 4), 0)])",1.0,0.0,5.0,6.0
59,40,21,8538.0,15003.0,4753008.849582133,8330284.961657979,0.5690861827634474,0.5705697790002301,52,84,0,736.4613788582313,39146.0,6174,32972.0,0.1487660278505446,0.16728962521466817,54,48.461378858231306,688.0,10,23,False,{},{},{},{},0.0,0.0,0.0,0.0,0.0,0.0,0.0,0.0,0.0,0.0,0.0,0.0,0.0,0.0,Leave Event,0.0,"{'node_level': {}, 'link_level': {}, 'path_level': {}}","{'node_level': {}, 'link_level': {}, 'path_level': {}}","{'node_level': {}, 'link_level': {}, 'path_level': {}}",[],0.0,0.0,True,True,False,0,[],0,0.0,,,,,
59,40,20,8538.0,15003.0,4753008.849582133,8330284.961657979,0.5690861827634474,0.5705697790002301,52,85,0,740.1017090468125,40194.0,6232,33962.0,0.1407693368261409,0.14228709970704112,57,17.10170904681252,723.0,9,21,False,{},{},{},{},0.0,0.0,0.0,0.0,0.0,0.0,0.0,0.0,0.0,0.0,0.0,0.0,0.0,0.0,Leave Event,0.0,"{'node_level': {}, 'link_level': {}, 'path_level': {}}","{'node_level': {}, 'link_level': {}, 'path_level': {}}","{'node_level': {}, 'link_level': {}, 'path_level': {}}",[],0.0,0.0,True,True,False,0,[],0,0.0,,,,,
60,40,20,8538.0,15003.0,4753008.849582133,8330284.961657979,0.5690861827634474,0.5705697790002301,52,86,1,748.0,40194.0,6232,33962.0,0.1407693368261409,0.14228709970704112,59,193.5650443266699,748.0,8,15,False,"{7: np.int64(18), 0: np.int64(69), 3: np.int64(37), 6: np.int64(75), 5: np.int64(41), 1: np.int64(43), 4: np.int64(10), 2: np.int64(1)}","{(2, 6): [(np.int64(1), 77), (77, 91), (91, 6), (6, np.int64(75))], (1, 3): [(np.int64(43), 53), (53, 30), (30, np.int64(37))], (1, 5): [(np.int64(43), 25), (25, np.int64(41))], (2, 7): [(np.int64(1), 12), (12, 37), (37, np.int64(18))], (0, 1): [(np.int64(69), 79), (79, 11), (11, np.int64(43))], (0, 2): [(np.int64(69), 64), (64, np.int64(1))], (1, 7): [(np.int64(43), 11), (11, 29), (29, np.int64(18))], (3, 4): [(np.int64(37), 10)], (3, 7): [(np.int64(37), 18)], (5, 6): [(np.int64(41), 38), (38, np.int64(75))], (0, 3): [(np.int64(69), 12), (12, np.int64(37))], (3, 5): [(np.int64(37), 10), (10, 3), (3, np.int64(41))], (0, 7): [(np.int64(69), 84), (84, np.int64(18))], (4, 5): [(np.int64(10), 41)]}","{(7, np.int64(18)): {'cpu': 20}, (0, np.int64(69)): {'cpu': 16}, (3, np.int64(37)): {'cpu': 9, 'nic_slots': 1}, (6, np.int64(75)): {'cpu': 12}, (5, np.int64(41)): {'cpu': 8}, (1, np.int64(43)): {'cpu': 2}, (4, np.int64(10)): {'cpu': 12, 'nic_slots': 1}, (2, np.int64(1)): {'cpu': 2}}","{((2, 6), (np.int64(1), 77)): {'bw': 49.0}, ((2, 6), (77, 91)): {'bw': 49.0}, ((2, 6), (91, 6)): {'bw': 49.0}, ((2, 6), (6, np.int64(75))): {'bw': 49.0}, ((1, 3), (np.int64(43), 53)): {'bw': 46.0}, ((1, 3), (53, 30)): {'bw': 46.0}, ((1, 3), (30, np.int64(37))): {'bw': 46.0}, ((1, 5), (np.int64(43), 25)): {'bw': 41.0}, ((1, 5), (25, np.int64(41))): {'bw': 41.0}, ((2, 7), (np.int64(1), 12)): {'bw': 43.0}, ((2, 7), (12, 37)): {'bw': 43.0}, ((2, 7), (37, np.int64(18))): {'bw': 43.0}, ((0, 1), (np.int64(69), 79)): {'bw': 38.0}, ((0, 1), (79, 11)): {'bw': 38.0}, ((0, 1), (11, np.int64(43))): {'bw': 38.0}, ((0, 2), (np.int64(69), 64)): {'bw': 31.0}, ((0, 2), (64, np.int64(1))): {'bw': 31.0}, ((1, 7), (np.int64(43), 11)): {'bw': 30.0}, ((1, 7), (11, 29)): {'bw': 30.0}, ((1, 7), (29, np.int64(18))): {'bw': 30.0}, ((3, 4), (np.int64(37), 10)): {'bw': 21.0}, ((3, 7), (np.int64(37), 18)): {'bw': 22.0}, ((5, 6), (np.int64(41), 38)): {'bw': 21.0}, ((5, 6), (38, np.int64(75))): {'bw': 21.0}, ((0, 3), (np.int64(69), 12)): {'bw': 19.0}, ((0, 3), (12, np.int64(37))): {'bw': 19.0}, ((3, 5), (np.int64(37), 10)): {'bw': 17.0}, ((3, 5), (10, 3)): {'bw': 17.0}, ((3, 5), (3, np.int64(41))): {'bw': 17.0}, ((0, 7), (np.int64(69), 84)): {'bw': 16.0}, ((0, 7), (84, np.int64(18))): {'bw': 16.0}, ((4, 5), (np.int64(10), 41)): {'bw': 3.0}}",0.0,0.0,483.0,81.0,402.0,0.0,0.0,0.0,0.0,0.0,0.0,0.0,0.0,0.0,Route Failure,0.0,"{'node_level': {}, 'link_level': {}, 'path_level': {}}","{'node_level': {7: {'cpu': -2}, 0: {'cpu': -73}, 3: {'cpu': -90}, 6: {'cpu': -56}, 5: {'cpu': -37}, 1: {'cpu': -60}, 4: {'cpu': -58}, 2: {'cpu': -51}}, 'link_level': {}, 'path_level': {}}","{'node_level': {7: {'cpu': 0}, 0: {'cpu': 0}, 3: {'cpu': 0}, 6: {'cpu': 0}, 5: {'cpu': 0}, 1: {'cpu': 0}, 4: {'cpu': 0}, 2: {'cpu': 0}}, 'link_level': {}, 'path_level': {}}",[],0.0,0.0,True,False,False,0,[],0,0.0,"OrderedDict([((2, 6), 0), ((1, 3), 0), ((1, 5), 0), ((2, 7), 0), ((0, 1), 0), ((0, 2), 0), ((1, 7), 0), ((3, 4), 1), ((3, 7), 0), ((5, 6), 0), ((0, 3), 0), ((3, 5), 0), ((0, 7), 0), ((4, 5), 0)])",2.0,1.0,8.0,14.0
61,41,21,9103.0,16263.0,4823656.872816203,8487836.30550741,0.5597368259238763,0.5683022974519819,52,87,1,761.0,38934.0,6126,32808.0,0.1553839790431546,0.17143145772300228,60,125.04074908684987,761.0,9,20,True,"{6: np.int64(18), 5: np.int64(69), 7: np.int64(91), 2: np.int64(75), 0: np.int64(1), 4: np.int64(41), 8: np.int64(36), 3: np.int64(43), 1: np.int64(5)}","{(0, 2): [(np.int64(1), 77), (77, 91), (91, 6), (6, np.int64(75))], (6, 8): [(np.int64(18), 29), (29, 11), (11, np.int64(36))], (2, 6): [(np.int64(75), 38), (38, 2), (2, np.int64(18))], (4, 5): [(np.int64(41), 3), (3, 12), (12, np.int64(69))], (0, 7): [(np.int64(1), 76), (76, np.int64(91))], (2, 5): [(np.int64(75), 45), (45, np.int64(69))], (0, 5): [(np.int64(1), 12), (12, np.int64(69))], (1, 2): [(np.int64(5), 44), (44, np.int64(75))], (5, 8): [(np.int64(69), 91), (91, np.int64(36))], (5, 6): [(np.int64(69), 91), (91, 30), (30, 37), (37, np.int64(18))], (5, 7): [(np.int64(69), 91)], (0, 8): [(np.int64(1), 36)], (3, 4): [(np.int64(43), 57), (57, np.int64(41))], (3, 7): [(np.int64(43), 16), (16, 76), (76, np.int64(91))], (7, 8): [(np.int64(91), 25), (25, 11), (11, np.int64(36))], (1, 3): [(np.int64(5), 11), (11, np.int64(43))], (1, 7): [(np.int64(5), 19), (19, np.int64(91))], (2, 3): [(np.int64(75), 45), (45, 57), (57, np.int64(43))], (1, 5): [(np.int64(5), 79), (79, np.int64(69))], (0, 6): [(np.int64(1), 77), (77, np.int64(18))]}","{(6, np.int64(18)): {'cpu': 19}, (5, np.int64(69)): {'cpu': 8}, (7, np.int64(91)): {'cpu': 18}, (2, np.int64(75)): {'cpu': 9, 'nic_slots': 1}, (0, np.int64(1)): {'cpu': 10}, (4, np.int64(41)): {'cpu': 20}, (8, np.int64(36)): {'cpu': 11}, (3, np.int64(43)): {'cpu': 9, 'nic_slots': 1}, (1, np.int64(5)): {'cpu': 2}}","{((0, 2), (np.int64(1), 77)): {'bw': 44.0}, ((0, 2), (77, 91)): {'bw': 44.0}, ((0, 2), (91, 6)): {'bw': 44.0}, ((0, 2), (6, np.int64(75))): {'bw': 44.0}, ((6, 8), (np.int64(18), 29)): {'bw': 42.0}, ((6, 8), (29, 11)): {'bw': 42.0}, ((6, 8), (11, np.int64(36))): {'bw': 42.0}, ((2, 6), (np.int64(75), 38)): {'bw': 41.0}, ((2, 6), (38, 2)): {'bw': 41.0}, ((2, 6), (2, np.int64(18))): {'bw': 41.0}, ((4, 5), (np.int64(41), 3)): {'bw': 41.0}, ((4, 5), (3, 12)): {'bw': 41.0}, ((4, 5), (12, np.int64(69))): {'bw': 41.0}, ((0, 7), (np.int64(1), 76)): {'bw': 39.0}, ((0, 7), (76, np.int64(91))): {'bw': 39.0}, ((2, 5), (np.int64(75), 45)): {'bw': 41.0}, ((2, 5), (45, np.int64(69))): {'bw': 41.0}, ((0, 5), (np.int64(1), 12)): {'bw': 34.0}, ((0, 5), (12, np.int64(69))): {'bw': 34.0}, ((1, 2), (np.int64(5), 44)): {'bw': 30.0}, ((1, 2), (44, np.int64(75))): {'bw': 30.0}, ((5, 8), (np.int64(69), 91)): {'bw': 23.0}, ((5, 8), (91, np.int64(36))): {'bw': 23.0}, ((5, 6), (np.int64(69), 91)): {'bw': 25.0}, ((5, 6), (91, 30)): {'bw': 25.0}, ((5, 6), (30, 37)): {'bw': 25.0}, ((5, 6), (37, np.int64(18))): {'bw': 25.0}, ((5, 7), (np.int64(69), 91)): {'bw': 24.0}, ((0, 8), (np.int64(1), 36)): {'bw': 20.0}, ((3, 4), (np.int64(43), 57)): {'bw': 17.0}, ((3, 4), (57, np.int64(41))): {'bw': 17.0}, ((3, 7), (np.int64(43), 16)): {'bw': 8.0}, ((3, 7), (16, 76)): {'bw': 8.0}, ((3, 7), (76, np.int64(91))): {'bw': 8.0}, ((7, 8), (np.int64(91), 25)): {'bw': 7.0}, ((7, 8), (25, 11)): {'bw': 7.0}, ((7, 8), (11, np.int64(36))): {'bw': 7.0}, ((1, 3), (np.int64(5), 11)): {'bw': 7.0}, ((1, 3), (11, np.int64(43))): {'bw': 7.0}, ((1, 7), (np.int64(5), 19)): {'bw': 5.0}, ((1, 7), (19, np.int64(91))): {'bw': 5.0}, ((2, 3), (np.int64(75), 45)): {'bw': 3.0}, ((2, 3), (45, 57)): {'bw': 3.0}, ((2, 3), (57, np.int64(43))): {'bw': 3.0}, ((1, 5), (np.int64(5), 79)): {'bw': 6.0}, ((1, 5), (79, np.int64(69))): {'bw': 6.0}, ((0, 6), (np.int64(1), 77)): {'bw': 2.0}, ((0, 6), (77, np.int64(18))): {'bw': 2.0}}",1260.0,565.0,565.0,106.0,459.0,106.0,459.0,106.0,1154.0,695.0,0.44841269841269843,157551.34384943085,70648.02323407018,56.06985970957951,Success,0.0,"{'node_level': {}, 'link_level': {}, 'path_level': {}}","{'node_level': {6: {'cpu': -3}, 5: {'cpu': -81}, 7: {'cpu': -34}, 2: {'cpu': -59}, 0: {'cpu': -43}, 4: {'cpu': -25}, 8: {'cpu': -55}, 3: {'cpu': -53}, 1: {'cpu': -43}}, 'link_level': {}, 'path_level': {}}","{'node_level': {6: {'cpu': 0}, 5: {'cpu': 0}, 7: {'cpu': 0}, 2: {'cpu': 0}, 0: {'cpu': 0}, 4: {'cpu': 0}, 8: {'cpu': 0}, 3: {'cpu': 0}, 1: {'cpu': 0}}, 'link_level': {}, 'path_level': {}}",[],0.0,0.0,True,True,False,0,[],0,0.0,"OrderedDict([((0, 2), 0), ((6, 8), 0), ((2, 6), 0), ((4, 5), 0), ((0, 7), 0), ((2, 5), 0), ((0, 5), 0), ((1, 2), 0), ((5, 8), 0), ((5, 6), 0), ((5, 7), 0), ((0, 8), 0), ((3, 4), 0), ((3, 7), 0), ((7, 8), 0), ((1, 3), 0), ((1, 7), 0), ((2, 3), 1), ((1, 5), 0), ((0, 6), 0)])",1.0,1.0,9.0,20.0
61,41,21,9103.0,16263.0,4823656.872816203,8487836.30550741,0.5597368259238763,0.5683022974519819,52,88,0,774.8323666643691,38934.0,6126,32808.0,0.1553839790431546,0.17143145772300228,49,169.8323666643692,605.0,8,11,False,{},{},{},{},0.0,0.0,0.0,0.0,0.0,0.0,0.0,0.0,0.0,0.0,0.0,0.0,0.0,0.0,Leave Event,0.0,"{'node_level': {}, 'link_level': {}, 'path_level': {}}","{'node_level': {}, 'link_level': {}, 'path_level': {}}","{'node_level': {}, 'link_level': {}, 'path_level': {}}",[],0.0,0.0,True,True,False,0,[],0,0.0,,,,,
62,42,22,9218.0,16515.0,4832413.756404934,8507025.302588806,0.5581592491674235,0.5680497688110042,52,89,1,778.0,38682.0,6091,32591.0,0.16020956845443268,0.176911809273664,61,76.1468138150583,778.0,4,3,True,"{2: np.int64(10), 0: np.int64(32), 1: np.int64(90), 3: np.int64(78)}","{(1, 2): [(np.int64(90), 51), (51, 6), (6, np.int64(10))], (0, 1): [(np.int64(32), 44), (44, np.int64(90))], (1, 3): [(np.int64(90), 29), (29, 68), (68, np.int64(78))]}","{(2, np.int64(10)): {'cpu': 15}, (0, np.int64(32)): {'cpu': 15}, (1, np.int64(90)): {'cpu': 1}, (3, np.int64(78)): {'cpu': 4}}","{((1, 2), (np.int64(90), 51)): {'bw': 48.0}, ((1, 2), (51, 6)): {'bw': 48.0}, ((1, 2), (6, np.int64(10))): {'bw': 48.0}, ((0, 1), (np.int64(32), 44)): {'bw': 23.0}, ((0, 1), (44, np.int64(90))): {'bw': 23.0}, ((1, 3), (np.int64(90), 29)): {'bw': 9.0}, ((1, 3), (29, 68)): {'bw': 9.0}, ((1, 3), (68, np.int64(78))): {'bw': 9.0}}",252.0,115.0,115.0,35.0,80.0,35.0,80.0,35.0,217.0,137.0,0.45634920634920634,19188.99708139469,8756.883588731704,34.74953805052263,Success,0.0,"{'node_level': {}, 'link_level': {}, 'path_level': {}}","{'node_level': {2: {'cpu': -55}, 0: {'cpu': -70}, 1: {'cpu': -85}, 3: {'cpu': -52}}, 'link_level': {}, 'path_level': {}}","{'node_level': {2: {'cpu': 0}, 0: {'cpu': 0}, 1: {'cpu': 0}, 3: {'cpu': 0}}, 'link_level': {}, 'path_level': {}}",[],0.0,0.0,True,True,False,0,[],0,0.0,"OrderedDict([((1, 2), 0), ((0, 1), 0), ((1, 3), 0)])",0.0,0.0,4.0,3.0
63,43,23,9280.0,16643.0,4835585.695480936,8513573.821971519,0.5575917803280659,0.567985407373979,52,90,1,794.0,38554.0,6062,32492.0,0.16420791396663448,0.1794120618244267,62,51.16030767745007,794.0,2,1,True,"{1: np.int64(98), 0: np.int64(72)}","{(0, 1): [(np.int64(72), 89), (89, 91), (91, np.int64(98))]}","{(1, np.int64(98)): {'cpu': 16}, (0, np.int64(72)): {'cpu': 13}}","{((0, 1), (np.int64(72), 89)): {'bw': 33.0}, ((0, 1), (89, 91)): {'bw': 33.0}, ((0, 1), (91, np.int64(98))): {'bw': 33.0}}",128.0,62.0,62.0,29.0,33.0,29.0,33.0,29.0,99.0,66.0,0.484375,6548.519382713609,3171.9390760019046,24.78077403126488,Success,0.0,"{'node_level': {}, 'link_level': {}, 'path_level': {}}","{'node_level': {1: {'cpu': -30}, 0: {'cpu': -53}}, 'link_level': {}, 'path_level': {}}","{'node_level': {1: {'cpu': 0}, 0: {'cpu': 0}}, 'link_level': {}, 'path_level': {}}",[],0.0,0.0,True,True,False,0,[],0,0.0,"OrderedDict([((0, 1), 0)])",1.0,0.0,2.0,1.0
63,43,22,9280.0,16643.0,4835585.695480936,8513573.821971519,0.5575917803280659,0.567985407373979,52,91,0,795.155400200748,38596.0,6094,32502.0,0.15979594650489448,0.17915951106172345,44,251.155400200748,544.0,2,1,False,{},{},{},{},0.0,0.0,0.0,0.0,0.0,0.0,0.0,0.0,0.0,0.0,0.0,0.0,0.0,0.0,Leave Event,0.0,"{'node_level': {}, 'link_level': {}, 'path_level': {}}","{'node_level': {}, 'link_level': {}, 'path_level': {}}","{'node_level': {}, 'link_level': {}, 'path_level': {}}",[],0.0,0.0,True,True,False,0,[],0,0.0,,,,,
64,44,23,9466.0,17063.0,5220402.037865989,9382513.949937766,0.5547676258571177,0.5563969385732291,52,92,1,801.0,38176.0,6058,32118.0,0.164759409899352,0.18885746034953022,63,2068.905066586304,801.0,5,5,True,"{0: np.int64(7), 1: np.int64(30), 3: np.int64(78), 4: np.int64(5), 2: np.int64(25)}","{(0, 1): [(np.int64(7), 70), (70, 37), (37, np.int64(30))], (0, 4): [(np.int64(7), 15), (15, np.int64(5))], (0, 2): [(np.int64(7), 12), (12, 84), (84, np.int64(25))], (0, 3): [(np.int64(7), 68), (68, np.int64(78))], (1, 3): [(np.int64(30), 65), (65, 73), (73, np.int64(78))]}","{(0, np.int64(7)): {'cpu': 5}, (1, np.int64(30)): {'cpu': 7}, (3, np.int64(78)): {'cpu': 14}, (4, np.int64(5)): {'cpu': 7}, (2, np.int64(25)): {'cpu': 3}}","{((0, 1), (np.int64(7), 70)): {'bw': 48.0}, ((0, 1), (70, 37)): {'bw': 48.0}, ((0, 1), (37, np.int64(30))): {'bw': 48.0}, ((0, 4), (np.int64(7), 15)): {'bw': 49.0}, ((0, 4), (15, np.int64(5))): {'bw': 49.0}, ((0, 2), (np.int64(7), 12)): {'bw': 26.0}, ((0, 2), (12, 84)): {'bw': 26.0}, ((0, 2), (84, np.int64(25))): {'bw': 26.0}, ((0, 3), (np.int64(7), 68)): {'bw': 17.0}, ((0, 3), (68, np.int64(78))): {'bw': 17.0}, ((1, 3), (np.int64(30), 65)): {'bw': 10.0}, ((1, 3), (65, 73)): {'bw': 10.0}, ((1, 3), (73, np.int64(78))): {'bw': 10.0}}",420.0,186.0,186.0,36.0,150.0,36.0,150.0,36.0,384.0,234.0,0.44285714285714284,868940.1279662477,384816.3423850526,916.2293866310775,Success,0.0,"{'node_level': {}, 'link_level': {}, 'path_level': {}}","{'node_level': {0: {'cpu': -51}, 1: {'cpu': -23}, 3: {'cpu': -38}, 4: {'cpu': -36}, 2: {'cpu': -48}}, 'link_level': {}, 'path_level': {}}","{'node_level': {0: {'cpu': 0}, 1: {'cpu': 0}, 3: {'cpu': 0}, 4: {'cpu': 0}, 2: {'cpu': 0}}, 'link_level': {}, 'path_level': {}}",[],0.0,0.0,True,True,False,0,[],0,0.0,"OrderedDict([((0, 1), 0), ((0, 4), 0), ((0, 2), 0), ((0, 3), 0), ((1, 3), 0)])",1.0,0.0,5.0,5.0
65,45,24,9859.0,17758.0,5279659.739554476,9487308.104323259,0.5551863948642866,0.5564971308509097,52,93,1,815.0,37481.0,5982,31499.0,0.17523783262098447,0.20449035256086479,64,150.78295595034774,815.0,7,12,True,"{0: np.int64(9), 5: np.int64(3), 3: np.int64(10), 6: np.int64(95), 2: np.int64(54), 4: np.int64(25), 1: np.int64(7)}","{(2, 6): [(np.int64(54), 7), (7, np.int64(95))], (2, 5): [(np.int64(54), 3)], (1, 5): [(np.int64(7), 3)], (0, 5): [(np.int64(9), 53), (53, np.int64(3))], (3, 5): [(np.int64(10), 85), (85, np.int64(3))], (0, 6): [(np.int64(9), 29), (29, 48), (48, np.int64(95))], (0, 2): [(np.int64(9), 65), (65, 73), (73, np.int64(54))], (0, 4): [(np.int64(9), 81), (81, np.int64(25))], (0, 1): [(np.int64(9), 29), (29, 68), (68, np.int64(7))], (2, 3): [(np.int64(54), 3), (3, np.int64(10))], (5, 6): [(np.int64(3), 41), (41, np.int64(95))], (1, 2): [(np.int64(7), 54)]}","{(0, np.int64(9)): {'cpu': 14}, (5, np.int64(3)): {'cpu': 8, 'nic_slots': 1}, (3, np.int64(10)): {'cpu': 18, 'nic_slots': 1}, (6, np.int64(95)): {'cpu': 9}, (2, np.int64(54)): {'cpu': 5}, (4, np.int64(25)): {'cpu': 16}, (1, np.int64(7)): {'cpu': 6}}","{((2, 6), (np.int64(54), 7)): {'bw': 40.0}, ((2, 6), (7, np.int64(95))): {'bw': 40.0}, ((2, 5), (np.int64(54), 3)): {'bw': 41.0}, ((1, 5), (np.int64(7), 3)): {'bw': 41.0}, ((0, 5), (np.int64(9), 53)): {'bw': 40.0}, ((0, 5), (53, np.int64(3))): {'bw': 40.0}, ((3, 5), (np.int64(10), 85)): {'bw': 34.0}, ((3, 5), (85, np.int64(3))): {'bw': 34.0}, ((0, 6), (np.int64(9), 29)): {'bw': 30.0}, ((0, 6), (29, 48)): {'bw': 30.0}, ((0, 6), (48, np.int64(95))): {'bw': 30.0}, ((0, 2), (np.int64(9), 65)): {'bw': 21.0}, ((0, 2), (65, 73)): {'bw': 21.0}, ((0, 2), (73, np.int64(54))): {'bw': 21.0}, ((0, 4), (np.int64(9), 81)): {'bw': 26.0}, ((0, 4), (81, np.int64(25))): {'bw': 26.0}, ((0, 1), (np.int64(9), 29)): {'bw': 19.0}, ((0, 1), (29, 68)): {'bw': 19.0}, ((0, 1), (68, np.int64(7))): {'bw': 19.0}, ((2, 3), (np.int64(54), 3)): {'bw': 18.0}, ((2, 3), (3, np.int64(10))): {'bw': 18.0}, ((5, 6), (np.int64(3), 41)): {'bw': 4.0}, ((5, 6), (41, np.int64(95))): {'bw': 4.0}, ((1, 2), (np.int64(7), 54)): {'bw': 3.0}}",695.0,393.0,393.0,76.0,317.0,76.0,317.0,76.0,619.0,302.0,0.5654676258992806,104794.15438549168,59257.70168848666,85.26288012731894,Success,0.0,"{'node_level': {}, 'link_level': {}, 'path_level': {}}","{'node_level': {0: {'cpu': -83}, 5: {'cpu': -45}, 3: {'cpu': -37}, 6: {'cpu': -58}, 2: {'cpu': -79}, 4: {'cpu': -32}, 1: {'cpu': -45}}, 'link_level': {}, 'path_level': {}}","{'node_level': {0: {'cpu': 0}, 5: {'cpu': 0}, 3: {'cpu': 0}, 6: {'cpu': 0}, 2: {'cpu': 0}, 4: {'cpu': 0}, 1: {'cpu': 0}}, 'link_level': {}, 'path_level': {}}",[],0.0,0.0,True,True,False,0,[],0,0.0,"OrderedDict([((2, 6), 0), ((2, 5), 0), ((1, 5), 0), ((0, 5), 0), ((3, 5), 1), ((0, 6), 0), ((0, 2), 0), ((0, 4), 0), ((0, 1), 0), ((2, 3), 0), ((5, 6), 0), ((1, 2), 0)])",1.0,1.0,7.0,12.0
66,46,25,10069.0,18196.0,5360517.8107322,9655954.938493941,0.5533633765662783,0.555151494065308,52,94,1,821.0,37043.0,5909,31134.0,0.18530263339307873,0.2137084553995353,65,385.03843417963935,821.0,6,6,True,"{4: np.int64(43), 3: np.int64(83), 1: np.int64(49), 5: np.int64(52), 0: np.int64(50), 2: np.int64(32)}","{(0, 2): [(np.int64(50), 36), (36, np.int64(32))], (3, 4): [(np.int64(83), 19), (19, 11), (11, np.int64(43))], (4, 5): [(np.int64(43), 50), (50, 93), (93, np.int64(52))], (1, 4): [(np.int64(49), 76), (76, 16), (16, np.int64(43))], (0, 5): [(np.int64(50), 93), (93, np.int64(52))], (0, 1): [(np.int64(50), 80), (80, np.int64(49))]}","{(4, np.int64(43)): {'cpu': 20}, (3, np.int64(83)): {'cpu': 15}, (1, np.int64(49)): {'cpu': 18}, (5, np.int64(52)): {'cpu': 9}, (0, np.int64(50)): {'cpu': 5}, (2, np.int64(32)): {'cpu': 6}}","{((0, 2), (np.int64(50), 36)): {'bw': 38.0}, ((0, 2), (36, np.int64(32))): {'bw': 38.0}, ((3, 4), (np.int64(83), 19)): {'bw': 39.0}, ((3, 4), (19, 11)): {'bw': 39.0}, ((3, 4), (11, np.int64(43))): {'bw': 39.0}, ((4, 5), (np.int64(43), 50)): {'bw': 31.0}, ((4, 5), (50, 93)): {'bw': 31.0}, ((4, 5), (93, np.int64(52))): {'bw': 31.0}, ((1, 4), (np.int64(49), 76)): {'bw': 21.0}, ((1, 4), (76, 16)): {'bw': 21.0}, ((1, 4), (16, np.int64(43))): {'bw': 21.0}, ((0, 5), (np.int64(50), 93)): {'bw': 4.0}, ((0, 5), (93, np.int64(52))): {'bw': 4.0}, ((0, 1), (np.int64(50), 80)): {'bw': 4.0}, ((0, 1), (80, np.int64(49))): {'bw': 4.0}}",438.0,210.0,210.0,73.0,137.0,73.0,137.0,73.0,365.0,228.0,0.4794520547945205,168646.83417068204,80858.07117772427,184.60746844229283,Success,0.0,"{'node_level': {}, 'link_level': {}, 'path_level': {}}","{'node_level': {4: {'cpu': -33}, 3: {'cpu': -31}, 1: {'cpu': -34}, 5: {'cpu': -69}, 0: {'cpu': -68}, 2: {'cpu': -64}}, 'link_level': {}, 'path_level': {}}","{'node_level': {4: {'cpu': 0}, 3: {'cpu': 0}, 1: {'cpu': 0}, 5: {'cpu': 0}, 0: {'cpu': 0}, 2: {'cpu': 0}}, 'link_level': {}, 'path_level': {}}",[],0.0,0.0,True,True,False,0,[],0,0.0,"OrderedDict([((0, 2), 0), ((3, 4), 0), ((4, 5), 0), ((1, 4), 0), ((0, 5), 0), ((0, 1), 0)])",1.0,0.0,6.0,6.0
67,46,25,10069.0,18196.0,5360517.8107322,9655954.938493941,0.5533633765662783,0.555151494065308,52,95,1,839.0,37043.0,5909,31134.0,0.18530263339307873,0.2137084553995353,66,297.0367475186629,839.0,6,10,False,"{4: np.int64(97), 3: np.int64(38), 2: np.int64(99), 1: np.int64(46), 5: np.int64(34)}",{},"{(4, np.int64(97)): {'cpu': 16}, (3, np.int64(38)): {'cpu': 13}, (2, np.int64(99)): {'cpu': 11}, (1, np.int64(46)): {'cpu': 18}, (5, np.int64(34)): {'cpu': 3}}",{},0.0,0.0,295.0,63.0,232.0,0.0,0.0,0.0,0.0,0.0,0.0,0.0,0.0,0.0,Place Failure,0.0,"{'node_level': {}, 'link_level': {}, 'path_level': {}}","{'node_level': {4: {'cpu': -49}, 3: {'cpu': -38}, 2: {'cpu': -60}, 1: {'cpu': -52}, 5: {'cpu': -48}}, 'link_level': {}, 'path_level': {}}","{'node_level': {4: {'cpu': 0}, 3: {'cpu': 0}, 2: {'cpu': 0}, 1: {'cpu': 0}, 5: {'cpu': 0}}, 'link_level': {}, 'path_level': {}}",[],0.0,0.0,False,True,False,0,[],0,0.0,,,,5.0,0.0
67,46,24,10069.0,18196.0,5360517.8107322,9655954.938493941,0.5533633765662783,0.555151494065308,52,96,0,845.1603076774501,37171.0,5938,31233.0,0.18130428788087682,0.21120820284877262,62,51.16030767745007,794.0,2,1,False,{},{},{},{},0.0,0.0,0.0,0.0,0.0,0.0,0.0,0.0,0.0,0.0,0.0,0.0,0.0,0.0,Leave Event,0.0,"{'node_level': {}, 'link_level': {}, 'path_level': {}}","{'node_level': {}, 'link_level': {}, 'path_level': {}}","{'node_level': {}, 'link_level': {}, 'path_level': {}}",[],0.0,0.0,True,True,False,0,[],0,0.0,,,,,
68,47,25,10462.0,19102.0,5381127.092363775,9703466.412178947,0.5476913412208145,0.5545571926347735,53,97,1,854.0,36265.0,5830,30435.0,0.19619467806424928,0.23136175371249623,67,52.44092018212503,854.0,8,9,True,"{5: np.int64(98), 2: np.int64(72), 4: np.int64(97), 6: np.int64(38), 1: np.int64(99), 0: np.int64(46), 7: np.int64(64), 3: np.int64(20)}","{(2, 5): [(np.int64(72), 89), (89, 91), (91, np.int64(98))], (0, 7): [(np.int64(46), 13), (13, 62), (62, np.int64(64))], (1, 2): [(np.int64(99), 2), (2, np.int64(72))], (0, 6): [(np.int64(46), 39), (39, 8), (8, np.int64(38))], (1, 5): [(np.int64(99), 37), (37, 18), (18, np.int64(98))], (2, 4): [(np.int64(72), 82), (82, np.int64(97))], (4, 6): [(np.int64(97), 80), (80, 42), (42, 45), (45, np.int64(38))], (3, 4): [(np.int64(20), 56), (56, 80), (80, np.int64(97))], (3, 7): [(np.int64(20), 64)]}","{(5, np.int64(98)): {'cpu': 19}, (2, np.int64(72)): {'cpu': 12}, (4, np.int64(97)): {'cpu': 20}, (6, np.int64(38)): {'cpu': 17}, (1, np.int64(99)): {'cpu': 7}, (0, np.int64(46)): {'cpu': 6}, (7, np.int64(64)): {'cpu': 10}, (3, np.int64(20)): {'cpu': 17}}","{((2, 5), (np.int64(72), 89)): {'bw': 43.0}, ((2, 5), (89, 91)): {'bw': 43.0}, ((2, 5), (91, np.int64(98))): {'bw': 43.0}, ((0, 7), (np.int64(46), 13)): {'bw': 42.0}, ((0, 7), (13, 62)): {'bw': 42.0}, ((0, 7), (62, np.int64(64))): {'bw': 42.0}, ((1, 2), (np.int64(99), 2)): {'bw': 42.0}, ((1, 2), (2, np.int64(72))): {'bw': 42.0}, ((0, 6), (np.int64(46), 39)): {'bw': 43.0}, ((0, 6), (39, 8)): {'bw': 43.0}, ((0, 6), (8, np.int64(38))): {'bw': 43.0}, ((1, 5), (np.int64(99), 37)): {'bw': 40.0}, ((1, 5), (37, 18)): {'bw': 40.0}, ((1, 5), (18, np.int64(98))): {'bw': 40.0}, ((2, 4), (np.int64(72), 82)): {'bw': 27.0}, ((2, 4), (82, np.int64(97))): {'bw': 27.0}, ((4, 6), (np.int64(97), 80)): {'bw': 28.0}, ((4, 6), (80, 42)): {'bw': 28.0}, ((4, 6), (42, 45)): {'bw': 28.0}, ((4, 6), (45, np.int64(38))): {'bw': 28.0}, ((3, 4), (np.int64(20), 56)): {'bw': 12.0}, ((3, 4), (56, 80)): {'bw': 12.0}, ((3, 4), (80, np.int64(97))): {'bw': 12.0}, ((3, 7), (np.int64(20), 64)): {'bw': 8.0}}",906.0,393.0,393.0,108.0,285.0,108.0,285.0,108.0,798.0,513.0,0.4337748344370861,47511.47368500528,20609.281631575137,22.747551469729732,Success,0.0,"{'node_level': {}, 'link_level': {}, 'path_level': {}}","{'node_level': {5: {'cpu': -27}, 2: {'cpu': -54}, 4: {'cpu': -45}, 6: {'cpu': -34}, 1: {'cpu': -64}, 0: {'cpu': -64}, 7: {'cpu': -53}, 3: {'cpu': -74}}, 'link_level': {}, 'path_level': {}}","{'node_level': {5: {'cpu': 0}, 2: {'cpu': 0}, 4: {'cpu': 0}, 6: {'cpu': 0}, 1: {'cpu': 0}, 0: {'cpu': 0}, 7: {'cpu': 0}, 3: {'cpu': 0}}, 'link_level': {}, 'path_level': {}}",[],0.0,0.0,True,True,False,0,[],0,0.0,"OrderedDict([((2, 5), 0), ((0, 7), 0), ((1, 2), 0), ((0, 6), 0), ((1, 5), 0), ((2, 4), 0), ((4, 6), 0), ((3, 4), 0), ((3, 7), 0)])",3.0,0.0,8.0,9.0
68,47,24,10462.0,19102.0,5381127.092363775,9703466.412178947,0.5476913412208145,0.5545571926347735,53,98,0,854.1468138150583,36517.0,5865,30652.0,0.1913690886529712,0.2258814021618345,61,76.1468138150583,778.0,4,3,False,{},{},{},{},0.0,0.0,0.0,0.0,0.0,0.0,0.0,0.0,0.0,0.0,0.0,0.0,0.0,0.0,Leave Event,0.0,"{'node_level': {}, 'link_level': {}, 'path_level': {}}","{'node_level': {}, 'link_level': {}, 'path_level': {}}","{'node_level': {}, 'link_level': {}, 'path_level': {}}",[],0.0,0.0,True,True,False,0,[],0,0.0,,,,,
68,47,24,10462.0,19102.0,5381127.092363775,9703466.412178947,0.5476913412208145,0.5545571926347735,53,99,0,865.8178424972212,36517.0,5865,30652.0,0.1913690886529712,0.2258814021618345,50,241.81784249722122,624.0,10,16,False,{},{},{},{},0.0,0.0,0.0,0.0,0.0,0.0,0.0,0.0,0.0,0.0,0.0,0.0,0.0,0.0,Leave Event,0.0,"{'node_level': {}, 'link_level': {}, 'path_level': {}}","{'node_level': {}, 'link_level': {}, 'path_level': {}}","{'node_level': {}, 'link_level': {}, 'path_level': {}}",[],0.0,0.0,True,True,False,0,[],0,0.0,,,,,
69,48,25,10653.0,19473.0,5422607.102604445,9784037.53154695,0.5470651671545217,0.5542299981086724,53,100,1,866.0,36146.0,5801,30345.0,0.20019302357645108,0.23363471057682594,68,217.1728284851835,866.0,6,5,True,"{3: np.int64(90), 5: np.int64(32), 4: np.int64(78), 1: np.int64(60), 0: np.int64(5), 2: np.int64(30)}","{(0, 4): [(np.int64(5), 11), (11, 27), (27, np.int64(78))], (1, 3): [(np.int64(60), 48), (48, np.int64(90))], (2, 3): [(np.int64(30), 90)], (4, 5): [(np.int64(78), 68), (68, 24), (24, np.int64(32))], (2, 5): [(np.int64(30), 37), (37, 99), (99, np.int64(32))]}","{(3, np.int64(90)): {'cpu': 16}, (5, np.int64(32)): {'cpu': 14, 'nic_slots': 1}, (4, np.int64(78)): {'cpu': 6}, (1, np.int64(60)): {'cpu': 14}, (0, np.int64(5)): {'cpu': 7}, (2, np.int64(30)): {'cpu': 7, 'nic_slots': 1}}","{((0, 4), (np.int64(5), 11)): {'bw': 42.0}, ((0, 4), (11, 27)): {'bw': 42.0}, ((0, 4), (27, np.int64(78))): {'bw': 42.0}, ((1, 3), (np.int64(60), 48)): {'bw': 24.0}, ((1, 3), (48, np.int64(90))): {'bw': 24.0}, ((2, 3), (np.int64(30), 90)): {'bw': 25.0}, ((4, 5), (np.int64(78), 68)): {'bw': 22.0}, ((4, 5), (68, 24)): {'bw': 22.0}, ((4, 5), (24, np.int64(32))): {'bw': 22.0}, ((2, 5), (np.int64(30), 37)): {'bw': 14.0}, ((2, 5), (37, 99)): {'bw': 14.0}, ((2, 5), (99, np.int64(32))): {'bw': 14.0}}",371.0,191.0,191.0,64.0,127.0,64.0,127.0,64.0,307.0,180.0,0.5148247978436657,80571.11936800307,41480.010240670046,111.80595752202169,Success,0.0,"{'node_level': {}, 'link_level': {}, 'path_level': {}}","{'node_level': {3: {'cpu': -70}, 5: {'cpu': -65}, 4: {'cpu': -36}, 1: {'cpu': -18}, 0: {'cpu': -29}, 2: {'cpu': -16}}, 'link_level': {}, 'path_level': {}}","{'node_level': {3: {'cpu': 0}, 5: {'cpu': 0}, 4: {'cpu': 0}, 1: {'cpu': 0}, 0: {'cpu': 0}, 2: {'cpu': 0}}, 'link_level': {}, 'path_level': {}}",[],0.0,0.0,True,True,False,0,[],0,0.0,"OrderedDict([((0, 4), 0), ((1, 3), 0), ((2, 3), 0), ((4, 5), 0), ((2, 5), 1)])",0.0,1.0,6.0,5.0
70,49,26,10787.0,19717.0,5465049.098284698,9861319.971442336,0.547091342496323,0.5541904242141095,54,101,1,878.0,35902.0,5762,30140.0,0.2055701089204467,0.23881200121224366,69,316.7313110466631,878.0,6,6,True,"{2: np.int64(69), 1: np.int64(33), 4: np.int64(28), 0: np.int64(34), 3: np.int64(71), 5: np.int64(52)}","{(0, 2): [(np.int64(34), 64), (64, np.int64(69))], (0, 1): [(np.int64(34), 91), (91, np.int64(33))], (0, 4): [(np.int64(34), 91), (91, 76), (76, np.int64(28))], (0, 5): [(np.int64(34), 72), (72, np.int64(52))], (3, 4): [(np.int64(71), 26), (26, np.int64(28))], (2, 3): [(np.int64(69), 79), (79, 4), (4, np.int64(71))]}","{(2, np.int64(69)): {'cpu': 18}, (1, np.int64(33)): {'cpu': 7}, (4, np.int64(28)): {'cpu': 5}, (0, np.int64(34)): {'cpu': 1}, (3, np.int64(71)): {'cpu': 5}, (5, np.int64(52)): {'cpu': 3}}","{((0, 2), (np.int64(34), 64)): {'bw': 31.0}, ((0, 2), (64, np.int64(69))): {'bw': 31.0}, ((0, 1), (np.int64(34), 91)): {'bw': 26.0}, ((0, 1), (91, np.int64(33))): {'bw': 26.0}, ((0, 4), (np.int64(34), 91)): {'bw': 12.0}, ((0, 4), (91, 76)): {'bw': 12.0}, ((0, 4), (76, np.int64(28))): {'bw': 12.0}, ((0, 5), (np.int64(34), 72)): {'bw': 11.0}, ((0, 5), (72, np.int64(52))): {'bw': 11.0}, ((3, 4), (np.int64(71), 26)): {'bw': 12.0}, ((3, 4), (26, np.int64(28))): {'bw': 12.0}, ((2, 3), (np.int64(69), 79)): {'bw': 3.0}, ((2, 3), (79, 4)): {'bw': 3.0}, ((2, 3), (4, np.int64(71))): {'bw': 3.0}}",244.0,134.0,134.0,39.0,95.0,39.0,95.0,39.0,205.0,110.0,0.5491803278688525,77282.4398953858,42441.995680252854,173.94260524693794,Success,0.0,"{'node_level': {}, 'link_level': {}, 'path_level': {}}","{'node_level': {2: {'cpu': -63}, 1: {'cpu': -27}, 4: {'cpu': -29}, 0: {'cpu': -50}, 3: {'cpu': -80}, 5: {'cpu': -66}}, 'link_level': {}, 'path_level': {}}","{'node_level': {2: {'cpu': 0}, 1: {'cpu': 0}, 4: {'cpu': 0}, 0: {'cpu': 0}, 3: {'cpu': 0}, 5: {'cpu': 0}}, 'link_level': {}, 'path_level': {}}",[],0.0,0.0,True,True,False,0,[],0,0.0,"OrderedDict([((0, 2), 0), ((0, 1), 0), ((0, 4), 0), ((0, 5), 0), ((3, 4), 0), ((2, 3), 0)])",1.0,0.0,6.0,6.0
70,49,25,10787.0,19717.0,5465049.098284698,9861319.971442336,0.547091342496323,0.5541904242141095,54,102,0,881.3293595731403,36209.0,5808,30401.0,0.19922790569419546,0.2322204263056874,28,509.3293595731403,372.0,5,5,False,{},{},{},{},0.0,0.0,0.0,0.0,0.0,0.0,0.0,0.0,0.0,0.0,0.0,0.0,0.0,0.0,Leave Event,0.0,"{'node_level': {}, 'link_level': {}, 'path_level': {}}","{'node_level': {}, 'link_level': {}, 'path_level': {}}","{'node_level': {}, 'link_level': {}, 'path_level': {}}",[],0.0,0.0,True,True,False,0,[],0,0.0,,,,,
70,49,24,10787.0,19717.0,5465049.098284698,9861319.971442336,0.547091342496323,0.5541904242141095,54,103,0,886.0407490868499,37469.0,5914,31555.0,0.18461326347718188,0.20307606828972624,60,125.04074908684987,761.0,9,20,False,{},{},{},{},0.0,0.0,0.0,0.0,0.0,0.0,0.0,0.0,0.0,0.0,0.0,0.0,0.0,0.0,Leave Event,0.0,"{'node_level': {}, 'link_level': {}, 'path_level': {}}","{'node_level': {}, 'link_level': {}, 'path_level': {}}","{'node_level': {}, 'link_level': {}, 'path_level': {}}",[],0.0,0.0,True,True,False,0,[],0,0.0,,,,,
71,50,25,10995.0,20146.0,5656381.307899579,10255942.653773028,0.5457659088652834,0.5515223221162093,54,104,1,887.0,37040.0,5849,31191.0,0.1935750723838412,0.2122689160521265,70,919.8663923792355,887.0,5,5,True,"{4: np.int64(18), 3: np.int64(75), 0: np.int64(41), 2: np.int64(1), 1: np.int64(36)}","{(0, 4): [(np.int64(41), 3), (3, np.int64(18))], (2, 4): [(np.int64(1), 77), (77, np.int64(18))], (2, 3): [(np.int64(1), 76), (76, 91), (91, 6), (6, np.int64(75))], (1, 3): [(np.int64(36), 45), (45, np.int64(75))], (1, 4): [(np.int64(36), 32), (32, 18)]}","{(4, np.int64(18)): {'cpu': 19}, (3, np.int64(75)): {'cpu': 18}, (0, np.int64(41)): {'cpu': 18}, (2, np.int64(1)): {'cpu': 6}, (1, np.int64(36)): {'cpu': 4}}","{((0, 4), (np.int64(41), 3)): {'bw': 46.0}, ((0, 4), (3, np.int64(18))): {'bw': 46.0}, ((2, 4), (np.int64(1), 77)): {'bw': 45.0}, ((2, 4), (77, np.int64(18))): {'bw': 45.0}, ((2, 3), (np.int64(1), 76)): {'bw': 39.0}, ((2, 3), (76, 91)): {'bw': 39.0}, ((2, 3), (91, 6)): {'bw': 39.0}, ((2, 3), (6, np.int64(75))): {'bw': 39.0}, ((1, 3), (np.int64(36), 45)): {'bw': 12.0}, ((1, 3), (45, np.int64(75))): {'bw': 12.0}, ((1, 4), (np.int64(36), 32)): {'bw': 1.0}, ((1, 4), (32, 18)): {'bw': 1.0}}",429.0,208.0,208.0,65.0,143.0,65.0,143.0,65.0,364.0,221.0,0.48484848484848486,394622.68233069207,191332.209614881,445.9958266081142,Success,0.0,"{'node_level': {}, 'link_level': {}, 'path_level': {}}","{'node_level': {4: {'cpu': -16}, 3: {'cpu': -50}, 0: {'cpu': -27}, 2: {'cpu': -47}, 1: {'cpu': -62}}, 'link_level': {}, 'path_level': {}}","{'node_level': {4: {'cpu': 0}, 3: {'cpu': 0}, 0: {'cpu': 0}, 2: {'cpu': 0}, 1: {'cpu': 0}}, 'link_level': {}, 'path_level': {}}",[],0.0,0.0,True,True,False,0,[],0,0.0,"OrderedDict([((0, 4), 0), ((2, 4), 0), ((2, 3), 0), ((1, 3), 0), ((1, 4), 0)])",1.0,0.0,5.0,5.0
71,50,24,10995.0,20146.0,5656381.307899579,10255942.653773028,0.5457659088652834,0.5515223221162093,54,105,0,890.0523483119039,37500.0,5925,31575.0,0.18309664966220873,0.20257096676431963,46,322.0523483119039,568.0,6,7,False,{},{},{},{},0.0,0.0,0.0,0.0,0.0,0.0,0.0,0.0,0.0,0.0,0.0,0.0,0.0,0.0,Leave Event,0.0,"{'node_level': {}, 'link_level': {}, 'path_level': {}}","{'node_level': {}, 'link_level': {}, 'path_level': {}}","{'node_level': {}, 'link_level': {}, 'path_level': {}}",[],0.0,0.0,True,True,False,0,[],0,0.0,,,,,
71,50,24,10995.0,20146.0,5656381.307899579,10255942.653773028,0.5457659088652834,0.5515223221162093,54,106,0,901.5638586174298,37500.0,5925,31575.0,0.18309664966220873,0.20257096676431963,47,317.5638586174298,584.0,7,13,False,{},{},{},{},0.0,0.0,0.0,0.0,0.0,0.0,0.0,0.0,0.0,0.0,0.0,0.0,0.0,0.0,Leave Event,0.0,"{'node_level': {}, 'link_level': {}, 'path_level': {}}","{'node_level': {}, 'link_level': {}, 'path_level': {}}","{'node_level': {}, 'link_level': {}, 'path_level': {}}",[],0.0,0.0,True,True,False,0,[],0,0.0,,,,,
71,50,24,10995.0,20146.0,5656381.307899579,10255942.653773028,0.5457659088652834,0.5515223221162093,54,107,0,902.933888040804,37500.0,5925,31575.0,0.18309664966220873,0.20257096676431963,42,380.933888040804,522.0,9,22,False,{},{},{},{},0.0,0.0,0.0,0.0,0.0,0.0,0.0,0.0,0.0,0.0,0.0,0.0,0.0,0.0,Leave Event,0.0,"{'node_level': {}, 'link_level': {}, 'path_level': {}}","{'node_level': {}, 'link_level': {}, 'path_level': {}}","{'node_level': {}, 'link_level': {}, 'path_level': {}}",[],0.0,0.0,True,True,False,0,[],0,0.0,,,,,
72,51,25,11266.0,20569.0,5974830.330588022,10753005.150441704,0.5477174388643103,0.5556428409543347,54,108,1,903.0,37077.0,5844,31233.0,0.19426444229973805,0.21120820284877262,71,1175.088644606799,903.0,6,8,True,"{4: np.int64(91), 5: np.int64(0), 1: np.int64(77), 2: np.int64(36), 3: np.int64(18), 0: np.int64(52)}","{(4, 5): [(np.int64(91), 30), (30, np.int64(0))], (2, 3): [(np.int64(36), 32), (32, np.int64(18))], (1, 4): [(np.int64(77), 91)], (3, 5): [(np.int64(18), 0)], (0, 4): [(np.int64(52), 79), (79, 69), (69, np.int64(91))], (1, 2): [(np.int64(77), 1), (1, np.int64(36))], (1, 5): [(np.int64(77), 18), (18, np.int64(0))], (2, 5): [(np.int64(36), 50), (50, np.int64(0))]}","{(4, np.int64(91)): {'cpu': 19}, (5, np.int64(0)): {'cpu': 17}, (1, np.int64(77)): {'cpu': 18}, (2, np.int64(36)): {'cpu': 17}, (3, np.int64(18)): {'cpu': 9}, (0, np.int64(52)): {'cpu': 1}}","{((4, 5), (np.int64(91), 30)): {'bw': 43.0}, ((4, 5), (30, np.int64(0))): {'bw': 43.0}, ((2, 3), (np.int64(36), 32)): {'bw': 38.0}, ((2, 3), (32, np.int64(18))): {'bw': 38.0}, ((1, 4), (np.int64(77), 91)): {'bw': 33.0}, ((3, 5), (np.int64(18), 0)): {'bw': 27.0}, ((0, 4), (np.int64(52), 79)): {'bw': 22.0}, ((0, 4), (79, 69)): {'bw': 22.0}, ((0, 4), (69, np.int64(91))): {'bw': 22.0}, ((1, 2), (np.int64(77), 1)): {'bw': 11.0}, ((1, 2), (1, np.int64(36))): {'bw': 11.0}, ((1, 5), (np.int64(77), 18)): {'bw': 9.0}, ((1, 5), (18, np.int64(0))): {'bw': 9.0}, ((2, 5), (np.int64(36), 50)): {'bw': 7.0}, ((2, 5), (50, np.int64(0))): {'bw': 7.0}}",423.0,271.0,271.0,81.0,190.0,81.0,190.0,81.0,342.0,152.0,0.640661938534279,497062.49666867603,318449.02268844255,752.8345690034104,Success,0.0,"{'node_level': {}, 'link_level': {}, 'path_level': {}}","{'node_level': {4: {'cpu': -53}, 5: {'cpu': -65}, 1: {'cpu': -4}, 2: {'cpu': -45}, 3: {'cpu': -7}, 0: {'cpu': -82}}, 'link_level': {}, 'path_level': {}}","{'node_level': {4: {'cpu': 0}, 5: {'cpu': 0}, 1: {'cpu': 0}, 2: {'cpu': 0}, 3: {'cpu': 0}, 0: {'cpu': 0}}, 'link_level': {}, 'path_level': {}}",[],0.0,0.0,True,True,False,0,[],0,0.0,"OrderedDict([((4, 5), 0), ((2, 3), 0), ((1, 4), 0), ((3, 5), 0), ((0, 4), 0), ((1, 2), 0), ((1, 5), 0), ((2, 5), 0)])",0.0,0.0,6.0,8.0
72,51,24,11266.0,20569.0,5974830.330588022,10753005.150441704,0.5477174388643103,0.5556428409543347,54,109,0,906.4409201821251,37983.0,5952,32031.0,0.1793740521163656,0.191054651985049,67,52.44092018212503,854.0,8,9,False,{},{},{},{},0.0,0.0,0.0,0.0,0.0,0.0,0.0,0.0,0.0,0.0,0.0,0.0,0.0,0.0,Leave Event,0.0,"{'node_level': {}, 'link_level': {}, 'path_level': {}}","{'node_level': {}, 'link_level': {}, 'path_level': {}}","{'node_level': {}, 'link_level': {}, 'path_level': {}}",[],0.0,0.0,True,True,False,0,[],0,0.0,,,,,
73,52,25,11503.0,20980.0,5979366.855684593,10760872.288900314,0.5482840800762631,0.5556581934210133,54,110,1,911.0,37572.0,5911,31661.0,0.18502688542671997,0.20039903020507122,72,19.141456103673956,911.0,6,9,True,"{2: np.int64(38), 5: np.int64(98), 3: np.int64(91), 4: np.int64(72), 1: np.int64(60), 0: np.int64(52)}","{(3, 5): [(np.int64(91), 98)], (0, 5): [(np.int64(52), 79), (79, 4), (4, np.int64(98))], (1, 3): [(np.int64(60), 89), (89, np.int64(91))], (1, 2): [(np.int64(60), 40), (40, np.int64(38))], (0, 2): [(np.int64(52), 7), (7, np.int64(38))], (2, 4): [(np.int64(38), 2), (2, np.int64(72))], (1, 4): [(np.int64(60), 89), (89, np.int64(72))], (3, 4): [(np.int64(91), 89), (89, np.int64(72))], (2, 5): [(np.int64(38), 45), (45, np.int64(98))]}","{(2, np.int64(38)): {'cpu': 18}, (5, np.int64(98)): {'cpu': 7}, (3, np.int64(91)): {'cpu': 6}, (4, np.int64(72)): {'cpu': 4}, (1, np.int64(60)): {'cpu': 3}, (0, np.int64(52)): {'cpu': 3}}","{((3, 5), (np.int64(91), 98)): {'bw': 45.0}, ((0, 5), (np.int64(52), 79)): {'bw': 23.0}, ((0, 5), (79, 4)): {'bw': 23.0}, ((0, 5), (4, np.int64(98))): {'bw': 23.0}, ((1, 3), (np.int64(60), 89)): {'bw': 22.0}, ((1, 3), (89, np.int64(91))): {'bw': 22.0}, ((1, 2), (np.int64(60), 40)): {'bw': 24.0}, ((1, 2), (40, np.int64(38))): {'bw': 24.0}, ((0, 2), (np.int64(52), 7)): {'bw': 20.0}, ((0, 2), (7, np.int64(38))): {'bw': 20.0}, ((2, 4), (np.int64(38), 2)): {'bw': 23.0}, ((2, 4), (2, np.int64(72))): {'bw': 23.0}, ((1, 4), (np.int64(60), 89)): {'bw': 13.0}, ((1, 4), (89, np.int64(72))): {'bw': 13.0}, ((3, 4), (np.int64(91), 89)): {'bw': 15.0}, ((3, 4), (89, np.int64(72))): {'bw': 15.0}, ((2, 5), (np.int64(38), 45)): {'bw': 11.0}, ((2, 5), (45, np.int64(98))): {'bw': 11.0}}",411.0,237.0,237.0,41.0,196.0,41.0,196.0,41.0,370.0,174.0,0.5766423357664233,7867.138458609996,4536.525096570727,11.03777395759301,Success,0.0,"{'node_level': {}, 'link_level': {}, 'path_level': {}}","{'node_level': {2: {'cpu': -41}, 5: {'cpu': -39}, 3: {'cpu': -47}, 4: {'cpu': -62}, 1: {'cpu': -31}, 0: {'cpu': -79}}, 'link_level': {}, 'path_level': {}}","{'node_level': {2: {'cpu': 0}, 5: {'cpu': 0}, 3: {'cpu': 0}, 4: {'cpu': 0}, 1: {'cpu': 0}, 0: {'cpu': 0}}, 'link_level': {}, 'path_level': {}}",[],0.0,0.0,True,True,False,0,[],0,0.0,"OrderedDict([((3, 5), 0), ((0, 5), 0), ((1, 3), 0), ((1, 2), 0), ((0, 2), 0), ((2, 4), 0), ((1, 4), 0), ((3, 4), 0), ((2, 5), 0)])",0.0,0.0,6.0,9.0
73,52,24,11503.0,20980.0,5979366.855684593,10760872.288900314,0.5482840800762631,0.5556581934210133,54,111,0,918.5140050681475,37686.0,5955,31731.0,0.1789604301668275,0.19863117486614812,55,218.5140050681475,700.0,3,2,False,{},{},{},{},0.0,0.0,0.0,0.0,0.0,0.0,0.0,0.0,0.0,0.0,0.0,0.0,0.0,0.0,Leave Event,0.0,"{'node_level': {}, 'link_level': {}, 'path_level': {}}","{'node_level': {}, 'link_level': {}, 'path_level': {}}","{'node_level': {}, 'link_level': {}, 'path_level': {}}",[],0.0,0.0,True,True,False,0,[],0,0.0,,,,,
73,52,23,11503.0,20980.0,5979366.855684593,10760872.288900314,0.5482840800762631,0.5556581934210133,54,112,0,919.2543241744426,38228.0,6030,32198.0,0.16861988142837447,0.18683705424790387,22,608.2543241744426,311.0,5,7,False,{},{},{},{},0.0,0.0,0.0,0.0,0.0,0.0,0.0,0.0,0.0,0.0,0.0,0.0,0.0,0.0,Leave Event,0.0,"{'node_level': {}, 'link_level': {}, 'path_level': {}}","{'node_level': {}, 'link_level': {}, 'path_level': {}}","{'node_level': {}, 'link_level': {}, 'path_level': {}}",[],0.0,0.0,True,True,False,0,[],0,0.0,,,,,
74,52,23,11503.0,20980.0,5979366.855684593,10760872.288900314,0.5482840800762631,0.5556581934210133,54,113,1,925.0,38228.0,6030,32198.0,0.16861988142837447,0.18683705424790387,73,354.95896188308075,925.0,10,24,False,"{9: np.int64(60), 2: np.int64(5), 5: np.int64(80), 8: np.int64(95), 0: np.int64(53), 7: np.int64(81), 6: np.int64(97), 4: np.int64(30), 1: np.int64(59), 3: np.int64(42)}","{(4, 6): [(np.int64(30), 51), (51, 82), (82, np.int64(97))], (4, 9): [(np.int64(30), 40), (40, np.int64(60))], (8, 9): [(np.int64(95), 33), (33, 46), (46, np.int64(60))], (5, 9): [(np.int64(80), 60)], (3, 8): [(np.int64(42), 70), (70, 95)], (2, 7): [(np.int64(5), 90), (90, 59), (59, np.int64(81))], (0, 1): [(np.int64(53), 84), (84, 97), (97, 77), (77, np.int64(59))], (5, 8): [(np.int64(80), 81), (81, 26), (26, np.int64(95))], (1, 2): [(np.int64(59), 79), (79, np.int64(5))], (1, 9): [(np.int64(59), 60)], (3, 7): [(np.int64(42), 80), (80, np.int64(81))]}","{(9, np.int64(60)): {'cpu': 15}, (2, np.int64(5)): {'cpu': 16}, (5, np.int64(80)): {'cpu': 11}, (8, np.int64(95)): {'cpu': 6}, (0, np.int64(53)): {'cpu': 12}, (7, np.int64(81)): {'cpu': 6}, (6, np.int64(97)): {'cpu': 7}, (4, np.int64(30)): {'cpu': 6}, (1, np.int64(59)): {'cpu': 3}, (3, np.int64(42)): {'cpu': 3}}","{((4, 6), (np.int64(30), 51)): {'bw': 49.0}, ((4, 6), (51, 82)): {'bw': 49.0}, ((4, 6), (82, np.int64(97))): {'bw': 49.0}, ((4, 9), (np.int64(30), 40)): {'bw': 46.0}, ((4, 9), (40, np.int64(60))): {'bw': 46.0}, ((8, 9), (np.int64(95), 33)): {'bw': 46.0}, ((8, 9), (33, 46)): {'bw': 46.0}, ((8, 9), (46, np.int64(60))): {'bw': 46.0}, ((5, 9), (np.int64(80), 60)): {'bw': 42.0}, ((3, 8), (np.int64(42), 70)): {'bw': 43.0}, ((3, 8), (70, 95)): {'bw': 43.0}, ((2, 7), (np.int64(5), 90)): {'bw': 37.0}, ((2, 7), (90, 59)): {'bw': 37.0}, ((2, 7), (59, np.int64(81))): {'bw': 37.0}, ((0, 1), (np.int64(53), 84)): {'bw': 35.0}, ((0, 1), (84, 97)): {'bw': 35.0}, ((0, 1), (97, 77)): {'bw': 35.0}, ((0, 1), (77, np.int64(59))): {'bw': 35.0}, ((5, 8), (np.int64(80), 81)): {'bw': 38.0}, ((5, 8), (81, 26)): {'bw': 38.0}, ((5, 8), (26, np.int64(95))): {'bw': 38.0}, ((1, 2), (np.int64(59), 79)): {'bw': 32.0}, ((1, 2), (79, np.int64(5))): {'bw': 32.0}, ((1, 9), (np.int64(59), 60)): {'bw': 35.0}, ((3, 7), (np.int64(42), 80)): {'bw': 31.0}, ((3, 7), (80, np.int64(81))): {'bw': 31.0}}",0.0,0.0,689.0,85.0,604.0,0.0,0.0,0.0,0.0,0.0,0.0,0.0,0.0,0.0,Route Failure,0.0,"{'node_level': {}, 'link_level': {}, 'path_level': {}}","{'node_level': {9: {'cpu': -36}, 2: {'cpu': -35}, 5: {'cpu': -35}, 8: {'cpu': -70}, 0: {'cpu': -57}, 7: {'cpu': -86}, 6: {'cpu': -58}, 4: {'cpu': -10}, 1: {'cpu': -75}, 3: {'cpu': -74}}, 'link_level': {}, 'path_level': {}}","{'node_level': {9: {'cpu': 0}, 2: {'cpu': 0}, 5: {'cpu': 0}, 8: {'cpu': 0}, 0: {'cpu': 0}, 7: {'cpu': 0}, 6: {'cpu': 0}, 4: {'cpu': 0}, 1: {'cpu': 0}, 3: {'cpu': 0}}, 'link_level': {}, 'path_level': {}}",[],0.0,0.0,True,False,False,0,[],0,0.0,"OrderedDict([((4, 6), 0), ((4, 9), 0), ((8, 9), 0), ((5, 9), 0), ((3, 8), 0), ((2, 7), 0), ((0, 1), 0), ((5, 8), 0), ((1, 2), 0), ((1, 9), 0), ((3, 7), 0)])",0.0,0.0,10.0,11.0
74,52,22,11503.0,20980.0,5979366.855684593,10760872.288900314,0.5482840800762631,0.5556581934210133,54,114,0,930.1414561036739,38639.0,6071,32568.0,0.1629670481180201,0.17749267602788166,72,19.141456103673956,911.0,6,9,False,{},{},{},{},0.0,0.0,0.0,0.0,0.0,0.0,0.0,0.0,0.0,0.0,0.0,0.0,0.0,0.0,Leave Event,0.0,"{'node_level': {}, 'link_level': {}, 'path_level': {}}","{'node_level': {}, 'link_level': {}, 'path_level': {}}","{'node_level': {}, 'link_level': {}, 'path_level': {}}",[],0.0,0.0,True,True,False,0,[],0,0.0,,,,,
75,52,22,11503.0,20980.0,5979366.855684593,10760872.288900314,0.5482840800762631,0.5556581934210133,54,115,1,936.0,38639.0,6071,32568.0,0.1629670481180201,0.17749267602788166,74,91.26929800172978,936.0,6,10,False,"{4: np.int64(60), 2: np.int64(46), 0: np.int64(38), 3: np.int64(40), 5: np.int64(5), 1: np.int64(18)}","{(2, 5): [(np.int64(46), 18), (18, np.int64(5))], (2, 4): [(np.int64(46), 60)]}","{(4, np.int64(60)): {'cpu': 12}, (2, np.int64(46)): {'cpu': 10}, (0, np.int64(38)): {'cpu': 11}, (3, np.int64(40)): {'cpu': 14}, (5, np.int64(5)): {'cpu': 9}, (1, np.int64(18)): {'cpu': 5}}","{((2, 5), (np.int64(46), 18)): {'bw': 50.0}, ((2, 5), (18, np.int64(5))): {'bw': 50.0}, ((2, 4), (np.int64(46), 60)): {'bw': 49.0}}",0.0,0.0,442.0,61.0,381.0,0.0,0.0,0.0,0.0,0.0,0.0,0.0,0.0,0.0,Route Failure,0.0,"{'node_level': {}, 'link_level': {}, 'path_level': {}}","{'node_level': {4: {'cpu': -42}, 2: {'cpu': -60}, 0: {'cpu': -48}, 3: {'cpu': -55}, 5: {'cpu': -42}, 1: {'cpu': -11}}, 'link_level': {}, 'path_level': {}}","{'node_level': {4: {'cpu': 0}, 2: {'cpu': 0}, 0: {'cpu': 0}, 3: {'cpu': 0}, 5: {'cpu': 0}, 1: {'cpu': 0}}, 'link_level': {}, 'path_level': {}}",[],0.0,0.0,True,False,False,0,[],0,0.0,"OrderedDict([((2, 5), 0), ((2, 4), 0)])",0.0,0.0,6.0,2.0
75,52,22,11503.0,20980.0,5979366.855684593,10760872.288900314,0.5482840800762631,0.5556581934210133,54,116,0,941.5650443266699,38639.0,6071,32568.0,0.1629670481180201,0.17749267602788166,59,193.5650443266699,748.0,8,15,False,{},{},{},{},0.0,0.0,0.0,0.0,0.0,0.0,0.0,0.0,0.0,0.0,0.0,0.0,0.0,0.0,Leave Event,0.0,"{'node_level': {}, 'link_level': {}, 'path_level': {}}","{'node_level': {}, 'link_level': {}, 'path_level': {}}","{'node_level': {}, 'link_level': {}, 'path_level': {}}",[],0.0,0.0,True,True,False,0,[],0,0.0,,,,,
75,52,21,11503.0,20980.0,5979366.855684593,10760872.288900314,0.5482840800762631,0.5556581934210133,54,117,0,941.93070725741,38954.0,6115,32839.0,0.15690059285812763,0.17064855035862203,40,443.93070725741,498.0,5,7,False,{},{},{},{},0.0,0.0,0.0,0.0,0.0,0.0,0.0,0.0,0.0,0.0,0.0,0.0,0.0,0.0,Leave Event,0.0,"{'node_level': {}, 'link_level': {}, 'path_level': {}}","{'node_level': {}, 'link_level': {}, 'path_level': {}}","{'node_level': {}, 'link_level': {}, 'path_level': {}}",[],0.0,0.0,True,True,False,0,[],0,0.0,,,,,
76,53,22,11785.0,21399.0,6192251.963837256,11077180.304205157,0.5507266694705361,0.559009765462293,54,118,1,944.0,38535.0,6062,32473.0,0.16420791396663448,0.17989190827356294,75,754.9117310378111,944.0,5,9,True,"{2: np.int64(38), 1: np.int64(60), 3: np.int64(43), 4: np.int64(5), 0: np.int64(98)}","{(1, 2): [(np.int64(60), 40), (40, np.int64(38))], (0, 2): [(np.int64(98), 91), (91, np.int64(38))], (0, 1): [(np.int64(98), 60)], (0, 3): [(np.int64(98), 43)], (1, 4): [(np.int64(60), 5)], (2, 4): [(np.int64(38), 19), (19, np.int64(5))], (2, 3): [(np.int64(38), 0), (0, np.int64(43))], (3, 4): [(np.int64(43), 11), (11, np.int64(5))], (0, 4): [(np.int64(98), 90), (90, np.int64(5))]}","{(2, np.int64(38)): {'cpu': 13}, (1, np.int64(60)): {'cpu': 12}, (3, np.int64(43)): {'cpu': 16}, (4, np.int64(5)): {'cpu': 9}, (0, np.int64(98)): {'cpu': 3}}","{((1, 2), (np.int64(60), 40)): {'bw': 48.0}, ((1, 2), (40, np.int64(38))): {'bw': 48.0}, ((0, 2), (np.int64(98), 91)): {'bw': 46.0}, ((0, 2), (91, np.int64(38))): {'bw': 46.0}, ((0, 1), (np.int64(98), 60)): {'bw': 41.0}, ((0, 3), (np.int64(98), 43)): {'bw': 33.0}, ((1, 4), (np.int64(60), 5)): {'bw': 18.0}, ((2, 4), (np.int64(38), 19)): {'bw': 17.0}, ((2, 4), (19, np.int64(5))): {'bw': 17.0}, ((2, 3), (np.int64(38), 0)): {'bw': 13.0}, ((2, 3), (0, np.int64(43))): {'bw': 13.0}, ((3, 4), (np.int64(43), 11)): {'bw': 12.0}, ((3, 4), (11, np.int64(5))): {'bw': 12.0}, ((0, 4), (np.int64(98), 90)): {'bw': 1.0}, ((0, 4), (90, np.int64(5))): {'bw': 1.0}}",419.0,282.0,282.0,53.0,229.0,53.0,229.0,53.0,366.0,137.0,0.6730310262529833,316308.01530484285,212885.10815266275,508.0790170707941,Success,0.0,"{'node_level': {}, 'link_level': {}, 'path_level': {}}","{'node_level': {2: {'cpu': -62}, 1: {'cpu': -42}, 3: {'cpu': -38}, 4: {'cpu': -42}, 0: {'cpu': -43}}, 'link_level': {}, 'path_level': {}}","{'node_level': {2: {'cpu': 0}, 1: {'cpu': 0}, 3: {'cpu': 0}, 4: {'cpu': 0}, 0: {'cpu': 0}}, 'link_level': {}, 'path_level': {}}",[],0.0,0.0,True,True,False,0,[],0,0.0,"OrderedDict([((1, 2), 0), ((0, 2), 0), ((0, 1), 0), ((0, 3), 0), ((1, 4), 0), ((2, 4), 0), ((2, 3), 0), ((3, 4), 0), ((0, 4), 0)])",1.0,0.0,5.0,9.0
77,53,22,11785.0,21399.0,6192251.963837256,11077180.304205157,0.5507266694705361,0.559009765462293,54,119,1,957.0,38535.0,6062,32473.0,0.16420791396663448,0.17989190827356294,76,1000.9932579629997,957.0,9,22,False,"{0: np.int64(38), 1: np.int64(80), 2: np.int64(18), 5: np.int64(53), 7: np.int64(95), 8: np.int64(81), 6: np.int64(72), 4: np.int64(97), 3: np.int64(60)}","{(1, 5): [(np.int64(80), 81), (81, np.int64(53))], (0, 7): [(np.int64(38), 41), (41, np.int64(95))], (2, 5): [(np.int64(18), 53)], (1, 8): [(np.int64(80), 97), (97, 9), (9, np.int64(81))], (0, 4): [(np.int64(38), 2), (2, 80), (80, np.int64(97))], (3, 6): [(np.int64(60), 89), (89, np.int64(72))], (0, 5): [(np.int64(38), 45), (45, 30), (30, np.int64(53))], (4, 7): [(np.int64(97), 84), (84, 53), (53, np.int64(95))], (1, 3): [(np.int64(80), 60)]}","{(0, np.int64(38)): {'cpu': 18}, (1, np.int64(80)): {'cpu': 13}, (2, np.int64(18)): {'cpu': 13}, (5, np.int64(53)): {'cpu': 7}, (7, np.int64(95)): {'cpu': 10}, (8, np.int64(81)): {'cpu': 9}, (6, np.int64(72)): {'cpu': 4}, (4, np.int64(97)): {'cpu': 1}, (3, np.int64(60)): {'cpu': 1}}","{((1, 5), (np.int64(80), 81)): {'bw': 45.0}, ((1, 5), (81, np.int64(53))): {'bw': 45.0}, ((0, 7), (np.int64(38), 41)): {'bw': 43.0}, ((0, 7), (41, np.int64(95))): {'bw': 43.0}, ((2, 5), (np.int64(18), 53)): {'bw': 40.0}, ((1, 8), (np.int64(80), 97)): {'bw': 39.0}, ((1, 8), (97, 9)): {'bw': 39.0}, ((1, 8), (9, np.int64(81))): {'bw': 39.0}, ((0, 4), (np.int64(38), 2)): {'bw': 36.0}, ((0, 4), (2, 80)): {'bw': 36.0}, ((0, 4), (80, np.int64(97))): {'bw': 36.0}, ((3, 6), (np.int64(60), 89)): {'bw': 27.0}, ((3, 6), (89, np.int64(72))): {'bw': 27.0}, ((0, 5), (np.int64(38), 45)): {'bw': 30.0}, ((0, 5), (45, 30)): {'bw': 30.0}, ((0, 5), (30, np.int64(53))): {'bw': 30.0}, ((4, 7), (np.int64(97), 84)): {'bw': 29.0}, ((4, 7), (84, 53)): {'bw': 29.0}, ((4, 7), (53, np.int64(95))): {'bw': 29.0}, ((1, 3), (np.int64(80), 60)): {'bw': 26.0}}",0.0,0.0,580.0,76.0,504.0,0.0,0.0,0.0,0.0,0.0,0.0,0.0,0.0,0.0,Route Failure,0.0,"{'node_level': {}, 'link_level': {}, 'path_level': {}}","{'node_level': {0: {'cpu': -44}, 1: {'cpu': -33}, 2: {'cpu': -3}, 5: {'cpu': -62}, 7: {'cpu': -66}, 8: {'cpu': -83}, 6: {'cpu': -62}, 4: {'cpu': -64}, 3: {'cpu': -41}}, 'link_level': {}, 'path_level': {}}","{'node_level': {0: {'cpu': 0}, 1: {'cpu': 0}, 2: {'cpu': 0}, 5: {'cpu': 0}, 7: {'cpu': 0}, 8: {'cpu': 0}, 6: {'cpu': 0}, 4: {'cpu': 0}, 3: {'cpu': 0}}, 'link_level': {}, 'path_level': {}}",[],0.0,0.0,True,False,False,0,[],0,0.0,"OrderedDict([((1, 5), 0), ((0, 7), 0), ((2, 5), 0), ((1, 8), 0), ((0, 4), 0), ((3, 6), 0), ((0, 5), 0), ((4, 7), 0), ((1, 3), 0)])",1.0,0.0,9.0,9.0
77,53,21,11785.0,21399.0,6192251.963837256,11077180.304205157,0.5507266694705361,0.559009765462293,54,120,0,963.8039764206146,38660.0,6095,32565.0,0.15965807252171516,0.17756844125669258,30,569.8039764206146,394.0,3,3,False,{},{},{},{},0.0,0.0,0.0,0.0,0.0,0.0,0.0,0.0,0.0,0.0,0.0,0.0,0.0,0.0,Leave Event,0.0,"{'node_level': {}, 'link_level': {}, 'path_level': {}}","{'node_level': {}, 'link_level': {}, 'path_level': {}}","{'node_level': {}, 'link_level': {}, 'path_level': {}}",[],0.0,0.0,True,True,False,0,[],0,0.0,,,,,
77,53,20,11785.0,21399.0,6192251.963837256,11077180.304205157,0.5507266694705361,0.559009765462293,54,121,0,965.7829559503477,39355.0,6171,33184.0,0.1491796498000827,0.16193554904535812,64,150.78295595034774,815.0,7,12,False,{},{},{},{},0.0,0.0,0.0,0.0,0.0,0.0,0.0,0.0,0.0,0.0,0.0,0.0,0.0,0.0,Leave Event,0.0,"{'node_level': {}, 'link_level': {}, 'path_level': {}}","{'node_level': {}, 'link_level': {}, 'path_level': {}}","{'node_level': {}, 'link_level': {}, 'path_level': {}}",[],0.0,0.0,True,True,False,0,[],0,0.0,,,,,
78,54,21,12083.0,21978.0,6271222.392515255,11230616.13710637,0.5497770497770498,0.5584041263590966,55,122,1,975.0,38776.0,6111,32665.0,0.15745208879084516,0.17504293362965961,77,265.0014385167753,975.0,7,9,True,"{6: np.int64(95), 2: np.int64(38), 4: np.int64(10), 3: np.int64(53), 1: np.int64(80), 5: np.int64(97), 0: np.int64(81)}","{(3, 6): [(np.int64(53), 95)], (4, 5): [(np.int64(10), 68), (68, np.int64(97))], (1, 6): [(np.int64(80), 81), (81, 26), (26, np.int64(95))], (2, 4): [(np.int64(38), 41), (41, np.int64(10))], (0, 6): [(np.int64(81), 53), (53, 33), (33, np.int64(95))], (0, 2): [(np.int64(81), 25), (25, 11), (11, np.int64(38))], (2, 3): [(np.int64(38), 43), (43, np.int64(53))], (4, 6): [(np.int64(10), 41), (41, np.int64(95))], (3, 5): [(np.int64(53), 84), (84, np.int64(97))]}","{(6, np.int64(95)): {'cpu': 16}, (2, np.int64(38)): {'cpu': 15}, (4, np.int64(10)): {'cpu': 11}, (3, np.int64(53)): {'cpu': 5}, (1, np.int64(80)): {'cpu': 7}, (5, np.int64(97)): {'cpu': 4}, (0, np.int64(81)): {'cpu': 2}}","{((3, 6), (np.int64(53), 95)): {'bw': 50.0}, ((4, 5), (np.int64(10), 68)): {'bw': 43.0}, ((4, 5), (68, np.int64(97))): {'bw': 43.0}, ((1, 6), (np.int64(80), 81)): {'bw': 39.0}, ((1, 6), (81, 26)): {'bw': 39.0}, ((1, 6), (26, np.int64(95))): {'bw': 39.0}, ((2, 4), (np.int64(38), 41)): {'bw': 35.0}, ((2, 4), (41, np.int64(10))): {'bw': 35.0}, ((0, 6), (np.int64(81), 53)): {'bw': 31.0}, ((0, 6), (53, 33)): {'bw': 31.0}, ((0, 6), (33, np.int64(95))): {'bw': 31.0}, ((0, 2), (np.int64(81), 25)): {'bw': 23.0}, ((0, 2), (25, 11)): {'bw': 23.0}, ((0, 2), (11, np.int64(38))): {'bw': 23.0}, ((2, 3), (np.int64(38), 43)): {'bw': 12.0}, ((2, 3), (43, np.int64(53))): {'bw': 12.0}, ((4, 6), (np.int64(10), 41)): {'bw': 1.0}, ((4, 6), (41, np.int64(95))): {'bw': 1.0}, ((3, 5), (np.int64(53), 84)): {'bw': 4.0}, ((3, 5), (84, np.int64(97))): {'bw': 4.0}}",579.0,298.0,298.0,60.0,238.0,60.0,238.0,60.0,519.0,281.0,0.5146804835924007,153435.83290121288,78970.42867799904,136.39106852849577,Success,0.0,"{'node_level': {}, 'link_level': {}, 'path_level': {}}","{'node_level': {6: {'cpu': -69}, 2: {'cpu': -51}, 4: {'cpu': -61}, 3: {'cpu': -64}, 1: {'cpu': -39}, 5: {'cpu': -61}, 0: {'cpu': -90}}, 'link_level': {}, 'path_level': {}}","{'node_level': {6: {'cpu': 0}, 2: {'cpu': 0}, 4: {'cpu': 0}, 3: {'cpu': 0}, 1: {'cpu': 0}, 5: {'cpu': 0}, 0: {'cpu': 0}}, 'link_level': {}, 'path_level': {}}",[],0.0,0.0,True,True,False,0,[],0,0.0,"OrderedDict([((3, 6), 0), ((4, 5), 0), ((1, 6), 0), ((2, 4), 0), ((0, 6), 0), ((0, 2), 0), ((2, 3), 0), ((4, 6), 0), ((3, 5), 0)])",0.0,0.0,7.0,9.0
79,55,22,12344.0,22470.0,6290900.619699902,11267710.726282025,0.5493546951490876,0.5583122226439774,55,123,1,982.0,38284.0,6045,32239.0,0.1665517716806838,0.18580159612082026,78,75.39550645458432,982.0,7,9,True,"{2: np.int64(3), 1: np.int64(18), 4: np.int64(10), 5: np.int64(72), 3: np.int64(80), 6: np.int64(60), 0: np.int64(95)}","{(0, 1): [(np.int64(95), 88), (88, 83), (83, np.int64(18))], (2, 5): [(np.int64(3), 10), (10, 89), (89, np.int64(72))], (1, 6): [(np.int64(18), 46), (46, np.int64(60))], (2, 6): [(np.int64(3), 60)], (0, 5): [(np.int64(95), 26), (26, np.int64(72))], (3, 6): [(np.int64(80), 60)], (2, 4): [(np.int64(3), 10)], (1, 4): [(np.int64(18), 37), (37, np.int64(10))], (4, 5): [(np.int64(10), 85), (85, 77), (77, 1), (1, np.int64(72))]}","{(2, np.int64(3)): {'cpu': 9}, (1, np.int64(18)): {'cpu': 8}, (4, np.int64(10)): {'cpu': 15, 'nic_slots': 1}, (5, np.int64(72)): {'cpu': 8, 'nic_slots': 1}, (3, np.int64(80)): {'cpu': 19}, (6, np.int64(60)): {'cpu': 3}, (0, np.int64(95)): {'cpu': 4}}","{((0, 1), (np.int64(95), 88)): {'bw': 35.0}, ((0, 1), (88, 83)): {'bw': 35.0}, ((0, 1), (83, np.int64(18))): {'bw': 35.0}, ((2, 5), (np.int64(3), 10)): {'bw': 34.0}, ((2, 5), (10, 89)): {'bw': 34.0}, ((2, 5), (89, np.int64(72))): {'bw': 34.0}, ((1, 6), (np.int64(18), 46)): {'bw': 29.0}, ((1, 6), (46, np.int64(60))): {'bw': 29.0}, ((2, 6), (np.int64(3), 60)): {'bw': 27.0}, ((0, 5), (np.int64(95), 26)): {'bw': 17.0}, ((0, 5), (26, np.int64(72))): {'bw': 17.0}, ((3, 6), (np.int64(80), 60)): {'bw': 14.0}, ((2, 4), (np.int64(3), 10)): {'bw': 14.0}, ((1, 4), (np.int64(18), 37)): {'bw': 14.0}, ((1, 4), (37, np.int64(10))): {'bw': 14.0}, ((4, 5), (np.int64(10), 85)): {'bw': 11.0}, ((4, 5), (85, 77)): {'bw': 11.0}, ((4, 5), (77, 1)): {'bw': 11.0}, ((4, 5), (1, np.int64(72))): {'bw': 11.0}}",492.0,261.0,261.0,66.0,195.0,66.0,195.0,66.0,426.0,231.0,0.5304878048780488,37094.589175655485,19678.22718464651,39.9963967167612,Success,0.0,"{'node_level': {}, 'link_level': {}, 'path_level': {}}","{'node_level': {2: {'cpu': -44}, 1: {'cpu': -8}, 4: {'cpu': -46}, 5: {'cpu': -58}, 3: {'cpu': -20}, 6: {'cpu': -39}, 0: {'cpu': -65}}, 'link_level': {}, 'path_level': {}}","{'node_level': {2: {'cpu': 0}, 1: {'cpu': 0}, 4: {'cpu': 0}, 5: {'cpu': 0}, 3: {'cpu': 0}, 6: {'cpu': 0}, 0: {'cpu': 0}}, 'link_level': {}, 'path_level': {}}",[],0.0,0.0,True,True,False,0,[],0,0.0,"OrderedDict([((0, 1), 0), ((2, 5), 0), ((1, 6), 0), ((2, 6), 0), ((0, 5), 0), ((3, 6), 0), ((2, 4), 0), ((1, 4), 0), ((4, 5), 1)])",2.0,1.0,7.0,9.0
80,56,23,12387.0,22544.0,6291627.035564483,11268960.837304791,0.549458836053939,0.5583147484847643,55,124,1,994.0,38210.0,6033,32177.0,0.16820625947883638,0.18736741084958075,79,16.89339219956097,994.0,2,1,True,"{0: np.int64(9), 1: np.int64(59)}","{(0, 1): [(np.int64(9), 81), (81, np.int64(59))]}","{(0, np.int64(9)): {'cpu': 7}, (1, np.int64(59)): {'cpu': 5}}","{((0, 1), (np.int64(9), 81)): {'bw': 31.0}, ((0, 1), (81, np.int64(59))): {'bw': 31.0}}",74.0,43.0,43.0,12.0,31.0,12.0,31.0,12.0,62.0,31.0,0.581081081081081,1250.111022767512,726.4158645811217,9.816430602447591,Success,0.0,"{'node_level': {}, 'link_level': {}, 'path_level': {}}","{'node_level': {0: {'cpu': -90}, 1: {'cpu': -73}}, 'link_level': {}, 'path_level': {}}","{'node_level': {0: {'cpu': 0}, 1: {'cpu': 0}}, 'link_level': {}, 'path_level': {}}",[],0.0,0.0,True,True,False,0,[],0,0.0,"OrderedDict([((0, 1), 0)])",0.0,0.0,2.0,1.0
81,57,24,12507.0,22706.0,6534617.856569718,11596998.445661858,0.5508235708623271,0.5634749273433034,55,125,1,1009.0,38048.0,5984,32064.0,0.1749620846546257,0.1902212344681281,80,2024.9235083769545,1009.0,3,2,True,"{2: np.int64(38), 1: np.int64(54), 0: np.int64(2)}","{(1, 2): [(np.int64(54), 7), (7, np.int64(38))], (0, 2): [(np.int64(2), 38)]}","{(2, np.int64(38)): {'cpu': 15}, (1, np.int64(54)): {'cpu': 19}, (0, np.int64(2)): {'cpu': 15}}","{((1, 2), (np.int64(54), 7)): {'bw': 42.0}, ((1, 2), (7, np.int64(38))): {'bw': 42.0}, ((0, 2), (np.int64(2), 38)): {'bw': 29.0}}",162.0,120.0,120.0,49.0,71.0,49.0,71.0,49.0,113.0,42.0,0.7407407407407407,328037.60835706664,242990.82100523455,1499.9433395384847,Success,0.0,"{'node_level': {}, 'link_level': {}, 'path_level': {}}","{'node_level': {2: {'cpu': -36}, 1: {'cpu': -65}, 0: {'cpu': -35}}, 'link_level': {}, 'path_level': {}}","{'node_level': {2: {'cpu': 0}, 1: {'cpu': 0}, 0: {'cpu': 0}}, 'link_level': {}, 'path_level': {}}",[],0.0,0.0,True,True,False,0,[],0,0.0,"OrderedDict([((1, 2), 0), ((0, 2), 0)])",0.0,0.0,3.0,2.0
81,57,23,12507.0,22706.0,6534617.856569718,11596998.445661858,0.5508235708623271,0.5634749273433034,55,126,0,1010.8933921995609,38122.0,5996,32126.0,0.17330759685647323,0.1886554197393676,79,16.89339219956097,994.0,2,1,False,{},{},{},{},0.0,0.0,0.0,0.0,0.0,0.0,0.0,0.0,0.0,0.0,0.0,0.0,0.0,0.0,Leave Event,0.0,"{'node_level': {}, 'link_level': {}, 'path_level': {}}","{'node_level': {}, 'link_level': {}, 'path_level': {}}","{'node_level': {}, 'link_level': {}, 'path_level': {}}",[],0.0,0.0,True,True,False,0,[],0,0.0,,,,,
81,57,22,12507.0,22706.0,6534617.856569718,11596998.445661858,0.5508235708623271,0.5634749273433034,55,127,0,1012.6410145895702,38239.0,6028,32211.0,0.16889562939473324,0.18650873825638958,36,562.6410145895702,450.0,3,3,False,{},{},{},{},0.0,0.0,0.0,0.0,0.0,0.0,0.0,0.0,0.0,0.0,0.0,0.0,0.0,0.0,Leave Event,0.0,"{'node_level': {}, 'link_level': {}, 'path_level': {}}","{'node_level': {}, 'link_level': {}, 'path_level': {}}","{'node_level': {}, 'link_level': {}, 'path_level': {}}",[],0.0,0.0,True,True,False,0,[],0,0.0,,,,,
82,57,22,12507.0,22706.0,6534617.856569718,11596998.445661858,0.5508235708623271,0.5634749273433034,55,128,1,1024.0,38239.0,6028,32211.0,0.16889562939473324,0.18650873825638958,81,233.63628162851163,1024.0,7,11,False,"{2: np.int64(13), 3: np.int64(25), 0: np.int64(9), 1: np.int64(59), 6: np.int64(95), 4: np.int64(53), 5: np.int64(85)}","{(1, 3): [(np.int64(59), 81), (81, np.int64(25))], (2, 4): [(np.int64(13), 30), (30, np.int64(53))], (0, 6): [(np.int64(9), 29), (29, 11), (11, 25), (25, np.int64(95))], (0, 5): [(np.int64(9), 53), (53, 30), (30, np.int64(85))], (2, 6): [(np.int64(13), 95)], (3, 4): [(np.int64(25), 84), (84, np.int64(53))], (1, 6): [(np.int64(59), 90), (90, 48), (48, np.int64(95))], (1, 5): [(np.int64(59), 77), (77, 85)]}","{(2, np.int64(13)): {'cpu': 19}, (3, np.int64(25)): {'cpu': 19}, (0, np.int64(9)): {'cpu': 15}, (1, np.int64(59)): {'cpu': 16}, (6, np.int64(95)): {'cpu': 12}, (4, np.int64(53)): {'cpu': 12}, (5, np.int64(85)): {'cpu': 6}}","{((1, 3), (np.int64(59), 81)): {'bw': 48.0}, ((1, 3), (81, np.int64(25))): {'bw': 48.0}, ((2, 4), (np.int64(13), 30)): {'bw': 46.0}, ((2, 4), (30, np.int64(53))): {'bw': 46.0}, ((0, 6), (np.int64(9), 29)): {'bw': 44.0}, ((0, 6), (29, 11)): {'bw': 44.0}, ((0, 6), (11, 25)): {'bw': 44.0}, ((0, 6), (25, np.int64(95))): {'bw': 44.0}, ((0, 5), (np.int64(9), 53)): {'bw': 42.0}, ((0, 5), (53, 30)): {'bw': 42.0}, ((0, 5), (30, np.int64(85))): {'bw': 42.0}, ((2, 6), (np.int64(13), 95)): {'bw': 38.0}, ((3, 4), (np.int64(25), 84)): {'bw': 19.0}, ((3, 4), (84, np.int64(53))): {'bw': 19.0}, ((1, 6), (np.int64(59), 90)): {'bw': 13.0}, ((1, 6), (90, 48)): {'bw': 13.0}, ((1, 6), (48, np.int64(95))): {'bw': 13.0}, ((1, 5), (np.int64(59), 77)): {'bw': 13.0}, ((1, 5), (77, 85)): {'bw': 13.0}}",0.0,0.0,388.0,99.0,289.0,0.0,0.0,0.0,0.0,0.0,0.0,0.0,0.0,0.0,Route Failure,0.0,"{'node_level': {}, 'link_level': {}, 'path_level': {}}","{'node_level': {2: {'cpu': -37}, 3: {'cpu': -41}, 0: {'cpu': -82}, 1: {'cpu': -62}, 6: {'cpu': -53}, 4: {'cpu': -52}, 5: {'cpu': -50}}, 'link_level': {}, 'path_level': {}}","{'node_level': {2: {'cpu': 0}, 3: {'cpu': 0}, 0: {'cpu': 0}, 1: {'cpu': 0}, 6: {'cpu': 0}, 4: {'cpu': 0}, 5: {'cpu': 0}}, 'link_level': {}, 'path_level': {}}",[],0.0,0.0,True,False,False,0,[],0,0.0,"OrderedDict([((1, 3), 0), ((2, 4), 0), ((0, 6), 0), ((0, 5), 0), ((2, 6), 0), ((3, 4), 0), ((1, 6), 0), ((1, 5), 0)])",1.0,0.0,7.0,8.0
82,57,22,12507.0,22706.0,6534617.856569718,11596998.445661858,0.5508235708623271,0.5634749273433034,55,129,0,1027.2692980017298,38239.0,6028,32211.0,0.16889562939473324,0.18650873825638958,74,91.26929800172978,936.0,6,10,False,{},{},{},{},0.0,0.0,0.0,0.0,0.0,0.0,0.0,0.0,0.0,0.0,0.0,0.0,0.0,0.0,Leave Event,0.0,"{'node_level': {}, 'link_level': {}, 'path_level': {}}","{'node_level': {}, 'link_level': {}, 'path_level': {}}","{'node_level': {}, 'link_level': {}, 'path_level': {}}",[],0.0,0.0,True,True,False,0,[],0,0.0,,,,,
83,57,22,12507.0,22706.0,6534617.856569718,11596998.445661858,0.5508235708623271,0.5634749273433034,55,130,1,1033.0,38239.0,6028,32211.0,0.16889562939473324,0.18650873825638958,82,272.4285659002399,1033.0,5,5,False,"{1: np.int64(13), 4: np.int64(25), 0: np.int64(9), 2: np.int64(59)}",{},"{(1, np.int64(13)): {'cpu': 13}, (4, np.int64(25)): {'cpu': 5}, (0, np.int64(9)): {'cpu': 4}, (2, np.int64(59)): {'cpu': 3}}",{},0.0,0.0,189.0,26.0,163.0,0.0,0.0,0.0,0.0,0.0,0.0,0.0,0.0,0.0,Place Failure,0.0,"{'node_level': {}, 'link_level': {}, 'path_level': {}}","{'node_level': {1: {'cpu': -43}, 4: {'cpu': -55}, 0: {'cpu': -93}, 2: {'cpu': -75}}, 'link_level': {}, 'path_level': {}}","{'node_level': {1: {'cpu': 0}, 4: {'cpu': 0}, 0: {'cpu': 0}, 2: {'cpu': 0}}, 'link_level': {}, 'path_level': {}}",[],0.0,0.0,False,True,False,0,[],0,0.0,,,,4.0,0.0
83,57,21,12507.0,22706.0,6534617.856569718,11596998.445661858,0.5508235708623271,0.5634749273433034,55,131,0,1037.226787451479,38361.0,6056,32305.0,0.16503515786571077,0.18413476108697846,45,482.22678745147897,555.0,2,1,False,{},{},{},{},0.0,0.0,0.0,0.0,0.0,0.0,0.0,0.0,0.0,0.0,0.0,0.0,0.0,0.0,Leave Event,0.0,"{'node_level': {}, 'link_level': {}, 'path_level': {}}","{'node_level': {}, 'link_level': {}, 'path_level': {}}","{'node_level': {}, 'link_level': {}, 'path_level': {}}",[],0.0,0.0,True,True,False,0,[],0,0.0,,,,,
83,57,21,12507.0,22706.0,6534617.856569718,11596998.445661858,0.5508235708623271,0.5634749273433034,55,132,0,1045.9174390041353,38361.0,6056,32305.0,0.16503515786571077,0.18413476108697846,41,538.9174390041352,507.0,4,4,False,{},{},{},{},0.0,0.0,0.0,0.0,0.0,0.0,0.0,0.0,0.0,0.0,0.0,0.0,0.0,0.0,Leave Event,0.0,"{'node_level': {}, 'link_level': {}, 'path_level': {}}","{'node_level': {}, 'link_level': {}, 'path_level': {}}","{'node_level': {}, 'link_level': {}, 'path_level': {}}",[],0.0,0.0,True,True,False,0,[],0,0.0,,,,,
83,57,20,12507.0,22706.0,6534617.856569718,11596998.445661858,0.5508235708623271,0.5634749273433034,55,133,0,1048.5122096290029,38891.0,6131,32760.0,0.15469460912725763,0.17264370138397822,25,705.5122096290029,343.0,7,10,False,{},{},{},{},0.0,0.0,0.0,0.0,0.0,0.0,0.0,0.0,0.0,0.0,0.0,0.0,0.0,0.0,Leave Event,0.0,"{'node_level': {}, 'link_level': {}, 'path_level': {}}","{'node_level': {}, 'link_level': {}, 'path_level': {}}","{'node_level': {}, 'link_level': {}, 'path_level': {}}",[],0.0,0.0,True,True,False,0,[],0,0.0,,,,,
84,58,21,12525.0,22730.0,6535085.069560827,11597621.39631667,0.5510338759348878,0.5634849462870316,55,134,1,1054.0,38867.0,6119,32748.0,0.1563490969254102,0.17294676229922212,83,25.956277283853577,1054.0,2,1,True,"{1: np.int64(13), 0: np.int64(25)}","{(0, 1): [(np.int64(25), 95), (95, np.int64(13))]}","{(1, np.int64(13)): {'cpu': 11}, (0, np.int64(25)): {'cpu': 1}}","{((0, 1), (np.int64(25), 95)): {'bw': 6.0}, ((0, 1), (95, np.int64(13))): {'bw': 6.0}}",24.0,18.0,18.0,12.0,6.0,12.0,6.0,12.0,12.0,6.0,0.75,622.9506548124858,467.2129911093644,19.467207962890182,Success,0.0,"{'node_level': {}, 'link_level': {}, 'path_level': {}}","{'node_level': {1: {'cpu': -63}, 0: {'cpu': -59}}, 'link_level': {}, 'path_level': {}}","{'node_level': {1: {'cpu': 0}, 0: {'cpu': 0}}, 'link_level': {}, 'path_level': {}}",[],0.0,0.0,True,True,False,0,[],0,0.0,"OrderedDict([((0, 1), 0)])",0.0,0.0,2.0,1.0
84,58,20,12525.0,22730.0,6535085.069560827,11597621.39631667,0.5510338759348878,0.5634849462870316,55,135,0,1057.3955064545844,39359.0,6185,33174.0,0.14724941403557146,0.16218809980806137,78,75.39550645458432,982.0,7,9,False,{},{},{},{},0.0,0.0,0.0,0.0,0.0,0.0,0.0,0.0,0.0,0.0,0.0,0.0,0.0,0.0,Leave Event,0.0,"{'node_level': {}, 'link_level': {}, 'path_level': {}}","{'node_level': {}, 'link_level': {}, 'path_level': {}}","{'node_level': {}, 'link_level': {}, 'path_level': {}}",[],0.0,0.0,True,True,False,0,[],0,0.0,,,,,
85,59,21,12847.0,23249.0,6608325.878239306,11715671.022727013,0.55258290679169,0.5640586753776149,55,136,1,1061.0,38840.0,6092,32748.0,0.16007169447125325,0.17294676229922212,84,227.45592757291564,1061.0,7,11,True,"{6: np.int64(13), 3: np.int64(72), 5: np.int64(25), 1: np.int64(46), 2: np.int64(3), 4: np.int64(20), 0: np.int64(95)}","{(0, 6): [(np.int64(95), 13)], (0, 1): [(np.int64(95), 41), (41, np.int64(46))], (2, 3): [(np.int64(3), 10), (10, 89), (89, np.int64(72))], (0, 3): [(np.int64(95), 26), (26, np.int64(72))], (1, 5): [(np.int64(46), 33), (33, np.int64(25))], (2, 6): [(np.int64(3), 60), (60, 13)], (5, 6): [(np.int64(25), 95), (95, np.int64(13))], (0, 5): [(np.int64(95), 25)], (3, 4): [(np.int64(72), 20)], (2, 4): [(np.int64(3), 93), (93, np.int64(20))], (1, 2): [(np.int64(46), 41), (41, np.int64(3))]}","{(6, np.int64(13)): {'cpu': 18}, (3, np.int64(72)): {'cpu': 17}, (5, np.int64(25)): {'cpu': 20}, (1, np.int64(46)): {'cpu': 13}, (2, np.int64(3)): {'cpu': 8}, (4, np.int64(20)): {'cpu': 16}, (0, np.int64(95)): {'cpu': 1}}","{((0, 6), (np.int64(95), 13)): {'bw': 43.0}, ((0, 1), (np.int64(95), 41)): {'bw': 33.0}, ((0, 1), (41, np.int64(46))): {'bw': 33.0}, ((2, 3), (np.int64(3), 10)): {'bw': 34.0}, ((2, 3), (10, 89)): {'bw': 34.0}, ((2, 3), (89, np.int64(72))): {'bw': 34.0}, ((0, 3), (np.int64(95), 26)): {'bw': 33.0}, ((0, 3), (26, np.int64(72))): {'bw': 33.0}, ((1, 5), (np.int64(46), 33)): {'bw': 19.0}, ((1, 5), (33, np.int64(25))): {'bw': 19.0}, ((2, 6), (np.int64(3), 60)): {'bw': 18.0}, ((2, 6), (60, 13)): {'bw': 18.0}, ((5, 6), (np.int64(25), 95)): {'bw': 13.0}, ((5, 6), (95, np.int64(13))): {'bw': 13.0}, ((0, 5), (np.int64(95), 25)): {'bw': 12.0}, ((3, 4), (np.int64(72), 20)): {'bw': 11.0}, ((2, 4), (np.int64(3), 93)): {'bw': 6.0}, ((2, 4), (93, np.int64(20))): {'bw': 6.0}, ((1, 2), (np.int64(46), 41)): {'bw': 7.0}, ((1, 2), (41, np.int64(3))): {'bw': 7.0}}",519.0,322.0,322.0,93.0,229.0,93.0,229.0,93.0,426.0,197.0,0.6204238921001927,118049.62641034322,73240.80867847883,141.11909186604785,Success,0.0,"{'node_level': {}, 'link_level': {}, 'path_level': {}}","{'node_level': {6: {'cpu': -45}, 3: {'cpu': -57}, 5: {'cpu': -39}, 1: {'cpu': -69}, 2: {'cpu': -45}, 4: {'cpu': -80}, 0: {'cpu': -68}}, 'link_level': {}, 'path_level': {}}","{'node_level': {6: {'cpu': 0}, 3: {'cpu': 0}, 5: {'cpu': 0}, 1: {'cpu': 0}, 2: {'cpu': 0}, 4: {'cpu': 0}, 0: {'cpu': 0}}, 'link_level': {}, 'path_level': {}}",[],0.0,0.0,True,True,False,0,[],0,0.0,"OrderedDict([((0, 6), 0), ((0, 1), 0), ((2, 3), 0), ((0, 3), 0), ((1, 5), 0), ((2, 6), 0), ((5, 6), 0), ((0, 5), 0), ((3, 4), 0), ((2, 4), 0), ((1, 2), 0)])",1.0,0.0,7.0,11.0
85,59,20,12847.0,23249.0,6608325.878239306,11715671.022727013,0.55258290679169,0.5640586753776149,55,137,0,1073.620251322689,39083.0,6126,32957.0,0.1553839790431546,0.1676684513587231,5,1001.6202513226889,72.0,5,6,False,{},{},{},{},0.0,0.0,0.0,0.0,0.0,0.0,0.0,0.0,0.0,0.0,0.0,0.0,0.0,0.0,Leave Event,0.0,"{'node_level': {}, 'link_level': {}, 'path_level': {}}","{'node_level': {}, 'link_level': {}, 'path_level': {}}","{'node_level': {}, 'link_level': {}, 'path_level': {}}",[],0.0,0.0,True,True,False,0,[],0,0.0,,,,,
86,60,21,12864.0,23266.0,6608468.4042872405,11715813.548774948,0.5529098254964325,0.564063978722011,55,138,1,1078.0,39066.0,6110,32956.0,0.1575899627740246,0.16769370643499348,85,8.383885172651535,1078.0,2,1,True,"{0: np.int64(60), 1: np.int64(5)}","{(0, 1): [(np.int64(60), 5)]}","{(0, np.int64(60)): {'cpu': 13}, (1, np.int64(5)): {'cpu': 3}}","{((0, 1), (np.int64(60), 5)): {'bw': 1.0}}",17.0,17.0,17.0,16.0,1.0,16.0,1.0,16.0,1.0,0.0,1.0,142.5260479350761,142.5260479350761,8.383885172651535,Success,0.0,"{'node_level': {}, 'link_level': {}, 'path_level': {}}","{'node_level': {0: {'cpu': -37}, 1: {'cpu': -50}}, 'link_level': {}, 'path_level': {}}","{'node_level': {0: {'cpu': 0}, 1: {'cpu': 0}}, 'link_level': {}, 'path_level': {}}",[],0.0,0.0,True,True,False,0,[],0,0.0,"OrderedDict([((0, 1), 0)])",0.0,0.0,2.0,1.0
86,60,20,12864.0,23266.0,6608468.4042872405,11715813.548774948,0.5529098254964325,0.564063978722011,55,139,0,1079.9562772838535,39090.0,6122,32968.0,0.155935474975872,0.16739064551974947,83,25.956277283853577,1054.0,2,1,False,{},{},{},{},0.0,0.0,0.0,0.0,0.0,0.0,0.0,0.0,0.0,0.0,0.0,0.0,0.0,0.0,Leave Event,0.0,"{'node_level': {}, 'link_level': {}, 'path_level': {}}","{'node_level': {}, 'link_level': {}, 'path_level': {}}","{'node_level': {}, 'link_level': {}, 'path_level': {}}",[],0.0,0.0,True,True,False,0,[],0,0.0,,,,,
86,60,19,12864.0,23266.0,6608468.4042872405,11715813.548774948,0.5529098254964325,0.564063978722011,55,140,0,1083.1728284851836,39461.0,6186,33275.0,0.14711154005239213,0.15963733710475803,68,217.1728284851835,866.0,6,5,False,{},{},{},{},0.0,0.0,0.0,0.0,0.0,0.0,0.0,0.0,0.0,0.0,0.0,0.0,0.0,0.0,Leave Event,0.0,"{'node_level': {}, 'link_level': {}, 'path_level': {}}","{'node_level': {}, 'link_level': {}, 'path_level': {}}","{'node_level': {}, 'link_level': {}, 'path_level': {}}",[],0.0,0.0,True,True,False,0,[],0,0.0,,,,,
86,60,19,12864.0,23266.0,6608468.4042872405,11715813.548774948,0.5529098254964325,0.564063978722011,55,141,0,1084.6638271383595,39461.0,6186,33275.0,0.14711154005239213,0.15963733710475803,12,923.6638271383595,161.0,10,24,False,{},{},{},{},0.0,0.0,0.0,0.0,0.0,0.0,0.0,0.0,0.0,0.0,0.0,0.0,0.0,0.0,Leave Event,0.0,"{'node_level': {}, 'link_level': {}, 'path_level': {}}","{'node_level': {}, 'link_level': {}, 'path_level': {}}","{'node_level': {}, 'link_level': {}, 'path_level': {}}",[],0.0,0.0,True,True,False,0,[],0,0.0,,,,,
87,61,20,12973.0,23421.0,6622765.351197602,11736144.069610784,0.5539046155159899,0.5643050487379744,55,142,1,1085.0,39306.0,6171,33135.0,0.1491796498000827,0.16317304778260433,86,131.1646505537754,1085.0,3,3,True,"{2: np.int64(60), 1: np.int64(5), 0: np.int64(90)}","{(0, 2): [(np.int64(90), 48), (48, np.int64(60))], (1, 2): [(np.int64(5), 60)], (0, 1): [(np.int64(90), 5)]}","{(2, np.int64(60)): {'cpu': 9}, (1, np.int64(5)): {'cpu': 5}, (0, np.int64(90)): {'cpu': 1}}","{((0, 2), (np.int64(90), 48)): {'bw': 46.0}, ((0, 2), (48, np.int64(60))): {'bw': 46.0}, ((1, 2), (np.int64(5), 60)): {'bw': 29.0}, ((0, 1), (np.int64(90), 5)): {'bw': 19.0}}",155.0,109.0,109.0,15.0,94.0,15.0,94.0,15.0,140.0,46.0,0.7032258064516129,20330.52083583519,14296.94691036152,92.2383671636227,Success,0.0,"{'node_level': {}, 'link_level': {}, 'path_level': {}}","{'node_level': {2: {'cpu': -42}, 1: {'cpu': -52}, 0: {'cpu': -85}}, 'link_level': {}, 'path_level': {}}","{'node_level': {2: {'cpu': 0}, 1: {'cpu': 0}, 0: {'cpu': 0}}, 'link_level': {}, 'path_level': {}}",[],0.0,0.0,True,True,False,0,[],0,0.0,"OrderedDict([((0, 2), 0), ((1, 2), 0), ((0, 1), 0)])",0.0,0.0,3.0,3.0
87,61,19,12973.0,23421.0,6622765.351197602,11736144.069610784,0.5539046155159899,0.5643050487379744,55,143,0,1086.3838851726516,39323.0,6187,33136.0,0.1469736660692127,0.16314779270633395,85,8.383885172651535,1078.0,2,1,False,{},{},{},{},0.0,0.0,0.0,0.0,0.0,0.0,0.0,0.0,0.0,0.0,0.0,0.0,0.0,0.0,Leave Event,0.0,"{'node_level': {}, 'link_level': {}, 'path_level': {}}","{'node_level': {}, 'link_level': {}, 'path_level': {}}","{'node_level': {}, 'link_level': {}, 'path_level': {}}",[],0.0,0.0,True,True,False,0,[],0,0.0,,,,,
87,61,18,12973.0,23421.0,6622765.351197602,11736144.069610784,0.5539046155159899,0.5643050487379744,55,144,0,1092.1185821927488,39350.0,6212,33138.0,0.14352681648972843,0.1630972825537933,1,1062.1185821927488,30.0,2,1,False,{},{},{},{},0.0,0.0,0.0,0.0,0.0,0.0,0.0,0.0,0.0,0.0,0.0,0.0,0.0,0.0,Leave Event,0.0,"{'node_level': {}, 'link_level': {}, 'path_level': {}}","{'node_level': {}, 'link_level': {}, 'path_level': {}}","{'node_level': {}, 'link_level': {}, 'path_level': {}}",[],0.0,0.0,True,True,False,0,[],0,0.0,,,,,
88,62,19,13154.0,23777.0,6753790.716022629,11993851.417001445,0.553223703579089,0.5631044175225517,55,145,1,1097.0,38994.0,6154,32840.0,0.15152350751413213,0.17062329528235176,87,723.8970432321961,1097.0,4,4,True,"{3: np.int64(18), 1: np.int64(60), 0: np.int64(4), 2: np.int64(5)}","{(1, 3): [(np.int64(60), 46), (46, np.int64(18))], (0, 1): [(np.int64(4), 15), (15, 89), (89, np.int64(60))], (0, 3): [(np.int64(4), 68), (68, 29), (29, np.int64(18))], (1, 2): [(np.int64(60), 5)]}","{(3, np.int64(18)): {'cpu': 20}, (1, np.int64(60)): {'cpu': 16}, (0, np.int64(4)): {'cpu': 16}, (2, np.int64(5)): {'cpu': 6}}","{((1, 3), (np.int64(60), 46)): {'bw': 45.0}, ((1, 3), (46, np.int64(18))): {'bw': 45.0}, ((0, 1), (np.int64(4), 15)): {'bw': 35.0}, ((0, 1), (15, 89)): {'bw': 35.0}, ((0, 1), (89, np.int64(60))): {'bw': 35.0}, ((0, 3), (np.int64(4), 68)): {'bw': 30.0}, ((0, 3), (68, 29)): {'bw': 30.0}, ((0, 3), (29, np.int64(18))): {'bw': 30.0}, ((1, 2), (np.int64(60), 5)): {'bw': 13.0}}",356.0,181.0,181.0,58.0,123.0,58.0,123.0,58.0,298.0,175.0,0.5084269662921348,257707.3473906618,131025.3648250275,368.04877759839184,Success,0.0,"{'node_level': {}, 'link_level': {}, 'path_level': {}}","{'node_level': {3: {'cpu': -11}, 1: {'cpu': -39}, 0: {'cpu': -17}, 2: {'cpu': -49}}, 'link_level': {}, 'path_level': {}}","{'node_level': {3: {'cpu': 0}, 1: {'cpu': 0}, 0: {'cpu': 0}, 2: {'cpu': 0}}, 'link_level': {}, 'path_level': {}}",[],0.0,0.0,True,True,False,0,[],0,0.0,"OrderedDict([((1, 3), 0), ((0, 1), 0), ((0, 3), 0), ((1, 2), 0)])",0.0,0.0,4.0,4.0
88,62,19,13154.0,23777.0,6753790.716022629,11993851.417001445,0.553223703579089,0.5631044175225517,55,146,0,1108.6412263936854,38994.0,6154,32840.0,0.15152350751413213,0.17062329528235176,14,920.6412263936853,188.0,8,14,False,{},{},{},{},0.0,0.0,0.0,0.0,0.0,0.0,0.0,0.0,0.0,0.0,0.0,0.0,0.0,0.0,Leave Event,0.0,"{'node_level': {}, 'link_level': {}, 'path_level': {}}","{'node_level': {}, 'link_level': {}, 'path_level': {}}","{'node_level': {}, 'link_level': {}, 'path_level': {}}",[],0.0,0.0,True,True,False,0,[],0,0.0,,,,,
89,63,20,13392.0,24132.0,7097059.511726028,12505869.998827944,0.5549477871705619,0.5674982638066098,56,147,1,1112.0,38639.0,6094,32545.0,0.15979594650489448,0.1780735427820992,88,1442.305864299997,1112.0,6,6,True,"{1: np.int64(13), 0: np.int64(5), 2: np.int64(85), 3: np.int64(73), 5: np.int64(80), 4: np.int64(28)}","{(0, 5): [(np.int64(5), 42), (42, np.int64(80))], (0, 2): [(np.int64(5), 85)], (1, 3): [(np.int64(13), 73)], (2, 5): [(np.int64(85), 10), (10, np.int64(80))], (0, 1): [(np.int64(5), 79), (79, 4), (4, np.int64(13))], (4, 5): [(np.int64(28), 26), (26, 81), (81, np.int64(80))]}","{(1, np.int64(13)): {'cpu': 17}, (0, np.int64(5)): {'cpu': 8}, (2, np.int64(85)): {'cpu': 7}, (3, np.int64(73)): {'cpu': 9}, (5, np.int64(80)): {'cpu': 3}, (4, np.int64(28)): {'cpu': 16}}","{((0, 5), (np.int64(5), 42)): {'bw': 43.0}, ((0, 5), (42, np.int64(80))): {'bw': 43.0}, ((0, 2), (np.int64(5), 85)): {'bw': 42.0}, ((1, 3), (np.int64(13), 73)): {'bw': 41.0}, ((2, 5), (np.int64(85), 10)): {'bw': 30.0}, ((2, 5), (10, np.int64(80))): {'bw': 30.0}, ((0, 1), (np.int64(5), 79)): {'bw': 11.0}, ((0, 1), (79, 4)): {'bw': 11.0}, ((0, 1), (4, np.int64(13))): {'bw': 11.0}, ((4, 5), (np.int64(28), 26)): {'bw': 11.0}, ((4, 5), (26, 81)): {'bw': 11.0}, ((4, 5), (81, np.int64(80))): {'bw': 11.0}}",355.0,238.0,238.0,60.0,178.0,60.0,178.0,60.0,295.0,117.0,0.6704225352112676,512018.5818264989,343268.7957033993,966.9543540940825,Success,0.0,"{'node_level': {}, 'link_level': {}, 'path_level': {}}","{'node_level': {1: {'cpu': -39}, 0: {'cpu': -41}, 2: {'cpu': -49}, 3: {'cpu': -52}, 5: {'cpu': -36}, 4: {'cpu': -29}}, 'link_level': {}, 'path_level': {}}","{'node_level': {1: {'cpu': 0}, 0: {'cpu': 0}, 2: {'cpu': 0}, 3: {'cpu': 0}, 5: {'cpu': 0}, 4: {'cpu': 0}}, 'link_level': {}, 'path_level': {}}",[],0.0,0.0,True,True,False,0,[],0,0.0,"OrderedDict([((0, 5), 0), ((0, 2), 0), ((1, 3), 0), ((2, 5), 0), ((0, 1), 0), ((4, 5), 0)])",2.0,0.0,6.0,6.0
89,63,19,13392.0,24132.0,7097059.511726028,12505869.998827944,0.5549477871705619,0.5674982638066098,56,148,0,1117.275997393307,38811.0,6122,32689.0,0.155935474975872,0.1744368117991716,56,401.275997393307,716.0,3,2,False,{},{},{},{},0.0,0.0,0.0,0.0,0.0,0.0,0.0,0.0,0.0,0.0,0.0,0.0,0.0,0.0,Leave Event,0.0,"{'node_level': {}, 'link_level': {}, 'path_level': {}}","{'node_level': {}, 'link_level': {}, 'path_level': {}}","{'node_level': {}, 'link_level': {}, 'path_level': {}}",[],0.0,0.0,True,True,False,0,[],0,0.0,,,,,
90,64,20,13491.0,24322.0,7165680.933858166,12637567.6776674,0.554683003042513,0.5670142480440338,56,149,1,1119.0,38621.0,6085,32536.0,0.16103681235350886,0.17830083846853217,89,693.1456781024035,1119.0,4,3,True,"{2: np.int64(72), 3: np.int64(18), 1: np.int64(90), 0: np.int64(9)}","{(2, 3): [(np.int64(72), 2), (2, np.int64(18))], (1, 2): [(np.int64(90), 51), (51, 82), (82, np.int64(72))], (0, 3): [(np.int64(9), 29), (29, np.int64(18))]}","{(2, np.int64(72)): {'cpu': 13}, (3, np.int64(18)): {'cpu': 9}, (1, np.int64(90)): {'cpu': 1}, (0, np.int64(9)): {'cpu': 14}}","{((2, 3), (np.int64(72), 2)): {'bw': 32.0}, ((2, 3), (2, np.int64(18))): {'bw': 32.0}, ((1, 2), (np.int64(90), 51)): {'bw': 29.0}, ((1, 2), (51, 82)): {'bw': 29.0}, ((1, 2), (82, np.int64(72))): {'bw': 29.0}, ((0, 3), (np.int64(9), 29)): {'bw': 1.0}, ((0, 3), (29, np.int64(18))): {'bw': 1.0}}",190.0,99.0,99.0,37.0,62.0,37.0,62.0,37.0,153.0,91.0,0.5210526315789473,131697.67883945667,68621.42213213794,361.1653796428313,Success,0.0,"{'node_level': {}, 'link_level': {}, 'path_level': {}}","{'node_level': {2: {'cpu': -52}, 3: {'cpu': -14}, 1: {'cpu': -84}, 0: {'cpu': -83}}, 'link_level': {}, 'path_level': {}}","{'node_level': {2: {'cpu': 0}, 3: {'cpu': 0}, 1: {'cpu': 0}, 0: {'cpu': 0}}, 'link_level': {}, 'path_level': {}}",[],0.0,0.0,True,True,False,0,[],0,0.0,"OrderedDict([((2, 3), 0), ((1, 2), 0), ((0, 3), 0)])",0.0,0.0,4.0,3.0
91,65,21,13525.0,24364.0,7172729.347171289,12646274.541171845,0.5551223116072894,0.5671812140262645,56,150,1,1130.0,38579.0,6059,32520.0,0.16462153591617257,0.1787049196888575,90,207.30627391535805,1130.0,2,1,True,"{0: np.int64(1), 1: np.int64(3)}","{(0, 1): [(np.int64(1), 77), (77, np.int64(3))]}","{(0, np.int64(1)): {'cpu': 16, 'nic_slots': 1}, (1, np.int64(3)): {'cpu': 10, 'nic_slots': 1}}","{((0, 1), (np.int64(1), 77)): {'bw': 8.0}, ((0, 1), (77, np.int64(3))): {'bw': 8.0}}",42.0,34.0,34.0,26.0,8.0,26.0,8.0,26.0,16.0,8.0,0.8095238095238095,8706.863504445038,7048.413313122173,167.819364598147,Success,0.0,"{'node_level': {}, 'link_level': {}, 'path_level': {}}","{'node_level': {0: {'cpu': -41}, 1: {'cpu': -35}}, 'link_level': {}, 'path_level': {}}","{'node_level': {0: {'cpu': 0}, 1: {'cpu': 0}}, 'link_level': {}, 'path_level': {}}",[],0.0,0.0,True,True,False,0,[],0,0.0,"OrderedDict([((0, 1), 1)])",0.0,1.0,2.0,1.0
91,65,21,13525.0,24364.0,7172729.347171289,12646274.541171845,0.5551223116072894,0.5671812140262645,56,151,0,1136.0367475186629,38579.0,6059,32520.0,0.16462153591617257,0.1787049196888575,66,297.0367475186629,839.0,6,10,False,{},{},{},{},0.0,0.0,0.0,0.0,0.0,0.0,0.0,0.0,0.0,0.0,0.0,0.0,0.0,0.0,Leave Event,0.0,"{'node_level': {}, 'link_level': {}, 'path_level': {}}","{'node_level': {}, 'link_level': {}, 'path_level': {}}","{'node_level': {}, 'link_level': {}, 'path_level': {}}",[],0.0,0.0,True,True,False,0,[],0,0.0,,,,,
92,65,21,13525.0,24364.0,7172729.347171289,12646274.541171845,0.5551223116072894,0.5671812140262645,56,152,1,1147.0,38579.0,6059,32520.0,0.16462153591617257,0.1787049196888575,91,336.2302533398408,1147.0,5,6,False,"{0: np.int64(78), 4: np.int64(20), 2: np.int64(59), 3: np.int64(93), 1: np.int64(45)}","{(0, 3): [(np.int64(78), 10), (10, 3), (3, np.int64(93))], (0, 1): [(np.int64(78), 73), (73, 14), (14, np.int64(45))], (2, 4): [(np.int64(59), 56), (56, np.int64(20))], (3, 4): [(np.int64(93), 20)], (0, 4): [(np.int64(78), 20)]}","{(0, np.int64(78)): {'cpu': 13}, (4, np.int64(20)): {'cpu': 10}, (2, np.int64(59)): {'cpu': 15}, (3, np.int64(93)): {'cpu': 8}, (1, np.int64(45)): {'cpu': 15}}","{((0, 3), (np.int64(78), 10)): {'bw': 46.0}, ((0, 3), (10, 3)): {'bw': 46.0}, ((0, 3), (3, np.int64(93))): {'bw': 46.0}, ((0, 1), (np.int64(78), 73)): {'bw': 40.0}, ((0, 1), (73, 14)): {'bw': 40.0}, ((0, 1), (14, np.int64(45))): {'bw': 40.0}, ((2, 4), (np.int64(59), 56)): {'bw': 36.0}, ((2, 4), (56, np.int64(20))): {'bw': 36.0}, ((3, 4), (np.int64(93), 20)): {'bw': 35.0}, ((0, 4), (np.int64(78), 20)): {'bw': 34.0}}",0.0,0.0,283.0,61.0,222.0,0.0,0.0,0.0,0.0,0.0,0.0,0.0,0.0,0.0,Route Failure,0.0,"{'node_level': {}, 'link_level': {}, 'path_level': {}}","{'node_level': {0: {'cpu': -29}, 4: {'cpu': -70}, 2: {'cpu': -63}, 3: {'cpu': -57}, 1: {'cpu': -44}}, 'link_level': {}, 'path_level': {}}","{'node_level': {0: {'cpu': 0}, 4: {'cpu': 0}, 2: {'cpu': 0}, 3: {'cpu': 0}, 1: {'cpu': 0}}, 'link_level': {}, 'path_level': {}}",[],0.0,0.0,True,False,False,0,[],0,0.0,"OrderedDict([((0, 3), 0), ((0, 1), 0), ((2, 4), 0), ((3, 4), 0), ((0, 4), 0)])",0.0,0.0,5.0,5.0
92,65,21,13525.0,24364.0,7172729.347171289,12646274.541171845,0.5551223116072894,0.5671812140262645,56,153,0,1151.4092813015957,38579.0,6059,32520.0,0.16462153591617257,0.1787049196888575,34,728.4092813015957,423.0,9,23,False,{},{},{},{},0.0,0.0,0.0,0.0,0.0,0.0,0.0,0.0,0.0,0.0,0.0,0.0,0.0,0.0,Leave Event,0.0,"{'node_level': {}, 'link_level': {}, 'path_level': {}}","{'node_level': {}, 'link_level': {}, 'path_level': {}}","{'node_level': {}, 'link_level': {}, 'path_level': {}}",[],0.0,0.0,True,True,False,0,[],0,0.0,,,,,
93,66,22,13644.0,24617.0,7197361.093099651,12698642.874952313,0.5542511272697729,0.5667819123645274,56,154,1,1161.0,38326.0,6012,32314.0,0.17110161312560324,0.18390746540054548,92,206.9894615828749,1161.0,4,3,True,"{0: np.int64(78), 1: np.int64(59), 3: np.int64(45), 2: np.int64(81)}","{(0, 2): [(np.int64(78), 68), (68, 59), (59, np.int64(81))], (1, 3): [(np.int64(59), 90), (90, 44), (44, np.int64(45))], (1, 2): [(np.int64(59), 81)]}","{(0, np.int64(78)): {'cpu': 12}, (1, np.int64(59)): {'cpu': 15, 'nic_slots': 1}, (3, np.int64(45)): {'cpu': 17}, (2, np.int64(81)): {'cpu': 3, 'nic_slots': 1}}","{((0, 2), (np.int64(78), 68)): {'bw': 44.0}, ((0, 2), (68, 59)): {'bw': 44.0}, ((0, 2), (59, np.int64(81))): {'bw': 44.0}, ((1, 3), (np.int64(59), 90)): {'bw': 23.0}, ((1, 3), (90, 44)): {'bw': 23.0}, ((1, 3), (44, np.int64(45))): {'bw': 23.0}, ((1, 2), (np.int64(59), 81)): {'bw': 5.0}}",253.0,119.0,119.0,47.0,72.0,47.0,72.0,47.0,206.0,134.0,0.47035573122529645,52368.33378046735,24631.745928362114,97.35867955874353,Success,0.0,"{'node_level': {}, 'link_level': {}, 'path_level': {}}","{'node_level': {0: {'cpu': -30}, 1: {'cpu': -63}, 3: {'cpu': -42}, 2: {'cpu': -87}}, 'link_level': {}, 'path_level': {}}","{'node_level': {0: {'cpu': 0}, 1: {'cpu': 0}, 3: {'cpu': 0}, 2: {'cpu': 0}}, 'link_level': {}, 'path_level': {}}",[],0.0,0.0,True,True,False,0,[],0,0.0,"OrderedDict([((0, 2), 0), ((1, 3), 0), ((1, 2), 1)])",1.0,1.0,4.0,3.0
94,67,23,13714.0,24687.0,7204285.125558722,12705566.907411383,0.5555150484060437,0.5670179991225999,56,155,1,1168.0,38256.0,5981,32275.0,0.1753757066041638,0.18489241337508844,93,98.91474941530419,1168.0,2,1,True,"{1: np.int64(83), 0: np.int64(18)}","{(0, 1): [(np.int64(18), 83)]}","{(1, np.int64(83)): {'cpu': 17}, (0, np.int64(18)): {'cpu': 14}}","{((0, 1), (np.int64(18), 83)): {'bw': 39.0}}",70.0,70.0,70.0,31.0,39.0,31.0,39.0,31.0,39.0,0.0,1.0,6924.0324590712935,6924.0324590712935,98.91474941530419,Success,0.0,"{'node_level': {}, 'link_level': {}, 'path_level': {}}","{'node_level': {1: {'cpu': -29}, 0: {'cpu': 0}}, 'link_level': {}, 'path_level': {}}","{'node_level': {1: {'cpu': 0}, 0: {'cpu': 0}}, 'link_level': {}, 'path_level': {}}",[],0.0,0.0,True,True,False,0,[],0,0.0,"OrderedDict([((0, 1), 0)])",0.0,0.0,2.0,1.0
95,67,23,13714.0,24687.0,7204285.125558722,12705566.907411383,0.5555150484060437,0.5670179991225999,56,156,1,1173.0,38256.0,5981,32275.0,0.1753757066041638,0.18489241337508844,94,93.75947916796311,1173.0,9,23,False,"{5: np.int64(53), 7: np.int64(33), 8: np.int64(25), 2: np.int64(52), 3: np.int64(11), 1: np.int64(20), 4: np.int64(91), 6: np.int64(77), 0: np.int64(80)}","{(2, 3): [(np.int64(52), 94), (94, 41), (41, 25), (25, np.int64(11))], (0, 7): [(np.int64(80), 49), (49, np.int64(33))], (4, 5): [(np.int64(91), 33), (33, np.int64(53))], (5, 7): [(np.int64(53), 18), (18, np.int64(33))], (4, 7): [(np.int64(91), 25), (25, np.int64(33))]}","{(5, np.int64(53)): {'cpu': 20}, (7, np.int64(33)): {'cpu': 18}, (8, np.int64(25)): {'cpu': 13}, (2, np.int64(52)): {'cpu': 5}, (3, np.int64(11)): {'cpu': 4}, (1, np.int64(20)): {'cpu': 14}, (4, np.int64(91)): {'cpu': 4}, (6, np.int64(77)): {'cpu': 3}, (0, np.int64(80)): {'cpu': 1}}","{((2, 3), (np.int64(52), 94)): {'bw': 45.0}, ((2, 3), (94, 41)): {'bw': 45.0}, ((2, 3), (41, 25)): {'bw': 45.0}, ((2, 3), (25, np.int64(11))): {'bw': 45.0}, ((0, 7), (np.int64(80), 49)): {'bw': 42.0}, ((0, 7), (49, np.int64(33))): {'bw': 42.0}, ((4, 5), (np.int64(91), 33)): {'bw': 42.0}, ((4, 5), (33, np.int64(53))): {'bw': 42.0}, ((5, 7), (np.int64(53), 18)): {'bw': 41.0}, ((5, 7), (18, np.int64(33))): {'bw': 41.0}, ((4, 7), (np.int64(91), 25)): {'bw': 39.0}, ((4, 7), (25, np.int64(33))): {'bw': 39.0}}",0.0,0.0,600.0,82.0,518.0,0.0,0.0,0.0,0.0,0.0,0.0,0.0,0.0,0.0,Route Failure,0.0,"{'node_level': {}, 'link_level': {}, 'path_level': {}}","{'node_level': {5: {'cpu': -44}, 7: {'cpu': -25}, 8: {'cpu': -27}, 2: {'cpu': -77}, 3: {'cpu': -69}, 1: {'cpu': -66}, 4: {'cpu': -49}, 6: {'cpu': -9}, 0: {'cpu': -35}}, 'link_level': {}, 'path_level': {}}","{'node_level': {5: {'cpu': 0}, 7: {'cpu': 0}, 8: {'cpu': 0}, 2: {'cpu': 0}, 3: {'cpu': 0}, 1: {'cpu': 0}, 4: {'cpu': 0}, 6: {'cpu': 0}, 0: {'cpu': 0}}, 'link_level': {}, 'path_level': {}}",[],0.0,0.0,True,False,False,0,[],0,0.0,"OrderedDict([((2, 3), 0), ((0, 7), 0), ((4, 5), 0), ((5, 7), 0), ((4, 7), 0)])",0.0,0.0,9.0,5.0
96,67,23,13714.0,24687.0,7204285.125558722,12705566.907411383,0.5555150484060437,0.5670179991225999,56,157,1,1186.0,38256.0,5981,32275.0,0.1753757066041638,0.18489241337508844,95,311.29867310999197,1186.0,7,8,False,"{4: np.int64(53), 2: np.int64(33), 5: np.int64(3), 6: np.int64(25), 1: np.int64(32), 0: np.int64(52), 3: np.int64(20)}","{(0, 6): [(np.int64(52), 94), (94, 41), (41, np.int64(25))], (1, 2): [(np.int64(32), 49), (49, np.int64(33))], (1, 4): [(np.int64(32), 99), (99, 84), (84, np.int64(53))], (3, 4): [(np.int64(20), 93), (93, 3), (3, np.int64(53))], (5, 6): [(np.int64(3), 85), (85, np.int64(25))]}","{(4, np.int64(53)): {'cpu': 14}, (2, np.int64(33)): {'cpu': 17}, (5, np.int64(3)): {'cpu': 12}, (6, np.int64(25)): {'cpu': 9}, (1, np.int64(32)): {'cpu': 9}, (0, np.int64(52)): {'cpu': 5}, (3, np.int64(20)): {'cpu': 8}}","{((0, 6), (np.int64(52), 94)): {'bw': 48.0}, ((0, 6), (94, 41)): {'bw': 48.0}, ((0, 6), (41, np.int64(25))): {'bw': 48.0}, ((1, 2), (np.int64(32), 49)): {'bw': 33.0}, ((1, 2), (49, np.int64(33))): {'bw': 33.0}, ((1, 4), (np.int64(32), 99)): {'bw': 33.0}, ((1, 4), (99, 84)): {'bw': 33.0}, ((1, 4), (84, np.int64(53))): {'bw': 33.0}, ((3, 4), (np.int64(20), 93)): {'bw': 31.0}, ((3, 4), (93, 3)): {'bw': 31.0}, ((3, 4), (3, np.int64(53))): {'bw': 31.0}, ((5, 6), (np.int64(3), 85)): {'bw': 29.0}, ((5, 6), (85, np.int64(25))): {'bw': 29.0}}",0.0,0.0,308.0,74.0,234.0,0.0,0.0,0.0,0.0,0.0,0.0,0.0,0.0,0.0,Route Failure,0.0,"{'node_level': {}, 'link_level': {}, 'path_level': {}}","{'node_level': {4: {'cpu': -50}, 2: {'cpu': -26}, 5: {'cpu': -23}, 6: {'cpu': -31}, 1: {'cpu': -78}, 0: {'cpu': -77}, 3: {'cpu': -72}}, 'link_level': {}, 'path_level': {}}","{'node_level': {4: {'cpu': 0}, 2: {'cpu': 0}, 5: {'cpu': 0}, 6: {'cpu': 0}, 1: {'cpu': 0}, 0: {'cpu': 0}, 3: {'cpu': 0}}, 'link_level': {}, 'path_level': {}}",[],0.0,0.0,True,False,False,0,[],0,0.0,"OrderedDict([((0, 6), 0), ((1, 2), 0), ((1, 4), 0), ((3, 4), 0), ((5, 6), 0)])",0.0,0.0,7.0,5.0
96,67,22,13714.0,24687.0,7204285.125558722,12705566.907411383,0.5555150484060437,0.5670179991225999,56,158,0,1194.731311046663,38500.0,6020,32480.0,0.16999862126016818,0.17971512273967072,69,316.7313110466631,878.0,6,6,False,{},{},{},{},0.0,0.0,0.0,0.0,0.0,0.0,0.0,0.0,0.0,0.0,0.0,0.0,0.0,0.0,Leave Event,0.0,"{'node_level': {}, 'link_level': {}, 'path_level': {}}","{'node_level': {}, 'link_level': {}, 'path_level': {}}","{'node_level': {}, 'link_level': {}, 'path_level': {}}",[],0.0,0.0,True,True,False,0,[],0,0.0,,,,,
97,68,23,13748.0,24746.0,7239577.652988281,12766809.822656795,0.5555645356825345,0.5670623870452323,56,159,1,1200.0,38441.0,6011,32430.0,0.17123948710878256,0.1809778765531872,96,1038.015512634093,1200.0,2,1,True,"{0: np.int64(69), 1: np.int64(33)}","{(0, 1): [(np.int64(69), 79), (79, np.int64(33))]}","{(0, np.int64(69)): {'cpu': 5}, (1, np.int64(33)): {'cpu': 4}}","{((0, 1), (np.int64(69), 79)): {'bw': 25.0}, ((0, 1), (79, np.int64(33))): {'bw': 25.0}}",59.0,34.0,34.0,9.0,25.0,9.0,25.0,9.0,50.0,25.0,0.576271186440678,61242.91524541149,35292.527429559166,598.1784310094773,Success,0.0,"{'node_level': {}, 'link_level': {}, 'path_level': {}}","{'node_level': {0: {'cpu': -84}, 1: {'cpu': -46}}, 'link_level': {}, 'path_level': {}}","{'node_level': {0: {'cpu': 0}, 1: {'cpu': 0}}, 'link_level': {}, 'path_level': {}}",[],0.0,0.0,True,True,False,0,[],0,0.0,"OrderedDict([((0, 1), 0)])",0.0,0.0,2.0,1.0
97,68,22,13748.0,24746.0,7239577.652988281,12766809.822656795,0.5555645356825345,0.5670623870452323,56,160,0,1206.0384341796394,38879.0,6084,32795.0,0.1611746863366883,0.17175977371451667,65,385.03843417963935,821.0,6,6,False,{},{},{},{},0.0,0.0,0.0,0.0,0.0,0.0,0.0,0.0,0.0,0.0,0.0,0.0,0.0,0.0,Leave Event,0.0,"{'node_level': {}, 'link_level': {}, 'path_level': {}}","{'node_level': {}, 'link_level': {}, 'path_level': {}}","{'node_level': {}, 'link_level': {}, 'path_level': {}}",[],0.0,0.0,True,True,False,0,[],0,0.0,,,,,
98,69,23,13931.0,25166.0,7503513.455262596,13372564.1229585,0.5535643328300087,0.5611125425362735,56,161,1,1216.0,38459.0,6047,32412.0,0.16627602371432515,0.18143246792605316,97,1442.2721435754875,1216.0,4,5,True,"{3: np.int64(43), 0: np.int64(49), 2: np.int64(52), 1: np.int64(50)}","{(0, 3): [(np.int64(49), 76), (76, 16), (16, np.int64(43))], (1, 3): [(np.int64(50), 43)], (2, 3): [(np.int64(52), 93), (93, 50), (50, 0), (0, np.int64(43))], (0, 2): [(np.int64(49), 33), (33, 94), (94, np.int64(52))], (1, 2): [(np.int64(50), 93), (93, np.int64(52))]}","{(3, np.int64(43)): {'cpu': 7}, (0, np.int64(49)): {'cpu': 10}, (2, np.int64(52)): {'cpu': 12}, (1, np.int64(50)): {'cpu': 8}}","{((0, 3), (np.int64(49), 76)): {'bw': 46.0}, ((0, 3), (76, 16)): {'bw': 46.0}, ((0, 3), (16, np.int64(43))): {'bw': 46.0}, ((1, 3), (np.int64(50), 43)): {'bw': 40.0}, ((2, 3), (np.int64(52), 93)): {'bw': 28.0}, ((2, 3), (93, 50)): {'bw': 28.0}, ((2, 3), (50, 0)): {'bw': 28.0}, ((2, 3), (0, np.int64(43))): {'bw': 28.0}, ((0, 2), (np.int64(49), 33)): {'bw': 29.0}, ((0, 2), (33, 94)): {'bw': 29.0}, ((0, 2), (94, np.int64(52))): {'bw': 29.0}, ((1, 2), (np.int64(50), 93)): {'bw': 3.0}, ((1, 2), (93, np.int64(52))): {'bw': 3.0}}",420.0,183.0,183.0,37.0,146.0,37.0,146.0,37.0,383.0,237.0,0.4357142857142857,605754.3003017048,263935.8022743142,628.4185768436053,Success,0.0,"{'node_level': {}, 'link_level': {}, 'path_level': {}}","{'node_level': {3: {'cpu': -51}, 0: {'cpu': -43}, 2: {'cpu': -82}, 1: {'cpu': -77}}, 'link_level': {}, 'path_level': {}}","{'node_level': {3: {'cpu': 0}, 0: {'cpu': 0}, 2: {'cpu': 0}, 1: {'cpu': 0}}, 'link_level': {}, 'path_level': {}}",[],0.0,0.0,True,True,False,0,[],0,0.0,"OrderedDict([((0, 3), 0), ((1, 3), 0), ((2, 3), 0), ((0, 2), 0), ((1, 2), 0)])",1.0,0.0,4.0,5.0
98,69,22,13931.0,25166.0,7503513.455262596,13372564.1229585,0.5535643328300087,0.5611125425362735,56,162,0,1216.1646505537753,38614.0,6062,32552.0,0.16420791396663448,0.17789675724820686,86,131.1646505537754,1085.0,3,3,False,{},{},{},{},0.0,0.0,0.0,0.0,0.0,0.0,0.0,0.0,0.0,0.0,0.0,0.0,0.0,0.0,Leave Event,0.0,"{'node_level': {}, 'link_level': {}, 'path_level': {}}","{'node_level': {}, 'link_level': {}, 'path_level': {}}","{'node_level': {}, 'link_level': {}, 'path_level': {}}",[],0.0,0.0,True,True,False,0,[],0,0.0,,,,,
98,69,22,13931.0,25166.0,7503513.455262596,13372564.1229585,0.5535643328300087,0.5611125425362735,56,163,0,1224.5217545832033,38614.0,6062,32552.0,0.16420791396663448,0.17789675724820686,48,629.5217545832035,595.0,7,9,False,{},{},{},{},0.0,0.0,0.0,0.0,0.0,0.0,0.0,0.0,0.0,0.0,0.0,0.0,0.0,0.0,Leave Event,0.0,"{'node_level': {}, 'link_level': {}, 'path_level': {}}","{'node_level': {}, 'link_level': {}, 'path_level': {}}","{'node_level': {}, 'link_level': {}, 'path_level': {}}",[],0.0,0.0,True,True,False,0,[],0,0.0,,,,,
99,69,22,13931.0,25166.0,7503513.455262596,13372564.1229585,0.5535643328300087,0.5611125425362735,56,164,1,1226.0,38614.0,6062,32552.0,0.16420791396663448,0.17789675724820686,98,468.56935664517397,1226.0,9,20,False,"{5: np.int64(60), 8: np.int64(32), 6: np.int64(69), 4: np.int64(91), 2: np.int64(34), 1: np.int64(5), 3: np.int64(90), 7: np.int64(36), 0: np.int64(53)}","{(1, 4): [(np.int64(5), 19), (19, np.int64(91))], (4, 6): [(np.int64(91), 69)], (5, 8): [(np.int64(60), 49), (49, np.int64(32))], (7, 8): [(np.int64(36), 32)], (1, 3): [(np.int64(5), 90)], (0, 4): [(np.int64(53), 33), (33, np.int64(91))], (0, 5): [(np.int64(53), 3), (3, np.int64(60))], (1, 2): [(np.int64(5), 57), (57, np.int64(34))]}","{(5, np.int64(60)): {'cpu': 18}, (8, np.int64(32)): {'cpu': 17}, (6, np.int64(69)): {'cpu': 18}, (4, np.int64(91)): {'cpu': 9}, (2, np.int64(34)): {'cpu': 11}, (1, np.int64(5)): {'cpu': 8}, (3, np.int64(90)): {'cpu': 9}, (7, np.int64(36)): {'cpu': 6}, (0, np.int64(53)): {'cpu': 4}}","{((1, 4), (np.int64(5), 19)): {'bw': 48.0}, ((1, 4), (19, np.int64(91))): {'bw': 48.0}, ((4, 6), (np.int64(91), 69)): {'bw': 46.0}, ((5, 8), (np.int64(60), 49)): {'bw': 48.0}, ((5, 8), (49, np.int64(32))): {'bw': 48.0}, ((7, 8), (np.int64(36), 32)): {'bw': 39.0}, ((1, 3), (np.int64(5), 90)): {'bw': 33.0}, ((0, 4), (np.int64(53), 33)): {'bw': 36.0}, ((0, 4), (33, np.int64(91))): {'bw': 36.0}, ((0, 5), (np.int64(53), 3)): {'bw': 36.0}, ((0, 5), (3, np.int64(60))): {'bw': 36.0}, ((1, 2), (np.int64(5), 57)): {'bw': 28.0}, ((1, 2), (57, np.int64(34))): {'bw': 28.0}}",0.0,0.0,604.0,100.0,504.0,0.0,0.0,0.0,0.0,0.0,0.0,0.0,0.0,0.0,Route Failure,0.0,"{'node_level': {}, 'link_level': {}, 'path_level': {}}","{'node_level': {5: {'cpu': -30}, 8: {'cpu': -76}, 6: {'cpu': -66}, 4: {'cpu': -44}, 2: {'cpu': -57}, 1: {'cpu': -38}, 3: {'cpu': -76}, 7: {'cpu': -39}, 0: {'cpu': -60}}, 'link_level': {}, 'path_level': {}}","{'node_level': {5: {'cpu': 0}, 8: {'cpu': 0}, 6: {'cpu': 0}, 4: {'cpu': 0}, 2: {'cpu': 0}, 1: {'cpu': 0}, 3: {'cpu': 0}, 7: {'cpu': 0}, 0: {'cpu': 0}}, 'link_level': {}, 'path_level': {}}",[],0.0,0.0,True,False,False,0,[],0,0.0,"OrderedDict([((1, 4), 0), ((4, 6), 0), ((5, 8), 0), ((7, 8), 0), ((1, 3), 0), ((0, 4), 0), ((0, 5), 0), ((1, 2), 0)])",0.0,0.0,9.0,8.0
100,70,23,14124.0,25449.0,7591131.982340736,13501041.0305394,0.5549923376164093,0.5622627147913682,56,165,1,1240.0,38331.0,6006,32325.0,0.17192885702467942,0.18362965956157185,99,453.98200558622,1240.0,4,5,True,"{0: np.int64(60), 1: np.int64(32), 2: np.int64(69), 3: np.int64(34)}","{(0, 1): [(np.int64(60), 32)], (0, 2): [(np.int64(60), 48), (48, np.int64(69))], (0, 3): [(np.int64(60), 34)], (1, 2): [(np.int64(32), 44), (44, 45), (45, np.int64(69))], (2, 3): [(np.int64(69), 64), (64, np.int64(34))]}","{(0, np.int64(60)): {'cpu': 20}, (1, np.int64(32)): {'cpu': 17}, (2, np.int64(69)): {'cpu': 9}, (3, np.int64(34)): {'cpu': 10}}","{((0, 1), (np.int64(60), 32)): {'bw': 40.0}, ((0, 2), (np.int64(60), 48)): {'bw': 32.0}, ((0, 2), (48, np.int64(69))): {'bw': 32.0}, ((0, 3), (np.int64(60), 34)): {'bw': 26.0}, ((1, 2), (np.int64(32), 44)): {'bw': 19.0}, ((1, 2), (44, 45)): {'bw': 19.0}, ((1, 2), (45, np.int64(69))): {'bw': 19.0}, ((2, 3), (np.int64(69), 64)): {'bw': 20.0}, ((2, 3), (64, np.int64(34))): {'bw': 20.0}}",283.0,193.0,193.0,56.0,137.0,56.0,137.0,56.0,227.0,90.0,0.6819787985865724,128476.90758090025,87618.52707814045,309.6061027496129,Success,0.0,"{'node_level': {}, 'link_level': {}, 'path_level': {}}","{'node_level': {0: {'cpu': -28}, 1: {'cpu': -76}, 2: {'cpu': -75}, 3: {'cpu': -58}}, 'link_level': {}, 'path_level': {}}","{'node_level': {0: {'cpu': 0}, 1: {'cpu': 0}, 2: {'cpu': 0}, 3: {'cpu': 0}}, 'link_level': {}, 'path_level': {}}",[],0.0,0.0,True,True,False,0,[],0,0.0,"OrderedDict([((0, 1), 0), ((0, 2), 0), ((0, 3), 0), ((1, 2), 0), ((2, 3), 0)])",0.0,0.0,4.0,5.0
100,70,22,14124.0,25449.0,7591131.982340736,13501041.0305394,0.5549923376164093,0.5622627147913682,56,166,0,1240.0014385167754,38910.0,6066,32844.0,0.16365641803391695,0.17052227497727046,77,265.0014385167753,975.0,7,9,False,{},{},{},{},0.0,0.0,0.0,0.0,0.0,0.0,0.0,0.0,0.0,0.0,0.0,0.0,0.0,0.0,Leave Event,0.0,"{'node_level': {}, 'link_level': {}, 'path_level': {}}","{'node_level': {}, 'link_level': {}, 'path_level': {}}","{'node_level': {}, 'link_level': {}, 'path_level': {}}",[],0.0,0.0,True,True,False,0,[],0,0.0,,,,,
100,70,22,14124.0,25449.0,7591131.982340736,13501041.0305394,0.5549923376164093,0.5622627147913682,56,167,0,1257.6362816285116,38910.0,6066,32844.0,0.16365641803391695,0.17052227497727046,81,233.63628162851163,1024.0,7,11,False,{},{},{},{},0.0,0.0,0.0,0.0,0.0,0.0,0.0,0.0,0.0,0.0,0.0,0.0,0.0,0.0,Leave Event,0.0,"{'node_level': {}, 'link_level': {}, 'path_level': {}}","{'node_level': {}, 'link_level': {}, 'path_level': {}}","{'node_level': {}, 'link_level': {}, 'path_level': {}}",[],0.0,0.0,True,True,False,0,[],0,0.0,,,,,
100,70,22,14124.0,25449.0,7591131.982340736,13501041.0305394,0.5549923376164093,0.5622627147913682,56,168,0,1266.759479167963,38910.0,6066,32844.0,0.16365641803391695,0.17052227497727046,94,93.75947916796311,1173.0,9,23,False,{},{},{},{},0.0,0.0,0.0,0.0,0.0,0.0,0.0,0.0,0.0,0.0,0.0,0.0,0.0,0.0,Leave Event,0.0,"{'node_level': {}, 'link_level': {}, 'path_level': {}}","{'node_level': {}, 'link_level': {}, 'path_level': {}}","{'node_level': {}, 'link_level': {}, 'path_level': {}}",[],0.0,0.0,True,True,False,0,[],0,0.0,,,,,
100,70,21,14124.0,25449.0,7591131.982340736,13501041.0305394,0.5549923376164093,0.5622627147913682,56,169,0,1266.9147494153042,38980.0,6097,32883.0,0.1593823245553564,0.1695373270027275,93,98.91474941530419,1168.0,2,1,False,{},{},{},{},0.0,0.0,0.0,0.0,0.0,0.0,0.0,0.0,0.0,0.0,0.0,0.0,0.0,0.0,Leave Event,0.0,"{'node_level': {}, 'link_level': {}, 'path_level': {}}","{'node_level': {}, 'link_level': {}, 'path_level': {}}","{'node_level': {}, 'link_level': {}, 'path_level': {}}",[],0.0,0.0,True,True,False,0,[],0,0.0,,,,,
100,70,21,14124.0,25449.0,7591131.982340736,13501041.0305394,0.5549923376164093,0.5622627147913682,56,170,0,1279.9589618830807,38980.0,6097,32883.0,0.1593823245553564,0.1695373270027275,73,354.95896188308075,925.0,10,24,False,{},{},{},{},0.0,0.0,0.0,0.0,0.0,0.0,0.0,0.0,0.0,0.0,0.0,0.0,0.0,0.0,Leave Event,0.0,"{'node_level': {}, 'link_level': {}, 'path_level': {}}","{'node_level': {}, 'link_level': {}, 'path_level': {}}","{'node_level': {}, 'link_level': {}, 'path_level': {}}",[],0.0,0.0,True,True,False,0,[],0,0.0,,,,,
100,70,20,14124.0,25449.0,7591131.982340736,13501041.0305394,0.5549923376164093,0.5622627147913682,56,171,0,1288.4559275729157,39499.0,6190,33309.0,0.1465600441196746,0.15877866451156686,84,227.45592757291564,1061.0,7,11,False,{},{},{},{},0.0,0.0,0.0,0.0,0.0,0.0,0.0,0.0,0.0,0.0,0.0,0.0,0.0,0.0,Leave Event,0.0,"{'node_level': {}, 'link_level': {}, 'path_level': {}}","{'node_level': {}, 'link_level': {}, 'path_level': {}}","{'node_level': {}, 'link_level': {}, 'path_level': {}}",[],0.0,0.0,True,True,False,0,[],0,0.0,,,,,
100,70,19,14124.0,25449.0,7591131.982340736,13501041.0305394,0.5549923376164093,0.5622627147913682,56,172,0,1294.955851751608,39932.0,6244,33688.0,0.13911484902798843,0.14920699060511167,2,1251.955851751608,43.0,5,6,False,{},{},{},{},0.0,0.0,0.0,0.0,0.0,0.0,0.0,0.0,0.0,0.0,0.0,0.0,0.0,0.0,Leave Event,0.0,"{'node_level': {}, 'link_level': {}, 'path_level': {}}","{'node_level': {}, 'link_level': {}, 'path_level': {}}","{'node_level': {}, 'link_level': {}, 'path_level': {}}",[],0.0,0.0,True,True,False,0,[],0,0.0,,,,,
100,70,19,14124.0,25449.0,7591131.982340736,13501041.0305394,0.5549923376164093,0.5622627147913682,56,173,0,1305.4285659002398,39932.0,6244,33688.0,0.13911484902798843,0.14920699060511167,82,272.4285659002399,1033.0,5,5,False,{},{},{},{},0.0,0.0,0.0,0.0,0.0,0.0,0.0,0.0,0.0,0.0,0.0,0.0,0.0,0.0,Leave Event,0.0,"{'node_level': {}, 'link_level': {}, 'path_level': {}}","{'node_level': {}, 'link_level': {}, 'path_level': {}}","{'node_level': {}, 'link_level': {}, 'path_level': {}}",[],0.0,0.0,True,True,False,0,[],0,0.0,,,,,
100,70,19,14124.0,25449.0,7591131.982340736,13501041.0305394,0.5549923376164093,0.5622627147913682,56,174,0,1335.489605459313,39932.0,6244,33688.0,0.13911484902798843,0.14920699060511167,51,691.489605459313,644.0,6,9,False,{},{},{},{},0.0,0.0,0.0,0.0,0.0,0.0,0.0,0.0,0.0,0.0,0.0,0.0,0.0,0.0,Leave Event,0.0,"{'node_level': {}, 'link_level': {}, 'path_level': {}}","{'node_level': {}, 'link_level': {}, 'path_level': {}}","{'node_level': {}, 'link_level': {}, 'path_level': {}}",[],0.0,0.0,True,True,False,0,[],0,0.0,,,,,
100,70,18,14124.0,25449.0,7591131.982340736,13501041.0305394,0.5549923376164093,0.5622627147913682,56,175,0,1337.3062739153581,39974.0,6270,33704.0,0.13553012546532472,0.14880290938478635,90,207.30627391535805,1130.0,2,1,False,{},{},{},{},0.0,0.0,0.0,0.0,0.0,0.0,0.0,0.0,0.0,0.0,0.0,0.0,0.0,0.0,Leave Event,0.0,"{'node_level': {}, 'link_level': {}, 'path_level': {}}","{'node_level': {}, 'link_level': {}, 'path_level': {}}","{'node_level': {}, 'link_level': {}, 'path_level': {}}",[],0.0,0.0,True,True,False,0,[],0,0.0,,,,,
100,70,18,14124.0,25449.0,7591131.982340736,13501041.0305394,0.5549923376164093,0.5622627147913682,56,176,0,1339.7911631197298,39974.0,6270,33704.0,0.13553012546532472,0.14880290938478635,7,1242.7911631197298,97.0,4,5,False,{},{},{},{},0.0,0.0,0.0,0.0,0.0,0.0,0.0,0.0,0.0,0.0,0.0,0.0,0.0,0.0,Leave Event,0.0,"{'node_level': {}, 'link_level': {}, 'path_level': {}}","{'node_level': {}, 'link_level': {}, 'path_level': {}}","{'node_level': {}, 'link_level': {}, 'path_level': {}}",[],0.0,0.0,True,True,False,0,[],0,0.0,,,,,
100,70,17,14124.0,25449.0,7591131.982340736,13501041.0305394,0.5549923376164093,0.5622627147913682,56,177,0,1367.9894615828748,40227.0,6317,33910.0,0.12905004825589417,0.14360036367309825,92,206.9894615828749,1161.0,4,3,False,{},{},{},{},0.0,0.0,0.0,0.0,0.0,0.0,0.0,0.0,0.0,0.0,0.0,0.0,0.0,0.0,Leave Event,0.0,"{'node_level': {}, 'link_level': {}, 'path_level': {}}","{'node_level': {}, 'link_level': {}, 'path_level': {}}","{'node_level': {}, 'link_level': {}, 'path_level': {}}",[],0.0,0.0,True,True,False,0,[],0,0.0,,,,,
100,70,16,14124.0,25449.0,7591131.982340736,13501041.0305394,0.5549923376164093,0.5622627147913682,56,178,0,1382.1522428022445,40780.0,6400,34380.0,0.11760650765200609,0.13173047782604308,8,1270.1522428022445,112.0,6,8,False,{},{},{},{},0.0,0.0,0.0,0.0,0.0,0.0,0.0,0.0,0.0,0.0,0.0,0.0,0.0,0.0,Leave Event,0.0,"{'node_level': {}, 'link_level': {}, 'path_level': {}}","{'node_level': {}, 'link_level': {}, 'path_level': {}}","{'node_level': {}, 'link_level': {}, 'path_level': {}}",[],0.0,0.0,True,True,False,0,[],0,0.0,,,,,
100,70,16,14124.0,25449.0,7591131.982340736,13501041.0305394,0.5549923376164093,0.5622627147913682,56,179,0,1483.2302533398408,40780.0,6400,34380.0,0.11760650765200609,0.13173047782604308,91,336.2302533398408,1147.0,5,6,False,{},{},{},{},0.0,0.0,0.0,0.0,0.0,0.0,0.0,0.0,0.0,0.0,0.0,0.0,0.0,0.0,Leave Event,0.0,"{'node_level': {}, 'link_level': {}, 'path_level': {}}","{'node_level': {}, 'link_level': {}, 'path_level': {}}","{'node_level': {}, 'link_level': {}, 'path_level': {}}",[],0.0,0.0,True,True,False,0,[],0,0.0,,,,,
100,70,15,14124.0,25449.0,7591131.982340736,13501041.0305394,0.5549923376164093,0.5622627147913682,56,180,0,1489.7534787451477,42224.0,6545,35679.0,0.09761478009099678,0.09892413375088394,29,1110.7534787451477,379.0,10,23,False,{},{},{},{},0.0,0.0,0.0,0.0,0.0,0.0,0.0,0.0,0.0,0.0,0.0,0.0,0.0,0.0,Leave Event,0.0,"{'node_level': {}, 'link_level': {}, 'path_level': {}}","{'node_level': {}, 'link_level': {}, 'path_level': {}}","{'node_level': {}, 'link_level': {}, 'path_level': {}}",[],0.0,0.0,True,True,False,0,[],0,0.0,,,,,
100,70,14,14124.0,25449.0,7591131.982340736,13501041.0305394,0.5549923376164093,0.5622627147913682,56,181,0,1495.8667793215377,42460.0,6565,35895.0,0.09485730042740936,0.09346903727649258,27,1131.8667793215377,364.0,4,3,False,{},{},{},{},0.0,0.0,0.0,0.0,0.0,0.0,0.0,0.0,0.0,0.0,0.0,0.0,0.0,0.0,Leave Event,0.0,"{'node_level': {}, 'link_level': {}, 'path_level': {}}","{'node_level': {}, 'link_level': {}, 'path_level': {}}","{'node_level': {}, 'link_level': {}, 'path_level': {}}",[],0.0,0.0,True,True,False,0,[],0,0.0,,,,,
100,70,14,14124.0,25449.0,7591131.982340736,13501041.0305394,0.5549923376164093,0.5622627147913682,56,182,0,1497.298673109992,42460.0,6565,35895.0,0.09485730042740936,0.09346903727649258,95,311.29867310999197,1186.0,7,8,False,{},{},{},{},0.0,0.0,0.0,0.0,0.0,0.0,0.0,0.0,0.0,0.0,0.0,0.0,0.0,0.0,Leave Event,0.0,"{'node_level': {}, 'link_level': {}, 'path_level': {}}","{'node_level': {}, 'link_level': {}, 'path_level': {}}","{'node_level': {}, 'link_level': {}, 'path_level': {}}",[],0.0,0.0,True,True,False,0,[],0,0.0,,,,,
100,70,13,14124.0,25449.0,7591131.982340736,13501041.0305394,0.5549923376164093,0.5622627147913682,56,183,0,1693.98200558622,42743.0,6621,36122.0,0.08713635736936443,0.0877361349631276,99,453.98200558622,1240.0,4,5,False,{},{},{},{},0.0,0.0,0.0,0.0,0.0,0.0,0.0,0.0,0.0,0.0,0.0,0.0,0.0,0.0,Leave Event,0.0,"{'node_level': {}, 'link_level': {}, 'path_level': {}}","{'node_level': {}, 'link_level': {}, 'path_level': {}}","{'node_level': {}, 'link_level': {}, 'path_level': {}}",[],0.0,0.0,True,True,False,0,[],0,0.0,,,,,
100,70,13,14124.0,25449.0,7591131.982340736,13501041.0305394,0.5549923376164093,0.5622627147913682,56,184,0,1694.569356645174,42743.0,6621,36122.0,0.08713635736936443,0.0877361349631276,98,468.56935664517397,1226.0,9,20,False,{},{},{},{},0.0,0.0,0.0,0.0,0.0,0.0,0.0,0.0,0.0,0.0,0.0,0.0,0.0,0.0,Leave Event,0.0,"{'node_level': {}, 'link_level': {}, 'path_level': {}}","{'node_level': {}, 'link_level': {}, 'path_level': {}}","{'node_level': {}, 'link_level': {}, 'path_level': {}}",[],0.0,0.0,True,True,False,0,[],0,0.0,,,,,
100,70,12,14124.0,25449.0,7591131.982340736,13501041.0305394,0.5549923376164093,0.5622627147913682,56,185,0,1698.911731037811,43162.0,6674,36488.0,0.07982903626085758,0.07849277704818669,75,754.9117310378111,944.0,5,9,False,{},{},{},{},0.0,0.0,0.0,0.0,0.0,0.0,0.0,0.0,0.0,0.0,0.0,0.0,0.0,0.0,Leave Event,0.0,"{'node_level': {}, 'link_level': {}, 'path_level': {}}","{'node_level': {}, 'link_level': {}, 'path_level': {}}","{'node_level': {}, 'link_level': {}, 'path_level': {}}",[],0.0,0.0,True,True,False,0,[],0,0.0,,,,,
100,70,11,14124.0,25449.0,7591131.982340736,13501041.0305394,0.5549923376164093,0.5622627147913682,56,186,0,1710.723798965108,43279.0,6710,36569.0,0.07486557286640017,0.07644711587028996,52,1053.723798965108,657.0,3,2,False,{},{},{},{},0.0,0.0,0.0,0.0,0.0,0.0,0.0,0.0,0.0,0.0,0.0,0.0,0.0,0.0,Leave Event,0.0,"{'node_level': {}, 'link_level': {}, 'path_level': {}}","{'node_level': {}, 'link_level': {}, 'path_level': {}}","{'node_level': {}, 'link_level': {}, 'path_level': {}}",[],0.0,0.0,True,True,False,0,[],0,0.0,,,,,
100,70,10,14124.0,25449.0,7591131.982340736,13501041.0305394,0.5549923376164093,0.5622627147913682,56,187,0,1806.8663923792355,43708.0,6775,36933.0,0.06590376395974085,0.0672542681078897,70,919.8663923792355,887.0,5,5,False,{},{},{},{},0.0,0.0,0.0,0.0,0.0,0.0,0.0,0.0,0.0,0.0,0.0,0.0,0.0,0.0,Leave Event,0.0,"{'node_level': {}, 'link_level': {}, 'path_level': {}}","{'node_level': {}, 'link_level': {}, 'path_level': {}}","{'node_level': {}, 'link_level': {}, 'path_level': {}}",[],0.0,0.0,True,True,False,0,[],0,0.0,,,,,
100,70,9,14124.0,25449.0,7591131.982340736,13501041.0305394,0.5549923376164093,0.5622627147913682,56,188,0,1812.1456781024035,43898.0,6812,37086.0,0.060802426582104,0.06339024143852912,89,693.1456781024035,1119.0,4,3,False,{},{},{},{},0.0,0.0,0.0,0.0,0.0,0.0,0.0,0.0,0.0,0.0,0.0,0.0,0.0,0.0,Leave Event,0.0,"{'node_level': {}, 'link_level': {}, 'path_level': {}}","{'node_level': {}, 'link_level': {}, 'path_level': {}}","{'node_level': {}, 'link_level': {}, 'path_level': {}}",[],0.0,0.0,True,True,False,0,[],0,0.0,,,,,
100,70,8,14124.0,25449.0,7591131.982340736,13501041.0305394,0.5549923376164093,0.5622627147913682,56,189,0,1820.8970432321962,44254.0,6870,37384.0,0.052805735557700295,0.055864228709970654,87,723.8970432321961,1097.0,4,4,False,{},{},{},{},0.0,0.0,0.0,0.0,0.0,0.0,0.0,0.0,0.0,0.0,0.0,0.0,0.0,0.0,Leave Event,0.0,"{'node_level': {}, 'link_level': {}, 'path_level': {}}","{'node_level': {}, 'link_level': {}, 'path_level': {}}","{'node_level': {}, 'link_level': {}, 'path_level': {}}",[],0.0,0.0,True,True,False,0,[],0,0.0,,,,,
100,70,8,14124.0,25449.0,7591131.982340736,13501041.0305394,0.5549923376164093,0.5622627147913682,56,190,0,1957.9932579629997,44254.0,6870,37384.0,0.052805735557700295,0.055864228709970654,76,1000.9932579629997,957.0,9,22,False,{},{},{},{},0.0,0.0,0.0,0.0,0.0,0.0,0.0,0.0,0.0,0.0,0.0,0.0,0.0,0.0,Leave Event,0.0,"{'node_level': {}, 'link_level': {}, 'path_level': {}}","{'node_level': {}, 'link_level': {}, 'path_level': {}}","{'node_level': {}, 'link_level': {}, 'path_level': {}}",[],0.0,0.0,True,True,False,0,[],0,0.0,,,,,
100,70,7,14124.0,25449.0,7591131.982340736,13501041.0305394,0.5549923376164093,0.5622627147913682,56,191,0,2078.088644606799,44677.0,6951,37726.0,0.04163794292017098,0.04722699262551777,71,1175.088644606799,903.0,6,8,False,{},{},{},{},0.0,0.0,0.0,0.0,0.0,0.0,0.0,0.0,0.0,0.0,0.0,0.0,0.0,0.0,Leave Event,0.0,"{'node_level': {}, 'link_level': {}, 'path_level': {}}","{'node_level': {}, 'link_level': {}, 'path_level': {}}","{'node_level': {}, 'link_level': {}, 'path_level': {}}",[],0.0,0.0,True,True,False,0,[],0,0.0,,,,,
100,70,7,14124.0,25449.0,7591131.982340736,13501041.0305394,0.5549923376164093,0.5622627147913682,56,192,0,2168.1852539970178,44677.0,6951,37726.0,0.04163794292017098,0.04722699262551777,39,1682.185253997018,486.0,9,17,False,{},{},{},{},0.0,0.0,0.0,0.0,0.0,0.0,0.0,0.0,0.0,0.0,0.0,0.0,0.0,0.0,Leave Event,0.0,"{'node_level': {}, 'link_level': {}, 'path_level': {}}","{'node_level': {}, 'link_level': {}, 'path_level': {}}","{'node_level': {}, 'link_level': {}, 'path_level': {}}",[],0.0,0.0,True,True,False,0,[],0,0.0,,,,,
100,70,6,14124.0,25449.0,7591131.982340736,13501041.0305394,0.5549923376164093,0.5622627147913682,56,193,0,2238.0155126340933,44736.0,6960,37776.0,0.0403970770715566,0.04596423881200118,96,1038.015512634093,1200.0,2,1,False,{},{},{},{},0.0,0.0,0.0,0.0,0.0,0.0,0.0,0.0,0.0,0.0,0.0,0.0,0.0,0.0,Leave Event,0.0,"{'node_level': {}, 'link_level': {}, 'path_level': {}}","{'node_level': {}, 'link_level': {}, 'path_level': {}}","{'node_level': {}, 'link_level': {}, 'path_level': {}}",[],0.0,0.0,True,True,False,0,[],0,0.0,,,,,
100,70,5,14124.0,25449.0,7591131.982340736,13501041.0305394,0.5549923376164093,0.5622627147913682,56,194,0,2329.503396923519,45227.0,7013,38214.0,0.03308975596304975,0.034902515405596524,32,1921.503396923519,408.0,5,7,False,{},{},{},{},0.0,0.0,0.0,0.0,0.0,0.0,0.0,0.0,0.0,0.0,0.0,0.0,0.0,0.0,Leave Event,0.0,"{'node_level': {}, 'link_level': {}, 'path_level': {}}","{'node_level': {}, 'link_level': {}, 'path_level': {}}","{'node_level': {}, 'link_level': {}, 'path_level': {}}",[],0.0,0.0,True,True,False,0,[],0,0.0,,,,,
100,70,4,14124.0,25449.0,7591131.982340736,13501041.0305394,0.5549923376164093,0.5622627147913682,56,195,0,2472.267727891407,45492.0,7071,38421.0,0.025093064938646048,0.029674714617638154,58,1736.267727891407,736.0,5,6,False,{},{},{},{},0.0,0.0,0.0,0.0,0.0,0.0,0.0,0.0,0.0,0.0,0.0,0.0,0.0,0.0,Leave Event,0.0,"{'node_level': {}, 'link_level': {}, 'path_level': {}}","{'node_level': {}, 'link_level': {}, 'path_level': {}}","{'node_level': {}, 'link_level': {}, 'path_level': {}}",[],0.0,0.0,True,True,False,0,[],0,0.0,,,,,
100,70,3,14124.0,25449.0,7591131.982340736,13501041.0305394,0.5549923376164093,0.5622627147913682,56,196,0,2554.3058642999968,45847.0,7131,38716.0,0.016820625947883583,0.022224467117890723,88,1442.305864299997,1112.0,6,6,False,{},{},{},{},0.0,0.0,0.0,0.0,0.0,0.0,0.0,0.0,0.0,0.0,0.0,0.0,0.0,0.0,Leave Event,0.0,"{'node_level': {}, 'link_level': {}, 'path_level': {}}","{'node_level': {}, 'link_level': {}, 'path_level': {}}","{'node_level': {}, 'link_level': {}, 'path_level': {}}",[],0.0,0.0,True,True,False,0,[],0,0.0,,,,,
100,70,2,14124.0,25449.0,7591131.982340736,13501041.0305394,0.5549923376164093,0.5622627147913682,56,197,0,2658.2721435754875,46267.0,7168,39099.0,0.011719288570246844,0.01255177290635423,97,1442.2721435754875,1216.0,4,5,False,{},{},{},{},0.0,0.0,0.0,0.0,0.0,0.0,0.0,0.0,0.0,0.0,0.0,0.0,0.0,0.0,Leave Event,0.0,"{'node_level': {}, 'link_level': {}, 'path_level': {}}","{'node_level': {}, 'link_level': {}, 'path_level': {}}","{'node_level': {}, 'link_level': {}, 'path_level': {}}",[],0.0,0.0,True,True,False,0,[],0,0.0,,,,,
100,70,1,14124.0,25449.0,7591131.982340736,13501041.0305394,0.5549923376164093,0.5622627147913682,56,198,0,2869.905066586304,46687.0,7204,39483.0,0.006755825175789321,0.0028538236185473576,63,2068.905066586304,801.0,5,5,False,{},{},{},{},0.0,0.0,0.0,0.0,0.0,0.0,0.0,0.0,0.0,0.0,0.0,0.0,0.0,0.0,Leave Event,0.0,"{'node_level': {}, 'link_level': {}, 'path_level': {}}","{'node_level': {}, 'link_level': {}, 'path_level': {}}","{'node_level': {}, 'link_level': {}, 'path_level': {}}",[],0.0,0.0,True,True,False,0,[],0,0.0,,,,,
100,70,0,14124.0,25449.0,7591131.982340736,13501041.0305394,0.5549923376164093,0.5622627147913682,56,199,0,3033.9235083769545,46849.0,7253,39596.0,0.0,0.0,80,2024.9235083769545,1009.0,3,2,False,{},{},{},{},0.0,0.0,0.0,0.0,0.0,0.0,0.0,0.0,0.0,0.0,0.0,0.0,0.0,0.0,Leave Event,0.0,"{'node_level': {}, 'link_level': {}, 'path_level': {}}","{'node_level': {}, 'link_level': {}, 'path_level': {}}","{'node_level': {}, 'link_level': {}, 'path_level': {}}",[],0.0,0.0,True,True,False,0,[],0,0.0,,,,,
