v_net_count,success_count,inservice_count,total_revenue,total_cost,total_time_revenue,total_time_cost,long_term_r2c_ratio,long_term_time_r2c_ratio,num_running_p_net_nodes,event_id,event_type,event_time,p_net_available_resource,p_net_node_available_resource,p_net_link_available_resource,p_net_node_resource_utilization,p_net_link_resource_utilization,v_net_id,v_net_lifetime,v_net_arrival_time,v_net_num_nodes,v_net_num_egdes,result,node_slots,link_paths,node_slots_info,link_paths_info,v_net_cost,v_net_revenue,v_net_demand,v_net_node_demand,v_net_link_demand,v_net_node_revenue,v_net_link_revenue,v_net_node_cost,v_net_link_cost,v_net_path_cost,v_net_r2c_ratio,v_net_time_cost,v_net_time_revenue,v_net_time_rc_ratio,description,v_net_total_hard_constraint_violation,v_net_single_step_constraint_offset,v_net_constraint_offsets,v_net_constraint_violations,v_net_single_step_violation_list,v_net_single_step_hard_constraint_offset,v_net_max_single_step_hard_constraint_violation,place_result,route_result,early_rejection,revoke_times,selected_actions,num_interactions,v_net_reward,num_placed_nodes,num_routed_links
1,0,0,0.0,0.0,0.0,0.0,0.0,0.0,0,0,1,11.0,42634,7761,34873,0.0,0.0,0,69.22537333413192,11.0,10,20,False,"{0: 0, 1: 1, 2: 2, 3: 3, 4: 4, 5: 5, 6: 6, 7: 7, 8: 8, 9: 9}","{(0, 1): [(0, 65), (65, 1)], (0, 3): [(0, 51), (51, 25), (25, 3)], (0, 6): []}","{(0, 0): {'cpu': 2}, (1, 1): {'cpu': 16}, (2, 2): {'cpu': 20}, (3, 3): {'cpu': 18}, (4, 4): {'cpu': 16}, (5, 5): {'cpu': 14}, (6, 6): {'cpu': 5}, (7, 7): {'cpu': 1}, (8, 8): {'cpu': 14}, (9, 9): {'cpu': 3}}","{((0, 1), (0, 65)): {'bw': 42}, ((0, 1), (65, 1)): {'bw': 42}, ((0, 3), (0, 51)): {'bw': 50}, ((0, 3), (51, 25)): {'bw': 50}, ((0, 3), (25, 3)): {'bw': 50}}",0.0,0.0,816.0,109.0,707.0,0.0,0.0,0.0,0.0,0.0,0.0,0.0,0.0,0.0,Route Failure,5.965409072607758,"{'node_level': {}, 'link_level': {}, 'path_level': {}}","{'node_level': {0: {'cpu': -90}, 1: {'cpu': -58}, 2: {'cpu': -33}, 3: {'cpu': -40}, 4: {'cpu': -34}, 5: {'cpu': -57}, 6: {'cpu': -64}, 7: {'cpu': -59}, 8: {'cpu': -79}, 9: {'cpu': -88}}, 'link_level': {(0, 1): {'bw': -14}, (0, 3): {'bw': -13}, (0, 6): {'bw': -33}}, 'path_level': {(0, 1): {'latency': -4.919666526305257}, (0, 3): {'latency': -2.7912220385783577}, (0, 6): {'latency': 5.965409072607758}}}","{'node_level': {0: {'cpu': 0}, 1: {'cpu': 0}, 2: {'cpu': 0}, 3: {'cpu': 0}, 4: {'cpu': 0}, 5: {'cpu': 0}, 6: {'cpu': 0}, 7: {'cpu': 0}, 8: {'cpu': 0}, 9: {'cpu': 0}}, 'link_level': {(0, 1): {'bw': 0}, (0, 3): {'bw': 0}, (0, 6): {'bw': 0}}, 'path_level': {(0, 1): {'latency': 0}, (0, 3): {'latency': 0}, (0, 6): {'latency': 5.965409072607758}}}",[],0.0,0.0,True,False,False,0,[],0,0.0,10.0,3.0
2,0,0,0.0,0.0,0.0,0.0,0.0,0.0,0,1,1,15.0,42634,7761,34873,0.0,0.0,1,402.9091007123842,15.0,5,5,False,"{0: 0, 1: 1, 2: 2, 3: 3, 4: 4}","{(0, 1): [(0, 65), (65, 1)], (0, 4): [(0, 4)], (1, 3): []}","{(0, 0): {'cpu': 17}, (1, 1): {'cpu': 19}, (2, 2): {'cpu': 16}, (3, 3): {'cpu': 19}, (4, 4): {'cpu': 16}}","{((0, 1), (0, 65)): {'bw': 10}, ((0, 1), (65, 1)): {'bw': 10}, ((0, 4), (0, 4)): {'bw': 14}}",0.0,0.0,175.0,87.0,88.0,0.0,0.0,0.0,0.0,0.0,0.0,0.0,0.0,0.0,Route Failure,7.906958791662741,"{'node_level': {}, 'link_level': {}, 'path_level': {}}","{'node_level': {0: {'cpu': -75}, 1: {'cpu': -55}, 2: {'cpu': -37}, 3: {'cpu': -39}, 4: {'cpu': -34}}, 'link_level': {(0, 1): {'bw': -46}, (0, 4): {'bw': -60}, (1, 3): {'bw': -29}}, 'path_level': {(0, 1): {'latency': -3.926725855112494}, (0, 4): {'latency': -4.372758978019464}, (1, 3): {'latency': 7.906958791662741}}}","{'node_level': {0: {'cpu': 0}, 1: {'cpu': 0}, 2: {'cpu': 0}, 3: {'cpu': 0}, 4: {'cpu': 0}}, 'link_level': {(0, 1): {'bw': 0}, (0, 4): {'bw': 0}, (1, 3): {'bw': 0}}, 'path_level': {(0, 1): {'latency': 0}, (0, 4): {'latency': 0}, (1, 3): {'latency': 7.906958791662741}}}",[],0.0,0.0,True,False,False,0,[],0,0.0,5.0,3.0
3,0,0,0.0,0.0,0.0,0.0,0.0,0.0,0,2,1,30.0,42634,7761,34873,0.0,0.0,2,104.01345834808855,30.0,10,20,False,"{0: 0, 1: 1, 2: 2, 3: 3, 4: 4, 5: 5, 6: 6, 7: 7, 8: 8, 9: 9}","{(0, 1): [(0, 65), (65, 1)], (0, 3): []}","{(0, 0): {'cpu': 16}, (1, 1): {'cpu': 16}, (2, 2): {'cpu': 11}, (3, 3): {'cpu': 10}, (4, 4): {'cpu': 14}, (5, 5): {'cpu': 15}, (6, 6): {'cpu': 19}, (7, 7): {'cpu': 14}, (8, 8): {'cpu': 15}, (9, 9): {'cpu': 5}}","{((0, 1), (0, 65)): {'bw': 26}, ((0, 1), (65, 1)): {'bw': 26}}",0.0,0.0,631.0,135.0,496.0,0.0,0.0,0.0,0.0,0.0,0.0,0.0,0.0,0.0,Route Failure,8.137051964021472,"{'node_level': {}, 'link_level': {}, 'path_level': {}}","{'node_level': {0: {'cpu': -76}, 1: {'cpu': -58}, 2: {'cpu': -42}, 3: {'cpu': -48}, 4: {'cpu': -36}, 5: {'cpu': -56}, 6: {'cpu': -50}, 7: {'cpu': -46}, 8: {'cpu': -78}, 9: {'cpu': -86}}, 'link_level': {(0, 1): {'bw': -30}, (0, 3): {'bw': -16}}, 'path_level': {(0, 1): {'latency': -2.1832994668567967}, (0, 3): {'latency': 8.137051964021472}}}","{'node_level': {0: {'cpu': 0}, 1: {'cpu': 0}, 2: {'cpu': 0}, 3: {'cpu': 0}, 4: {'cpu': 0}, 5: {'cpu': 0}, 6: {'cpu': 0}, 7: {'cpu': 0}, 8: {'cpu': 0}, 9: {'cpu': 0}}, 'link_level': {(0, 1): {'bw': 0}, (0, 3): {'bw': 0}}, 'path_level': {(0, 1): {'latency': 0}, (0, 3): {'latency': 8.137051964021472}}}",[],0.0,0.0,True,False,False,0,[],0,0.0,10.0,2.0
4,0,0,0.0,0.0,0.0,0.0,0.0,0.0,0,3,1,43.0,42634,7761,34873,0.0,0.0,3,1519.332862724567,43.0,10,27,False,"{0: 0, 1: 1, 2: 2, 3: 3, 4: 4, 5: 5, 6: 6, 7: 7, 8: 8, 9: 9}","{(0, 2): [(0, 4), (4, 21), (21, 2)], (0, 4): [(0, 4)], (0, 7): [(0, 4), (4, 7)], (0, 8): [(0, 11), (11, 8)], (1, 3): [(1, 8), (8, 25), (25, 3)], (1, 4): []}","{(0, 0): {'cpu': 9}, (1, 1): {'cpu': 18}, (2, 2): {'cpu': 18}, (3, 3): {'cpu': 2}, (4, 4): {'cpu': 4}, (5, 5): {'cpu': 3}, (6, 6): {'cpu': 11}, (7, 7): {'cpu': 8}, (8, 8): {'cpu': 20}, (9, 9): {'cpu': 20}}","{((0, 2), (0, 4)): {'bw': 14}, ((0, 2), (4, 21)): {'bw': 14}, ((0, 2), (21, 2)): {'bw': 14}, ((0, 4), (0, 4)): {'bw': 9}, ((0, 7), (0, 4)): {'bw': 49}, ((0, 7), (4, 7)): {'bw': 49}, ((0, 8), (0, 11)): {'bw': 33}, ((0, 8), (11, 8)): {'bw': 33}, ((1, 3), (1, 8)): {'bw': 39}, ((1, 3), (8, 25)): {'bw': 39}, ((1, 3), (25, 3)): {'bw': 39}}",0.0,0.0,864.0,113.0,751.0,0.0,0.0,0.0,0.0,0.0,0.0,0.0,0.0,0.0,Route Failure,8.698983635985812,"{'node_level': {}, 'link_level': {}, 'path_level': {}}","{'node_level': {0: {'cpu': -83}, 1: {'cpu': -56}, 2: {'cpu': -35}, 3: {'cpu': -56}, 4: {'cpu': -46}, 5: {'cpu': -68}, 6: {'cpu': -58}, 7: {'cpu': -52}, 8: {'cpu': -73}, 9: {'cpu': -71}}, 'link_level': {(0, 2): {'bw': -55}, (0, 4): {'bw': -51}, (0, 7): {'bw': -2}, (0, 8): {'bw': -24}, (1, 3): {'bw': -11}, (1, 4): {'bw': -29}}, 'path_level': {(0, 2): {'latency': -6.019720182582088}, (0, 4): {'latency': -4.581979045597831}, (0, 7): {'latency': -7.6191779723441755}, (0, 8): {'latency': -7.597643285435405}, (1, 3): {'latency': -1.2182181197769264}, (1, 4): {'latency': 8.698983635985812}}}","{'node_level': {0: {'cpu': 0}, 1: {'cpu': 0}, 2: {'cpu': 0}, 3: {'cpu': 0}, 4: {'cpu': 0}, 5: {'cpu': 0}, 6: {'cpu': 0}, 7: {'cpu': 0}, 8: {'cpu': 0}, 9: {'cpu': 0}}, 'link_level': {(0, 2): {'bw': 0}, (0, 4): {'bw': 0}, (0, 7): {'bw': 0}, (0, 8): {'bw': 0}, (1, 3): {'bw': 0}, (1, 4): {'bw': 0}}, 'path_level': {(0, 2): {'latency': 0}, (0, 4): {'latency': 0}, (0, 7): {'latency': 0}, (0, 8): {'latency': 0}, (1, 3): {'latency': 0}, (1, 4): {'latency': 8.698983635985812}}}",[],0.0,0.0,True,False,False,0,[],0,0.0,10.0,6.0
5,1,1,32.0,49.0,18311.741111009796,28039.853576233752,0.6530612244897959,0.6530612244897959,2,4,1,59.0,42585,7746,34839,0.0019327406262079627,0.0009749663063114422,4,572.2419097190561,59.0,2,1,True,"{0: 0, 1: 1}","{(0, 1): [(0, 65), (65, 1)]}","{(0, 0): {'cpu': 12}, (1, 1): {'cpu': 3}}","{((0, 1), (0, 65)): {'bw': 17}, ((0, 1), (65, 1)): {'bw': 17}}",49.0,32.0,32.0,15.0,17.0,15.0,17.0,15.0,34.0,17.0,0.6530612244897959,28039.853576233752,18311.741111009796,373.709002265506,Success,0.0,"{'node_level': {}, 'link_level': {}, 'path_level': {}}","{'node_level': {0: {'cpu': -80}, 1: {'cpu': -71}}, 'link_level': {(0, 1): {'bw': -39}}, 'path_level': {(0, 1): {'latency': -1.1800434902753105}}}","{'node_level': {0: {'cpu': 0}, 1: {'cpu': 0}}, 'link_level': {(0, 1): {'bw': 0}}, 'path_level': {(0, 1): {'latency': 0}}}",[],0.0,0.0,True,True,False,0,[],0,0.0,2.0,1.0
6,1,1,32.0,49.0,18311.741111009796,28039.853576233752,0.6530612244897959,0.6530612244897959,2,5,1,71.0,42585,7746,34839,0.0019327406262079627,0.0009749663063114422,5,389.37396559521494,71.0,7,12,False,"{0: 0, 1: 1, 2: 2, 3: 3, 4: 4, 5: 5, 6: 6}","{(0, 3): [(0, 51), (51, 25), (25, 3)], (0, 4): [(0, 4)], (1, 3): []}","{(0, 0): {'cpu': 14}, (1, 1): {'cpu': 13}, (2, 2): {'cpu': 14}, (3, 3): {'cpu': 20}, (4, 4): {'cpu': 5}, (5, 5): {'cpu': 16}, (6, 6): {'cpu': 9}}","{((0, 3), (0, 51)): {'bw': 17}, ((0, 3), (51, 25)): {'bw': 17}, ((0, 3), (25, 3)): {'bw': 17}, ((0, 4), (0, 4)): {'bw': 17}}",0.0,0.0,327.0,91.0,236.0,0.0,0.0,0.0,0.0,0.0,0.0,0.0,0.0,0.0,Route Failure,10.069589612713342,"{'node_level': {}, 'link_level': {}, 'path_level': {}}","{'node_level': {0: {'cpu': -66}, 1: {'cpu': -58}, 2: {'cpu': -39}, 3: {'cpu': -38}, 4: {'cpu': -45}, 5: {'cpu': -55}, 6: {'cpu': -60}}, 'link_level': {(0, 3): {'bw': -46}, (0, 4): {'bw': -57}, (1, 3): {'bw': 2}}, 'path_level': {(0, 3): {'latency': -2.4379928742933803}, (0, 4): {'latency': -11.695750766183938}, (1, 3): {'latency': 10.069589612713342}}}","{'node_level': {0: {'cpu': 0}, 1: {'cpu': 0}, 2: {'cpu': 0}, 3: {'cpu': 0}, 4: {'cpu': 0}, 5: {'cpu': 0}, 6: {'cpu': 0}}, 'link_level': {(0, 3): {'bw': 0}, (0, 4): {'bw': 0}, (1, 3): {'bw': 2}}, 'path_level': {(0, 3): {'latency': 0}, (0, 4): {'latency': 0}, (1, 3): {'latency': 10.069589612713342}}}",[],0.0,0.0,True,False,False,0,[],0,0.0,7.0,3.0
6,1,1,32.0,49.0,18311.741111009796,28039.853576233752,0.6530612244897959,0.6530612244897959,2,6,0,80.22537333413192,42585,7746,34839,0.0019327406262079627,0.0009749663063114422,0,69.22537333413192,11.0,10,20,False,{},{},{},{},0.0,0.0,0.0,0.0,0.0,0.0,0.0,0.0,0.0,0.0,0.0,0.0,0.0,0.0,Leave Event,0.0,"{'node_level': {}, 'link_level': {}, 'path_level': {}}","{'node_level': {}, 'link_level': {}, 'path_level': {}}","{'node_level': {}, 'link_level': {}, 'path_level': {}}",[],0.0,0.0,True,True,False,0,[],0,0.0,,
7,1,1,32.0,49.0,18311.741111009796,28039.853576233752,0.6530612244897959,0.6530612244897959,2,7,1,88.0,42585,7746,34839,0.0019327406262079627,0.0009749663063114422,6,614.0996225091485,88.0,5,5,False,"{0: 0, 1: 1, 2: 2, 3: 3, 4: 4}","{(0, 1): []}","{(0, 0): {'cpu': 20}, (1, 1): {'cpu': 9}, (2, 2): {'cpu': 15}, (3, 3): {'cpu': 7}, (4, 4): {'cpu': 14}}",{},0.0,0.0,182.0,65.0,117.0,0.0,0.0,0.0,0.0,0.0,0.0,0.0,0.0,0.0,Route Failure,3.7720479025441995,"{'node_level': {}, 'link_level': {}, 'path_level': {}}","{'node_level': {0: {'cpu': -60}, 1: {'cpu': -62}, 2: {'cpu': -38}, 3: {'cpu': -51}, 4: {'cpu': -36}}, 'link_level': {(0, 1): {'bw': -15}}, 'path_level': {(0, 1): {'latency': 3.7720479025441995}}}","{'node_level': {0: {'cpu': 0}, 1: {'cpu': 0}, 2: {'cpu': 0}, 3: {'cpu': 0}, 4: {'cpu': 0}}, 'link_level': {(0, 1): {'bw': 0}}, 'path_level': {(0, 1): {'latency': 3.7720479025441995}}}",[],0.0,0.0,True,False,False,0,[],0,0.0,5.0,1.0
8,2,2,360.0,574.0,68556.61666835399,108462.29158722676,0.627177700348432,0.6320778923725753,7,8,1,94.0,42060,7681,34379,0.010307950006442468,0.014165686921113751,7,153.18559621141526,94.0,7,9,True,"{0: 0, 1: 1, 2: 2, 3: 3, 4: 4, 5: 5, 6: 6}","{(0, 4): [(0, 4)], (0, 6): [(0, 65), (65, 6)], (1, 2): [(1, 22), (22, 2)], (1, 5): [(1, 5)], (2, 4): [(2, 21), (21, 4)], (2, 5): [(2, 21), (21, 5)], (3, 4): [(3, 58), (58, 4)], (3, 6): [(3, 40), (40, 29), (29, 6)], (4, 5): [(4, 29), (29, 5)]}","{(0, 0): {'cpu': 4}, (1, 1): {'cpu': 15}, (2, 2): {'cpu': 4}, (3, 3): {'cpu': 14}, (4, 4): {'cpu': 5}, (5, 5): {'cpu': 19}, (6, 6): {'cpu': 4}}","{((0, 4), (0, 4)): {'bw': 45}, ((0, 6), (0, 65)): {'bw': 36}, ((0, 6), (65, 6)): {'bw': 36}, ((1, 2), (1, 22)): {'bw': 15}, ((1, 2), (22, 2)): {'bw': 15}, ((1, 5), (1, 5)): {'bw': 40}, ((2, 4), (2, 21)): {'bw': 47}, ((2, 4), (21, 4)): {'bw': 47}, ((2, 5), (2, 21)): {'bw': 1}, ((2, 5), (21, 5)): {'bw': 1}, ((3, 4), (3, 58)): {'bw': 35}, ((3, 4), (58, 4)): {'bw': 35}, ((3, 6), (3, 40)): {'bw': 19}, ((3, 6), (40, 29)): {'bw': 19}, ((3, 6), (29, 6)): {'bw': 19}, ((4, 5), (4, 29)): {'bw': 25}, ((4, 5), (29, 5)): {'bw': 25}}",525.0,328.0,328.0,65.0,263.0,65.0,263.0,65.0,460.0,197.0,0.6247619047619047,80422.438010993,50244.8755573442,95.70452487113181,Success,0.0,"{'node_level': {}, 'link_level': {}, 'path_level': {}}","{'node_level': {0: {'cpu': -76}, 1: {'cpu': -56}, 2: {'cpu': -49}, 3: {'cpu': -44}, 4: {'cpu': -45}, 5: {'cpu': -52}, 6: {'cpu': -65}}, 'link_level': {(0, 4): {'bw': -29}, (0, 6): {'bw': -3}, (1, 2): {'bw': -57}, (1, 5): {'bw': -29}, (2, 4): {'bw': -22}, (2, 5): {'bw': -35}, (3, 4): {'bw': -15}, (3, 6): {'bw': -37}, (4, 5): {'bw': -37}}, 'path_level': {(0, 4): {'latency': -6.531478796849546}, (0, 6): {'latency': -7.891363636848981}, (1, 2): {'latency': -8.500406488224819}, (1, 5): {'latency': -2.4098270560725994}, (2, 4): {'latency': -5.560781366164809}, (2, 5): {'latency': -6.418421822809988}, (3, 4): {'latency': -4.790587203285311}, (3, 6): {'latency': -3.641940224875434}, (4, 5): {'latency': -5.907294104344203}}}","{'node_level': {0: {'cpu': 0}, 1: {'cpu': 0}, 2: {'cpu': 0}, 3: {'cpu': 0}, 4: {'cpu': 0}, 5: {'cpu': 0}, 6: {'cpu': 0}}, 'link_level': {(0, 4): {'bw': 0}, (0, 6): {'bw': 0}, (1, 2): {'bw': 0}, (1, 5): {'bw': 0}, (2, 4): {'bw': 0}, (2, 5): {'bw': 0}, (3, 4): {'bw': 0}, (3, 6): {'bw': 0}, (4, 5): {'bw': 0}}, 'path_level': {(0, 4): {'latency': 0}, (0, 6): {'latency': 0}, (1, 2): {'latency': 0}, (1, 5): {'latency': 0}, (2, 4): {'latency': 0}, (2, 5): {'latency': 0}, (3, 4): {'latency': 0}, (3, 6): {'latency': 0}, (4, 5): {'latency': 0}}}",[],0.0,0.0,True,True,False,0,[],0,0.0,7.0,9.0
9,2,2,360.0,574.0,68556.61666835399,108462.29158722676,0.627177700348432,0.6320778923725753,7,9,1,107.0,42060,7681,34379,0.010307950006442468,0.014165686921113751,8,1306.7725652947581,107.0,9,21,False,"{0: 0, 1: 1, 2: 2, 3: 3, 4: 4, 5: 5, 6: 6, 7: 7, 8: 8}","{(0, 1): [(0, 11), (11, 8), (8, 1)], (0, 6): [(0, 4), (4, 29), (29, 6)], (1, 2): [(1, 22), (22, 2)], (1, 3): [(1, 8), (8, 25), (25, 3)], (1, 4): [(1, 22), (22, 4)], (1, 6): []}","{(0, 0): {'cpu': 4}, (1, 1): {'cpu': 5}, (2, 2): {'cpu': 19}, (3, 3): {'cpu': 15}, (4, 4): {'cpu': 11}, (5, 5): {'cpu': 3}, (6, 6): {'cpu': 15}, (7, 7): {'cpu': 16}, (8, 8): {'cpu': 9}}","{((0, 1), (0, 11)): {'bw': 38}, ((0, 1), (11, 8)): {'bw': 38}, ((0, 1), (8, 1)): {'bw': 38}, ((0, 6), (0, 4)): {'bw': 28}, ((0, 6), (4, 29)): {'bw': 28}, ((0, 6), (29, 6)): {'bw': 28}, ((1, 2), (1, 22)): {'bw': 34}, ((1, 2), (22, 2)): {'bw': 34}, ((1, 3), (1, 8)): {'bw': 35}, ((1, 3), (8, 25)): {'bw': 35}, ((1, 3), (25, 3)): {'bw': 35}, ((1, 4), (1, 22)): {'bw': 11}, ((1, 4), (22, 4)): {'bw': 11}}",0.0,0.0,657.0,97.0,560.0,0.0,0.0,0.0,0.0,0.0,0.0,0.0,0.0,0.0,Route Failure,19.0,"{'node_level': {}, 'link_level': {}, 'path_level': {}}","{'node_level': {0: {'cpu': -72}, 1: {'cpu': -51}, 2: {'cpu': -30}, 3: {'cpu': -29}, 4: {'cpu': -34}, 5: {'cpu': -49}, 6: {'cpu': -50}, 7: {'cpu': -44}, 8: {'cpu': -84}}, 'link_level': {(0, 1): {'bw': -19}, (0, 6): {'bw': -1}, (1, 2): {'bw': -23}, (1, 3): {'bw': -15}, (1, 4): {'bw': -12}, (1, 6): {'bw': 19}}, 'path_level': {(0, 1): {'latency': -7.553209643646959}, (0, 6): {'latency': -5.2694994568182}, (1, 2): {'latency': -4.440780081788752}, (1, 3): {'latency': -3.9003813037958945}, (1, 4): {'latency': -2.5921698389463206}, (1, 6): {'latency': 5.438766592677532}}}","{'node_level': {0: {'cpu': 0}, 1: {'cpu': 0}, 2: {'cpu': 0}, 3: {'cpu': 0}, 4: {'cpu': 0}, 5: {'cpu': 0}, 6: {'cpu': 0}, 7: {'cpu': 0}, 8: {'cpu': 0}}, 'link_level': {(0, 1): {'bw': 0}, (0, 6): {'bw': 0}, (1, 2): {'bw': 0}, (1, 3): {'bw': 0}, (1, 4): {'bw': 0}, (1, 6): {'bw': 19}}, 'path_level': {(0, 1): {'latency': 0}, (0, 6): {'latency': 0}, (1, 2): {'latency': 0}, (1, 3): {'latency': 0}, (1, 4): {'latency': 0}, (1, 6): {'latency': 5.438766592677532}}}",[],0.0,0.0,True,False,False,0,[],0,0.0,9.0,6.0
10,2,2,360.0,574.0,68556.61666835399,108462.29158722676,0.627177700348432,0.6320778923725753,7,10,1,116.0,42060,7681,34379,0.010307950006442468,0.014165686921113751,9,913.7753751417193,116.0,8,16,False,"{0: 0, 1: 1, 2: 2, 3: 3, 4: 4, 5: 5, 6: 6, 7: 7}","{(0, 1): [(0, 11), (11, 8), (8, 1)], (0, 2): [(0, 45), (45, 38), (38, 2)], (0, 3): []}","{(0, 0): {'cpu': 11}, (1, 1): {'cpu': 13}, (2, 2): {'cpu': 6}, (3, 3): {'cpu': 4}, (4, 4): {'cpu': 8}, (5, 5): {'cpu': 1}, (6, 6): {'cpu': 3}, (7, 7): {'cpu': 16}}","{((0, 1), (0, 11)): {'bw': 47}, ((0, 1), (11, 8)): {'bw': 47}, ((0, 1), (8, 1)): {'bw': 47}, ((0, 2), (0, 45)): {'bw': 42}, ((0, 2), (45, 38)): {'bw': 42}, ((0, 2), (38, 2)): {'bw': 42}}",0.0,0.0,436.0,62.0,374.0,0.0,0.0,0.0,0.0,0.0,0.0,0.0,0.0,0.0,Route Failure,13.0,"{'node_level': {}, 'link_level': {}, 'path_level': {}}","{'node_level': {0: {'cpu': -65}, 1: {'cpu': -43}, 2: {'cpu': -43}, 3: {'cpu': -40}, 4: {'cpu': -37}, 5: {'cpu': -51}, 6: {'cpu': -62}, 7: {'cpu': -44}}, 'link_level': {(0, 1): {'bw': -10}, (0, 2): {'bw': -15}, (0, 3): {'bw': 13}}, 'path_level': {(0, 1): {'latency': -2.725130188427176}, (0, 2): {'latency': -0.1574031803039837}, (0, 3): {'latency': 8.327281988283659}}}","{'node_level': {0: {'cpu': 0}, 1: {'cpu': 0}, 2: {'cpu': 0}, 3: {'cpu': 0}, 4: {'cpu': 0}, 5: {'cpu': 0}, 6: {'cpu': 0}, 7: {'cpu': 0}}, 'link_level': {(0, 1): {'bw': 0}, (0, 2): {'bw': 0}, (0, 3): {'bw': 13}}, 'path_level': {(0, 1): {'latency': 0}, (0, 2): {'latency': 0}, (0, 3): {'latency': 8.327281988283659}}}",[],0.0,0.0,True,False,False,0,[],0,0.0,8.0,3.0
11,2,2,360.0,574.0,68556.61666835399,108462.29158722676,0.627177700348432,0.6320778923725753,7,11,1,128.0,42060,7681,34379,0.010307950006442468,0.014165686921113751,10,647.8969528097425,128.0,2,1,False,"{0: 0, 1: 1}","{(0, 1): []}","{(0, 0): {'cpu': 7}, (1, 1): {'cpu': 15}}",{},0.0,0.0,54.0,22.0,32.0,0.0,0.0,0.0,0.0,0.0,0.0,0.0,0.0,0.0,Route Failure,32.0,"{'node_level': {}, 'link_level': {}, 'path_level': {}}","{'node_level': {0: {'cpu': -69}, 1: {'cpu': -41}}, 'link_level': {(0, 1): {'bw': 29}}, 'path_level': {(0, 1): {'latency': 3.041815574936825}}}","{'node_level': {0: {'cpu': 0}, 1: {'cpu': 0}}, 'link_level': {(0, 1): {'bw': 32}}, 'path_level': {(0, 1): {'latency': 3.041815574936825}}}",[],0.0,0.0,True,False,False,0,[],0,0.0,2.0,1.0
11,2,2,360.0,574.0,68556.61666835399,108462.29158722676,0.627177700348432,0.6320778923725753,7,12,0,134.01345834808853,42060,7681,34379,0.010307950006442468,0.014165686921113751,2,104.01345834808855,30.0,10,20,False,{},{},{},{},0.0,0.0,0.0,0.0,0.0,0.0,0.0,0.0,0.0,0.0,0.0,0.0,0.0,0.0,Leave Event,0.0,"{'node_level': {}, 'link_level': {}, 'path_level': {}}","{'node_level': {}, 'link_level': {}, 'path_level': {}}","{'node_level': {}, 'link_level': {}, 'path_level': {}}",[],0.0,0.0,True,True,False,0,[],0,0.0,,
12,2,2,360.0,574.0,68556.61666835399,108462.29158722676,0.627177700348432,0.6320778923725753,7,13,1,142.0,42060,7681,34379,0.010307950006442468,0.014165686921113751,11,327.1940139598675,142.0,6,9,False,"{0: 0, 1: 1, 2: 2, 3: 3, 4: 4, 5: 5}","{(0, 1): [(0, 65), (65, 1)], (0, 4): [(0, 4)], (0, 5): [(0, 4), (4, 21), (21, 5)], (1, 4): [(1, 22), (22, 4)], (1, 5): [(1, 9), (9, 29), (29, 5)], (2, 3): [(2, 59), (59, 25), (25, 3)], (3, 4): [(3, 25), (25, 59), (59, 4)], (3, 5): []}","{(0, 0): {'cpu': 19}, (1, 1): {'cpu': 12}, (2, 2): {'cpu': 12}, (3, 3): {'cpu': 10}, (4, 4): {'cpu': 15}, (5, 5): {'cpu': 20}}","{((0, 1), (0, 65)): {'bw': 2}, ((0, 1), (65, 1)): {'bw': 2}, ((0, 4), (0, 4)): {'bw': 7}, ((0, 5), (0, 4)): {'bw': 19}, ((0, 5), (4, 21)): {'bw': 19}, ((0, 5), (21, 5)): {'bw': 19}, ((1, 4), (1, 22)): {'bw': 42}, ((1, 4), (22, 4)): {'bw': 42}, ((1, 5), (1, 9)): {'bw': 50}, ((1, 5), (9, 29)): {'bw': 50}, ((1, 5), (29, 5)): {'bw': 50}, ((2, 3), (2, 59)): {'bw': 30}, ((2, 3), (59, 25)): {'bw': 30}, ((2, 3), (25, 3)): {'bw': 30}, ((3, 4), (3, 25)): {'bw': 26}, ((3, 4), (25, 59)): {'bw': 26}, ((3, 4), (59, 4)): {'bw': 26}}",0.0,0.0,329.0,88.0,241.0,0.0,0.0,0.0,0.0,0.0,0.0,0.0,0.0,0.0,Route Failure,3.5401273753459366,"{'node_level': {}, 'link_level': {}, 'path_level': {}}","{'node_level': {0: {'cpu': -57}, 1: {'cpu': -44}, 2: {'cpu': -37}, 3: {'cpu': -34}, 4: {'cpu': -30}, 5: {'cpu': -32}}, 'link_level': {(0, 1): {'bw': -1}, (0, 4): {'bw': -22}, (0, 5): {'bw': -3}, (1, 4): {'bw': -15}, (1, 5): {'bw': -9}, (2, 3): {'bw': -31}, (3, 4): {'bw': -5}, (3, 5): {'bw': -15}}, 'path_level': {(0, 1): {'latency': -2.2662649214346704}, (0, 4): {'latency': -12.998832604236288}, (0, 5): {'latency': -8.064614768084823}, (1, 4): {'latency': -5.841988763338042}, (1, 5): {'latency': -1.892705398036071}, (2, 3): {'latency': -0.8851541867595145}, (3, 4): {'latency': -1.8263897109475096}, (3, 5): {'latency': 3.5401273753459366}}}","{'node_level': {0: {'cpu': 0}, 1: {'cpu': 0}, 2: {'cpu': 0}, 3: {'cpu': 0}, 4: {'cpu': 0}, 5: {'cpu': 0}}, 'link_level': {(0, 1): {'bw': 0}, (0, 4): {'bw': 0}, (0, 5): {'bw': 0}, (1, 4): {'bw': 0}, (1, 5): {'bw': 0}, (2, 3): {'bw': 0}, (3, 4): {'bw': 0}, (3, 5): {'bw': 0}}, 'path_level': {(0, 1): {'latency': 0}, (0, 4): {'latency': 0}, (0, 5): {'latency': 0}, (1, 4): {'latency': 0}, (1, 5): {'latency': 0}, (2, 3): {'latency': 0}, (3, 4): {'latency': 0}, (3, 5): {'latency': 3.5401273753459366}}}",[],0.0,0.0,True,False,False,0,[],0,0.0,6.0,8.0
13,2,2,360.0,574.0,68556.61666835399,108462.29158722676,0.627177700348432,0.6320778923725753,7,14,1,156.0,42060,7681,34379,0.010307950006442468,0.014165686921113751,12,922.9067672351506,156.0,9,17,False,"{0: 0, 1: 1, 2: 2, 3: 3, 4: 4, 5: 5, 6: 6, 7: 7, 8: 8}","{(0, 1): []}","{(0, 0): {'cpu': 6}, (1, 1): {'cpu': 19}, (2, 2): {'cpu': 16}, (3, 3): {'cpu': 11}, (4, 4): {'cpu': 17}, (5, 5): {'cpu': 13}, (6, 6): {'cpu': 9}, (7, 7): {'cpu': 16}, (8, 8): {'cpu': 4}}",{},0.0,0.0,612.0,111.0,501.0,0.0,0.0,0.0,0.0,0.0,0.0,0.0,0.0,0.0,Route Failure,10.0,"{'node_level': {}, 'link_level': {}, 'path_level': {}}","{'node_level': {0: {'cpu': -70}, 1: {'cpu': -37}, 2: {'cpu': -33}, 3: {'cpu': -33}, 4: {'cpu': -28}, 5: {'cpu': -39}, 6: {'cpu': -56}, 7: {'cpu': -44}, 8: {'cpu': -89}}, 'link_level': {(0, 1): {'bw': 10}}, 'path_level': {(0, 1): {'latency': 4.616362717582993}}}","{'node_level': {0: {'cpu': 0}, 1: {'cpu': 0}, 2: {'cpu': 0}, 3: {'cpu': 0}, 4: {'cpu': 0}, 5: {'cpu': 0}, 6: {'cpu': 0}, 7: {'cpu': 0}, 8: {'cpu': 0}}, 'link_level': {(0, 1): {'bw': 10}}, 'path_level': {(0, 1): {'latency': 4.616362717582993}}}",[],0.0,0.0,True,False,False,0,[],0,0.0,9.0,1.0
14,2,2,360.0,574.0,68556.61666835399,108462.29158722676,0.627177700348432,0.6320778923725753,7,15,1,166.0,42060,7681,34379,0.010307950006442468,0.014165686921113751,13,682.7604622614016,166.0,10,25,False,"{0: 0, 1: 1, 2: 2, 3: 3, 4: 4, 5: 5, 6: 6, 7: 7, 8: 8, 9: 9}","{(0, 1): [(0, 11), (11, 8), (8, 1)], (0, 2): []}","{(0, 0): {'cpu': 2}, (1, 1): {'cpu': 14}, (2, 2): {'cpu': 12}, (3, 3): {'cpu': 15}, (4, 4): {'cpu': 8}, (5, 5): {'cpu': 2}, (6, 6): {'cpu': 13}, (7, 7): {'cpu': 18}, (8, 8): {'cpu': 18}, (9, 9): {'cpu': 1}}","{((0, 1), (0, 11)): {'bw': 48}, ((0, 1), (11, 8)): {'bw': 48}, ((0, 1), (8, 1)): {'bw': 48}}",0.0,0.0,885.0,103.0,782.0,0.0,0.0,0.0,0.0,0.0,0.0,0.0,0.0,0.0,Route Failure,5.5496390977266,"{'node_level': {}, 'link_level': {}, 'path_level': {}}","{'node_level': {0: {'cpu': -74}, 1: {'cpu': -42}, 2: {'cpu': -37}, 3: {'cpu': -29}, 4: {'cpu': -37}, 5: {'cpu': -50}, 6: {'cpu': -52}, 7: {'cpu': -42}, 8: {'cpu': -75}, 9: {'cpu': -90}}, 'link_level': {(0, 1): {'bw': -9}, (0, 2): {'bw': -14}}, 'path_level': {(0, 1): {'latency': -7.082378165654802}, (0, 2): {'latency': 5.5496390977266}}}","{'node_level': {0: {'cpu': 0}, 1: {'cpu': 0}, 2: {'cpu': 0}, 3: {'cpu': 0}, 4: {'cpu': 0}, 5: {'cpu': 0}, 6: {'cpu': 0}, 7: {'cpu': 0}, 8: {'cpu': 0}, 9: {'cpu': 0}}, 'link_level': {(0, 1): {'bw': 0}, (0, 2): {'bw': 0}}, 'path_level': {(0, 1): {'latency': 0}, (0, 2): {'latency': 5.5496390977266}}}",[],0.0,0.0,True,False,False,0,[],0,0.0,10.0,2.0
15,2,2,360.0,574.0,68556.61666835399,108462.29158722676,0.627177700348432,0.6320778923725753,7,16,1,174.0,42060,7681,34379,0.010307950006442468,0.014165686921113751,14,539.8843346536152,174.0,3,3,False,"{0: 0, 1: 1, 2: 2}","{(0, 1): [(0, 65), (65, 1)], (0, 2): []}","{(0, 0): {'cpu': 11}, (1, 1): {'cpu': 3}, (2, 2): {'cpu': 2}}","{((0, 1), (0, 65)): {'bw': 3}, ((0, 1), (65, 1)): {'bw': 3}}",0.0,0.0,102.0,16.0,86.0,0.0,0.0,0.0,0.0,0.0,0.0,0.0,0.0,0.0,Route Failure,0.039229714206491906,"{'node_level': {}, 'link_level': {}, 'path_level': {}}","{'node_level': {0: {'cpu': -65}, 1: {'cpu': -53}, 2: {'cpu': -47}}, 'link_level': {(0, 1): {'bw': 0}, (0, 2): {'bw': -19}}, 'path_level': {(0, 1): {'latency': -10.076916268496376}, (0, 2): {'latency': 0.039229714206491906}}}","{'node_level': {0: {'cpu': 0}, 1: {'cpu': 0}, 2: {'cpu': 0}}, 'link_level': {(0, 1): {'bw': 0}, (0, 2): {'bw': 0}}, 'path_level': {(0, 1): {'latency': 0}, (0, 2): {'latency': 0.039229714206491906}}}",[],0.0,0.0,True,False,False,0,[],0,0.0,3.0,2.0
16,2,2,360.0,574.0,68556.61666835399,108462.29158722676,0.627177700348432,0.6320778923725753,7,17,1,183.0,42060,7681,34379,0.010307950006442468,0.014165686921113751,15,1226.560215560672,183.0,8,12,False,"{0: 0, 1: 1, 2: 2, 3: 3, 4: 4, 5: 5, 6: 6, 7: 7}","{(0, 1): [(0, 4), (4, 22), (22, 1)], (0, 2): []}","{(0, 0): {'cpu': 11}, (1, 1): {'cpu': 15}, (2, 2): {'cpu': 3}, (3, 3): {'cpu': 2}, (4, 4): {'cpu': 15}, (5, 5): {'cpu': 20}, (6, 6): {'cpu': 12}, (7, 7): {'cpu': 19}}","{((0, 1), (0, 4)): {'bw': 8}, ((0, 1), (4, 22)): {'bw': 8}, ((0, 1), (22, 1)): {'bw': 8}}",0.0,0.0,350.0,97.0,253.0,0.0,0.0,0.0,0.0,0.0,0.0,0.0,0.0,0.0,Route Failure,4.502351772329195,"{'node_level': {}, 'link_level': {}, 'path_level': {}}","{'node_level': {0: {'cpu': -65}, 1: {'cpu': -41}, 2: {'cpu': -46}, 3: {'cpu': -42}, 4: {'cpu': -30}, 5: {'cpu': -32}, 6: {'cpu': -53}, 7: {'cpu': -41}}, 'link_level': {(0, 1): {'bw': -21}, (0, 2): {'bw': -57}}, 'path_level': {(0, 1): {'latency': -1.2259790769110062}, (0, 2): {'latency': 4.502351772329195}}}","{'node_level': {0: {'cpu': 0}, 1: {'cpu': 0}, 2: {'cpu': 0}, 3: {'cpu': 0}, 4: {'cpu': 0}, 5: {'cpu': 0}, 6: {'cpu': 0}, 7: {'cpu': 0}}, 'link_level': {(0, 1): {'bw': 0}, (0, 2): {'bw': 0}}, 'path_level': {(0, 1): {'latency': 0}, (0, 2): {'latency': 4.502351772329195}}}",[],0.0,0.0,True,False,False,0,[],0,0.0,8.0,2.0
17,2,2,360.0,574.0,68556.61666835399,108462.29158722676,0.627177700348432,0.6320778923725753,7,18,1,195.0,42060,7681,34379,0.010307950006442468,0.014165686921113751,16,502.10430133109463,195.0,4,4,False,"{0: 0, 1: 1, 2: 2, 3: 3}","{(0, 1): [(0, 4), (4, 22), (22, 1)], (0, 2): []}","{(0, 0): {'cpu': 2}, (1, 1): {'cpu': 17}, (2, 2): {'cpu': 18}, (3, 3): {'cpu': 8}}","{((0, 1), (0, 4)): {'bw': 26}, ((0, 1), (4, 22)): {'bw': 26}, ((0, 1), (22, 1)): {'bw': 26}}",0.0,0.0,138.0,45.0,93.0,0.0,0.0,0.0,0.0,0.0,0.0,0.0,0.0,0.0,Route Failure,4.562551908953559,"{'node_level': {}, 'link_level': {}, 'path_level': {}}","{'node_level': {0: {'cpu': -74}, 1: {'cpu': -39}, 2: {'cpu': -31}, 3: {'cpu': -36}}, 'link_level': {(0, 1): {'bw': -3}, (0, 2): {'bw': -9}}, 'path_level': {(0, 1): {'latency': -2.139423067909364}, (0, 2): {'latency': 4.562551908953559}}}","{'node_level': {0: {'cpu': 0}, 1: {'cpu': 0}, 2: {'cpu': 0}, 3: {'cpu': 0}}, 'link_level': {(0, 1): {'bw': 0}, (0, 2): {'bw': 0}}, 'path_level': {(0, 1): {'latency': 0}, (0, 2): {'latency': 4.562551908953559}}}",[],0.0,0.0,True,False,False,0,[],0,0.0,4.0,2.0
18,2,2,360.0,574.0,68556.61666835399,108462.29158722676,0.627177700348432,0.6320778923725753,7,19,1,209.0,42060,7681,34379,0.010307950006442468,0.014165686921113751,17,227.80630709617253,209.0,4,3,False,"{0: 0, 1: 1, 2: 2, 3: 3}","{(0, 3): [(0, 51), (51, 25), (25, 3)], (1, 2): []}","{(0, 0): {'cpu': 3}, (1, 1): {'cpu': 16}, (2, 2): {'cpu': 2}, (3, 3): {'cpu': 8}}","{((0, 3), (0, 51)): {'bw': 19}, ((0, 3), (51, 25)): {'bw': 19}, ((0, 3), (25, 3)): {'bw': 19}}",0.0,0.0,122.0,29.0,93.0,0.0,0.0,0.0,0.0,0.0,0.0,0.0,0.0,0.0,Route Failure,19.0,"{'node_level': {}, 'link_level': {}, 'path_level': {}}","{'node_level': {0: {'cpu': -73}, 1: {'cpu': -40}, 2: {'cpu': -47}, 3: {'cpu': -36}}, 'link_level': {(0, 3): {'bw': -44}, (1, 2): {'bw': 16}}, 'path_level': {(0, 3): {'latency': -5.677513156766864}, (1, 2): {'latency': 8.934562246369083}}}","{'node_level': {0: {'cpu': 0}, 1: {'cpu': 0}, 2: {'cpu': 0}, 3: {'cpu': 0}}, 'link_level': {(0, 3): {'bw': 0}, (1, 2): {'bw': 19}}, 'path_level': {(0, 3): {'latency': 0}, (1, 2): {'latency': 8.934562246369083}}}",[],0.0,0.0,True,False,False,0,[],0,0.0,4.0,2.0
19,3,3,499.0,860.0,124493.62451281314,223555.70341107796,0.5802325581395349,0.5568796618169575,7,20,1,222.0,41774,7639,34135,0.01571962375982472,0.02116250394287844,18,402.4245168666126,222.0,3,2,True,"{0: 0, 1: 1, 2: 2}","{(0, 1): [(0, 11), (11, 8), (8, 1)], (1, 2): [(1, 22), (22, 2)]}","{(0, 0): {'cpu': 16}, (1, 1): {'cpu': 20}, (2, 2): {'cpu': 6}}","{((0, 1), (0, 11)): {'bw': 50}, ((0, 1), (11, 8)): {'bw': 50}, ((0, 1), (8, 1)): {'bw': 50}, ((1, 2), (1, 22)): {'bw': 47}, ((1, 2), (22, 2)): {'bw': 47}}",286.0,139.0,139.0,42.0,97.0,42.0,97.0,42.0,244.0,147.0,0.486013986013986,115093.4118238512,55937.00784445915,195.58394351209492,Success,0.0,"{'node_level': {}, 'link_level': {}, 'path_level': {}}","{'node_level': {0: {'cpu': -60}, 1: {'cpu': -36}, 2: {'cpu': -43}}, 'link_level': {(0, 1): {'bw': -7}, (1, 2): {'bw': -10}}, 'path_level': {(0, 1): {'latency': -1.160716680539739}, (1, 2): {'latency': -1.910974846366262}}}","{'node_level': {0: {'cpu': 0}, 1: {'cpu': 0}, 2: {'cpu': 0}}, 'link_level': {(0, 1): {'bw': 0}, (1, 2): {'bw': 0}}, 'path_level': {(0, 1): {'latency': 0}, (1, 2): {'latency': 0}}}",[],0.0,0.0,True,True,False,0,[],0,0.0,3.0,2.0
20,4,4,624.0,1066.0,138157.9667612656,246074.5394365276,0.5853658536585366,0.5614476291518247,7,21,1,233.0,41568,7580,33988,0.02332173688957606,0.02537779944369567,19,109.31473798761958,233.0,5,6,True,"{0: 0, 1: 1, 2: 2, 3: 3, 4: 4}","{(0, 2): [(0, 4), (4, 21), (21, 2)], (0, 3): [(0, 51), (51, 25), (25, 3)], (0, 4): [(0, 4)], (1, 4): [(1, 68), (68, 4)], (2, 4): [(2, 38), (38, 4)], (3, 4): [(3, 58), (58, 4)]}","{(0, 0): {'cpu': 7}, (1, 1): {'cpu': 13}, (2, 2): {'cpu': 12}, (3, 3): {'cpu': 7}, (4, 4): {'cpu': 20}}","{((0, 2), (0, 4)): {'bw': 2}, ((0, 2), (4, 21)): {'bw': 2}, ((0, 2), (21, 2)): {'bw': 2}, ((0, 3), (0, 51)): {'bw': 19}, ((0, 3), (51, 25)): {'bw': 19}, ((0, 3), (25, 3)): {'bw': 19}, ((0, 4), (0, 4)): {'bw': 6}, ((1, 4), (1, 68)): {'bw': 11}, ((1, 4), (68, 4)): {'bw': 11}, ((2, 4), (2, 38)): {'bw': 26}, ((2, 4), (38, 4)): {'bw': 26}, ((3, 4), (3, 58)): {'bw': 2}, ((3, 4), (58, 4)): {'bw': 2}}",206.0,125.0,125.0,59.0,66.0,59.0,66.0,59.0,147.0,81.0,0.6067961165048543,22518.836025449633,13664.342248452447,66.33175848763324,Success,0.0,"{'node_level': {}, 'link_level': {}, 'path_level': {}}","{'node_level': {0: {'cpu': -53}, 1: {'cpu': -23}, 2: {'cpu': -31}, 3: {'cpu': -37}, 4: {'cpu': -25}}, 'link_level': {(0, 2): {'bw': -20}, (0, 3): {'bw': -44}, (0, 4): {'bw': -21}, (1, 4): {'bw': -48}, (2, 4): {'bw': -31}, (3, 4): {'bw': -13}}, 'path_level': {(0, 2): {'latency': -6.053612685319374}, (0, 3): {'latency': -5.545283712660844}, (0, 4): {'latency': -10.766420345670397}, (1, 4): {'latency': -7.261010785485467}, (2, 4): {'latency': -8.687141334353857}, (3, 4): {'latency': -6.609021208448517}}}","{'node_level': {0: {'cpu': 0}, 1: {'cpu': 0}, 2: {'cpu': 0}, 3: {'cpu': 0}, 4: {'cpu': 0}}, 'link_level': {(0, 2): {'bw': 0}, (0, 3): {'bw': 0}, (0, 4): {'bw': 0}, (1, 4): {'bw': 0}, (2, 4): {'bw': 0}, (3, 4): {'bw': 0}}, 'path_level': {(0, 2): {'latency': 0}, (0, 3): {'latency': 0}, (0, 4): {'latency': 0}, (1, 4): {'latency': 0}, (2, 4): {'latency': 0}, (3, 4): {'latency': 0}}}",[],0.0,0.0,True,True,False,0,[],0,0.0,5.0,6.0
21,4,4,624.0,1066.0,138157.9667612656,246074.5394365276,0.5853658536585366,0.5614476291518247,7,22,1,245.0,41568,7580,33988,0.02332173688957606,0.02537779944369567,20,106.64135009944567,245.0,7,11,False,"{0: 0, 1: 1, 2: 2, 3: 3, 4: 4, 5: 5, 6: 6}","{(0, 1): []}","{(0, 0): {'cpu': 4}, (1, 1): {'cpu': 14}, (2, 2): {'cpu': 6}, (3, 3): {'cpu': 13}, (4, 4): {'cpu': 6}, (5, 5): {'cpu': 10}, (6, 6): {'cpu': 17}}",{},0.0,0.0,363.0,70.0,293.0,0.0,0.0,0.0,0.0,0.0,0.0,0.0,0.0,0.0,Route Failure,28.0,"{'node_level': {}, 'link_level': {}, 'path_level': {}}","{'node_level': {0: {'cpu': -49}, 1: {'cpu': -9}, 2: {'cpu': -25}, 3: {'cpu': -24}, 4: {'cpu': -19}, 5: {'cpu': -42}, 6: {'cpu': -48}}, 'link_level': {(0, 1): {'bw': 27}}, 'path_level': {(0, 1): {'latency': 3.0302108867922657}}}","{'node_level': {0: {'cpu': 0}, 1: {'cpu': 0}, 2: {'cpu': 0}, 3: {'cpu': 0}, 4: {'cpu': 0}, 5: {'cpu': 0}, 6: {'cpu': 0}}, 'link_level': {(0, 1): {'bw': 28}}, 'path_level': {(0, 1): {'latency': 3.0302108867922657}}}",[],0.0,0.0,True,False,False,0,[],0,0.0,7.0,1.0
21,4,3,624.0,1066.0,138157.9667612656,246074.5394365276,0.5853658536585366,0.5614476291518247,7,23,0,247.18559621141526,42093,7645,34448,0.014946527509341556,0.01218707882889336,7,153.18559621141526,94.0,7,9,False,{},{},{},{},0.0,0.0,0.0,0.0,0.0,0.0,0.0,0.0,0.0,0.0,0.0,0.0,0.0,0.0,Leave Event,0.0,"{'node_level': {}, 'link_level': {}, 'path_level': {}}","{'node_level': {}, 'link_level': {}, 'path_level': {}}","{'node_level': {}, 'link_level': {}, 'path_level': {}}",[],0.0,0.0,True,True,False,0,[],0,0.0,,
22,4,3,624.0,1066.0,138157.9667612656,246074.5394365276,0.5853658536585366,0.5614476291518247,7,24,1,258.0,42093,7645,34448,0.014946527509341556,0.01218707882889336,21,646.7110734296512,258.0,10,16,False,"{0: 0, 1: 1, 2: 2, 3: 3, 4: 4, 5: 5, 6: 6, 7: 7, 8: 8, 9: 9}","{(0, 3): [(0, 51), (51, 25), (25, 3)], (0, 9): []}","{(0, 0): {'cpu': 14}, (1, 1): {'cpu': 6}, (2, 2): {'cpu': 13}, (3, 3): {'cpu': 13}, (4, 4): {'cpu': 15}, (5, 5): {'cpu': 15}, (6, 6): {'cpu': 1}, (7, 7): {'cpu': 4}, (8, 8): {'cpu': 7}, (9, 9): {'cpu': 11}}","{((0, 3), (0, 51)): {'bw': 14}, ((0, 3), (51, 25)): {'bw': 14}, ((0, 3), (25, 3)): {'bw': 14}}",0.0,0.0,512.0,99.0,413.0,0.0,0.0,0.0,0.0,0.0,0.0,0.0,0.0,0.0,Route Failure,3.7050408143422193,"{'node_level': {}, 'link_level': {}, 'path_level': {}}","{'node_level': {0: {'cpu': -43}, 1: {'cpu': -32}, 2: {'cpu': -22}, 3: {'cpu': -38}, 4: {'cpu': -15}, 5: {'cpu': -56}, 6: {'cpu': -68}, 7: {'cpu': -56}, 8: {'cpu': -86}, 9: {'cpu': -80}}, 'link_level': {(0, 3): {'bw': -30}, (0, 9): {'bw': -16}}, 'path_level': {(0, 3): {'latency': -3.89361203004958}, (0, 9): {'latency': 3.7050408143422193}}}","{'node_level': {0: {'cpu': 0}, 1: {'cpu': 0}, 2: {'cpu': 0}, 3: {'cpu': 0}, 4: {'cpu': 0}, 5: {'cpu': 0}, 6: {'cpu': 0}, 7: {'cpu': 0}, 8: {'cpu': 0}, 9: {'cpu': 0}}, 'link_level': {(0, 3): {'bw': 0}, (0, 9): {'bw': 0}}, 'path_level': {(0, 3): {'latency': 0}, (0, 9): {'latency': 3.7050408143422193}}}",[],0.0,0.0,True,False,False,0,[],0,0.0,10.0,2.0
23,4,3,624.0,1066.0,138157.9667612656,246074.5394365276,0.5853658536585366,0.5614476291518247,7,25,1,268.0,42093,7645,34448,0.014946527509341556,0.01218707882889336,22,768.4114457682638,268.0,3,2,False,"{0: 0, 1: 1, 2: 2}","{(0, 2): []}","{(0, 0): {'cpu': 2}, (1, 1): {'cpu': 19}, (2, 2): {'cpu': 6}}",{},0.0,0.0,40.0,27.0,13.0,0.0,0.0,0.0,0.0,0.0,0.0,0.0,0.0,0.0,Route Failure,3.922731021506685,"{'node_level': {}, 'link_level': {}, 'path_level': {}}","{'node_level': {0: {'cpu': -55}, 1: {'cpu': -19}, 2: {'cpu': -29}}, 'link_level': {(0, 2): {'bw': -58}}, 'path_level': {(0, 2): {'latency': 3.922731021506685}}}","{'node_level': {0: {'cpu': 0}, 1: {'cpu': 0}, 2: {'cpu': 0}}, 'link_level': {(0, 2): {'bw': 0}}, 'path_level': {(0, 2): {'latency': 3.922731021506685}}}",[],0.0,0.0,True,False,False,0,[],0,0.0,3.0,1.0
24,4,3,624.0,1066.0,138157.9667612656,246074.5394365276,0.5853658536585366,0.5614476291518247,7,26,1,287.0,42093,7645,34448,0.014946527509341556,0.01218707882889336,23,1789.5349712736154,287.0,10,34,False,"{0: 0, 1: 1, 2: 2, 3: 3, 4: 4, 5: 5, 6: 6, 7: 7, 8: 8, 9: 9}","{(0, 1): [(0, 65), (65, 1)], (0, 2): []}","{(0, 0): {'cpu': 11}, (1, 1): {'cpu': 4}, (2, 2): {'cpu': 3}, (3, 3): {'cpu': 4}, (4, 4): {'cpu': 13}, (5, 5): {'cpu': 5}, (6, 6): {'cpu': 19}, (7, 7): {'cpu': 6}, (8, 8): {'cpu': 12}, (9, 9): {'cpu': 15}}","{((0, 1), (0, 65)): {'bw': 8}, ((0, 1), (65, 1)): {'bw': 8}}",0.0,0.0,921.0,92.0,829.0,0.0,0.0,0.0,0.0,0.0,0.0,0.0,0.0,0.0,Route Failure,2.6248099309369,"{'node_level': {}, 'link_level': {}, 'path_level': {}}","{'node_level': {0: {'cpu': -46}, 1: {'cpu': -34}, 2: {'cpu': -32}, 3: {'cpu': -47}, 4: {'cpu': -17}, 5: {'cpu': -66}, 6: {'cpu': -50}, 7: {'cpu': -54}, 8: {'cpu': -81}, 9: {'cpu': -76}}, 'link_level': {(0, 1): {'bw': -31}, (0, 2): {'bw': -21}}, 'path_level': {(0, 1): {'latency': -9.226294960911785}, (0, 2): {'latency': 2.6248099309369}}}","{'node_level': {0: {'cpu': 0}, 1: {'cpu': 0}, 2: {'cpu': 0}, 3: {'cpu': 0}, 4: {'cpu': 0}, 5: {'cpu': 0}, 6: {'cpu': 0}, 7: {'cpu': 0}, 8: {'cpu': 0}, 9: {'cpu': 0}}, 'link_level': {(0, 1): {'bw': 0}, (0, 2): {'bw': 0}}, 'path_level': {(0, 1): {'latency': 0}, (0, 2): {'latency': 2.6248099309369}}}",[],0.0,0.0,True,False,False,0,[],0,0.0,10.0,2.0
25,4,3,624.0,1066.0,138157.9667612656,246074.5394365276,0.5853658536585366,0.5614476291518247,7,27,1,295.0,42093,7645,34448,0.014946527509341556,0.01218707882889336,24,951.8085797489205,295.0,9,22,False,"{0: 0, 1: 1, 2: 2, 3: 3, 4: 4, 5: 5, 6: 6, 7: 7, 8: 8}","{(0, 1): [(0, 65), (65, 1)], (0, 2): [(0, 4), (4, 21), (21, 2)], (0, 3): [(0, 34), (34, 46), (46, 3)], (0, 4): [(0, 4)], (0, 6): []}","{(0, 0): {'cpu': 6}, (1, 1): {'cpu': 3}, (2, 2): {'cpu': 6}, (3, 3): {'cpu': 15}, (4, 4): {'cpu': 19}, (5, 5): {'cpu': 2}, (6, 6): {'cpu': 13}, (7, 7): {'cpu': 12}, (8, 8): {'cpu': 11}}","{((0, 1), (0, 65)): {'bw': 36}, ((0, 1), (65, 1)): {'bw': 36}, ((0, 2), (0, 4)): {'bw': 7}, ((0, 2), (4, 21)): {'bw': 7}, ((0, 2), (21, 2)): {'bw': 7}, ((0, 3), (0, 34)): {'bw': 47}, ((0, 3), (34, 46)): {'bw': 47}, ((0, 3), (46, 3)): {'bw': 47}, ((0, 4), (0, 4)): {'bw': 9}}",0.0,0.0,648.0,87.0,561.0,0.0,0.0,0.0,0.0,0.0,0.0,0.0,0.0,0.0,Route Failure,6.488303933411209,"{'node_level': {}, 'link_level': {}, 'path_level': {}}","{'node_level': {0: {'cpu': -51}, 1: {'cpu': -35}, 2: {'cpu': -29}, 3: {'cpu': -36}, 4: {'cpu': -11}, 5: {'cpu': -69}, 6: {'cpu': -56}, 7: {'cpu': -48}, 8: {'cpu': -82}}, 'link_level': {(0, 1): {'bw': -3}, (0, 2): {'bw': -59}, (0, 3): {'bw': -4}, (0, 4): {'bw': -50}, (0, 6): {'bw': -18}}, 'path_level': {(0, 1): {'latency': -2.3777485335705144}, (0, 2): {'latency': -6.275332309476646}, (0, 3): {'latency': -1.9978975089001985}, (0, 4): {'latency': -11.826903529772283}, (0, 6): {'latency': 6.488303933411209}}}","{'node_level': {0: {'cpu': 0}, 1: {'cpu': 0}, 2: {'cpu': 0}, 3: {'cpu': 0}, 4: {'cpu': 0}, 5: {'cpu': 0}, 6: {'cpu': 0}, 7: {'cpu': 0}, 8: {'cpu': 0}}, 'link_level': {(0, 1): {'bw': 0}, (0, 2): {'bw': 0}, (0, 3): {'bw': 0}, (0, 4): {'bw': 0}, (0, 6): {'bw': 0}}, 'path_level': {(0, 1): {'latency': 0}, (0, 2): {'latency': 0}, (0, 3): {'latency': 0}, (0, 4): {'latency': 0}, (0, 6): {'latency': 6.488303933411209}}}",[],0.0,0.0,True,False,False,0,[],0,0.0,9.0,5.0
26,4,3,624.0,1066.0,138157.9667612656,246074.5394365276,0.5853658536585366,0.5614476291518247,7,28,1,308.0,42093,7645,34448,0.014946527509341556,0.01218707882889336,25,392.1866151499181,308.0,10,22,False,"{0: 0, 1: 1, 2: 2, 3: 3, 4: 4, 5: 5, 6: 6, 7: 7, 8: 8, 9: 9}","{(0, 2): []}","{(0, 0): {'cpu': 11}, (1, 1): {'cpu': 13}, (2, 2): {'cpu': 19}, (3, 3): {'cpu': 5}, (4, 4): {'cpu': 4}, (5, 5): {'cpu': 14}, (6, 6): {'cpu': 12}, (7, 7): {'cpu': 3}, (8, 8): {'cpu': 4}, (9, 9): {'cpu': 8}}",{},0.0,0.0,657.0,93.0,564.0,0.0,0.0,0.0,0.0,0.0,0.0,0.0,0.0,0.0,Route Failure,5.055122518351874,"{'node_level': {}, 'link_level': {}, 'path_level': {}}","{'node_level': {0: {'cpu': -46}, 1: {'cpu': -25}, 2: {'cpu': -16}, 3: {'cpu': -46}, 4: {'cpu': -26}, 5: {'cpu': -57}, 6: {'cpu': -57}, 7: {'cpu': -57}, 8: {'cpu': -89}, 9: {'cpu': -83}}, 'link_level': {(0, 2): {'bw': -14}}, 'path_level': {(0, 2): {'latency': 5.055122518351874}}}","{'node_level': {0: {'cpu': 0}, 1: {'cpu': 0}, 2: {'cpu': 0}, 3: {'cpu': 0}, 4: {'cpu': 0}, 5: {'cpu': 0}, 6: {'cpu': 0}, 7: {'cpu': 0}, 8: {'cpu': 0}, 9: {'cpu': 0}}, 'link_level': {(0, 2): {'bw': 0}}, 'path_level': {(0, 2): {'latency': 5.055122518351874}}}",[],0.0,0.0,True,False,False,0,[],0,0.0,10.0,1.0
27,5,4,685.0,1157.0,141027.4339722508,250355.22002996452,0.592048401037165,0.5633093408452657,7,29,1,323.0,42002,7608,34394,0.019713954387321264,0.013735554727152821,26,47.04044608172464,323.0,3,2,True,"{0: 0, 1: 1, 2: 2}","{(0, 2): [(0, 4), (4, 21), (21, 2)], (1, 2): [(1, 22), (22, 2)]}","{(0, 0): {'cpu': 16}, (1, 1): {'cpu': 4}, (2, 2): {'cpu': 17}}","{((0, 2), (0, 4)): {'bw': 6}, ((0, 2), (4, 21)): {'bw': 6}, ((0, 2), (21, 2)): {'bw': 6}, ((1, 2), (1, 22)): {'bw': 18}, ((1, 2), (22, 2)): {'bw': 18}}",91.0,61.0,61.0,37.0,24.0,37.0,24.0,37.0,54.0,30.0,0.6703296703296703,4280.680593436942,2869.467210985203,31.53260671412311,Success,0.0,"{'node_level': {}, 'link_level': {}, 'path_level': {}}","{'node_level': {0: {'cpu': -41}, 1: {'cpu': -34}, 2: {'cpu': -18}}, 'link_level': {(0, 2): {'bw': -60}, (1, 2): {'bw': -7}}, 'path_level': {(0, 2): {'latency': -6.451599096597446}, (1, 2): {'latency': -3.2557855785667176}}}","{'node_level': {0: {'cpu': 0}, 1: {'cpu': 0}, 2: {'cpu': 0}}, 'link_level': {(0, 2): {'bw': 0}, (1, 2): {'bw': 0}}, 'path_level': {(0, 2): {'latency': 0}, (1, 2): {'latency': 0}}}",[],0.0,0.0,True,True,False,0,[],0,0.0,3.0,2.0
28,6,5,701.0,1184.0,146396.53529984932,259415.57852028706,0.5920608108108109,0.564332088824036,7,30,1,338.0,41975,7603,34372,0.02035820126272392,0.014366415278295519,27,335.5688329749085,338.0,2,1,True,"{0: 0, 1: 1}","{(0, 1): [(0, 65), (65, 1)]}","{(0, 0): {'cpu': 4}, (1, 1): {'cpu': 1}}","{((0, 1), (0, 65)): {'bw': 11}, ((0, 1), (65, 1)): {'bw': 11}}",27.0,16.0,16.0,5.0,11.0,5.0,11.0,5.0,22.0,11.0,0.5925925925925926,9060.35849032253,5369.101327598536,198.8556047258717,Success,0.0,"{'node_level': {}, 'link_level': {}, 'path_level': {}}","{'node_level': {0: {'cpu': -37}, 1: {'cpu': -33}}, 'link_level': {(0, 1): {'bw': -28}}, 'path_level': {(0, 1): {'latency': -0.606319214790144}}}","{'node_level': {0: {'cpu': 0}, 1: {'cpu': 0}}, 'link_level': {(0, 1): {'bw': 0}}, 'path_level': {(0, 1): {'latency': 0}}}",[],0.0,0.0,True,True,False,0,[],0,0.0,2.0,1.0
28,6,4,701.0,1184.0,146396.53529984932,259415.57852028706,0.5920608108108109,0.564332088824036,7,31,0,342.3147379876196,42181,7662,34519,0.012756088132972576,0.01015111977747829,19,109.31473798761958,233.0,5,6,False,{},{},{},{},0.0,0.0,0.0,0.0,0.0,0.0,0.0,0.0,0.0,0.0,0.0,0.0,0.0,0.0,Leave Event,0.0,"{'node_level': {}, 'link_level': {}, 'path_level': {}}","{'node_level': {}, 'link_level': {}, 'path_level': {}}","{'node_level': {}, 'link_level': {}, 'path_level': {}}",[],0.0,0.0,True,True,False,0,[],0,0.0,,
29,6,4,701.0,1184.0,146396.53529984932,259415.57852028706,0.5920608108108109,0.564332088824036,7,32,1,350.0,42181,7662,34519,0.012756088132972576,0.01015111977747829,28,1315.102744440631,350.0,7,11,False,"{0: 0, 1: 1, 2: 2, 3: 3, 4: 4, 5: 5, 6: 6}","{(0, 1): [(0, 65), (65, 1)], (0, 3): []}","{(0, 0): {'cpu': 9}, (1, 1): {'cpu': 20}, (2, 2): {'cpu': 9}, (3, 3): {'cpu': 14}, (4, 4): {'cpu': 4}, (5, 5): {'cpu': 5}, (6, 6): {'cpu': 15}}","{((0, 1), (0, 65)): {'bw': 1}, ((0, 1), (65, 1)): {'bw': 1}}",0.0,0.0,286.0,76.0,210.0,0.0,0.0,0.0,0.0,0.0,0.0,0.0,0.0,0.0,Route Failure,6.953232324187246,"{'node_level': {}, 'link_level': {}, 'path_level': {}}","{'node_level': {0: {'cpu': -35}, 1: {'cpu': -26}, 2: {'cpu': -21}, 3: {'cpu': -44}, 4: {'cpu': -46}, 5: {'cpu': -66}, 6: {'cpu': -54}}, 'link_level': {(0, 1): {'bw': -27}, (0, 3): {'bw': 3}}, 'path_level': {(0, 1): {'latency': -6.860940473694191}, (0, 3): {'latency': 6.953232324187246}}}","{'node_level': {0: {'cpu': 0}, 1: {'cpu': 0}, 2: {'cpu': 0}, 3: {'cpu': 0}, 4: {'cpu': 0}, 5: {'cpu': 0}, 6: {'cpu': 0}}, 'link_level': {(0, 1): {'bw': 0}, (0, 3): {'bw': 3}}, 'path_level': {(0, 1): {'latency': 0}, (0, 3): {'latency': 6.953232324187246}}}",[],0.0,0.0,True,False,False,0,[],0,0.0,7.0,2.0
29,6,4,701.0,1184.0,146396.53529984932,259415.57852028706,0.5920608108108109,0.564332088824036,7,33,0,351.6413500994457,42181,7662,34519,0.012756088132972576,0.01015111977747829,20,106.64135009944567,245.0,7,11,False,{},{},{},{},0.0,0.0,0.0,0.0,0.0,0.0,0.0,0.0,0.0,0.0,0.0,0.0,0.0,0.0,Leave Event,0.0,"{'node_level': {}, 'link_level': {}, 'path_level': {}}","{'node_level': {}, 'link_level': {}, 'path_level': {}}","{'node_level': {}, 'link_level': {}, 'path_level': {}}",[],0.0,0.0,True,True,False,0,[],0,0.0,,
30,6,4,701.0,1184.0,146396.53529984932,259415.57852028706,0.5920608108108109,0.564332088824036,7,34,1,364.0,42181,7662,34519,0.012756088132972576,0.01015111977747829,29,774.684839165071,364.0,6,9,False,"{0: 0, 1: 1, 2: 2, 3: 3, 4: 4, 5: 5}","{(0, 2): [(0, 4), (4, 38), (38, 2)], (0, 3): [(0, 51), (51, 25), (25, 3)], (0, 4): [(0, 4)], (1, 2): []}","{(0, 0): {'cpu': 5}, (1, 1): {'cpu': 6}, (2, 2): {'cpu': 8}, (3, 3): {'cpu': 9}, (4, 4): {'cpu': 12}, (5, 5): {'cpu': 5}}","{((0, 2), (0, 4)): {'bw': 19}, ((0, 2), (4, 38)): {'bw': 19}, ((0, 2), (38, 2)): {'bw': 19}, ((0, 3), (0, 51)): {'bw': 32}, ((0, 3), (51, 25)): {'bw': 32}, ((0, 3), (25, 3)): {'bw': 32}, ((0, 4), (0, 4)): {'bw': 33}}",0.0,0.0,301.0,45.0,256.0,0.0,0.0,0.0,0.0,0.0,0.0,0.0,0.0,0.0,Route Failure,43.0,"{'node_level': {}, 'link_level': {}, 'path_level': {}}","{'node_level': {0: {'cpu': -39}, 1: {'cpu': -40}, 2: {'cpu': -22}, 3: {'cpu': -49}, 4: {'cpu': -38}, 5: {'cpu': -66}}, 'link_level': {(0, 2): {'bw': -38}, (0, 3): {'bw': -31}, (0, 4): {'bw': -16}, (1, 2): {'bw': 43}}, 'path_level': {(0, 2): {'latency': -2.692051430454116}, (0, 3): {'latency': -3.955961971470769}, (0, 4): {'latency': -6.52266251629845}, (1, 2): {'latency': 8.662824142274342}}}","{'node_level': {0: {'cpu': 0}, 1: {'cpu': 0}, 2: {'cpu': 0}, 3: {'cpu': 0}, 4: {'cpu': 0}, 5: {'cpu': 0}}, 'link_level': {(0, 2): {'bw': 0}, (0, 3): {'bw': 0}, (0, 4): {'bw': 0}, (1, 2): {'bw': 43}}, 'path_level': {(0, 2): {'latency': 0}, (0, 3): {'latency': 0}, (0, 4): {'latency': 0}, (1, 2): {'latency': 8.662824142274342}}}",[],0.0,0.0,True,False,False,0,[],0,0.0,6.0,4.0
30,6,3,701.0,1184.0,146396.53529984932,259415.57852028706,0.5920608108108109,0.564332088824036,7,35,0,370.04044608172467,42272,7699,34573,0.007988661254992868,0.00860264387921883,26,47.04044608172464,323.0,3,2,False,{},{},{},{},0.0,0.0,0.0,0.0,0.0,0.0,0.0,0.0,0.0,0.0,0.0,0.0,0.0,0.0,Leave Event,0.0,"{'node_level': {}, 'link_level': {}, 'path_level': {}}","{'node_level': {}, 'link_level': {}, 'path_level': {}}","{'node_level': {}, 'link_level': {}, 'path_level': {}}",[],0.0,0.0,True,True,False,0,[],0,0.0,,
31,6,3,701.0,1184.0,146396.53529984932,259415.57852028706,0.5920608108108109,0.564332088824036,7,36,1,378.0,42272,7699,34573,0.007988661254992868,0.00860264387921883,30,331.8856791350164,378.0,3,2,False,"{0: 0, 1: 1, 2: 2}","{(0, 1): [(0, 65), (65, 1)], (1, 2): []}","{(0, 0): {'cpu': 7}, (1, 1): {'cpu': 1}, (2, 2): {'cpu': 14}}","{((0, 1), (0, 65)): {'bw': 11}, ((0, 1), (65, 1)): {'bw': 11}}",0.0,0.0,50.0,22.0,28.0,0.0,0.0,0.0,0.0,0.0,0.0,0.0,0.0,0.0,Route Failure,6.88561431178983,"{'node_level': {}, 'link_level': {}, 'path_level': {}}","{'node_level': {0: {'cpu': -53}, 1: {'cpu': -49}, 2: {'cpu': -33}}, 'link_level': {(0, 1): {'bw': -17}, (1, 2): {'bw': -8}}, 'path_level': {(0, 1): {'latency': -2.6185384023072587}, (1, 2): {'latency': 6.88561431178983}}}","{'node_level': {0: {'cpu': 0}, 1: {'cpu': 0}, 2: {'cpu': 0}}, 'link_level': {(0, 1): {'bw': 0}, (1, 2): {'bw': 0}}, 'path_level': {(0, 1): {'latency': 0}, (1, 2): {'latency': 6.88561431178983}}}",[],0.0,0.0,True,False,False,0,[],0,0.0,3.0,2.0
32,7,4,1077.0,1973.0,260603.18995475103,499067.30863389734,0.5458692346680183,0.52218044629712,7,37,1,394.0,41483,7626,33857,0.017394665635871664,0.029134287270954573,31,303.74110280558966,394.0,7,11,True,"{0: 0, 1: 1, 2: 2, 3: 3, 4: 4, 5: 5, 6: 6}","{(0, 1): [(0, 65), (65, 1)], (0, 5): [(0, 4), (4, 21), (21, 5)], (1, 2): [(1, 22), (22, 2)], (1, 4): [(1, 22), (22, 4)], (1, 5): [(1, 5)], (1, 6): [(1, 65), (65, 6)], (2, 3): [(2, 59), (59, 25), (25, 3)], (2, 6): [(2, 10), (10, 39), (39, 6)], (3, 6): [(3, 46), (46, 66), (66, 77), (77, 6)], (4, 5): [(4, 29), (29, 5)], (5, 6): [(5, 6)]}","{(0, 0): {'cpu': 4}, (1, 1): {'cpu': 9}, (2, 2): {'cpu': 17}, (3, 3): {'cpu': 18}, (4, 4): {'cpu': 12}, (5, 5): {'cpu': 3}, (6, 6): {'cpu': 10}}","{((0, 1), (0, 65)): {'bw': 8}, ((0, 1), (65, 1)): {'bw': 8}, ((0, 5), (0, 4)): {'bw': 33}, ((0, 5), (4, 21)): {'bw': 33}, ((0, 5), (21, 5)): {'bw': 33}, ((1, 2), (1, 22)): {'bw': 2}, ((1, 2), (22, 2)): {'bw': 2}, ((1, 4), (1, 22)): {'bw': 4}, ((1, 4), (22, 4)): {'bw': 4}, ((1, 5), (1, 5)): {'bw': 41}, ((1, 6), (1, 65)): {'bw': 41}, ((1, 6), (65, 6)): {'bw': 41}, ((2, 3), (2, 59)): {'bw': 39}, ((2, 3), (59, 25)): {'bw': 39}, ((2, 3), (25, 3)): {'bw': 39}, ((2, 6), (2, 10)): {'bw': 42}, ((2, 6), (10, 39)): {'bw': 42}, ((2, 6), (39, 6)): {'bw': 42}, ((3, 6), (3, 46)): {'bw': 27}, ((3, 6), (46, 66)): {'bw': 27}, ((3, 6), (66, 77)): {'bw': 27}, ((3, 6), (77, 6)): {'bw': 27}, ((4, 5), (4, 29)): {'bw': 49}, ((4, 5), (29, 5)): {'bw': 49}, ((5, 6), (5, 6)): {'bw': 17}}",789.0,376.0,376.0,73.0,303.0,73.0,303.0,73.0,716.0,413.0,0.47655259822560203,239651.73011361025,114206.65465490171,144.74861172991345,Success,0.0,"{'node_level': {}, 'link_level': {}, 'path_level': {}}","{'node_level': {0: {'cpu': -56}, 1: {'cpu': -41}, 2: {'cpu': -30}, 3: {'cpu': -40}, 4: {'cpu': -38}, 5: {'cpu': -68}, 6: {'cpu': -59}}, 'link_level': {(0, 1): {'bw': -20}, (0, 5): {'bw': -36}, (1, 2): {'bw': -23}, (1, 4): {'bw': -19}, (1, 5): {'bw': -28}, (1, 6): {'bw': -13}, (2, 3): {'bw': -22}, (2, 6): {'bw': -10}, (3, 6): {'bw': -32}, (4, 5): {'bw': -13}, (5, 6): {'bw': -34}}, 'path_level': {(0, 1): {'latency': -5.707727540316846}, (0, 5): {'latency': -6.064830344644429}, (1, 2): {'latency': -4.435183683101879}, (1, 4): {'latency': -8.104216662372842}, (1, 5): {'latency': -6.049718883284655}, (1, 6): {'latency': -8.438452627520771}, (2, 3): {'latency': -2.3806030260036355}, (2, 6): {'latency': -0.5313487259058594}, (3, 6): {'latency': -0.1631790315112891}, (4, 5): {'latency': -5.077668161602491}, (5, 6): {'latency': -7.15884911946626}}}","{'node_level': {0: {'cpu': 0}, 1: {'cpu': 0}, 2: {'cpu': 0}, 3: {'cpu': 0}, 4: {'cpu': 0}, 5: {'cpu': 0}, 6: {'cpu': 0}}, 'link_level': {(0, 1): {'bw': 0}, (0, 5): {'bw': 0}, (1, 2): {'bw': 0}, (1, 4): {'bw': 0}, (1, 5): {'bw': 0}, (1, 6): {'bw': 0}, (2, 3): {'bw': 0}, (2, 6): {'bw': 0}, (3, 6): {'bw': 0}, (4, 5): {'bw': 0}, (5, 6): {'bw': 0}}, 'path_level': {(0, 1): {'latency': 0}, (0, 5): {'latency': 0}, (1, 2): {'latency': 0}, (1, 4): {'latency': 0}, (1, 5): {'latency': 0}, (1, 6): {'latency': 0}, (2, 3): {'latency': 0}, (2, 6): {'latency': 0}, (3, 6): {'latency': 0}, (4, 5): {'latency': 0}, (5, 6): {'latency': 0}}}",[],0.0,0.0,True,True,False,0,[],0,0.0,7.0,11.0
33,7,4,1077.0,1973.0,260603.18995475103,499067.30863389734,0.5458692346680183,0.52218044629712,7,38,1,407.0,41483,7626,33857,0.017394665635871664,0.029134287270954573,32,122.94116981870206,407.0,6,5,False,"{0: 0, 1: 1, 2: 2, 3: 3, 4: 4, 5: 5}","{(0, 1): []}","{(0, 0): {'cpu': 5}, (1, 1): {'cpu': 5}, (2, 2): {'cpu': 10}, (3, 3): {'cpu': 20}, (4, 4): {'cpu': 4}, (5, 5): {'cpu': 4}}",{},0.0,0.0,210.0,48.0,162.0,0.0,0.0,0.0,0.0,0.0,0.0,0.0,0.0,0.0,Route Failure,16.0,"{'node_level': {}, 'link_level': {}, 'path_level': {}}","{'node_level': {0: {'cpu': -51}, 1: {'cpu': -36}, 2: {'cpu': -20}, 3: {'cpu': -20}, 4: {'cpu': -34}, 5: {'cpu': -64}}, 'link_level': {(0, 1): {'bw': 12}}, 'path_level': {(0, 1): {'latency': 4.367871656793076}}}","{'node_level': {0: {'cpu': 0}, 1: {'cpu': 0}, 2: {'cpu': 0}, 3: {'cpu': 0}, 4: {'cpu': 0}, 5: {'cpu': 0}}, 'link_level': {(0, 1): {'bw': 16}}, 'path_level': {(0, 1): {'latency': 4.367871656793076}}}",[],0.0,0.0,True,False,False,0,[],0,0.0,6.0,1.0
33,7,4,1077.0,1973.0,260603.18995475103,499067.30863389734,0.5458692346680183,0.52218044629712,7,39,0,417.9091007123842,41483,7626,33857,0.017394665635871664,0.029134287270954573,1,402.9091007123842,15.0,5,5,False,{},{},{},{},0.0,0.0,0.0,0.0,0.0,0.0,0.0,0.0,0.0,0.0,0.0,0.0,0.0,0.0,Leave Event,0.0,"{'node_level': {}, 'link_level': {}, 'path_level': {}}","{'node_level': {}, 'link_level': {}, 'path_level': {}}","{'node_level': {}, 'link_level': {}, 'path_level': {}}",[],0.0,0.0,True,True,False,0,[],0,0.0,,
34,7,4,1077.0,1973.0,260603.18995475103,499067.30863389734,0.5458692346680183,0.52218044629712,7,40,1,426.0,41483,7626,33857,0.017394665635871664,0.029134287270954573,33,97.52919192800896,426.0,9,20,False,"{0: 0, 1: 1, 2: 2, 3: 3, 4: 4, 5: 5, 6: 6, 7: 7, 8: 8}","{(0, 1): [(0, 51), (51, 8), (8, 1)], (0, 3): []}","{(0, 0): {'cpu': 10}, (1, 1): {'cpu': 13}, (2, 2): {'cpu': 11}, (3, 3): {'cpu': 2}, (4, 4): {'cpu': 18}, (5, 5): {'cpu': 19}, (6, 6): {'cpu': 17}, (7, 7): {'cpu': 10}, (8, 8): {'cpu': 3}}","{((0, 1), (0, 51)): {'bw': 17}, ((0, 1), (51, 8)): {'bw': 17}, ((0, 1), (8, 1)): {'bw': 17}}",0.0,0.0,653.0,103.0,550.0,0.0,0.0,0.0,0.0,0.0,0.0,0.0,0.0,0.0,Route Failure,69.0,"{'node_level': {}, 'link_level': {}, 'path_level': {}}","{'node_level': {0: {'cpu': -46}, 1: {'cpu': -28}, 2: {'cpu': -19}, 3: {'cpu': -38}, 4: {'cpu': -20}, 5: {'cpu': -49}, 6: {'cpu': -42}, 7: {'cpu': -50}, 8: {'cpu': -90}}, 'link_level': {(0, 1): {'bw': -32}, (0, 3): {'bw': 43}}, 'path_level': {(0, 1): {'latency': -0.31895031568129895}, (0, 3): {'latency': 7.379443222632963}}}","{'node_level': {0: {'cpu': 0}, 1: {'cpu': 0}, 2: {'cpu': 0}, 3: {'cpu': 0}, 4: {'cpu': 0}, 5: {'cpu': 0}, 6: {'cpu': 0}, 7: {'cpu': 0}, 8: {'cpu': 0}}, 'link_level': {(0, 1): {'bw': 0}, (0, 3): {'bw': 69}}, 'path_level': {(0, 1): {'latency': 0}, (0, 3): {'latency': 7.379443222632963}}}",[],0.0,0.0,True,False,False,0,[],0,0.0,9.0,2.0
35,7,4,1077.0,1973.0,260603.18995475103,499067.30863389734,0.5458692346680183,0.52218044629712,7,41,1,436.0,41483,7626,33857,0.017394665635871664,0.029134287270954573,34,38.237361082638564,436.0,8,17,False,"{0: 0, 1: 1, 2: 2, 3: 3, 4: 4, 5: 5, 6: 6, 7: 7}","{(0, 2): [(0, 4), (4, 22), (22, 2)], (0, 4): [(0, 45), (45, 7), (7, 4)], (0, 5): [(0, 44), (44, 21), (21, 5)], (1, 2): []}","{(0, 0): {'cpu': 14}, (1, 1): {'cpu': 10}, (2, 2): {'cpu': 14}, (3, 3): {'cpu': 11}, (4, 4): {'cpu': 8}, (5, 5): {'cpu': 8}, (6, 6): {'cpu': 6}, (7, 7): {'cpu': 8}}","{((0, 2), (0, 4)): {'bw': 20}, ((0, 2), (4, 22)): {'bw': 20}, ((0, 2), (22, 2)): {'bw': 20}, ((0, 4), (0, 45)): {'bw': 37}, ((0, 4), (45, 7)): {'bw': 37}, ((0, 4), (7, 4)): {'bw': 37}, ((0, 5), (0, 44)): {'bw': 37}, ((0, 5), (44, 21)): {'bw': 37}, ((0, 5), (21, 5)): {'bw': 37}}",0.0,0.0,512.0,79.0,433.0,0.0,0.0,0.0,0.0,0.0,0.0,0.0,0.0,0.0,Route Failure,21.0,"{'node_level': {}, 'link_level': {}, 'path_level': {}}","{'node_level': {0: {'cpu': -42}, 1: {'cpu': -31}, 2: {'cpu': -16}, 3: {'cpu': -29}, 4: {'cpu': -30}, 5: {'cpu': -60}, 6: {'cpu': -53}, 7: {'cpu': -52}}, 'link_level': {(0, 2): {'bw': -10}, (0, 4): {'bw': -33}, (0, 5): {'bw': -24}, (1, 2): {'bw': 19}}, 'path_level': {(0, 2): {'latency': -0.9295012456409495}, (0, 4): {'latency': -2.2591717105040896}, (0, 5): {'latency': -3.359083196658066}, (1, 2): {'latency': 5.006414359233236}}}","{'node_level': {0: {'cpu': 0}, 1: {'cpu': 0}, 2: {'cpu': 0}, 3: {'cpu': 0}, 4: {'cpu': 0}, 5: {'cpu': 0}, 6: {'cpu': 0}, 7: {'cpu': 0}}, 'link_level': {(0, 2): {'bw': 0}, (0, 4): {'bw': 0}, (0, 5): {'bw': 0}, (1, 2): {'bw': 21}}, 'path_level': {(0, 2): {'latency': 0}, (0, 4): {'latency': 0}, (0, 5): {'latency': 0}, (1, 2): {'latency': 5.006414359233236}}}",[],0.0,0.0,True,False,False,0,[],0,0.0,8.0,4.0
35,7,4,1077.0,1973.0,260603.18995475103,499067.30863389734,0.5458692346680183,0.52218044629712,7,42,0,436.80630709617253,41483,7626,33857,0.017394665635871664,0.029134287270954573,17,227.80630709617253,209.0,4,3,False,{},{},{},{},0.0,0.0,0.0,0.0,0.0,0.0,0.0,0.0,0.0,0.0,0.0,0.0,0.0,0.0,Leave Event,0.0,"{'node_level': {}, 'link_level': {}, 'path_level': {}}","{'node_level': {}, 'link_level': {}, 'path_level': {}}","{'node_level': {}, 'link_level': {}, 'path_level': {}}",[],0.0,0.0,True,True,False,0,[],0,0.0,,
36,7,4,1077.0,1973.0,260603.18995475103,499067.30863389734,0.5458692346680183,0.52218044629712,7,43,1,447.0,41483,7626,33857,0.017394665635871664,0.029134287270954573,35,1114.6356604354908,447.0,2,1,False,"{0: 0, 1: 1}","{(0, 1): []}","{(0, 0): {'cpu': 20}, (1, 1): {'cpu': 8}}",{},0.0,0.0,73.0,28.0,45.0,0.0,0.0,0.0,0.0,0.0,0.0,0.0,0.0,0.0,Route Failure,56.0,"{'node_level': {}, 'link_level': {}, 'path_level': {}}","{'node_level': {0: {'cpu': -36}, 1: {'cpu': -33}}, 'link_level': {(0, 1): {'bw': 25}}, 'path_level': {(0, 1): {'latency': 3.5472247423299006}}}","{'node_level': {0: {'cpu': 0}, 1: {'cpu': 0}}, 'link_level': {(0, 1): {'bw': 56}}, 'path_level': {(0, 1): {'latency': 3.5472247423299006}}}",[],0.0,0.0,True,False,False,0,[],0,0.0,2.0,1.0
36,7,4,1077.0,1973.0,260603.18995475103,499067.30863389734,0.5458692346680183,0.52218044629712,7,44,0,460.37396559521494,41483,7626,33857,0.017394665635871664,0.029134287270954573,5,389.37396559521494,71.0,7,12,False,{},{},{},{},0.0,0.0,0.0,0.0,0.0,0.0,0.0,0.0,0.0,0.0,0.0,0.0,0.0,0.0,Leave Event,0.0,"{'node_level': {}, 'link_level': {}, 'path_level': {}}","{'node_level': {}, 'link_level': {}, 'path_level': {}}","{'node_level': {}, 'link_level': {}, 'path_level': {}}",[],0.0,0.0,True,True,False,0,[],0,0.0,,
37,7,4,1077.0,1973.0,260603.18995475103,499067.30863389734,0.5458692346680183,0.52218044629712,7,45,1,462.0,41483,7626,33857,0.017394665635871664,0.029134287270954573,36,511.07098520707405,462.0,2,1,False,"{0: 0, 1: 1}","{(0, 1): []}","{(0, 0): {'cpu': 2}, (1, 1): {'cpu': 4}}",{},0.0,0.0,20.0,6.0,14.0,0.0,0.0,0.0,0.0,0.0,0.0,0.0,0.0,0.0,Route Failure,3.589780727340755,"{'node_level': {}, 'link_level': {}, 'path_level': {}}","{'node_level': {0: {'cpu': -54}, 1: {'cpu': -37}}, 'link_level': {(0, 1): {'bw': -6}}, 'path_level': {(0, 1): {'latency': 3.589780727340755}}}","{'node_level': {0: {'cpu': 0}, 1: {'cpu': 0}}, 'link_level': {(0, 1): {'bw': 0}}, 'path_level': {(0, 1): {'latency': 3.589780727340755}}}",[],0.0,0.0,True,False,False,0,[],0,0.0,2.0,1.0
37,7,4,1077.0,1973.0,260603.18995475103,499067.30863389734,0.5458692346680183,0.52218044629712,7,46,0,469.1940139598675,41483,7626,33857,0.017394665635871664,0.029134287270954573,11,327.1940139598675,142.0,6,9,False,{},{},{},{},0.0,0.0,0.0,0.0,0.0,0.0,0.0,0.0,0.0,0.0,0.0,0.0,0.0,0.0,Leave Event,0.0,"{'node_level': {}, 'link_level': {}, 'path_level': {}}","{'node_level': {}, 'link_level': {}, 'path_level': {}}","{'node_level': {}, 'link_level': {}, 'path_level': {}}",[],0.0,0.0,True,True,False,0,[],0,0.0,,
37,7,4,1077.0,1973.0,260603.18995475103,499067.30863389734,0.5458692346680183,0.52218044629712,7,47,0,474.2373610826386,41483,7626,33857,0.017394665635871664,0.029134287270954573,34,38.237361082638564,436.0,8,17,False,{},{},{},{},0.0,0.0,0.0,0.0,0.0,0.0,0.0,0.0,0.0,0.0,0.0,0.0,0.0,0.0,Leave Event,0.0,"{'node_level': {}, 'link_level': {}, 'path_level': {}}","{'node_level': {}, 'link_level': {}, 'path_level': {}}","{'node_level': {}, 'link_level': {}, 'path_level': {}}",[],0.0,0.0,True,True,False,0,[],0,0.0,,
38,7,4,1077.0,1973.0,260603.18995475103,499067.30863389734,0.5458692346680183,0.52218044629712,7,48,1,477.0,41483,7626,33857,0.017394665635871664,0.029134287270954573,37,77.35260196527098,477.0,4,5,False,"{0: 0, 1: 1, 2: 2, 3: 3}","{(0, 1): [(0, 4), (4, 68), (68, 1)], (0, 3): []}","{(0, 0): {'cpu': 2}, (1, 1): {'cpu': 7}, (2, 2): {'cpu': 18}, (3, 3): {'cpu': 7}}","{((0, 1), (0, 4)): {'bw': 26}, ((0, 1), (4, 68)): {'bw': 26}, ((0, 1), (68, 1)): {'bw': 26}}",0.0,0.0,193.0,34.0,159.0,0.0,0.0,0.0,0.0,0.0,0.0,0.0,0.0,0.0,Route Failure,41.0,"{'node_level': {}, 'link_level': {}, 'path_level': {}}","{'node_level': {0: {'cpu': -54}, 1: {'cpu': -34}, 2: {'cpu': -12}, 3: {'cpu': -33}}, 'link_level': {(0, 1): {'bw': -15}, (0, 3): {'bw': 29}}, 'path_level': {(0, 1): {'latency': -2.1471985855677556}, (0, 3): {'latency': 6.132304408740912}}}","{'node_level': {0: {'cpu': 0}, 1: {'cpu': 0}, 2: {'cpu': 0}, 3: {'cpu': 0}}, 'link_level': {(0, 1): {'bw': 0}, (0, 3): {'bw': 41}}, 'path_level': {(0, 1): {'latency': 0}, (0, 3): {'latency': 6.132304408740912}}}",[],0.0,0.0,True,False,False,0,[],0,0.0,4.0,2.0
39,7,4,1077.0,1973.0,260603.18995475103,499067.30863389734,0.5458692346680183,0.52218044629712,7,49,1,489.0,41483,7626,33857,0.017394665635871664,0.029134287270954573,38,267.32604970490326,489.0,6,5,False,"{0: 0, 1: 1, 2: 2, 3: 3, 4: 4, 5: 5}","{(0, 5): []}","{(0, 0): {'cpu': 15}, (1, 1): {'cpu': 13}, (2, 2): {'cpu': 20}, (3, 3): {'cpu': 14}, (4, 4): {'cpu': 16}, (5, 5): {'cpu': 15}}",{},0.0,0.0,224.0,93.0,131.0,0.0,0.0,0.0,0.0,0.0,0.0,0.0,0.0,0.0,Route Failure,7.848610010947034,"{'node_level': {}, 'link_level': {}, 'path_level': {}}","{'node_level': {0: {'cpu': -41}, 1: {'cpu': -28}, 2: {'cpu': -10}, 3: {'cpu': -26}, 4: {'cpu': -22}, 5: {'cpu': -53}}, 'link_level': {(0, 5): {'bw': -20}}, 'path_level': {(0, 5): {'latency': 7.848610010947034}}}","{'node_level': {0: {'cpu': 0}, 1: {'cpu': 0}, 2: {'cpu': 0}, 3: {'cpu': 0}, 4: {'cpu': 0}, 5: {'cpu': 0}}, 'link_level': {(0, 5): {'bw': 0}}, 'path_level': {(0, 5): {'latency': 7.848610010947034}}}",[],0.0,0.0,True,False,False,0,[],0,0.0,6.0,1.0
40,7,4,1077.0,1973.0,260603.18995475103,499067.30863389734,0.5458692346680183,0.52218044629712,7,50,1,503.0,41483,7626,33857,0.017394665635871664,0.029134287270954573,39,25.177879846275736,503.0,7,9,False,"{0: 0, 1: 1, 2: 2, 3: 3, 4: 4, 5: 5, 6: 6}","{(0, 3): [(0, 51), (51, 25), (25, 3)], (1, 3): [(1, 68), (68, 40), (40, 3)], (1, 5): [(1, 5)], (1, 6): [(1, 5), (5, 6)], (2, 6): []}","{(0, 0): {'cpu': 16}, (1, 1): {'cpu': 1}, (2, 2): {'cpu': 19}, (3, 3): {'cpu': 4}, (4, 4): {'cpu': 14}, (5, 5): {'cpu': 7}, (6, 6): {'cpu': 17}}","{((0, 3), (0, 51)): {'bw': 12}, ((0, 3), (51, 25)): {'bw': 12}, ((0, 3), (25, 3)): {'bw': 12}, ((1, 3), (1, 68)): {'bw': 16}, ((1, 3), (68, 40)): {'bw': 16}, ((1, 3), (40, 3)): {'bw': 16}, ((1, 5), (1, 5)): {'bw': 1}, ((1, 6), (1, 5)): {'bw': 4}, ((1, 6), (5, 6)): {'bw': 4}}",0.0,0.0,257.0,78.0,179.0,0.0,0.0,0.0,0.0,0.0,0.0,0.0,0.0,0.0,Route Failure,3.79325093320136,"{'node_level': {}, 'link_level': {}, 'path_level': {}}","{'node_level': {0: {'cpu': -40}, 1: {'cpu': -40}, 2: {'cpu': -11}, 3: {'cpu': -36}, 4: {'cpu': -24}, 5: {'cpu': -61}, 6: {'cpu': -42}}, 'link_level': {(0, 3): {'bw': -12}, (1, 3): {'bw': -40}, (1, 5): {'bw': -27}, (1, 6): {'bw': -23}, (2, 6): {'bw': -36}}, 'path_level': {(0, 3): {'latency': -0.03245841923944148}, (1, 3): {'latency': -5.702498223212837}, (1, 5): {'latency': -9.309283191908312}, (1, 6): {'latency': -7.400158066280703}, (2, 6): {'latency': 3.79325093320136}}}","{'node_level': {0: {'cpu': 0}, 1: {'cpu': 0}, 2: {'cpu': 0}, 3: {'cpu': 0}, 4: {'cpu': 0}, 5: {'cpu': 0}, 6: {'cpu': 0}}, 'link_level': {(0, 3): {'bw': 0}, (1, 3): {'bw': 0}, (1, 5): {'bw': 0}, (1, 6): {'bw': 0}, (2, 6): {'bw': 0}}, 'path_level': {(0, 3): {'latency': 0}, (1, 3): {'latency': 0}, (1, 5): {'latency': 0}, (1, 6): {'latency': 0}, (2, 6): {'latency': 3.79325093320136}}}",[],0.0,0.0,True,False,False,0,[],0,0.0,7.0,5.0
41,7,4,1077.0,1973.0,260603.18995475103,499067.30863389734,0.5458692346680183,0.52218044629712,7,51,1,521.0,41483,7626,33857,0.017394665635871664,0.029134287270954573,40,117.4647097538921,521.0,10,21,False,"{0: 0, 1: 1, 2: 2, 3: 3, 4: 4, 5: 5, 6: 6, 7: 7, 8: 8, 9: 9}","{(0, 1): [(0, 44), (44, 57), (57, 1)], (0, 3): [(0, 4), (4, 58), (58, 3)], (0, 8): [(0, 51), (51, 8)], (1, 3): [(1, 68), (68, 40), (40, 3)], (1, 4): [(1, 22), (22, 4)], (1, 7): [(1, 5), (5, 31), (31, 7)], (1, 9): [(1, 9)], (2, 7): []}","{(0, 0): {'cpu': 7}, (1, 1): {'cpu': 10}, (2, 2): {'cpu': 10}, (3, 3): {'cpu': 17}, (4, 4): {'cpu': 1}, (5, 5): {'cpu': 15}, (6, 6): {'cpu': 18}, (7, 7): {'cpu': 12}, (8, 8): {'cpu': 7}, (9, 9): {'cpu': 15}}","{((0, 1), (0, 44)): {'bw': 45}, ((0, 1), (44, 57)): {'bw': 45}, ((0, 1), (57, 1)): {'bw': 45}, ((0, 3), (0, 4)): {'bw': 28}, ((0, 3), (4, 58)): {'bw': 28}, ((0, 3), (58, 3)): {'bw': 28}, ((0, 8), (0, 51)): {'bw': 19}, ((0, 8), (51, 8)): {'bw': 19}, ((1, 3), (1, 68)): {'bw': 34}, ((1, 3), (68, 40)): {'bw': 34}, ((1, 3), (40, 3)): {'bw': 34}, ((1, 4), (1, 22)): {'bw': 16}, ((1, 4), (22, 4)): {'bw': 16}, ((1, 7), (1, 5)): {'bw': 9}, ((1, 7), (5, 31)): {'bw': 9}, ((1, 7), (31, 7)): {'bw': 9}, ((1, 9), (1, 9)): {'bw': 6}}",0.0,0.0,581.0,112.0,469.0,0.0,0.0,0.0,0.0,0.0,0.0,0.0,0.0,0.0,Route Failure,7.012620031550057,"{'node_level': {}, 'link_level': {}, 'path_level': {}}","{'node_level': {0: {'cpu': -49}, 1: {'cpu': -31}, 2: {'cpu': -20}, 3: {'cpu': -23}, 4: {'cpu': -37}, 5: {'cpu': -53}, 6: {'cpu': -41}, 7: {'cpu': -48}, 8: {'cpu': -86}, 9: {'cpu': -76}}, 'link_level': {(0, 1): {'bw': -20}, (0, 3): {'bw': -13}, (0, 8): {'bw': -53}, (1, 3): {'bw': -22}, (1, 4): {'bw': -3}, (1, 7): {'bw': -19}, (1, 9): {'bw': -73}, (2, 7): {'bw': -20}}, 'path_level': {(0, 1): {'latency': -1.2526821071617675}, (0, 3): {'latency': -5.571888523006804}, (0, 8): {'latency': -4.000205583259633}, (1, 3): {'latency': -3.3314618141605337}, (1, 4): {'latency': -6.132799439649913}, (1, 7): {'latency': -0.5435064209811422}, (1, 9): {'latency': -10.210755324787446}, (2, 7): {'latency': 7.012620031550057}}}","{'node_level': {0: {'cpu': 0}, 1: {'cpu': 0}, 2: {'cpu': 0}, 3: {'cpu': 0}, 4: {'cpu': 0}, 5: {'cpu': 0}, 6: {'cpu': 0}, 7: {'cpu': 0}, 8: {'cpu': 0}, 9: {'cpu': 0}}, 'link_level': {(0, 1): {'bw': 0}, (0, 3): {'bw': 0}, (0, 8): {'bw': 0}, (1, 3): {'bw': 0}, (1, 4): {'bw': 0}, (1, 7): {'bw': 0}, (1, 9): {'bw': 0}, (2, 7): {'bw': 0}}, 'path_level': {(0, 1): {'latency': 0}, (0, 3): {'latency': 0}, (0, 8): {'latency': 0}, (1, 3): {'latency': 0}, (1, 4): {'latency': 0}, (1, 7): {'latency': 0}, (1, 9): {'latency': 0}, (2, 7): {'latency': 7.012620031550057}}}",[],0.0,0.0,True,False,False,0,[],0,0.0,10.0,8.0
41,7,4,1077.0,1973.0,260603.18995475103,499067.30863389734,0.5458692346680183,0.52218044629712,7,52,0,523.5291919280089,41483,7626,33857,0.017394665635871664,0.029134287270954573,33,97.52919192800896,426.0,9,20,False,{},{},{},{},0.0,0.0,0.0,0.0,0.0,0.0,0.0,0.0,0.0,0.0,0.0,0.0,0.0,0.0,Leave Event,0.0,"{'node_level': {}, 'link_level': {}, 'path_level': {}}","{'node_level': {}, 'link_level': {}, 'path_level': {}}","{'node_level': {}, 'link_level': {}, 'path_level': {}}",[],0.0,0.0,True,True,False,0,[],0,0.0,,
41,7,4,1077.0,1973.0,260603.18995475103,499067.30863389734,0.5458692346680183,0.52218044629712,7,53,0,528.1778798462757,41483,7626,33857,0.017394665635871664,0.029134287270954573,39,25.177879846275736,503.0,7,9,False,{},{},{},{},0.0,0.0,0.0,0.0,0.0,0.0,0.0,0.0,0.0,0.0,0.0,0.0,0.0,0.0,Leave Event,0.0,"{'node_level': {}, 'link_level': {}, 'path_level': {}}","{'node_level': {}, 'link_level': {}, 'path_level': {}}","{'node_level': {}, 'link_level': {}, 'path_level': {}}",[],0.0,0.0,True,True,False,0,[],0,0.0,,
41,7,4,1077.0,1973.0,260603.18995475103,499067.30863389734,0.5458692346680183,0.52218044629712,7,54,0,529.9411698187021,41483,7626,33857,0.017394665635871664,0.029134287270954573,32,122.94116981870206,407.0,6,5,False,{},{},{},{},0.0,0.0,0.0,0.0,0.0,0.0,0.0,0.0,0.0,0.0,0.0,0.0,0.0,0.0,Leave Event,0.0,"{'node_level': {}, 'link_level': {}, 'path_level': {}}","{'node_level': {}, 'link_level': {}, 'path_level': {}}","{'node_level': {}, 'link_level': {}, 'path_level': {}}",[],0.0,0.0,True,True,False,0,[],0,0.0,,
42,7,4,1077.0,1973.0,260603.18995475103,499067.30863389734,0.5458692346680183,0.52218044629712,7,55,1,533.0,41483,7626,33857,0.017394665635871664,0.029134287270954573,41,655.9797235993424,533.0,10,27,False,"{0: 0, 1: 1, 2: 2, 3: 3, 4: 4, 5: 5, 6: 6, 7: 7, 8: 8, 9: 9}","{(0, 1): [(0, 44), (44, 57), (57, 1)], (0, 2): [(0, 4), (4, 21), (21, 2)], (0, 4): [(0, 4)], (0, 5): []}","{(0, 0): {'cpu': 16}, (1, 1): {'cpu': 4}, (2, 2): {'cpu': 18}, (3, 3): {'cpu': 4}, (4, 4): {'cpu': 14}, (5, 5): {'cpu': 9}, (6, 6): {'cpu': 4}, (7, 7): {'cpu': 12}, (8, 8): {'cpu': 15}, (9, 9): {'cpu': 16}}","{((0, 1), (0, 44)): {'bw': 48}, ((0, 1), (44, 57)): {'bw': 48}, ((0, 1), (57, 1)): {'bw': 48}, ((0, 2), (0, 4)): {'bw': 18}, ((0, 2), (4, 21)): {'bw': 18}, ((0, 2), (21, 2)): {'bw': 18}, ((0, 4), (0, 4)): {'bw': 19}}",0.0,0.0,938.0,112.0,826.0,0.0,0.0,0.0,0.0,0.0,0.0,0.0,0.0,0.0,Route Failure,6.0,"{'node_level': {}, 'link_level': {}, 'path_level': {}}","{'node_level': {0: {'cpu': -40}, 1: {'cpu': -37}, 2: {'cpu': -12}, 3: {'cpu': -36}, 4: {'cpu': -24}, 5: {'cpu': -59}, 6: {'cpu': -55}, 7: {'cpu': -48}, 8: {'cpu': -78}, 9: {'cpu': -75}}, 'link_level': {(0, 1): {'bw': -17}, (0, 2): {'bw': -18}, (0, 4): {'bw': -4}, (0, 5): {'bw': 6}}, 'path_level': {(0, 1): {'latency': -1.047233883030163}, (0, 2): {'latency': -1.396649979484323}, (0, 4): {'latency': -12.766650520213464}, (0, 5): {'latency': 4.852226889778438}}}","{'node_level': {0: {'cpu': 0}, 1: {'cpu': 0}, 2: {'cpu': 0}, 3: {'cpu': 0}, 4: {'cpu': 0}, 5: {'cpu': 0}, 6: {'cpu': 0}, 7: {'cpu': 0}, 8: {'cpu': 0}, 9: {'cpu': 0}}, 'link_level': {(0, 1): {'bw': 0}, (0, 2): {'bw': 0}, (0, 4): {'bw': 0}, (0, 5): {'bw': 6}}, 'path_level': {(0, 1): {'latency': 0}, (0, 2): {'latency': 0}, (0, 4): {'latency': 0}, (0, 5): {'latency': 4.852226889778438}}}",[],0.0,0.0,True,False,False,0,[],0,0.0,10.0,4.0
43,7,4,1077.0,1973.0,260603.18995475103,499067.30863389734,0.5458692346680183,0.52218044629712,7,56,1,542.0,41483,7626,33857,0.017394665635871664,0.029134287270954573,42,526.5175982188248,542.0,9,16,False,"{0: 0, 1: 1, 2: 2, 3: 3, 4: 4, 5: 5, 6: 6, 7: 7, 8: 8}","{(0, 1): [(0, 65), (65, 1)], (0, 3): []}","{(0, 0): {'cpu': 20}, (1, 1): {'cpu': 7}, (2, 2): {'cpu': 1}, (3, 3): {'cpu': 8}, (4, 4): {'cpu': 16}, (5, 5): {'cpu': 15}, (6, 6): {'cpu': 10}, (7, 7): {'cpu': 4}, (8, 8): {'cpu': 9}}","{((0, 1), (0, 65)): {'bw': 3}, ((0, 1), (65, 1)): {'bw': 3}}",0.0,0.0,506.0,90.0,416.0,0.0,0.0,0.0,0.0,0.0,0.0,0.0,0.0,0.0,Route Failure,67.0,"{'node_level': {}, 'link_level': {}, 'path_level': {}}","{'node_level': {0: {'cpu': -36}, 1: {'cpu': -34}, 2: {'cpu': -29}, 3: {'cpu': -32}, 4: {'cpu': -22}, 5: {'cpu': -53}, 6: {'cpu': -49}, 7: {'cpu': -56}, 8: {'cpu': -84}}, 'link_level': {(0, 1): {'bw': -10}, (0, 3): {'bw': 42}}, 'path_level': {(0, 1): {'latency': -3.355250949074393}, (0, 3): {'latency': 0.29881859285696777}}}","{'node_level': {0: {'cpu': 0}, 1: {'cpu': 0}, 2: {'cpu': 0}, 3: {'cpu': 0}, 4: {'cpu': 0}, 5: {'cpu': 0}, 6: {'cpu': 0}, 7: {'cpu': 0}, 8: {'cpu': 0}}, 'link_level': {(0, 1): {'bw': 0}, (0, 3): {'bw': 67}}, 'path_level': {(0, 1): {'latency': 0}, (0, 3): {'latency': 0.29881859285696777}}}",[],0.0,0.0,True,False,False,0,[],0,0.0,9.0,2.0
44,7,4,1077.0,1973.0,260603.18995475103,499067.30863389734,0.5458692346680183,0.52218044629712,7,57,1,550.0,41483,7626,33857,0.017394665635871664,0.029134287270954573,43,325.9817911949841,550.0,7,10,False,"{0: 0, 1: 1, 2: 2, 3: 3, 4: 4, 5: 5, 6: 6}","{(0, 2): [(0, 4), (4, 38), (38, 2)], (0, 3): []}","{(0, 0): {'cpu': 13}, (1, 1): {'cpu': 5}, (2, 2): {'cpu': 19}, (3, 3): {'cpu': 5}, (4, 4): {'cpu': 3}, (5, 5): {'cpu': 1}, (6, 6): {'cpu': 18}}","{((0, 2), (0, 4)): {'bw': 41}, ((0, 2), (4, 38)): {'bw': 41}, ((0, 2), (38, 2)): {'bw': 41}}",0.0,0.0,356.0,64.0,292.0,0.0,0.0,0.0,0.0,0.0,0.0,0.0,0.0,0.0,Route Failure,37.0,"{'node_level': {}, 'link_level': {}, 'path_level': {}}","{'node_level': {0: {'cpu': -43}, 1: {'cpu': -36}, 2: {'cpu': -11}, 3: {'cpu': -35}, 4: {'cpu': -35}, 5: {'cpu': -67}, 6: {'cpu': -41}}, 'link_level': {(0, 2): {'bw': 0}, (0, 3): {'bw': 27}}, 'path_level': {(0, 2): {'latency': -3.036417733838098}, (0, 3): {'latency': 3.7984344374460974}}}","{'node_level': {0: {'cpu': 0}, 1: {'cpu': 0}, 2: {'cpu': 0}, 3: {'cpu': 0}, 4: {'cpu': 0}, 5: {'cpu': 0}, 6: {'cpu': 0}}, 'link_level': {(0, 2): {'bw': 0}, (0, 3): {'bw': 37}}, 'path_level': {(0, 2): {'latency': 0}, (0, 3): {'latency': 3.7984344374460974}}}",[],0.0,0.0,True,False,False,0,[],0,0.0,7.0,2.0
44,7,4,1077.0,1973.0,260603.18995475103,499067.30863389734,0.5458692346680183,0.52218044629712,7,58,0,554.352601965271,41483,7626,33857,0.017394665635871664,0.029134287270954573,37,77.35260196527098,477.0,4,5,False,{},{},{},{},0.0,0.0,0.0,0.0,0.0,0.0,0.0,0.0,0.0,0.0,0.0,0.0,0.0,0.0,Leave Event,0.0,"{'node_level': {}, 'link_level': {}, 'path_level': {}}","{'node_level': {}, 'link_level': {}, 'path_level': {}}","{'node_level': {}, 'link_level': {}, 'path_level': {}}",[],0.0,0.0,True,True,False,0,[],0,0.0,,
45,7,4,1077.0,1973.0,260603.18995475103,499067.30863389734,0.5458692346680183,0.52218044629712,7,59,1,564.0,41483,7626,33857,0.017394665635871664,0.029134287270954573,44,160.6404594534066,564.0,3,2,False,"{0: 0, 1: 1, 2: 2}","{(0, 1): []}","{(0, 0): {'cpu': 19}, (1, 1): {'cpu': 2}, (2, 2): {'cpu': 19}}",{},0.0,0.0,91.0,40.0,51.0,0.0,0.0,0.0,0.0,0.0,0.0,0.0,0.0,0.0,Route Failure,14.0,"{'node_level': {}, 'link_level': {}, 'path_level': {}}","{'node_level': {0: {'cpu': -37}, 1: {'cpu': -39}, 2: {'cpu': -11}}, 'link_level': {(0, 1): {'bw': 11}}, 'path_level': {(0, 1): {'latency': 5.463439391571006}}}","{'node_level': {0: {'cpu': 0}, 1: {'cpu': 0}, 2: {'cpu': 0}}, 'link_level': {(0, 1): {'bw': 14}}, 'path_level': {(0, 1): {'latency': 5.463439391571006}}}",[],0.0,0.0,True,False,False,0,[],0,0.0,3.0,1.0
46,8,5,1130.0,2046.0,288592.33542859973,537618.3957959908,0.552297165200391,0.5367977317839239,7,60,1,578.0,41410,7593,33817,0.021646695013529227,0.0302813064548505,45,528.0970844122402,578.0,3,2,True,"{0: 0, 1: 1, 2: 2}","{(0, 1): [(0, 65), (65, 1)], (1, 2): [(1, 22), (22, 2)]}","{(0, 0): {'cpu': 5}, (1, 1): {'cpu': 15}, (2, 2): {'cpu': 13}}","{((0, 1), (0, 65)): {'bw': 5}, ((0, 1), (65, 1)): {'bw': 5}, ((1, 2), (1, 22)): {'bw': 15}, ((1, 2), (22, 2)): {'bw': 15}}",73.0,53.0,53.0,33.0,20.0,33.0,20.0,33.0,40.0,20.0,0.726027397260274,38551.087162093536,27989.14547384873,383.41295169655797,Success,0.0,"{'node_level': {}, 'link_level': {}, 'path_level': {}}","{'node_level': {0: {'cpu': -51}, 1: {'cpu': -26}, 2: {'cpu': -17}}, 'link_level': {(0, 1): {'bw': -8}, (1, 2): {'bw': -4}}, 'path_level': {(0, 1): {'latency': -3.2801992833900373}, (1, 2): {'latency': -3.5431912920482063}}}","{'node_level': {0: {'cpu': 0}, 1: {'cpu': 0}, 2: {'cpu': 0}}, 'link_level': {(0, 1): {'bw': 0}, (1, 2): {'bw': 0}}, 'path_level': {(0, 1): {'latency': 0}, (1, 2): {'latency': 0}}}",[],0.0,0.0,True,True,False,0,[],0,0.0,3.0,2.0
47,8,5,1130.0,2046.0,288592.33542859973,537618.3957959908,0.552297165200391,0.5367977317839239,7,61,1,592.0,41410,7593,33817,0.021646695013529227,0.0302813064548505,46,1566.917177280644,592.0,3,2,False,"{0: 0, 1: 1, 2: 2}","{(0, 1): []}","{(0, 0): {'cpu': 11}, (1, 1): {'cpu': 5}, (2, 2): {'cpu': 3}}",{},0.0,0.0,85.0,19.0,66.0,0.0,0.0,0.0,0.0,0.0,0.0,0.0,0.0,0.0,Route Failure,7.0,"{'node_level': {}, 'link_level': {}, 'path_level': {}}","{'node_level': {0: {'cpu': -40}, 1: {'cpu': -21}, 2: {'cpu': -14}}, 'link_level': {(0, 1): {'bw': 7}}, 'path_level': {(0, 1): {'latency': 4.362514518446567}}}","{'node_level': {0: {'cpu': 0}, 1: {'cpu': 0}, 2: {'cpu': 0}}, 'link_level': {(0, 1): {'bw': 7}}, 'path_level': {(0, 1): {'latency': 4.362514518446567}}}",[],0.0,0.0,True,False,False,0,[],0,0.0,3.0,1.0
48,8,5,1130.0,2046.0,288592.33542859973,537618.3957959908,0.552297165200391,0.5367977317839239,7,62,1,606.0,41410,7593,33817,0.021646695013529227,0.0302813064548505,47,285.9256554459682,606.0,7,11,False,"{0: 0, 1: 1, 2: 2, 3: 3, 4: 4, 5: 5, 6: 6}","{(0, 2): [(0, 4), (4, 38), (38, 2)], (0, 3): [(0, 51), (51, 25), (25, 3)], (0, 6): [(0, 45), (45, 31), (31, 6)], (1, 4): [(1, 68), (68, 4)], (1, 5): []}","{(0, 0): {'cpu': 14}, (1, 1): {'cpu': 12}, (2, 2): {'cpu': 11}, (3, 3): {'cpu': 4}, (4, 4): {'cpu': 16}, (5, 5): {'cpu': 4}, (6, 6): {'cpu': 5}}","{((0, 2), (0, 4)): {'bw': 26}, ((0, 2), (4, 38)): {'bw': 26}, ((0, 2), (38, 2)): {'bw': 26}, ((0, 3), (0, 51)): {'bw': 21}, ((0, 3), (51, 25)): {'bw': 21}, ((0, 3), (25, 3)): {'bw': 21}, ((0, 6), (0, 45)): {'bw': 35}, ((0, 6), (45, 31)): {'bw': 35}, ((0, 6), (31, 6)): {'bw': 35}, ((1, 4), (1, 68)): {'bw': 34}, ((1, 4), (68, 4)): {'bw': 34}}",0.0,0.0,379.0,66.0,313.0,0.0,0.0,0.0,0.0,0.0,0.0,0.0,0.0,0.0,Route Failure,4.219699145087441,"{'node_level': {}, 'link_level': {}, 'path_level': {}}","{'node_level': {0: {'cpu': -37}, 1: {'cpu': -14}, 2: {'cpu': -6}, 3: {'cpu': -36}, 4: {'cpu': -22}, 5: {'cpu': -64}, 6: {'cpu': -54}}, 'link_level': {(0, 2): {'bw': -15}, (0, 3): {'bw': -3}, (0, 6): {'bw': -35}, (1, 4): {'bw': -25}, (1, 5): {'bw': -6}}, 'path_level': {(0, 2): {'latency': -0.5050721571959702}, (0, 3): {'latency': -3.11791598956642}, (0, 6): {'latency': -0.10745431606626354}, (1, 4): {'latency': -0.5911294692058586}, (1, 5): {'latency': 4.219699145087441}}}","{'node_level': {0: {'cpu': 0}, 1: {'cpu': 0}, 2: {'cpu': 0}, 3: {'cpu': 0}, 4: {'cpu': 0}, 5: {'cpu': 0}, 6: {'cpu': 0}}, 'link_level': {(0, 2): {'bw': 0}, (0, 3): {'bw': 0}, (0, 6): {'bw': 0}, (1, 4): {'bw': 0}, (1, 5): {'bw': 0}}, 'path_level': {(0, 2): {'latency': 0}, (0, 3): {'latency': 0}, (0, 6): {'latency': 0}, (1, 4): {'latency': 0}, (1, 5): {'latency': 4.219699145087441}}}",[],0.0,0.0,True,False,False,0,[],0,0.0,7.0,5.0
49,8,5,1130.0,2046.0,288592.33542859973,537618.3957959908,0.552297165200391,0.5367977317839239,7,63,1,619.0,41410,7593,33817,0.021646695013529227,0.0302813064548505,48,36.35659078738325,619.0,7,10,False,"{0: 0, 1: 1, 2: 2, 3: 3, 4: 4, 5: 5, 6: 6}","{(0, 1): [(0, 4), (4, 68), (68, 1)], (0, 2): [(0, 44), (44, 21), (21, 2)], (0, 3): [(0, 51), (51, 25), (25, 3)], (0, 4): [(0, 4)], (2, 3): [(2, 28), (28, 40), (40, 3)], (2, 5): [(2, 21), (21, 5)], (3, 4): [(3, 58), (58, 4)], (3, 5): []}","{(0, 0): {'cpu': 16}, (1, 1): {'cpu': 9}, (2, 2): {'cpu': 10}, (3, 3): {'cpu': 10}, (4, 4): {'cpu': 14}, (5, 5): {'cpu': 1}, (6, 6): {'cpu': 4}}","{((0, 1), (0, 4)): {'bw': 26}, ((0, 1), (4, 68)): {'bw': 26}, ((0, 1), (68, 1)): {'bw': 26}, ((0, 2), (0, 44)): {'bw': 30}, ((0, 2), (44, 21)): {'bw': 30}, ((0, 2), (21, 2)): {'bw': 30}, ((0, 3), (0, 51)): {'bw': 16}, ((0, 3), (51, 25)): {'bw': 16}, ((0, 3), (25, 3)): {'bw': 16}, ((0, 4), (0, 4)): {'bw': 8}, ((2, 3), (2, 28)): {'bw': 24}, ((2, 3), (28, 40)): {'bw': 24}, ((2, 3), (40, 3)): {'bw': 24}, ((2, 5), (2, 21)): {'bw': 20}, ((2, 5), (21, 5)): {'bw': 20}, ((3, 4), (3, 58)): {'bw': 14}, ((3, 4), (58, 4)): {'bw': 14}}",0.0,0.0,247.0,64.0,183.0,0.0,0.0,0.0,0.0,0.0,0.0,0.0,0.0,0.0,Route Failure,4.12729887370511,"{'node_level': {}, 'link_level': {}, 'path_level': {}}","{'node_level': {0: {'cpu': -35}, 1: {'cpu': -17}, 2: {'cpu': -7}, 3: {'cpu': -30}, 4: {'cpu': -24}, 5: {'cpu': -67}, 6: {'cpu': -55}}, 'link_level': {(0, 1): {'bw': -15}, (0, 2): {'bw': -38}, (0, 3): {'bw': -8}, (0, 4): {'bw': -7}, (2, 3): {'bw': -32}, (2, 5): {'bw': -33}, (3, 4): {'bw': -36}, (3, 5): {'bw': -32}}, 'path_level': {(0, 1): {'latency': -2.2789193156355534}, (0, 2): {'latency': -3.5957550448212743}, (0, 3): {'latency': -1.1126403252906858}, (0, 4): {'latency': -4.37106140771505}, (2, 3): {'latency': -3.399022973921209}, (2, 5): {'latency': -4.401310229172886}, (3, 4): {'latency': -0.29871774283919983}, (3, 5): {'latency': 4.12729887370511}}}","{'node_level': {0: {'cpu': 0}, 1: {'cpu': 0}, 2: {'cpu': 0}, 3: {'cpu': 0}, 4: {'cpu': 0}, 5: {'cpu': 0}, 6: {'cpu': 0}}, 'link_level': {(0, 1): {'bw': 0}, (0, 2): {'bw': 0}, (0, 3): {'bw': 0}, (0, 4): {'bw': 0}, (2, 3): {'bw': 0}, (2, 5): {'bw': 0}, (3, 4): {'bw': 0}, (3, 5): {'bw': 0}}, 'path_level': {(0, 1): {'latency': 0}, (0, 2): {'latency': 0}, (0, 3): {'latency': 0}, (0, 4): {'latency': 0}, (2, 3): {'latency': 0}, (2, 5): {'latency': 0}, (3, 4): {'latency': 0}, (3, 5): {'latency': 4.12729887370511}}}",[],0.0,0.0,True,False,False,0,[],0,0.0,7.0,8.0
49,8,4,1130.0,2046.0,288592.33542859973,537618.3957959908,0.552297165200391,0.5367977317839239,7,64,0,624.4245168666125,41696,7635,34061,0.016235021260146865,0.02328448943308581,18,402.4245168666126,222.0,3,2,False,{},{},{},{},0.0,0.0,0.0,0.0,0.0,0.0,0.0,0.0,0.0,0.0,0.0,0.0,0.0,0.0,Leave Event,0.0,"{'node_level': {}, 'link_level': {}, 'path_level': {}}","{'node_level': {}, 'link_level': {}, 'path_level': {}}","{'node_level': {}, 'link_level': {}, 'path_level': {}}",[],0.0,0.0,True,True,False,0,[],0,0.0,,
50,8,4,1130.0,2046.0,288592.33542859973,537618.3957959908,0.552297165200391,0.5367977317839239,7,65,1,631.0,41696,7635,34061,0.016235021260146865,0.02328448943308581,49,29.732500124698706,631.0,9,22,False,"{0: 0, 1: 1, 2: 2, 3: 3, 4: 4, 5: 5, 6: 6, 7: 7, 8: 8}","{(0, 2): [(0, 11), (11, 66), (66, 2)], (0, 3): [(0, 4), (4, 58), (58, 3)], (0, 4): [(0, 44), (44, 12), (12, 4)], (0, 5): [(0, 44), (44, 21), (21, 5)], (0, 7): [(0, 45), (45, 7)], (0, 8): [(0, 51), (51, 8)], (1, 2): []}","{(0, 0): {'cpu': 18}, (1, 1): {'cpu': 2}, (2, 2): {'cpu': 2}, (3, 3): {'cpu': 3}, (4, 4): {'cpu': 16}, (5, 5): {'cpu': 4}, (6, 6): {'cpu': 17}, (7, 7): {'cpu': 6}, (8, 8): {'cpu': 4}}","{((0, 2), (0, 11)): {'bw': 47}, ((0, 2), (11, 66)): {'bw': 47}, ((0, 2), (66, 2)): {'bw': 47}, ((0, 3), (0, 4)): {'bw': 39}, ((0, 3), (4, 58)): {'bw': 39}, ((0, 3), (58, 3)): {'bw': 39}, ((0, 4), (0, 44)): {'bw': 47}, ((0, 4), (44, 12)): {'bw': 47}, ((0, 4), (12, 4)): {'bw': 47}, ((0, 5), (0, 44)): {'bw': 32}, ((0, 5), (44, 21)): {'bw': 32}, ((0, 5), (21, 5)): {'bw': 32}, ((0, 7), (0, 45)): {'bw': 47}, ((0, 7), (45, 7)): {'bw': 47}, ((0, 8), (0, 51)): {'bw': 28}, ((0, 8), (51, 8)): {'bw': 28}}",0.0,0.0,716.0,72.0,644.0,0.0,0.0,0.0,0.0,0.0,0.0,0.0,0.0,0.0,Route Failure,8.17899621003868,"{'node_level': {}, 'link_level': {}, 'path_level': {}}","{'node_level': {0: {'cpu': -49}, 1: {'cpu': -44}, 2: {'cpu': -21}, 3: {'cpu': -37}, 4: {'cpu': -22}, 5: {'cpu': -64}, 6: {'cpu': -42}, 7: {'cpu': -54}, 8: {'cpu': -89}}, 'link_level': {(0, 2): {'bw': -4}, (0, 3): {'bw': -2}, (0, 4): {'bw': -11}, (0, 5): {'bw': -4}, (0, 7): {'bw': -23}, (0, 8): {'bw': -44}, (1, 2): {'bw': -9}}, 'path_level': {(0, 2): {'latency': -0.27488001786175076}, (0, 3): {'latency': -1.4467280781941172}, (0, 4): {'latency': -1.7999630869431886}, (0, 5): {'latency': -2.91654640077145}, (0, 7): {'latency': -4.26582339514719}, (0, 8): {'latency': -8.4416711895797}, (1, 2): {'latency': 8.17899621003868}}}","{'node_level': {0: {'cpu': 0}, 1: {'cpu': 0}, 2: {'cpu': 0}, 3: {'cpu': 0}, 4: {'cpu': 0}, 5: {'cpu': 0}, 6: {'cpu': 0}, 7: {'cpu': 0}, 8: {'cpu': 0}}, 'link_level': {(0, 2): {'bw': 0}, (0, 3): {'bw': 0}, (0, 4): {'bw': 0}, (0, 5): {'bw': 0}, (0, 7): {'bw': 0}, (0, 8): {'bw': 0}, (1, 2): {'bw': 0}}, 'path_level': {(0, 2): {'latency': 0}, (0, 3): {'latency': 0}, (0, 4): {'latency': 0}, (0, 5): {'latency': 0}, (0, 7): {'latency': 0}, (0, 8): {'latency': 0}, (1, 2): {'latency': 8.17899621003868}}}",[],0.0,0.0,True,False,False,0,[],0,0.0,9.0,7.0
50,8,3,1130.0,2046.0,288592.33542859973,537618.3957959908,0.552297165200391,0.5367977317839239,7,66,0,631.2419097190561,41745,7650,34095,0.014302280633938902,0.022309523126774256,4,572.2419097190561,59.0,2,1,False,{},{},{},{},0.0,0.0,0.0,0.0,0.0,0.0,0.0,0.0,0.0,0.0,0.0,0.0,0.0,0.0,Leave Event,0.0,"{'node_level': {}, 'link_level': {}, 'path_level': {}}","{'node_level': {}, 'link_level': {}, 'path_level': {}}","{'node_level': {}, 'link_level': {}, 'path_level': {}}",[],0.0,0.0,True,True,False,0,[],0,0.0,,
50,8,3,1130.0,2046.0,288592.33542859973,537618.3957959908,0.552297165200391,0.5367977317839239,7,67,0,638.4647097538921,41745,7650,34095,0.014302280633938902,0.022309523126774256,40,117.4647097538921,521.0,10,21,False,{},{},{},{},0.0,0.0,0.0,0.0,0.0,0.0,0.0,0.0,0.0,0.0,0.0,0.0,0.0,0.0,Leave Event,0.0,"{'node_level': {}, 'link_level': {}, 'path_level': {}}","{'node_level': {}, 'link_level': {}, 'path_level': {}}","{'node_level': {}, 'link_level': {}, 'path_level': {}}",[],0.0,0.0,True,True,False,0,[],0,0.0,,
51,8,3,1130.0,2046.0,288592.33542859973,537618.3957959908,0.552297165200391,0.5367977317839239,7,68,1,646.0,41745,7650,34095,0.014302280633938902,0.022309523126774256,50,43.253580498971516,646.0,6,6,False,"{0: 0, 1: 1, 2: 2, 3: 3, 4: 4, 5: 5}","{(0, 4): [(0, 4)], (0, 5): [(0, 4), (4, 21), (21, 5)], (1, 2): [(1, 22), (22, 2)], (1, 5): [(1, 13), (13, 27), (27, 5)], (3, 4): [(3, 58), (58, 4)], (3, 5): []}","{(0, 0): {'cpu': 14}, (1, 1): {'cpu': 15}, (2, 2): {'cpu': 6}, (3, 3): {'cpu': 10}, (4, 4): {'cpu': 2}, (5, 5): {'cpu': 2}}","{((0, 4), (0, 4)): {'bw': 33}, ((0, 5), (0, 4)): {'bw': 8}, ((0, 5), (4, 21)): {'bw': 8}, ((0, 5), (21, 5)): {'bw': 8}, ((1, 2), (1, 22)): {'bw': 24}, ((1, 2), (22, 2)): {'bw': 24}, ((1, 5), (1, 13)): {'bw': 47}, ((1, 5), (13, 27)): {'bw': 47}, ((1, 5), (27, 5)): {'bw': 47}, ((3, 4), (3, 58)): {'bw': 49}, ((3, 4), (58, 4)): {'bw': 49}}",0.0,0.0,240.0,49.0,191.0,0.0,0.0,0.0,0.0,0.0,0.0,0.0,0.0,0.0,Route Failure,2.795005992063011,"{'node_level': {}, 'link_level': {}, 'path_level': {}}","{'node_level': {0: {'cpu': -65}, 1: {'cpu': -34}, 2: {'cpu': -17}, 3: {'cpu': -30}, 4: {'cpu': -36}, 5: {'cpu': -66}}, 'link_level': {(0, 4): {'bw': -8}, (0, 5): {'bw': 0}, (1, 2): {'bw': -27}, (1, 5): {'bw': -16}, (3, 4): {'bw': -1}, (3, 5): {'bw': -5}}, 'path_level': {(0, 4): {'latency': -10.604193665793304}, (0, 5): {'latency': -2.313563222581175}, (1, 2): {'latency': -7.07789590953559}, (1, 5): {'latency': -1.5276738413485855}, (3, 4): {'latency': -6.504088706408437}, (3, 5): {'latency': 2.795005992063011}}}","{'node_level': {0: {'cpu': 0}, 1: {'cpu': 0}, 2: {'cpu': 0}, 3: {'cpu': 0}, 4: {'cpu': 0}, 5: {'cpu': 0}}, 'link_level': {(0, 4): {'bw': 0}, (0, 5): {'bw': 0}, (1, 2): {'bw': 0}, (1, 5): {'bw': 0}, (3, 4): {'bw': 0}, (3, 5): {'bw': 0}}, 'path_level': {(0, 4): {'latency': 0}, (0, 5): {'latency': 0}, (1, 2): {'latency': 0}, (1, 5): {'latency': 0}, (3, 4): {'latency': 0}, (3, 5): {'latency': 2.795005992063011}}}",[],0.0,0.0,True,False,False,0,[],0,0.0,6.0,6.0
51,8,3,1130.0,2046.0,288592.33542859973,537618.3957959908,0.552297165200391,0.5367977317839239,7,69,0,655.3565907873832,41745,7650,34095,0.014302280633938902,0.022309523126774256,48,36.35659078738325,619.0,7,10,False,{},{},{},{},0.0,0.0,0.0,0.0,0.0,0.0,0.0,0.0,0.0,0.0,0.0,0.0,0.0,0.0,Leave Event,0.0,"{'node_level': {}, 'link_level': {}, 'path_level': {}}","{'node_level': {}, 'link_level': {}, 'path_level': {}}","{'node_level': {}, 'link_level': {}, 'path_level': {}}",[],0.0,0.0,True,True,False,0,[],0,0.0,,
52,9,4,1252.0,2215.0,484498.8477795081,808997.0891345443,0.5652370203160271,0.5988882460600932,7,70,1,658.0,41576,7609,33967,0.019585105012240644,0.025979984515240973,51,1605.7910848435115,658.0,5,4,True,"{0: 0, 1: 1, 2: 2, 3: 3, 4: 4}","{(0, 1): [(0, 65), (65, 1)], (0, 4): [(0, 4)], (2, 4): [(2, 22), (22, 4)], (3, 4): [(3, 58), (58, 4)]}","{(0, 0): {'cpu': 2}, (1, 1): {'cpu': 5}, (2, 2): {'cpu': 15}, (3, 3): {'cpu': 14}, (4, 4): {'cpu': 5}}","{((0, 1), (0, 65)): {'bw': 14}, ((0, 1), (65, 1)): {'bw': 14}, ((0, 4), (0, 4)): {'bw': 34}, ((2, 4), (2, 22)): {'bw': 20}, ((2, 4), (22, 4)): {'bw': 20}, ((3, 4), (3, 58)): {'bw': 13}, ((3, 4), (58, 4)): {'bw': 13}}",169.0,122.0,122.0,41.0,81.0,41.0,81.0,41.0,128.0,47.0,0.7218934911242604,271378.6933385534,195906.5123509084,1159.2101322538958,Success,0.0,"{'node_level': {}, 'link_level': {}, 'path_level': {}}","{'node_level': {0: {'cpu': -77}, 1: {'cpu': -44}, 2: {'cpu': -8}, 3: {'cpu': -26}, 4: {'cpu': -33}}, 'link_level': {(0, 1): {'bw': -11}, (0, 4): {'bw': -7}, (2, 4): {'bw': -42}, (3, 4): {'bw': -37}}, 'path_level': {(0, 1): {'latency': -6.0307951798011565}, (0, 4): {'latency': -3.7336547312216624}, (2, 4): {'latency': -0.477069256521645}, (3, 4): {'latency': -1.3037005476701795}}}","{'node_level': {0: {'cpu': 0}, 1: {'cpu': 0}, 2: {'cpu': 0}, 3: {'cpu': 0}, 4: {'cpu': 0}}, 'link_level': {(0, 1): {'bw': 0}, (0, 4): {'bw': 0}, (2, 4): {'bw': 0}, (3, 4): {'bw': 0}}, 'path_level': {(0, 1): {'latency': 0}, (0, 4): {'latency': 0}, (2, 4): {'latency': 0}, (3, 4): {'latency': 0}}}",[],0.0,0.0,True,True,False,0,[],0,0.0,5.0,4.0
52,9,4,1252.0,2215.0,484498.8477795081,808997.0891345443,0.5652370203160271,0.5988882460600932,7,71,0,660.7325001246987,41576,7609,33967,0.019585105012240644,0.025979984515240973,49,29.732500124698706,631.0,9,22,False,{},{},{},{},0.0,0.0,0.0,0.0,0.0,0.0,0.0,0.0,0.0,0.0,0.0,0.0,0.0,0.0,Leave Event,0.0,"{'node_level': {}, 'link_level': {}, 'path_level': {}}","{'node_level': {}, 'link_level': {}, 'path_level': {}}","{'node_level': {}, 'link_level': {}, 'path_level': {}}",[],0.0,0.0,True,True,False,0,[],0,0.0,,
53,10,5,1275.0,2246.0,493447.9655109848,821058.9434682737,0.5676758682101514,0.6009896968256482,7,72,1,666.0,41545,7594,33951,0.021517845638448607,0.02643879218879941,52,389.0920752815979,666.0,2,1,True,"{0: 0, 1: 1}","{(0, 1): [(0, 65), (65, 1)]}","{(0, 0): {'cpu': 10}, (1, 1): {'cpu': 5}}","{((0, 1), (0, 65)): {'bw': 8}, ((0, 1), (65, 1)): {'bw': 8}}",31.0,23.0,23.0,15.0,8.0,15.0,8.0,15.0,16.0,8.0,0.7419354838709677,12061.854333729534,8949.117731476752,288.68121714441133,Success,0.0,"{'node_level': {}, 'link_level': {}, 'path_level': {}}","{'node_level': {0: {'cpu': -67}, 1: {'cpu': -39}}, 'link_level': {(0, 1): {'bw': -3}}, 'path_level': {(0, 1): {'latency': -5.838675562802912}}}","{'node_level': {0: {'cpu': 0}, 1: {'cpu': 0}}, 'link_level': {(0, 1): {'bw': 0}}, 'path_level': {(0, 1): {'latency': 0}}}",[],0.0,0.0,True,True,False,0,[],0,0.0,2.0,1.0
53,10,4,1275.0,2246.0,493447.9655109848,821058.9434682737,0.5676758682101514,0.6009896968256482,7,73,0,673.5688329749084,41572,7599,33973,0.020873598763045953,0.0258079316376566,27,335.5688329749085,338.0,2,1,False,{},{},{},{},0.0,0.0,0.0,0.0,0.0,0.0,0.0,0.0,0.0,0.0,0.0,0.0,0.0,0.0,Leave Event,0.0,"{'node_level': {}, 'link_level': {}, 'path_level': {}}","{'node_level': {}, 'link_level': {}, 'path_level': {}}","{'node_level': {}, 'link_level': {}, 'path_level': {}}",[],0.0,0.0,True,True,False,0,[],0,0.0,,
54,11,5,1348.0,2417.0,559762.8489041325,976399.2867590716,0.5577161770790235,0.573292971937878,7,74,1,675.0,41401,7575,33826,0.023965983764978716,0.03002322713847394,53,908.4230601801049,675.0,2,1,True,"{0: 0, 1: 1}","{(0, 1): [(0, 11), (11, 8), (8, 1)]}","{(0, 0): {'cpu': 10}, (1, 1): {'cpu': 14}}","{((0, 1), (0, 11)): {'bw': 49}, ((0, 1), (11, 8)): {'bw': 49}, ((0, 1), (8, 1)): {'bw': 49}}",171.0,73.0,73.0,24.0,49.0,24.0,49.0,24.0,147.0,98.0,0.4269005847953216,155340.34329079793,66314.88339314765,387.8063356324424,Success,0.0,"{'node_level': {}, 'link_level': {}, 'path_level': {}}","{'node_level': {0: {'cpu': -61}, 1: {'cpu': -26}}, 'link_level': {(0, 1): {'bw': -8}}, 'path_level': {(0, 1): {'latency': -5.355590722227111}}}","{'node_level': {0: {'cpu': 0}, 1: {'cpu': 0}}, 'link_level': {(0, 1): {'bw': 0}}, 'path_level': {(0, 1): {'latency': 0}}}",[],0.0,0.0,True,True,False,0,[],0,0.0,2.0,1.0
55,12,6,1382.0,2458.0,562931.1387979118,980219.871630982,0.5622457282343368,0.5742906822132202,7,75,1,688.0,41360,7548,33812,0.027444916892153115,0.030424683852837475,54,93.18499687586349,688.0,2,1,True,"{0: 0, 1: 1}","{(0, 1): [(0, 65), (65, 1)]}","{(0, 0): {'cpu': 12}, (1, 1): {'cpu': 15}}","{((0, 1), (0, 65)): {'bw': 7}, ((0, 1), (65, 1)): {'bw': 7}}",41.0,34.0,34.0,27.0,7.0,27.0,7.0,27.0,14.0,7.0,0.8292682926829268,3820.5848719104033,3168.289893779359,77.27536326291118,Success,0.0,"{'node_level': {}, 'link_level': {}, 'path_level': {}}","{'node_level': {0: {'cpu': -49}, 1: {'cpu': -11}}, 'link_level': {(0, 1): {'bw': -7}}, 'path_level': {(0, 1): {'latency': -8.265527213956942}}}","{'node_level': {0: {'cpu': 0}, 1: {'cpu': 0}}, 'link_level': {(0, 1): {'bw': 0}}, 'path_level': {(0, 1): {'latency': 0}}}",[],0.0,0.0,True,True,False,0,[],0,0.0,2.0,1.0
55,12,6,1382.0,2458.0,562931.1387979118,980219.871630982,0.5622457282343368,0.5742906822132202,7,76,0,689.2535804989715,41360,7548,33812,0.027444916892153115,0.030424683852837475,50,43.253580498971516,646.0,6,6,False,{},{},{},{},0.0,0.0,0.0,0.0,0.0,0.0,0.0,0.0,0.0,0.0,0.0,0.0,0.0,0.0,Leave Event,0.0,"{'node_level': {}, 'link_level': {}, 'path_level': {}}","{'node_level': {}, 'link_level': {}, 'path_level': {}}","{'node_level': {}, 'link_level': {}, 'path_level': {}}",[],0.0,0.0,True,True,False,0,[],0,0.0,,
55,12,6,1382.0,2458.0,562931.1387979118,980219.871630982,0.5622457282343368,0.5742906822132202,7,77,0,697.1043013310946,41360,7548,33812,0.027444916892153115,0.030424683852837475,16,502.10430133109463,195.0,4,4,False,{},{},{},{},0.0,0.0,0.0,0.0,0.0,0.0,0.0,0.0,0.0,0.0,0.0,0.0,0.0,0.0,Leave Event,0.0,"{'node_level': {}, 'link_level': {}, 'path_level': {}}","{'node_level': {}, 'link_level': {}, 'path_level': {}}","{'node_level': {}, 'link_level': {}, 'path_level': {}}",[],0.0,0.0,True,True,False,0,[],0,0.0,,
55,12,5,1382.0,2458.0,562931.1387979118,980219.871630982,0.5622457282343368,0.5742906822132202,7,78,0,697.7411028055897,42149,7621,34528,0.01803891251127432,0.009893040461101732,31,303.74110280558966,394.0,7,11,False,{},{},{},{},0.0,0.0,0.0,0.0,0.0,0.0,0.0,0.0,0.0,0.0,0.0,0.0,0.0,0.0,Leave Event,0.0,"{'node_level': {}, 'link_level': {}, 'path_level': {}}","{'node_level': {}, 'link_level': {}, 'path_level': {}}","{'node_level': {}, 'link_level': {}, 'path_level': {}}",[],0.0,0.0,True,True,False,0,[],0,0.0,,
55,12,5,1382.0,2458.0,562931.1387979118,980219.871630982,0.5622457282343368,0.5742906822132202,7,79,0,700.1866151499181,42149,7621,34528,0.01803891251127432,0.009893040461101732,25,392.1866151499181,308.0,10,22,False,{},{},{},{},0.0,0.0,0.0,0.0,0.0,0.0,0.0,0.0,0.0,0.0,0.0,0.0,0.0,0.0,Leave Event,0.0,"{'node_level': {}, 'link_level': {}, 'path_level': {}}","{'node_level': {}, 'link_level': {}, 'path_level': {}}","{'node_level': {}, 'link_level': {}, 'path_level': {}}",[],0.0,0.0,True,True,False,0,[],0,0.0,,
55,12,5,1382.0,2458.0,562931.1387979118,980219.871630982,0.5622457282343368,0.5742906822132202,7,80,0,702.0996225091485,42149,7621,34528,0.01803891251127432,0.009893040461101732,6,614.0996225091485,88.0,5,5,False,{},{},{},{},0.0,0.0,0.0,0.0,0.0,0.0,0.0,0.0,0.0,0.0,0.0,0.0,0.0,0.0,Leave Event,0.0,"{'node_level': {}, 'link_level': {}, 'path_level': {}}","{'node_level': {}, 'link_level': {}, 'path_level': {}}","{'node_level': {}, 'link_level': {}, 'path_level': {}}",[],0.0,0.0,True,True,False,0,[],0,0.0,,
56,13,6,1457.0,2613.0,574240.0706494446,1003591.6641241497,0.5575966322234979,0.5721849744044984,7,81,1,704.0,41994,7586,34408,0.0225486406390929,0.013334098012789286,55,150.78575802043656,704.0,2,1,True,"{0: 0, 1: 1}","{(0, 1): [(0, 4), (4, 22), (22, 1)]}","{(0, 0): {'cpu': 18}, (1, 1): {'cpu': 17}}","{((0, 1), (0, 4)): {'bw': 40}, ((0, 1), (4, 22)): {'bw': 40}, ((0, 1), (22, 1)): {'bw': 40}}",155.0,75.0,75.0,35.0,40.0,35.0,40.0,35.0,120.0,80.0,0.4838709677419355,23371.792493167668,11308.931851532741,72.96085065504995,Success,0.0,"{'node_level': {}, 'link_level': {}, 'path_level': {}}","{'node_level': {0: {'cpu': -35}, 1: {'cpu': -3}}, 'link_level': {(0, 1): {'bw': 0}}, 'path_level': {(0, 1): {'latency': -0.5580723047459273}}}","{'node_level': {0: {'cpu': 0}, 1: {'cpu': 0}}, 'link_level': {(0, 1): {'bw': 0}}, 'path_level': {(0, 1): {'latency': 0}}}",[],0.0,0.0,True,True,False,0,[],0,0.0,2.0,1.0
56,13,6,1457.0,2613.0,574240.0706494446,1003591.6641241497,0.5575966322234979,0.5721849744044984,7,82,0,709.8856791350164,41994,7586,34408,0.0225486406390929,0.013334098012789286,30,331.8856791350164,378.0,3,2,False,{},{},{},{},0.0,0.0,0.0,0.0,0.0,0.0,0.0,0.0,0.0,0.0,0.0,0.0,0.0,0.0,Leave Event,0.0,"{'node_level': {}, 'link_level': {}, 'path_level': {}}","{'node_level': {}, 'link_level': {}, 'path_level': {}}","{'node_level': {}, 'link_level': {}, 'path_level': {}}",[],0.0,0.0,True,True,False,0,[],0,0.0,,
56,13,6,1457.0,2613.0,574240.0706494446,1003591.6641241497,0.5575966322234979,0.5721849744044984,7,83,0,713.8843346536152,41994,7586,34408,0.0225486406390929,0.013334098012789286,14,539.8843346536152,174.0,3,3,False,{},{},{},{},0.0,0.0,0.0,0.0,0.0,0.0,0.0,0.0,0.0,0.0,0.0,0.0,0.0,0.0,Leave Event,0.0,"{'node_level': {}, 'link_level': {}, 'path_level': {}}","{'node_level': {}, 'link_level': {}, 'path_level': {}}","{'node_level': {}, 'link_level': {}, 'path_level': {}}",[],0.0,0.0,True,True,False,0,[],0,0.0,,
57,13,6,1457.0,2613.0,574240.0706494446,1003591.6641241497,0.5575966322234979,0.5721849744044984,7,84,1,722.0,41994,7586,34408,0.0225486406390929,0.013334098012789286,56,588.791242637025,722.0,4,3,False,"{0: 0, 1: 2, 2: 3, 3: 1}","{(0, 3): []}","{(0, 0): {'cpu': 2}, (1, 2): {'cpu': 12}, (2, 3): {'cpu': 10}, (3, 1): {'cpu': 1}}",{},0.0,0.0,82.0,25.0,57.0,0.0,0.0,0.0,0.0,0.0,0.0,0.0,0.0,0.0,Route Failure,4.0,"{'node_level': {}, 'link_level': {}, 'path_level': {}}","{'node_level': {0: {'cpu': -33}, 1: {'cpu': -13}, 2: {'cpu': -34}, 3: {'cpu': -2}}, 'link_level': {(0, 3): {'bw': 4}}, 'path_level': {(0, 3): {'latency': 3.993448860536876}}}","{'node_level': {0: {'cpu': 0}, 1: {'cpu': 0}, 2: {'cpu': 0}, 3: {'cpu': 0}}, 'link_level': {(0, 3): {'bw': 4}}, 'path_level': {(0, 3): {'latency': 3.993448860536876}}}",[],0.0,0.0,True,False,False,0,[],0,0.0,4.0,1.0
57,13,6,1457.0,2613.0,574240.0706494446,1003591.6641241497,0.5575966322234979,0.5721849744044984,7,85,0,724.6404594534066,41994,7586,34408,0.0225486406390929,0.013334098012789286,44,160.6404594534066,564.0,3,2,False,{},{},{},{},0.0,0.0,0.0,0.0,0.0,0.0,0.0,0.0,0.0,0.0,0.0,0.0,0.0,0.0,Leave Event,0.0,"{'node_level': {}, 'link_level': {}, 'path_level': {}}","{'node_level': {}, 'link_level': {}, 'path_level': {}}","{'node_level': {}, 'link_level': {}, 'path_level': {}}",[],0.0,0.0,True,True,False,0,[],0,0.0,,
58,13,6,1457.0,2613.0,574240.0706494446,1003591.6641241497,0.5575966322234979,0.5721849744044984,7,86,1,737.0,41994,7586,34408,0.0225486406390929,0.013334098012789286,57,1129.620715357564,737.0,4,4,False,"{0: 0, 1: 2, 2: 1, 3: 3}","{(0, 1): []}","{(0, 0): {'cpu': 14}, (1, 2): {'cpu': 7}, (2, 1): {'cpu': 3}, (3, 3): {'cpu': 4}}",{},0.0,0.0,158.0,28.0,130.0,0.0,0.0,0.0,0.0,0.0,0.0,0.0,0.0,0.0,Route Failure,1.9987066045614892,"{'node_level': {}, 'link_level': {}, 'path_level': {}}","{'node_level': {0: {'cpu': -21}, 1: {'cpu': -18}, 2: {'cpu': 0}, 3: {'cpu': -40}}, 'link_level': {(0, 1): {'bw': -21}}, 'path_level': {(0, 1): {'latency': 1.9987066045614892}}}","{'node_level': {0: {'cpu': 0}, 1: {'cpu': 0}, 2: {'cpu': 0}, 3: {'cpu': 0}}, 'link_level': {(0, 1): {'bw': 0}}, 'path_level': {(0, 1): {'latency': 1.9987066045614892}}}",[],0.0,0.0,True,False,False,0,[],0,0.0,4.0,1.0
59,13,6,1457.0,2613.0,574240.0706494446,1003591.6641241497,0.5575966322234979,0.5721849744044984,7,87,1,751.0,41994,7586,34408,0.0225486406390929,0.013334098012789286,58,208.2795733514517,751.0,9,20,False,"{0: 0, 1: 2, 2: 3, 3: 4, 4: 5, 5: 6, 6: 7, 7: 1, 8: 8}","{(0, 1): []}","{(0, 0): {'cpu': 8}, (1, 2): {'cpu': 19}, (2, 3): {'cpu': 17}, (3, 4): {'cpu': 13}, (4, 5): {'cpu': 8}, (5, 6): {'cpu': 7}, (6, 7): {'cpu': 12}, (7, 1): {'cpu': 3}, (8, 8): {'cpu': 20}}",{},0.0,0.0,623.0,107.0,516.0,0.0,0.0,0.0,0.0,0.0,0.0,0.0,0.0,0.0,Route Failure,1.9700629036264488,"{'node_level': {}, 'link_level': {}, 'path_level': {}}","{'node_level': {0: {'cpu': -27}, 1: {'cpu': -6}, 2: {'cpu': -27}, 3: {'cpu': -32}, 4: {'cpu': -63}, 5: {'cpu': -62}, 6: {'cpu': -48}, 7: {'cpu': 0}, 8: {'cpu': -73}}, 'link_level': {(0, 1): {'bw': -47}}, 'path_level': {(0, 1): {'latency': 1.9700629036264488}}}","{'node_level': {0: {'cpu': 0}, 1: {'cpu': 0}, 2: {'cpu': 0}, 3: {'cpu': 0}, 4: {'cpu': 0}, 5: {'cpu': 0}, 6: {'cpu': 0}, 7: {'cpu': 0}, 8: {'cpu': 0}}, 'link_level': {(0, 1): {'bw': 0}}, 'path_level': {(0, 1): {'latency': 1.9700629036264488}}}",[],0.0,0.0,True,False,False,0,[],0,0.0,9.0,1.0
59,13,6,1457.0,2613.0,574240.0706494446,1003591.6641241497,0.5575966322234979,0.5721849744044984,7,88,0,756.3260497049032,41994,7586,34408,0.0225486406390929,0.013334098012789286,38,267.32604970490326,489.0,6,5,False,{},{},{},{},0.0,0.0,0.0,0.0,0.0,0.0,0.0,0.0,0.0,0.0,0.0,0.0,0.0,0.0,Leave Event,0.0,"{'node_level': {}, 'link_level': {}, 'path_level': {}}","{'node_level': {}, 'link_level': {}, 'path_level': {}}","{'node_level': {}, 'link_level': {}, 'path_level': {}}",[],0.0,0.0,True,True,False,0,[],0,0.0,,
60,14,7,1524.0,2768.0,576479.8568609483,1008773.2590910612,0.5505780346820809,0.5714662355149819,7,89,1,770.0,41839,7563,34276,0.025512176265945152,0.017119261319645585,59,33.4296449478157,770.0,2,1,True,"{0: 0, 1: 2}","{(0, 1): [(0, 44), (44, 21), (21, 2)]}","{(0, 0): {'cpu': 11}, (1, 2): {'cpu': 12}}","{((0, 1), (0, 44)): {'bw': 44}, ((0, 1), (44, 21)): {'bw': 44}, ((0, 1), (21, 2)): {'bw': 44}}",155.0,67.0,67.0,23.0,44.0,23.0,44.0,23.0,132.0,88.0,0.432258064516129,5181.594966911434,2239.786211503652,14.450233622604207,Success,0.0,"{'node_level': {}, 'link_level': {}, 'path_level': {}}","{'node_level': {0: {'cpu': -24}, 1: {'cpu': -13}}, 'link_level': {(0, 1): {'bw': -24}}, 'path_level': {(0, 1): {'latency': -1.5341376017752513}}}","{'node_level': {0: {'cpu': 0}, 1: {'cpu': 0}}, 'link_level': {(0, 1): {'bw': 0}}, 'path_level': {(0, 1): {'latency': 0}}}",[],0.0,0.0,True,True,False,0,[],0,0.0,2.0,1.0
60,14,7,1524.0,2768.0,576479.8568609483,1008773.2590910612,0.5505780346820809,0.5714662355149819,7,90,0,775.8969528097425,41839,7563,34276,0.025512176265945152,0.017119261319645585,10,647.8969528097425,128.0,2,1,False,{},{},{},{},0.0,0.0,0.0,0.0,0.0,0.0,0.0,0.0,0.0,0.0,0.0,0.0,0.0,0.0,Leave Event,0.0,"{'node_level': {}, 'link_level': {}, 'path_level': {}}","{'node_level': {}, 'link_level': {}, 'path_level': {}}","{'node_level': {}, 'link_level': {}, 'path_level': {}}",[],0.0,0.0,True,True,False,0,[],0,0.0,,
61,14,7,1524.0,2768.0,576479.8568609483,1008773.2590910612,0.5505780346820809,0.5714662355149819,7,91,1,778.0,41839,7563,34276,0.025512176265945152,0.017119261319645585,60,997.9903513709512,778.0,7,9,False,"{0: 0, 1: 2, 2: 3, 3: 4, 4: 5, 5: 1, 6: 6}","{(0, 1): []}","{(0, 0): {'cpu': 19}, (1, 2): {'cpu': 13}, (2, 3): {'cpu': 8}, (3, 4): {'cpu': 17}, (4, 5): {'cpu': 5}, (5, 1): {'cpu': 1}, (6, 6): {'cpu': 5}}",{},0.0,0.0,253.0,68.0,185.0,0.0,0.0,0.0,0.0,0.0,0.0,0.0,0.0,0.0,Route Failure,2.976195220127037,"{'node_level': {}, 'link_level': {}, 'path_level': {}}","{'node_level': {0: {'cpu': -5}, 1: {'cpu': 0}, 2: {'cpu': -36}, 3: {'cpu': -28}, 4: {'cpu': -66}, 5: {'cpu': -2}, 6: {'cpu': -64}}, 'link_level': {(0, 1): {'bw': -53}}, 'path_level': {(0, 1): {'latency': 2.976195220127037}}}","{'node_level': {0: {'cpu': 0}, 1: {'cpu': 0}, 2: {'cpu': 0}, 3: {'cpu': 0}, 4: {'cpu': 0}, 5: {'cpu': 0}, 6: {'cpu': 0}}, 'link_level': {(0, 1): {'bw': 0}}, 'path_level': {(0, 1): {'latency': 2.976195220127037}}}",[],0.0,0.0,True,False,False,0,[],0,0.0,7.0,1.0
61,14,6,1524.0,2768.0,576479.8568609483,1008773.2590910612,0.5505780346820809,0.5714662355149819,7,92,0,781.1849968758635,41880,7590,34290,0.022033243138770753,0.01671780460528205,54,93.18499687586349,688.0,2,1,False,{},{},{},{},0.0,0.0,0.0,0.0,0.0,0.0,0.0,0.0,0.0,0.0,0.0,0.0,0.0,0.0,Leave Event,0.0,"{'node_level': {}, 'link_level': {}, 'path_level': {}}","{'node_level': {}, 'link_level': {}, 'path_level': {}}","{'node_level': {}, 'link_level': {}, 'path_level': {}}",[],0.0,0.0,True,True,False,0,[],0,0.0,,
62,15,7,1543.0,2790.0,579745.1955450055,1012554.177567338,0.5530465949820789,0.5725572106549831,7,93,1,788.0,41858,7574,34284,0.024094833140059224,0.01688985748286642,61,171.8599307398523,788.0,2,1,True,"{0: 0, 1: 1}","{(0, 1): [(0, 65), (65, 1)]}","{(0, 0): {'cpu': 5}, (1, 1): {'cpu': 11}}","{((0, 1), (0, 65)): {'bw': 3}, ((0, 1), (65, 1)): {'bw': 3}}",22.0,19.0,19.0,16.0,3.0,16.0,3.0,16.0,6.0,3.0,0.8636363636363636,3780.918476276751,3265.338684057194,148.42448563896335,Success,0.0,"{'node_level': {}, 'link_level': {}, 'path_level': {}}","{'node_level': {0: {'cpu': -31}, 1: {'cpu': -7}}, 'link_level': {(0, 1): {'bw': -26}}, 'path_level': {(0, 1): {'latency': -8.02130521985478}}}","{'node_level': {0: {'cpu': 0}, 1: {'cpu': 0}}, 'link_level': {(0, 1): {'bw': 0}}, 'path_level': {(0, 1): {'latency': 0}}}",[],0.0,0.0,True,True,False,0,[],0,0.0,2.0,1.0
63,16,8,1658.0,3061.0,657441.8083068685,1195647.9345974675,0.5416530545573343,0.5498623710902039,7,94,1,801.0,41587,7537,34050,0.028862260018038932,0.023599919708657158,62,675.6227196683747,801.0,3,2,True,"{0: 0, 1: 1, 2: 3}","{(0, 1): [(0, 51), (51, 8), (8, 1)], (0, 2): [(0, 51), (51, 25), (25, 3)]}","{(0, 0): {'cpu': 16}, (1, 1): {'cpu': 7}, (2, 3): {'cpu': 14}}","{((0, 1), (0, 51)): {'bw': 34}, ((0, 1), (51, 8)): {'bw': 34}, ((0, 1), (8, 1)): {'bw': 34}, ((0, 2), (0, 51)): {'bw': 44}, ((0, 2), (51, 25)): {'bw': 44}, ((0, 2), (25, 3)): {'bw': 44}}",271.0,115.0,115.0,37.0,78.0,37.0,78.0,37.0,234.0,156.0,0.42435424354243545,183093.75703012952,77696.61276186309,286.70336812495606,Success,0.0,"{'node_level': {}, 'link_level': {}, 'path_level': {}}","{'node_level': {0: {'cpu': -15}, 1: {'cpu': 0}, 2: {'cpu': -30}}, 'link_level': {(0, 1): {'bw': -16}, (0, 2): {'bw': -1}}, 'path_level': {(0, 1): {'latency': -6.316289894764768}, (0, 2): {'latency': -1.4706771519059743}}}","{'node_level': {0: {'cpu': 0}, 1: {'cpu': 0}, 2: {'cpu': 0}}, 'link_level': {(0, 1): {'bw': 0}, (0, 2): {'bw': 0}}, 'path_level': {(0, 1): {'latency': 0}, (0, 2): {'latency': 0}}}",[],0.0,0.0,True,True,False,0,[],0,0.0,3.0,2.0
63,16,7,1658.0,3061.0,657441.8083068685,1195647.9345974675,0.5416530545573343,0.5498623710902039,7,95,0,803.4296449478157,41742,7560,34182,0.025898724391186678,0.01981475640180086,59,33.4296449478157,770.0,2,1,False,{},{},{},{},0.0,0.0,0.0,0.0,0.0,0.0,0.0,0.0,0.0,0.0,0.0,0.0,0.0,0.0,Leave Event,0.0,"{'node_level': {}, 'link_level': {}, 'path_level': {}}","{'node_level': {}, 'link_level': {}, 'path_level': {}}","{'node_level': {}, 'link_level': {}, 'path_level': {}}",[],0.0,0.0,True,True,False,0,[],0,0.0,,
64,16,7,1658.0,3061.0,657441.8083068685,1195647.9345974675,0.5416530545573343,0.5498623710902039,7,96,1,812.0,41742,7560,34182,0.025898724391186678,0.01981475640180086,63,86.00761774644931,812.0,6,10,False,"{0: 0, 1: 2, 2: 3, 3: 4, 4: 5, 5: 6}","{(0, 1): [(0, 44), (44, 21), (21, 2)], (0, 4): []}","{(0, 0): {'cpu': 14}, (1, 2): {'cpu': 13}, (2, 3): {'cpu': 20}, (3, 4): {'cpu': 15}, (4, 5): {'cpu': 17}, (5, 6): {'cpu': 13}}","{((0, 1), (0, 44)): {'bw': 9}, ((0, 1), (44, 21)): {'bw': 9}, ((0, 1), (21, 2)): {'bw': 9}}",0.0,0.0,368.0,92.0,276.0,0.0,0.0,0.0,0.0,0.0,0.0,0.0,0.0,0.0,Route Failure,8.967808655688575,"{'node_level': {}, 'link_level': {}, 'path_level': {}}","{'node_level': {0: {'cpu': -12}, 1: {'cpu': -12}, 2: {'cpu': -10}, 3: {'cpu': -30}, 4: {'cpu': -54}, 5: {'cpu': -56}}, 'link_level': {(0, 1): {'bw': -59}, (0, 4): {'bw': -34}}, 'path_level': {(0, 1): {'latency': -2.319338789095788}, (0, 4): {'latency': 8.967808655688575}}}","{'node_level': {0: {'cpu': 0}, 1: {'cpu': 0}, 2: {'cpu': 0}, 3: {'cpu': 0}, 4: {'cpu': 0}, 5: {'cpu': 0}}, 'link_level': {(0, 1): {'bw': 0}, (0, 4): {'bw': 0}}, 'path_level': {(0, 1): {'latency': 0}, (0, 4): {'latency': 8.967808655688575}}}",[],0.0,0.0,True,False,False,0,[],0,0.0,6.0,2.0
65,16,7,1658.0,3061.0,657441.8083068685,1195647.9345974675,0.5416530545573343,0.5498623710902039,7,97,1,817.0,41742,7560,34182,0.025898724391186678,0.01981475640180086,64,593.6618123881592,817.0,3,2,False,"{0: 0, 1: 2, 2: 3}","{(0, 1): [(0, 44), (44, 21), (21, 2)], (0, 2): []}","{(0, 0): {'cpu': 19}, (1, 2): {'cpu': 4}, (2, 3): {'cpu': 20}}","{((0, 1), (0, 44)): {'bw': 48}, ((0, 1), (44, 21)): {'bw': 48}, ((0, 1), (21, 2)): {'bw': 48}}",0.0,0.0,111.0,43.0,68.0,0.0,0.0,0.0,0.0,0.0,0.0,0.0,0.0,0.0,Route Failure,13.0,"{'node_level': {}, 'link_level': {}, 'path_level': {}}","{'node_level': {0: {'cpu': -7}, 1: {'cpu': -21}, 2: {'cpu': -10}}, 'link_level': {(0, 1): {'bw': -20}, (0, 2): {'bw': 12}}, 'path_level': {(0, 1): {'latency': -3.893964071475617}, (0, 2): {'latency': 1.2217533688394902}}}","{'node_level': {0: {'cpu': 0}, 1: {'cpu': 0}, 2: {'cpu': 0}}, 'link_level': {(0, 1): {'bw': 0}, (0, 2): {'bw': 13}}, 'path_level': {(0, 1): {'latency': 0}, (0, 2): {'latency': 1.2217533688394902}}}",[],0.0,0.0,True,False,False,0,[],0,0.0,3.0,2.0
66,16,7,1658.0,3061.0,657441.8083068685,1195647.9345974675,0.5416530545573343,0.5498623710902039,7,98,1,837.0,41742,7560,34182,0.025898724391186678,0.01981475640180086,65,920.7468393821777,837.0,4,5,False,"{0: 0, 1: 2, 2: 3, 3: 4}","{(0, 1): [(0, 44), (44, 21), (21, 2)], (0, 2): []}","{(0, 0): {'cpu': 16}, (1, 2): {'cpu': 13}, (2, 3): {'cpu': 19}, (3, 4): {'cpu': 7}}","{((0, 1), (0, 44)): {'bw': 16}, ((0, 1), (44, 21)): {'bw': 16}, ((0, 1), (21, 2)): {'bw': 16}}",0.0,0.0,188.0,55.0,133.0,0.0,0.0,0.0,0.0,0.0,0.0,0.0,0.0,0.0,Route Failure,50.0,"{'node_level': {}, 'link_level': {}, 'path_level': {}}","{'node_level': {0: {'cpu': -10}, 1: {'cpu': -12}, 2: {'cpu': -11}, 3: {'cpu': -38}}, 'link_level': {(0, 1): {'bw': -52}, (0, 2): {'bw': 27}}, 'path_level': {(0, 1): {'latency': -5.775394120668237}, (0, 2): {'latency': 10.105208894443603}}}","{'node_level': {0: {'cpu': 0}, 1: {'cpu': 0}, 2: {'cpu': 0}, 3: {'cpu': 0}}, 'link_level': {(0, 1): {'bw': 0}, (0, 2): {'bw': 50}}, 'path_level': {(0, 1): {'latency': 0}, (0, 2): {'latency': 10.105208894443603}}}",[],0.0,0.0,True,False,False,0,[],0,0.0,4.0,2.0
67,16,7,1658.0,3061.0,657441.8083068685,1195647.9345974675,0.5416530545573343,0.5498623710902039,7,99,1,841.0,41742,7560,34182,0.025898724391186678,0.01981475640180086,66,649.4203520108981,841.0,4,4,False,"{0: 0, 1: 2, 2: 3, 3: 4}","{(0, 2): []}","{(0, 0): {'cpu': 16}, (1, 2): {'cpu': 16}, (2, 3): {'cpu': 13}, (3, 4): {'cpu': 9}}",{},0.0,0.0,147.0,54.0,93.0,0.0,0.0,0.0,0.0,0.0,0.0,0.0,0.0,0.0,Route Failure,17.0,"{'node_level': {}, 'link_level': {}, 'path_level': {}}","{'node_level': {0: {'cpu': -10}, 1: {'cpu': -9}, 2: {'cpu': -17}, 3: {'cpu': -36}}, 'link_level': {(0, 2): {'bw': 14}}, 'path_level': {(0, 2): {'latency': 6.139173606083314}}}","{'node_level': {0: {'cpu': 0}, 1: {'cpu': 0}, 2: {'cpu': 0}, 3: {'cpu': 0}}, 'link_level': {(0, 2): {'bw': 17}}, 'path_level': {(0, 2): {'latency': 6.139173606083314}}}",[],0.0,0.0,True,False,False,0,[],0,0.0,4.0,1.0
67,16,7,1658.0,3061.0,657441.8083068685,1195647.9345974675,0.5416530545573343,0.5498623710902039,7,100,0,848.7604622614016,41742,7560,34182,0.025898724391186678,0.01981475640180086,13,682.7604622614016,166.0,10,25,False,{},{},{},{},0.0,0.0,0.0,0.0,0.0,0.0,0.0,0.0,0.0,0.0,0.0,0.0,0.0,0.0,Leave Event,0.0,"{'node_level': {}, 'link_level': {}, 'path_level': {}}","{'node_level': {}, 'link_level': {}, 'path_level': {}}","{'node_level': {}, 'link_level': {}, 'path_level': {}}",[],0.0,0.0,True,True,False,0,[],0,0.0,,
68,16,7,1658.0,3061.0,657441.8083068685,1195647.9345974675,0.5416530545573343,0.5498623710902039,7,101,1,850.0,41742,7560,34182,0.025898724391186678,0.01981475640180086,67,222.44679081459145,850.0,6,6,False,"{0: 0, 1: 2, 2: 3, 3: 4, 4: 5, 5: 6}","{(0, 3): []}","{(0, 0): {'cpu': 9}, (1, 2): {'cpu': 14}, (2, 3): {'cpu': 9}, (3, 4): {'cpu': 4}, (4, 5): {'cpu': 8}, (5, 6): {'cpu': 4}}",{},0.0,0.0,164.0,48.0,116.0,0.0,0.0,0.0,0.0,0.0,0.0,0.0,0.0,0.0,Route Failure,9.53233760272985,"{'node_level': {}, 'link_level': {}, 'path_level': {}}","{'node_level': {0: {'cpu': -17}, 1: {'cpu': -11}, 2: {'cpu': -21}, 3: {'cpu': -41}, 4: {'cpu': -63}, 5: {'cpu': -65}}, 'link_level': {(0, 3): {'bw': 2}}, 'path_level': {(0, 3): {'latency': 9.53233760272985}}}","{'node_level': {0: {'cpu': 0}, 1: {'cpu': 0}, 2: {'cpu': 0}, 3: {'cpu': 0}, 4: {'cpu': 0}, 5: {'cpu': 0}}, 'link_level': {(0, 3): {'bw': 2}}, 'path_level': {(0, 3): {'latency': 9.53233760272985}}}",[],0.0,0.0,True,False,False,0,[],0,0.0,6.0,1.0
68,16,6,1658.0,3061.0,657441.8083068685,1195647.9345974675,0.5416530545573343,0.5498623710902039,7,102,0,854.7857580204366,41897,7595,34302,0.0213889962633681,0.016373698850113305,55,150.78575802043656,704.0,2,1,False,{},{},{},{},0.0,0.0,0.0,0.0,0.0,0.0,0.0,0.0,0.0,0.0,0.0,0.0,0.0,0.0,Leave Event,0.0,"{'node_level': {}, 'link_level': {}, 'path_level': {}}","{'node_level': {}, 'link_level': {}, 'path_level': {}}","{'node_level': {}, 'link_level': {}, 'path_level': {}}",[],0.0,0.0,True,True,False,0,[],0,0.0,,
69,16,6,1658.0,3061.0,657441.8083068685,1195647.9345974675,0.5416530545573343,0.5498623710902039,7,103,1,863.0,41897,7595,34302,0.0213889962633681,0.016373698850113305,68,648.5738438150346,863.0,10,18,False,"{0: 0, 1: 1, 2: 2, 3: 3, 4: 4, 5: 5, 6: 6, 7: 7, 8: 8, 9: 9}","{(0, 2): [(0, 4), (4, 21), (21, 2)], (0, 4): [(0, 45), (45, 38), (38, 4)], (0, 6): [(0, 44), (44, 53), (53, 6)], (1, 3): [(1, 68), (68, 40), (40, 3)], (1, 5): [(1, 5)], (1, 8): [(1, 8)], (1, 9): [(1, 9)], (2, 3): [(2, 66), (66, 46), (46, 3)], (2, 5): [(2, 21), (21, 5)], (3, 5): []}","{(0, 0): {'cpu': 17}, (1, 1): {'cpu': 3}, (2, 2): {'cpu': 2}, (3, 3): {'cpu': 9}, (4, 4): {'cpu': 9}, (5, 5): {'cpu': 2}, (6, 6): {'cpu': 4}, (7, 7): {'cpu': 12}, (8, 8): {'cpu': 4}, (9, 9): {'cpu': 19}}","{((0, 2), (0, 4)): {'bw': 34}, ((0, 2), (4, 21)): {'bw': 34}, ((0, 2), (21, 2)): {'bw': 34}, ((0, 4), (0, 45)): {'bw': 27}, ((0, 4), (45, 38)): {'bw': 27}, ((0, 4), (38, 4)): {'bw': 27}, ((0, 6), (0, 44)): {'bw': 43}, ((0, 6), (44, 53)): {'bw': 43}, ((0, 6), (53, 6)): {'bw': 43}, ((1, 3), (1, 68)): {'bw': 50}, ((1, 3), (68, 40)): {'bw': 50}, ((1, 3), (40, 3)): {'bw': 50}, ((1, 5), (1, 5)): {'bw': 19}, ((1, 8), (1, 8)): {'bw': 7}, ((1, 9), (1, 9)): {'bw': 43}, ((2, 3), (2, 66)): {'bw': 46}, ((2, 3), (66, 46)): {'bw': 46}, ((2, 3), (46, 3)): {'bw': 46}, ((2, 5), (2, 21)): {'bw': 11}, ((2, 5), (21, 5)): {'bw': 11}}",0.0,0.0,539.0,81.0,458.0,0.0,0.0,0.0,0.0,0.0,0.0,0.0,0.0,0.0,Route Failure,21.0,"{'node_level': {}, 'link_level': {}, 'path_level': {}}","{'node_level': {0: {'cpu': -27}, 1: {'cpu': -14}, 2: {'cpu': -23}, 3: {'cpu': -21}, 4: {'cpu': -36}, 5: {'cpu': -69}, 6: {'cpu': -65}, 7: {'cpu': -48}, 8: {'cpu': -89}, 9: {'cpu': -72}}, 'link_level': {(0, 2): {'bw': -6}, (0, 4): {'bw': -43}, (0, 6): {'bw': -20}, (1, 3): {'bw': -6}, (1, 5): {'bw': -50}, (1, 8): {'bw': -9}, (1, 9): {'bw': -36}, (2, 3): {'bw': -16}, (2, 5): {'bw': -38}, (3, 5): {'bw': 21}}, 'path_level': {(0, 2): {'latency': -2.9401747198728145}, (0, 4): {'latency': -0.9166066771709378}, (0, 6): {'latency': -0.6050862882065591}, (1, 3): {'latency': -2.8384837486852135}, (1, 5): {'latency': -1.0960879929978273}, (1, 8): {'latency': -1.8267146783604997}, (1, 9): {'latency': -9.680253398148539}, (2, 3): {'latency': -2.400455700763347}, (2, 5): {'latency': -2.4936250034064398}, (3, 5): {'latency': 4.533744923880835}}}","{'node_level': {0: {'cpu': 0}, 1: {'cpu': 0}, 2: {'cpu': 0}, 3: {'cpu': 0}, 4: {'cpu': 0}, 5: {'cpu': 0}, 6: {'cpu': 0}, 7: {'cpu': 0}, 8: {'cpu': 0}, 9: {'cpu': 0}}, 'link_level': {(0, 2): {'bw': 0}, (0, 4): {'bw': 0}, (0, 6): {'bw': 0}, (1, 3): {'bw': 0}, (1, 5): {'bw': 0}, (1, 8): {'bw': 0}, (1, 9): {'bw': 0}, (2, 3): {'bw': 0}, (2, 5): {'bw': 0}, (3, 5): {'bw': 21}}, 'path_level': {(0, 2): {'latency': 0}, (0, 4): {'latency': 0}, (0, 6): {'latency': 0}, (1, 3): {'latency': 0}, (1, 5): {'latency': 0}, (1, 8): {'latency': 0}, (1, 9): {'latency': 0}, (2, 3): {'latency': 0}, (2, 5): {'latency': 0}, (3, 5): {'latency': 4.533744923880835}}}",[],0.0,0.0,True,False,False,0,[],0,0.0,10.0,10.0
70,16,6,1658.0,3061.0,657441.8083068685,1195647.9345974675,0.5416530545573343,0.5498623710902039,7,104,1,875.0,41897,7595,34302,0.0213889962633681,0.016373698850113305,69,75.10172928901497,875.0,2,1,False,"{0: 0, 1: 1}","{(0, 1): []}","{(0, 0): {'cpu': 13}, (1, 1): {'cpu': 17}}",{},0.0,0.0,74.0,30.0,44.0,0.0,0.0,0.0,0.0,0.0,0.0,0.0,0.0,0.0,Route Failure,18.0,"{'node_level': {}, 'link_level': {}, 'path_level': {}}","{'node_level': {0: {'cpu': -31}, 1: {'cpu': 0}}, 'link_level': {(0, 1): {'bw': 18}}, 'path_level': {(0, 1): {'latency': 1.9882839930546918}}}","{'node_level': {0: {'cpu': 0}, 1: {'cpu': 0}}, 'link_level': {(0, 1): {'bw': 18}}, 'path_level': {(0, 1): {'latency': 1.9882839930546918}}}",[],0.0,0.0,True,False,False,0,[],0,0.0,2.0,1.0
70,16,6,1658.0,3061.0,657441.8083068685,1195647.9345974675,0.5416530545573343,0.5498623710902039,7,105,0,875.9817911949841,41897,7595,34302,0.0213889962633681,0.016373698850113305,43,325.9817911949841,550.0,7,10,False,{},{},{},{},0.0,0.0,0.0,0.0,0.0,0.0,0.0,0.0,0.0,0.0,0.0,0.0,0.0,0.0,Leave Event,0.0,"{'node_level': {}, 'link_level': {}, 'path_level': {}}","{'node_level': {}, 'link_level': {}, 'path_level': {}}","{'node_level': {}, 'link_level': {}, 'path_level': {}}",[],0.0,0.0,True,True,False,0,[],0,0.0,,
71,16,6,1658.0,3061.0,657441.8083068685,1195647.9345974675,0.5416530545573343,0.5498623710902039,7,106,1,891.0,41897,7595,34302,0.0213889962633681,0.016373698850113305,70,188.3070027978899,891.0,8,17,False,"{0: 0, 1: 1, 2: 2, 3: 3, 4: 4, 5: 5, 6: 6, 7: 7}","{(0, 1): []}","{(0, 0): {'cpu': 8}, (1, 1): {'cpu': 12}, (2, 2): {'cpu': 18}, (3, 3): {'cpu': 14}, (4, 4): {'cpu': 7}, (5, 5): {'cpu': 16}, (6, 6): {'cpu': 6}, (7, 7): {'cpu': 11}}",{},0.0,0.0,499.0,92.0,407.0,0.0,0.0,0.0,0.0,0.0,0.0,0.0,0.0,0.0,Route Failure,24.0,"{'node_level': {}, 'link_level': {}, 'path_level': {}}","{'node_level': {0: {'cpu': -36}, 1: {'cpu': -5}, 2: {'cpu': -7}, 3: {'cpu': -16}, 4: {'cpu': -38}, 5: {'cpu': -55}, 6: {'cpu': -63}, 7: {'cpu': -49}}, 'link_level': {(0, 1): {'bw': 24}}, 'path_level': {(0, 1): {'latency': -0.7641696814654146}}}","{'node_level': {0: {'cpu': 0}, 1: {'cpu': 0}, 2: {'cpu': 0}, 3: {'cpu': 0}, 4: {'cpu': 0}, 5: {'cpu': 0}, 6: {'cpu': 0}, 7: {'cpu': 0}}, 'link_level': {(0, 1): {'bw': 24}}, 'path_level': {(0, 1): {'latency': 0}}}",[],0.0,0.0,True,False,False,0,[],0,0.0,8.0,1.0
71,16,6,1658.0,3061.0,657441.8083068685,1195647.9345974675,0.5416530545573343,0.5498623710902039,7,107,0,891.9256554459682,41897,7595,34302,0.0213889962633681,0.016373698850113305,47,285.9256554459682,606.0,7,11,False,{},{},{},{},0.0,0.0,0.0,0.0,0.0,0.0,0.0,0.0,0.0,0.0,0.0,0.0,0.0,0.0,Leave Event,0.0,"{'node_level': {}, 'link_level': {}, 'path_level': {}}","{'node_level': {}, 'link_level': {}, 'path_level': {}}","{'node_level': {}, 'link_level': {}, 'path_level': {}}",[],0.0,0.0,True,True,False,0,[],0,0.0,,
71,16,6,1658.0,3061.0,657441.8083068685,1195647.9345974675,0.5416530545573343,0.5498623710902039,7,108,0,898.0076177464493,41897,7595,34302,0.0213889962633681,0.016373698850113305,63,86.00761774644931,812.0,6,10,False,{},{},{},{},0.0,0.0,0.0,0.0,0.0,0.0,0.0,0.0,0.0,0.0,0.0,0.0,0.0,0.0,Leave Event,0.0,"{'node_level': {}, 'link_level': {}, 'path_level': {}}","{'node_level': {}, 'link_level': {}, 'path_level': {}}","{'node_level': {}, 'link_level': {}, 'path_level': {}}",[],0.0,0.0,True,True,False,0,[],0,0.0,,
72,17,7,1704.0,3161.0,669953.9934349183,1222848.33704975,0.5390699145839924,0.5478635192416852,7,109,1,903.0,41797,7576,34221,0.023837134389898207,0.01869641269750233,71,272.00402452282293,903.0,2,1,True,"{0: 0, 1: 2}","{(0, 1): [(0, 4), (4, 21), (21, 2)]}","{(0, 0): {'cpu': 1}, (1, 2): {'cpu': 18}}","{((0, 1), (0, 4)): {'bw': 27}, ((0, 1), (4, 21)): {'bw': 27}, ((0, 1), (21, 2)): {'bw': 27}}",100.0,46.0,46.0,19.0,27.0,19.0,27.0,19.0,81.0,54.0,0.46,27200.402452282295,12512.185128049854,125.12185128049856,Success,0.0,"{'node_level': {}, 'link_level': {}, 'path_level': {}}","{'node_level': {0: {'cpu': -43}, 1: {'cpu': -7}}, 'link_level': {(0, 1): {'bw': -13}}, 'path_level': {(0, 1): {'latency': -4.133125991786843}}}","{'node_level': {0: {'cpu': 0}, 1: {'cpu': 0}}, 'link_level': {(0, 1): {'bw': 0}}, 'path_level': {(0, 1): {'latency': 0}}}",[],0.0,0.0,True,True,False,0,[],0,0.0,2.0,1.0
72,17,7,1704.0,3161.0,669953.9934349183,1222848.33704975,0.5390699145839924,0.5478635192416852,7,110,0,904.7110734296512,41797,7576,34221,0.023837134389898207,0.01869641269750233,21,646.7110734296512,258.0,10,16,False,{},{},{},{},0.0,0.0,0.0,0.0,0.0,0.0,0.0,0.0,0.0,0.0,0.0,0.0,0.0,0.0,Leave Event,0.0,"{'node_level': {}, 'link_level': {}, 'path_level': {}}","{'node_level': {}, 'link_level': {}, 'path_level': {}}","{'node_level': {}, 'link_level': {}, 'path_level': {}}",[],0.0,0.0,True,True,False,0,[],0,0.0,,
73,17,7,1704.0,3161.0,669953.9934349183,1222848.33704975,0.5390699145839924,0.5478635192416852,7,111,1,912.0,41797,7576,34221,0.023837134389898207,0.01869641269750233,72,1048.6481525404379,912.0,6,8,False,"{0: 0, 1: 1, 2: 3, 3: 4, 4: 5, 5: 2}","{(0, 1): []}","{(0, 0): {'cpu': 7}, (1, 1): {'cpu': 11}, (2, 3): {'cpu': 17}, (3, 4): {'cpu': 20}, (4, 5): {'cpu': 8}, (5, 2): {'cpu': 2}}",{},0.0,0.0,189.0,65.0,124.0,0.0,0.0,0.0,0.0,0.0,0.0,0.0,0.0,0.0,Route Failure,2.9773625146942226,"{'node_level': {}, 'link_level': {}, 'path_level': {}}","{'node_level': {0: {'cpu': -36}, 1: {'cpu': -6}, 2: {'cpu': -13}, 3: {'cpu': -25}, 4: {'cpu': -63}, 5: {'cpu': -5}}, 'link_level': {(0, 1): {'bw': 1}}, 'path_level': {(0, 1): {'latency': 2.9773625146942226}}}","{'node_level': {0: {'cpu': 0}, 1: {'cpu': 0}, 2: {'cpu': 0}, 3: {'cpu': 0}, 4: {'cpu': 0}, 5: {'cpu': 0}}, 'link_level': {(0, 1): {'bw': 1}}, 'path_level': {(0, 1): {'latency': 2.9773625146942226}}}",[],0.0,0.0,True,False,False,0,[],0,0.0,6.0,1.0
74,17,7,1704.0,3161.0,669953.9934349183,1222848.33704975,0.5390699145839924,0.5478635192416852,7,112,1,923.0,41797,7576,34221,0.023837134389898207,0.01869641269750233,73,83.4644422243773,923.0,3,2,False,"{0: 0, 1: 1, 2: 3}","{(0, 1): []}","{(0, 0): {'cpu': 3}, (1, 1): {'cpu': 4}, (2, 3): {'cpu': 18}}",{},0.0,0.0,91.0,25.0,66.0,0.0,0.0,0.0,0.0,0.0,0.0,0.0,0.0,0.0,Route Failure,14.0,"{'node_level': {}, 'link_level': {}, 'path_level': {}}","{'node_level': {0: {'cpu': -40}, 1: {'cpu': -13}, 2: {'cpu': -12}}, 'link_level': {(0, 1): {'bw': 14}}, 'path_level': {(0, 1): {'latency': -0.378981878318597}}}","{'node_level': {0: {'cpu': 0}, 1: {'cpu': 0}, 2: {'cpu': 0}}, 'link_level': {(0, 1): {'bw': 14}}, 'path_level': {(0, 1): {'latency': 0}}}",[],0.0,0.0,True,False,False,0,[],0,0.0,3.0,1.0
75,17,7,1704.0,3161.0,669953.9934349183,1222848.33704975,0.5390699145839924,0.5478635192416852,7,113,1,931.0,41797,7576,34221,0.023837134389898207,0.01869641269750233,74,1060.651998017522,931.0,7,13,False,"{0: 0, 1: 1, 2: 3, 3: 4, 4: 5, 5: 2, 6: 6}","{(0, 2): []}","{(0, 0): {'cpu': 6}, (1, 1): {'cpu': 1}, (2, 3): {'cpu': 19}, (3, 4): {'cpu': 8}, (4, 5): {'cpu': 15}, (5, 2): {'cpu': 6}, (6, 6): {'cpu': 18}}",{},0.0,0.0,386.0,73.0,313.0,0.0,0.0,0.0,0.0,0.0,0.0,0.0,0.0,0.0,Route Failure,38.0,"{'node_level': {}, 'link_level': {}, 'path_level': {}}","{'node_level': {0: {'cpu': -37}, 1: {'cpu': -16}, 2: {'cpu': -11}, 3: {'cpu': -37}, 4: {'cpu': -56}, 5: {'cpu': -1}, 6: {'cpu': -51}}, 'link_level': {(0, 2): {'bw': 23}}, 'path_level': {(0, 2): {'latency': 3.057524504564931}}}","{'node_level': {0: {'cpu': 0}, 1: {'cpu': 0}, 2: {'cpu': 0}, 3: {'cpu': 0}, 4: {'cpu': 0}, 5: {'cpu': 0}, 6: {'cpu': 0}}, 'link_level': {(0, 2): {'bw': 38}}, 'path_level': {(0, 2): {'latency': 3.057524504564931}}}",[],0.0,0.0,True,False,False,0,[],0,0.0,7.0,1.0
76,17,7,1704.0,3161.0,669953.9934349183,1222848.33704975,0.5390699145839924,0.5478635192416852,7,114,1,945.0,41797,7576,34221,0.023837134389898207,0.01869641269750233,75,802.1364351814047,945.0,3,2,False,"{0: 0, 1: 1, 2: 3}","{(0, 2): [(0, 34), (34, 46), (46, 3)], (1, 2): []}","{(0, 0): {'cpu': 20}, (1, 1): {'cpu': 2}, (2, 3): {'cpu': 9}}","{((0, 2), (0, 34)): {'bw': 11}, ((0, 2), (34, 46)): {'bw': 11}, ((0, 2), (46, 3)): {'bw': 11}}",0.0,0.0,85.0,31.0,54.0,0.0,0.0,0.0,0.0,0.0,0.0,0.0,0.0,0.0,Route Failure,24.0,"{'node_level': {}, 'link_level': {}, 'path_level': {}}","{'node_level': {0: {'cpu': -23}, 1: {'cpu': -15}, 2: {'cpu': -21}}, 'link_level': {(0, 2): {'bw': -40}, (1, 2): {'bw': 24}}, 'path_level': {(0, 2): {'latency': -0.7191428922739611}, (1, 2): {'latency': 8.580032227926196}}}","{'node_level': {0: {'cpu': 0}, 1: {'cpu': 0}, 2: {'cpu': 0}}, 'link_level': {(0, 2): {'bw': 0}, (1, 2): {'bw': 24}}, 'path_level': {(0, 2): {'latency': 0}, (1, 2): {'latency': 8.580032227926196}}}",[],0.0,0.0,True,False,False,0,[],0,0.0,3.0,2.0
76,17,7,1704.0,3161.0,669953.9934349183,1222848.33704975,0.5390699145839924,0.5478635192416852,7,115,0,950.101729289015,41797,7576,34221,0.023837134389898207,0.01869641269750233,69,75.10172928901497,875.0,2,1,False,{},{},{},{},0.0,0.0,0.0,0.0,0.0,0.0,0.0,0.0,0.0,0.0,0.0,0.0,0.0,0.0,Leave Event,0.0,"{'node_level': {}, 'link_level': {}, 'path_level': {}}","{'node_level': {}, 'link_level': {}, 'path_level': {}}","{'node_level': {}, 'link_level': {}, 'path_level': {}}",[],0.0,0.0,True,True,False,0,[],0,0.0,,
77,17,7,1704.0,3161.0,669953.9934349183,1222848.33704975,0.5390699145839924,0.5478635192416852,7,116,1,955.0,41797,7576,34221,0.023837134389898207,0.01869641269750233,76,1781.1110154526139,955.0,10,24,False,"{0: 0, 1: 1, 2: 3, 3: 4, 4: 5, 5: 2, 6: 6, 7: 7, 8: 8, 9: 9}","{(0, 1): [(0, 65), (65, 1)], (0, 2): [(0, 34), (34, 46), (46, 3)], (0, 3): [(0, 44), (44, 12), (12, 4)], (0, 5): [(0, 45), (45, 38), (38, 2)], (0, 7): []}","{(0, 0): {'cpu': 13}, (1, 1): {'cpu': 12}, (2, 3): {'cpu': 15}, (3, 4): {'cpu': 11}, (4, 5): {'cpu': 19}, (5, 2): {'cpu': 4}, (6, 6): {'cpu': 3}, (7, 7): {'cpu': 3}, (8, 8): {'cpu': 15}, (9, 9): {'cpu': 14}}","{((0, 1), (0, 65)): {'bw': 3}, ((0, 1), (65, 1)): {'bw': 3}, ((0, 2), (0, 34)): {'bw': 11}, ((0, 2), (34, 46)): {'bw': 11}, ((0, 2), (46, 3)): {'bw': 11}, ((0, 3), (0, 44)): {'bw': 49}, ((0, 3), (44, 12)): {'bw': 49}, ((0, 3), (12, 4)): {'bw': 49}, ((0, 5), (0, 45)): {'bw': 37}, ((0, 5), (45, 38)): {'bw': 37}, ((0, 5), (38, 2)): {'bw': 37}}",0.0,0.0,660.0,109.0,551.0,0.0,0.0,0.0,0.0,0.0,0.0,0.0,0.0,0.0,Route Failure,10.290072013940591,"{'node_level': {}, 'link_level': {}, 'path_level': {}}","{'node_level': {0: {'cpu': -30}, 1: {'cpu': -5}, 2: {'cpu': -15}, 3: {'cpu': -34}, 4: {'cpu': -52}, 5: {'cpu': -3}, 6: {'cpu': -66}, 7: {'cpu': -57}, 8: {'cpu': -78}, 9: {'cpu': -77}}, 'link_level': {(0, 1): {'bw': -23}, (0, 2): {'bw': -40}, (0, 3): {'bw': -9}, (0, 5): {'bw': -20}, (0, 7): {'bw': -26}}, 'path_level': {(0, 1): {'latency': -5.2124171846654725}, (0, 2): {'latency': -2.2517862508280295}, (0, 3): {'latency': -0.813978470357414}, (0, 5): {'latency': -3.1491573464107265}, (0, 7): {'latency': 10.290072013940591}}}","{'node_level': {0: {'cpu': 0}, 1: {'cpu': 0}, 2: {'cpu': 0}, 3: {'cpu': 0}, 4: {'cpu': 0}, 5: {'cpu': 0}, 6: {'cpu': 0}, 7: {'cpu': 0}, 8: {'cpu': 0}, 9: {'cpu': 0}}, 'link_level': {(0, 1): {'bw': 0}, (0, 2): {'bw': 0}, (0, 3): {'bw': 0}, (0, 5): {'bw': 0}, (0, 7): {'bw': 0}}, 'path_level': {(0, 1): {'latency': 0}, (0, 2): {'latency': 0}, (0, 3): {'latency': 0}, (0, 5): {'latency': 0}, (0, 7): {'latency': 10.290072013940591}}}",[],0.0,0.0,True,False,False,0,[],0,0.0,10.0,5.0
77,17,7,1704.0,3161.0,669953.9934349183,1222848.33704975,0.5390699145839924,0.5478635192416852,7,117,0,959.2795733514517,41797,7576,34221,0.023837134389898207,0.01869641269750233,58,208.2795733514517,751.0,9,20,False,{},{},{},{},0.0,0.0,0.0,0.0,0.0,0.0,0.0,0.0,0.0,0.0,0.0,0.0,0.0,0.0,Leave Event,0.0,"{'node_level': {}, 'link_level': {}, 'path_level': {}}","{'node_level': {}, 'link_level': {}, 'path_level': {}}","{'node_level': {}, 'link_level': {}, 'path_level': {}}",[],0.0,0.0,True,True,False,0,[],0,0.0,,
77,17,6,1704.0,3161.0,669953.9934349183,1222848.33704975,0.5390699145839924,0.5478635192416852,7,118,0,959.8599307398523,41819,7592,34227,0.021775544388609736,0.018524359819917957,61,171.8599307398523,788.0,2,1,False,{},{},{},{},0.0,0.0,0.0,0.0,0.0,0.0,0.0,0.0,0.0,0.0,0.0,0.0,0.0,0.0,Leave Event,0.0,"{'node_level': {}, 'link_level': {}, 'path_level': {}}","{'node_level': {}, 'link_level': {}, 'path_level': {}}","{'node_level': {}, 'link_level': {}, 'path_level': {}}",[],0.0,0.0,True,True,False,0,[],0,0.0,,
78,17,6,1704.0,3161.0,669953.9934349183,1222848.33704975,0.5390699145839924,0.5478635192416852,7,119,1,970.0,41819,7592,34227,0.021775544388609736,0.018524359819917957,77,229.19801605296342,970.0,10,22,False,"{0: 0, 1: 1, 2: 3, 3: 4, 4: 5, 5: 6, 6: 7, 7: 2, 8: 8, 9: 9}","{(0, 2): []}","{(0, 0): {'cpu': 12}, (1, 1): {'cpu': 17}, (2, 3): {'cpu': 20}, (3, 4): {'cpu': 19}, (4, 5): {'cpu': 18}, (5, 6): {'cpu': 12}, (6, 7): {'cpu': 11}, (7, 2): {'cpu': 5}, (8, 8): {'cpu': 15}, (9, 9): {'cpu': 8}}",{},0.0,0.0,669.0,137.0,532.0,0.0,0.0,0.0,0.0,0.0,0.0,0.0,0.0,0.0,Route Failure,25.0,"{'node_level': {}, 'link_level': {}, 'path_level': {}}","{'node_level': {0: {'cpu': -36}, 1: {'cpu': -11}, 2: {'cpu': -10}, 3: {'cpu': -26}, 4: {'cpu': -53}, 5: {'cpu': -57}, 6: {'cpu': -49}, 7: {'cpu': -2}, 8: {'cpu': -78}, 9: {'cpu': -83}}, 'link_level': {(0, 2): {'bw': 18}}, 'path_level': {(0, 2): {'latency': 2.4097936631169414}}}","{'node_level': {0: {'cpu': 0}, 1: {'cpu': 0}, 2: {'cpu': 0}, 3: {'cpu': 0}, 4: {'cpu': 0}, 5: {'cpu': 0}, 6: {'cpu': 0}, 7: {'cpu': 0}, 8: {'cpu': 0}, 9: {'cpu': 0}}, 'link_level': {(0, 2): {'bw': 25}}, 'path_level': {(0, 2): {'latency': 2.4097936631169414}}}",[],0.0,0.0,True,False,False,0,[],0,0.0,10.0,1.0
78,17,6,1704.0,3161.0,669953.9934349183,1222848.33704975,0.5390699145839924,0.5478635192416852,7,120,0,973.070985207074,41819,7592,34227,0.021775544388609736,0.018524359819917957,36,511.07098520707405,462.0,2,1,False,{},{},{},{},0.0,0.0,0.0,0.0,0.0,0.0,0.0,0.0,0.0,0.0,0.0,0.0,0.0,0.0,Leave Event,0.0,"{'node_level': {}, 'link_level': {}, 'path_level': {}}","{'node_level': {}, 'link_level': {}, 'path_level': {}}","{'node_level': {}, 'link_level': {}, 'path_level': {}}",[],0.0,0.0,True,True,False,0,[],0,0.0,,
79,17,6,1704.0,3161.0,669953.9934349183,1222848.33704975,0.5390699145839924,0.5478635192416852,7,121,1,980.0,41819,7592,34227,0.021775544388609736,0.018524359819917957,78,114.66870240873862,980.0,9,22,False,"{0: 0, 1: 1, 2: 3, 3: 2, 4: 4, 5: 5, 6: 6, 7: 7, 8: 8}","{(0, 2): []}","{(0, 0): {'cpu': 19}, (1, 1): {'cpu': 1}, (2, 3): {'cpu': 16}, (3, 2): {'cpu': 4}, (4, 4): {'cpu': 16}, (5, 5): {'cpu': 9}, (6, 6): {'cpu': 11}, (7, 7): {'cpu': 13}, (8, 8): {'cpu': 7}}",{},0.0,0.0,633.0,96.0,537.0,0.0,0.0,0.0,0.0,0.0,0.0,0.0,0.0,0.0,Route Failure,10.105820594561866,"{'node_level': {}, 'link_level': {}, 'path_level': {}}","{'node_level': {0: {'cpu': -29}, 1: {'cpu': -27}, 2: {'cpu': -14}, 3: {'cpu': -3}, 4: {'cpu': -29}, 5: {'cpu': -62}, 6: {'cpu': -58}, 7: {'cpu': -47}, 8: {'cpu': -86}}, 'link_level': {(0, 2): {'bw': 8}}, 'path_level': {(0, 2): {'latency': 10.105820594561866}}}","{'node_level': {0: {'cpu': 0}, 1: {'cpu': 0}, 2: {'cpu': 0}, 3: {'cpu': 0}, 4: {'cpu': 0}, 5: {'cpu': 0}, 6: {'cpu': 0}, 7: {'cpu': 0}, 8: {'cpu': 0}}, 'link_level': {(0, 2): {'bw': 8}}, 'path_level': {(0, 2): {'latency': 10.105820594561866}}}",[],0.0,0.0,True,False,False,0,[],0,0.0,9.0,1.0
80,18,7,1758.0,3291.0,677384.057255267,1240735.5277283671,0.5341841385597083,0.5459536235699426,7,122,1,995.0,41689,7576,34113,0.023837134389898207,0.02179336449402114,79,137.5937744509019,995.0,2,1,True,"{0: 0, 1: 1}","{(0, 1): [(0, 44), (44, 57), (57, 1)]}","{(0, 0): {'cpu': 15}, (1, 1): {'cpu': 1}}","{((0, 1), (0, 44)): {'bw': 38}, ((0, 1), (44, 57)): {'bw': 38}, ((0, 1), (57, 1)): {'bw': 38}}",130.0,54.0,54.0,16.0,38.0,16.0,38.0,16.0,114.0,76.0,0.4153846153846154,17887.190678617244,7430.063820348702,57.154337079605405,Success,0.0,"{'node_level': {}, 'link_level': {}, 'path_level': {}}","{'node_level': {0: {'cpu': -33}, 1: {'cpu': -27}}, 'link_level': {(0, 1): {'bw': -27}}, 'path_level': {(0, 1): {'latency': -1.3190271636988324}}}","{'node_level': {0: {'cpu': 0}, 1: {'cpu': 0}}, 'link_level': {(0, 1): {'bw': 0}}, 'path_level': {(0, 1): {'latency': 0}}}",[],0.0,0.0,True,True,False,0,[],0,0.0,2.0,1.0
80,18,7,1758.0,3291.0,677384.057255267,1240735.5277283671,0.5341841385597083,0.5459536235699426,7,123,0,1006.4644422243773,41689,7576,34113,0.023837134389898207,0.02179336449402114,73,83.4644422243773,923.0,3,2,False,{},{},{},{},0.0,0.0,0.0,0.0,0.0,0.0,0.0,0.0,0.0,0.0,0.0,0.0,0.0,0.0,Leave Event,0.0,"{'node_level': {}, 'link_level': {}, 'path_level': {}}","{'node_level': {}, 'link_level': {}, 'path_level': {}}","{'node_level': {}, 'link_level': {}, 'path_level': {}}",[],0.0,0.0,True,True,False,0,[],0,0.0,,
81,19,8,1788.0,3327.0,703776.0090649779,1272405.86990002,0.5374211000901713,0.5531065406985881,7,124,1,1013.0,41653,7552,34101,0.02692951939183097,0.022137470249189883,80,879.7317269903625,1013.0,2,1,True,"{0: 0, 1: 1}","{(0, 1): [(0, 65), (65, 1)]}","{(0, 0): {'cpu': 14}, (1, 1): {'cpu': 10}}","{((0, 1), (0, 65)): {'bw': 6}, ((0, 1), (65, 1)): {'bw': 6}}",36.0,30.0,30.0,24.0,6.0,24.0,6.0,24.0,12.0,6.0,0.8333333333333334,31670.34217165305,26391.951809710874,733.1097724919688,Success,0.0,"{'node_level': {}, 'link_level': {}, 'path_level': {}}","{'node_level': {0: {'cpu': -19}, 1: {'cpu': -17}}, 'link_level': {(0, 1): {'bw': -23}}, 'path_level': {(0, 1): {'latency': -7.563937380439491}}}","{'node_level': {0: {'cpu': 0}, 1: {'cpu': 0}}, 'link_level': {(0, 1): {'bw': 0}}, 'path_level': {(0, 1): {'latency': 0}}}",[],0.0,0.0,True,True,False,0,[],0,0.0,2.0,1.0
82,19,8,1788.0,3327.0,703776.0090649779,1272405.86990002,0.5374211000901713,0.5531065406985881,7,125,1,1025.0,41653,7552,34101,0.02692951939183097,0.022137470249189883,81,1679.4735435764487,1025.0,3,2,False,"{0: 0, 1: 1, 2: 3}","{(0, 1): []}","{(0, 0): {'cpu': 18}, (1, 1): {'cpu': 2}, (2, 3): {'cpu': 17}}",{},0.0,0.0,88.0,37.0,51.0,0.0,0.0,0.0,0.0,0.0,0.0,0.0,0.0,0.0,Route Failure,19.0,"{'node_level': {}, 'link_level': {}, 'path_level': {}}","{'node_level': {0: {'cpu': -1}, 1: {'cpu': -15}, 2: {'cpu': -13}}, 'link_level': {(0, 1): {'bw': 19}}, 'path_level': {(0, 1): {'latency': 3.252461897098808}}}","{'node_level': {0: {'cpu': 0}, 1: {'cpu': 0}, 2: {'cpu': 0}}, 'link_level': {(0, 1): {'bw': 19}}, 'path_level': {(0, 1): {'latency': 3.252461897098808}}}",[],0.0,0.0,True,False,False,0,[],0,0.0,3.0,1.0
82,19,8,1788.0,3327.0,703776.0090649779,1272405.86990002,0.5374211000901713,0.5531065406985881,7,126,0,1029.7753751417195,41653,7552,34101,0.02692951939183097,0.022137470249189883,9,913.7753751417193,116.0,8,16,False,{},{},{},{},0.0,0.0,0.0,0.0,0.0,0.0,0.0,0.0,0.0,0.0,0.0,0.0,0.0,0.0,Leave Event,0.0,"{'node_level': {}, 'link_level': {}, 'path_level': {}}","{'node_level': {}, 'link_level': {}, 'path_level': {}}","{'node_level': {}, 'link_level': {}, 'path_level': {}}",[],0.0,0.0,True,True,False,0,[],0,0.0,,
83,19,8,1788.0,3327.0,703776.0090649779,1272405.86990002,0.5374211000901713,0.5531065406985881,7,127,1,1036.0,41653,7552,34101,0.02692951939183097,0.022137470249189883,82,600.0069893807491,1036.0,9,22,False,"{0: 0, 1: 1, 2: 3, 3: 2, 4: 4, 5: 5, 6: 6, 7: 7, 8: 8}","{(0, 1): []}","{(0, 0): {'cpu': 11}, (1, 1): {'cpu': 4}, (2, 3): {'cpu': 17}, (3, 2): {'cpu': 2}, (4, 4): {'cpu': 2}, (5, 5): {'cpu': 7}, (6, 6): {'cpu': 6}, (7, 7): {'cpu': 16}, (8, 8): {'cpu': 18}}",{},0.0,0.0,649.0,83.0,566.0,0.0,0.0,0.0,0.0,0.0,0.0,0.0,0.0,0.0,Route Failure,4.407746417362848,"{'node_level': {}, 'link_level': {}, 'path_level': {}}","{'node_level': {0: {'cpu': -8}, 1: {'cpu': -13}, 2: {'cpu': -13}, 3: {'cpu': -5}, 4: {'cpu': -43}, 5: {'cpu': -64}, 6: {'cpu': -63}, 7: {'cpu': -44}, 8: {'cpu': -75}}, 'link_level': {(0, 1): {'bw': -16}}, 'path_level': {(0, 1): {'latency': 4.407746417362848}}}","{'node_level': {0: {'cpu': 0}, 1: {'cpu': 0}, 2: {'cpu': 0}, 3: {'cpu': 0}, 4: {'cpu': 0}, 5: {'cpu': 0}, 6: {'cpu': 0}, 7: {'cpu': 0}, 8: {'cpu': 0}}, 'link_level': {(0, 1): {'bw': 0}}, 'path_level': {(0, 1): {'latency': 4.407746417362848}}}",[],0.0,0.0,True,False,False,0,[],0,0.0,9.0,1.0
83,19,8,1788.0,3327.0,703776.0090649779,1272405.86990002,0.5374211000901713,0.5531065406985881,7,128,0,1036.4114457682638,41653,7552,34101,0.02692951939183097,0.022137470249189883,22,768.4114457682638,268.0,3,2,False,{},{},{},{},0.0,0.0,0.0,0.0,0.0,0.0,0.0,0.0,0.0,0.0,0.0,0.0,0.0,0.0,Leave Event,0.0,"{'node_level': {}, 'link_level': {}, 'path_level': {}}","{'node_level': {}, 'link_level': {}, 'path_level': {}}","{'node_level': {}, 'link_level': {}, 'path_level': {}}",[],0.0,0.0,True,True,False,0,[],0,0.0,,
84,19,8,1788.0,3327.0,703776.0090649779,1272405.86990002,0.5374211000901713,0.5531065406985881,7,129,1,1046.0,41653,7552,34101,0.02692951939183097,0.022137470249189883,83,329.3700187399394,1046.0,10,18,False,"{0: 0, 1: 1, 2: 3, 3: 4, 4: 2, 5: 5, 6: 6, 7: 7, 8: 8, 9: 9}","{(0, 2): [(0, 4), (4, 58), (58, 3)], (0, 9): [(0, 44), (44, 51), (51, 9)], (1, 3): [(1, 22), (22, 4)], (1, 4): [(1, 22), (22, 2)], (1, 6): [(1, 5), (5, 6)], (1, 8): []}","{(0, 0): {'cpu': 8}, (1, 1): {'cpu': 3}, (2, 3): {'cpu': 13}, (3, 4): {'cpu': 19}, (4, 2): {'cpu': 4}, (5, 5): {'cpu': 7}, (6, 6): {'cpu': 20}, (7, 7): {'cpu': 9}, (8, 8): {'cpu': 8}, (9, 9): {'cpu': 15}}","{((0, 2), (0, 4)): {'bw': 8}, ((0, 2), (4, 58)): {'bw': 8}, ((0, 2), (58, 3)): {'bw': 8}, ((0, 9), (0, 44)): {'bw': 25}, ((0, 9), (44, 51)): {'bw': 25}, ((0, 9), (51, 9)): {'bw': 25}, ((1, 3), (1, 22)): {'bw': 21}, ((1, 3), (22, 4)): {'bw': 21}, ((1, 4), (1, 22)): {'bw': 32}, ((1, 4), (22, 2)): {'bw': 32}, ((1, 6), (1, 5)): {'bw': 36}, ((1, 6), (5, 6)): {'bw': 36}}",0.0,0.0,548.0,106.0,442.0,0.0,0.0,0.0,0.0,0.0,0.0,0.0,0.0,0.0,Route Failure,6.4457929610008176,"{'node_level': {}, 'link_level': {}, 'path_level': {}}","{'node_level': {0: {'cpu': -11}, 1: {'cpu': -14}, 2: {'cpu': -17}, 3: {'cpu': -26}, 4: {'cpu': -3}, 5: {'cpu': -64}, 6: {'cpu': -49}, 7: {'cpu': -51}, 8: {'cpu': -85}, 9: {'cpu': -76}}, 'link_level': {(0, 2): {'bw': -5}, (0, 9): {'bw': -20}, (1, 3): {'bw': -33}, (1, 4): {'bw': -4}, (1, 6): {'bw': -15}, (1, 8): {'bw': -14}}, 'path_level': {(0, 2): {'latency': -3.5017698850306846}, (0, 9): {'latency': -4.959806127950419}, (1, 3): {'latency': -7.292794488375977}, (1, 4): {'latency': -7.852542829631343}, (1, 6): {'latency': -0.39022478528354476}, (1, 8): {'latency': 6.4457929610008176}}}","{'node_level': {0: {'cpu': 0}, 1: {'cpu': 0}, 2: {'cpu': 0}, 3: {'cpu': 0}, 4: {'cpu': 0}, 5: {'cpu': 0}, 6: {'cpu': 0}, 7: {'cpu': 0}, 8: {'cpu': 0}, 9: {'cpu': 0}}, 'link_level': {(0, 2): {'bw': 0}, (0, 9): {'bw': 0}, (1, 3): {'bw': 0}, (1, 4): {'bw': 0}, (1, 6): {'bw': 0}, (1, 8): {'bw': 0}}, 'path_level': {(0, 2): {'latency': 0}, (0, 9): {'latency': 0}, (1, 3): {'latency': 0}, (1, 4): {'latency': 0}, (1, 6): {'latency': 0}, (1, 8): {'latency': 6.4457929610008176}}}",[],0.0,0.0,True,False,False,0,[],0,0.0,10.0,6.0
85,19,8,1788.0,3327.0,703776.0090649779,1272405.86990002,0.5374211000901713,0.5531065406985881,7,130,1,1055.0,41653,7552,34101,0.02692951939183097,0.022137470249189883,84,169.1718285952152,1055.0,9,17,False,"{0: 0, 1: 1, 2: 3, 3: 2, 4: 4, 5: 5, 6: 6, 7: 7, 8: 8}","{(0, 2): []}","{(0, 0): {'cpu': 4}, (1, 1): {'cpu': 6}, (2, 3): {'cpu': 18}, (3, 2): {'cpu': 1}, (4, 4): {'cpu': 5}, (5, 5): {'cpu': 18}, (6, 6): {'cpu': 16}, (7, 7): {'cpu': 12}, (8, 8): {'cpu': 8}}",{},0.0,0.0,536.0,88.0,448.0,0.0,0.0,0.0,0.0,0.0,0.0,0.0,0.0,0.0,Route Failure,19.0,"{'node_level': {}, 'link_level': {}, 'path_level': {}}","{'node_level': {0: {'cpu': -15}, 1: {'cpu': -11}, 2: {'cpu': -12}, 3: {'cpu': -6}, 4: {'cpu': -40}, 5: {'cpu': -53}, 6: {'cpu': -53}, 7: {'cpu': -48}, 8: {'cpu': -85}}, 'link_level': {(0, 2): {'bw': 15}}, 'path_level': {(0, 2): {'latency': 7.14906395242184}}}","{'node_level': {0: {'cpu': 0}, 1: {'cpu': 0}, 2: {'cpu': 0}, 3: {'cpu': 0}, 4: {'cpu': 0}, 5: {'cpu': 0}, 6: {'cpu': 0}, 7: {'cpu': 0}, 8: {'cpu': 0}}, 'link_level': {(0, 2): {'bw': 19}}, 'path_level': {(0, 2): {'latency': 7.14906395242184}}}",[],0.0,0.0,True,False,False,0,[],0,0.0,9.0,1.0
85,19,7,1788.0,3327.0,703776.0090649779,1272405.86990002,0.5374211000901713,0.5531065406985881,7,131,0,1055.0920752815978,41684,7567,34117,0.024996778765623007,0.021678662575631558,52,389.0920752815979,666.0,2,1,False,{},{},{},{},0.0,0.0,0.0,0.0,0.0,0.0,0.0,0.0,0.0,0.0,0.0,0.0,0.0,0.0,Leave Event,0.0,"{'node_level': {}, 'link_level': {}, 'path_level': {}}","{'node_level': {}, 'link_level': {}, 'path_level': {}}","{'node_level': {}, 'link_level': {}, 'path_level': {}}",[],0.0,0.0,True,True,False,0,[],0,0.0,,
86,19,7,1788.0,3327.0,703776.0090649779,1272405.86990002,0.5374211000901713,0.5531065406985881,7,132,1,1068.0,41684,7567,34117,0.024996778765623007,0.021678662575631558,85,896.9445206083341,1068.0,6,10,False,"{0: 0, 1: 1, 2: 2, 3: 3, 4: 4, 5: 5}","{(0, 1): [(0, 44), (44, 65), (65, 1)], (0, 2): [(0, 45), (45, 38), (38, 2)], (0, 3): [(0, 4), (4, 58), (58, 3)], (0, 5): []}","{(0, 0): {'cpu': 20}, (1, 1): {'cpu': 15}, (2, 2): {'cpu': 6}, (3, 3): {'cpu': 12}, (4, 4): {'cpu': 16}, (5, 5): {'cpu': 10}}","{((0, 1), (0, 44)): {'bw': 41}, ((0, 1), (44, 65)): {'bw': 41}, ((0, 1), (65, 1)): {'bw': 41}, ((0, 2), (0, 45)): {'bw': 22}, ((0, 2), (45, 38)): {'bw': 22}, ((0, 2), (38, 2)): {'bw': 22}, ((0, 3), (0, 4)): {'bw': 8}, ((0, 3), (4, 58)): {'bw': 8}, ((0, 3), (58, 3)): {'bw': 8}}",0.0,0.0,361.0,79.0,282.0,0.0,0.0,0.0,0.0,0.0,0.0,0.0,0.0,0.0,Route Failure,34.0,"{'node_level': {}, 'link_level': {}, 'path_level': {}}","{'node_level': {0: {'cpu': -9}, 1: {'cpu': -7}, 2: {'cpu': -1}, 3: {'cpu': -18}, 4: {'cpu': -29}, 5: {'cpu': -61}}, 'link_level': {(0, 1): {'bw': -4}, (0, 2): {'bw': -35}, (0, 3): {'bw': -5}, (0, 5): {'bw': 34}}, 'path_level': {(0, 1): {'latency': -3.812870969336931}, (0, 2): {'latency': -6.010946715033434}, (0, 3): {'latency': -3.5976479960858985}, (0, 5): {'latency': 8.254490502678719}}}","{'node_level': {0: {'cpu': 0}, 1: {'cpu': 0}, 2: {'cpu': 0}, 3: {'cpu': 0}, 4: {'cpu': 0}, 5: {'cpu': 0}}, 'link_level': {(0, 1): {'bw': 0}, (0, 2): {'bw': 0}, (0, 3): {'bw': 0}, (0, 5): {'bw': 34}}, 'path_level': {(0, 1): {'latency': 0}, (0, 2): {'latency': 0}, (0, 3): {'latency': 0}, (0, 5): {'latency': 8.254490502678719}}}",[],0.0,0.0,True,False,False,0,[],0,0.0,6.0,4.0
86,19,7,1788.0,3327.0,703776.0090649779,1272405.86990002,0.5374211000901713,0.5531065406985881,7,133,0,1068.5175982188248,41684,7567,34117,0.024996778765623007,0.021678662575631558,42,526.5175982188248,542.0,9,16,False,{},{},{},{},0.0,0.0,0.0,0.0,0.0,0.0,0.0,0.0,0.0,0.0,0.0,0.0,0.0,0.0,Leave Event,0.0,"{'node_level': {}, 'link_level': {}, 'path_level': {}}","{'node_level': {}, 'link_level': {}, 'path_level': {}}","{'node_level': {}, 'link_level': {}, 'path_level': {}}",[],0.0,0.0,True,True,False,0,[],0,0.0,,
86,19,7,1788.0,3327.0,703776.0090649779,1272405.86990002,0.5374211000901713,0.5531065406985881,7,134,0,1072.4467908145914,41684,7567,34117,0.024996778765623007,0.021678662575631558,67,222.44679081459145,850.0,6,6,False,{},{},{},{},0.0,0.0,0.0,0.0,0.0,0.0,0.0,0.0,0.0,0.0,0.0,0.0,0.0,0.0,Leave Event,0.0,"{'node_level': {}, 'link_level': {}, 'path_level': {}}","{'node_level': {}, 'link_level': {}, 'path_level': {}}","{'node_level': {}, 'link_level': {}, 'path_level': {}}",[],0.0,0.0,True,True,False,0,[],0,0.0,,
86,19,7,1788.0,3327.0,703776.0090649779,1272405.86990002,0.5374211000901713,0.5531065406985881,7,135,0,1078.9067672351507,41684,7567,34117,0.024996778765623007,0.021678662575631558,12,922.9067672351506,156.0,9,17,False,{},{},{},{},0.0,0.0,0.0,0.0,0.0,0.0,0.0,0.0,0.0,0.0,0.0,0.0,0.0,0.0,Leave Event,0.0,"{'node_level': {}, 'link_level': {}, 'path_level': {}}","{'node_level': {}, 'link_level': {}, 'path_level': {}}","{'node_level': {}, 'link_level': {}, 'path_level': {}}",[],0.0,0.0,True,True,False,0,[],0,0.0,,
86,19,7,1788.0,3327.0,703776.0090649779,1272405.86990002,0.5374211000901713,0.5531065406985881,7,136,0,1079.30700279789,41684,7567,34117,0.024996778765623007,0.021678662575631558,70,188.3070027978899,891.0,8,17,False,{},{},{},{},0.0,0.0,0.0,0.0,0.0,0.0,0.0,0.0,0.0,0.0,0.0,0.0,0.0,0.0,Leave Event,0.0,"{'node_level': {}, 'link_level': {}, 'path_level': {}}","{'node_level': {}, 'link_level': {}, 'path_level': {}}","{'node_level': {}, 'link_level': {}, 'path_level': {}}",[],0.0,0.0,True,True,False,0,[],0,0.0,,
87,20,8,1850.0,3414.0,767546.98973559,1361890.9556797498,0.5418863503222027,0.5635891673518679,7,137,1,1083.0,41597,7530,34067,0.029764205643602604,0.023112436555501437,86,1028.5642043647108,1083.0,2,1,True,"{0: 0, 1: 1}","{(0, 1): [(0, 65), (65, 1)]}","{(0, 0): {'cpu': 17}, (1, 1): {'cpu': 20}}","{((0, 1), (0, 65)): {'bw': 25}, ((0, 1), (65, 1)): {'bw': 25}}",87.0,62.0,62.0,37.0,25.0,37.0,25.0,37.0,50.0,25.0,0.7126436781609196,89485.08577972984,63770.98067061207,732.9997778231273,Success,0.0,"{'node_level': {}, 'link_level': {}, 'path_level': {}}","{'node_level': {0: {'cpu': -12}, 1: {'cpu': -2}}, 'link_level': {(0, 1): {'bw': -6}}, 'path_level': {(0, 1): {'latency': -9.783140107813004}}}","{'node_level': {0: {'cpu': 0}, 1: {'cpu': 0}}, 'link_level': {(0, 1): {'bw': 0}}, 'path_level': {(0, 1): {'latency': 0}}}",[],0.0,0.0,True,True,False,0,[],0,0.0,2.0,1.0
87,20,8,1850.0,3414.0,767546.98973559,1361890.9556797498,0.5418863503222027,0.5635891673518679,7,138,0,1094.6687024087387,41597,7530,34067,0.029764205643602604,0.023112436555501437,78,114.66870240873862,980.0,9,22,False,{},{},{},{},0.0,0.0,0.0,0.0,0.0,0.0,0.0,0.0,0.0,0.0,0.0,0.0,0.0,0.0,Leave Event,0.0,"{'node_level': {}, 'link_level': {}, 'path_level': {}}","{'node_level': {}, 'link_level': {}, 'path_level': {}}","{'node_level': {}, 'link_level': {}, 'path_level': {}}",[],0.0,0.0,True,True,False,0,[],0,0.0,,
88,21,9,1860.0,3438.0,768030.2689144599,1363050.8257090377,0.5410122164048866,0.5634641455977568,7,139,1,1095.0,41573,7527,34046,0.03015075376884424,0.02371462162704674,87,48.32791788699492,1095.0,2,1,True,"{0: 0, 1: 1}","{(0, 1): [(0, 4), (4, 22), (22, 1)]}","{(0, 0): {'cpu': 2}, (1, 1): {'cpu': 1}}","{((0, 1), (0, 4)): {'bw': 7}, ((0, 1), (4, 22)): {'bw': 7}, ((0, 1), (22, 1)): {'bw': 7}}",24.0,10.0,10.0,3.0,7.0,3.0,7.0,3.0,21.0,14.0,0.4166666666666667,1159.870029287878,483.2791788699492,20.13663245291455,Success,0.0,"{'node_level': {}, 'link_level': {}, 'path_level': {}}","{'node_level': {0: {'cpu': -10}, 1: {'cpu': -1}}, 'link_level': {(0, 1): {'bw': -6}}, 'path_level': {(0, 1): {'latency': -4.6452117457395}}}","{'node_level': {0: {'cpu': 0}, 1: {'cpu': 0}}, 'link_level': {(0, 1): {'bw': 0}}, 'path_level': {(0, 1): {'latency': 0}}}",[],0.0,0.0,True,True,False,0,[],0,0.0,2.0,1.0
88,21,8,1860.0,3438.0,768030.2689144599,1363050.8257090377,0.5410122164048866,0.5634641455977568,7,140,0,1106.0970844122403,41646,7560,34086,0.025898724391186678,0.022567602443150814,45,528.0970844122402,578.0,3,2,False,{},{},{},{},0.0,0.0,0.0,0.0,0.0,0.0,0.0,0.0,0.0,0.0,0.0,0.0,0.0,0.0,Leave Event,0.0,"{'node_level': {}, 'link_level': {}, 'path_level': {}}","{'node_level': {}, 'link_level': {}, 'path_level': {}}","{'node_level': {}, 'link_level': {}, 'path_level': {}}",[],0.0,0.0,True,True,False,0,[],0,0.0,,
89,21,8,1860.0,3438.0,768030.2689144599,1363050.8257090377,0.5410122164048866,0.5634641455977568,7,141,1,1112.0,41646,7560,34086,0.025898724391186678,0.022567602443150814,88,121.64090523933967,1112.0,6,9,False,"{0: 1, 1: 0, 2: 2, 3: 3, 4: 4, 5: 5}","{(0, 1): [(1, 65), (65, 44), (44, 0)], (0, 2): [(1, 22), (22, 2)], (0, 3): [(1, 8), (8, 25), (25, 3)], (0, 5): [(1, 5)], (1, 2): []}","{(0, 1): {'cpu': 16}, (1, 0): {'cpu': 9}, (2, 2): {'cpu': 8}, (3, 3): {'cpu': 7}, (4, 4): {'cpu': 11}, (5, 5): {'cpu': 1}}","{((0, 1), (1, 65)): {'bw': 43}, ((0, 1), (65, 44)): {'bw': 43}, ((0, 1), (44, 0)): {'bw': 43}, ((0, 2), (1, 22)): {'bw': 27}, ((0, 2), (22, 2)): {'bw': 27}, ((0, 3), (1, 8)): {'bw': 5}, ((0, 3), (8, 25)): {'bw': 5}, ((0, 3), (25, 3)): {'bw': 5}, ((0, 5), (1, 5)): {'bw': 14}}",0.0,0.0,266.0,52.0,214.0,0.0,0.0,0.0,0.0,0.0,0.0,0.0,0.0,0.0,Route Failure,3.0080624822301525,"{'node_level': {}, 'link_level': {}, 'path_level': {}}","{'node_level': {0: {'cpu': 0}, 1: {'cpu': -6}, 2: {'cpu': -12}, 3: {'cpu': -23}, 4: {'cpu': -34}, 5: {'cpu': -70}}, 'link_level': {(0, 1): {'bw': -2}, (0, 2): {'bw': -32}, (0, 3): {'bw': -11}, (0, 5): {'bw': -55}, (1, 2): {'bw': -10}}, 'path_level': {(0, 1): {'latency': -0.46934017484542423}, (0, 2): {'latency': -1.2993231153126006}, (0, 3): {'latency': -8.337019309650023}, (0, 5): {'latency': -12.336588527120835}, (1, 2): {'latency': 3.0080624822301525}}}","{'node_level': {0: {'cpu': 0}, 1: {'cpu': 0}, 2: {'cpu': 0}, 3: {'cpu': 0}, 4: {'cpu': 0}, 5: {'cpu': 0}}, 'link_level': {(0, 1): {'bw': 0}, (0, 2): {'bw': 0}, (0, 3): {'bw': 0}, (0, 5): {'bw': 0}, (1, 2): {'bw': 0}}, 'path_level': {(0, 1): {'latency': 0}, (0, 2): {'latency': 0}, (0, 3): {'latency': 0}, (0, 5): {'latency': 0}, (1, 2): {'latency': 3.0080624822301525}}}",[],0.0,0.0,True,False,False,0,[],0,0.0,6.0,5.0
90,21,8,1860.0,3438.0,768030.2689144599,1363050.8257090377,0.5410122164048866,0.5634641455977568,7,142,1,1131.0,41646,7560,34086,0.025898724391186678,0.022567602443150814,89,891.1851145849794,1131.0,5,6,False,"{0: 0, 1: 1, 2: 2, 3: 3, 4: 4}","{(0, 2): []}","{(0, 0): {'cpu': 12}, (1, 1): {'cpu': 4}, (2, 2): {'cpu': 5}, (3, 3): {'cpu': 7}, (4, 4): {'cpu': 19}}",{},0.0,0.0,226.0,47.0,179.0,0.0,0.0,0.0,0.0,0.0,0.0,0.0,0.0,0.0,Route Failure,4.415255453811055,"{'node_level': {}, 'link_level': {}, 'path_level': {}}","{'node_level': {0: {'cpu': -3}, 1: {'cpu': -12}, 2: {'cpu': -15}, 3: {'cpu': -23}, 4: {'cpu': -26}}, 'link_level': {(0, 2): {'bw': -9}}, 'path_level': {(0, 2): {'latency': 4.415255453811055}}}","{'node_level': {0: {'cpu': 0}, 1: {'cpu': 0}, 2: {'cpu': 0}, 3: {'cpu': 0}, 4: {'cpu': 0}}, 'link_level': {(0, 2): {'bw': 0}}, 'path_level': {(0, 2): {'latency': 4.415255453811055}}}",[],0.0,0.0,True,False,False,0,[],0,0.0,5.0,1.0
90,21,7,1860.0,3438.0,768030.2689144599,1363050.8257090377,0.5410122164048866,0.5634641455977568,7,143,0,1132.593774450902,41776,7576,34200,0.023837134389898207,0.019298597769047743,79,137.5937744509019,995.0,2,1,False,{},{},{},{},0.0,0.0,0.0,0.0,0.0,0.0,0.0,0.0,0.0,0.0,0.0,0.0,0.0,0.0,Leave Event,0.0,"{'node_level': {}, 'link_level': {}, 'path_level': {}}","{'node_level': {}, 'link_level': {}, 'path_level': {}}","{'node_level': {}, 'link_level': {}, 'path_level': {}}",[],0.0,0.0,True,True,False,0,[],0,0.0,,
90,21,7,1860.0,3438.0,768030.2689144599,1363050.8257090377,0.5410122164048866,0.5634641455977568,7,144,0,1138.684839165071,41776,7576,34200,0.023837134389898207,0.019298597769047743,29,774.684839165071,364.0,6,9,False,{},{},{},{},0.0,0.0,0.0,0.0,0.0,0.0,0.0,0.0,0.0,0.0,0.0,0.0,0.0,0.0,Leave Event,0.0,"{'node_level': {}, 'link_level': {}, 'path_level': {}}","{'node_level': {}, 'link_level': {}, 'path_level': {}}","{'node_level': {}, 'link_level': {}, 'path_level': {}}",[],0.0,0.0,True,True,False,0,[],0,0.0,,
91,21,7,1860.0,3438.0,768030.2689144599,1363050.8257090377,0.5410122164048866,0.5634641455977568,7,145,1,1141.0,41776,7576,34200,0.023837134389898207,0.019298597769047743,90,942.9380411706272,1141.0,2,1,False,"{0: 0, 1: 1}","{(0, 1): []}","{(0, 0): {'cpu': 2}, (1, 1): {'cpu': 4}}",{},0.0,0.0,34.0,6.0,28.0,0.0,0.0,0.0,0.0,0.0,0.0,0.0,0.0,0.0,Route Failure,17.0,"{'node_level': {}, 'link_level': {}, 'path_level': {}}","{'node_level': {0: {'cpu': -28}, 1: {'cpu': -13}}, 'link_level': {(0, 1): {'bw': 17}}, 'path_level': {(0, 1): {'latency': 1.5348896912499317}}}","{'node_level': {0: {'cpu': 0}, 1: {'cpu': 0}}, 'link_level': {(0, 1): {'bw': 17}}, 'path_level': {(0, 1): {'latency': 1.5348896912499317}}}",[],0.0,0.0,True,False,False,0,[],0,0.0,2.0,1.0
91,21,6,1860.0,3438.0,768030.2689144599,1363050.8257090377,0.5410122164048866,0.5634641455977568,7,146,0,1143.327917886995,41800,7579,34221,0.02345058626465657,0.01869641269750233,87,48.32791788699492,1095.0,2,1,False,{},{},{},{},0.0,0.0,0.0,0.0,0.0,0.0,0.0,0.0,0.0,0.0,0.0,0.0,0.0,0.0,Leave Event,0.0,"{'node_level': {}, 'link_level': {}, 'path_level': {}}","{'node_level': {}, 'link_level': {}, 'path_level': {}}","{'node_level': {}, 'link_level': {}, 'path_level': {}}",[],0.0,0.0,True,True,False,0,[],0,0.0,,
92,21,6,1860.0,3438.0,768030.2689144599,1363050.8257090377,0.5410122164048866,0.5634641455977568,7,147,1,1155.0,41800,7579,34221,0.02345058626465657,0.01869641269750233,91,188.91499891815582,1155.0,10,19,False,"{0: 0, 1: 1, 2: 2, 3: 3, 4: 4, 5: 5, 6: 6, 7: 7, 8: 8, 9: 9}","{(0, 2): [(0, 44), (44, 21), (21, 2)], (0, 4): []}","{(0, 0): {'cpu': 6}, (1, 1): {'cpu': 13}, (2, 2): {'cpu': 9}, (3, 3): {'cpu': 4}, (4, 4): {'cpu': 17}, (5, 5): {'cpu': 9}, (6, 6): {'cpu': 6}, (7, 7): {'cpu': 13}, (8, 8): {'cpu': 20}, (9, 9): {'cpu': 10}}","{((0, 2), (0, 44)): {'bw': 46}, ((0, 2), (44, 21)): {'bw': 46}, ((0, 2), (21, 2)): {'bw': 46}}",0.0,0.0,614.0,107.0,507.0,0.0,0.0,0.0,0.0,0.0,0.0,0.0,0.0,0.0,Route Failure,29.0,"{'node_level': {}, 'link_level': {}, 'path_level': {}}","{'node_level': {0: {'cpu': -26}, 1: {'cpu': -5}, 2: {'cpu': -11}, 3: {'cpu': -26}, 4: {'cpu': -28}, 5: {'cpu': -62}, 6: {'cpu': -63}, 7: {'cpu': -47}, 8: {'cpu': -73}, 9: {'cpu': -81}}, 'link_level': {(0, 2): {'bw': -10}, (0, 4): {'bw': 29}}, 'path_level': {(0, 2): {'latency': -3.7120357787906517}, (0, 4): {'latency': 12.153833653827762}}}","{'node_level': {0: {'cpu': 0}, 1: {'cpu': 0}, 2: {'cpu': 0}, 3: {'cpu': 0}, 4: {'cpu': 0}, 5: {'cpu': 0}, 6: {'cpu': 0}, 7: {'cpu': 0}, 8: {'cpu': 0}, 9: {'cpu': 0}}, 'link_level': {(0, 2): {'bw': 0}, (0, 4): {'bw': 29}}, 'path_level': {(0, 2): {'latency': 0}, (0, 4): {'latency': 12.153833653827762}}}",[],0.0,0.0,True,False,False,0,[],0,0.0,10.0,2.0
93,21,6,1860.0,3438.0,768030.2689144599,1363050.8257090377,0.5410122164048866,0.5634641455977568,7,148,1,1166.0,41800,7579,34221,0.02345058626465657,0.01869641269750233,92,163.76240999465827,1166.0,4,3,False,"{0: 0, 1: 2, 2: 1, 3: 3}","{(0, 3): []}","{(0, 0): {'cpu': 15}, (1, 2): {'cpu': 20}, (2, 1): {'cpu': 7}, (3, 3): {'cpu': 11}}",{},0.0,0.0,125.0,53.0,72.0,0.0,0.0,0.0,0.0,0.0,0.0,0.0,0.0,0.0,Route Failure,8.358202749988832,"{'node_level': {}, 'link_level': {}, 'path_level': {}}","{'node_level': {0: {'cpu': -17}, 1: {'cpu': 0}, 2: {'cpu': -11}, 3: {'cpu': -19}}, 'link_level': {(0, 3): {'bw': 3}}, 'path_level': {(0, 3): {'latency': 8.358202749988832}}}","{'node_level': {0: {'cpu': 0}, 1: {'cpu': 0}, 2: {'cpu': 0}, 3: {'cpu': 0}}, 'link_level': {(0, 3): {'bw': 3}}, 'path_level': {(0, 3): {'latency': 8.358202749988832}}}",[],0.0,0.0,True,False,False,0,[],0,0.0,4.0,1.0
94,21,6,1860.0,3438.0,768030.2689144599,1363050.8257090377,0.5410122164048866,0.5634641455977568,7,149,1,1172.0,41800,7579,34221,0.02345058626465657,0.01869641269750233,93,281.77490228684775,1172.0,9,11,False,"{0: 0, 1: 2, 2: 1, 3: 3, 4: 4, 5: 5, 6: 6, 7: 7, 8: 8}","{(0, 4): []}","{(0, 0): {'cpu': 14}, (1, 2): {'cpu': 19}, (2, 1): {'cpu': 11}, (3, 3): {'cpu': 16}, (4, 4): {'cpu': 10}, (5, 5): {'cpu': 20}, (6, 6): {'cpu': 16}, (7, 7): {'cpu': 14}, (8, 8): {'cpu': 20}}",{},0.0,0.0,406.0,140.0,266.0,0.0,0.0,0.0,0.0,0.0,0.0,0.0,0.0,0.0,Route Failure,26.0,"{'node_level': {}, 'link_level': {}, 'path_level': {}}","{'node_level': {0: {'cpu': -18}, 1: {'cpu': -1}, 2: {'cpu': -7}, 3: {'cpu': -14}, 4: {'cpu': -35}, 5: {'cpu': -51}, 6: {'cpu': -53}, 7: {'cpu': -46}, 8: {'cpu': -73}}, 'link_level': {(0, 4): {'bw': 26}}, 'path_level': {(0, 4): {'latency': 9.78427945944957}}}","{'node_level': {0: {'cpu': 0}, 1: {'cpu': 0}, 2: {'cpu': 0}, 3: {'cpu': 0}, 4: {'cpu': 0}, 5: {'cpu': 0}, 6: {'cpu': 0}, 7: {'cpu': 0}, 8: {'cpu': 0}}, 'link_level': {(0, 4): {'bw': 26}}, 'path_level': {(0, 4): {'latency': 9.78427945944957}}}",[],0.0,0.0,True,False,False,0,[],0,0.0,9.0,1.0
94,21,5,1860.0,3438.0,768030.2689144599,1363050.8257090377,0.5410122164048866,0.5634641455977568,7,150,0,1175.0040245228229,41900,7598,34302,0.021002448138126573,0.016373698850113305,71,272.00402452282293,903.0,2,1,False,{},{},{},{},0.0,0.0,0.0,0.0,0.0,0.0,0.0,0.0,0.0,0.0,0.0,0.0,0.0,0.0,Leave Event,0.0,"{'node_level': {}, 'link_level': {}, 'path_level': {}}","{'node_level': {}, 'link_level': {}, 'path_level': {}}","{'node_level': {}, 'link_level': {}, 'path_level': {}}",[],0.0,0.0,True,True,False,0,[],0,0.0,,
95,21,5,1860.0,3438.0,768030.2689144599,1363050.8257090377,0.5410122164048866,0.5634641455977568,7,151,1,1180.0,41900,7598,34302,0.021002448138126573,0.016373698850113305,94,387.66312627113876,1180.0,4,3,False,"{0: 0, 1: 1, 2: 2, 3: 3}","{(0, 1): []}","{(0, 0): {'cpu': 1}, (1, 1): {'cpu': 17}, (2, 2): {'cpu': 10}, (3, 3): {'cpu': 5}}",{},0.0,0.0,107.0,33.0,74.0,0.0,0.0,0.0,0.0,0.0,0.0,0.0,0.0,0.0,Route Failure,4.546308186388745,"{'node_level': {}, 'link_level': {}, 'path_level': {}}","{'node_level': {0: {'cpu': -32}, 1: {'cpu': -1}, 2: {'cpu': -28}, 3: {'cpu': -25}}, 'link_level': {(0, 1): {'bw': 4}}, 'path_level': {(0, 1): {'latency': 4.546308186388745}}}","{'node_level': {0: {'cpu': 0}, 1: {'cpu': 0}, 2: {'cpu': 0}, 3: {'cpu': 0}}, 'link_level': {(0, 1): {'bw': 4}}, 'path_level': {(0, 1): {'latency': 4.546308186388745}}}",[],0.0,0.0,True,False,False,0,[],0,0.0,4.0,1.0
95,21,5,1860.0,3438.0,768030.2689144599,1363050.8257090377,0.5410122164048866,0.5634641455977568,7,152,0,1188.9797235993424,41900,7598,34302,0.021002448138126573,0.016373698850113305,41,655.9797235993424,533.0,10,27,False,{},{},{},{},0.0,0.0,0.0,0.0,0.0,0.0,0.0,0.0,0.0,0.0,0.0,0.0,0.0,0.0,Leave Event,0.0,"{'node_level': {}, 'link_level': {}, 'path_level': {}}","{'node_level': {}, 'link_level': {}, 'path_level': {}}","{'node_level': {}, 'link_level': {}, 'path_level': {}}",[],0.0,0.0,True,True,False,0,[],0,0.0,,
95,21,5,1860.0,3438.0,768030.2689144599,1363050.8257090377,0.5410122164048866,0.5634641455977568,7,153,0,1199.1980160529633,41900,7598,34302,0.021002448138126573,0.016373698850113305,77,229.19801605296342,970.0,10,22,False,{},{},{},{},0.0,0.0,0.0,0.0,0.0,0.0,0.0,0.0,0.0,0.0,0.0,0.0,0.0,0.0,Leave Event,0.0,"{'node_level': {}, 'link_level': {}, 'path_level': {}}","{'node_level': {}, 'link_level': {}, 'path_level': {}}","{'node_level': {}, 'link_level': {}, 'path_level': {}}",[],0.0,0.0,True,True,False,0,[],0,0.0,,
96,22,6,1909.0,3544.0,770491.2166518422,1368374.5085694976,0.5386568848758465,0.5630704254037265,7,154,1,1201.0,41794,7583,34211,0.022935188764334535,0.018983167493476283,95,50.22342321188576,1201.0,3,2,True,"{0: 0, 1: 1, 2: 2}","{(0, 1): [(0, 4), (4, 22), (22, 1)], (1, 2): [(1, 22), (22, 2)]}","{(0, 0): {'cpu': 10}, (1, 1): {'cpu': 4}, (2, 2): {'cpu': 1}}","{((0, 1), (0, 4)): {'bw': 23}, ((0, 1), (4, 22)): {'bw': 23}, ((0, 1), (22, 1)): {'bw': 23}, ((1, 2), (1, 22)): {'bw': 11}, ((1, 2), (22, 2)): {'bw': 11}}",106.0,49.0,49.0,15.0,34.0,15.0,34.0,15.0,91.0,57.0,0.46226415094339623,5323.68286045989,2460.947737382402,23.216488088513227,Success,0.0,"{'node_level': {}, 'link_level': {}, 'path_level': {}}","{'node_level': {0: {'cpu': -23}, 1: {'cpu': -14}, 2: {'cpu': -37}}, 'link_level': {(0, 1): {'bw': -17}, (1, 2): {'bw': -38}}, 'path_level': {(0, 1): {'latency': -3.7591556523787073}, (1, 2): {'latency': -1.5446059371279777}}}","{'node_level': {0: {'cpu': 0}, 1: {'cpu': 0}, 2: {'cpu': 0}}, 'link_level': {(0, 1): {'bw': 0}, (1, 2): {'bw': 0}}, 'path_level': {(0, 1): {'latency': 0}, (1, 2): {'latency': 0}}}",[],0.0,0.0,True,True,False,0,[],0,0.0,3.0,2.0
97,22,6,1909.0,3544.0,770491.2166518422,1368374.5085694976,0.5386568848758465,0.5630704254037265,7,155,1,1212.0,41794,7583,34211,0.022935188764334535,0.018983167493476283,96,906.733098550513,1212.0,5,6,False,"{0: 0, 1: 1, 2: 2, 3: 3, 4: 4}","{(0, 1): [(0, 4), (4, 22), (22, 1)], (0, 2): [(0, 44), (44, 21), (21, 2)], (1, 2): [(1, 5), (5, 21), (21, 2)], (1, 4): [(1, 22), (22, 4)], (2, 4): [(2, 38), (38, 4)], (3, 4): []}","{(0, 0): {'cpu': 16}, (1, 1): {'cpu': 5}, (2, 2): {'cpu': 1}, (3, 3): {'cpu': 11}, (4, 4): {'cpu': 13}}","{((0, 1), (0, 4)): {'bw': 12}, ((0, 1), (4, 22)): {'bw': 12}, ((0, 1), (22, 1)): {'bw': 12}, ((0, 2), (0, 44)): {'bw': 34}, ((0, 2), (44, 21)): {'bw': 34}, ((0, 2), (21, 2)): {'bw': 34}, ((1, 2), (1, 5)): {'bw': 32}, ((1, 2), (5, 21)): {'bw': 32}, ((1, 2), (21, 2)): {'bw': 32}, ((1, 4), (1, 22)): {'bw': 6}, ((1, 4), (22, 4)): {'bw': 6}, ((2, 4), (2, 38)): {'bw': 22}, ((2, 4), (38, 4)): {'bw': 22}}",0.0,0.0,196.0,46.0,150.0,0.0,0.0,0.0,0.0,0.0,0.0,0.0,0.0,0.0,Route Failure,5.83975323341212,"{'node_level': {}, 'link_level': {}, 'path_level': {}}","{'node_level': {0: {'cpu': -7}, 1: {'cpu': -9}, 2: {'cpu': -36}, 3: {'cpu': -19}, 4: {'cpu': -32}}, 'link_level': {(0, 1): {'bw': -5}, (0, 2): {'bw': -34}, (1, 2): {'bw': -17}, (1, 4): {'bw': -13}, (2, 4): {'bw': -35}, (3, 4): {'bw': -12}}, 'path_level': {(0, 1): {'latency': -1.5791955630462882}, (0, 2): {'latency': -3.463881703661693}, (1, 2): {'latency': -6.931987181730726}, (1, 4): {'latency': -2.2594107588523533}, (2, 4): {'latency': -0.5877220396954086}, (3, 4): {'latency': 5.83975323341212}}}","{'node_level': {0: {'cpu': 0}, 1: {'cpu': 0}, 2: {'cpu': 0}, 3: {'cpu': 0}, 4: {'cpu': 0}}, 'link_level': {(0, 1): {'bw': 0}, (0, 2): {'bw': 0}, (1, 2): {'bw': 0}, (1, 4): {'bw': 0}, (2, 4): {'bw': 0}, (3, 4): {'bw': 0}}, 'path_level': {(0, 1): {'latency': 0}, (0, 2): {'latency': 0}, (1, 2): {'latency': 0}, (1, 4): {'latency': 0}, (2, 4): {'latency': 0}, (3, 4): {'latency': 5.83975323341212}}}",[],0.0,0.0,True,False,False,0,[],0,0.0,5.0,6.0
98,22,6,1909.0,3544.0,770491.2166518422,1368374.5085694976,0.5386568848758465,0.5630704254037265,7,156,1,1217.0,41794,7583,34211,0.022935188764334535,0.018983167493476283,97,382.57393229659357,1217.0,4,3,False,"{0: 0, 1: 2, 2: 1, 3: 3}","{(0, 2): []}","{(0, 0): {'cpu': 10}, (1, 2): {'cpu': 18}, (2, 1): {'cpu': 12}, (3, 3): {'cpu': 1}}",{},0.0,0.0,122.0,41.0,81.0,0.0,0.0,0.0,0.0,0.0,0.0,0.0,0.0,0.0,Route Failure,5.458884140248269,"{'node_level': {}, 'link_level': {}, 'path_level': {}}","{'node_level': {0: {'cpu': -13}, 1: {'cpu': -19}, 2: {'cpu': -2}, 3: {'cpu': -29}}, 'link_level': {(0, 2): {'bw': 1}}, 'path_level': {(0, 2): {'latency': 5.458884140248269}}}","{'node_level': {0: {'cpu': 0}, 1: {'cpu': 0}, 2: {'cpu': 0}, 3: {'cpu': 0}}, 'link_level': {(0, 2): {'bw': 1}}, 'path_level': {(0, 2): {'latency': 5.458884140248269}}}",[],0.0,0.0,True,False,False,0,[],0,0.0,4.0,1.0
98,22,6,1909.0,3544.0,770491.2166518422,1368374.5085694976,0.5386568848758465,0.5630704254037265,7,157,0,1224.1718285952152,41794,7583,34211,0.022935188764334535,0.018983167493476283,84,169.1718285952152,1055.0,9,17,False,{},{},{},{},0.0,0.0,0.0,0.0,0.0,0.0,0.0,0.0,0.0,0.0,0.0,0.0,0.0,0.0,Leave Event,0.0,"{'node_level': {}, 'link_level': {}, 'path_level': {}}","{'node_level': {}, 'link_level': {}, 'path_level': {}}","{'node_level': {}, 'link_level': {}, 'path_level': {}}",[],0.0,0.0,True,True,False,0,[],0,0.0,,
99,22,6,1909.0,3544.0,770491.2166518422,1368374.5085694976,0.5386568848758465,0.5630704254037265,7,158,1,1232.0,41794,7583,34211,0.022935188764334535,0.018983167493476283,98,745.7559213725051,1232.0,6,6,False,"{0: 0, 1: 2, 2: 1, 3: 3, 4: 4, 5: 5}","{(0, 3): []}","{(0, 0): {'cpu': 12}, (1, 2): {'cpu': 19}, (2, 1): {'cpu': 8}, (3, 3): {'cpu': 3}, (4, 4): {'cpu': 20}, (5, 5): {'cpu': 5}}",{},0.0,0.0,184.0,67.0,117.0,0.0,0.0,0.0,0.0,0.0,0.0,0.0,0.0,0.0,Route Failure,25.0,"{'node_level': {}, 'link_level': {}, 'path_level': {}}","{'node_level': {0: {'cpu': -11}, 1: {'cpu': -18}, 2: {'cpu': -6}, 3: {'cpu': -27}, 4: {'cpu': -25}, 5: {'cpu': -66}}, 'link_level': {(0, 3): {'bw': 18}}, 'path_level': {(0, 3): {'latency': 9.368846266303294}}}","{'node_level': {0: {'cpu': 0}, 1: {'cpu': 0}, 2: {'cpu': 0}, 3: {'cpu': 0}, 4: {'cpu': 0}, 5: {'cpu': 0}}, 'link_level': {(0, 3): {'bw': 25}}, 'path_level': {(0, 3): {'latency': 9.368846266303294}}}",[],0.0,0.0,True,False,False,0,[],0,0.0,6.0,1.0
99,22,6,1909.0,3544.0,770491.2166518422,1368374.5085694976,0.5386568848758465,0.5630704254037265,7,159,0,1233.6409052393396,41794,7583,34211,0.022935188764334535,0.018983167493476283,88,121.64090523933967,1112.0,6,9,False,{},{},{},{},0.0,0.0,0.0,0.0,0.0,0.0,0.0,0.0,0.0,0.0,0.0,0.0,0.0,0.0,Leave Event,0.0,"{'node_level': {}, 'link_level': {}, 'path_level': {}}","{'node_level': {}, 'link_level': {}, 'path_level': {}}","{'node_level': {}, 'link_level': {}, 'path_level': {}}",[],0.0,0.0,True,True,False,0,[],0,0.0,,
100,22,6,1909.0,3544.0,770491.2166518422,1368374.5085694976,0.5386568848758465,0.5630704254037265,7,160,1,1243.0,41794,7583,34211,0.022935188764334535,0.018983167493476283,99,131.2257067570419,1243.0,3,2,False,"{0: 0, 1: 2, 2: 3}","{(0, 1): [(0, 44), (44, 21), (21, 2)], (0, 2): []}","{(0, 0): {'cpu': 5}, (1, 2): {'cpu': 18}, (2, 3): {'cpu': 17}}","{((0, 1), (0, 44)): {'bw': 29}, ((0, 1), (44, 21)): {'bw': 29}, ((0, 1), (21, 2)): {'bw': 29}}",0.0,0.0,93.0,40.0,53.0,0.0,0.0,0.0,0.0,0.0,0.0,0.0,0.0,0.0,Route Failure,21.0,"{'node_level': {}, 'link_level': {}, 'path_level': {}}","{'node_level': {0: {'cpu': -18}, 1: {'cpu': -19}, 2: {'cpu': -13}}, 'link_level': {(0, 1): {'bw': -39}, (0, 2): {'bw': 16}}, 'path_level': {(0, 1): {'latency': -1.9492505341418767}, (0, 2): {'latency': 9.988110897079618}}}","{'node_level': {0: {'cpu': 0}, 1: {'cpu': 0}, 2: {'cpu': 0}}, 'link_level': {(0, 1): {'bw': 0}, (0, 2): {'bw': 21}}, 'path_level': {(0, 1): {'latency': 0}, (0, 2): {'latency': 9.988110897079618}}}",[],0.0,0.0,True,False,False,0,[],0,0.0,3.0,2.0
100,22,6,1909.0,3544.0,770491.2166518422,1368374.5085694976,0.5386568848758465,0.5630704254037265,7,161,0,1246.8085797489205,41794,7583,34211,0.022935188764334535,0.018983167493476283,24,951.8085797489205,295.0,9,22,False,{},{},{},{},0.0,0.0,0.0,0.0,0.0,0.0,0.0,0.0,0.0,0.0,0.0,0.0,0.0,0.0,Leave Event,0.0,"{'node_level': {}, 'link_level': {}, 'path_level': {}}","{'node_level': {}, 'link_level': {}, 'path_level': {}}","{'node_level': {}, 'link_level': {}, 'path_level': {}}",[],0.0,0.0,True,True,False,0,[],0,0.0,,
100,22,5,1909.0,3544.0,770491.2166518422,1368374.5085694976,0.5386568848758465,0.5630704254037265,7,162,0,1251.2234232118858,41900,7598,34302,0.021002448138126573,0.016373698850113305,95,50.22342321188576,1201.0,3,2,False,{},{},{},{},0.0,0.0,0.0,0.0,0.0,0.0,0.0,0.0,0.0,0.0,0.0,0.0,0.0,0.0,Leave Event,0.0,"{'node_level': {}, 'link_level': {}, 'path_level': {}}","{'node_level': {}, 'link_level': {}, 'path_level': {}}","{'node_level': {}, 'link_level': {}, 'path_level': {}}",[],0.0,0.0,True,True,False,0,[],0,0.0,,
100,22,5,1909.0,3544.0,770491.2166518422,1368374.5085694976,0.5386568848758465,0.5630704254037265,7,163,0,1310.7912426370249,41900,7598,34302,0.021002448138126573,0.016373698850113305,56,588.791242637025,722.0,4,3,False,{},{},{},{},0.0,0.0,0.0,0.0,0.0,0.0,0.0,0.0,0.0,0.0,0.0,0.0,0.0,0.0,Leave Event,0.0,"{'node_level': {}, 'link_level': {}, 'path_level': {}}","{'node_level': {}, 'link_level': {}, 'path_level': {}}","{'node_level': {}, 'link_level': {}, 'path_level': {}}",[],0.0,0.0,True,True,False,0,[],0,0.0,,
100,22,5,1909.0,3544.0,770491.2166518422,1368374.5085694976,0.5386568848758465,0.5630704254037265,7,164,0,1329.7624099946584,41900,7598,34302,0.021002448138126573,0.016373698850113305,92,163.76240999465827,1166.0,4,3,False,{},{},{},{},0.0,0.0,0.0,0.0,0.0,0.0,0.0,0.0,0.0,0.0,0.0,0.0,0.0,0.0,Leave Event,0.0,"{'node_level': {}, 'link_level': {}, 'path_level': {}}","{'node_level': {}, 'link_level': {}, 'path_level': {}}","{'node_level': {}, 'link_level': {}, 'path_level': {}}",[],0.0,0.0,True,True,False,0,[],0,0.0,,
100,22,5,1909.0,3544.0,770491.2166518422,1368374.5085694976,0.5386568848758465,0.5630704254037265,7,165,0,1343.9149989181558,41900,7598,34302,0.021002448138126573,0.016373698850113305,91,188.91499891815582,1155.0,10,19,False,{},{},{},{},0.0,0.0,0.0,0.0,0.0,0.0,0.0,0.0,0.0,0.0,0.0,0.0,0.0,0.0,Leave Event,0.0,"{'node_level': {}, 'link_level': {}, 'path_level': {}}","{'node_level': {}, 'link_level': {}, 'path_level': {}}","{'node_level': {}, 'link_level': {}, 'path_level': {}}",[],0.0,0.0,True,True,False,0,[],0,0.0,,
100,22,5,1909.0,3544.0,770491.2166518422,1368374.5085694976,0.5386568848758465,0.5630704254037265,7,166,0,1374.225706757042,41900,7598,34302,0.021002448138126573,0.016373698850113305,99,131.2257067570419,1243.0,3,2,False,{},{},{},{},0.0,0.0,0.0,0.0,0.0,0.0,0.0,0.0,0.0,0.0,0.0,0.0,0.0,0.0,Leave Event,0.0,"{'node_level': {}, 'link_level': {}, 'path_level': {}}","{'node_level': {}, 'link_level': {}, 'path_level': {}}","{'node_level': {}, 'link_level': {}, 'path_level': {}}",[],0.0,0.0,True,True,False,0,[],0,0.0,,
100,22,5,1909.0,3544.0,770491.2166518422,1368374.5085694976,0.5386568848758465,0.5630704254037265,7,167,0,1375.3700187399395,41900,7598,34302,0.021002448138126573,0.016373698850113305,83,329.3700187399394,1046.0,10,18,False,{},{},{},{},0.0,0.0,0.0,0.0,0.0,0.0,0.0,0.0,0.0,0.0,0.0,0.0,0.0,0.0,Leave Event,0.0,"{'node_level': {}, 'link_level': {}, 'path_level': {}}","{'node_level': {}, 'link_level': {}, 'path_level': {}}","{'node_level': {}, 'link_level': {}, 'path_level': {}}",[],0.0,0.0,True,True,False,0,[],0,0.0,,
100,22,5,1909.0,3544.0,770491.2166518422,1368374.5085694976,0.5386568848758465,0.5630704254037265,7,168,0,1409.560215560672,41900,7598,34302,0.021002448138126573,0.016373698850113305,15,1226.560215560672,183.0,8,12,False,{},{},{},{},0.0,0.0,0.0,0.0,0.0,0.0,0.0,0.0,0.0,0.0,0.0,0.0,0.0,0.0,Leave Event,0.0,"{'node_level': {}, 'link_level': {}, 'path_level': {}}","{'node_level': {}, 'link_level': {}, 'path_level': {}}","{'node_level': {}, 'link_level': {}, 'path_level': {}}",[],0.0,0.0,True,True,False,0,[],0,0.0,,
100,22,5,1909.0,3544.0,770491.2166518422,1368374.5085694976,0.5386568848758465,0.5630704254037265,7,169,0,1410.6618123881592,41900,7598,34302,0.021002448138126573,0.016373698850113305,64,593.6618123881592,817.0,3,2,False,{},{},{},{},0.0,0.0,0.0,0.0,0.0,0.0,0.0,0.0,0.0,0.0,0.0,0.0,0.0,0.0,Leave Event,0.0,"{'node_level': {}, 'link_level': {}, 'path_level': {}}","{'node_level': {}, 'link_level': {}, 'path_level': {}}","{'node_level': {}, 'link_level': {}, 'path_level': {}}",[],0.0,0.0,True,True,False,0,[],0,0.0,,
100,22,5,1909.0,3544.0,770491.2166518422,1368374.5085694976,0.5386568848758465,0.5630704254037265,7,170,0,1413.7725652947581,41900,7598,34302,0.021002448138126573,0.016373698850113305,8,1306.7725652947581,107.0,9,21,False,{},{},{},{},0.0,0.0,0.0,0.0,0.0,0.0,0.0,0.0,0.0,0.0,0.0,0.0,0.0,0.0,Leave Event,0.0,"{'node_level': {}, 'link_level': {}, 'path_level': {}}","{'node_level': {}, 'link_level': {}, 'path_level': {}}","{'node_level': {}, 'link_level': {}, 'path_level': {}}",[],0.0,0.0,True,True,False,0,[],0,0.0,,
100,22,5,1909.0,3544.0,770491.2166518422,1368374.5085694976,0.5386568848758465,0.5630704254037265,7,171,0,1453.7749022868477,41900,7598,34302,0.021002448138126573,0.016373698850113305,93,281.77490228684775,1172.0,9,11,False,{},{},{},{},0.0,0.0,0.0,0.0,0.0,0.0,0.0,0.0,0.0,0.0,0.0,0.0,0.0,0.0,Leave Event,0.0,"{'node_level': {}, 'link_level': {}, 'path_level': {}}","{'node_level': {}, 'link_level': {}, 'path_level': {}}","{'node_level': {}, 'link_level': {}, 'path_level': {}}",[],0.0,0.0,True,True,False,0,[],0,0.0,,
100,22,4,1909.0,3544.0,770491.2166518422,1368374.5085694976,0.5386568848758465,0.5630704254037265,7,172,0,1476.6227196683747,42171,7635,34536,0.016235021260146865,0.009663636624322569,62,675.6227196683747,801.0,3,2,False,{},{},{},{},0.0,0.0,0.0,0.0,0.0,0.0,0.0,0.0,0.0,0.0,0.0,0.0,0.0,0.0,Leave Event,0.0,"{'node_level': {}, 'link_level': {}, 'path_level': {}}","{'node_level': {}, 'link_level': {}, 'path_level': {}}","{'node_level': {}, 'link_level': {}, 'path_level': {}}",[],0.0,0.0,True,True,False,0,[],0,0.0,,
100,22,4,1909.0,3544.0,770491.2166518422,1368374.5085694976,0.5386568848758465,0.5630704254037265,7,173,0,1490.4203520108981,42171,7635,34536,0.016235021260146865,0.009663636624322569,66,649.4203520108981,841.0,4,4,False,{},{},{},{},0.0,0.0,0.0,0.0,0.0,0.0,0.0,0.0,0.0,0.0,0.0,0.0,0.0,0.0,Leave Event,0.0,"{'node_level': {}, 'link_level': {}, 'path_level': {}}","{'node_level': {}, 'link_level': {}, 'path_level': {}}","{'node_level': {}, 'link_level': {}, 'path_level': {}}",[],0.0,0.0,True,True,False,0,[],0,0.0,,
100,22,4,1909.0,3544.0,770491.2166518422,1368374.5085694976,0.5386568848758465,0.5630704254037265,7,174,0,1511.5738438150347,42171,7635,34536,0.016235021260146865,0.009663636624322569,68,648.5738438150346,863.0,10,18,False,{},{},{},{},0.0,0.0,0.0,0.0,0.0,0.0,0.0,0.0,0.0,0.0,0.0,0.0,0.0,0.0,Leave Event,0.0,"{'node_level': {}, 'link_level': {}, 'path_level': {}}","{'node_level': {}, 'link_level': {}, 'path_level': {}}","{'node_level': {}, 'link_level': {}, 'path_level': {}}",[],0.0,0.0,True,True,False,0,[],0,0.0,,
100,22,4,1909.0,3544.0,770491.2166518422,1368374.5085694976,0.5386568848758465,0.5630704254037265,7,175,0,1561.6356604354908,42171,7635,34536,0.016235021260146865,0.009663636624322569,35,1114.6356604354908,447.0,2,1,False,{},{},{},{},0.0,0.0,0.0,0.0,0.0,0.0,0.0,0.0,0.0,0.0,0.0,0.0,0.0,0.0,Leave Event,0.0,"{'node_level': {}, 'link_level': {}, 'path_level': {}}","{'node_level': {}, 'link_level': {}, 'path_level': {}}","{'node_level': {}, 'link_level': {}, 'path_level': {}}",[],0.0,0.0,True,True,False,0,[],0,0.0,,
100,22,4,1909.0,3544.0,770491.2166518422,1368374.5085694976,0.5386568848758465,0.5630704254037265,7,176,0,1562.332862724567,42171,7635,34536,0.016235021260146865,0.009663636624322569,3,1519.332862724567,43.0,10,27,False,{},{},{},{},0.0,0.0,0.0,0.0,0.0,0.0,0.0,0.0,0.0,0.0,0.0,0.0,0.0,0.0,Leave Event,0.0,"{'node_level': {}, 'link_level': {}, 'path_level': {}}","{'node_level': {}, 'link_level': {}, 'path_level': {}}","{'node_level': {}, 'link_level': {}, 'path_level': {}}",[],0.0,0.0,True,True,False,0,[],0,0.0,,
100,22,4,1909.0,3544.0,770491.2166518422,1368374.5085694976,0.5386568848758465,0.5630704254037265,7,177,0,1567.6631262711387,42171,7635,34536,0.016235021260146865,0.009663636624322569,94,387.66312627113876,1180.0,4,3,False,{},{},{},{},0.0,0.0,0.0,0.0,0.0,0.0,0.0,0.0,0.0,0.0,0.0,0.0,0.0,0.0,Leave Event,0.0,"{'node_level': {}, 'link_level': {}, 'path_level': {}}","{'node_level': {}, 'link_level': {}, 'path_level': {}}","{'node_level': {}, 'link_level': {}, 'path_level': {}}",[],0.0,0.0,True,True,False,0,[],0,0.0,,
100,22,3,1909.0,3544.0,770491.2166518422,1368374.5085694976,0.5386568848758465,0.5630704254037265,7,178,0,1583.423060180105,42342,7659,34683,0.013142636258214102,0.00544834112350534,53,908.4230601801049,675.0,2,1,False,{},{},{},{},0.0,0.0,0.0,0.0,0.0,0.0,0.0,0.0,0.0,0.0,0.0,0.0,0.0,0.0,Leave Event,0.0,"{'node_level': {}, 'link_level': {}, 'path_level': {}}","{'node_level': {}, 'link_level': {}, 'path_level': {}}","{'node_level': {}, 'link_level': {}, 'path_level': {}}",[],0.0,0.0,True,True,False,0,[],0,0.0,,
100,22,3,1909.0,3544.0,770491.2166518422,1368374.5085694976,0.5386568848758465,0.5630704254037265,7,179,0,1599.5739322965935,42342,7659,34683,0.013142636258214102,0.00544834112350534,97,382.57393229659357,1217.0,4,3,False,{},{},{},{},0.0,0.0,0.0,0.0,0.0,0.0,0.0,0.0,0.0,0.0,0.0,0.0,0.0,0.0,Leave Event,0.0,"{'node_level': {}, 'link_level': {}, 'path_level': {}}","{'node_level': {}, 'link_level': {}, 'path_level': {}}","{'node_level': {}, 'link_level': {}, 'path_level': {}}",[],0.0,0.0,True,True,False,0,[],0,0.0,,
100,22,3,1909.0,3544.0,770491.2166518422,1368374.5085694976,0.5386568848758465,0.5630704254037265,7,180,0,1636.006989380749,42342,7659,34683,0.013142636258214102,0.00544834112350534,82,600.0069893807491,1036.0,9,22,False,{},{},{},{},0.0,0.0,0.0,0.0,0.0,0.0,0.0,0.0,0.0,0.0,0.0,0.0,0.0,0.0,Leave Event,0.0,"{'node_level': {}, 'link_level': {}, 'path_level': {}}","{'node_level': {}, 'link_level': {}, 'path_level': {}}","{'node_level': {}, 'link_level': {}, 'path_level': {}}",[],0.0,0.0,True,True,False,0,[],0,0.0,,
100,22,3,1909.0,3544.0,770491.2166518422,1368374.5085694976,0.5386568848758465,0.5630704254037265,7,181,0,1665.102744440631,42342,7659,34683,0.013142636258214102,0.00544834112350534,28,1315.102744440631,350.0,7,11,False,{},{},{},{},0.0,0.0,0.0,0.0,0.0,0.0,0.0,0.0,0.0,0.0,0.0,0.0,0.0,0.0,Leave Event,0.0,"{'node_level': {}, 'link_level': {}, 'path_level': {}}","{'node_level': {}, 'link_level': {}, 'path_level': {}}","{'node_level': {}, 'link_level': {}, 'path_level': {}}",[],0.0,0.0,True,True,False,0,[],0,0.0,,
100,22,3,1909.0,3544.0,770491.2166518422,1368374.5085694976,0.5386568848758465,0.5630704254037265,7,182,0,1747.1364351814047,42342,7659,34683,0.013142636258214102,0.00544834112350534,75,802.1364351814047,945.0,3,2,False,{},{},{},{},0.0,0.0,0.0,0.0,0.0,0.0,0.0,0.0,0.0,0.0,0.0,0.0,0.0,0.0,Leave Event,0.0,"{'node_level': {}, 'link_level': {}, 'path_level': {}}","{'node_level': {}, 'link_level': {}, 'path_level': {}}","{'node_level': {}, 'link_level': {}, 'path_level': {}}",[],0.0,0.0,True,True,False,0,[],0,0.0,,
100,22,3,1909.0,3544.0,770491.2166518422,1368374.5085694976,0.5386568848758465,0.5630704254037265,7,183,0,1757.7468393821778,42342,7659,34683,0.013142636258214102,0.00544834112350534,65,920.7468393821777,837.0,4,5,False,{},{},{},{},0.0,0.0,0.0,0.0,0.0,0.0,0.0,0.0,0.0,0.0,0.0,0.0,0.0,0.0,Leave Event,0.0,"{'node_level': {}, 'link_level': {}, 'path_level': {}}","{'node_level': {}, 'link_level': {}, 'path_level': {}}","{'node_level': {}, 'link_level': {}, 'path_level': {}}",[],0.0,0.0,True,True,False,0,[],0,0.0,,
100,22,3,1909.0,3544.0,770491.2166518422,1368374.5085694976,0.5386568848758465,0.5630704254037265,7,184,0,1775.9903513709512,42342,7659,34683,0.013142636258214102,0.00544834112350534,60,997.9903513709512,778.0,7,9,False,{},{},{},{},0.0,0.0,0.0,0.0,0.0,0.0,0.0,0.0,0.0,0.0,0.0,0.0,0.0,0.0,Leave Event,0.0,"{'node_level': {}, 'link_level': {}, 'path_level': {}}","{'node_level': {}, 'link_level': {}, 'path_level': {}}","{'node_level': {}, 'link_level': {}, 'path_level': {}}",[],0.0,0.0,True,True,False,0,[],0,0.0,,
100,22,3,1909.0,3544.0,770491.2166518422,1368374.5085694976,0.5386568848758465,0.5630704254037265,7,185,0,1866.620715357564,42342,7659,34683,0.013142636258214102,0.00544834112350534,57,1129.620715357564,737.0,4,4,False,{},{},{},{},0.0,0.0,0.0,0.0,0.0,0.0,0.0,0.0,0.0,0.0,0.0,0.0,0.0,0.0,Leave Event,0.0,"{'node_level': {}, 'link_level': {}, 'path_level': {}}","{'node_level': {}, 'link_level': {}, 'path_level': {}}","{'node_level': {}, 'link_level': {}, 'path_level': {}}",[],0.0,0.0,True,True,False,0,[],0,0.0,,
100,22,2,1909.0,3544.0,770491.2166518422,1368374.5085694976,0.5386568848758465,0.5630704254037265,7,186,0,1892.7317269903624,42378,7683,34695,0.01005025125628145,0.005104235368336485,80,879.7317269903625,1013.0,2,1,False,{},{},{},{},0.0,0.0,0.0,0.0,0.0,0.0,0.0,0.0,0.0,0.0,0.0,0.0,0.0,0.0,Leave Event,0.0,"{'node_level': {}, 'link_level': {}, 'path_level': {}}","{'node_level': {}, 'link_level': {}, 'path_level': {}}","{'node_level': {}, 'link_level': {}, 'path_level': {}}",[],0.0,0.0,True,True,False,0,[],0,0.0,,
100,22,2,1909.0,3544.0,770491.2166518422,1368374.5085694976,0.5386568848758465,0.5630704254037265,7,187,0,1960.6481525404379,42378,7683,34695,0.01005025125628145,0.005104235368336485,72,1048.6481525404379,912.0,6,8,False,{},{},{},{},0.0,0.0,0.0,0.0,0.0,0.0,0.0,0.0,0.0,0.0,0.0,0.0,0.0,0.0,Leave Event,0.0,"{'node_level': {}, 'link_level': {}, 'path_level': {}}","{'node_level': {}, 'link_level': {}, 'path_level': {}}","{'node_level': {}, 'link_level': {}, 'path_level': {}}",[],0.0,0.0,True,True,False,0,[],0,0.0,,
100,22,2,1909.0,3544.0,770491.2166518422,1368374.5085694976,0.5386568848758465,0.5630704254037265,7,188,0,1964.9445206083342,42378,7683,34695,0.01005025125628145,0.005104235368336485,85,896.9445206083341,1068.0,6,10,False,{},{},{},{},0.0,0.0,0.0,0.0,0.0,0.0,0.0,0.0,0.0,0.0,0.0,0.0,0.0,0.0,Leave Event,0.0,"{'node_level': {}, 'link_level': {}, 'path_level': {}}","{'node_level': {}, 'link_level': {}, 'path_level': {}}","{'node_level': {}, 'link_level': {}, 'path_level': {}}",[],0.0,0.0,True,True,False,0,[],0,0.0,,
100,22,2,1909.0,3544.0,770491.2166518422,1368374.5085694976,0.5386568848758465,0.5630704254037265,7,189,0,1977.755921372505,42378,7683,34695,0.01005025125628145,0.005104235368336485,98,745.7559213725051,1232.0,6,6,False,{},{},{},{},0.0,0.0,0.0,0.0,0.0,0.0,0.0,0.0,0.0,0.0,0.0,0.0,0.0,0.0,Leave Event,0.0,"{'node_level': {}, 'link_level': {}, 'path_level': {}}","{'node_level': {}, 'link_level': {}, 'path_level': {}}","{'node_level': {}, 'link_level': {}, 'path_level': {}}",[],0.0,0.0,True,True,False,0,[],0,0.0,,
100,22,2,1909.0,3544.0,770491.2166518422,1368374.5085694976,0.5386568848758465,0.5630704254037265,7,190,0,1991.651998017522,42378,7683,34695,0.01005025125628145,0.005104235368336485,74,1060.651998017522,931.0,7,13,False,{},{},{},{},0.0,0.0,0.0,0.0,0.0,0.0,0.0,0.0,0.0,0.0,0.0,0.0,0.0,0.0,Leave Event,0.0,"{'node_level': {}, 'link_level': {}, 'path_level': {}}","{'node_level': {}, 'link_level': {}, 'path_level': {}}","{'node_level': {}, 'link_level': {}, 'path_level': {}}",[],0.0,0.0,True,True,False,0,[],0,0.0,,
100,22,2,1909.0,3544.0,770491.2166518422,1368374.5085694976,0.5386568848758465,0.5630704254037265,7,191,0,2022.1851145849794,42378,7683,34695,0.01005025125628145,0.005104235368336485,89,891.1851145849794,1131.0,5,6,False,{},{},{},{},0.0,0.0,0.0,0.0,0.0,0.0,0.0,0.0,0.0,0.0,0.0,0.0,0.0,0.0,Leave Event,0.0,"{'node_level': {}, 'link_level': {}, 'path_level': {}}","{'node_level': {}, 'link_level': {}, 'path_level': {}}","{'node_level': {}, 'link_level': {}, 'path_level': {}}",[],0.0,0.0,True,True,False,0,[],0,0.0,,
100,22,2,1909.0,3544.0,770491.2166518422,1368374.5085694976,0.5386568848758465,0.5630704254037265,7,192,0,2076.534971273615,42378,7683,34695,0.01005025125628145,0.005104235368336485,23,1789.5349712736154,287.0,10,34,False,{},{},{},{},0.0,0.0,0.0,0.0,0.0,0.0,0.0,0.0,0.0,0.0,0.0,0.0,0.0,0.0,Leave Event,0.0,"{'node_level': {}, 'link_level': {}, 'path_level': {}}","{'node_level': {}, 'link_level': {}, 'path_level': {}}","{'node_level': {}, 'link_level': {}, 'path_level': {}}",[],0.0,0.0,True,True,False,0,[],0,0.0,,
100,22,2,1909.0,3544.0,770491.2166518422,1368374.5085694976,0.5386568848758465,0.5630704254037265,7,193,0,2083.938041170627,42378,7683,34695,0.01005025125628145,0.005104235368336485,90,942.9380411706272,1141.0,2,1,False,{},{},{},{},0.0,0.0,0.0,0.0,0.0,0.0,0.0,0.0,0.0,0.0,0.0,0.0,0.0,0.0,Leave Event,0.0,"{'node_level': {}, 'link_level': {}, 'path_level': {}}","{'node_level': {}, 'link_level': {}, 'path_level': {}}","{'node_level': {}, 'link_level': {}, 'path_level': {}}",[],0.0,0.0,True,True,False,0,[],0,0.0,,
100,22,1,1909.0,3544.0,770491.2166518422,1368374.5085694976,0.5386568848758465,0.5630704254037265,7,194,0,2111.564204364711,42465,7720,34745,0.0052828243783017426,0.003670461388466717,86,1028.5642043647108,1083.0,2,1,False,{},{},{},{},0.0,0.0,0.0,0.0,0.0,0.0,0.0,0.0,0.0,0.0,0.0,0.0,0.0,0.0,Leave Event,0.0,"{'node_level': {}, 'link_level': {}, 'path_level': {}}","{'node_level': {}, 'link_level': {}, 'path_level': {}}","{'node_level': {}, 'link_level': {}, 'path_level': {}}",[],0.0,0.0,True,True,False,0,[],0,0.0,,
100,22,1,1909.0,3544.0,770491.2166518422,1368374.5085694976,0.5386568848758465,0.5630704254037265,7,195,0,2118.733098550513,42465,7720,34745,0.0052828243783017426,0.003670461388466717,96,906.733098550513,1212.0,5,6,False,{},{},{},{},0.0,0.0,0.0,0.0,0.0,0.0,0.0,0.0,0.0,0.0,0.0,0.0,0.0,0.0,Leave Event,0.0,"{'node_level': {}, 'link_level': {}, 'path_level': {}}","{'node_level': {}, 'link_level': {}, 'path_level': {}}","{'node_level': {}, 'link_level': {}, 'path_level': {}}",[],0.0,0.0,True,True,False,0,[],0,0.0,,
100,22,1,1909.0,3544.0,770491.2166518422,1368374.5085694976,0.5386568848758465,0.5630704254037265,7,196,0,2158.917177280644,42465,7720,34745,0.0052828243783017426,0.003670461388466717,46,1566.917177280644,592.0,3,2,False,{},{},{},{},0.0,0.0,0.0,0.0,0.0,0.0,0.0,0.0,0.0,0.0,0.0,0.0,0.0,0.0,Leave Event,0.0,"{'node_level': {}, 'link_level': {}, 'path_level': {}}","{'node_level': {}, 'link_level': {}, 'path_level': {}}","{'node_level': {}, 'link_level': {}, 'path_level': {}}",[],0.0,0.0,True,True,False,0,[],0,0.0,,
100,22,0,1909.0,3544.0,770491.2166518422,1368374.5085694976,0.5386568848758465,0.5630704254037265,7,197,0,2263.7910848435113,42634,7761,34873,0.0,0.0,51,1605.7910848435115,658.0,5,4,False,{},{},{},{},0.0,0.0,0.0,0.0,0.0,0.0,0.0,0.0,0.0,0.0,0.0,0.0,0.0,0.0,Leave Event,0.0,"{'node_level': {}, 'link_level': {}, 'path_level': {}}","{'node_level': {}, 'link_level': {}, 'path_level': {}}","{'node_level': {}, 'link_level': {}, 'path_level': {}}",[],0.0,0.0,True,True,False,0,[],0,0.0,,
100,22,0,1909.0,3544.0,770491.2166518422,1368374.5085694976,0.5386568848758465,0.5630704254037265,7,198,0,2704.4735435764487,42634,7761,34873,0.0,0.0,81,1679.4735435764487,1025.0,3,2,False,{},{},{},{},0.0,0.0,0.0,0.0,0.0,0.0,0.0,0.0,0.0,0.0,0.0,0.0,0.0,0.0,Leave Event,0.0,"{'node_level': {}, 'link_level': {}, 'path_level': {}}","{'node_level': {}, 'link_level': {}, 'path_level': {}}","{'node_level': {}, 'link_level': {}, 'path_level': {}}",[],0.0,0.0,True,True,False,0,[],0,0.0,,
100,22,0,1909.0,3544.0,770491.2166518422,1368374.5085694976,0.5386568848758465,0.5630704254037265,7,199,0,2736.111015452614,42634,7761,34873,0.0,0.0,76,1781.1110154526139,955.0,10,24,False,{},{},{},{},0.0,0.0,0.0,0.0,0.0,0.0,0.0,0.0,0.0,0.0,0.0,0.0,0.0,0.0,Leave Event,0.0,"{'node_level': {}, 'link_level': {}, 'path_level': {}}","{'node_level': {}, 'link_level': {}, 'path_level': {}}","{'node_level': {}, 'link_level': {}, 'path_level': {}}",[],0.0,0.0,True,True,False,0,[],0,0.0,,
