v_net_count,success_count,inservice_count,total_revenue,total_cost,total_time_revenue,total_time_cost,long_term_r2c_ratio,long_term_time_r2c_ratio,num_running_p_net_nodes,event_id,event_type,event_time,p_net_available_resource,p_net_node_available_resource,p_net_link_available_resource,p_net_node_resource_utilization,p_net_link_resource_utilization,v_net_id,v_net_lifetime,v_net_arrival_time,v_net_num_nodes,v_net_num_egdes,result,node_slots,link_paths,node_slots_info,link_paths_info,v_net_cost,v_net_revenue,v_net_demand,v_net_node_demand,v_net_link_demand,v_net_node_revenue,v_net_link_revenue,v_net_node_cost,v_net_link_cost,v_net_path_cost,v_net_r2c_ratio,v_net_time_cost,v_net_time_revenue,v_net_time_rc_ratio,description,v_net_total_hard_constraint_violation,v_net_single_step_constraint_offset,v_net_constraint_offsets,v_net_constraint_violations,v_net_single_step_violation_list,v_net_single_step_hard_constraint_offset,v_net_max_single_step_hard_constraint_violation,place_result,route_result,early_rejection,revoke_times,selected_actions,num_interactions,v_net_reward,num_placed_nodes,num_routed_links
1,0,0,0.0,0.0,0.0,0.0,0.0,0.0,0,0,1,16.0,41858,7660,34198,0.0,0.0,0,69.01953183544195,16.0,9,18,False,"{1: np.int64(25), 6: np.int64(28), 4: np.int64(86), 5: np.int64(33), 7: np.int64(90), 3: np.int64(26), 0: np.int64(35), 8: np.int64(21), 2: np.int64(17)}","{(0, 1): [(np.int64(35), 26), (26, np.int64(25))], (0, 2): [(np.int64(35), 20), (20, np.int64(17))], (0, 3): [(np.int64(35), 90), (90, np.int64(26))], (0, 4): [(np.int64(35), 28), (28, np.int64(86))], (0, 5): [(np.int64(35), 32), (32, np.int64(33))], (0, 6): []}","{(1, np.int64(25)): {'cpu': 17}, (6, np.int64(28)): {'cpu': 17}, (4, np.int64(86)): {'cpu': 16}, (5, np.int64(33)): {'cpu': 8}, (7, np.int64(90)): {'cpu': 8}, (3, np.int64(26)): {'cpu': 4}, (0, np.int64(35)): {'cpu': 1}, (8, np.int64(21)): {'cpu': 1}, (2, np.int64(17)): {'cpu': 1}}","{((0, 1), (np.int64(35), 26)): {'bw': 32}, ((0, 1), (26, np.int64(25))): {'bw': 32}, ((0, 2), (np.int64(35), 20)): {'bw': 22}, ((0, 2), (20, np.int64(17))): {'bw': 22}, ((0, 3), (np.int64(35), 90)): {'bw': 48}, ((0, 3), (90, np.int64(26))): {'bw': 48}, ((0, 4), (np.int64(35), 28)): {'bw': 49}, ((0, 4), (28, np.int64(86))): {'bw': 49}, ((0, 5), (np.int64(35), 32)): {'bw': 17}, ((0, 5), (32, np.int64(33))): {'bw': 17}}",0.0,0.0,480.0,73.0,407.0,0.0,0.0,0.0,0.0,0.0,0.0,0.0,0.0,0.0,Route Failure,8.036149224564923,"{'node_level': {}, 'link_level': {}, 'path_level': {}}","{'node_level': {1: {'cpu': -79}, 6: {'cpu': -82}, 4: {'cpu': -51}, 5: {'cpu': -84}, 7: {'cpu': -92}, 3: {'cpu': -76}, 0: {'cpu': -82}, 8: {'cpu': -58}, 2: {'cpu': -52}}, 'link_level': {(0, 1): {'bw': -34}, (0, 2): {'bw': -44}, (0, 3): {'bw': -24}, (0, 4): {'bw': -4}, (0, 5): {'bw': -47}, (0, 6): {'bw': -28}}, 'path_level': {(0, 1): {'latency': -3.091745614919481}, (0, 2): {'latency': -7.825898267982955}, (0, 3): {'latency': -9.157584276266974}, (0, 4): {'latency': -12.40567581533205}, (0, 5): {'latency': -6.8938439823365805}, (0, 6): {'latency': 8.036149224564923}}}","{'node_level': {1: {'cpu': 0}, 6: {'cpu': 0}, 4: {'cpu': 0}, 5: {'cpu': 0}, 7: {'cpu': 0}, 3: {'cpu': 0}, 0: {'cpu': 0}, 8: {'cpu': 0}, 2: {'cpu': 0}}, 'link_level': {(0, 1): {'bw': 0}, (0, 2): {'bw': 0}, (0, 3): {'bw': 0}, (0, 4): {'bw': 0}, (0, 5): {'bw': 0}, (0, 6): {'bw': 0}}, 'path_level': {(0, 1): {'latency': 0}, (0, 2): {'latency': 0}, (0, 3): {'latency': 0}, (0, 4): {'latency': 0}, (0, 5): {'latency': 0}, (0, 6): {'latency': 8.036149224564923}}}",[],0.0,0.0,True,False,False,0,[],0,0.0,9.0,6.0
2,0,0,0.0,0.0,0.0,0.0,0.0,0.0,0,1,1,27.0,41858,7660,34198,0.0,0.0,1,889.3291322410356,27.0,7,11,False,"{3: np.int64(25), 2: np.int64(28), 0: np.int64(86), 4: np.int64(33), 5: np.int64(90), 6: np.int64(26), 1: np.int64(35)}","{(0, 6): []}","{(3, np.int64(25)): {'cpu': 14}, (2, np.int64(28)): {'cpu': 12}, (0, np.int64(86)): {'cpu': 16}, (4, np.int64(33)): {'cpu': 15}, (5, np.int64(90)): {'cpu': 8}, (6, np.int64(26)): {'cpu': 1}, (1, np.int64(35)): {'cpu': 1}}",{},0.0,0.0,300.0,67.0,233.0,0.0,0.0,0.0,0.0,0.0,0.0,0.0,0.0,0.0,Route Failure,4.8253277264978784,"{'node_level': {}, 'link_level': {}, 'path_level': {}}","{'node_level': {3: {'cpu': -82}, 2: {'cpu': -87}, 0: {'cpu': -51}, 4: {'cpu': -77}, 5: {'cpu': -92}, 6: {'cpu': -79}, 1: {'cpu': -82}}, 'link_level': {(0, 6): {'bw': -18}}, 'path_level': {(0, 6): {'latency': 4.8253277264978784}}}","{'node_level': {3: {'cpu': 0}, 2: {'cpu': 0}, 0: {'cpu': 0}, 4: {'cpu': 0}, 5: {'cpu': 0}, 6: {'cpu': 0}, 1: {'cpu': 0}}, 'link_level': {(0, 6): {'bw': 0}}, 'path_level': {(0, 6): {'latency': 4.8253277264978784}}}",[],0.0,0.0,True,False,False,0,[],0,0.0,7.0,1.0
3,1,1,71.0,71.0,54858.32208108269,54858.32208108269,1.0,1.0,3,2,1,37.0,41787,7627,34160,0.0043080939947780506,0.0011111760921691527,2,772.652423677221,37.0,3,2,True,"{1: np.int64(25), 2: np.int64(28), 0: np.int64(86)}","{(0, 1): [(np.int64(86), 25)], (1, 2): [(np.int64(25), 28)]}","{(1, np.int64(25)): {'cpu': 12}, (2, np.int64(28)): {'cpu': 15}, (0, np.int64(86)): {'cpu': 6}}","{((0, 1), (np.int64(86), 25)): {'bw': 14}, ((1, 2), (np.int64(25), 28)): {'bw': 24}}",71.0,71.0,71.0,33.0,38.0,33.0,38.0,33.0,38.0,0.0,1.0,54858.32208108269,54858.32208108269,772.652423677221,Success,0.0,"{'node_level': {}, 'link_level': {}, 'path_level': {}}","{'node_level': {1: {'cpu': -84}, 2: {'cpu': -84}, 0: {'cpu': -61}}, 'link_level': {(0, 1): {'bw': -68}, (1, 2): {'bw': -36}}, 'path_level': {(0, 1): {'latency': -10.19177642359258}, (1, 2): {'latency': -11.956670192489891}}}","{'node_level': {1: {'cpu': 0}, 2: {'cpu': 0}, 0: {'cpu': 0}}, 'link_level': {(0, 1): {'bw': 0}, (1, 2): {'bw': 0}}, 'path_level': {(0, 1): {'latency': 0}, (1, 2): {'latency': 0}}}",[],0.0,0.0,True,True,False,0,[],0,0.0,3.0,2.0
4,1,1,71.0,71.0,54858.32208108269,54858.32208108269,1.0,1.0,3,3,1,46.0,41787,7627,34160,0.0043080939947780506,0.0011111760921691527,3,585.0178031143265,46.0,10,27,False,"{6: np.int64(34), 8: np.int64(17), 3: np.int64(98), 4: np.int64(94), 9: np.int64(4), 5: np.int64(26), 1: np.int64(90), 2: np.int64(58), 0: np.int64(25), 7: np.int64(21)}","{(0, 1): [(np.int64(25), 26), (26, np.int64(90))], (0, 3): [(np.int64(25), 39), (39, 8), (8, np.int64(98))], (0, 6): []}","{(6, np.int64(34)): {'cpu': 16}, (8, np.int64(17)): {'cpu': 19}, (3, np.int64(98)): {'cpu': 14}, (4, np.int64(94)): {'cpu': 11}, (9, np.int64(4)): {'cpu': 14}, (5, np.int64(26)): {'cpu': 17}, (1, np.int64(90)): {'cpu': 6}, (2, np.int64(58)): {'cpu': 19}, (0, np.int64(25)): {'cpu': 3}, (7, np.int64(21)): {'cpu': 2}}","{((0, 1), (np.int64(25), 26)): {'bw': 39}, ((0, 1), (26, np.int64(90))): {'bw': 39}, ((0, 3), (np.int64(25), 39)): {'bw': 45}, ((0, 3), (39, 8)): {'bw': 45}, ((0, 3), (8, np.int64(98))): {'bw': 45}}",0.0,0.0,864.0,121.0,743.0,0.0,0.0,0.0,0.0,0.0,0.0,0.0,0.0,0.0,Route Failure,8.139760578872822,"{'node_level': {}, 'link_level': {}, 'path_level': {}}","{'node_level': {6: {'cpu': -79}, 8: {'cpu': -34}, 3: {'cpu': -79}, 4: {'cpu': -45}, 9: {'cpu': -59}, 5: {'cpu': -63}, 1: {'cpu': -94}, 2: {'cpu': -54}, 0: {'cpu': -81}, 7: {'cpu': -57}}, 'link_level': {(0, 1): {'bw': -32}, (0, 3): {'bw': -6}, (0, 6): {'bw': -13}}, 'path_level': {(0, 1): {'latency': -5.418183621516491}, (0, 3): {'latency': -0.9204882461234991}, (0, 6): {'latency': 8.139760578872822}}}","{'node_level': {6: {'cpu': 0}, 8: {'cpu': 0}, 3: {'cpu': 0}, 4: {'cpu': 0}, 9: {'cpu': 0}, 5: {'cpu': 0}, 1: {'cpu': 0}, 2: {'cpu': 0}, 0: {'cpu': 0}, 7: {'cpu': 0}}, 'link_level': {(0, 1): {'bw': 0}, (0, 3): {'bw': 0}, (0, 6): {'bw': 0}}, 'path_level': {(0, 1): {'latency': 0}, (0, 3): {'latency': 0}, (0, 6): {'latency': 8.139760578872822}}}",[],0.0,0.0,True,False,False,0,[],0,0.0,10.0,3.0
5,1,1,71.0,71.0,54858.32208108269,54858.32208108269,1.0,1.0,3,4,1,66.0,41787,7627,34160,0.0043080939947780506,0.0011111760921691527,4,525.5416162350841,66.0,9,24,False,"{6: np.int64(34), 0: np.int64(17), 2: np.int64(98), 5: np.int64(94), 1: np.int64(4), 4: np.int64(26), 8: np.int64(90), 3: np.int64(58), 7: np.int64(25)}","{(0, 1): [(np.int64(17), 4)], (0, 2): [(np.int64(17), 98)], (0, 3): []}","{(6, np.int64(34)): {'cpu': 16}, (0, np.int64(17)): {'cpu': 18}, (2, np.int64(98)): {'cpu': 19}, (5, np.int64(94)): {'cpu': 12}, (1, np.int64(4)): {'cpu': 8}, (4, np.int64(26)): {'cpu': 10}, (8, np.int64(90)): {'cpu': 4}, (3, np.int64(58)): {'cpu': 1}, (7, np.int64(25)): {'cpu': 1}}","{((0, 1), (np.int64(17), 4)): {'bw': 46}, ((0, 2), (np.int64(17), 98)): {'bw': 2}}",0.0,0.0,682.0,89.0,593.0,0.0,0.0,0.0,0.0,0.0,0.0,0.0,0.0,0.0,Route Failure,9.512979426034263,"{'node_level': {}, 'link_level': {}, 'path_level': {}}","{'node_level': {6: {'cpu': -79}, 0: {'cpu': -35}, 2: {'cpu': -74}, 5: {'cpu': -44}, 1: {'cpu': -65}, 4: {'cpu': -70}, 8: {'cpu': -96}, 3: {'cpu': -72}, 7: {'cpu': -83}}, 'link_level': {(0, 1): {'bw': -50}, (0, 2): {'bw': -74}, (0, 3): {'bw': -45}}, 'path_level': {(0, 1): {'latency': -2.2483420610248825}, (0, 2): {'latency': -1.7593734242234387}, (0, 3): {'latency': 9.512979426034263}}}","{'node_level': {6: {'cpu': 0}, 0: {'cpu': 0}, 2: {'cpu': 0}, 5: {'cpu': 0}, 1: {'cpu': 0}, 4: {'cpu': 0}, 8: {'cpu': 0}, 3: {'cpu': 0}, 7: {'cpu': 0}}, 'link_level': {(0, 1): {'bw': 0}, (0, 2): {'bw': 0}, (0, 3): {'bw': 0}}, 'path_level': {(0, 1): {'latency': 0}, (0, 2): {'latency': 0}, (0, 3): {'latency': 9.512979426034263}}}",[],0.0,0.0,True,False,False,0,[],0,0.0,9.0,3.0
6,1,1,71.0,71.0,54858.32208108269,54858.32208108269,1.0,1.0,3,5,1,70.0,41787,7627,34160,0.0043080939947780506,0.0011111760921691527,5,1384.6289627077263,70.0,10,14,False,"{5: np.int64(34), 6: np.int64(17), 2: np.int64(98), 3: np.int64(94), 1: np.int64(4), 4: np.int64(26), 8: np.int64(90), 0: np.int64(58), 7: np.int64(25), 9: np.int64(21)}","{(0, 4): [(np.int64(58), 26)], (0, 5): []}","{(5, np.int64(34)): {'cpu': 20}, (6, np.int64(17)): {'cpu': 10}, (2, np.int64(98)): {'cpu': 15}, (3, np.int64(94)): {'cpu': 9}, (1, np.int64(4)): {'cpu': 13}, (4, np.int64(26)): {'cpu': 6}, (8, np.int64(90)): {'cpu': 20}, (0, np.int64(58)): {'cpu': 4}, (7, np.int64(25)): {'cpu': 20}, (9, np.int64(21)): {'cpu': 2}}","{((0, 4), (np.int64(58), 26)): {'bw': 1}}",0.0,0.0,534.0,119.0,415.0,0.0,0.0,0.0,0.0,0.0,0.0,0.0,0.0,0.0,Route Failure,7.715688587906259,"{'node_level': {}, 'link_level': {}, 'path_level': {}}","{'node_level': {5: {'cpu': -75}, 6: {'cpu': -43}, 2: {'cpu': -78}, 3: {'cpu': -47}, 1: {'cpu': -60}, 4: {'cpu': -74}, 8: {'cpu': -80}, 0: {'cpu': -69}, 7: {'cpu': -64}, 9: {'cpu': -57}}, 'link_level': {(0, 4): {'bw': -78}, (0, 5): {'bw': -31}}, 'path_level': {(0, 4): {'latency': -5.262788686643381}, (0, 5): {'latency': 7.715688587906259}}}","{'node_level': {5: {'cpu': 0}, 6: {'cpu': 0}, 2: {'cpu': 0}, 3: {'cpu': 0}, 1: {'cpu': 0}, 4: {'cpu': 0}, 8: {'cpu': 0}, 0: {'cpu': 0}, 7: {'cpu': 0}, 9: {'cpu': 0}}, 'link_level': {(0, 4): {'bw': 0}, (0, 5): {'bw': 0}}, 'path_level': {(0, 4): {'latency': 0}, (0, 5): {'latency': 7.715688587906259}}}",[],0.0,0.0,True,False,False,0,[],0,0.0,10.0,2.0
7,2,2,217.0,238.0,74523.50197607475,77352.05524864211,0.9117647058823529,0.9634327328023129,7,6,1,80.0,41620,7586,34034,0.009660574412532652,0.004795602081993144,6,134.69301297939768,80.0,4,4,True,"{2: np.int64(34), 0: np.int64(17), 3: np.int64(98), 1: np.int64(94)}","{(0, 1): [(np.int64(17), 94)], (0, 3): [(np.int64(17), 98)], (1, 2): [(np.int64(94), 17), (17, np.int64(34))], (2, 3): [(np.int64(34), 98)]}","{(2, np.int64(34)): {'cpu': 17}, (0, np.int64(17)): {'cpu': 18}, (3, np.int64(98)): {'cpu': 2}, (1, np.int64(94)): {'cpu': 4}}","{((0, 1), (np.int64(17), 94)): {'bw': 11}, ((0, 3), (np.int64(17), 98)): {'bw': 24}, ((1, 2), (np.int64(94), 17)): {'bw': 21}, ((1, 2), (17, np.int64(34))): {'bw': 21}, ((2, 3), (np.int64(34), 98)): {'bw': 49}}",167.0,146.0,146.0,41.0,105.0,41.0,105.0,41.0,126.0,21.0,0.874251497005988,22493.733167559414,19665.17989499206,117.75556823348539,Success,0.0,"{'node_level': {}, 'link_level': {}, 'path_level': {}}","{'node_level': {2: {'cpu': -78}, 0: {'cpu': -35}, 3: {'cpu': -91}, 1: {'cpu': -52}}, 'link_level': {(0, 1): {'bw': -50}, (0, 3): {'bw': -52}, (1, 2): {'bw': -29}, (2, 3): {'bw': -5}}, 'path_level': {(0, 1): {'latency': -9.838759493226437}, (0, 3): {'latency': -10.384754138214294}, (1, 2): {'latency': -4.559690925703427}, (2, 3): {'latency': -7.494876788923481}}}","{'node_level': {2: {'cpu': 0}, 0: {'cpu': 0}, 3: {'cpu': 0}, 1: {'cpu': 0}}, 'link_level': {(0, 1): {'bw': 0}, (0, 3): {'bw': 0}, (1, 2): {'bw': 0}, (2, 3): {'bw': 0}}, 'path_level': {(0, 1): {'latency': 0}, (0, 3): {'latency': 0}, (1, 2): {'latency': 0}, (2, 3): {'latency': 0}}}",[],0.0,0.0,True,True,False,0,[],0,0.0,4.0,4.0
7,2,2,217.0,238.0,74523.50197607475,77352.05524864211,0.9117647058823529,0.9634327328023129,7,7,0,85.01953183544195,41620,7586,34034,0.009660574412532652,0.004795602081993144,0,69.01953183544195,16.0,9,18,False,{},{},{},{},0.0,0.0,0.0,0.0,0.0,0.0,0.0,0.0,0.0,0.0,0.0,0.0,0.0,0.0,Leave Event,0.0,"{'node_level': {}, 'link_level': {}, 'path_level': {}}","{'node_level': {}, 'link_level': {}, 'path_level': {}}","{'node_level': {}, 'link_level': {}, 'path_level': {}}",[],0.0,0.0,True,True,False,0,[],0,0.0,,
8,2,2,217.0,238.0,74523.50197607475,77352.05524864211,0.9117647058823529,0.9634327328023129,7,8,1,92.0,41620,7586,34034,0.009660574412532652,0.004795602081993144,7,328.3689971637556,92.0,9,18,False,"{5: np.int64(25), 7: np.int64(33), 2: np.int64(64), 8: np.int64(0), 6: np.int64(86), 3: np.int64(28), 1: np.int64(90), 4: np.int64(26), 0: np.int64(21)}","{(0, 3): [(np.int64(21), 28)], (0, 4): [(np.int64(21), 26)], (0, 7): [(np.int64(21), 60), (60, np.int64(33))], (1, 3): [(np.int64(90), 28)], (1, 5): [(np.int64(90), 26), (26, np.int64(25))], (1, 7): [(np.int64(90), 22), (22, np.int64(33))], (1, 8): []}","{(5, np.int64(25)): {'cpu': 17}, (7, np.int64(33)): {'cpu': 20}, (2, np.int64(64)): {'cpu': 16}, (8, np.int64(0)): {'cpu': 9}, (6, np.int64(86)): {'cpu': 14}, (3, np.int64(28)): {'cpu': 4}, (1, np.int64(90)): {'cpu': 5}, (4, np.int64(26)): {'cpu': 5}, (0, np.int64(21)): {'cpu': 2}}","{((0, 3), (np.int64(21), 28)): {'bw': 14}, ((0, 4), (np.int64(21), 26)): {'bw': 26}, ((0, 7), (np.int64(21), 60)): {'bw': 35}, ((0, 7), (60, np.int64(33))): {'bw': 35}, ((1, 3), (np.int64(90), 28)): {'bw': 31}, ((1, 5), (np.int64(90), 26)): {'bw': 37}, ((1, 5), (26, np.int64(25))): {'bw': 37}, ((1, 7), (np.int64(90), 22)): {'bw': 21}, ((1, 7), (22, np.int64(33))): {'bw': 21}}",0.0,0.0,602.0,92.0,510.0,0.0,0.0,0.0,0.0,0.0,0.0,0.0,0.0,0.0,Route Failure,4.73867596242133,"{'node_level': {}, 'link_level': {}, 'path_level': {}}","{'node_level': {5: {'cpu': -67}, 7: {'cpu': -72}, 2: {'cpu': -41}, 8: {'cpu': -87}, 6: {'cpu': -47}, 3: {'cpu': -80}, 1: {'cpu': -95}, 4: {'cpu': -75}, 0: {'cpu': -57}}, 'link_level': {(0, 3): {'bw': -54}, (0, 4): {'bw': -65}, (0, 7): {'bw': -23}, (1, 3): {'bw': -45}, (1, 5): {'bw': -34}, (1, 7): {'bw': -36}, (1, 8): {'bw': -24}}, 'path_level': {(0, 3): {'latency': -4.624411528463822}, (0, 4): {'latency': -6.3754178510695265}, (0, 7): {'latency': -8.791563911590975}, (1, 3): {'latency': -7.9277832440001355}, (1, 5): {'latency': -4.86898765420421}, (1, 7): {'latency': -3.333972655371179}, (1, 8): {'latency': 4.73867596242133}}}","{'node_level': {5: {'cpu': 0}, 7: {'cpu': 0}, 2: {'cpu': 0}, 8: {'cpu': 0}, 6: {'cpu': 0}, 3: {'cpu': 0}, 1: {'cpu': 0}, 4: {'cpu': 0}, 0: {'cpu': 0}}, 'link_level': {(0, 3): {'bw': 0}, (0, 4): {'bw': 0}, (0, 7): {'bw': 0}, (1, 3): {'bw': 0}, (1, 5): {'bw': 0}, (1, 7): {'bw': 0}, (1, 8): {'bw': 0}}, 'path_level': {(0, 3): {'latency': 0}, (0, 4): {'latency': 0}, (0, 7): {'latency': 0}, (1, 3): {'latency': 0}, (1, 5): {'latency': 0}, (1, 7): {'latency': 0}, (1, 8): {'latency': 4.73867596242133}}}",[],0.0,0.0,True,False,False,0,[],0,0.0,9.0,7.0
9,2,2,217.0,238.0,74523.50197607475,77352.05524864211,0.9117647058823529,0.9634327328023129,7,9,1,102.0,41620,7586,34034,0.009660574412532652,0.004795602081993144,8,1311.454495210449,102.0,9,18,False,"{8: np.int64(25), 0: np.int64(33), 2: np.int64(64), 6: np.int64(0), 1: np.int64(86), 5: np.int64(28), 3: np.int64(90), 4: np.int64(26), 7: np.int64(21)}","{(0, 1): [(np.int64(33), 86)], (0, 2): [(np.int64(33), 64)], (0, 6): [(np.int64(33), 0)], (0, 7): [(np.int64(33), 60), (60, np.int64(21))], (1, 2): []}","{(8, np.int64(25)): {'cpu': 16}, (0, np.int64(33)): {'cpu': 18}, (2, np.int64(64)): {'cpu': 20}, (6, np.int64(0)): {'cpu': 14}, (1, np.int64(86)): {'cpu': 10}, (5, np.int64(28)): {'cpu': 11}, (3, np.int64(90)): {'cpu': 5}, (4, np.int64(26)): {'cpu': 3}, (7, np.int64(21)): {'cpu': 1}}","{((0, 1), (np.int64(33), 86)): {'bw': 36}, ((0, 2), (np.int64(33), 64)): {'bw': 50}, ((0, 6), (np.int64(33), 0)): {'bw': 42}, ((0, 7), (np.int64(33), 60)): {'bw': 6}, ((0, 7), (60, np.int64(21))): {'bw': 6}}",0.0,0.0,584.0,98.0,486.0,0.0,0.0,0.0,0.0,0.0,0.0,0.0,0.0,0.0,Route Failure,5.263380260593102,"{'node_level': {}, 'link_level': {}, 'path_level': {}}","{'node_level': {8: {'cpu': -68}, 0: {'cpu': -74}, 2: {'cpu': -37}, 6: {'cpu': -82}, 1: {'cpu': -51}, 5: {'cpu': -73}, 3: {'cpu': -95}, 4: {'cpu': -77}, 7: {'cpu': -58}}, 'link_level': {(0, 1): {'bw': -22}, (0, 2): {'bw': -33}, (0, 6): {'bw': -43}, (0, 7): {'bw': -52}, (1, 2): {'bw': -49}}, 'path_level': {(0, 1): {'latency': -10.443440665106811}, (0, 2): {'latency': -10.000347883929372}, (0, 6): {'latency': -8.992685693117542}, (0, 7): {'latency': -5.6387619053981926}, (1, 2): {'latency': 5.263380260593102}}}","{'node_level': {8: {'cpu': 0}, 0: {'cpu': 0}, 2: {'cpu': 0}, 6: {'cpu': 0}, 1: {'cpu': 0}, 5: {'cpu': 0}, 3: {'cpu': 0}, 4: {'cpu': 0}, 7: {'cpu': 0}}, 'link_level': {(0, 1): {'bw': 0}, (0, 2): {'bw': 0}, (0, 6): {'bw': 0}, (0, 7): {'bw': 0}, (1, 2): {'bw': 0}}, 'path_level': {(0, 1): {'latency': 0}, (0, 2): {'latency': 0}, (0, 6): {'latency': 0}, (0, 7): {'latency': 0}, (1, 2): {'latency': 5.263380260593102}}}",[],0.0,0.0,True,False,False,0,[],0,0.0,9.0,5.0
10,3,3,787.0,1182.0,130182.55625984541,169531.2609396588,0.6658206429780034,0.7678970564973339,13,10,1,115.0,40676,7500,33176,0.02088772845953002,0.029884788584127686,9,97.64746365573801,115.0,9,17,True,"{5: np.int64(25), 1: np.int64(33), 3: np.int64(64), 4: np.int64(0), 7: np.int64(86), 0: np.int64(28), 2: np.int64(90), 8: np.int64(26), 6: np.int64(21)}","{(0, 1): [(np.int64(28), 25), (25, np.int64(33))], (0, 5): [(np.int64(28), 25)], (0, 6): [(np.int64(28), 21)], (0, 7): [(np.int64(28), 86)], (1, 4): [(np.int64(33), 0)], (1, 5): [(np.int64(33), 25)], (1, 7): [(np.int64(33), 86)], (1, 8): [(np.int64(33), 25), (25, np.int64(26))], (2, 3): [(np.int64(90), 5), (5, 0), (0, np.int64(64))], (2, 4): [(np.int64(90), 22), (22, 40), (40, np.int64(0))], (2, 8): [(np.int64(90), 26)], (3, 6): [(np.int64(64), 60), (60, np.int64(21))], (3, 7): [(np.int64(64), 25), (25, np.int64(86))], (4, 8): [(np.int64(0), 72), (72, np.int64(26))], (5, 6): [(np.int64(25), 26), (26, np.int64(21))], (5, 7): [(np.int64(25), 33), (33, np.int64(86))], (5, 8): [(np.int64(25), 96), (96, np.int64(26))]}","{(5, np.int64(25)): {'cpu': 13}, (1, np.int64(33)): {'cpu': 20}, (3, np.int64(64)): {'cpu': 13}, (4, np.int64(0)): {'cpu': 11}, (7, np.int64(86)): {'cpu': 11}, (0, np.int64(28)): {'cpu': 12}, (2, np.int64(90)): {'cpu': 3}, (8, np.int64(26)): {'cpu': 2}, (6, np.int64(21)): {'cpu': 1}}","{((0, 1), (np.int64(28), 25)): {'bw': 7}, ((0, 1), (25, np.int64(33))): {'bw': 7}, ((0, 5), (np.int64(28), 25)): {'bw': 13}, ((0, 6), (np.int64(28), 21)): {'bw': 35}, ((0, 7), (np.int64(28), 86)): {'bw': 1}, ((1, 4), (np.int64(33), 0)): {'bw': 48}, ((1, 5), (np.int64(33), 25)): {'bw': 16}, ((1, 7), (np.int64(33), 86)): {'bw': 9}, ((1, 8), (np.int64(33), 25)): {'bw': 13}, ((1, 8), (25, np.int64(26))): {'bw': 13}, ((2, 3), (np.int64(90), 5)): {'bw': 35}, ((2, 3), (5, 0)): {'bw': 35}, ((2, 3), (0, np.int64(64))): {'bw': 35}, ((2, 4), (np.int64(90), 22)): {'bw': 19}, ((2, 4), (22, 40)): {'bw': 19}, ((2, 4), (40, np.int64(0))): {'bw': 19}, ((2, 8), (np.int64(90), 26)): {'bw': 42}, ((3, 6), (np.int64(64), 60)): {'bw': 36}, ((3, 6), (60, np.int64(21))): {'bw': 36}, ((3, 7), (np.int64(64), 25)): {'bw': 49}, ((3, 7), (25, np.int64(86))): {'bw': 49}, ((4, 8), (np.int64(0), 72)): {'bw': 37}, ((4, 8), (72, np.int64(26))): {'bw': 37}, ((5, 6), (np.int64(25), 26)): {'bw': 45}, ((5, 6), (26, np.int64(21))): {'bw': 45}, ((5, 7), (np.int64(25), 33)): {'bw': 30}, ((5, 7), (33, np.int64(86))): {'bw': 30}, ((5, 8), (np.int64(25), 96)): {'bw': 49}, ((5, 8), (96, np.int64(26))): {'bw': 49}}",944.0,570.0,570.0,86.0,484.0,86.0,484.0,86.0,858.0,374.0,0.6038135593220338,92179.20569101669,55659.05428377067,58.960862588740106,Success,0.0,"{'node_level': {}, 'link_level': {}, 'path_level': {}}","{'node_level': {5: {'cpu': -71}, 1: {'cpu': -72}, 3: {'cpu': -44}, 4: {'cpu': -85}, 7: {'cpu': -50}, 0: {'cpu': -72}, 2: {'cpu': -97}, 8: {'cpu': -78}, 6: {'cpu': -58}}, 'link_level': {(0, 1): {'bw': -29}, (0, 5): {'bw': -16}, (0, 6): {'bw': -33}, (0, 7): {'bw': -52}, (1, 4): {'bw': -37}, (1, 5): {'bw': -53}, (1, 7): {'bw': -49}, (1, 8): {'bw': -40}, (2, 3): {'bw': -24}, (2, 4): {'bw': -31}, (2, 8): {'bw': -30}, (3, 6): {'bw': -21}, (3, 7): {'bw': -19}, (4, 8): {'bw': -29}, (5, 6): {'bw': -13}, (5, 7): {'bw': -10}, (5, 8): {'bw': -20}}, 'path_level': {(0, 1): {'latency': -1.408592310960171}, (0, 5): {'latency': -6.202920167577997}, (0, 6): {'latency': -9.00712721373705}, (0, 7): {'latency': -10.902973256785078}, (1, 4): {'latency': -5.097995673328498}, (1, 5): {'latency': -8.680979805123831}, (1, 7): {'latency': -4.14718968673805}, (1, 8): {'latency': -5.3506810807528}, (2, 3): {'latency': -0.7931376109485093}, (2, 4): {'latency': -2.2338106173658527}, (2, 8): {'latency': -5.597395379845125}, (3, 6): {'latency': -1.7301182370785453}, (3, 7): {'latency': -3.4366394117024424}, (4, 8): {'latency': -2.174742659487052}, (5, 6): {'latency': -7.241717342786077}, (5, 7): {'latency': -8.288538838502303}, (5, 8): {'latency': -0.010835015452717478}}}","{'node_level': {5: {'cpu': 0}, 1: {'cpu': 0}, 3: {'cpu': 0}, 4: {'cpu': 0}, 7: {'cpu': 0}, 0: {'cpu': 0}, 2: {'cpu': 0}, 8: {'cpu': 0}, 6: {'cpu': 0}}, 'link_level': {(0, 1): {'bw': 0}, (0, 5): {'bw': 0}, (0, 6): {'bw': 0}, (0, 7): {'bw': 0}, (1, 4): {'bw': 0}, (1, 5): {'bw': 0}, (1, 7): {'bw': 0}, (1, 8): {'bw': 0}, (2, 3): {'bw': 0}, (2, 4): {'bw': 0}, (2, 8): {'bw': 0}, (3, 6): {'bw': 0}, (3, 7): {'bw': 0}, (4, 8): {'bw': 0}, (5, 6): {'bw': 0}, (5, 7): {'bw': 0}, (5, 8): {'bw': 0}}, 'path_level': {(0, 1): {'latency': 0}, (0, 5): {'latency': 0}, (0, 6): {'latency': 0}, (0, 7): {'latency': 0}, (1, 4): {'latency': 0}, (1, 5): {'latency': 0}, (1, 7): {'latency': 0}, (1, 8): {'latency': 0}, (2, 3): {'latency': 0}, (2, 4): {'latency': 0}, (2, 8): {'latency': 0}, (3, 6): {'latency': 0}, (3, 7): {'latency': 0}, (4, 8): {'latency': 0}, (5, 6): {'latency': 0}, (5, 7): {'latency': 0}, (5, 8): {'latency': 0}}}",[],0.0,0.0,True,True,False,0,[],0,0.0,9.0,17.0
11,3,3,787.0,1182.0,130182.55625984541,169531.2609396588,0.6658206429780034,0.7678970564973339,13,11,1,128.0,40676,7500,33176,0.02088772845953002,0.029884788584127686,10,83.04396962673685,128.0,10,22,False,"{5: np.int64(90), 8: np.int64(35), 4: np.int64(28), 1: np.int64(32), 0: np.int64(83), 9: np.int64(4), 7: np.int64(21), 6: np.int64(26), 2: np.int64(58), 3: np.int64(94)}","{(0, 1): [(np.int64(83), 32)], (0, 2): [(np.int64(83), 21), (21, np.int64(58))], (0, 3): [(np.int64(83), 4), (4, np.int64(94))], (0, 5): []}","{(5, np.int64(90)): {'cpu': 16}, (8, np.int64(35)): {'cpu': 16}, (4, np.int64(28)): {'cpu': 17}, (1, np.int64(32)): {'cpu': 11}, (0, np.int64(83)): {'cpu': 18}, (9, np.int64(4)): {'cpu': 4}, (7, np.int64(21)): {'cpu': 16}, (6, np.int64(26)): {'cpu': 4}, (2, np.int64(58)): {'cpu': 1}, (3, np.int64(94)): {'cpu': 7}}","{((0, 1), (np.int64(83), 32)): {'bw': 46}, ((0, 2), (np.int64(83), 21)): {'bw': 4}, ((0, 2), (21, np.int64(58))): {'bw': 4}, ((0, 3), (np.int64(83), 4)): {'bw': 3}, ((0, 3), (4, np.int64(94))): {'bw': 3}}",0.0,0.0,727.0,110.0,617.0,0.0,0.0,0.0,0.0,0.0,0.0,0.0,0.0,0.0,Route Failure,5.714352278703266,"{'node_level': {}, 'link_level': {}, 'path_level': {}}","{'node_level': {5: {'cpu': -81}, 8: {'cpu': -67}, 4: {'cpu': -55}, 1: {'cpu': -79}, 0: {'cpu': -68}, 9: {'cpu': -69}, 7: {'cpu': -42}, 6: {'cpu': -74}, 2: {'cpu': -72}, 3: {'cpu': -45}}, 'link_level': {(0, 1): {'bw': -36}, (0, 2): {'bw': -67}, (0, 3): {'bw': -79}, (0, 5): {'bw': -15}}, 'path_level': {(0, 1): {'latency': -4.521232403320104}, (0, 2): {'latency': -3.0639544785232755}, (0, 3): {'latency': -7.312823751254909}, (0, 5): {'latency': 5.714352278703266}}}","{'node_level': {5: {'cpu': 0}, 8: {'cpu': 0}, 4: {'cpu': 0}, 1: {'cpu': 0}, 0: {'cpu': 0}, 9: {'cpu': 0}, 7: {'cpu': 0}, 6: {'cpu': 0}, 2: {'cpu': 0}, 3: {'cpu': 0}}, 'link_level': {(0, 1): {'bw': 0}, (0, 2): {'bw': 0}, (0, 3): {'bw': 0}, (0, 5): {'bw': 0}}, 'path_level': {(0, 1): {'latency': 0}, (0, 2): {'latency': 0}, (0, 3): {'latency': 0}, (0, 5): {'latency': 5.714352278703266}}}",[],0.0,0.0,True,False,False,0,[],0,0.0,10.0,4.0
12,4,4,976.0,1441.0,454512.0014368531,613982.7228488915,0.6773074253990284,0.7402683895206509,17,12,1,137.0,40417,7423,32994,0.030939947780678878,0.035206737236095687,11,1716.028810460358,137.0,6,6,True,"{0: np.int64(90), 2: np.int64(35), 1: np.int64(28), 4: np.int64(32), 5: np.int64(83), 3: np.int64(4)}","{(0, 2): [(np.int64(90), 35)], (0, 4): [(np.int64(90), 32)], (0, 5): [(np.int64(90), 26), (26, np.int64(83))], (1, 4): [(np.int64(28), 35), (35, np.int64(32))], (2, 3): [(np.int64(35), 65), (65, np.int64(4))], (2, 5): [(np.int64(35), 26), (26, np.int64(83))]}","{(0, np.int64(90)): {'cpu': 17}, (2, np.int64(35)): {'cpu': 14}, (1, np.int64(28)): {'cpu': 20}, (4, np.int64(32)): {'cpu': 10}, (5, np.int64(83)): {'cpu': 13}, (3, np.int64(4)): {'cpu': 3}}","{((0, 2), (np.int64(90), 35)): {'bw': 34}, ((0, 4), (np.int64(90), 32)): {'bw': 8}, ((0, 5), (np.int64(90), 26)): {'bw': 18}, ((0, 5), (26, np.int64(83))): {'bw': 18}, ((1, 4), (np.int64(28), 35)): {'bw': 35}, ((1, 4), (35, np.int64(32))): {'bw': 35}, ((2, 3), (np.int64(35), 65)): {'bw': 9}, ((2, 3), (65, np.int64(4))): {'bw': 9}, ((2, 5), (np.int64(35), 26)): {'bw': 8}, ((2, 5), (26, np.int64(83))): {'bw': 8}}",259.0,189.0,189.0,77.0,112.0,77.0,112.0,77.0,182.0,70.0,0.7297297297297297,444451.4619092327,324329.4451770077,1252.2372400656666,Success,0.0,"{'node_level': {}, 'link_level': {}, 'path_level': {}}","{'node_level': {0: {'cpu': -80}, 2: {'cpu': -69}, 1: {'cpu': -52}, 4: {'cpu': -80}, 5: {'cpu': -73}, 3: {'cpu': -70}}, 'link_level': {(0, 2): {'bw': -63}, (0, 4): {'bw': -89}, (0, 5): {'bw': -12}, (1, 4): {'bw': -22}, (2, 3): {'bw': -42}, (2, 5): {'bw': -58}}, 'path_level': {(0, 2): {'latency': -4.169191455024995}, (0, 4): {'latency': -0.7016975782839037}, (0, 5): {'latency': -9.869117706331302}, (1, 4): {'latency': -1.691558294401717}, (2, 3): {'latency': -9.063454105030448}, (2, 5): {'latency': -6.457174732115483}}}","{'node_level': {0: {'cpu': 0}, 2: {'cpu': 0}, 1: {'cpu': 0}, 4: {'cpu': 0}, 5: {'cpu': 0}, 3: {'cpu': 0}}, 'link_level': {(0, 2): {'bw': 0}, (0, 4): {'bw': 0}, (0, 5): {'bw': 0}, (1, 4): {'bw': 0}, (2, 3): {'bw': 0}, (2, 5): {'bw': 0}}, 'path_level': {(0, 2): {'latency': 0}, (0, 4): {'latency': 0}, (0, 5): {'latency': 0}, (1, 4): {'latency': 0}, (2, 3): {'latency': 0}, (2, 5): {'latency': 0}}}",[],0.0,0.0,True,True,False,0,[],0,0.0,6.0,6.0
13,5,5,1113.0,1578.0,480991.92661319434,640462.6480252328,0.7053231939163498,0.7510069917367677,20,13,1,144.0,40280,7380,32900,0.036553524804177506,0.03795543599040885,12,193.2841253747539,144.0,4,3,True,"{3: np.int64(34), 0: np.int64(99), 2: np.int64(41), 1: np.int64(18)}","{(0, 2): [(np.int64(99), 41)], (0, 3): [(np.int64(99), 34)], (1, 3): [(np.int64(18), 34)]}","{(3, np.int64(34)): {'cpu': 12}, (0, np.int64(99)): {'cpu': 10}, (2, np.int64(41)): {'cpu': 18}, (1, np.int64(18)): {'cpu': 3}}","{((0, 2), (np.int64(99), 41)): {'bw': 27}, ((0, 3), (np.int64(99), 34)): {'bw': 26}, ((1, 3), (np.int64(18), 34)): {'bw': 41}}",137.0,137.0,137.0,43.0,94.0,43.0,94.0,43.0,94.0,0.0,1.0,26479.925176341283,26479.925176341283,193.2841253747539,Success,0.0,"{'node_level': {}, 'link_level': {}, 'path_level': {}}","{'node_level': {3: {'cpu': -66}, 0: {'cpu': -62}, 2: {'cpu': -47}, 1: {'cpu': -47}}, 'link_level': {(0, 2): {'bw': -44}, (0, 3): {'bw': -61}, (1, 3): {'bw': -25}}, 'path_level': {(0, 2): {'latency': -6.399272221744926}, (0, 3): {'latency': -11.332399600946513}, (1, 3): {'latency': -10.699253939024839}}}","{'node_level': {3: {'cpu': 0}, 0: {'cpu': 0}, 2: {'cpu': 0}, 1: {'cpu': 0}}, 'link_level': {(0, 2): {'bw': 0}, (0, 3): {'bw': 0}, (1, 3): {'bw': 0}}, 'path_level': {(0, 2): {'latency': 0}, (0, 3): {'latency': 0}, (1, 3): {'latency': 0}}}",[],0.0,0.0,True,True,False,0,[],0,0.0,4.0,3.0
14,5,5,1113.0,1578.0,480991.92661319434,640462.6480252328,0.7053231939163498,0.7510069917367677,20,14,1,153.0,40280,7380,32900,0.036553524804177506,0.03795543599040885,13,1084.8892740532426,153.0,8,13,False,"{4: np.int64(4), 7: np.int64(94), 0: np.int64(17), 5: np.int64(5), 6: np.int64(63), 1: np.int64(21), 3: np.int64(58), 2: np.int64(30)}","{(0, 2): [(np.int64(17), 30)], (0, 3): [(np.int64(17), 58)], (0, 4): [(np.int64(17), 4)], (1, 2): []}","{(4, np.int64(4)): {'cpu': 20}, (7, np.int64(94)): {'cpu': 13}, (0, np.int64(17)): {'cpu': 13}, (5, np.int64(5)): {'cpu': 17}, (6, np.int64(63)): {'cpu': 8}, (1, np.int64(21)): {'cpu': 16}, (3, np.int64(58)): {'cpu': 1}, (2, np.int64(30)): {'cpu': 1}}","{((0, 2), (np.int64(17), 30)): {'bw': 37}, ((0, 3), (np.int64(17), 58)): {'bw': 26}, ((0, 4), (np.int64(17), 4)): {'bw': 6}}",0.0,0.0,346.0,89.0,257.0,0.0,0.0,0.0,0.0,0.0,0.0,0.0,0.0,0.0,Route Failure,7.358284303896955,"{'node_level': {}, 'link_level': {}, 'path_level': {}}","{'node_level': {4: {'cpu': -50}, 7: {'cpu': -39}, 0: {'cpu': -22}, 5: {'cpu': -41}, 6: {'cpu': -84}, 1: {'cpu': -42}, 3: {'cpu': -72}, 2: {'cpu': -72}}, 'link_level': {(0, 2): {'bw': -62}, (0, 3): {'bw': -27}, (0, 4): {'bw': -90}, (1, 2): {'bw': -28}}, 'path_level': {(0, 2): {'latency': -11.160337384843583}, (0, 3): {'latency': -7.844764239081872}, (0, 4): {'latency': -3.0605808942276704}, (1, 2): {'latency': 7.358284303896955}}}","{'node_level': {4: {'cpu': 0}, 7: {'cpu': 0}, 0: {'cpu': 0}, 5: {'cpu': 0}, 6: {'cpu': 0}, 1: {'cpu': 0}, 3: {'cpu': 0}, 2: {'cpu': 0}}, 'link_level': {(0, 2): {'bw': 0}, (0, 3): {'bw': 0}, (0, 4): {'bw': 0}, (1, 2): {'bw': 0}}, 'path_level': {(0, 2): {'latency': 0}, (0, 3): {'latency': 0}, (0, 4): {'latency': 0}, (1, 2): {'latency': 7.358284303896955}}}",[],0.0,0.0,True,False,False,0,[],0,0.0,8.0,4.0
15,5,5,1113.0,1578.0,480991.92661319434,640462.6480252328,0.7053231939163498,0.7510069917367677,20,15,1,172.0,40280,7380,32900,0.036553524804177506,0.03795543599040885,14,394.14329398824503,172.0,6,6,False,"{3: np.int64(4), 5: np.int64(94), 2: np.int64(17), 0: np.int64(5), 1: np.int64(63), 4: np.int64(21)}","{(0, 1): []}","{(3, np.int64(4)): {'cpu': 11}, (5, np.int64(94)): {'cpu': 15}, (2, np.int64(17)): {'cpu': 9}, (0, np.int64(5)): {'cpu': 10}, (1, np.int64(63)): {'cpu': 11}, (4, np.int64(21)): {'cpu': 2}}",{},0.0,0.0,194.0,58.0,136.0,0.0,0.0,0.0,0.0,0.0,0.0,0.0,0.0,0.0,Route Failure,8.320262491617214,"{'node_level': {}, 'link_level': {}, 'path_level': {}}","{'node_level': {3: {'cpu': -59}, 5: {'cpu': -37}, 2: {'cpu': -26}, 0: {'cpu': -48}, 1: {'cpu': -81}, 4: {'cpu': -56}}, 'link_level': {(0, 1): {'bw': -22}}, 'path_level': {(0, 1): {'latency': 8.320262491617214}}}","{'node_level': {3: {'cpu': 0}, 5: {'cpu': 0}, 2: {'cpu': 0}, 0: {'cpu': 0}, 1: {'cpu': 0}, 4: {'cpu': 0}}, 'link_level': {(0, 1): {'bw': 0}}, 'path_level': {(0, 1): {'latency': 8.320262491617214}}}",[],0.0,0.0,True,False,False,0,[],0,0.0,6.0,1.0
16,5,5,1113.0,1578.0,480991.92661319434,640462.6480252328,0.7053231939163498,0.7510069917367677,20,16,1,186.0,40280,7380,32900,0.036553524804177506,0.03795543599040885,15,231.8964216936151,186.0,5,6,False,"{4: np.int64(4), 1: np.int64(94), 0: np.int64(17), 3: np.int64(5), 2: np.int64(63)}","{(0, 1): [(np.int64(17), 4), (4, np.int64(94))], (0, 4): [(np.int64(17), 4)], (1, 3): [(np.int64(94), 5)], (2, 3): [(np.int64(63), 94), (94, np.int64(5))], (2, 4): [(np.int64(63), 59), (59, 83), (83, np.int64(4))], (3, 4): []}","{(4, np.int64(4)): {'cpu': 14}, (1, np.int64(94)): {'cpu': 19}, (0, np.int64(17)): {'cpu': 11}, (3, np.int64(5)): {'cpu': 7}, (2, np.int64(63)): {'cpu': 4}}","{((0, 1), (np.int64(17), 4)): {'bw': 41}, ((0, 1), (4, np.int64(94))): {'bw': 41}, ((0, 4), (np.int64(17), 4)): {'bw': 42}, ((1, 3), (np.int64(94), 5)): {'bw': 39}, ((2, 3), (np.int64(63), 94)): {'bw': 3}, ((2, 3), (94, np.int64(5))): {'bw': 3}, ((2, 4), (np.int64(63), 59)): {'bw': 29}, ((2, 4), (59, 83)): {'bw': 29}, ((2, 4), (83, np.int64(4))): {'bw': 29}}",0.0,0.0,258.0,55.0,203.0,0.0,0.0,0.0,0.0,0.0,0.0,0.0,0.0,0.0,Route Failure,4.558165580261955,"{'node_level': {}, 'link_level': {}, 'path_level': {}}","{'node_level': {4: {'cpu': -56}, 1: {'cpu': -33}, 0: {'cpu': -24}, 3: {'cpu': -51}, 2: {'cpu': -88}}, 'link_level': {(0, 1): {'bw': -55}, (0, 4): {'bw': -13}, (1, 3): {'bw': -15}, (2, 3): {'bw': -12}, (2, 4): {'bw': -53}, (3, 4): {'bw': -11}}, 'path_level': {(0, 1): {'latency': -9.060531451673386}, (0, 4): {'latency': -13.21947923921358}, (1, 3): {'latency': -4.827410693760022}, (2, 3): {'latency': -6.598142487974842}, (2, 4): {'latency': -1.6246783086759624}, (3, 4): {'latency': 4.558165580261955}}}","{'node_level': {4: {'cpu': 0}, 1: {'cpu': 0}, 0: {'cpu': 0}, 3: {'cpu': 0}, 2: {'cpu': 0}}, 'link_level': {(0, 1): {'bw': 0}, (0, 4): {'bw': 0}, (1, 3): {'bw': 0}, (2, 3): {'bw': 0}, (2, 4): {'bw': 0}, (3, 4): {'bw': 0}}, 'path_level': {(0, 1): {'latency': 0}, (0, 4): {'latency': 0}, (1, 3): {'latency': 0}, (2, 3): {'latency': 0}, (2, 4): {'latency': 0}, (3, 4): {'latency': 4.558165580261955}}}",[],0.0,0.0,True,False,False,0,[],0,0.0,5.0,6.0
17,6,6,1156.0,1621.0,484157.9012693977,643628.6226814361,0.7131400370141888,0.7522317749828096,20,17,1,198.0,40237,7343,32894,0.04138381201044383,0.03813088484706706,16,73.62731758612445,198.0,2,1,True,"{0: np.int64(4), 1: np.int64(94)}","{(0, 1): [(np.int64(4), 94)]}","{(0, np.int64(4)): {'cpu': 19}, (1, np.int64(94)): {'cpu': 18}}","{((0, 1), (np.int64(4), 94)): {'bw': 6}}",43.0,43.0,43.0,37.0,6.0,37.0,6.0,37.0,6.0,0.0,1.0,3165.974656203351,3165.974656203351,73.62731758612445,Success,0.0,"{'node_level': {}, 'link_level': {}, 'path_level': {}}","{'node_level': {0: {'cpu': -51}, 1: {'cpu': -34}}, 'link_level': {(0, 1): {'bw': -90}}, 'path_level': {(0, 1): {'latency': -7.608999013934669}}}","{'node_level': {0: {'cpu': 0}, 1: {'cpu': 0}}, 'link_level': {(0, 1): {'bw': 0}}, 'path_level': {(0, 1): {'latency': 0}}}",[],0.0,0.0,True,True,False,0,[],0,0.0,2.0,1.0
17,6,6,1156.0,1621.0,484157.9012693977,643628.6226814361,0.7131400370141888,0.7522317749828096,20,18,0,211.04396962673684,40237,7343,32894,0.04138381201044383,0.03813088484706706,10,83.04396962673685,128.0,10,22,False,{},{},{},{},0.0,0.0,0.0,0.0,0.0,0.0,0.0,0.0,0.0,0.0,0.0,0.0,0.0,0.0,Leave Event,0.0,"{'node_level': {}, 'link_level': {}, 'path_level': {}}","{'node_level': {}, 'link_level': {}, 'path_level': {}}","{'node_level': {}, 'link_level': {}, 'path_level': {}}",[],0.0,0.0,True,True,False,0,[],0,0.0,,
17,6,5,1156.0,1621.0,484157.9012693977,643628.6226814361,0.7131400370141888,0.7522317749828096,20,19,0,212.64746365573802,41181,7429,33752,0.030156657963446465,0.013041698344932406,9,97.64746365573801,115.0,9,17,False,{},{},{},{},0.0,0.0,0.0,0.0,0.0,0.0,0.0,0.0,0.0,0.0,0.0,0.0,0.0,0.0,Leave Event,0.0,"{'node_level': {}, 'link_level': {}, 'path_level': {}}","{'node_level': {}, 'link_level': {}, 'path_level': {}}","{'node_level': {}, 'link_level': {}, 'path_level': {}}",[],0.0,0.0,True,True,False,0,[],0,0.0,,
18,6,5,1156.0,1621.0,484157.9012693977,643628.6226814361,0.7131400370141888,0.7522317749828096,20,20,1,214.0,41181,7429,33752,0.030156657963446465,0.013041698344932406,17,59.679200876715996,214.0,9,20,False,"{6: np.int64(25), 3: np.int64(33), 1: np.int64(64), 5: np.int64(0), 0: np.int64(86), 4: np.int64(78), 8: np.int64(77), 7: np.int64(63), 2: np.int64(59)}","{(0, 2): [(np.int64(86), 59)], (0, 4): []}","{(6, np.int64(25)): {'cpu': 8}, (3, np.int64(33)): {'cpu': 14}, (1, np.int64(64)): {'cpu': 12}, (5, np.int64(0)): {'cpu': 12}, (0, np.int64(86)): {'cpu': 6}, (4, np.int64(78)): {'cpu': 5}, (8, np.int64(77)): {'cpu': 5}, (7, np.int64(63)): {'cpu': 3}, (2, np.int64(59)): {'cpu': 2}}","{((0, 2), (np.int64(86), 59)): {'bw': 2}}",0.0,0.0,446.0,67.0,379.0,0.0,0.0,0.0,0.0,0.0,0.0,0.0,0.0,0.0,Route Failure,2.0506747588770424,"{'node_level': {}, 'link_level': {}, 'path_level': {}}","{'node_level': {6: {'cpu': -76}, 3: {'cpu': -78}, 1: {'cpu': -45}, 5: {'cpu': -84}, 0: {'cpu': -55}, 4: {'cpu': -77}, 8: {'cpu': -84}, 7: {'cpu': -89}, 2: {'cpu': -98}}, 'link_level': {(0, 2): {'bw': -90}, (0, 4): {'bw': -9}}, 'path_level': {(0, 2): {'latency': -11.192480661016328}, (0, 4): {'latency': 2.0506747588770424}}}","{'node_level': {6: {'cpu': 0}, 3: {'cpu': 0}, 1: {'cpu': 0}, 5: {'cpu': 0}, 0: {'cpu': 0}, 4: {'cpu': 0}, 8: {'cpu': 0}, 7: {'cpu': 0}, 2: {'cpu': 0}}, 'link_level': {(0, 2): {'bw': 0}, (0, 4): {'bw': 0}}, 'path_level': {(0, 2): {'latency': 0}, (0, 4): {'latency': 2.0506747588770424}}}",[],0.0,0.0,True,False,False,0,[],0,0.0,9.0,2.0
18,6,4,1156.0,1621.0,484157.9012693977,643628.6226814361,0.7131400370141888,0.7522317749828096,20,21,0,214.69301297939768,41348,7470,33878,0.024804177545691863,0.009357272355108526,6,134.69301297939768,80.0,4,4,False,{},{},{},{},0.0,0.0,0.0,0.0,0.0,0.0,0.0,0.0,0.0,0.0,0.0,0.0,0.0,0.0,Leave Event,0.0,"{'node_level': {}, 'link_level': {}, 'path_level': {}}","{'node_level': {}, 'link_level': {}, 'path_level': {}}","{'node_level': {}, 'link_level': {}, 'path_level': {}}",[],0.0,0.0,True,True,False,0,[],0,0.0,,
19,6,4,1156.0,1621.0,484157.9012693977,643628.6226814361,0.7131400370141888,0.7522317749828096,20,22,1,221.0,41348,7470,33878,0.024804177545691863,0.009357272355108526,18,37.514414820340164,221.0,7,9,False,"{4: np.int64(25), 0: np.int64(33), 6: np.int64(64), 5: np.int64(0), 1: np.int64(86), 3: np.int64(17), 2: np.int64(26)}","{(0, 1): [(np.int64(33), 86)], (0, 3): [(np.int64(33), 0), (0, np.int64(17))], (0, 4): [(np.int64(33), 25)], (1, 4): [(np.int64(86), 25)], (2, 5): []}","{(4, np.int64(25)): {'cpu': 10}, (0, np.int64(33)): {'cpu': 11}, (6, np.int64(64)): {'cpu': 9}, (5, np.int64(0)): {'cpu': 9}, (1, np.int64(86)): {'cpu': 6}, (3, np.int64(17)): {'cpu': 2}, (2, np.int64(26)): {'cpu': 1}}","{((0, 1), (np.int64(33), 86)): {'bw': 9}, ((0, 3), (np.int64(33), 0)): {'bw': 35}, ((0, 3), (0, np.int64(17))): {'bw': 35}, ((0, 4), (np.int64(33), 25)): {'bw': 42}, ((1, 4), (np.int64(86), 25)): {'bw': 17}}",0.0,0.0,317.0,48.0,269.0,0.0,0.0,0.0,0.0,0.0,0.0,0.0,0.0,0.0,Route Failure,7.804246750921678,"{'node_level': {}, 'link_level': {}, 'path_level': {}}","{'node_level': {4: {'cpu': -74}, 0: {'cpu': -81}, 6: {'cpu': -48}, 5: {'cpu': -87}, 1: {'cpu': -55}, 3: {'cpu': -51}, 2: {'cpu': -79}}, 'link_level': {(0, 1): {'bw': -49}, (0, 3): {'bw': -26}, (0, 4): {'bw': -34}, (1, 4): {'bw': -51}, (2, 5): {'bw': -14}}, 'path_level': {(0, 1): {'latency': -2.771604295804322}, (0, 3): {'latency': -8.06747448613894}, (0, 4): {'latency': -3.8638172190531965}, (1, 4): {'latency': -5.362796808918757}, (2, 5): {'latency': 7.804246750921678}}}","{'node_level': {4: {'cpu': 0}, 0: {'cpu': 0}, 6: {'cpu': 0}, 5: {'cpu': 0}, 1: {'cpu': 0}, 3: {'cpu': 0}, 2: {'cpu': 0}}, 'link_level': {(0, 1): {'bw': 0}, (0, 3): {'bw': 0}, (0, 4): {'bw': 0}, (1, 4): {'bw': 0}, (2, 5): {'bw': 0}}, 'path_level': {(0, 1): {'latency': 0}, (0, 3): {'latency': 0}, (0, 4): {'latency': 0}, (1, 4): {'latency': 0}, (2, 5): {'latency': 7.804246750921678}}}",[],0.0,0.0,True,False,False,0,[],0,0.0,7.0,5.0
20,6,4,1156.0,1621.0,484157.9012693977,643628.6226814361,0.7131400370141888,0.7522317749828096,20,23,1,238.0,41348,7470,33878,0.024804177545691863,0.009357272355108526,19,107.36395941283955,238.0,7,12,False,"{3: np.int64(25), 1: np.int64(33), 6: np.int64(64), 5: np.int64(0), 4: np.int64(86), 0: np.int64(17), 2: np.int64(26)}","{(0, 3): [(np.int64(17), 26), (26, np.int64(25))], (0, 4): []}","{(3, np.int64(25)): {'cpu': 8}, (1, np.int64(33)): {'cpu': 17}, (6, np.int64(64)): {'cpu': 9}, (5, np.int64(0)): {'cpu': 7}, (4, np.int64(86)): {'cpu': 20}, (0, np.int64(17)): {'cpu': 6}, (2, np.int64(26)): {'cpu': 19}}","{((0, 3), (np.int64(17), 26)): {'bw': 39}, ((0, 3), (26, np.int64(25))): {'bw': 39}}",0.0,0.0,367.0,86.0,281.0,0.0,0.0,0.0,0.0,0.0,0.0,0.0,0.0,0.0,Route Failure,2.1316376114328417,"{'node_level': {}, 'link_level': {}, 'path_level': {}}","{'node_level': {3: {'cpu': -76}, 1: {'cpu': -75}, 6: {'cpu': -48}, 5: {'cpu': -89}, 4: {'cpu': -41}, 0: {'cpu': -47}, 2: {'cpu': -61}}, 'link_level': {(0, 3): {'bw': -25}, (0, 4): {'bw': -33}}, 'path_level': {(0, 3): {'latency': -7.042846600024723}, (0, 4): {'latency': 2.1316376114328417}}}","{'node_level': {3: {'cpu': 0}, 1: {'cpu': 0}, 6: {'cpu': 0}, 5: {'cpu': 0}, 4: {'cpu': 0}, 0: {'cpu': 0}, 2: {'cpu': 0}}, 'link_level': {(0, 3): {'bw': 0}, (0, 4): {'bw': 0}}, 'path_level': {(0, 3): {'latency': 0}, (0, 4): {'latency': 2.1316376114328417}}}",[],0.0,0.0,True,False,False,0,[],0,0.0,7.0,2.0
21,6,4,1156.0,1621.0,484157.9012693977,643628.6226814361,0.7131400370141888,0.7522317749828096,20,24,1,249.0,41348,7470,33878,0.024804177545691863,0.009357272355108526,20,1.4654455115253726,249.0,8,16,False,"{6: np.int64(25), 3: np.int64(33), 1: np.int64(64), 2: np.int64(0), 7: np.int64(86), 4: np.int64(17), 5: np.int64(26), 0: np.int64(21)}","{(0, 2): [(np.int64(21), 17), (17, np.int64(0))], (0, 3): [(np.int64(21), 60), (60, np.int64(33))], (0, 4): []}","{(6, np.int64(25)): {'cpu': 19}, (3, np.int64(33)): {'cpu': 17}, (1, np.int64(64)): {'cpu': 8}, (2, np.int64(0)): {'cpu': 12}, (7, np.int64(86)): {'cpu': 11}, (4, np.int64(17)): {'cpu': 9}, (5, np.int64(26)): {'cpu': 11}, (0, np.int64(21)): {'cpu': 2}}","{((0, 2), (np.int64(21), 17)): {'bw': 9}, ((0, 2), (17, np.int64(0))): {'bw': 9}, ((0, 3), (np.int64(21), 60)): {'bw': 46}, ((0, 3), (60, np.int64(33))): {'bw': 46}}",0.0,0.0,470.0,89.0,381.0,0.0,0.0,0.0,0.0,0.0,0.0,0.0,0.0,0.0,Route Failure,4.59203006435326,"{'node_level': {}, 'link_level': {}, 'path_level': {}}","{'node_level': {6: {'cpu': -65}, 3: {'cpu': -75}, 1: {'cpu': -49}, 2: {'cpu': -84}, 7: {'cpu': -50}, 4: {'cpu': -44}, 5: {'cpu': -69}, 0: {'cpu': -57}}, 'link_level': {(0, 2): {'bw': -52}, (0, 3): {'bw': -12}, (0, 4): {'bw': -33}}, 'path_level': {(0, 2): {'latency': -3.289048948299145}, (0, 3): {'latency': -8.74847852669378}, (0, 4): {'latency': 4.59203006435326}}}","{'node_level': {6: {'cpu': 0}, 3: {'cpu': 0}, 1: {'cpu': 0}, 2: {'cpu': 0}, 7: {'cpu': 0}, 4: {'cpu': 0}, 5: {'cpu': 0}, 0: {'cpu': 0}}, 'link_level': {(0, 2): {'bw': 0}, (0, 3): {'bw': 0}, (0, 4): {'bw': 0}}, 'path_level': {(0, 2): {'latency': 0}, (0, 3): {'latency': 0}, (0, 4): {'latency': 4.59203006435326}}}",[],0.0,0.0,True,False,False,0,[],0,0.0,8.0,3.0
21,6,4,1156.0,1621.0,484157.9012693977,643628.6226814361,0.7131400370141888,0.7522317749828096,20,25,0,250.46544551152536,41348,7470,33878,0.024804177545691863,0.009357272355108526,20,1.4654455115253726,249.0,8,16,False,{},{},{},{},0.0,0.0,0.0,0.0,0.0,0.0,0.0,0.0,0.0,0.0,0.0,0.0,0.0,0.0,Leave Event,0.0,"{'node_level': {}, 'link_level': {}, 'path_level': {}}","{'node_level': {}, 'link_level': {}, 'path_level': {}}","{'node_level': {}, 'link_level': {}, 'path_level': {}}",[],0.0,0.0,True,True,False,0,[],0,0.0,,
22,6,4,1156.0,1621.0,484157.9012693977,643628.6226814361,0.7131400370141888,0.7522317749828096,20,26,1,258.0,41348,7470,33878,0.024804177545691863,0.009357272355108526,21,1046.9441220081633,258.0,8,16,False,"{6: np.int64(25), 7: np.int64(33), 2: np.int64(64), 0: np.int64(0), 5: np.int64(86), 3: np.int64(17), 4: np.int64(26), 1: np.int64(21)}","{(0, 1): []}","{(6, np.int64(25)): {'cpu': 12}, (7, np.int64(33)): {'cpu': 18}, (2, np.int64(64)): {'cpu': 7}, (0, np.int64(0)): {'cpu': 6}, (5, np.int64(86)): {'cpu': 12}, (3, np.int64(17)): {'cpu': 6}, (4, np.int64(26)): {'cpu': 2}, (1, np.int64(21)): {'cpu': 1}}",{},0.0,0.0,581.0,64.0,517.0,0.0,0.0,0.0,0.0,0.0,0.0,0.0,0.0,0.0,Route Failure,3.0066654754490534,"{'node_level': {}, 'link_level': {}, 'path_level': {}}","{'node_level': {6: {'cpu': -72}, 7: {'cpu': -74}, 2: {'cpu': -50}, 0: {'cpu': -90}, 5: {'cpu': -49}, 3: {'cpu': -47}, 4: {'cpu': -78}, 1: {'cpu': -58}}, 'link_level': {(0, 1): {'bw': -3}}, 'path_level': {(0, 1): {'latency': 3.0066654754490534}}}","{'node_level': {6: {'cpu': 0}, 7: {'cpu': 0}, 2: {'cpu': 0}, 0: {'cpu': 0}, 5: {'cpu': 0}, 3: {'cpu': 0}, 4: {'cpu': 0}, 1: {'cpu': 0}}, 'link_level': {(0, 1): {'bw': 0}}, 'path_level': {(0, 1): {'latency': 3.0066654754490534}}}",[],0.0,0.0,True,False,False,0,[],0,0.0,8.0,1.0
22,6,4,1156.0,1621.0,484157.9012693977,643628.6226814361,0.7131400370141888,0.7522317749828096,20,27,0,258.51441482034016,41348,7470,33878,0.024804177545691863,0.009357272355108526,18,37.514414820340164,221.0,7,9,False,{},{},{},{},0.0,0.0,0.0,0.0,0.0,0.0,0.0,0.0,0.0,0.0,0.0,0.0,0.0,0.0,Leave Event,0.0,"{'node_level': {}, 'link_level': {}, 'path_level': {}}","{'node_level': {}, 'link_level': {}, 'path_level': {}}","{'node_level': {}, 'link_level': {}, 'path_level': {}}",[],0.0,0.0,True,True,False,0,[],0,0.0,,
23,6,4,1156.0,1621.0,484157.9012693977,643628.6226814361,0.7131400370141888,0.7522317749828096,20,28,1,269.0,41348,7470,33878,0.024804177545691863,0.009357272355108526,22,1383.3789554898487,269.0,10,22,False,"{7: np.int64(25), 0: np.int64(33), 6: np.int64(64), 1: np.int64(0), 9: np.int64(86), 4: np.int64(17), 3: np.int64(26), 8: np.int64(21), 5: np.int64(63), 2: np.int64(96)}","{(0, 1): [(np.int64(33), 0)], (0, 4): [(np.int64(33), 0), (0, np.int64(17))], (0, 7): [(np.int64(33), 25)], (1, 4): [(np.int64(0), 17)], (1, 5): []}","{(7, np.int64(25)): {'cpu': 15}, (0, np.int64(33)): {'cpu': 20}, (6, np.int64(64)): {'cpu': 15}, (1, np.int64(0)): {'cpu': 14}, (9, np.int64(86)): {'cpu': 12}, (4, np.int64(17)): {'cpu': 10}, (3, np.int64(26)): {'cpu': 11}, (8, np.int64(21)): {'cpu': 9}, (5, np.int64(63)): {'cpu': 10}, (2, np.int64(96)): {'cpu': 1}}","{((0, 1), (np.int64(33), 0)): {'bw': 11}, ((0, 4), (np.int64(33), 0)): {'bw': 47}, ((0, 4), (0, np.int64(17))): {'bw': 47}, ((0, 7), (np.int64(33), 25)): {'bw': 35}, ((1, 4), (np.int64(0), 17)): {'bw': 14}}",0.0,0.0,647.0,117.0,530.0,0.0,0.0,0.0,0.0,0.0,0.0,0.0,0.0,0.0,Route Failure,5.104967587030361,"{'node_level': {}, 'link_level': {}, 'path_level': {}}","{'node_level': {7: {'cpu': -69}, 0: {'cpu': -72}, 6: {'cpu': -42}, 1: {'cpu': -82}, 9: {'cpu': -49}, 4: {'cpu': -43}, 3: {'cpu': -69}, 8: {'cpu': -50}, 5: {'cpu': -82}, 2: {'cpu': -81}}, 'link_level': {(0, 1): {'bw': -74}, (0, 4): {'bw': -14}, (0, 7): {'bw': -41}, (1, 4): {'bw': 0}, (1, 5): {'bw': -31}}, 'path_level': {(0, 1): {'latency': -10.57047666205236}, (0, 4): {'latency': -6.684181663446557}, (0, 7): {'latency': -2.8524565493645935}, (1, 4): {'latency': -4.181953283164777}, (1, 5): {'latency': 5.104967587030361}}}","{'node_level': {7: {'cpu': 0}, 0: {'cpu': 0}, 6: {'cpu': 0}, 1: {'cpu': 0}, 9: {'cpu': 0}, 4: {'cpu': 0}, 3: {'cpu': 0}, 8: {'cpu': 0}, 5: {'cpu': 0}, 2: {'cpu': 0}}, 'link_level': {(0, 1): {'bw': 0}, (0, 4): {'bw': 0}, (0, 7): {'bw': 0}, (1, 4): {'bw': 0}, (1, 5): {'bw': 0}}, 'path_level': {(0, 1): {'latency': 0}, (0, 4): {'latency': 0}, (0, 7): {'latency': 0}, (1, 4): {'latency': 0}, (1, 5): {'latency': 5.104967587030361}}}",[],0.0,0.0,True,False,False,0,[],0,0.0,10.0,5.0
23,6,3,1156.0,1621.0,484157.9012693977,643628.6226814361,0.7131400370141888,0.7522317749828096,20,29,0,271.62731758612443,41391,7507,33884,0.019973890339425537,0.009181823498450203,16,73.62731758612445,198.0,2,1,False,{},{},{},{},0.0,0.0,0.0,0.0,0.0,0.0,0.0,0.0,0.0,0.0,0.0,0.0,0.0,0.0,Leave Event,0.0,"{'node_level': {}, 'link_level': {}, 'path_level': {}}","{'node_level': {}, 'link_level': {}, 'path_level': {}}","{'node_level': {}, 'link_level': {}, 'path_level': {}}",[],0.0,0.0,True,True,False,0,[],0,0.0,,
23,6,3,1156.0,1621.0,484157.9012693977,643628.6226814361,0.7131400370141888,0.7522317749828096,20,30,0,273.679200876716,41391,7507,33884,0.019973890339425537,0.009181823498450203,17,59.679200876715996,214.0,9,20,False,{},{},{},{},0.0,0.0,0.0,0.0,0.0,0.0,0.0,0.0,0.0,0.0,0.0,0.0,0.0,0.0,Leave Event,0.0,"{'node_level': {}, 'link_level': {}, 'path_level': {}}","{'node_level': {}, 'link_level': {}, 'path_level': {}}","{'node_level': {}, 'link_level': {}, 'path_level': {}}",[],0.0,0.0,True,True,False,0,[],0,0.0,,
24,7,4,1282.0,1770.0,528160.7178414329,695663.6994213825,0.7242937853107345,0.7592184532278025,20,31,1,286.0,41242,7469,33773,0.024934725848563932,0.0124276273466285,23,349.2287029526604,286.0,4,4,True,"{0: np.int64(25), 2: np.int64(33), 1: np.int64(64), 3: np.int64(0)}","{(0, 2): [(np.int64(25), 33)], (0, 3): [(np.int64(25), 33), (33, np.int64(0))], (1, 2): [(np.int64(64), 33)], (1, 3): [(np.int64(64), 0)]}","{(0, np.int64(25)): {'cpu': 14}, (2, np.int64(33)): {'cpu': 16}, (1, np.int64(64)): {'cpu': 6}, (3, np.int64(0)): {'cpu': 2}}","{((0, 2), (np.int64(25), 33)): {'bw': 39}, ((0, 3), (np.int64(25), 33)): {'bw': 23}, ((0, 3), (33, np.int64(0))): {'bw': 23}, ((1, 2), (np.int64(64), 33)): {'bw': 11}, ((1, 3), (np.int64(64), 0)): {'bw': 15}}",149.0,126.0,126.0,38.0,88.0,38.0,88.0,38.0,111.0,23.0,0.8456375838926175,52035.0767399464,44002.81657203521,295.32091659084034,Success,0.0,"{'node_level': {}, 'link_level': {}, 'path_level': {}}","{'node_level': {0: {'cpu': -70}, 2: {'cpu': -76}, 1: {'cpu': -51}, 3: {'cpu': -94}}, 'link_level': {(0, 2): {'bw': -37}, (0, 3): {'bw': -14}, (1, 2): {'bw': -72}, (1, 3): {'bw': -54}}, 'path_level': {(0, 2): {'latency': -1.2619883113602568}, (0, 3): {'latency': -4.208990287481641}, (1, 2): {'latency': -1.200392646537062}, (1, 3): {'latency': -6.2184182298589565}}}","{'node_level': {0: {'cpu': 0}, 2: {'cpu': 0}, 1: {'cpu': 0}, 3: {'cpu': 0}}, 'link_level': {(0, 2): {'bw': 0}, (0, 3): {'bw': 0}, (1, 2): {'bw': 0}, (1, 3): {'bw': 0}}, 'path_level': {(0, 2): {'latency': 0}, (0, 3): {'latency': 0}, (1, 2): {'latency': 0}, (1, 3): {'latency': 0}}}",[],0.0,0.0,True,True,False,0,[],0,0.0,4.0,4.0
25,7,4,1282.0,1770.0,528160.7178414329,695663.6994213825,0.7242937853107345,0.7592184532278025,20,32,1,294.0,41242,7469,33773,0.024934725848563932,0.0124276273466285,24,688.1617488701635,294.0,7,12,False,"{0: np.int64(34), 2: np.int64(17), 5: np.int64(98), 1: np.int64(94), 3: np.int64(4), 6: np.int64(63), 4: np.int64(21)}","{(0, 1): [(np.int64(34), 17), (17, np.int64(94))], (0, 2): [(np.int64(34), 98), (98, np.int64(17))], (0, 3): [(np.int64(34), 17), (17, np.int64(4))], (0, 5): [(np.int64(34), 17), (17, np.int64(98))], (1, 2): [(np.int64(94), 4), (4, np.int64(17))], (1, 4): [(np.int64(94), 2), (2, np.int64(21))], (2, 3): [(np.int64(17), 4)], (2, 4): [(np.int64(17), 21)], (2, 5): [(np.int64(17), 58), (58, np.int64(98))], (3, 6): []}","{(0, np.int64(34)): {'cpu': 9}, (2, np.int64(17)): {'cpu': 6}, (5, np.int64(98)): {'cpu': 15}, (1, np.int64(94)): {'cpu': 7}, (3, np.int64(4)): {'cpu': 15}, (6, np.int64(63)): {'cpu': 1}, (4, np.int64(21)): {'cpu': 1}}","{((0, 1), (np.int64(34), 17)): {'bw': 44}, ((0, 1), (17, np.int64(94))): {'bw': 44}, ((0, 2), (np.int64(34), 98)): {'bw': 50}, ((0, 2), (98, np.int64(17))): {'bw': 50}, ((0, 3), (np.int64(34), 17)): {'bw': 11}, ((0, 3), (17, np.int64(4))): {'bw': 11}, ((0, 5), (np.int64(34), 17)): {'bw': 17}, ((0, 5), (17, np.int64(98))): {'bw': 17}, ((1, 2), (np.int64(94), 4)): {'bw': 41}, ((1, 2), (4, np.int64(17))): {'bw': 41}, ((1, 4), (np.int64(94), 2)): {'bw': 19}, ((1, 4), (2, np.int64(21))): {'bw': 19}, ((2, 3), (np.int64(17), 4)): {'bw': 23}, ((2, 4), (np.int64(17), 21)): {'bw': 11}, ((2, 5), (np.int64(17), 58)): {'bw': 11}, ((2, 5), (58, np.int64(98))): {'bw': 11}}",0.0,0.0,327.0,54.0,273.0,0.0,0.0,0.0,0.0,0.0,0.0,0.0,0.0,0.0,Route Failure,4.4824102612984404,"{'node_level': {}, 'link_level': {}, 'path_level': {}}","{'node_level': {0: {'cpu': -74}, 2: {'cpu': -47}, 5: {'cpu': -78}, 1: {'cpu': -49}, 3: {'cpu': -55}, 6: {'cpu': -91}, 4: {'cpu': -58}}, 'link_level': {(0, 1): {'bw': -17}, (0, 2): {'bw': -4}, (0, 3): {'bw': -22}, (0, 5): {'bw': -5}, (1, 2): {'bw': -44}, (1, 4): {'bw': -54}, (2, 3): {'bw': -21}, (2, 4): {'bw': -57}, (2, 5): {'bw': -42}, (3, 6): {'bw': -53}}, 'path_level': {(0, 1): {'latency': -5.293512852521994}, (0, 2): {'latency': -0.08131570495415019}, (0, 3): {'latency': -8.495012911362972}, (0, 5): {'latency': -3.056400109099993}, (1, 2): {'latency': -3.8267129878656085}, (1, 4): {'latency': -5.9233779360027565}, (2, 3): {'latency': -5.763765387509075}, (2, 4): {'latency': -0.40910400887486453}, (2, 5): {'latency': -3.071460881626882}, (3, 6): {'latency': 4.4824102612984404}}}","{'node_level': {0: {'cpu': 0}, 2: {'cpu': 0}, 5: {'cpu': 0}, 1: {'cpu': 0}, 3: {'cpu': 0}, 6: {'cpu': 0}, 4: {'cpu': 0}}, 'link_level': {(0, 1): {'bw': 0}, (0, 2): {'bw': 0}, (0, 3): {'bw': 0}, (0, 5): {'bw': 0}, (1, 2): {'bw': 0}, (1, 4): {'bw': 0}, (2, 3): {'bw': 0}, (2, 4): {'bw': 0}, (2, 5): {'bw': 0}, (3, 6): {'bw': 0}}, 'path_level': {(0, 1): {'latency': 0}, (0, 2): {'latency': 0}, (0, 3): {'latency': 0}, (0, 5): {'latency': 0}, (1, 2): {'latency': 0}, (1, 4): {'latency': 0}, (2, 3): {'latency': 0}, (2, 4): {'latency': 0}, (2, 5): {'latency': 0}, (3, 6): {'latency': 4.4824102612984404}}}",[],0.0,0.0,True,False,False,0,[],0,0.0,7.0,10.0
26,7,4,1282.0,1770.0,528160.7178414329,695663.6994213825,0.7242937853107345,0.7592184532278025,20,33,1,308.0,41242,7469,33773,0.024934725848563932,0.0124276273466285,25,334.8824333146168,308.0,10,26,False,"{9: np.int64(34), 5: np.int64(17), 8: np.int64(98), 6: np.int64(94), 4: np.int64(4), 3: np.int64(63), 2: np.int64(21), 7: np.int64(26), 1: np.int64(58), 0: np.int64(90)}","{(0, 5): [(np.int64(90), 5), (5, np.int64(17))], (1, 2): [(np.int64(58), 21)], (1, 3): [(np.int64(58), 21), (21, np.int64(63))], (1, 4): []}","{(9, np.int64(34)): {'cpu': 19}, (5, np.int64(17)): {'cpu': 17}, (8, np.int64(98)): {'cpu': 11}, (6, np.int64(94)): {'cpu': 10}, (4, np.int64(4)): {'cpu': 10}, (3, np.int64(63)): {'cpu': 6}, (2, np.int64(21)): {'cpu': 4}, (7, np.int64(26)): {'cpu': 7}, (1, np.int64(58)): {'cpu': 1}, (0, np.int64(90)): {'cpu': 12}}","{((0, 5), (np.int64(90), 5)): {'bw': 11}, ((0, 5), (5, np.int64(17))): {'bw': 11}, ((1, 2), (np.int64(58), 21)): {'bw': 15}, ((1, 3), (np.int64(58), 21)): {'bw': 10}, ((1, 3), (21, np.int64(63))): {'bw': 10}}",0.0,0.0,658.0,97.0,561.0,0.0,0.0,0.0,0.0,0.0,0.0,0.0,0.0,0.0,Route Failure,0.8541987783412379,"{'node_level': {}, 'link_level': {}, 'path_level': {}}","{'node_level': {9: {'cpu': -64}, 5: {'cpu': -36}, 8: {'cpu': -82}, 6: {'cpu': -46}, 4: {'cpu': -60}, 3: {'cpu': -86}, 2: {'cpu': -55}, 7: {'cpu': -73}, 1: {'cpu': -72}, 0: {'cpu': -71}}, 'link_level': {(0, 5): {'bw': -42}, (1, 2): {'bw': -65}, (1, 3): {'bw': -51}, (1, 4): {'bw': -14}}, 'path_level': {(0, 5): {'latency': -3.4775914638192056}, (1, 2): {'latency': -11.641499642590933}, (1, 3): {'latency': -5.586566901886358}, (1, 4): {'latency': 0.8541987783412379}}}","{'node_level': {9: {'cpu': 0}, 5: {'cpu': 0}, 8: {'cpu': 0}, 6: {'cpu': 0}, 4: {'cpu': 0}, 3: {'cpu': 0}, 2: {'cpu': 0}, 7: {'cpu': 0}, 1: {'cpu': 0}, 0: {'cpu': 0}}, 'link_level': {(0, 5): {'bw': 0}, (1, 2): {'bw': 0}, (1, 3): {'bw': 0}, (1, 4): {'bw': 0}}, 'path_level': {(0, 5): {'latency': 0}, (1, 2): {'latency': 0}, (1, 3): {'latency': 0}, (1, 4): {'latency': 0.8541987783412379}}}",[],0.0,0.0,True,False,False,0,[],0,0.0,10.0,4.0
27,8,5,1348.0,1836.0,528290.3615646663,695793.3431446159,0.7342047930283224,0.7592633168593922,20,34,1,320.0,41176,7452,33724,0.027154046997388992,0.013860459676004466,26,1.9642988368691492,320.0,3,2,True,"{0: np.int64(34), 2: np.int64(17), 1: np.int64(98)}","{(0, 1): [(np.int64(34), 98)], (0, 2): [(np.int64(34), 17)]}","{(0, np.int64(34)): {'cpu': 9}, (2, np.int64(17)): {'cpu': 6}, (1, np.int64(98)): {'cpu': 2}}","{((0, 1), (np.int64(34), 98)): {'bw': 35}, ((0, 2), (np.int64(34), 17)): {'bw': 14}}",66.0,66.0,66.0,17.0,49.0,17.0,49.0,17.0,49.0,0.0,1.0,129.64372323336386,129.64372323336386,1.9642988368691492,Success,0.0,"{'node_level': {}, 'link_level': {}, 'path_level': {}}","{'node_level': {0: {'cpu': -74}, 2: {'cpu': -47}, 1: {'cpu': -91}}, 'link_level': {(0, 1): {'bw': -19}, (0, 2): {'bw': -63}}, 'path_level': {(0, 1): {'latency': -1.2458801881822072}, (0, 2): {'latency': -0.8449836673478508}}}","{'node_level': {0: {'cpu': 0}, 2: {'cpu': 0}, 1: {'cpu': 0}}, 'link_level': {(0, 1): {'bw': 0}, (0, 2): {'bw': 0}}, 'path_level': {(0, 1): {'latency': 0}, (0, 2): {'latency': 0}}}",[],0.0,0.0,True,True,False,0,[],0,0.0,3.0,2.0
27,8,4,1348.0,1836.0,528290.3615646663,695793.3431446159,0.7342047930283224,0.7592633168593922,20,35,0,321.96429883686915,41242,7469,33773,0.024934725848563932,0.0124276273466285,26,1.9642988368691492,320.0,3,2,False,{},{},{},{},0.0,0.0,0.0,0.0,0.0,0.0,0.0,0.0,0.0,0.0,0.0,0.0,0.0,0.0,Leave Event,0.0,"{'node_level': {}, 'link_level': {}, 'path_level': {}}","{'node_level': {}, 'link_level': {}, 'path_level': {}}","{'node_level': {}, 'link_level': {}, 'path_level': {}}",[],0.0,0.0,True,True,False,0,[],0,0.0,,
28,9,5,1431.0,1919.0,554041.4893847462,721544.4709646958,0.7457008858780615,0.7678549440535519,20,36,1,334.0,41159,7440,33719,0.02872062663185382,0.014006667056553068,27,310.25455204915596,334.0,4,3,True,"{0: np.int64(34), 1: np.int64(17), 2: np.int64(98), 3: np.int64(94)}","{(0, 1): [(np.int64(34), 17)], (1, 3): [(np.int64(17), 94)], (2, 3): [(np.int64(98), 94)]}","{(0, np.int64(34)): {'cpu': 20}, (1, np.int64(17)): {'cpu': 2}, (2, np.int64(98)): {'cpu': 6}, (3, np.int64(94)): {'cpu': 1}}","{((0, 1), (np.int64(34), 17)): {'bw': 5}, ((1, 3), (np.int64(17), 94)): {'bw': 40}, ((2, 3), (np.int64(98), 94)): {'bw': 9}}",83.0,83.0,83.0,29.0,54.0,29.0,54.0,29.0,54.0,0.0,1.0,25751.127820079946,25751.127820079946,310.25455204915596,Success,0.0,"{'node_level': {}, 'link_level': {}, 'path_level': {}}","{'node_level': {0: {'cpu': -63}, 1: {'cpu': -51}, 2: {'cpu': -87}, 3: {'cpu': -55}}, 'link_level': {(0, 1): {'bw': -72}, (1, 3): {'bw': -21}, (2, 3): {'bw': -91}}, 'path_level': {(0, 1): {'latency': -11.333419081492515}, (1, 3): {'latency': -2.2852247556444527}, (2, 3): {'latency': -3.688199274287254}}}","{'node_level': {0: {'cpu': 0}, 1: {'cpu': 0}, 2: {'cpu': 0}, 3: {'cpu': 0}}, 'link_level': {(0, 1): {'bw': 0}, (1, 3): {'bw': 0}, (2, 3): {'bw': 0}}, 'path_level': {(0, 1): {'latency': 0}, (1, 3): {'latency': 0}, (2, 3): {'latency': 0}}}",[],0.0,0.0,True,True,False,0,[],0,0.0,4.0,3.0
28,9,4,1431.0,1919.0,554041.4893847462,721544.4709646958,0.7457008858780615,0.7678549440535519,20,37,0,337.2841253747539,41296,7483,33813,0.02310704960835508,0.011257968302239907,12,193.2841253747539,144.0,4,3,False,{},{},{},{},0.0,0.0,0.0,0.0,0.0,0.0,0.0,0.0,0.0,0.0,0.0,0.0,0.0,0.0,Leave Event,0.0,"{'node_level': {}, 'link_level': {}, 'path_level': {}}","{'node_level': {}, 'link_level': {}, 'path_level': {}}","{'node_level': {}, 'link_level': {}, 'path_level': {}}",[],0.0,0.0,True,True,False,0,[],0,0.0,,
29,9,4,1431.0,1919.0,554041.4893847462,721544.4709646958,0.7457008858780615,0.7678549440535519,20,38,1,344.0,41296,7483,33813,0.02310704960835508,0.011257968302239907,28,78.59734518214205,344.0,9,16,False,"{3: np.int64(34), 1: np.int64(99), 2: np.int64(41), 8: np.int64(18), 5: np.int64(4), 7: np.int64(17), 6: np.int64(63), 4: np.int64(21), 0: np.int64(77)}","{(0, 2): [(np.int64(77), 3), (3, np.int64(41))], (0, 3): [(np.int64(77), 3), (3, np.int64(34))], (0, 6): [(np.int64(77), 63)], (0, 8): [(np.int64(77), 16), (16, np.int64(18))], (1, 3): [(np.int64(99), 34)], (1, 4): [(np.int64(99), 63), (63, np.int64(21))], (1, 5): [(np.int64(99), 82), (82, np.int64(4))], (1, 6): [(np.int64(99), 63)], (1, 7): [(np.int64(99), 34), (34, np.int64(17))], (1, 8): []}","{(3, np.int64(34)): {'cpu': 19}, (1, np.int64(99)): {'cpu': 10}, (2, np.int64(41)): {'cpu': 13}, (8, np.int64(18)): {'cpu': 8}, (5, np.int64(4)): {'cpu': 9}, (7, np.int64(17)): {'cpu': 8}, (6, np.int64(63)): {'cpu': 9}, (4, np.int64(21)): {'cpu': 5}, (0, np.int64(77)): {'cpu': 4}}","{((0, 2), (np.int64(77), 3)): {'bw': 16}, ((0, 2), (3, np.int64(41))): {'bw': 16}, ((0, 3), (np.int64(77), 3)): {'bw': 16}, ((0, 3), (3, np.int64(34))): {'bw': 16}, ((0, 6), (np.int64(77), 63)): {'bw': 21}, ((0, 8), (np.int64(77), 16)): {'bw': 7}, ((0, 8), (16, np.int64(18))): {'bw': 7}, ((1, 3), (np.int64(99), 34)): {'bw': 7}, ((1, 4), (np.int64(99), 63)): {'bw': 12}, ((1, 4), (63, np.int64(21))): {'bw': 12}, ((1, 5), (np.int64(99), 82)): {'bw': 43}, ((1, 5), (82, np.int64(4))): {'bw': 43}, ((1, 6), (np.int64(99), 63)): {'bw': 25}, ((1, 7), (np.int64(99), 34)): {'bw': 46}, ((1, 7), (34, np.int64(17))): {'bw': 46}}",0.0,0.0,469.0,85.0,384.0,0.0,0.0,0.0,0.0,0.0,0.0,0.0,0.0,0.0,Route Failure,8.111548274019992,"{'node_level': {}, 'link_level': {}, 'path_level': {}}","{'node_level': {3: {'cpu': -56}, 1: {'cpu': -62}, 2: {'cpu': -52}, 8: {'cpu': -42}, 5: {'cpu': -61}, 7: {'cpu': -43}, 6: {'cpu': -83}, 4: {'cpu': -54}, 0: {'cpu': -85}}, 'link_level': {(0, 2): {'bw': -44}, (0, 3): {'bw': -28}, (0, 6): {'bw': -60}, (0, 8): {'bw': -81}, (1, 3): {'bw': -80}, (1, 4): {'bw': -41}, (1, 5): {'bw': -56}, (1, 6): {'bw': -16}, (1, 7): {'bw': -26}, (1, 8): {'bw': -22}}, 'path_level': {(0, 2): {'latency': -4.360895781049578}, (0, 3): {'latency': -10.085810280160306}, (0, 6): {'latency': -6.684328623010634}, (0, 8): {'latency': -7.706826448205839}, (1, 3): {'latency': -10.005707651955728}, (1, 4): {'latency': -9.209246560542354}, (1, 5): {'latency': -6.170294973369533}, (1, 6): {'latency': -1.0277673060301478}, (1, 7): {'latency': -0.614725994769179}, (1, 8): {'latency': 8.111548274019992}}}","{'node_level': {3: {'cpu': 0}, 1: {'cpu': 0}, 2: {'cpu': 0}, 8: {'cpu': 0}, 5: {'cpu': 0}, 7: {'cpu': 0}, 6: {'cpu': 0}, 4: {'cpu': 0}, 0: {'cpu': 0}}, 'link_level': {(0, 2): {'bw': 0}, (0, 3): {'bw': 0}, (0, 6): {'bw': 0}, (0, 8): {'bw': 0}, (1, 3): {'bw': 0}, (1, 4): {'bw': 0}, (1, 5): {'bw': 0}, (1, 6): {'bw': 0}, (1, 7): {'bw': 0}, (1, 8): {'bw': 0}}, 'path_level': {(0, 2): {'latency': 0}, (0, 3): {'latency': 0}, (0, 6): {'latency': 0}, (0, 8): {'latency': 0}, (1, 3): {'latency': 0}, (1, 4): {'latency': 0}, (1, 5): {'latency': 0}, (1, 6): {'latency': 0}, (1, 7): {'latency': 0}, (1, 8): {'latency': 8.111548274019992}}}",[],0.0,0.0,True,False,False,0,[],0,0.0,9.0,10.0
29,9,4,1431.0,1919.0,554041.4893847462,721544.4709646958,0.7457008858780615,0.7678549440535519,20,39,0,345.36395941283956,41296,7483,33813,0.02310704960835508,0.011257968302239907,19,107.36395941283955,238.0,7,12,False,{},{},{},{},0.0,0.0,0.0,0.0,0.0,0.0,0.0,0.0,0.0,0.0,0.0,0.0,0.0,0.0,Leave Event,0.0,"{'node_level': {}, 'link_level': {}, 'path_level': {}}","{'node_level': {}, 'link_level': {}, 'path_level': {}}","{'node_level': {}, 'link_level': {}, 'path_level': {}}",[],0.0,0.0,True,True,False,0,[],0,0.0,,
30,10,5,1484.0,1972.0,563828.4215924268,731331.4031723764,0.7525354969574036,0.7709615902539484,20,40,1,355.0,41243,7465,33778,0.025456919060052208,0.012281419966079898,29,184.65909825812642,355.0,2,1,True,"{0: np.int64(34), 1: np.int64(99)}","{(0, 1): [(np.int64(34), 99)]}","{(0, np.int64(34)): {'cpu': 10}, (1, np.int64(99)): {'cpu': 8}}","{((0, 1), (np.int64(34), 99)): {'bw': 35}}",53.0,53.0,53.0,18.0,35.0,18.0,35.0,18.0,35.0,0.0,1.0,9786.9322076807,9786.9322076807,184.65909825812642,Success,0.0,"{'node_level': {}, 'link_level': {}, 'path_level': {}}","{'node_level': {0: {'cpu': -65}, 1: {'cpu': -64}}, 'link_level': {(0, 1): {'bw': -52}}, 'path_level': {(0, 1): {'latency': -0.8796941481549414}}}","{'node_level': {0: {'cpu': 0}, 1: {'cpu': 0}}, 'link_level': {(0, 1): {'bw': 0}}, 'path_level': {(0, 1): {'latency': 0}}}",[],0.0,0.0,True,True,False,0,[],0,0.0,2.0,1.0
31,10,5,1484.0,1972.0,563828.4215924268,731331.4031723764,0.7525354969574036,0.7709615902539484,20,41,1,366.0,41243,7465,33778,0.025456919060052208,0.012281419966079898,30,699.6129781201174,366.0,10,25,False,"{5: np.int64(25), 0: np.int64(78), 7: np.int64(77), 3: np.int64(86), 9: np.int64(33), 2: np.int64(28), 1: np.int64(21), 4: np.int64(63), 6: np.int64(59), 8: np.int64(96)}","{(0, 1): [(np.int64(78), 58), (58, np.int64(21))], (0, 4): [(np.int64(78), 77), (77, np.int64(63))], (0, 5): []}","{(5, np.int64(25)): {'cpu': 17}, (0, np.int64(78)): {'cpu': 19}, (7, np.int64(77)): {'cpu': 12}, (3, np.int64(86)): {'cpu': 9}, (9, np.int64(33)): {'cpu': 17}, (2, np.int64(28)): {'cpu': 8}, (1, np.int64(21)): {'cpu': 9}, (4, np.int64(63)): {'cpu': 8}, (6, np.int64(59)): {'cpu': 4}, (8, np.int64(96)): {'cpu': 1}}","{((0, 1), (np.int64(78), 58)): {'bw': 26}, ((0, 1), (58, np.int64(21))): {'bw': 26}, ((0, 4), (np.int64(78), 77)): {'bw': 29}, ((0, 4), (77, np.int64(63))): {'bw': 29}}",0.0,0.0,629.0,104.0,525.0,0.0,0.0,0.0,0.0,0.0,0.0,0.0,0.0,0.0,Route Failure,5.748052501024176,"{'node_level': {}, 'link_level': {}, 'path_level': {}}","{'node_level': {5: {'cpu': -53}, 0: {'cpu': -63}, 7: {'cpu': -77}, 3: {'cpu': -52}, 9: {'cpu': -59}, 2: {'cpu': -56}, 1: {'cpu': -50}, 4: {'cpu': -84}, 6: {'cpu': -96}, 8: {'cpu': -81}}, 'link_level': {(0, 1): {'bw': -54}, (0, 4): {'bw': -50}, (0, 5): {'bw': -63}}, 'path_level': {(0, 1): {'latency': -8.575440515894012}, (0, 4): {'latency': -8.543670155693334}, (0, 5): {'latency': 5.748052501024176}}}","{'node_level': {5: {'cpu': 0}, 0: {'cpu': 0}, 7: {'cpu': 0}, 3: {'cpu': 0}, 9: {'cpu': 0}, 2: {'cpu': 0}, 1: {'cpu': 0}, 4: {'cpu': 0}, 6: {'cpu': 0}, 8: {'cpu': 0}}, 'link_level': {(0, 1): {'bw': 0}, (0, 4): {'bw': 0}, (0, 5): {'bw': 0}}, 'path_level': {(0, 1): {'latency': 0}, (0, 4): {'latency': 0}, (0, 5): {'latency': 5.748052501024176}}}",[],0.0,0.0,True,False,False,0,[],0,0.0,10.0,3.0
32,10,5,1484.0,1972.0,563828.4215924268,731331.4031723764,0.7525354969574036,0.7709615902539484,20,42,1,377.0,41243,7465,33778,0.025456919060052208,0.012281419966079898,31,703.9825256218024,377.0,5,5,False,"{1: np.int64(25), 4: np.int64(78), 2: np.int64(77), 0: np.int64(86), 3: np.int64(33)}","{(0, 1): [(np.int64(86), 25)], (0, 4): [(np.int64(86), 77), (77, np.int64(78))], (1, 2): [(np.int64(25), 78), (78, np.int64(77))], (1, 3): []}","{(1, np.int64(25)): {'cpu': 18}, (4, np.int64(78)): {'cpu': 13}, (2, np.int64(77)): {'cpu': 4}, (0, np.int64(86)): {'cpu': 1}, (3, np.int64(33)): {'cpu': 2}}","{((0, 1), (np.int64(86), 25)): {'bw': 33}, ((0, 4), (np.int64(86), 77)): {'bw': 45}, ((0, 4), (77, np.int64(78))): {'bw': 45}, ((1, 2), (np.int64(25), 78)): {'bw': 29}, ((1, 2), (78, np.int64(77))): {'bw': 29}}",0.0,0.0,192.0,38.0,154.0,0.0,0.0,0.0,0.0,0.0,0.0,0.0,0.0,0.0,Route Failure,0.835332946140249,"{'node_level': {}, 'link_level': {}, 'path_level': {}}","{'node_level': {1: {'cpu': -52}, 4: {'cpu': -69}, 2: {'cpu': -85}, 0: {'cpu': -60}, 3: {'cpu': -74}}, 'link_level': {(0, 1): {'bw': -35}, (0, 4): {'bw': -15}, (1, 2): {'bw': -5}, (1, 3): {'bw': -3}}, 'path_level': {(0, 1): {'latency': -7.4338899355457215}, (0, 4): {'latency': -5.512735813715268}, (1, 2): {'latency': -2.233779536542915}, (1, 3): {'latency': 0.835332946140249}}}","{'node_level': {1: {'cpu': 0}, 4: {'cpu': 0}, 2: {'cpu': 0}, 0: {'cpu': 0}, 3: {'cpu': 0}}, 'link_level': {(0, 1): {'bw': 0}, (0, 4): {'bw': 0}, (1, 2): {'bw': 0}, (1, 3): {'bw': 0}}, 'path_level': {(0, 1): {'latency': 0}, (0, 4): {'latency': 0}, (1, 2): {'latency': 0}, (1, 3): {'latency': 0.835332946140249}}}",[],0.0,0.0,True,False,False,0,[],0,0.0,5.0,4.0
33,11,6,1591.0,2079.0,697316.2813748616,864819.2629548112,0.7652717652717653,0.8063144650505987,22,43,1,392.0,41136,7430,33706,0.030026109660574396,0.014386806245979322,32,1247.5500914246238,392.0,3,2,True,"{0: np.int64(25), 1: np.int64(78), 2: np.int64(77)}","{(0, 1): [(np.int64(25), 78)], (1, 2): [(np.int64(78), 77)]}","{(0, np.int64(25)): {'cpu': 14}, (1, np.int64(78)): {'cpu': 7}, (2, np.int64(77)): {'cpu': 14}}","{((0, 1), (np.int64(25), 78)): {'bw': 40}, ((1, 2), (np.int64(78), 77)): {'bw': 32}}",107.0,107.0,107.0,35.0,72.0,35.0,72.0,35.0,72.0,0.0,1.0,133487.85978243474,133487.85978243474,1247.5500914246238,Success,0.0,"{'node_level': {}, 'link_level': {}, 'path_level': {}}","{'node_level': {0: {'cpu': -56}, 1: {'cpu': -75}, 2: {'cpu': -75}}, 'link_level': {(0, 1): {'bw': -55}, (1, 2): {'bw': -47}}, 'path_level': {(0, 1): {'latency': -4.984143298283465}, (1, 2): {'latency': -11.934418592941299}}}","{'node_level': {0: {'cpu': 0}, 1: {'cpu': 0}, 2: {'cpu': 0}}, 'link_level': {(0, 1): {'bw': 0}, (1, 2): {'bw': 0}}, 'path_level': {(0, 1): {'latency': 0}, (1, 2): {'latency': 0}}}",[],0.0,0.0,True,True,False,0,[],0,0.0,3.0,2.0
34,12,7,1657.0,2145.0,785877.8775309882,953380.8591109378,0.7724941724941725,0.8243063304877422,23,44,1,408.0,41070,7405,33665,0.03328981723237601,0.015585706766477525,33,1341.8423660019178,408.0,2,1,True,"{0: np.int64(90), 1: np.int64(22)}","{(0, 1): [(np.int64(90), 22)]}","{(0, np.int64(90)): {'cpu': 16}, (1, np.int64(22)): {'cpu': 9}}","{((0, 1), (np.int64(90), 22)): {'bw': 41}}",66.0,66.0,66.0,25.0,41.0,25.0,41.0,25.0,41.0,0.0,1.0,88561.59615612657,88561.59615612657,1341.8423660019178,Success,0.0,"{'node_level': {}, 'link_level': {}, 'path_level': {}}","{'node_level': {0: {'cpu': -67}, 1: {'cpu': -79}}, 'link_level': {(0, 1): {'bw': -37}}, 'path_level': {(0, 1): {'latency': -13.54679874681321}}}","{'node_level': {0: {'cpu': 0}, 1: {'cpu': 0}}, 'link_level': {(0, 1): {'bw': 0}}, 'path_level': {(0, 1): {'latency': 0}}}",[],0.0,0.0,True,True,False,0,[],0,0.0,2.0,1.0
35,13,8,1907.0,2410.0,797686.1821256767,965897.6619813076,0.7912863070539419,0.8258495837844919,25,45,1,416.0,40805,7335,33470,0.04242819843342038,0.02128779460787178,34,47.233218378753975,416.0,5,6,True,"{3: np.int64(34), 1: np.int64(41), 4: np.int64(18), 0: np.int64(3), 2: np.int64(93)}","{(0, 1): [(np.int64(3), 41)], (0, 2): [(np.int64(3), 93)], (0, 3): [(np.int64(3), 34)], (0, 4): [(np.int64(3), 34), (34, np.int64(18))], (1, 3): [(np.int64(41), 34)], (2, 4): [(np.int64(93), 18)]}","{(3, np.int64(34)): {'cpu': 16}, (1, np.int64(41)): {'cpu': 17}, (4, np.int64(18)): {'cpu': 20}, (0, np.int64(3)): {'cpu': 6}, (2, np.int64(93)): {'cpu': 11}}","{((0, 1), (np.int64(3), 41)): {'bw': 38}, ((0, 2), (np.int64(3), 93)): {'bw': 13}, ((0, 3), (np.int64(3), 34)): {'bw': 50}, ((0, 4), (np.int64(3), 34)): {'bw': 15}, ((0, 4), (34, np.int64(18))): {'bw': 15}, ((1, 3), (np.int64(41), 34)): {'bw': 31}, ((2, 4), (np.int64(93), 18)): {'bw': 33}}",265.0,250.0,250.0,70.0,180.0,70.0,180.0,70.0,195.0,15.0,0.9433962264150944,12516.802870369804,11808.304594688494,44.55963997995658,Success,0.0,"{'node_level': {}, 'link_level': {}, 'path_level': {}}","{'node_level': {3: {'cpu': -49}, 1: {'cpu': -48}, 4: {'cpu': -30}, 0: {'cpu': -84}, 2: {'cpu': -78}}, 'link_level': {(0, 1): {'bw': -59}, (0, 2): {'bw': -44}, (0, 3): {'bw': -39}, (0, 4): {'bw': -24}, (1, 3): {'bw': -21}, (2, 4): {'bw': -38}}, 'path_level': {(0, 1): {'latency': -2.4308905667440364}, (0, 2): {'latency': -4.070085547354514}, (0, 3): {'latency': -12.979859928682533}, (0, 4): {'latency': -2.1188711882337135}, (1, 3): {'latency': -10.69557189228442}, (2, 4): {'latency': -13.451935214722013}}}","{'node_level': {3: {'cpu': 0}, 1: {'cpu': 0}, 4: {'cpu': 0}, 0: {'cpu': 0}, 2: {'cpu': 0}}, 'link_level': {(0, 1): {'bw': 0}, (0, 2): {'bw': 0}, (0, 3): {'bw': 0}, (0, 4): {'bw': 0}, (1, 3): {'bw': 0}, (2, 4): {'bw': 0}}, 'path_level': {(0, 1): {'latency': 0}, (0, 2): {'latency': 0}, (0, 3): {'latency': 0}, (0, 4): {'latency': 0}, (1, 3): {'latency': 0}, (2, 4): {'latency': 0}}}",[],0.0,0.0,True,True,False,0,[],0,0.0,5.0,6.0
35,13,8,1907.0,2410.0,797686.1821256767,965897.6619813076,0.7912863070539419,0.8258495837844919,25,46,0,417.89642169361514,40805,7335,33470,0.04242819843342038,0.02128779460787178,15,231.8964216936151,186.0,5,6,False,{},{},{},{},0.0,0.0,0.0,0.0,0.0,0.0,0.0,0.0,0.0,0.0,0.0,0.0,0.0,0.0,Leave Event,0.0,"{'node_level': {}, 'link_level': {}, 'path_level': {}}","{'node_level': {}, 'link_level': {}, 'path_level': {}}","{'node_level': {}, 'link_level': {}, 'path_level': {}}",[],0.0,0.0,True,True,False,0,[],0,0.0,,
35,13,8,1907.0,2410.0,797686.1821256767,965897.6619813076,0.7912863070539419,0.8258495837844919,25,47,0,420.3689971637556,40805,7335,33470,0.04242819843342038,0.02128779460787178,7,328.3689971637556,92.0,9,18,False,{},{},{},{},0.0,0.0,0.0,0.0,0.0,0.0,0.0,0.0,0.0,0.0,0.0,0.0,0.0,0.0,Leave Event,0.0,"{'node_level': {}, 'link_level': {}, 'path_level': {}}","{'node_level': {}, 'link_level': {}, 'path_level': {}}","{'node_level': {}, 'link_level': {}, 'path_level': {}}",[],0.0,0.0,True,True,False,0,[],0,0.0,,
35,13,8,1907.0,2410.0,797686.1821256767,965897.6619813076,0.7912863070539419,0.8258495837844919,25,48,0,422.597345182142,40805,7335,33470,0.04242819843342038,0.02128779460787178,28,78.59734518214205,344.0,9,16,False,{},{},{},{},0.0,0.0,0.0,0.0,0.0,0.0,0.0,0.0,0.0,0.0,0.0,0.0,0.0,0.0,Leave Event,0.0,"{'node_level': {}, 'link_level': {}, 'path_level': {}}","{'node_level': {}, 'link_level': {}, 'path_level': {}}","{'node_level': {}, 'link_level': {}, 'path_level': {}}",[],0.0,0.0,True,True,False,0,[],0,0.0,,
36,13,8,1907.0,2410.0,797686.1821256767,965897.6619813076,0.7912863070539419,0.8258495837844919,25,49,1,432.0,40805,7335,33470,0.04242819843342038,0.02128779460787178,35,108.64579758002371,432.0,4,3,False,"{1: np.int64(4), 3: np.int64(94), 2: np.int64(17), 0: np.int64(26)}","{(0, 2): []}","{(1, np.int64(4)): {'cpu': 8}, (3, np.int64(94)): {'cpu': 10}, (2, np.int64(17)): {'cpu': 2}, (0, np.int64(26)): {'cpu': 2}}",{},0.0,0.0,94.0,22.0,72.0,0.0,0.0,0.0,0.0,0.0,0.0,0.0,0.0,0.0,Route Failure,6.684278528505148,"{'node_level': {}, 'link_level': {}, 'path_level': {}}","{'node_level': {1: {'cpu': -62}, 3: {'cpu': -45}, 2: {'cpu': -49}, 0: {'cpu': -78}}, 'link_level': {(0, 2): {'bw': -8}}, 'path_level': {(0, 2): {'latency': 6.684278528505148}}}","{'node_level': {1: {'cpu': 0}, 3: {'cpu': 0}, 2: {'cpu': 0}, 0: {'cpu': 0}}, 'link_level': {(0, 2): {'bw': 0}}, 'path_level': {(0, 2): {'latency': 6.684278528505148}}}",[],0.0,0.0,True,False,False,0,[],0,0.0,4.0,1.0
37,13,8,1907.0,2410.0,797686.1821256767,965897.6619813076,0.7912863070539419,0.8258495837844919,25,50,1,451.0,40805,7335,33470,0.04242819843342038,0.02128779460787178,36,412.1617774667865,451.0,5,5,False,"{3: np.int64(4), 4: np.int64(94), 0: np.int64(17), 2: np.int64(26), 1: np.int64(21)}","{(0, 1): [(np.int64(17), 21)], (0, 2): [(np.int64(17), 26)], (0, 4): []}","{(3, np.int64(4)): {'cpu': 14}, (4, np.int64(94)): {'cpu': 12}, (0, np.int64(17)): {'cpu': 16}, (2, np.int64(26)): {'cpu': 4}, (1, np.int64(21)): {'cpu': 2}}","{((0, 1), (np.int64(17), 21)): {'bw': 2}, ((0, 2), (np.int64(17), 26)): {'bw': 10}}",0.0,0.0,154.0,48.0,106.0,0.0,0.0,0.0,0.0,0.0,0.0,0.0,0.0,0.0,Route Failure,9.823603961753136,"{'node_level': {}, 'link_level': {}, 'path_level': {}}","{'node_level': {3: {'cpu': -56}, 4: {'cpu': -43}, 0: {'cpu': -35}, 2: {'cpu': -76}, 1: {'cpu': -57}}, 'link_level': {(0, 1): {'bw': -66}, (0, 2): {'bw': -54}, (0, 4): {'bw': -41}}, 'path_level': {(0, 1): {'latency': -5.5148786577649735}, (0, 2): {'latency': -9.255300304132575}, (0, 4): {'latency': 9.823603961753136}}}","{'node_level': {3: {'cpu': 0}, 4: {'cpu': 0}, 0: {'cpu': 0}, 2: {'cpu': 0}, 1: {'cpu': 0}}, 'link_level': {(0, 1): {'bw': 0}, (0, 2): {'bw': 0}, (0, 4): {'bw': 0}}, 'path_level': {(0, 1): {'latency': 0}, (0, 2): {'latency': 0}, (0, 4): {'latency': 9.823603961753136}}}",[],0.0,0.0,True,False,False,0,[],0,0.0,5.0,3.0
38,14,9,2058.0,2563.0,798477.5289230081,966699.4901931732,0.8029652750682793,0.8259831902502093,25,51,1,461.0,40652,7293,33359,0.04791122715404694,0.024533598456050076,37,5.240707267095732,461.0,4,4,True,"{0: np.int64(4), 1: np.int64(94), 2: np.int64(17), 3: np.int64(26)}","{(0, 1): [(np.int64(4), 94)], (0, 2): [(np.int64(4), 17)], (0, 3): [(np.int64(4), 17), (17, np.int64(26))], (1, 3): [(np.int64(94), 26)]}","{(0, np.int64(4)): {'cpu': 15}, (1, np.int64(94)): {'cpu': 9}, (2, np.int64(17)): {'cpu': 10}, (3, np.int64(26)): {'cpu': 8}}","{((0, 1), (np.int64(4), 94)): {'bw': 44}, ((0, 2), (np.int64(4), 17)): {'bw': 32}, ((0, 3), (np.int64(4), 17)): {'bw': 2}, ((0, 3), (17, np.int64(26))): {'bw': 2}, ((1, 3), (np.int64(94), 26)): {'bw': 31}}",153.0,151.0,151.0,42.0,109.0,42.0,109.0,42.0,111.0,2.0,0.9869281045751634,801.828211865647,791.3467973314555,5.172201289748076,Success,0.0,"{'node_level': {}, 'link_level': {}, 'path_level': {}}","{'node_level': {0: {'cpu': -55}, 1: {'cpu': -46}, 2: {'cpu': -41}, 3: {'cpu': -72}}, 'link_level': {(0, 1): {'bw': -52}, (0, 2): {'bw': -64}, (0, 3): {'bw': -62}, (1, 3): {'bw': -64}}, 'path_level': {(0, 1): {'latency': -2.241617345290481}, (0, 2): {'latency': -7.333969687082518}, (0, 3): {'latency': -5.931614207898085}, (1, 3): {'latency': -6.340257278271043}}}","{'node_level': {0: {'cpu': 0}, 1: {'cpu': 0}, 2: {'cpu': 0}, 3: {'cpu': 0}}, 'link_level': {(0, 1): {'bw': 0}, (0, 2): {'bw': 0}, (0, 3): {'bw': 0}, (1, 3): {'bw': 0}}, 'path_level': {(0, 1): {'latency': 0}, (0, 2): {'latency': 0}, (0, 3): {'latency': 0}, (1, 3): {'latency': 0}}}",[],0.0,0.0,True,True,False,0,[],0,0.0,4.0,4.0
38,14,8,2058.0,2563.0,798477.5289230081,966699.4901931732,0.8029652750682793,0.8259831902502093,25,52,0,463.233218378754,40917,7363,33554,0.038772845953002566,0.018831510614655822,34,47.233218378753975,416.0,5,6,False,{},{},{},{},0.0,0.0,0.0,0.0,0.0,0.0,0.0,0.0,0.0,0.0,0.0,0.0,0.0,0.0,Leave Event,0.0,"{'node_level': {}, 'link_level': {}, 'path_level': {}}","{'node_level': {}, 'link_level': {}, 'path_level': {}}","{'node_level': {}, 'link_level': {}, 'path_level': {}}",[],0.0,0.0,True,True,False,0,[],0,0.0,,
38,14,7,2058.0,2563.0,798477.5289230081,966699.4901931732,0.8029652750682793,0.8259831902502093,25,53,0,466.24070726709573,41070,7405,33665,0.03328981723237601,0.015585706766477525,37,5.240707267095732,461.0,4,4,False,{},{},{},{},0.0,0.0,0.0,0.0,0.0,0.0,0.0,0.0,0.0,0.0,0.0,0.0,0.0,0.0,Leave Event,0.0,"{'node_level': {}, 'link_level': {}, 'path_level': {}}","{'node_level': {}, 'link_level': {}, 'path_level': {}}","{'node_level': {}, 'link_level': {}, 'path_level': {}}",[],0.0,0.0,True,True,False,0,[],0,0.0,,
39,14,7,2058.0,2563.0,798477.5289230081,966699.4901931732,0.8029652750682793,0.8259831902502093,25,54,1,482.0,41070,7405,33665,0.03328981723237601,0.015585706766477525,38,130.61544037848168,482.0,4,4,False,"{2: np.int64(34), 3: np.int64(41), 0: np.int64(18), 1: np.int64(3)}","{(0, 1): [(np.int64(18), 34), (34, np.int64(3))], (0, 2): []}","{(2, np.int64(34)): {'cpu': 13}, (3, np.int64(41)): {'cpu': 20}, (0, np.int64(18)): {'cpu': 7}, (1, np.int64(3)): {'cpu': 19}}","{((0, 1), (np.int64(18), 34)): {'bw': 18}, ((0, 1), (34, np.int64(3))): {'bw': 18}}",0.0,0.0,176.0,59.0,117.0,0.0,0.0,0.0,0.0,0.0,0.0,0.0,0.0,0.0,Route Failure,6.804992303022655,"{'node_level': {}, 'link_level': {}, 'path_level': {}}","{'node_level': {2: {'cpu': -52}, 3: {'cpu': -45}, 0: {'cpu': -43}, 1: {'cpu': -71}}, 'link_level': {(0, 1): {'bw': -48}, (0, 2): {'bw': -4}}, 'path_level': {(0, 1): {'latency': -10.444242415338312}, (0, 2): {'latency': 6.804992303022655}}}","{'node_level': {2: {'cpu': 0}, 3: {'cpu': 0}, 0: {'cpu': 0}, 1: {'cpu': 0}}, 'link_level': {(0, 1): {'bw': 0}, (0, 2): {'bw': 0}}, 'path_level': {(0, 1): {'latency': 0}, (0, 2): {'latency': 6.804992303022655}}}",[],0.0,0.0,True,False,False,0,[],0,0.0,4.0,2.0
40,15,8,2128.0,2633.0,799792.0631058452,968014.0243760103,0.808203570072161,0.8262194998893716,25,55,1,494.0,41000,7369,33631,0.037989556135770264,0.016579916954207796,39,18.779059754815773,494.0,3,2,True,"{1: np.int64(34), 0: np.int64(41), 2: np.int64(18)}","{(0, 1): [(np.int64(41), 34)], (0, 2): [(np.int64(41), 18)]}","{(1, np.int64(34)): {'cpu': 16}, (0, np.int64(41)): {'cpu': 7}, (2, np.int64(18)): {'cpu': 13}}","{((0, 1), (np.int64(41), 34)): {'bw': 27}, ((0, 2), (np.int64(41), 18)): {'bw': 7}}",70.0,70.0,70.0,36.0,34.0,36.0,34.0,36.0,34.0,0.0,1.0,1314.534182837104,1314.534182837104,18.779059754815773,Success,0.0,"{'node_level': {}, 'link_level': {}, 'path_level': {}}","{'node_level': {1: {'cpu': -49}, 0: {'cpu': -58}, 2: {'cpu': -37}}, 'link_level': {(0, 1): {'bw': -25}, (0, 2): {'bw': -75}}, 'path_level': {(0, 1): {'latency': -4.205183180711622}, (0, 2): {'latency': -6.350108476538718}}}","{'node_level': {1: {'cpu': 0}, 0: {'cpu': 0}, 2: {'cpu': 0}}, 'link_level': {(0, 1): {'bw': 0}, (0, 2): {'bw': 0}}, 'path_level': {(0, 1): {'latency': 0}, (0, 2): {'latency': 0}}}",[],0.0,0.0,True,True,False,0,[],0,0.0,3.0,2.0
41,16,9,2184.0,2689.0,802260.4446922926,970482.4059624576,0.8121978430643362,0.8266615033547836,25,56,1,506.0,40944,7357,33587,0.03955613577023498,0.01786654190303527,40,44.0782426151307,506.0,2,1,True,"{1: np.int64(4), 0: np.int64(94)}","{(0, 1): [(np.int64(94), 4)]}","{(1, np.int64(4)): {'cpu': 9}, (0, np.int64(94)): {'cpu': 3}}","{((0, 1), (np.int64(94), 4)): {'bw': 44}}",56.0,56.0,56.0,12.0,44.0,12.0,44.0,12.0,44.0,0.0,1.0,2468.381586447319,2468.381586447319,44.0782426151307,Success,0.0,"{'node_level': {}, 'link_level': {}, 'path_level': {}}","{'node_level': {1: {'cpu': -61}, 0: {'cpu': -52}}, 'link_level': {(0, 1): {'bw': -52}}, 'path_level': {(0, 1): {'latency': -6.009733909242685}}}","{'node_level': {1: {'cpu': 0}, 0: {'cpu': 0}}, 'link_level': {(0, 1): {'bw': 0}}, 'path_level': {(0, 1): {'latency': 0}}}",[],0.0,0.0,True,True,False,0,[],0,0.0,2.0,1.0
41,16,8,2184.0,2689.0,802260.4446922926,970482.4059624576,0.8121978430643362,0.8266615033547836,25,57,0,512.7790597548158,41014,7393,33621,0.03485639686684072,0.016872331715305,39,18.779059754815773,494.0,3,2,False,{},{},{},{},0.0,0.0,0.0,0.0,0.0,0.0,0.0,0.0,0.0,0.0,0.0,0.0,0.0,0.0,Leave Event,0.0,"{'node_level': {}, 'link_level': {}, 'path_level': {}}","{'node_level': {}, 'link_level': {}, 'path_level': {}}","{'node_level': {}, 'link_level': {}, 'path_level': {}}",[],0.0,0.0,True,True,False,0,[],0,0.0,,
42,17,9,2271.0,2776.0,849484.2430899509,1017706.2043601159,0.8180835734870316,0.8347047895065798,25,58,1,517.0,40927,7371,33556,0.037728459530026126,0.01877302766243638,41,542.8022804328534,517.0,3,2,True,"{2: np.int64(34), 1: np.int64(41), 0: np.int64(18)}","{(0, 2): [(np.int64(18), 34)], (1, 2): [(np.int64(41), 34)]}","{(2, np.int64(34)): {'cpu': 7}, (1, np.int64(41)): {'cpu': 13}, (0, np.int64(18)): {'cpu': 2}}","{((0, 2), (np.int64(18), 34)): {'bw': 31}, ((1, 2), (np.int64(41), 34)): {'bw': 34}}",87.0,87.0,87.0,22.0,65.0,22.0,65.0,22.0,65.0,0.0,1.0,47223.79839765825,47223.79839765825,542.8022804328534,Success,0.0,"{'node_level': {}, 'link_level': {}, 'path_level': {}}","{'node_level': {2: {'cpu': -58}, 1: {'cpu': -52}, 0: {'cpu': -48}}, 'link_level': {(0, 2): {'bw': -35}, (1, 2): {'bw': -18}}, 'path_level': {(0, 2): {'latency': -8.211192541948115}, (1, 2): {'latency': -8.582657667014319}}}","{'node_level': {2: {'cpu': 0}, 1: {'cpu': 0}, 0: {'cpu': 0}}, 'link_level': {(0, 2): {'bw': 0}, (1, 2): {'bw': 0}}, 'path_level': {(0, 2): {'latency': 0}, (1, 2): {'latency': 0}}}",[],0.0,0.0,True,True,False,0,[],0,0.0,3.0,2.0
43,18,10,2308.0,2813.0,865689.7500685828,1033911.7113387479,0.8204763597582652,0.8372956226094539,26,59,1,522.0,40890,7339,33551,0.04190600522193211,0.018919235042984983,42,437.9866750981604,522.0,2,1,True,"{1: np.int64(21), 0: np.int64(63)}","{(0, 1): [(np.int64(63), 21)]}","{(1, np.int64(21)): {'cpu': 17}, (0, np.int64(63)): {'cpu': 15}}","{((0, 1), (np.int64(63), 21)): {'bw': 5}}",37.0,37.0,37.0,32.0,5.0,32.0,5.0,32.0,5.0,0.0,1.0,16205.506978631935,16205.506978631935,437.9866750981604,Success,0.0,"{'node_level': {}, 'link_level': {}, 'path_level': {}}","{'node_level': {1: {'cpu': -42}, 0: {'cpu': -77}}, 'link_level': {(0, 1): {'bw': -56}}, 'path_level': {(0, 1): {'latency': -3.371124880334844}}}","{'node_level': {1: {'cpu': 0}, 0: {'cpu': 0}}, 'link_level': {(0, 1): {'bw': 0}}, 'path_level': {(0, 1): {'latency': 0}}}",[],0.0,0.0,True,True,False,0,[],0,0.0,2.0,1.0
44,18,10,2308.0,2813.0,865689.7500685828,1033911.7113387479,0.8204763597582652,0.8372956226094539,26,60,1,539.0,40890,7339,33551,0.04190600522193211,0.018919235042984983,43,648.8909246366952,539.0,9,25,False,"{3: np.int64(59), 0: np.int64(93), 4: np.int64(12), 7: np.int64(5), 5: np.int64(90), 2: np.int64(26), 6: np.int64(72), 1: np.int64(0), 8: np.int64(17)}","{(0, 2): [(np.int64(93), 82), (82, np.int64(26))], (0, 3): [(np.int64(93), 59)], (0, 4): [(np.int64(93), 89), (89, np.int64(12))], (0, 5): [(np.int64(93), 90)], (0, 7): [(np.int64(93), 5)], (0, 8): [(np.int64(93), 5), (5, np.int64(17))], (1, 2): [(np.int64(0), 17), (17, np.int64(26))], (1, 4): [(np.int64(0), 47), (47, np.int64(12))], (1, 5): []}","{(3, np.int64(59)): {'cpu': 20}, (0, np.int64(93)): {'cpu': 20}, (4, np.int64(12)): {'cpu': 13}, (7, np.int64(5)): {'cpu': 12}, (5, np.int64(90)): {'cpu': 7}, (2, np.int64(26)): {'cpu': 11}, (6, np.int64(72)): {'cpu': 6}, (1, np.int64(0)): {'cpu': 2}, (8, np.int64(17)): {'cpu': 1}}","{((0, 2), (np.int64(93), 82)): {'bw': 23}, ((0, 2), (82, np.int64(26))): {'bw': 23}, ((0, 3), (np.int64(93), 59)): {'bw': 14}, ((0, 4), (np.int64(93), 89)): {'bw': 6}, ((0, 4), (89, np.int64(12))): {'bw': 6}, ((0, 5), (np.int64(93), 90)): {'bw': 23}, ((0, 7), (np.int64(93), 5)): {'bw': 18}, ((0, 8), (np.int64(93), 5)): {'bw': 19}, ((0, 8), (5, np.int64(17))): {'bw': 19}, ((1, 2), (np.int64(0), 17)): {'bw': 2}, ((1, 2), (17, np.int64(26))): {'bw': 2}, ((1, 4), (np.int64(0), 47)): {'bw': 21}, ((1, 4), (47, np.int64(12))): {'bw': 21}}",0.0,0.0,715.0,92.0,623.0,0.0,0.0,0.0,0.0,0.0,0.0,0.0,0.0,0.0,Route Failure,2.326723789401373,"{'node_level': {}, 'link_level': {}, 'path_level': {}}","{'node_level': {3: {'cpu': -80}, 0: {'cpu': -69}, 4: {'cpu': -73}, 7: {'cpu': -46}, 5: {'cpu': -60}, 2: {'cpu': -69}, 6: {'cpu': -71}, 1: {'cpu': -92}, 8: {'cpu': -50}}, 'link_level': {(0, 2): {'bw': -40}, (0, 3): {'bw': -38}, (0, 4): {'bw': -76}, (0, 5): {'bw': -38}, (0, 7): {'bw': -37}, (0, 8): {'bw': -18}, (1, 2): {'bw': -59}, (1, 4): {'bw': -71}, (1, 5): {'bw': -13}}, 'path_level': {(0, 2): {'latency': -7.246800687771563}, (0, 3): {'latency': -8.678481842235968}, (0, 4): {'latency': -1.1824318183399067}, (0, 5): {'latency': -1.6530370600340394}, (0, 7): {'latency': -11.344502585993903}, (0, 8): {'latency': -7.873535304492}, (1, 2): {'latency': -6.658021574459497}, (1, 4): {'latency': -7.705116103981748}, (1, 5): {'latency': 2.326723789401373}}}","{'node_level': {3: {'cpu': 0}, 0: {'cpu': 0}, 4: {'cpu': 0}, 7: {'cpu': 0}, 5: {'cpu': 0}, 2: {'cpu': 0}, 6: {'cpu': 0}, 1: {'cpu': 0}, 8: {'cpu': 0}}, 'link_level': {(0, 2): {'bw': 0}, (0, 3): {'bw': 0}, (0, 4): {'bw': 0}, (0, 5): {'bw': 0}, (0, 7): {'bw': 0}, (0, 8): {'bw': 0}, (1, 2): {'bw': 0}, (1, 4): {'bw': 0}, (1, 5): {'bw': 0}}, 'path_level': {(0, 2): {'latency': 0}, (0, 3): {'latency': 0}, (0, 4): {'latency': 0}, (0, 5): {'latency': 0}, (0, 7): {'latency': 0}, (0, 8): {'latency': 0}, (1, 2): {'latency': 0}, (1, 4): {'latency': 0}, (1, 5): {'latency': 2.326723789401373}}}",[],0.0,0.0,True,False,False,0,[],0,0.0,9.0,9.0
44,18,9,2308.0,2813.0,865689.7500685828,1033911.7113387479,0.8204763597582652,0.8372956226094539,26,61,0,539.6590982581264,40943,7357,33586,0.03955613577023498,0.01789578337914499,29,184.65909825812642,355.0,2,1,False,{},{},{},{},0.0,0.0,0.0,0.0,0.0,0.0,0.0,0.0,0.0,0.0,0.0,0.0,0.0,0.0,Leave Event,0.0,"{'node_level': {}, 'link_level': {}, 'path_level': {}}","{'node_level': {}, 'link_level': {}, 'path_level': {}}","{'node_level': {}, 'link_level': {}, 'path_level': {}}",[],0.0,0.0,True,True,False,0,[],0,0.0,,
44,18,9,2308.0,2813.0,865689.7500685828,1033911.7113387479,0.8204763597582652,0.8372956226094539,26,62,0,540.6457975800237,40943,7357,33586,0.03955613577023498,0.01789578337914499,35,108.64579758002371,432.0,4,3,False,{},{},{},{},0.0,0.0,0.0,0.0,0.0,0.0,0.0,0.0,0.0,0.0,0.0,0.0,0.0,0.0,Leave Event,0.0,"{'node_level': {}, 'link_level': {}, 'path_level': {}}","{'node_level': {}, 'link_level': {}, 'path_level': {}}","{'node_level': {}, 'link_level': {}, 'path_level': {}}",[],0.0,0.0,True,True,False,0,[],0,0.0,,
45,18,9,2308.0,2813.0,865689.7500685828,1033911.7113387479,0.8204763597582652,0.8372956226094539,26,63,1,549.0,40943,7357,33586,0.03955613577023498,0.01789578337914499,44,1173.6689821840057,549.0,4,4,False,"{2: np.int64(34), 1: np.int64(99), 3: np.int64(41), 0: np.int64(18)}","{(0, 1): [(np.int64(18), 34), (34, np.int64(99))], (1, 2): [(np.int64(99), 34)], (1, 3): []}","{(2, np.int64(34)): {'cpu': 19}, (1, np.int64(99)): {'cpu': 15}, (3, np.int64(41)): {'cpu': 11}, (0, np.int64(18)): {'cpu': 12}}","{((0, 1), (np.int64(18), 34)): {'bw': 20}, ((0, 1), (34, np.int64(99))): {'bw': 20}, ((1, 2), (np.int64(99), 34)): {'bw': 26}}",0.0,0.0,186.0,57.0,129.0,0.0,0.0,0.0,0.0,0.0,0.0,0.0,0.0,0.0,Route Failure,8.9584726234188,"{'node_level': {}, 'link_level': {}, 'path_level': {}}","{'node_level': {2: {'cpu': -49}, 1: {'cpu': -57}, 3: {'cpu': -41}, 0: {'cpu': -36}}, 'link_level': {(0, 1): {'bw': -15}, (1, 2): {'bw': -41}, (1, 3): {'bw': -1}}, 'path_level': {(0, 1): {'latency': -7.944544885889887}, (1, 2): {'latency': -1.987889825879714}, (1, 3): {'latency': 8.9584726234188}}}","{'node_level': {2: {'cpu': 0}, 1: {'cpu': 0}, 3: {'cpu': 0}, 0: {'cpu': 0}}, 'link_level': {(0, 1): {'bw': 0}, (1, 2): {'bw': 0}, (1, 3): {'bw': 0}}, 'path_level': {(0, 1): {'latency': 0}, (1, 2): {'latency': 0}, (1, 3): {'latency': 8.9584726234188}}}",[],0.0,0.0,True,False,False,0,[],0,0.0,4.0,3.0
45,18,8,2308.0,2813.0,865689.7500685828,1033911.7113387479,0.8204763597582652,0.8372956226094539,26,64,0,550.0782426151306,40999,7369,33630,0.037989556135770264,0.016609158430317517,40,44.0782426151307,506.0,2,1,False,{},{},{},{},0.0,0.0,0.0,0.0,0.0,0.0,0.0,0.0,0.0,0.0,0.0,0.0,0.0,0.0,Leave Event,0.0,"{'node_level': {}, 'link_level': {}, 'path_level': {}}","{'node_level': {}, 'link_level': {}, 'path_level': {}}","{'node_level': {}, 'link_level': {}, 'path_level': {}}",[],0.0,0.0,True,True,False,0,[],0,0.0,,
46,19,9,2734.0,3486.0,869280.7125412037,1039584.7576863392,0.7842799770510613,0.8361807020678547,27,65,1,558.0,40326,7282,33044,0.0493472584856397,0.03374466343061,45,8.42948937234963,558.0,8,14,True,"{7: np.int64(34), 6: np.int64(99), 4: np.int64(41), 5: np.int64(18), 3: np.int64(4), 0: np.int64(17), 2: np.int64(93), 1: np.int64(59)}","{(0, 3): [(np.int64(17), 4)], (0, 4): [(np.int64(17), 30), (30, 3), (3, np.int64(41))], (0, 5): [(np.int64(17), 4), (4, np.int64(18))], (1, 7): [(np.int64(59), 39), (39, np.int64(34))], (2, 6): [(np.int64(93), 89), (89, np.int64(99))], (2, 7): [(np.int64(93), 18), (18, np.int64(34))], (3, 4): [(np.int64(4), 18), (18, np.int64(41))], (3, 5): [(np.int64(4), 18)], (3, 6): [(np.int64(4), 82), (82, np.int64(99))], (3, 7): [(np.int64(4), 17), (17, np.int64(34))], (4, 6): [(np.int64(41), 99)], (4, 7): [(np.int64(41), 34)], (5, 6): [(np.int64(18), 20), (20, 63), (63, np.int64(99))], (6, 7): [(np.int64(99), 34)]}","{(7, np.int64(34)): {'cpu': 17}, (6, np.int64(99)): {'cpu': 9}, (4, np.int64(41)): {'cpu': 17}, (5, np.int64(18)): {'cpu': 19}, (3, np.int64(4)): {'cpu': 11}, (0, np.int64(17)): {'cpu': 7}, (2, np.int64(93)): {'cpu': 2}, (1, np.int64(59)): {'cpu': 5}}","{((0, 3), (np.int64(17), 4)): {'bw': 41}, ((0, 4), (np.int64(17), 30)): {'bw': 24}, ((0, 4), (30, 3)): {'bw': 24}, ((0, 4), (3, np.int64(41))): {'bw': 24}, ((0, 5), (np.int64(17), 4)): {'bw': 10}, ((0, 5), (4, np.int64(18))): {'bw': 10}, ((1, 7), (np.int64(59), 39)): {'bw': 13}, ((1, 7), (39, np.int64(34))): {'bw': 13}, ((2, 6), (np.int64(93), 89)): {'bw': 13}, ((2, 6), (89, np.int64(99))): {'bw': 13}, ((2, 7), (np.int64(93), 18)): {'bw': 35}, ((2, 7), (18, np.int64(34))): {'bw': 35}, ((3, 4), (np.int64(4), 18)): {'bw': 11}, ((3, 4), (18, np.int64(41))): {'bw': 11}, ((3, 5), (np.int64(4), 18)): {'bw': 16}, ((3, 6), (np.int64(4), 82)): {'bw': 27}, ((3, 6), (82, np.int64(99))): {'bw': 27}, ((3, 7), (np.int64(4), 17)): {'bw': 14}, ((3, 7), (17, np.int64(34))): {'bw': 14}, ((4, 6), (np.int64(41), 99)): {'bw': 41}, ((4, 7), (np.int64(41), 34)): {'bw': 10}, ((5, 6), (np.int64(18), 20)): {'bw': 38}, ((5, 6), (20, 63)): {'bw': 38}, ((5, 6), (63, np.int64(99))): {'bw': 38}, ((6, 7), (np.int64(99), 34)): {'bw': 46}}",673.0,426.0,426.0,87.0,339.0,87.0,339.0,87.0,586.0,247.0,0.6329866270430906,5673.046347591301,3590.9624726209427,5.335754045499171,Success,0.0,"{'node_level': {}, 'link_level': {}, 'path_level': {}}","{'node_level': {7: {'cpu': -51}, 6: {'cpu': -63}, 4: {'cpu': -35}, 5: {'cpu': -29}, 3: {'cpu': -59}, 0: {'cpu': -44}, 2: {'cpu': -87}, 1: {'cpu': -95}}, 'link_level': {(0, 3): {'bw': -55}, (0, 4): {'bw': -31}, (0, 5): {'bw': -45}, (1, 7): {'bw': -54}, (2, 6): {'bw': -42}, (2, 7): {'bw': 0}, (3, 4): {'bw': -39}, (3, 5): {'bw': -23}, (3, 6): {'bw': -72}, (3, 7): {'bw': -31}, (4, 6): {'bw': -30}, (4, 7): {'bw': -8}, (5, 6): {'bw': -12}, (6, 7): {'bw': -41}}, 'path_level': {(0, 3): {'latency': -13.638543705954927}, (0, 4): {'latency': -3.324050812337301}, (0, 5): {'latency': -7.084435968932244}, (1, 7): {'latency': -0.26346471509423086}, (2, 6): {'latency': -1.6197092030322717}, (2, 7): {'latency': -3.8249174594307087}, (3, 4): {'latency': -4.608965984543837}, (3, 5): {'latency': -10.28576975477037}, (3, 6): {'latency': -5.173179690701852}, (3, 7): {'latency': -6.0465079180422645}, (4, 6): {'latency': -11.25392093935123}, (4, 7): {'latency': -5.260441855853291}, (5, 6): {'latency': -2.3471060519268274}, (6, 7): {'latency': -1.6855938230243135}}}","{'node_level': {7: {'cpu': 0}, 6: {'cpu': 0}, 4: {'cpu': 0}, 5: {'cpu': 0}, 3: {'cpu': 0}, 0: {'cpu': 0}, 2: {'cpu': 0}, 1: {'cpu': 0}}, 'link_level': {(0, 3): {'bw': 0}, (0, 4): {'bw': 0}, (0, 5): {'bw': 0}, (1, 7): {'bw': 0}, (2, 6): {'bw': 0}, (2, 7): {'bw': 0}, (3, 4): {'bw': 0}, (3, 5): {'bw': 0}, (3, 6): {'bw': 0}, (3, 7): {'bw': 0}, (4, 6): {'bw': 0}, (4, 7): {'bw': 0}, (5, 6): {'bw': 0}, (6, 7): {'bw': 0}}, 'path_level': {(0, 3): {'latency': 0}, (0, 4): {'latency': 0}, (0, 5): {'latency': 0}, (1, 7): {'latency': 0}, (2, 6): {'latency': 0}, (2, 7): {'latency': 0}, (3, 4): {'latency': 0}, (3, 5): {'latency': 0}, (3, 6): {'latency': 0}, (3, 7): {'latency': 0}, (4, 6): {'latency': 0}, (4, 7): {'latency': 0}, (5, 6): {'latency': 0}, (6, 7): {'latency': 0}}}",[],0.0,0.0,True,True,False,0,[],0,0.0,8.0,14.0
47,20,10,2871.0,3670.0,1024778.3888621986,1248428.352161252,0.7822888283378746,0.820854786811053,29,66,1,565.0,40142,7220,32922,0.057441253263707526,0.03731212351599511,46,1135.0195351897432,565.0,5,5,True,"{3: np.int64(12), 2: np.int64(77), 4: np.int64(78), 0: np.int64(80), 1: np.int64(93)}","{(0, 2): [(np.int64(80), 12), (12, np.int64(77))], (0, 4): [(np.int64(80), 78)], (1, 2): [(np.int64(93), 3), (3, np.int64(77))], (2, 3): [(np.int64(77), 12)], (3, 4): [(np.int64(12), 77), (77, np.int64(78))]}","{(3, np.int64(12)): {'cpu': 16}, (2, np.int64(77)): {'cpu': 15}, (4, np.int64(78)): {'cpu': 13}, (0, np.int64(80)): {'cpu': 16}, (1, np.int64(93)): {'cpu': 2}}","{((0, 2), (np.int64(80), 12)): {'bw': 18}, ((0, 2), (12, np.int64(77))): {'bw': 18}, ((0, 4), (np.int64(80), 78)): {'bw': 3}, ((1, 2), (np.int64(93), 3)): {'bw': 5}, ((1, 2), (3, np.int64(77))): {'bw': 5}, ((2, 3), (np.int64(77), 12)): {'bw': 25}, ((3, 4), (np.int64(12), 77)): {'bw': 24}, ((3, 4), (77, np.int64(78))): {'bw': 24}}",184.0,137.0,137.0,62.0,75.0,62.0,75.0,62.0,122.0,47.0,0.7445652173913043,208843.59447491277,155497.67632099483,845.0960669619284,Success,0.0,"{'node_level': {}, 'link_level': {}, 'path_level': {}}","{'node_level': {3: {'cpu': -70}, 2: {'cpu': -60}, 4: {'cpu': -62}, 0: {'cpu': -38}, 1: {'cpu': -85}}, 'link_level': {(0, 2): {'bw': -52}, (0, 4): {'bw': -66}, (1, 2): {'bw': -52}, (2, 3): {'bw': -46}, (3, 4): {'bw': -22}}, 'path_level': {(0, 2): {'latency': -3.972046517516854}, (0, 4): {'latency': -10.386050179860352}, (1, 2): {'latency': -0.9854225816910587}, (2, 3): {'latency': -2.0158447836913487}, (3, 4): {'latency': -5.873054765287922}}}","{'node_level': {3: {'cpu': 0}, 2: {'cpu': 0}, 4: {'cpu': 0}, 0: {'cpu': 0}, 1: {'cpu': 0}}, 'link_level': {(0, 2): {'bw': 0}, (0, 4): {'bw': 0}, (1, 2): {'bw': 0}, (2, 3): {'bw': 0}, (3, 4): {'bw': 0}}, 'path_level': {(0, 2): {'latency': 0}, (0, 4): {'latency': 0}, (1, 2): {'latency': 0}, (2, 3): {'latency': 0}, (3, 4): {'latency': 0}}}",[],0.0,0.0,True,True,False,0,[],0,0.0,5.0,5.0
47,20,10,2871.0,3670.0,1024778.3888621986,1248428.352161252,0.7822888283378746,0.820854786811053,29,67,0,566.143293988245,40142,7220,32922,0.057441253263707526,0.03731212351599511,14,394.14329398824503,172.0,6,6,False,{},{},{},{},0.0,0.0,0.0,0.0,0.0,0.0,0.0,0.0,0.0,0.0,0.0,0.0,0.0,0.0,Leave Event,0.0,"{'node_level': {}, 'link_level': {}, 'path_level': {}}","{'node_level': {}, 'link_level': {}, 'path_level': {}}","{'node_level': {}, 'link_level': {}, 'path_level': {}}",[],0.0,0.0,True,True,False,0,[],0,0.0,,
47,20,9,2871.0,3670.0,1024778.3888621986,1248428.352161252,0.7822888283378746,0.820854786811053,29,68,0,566.4294893723496,40815,7307,33508,0.04608355091383809,0.020176618515702627,45,8.42948937234963,558.0,8,14,False,{},{},{},{},0.0,0.0,0.0,0.0,0.0,0.0,0.0,0.0,0.0,0.0,0.0,0.0,0.0,0.0,Leave Event,0.0,"{'node_level': {}, 'link_level': {}, 'path_level': {}}","{'node_level': {}, 'link_level': {}, 'path_level': {}}","{'node_level': {}, 'link_level': {}, 'path_level': {}}",[],0.0,0.0,True,True,False,0,[],0,0.0,,
48,20,9,2871.0,3670.0,1024778.3888621986,1248428.352161252,0.7822888283378746,0.820854786811053,29,69,1,578.0,40815,7307,33508,0.04608355091383809,0.020176618515702627,47,350.489873315436,578.0,9,14,False,"{6: np.int64(34), 2: np.int64(99), 0: np.int64(41), 3: np.int64(18), 4: np.int64(4), 7: np.int64(17), 1: np.int64(59), 8: np.int64(93), 5: np.int64(5)}","{(0, 3): [(np.int64(41), 18)], (0, 4): [(np.int64(41), 18), (18, np.int64(4))], (0, 5): [(np.int64(41), 81), (81, np.int64(5))], (0, 7): [(np.int64(41), 3), (3, 30), (30, np.int64(17))], (1, 5): [(np.int64(59), 71), (71, np.int64(5))], (2, 3): [(np.int64(99), 34), (34, np.int64(18))], (2, 6): [(np.int64(99), 34)], (2, 7): []}","{(6, np.int64(34)): {'cpu': 18}, (2, np.int64(99)): {'cpu': 15}, (0, np.int64(41)): {'cpu': 11}, (3, np.int64(18)): {'cpu': 10}, (4, np.int64(4)): {'cpu': 6}, (7, np.int64(17)): {'cpu': 9}, (1, np.int64(59)): {'cpu': 11}, (8, np.int64(93)): {'cpu': 4}, (5, np.int64(5)): {'cpu': 3}}","{((0, 3), (np.int64(41), 18)): {'bw': 21}, ((0, 4), (np.int64(41), 18)): {'bw': 4}, ((0, 4), (18, np.int64(4))): {'bw': 4}, ((0, 5), (np.int64(41), 81)): {'bw': 37}, ((0, 5), (81, np.int64(5))): {'bw': 37}, ((0, 7), (np.int64(41), 3)): {'bw': 22}, ((0, 7), (3, 30)): {'bw': 22}, ((0, 7), (30, np.int64(17))): {'bw': 22}, ((1, 5), (np.int64(59), 71)): {'bw': 37}, ((1, 5), (71, np.int64(5))): {'bw': 37}, ((2, 3), (np.int64(99), 34)): {'bw': 10}, ((2, 3), (34, np.int64(18))): {'bw': 10}, ((2, 6), (np.int64(99), 34)): {'bw': 23}}",0.0,0.0,397.0,87.0,310.0,0.0,0.0,0.0,0.0,0.0,0.0,0.0,0.0,0.0,Route Failure,11.0,"{'node_level': {}, 'link_level': {}, 'path_level': {}}","{'node_level': {6: {'cpu': -50}, 2: {'cpu': -57}, 0: {'cpu': -41}, 3: {'cpu': -38}, 4: {'cpu': -64}, 7: {'cpu': -42}, 1: {'cpu': -89}, 8: {'cpu': -83}, 5: {'cpu': -55}}, 'link_level': {(0, 3): {'bw': -61}, (0, 4): {'bw': -56}, (0, 5): {'bw': -19}, (0, 7): {'bw': -33}, (1, 5): {'bw': -54}, (2, 3): {'bw': -25}, (2, 6): {'bw': -54}, (2, 7): {'bw': 11}}, 'path_level': {(0, 3): {'latency': -6.671134886901958}, (0, 4): {'latency': -5.177635170946474}, (0, 5): {'latency': -2.8303917566284893}, (0, 7): {'latency': -5.737268205420108}, (1, 5): {'latency': -2.6758366438315395}, (2, 3): {'latency': -6.299863058366701}, (2, 6): {'latency': -4.18548944349204}, (2, 7): {'latency': 3.5910502088648446}}}","{'node_level': {6: {'cpu': 0}, 2: {'cpu': 0}, 0: {'cpu': 0}, 3: {'cpu': 0}, 4: {'cpu': 0}, 7: {'cpu': 0}, 1: {'cpu': 0}, 8: {'cpu': 0}, 5: {'cpu': 0}}, 'link_level': {(0, 3): {'bw': 0}, (0, 4): {'bw': 0}, (0, 5): {'bw': 0}, (0, 7): {'bw': 0}, (1, 5): {'bw': 0}, (2, 3): {'bw': 0}, (2, 6): {'bw': 0}, (2, 7): {'bw': 11}}, 'path_level': {(0, 3): {'latency': 0}, (0, 4): {'latency': 0}, (0, 5): {'latency': 0}, (0, 7): {'latency': 0}, (1, 5): {'latency': 0}, (2, 3): {'latency': 0}, (2, 6): {'latency': 0}, (2, 7): {'latency': 3.5910502088648446}}}",[],0.0,0.0,True,False,False,0,[],0,0.0,9.0,8.0
49,20,9,2871.0,3670.0,1024778.3888621986,1248428.352161252,0.7822888283378746,0.820854786811053,29,70,1,591.0,40815,7307,33508,0.04608355091383809,0.020176618515702627,48,477.02154256769484,591.0,10,24,False,"{3: np.int64(34), 6: np.int64(99), 5: np.int64(41), 2: np.int64(18), 4: np.int64(4), 9: np.int64(17), 8: np.int64(59), 1: np.int64(93), 0: np.int64(5), 7: np.int64(94)}","{(0, 5): []}","{(3, np.int64(34)): {'cpu': 18}, (6, np.int64(99)): {'cpu': 13}, (5, np.int64(41)): {'cpu': 19}, (2, np.int64(18)): {'cpu': 18}, (4, np.int64(4)): {'cpu': 18}, (9, np.int64(17)): {'cpu': 7}, (8, np.int64(59)): {'cpu': 6}, (1, np.int64(93)): {'cpu': 3}, (0, np.int64(5)): {'cpu': 4}, (7, np.int64(94)): {'cpu': 2}}",{},0.0,0.0,685.0,108.0,577.0,0.0,0.0,0.0,0.0,0.0,0.0,0.0,0.0,0.0,Route Failure,4.828423642170472,"{'node_level': {}, 'link_level': {}, 'path_level': {}}","{'node_level': {3: {'cpu': -50}, 6: {'cpu': -59}, 5: {'cpu': -33}, 2: {'cpu': -30}, 4: {'cpu': -52}, 9: {'cpu': -44}, 8: {'cpu': -94}, 1: {'cpu': -84}, 0: {'cpu': -54}, 7: {'cpu': -53}}, 'link_level': {(0, 5): {'bw': -37}}, 'path_level': {(0, 5): {'latency': 4.828423642170472}}}","{'node_level': {3: {'cpu': 0}, 6: {'cpu': 0}, 5: {'cpu': 0}, 2: {'cpu': 0}, 4: {'cpu': 0}, 9: {'cpu': 0}, 8: {'cpu': 0}, 1: {'cpu': 0}, 0: {'cpu': 0}, 7: {'cpu': 0}}, 'link_level': {(0, 5): {'bw': 0}}, 'path_level': {(0, 5): {'latency': 4.828423642170472}}}",[],0.0,0.0,True,False,False,0,[],0,0.0,10.0,1.0
49,20,9,2871.0,3670.0,1024778.3888621986,1248428.352161252,0.7822888283378746,0.820854786811053,29,71,0,591.5416162350841,40815,7307,33508,0.04608355091383809,0.020176618515702627,4,525.5416162350841,66.0,9,24,False,{},{},{},{},0.0,0.0,0.0,0.0,0.0,0.0,0.0,0.0,0.0,0.0,0.0,0.0,0.0,0.0,Leave Event,0.0,"{'node_level': {}, 'link_level': {}, 'path_level': {}}","{'node_level': {}, 'link_level': {}, 'path_level': {}}","{'node_level': {}, 'link_level': {}, 'path_level': {}}",[],0.0,0.0,True,True,False,0,[],0,0.0,,
50,20,9,2871.0,3670.0,1024778.3888621986,1248428.352161252,0.7822888283378746,0.820854786811053,29,72,1,604.0,40815,7307,33508,0.04608355091383809,0.020176618515702627,49,72.36588429480402,604.0,4,4,False,"{0: np.int64(34), 3: np.int64(99), 1: np.int64(41), 2: np.int64(18)}","{(0, 1): [(np.int64(34), 3), (3, np.int64(41))], (0, 2): [(np.int64(34), 18)], (0, 3): []}","{(0, np.int64(34)): {'cpu': 12}, (3, np.int64(99)): {'cpu': 9}, (1, np.int64(41)): {'cpu': 10}, (2, np.int64(18)): {'cpu': 18}}","{((0, 1), (np.int64(34), 3)): {'bw': 33}, ((0, 1), (3, np.int64(41))): {'bw': 33}, ((0, 2), (np.int64(34), 18)): {'bw': 21}}",0.0,0.0,177.0,49.0,128.0,0.0,0.0,0.0,0.0,0.0,0.0,0.0,0.0,0.0,Route Failure,6.24343752406223,"{'node_level': {}, 'link_level': {}, 'path_level': {}}","{'node_level': {0: {'cpu': -56}, 3: {'cpu': -63}, 1: {'cpu': -42}, 2: {'cpu': -30}}, 'link_level': {(0, 1): {'bw': -56}, (0, 2): {'bw': -14}, (0, 3): {'bw': -8}}, 'path_level': {(0, 1): {'latency': -3.0787953563708257}, (0, 2): {'latency': -7.428870525430731}, (0, 3): {'latency': 6.24343752406223}}}","{'node_level': {0: {'cpu': 0}, 3: {'cpu': 0}, 1: {'cpu': 0}, 2: {'cpu': 0}}, 'link_level': {(0, 1): {'bw': 0}, (0, 2): {'bw': 0}, (0, 3): {'bw': 0}}, 'path_level': {(0, 1): {'latency': 0}, (0, 2): {'latency': 0}, (0, 3): {'latency': 6.24343752406223}}}",[],0.0,0.0,True,False,False,0,[],0,0.0,4.0,3.0
50,20,9,2871.0,3670.0,1024778.3888621986,1248428.352161252,0.7822888283378746,0.820854786811053,29,73,0,612.6154403784817,40815,7307,33508,0.04608355091383809,0.020176618515702627,38,130.61544037848168,482.0,4,4,False,{},{},{},{},0.0,0.0,0.0,0.0,0.0,0.0,0.0,0.0,0.0,0.0,0.0,0.0,0.0,0.0,Leave Event,0.0,"{'node_level': {}, 'link_level': {}, 'path_level': {}}","{'node_level': {}, 'link_level': {}, 'path_level': {}}","{'node_level': {}, 'link_level': {}, 'path_level': {}}",[],0.0,0.0,True,True,False,0,[],0,0.0,,
51,20,9,2871.0,3670.0,1024778.3888621986,1248428.352161252,0.7822888283378746,0.820854786811053,29,74,1,614.0,40815,7307,33508,0.04608355091383809,0.020176618515702627,50,319.29925958263146,614.0,8,13,False,"{6: np.int64(34), 5: np.int64(99), 1: np.int64(41), 0: np.int64(18), 7: np.int64(4), 2: np.int64(17), 4: np.int64(59), 3: np.int64(93)}","{(0, 1): [(np.int64(18), 41)], (1, 2): [(np.int64(41), 18), (18, 4), (4, np.int64(17))], (1, 4): [(np.int64(41), 92), (92, np.int64(59))], (1, 5): [(np.int64(41), 99)], (2, 3): [(np.int64(17), 5), (5, np.int64(93))], (2, 4): []}","{(6, np.int64(34)): {'cpu': 15}, (5, np.int64(99)): {'cpu': 13}, (1, np.int64(41)): {'cpu': 10}, (0, np.int64(18)): {'cpu': 20}, (7, np.int64(4)): {'cpu': 15}, (2, np.int64(17)): {'cpu': 10}, (4, np.int64(59)): {'cpu': 20}, (3, np.int64(93)): {'cpu': 1}}","{((0, 1), (np.int64(18), 41)): {'bw': 45}, ((1, 2), (np.int64(41), 18)): {'bw': 17}, ((1, 2), (18, 4)): {'bw': 17}, ((1, 2), (4, np.int64(17))): {'bw': 17}, ((1, 4), (np.int64(41), 92)): {'bw': 13}, ((1, 4), (92, np.int64(59))): {'bw': 13}, ((1, 5), (np.int64(41), 99)): {'bw': 37}, ((2, 3), (np.int64(17), 5)): {'bw': 7}, ((2, 3), (5, np.int64(93))): {'bw': 7}}",0.0,0.0,387.0,104.0,283.0,0.0,0.0,0.0,0.0,0.0,0.0,0.0,0.0,0.0,Route Failure,5.583998195921277,"{'node_level': {}, 'link_level': {}, 'path_level': {}}","{'node_level': {6: {'cpu': -53}, 5: {'cpu': -59}, 1: {'cpu': -42}, 0: {'cpu': -28}, 7: {'cpu': -55}, 2: {'cpu': -41}, 4: {'cpu': -80}, 3: {'cpu': -86}}, 'link_level': {(0, 1): {'bw': -37}, (1, 2): {'bw': -20}, (1, 4): {'bw': -51}, (1, 5): {'bw': -34}, (2, 3): {'bw': -46}, (2, 4): {'bw': -20}}, 'path_level': {(0, 1): {'latency': -4.334536724335416}, (1, 2): {'latency': -1.0493312613473549}, (1, 4): {'latency': -7.674081007195441}, (1, 5): {'latency': -4.798721903199308}, (2, 3): {'latency': -2.682121546602124}, (2, 4): {'latency': 5.583998195921277}}}","{'node_level': {6: {'cpu': 0}, 5: {'cpu': 0}, 1: {'cpu': 0}, 0: {'cpu': 0}, 7: {'cpu': 0}, 2: {'cpu': 0}, 4: {'cpu': 0}, 3: {'cpu': 0}}, 'link_level': {(0, 1): {'bw': 0}, (1, 2): {'bw': 0}, (1, 4): {'bw': 0}, (1, 5): {'bw': 0}, (2, 3): {'bw': 0}, (2, 4): {'bw': 0}}, 'path_level': {(0, 1): {'latency': 0}, (1, 2): {'latency': 0}, (1, 4): {'latency': 0}, (1, 5): {'latency': 0}, (2, 3): {'latency': 0}, (2, 4): {'latency': 5.583998195921277}}}",[],0.0,0.0,True,False,False,0,[],0,0.0,8.0,6.0
52,20,9,2871.0,3670.0,1024778.3888621986,1248428.352161252,0.7822888283378746,0.820854786811053,29,75,1,630.0,40815,7307,33508,0.04608355091383809,0.020176618515702627,51,503.3395684587858,630.0,9,20,False,"{6: np.int64(34), 0: np.int64(99), 5: np.int64(41), 2: np.int64(18), 8: np.int64(4), 3: np.int64(17), 1: np.int64(59), 4: np.int64(93), 7: np.int64(5)}","{(0, 1): [(np.int64(99), 63), (63, np.int64(59))], (0, 3): [(np.int64(99), 34), (34, np.int64(17))], (0, 5): [(np.int64(99), 41)], (0, 6): [(np.int64(99), 34)], (0, 7): []}","{(6, np.int64(34)): {'cpu': 12}, (0, np.int64(99)): {'cpu': 18}, (5, np.int64(41)): {'cpu': 19}, (2, np.int64(18)): {'cpu': 15}, (8, np.int64(4)): {'cpu': 17}, (3, np.int64(17)): {'cpu': 8}, (1, np.int64(59)): {'cpu': 5}, (4, np.int64(93)): {'cpu': 2}, (7, np.int64(5)): {'cpu': 1}}","{((0, 1), (np.int64(99), 63)): {'bw': 25}, ((0, 1), (63, np.int64(59))): {'bw': 25}, ((0, 3), (np.int64(99), 34)): {'bw': 32}, ((0, 3), (34, np.int64(17))): {'bw': 32}, ((0, 5), (np.int64(99), 41)): {'bw': 13}, ((0, 6), (np.int64(99), 34)): {'bw': 13}}",0.0,0.0,526.0,97.0,429.0,0.0,0.0,0.0,0.0,0.0,0.0,0.0,0.0,0.0,Route Failure,2.424412244511096,"{'node_level': {}, 'link_level': {}, 'path_level': {}}","{'node_level': {6: {'cpu': -56}, 0: {'cpu': -54}, 5: {'cpu': -33}, 2: {'cpu': -33}, 8: {'cpu': -53}, 3: {'cpu': -43}, 1: {'cpu': -95}, 4: {'cpu': -85}, 7: {'cpu': -57}}, 'link_level': {(0, 1): {'bw': -28}, (0, 3): {'bw': -40}, (0, 5): {'bw': -58}, (0, 6): {'bw': -42}, (0, 7): {'bw': -50}}, 'path_level': {(0, 1): {'latency': -7.96315563439946}, (0, 3): {'latency': -0.6538868499265771}, (0, 5): {'latency': -3.3293386559539804}, (0, 6): {'latency': -7.491107418886344}, (0, 7): {'latency': 2.424412244511096}}}","{'node_level': {6: {'cpu': 0}, 0: {'cpu': 0}, 5: {'cpu': 0}, 2: {'cpu': 0}, 8: {'cpu': 0}, 3: {'cpu': 0}, 1: {'cpu': 0}, 4: {'cpu': 0}, 7: {'cpu': 0}}, 'link_level': {(0, 1): {'bw': 0}, (0, 3): {'bw': 0}, (0, 5): {'bw': 0}, (0, 6): {'bw': 0}, (0, 7): {'bw': 0}}, 'path_level': {(0, 1): {'latency': 0}, (0, 3): {'latency': 0}, (0, 5): {'latency': 0}, (0, 6): {'latency': 0}, (0, 7): {'latency': 2.424412244511096}}}",[],0.0,0.0,True,False,False,0,[],0,0.0,9.0,5.0
52,20,9,2871.0,3670.0,1024778.3888621986,1248428.352161252,0.7822888283378746,0.820854786811053,29,76,0,631.0178031143265,40815,7307,33508,0.04608355091383809,0.020176618515702627,3,585.0178031143265,46.0,10,27,False,{},{},{},{},0.0,0.0,0.0,0.0,0.0,0.0,0.0,0.0,0.0,0.0,0.0,0.0,0.0,0.0,Leave Event,0.0,"{'node_level': {}, 'link_level': {}, 'path_level': {}}","{'node_level': {}, 'link_level': {}, 'path_level': {}}","{'node_level': {}, 'link_level': {}, 'path_level': {}}",[],0.0,0.0,True,True,False,0,[],0,0.0,,
52,20,8,2871.0,3670.0,1024778.3888621986,1248428.352161252,0.7822888283378746,0.820854786811053,29,77,0,635.2287029526603,40964,7345,33619,0.041122715404699695,0.01693081466752444,23,349.2287029526604,286.0,4,4,False,{},{},{},{},0.0,0.0,0.0,0.0,0.0,0.0,0.0,0.0,0.0,0.0,0.0,0.0,0.0,0.0,Leave Event,0.0,"{'node_level': {}, 'link_level': {}, 'path_level': {}}","{'node_level': {}, 'link_level': {}, 'path_level': {}}","{'node_level': {}, 'link_level': {}, 'path_level': {}}",[],0.0,0.0,True,True,False,0,[],0,0.0,,
53,20,8,2871.0,3670.0,1024778.3888621986,1248428.352161252,0.7822888283378746,0.820854786811053,29,78,1,638.0,40964,7345,33619,0.041122715404699695,0.01693081466752444,52,338.4279392314331,638.0,9,21,False,"{3: np.int64(33), 7: np.int64(25), 5: np.int64(64), 1: np.int64(0), 4: np.int64(86), 6: np.int64(28), 0: np.int64(96), 8: np.int64(26), 2: np.int64(17)}","{(0, 2): []}","{(3, np.int64(33)): {'cpu': 20}, (7, np.int64(25)): {'cpu': 17}, (5, np.int64(64)): {'cpu': 18}, (1, np.int64(0)): {'cpu': 14}, (4, np.int64(86)): {'cpu': 5}, (6, np.int64(28)): {'cpu': 10}, (0, np.int64(96)): {'cpu': 3}, (8, np.int64(26)): {'cpu': 3}, (2, np.int64(17)): {'cpu': 1}}",{},0.0,0.0,631.0,91.0,540.0,0.0,0.0,0.0,0.0,0.0,0.0,0.0,0.0,0.0,Route Failure,7.8589152784055525,"{'node_level': {}, 'link_level': {}, 'path_level': {}}","{'node_level': {3: {'cpu': -72}, 7: {'cpu': -53}, 5: {'cpu': -39}, 1: {'cpu': -82}, 4: {'cpu': -56}, 6: {'cpu': -54}, 0: {'cpu': -79}, 8: {'cpu': -77}, 2: {'cpu': -50}}, 'link_level': {(0, 2): {'bw': -44}}, 'path_level': {(0, 2): {'latency': 7.8589152784055525}}}","{'node_level': {3: {'cpu': 0}, 7: {'cpu': 0}, 5: {'cpu': 0}, 1: {'cpu': 0}, 4: {'cpu': 0}, 6: {'cpu': 0}, 0: {'cpu': 0}, 8: {'cpu': 0}, 2: {'cpu': 0}}, 'link_level': {(0, 2): {'bw': 0}}, 'path_level': {(0, 2): {'latency': 7.8589152784055525}}}",[],0.0,0.0,True,False,False,0,[],0,0.0,9.0,1.0
53,20,8,2871.0,3670.0,1024778.3888621986,1248428.352161252,0.7822888283378746,0.820854786811053,29,79,0,642.8824333146167,40964,7345,33619,0.041122715404699695,0.01693081466752444,25,334.8824333146168,308.0,10,26,False,{},{},{},{},0.0,0.0,0.0,0.0,0.0,0.0,0.0,0.0,0.0,0.0,0.0,0.0,0.0,0.0,Leave Event,0.0,"{'node_level': {}, 'link_level': {}, 'path_level': {}}","{'node_level': {}, 'link_level': {}, 'path_level': {}}","{'node_level': {}, 'link_level': {}, 'path_level': {}}",[],0.0,0.0,True,True,False,0,[],0,0.0,,
53,20,7,2871.0,3670.0,1024778.3888621986,1248428.352161252,0.7822888283378746,0.820854786811053,29,80,0,644.254552049156,41047,7374,33673,0.03733681462140992,0.015351774957599873,27,310.25455204915596,334.0,4,3,False,{},{},{},{},0.0,0.0,0.0,0.0,0.0,0.0,0.0,0.0,0.0,0.0,0.0,0.0,0.0,0.0,Leave Event,0.0,"{'node_level': {}, 'link_level': {}, 'path_level': {}}","{'node_level': {}, 'link_level': {}, 'path_level': {}}","{'node_level': {}, 'link_level': {}, 'path_level': {}}",[],0.0,0.0,True,True,False,0,[],0,0.0,,
54,21,8,3045.0,3969.0,1257909.742154016,1649039.125921329,0.7671957671957672,0.7628137637129825,29,81,1,646.0,40748,7324,33424,0.04386422976501303,0.022632902508918695,53,1339.835363746077,646.0,4,5,True,"{0: np.int64(34), 3: np.int64(17), 1: np.int64(98), 2: np.int64(94)}","{(0, 2): [(np.int64(34), 17), (17, np.int64(94))], (0, 3): [(np.int64(34), 18), (18, 4), (4, np.int64(17))], (1, 2): [(np.int64(98), 94)], (1, 3): [(np.int64(98), 17)], (2, 3): [(np.int64(94), 4), (4, np.int64(17))]}","{(0, np.int64(34)): {'cpu': 15}, (3, np.int64(17)): {'cpu': 16}, (1, np.int64(98)): {'cpu': 17}, (2, np.int64(94)): {'cpu': 2}}","{((0, 2), (np.int64(34), 17)): {'bw': 50}, ((0, 2), (17, np.int64(94))): {'bw': 50}, ((0, 3), (np.int64(34), 18)): {'bw': 29}, ((0, 3), (18, 4)): {'bw': 29}, ((0, 3), (4, np.int64(17))): {'bw': 29}, ((1, 2), (np.int64(98), 94)): {'bw': 9}, ((1, 3), (np.int64(98), 17)): {'bw': 19}, ((2, 3), (np.int64(94), 4)): {'bw': 17}, ((2, 3), (4, np.int64(17))): {'bw': 17}}",299.0,174.0,174.0,50.0,124.0,50.0,124.0,50.0,249.0,125.0,0.5819397993311036,400610.773760077,233131.35329181742,779.7035227151083,Success,0.0,"{'node_level': {}, 'link_level': {}, 'path_level': {}}","{'node_level': {0: {'cpu': -73}, 3: {'cpu': -37}, 1: {'cpu': -76}, 2: {'cpu': -54}}, 'link_level': {(0, 2): {'bw': -11}, (0, 3): {'bw': -6}, (1, 2): {'bw': -91}, (1, 3): {'bw': -57}, (2, 3): {'bw': -50}}, 'path_level': {(0, 2): {'latency': -3.020705858541632}, (0, 3): {'latency': -1.185395791231187}, (1, 2): {'latency': -1.264523607711308}, (1, 3): {'latency': -5.863773523168}, (2, 3): {'latency': -6.547993640977509}}}","{'node_level': {0: {'cpu': 0}, 3: {'cpu': 0}, 1: {'cpu': 0}, 2: {'cpu': 0}}, 'link_level': {(0, 2): {'bw': 0}, (0, 3): {'bw': 0}, (1, 2): {'bw': 0}, (1, 3): {'bw': 0}, (2, 3): {'bw': 0}}, 'path_level': {(0, 2): {'latency': 0}, (0, 3): {'latency': 0}, (1, 2): {'latency': 0}, (1, 3): {'latency': 0}, (2, 3): {'latency': 0}}}",[],0.0,0.0,True,True,False,0,[],0,0.0,4.0,5.0
55,21,8,3045.0,3969.0,1257909.742154016,1649039.125921329,0.7671957671957672,0.7628137637129825,29,82,1,661.0,40748,7324,33424,0.04386422976501303,0.022632902508918695,54,1373.6073770258297,661.0,9,18,False,"{5: np.int64(33), 3: np.int64(25), 8: np.int64(64), 2: np.int64(0), 1: np.int64(86), 7: np.int64(28), 0: np.int64(96), 6: np.int64(26), 4: np.int64(59)}","{(0, 2): [(np.int64(96), 25), (25, 64), (64, np.int64(0))], (0, 7): []}","{(5, np.int64(33)): {'cpu': 19}, (3, np.int64(25)): {'cpu': 10}, (8, np.int64(64)): {'cpu': 10}, (2, np.int64(0)): {'cpu': 14}, (1, np.int64(86)): {'cpu': 8}, (7, np.int64(28)): {'cpu': 7}, (0, np.int64(96)): {'cpu': 11}, (6, np.int64(26)): {'cpu': 9}, (4, np.int64(59)): {'cpu': 4}}","{((0, 2), (np.int64(96), 25)): {'bw': 1}, ((0, 2), (25, 64)): {'bw': 1}, ((0, 2), (64, np.int64(0))): {'bw': 1}}",0.0,0.0,521.0,92.0,429.0,0.0,0.0,0.0,0.0,0.0,0.0,0.0,0.0,0.0,Route Failure,19.0,"{'node_level': {}, 'link_level': {}, 'path_level': {}}","{'node_level': {5: {'cpu': -73}, 3: {'cpu': -60}, 8: {'cpu': -47}, 2: {'cpu': -82}, 1: {'cpu': -53}, 7: {'cpu': -57}, 0: {'cpu': -71}, 6: {'cpu': -71}, 4: {'cpu': -96}}, 'link_level': {(0, 2): {'bw': -68}, (0, 7): {'bw': 19}}, 'path_level': {(0, 2): {'latency': -1.2733400256181717}, (0, 7): {'latency': 2.418760906503709}}}","{'node_level': {5: {'cpu': 0}, 3: {'cpu': 0}, 8: {'cpu': 0}, 2: {'cpu': 0}, 1: {'cpu': 0}, 7: {'cpu': 0}, 0: {'cpu': 0}, 6: {'cpu': 0}, 4: {'cpu': 0}}, 'link_level': {(0, 2): {'bw': 0}, (0, 7): {'bw': 19}}, 'path_level': {(0, 2): {'latency': 0}, (0, 7): {'latency': 2.418760906503709}}}",[],0.0,0.0,True,False,False,0,[],0,0.0,9.0,2.0
56,21,8,3045.0,3969.0,1257909.742154016,1649039.125921329,0.7671957671957672,0.7628137637129825,29,83,1,673.0,40748,7324,33424,0.04386422976501303,0.022632902508918695,55,346.5350454987206,673.0,7,7,False,"{1: np.int64(33), 5: np.int64(25), 4: np.int64(64), 3: np.int64(0), 0: np.int64(86), 2: np.int64(28), 6: np.int64(96)}","{(0, 2): [(np.int64(86), 28)], (1, 2): []}","{(1, np.int64(33)): {'cpu': 20}, (5, np.int64(25)): {'cpu': 17}, (4, np.int64(64)): {'cpu': 5}, (3, np.int64(0)): {'cpu': 10}, (0, np.int64(86)): {'cpu': 18}, (2, np.int64(28)): {'cpu': 3}, (6, np.int64(96)): {'cpu': 19}}","{((0, 2), (np.int64(86), 28)): {'bw': 13}}",0.0,0.0,284.0,92.0,192.0,0.0,0.0,0.0,0.0,0.0,0.0,0.0,0.0,0.0,Route Failure,8.27881114933347,"{'node_level': {}, 'link_level': {}, 'path_level': {}}","{'node_level': {1: {'cpu': -72}, 5: {'cpu': -53}, 4: {'cpu': -52}, 3: {'cpu': -86}, 0: {'cpu': -43}, 2: {'cpu': -61}, 6: {'cpu': -63}}, 'link_level': {(0, 2): {'bw': -40}, (1, 2): {'bw': -3}}, 'path_level': {(0, 2): {'latency': -4.776058406229144}, (1, 2): {'latency': 8.27881114933347}}}","{'node_level': {1: {'cpu': 0}, 5: {'cpu': 0}, 4: {'cpu': 0}, 3: {'cpu': 0}, 0: {'cpu': 0}, 2: {'cpu': 0}, 6: {'cpu': 0}}, 'link_level': {(0, 2): {'bw': 0}, (1, 2): {'bw': 0}}, 'path_level': {(0, 2): {'latency': 0}, (1, 2): {'latency': 8.27881114933347}}}",[],0.0,0.0,True,False,False,0,[],0,0.0,7.0,2.0
56,21,8,3045.0,3969.0,1257909.742154016,1649039.125921329,0.7671957671957672,0.7628137637129825,29,84,0,676.365884294804,40748,7324,33424,0.04386422976501303,0.022632902508918695,49,72.36588429480402,604.0,4,4,False,{},{},{},{},0.0,0.0,0.0,0.0,0.0,0.0,0.0,0.0,0.0,0.0,0.0,0.0,0.0,0.0,Leave Event,0.0,"{'node_level': {}, 'link_level': {}, 'path_level': {}}","{'node_level': {}, 'link_level': {}, 'path_level': {}}","{'node_level': {}, 'link_level': {}, 'path_level': {}}",[],0.0,0.0,True,True,False,0,[],0,0.0,,
57,21,8,3045.0,3969.0,1257909.742154016,1649039.125921329,0.7671957671957672,0.7628137637129825,29,85,1,685.0,40748,7324,33424,0.04386422976501303,0.022632902508918695,56,263.5075596807512,685.0,5,8,False,"{2: np.int64(33), 1: np.int64(25), 0: np.int64(64), 3: np.int64(0), 4: np.int64(86)}","{(0, 1): [(np.int64(64), 25)], (0, 2): [(np.int64(64), 33)], (0, 4): [(np.int64(64), 0), (0, np.int64(86))], (1, 2): [(np.int64(25), 33)], (1, 3): [(np.int64(25), 64), (64, np.int64(0))], (1, 4): []}","{(2, np.int64(33)): {'cpu': 16}, (1, np.int64(25)): {'cpu': 12}, (0, np.int64(64)): {'cpu': 13}, (3, np.int64(0)): {'cpu': 18}, (4, np.int64(86)): {'cpu': 5}}","{((0, 1), (np.int64(64), 25)): {'bw': 6}, ((0, 2), (np.int64(64), 33)): {'bw': 27}, ((0, 4), (np.int64(64), 0)): {'bw': 39}, ((0, 4), (0, np.int64(86))): {'bw': 39}, ((1, 2), (np.int64(25), 33)): {'bw': 39}, ((1, 3), (np.int64(25), 64)): {'bw': 11}, ((1, 3), (64, np.int64(0))): {'bw': 11}}",0.0,0.0,281.0,64.0,217.0,0.0,0.0,0.0,0.0,0.0,0.0,0.0,0.0,0.0,Route Failure,8.197837800220007,"{'node_level': {}, 'link_level': {}, 'path_level': {}}","{'node_level': {2: {'cpu': -76}, 1: {'cpu': -58}, 0: {'cpu': -44}, 3: {'cpu': -78}, 4: {'cpu': -56}}, 'link_level': {(0, 1): {'bw': -68}, (0, 2): {'bw': -56}, (0, 4): {'bw': -30}, (1, 2): {'bw': -37}, (1, 3): {'bw': -19}, (1, 4): {'bw': -24}}, 'path_level': {(0, 1): {'latency': -5.456382270231524}, (0, 2): {'latency': -4.069365596844005}, (0, 4): {'latency': -5.3828409267047785}, (1, 2): {'latency': -8.252342355562401}, (1, 3): {'latency': -1.7462412116533041}, (1, 4): {'latency': 8.197837800220007}}}","{'node_level': {2: {'cpu': 0}, 1: {'cpu': 0}, 0: {'cpu': 0}, 3: {'cpu': 0}, 4: {'cpu': 0}}, 'link_level': {(0, 1): {'bw': 0}, (0, 2): {'bw': 0}, (0, 4): {'bw': 0}, (1, 2): {'bw': 0}, (1, 3): {'bw': 0}, (1, 4): {'bw': 0}}, 'path_level': {(0, 1): {'latency': 0}, (0, 2): {'latency': 0}, (0, 4): {'latency': 0}, (1, 2): {'latency': 0}, (1, 3): {'latency': 0}, (1, 4): {'latency': 8.197837800220007}}}",[],0.0,0.0,True,False,False,0,[],0,0.0,5.0,6.0
58,22,9,3092.0,4016.0,1297040.692182302,1688170.075949615,0.7699203187250996,0.768311623728256,29,86,1,700.0,40701,7299,33402,0.04712793733681464,0.023276214983332322,57,832.5734048571513,700.0,2,1,True,"{0: np.int64(33), 1: np.int64(25)}","{(0, 1): [(np.int64(33), 25)]}","{(0, np.int64(33)): {'cpu': 17}, (1, np.int64(25)): {'cpu': 8}}","{((0, 1), (np.int64(33), 25)): {'bw': 22}}",47.0,47.0,47.0,25.0,22.0,25.0,22.0,25.0,22.0,0.0,1.0,39130.95002828611,39130.95002828611,832.5734048571513,Success,0.0,"{'node_level': {}, 'link_level': {}, 'path_level': {}}","{'node_level': {0: {'cpu': -75}, 1: {'cpu': -62}}, 'link_level': {(0, 1): {'bw': -54}}, 'path_level': {(0, 1): {'latency': -5.44382950347145}}}","{'node_level': {0: {'cpu': 0}, 1: {'cpu': 0}}, 'link_level': {(0, 1): {'bw': 0}}, 'path_level': {(0, 1): {'latency': 0}}}",[],0.0,0.0,True,True,False,0,[],0,0.0,2.0,1.0
59,22,9,3092.0,4016.0,1297040.692182302,1688170.075949615,0.7699203187250996,0.768311623728256,29,87,1,715.0,40701,7299,33402,0.04712793733681464,0.023276214983332322,58,362.5993729760375,715.0,7,10,False,"{1: np.int64(25), 5: np.int64(33), 6: np.int64(64), 0: np.int64(0), 2: np.int64(86), 4: np.int64(28), 3: np.int64(96)}","{(0, 3): []}","{(1, np.int64(25)): {'cpu': 11}, (5, np.int64(33)): {'cpu': 20}, (6, np.int64(64)): {'cpu': 8}, (0, np.int64(0)): {'cpu': 6}, (2, np.int64(86)): {'cpu': 4}, (4, np.int64(28)): {'cpu': 3}, (3, np.int64(96)): {'cpu': 2}}",{},0.0,0.0,289.0,54.0,235.0,0.0,0.0,0.0,0.0,0.0,0.0,0.0,0.0,0.0,Route Failure,5.109496234680378,"{'node_level': {}, 'link_level': {}, 'path_level': {}}","{'node_level': {1: {'cpu': -51}, 5: {'cpu': -55}, 6: {'cpu': -49}, 0: {'cpu': -90}, 2: {'cpu': -57}, 4: {'cpu': -61}, 3: {'cpu': -80}}, 'link_level': {(0, 3): {'bw': -12}}, 'path_level': {(0, 3): {'latency': 5.109496234680378}}}","{'node_level': {1: {'cpu': 0}, 5: {'cpu': 0}, 6: {'cpu': 0}, 0: {'cpu': 0}, 2: {'cpu': 0}, 4: {'cpu': 0}, 3: {'cpu': 0}}, 'link_level': {(0, 3): {'bw': 0}}, 'path_level': {(0, 3): {'latency': 5.109496234680378}}}",[],0.0,0.0,True,False,False,0,[],0,0.0,7.0,1.0
60,23,10,3375.0,4351.0,1392232.7241738618,1800853.2233601187,0.7756837508618708,0.7730961669247908,29,88,1,729.0,40366,7247,33119,0.05391644908616189,0.031551552722381415,59,336.36760421045864,729.0,6,9,True,"{0: np.int64(25), 3: np.int64(33), 2: np.int64(64), 4: np.int64(0), 1: np.int64(86), 5: np.int64(28)}","{(0, 2): [(np.int64(25), 64)], (0, 3): [(np.int64(25), 33)], (1, 3): [(np.int64(86), 33)], (1, 4): [(np.int64(86), 0)], (1, 5): [(np.int64(86), 28)], (2, 4): [(np.int64(64), 0)], (3, 4): [(np.int64(33), 0)], (3, 5): [(np.int64(33), 60), (60, np.int64(28))], (4, 5): [(np.int64(0), 85), (85, np.int64(28))]}","{(0, np.int64(25)): {'cpu': 19}, (3, np.int64(33)): {'cpu': 8}, (2, np.int64(64)): {'cpu': 18}, (4, np.int64(0)): {'cpu': 5}, (1, np.int64(86)): {'cpu': 1}, (5, np.int64(28)): {'cpu': 1}}","{((0, 2), (np.int64(25), 64)): {'bw': 11}, ((0, 3), (np.int64(25), 33)): {'bw': 46}, ((1, 3), (np.int64(86), 33)): {'bw': 40}, ((1, 4), (np.int64(86), 0)): {'bw': 32}, ((1, 5), (np.int64(86), 28)): {'bw': 14}, ((2, 4), (np.int64(64), 0)): {'bw': 17}, ((3, 4), (np.int64(33), 0)): {'bw': 19}, ((3, 5), (np.int64(33), 60)): {'bw': 20}, ((3, 5), (60, np.int64(28))): {'bw': 20}, ((4, 5), (np.int64(0), 85)): {'bw': 32}, ((4, 5), (85, np.int64(28))): {'bw': 32}}",335.0,283.0,283.0,52.0,231.0,52.0,231.0,52.0,283.0,52.0,0.844776119402985,112683.14741050365,95192.0319915598,284.1553193777904,Success,0.0,"{'node_level': {}, 'link_level': {}, 'path_level': {}}","{'node_level': {0: {'cpu': -43}, 3: {'cpu': -67}, 2: {'cpu': -39}, 4: {'cpu': -91}, 1: {'cpu': -60}, 5: {'cpu': -63}}, 'link_level': {(0, 2): {'bw': -63}, (0, 3): {'bw': -8}, (1, 3): {'bw': -18}, (1, 4): {'bw': -46}, (1, 5): {'bw': -39}, (2, 4): {'bw': -52}, (3, 4): {'bw': -66}, (3, 5): {'bw': -39}, (4, 5): {'bw': -31}}, 'path_level': {(0, 2): {'latency': -6.448239720122732}, (0, 3): {'latency': -11.005218282883416}, (1, 3): {'latency': -13.535592184922116}, (1, 4): {'latency': -9.934314317571397}, (1, 5): {'latency': -7.124819175044005}, (2, 4): {'latency': -6.128044188075856}, (3, 4): {'latency': -11.61013892749274}, (3, 5): {'latency': -8.44648096910931}, (4, 5): {'latency': -5.2861288854236905}}}","{'node_level': {0: {'cpu': 0}, 3: {'cpu': 0}, 2: {'cpu': 0}, 4: {'cpu': 0}, 1: {'cpu': 0}, 5: {'cpu': 0}}, 'link_level': {(0, 2): {'bw': 0}, (0, 3): {'bw': 0}, (1, 3): {'bw': 0}, (1, 4): {'bw': 0}, (1, 5): {'bw': 0}, (2, 4): {'bw': 0}, (3, 4): {'bw': 0}, (3, 5): {'bw': 0}, (4, 5): {'bw': 0}}, 'path_level': {(0, 2): {'latency': 0}, (0, 3): {'latency': 0}, (1, 3): {'latency': 0}, (1, 4): {'latency': 0}, (1, 5): {'latency': 0}, (2, 4): {'latency': 0}, (3, 4): {'latency': 0}, (3, 5): {'latency': 0}, (4, 5): {'latency': 0}}}",[],0.0,0.0,True,True,False,0,[],0,0.0,6.0,9.0
61,23,10,3375.0,4351.0,1392232.7241738618,1800853.2233601187,0.7756837508618708,0.7730961669247908,29,89,1,744.0,40366,7247,33119,0.05391644908616189,0.031551552722381415,60,1021.6209258740134,744.0,5,4,False,"{1: np.int64(34), 0: np.int64(99), 2: np.int64(41), 3: np.int64(3), 4: np.int64(18)}","{(0, 1): []}","{(1, np.int64(34)): {'cpu': 18}, (0, np.int64(99)): {'cpu': 17}, (2, np.int64(41)): {'cpu': 16}, (3, np.int64(3)): {'cpu': 8}, (4, np.int64(18)): {'cpu': 4}}",{},0.0,0.0,181.0,63.0,118.0,0.0,0.0,0.0,0.0,0.0,0.0,0.0,0.0,0.0,Route Failure,7.84495492449615,"{'node_level': {}, 'link_level': {}, 'path_level': {}}","{'node_level': {1: {'cpu': -55}, 0: {'cpu': -55}, 2: {'cpu': -36}, 3: {'cpu': -82}, 4: {'cpu': -44}}, 'link_level': {(0, 1): {'bw': -11}}, 'path_level': {(0, 1): {'latency': 7.84495492449615}}}","{'node_level': {1: {'cpu': 0}, 0: {'cpu': 0}, 2: {'cpu': 0}, 3: {'cpu': 0}, 4: {'cpu': 0}}, 'link_level': {(0, 1): {'bw': 0}}, 'path_level': {(0, 1): {'latency': 7.84495492449615}}}",[],0.0,0.0,True,False,False,0,[],0,0.0,5.0,1.0
62,23,10,3375.0,4351.0,1392232.7241738618,1800853.2233601187,0.7756837508618708,0.7730961669247908,29,90,1,755.0,40366,7247,33119,0.05391644908616189,0.031551552722381415,61,1141.8412983709384,755.0,10,17,False,"{1: np.int64(34), 6: np.int64(99), 2: np.int64(41), 8: np.int64(3), 7: np.int64(18), 0: np.int64(93), 5: np.int64(59), 4: np.int64(92), 9: np.int64(8), 3: np.int64(63)}","{(0, 1): [(np.int64(93), 3), (3, np.int64(34))], (0, 6): [(np.int64(93), 8), (8, np.int64(99))], (0, 7): [(np.int64(93), 18)], (1, 2): [(np.int64(34), 41)], (1, 4): [(np.int64(34), 3), (3, np.int64(92))], (1, 5): []}","{(1, np.int64(34)): {'cpu': 10}, (6, np.int64(99)): {'cpu': 15}, (2, np.int64(41)): {'cpu': 11}, (8, np.int64(3)): {'cpu': 15}, (7, np.int64(18)): {'cpu': 15}, (0, np.int64(93)): {'cpu': 18}, (5, np.int64(59)): {'cpu': 14}, (4, np.int64(92)): {'cpu': 12}, (9, np.int64(8)): {'cpu': 7}, (3, np.int64(63)): {'cpu': 5}}","{((0, 1), (np.int64(93), 3)): {'bw': 29}, ((0, 1), (3, np.int64(34))): {'bw': 29}, ((0, 6), (np.int64(93), 8)): {'bw': 24}, ((0, 6), (8, np.int64(99))): {'bw': 24}, ((0, 7), (np.int64(93), 18)): {'bw': 6}, ((1, 2), (np.int64(34), 41)): {'bw': 13}, ((1, 4), (np.int64(34), 3)): {'bw': 48}, ((1, 4), (3, np.int64(92))): {'bw': 48}}",0.0,0.0,607.0,122.0,485.0,0.0,0.0,0.0,0.0,0.0,0.0,0.0,0.0,0.0,Route Failure,5.303820527318141,"{'node_level': {}, 'link_level': {}, 'path_level': {}}","{'node_level': {1: {'cpu': -63}, 6: {'cpu': -57}, 2: {'cpu': -41}, 8: {'cpu': -75}, 7: {'cpu': -33}, 0: {'cpu': -69}, 5: {'cpu': -86}, 4: {'cpu': -42}, 9: {'cpu': -82}, 3: {'cpu': -72}}, 'link_level': {(0, 1): {'bw': -23}, (0, 6): {'bw': -39}, (0, 7): {'bw': -65}, (1, 2): {'bw': -5}, (1, 4): {'bw': -12}, (1, 5): {'bw': -1}}, 'path_level': {(0, 1): {'latency': -3.0397414352063725}, (0, 6): {'latency': -5.744079835951189}, (0, 7): {'latency': -4.922614105963157}, (1, 2): {'latency': -11.248332748702513}, (1, 4): {'latency': -6.971172896473392}, (1, 5): {'latency': 5.303820527318141}}}","{'node_level': {1: {'cpu': 0}, 6: {'cpu': 0}, 2: {'cpu': 0}, 8: {'cpu': 0}, 7: {'cpu': 0}, 0: {'cpu': 0}, 5: {'cpu': 0}, 4: {'cpu': 0}, 9: {'cpu': 0}, 3: {'cpu': 0}}, 'link_level': {(0, 1): {'bw': 0}, (0, 6): {'bw': 0}, (0, 7): {'bw': 0}, (1, 2): {'bw': 0}, (1, 4): {'bw': 0}, (1, 5): {'bw': 0}}, 'path_level': {(0, 1): {'latency': 0}, (0, 6): {'latency': 0}, (0, 7): {'latency': 0}, (1, 2): {'latency': 0}, (1, 4): {'latency': 0}, (1, 5): {'latency': 5.303820527318141}}}",[],0.0,0.0,True,False,False,0,[],0,0.0,10.0,6.0
63,24,11,3759.0,4921.0,1421008.1369960327,1843566.7267680287,0.7638691322901849,0.770792896380384,29,91,1,760.0,39796,7151,32645,0.06644908616187994,0.04541201239838588,62,74.93597089107004,760.0,7,9,True,"{5: np.int64(34), 2: np.int64(99), 6: np.int64(41), 3: np.int64(3), 0: np.int64(18), 1: np.int64(93), 4: np.int64(59)}","{(0, 5): [(np.int64(18), 68), (68, np.int64(34))], (1, 2): [(np.int64(93), 89), (89, np.int64(99))], (1, 4): [(np.int64(93), 59)], (2, 4): [(np.int64(99), 63), (63, np.int64(59))], (2, 5): [(np.int64(99), 34)], (3, 6): [(np.int64(3), 41)], (4, 5): [(np.int64(59), 39), (39, np.int64(34))], (4, 6): [(np.int64(59), 92), (92, np.int64(41))], (5, 6): [(np.int64(34), 3), (3, np.int64(41))]}","{(5, np.int64(34)): {'cpu': 19}, (2, np.int64(99)): {'cpu': 16}, (6, np.int64(41)): {'cpu': 13}, (3, np.int64(3)): {'cpu': 18}, (0, np.int64(18)): {'cpu': 16}, (1, np.int64(93)): {'cpu': 10}, (4, np.int64(59)): {'cpu': 4}}","{((0, 5), (np.int64(18), 68)): {'bw': 46}, ((0, 5), (68, np.int64(34))): {'bw': 46}, ((1, 2), (np.int64(93), 89)): {'bw': 41}, ((1, 2), (89, np.int64(99))): {'bw': 41}, ((1, 4), (np.int64(93), 59)): {'bw': 13}, ((2, 4), (np.int64(99), 63)): {'bw': 21}, ((2, 4), (63, np.int64(59))): {'bw': 21}, ((2, 5), (np.int64(99), 34)): {'bw': 42}, ((3, 6), (np.int64(3), 41)): {'bw': 47}, ((4, 5), (np.int64(59), 39)): {'bw': 38}, ((4, 5), (39, np.int64(34))): {'bw': 38}, ((4, 6), (np.int64(59), 92)): {'bw': 4}, ((4, 6), (92, np.int64(41))): {'bw': 4}, ((5, 6), (np.int64(34), 3)): {'bw': 36}, ((5, 6), (3, np.int64(41))): {'bw': 36}}",570.0,384.0,384.0,96.0,288.0,96.0,288.0,96.0,474.0,186.0,0.6736842105263158,42713.50340790992,28775.412822170896,50.4831803897735,Success,0.0,"{'node_level': {}, 'link_level': {}, 'path_level': {}}","{'node_level': {5: {'cpu': -54}, 2: {'cpu': -56}, 6: {'cpu': -39}, 3: {'cpu': -72}, 0: {'cpu': -32}, 1: {'cpu': -77}, 4: {'cpu': -96}}, 'link_level': {(0, 5): {'bw': -19}, (1, 2): {'bw': -14}, (1, 4): {'bw': -39}, (2, 4): {'bw': -32}, (2, 5): {'bw': -45}, (3, 6): {'bw': -50}, (4, 5): {'bw': -29}, (4, 6): {'bw': -60}, (5, 6): {'bw': -14}}, 'path_level': {(0, 5): {'latency': -6.819286000250553}, (1, 2): {'latency': -1.9286218206364807}, (1, 4): {'latency': -7.29819483160759}, (2, 4): {'latency': -7.567554972766446}, (2, 5): {'latency': -5.1870566813292225}, (3, 6): {'latency': -1.0895603704973595}, (4, 5): {'latency': -3.4235177833075072}, (4, 6): {'latency': -7.286663775864397}, (5, 6): {'latency': -8.305037233746184}}}","{'node_level': {5: {'cpu': 0}, 2: {'cpu': 0}, 6: {'cpu': 0}, 3: {'cpu': 0}, 0: {'cpu': 0}, 1: {'cpu': 0}, 4: {'cpu': 0}}, 'link_level': {(0, 5): {'bw': 0}, (1, 2): {'bw': 0}, (1, 4): {'bw': 0}, (2, 4): {'bw': 0}, (2, 5): {'bw': 0}, (3, 6): {'bw': 0}, (4, 5): {'bw': 0}, (4, 6): {'bw': 0}, (5, 6): {'bw': 0}}, 'path_level': {(0, 5): {'latency': 0}, (1, 2): {'latency': 0}, (1, 4): {'latency': 0}, (2, 4): {'latency': 0}, (2, 5): {'latency': 0}, (3, 6): {'latency': 0}, (4, 5): {'latency': 0}, (4, 6): {'latency': 0}, (5, 6): {'latency': 0}}}",[],0.0,0.0,True,True,False,0,[],0,0.0,7.0,9.0
64,24,11,3759.0,4921.0,1421008.1369960327,1843566.7267680287,0.7638691322901849,0.770792896380384,29,92,1,770.0,39796,7151,32645,0.06644908616187994,0.04541201239838588,63,653.8425095824754,770.0,10,21,False,"{9: np.int64(26), 3: np.int64(72), 2: np.int64(94), 8: np.int64(5), 0: np.int64(90), 5: np.int64(58), 1: np.int64(21), 4: np.int64(17), 7: np.int64(4), 6: np.int64(83)}","{(0, 2): [(np.int64(90), 5), (5, np.int64(94))], (0, 5): [(np.int64(90), 58)], (0, 6): [(np.int64(90), 26), (26, np.int64(83))], (0, 7): []}","{(9, np.int64(26)): {'cpu': 20}, (3, np.int64(72)): {'cpu': 13}, (2, np.int64(94)): {'cpu': 18}, (8, np.int64(5)): {'cpu': 7}, (0, np.int64(90)): {'cpu': 9}, (5, np.int64(58)): {'cpu': 4}, (1, np.int64(21)): {'cpu': 15}, (4, np.int64(17)): {'cpu': 12}, (7, np.int64(4)): {'cpu': 3}, (6, np.int64(83)): {'cpu': 16}}","{((0, 2), (np.int64(90), 5)): {'bw': 23}, ((0, 2), (5, np.int64(94))): {'bw': 23}, ((0, 5), (np.int64(90), 58)): {'bw': 12}, ((0, 6), (np.int64(90), 26)): {'bw': 10}, ((0, 6), (26, np.int64(83))): {'bw': 10}}",0.0,0.0,554.0,117.0,437.0,0.0,0.0,0.0,0.0,0.0,0.0,0.0,0.0,0.0,Route Failure,6.8883322250302506,"{'node_level': {}, 'link_level': {}, 'path_level': {}}","{'node_level': {9: {'cpu': -60}, 3: {'cpu': -64}, 2: {'cpu': -36}, 8: {'cpu': -51}, 0: {'cpu': -58}, 5: {'cpu': -69}, 1: {'cpu': -27}, 4: {'cpu': -25}, 7: {'cpu': -67}, 6: {'cpu': -57}}, 'link_level': {(0, 2): {'bw': -31}, (0, 5): {'bw': -65}, (0, 6): {'bw': -44}, (0, 7): {'bw': -42}}, 'path_level': {(0, 2): {'latency': -4.267015417289608}, (0, 5): {'latency': -9.004826574509423}, (0, 6): {'latency': -8.176777915816025}, (0, 7): {'latency': 6.8883322250302506}}}","{'node_level': {9: {'cpu': 0}, 3: {'cpu': 0}, 2: {'cpu': 0}, 8: {'cpu': 0}, 0: {'cpu': 0}, 5: {'cpu': 0}, 1: {'cpu': 0}, 4: {'cpu': 0}, 7: {'cpu': 0}, 6: {'cpu': 0}}, 'link_level': {(0, 2): {'bw': 0}, (0, 5): {'bw': 0}, (0, 6): {'bw': 0}, (0, 7): {'bw': 0}}, 'path_level': {(0, 2): {'latency': 0}, (0, 5): {'latency': 0}, (0, 6): {'latency': 0}, (0, 7): {'latency': 6.8883322250302506}}}",[],0.0,0.0,True,False,False,0,[],0,0.0,10.0,4.0
65,25,12,4102.0,5293.0,1563902.1430302085,1998542.1502220035,0.7749858303419611,0.7825214708914126,32,93,1,783.0,39424,7096,32328,0.07362924281984329,0.054681560325165246,64,416.6006006827282,783.0,8,10,True,"{0: np.int64(26), 5: np.int64(72), 1: np.int64(94), 7: np.int64(5), 2: np.int64(90), 6: np.int64(58), 3: np.int64(21), 4: np.int64(17)}","{(0, 4): [(np.int64(26), 17)], (0, 5): [(np.int64(26), 72)], (1, 5): [(np.int64(94), 72)], (1, 6): [(np.int64(94), 58)], (2, 6): [(np.int64(90), 58)], (2, 7): [(np.int64(90), 5)], (3, 7): [(np.int64(21), 17), (17, np.int64(5))], (4, 6): [(np.int64(17), 58)], (4, 7): [(np.int64(17), 5)], (5, 7): [(np.int64(72), 5)]}","{(0, np.int64(26)): {'cpu': 15}, (5, np.int64(72)): {'cpu': 5}, (1, np.int64(94)): {'cpu': 6}, (7, np.int64(5)): {'cpu': 5}, (2, np.int64(90)): {'cpu': 7}, (6, np.int64(58)): {'cpu': 3}, (3, np.int64(21)): {'cpu': 7}, (4, np.int64(17)): {'cpu': 7}}","{((0, 4), (np.int64(26), 17)): {'bw': 1}, ((0, 5), (np.int64(26), 72)): {'bw': 43}, ((1, 5), (np.int64(94), 72)): {'bw': 42}, ((1, 6), (np.int64(94), 58)): {'bw': 49}, ((2, 6), (np.int64(90), 58)): {'bw': 37}, ((2, 7), (np.int64(90), 5)): {'bw': 20}, ((3, 7), (np.int64(21), 17)): {'bw': 29}, ((3, 7), (17, np.int64(5))): {'bw': 29}, ((4, 6), (np.int64(17), 58)): {'bw': 16}, ((4, 7), (np.int64(17), 5)): {'bw': 11}, ((5, 7), (np.int64(72), 5)): {'bw': 40}}",372.0,343.0,343.0,55.0,288.0,55.0,288.0,55.0,317.0,29.0,0.9220430107526881,154975.4234539749,142894.00603417578,384.1236721348811,Success,0.0,"{'node_level': {}, 'link_level': {}, 'path_level': {}}","{'node_level': {0: {'cpu': -65}, 5: {'cpu': -72}, 1: {'cpu': -48}, 7: {'cpu': -53}, 2: {'cpu': -60}, 6: {'cpu': -70}, 3: {'cpu': -35}, 4: {'cpu': -30}}, 'link_level': {(0, 4): {'bw': -63}, (0, 5): {'bw': -35}, (1, 5): {'bw': -43}, (1, 6): {'bw': -6}, (2, 6): {'bw': -40}, (2, 7): {'bw': -50}, (3, 7): {'bw': -24}, (4, 6): {'bw': -37}, (4, 7): {'bw': -13}, (5, 7): {'bw': -60}}, 'path_level': {(0, 4): {'latency': -2.735015979049267}, (0, 5): {'latency': -3.221194174110693}, (1, 5): {'latency': -9.589278512528367}, (1, 6): {'latency': -2.862645244866536}, (2, 6): {'latency': -6.752760714490446}, (2, 7): {'latency': -4.234748833966433}, (3, 7): {'latency': -2.902906542577501}, (4, 6): {'latency': -8.1979845192429}, (4, 7): {'latency': -9.268555942296627}, (5, 7): {'latency': -3.026633480083981}}}","{'node_level': {0: {'cpu': 0}, 5: {'cpu': 0}, 1: {'cpu': 0}, 7: {'cpu': 0}, 2: {'cpu': 0}, 6: {'cpu': 0}, 3: {'cpu': 0}, 4: {'cpu': 0}}, 'link_level': {(0, 4): {'bw': 0}, (0, 5): {'bw': 0}, (1, 5): {'bw': 0}, (1, 6): {'bw': 0}, (2, 6): {'bw': 0}, (2, 7): {'bw': 0}, (3, 7): {'bw': 0}, (4, 6): {'bw': 0}, (4, 7): {'bw': 0}, (5, 7): {'bw': 0}}, 'path_level': {(0, 4): {'latency': 0}, (0, 5): {'latency': 0}, (1, 5): {'latency': 0}, (1, 6): {'latency': 0}, (2, 6): {'latency': 0}, (2, 7): {'latency': 0}, (3, 7): {'latency': 0}, (4, 6): {'latency': 0}, (4, 7): {'latency': 0}, (5, 7): {'latency': 0}}}",[],0.0,0.0,True,True,False,0,[],0,0.0,8.0,10.0
66,25,12,4102.0,5293.0,1563902.1430302085,1998542.1502220035,0.7749858303419611,0.7825214708914126,32,94,1,793.0,39424,7096,32328,0.07362924281984329,0.054681560325165246,65,1108.147460785588,793.0,9,22,False,"{5: np.int64(4), 8: np.int64(83), 3: np.int64(45), 0: np.int64(50), 6: np.int64(67), 4: np.int64(22), 2: np.int64(28), 7: np.int64(21), 1: np.int64(26)}","{(0, 1): [(np.int64(50), 55), (55, np.int64(26))], (0, 3): [(np.int64(50), 45)], (0, 4): [(np.int64(50), 45), (45, np.int64(22))], (0, 5): [(np.int64(50), 36), (36, 17), (17, np.int64(4))], (0, 6): [(np.int64(50), 67)], (1, 2): [(np.int64(26), 21), (21, np.int64(28))], (1, 3): [(np.int64(26), 72), (72, np.int64(45))], (1, 6): [(np.int64(26), 6), (6, np.int64(67))], (2, 3): [(np.int64(28), 45)], (2, 4): []}","{(5, np.int64(4)): {'cpu': 13}, (8, np.int64(83)): {'cpu': 17}, (3, np.int64(45)): {'cpu': 12}, (0, np.int64(50)): {'cpu': 8}, (6, np.int64(67)): {'cpu': 13}, (4, np.int64(22)): {'cpu': 5}, (2, np.int64(28)): {'cpu': 2}, (7, np.int64(21)): {'cpu': 8}, (1, np.int64(26)): {'cpu': 4}}","{((0, 1), (np.int64(50), 55)): {'bw': 28}, ((0, 1), (55, np.int64(26))): {'bw': 28}, ((0, 3), (np.int64(50), 45)): {'bw': 23}, ((0, 4), (np.int64(50), 45)): {'bw': 39}, ((0, 4), (45, np.int64(22))): {'bw': 39}, ((0, 5), (np.int64(50), 36)): {'bw': 30}, ((0, 5), (36, 17)): {'bw': 30}, ((0, 5), (17, np.int64(4))): {'bw': 30}, ((0, 6), (np.int64(50), 67)): {'bw': 16}, ((1, 2), (np.int64(26), 21)): {'bw': 1}, ((1, 2), (21, np.int64(28))): {'bw': 1}, ((1, 3), (np.int64(26), 72)): {'bw': 30}, ((1, 3), (72, np.int64(45))): {'bw': 30}, ((1, 6), (np.int64(26), 6)): {'bw': 7}, ((1, 6), (6, np.int64(67))): {'bw': 7}, ((2, 3), (np.int64(28), 45)): {'bw': 38}}",0.0,0.0,594.0,82.0,512.0,0.0,0.0,0.0,0.0,0.0,0.0,0.0,0.0,0.0,Route Failure,6.726879929718319,"{'node_level': {}, 'link_level': {}, 'path_level': {}}","{'node_level': {5: {'cpu': -57}, 8: {'cpu': -56}, 3: {'cpu': -55}, 0: {'cpu': -90}, 6: {'cpu': -85}, 4: {'cpu': -74}, 2: {'cpu': -61}, 7: {'cpu': -27}, 1: {'cpu': -61}}, 'link_level': {(0, 1): {'bw': -31}, (0, 3): {'bw': -46}, (0, 4): {'bw': -7}, (0, 5): {'bw': -20}, (0, 6): {'bw': -56}, (1, 2): {'bw': -67}, (1, 3): {'bw': -5}, (1, 6): {'bw': -53}, (2, 3): {'bw': -52}, (2, 4): {'bw': -19}}, 'path_level': {(0, 1): {'latency': -4.242607894203876}, (0, 3): {'latency': -6.142855618308801}, (0, 4): {'latency': -9.038230417962534}, (0, 5): {'latency': -2.4668312717904906}, (0, 6): {'latency': -5.729700477996065}, (1, 2): {'latency': -4.662951622549329}, (1, 3): {'latency': -1.8007775750077832}, (1, 6): {'latency': -10.704921772602876}, (2, 3): {'latency': -3.016921295724231}, (2, 4): {'latency': 6.726879929718319}}}","{'node_level': {5: {'cpu': 0}, 8: {'cpu': 0}, 3: {'cpu': 0}, 0: {'cpu': 0}, 6: {'cpu': 0}, 4: {'cpu': 0}, 2: {'cpu': 0}, 7: {'cpu': 0}, 1: {'cpu': 0}}, 'link_level': {(0, 1): {'bw': 0}, (0, 3): {'bw': 0}, (0, 4): {'bw': 0}, (0, 5): {'bw': 0}, (0, 6): {'bw': 0}, (1, 2): {'bw': 0}, (1, 3): {'bw': 0}, (1, 6): {'bw': 0}, (2, 3): {'bw': 0}, (2, 4): {'bw': 0}}, 'path_level': {(0, 1): {'latency': 0}, (0, 3): {'latency': 0}, (0, 4): {'latency': 0}, (0, 5): {'latency': 0}, (0, 6): {'latency': 0}, (1, 2): {'latency': 0}, (1, 3): {'latency': 0}, (1, 6): {'latency': 0}, (2, 3): {'latency': 0}, (2, 4): {'latency': 6.726879929718319}}}",[],0.0,0.0,True,False,False,0,[],0,0.0,9.0,10.0
67,26,13,4117.0,5308.0,1566753.655723929,2001393.6629157239,0.7756217030896759,0.7828313263675518,32,95,1,807.0,39409,7086,32323,0.07493472584856398,0.05482776770571374,66,190.10084624803153,807.0,2,1,True,"{1: np.int64(4), 0: np.int64(83)}","{(0, 1): [(np.int64(83), 4)]}","{(1, np.int64(4)): {'cpu': 8}, (0, np.int64(83)): {'cpu': 2}}","{((0, 1), (np.int64(83), 4)): {'bw': 5}}",15.0,15.0,15.0,10.0,5.0,10.0,5.0,10.0,5.0,0.0,1.0,2851.512693720473,2851.512693720473,190.10084624803153,Success,0.0,"{'node_level': {}, 'link_level': {}, 'path_level': {}}","{'node_level': {1: {'cpu': -62}, 0: {'cpu': -71}}, 'link_level': {(0, 1): {'bw': -77}}, 'path_level': {(0, 1): {'latency': -4.286457698900275}}}","{'node_level': {1: {'cpu': 0}, 0: {'cpu': 0}}, 'link_level': {(0, 1): {'bw': 0}}, 'path_level': {(0, 1): {'latency': 0}}}",[],0.0,0.0,True,True,False,0,[],0,0.0,2.0,1.0
67,26,12,4117.0,5308.0,1566753.655723929,2001393.6629157239,0.7756217030896759,0.7828313263675518,32,96,0,809.652423677221,39480,7119,32361,0.07062663185378593,0.053716591613544695,2,772.652423677221,37.0,3,2,False,{},{},{},{},0.0,0.0,0.0,0.0,0.0,0.0,0.0,0.0,0.0,0.0,0.0,0.0,0.0,0.0,Leave Event,0.0,"{'node_level': {}, 'link_level': {}, 'path_level': {}}","{'node_level': {}, 'link_level': {}, 'path_level': {}}","{'node_level': {}, 'link_level': {}, 'path_level': {}}",[],0.0,0.0,True,True,False,0,[],0,0.0,,
68,26,12,4117.0,5308.0,1566753.655723929,2001393.6629157239,0.7756217030896759,0.7828313263675518,32,97,1,821.0,39480,7119,32361,0.07062663185378593,0.053716591613544695,67,700.9181570064889,821.0,6,5,False,"{1: np.int64(25), 3: np.int64(28), 0: np.int64(86), 2: np.int64(96), 5: np.int64(33), 4: np.int64(61)}","{(0, 2): [(np.int64(86), 96)], (1, 4): []}","{(1, np.int64(25)): {'cpu': 11}, (3, np.int64(28)): {'cpu': 11}, (0, np.int64(86)): {'cpu': 10}, (2, np.int64(96)): {'cpu': 6}, (5, np.int64(33)): {'cpu': 2}, (4, np.int64(61)): {'cpu': 7}}","{((0, 2), (np.int64(86), 96)): {'bw': 32}}",0.0,0.0,172.0,47.0,125.0,0.0,0.0,0.0,0.0,0.0,0.0,0.0,0.0,0.0,Route Failure,5.168144202484138,"{'node_level': {}, 'link_level': {}, 'path_level': {}}","{'node_level': {1: {'cpu': -44}, 3: {'cpu': -67}, 0: {'cpu': -56}, 2: {'cpu': -76}, 5: {'cpu': -65}, 4: {'cpu': -82}}, 'link_level': {(0, 2): {'bw': -24}, (1, 4): {'bw': -62}}, 'path_level': {(0, 2): {'latency': -4.024665033423828}, (1, 4): {'latency': 5.168144202484138}}}","{'node_level': {1: {'cpu': 0}, 3: {'cpu': 0}, 0: {'cpu': 0}, 2: {'cpu': 0}, 5: {'cpu': 0}, 4: {'cpu': 0}}, 'link_level': {(0, 2): {'bw': 0}, (1, 4): {'bw': 0}}, 'path_level': {(0, 2): {'latency': 0}, (1, 4): {'latency': 5.168144202484138}}}",[],0.0,0.0,True,False,False,0,[],0,0.0,6.0,2.0
69,26,12,4117.0,5308.0,1566753.655723929,2001393.6629157239,0.7756217030896759,0.7828313263675518,32,98,1,834.0,39480,7119,32361,0.07062663185378593,0.053716591613544695,68,163.7189441266352,834.0,8,16,False,"{7: np.int64(25), 1: np.int64(28), 2: np.int64(86), 3: np.int64(96), 4: np.int64(33), 0: np.int64(61), 5: np.int64(37), 6: np.int64(10)}","{(0, 1): []}","{(7, np.int64(25)): {'cpu': 20}, (1, np.int64(28)): {'cpu': 16}, (2, np.int64(86)): {'cpu': 15}, (3, np.int64(96)): {'cpu': 12}, (4, np.int64(33)): {'cpu': 13}, (0, np.int64(61)): {'cpu': 8}, (5, np.int64(37)): {'cpu': 9}, (6, np.int64(10)): {'cpu': 3}}",{},0.0,0.0,525.0,96.0,429.0,0.0,0.0,0.0,0.0,0.0,0.0,0.0,0.0,0.0,Route Failure,11.0,"{'node_level': {}, 'link_level': {}, 'path_level': {}}","{'node_level': {7: {'cpu': -35}, 1: {'cpu': -62}, 2: {'cpu': -51}, 3: {'cpu': -70}, 4: {'cpu': -54}, 0: {'cpu': -81}, 5: {'cpu': -86}, 6: {'cpu': -77}}, 'link_level': {(0, 1): {'bw': 11}}, 'path_level': {(0, 1): {'latency': 6.8384354447104245}}}","{'node_level': {7: {'cpu': 0}, 1: {'cpu': 0}, 2: {'cpu': 0}, 3: {'cpu': 0}, 4: {'cpu': 0}, 0: {'cpu': 0}, 5: {'cpu': 0}, 6: {'cpu': 0}}, 'link_level': {(0, 1): {'bw': 11}}, 'path_level': {(0, 1): {'latency': 6.8384354447104245}}}",[],0.0,0.0,True,False,False,0,[],0,0.0,8.0,1.0
69,26,11,4117.0,5308.0,1566753.655723929,2001393.6629157239,0.7756217030896759,0.7828313263675518,32,99,0,834.93597089107,40050,7215,32835,0.05809399477806787,0.03985613193754023,62,74.93597089107004,760.0,7,9,False,{},{},{},{},0.0,0.0,0.0,0.0,0.0,0.0,0.0,0.0,0.0,0.0,0.0,0.0,0.0,0.0,Leave Event,0.0,"{'node_level': {}, 'link_level': {}, 'path_level': {}}","{'node_level': {}, 'link_level': {}, 'path_level': {}}","{'node_level': {}, 'link_level': {}, 'path_level': {}}",[],0.0,0.0,True,True,False,0,[],0,0.0,,
70,26,11,4117.0,5308.0,1566753.655723929,2001393.6629157239,0.7756217030896759,0.7828313263675518,32,100,1,847.0,40050,7215,32835,0.05809399477806787,0.03985613193754023,69,63.67622414963592,847.0,10,17,False,"{9: np.int64(34), 1: np.int64(99), 8: np.int64(41), 3: np.int64(3), 2: np.int64(18), 0: np.int64(93), 4: np.int64(59), 6: np.int64(92), 5: np.int64(8), 7: np.int64(63)}","{(0, 1): [(np.int64(93), 8), (8, np.int64(99))], (0, 2): [(np.int64(93), 18)], (0, 5): [(np.int64(93), 8)], (0, 6): [(np.int64(93), 18), (18, 51), (51, np.int64(92))], (0, 9): []}","{(9, np.int64(34)): {'cpu': 20}, (1, np.int64(99)): {'cpu': 17}, (8, np.int64(41)): {'cpu': 13}, (3, np.int64(3)): {'cpu': 18}, (2, np.int64(18)): {'cpu': 11}, (0, np.int64(93)): {'cpu': 12}, (4, np.int64(59)): {'cpu': 7}, (6, np.int64(92)): {'cpu': 5}, (5, np.int64(8)): {'cpu': 13}, (7, np.int64(63)): {'cpu': 2}}","{((0, 1), (np.int64(93), 8)): {'bw': 3}, ((0, 1), (8, np.int64(99))): {'bw': 3}, ((0, 2), (np.int64(93), 18)): {'bw': 39}, ((0, 5), (np.int64(93), 8)): {'bw': 17}, ((0, 6), (np.int64(93), 18)): {'bw': 2}, ((0, 6), (18, 51)): {'bw': 2}, ((0, 6), (51, np.int64(92))): {'bw': 2}}",0.0,0.0,587.0,118.0,469.0,0.0,0.0,0.0,0.0,0.0,0.0,0.0,0.0,0.0,Route Failure,5.924631872979759,"{'node_level': {}, 'link_level': {}, 'path_level': {}}","{'node_level': {9: {'cpu': -53}, 1: {'cpu': -55}, 8: {'cpu': -39}, 3: {'cpu': -72}, 2: {'cpu': -37}, 0: {'cpu': -75}, 4: {'cpu': -93}, 6: {'cpu': -49}, 5: {'cpu': -76}, 7: {'cpu': -75}}, 'link_level': {(0, 1): {'bw': -60}, (0, 2): {'bw': -32}, (0, 5): {'bw': -43}, (0, 6): {'bw': -30}, (0, 9): {'bw': -17}}, 'path_level': {(0, 1): {'latency': -6.099433625824321}, (0, 2): {'latency': -6.961678417353947}, (0, 5): {'latency': -4.628460302138194}, (0, 6): {'latency': -0.5367951449781092}, (0, 9): {'latency': 5.924631872979759}}}","{'node_level': {9: {'cpu': 0}, 1: {'cpu': 0}, 8: {'cpu': 0}, 3: {'cpu': 0}, 2: {'cpu': 0}, 0: {'cpu': 0}, 4: {'cpu': 0}, 6: {'cpu': 0}, 5: {'cpu': 0}, 7: {'cpu': 0}}, 'link_level': {(0, 1): {'bw': 0}, (0, 2): {'bw': 0}, (0, 5): {'bw': 0}, (0, 6): {'bw': 0}, (0, 9): {'bw': 0}}, 'path_level': {(0, 1): {'latency': 0}, (0, 2): {'latency': 0}, (0, 5): {'latency': 0}, (0, 6): {'latency': 0}, (0, 9): {'latency': 5.924631872979759}}}",[],0.0,0.0,True,False,False,0,[],0,0.0,10.0,5.0
71,26,11,4117.0,5308.0,1566753.655723929,2001393.6629157239,0.7756217030896759,0.7828313263675518,32,101,1,859.0,40050,7215,32835,0.05809399477806787,0.03985613193754023,70,128.72583862940257,859.0,6,10,False,"{2: np.int64(34), 4: np.int64(99), 0: np.int64(41), 5: np.int64(3), 3: np.int64(18), 1: np.int64(93)}","{(0, 1): [(np.int64(41), 3), (3, np.int64(93))], (0, 2): [(np.int64(41), 3), (3, np.int64(34))], (0, 3): [(np.int64(41), 18)], (0, 5): [(np.int64(41), 3)], (1, 4): [(np.int64(93), 89), (89, np.int64(99))], (2, 3): []}","{(2, np.int64(34)): {'cpu': 14}, (4, np.int64(99)): {'cpu': 15}, (0, np.int64(41)): {'cpu': 15}, (5, np.int64(3)): {'cpu': 10}, (3, np.int64(18)): {'cpu': 9}, (1, np.int64(93)): {'cpu': 13}}","{((0, 1), (np.int64(41), 3)): {'bw': 24}, ((0, 1), (3, np.int64(93))): {'bw': 24}, ((0, 2), (np.int64(41), 3)): {'bw': 26}, ((0, 2), (3, np.int64(34))): {'bw': 26}, ((0, 3), (np.int64(41), 18)): {'bw': 6}, ((0, 5), (np.int64(41), 3)): {'bw': 17}, ((1, 4), (np.int64(93), 89)): {'bw': 5}, ((1, 4), (89, np.int64(99))): {'bw': 5}}",0.0,0.0,339.0,76.0,263.0,0.0,0.0,0.0,0.0,0.0,0.0,0.0,0.0,0.0,Route Failure,7.10734857551285,"{'node_level': {}, 'link_level': {}, 'path_level': {}}","{'node_level': {2: {'cpu': -59}, 4: {'cpu': -57}, 0: {'cpu': -37}, 5: {'cpu': -80}, 3: {'cpu': -39}, 1: {'cpu': -74}}, 'link_level': {(0, 1): {'bw': -28}, (0, 2): {'bw': -47}, (0, 3): {'bw': -76}, (0, 5): {'bw': -30}, (1, 4): {'bw': -50}, (2, 3): {'bw': -23}}, 'path_level': {(0, 1): {'latency': -2.9361580198408515}, (0, 2): {'latency': -11.380976949338475}, (0, 3): {'latency': -8.274516125790628}, (0, 5): {'latency': -11.710575488023814}, (1, 4): {'latency': -2.9627343021171755}, (2, 3): {'latency': 7.10734857551285}}}","{'node_level': {2: {'cpu': 0}, 4: {'cpu': 0}, 0: {'cpu': 0}, 5: {'cpu': 0}, 3: {'cpu': 0}, 1: {'cpu': 0}}, 'link_level': {(0, 1): {'bw': 0}, (0, 2): {'bw': 0}, (0, 3): {'bw': 0}, (0, 5): {'bw': 0}, (1, 4): {'bw': 0}, (2, 3): {'bw': 0}}, 'path_level': {(0, 1): {'latency': 0}, (0, 2): {'latency': 0}, (0, 3): {'latency': 0}, (0, 5): {'latency': 0}, (1, 4): {'latency': 0}, (2, 3): {'latency': 7.10734857551285}}}",[],0.0,0.0,True,False,False,0,[],0,0.0,6.0,6.0
71,26,11,4117.0,5308.0,1566753.655723929,2001393.6629157239,0.7756217030896759,0.7828313263675518,32,102,0,863.1617774667865,40050,7215,32835,0.05809399477806787,0.03985613193754023,36,412.1617774667865,451.0,5,5,False,{},{},{},{},0.0,0.0,0.0,0.0,0.0,0.0,0.0,0.0,0.0,0.0,0.0,0.0,0.0,0.0,Leave Event,0.0,"{'node_level': {}, 'link_level': {}, 'path_level': {}}","{'node_level': {}, 'link_level': {}, 'path_level': {}}","{'node_level': {}, 'link_level': {}, 'path_level': {}}",[],0.0,0.0,True,True,False,0,[],0,0.0,,
72,26,11,4117.0,5308.0,1566753.655723929,2001393.6629157239,0.7756217030896759,0.7828313263675518,32,103,1,869.0,40050,7215,32835,0.05809399477806787,0.03985613193754023,71,743.5473794887002,869.0,10,31,False,"{2: np.int64(34), 1: np.int64(99), 3: np.int64(41), 9: np.int64(3), 8: np.int64(18), 5: np.int64(93), 4: np.int64(59), 7: np.int64(92), 0: np.int64(8), 6: np.int64(63)}","{(0, 2): [(np.int64(8), 3), (3, np.int64(34))], (0, 3): [(np.int64(8), 3), (3, np.int64(41))], (0, 4): [(np.int64(8), 39), (39, np.int64(59))], (0, 5): [(np.int64(8), 93)], (0, 7): [(np.int64(8), 3), (3, np.int64(92))], (0, 8): [(np.int64(8), 70), (70, np.int64(18))], (1, 2): [(np.int64(99), 34)], (1, 3): [(np.int64(99), 41)], (1, 5): [(np.int64(99), 8), (8, np.int64(93))], (1, 7): [(np.int64(99), 41), (41, np.int64(92))], (1, 9): [(np.int64(99), 34), (34, np.int64(3))], (2, 3): [(np.int64(34), 91), (91, np.int64(41))], (2, 4): []}","{(2, np.int64(34)): {'cpu': 18}, (1, np.int64(99)): {'cpu': 19}, (3, np.int64(41)): {'cpu': 20}, (9, np.int64(3)): {'cpu': 13}, (8, np.int64(18)): {'cpu': 18}, (5, np.int64(93)): {'cpu': 9}, (4, np.int64(59)): {'cpu': 15}, (7, np.int64(92)): {'cpu': 6}, (0, np.int64(8)): {'cpu': 7}, (6, np.int64(63)): {'cpu': 2}}","{((0, 2), (np.int64(8), 3)): {'bw': 48}, ((0, 2), (3, np.int64(34))): {'bw': 48}, ((0, 3), (np.int64(8), 3)): {'bw': 12}, ((0, 3), (3, np.int64(41))): {'bw': 12}, ((0, 4), (np.int64(8), 39)): {'bw': 20}, ((0, 4), (39, np.int64(59))): {'bw': 20}, ((0, 5), (np.int64(8), 93)): {'bw': 2}, ((0, 7), (np.int64(8), 3)): {'bw': 10}, ((0, 7), (3, np.int64(92))): {'bw': 10}, ((0, 8), (np.int64(8), 70)): {'bw': 5}, ((0, 8), (70, np.int64(18))): {'bw': 5}, ((1, 2), (np.int64(99), 34)): {'bw': 50}, ((1, 3), (np.int64(99), 41)): {'bw': 9}, ((1, 5), (np.int64(99), 8)): {'bw': 45}, ((1, 5), (8, np.int64(93))): {'bw': 45}, ((1, 7), (np.int64(99), 41)): {'bw': 40}, ((1, 7), (41, np.int64(92))): {'bw': 40}, ((1, 9), (np.int64(99), 34)): {'bw': 34}, ((1, 9), (34, np.int64(3))): {'bw': 34}, ((2, 3), (np.int64(34), 91)): {'bw': 44}, ((2, 3), (91, np.int64(41))): {'bw': 44}}",0.0,0.0,981.0,127.0,854.0,0.0,0.0,0.0,0.0,0.0,0.0,0.0,0.0,0.0,Route Failure,6.147958431897374,"{'node_level': {}, 'link_level': {}, 'path_level': {}}","{'node_level': {2: {'cpu': -55}, 1: {'cpu': -53}, 3: {'cpu': -32}, 9: {'cpu': -77}, 8: {'cpu': -30}, 5: {'cpu': -78}, 4: {'cpu': -85}, 7: {'cpu': -48}, 0: {'cpu': -82}, 6: {'cpu': -75}}, 'link_level': {(0, 2): {'bw': -31}, (0, 3): {'bw': -19}, (0, 4): {'bw': -50}, (0, 5): {'bw': -61}, (0, 7): {'bw': -9}, (0, 8): {'bw': -74}, (1, 2): {'bw': -37}, (1, 3): {'bw': -62}, (1, 5): {'bw': -16}, (1, 7): {'bw': -22}, (1, 9): {'bw': -3}, (2, 3): {'bw': -17}, (2, 4): {'bw': -33}}, 'path_level': {(0, 2): {'latency': -7.5621577349246625}, (0, 3): {'latency': -3.947299251712094}, (0, 4): {'latency': -8.295276041855931}, (0, 5): {'latency': -11.076548960832902}, (0, 7): {'latency': -3.083030657041933}, (0, 8): {'latency': -1.5327318529567773}, (1, 2): {'latency': -5.60730246312956}, (1, 3): {'latency': -9.047136713218153}, (1, 5): {'latency': -5.018261342640078}, (1, 7): {'latency': -3.9342097978165196}, (1, 9): {'latency': -2.0472124284060103}, (2, 3): {'latency': -4.194905800333247}, (2, 4): {'latency': 6.147958431897374}}}","{'node_level': {2: {'cpu': 0}, 1: {'cpu': 0}, 3: {'cpu': 0}, 9: {'cpu': 0}, 8: {'cpu': 0}, 5: {'cpu': 0}, 4: {'cpu': 0}, 7: {'cpu': 0}, 0: {'cpu': 0}, 6: {'cpu': 0}}, 'link_level': {(0, 2): {'bw': 0}, (0, 3): {'bw': 0}, (0, 4): {'bw': 0}, (0, 5): {'bw': 0}, (0, 7): {'bw': 0}, (0, 8): {'bw': 0}, (1, 2): {'bw': 0}, (1, 3): {'bw': 0}, (1, 5): {'bw': 0}, (1, 7): {'bw': 0}, (1, 9): {'bw': 0}, (2, 3): {'bw': 0}, (2, 4): {'bw': 0}}, 'path_level': {(0, 2): {'latency': 0}, (0, 3): {'latency': 0}, (0, 4): {'latency': 0}, (0, 5): {'latency': 0}, (0, 7): {'latency': 0}, (0, 8): {'latency': 0}, (1, 2): {'latency': 0}, (1, 3): {'latency': 0}, (1, 5): {'latency': 0}, (1, 7): {'latency': 0}, (1, 9): {'latency': 0}, (2, 3): {'latency': 0}, (2, 4): {'latency': 6.147958431897374}}}",[],0.0,0.0,True,False,False,0,[],0,0.0,10.0,13.0
73,27,12,4228.0,5457.0,1652754.2449540729,2116835.895305737,0.7747846802272311,0.7807663544534537,32,104,1,884.0,39901,7176,32725,0.06318537859007833,0.043072694309608694,72,774.7800831544495,884.0,3,2,True,"{0: np.int64(34), 1: np.int64(99), 2: np.int64(41)}","{(0, 2): [(np.int64(34), 3), (3, np.int64(41))], (1, 2): [(np.int64(99), 41)]}","{(0, np.int64(34)): {'cpu': 18}, (1, np.int64(99)): {'cpu': 19}, (2, np.int64(41)): {'cpu': 2}}","{((0, 2), (np.int64(34), 3)): {'bw': 38}, ((0, 2), (3, np.int64(41))): {'bw': 38}, ((1, 2), (np.int64(99), 41)): {'bw': 34}}",149.0,111.0,111.0,39.0,72.0,39.0,72.0,39.0,110.0,38.0,0.7449664429530202,115442.23239001297,86000.58923014389,577.1851626184155,Success,0.0,"{'node_level': {}, 'link_level': {}, 'path_level': {}}","{'node_level': {0: {'cpu': -55}, 1: {'cpu': -53}, 2: {'cpu': -50}}, 'link_level': {(0, 2): {'bw': -51}, (1, 2): {'bw': -37}}, 'path_level': {(0, 2): {'latency': -0.43851760736553036}, (1, 2): {'latency': -0.7145709906052455}}}","{'node_level': {0: {'cpu': 0}, 1: {'cpu': 0}, 2: {'cpu': 0}}, 'link_level': {(0, 2): {'bw': 0}, (1, 2): {'bw': 0}}, 'path_level': {(0, 2): {'latency': 0}, (1, 2): {'latency': 0}}}",[],0.0,0.0,True,True,False,0,[],0,0.0,3.0,2.0
74,27,12,4228.0,5457.0,1652754.2449540729,2116835.895305737,0.7747846802272311,0.7807663544534537,32,105,1,895.0,39901,7176,32725,0.06318537859007833,0.043072694309608694,73,525.9479711088144,895.0,7,14,False,"{6: np.int64(59), 2: np.int64(93), 0: np.int64(83), 4: np.int64(51), 1: np.int64(18), 5: np.int64(71), 3: np.int64(4)}","{(0, 1): []}","{(6, np.int64(59)): {'cpu': 19}, (2, np.int64(93)): {'cpu': 14}, (0, np.int64(83)): {'cpu': 15}, (4, np.int64(51)): {'cpu': 20}, (1, np.int64(18)): {'cpu': 9}, (5, np.int64(71)): {'cpu': 6}, (3, np.int64(4)): {'cpu': 5}}",{},0.0,0.0,450.0,88.0,362.0,0.0,0.0,0.0,0.0,0.0,0.0,0.0,0.0,0.0,Route Failure,2.5106885177417952,"{'node_level': {}, 'link_level': {}, 'path_level': {}}","{'node_level': {6: {'cpu': -81}, 2: {'cpu': -73}, 0: {'cpu': -56}, 4: {'cpu': -42}, 1: {'cpu': -39}, 5: {'cpu': -80}, 3: {'cpu': -57}}, 'link_level': {(0, 1): {'bw': -17}}, 'path_level': {(0, 1): {'latency': 2.5106885177417952}}}","{'node_level': {6: {'cpu': 0}, 2: {'cpu': 0}, 0: {'cpu': 0}, 4: {'cpu': 0}, 1: {'cpu': 0}, 5: {'cpu': 0}, 3: {'cpu': 0}}, 'link_level': {(0, 1): {'bw': 0}}, 'path_level': {(0, 1): {'latency': 2.5106885177417952}}}",[],0.0,0.0,True,False,False,0,[],0,0.0,7.0,1.0
74,27,12,4228.0,5457.0,1652754.2449540729,2116835.895305737,0.7747846802272311,0.7807663544534537,32,106,0,910.6762241496359,39901,7176,32725,0.06318537859007833,0.043072694309608694,69,63.67622414963592,847.0,10,17,False,{},{},{},{},0.0,0.0,0.0,0.0,0.0,0.0,0.0,0.0,0.0,0.0,0.0,0.0,0.0,0.0,Leave Event,0.0,"{'node_level': {}, 'link_level': {}, 'path_level': {}}","{'node_level': {}, 'link_level': {}, 'path_level': {}}","{'node_level': {}, 'link_level': {}, 'path_level': {}}",[],0.0,0.0,True,True,False,0,[],0,0.0,,
75,27,12,4228.0,5457.0,1652754.2449540729,2116835.895305737,0.7747846802272311,0.7807663544534537,32,107,1,914.0,39901,7176,32725,0.06318537859007833,0.043072694309608694,74,183.66331739306148,914.0,6,7,False,"{3: np.int64(59), 2: np.int64(93), 0: np.int64(83), 4: np.int64(51), 1: np.int64(18), 5: np.int64(71)}","{(0, 3): [(np.int64(83), 59)], (0, 4): [(np.int64(83), 51)], (1, 2): [(np.int64(18), 93)], (1, 4): [(np.int64(18), 51)], (2, 4): []}","{(3, np.int64(59)): {'cpu': 12}, (2, np.int64(93)): {'cpu': 5}, (0, np.int64(83)): {'cpu': 9}, (4, np.int64(51)): {'cpu': 3}, (1, np.int64(18)): {'cpu': 5}, (5, np.int64(71)): {'cpu': 4}}","{((0, 3), (np.int64(83), 59)): {'bw': 47}, ((0, 4), (np.int64(83), 51)): {'bw': 15}, ((1, 2), (np.int64(18), 93)): {'bw': 36}, ((1, 4), (np.int64(18), 51)): {'bw': 21}}",0.0,0.0,272.0,38.0,234.0,0.0,0.0,0.0,0.0,0.0,0.0,0.0,0.0,0.0,Route Failure,6.999589305960209,"{'node_level': {}, 'link_level': {}, 'path_level': {}}","{'node_level': {3: {'cpu': -88}, 2: {'cpu': -82}, 0: {'cpu': -62}, 4: {'cpu': -59}, 1: {'cpu': -43}, 5: {'cpu': -82}}, 'link_level': {(0, 3): {'bw': -51}, (0, 4): {'bw': -71}, (1, 2): {'bw': -35}, (1, 4): {'bw': -32}, (2, 4): {'bw': -4}}, 'path_level': {(0, 3): {'latency': -6.619597416085365}, (0, 4): {'latency': -1.1997527013554876}, (1, 2): {'latency': -7.274688769154145}, (1, 4): {'latency': -11.902268838895582}, (2, 4): {'latency': 6.999589305960209}}}","{'node_level': {3: {'cpu': 0}, 2: {'cpu': 0}, 0: {'cpu': 0}, 4: {'cpu': 0}, 1: {'cpu': 0}, 5: {'cpu': 0}}, 'link_level': {(0, 3): {'bw': 0}, (0, 4): {'bw': 0}, (1, 2): {'bw': 0}, (1, 4): {'bw': 0}, (2, 4): {'bw': 0}}, 'path_level': {(0, 3): {'latency': 0}, (0, 4): {'latency': 0}, (1, 2): {'latency': 0}, (1, 4): {'latency': 0}, (2, 4): {'latency': 6.999589305960209}}}",[],0.0,0.0,True,False,False,0,[],0,0.0,6.0,5.0
75,27,12,4228.0,5457.0,1652754.2449540729,2116835.895305737,0.7747846802272311,0.7807663544534537,32,108,0,916.3291322410356,39901,7176,32725,0.06318537859007833,0.043072694309608694,1,889.3291322410356,27.0,7,11,False,{},{},{},{},0.0,0.0,0.0,0.0,0.0,0.0,0.0,0.0,0.0,0.0,0.0,0.0,0.0,0.0,Leave Event,0.0,"{'node_level': {}, 'link_level': {}, 'path_level': {}}","{'node_level': {}, 'link_level': {}, 'path_level': {}}","{'node_level': {}, 'link_level': {}, 'path_level': {}}",[],0.0,0.0,True,True,False,0,[],0,0.0,,
76,28,13,4325.0,5560.0,1941512.5472275356,2423455.535864156,0.7778776978417267,0.8011339669721775,33,109,1,925.0,39798,7119,32679,0.07062663185378593,0.04441780221065561,75,2976.8897141594107,925.0,4,3,True,"{2: np.int64(59), 3: np.int64(93), 1: np.int64(83), 0: np.int64(51)}","{(0, 1): [(np.int64(51), 83)], (0, 3): [(np.int64(51), 18), (18, np.int64(93))], (2, 3): [(np.int64(59), 93)]}","{(2, np.int64(59)): {'cpu': 19}, (3, np.int64(93)): {'cpu': 9}, (1, np.int64(83)): {'cpu': 18}, (0, np.int64(51)): {'cpu': 11}}","{((0, 1), (np.int64(51), 83)): {'bw': 12}, ((0, 3), (np.int64(51), 18)): {'bw': 6}, ((0, 3), (18, np.int64(93))): {'bw': 6}, ((2, 3), (np.int64(59), 93)): {'bw': 22}}",103.0,97.0,97.0,57.0,40.0,57.0,40.0,57.0,46.0,6.0,0.941747572815534,306619.6405584193,288758.3022734628,2803.478662849154,Success,0.0,"{'node_level': {}, 'link_level': {}, 'path_level': {}}","{'node_level': {2: {'cpu': -81}, 3: {'cpu': -78}, 1: {'cpu': -53}, 0: {'cpu': -51}}, 'link_level': {(0, 1): {'bw': -74}, (0, 3): {'bw': -47}, (2, 3): {'bw': -30}}, 'path_level': {(0, 1): {'latency': -3.2409087927290434}, (0, 3): {'latency': -3.8555712405416735}, (2, 3): {'latency': -4.23667395638182}}}","{'node_level': {2: {'cpu': 0}, 3: {'cpu': 0}, 1: {'cpu': 0}, 0: {'cpu': 0}}, 'link_level': {(0, 1): {'bw': 0}, (0, 3): {'bw': 0}, (2, 3): {'bw': 0}}, 'path_level': {(0, 1): {'latency': 0}, (0, 3): {'latency': 0}, (2, 3): {'latency': 0}}}",[],0.0,0.0,True,True,False,0,[],0,0.0,4.0,3.0
76,28,13,4325.0,5560.0,1941512.5472275356,2423455.535864156,0.7778776978417267,0.8011339669721775,33,110,0,928.489873315436,39798,7119,32679,0.07062663185378593,0.04441780221065561,47,350.489873315436,578.0,9,14,False,{},{},{},{},0.0,0.0,0.0,0.0,0.0,0.0,0.0,0.0,0.0,0.0,0.0,0.0,0.0,0.0,Leave Event,0.0,"{'node_level': {}, 'link_level': {}, 'path_level': {}}","{'node_level': {}, 'link_level': {}, 'path_level': {}}","{'node_level': {}, 'link_level': {}, 'path_level': {}}",[],0.0,0.0,True,True,False,0,[],0,0.0,,
76,28,13,4325.0,5560.0,1941512.5472275356,2423455.535864156,0.7778776978417267,0.8011339669721775,33,111,0,933.2992595826315,39798,7119,32679,0.07062663185378593,0.04441780221065561,50,319.29925958263146,614.0,8,13,False,{},{},{},{},0.0,0.0,0.0,0.0,0.0,0.0,0.0,0.0,0.0,0.0,0.0,0.0,0.0,0.0,Leave Event,0.0,"{'node_level': {}, 'link_level': {}, 'path_level': {}}","{'node_level': {}, 'link_level': {}, 'path_level': {}}","{'node_level': {}, 'link_level': {}, 'path_level': {}}",[],0.0,0.0,True,True,False,0,[],0,0.0,,
77,29,14,4465.0,5700.0,1965945.0966906704,2447888.085327291,0.7833333333333333,0.8031188633477976,34,112,1,935.0,39658,7078,32580,0.07597911227154042,0.04731270834551726,76,174.5182104509615,935.0,5,4,True,"{1: np.int64(25), 0: np.int64(28), 3: np.int64(86), 4: np.int64(96), 2: np.int64(33)}","{(0, 1): [(np.int64(28), 25)], (1, 2): [(np.int64(25), 33)], (1, 3): [(np.int64(25), 86)], (3, 4): [(np.int64(86), 96)]}","{(1, np.int64(25)): {'cpu': 16}, (0, np.int64(28)): {'cpu': 15}, (3, np.int64(86)): {'cpu': 4}, (4, np.int64(96)): {'cpu': 1}, (2, np.int64(33)): {'cpu': 5}}","{((0, 1), (np.int64(28), 25)): {'bw': 41}, ((1, 2), (np.int64(25), 33)): {'bw': 3}, ((1, 3), (np.int64(25), 86)): {'bw': 30}, ((3, 4), (np.int64(86), 96)): {'bw': 25}}",140.0,140.0,140.0,41.0,99.0,41.0,99.0,41.0,99.0,0.0,1.0,24432.549463134612,24432.549463134612,174.5182104509615,Success,0.0,"{'node_level': {}, 'link_level': {}, 'path_level': {}}","{'node_level': {1: {'cpu': -39}, 0: {'cpu': -63}, 3: {'cpu': -62}, 4: {'cpu': -81}, 2: {'cpu': -62}}, 'link_level': {(0, 1): {'bw': -19}, (1, 2): {'bw': -5}, (1, 3): {'bw': -52}, (3, 4): {'bw': -31}}, 'path_level': {(0, 1): {'latency': -2.2300161929771125}, (1, 2): {'latency': -11.47598098767299}, (1, 3): {'latency': -7.411393016106777}, (3, 4): {'latency': -4.401314531730282}}}","{'node_level': {1: {'cpu': 0}, 0: {'cpu': 0}, 3: {'cpu': 0}, 4: {'cpu': 0}, 2: {'cpu': 0}}, 'link_level': {(0, 1): {'bw': 0}, (1, 2): {'bw': 0}, (1, 3): {'bw': 0}, (3, 4): {'bw': 0}}, 'path_level': {(0, 1): {'latency': 0}, (1, 2): {'latency': 0}, (1, 3): {'latency': 0}, (3, 4): {'latency': 0}}}",[],0.0,0.0,True,True,False,0,[],0,0.0,5.0,4.0
77,29,14,4465.0,5700.0,1965945.0966906704,2447888.085327291,0.7833333333333333,0.8031188633477976,34,113,0,948.5075596807512,39658,7078,32580,0.07597911227154042,0.04731270834551726,56,263.5075596807512,685.0,5,8,False,{},{},{},{},0.0,0.0,0.0,0.0,0.0,0.0,0.0,0.0,0.0,0.0,0.0,0.0,0.0,0.0,Leave Event,0.0,"{'node_level': {}, 'link_level': {}, 'path_level': {}}","{'node_level': {}, 'link_level': {}, 'path_level': {}}","{'node_level': {}, 'link_level': {}, 'path_level': {}}",[],0.0,0.0,True,True,False,0,[],0,0.0,,
78,29,14,4465.0,5700.0,1965945.0966906704,2447888.085327291,0.7833333333333333,0.8031188633477976,34,114,1,949.0,39658,7078,32580,0.07597911227154042,0.04731270834551726,77,551.4792357692336,949.0,6,8,False,"{1: np.int64(10), 5: np.int64(61), 3: np.int64(37), 0: np.int64(96), 2: np.int64(20), 4: np.int64(63)}","{(0, 1): [(np.int64(96), 20), (20, np.int64(10))], (0, 4): [(np.int64(96), 63)], (0, 5): [(np.int64(96), 61)], (1, 5): []}","{(1, np.int64(10)): {'cpu': 15}, (5, np.int64(61)): {'cpu': 6}, (3, np.int64(37)): {'cpu': 4}, (0, np.int64(96)): {'cpu': 5}, (2, np.int64(20)): {'cpu': 3}, (4, np.int64(63)): {'cpu': 1}}","{((0, 1), (np.int64(96), 20)): {'bw': 9}, ((0, 1), (20, np.int64(10))): {'bw': 9}, ((0, 4), (np.int64(96), 63)): {'bw': 3}, ((0, 5), (np.int64(96), 61)): {'bw': 25}}",0.0,0.0,184.0,34.0,150.0,0.0,0.0,0.0,0.0,0.0,0.0,0.0,0.0,0.0,Route Failure,5.042275864527769,"{'node_level': {}, 'link_level': {}, 'path_level': {}}","{'node_level': {1: {'cpu': -65}, 5: {'cpu': -83}, 3: {'cpu': -91}, 0: {'cpu': -76}, 2: {'cpu': -68}, 4: {'cpu': -76}}, 'link_level': {(0, 1): {'bw': -55}, (0, 4): {'bw': -82}, (0, 5): {'bw': -72}, (1, 5): {'bw': -18}}, 'path_level': {(0, 1): {'latency': -7.471443616395639}, (0, 4): {'latency': -5.169656127670479}, (0, 5): {'latency': -5.500089139579288}, (1, 5): {'latency': 5.042275864527769}}}","{'node_level': {1: {'cpu': 0}, 5: {'cpu': 0}, 3: {'cpu': 0}, 0: {'cpu': 0}, 2: {'cpu': 0}, 4: {'cpu': 0}}, 'link_level': {(0, 1): {'bw': 0}, (0, 4): {'bw': 0}, (0, 5): {'bw': 0}, (1, 5): {'bw': 0}}, 'path_level': {(0, 1): {'latency': 0}, (0, 4): {'latency': 0}, (0, 5): {'latency': 0}, (1, 5): {'latency': 5.042275864527769}}}",[],0.0,0.0,True,False,False,0,[],0,0.0,6.0,4.0
78,29,13,4465.0,5700.0,1965945.0966906704,2447888.085327291,0.7833333333333333,0.8031188633477976,34,115,0,959.9866750981604,39695,7110,32585,0.07180156657963443,0.04716650096496866,42,437.9866750981604,522.0,2,1,False,{},{},{},{},0.0,0.0,0.0,0.0,0.0,0.0,0.0,0.0,0.0,0.0,0.0,0.0,0.0,0.0,Leave Event,0.0,"{'node_level': {}, 'link_level': {}, 'path_level': {}}","{'node_level': {}, 'link_level': {}, 'path_level': {}}","{'node_level': {}, 'link_level': {}, 'path_level': {}}",[],0.0,0.0,True,True,False,0,[],0,0.0,,
79,29,13,4465.0,5700.0,1965945.0966906704,2447888.085327291,0.7833333333333333,0.8031188633477976,34,116,1,965.0,39695,7110,32585,0.07180156657963443,0.04716650096496866,78,153.4395887127384,965.0,9,17,False,"{0: np.int64(63), 3: np.int64(21), 8: np.int64(30), 5: np.int64(44), 4: np.int64(50), 7: np.int64(64), 1: np.int64(10), 2: np.int64(36), 6: np.int64(20)}","{(0, 1): [(np.int64(63), 20), (20, np.int64(10))], (0, 2): [(np.int64(63), 64), (64, np.int64(36))], (0, 4): []}","{(0, np.int64(63)): {'cpu': 14}, (3, np.int64(21)): {'cpu': 11}, (8, np.int64(30)): {'cpu': 7}, (5, np.int64(44)): {'cpu': 9}, (4, np.int64(50)): {'cpu': 9}, (7, np.int64(64)): {'cpu': 10}, (1, np.int64(10)): {'cpu': 5}, (2, np.int64(36)): {'cpu': 3}, (6, np.int64(20)): {'cpu': 6}}","{((0, 1), (np.int64(63), 20)): {'bw': 31}, ((0, 1), (20, np.int64(10))): {'bw': 31}, ((0, 2), (np.int64(63), 64)): {'bw': 37}, ((0, 2), (64, np.int64(36))): {'bw': 37}}",0.0,0.0,605.0,74.0,531.0,0.0,0.0,0.0,0.0,0.0,0.0,0.0,0.0,0.0,Route Failure,3.766270844855085,"{'node_level': {}, 'link_level': {}, 'path_level': {}}","{'node_level': {0: {'cpu': -78}, 3: {'cpu': -41}, 8: {'cpu': -66}, 5: {'cpu': -91}, 4: {'cpu': -89}, 7: {'cpu': -29}, 1: {'cpu': -75}, 2: {'cpu': -79}, 6: {'cpu': -65}}, 'link_level': {(0, 1): {'bw': -21}, (0, 2): {'bw': -26}, (0, 4): {'bw': -12}}, 'path_level': {(0, 1): {'latency': -7.702014961772871}, (0, 2): {'latency': -8.322861550103312}, (0, 4): {'latency': 3.766270844855085}}}","{'node_level': {0: {'cpu': 0}, 3: {'cpu': 0}, 8: {'cpu': 0}, 5: {'cpu': 0}, 4: {'cpu': 0}, 7: {'cpu': 0}, 1: {'cpu': 0}, 2: {'cpu': 0}, 6: {'cpu': 0}}, 'link_level': {(0, 1): {'bw': 0}, (0, 2): {'bw': 0}, (0, 4): {'bw': 0}}, 'path_level': {(0, 1): {'latency': 0}, (0, 2): {'latency': 0}, (0, 4): {'latency': 3.766270844855085}}}",[],0.0,0.0,True,False,False,0,[],0,0.0,9.0,3.0
79,29,13,4465.0,5700.0,1965945.0966906704,2447888.085327291,0.7833333333333333,0.8031188633477976,34,117,0,976.4279392314331,39695,7110,32585,0.07180156657963443,0.04716650096496866,52,338.4279392314331,638.0,9,21,False,{},{},{},{},0.0,0.0,0.0,0.0,0.0,0.0,0.0,0.0,0.0,0.0,0.0,0.0,0.0,0.0,Leave Event,0.0,"{'node_level': {}, 'link_level': {}, 'path_level': {}}","{'node_level': {}, 'link_level': {}, 'path_level': {}}","{'node_level': {}, 'link_level': {}, 'path_level': {}}",[],0.0,0.0,True,True,False,0,[],0,0.0,,
80,30,14,4839.0,6282.0,2068573.452879694,2607593.1743701035,0.7702960840496658,0.7932884137033315,39,118,1,977.0,39113,7036,32077,0.08146214099216709,0.0620211708287034,79,274.40736948936836,977.0,8,12,True,"{3: np.int64(63), 7: np.int64(21), 4: np.int64(30), 2: np.int64(44), 0: np.int64(50), 1: np.int64(64), 6: np.int64(10), 5: np.int64(36)}","{(0, 2): [(np.int64(50), 44)], (0, 4): [(np.int64(50), 36), (36, 17), (17, np.int64(30))], (0, 5): [(np.int64(50), 36)], (1, 2): [(np.int64(64), 44)], (1, 4): [(np.int64(64), 44), (44, np.int64(30))], (1, 7): [(np.int64(64), 60), (60, np.int64(21))], (2, 6): [(np.int64(44), 60), (60, np.int64(10))], (3, 5): [(np.int64(63), 20), (20, np.int64(36))], (3, 6): [(np.int64(63), 20), (20, np.int64(10))], (3, 7): [(np.int64(63), 21)], (4, 6): [(np.int64(30), 60), (60, np.int64(10))], (5, 7): [(np.int64(36), 17), (17, np.int64(21))]}","{(3, np.int64(63)): {'cpu': 17}, (7, np.int64(21)): {'cpu': 15}, (4, np.int64(30)): {'cpu': 17}, (2, np.int64(44)): {'cpu': 6}, (0, np.int64(50)): {'cpu': 7}, (1, np.int64(64)): {'cpu': 7}, (6, np.int64(10)): {'cpu': 4}, (5, np.int64(36)): {'cpu': 1}}","{((0, 2), (np.int64(50), 44)): {'bw': 50}, ((0, 4), (np.int64(50), 36)): {'bw': 42}, ((0, 4), (36, 17)): {'bw': 42}, ((0, 4), (17, np.int64(30))): {'bw': 42}, ((0, 5), (np.int64(50), 36)): {'bw': 2}, ((1, 2), (np.int64(64), 44)): {'bw': 37}, ((1, 4), (np.int64(64), 44)): {'bw': 3}, ((1, 4), (44, np.int64(30))): {'bw': 3}, ((1, 7), (np.int64(64), 60)): {'bw': 29}, ((1, 7), (60, np.int64(21))): {'bw': 29}, ((2, 6), (np.int64(44), 60)): {'bw': 50}, ((2, 6), (60, np.int64(10))): {'bw': 50}, ((3, 5), (np.int64(63), 20)): {'bw': 22}, ((3, 5), (20, np.int64(36))): {'bw': 22}, ((3, 6), (np.int64(63), 20)): {'bw': 11}, ((3, 6), (20, np.int64(10))): {'bw': 11}, ((3, 7), (np.int64(63), 21)): {'bw': 45}, ((4, 6), (np.int64(30), 60)): {'bw': 5}, ((4, 6), (60, np.int64(10))): {'bw': 5}, ((5, 7), (np.int64(36), 17)): {'bw': 4}, ((5, 7), (17, np.int64(21))): {'bw': 4}}",582.0,374.0,374.0,74.0,300.0,74.0,300.0,74.0,508.0,208.0,0.6426116838487973,159705.08904281238,102628.35618902376,176.33738176808208,Success,0.0,"{'node_level': {}, 'link_level': {}, 'path_level': {}}","{'node_level': {3: {'cpu': -75}, 7: {'cpu': -37}, 4: {'cpu': -56}, 2: {'cpu': -94}, 0: {'cpu': -91}, 1: {'cpu': -32}, 6: {'cpu': -76}, 5: {'cpu': -81}}, 'link_level': {(0, 2): {'bw': -13}, (0, 4): {'bw': -15}, (0, 5): {'bw': -42}, (1, 2): {'bw': -31}, (1, 4): {'bw': -28}, (1, 7): {'bw': -28}, (2, 6): {'bw': -7}, (3, 5): {'bw': -30}, (3, 6): {'bw': -19}, (3, 7): {'bw': -16}, (4, 6): {'bw': -2}, (5, 7): {'bw': -11}}, 'path_level': {(0, 2): {'latency': -2.8184995499765666}, (0, 4): {'latency': -3.8304837285118616}, (0, 5): {'latency': -6.6439600444650235}, (1, 2): {'latency': -8.283501422359102}, (1, 4): {'latency': -0.9322553286238504}, (1, 7): {'latency': -6.8609749415077035}, (2, 6): {'latency': -6.057890394551562}, (3, 5): {'latency': -2.6993004478695752}, (3, 6): {'latency': -4.430795191875935}, (3, 7): {'latency': -11.338744907711643}, (4, 6): {'latency': -2.7172362047903595}, (5, 7): {'latency': -2.3663717805711135}}}","{'node_level': {3: {'cpu': 0}, 7: {'cpu': 0}, 4: {'cpu': 0}, 2: {'cpu': 0}, 0: {'cpu': 0}, 1: {'cpu': 0}, 6: {'cpu': 0}, 5: {'cpu': 0}}, 'link_level': {(0, 2): {'bw': 0}, (0, 4): {'bw': 0}, (0, 5): {'bw': 0}, (1, 2): {'bw': 0}, (1, 4): {'bw': 0}, (1, 7): {'bw': 0}, (2, 6): {'bw': 0}, (3, 5): {'bw': 0}, (3, 6): {'bw': 0}, (3, 7): {'bw': 0}, (4, 6): {'bw': 0}, (5, 7): {'bw': 0}}, 'path_level': {(0, 2): {'latency': 0}, (0, 4): {'latency': 0}, (0, 5): {'latency': 0}, (1, 2): {'latency': 0}, (1, 4): {'latency': 0}, (1, 7): {'latency': 0}, (2, 6): {'latency': 0}, (3, 5): {'latency': 0}, (3, 6): {'latency': 0}, (3, 7): {'latency': 0}, (4, 6): {'latency': 0}, (5, 7): {'latency': 0}}}",[],0.0,0.0,True,True,False,0,[],0,0.0,8.0,12.0
80,30,14,4839.0,6282.0,2068573.452879694,2607593.1743701035,0.7702960840496658,0.7932884137033315,39,119,0,982.1617488701635,39113,7036,32077,0.08146214099216709,0.0620211708287034,24,688.1617488701635,294.0,7,12,False,{},{},{},{},0.0,0.0,0.0,0.0,0.0,0.0,0.0,0.0,0.0,0.0,0.0,0.0,0.0,0.0,Leave Event,0.0,"{'node_level': {}, 'link_level': {}, 'path_level': {}}","{'node_level': {}, 'link_level': {}, 'path_level': {}}","{'node_level': {}, 'link_level': {}, 'path_level': {}}",[],0.0,0.0,True,True,False,0,[],0,0.0,,
80,30,14,4839.0,6282.0,2068573.452879694,2607593.1743701035,0.7702960840496658,0.7932884137033315,39,120,0,987.7258386294026,39113,7036,32077,0.08146214099216709,0.0620211708287034,70,128.72583862940257,859.0,6,10,False,{},{},{},{},0.0,0.0,0.0,0.0,0.0,0.0,0.0,0.0,0.0,0.0,0.0,0.0,0.0,0.0,Leave Event,0.0,"{'node_level': {}, 'link_level': {}, 'path_level': {}}","{'node_level': {}, 'link_level': {}, 'path_level': {}}","{'node_level': {}, 'link_level': {}, 'path_level': {}}",[],0.0,0.0,True,True,False,0,[],0,0.0,,
81,30,14,4839.0,6282.0,2068573.452879694,2607593.1743701035,0.7702960840496658,0.7932884137033315,39,121,1,990.0,39113,7036,32077,0.08146214099216709,0.0620211708287034,80,1048.102256157356,990.0,8,12,False,"{6: np.int64(61), 5: np.int64(37), 7: np.int64(10), 2: np.int64(96), 1: np.int64(25), 3: np.int64(22), 0: np.int64(33), 4: np.int64(86)}","{(0, 2): []}","{(6, np.int64(61)): {'cpu': 18}, (5, np.int64(37)): {'cpu': 20}, (7, np.int64(10)): {'cpu': 13}, (2, np.int64(96)): {'cpu': 16}, (1, np.int64(25)): {'cpu': 11}, (3, np.int64(22)): {'cpu': 19}, (0, np.int64(33)): {'cpu': 20}, (4, np.int64(86)): {'cpu': 2}}",{},0.0,0.0,424.0,119.0,305.0,0.0,0.0,0.0,0.0,0.0,0.0,0.0,0.0,0.0,Route Failure,8.456519457483754,"{'node_level': {}, 'link_level': {}, 'path_level': {}}","{'node_level': {6: {'cpu': -71}, 5: {'cpu': -75}, 7: {'cpu': -63}, 2: {'cpu': -65}, 1: {'cpu': -28}, 3: {'cpu': -60}, 0: {'cpu': -42}, 4: {'cpu': -60}}, 'link_level': {(0, 2): {'bw': -57}}, 'path_level': {(0, 2): {'latency': 8.456519457483754}}}","{'node_level': {6: {'cpu': 0}, 5: {'cpu': 0}, 7: {'cpu': 0}, 2: {'cpu': 0}, 1: {'cpu': 0}, 3: {'cpu': 0}, 0: {'cpu': 0}, 4: {'cpu': 0}}, 'link_level': {(0, 2): {'bw': 0}}, 'path_level': {(0, 2): {'latency': 8.456519457483754}}}",[],0.0,0.0,True,False,False,0,[],0,0.0,8.0,1.0
81,30,13,4839.0,6282.0,2068573.452879694,2607593.1743701035,0.7702960840496658,0.7932884137033315,39,122,0,997.1008462480315,39128,7046,32082,0.08015665796344651,0.06187496344815491,66,190.10084624803153,807.0,2,1,False,{},{},{},{},0.0,0.0,0.0,0.0,0.0,0.0,0.0,0.0,0.0,0.0,0.0,0.0,0.0,0.0,Leave Event,0.0,"{'node_level': {}, 'link_level': {}, 'path_level': {}}","{'node_level': {}, 'link_level': {}, 'path_level': {}}","{'node_level': {}, 'link_level': {}, 'path_level': {}}",[],0.0,0.0,True,True,False,0,[],0,0.0,,
81,30,13,4839.0,6282.0,2068573.452879694,2607593.1743701035,0.7702960840496658,0.7932884137033315,39,123,0,997.7189441266352,39128,7046,32082,0.08015665796344651,0.06187496344815491,68,163.7189441266352,834.0,8,16,False,{},{},{},{},0.0,0.0,0.0,0.0,0.0,0.0,0.0,0.0,0.0,0.0,0.0,0.0,0.0,0.0,Leave Event,0.0,"{'node_level': {}, 'link_level': {}, 'path_level': {}}","{'node_level': {}, 'link_level': {}, 'path_level': {}}","{'node_level': {}, 'link_level': {}, 'path_level': {}}",[],0.0,0.0,True,True,False,0,[],0,0.0,,
82,30,13,4839.0,6282.0,2068573.452879694,2607593.1743701035,0.7702960840496658,0.7932884137033315,39,124,1,1007.0,39128,7046,32082,0.08015665796344651,0.06187496344815491,81,454.1090623122906,1007.0,10,21,False,"{6: np.int64(4), 5: np.int64(18), 1: np.int64(96), 3: np.int64(20), 8: np.int64(63), 2: np.int64(6), 4: np.int64(26), 0: np.int64(94), 9: np.int64(61), 7: np.int64(37)}","{(0, 1): [(np.int64(94), 26), (26, np.int64(96))], (0, 3): []}","{(6, np.int64(4)): {'cpu': 17}, (5, np.int64(18)): {'cpu': 18}, (1, np.int64(96)): {'cpu': 17}, (3, np.int64(20)): {'cpu': 16}, (8, np.int64(63)): {'cpu': 17}, (2, np.int64(6)): {'cpu': 13}, (4, np.int64(26)): {'cpu': 11}, (0, np.int64(94)): {'cpu': 16}, (9, np.int64(61)): {'cpu': 17}, (7, np.int64(37)): {'cpu': 5}}","{((0, 1), (np.int64(94), 26)): {'bw': 13}, ((0, 1), (26, np.int64(96))): {'bw': 13}}",0.0,0.0,602.0,147.0,455.0,0.0,0.0,0.0,0.0,0.0,0.0,0.0,0.0,0.0,Route Failure,7.333748782398914,"{'node_level': {}, 'link_level': {}, 'path_level': {}}","{'node_level': {6: {'cpu': -53}, 5: {'cpu': -30}, 1: {'cpu': -64}, 3: {'cpu': -55}, 8: {'cpu': -58}, 2: {'cpu': -87}, 4: {'cpu': -54}, 0: {'cpu': -32}, 9: {'cpu': -72}, 7: {'cpu': -90}}, 'link_level': {(0, 1): {'bw': -63}, (0, 3): {'bw': -45}}, 'path_level': {(0, 1): {'latency': -4.235296372422077}, (0, 3): {'latency': 7.333748782398914}}}","{'node_level': {6: {'cpu': 0}, 5: {'cpu': 0}, 1: {'cpu': 0}, 3: {'cpu': 0}, 8: {'cpu': 0}, 2: {'cpu': 0}, 4: {'cpu': 0}, 0: {'cpu': 0}, 9: {'cpu': 0}, 7: {'cpu': 0}}, 'link_level': {(0, 1): {'bw': 0}, (0, 3): {'bw': 0}}, 'path_level': {(0, 1): {'latency': 0}, (0, 3): {'latency': 7.333748782398914}}}",[],0.0,0.0,True,False,False,0,[],0,0.0,10.0,2.0
82,30,13,4839.0,6282.0,2068573.452879694,2607593.1743701035,0.7702960840496658,0.7932884137033315,39,125,0,1019.5350454987206,39128,7046,32082,0.08015665796344651,0.06187496344815491,55,346.5350454987206,673.0,7,7,False,{},{},{},{},0.0,0.0,0.0,0.0,0.0,0.0,0.0,0.0,0.0,0.0,0.0,0.0,0.0,0.0,Leave Event,0.0,"{'node_level': {}, 'link_level': {}, 'path_level': {}}","{'node_level': {}, 'link_level': {}, 'path_level': {}}","{'node_level': {}, 'link_level': {}, 'path_level': {}}",[],0.0,0.0,True,True,False,0,[],0,0.0,,
83,31,14,4917.0,6448.0,2081412.8819472245,2634918.113154848,0.762562034739454,0.7899345606057947,39,126,1,1020.0,38962,7012,31950,0.08459530026109663,0.06573483829463711,82,164.6080649683402,1020.0,2,1,True,"{0: np.int64(4), 1: np.int64(18)}","{(0, 1): [(np.int64(4), 69), (69, 51), (51, np.int64(18))]}","{(0, np.int64(4)): {'cpu': 17}, (1, np.int64(18)): {'cpu': 17}}","{((0, 1), (np.int64(4), 69)): {'bw': 44}, ((0, 1), (69, 51)): {'bw': 44}, ((0, 1), (51, np.int64(18))): {'bw': 44}}",166.0,78.0,78.0,34.0,44.0,34.0,44.0,34.0,132.0,88.0,0.46987951807228917,27324.93878474447,12839.429067530535,77.34595823813575,Success,0.0,"{'node_level': {}, 'link_level': {}, 'path_level': {}}","{'node_level': {0: {'cpu': -53}, 1: {'cpu': -31}}, 'link_level': {(0, 1): {'bw': -3}}, 'path_level': {(0, 1): {'latency': -0.019613051759566957}}}","{'node_level': {0: {'cpu': 0}, 1: {'cpu': 0}}, 'link_level': {(0, 1): {'bw': 0}}, 'path_level': {(0, 1): {'latency': 0}}}",[],0.0,0.0,True,True,False,0,[],0,0.0,2.0,1.0
84,32,15,5027.0,6573.0,2157492.565945147,2721372.2995161237,0.7647953750190172,0.7927958134683601,41,127,1,1027.0,38837,6962,31875,0.09112271540469974,0.0679279490028657,83,691.6334908902063,1027.0,5,5,True,"{2: np.int64(61), 3: np.int64(37), 1: np.int64(10), 0: np.int64(96), 4: np.int64(25)}","{(0, 2): [(np.int64(96), 61)], (0, 4): [(np.int64(96), 25)], (1, 2): [(np.int64(10), 61)], (1, 4): [(np.int64(10), 36), (36, np.int64(25))], (2, 3): [(np.int64(61), 37)]}","{(2, np.int64(61)): {'cpu': 18}, (3, np.int64(37)): {'cpu': 13}, (1, np.int64(10)): {'cpu': 8}, (0, np.int64(96)): {'cpu': 6}, (4, np.int64(25)): {'cpu': 5}}","{((0, 2), (np.int64(96), 61)): {'bw': 16}, ((0, 4), (np.int64(96), 25)): {'bw': 9}, ((1, 2), (np.int64(10), 61)): {'bw': 4}, ((1, 4), (np.int64(10), 36)): {'bw': 15}, ((1, 4), (36, np.int64(25))): {'bw': 15}, ((2, 3), (np.int64(61), 37)): {'bw': 16}}",125.0,110.0,110.0,50.0,60.0,50.0,60.0,50.0,75.0,15.0,0.88,86454.18636127579,76079.6839979227,608.6374719833816,Success,0.0,"{'node_level': {}, 'link_level': {}, 'path_level': {}}","{'node_level': {2: {'cpu': -71}, 3: {'cpu': -82}, 1: {'cpu': -68}, 0: {'cpu': -75}, 4: {'cpu': -34}}, 'link_level': {(0, 2): {'bw': -81}, (0, 4): {'bw': -60}, (1, 2): {'bw': -60}, (1, 4): {'bw': -68}, (2, 3): {'bw': -47}}, 'path_level': {(0, 2): {'latency': -4.808943773118845}, (0, 4): {'latency': -7.05470416100747}, (1, 2): {'latency': -1.961831797758026}, (1, 4): {'latency': -5.129643224162559}, (2, 3): {'latency': -3.85852744550915}}}","{'node_level': {2: {'cpu': 0}, 3: {'cpu': 0}, 1: {'cpu': 0}, 0: {'cpu': 0}, 4: {'cpu': 0}}, 'link_level': {(0, 2): {'bw': 0}, (0, 4): {'bw': 0}, (1, 2): {'bw': 0}, (1, 4): {'bw': 0}, (2, 3): {'bw': 0}}, 'path_level': {(0, 2): {'latency': 0}, (0, 4): {'latency': 0}, (1, 2): {'latency': 0}, (1, 4): {'latency': 0}, (2, 3): {'latency': 0}}}",[],0.0,0.0,True,True,False,0,[],0,0.0,5.0,5.0
85,32,15,5027.0,6573.0,2157492.565945147,2721372.2995161237,0.7647953750190172,0.7927958134683601,41,128,1,1041.0,38837,6962,31875,0.09112271540469974,0.0679279490028657,84,650.478078397653,1041.0,7,10,False,"{6: np.int64(22), 5: np.int64(33), 1: np.int64(55), 2: np.int64(61), 3: np.int64(37), 0: np.int64(31), 4: np.int64(62)}","{(0, 3): [(np.int64(31), 37)], (1, 2): [(np.int64(55), 61)], (1, 3): []}","{(6, np.int64(22)): {'cpu': 9}, (5, np.int64(33)): {'cpu': 16}, (1, np.int64(55)): {'cpu': 15}, (2, np.int64(61)): {'cpu': 17}, (3, np.int64(37)): {'cpu': 3}, (0, np.int64(31)): {'cpu': 9}, (4, np.int64(62)): {'cpu': 3}}","{((0, 3), (np.int64(31), 37)): {'bw': 36}, ((1, 2), (np.int64(55), 61)): {'bw': 16}}",0.0,0.0,355.0,72.0,283.0,0.0,0.0,0.0,0.0,0.0,0.0,0.0,0.0,0.0,Route Failure,5.910925157713325,"{'node_level': {}, 'link_level': {}, 'path_level': {}}","{'node_level': {6: {'cpu': -70}, 5: {'cpu': -46}, 1: {'cpu': -57}, 2: {'cpu': -54}, 3: {'cpu': -79}, 0: {'cpu': -73}, 4: {'cpu': -92}}, 'link_level': {(0, 3): {'bw': -35}, (1, 2): {'bw': -75}, (1, 3): {'bw': -23}}, 'path_level': {(0, 3): {'latency': -8.11485086808215}, (1, 2): {'latency': -6.300730502375643}, (1, 3): {'latency': 5.910925157713325}}}","{'node_level': {6: {'cpu': 0}, 5: {'cpu': 0}, 1: {'cpu': 0}, 2: {'cpu': 0}, 3: {'cpu': 0}, 0: {'cpu': 0}, 4: {'cpu': 0}}, 'link_level': {(0, 3): {'bw': 0}, (1, 2): {'bw': 0}, (1, 3): {'bw': 0}}, 'path_level': {(0, 3): {'latency': 0}, (1, 2): {'latency': 0}, (1, 3): {'latency': 5.910925157713325}}}",[],0.0,0.0,True,False,False,0,[],0,0.0,7.0,3.0
86,32,15,5027.0,6573.0,2157492.565945147,2721372.2995161237,0.7647953750190172,0.7927958134683601,41,129,1,1055.0,38837,6962,31875,0.09112271540469974,0.0679279490028657,85,585.2453056792999,1055.0,8,12,False,"{4: np.int64(22), 6: np.int64(33), 1: np.int64(55), 2: np.int64(61), 3: np.int64(37), 7: np.int64(31), 0: np.int64(62), 5: np.int64(10)}","{(0, 1): [(np.int64(62), 31), (31, 33), (33, np.int64(55))], (0, 2): []}","{(4, np.int64(22)): {'cpu': 19}, (6, np.int64(33)): {'cpu': 15}, (1, np.int64(55)): {'cpu': 15}, (2, np.int64(61)): {'cpu': 9}, (3, np.int64(37)): {'cpu': 20}, (7, np.int64(31)): {'cpu': 13}, (0, np.int64(62)): {'cpu': 2}, (5, np.int64(10)): {'cpu': 2}}","{((0, 1), (np.int64(62), 31)): {'bw': 11}, ((0, 1), (31, 33)): {'bw': 11}, ((0, 1), (33, np.int64(55))): {'bw': 11}}",0.0,0.0,375.0,95.0,280.0,0.0,0.0,0.0,0.0,0.0,0.0,0.0,0.0,0.0,Route Failure,7.344404502305551,"{'node_level': {}, 'link_level': {}, 'path_level': {}}","{'node_level': {4: {'cpu': -60}, 6: {'cpu': -47}, 1: {'cpu': -57}, 2: {'cpu': -62}, 3: {'cpu': -62}, 7: {'cpu': -69}, 0: {'cpu': -93}, 5: {'cpu': -66}}, 'link_level': {(0, 1): {'bw': -57}, (0, 2): {'bw': -46}}, 'path_level': {(0, 1): {'latency': -0.3943902740285159}, (0, 2): {'latency': 7.344404502305551}}}","{'node_level': {4: {'cpu': 0}, 6: {'cpu': 0}, 1: {'cpu': 0}, 2: {'cpu': 0}, 3: {'cpu': 0}, 7: {'cpu': 0}, 0: {'cpu': 0}, 5: {'cpu': 0}}, 'link_level': {(0, 1): {'bw': 0}, (0, 2): {'bw': 0}}, 'path_level': {(0, 1): {'latency': 0}, (0, 2): {'latency': 7.344404502305551}}}",[],0.0,0.0,True,False,False,0,[],0,0.0,8.0,2.0
86,32,14,5027.0,6573.0,2157492.565945147,2721372.2995161237,0.7647953750190172,0.7927958134683601,41,130,0,1059.8022804328534,38924,6984,31940,0.08825065274151433,0.0660272530557342,41,542.8022804328534,517.0,3,2,False,{},{},{},{},0.0,0.0,0.0,0.0,0.0,0.0,0.0,0.0,0.0,0.0,0.0,0.0,0.0,0.0,Leave Event,0.0,"{'node_level': {}, 'link_level': {}, 'path_level': {}}","{'node_level': {}, 'link_level': {}, 'path_level': {}}","{'node_level': {}, 'link_level': {}, 'path_level': {}}",[],0.0,0.0,True,True,False,0,[],0,0.0,,
87,33,15,5125.0,6671.0,2186931.1814991506,2750810.915070127,0.7682506370858941,0.7950132702753938,41,131,1,1064.0,38826,6941,31885,0.09386422976501307,0.06763553424176849,86,300.3940362653423,1064.0,3,2,True,"{2: np.int64(34), 1: np.int64(41), 0: np.int64(3)}","{(0, 1): [(np.int64(3), 41)], (1, 2): [(np.int64(41), 34)]}","{(2, np.int64(34)): {'cpu': 13}, (1, np.int64(41)): {'cpu': 10}, (0, np.int64(3)): {'cpu': 20}}","{((0, 1), (np.int64(3), 41)): {'bw': 8}, ((1, 2), (np.int64(41), 34)): {'bw': 47}}",98.0,98.0,98.0,43.0,55.0,43.0,55.0,43.0,55.0,0.0,1.0,29438.615554003547,29438.615554003547,300.3940362653423,Success,0.0,"{'node_level': {}, 'link_level': {}, 'path_level': {}}","{'node_level': {2: {'cpu': -49}, 1: {'cpu': -53}, 0: {'cpu': -70}}, 'link_level': {(0, 1): {'bw': -51}, (1, 2): {'bw': -5}}, 'path_level': {(0, 1): {'latency': -11.384272878048701}, (1, 2): {'latency': -9.557610160740186}}}","{'node_level': {2: {'cpu': 0}, 1: {'cpu': 0}, 0: {'cpu': 0}}, 'link_level': {(0, 1): {'bw': 0}, (1, 2): {'bw': 0}}, 'path_level': {(0, 1): {'latency': 0}, (1, 2): {'latency': 0}}}",[],0.0,0.0,True,True,False,0,[],0,0.0,3.0,2.0
87,33,14,5125.0,6671.0,2186931.1814991506,2750810.915070127,0.7682506370858941,0.7950132702753938,41,132,0,1065.3676042104587,39161,6993,32168,0.08707571801566583,0.05936019650271951,59,336.36760421045864,729.0,6,9,False,{},{},{},{},0.0,0.0,0.0,0.0,0.0,0.0,0.0,0.0,0.0,0.0,0.0,0.0,0.0,0.0,Leave Event,0.0,"{'node_level': {}, 'link_level': {}, 'path_level': {}}","{'node_level': {}, 'link_level': {}, 'path_level': {}}","{'node_level': {}, 'link_level': {}, 'path_level': {}}",[],0.0,0.0,True,True,False,0,[],0,0.0,,
87,33,14,5125.0,6671.0,2186931.1814991506,2750810.915070127,0.7682506370858941,0.7950132702753938,41,133,0,1065.6129781201175,39161,6993,32168,0.08707571801566583,0.05936019650271951,30,699.6129781201174,366.0,10,25,False,{},{},{},{},0.0,0.0,0.0,0.0,0.0,0.0,0.0,0.0,0.0,0.0,0.0,0.0,0.0,0.0,Leave Event,0.0,"{'node_level': {}, 'link_level': {}, 'path_level': {}}","{'node_level': {}, 'link_level': {}, 'path_level': {}}","{'node_level': {}, 'link_level': {}, 'path_level': {}}",[],0.0,0.0,True,True,False,0,[],0,0.0,,
87,33,14,5125.0,6671.0,2186931.1814991506,2750810.915070127,0.7682506370858941,0.7950132702753938,41,134,0,1068.0215425676947,39161,6993,32168,0.08707571801566583,0.05936019650271951,48,477.02154256769484,591.0,10,24,False,{},{},{},{},0.0,0.0,0.0,0.0,0.0,0.0,0.0,0.0,0.0,0.0,0.0,0.0,0.0,0.0,Leave Event,0.0,"{'node_level': {}, 'link_level': {}, 'path_level': {}}","{'node_level': {}, 'link_level': {}, 'path_level': {}}","{'node_level': {}, 'link_level': {}, 'path_level': {}}",[],0.0,0.0,True,True,False,0,[],0,0.0,,
87,33,14,5125.0,6671.0,2186931.1814991506,2750810.915070127,0.7682506370858941,0.7950132702753938,41,135,0,1077.5993729760376,39161,6993,32168,0.08707571801566583,0.05936019650271951,58,362.5993729760375,715.0,7,10,False,{},{},{},{},0.0,0.0,0.0,0.0,0.0,0.0,0.0,0.0,0.0,0.0,0.0,0.0,0.0,0.0,Leave Event,0.0,"{'node_level': {}, 'link_level': {}, 'path_level': {}}","{'node_level': {}, 'link_level': {}, 'path_level': {}}","{'node_level': {}, 'link_level': {}, 'path_level': {}}",[],0.0,0.0,True,True,False,0,[],0,0.0,,
87,33,14,5125.0,6671.0,2186931.1814991506,2750810.915070127,0.7682506370858941,0.7950132702753938,41,136,0,1080.9825256218023,39161,6993,32168,0.08707571801566583,0.05936019650271951,31,703.9825256218024,377.0,5,5,False,{},{},{},{},0.0,0.0,0.0,0.0,0.0,0.0,0.0,0.0,0.0,0.0,0.0,0.0,0.0,0.0,Leave Event,0.0,"{'node_level': {}, 'link_level': {}, 'path_level': {}}","{'node_level': {}, 'link_level': {}, 'path_level': {}}","{'node_level': {}, 'link_level': {}, 'path_level': {}}",[],0.0,0.0,True,True,False,0,[],0,0.0,,
88,34,15,5236.0,6782.0,2223696.159399734,2787575.8929707105,0.7720436449424949,0.7977168137402524,41,137,1,1082.0,39050,6974,32076,0.08955613577023502,0.06205041230481312,87,331.2160171223706,1082.0,3,3,True,"{0: np.int64(33), 1: np.int64(25), 2: np.int64(86)}","{(0, 1): [(np.int64(33), 25)], (0, 2): [(np.int64(33), 86)], (1, 2): [(np.int64(25), 86)]}","{(0, np.int64(33)): {'cpu': 7}, (1, np.int64(25)): {'cpu': 9}, (2, np.int64(86)): {'cpu': 3}}","{((0, 1), (np.int64(33), 25)): {'bw': 27}, ((0, 2), (np.int64(33), 86)): {'bw': 41}, ((1, 2), (np.int64(25), 86)): {'bw': 24}}",111.0,111.0,111.0,19.0,92.0,19.0,92.0,19.0,92.0,0.0,1.0,36764.97790058314,36764.97790058314,331.2160171223706,Success,0.0,"{'node_level': {}, 'link_level': {}, 'path_level': {}}","{'node_level': {0: {'cpu': -63}, 1: {'cpu': -44}, 2: {'cpu': -60}}, 'link_level': {(0, 1): {'bw': -24}, (0, 2): {'bw': -17}, (1, 2): {'bw': -28}}, 'path_level': {(0, 1): {'latency': -11.134583322002086}, (0, 2): {'latency': -10.773431723564443}, (1, 2): {'latency': -1.7540802167045335}}}","{'node_level': {0: {'cpu': 0}, 1: {'cpu': 0}, 2: {'cpu': 0}}, 'link_level': {(0, 1): {'bw': 0}, (0, 2): {'bw': 0}, (1, 2): {'bw': 0}}, 'path_level': {(0, 1): {'latency': 0}, (0, 2): {'latency': 0}, (1, 2): {'latency': 0}}}",[],0.0,0.0,True,True,False,0,[],0,0.0,3.0,3.0
89,34,15,5236.0,6782.0,2223696.159399734,2787575.8929707105,0.7720436449424949,0.7977168137402524,41,138,1,1091.0,39050,6974,32076,0.08955613577023502,0.06205041230481312,88,259.7764327387954,1091.0,8,14,False,"{5: np.int64(0), 1: np.int64(33), 6: np.int64(64), 4: np.int64(25), 2: np.int64(86), 7: np.int64(28), 3: np.int64(48), 0: np.int64(22)}","{(0, 2): []}","{(5, np.int64(0)): {'cpu': 12}, (1, np.int64(33)): {'cpu': 20}, (6, np.int64(64)): {'cpu': 15}, (4, np.int64(25)): {'cpu': 7}, (2, np.int64(86)): {'cpu': 4}, (7, np.int64(28)): {'cpu': 3}, (3, np.int64(48)): {'cpu': 3}, (0, np.int64(22)): {'cpu': 1}}",{},0.0,0.0,435.0,65.0,370.0,0.0,0.0,0.0,0.0,0.0,0.0,0.0,0.0,0.0,Route Failure,4.548255165339018,"{'node_level': {}, 'link_level': {}, 'path_level': {}}","{'node_level': {5: {'cpu': -84}, 1: {'cpu': -43}, 6: {'cpu': -35}, 4: {'cpu': -37}, 2: {'cpu': -56}, 7: {'cpu': -61}, 3: {'cpu': -72}, 0: {'cpu': -78}}, 'link_level': {(0, 2): {'bw': -30}}, 'path_level': {(0, 2): {'latency': 4.548255165339018}}}","{'node_level': {5: {'cpu': 0}, 1: {'cpu': 0}, 6: {'cpu': 0}, 4: {'cpu': 0}, 2: {'cpu': 0}, 7: {'cpu': 0}, 3: {'cpu': 0}, 0: {'cpu': 0}}, 'link_level': {(0, 2): {'bw': 0}}, 'path_level': {(0, 2): {'latency': 4.548255165339018}}}",[],0.0,0.0,True,False,False,0,[],0,0.0,8.0,1.0
89,34,15,5236.0,6782.0,2223696.159399734,2787575.8929707105,0.7720436449424949,0.7977168137402524,41,139,0,1097.6633173930616,39050,6974,32076,0.08955613577023502,0.06205041230481312,74,183.66331739306148,914.0,6,7,False,{},{},{},{},0.0,0.0,0.0,0.0,0.0,0.0,0.0,0.0,0.0,0.0,0.0,0.0,0.0,0.0,Leave Event,0.0,"{'node_level': {}, 'link_level': {}, 'path_level': {}}","{'node_level': {}, 'link_level': {}, 'path_level': {}}","{'node_level': {}, 'link_level': {}, 'path_level': {}}",[],0.0,0.0,True,True,False,0,[],0,0.0,,
90,35,16,5271.0,6817.0,2276825.078201025,2840704.8117720014,0.7732140237641191,0.8015000603954923,41,140,1,1109.0,39015,6972,32043,0.08981723237597916,0.06301538101643367,89,1517.9691086083183,1109.0,2,1,True,"{0: np.int64(0), 1: np.int64(33)}","{(0, 1): [(np.int64(0), 33)]}","{(0, np.int64(0)): {'cpu': 1}, (1, np.int64(33)): {'cpu': 1}}","{((0, 1), (np.int64(0), 33)): {'bw': 33}}",35.0,35.0,35.0,2.0,33.0,2.0,33.0,2.0,33.0,0.0,1.0,53128.91880129114,53128.91880129114,1517.9691086083183,Success,0.0,"{'node_level': {}, 'link_level': {}, 'path_level': {}}","{'node_level': {0: {'cpu': -95}, 1: {'cpu': -62}}, 'link_level': {(0, 1): {'bw': -52}}, 'path_level': {(0, 1): {'latency': -5.651555556702039}}}","{'node_level': {0: {'cpu': 0}, 1: {'cpu': 0}}, 'link_level': {(0, 1): {'bw': 0}}, 'path_level': {(0, 1): {'latency': 0}}}",[],0.0,0.0,True,True,False,0,[],0,0.0,2.0,1.0
90,35,15,5271.0,6817.0,2276825.078201025,2840704.8117720014,0.7732140237641191,0.8015000603954923,41,141,0,1109.5182104509615,39155,7013,32142,0.08446475195822456,0.06012047488157202,76,174.5182104509615,935.0,5,4,False,{},{},{},{},0.0,0.0,0.0,0.0,0.0,0.0,0.0,0.0,0.0,0.0,0.0,0.0,0.0,0.0,Leave Event,0.0,"{'node_level': {}, 'link_level': {}, 'path_level': {}}","{'node_level': {}, 'link_level': {}, 'path_level': {}}","{'node_level': {}, 'link_level': {}, 'path_level': {}}",[],0.0,0.0,True,True,False,0,[],0,0.0,,
90,35,15,5271.0,6817.0,2276825.078201025,2840704.8117720014,0.7732140237641191,0.8015000603954923,41,142,0,1118.4395887127384,39155,7013,32142,0.08446475195822456,0.06012047488157202,78,153.4395887127384,965.0,9,17,False,{},{},{},{},0.0,0.0,0.0,0.0,0.0,0.0,0.0,0.0,0.0,0.0,0.0,0.0,0.0,0.0,Leave Event,0.0,"{'node_level': {}, 'link_level': {}, 'path_level': {}}","{'node_level': {}, 'link_level': {}, 'path_level': {}}","{'node_level': {}, 'link_level': {}, 'path_level': {}}",[],0.0,0.0,True,True,False,0,[],0,0.0,,
91,35,15,5271.0,6817.0,2276825.078201025,2840704.8117720014,0.7732140237641191,0.8015000603954923,41,143,1,1123.0,39155,7013,32142,0.08446475195822456,0.06012047488157202,90,8.310489934272583,1123.0,10,24,False,"{0: np.int64(28), 7: np.int64(25), 8: np.int64(86), 9: np.int64(33), 5: np.int64(0), 6: np.int64(64), 3: np.int64(96), 2: np.int64(22), 1: np.int64(48), 4: np.int64(6)}","{(0, 1): [(np.int64(28), 48)], (0, 2): [(np.int64(28), 45), (45, np.int64(22))], (0, 3): []}","{(0, np.int64(28)): {'cpu': 19}, (7, np.int64(25)): {'cpu': 20}, (8, np.int64(86)): {'cpu': 14}, (9, np.int64(33)): {'cpu': 20}, (5, np.int64(0)): {'cpu': 16}, (6, np.int64(64)): {'cpu': 14}, (3, np.int64(96)): {'cpu': 12}, (2, np.int64(22)): {'cpu': 12}, (1, np.int64(48)): {'cpu': 2}, (4, np.int64(6)): {'cpu': 1}}","{((0, 1), (np.int64(28), 48)): {'bw': 35}, ((0, 2), (np.int64(28), 45)): {'bw': 47}, ((0, 2), (45, np.int64(22))): {'bw': 47}}",0.0,0.0,764.0,130.0,634.0,0.0,0.0,0.0,0.0,0.0,0.0,0.0,0.0,0.0,Route Failure,15.0,"{'node_level': {}, 'link_level': {}, 'path_level': {}}","{'node_level': {0: {'cpu': -60}, 7: {'cpu': -40}, 8: {'cpu': -50}, 9: {'cpu': -47}, 5: {'cpu': -79}, 6: {'cpu': -36}, 3: {'cpu': -64}, 2: {'cpu': -67}, 1: {'cpu': -73}, 4: {'cpu': -99}}, 'link_level': {(0, 1): {'bw': -59}, (0, 2): {'bw': -40}, (0, 3): {'bw': 15}}, 'path_level': {(0, 1): {'latency': -12.623000948178099}, (0, 2): {'latency': -6.915723229874519}, (0, 3): {'latency': 7.074304881829539}}}","{'node_level': {0: {'cpu': 0}, 7: {'cpu': 0}, 8: {'cpu': 0}, 9: {'cpu': 0}, 5: {'cpu': 0}, 6: {'cpu': 0}, 3: {'cpu': 0}, 2: {'cpu': 0}, 1: {'cpu': 0}, 4: {'cpu': 0}}, 'link_level': {(0, 1): {'bw': 0}, (0, 2): {'bw': 0}, (0, 3): {'bw': 15}}, 'path_level': {(0, 1): {'latency': 0}, (0, 2): {'latency': 0}, (0, 3): {'latency': 7.074304881829539}}}",[],0.0,0.0,True,False,False,0,[],0,0.0,10.0,3.0
91,35,15,5271.0,6817.0,2276825.078201025,2840704.8117720014,0.7732140237641191,0.8015000603954923,41,144,0,1131.3104899342725,39155,7013,32142,0.08446475195822456,0.06012047488157202,90,8.310489934272583,1123.0,10,24,False,{},{},{},{},0.0,0.0,0.0,0.0,0.0,0.0,0.0,0.0,0.0,0.0,0.0,0.0,0.0,0.0,Leave Event,0.0,"{'node_level': {}, 'link_level': {}, 'path_level': {}}","{'node_level': {}, 'link_level': {}, 'path_level': {}}","{'node_level': {}, 'link_level': {}, 'path_level': {}}",[],0.0,0.0,True,True,False,0,[],0,0.0,,
91,35,15,5271.0,6817.0,2276825.078201025,2840704.8117720014,0.7732140237641191,0.8015000603954923,41,145,0,1133.3395684587858,39155,7013,32142,0.08446475195822456,0.06012047488157202,51,503.3395684587858,630.0,9,20,False,{},{},{},{},0.0,0.0,0.0,0.0,0.0,0.0,0.0,0.0,0.0,0.0,0.0,0.0,0.0,0.0,Leave Event,0.0,"{'node_level': {}, 'link_level': {}, 'path_level': {}}","{'node_level': {}, 'link_level': {}, 'path_level': {}}","{'node_level': {}, 'link_level': {}, 'path_level': {}}",[],0.0,0.0,True,True,False,0,[],0,0.0,,
92,35,15,5271.0,6817.0,2276825.078201025,2840704.8117720014,0.7732140237641191,0.8015000603954923,41,146,1,1137.0,39155,7013,32142,0.08446475195822456,0.06012047488157202,91,187.9773938487999,1137.0,9,22,False,"{6: np.int64(28), 5: np.int64(25), 2: np.int64(86), 0: np.int64(33), 1: np.int64(0), 4: np.int64(64), 3: np.int64(96), 7: np.int64(22), 8: np.int64(48)}","{(0, 1): [(np.int64(33), 0)], (0, 3): [(np.int64(33), 25), (25, np.int64(96))], (0, 4): [(np.int64(33), 64)], (0, 5): [(np.int64(33), 25)], (0, 6): [(np.int64(33), 60), (60, np.int64(28))], (0, 7): [(np.int64(33), 22)], (0, 8): [(np.int64(33), 22), (22, np.int64(48))], (1, 3): [(np.int64(0), 86), (86, np.int64(96))], (1, 4): [(np.int64(0), 64)], (1, 5): [(np.int64(0), 86), (86, np.int64(25))], (1, 6): []}","{(6, np.int64(28)): {'cpu': 18}, (5, np.int64(25)): {'cpu': 7}, (2, np.int64(86)): {'cpu': 19}, (0, np.int64(33)): {'cpu': 5}, (1, np.int64(0)): {'cpu': 3}, (4, np.int64(64)): {'cpu': 5}, (3, np.int64(96)): {'cpu': 6}, (7, np.int64(22)): {'cpu': 4}, (8, np.int64(48)): {'cpu': 3}}","{((0, 1), (np.int64(33), 0)): {'bw': 10}, ((0, 3), (np.int64(33), 25)): {'bw': 13}, ((0, 3), (25, np.int64(96))): {'bw': 13}, ((0, 4), (np.int64(33), 64)): {'bw': 43}, ((0, 5), (np.int64(33), 25)): {'bw': 2}, ((0, 6), (np.int64(33), 60)): {'bw': 35}, ((0, 6), (60, np.int64(28))): {'bw': 35}, ((0, 7), (np.int64(33), 22)): {'bw': 18}, ((0, 8), (np.int64(33), 22)): {'bw': 10}, ((0, 8), (22, np.int64(48))): {'bw': 10}, ((1, 3), (np.int64(0), 86)): {'bw': 6}, ((1, 3), (86, np.int64(96))): {'bw': 6}, ((1, 4), (np.int64(0), 64)): {'bw': 44}, ((1, 5), (np.int64(0), 86)): {'bw': 36}, ((1, 5), (86, np.int64(25))): {'bw': 36}}",0.0,0.0,644.0,70.0,574.0,0.0,0.0,0.0,0.0,0.0,0.0,0.0,0.0,0.0,Route Failure,9.0,"{'node_level': {}, 'link_level': {}, 'path_level': {}}","{'node_level': {6: {'cpu': -61}, 5: {'cpu': -53}, 2: {'cpu': -45}, 0: {'cpu': -62}, 1: {'cpu': -92}, 4: {'cpu': -45}, 3: {'cpu': -70}, 7: {'cpu': -75}, 8: {'cpu': -72}}, 'link_level': {(0, 1): {'bw': -42}, (0, 3): {'bw': -14}, (0, 4): {'bw': -40}, (0, 5): {'bw': -12}, (0, 6): {'bw': -24}, (0, 7): {'bw': -39}, (0, 8): {'bw': -29}, (1, 3): {'bw': -50}, (1, 4): {'bw': -25}, (1, 5): {'bw': -22}, (1, 6): {'bw': 9}}, 'path_level': {(0, 1): {'latency': -6.1233410167803015}, (0, 3): {'latency': -3.8494105608724487}, (0, 4): {'latency': -3.4722353169773967}, (0, 5): {'latency': -11.73585209913328}, (0, 6): {'latency': -1.1234374989002802}, (0, 7): {'latency': -9.459563820365814}, (0, 8): {'latency': -3.091912799977485}, (1, 3): {'latency': -3.765848221983159}, (1, 4): {'latency': -8.890152675738245}, (1, 5): {'latency': -2.0941971062279894}, (1, 6): {'latency': 6.809725168542926}}}","{'node_level': {6: {'cpu': 0}, 5: {'cpu': 0}, 2: {'cpu': 0}, 0: {'cpu': 0}, 1: {'cpu': 0}, 4: {'cpu': 0}, 3: {'cpu': 0}, 7: {'cpu': 0}, 8: {'cpu': 0}}, 'link_level': {(0, 1): {'bw': 0}, (0, 3): {'bw': 0}, (0, 4): {'bw': 0}, (0, 5): {'bw': 0}, (0, 6): {'bw': 0}, (0, 7): {'bw': 0}, (0, 8): {'bw': 0}, (1, 3): {'bw': 0}, (1, 4): {'bw': 0}, (1, 5): {'bw': 0}, (1, 6): {'bw': 9}}, 'path_level': {(0, 1): {'latency': 0}, (0, 3): {'latency': 0}, (0, 4): {'latency': 0}, (0, 5): {'latency': 0}, (0, 6): {'latency': 0}, (0, 7): {'latency': 0}, (0, 8): {'latency': 0}, (1, 3): {'latency': 0}, (1, 4): {'latency': 0}, (1, 5): {'latency': 0}, (1, 6): {'latency': 6.809725168542926}}}",[],0.0,0.0,True,False,False,0,[],0,0.0,9.0,11.0
93,35,15,5271.0,6817.0,2276825.078201025,2840704.8117720014,0.7732140237641191,0.8015000603954923,41,147,1,1147.0,39155,7013,32142,0.08446475195822456,0.06012047488157202,92,2308.465490617315,1147.0,7,12,False,"{6: np.int64(28), 0: np.int64(25), 4: np.int64(86), 2: np.int64(33), 5: np.int64(0), 3: np.int64(64), 1: np.int64(96)}","{(0, 2): []}","{(6, np.int64(28)): {'cpu': 11}, (0, np.int64(25)): {'cpu': 6}, (4, np.int64(86)): {'cpu': 9}, (2, np.int64(33)): {'cpu': 8}, (5, np.int64(0)): {'cpu': 14}, (3, np.int64(64)): {'cpu': 2}, (1, np.int64(96)): {'cpu': 3}}",{},0.0,0.0,340.0,53.0,287.0,0.0,0.0,0.0,0.0,0.0,0.0,0.0,0.0,0.0,Route Failure,12.0,"{'node_level': {}, 'link_level': {}, 'path_level': {}}","{'node_level': {6: {'cpu': -68}, 0: {'cpu': -54}, 4: {'cpu': -55}, 2: {'cpu': -59}, 5: {'cpu': -81}, 3: {'cpu': -48}, 1: {'cpu': -73}}, 'link_level': {(0, 2): {'bw': 12}}, 'path_level': {(0, 2): {'latency': 1.3318538266094269}}}","{'node_level': {6: {'cpu': 0}, 0: {'cpu': 0}, 4: {'cpu': 0}, 2: {'cpu': 0}, 5: {'cpu': 0}, 3: {'cpu': 0}, 1: {'cpu': 0}}, 'link_level': {(0, 2): {'bw': 12}}, 'path_level': {(0, 2): {'latency': 1.3318538266094269}}}",[],0.0,0.0,True,False,False,0,[],0,0.0,7.0,1.0
94,36,16,5810.0,7506.0,2857471.057458548,3582940.5811754027,0.7740474287236877,0.7975211959895632,42,148,1,1163.0,38466,6931,31535,0.09516971279373365,0.0778700508801684,93,1077.265267639189,1163.0,9,15,True,"{6: np.int64(28), 4: np.int64(25), 7: np.int64(86), 8: np.int64(33), 3: np.int64(0), 5: np.int64(64), 0: np.int64(96), 2: np.int64(22), 1: np.int64(48)}","{(0, 3): [(np.int64(96), 86), (86, np.int64(0))], (0, 4): [(np.int64(96), 25)], (0, 7): [(np.int64(96), 86)], (1, 2): [(np.int64(48), 22)], (1, 3): [(np.int64(48), 64), (64, np.int64(0))], (1, 4): [(np.int64(48), 7), (7, np.int64(25))], (1, 6): [(np.int64(48), 28)], (2, 8): [(np.int64(22), 33)], (3, 6): [(np.int64(0), 85), (85, np.int64(28))], (3, 7): [(np.int64(0), 86)], (4, 6): [(np.int64(25), 28)], (5, 6): [(np.int64(64), 48), (48, np.int64(28))], (5, 7): [(np.int64(64), 0), (0, np.int64(86))], (5, 8): [(np.int64(64), 33)], (6, 7): [(np.int64(28), 86)]}","{(6, np.int64(28)): {'cpu': 13}, (4, np.int64(25)): {'cpu': 15}, (7, np.int64(86)): {'cpu': 8}, (8, np.int64(33)): {'cpu': 11}, (3, np.int64(0)): {'cpu': 9}, (5, np.int64(64)): {'cpu': 8}, (0, np.int64(96)): {'cpu': 12}, (2, np.int64(22)): {'cpu': 4}, (1, np.int64(48)): {'cpu': 2}}","{((0, 3), (np.int64(96), 86)): {'bw': 13}, ((0, 3), (86, np.int64(0))): {'bw': 13}, ((0, 4), (np.int64(96), 25)): {'bw': 18}, ((0, 7), (np.int64(96), 86)): {'bw': 34}, ((1, 2), (np.int64(48), 22)): {'bw': 28}, ((1, 3), (np.int64(48), 64)): {'bw': 10}, ((1, 3), (64, np.int64(0))): {'bw': 10}, ((1, 4), (np.int64(48), 7)): {'bw': 23}, ((1, 4), (7, np.int64(25))): {'bw': 23}, ((1, 6), (np.int64(48), 28)): {'bw': 44}, ((2, 8), (np.int64(22), 33)): {'bw': 34}, ((3, 6), (np.int64(0), 85)): {'bw': 44}, ((3, 6), (85, np.int64(28))): {'bw': 44}, ((3, 7), (np.int64(0), 86)): {'bw': 27}, ((4, 6), (np.int64(25), 28)): {'bw': 37}, ((5, 6), (np.int64(64), 48)): {'bw': 28}, ((5, 6), (48, np.int64(28))): {'bw': 28}, ((5, 7), (np.int64(64), 0)): {'bw': 32}, ((5, 7), (0, np.int64(86))): {'bw': 32}, ((5, 8), (np.int64(64), 33)): {'bw': 44}, ((6, 7), (np.int64(28), 86)): {'bw': 41}}",689.0,539.0,539.0,82.0,457.0,82.0,457.0,82.0,607.0,150.0,0.7822931785195936,742235.7694034012,580645.9792575228,842.7372703302218,Success,0.0,"{'node_level': {}, 'link_level': {}, 'path_level': {}}","{'node_level': {6: {'cpu': -66}, 4: {'cpu': -45}, 7: {'cpu': -56}, 8: {'cpu': -56}, 3: {'cpu': -86}, 5: {'cpu': -42}, 0: {'cpu': -64}, 2: {'cpu': -75}, 1: {'cpu': -73}}, 'link_level': {(0, 3): {'bw': -43}, (0, 4): {'bw': -42}, (0, 7): {'bw': -9}, (1, 2): {'bw': -31}, (1, 3): {'bw': -53}, (1, 4): {'bw': -32}, (1, 6): {'bw': -50}, (2, 8): {'bw': -23}, (3, 6): {'bw': -19}, (3, 7): {'bw': -38}, (4, 6): {'bw': -23}, (5, 6): {'bw': -22}, (5, 7): {'bw': -6}, (5, 8): {'bw': -39}, (6, 7): {'bw': -12}}, 'path_level': {(0, 3): {'latency': -7.917598062886501}, (0, 4): {'latency': -7.701817740646202}, (0, 7): {'latency': -0.9364197459868802}, (1, 2): {'latency': -5.83875347433096}, (1, 3): {'latency': -3.7229658187168564}, (1, 4): {'latency': -11.660007497229596}, (1, 6): {'latency': -6.436945767998642}, (2, 8): {'latency': -4.813954634979707}, (3, 6): {'latency': -2.9186511638458343}, (3, 7): {'latency': -5.220970561023659}, (4, 6): {'latency': -5.5312335799879975}, (5, 6): {'latency': -8.285078407865884}, (5, 7): {'latency': -0.16209468898803392}, (5, 8): {'latency': -3.874910267037225}, (6, 7): {'latency': -5.683760068473836}}}","{'node_level': {6: {'cpu': 0}, 4: {'cpu': 0}, 7: {'cpu': 0}, 8: {'cpu': 0}, 3: {'cpu': 0}, 5: {'cpu': 0}, 0: {'cpu': 0}, 2: {'cpu': 0}, 1: {'cpu': 0}}, 'link_level': {(0, 3): {'bw': 0}, (0, 4): {'bw': 0}, (0, 7): {'bw': 0}, (1, 2): {'bw': 0}, (1, 3): {'bw': 0}, (1, 4): {'bw': 0}, (1, 6): {'bw': 0}, (2, 8): {'bw': 0}, (3, 6): {'bw': 0}, (3, 7): {'bw': 0}, (4, 6): {'bw': 0}, (5, 6): {'bw': 0}, (5, 7): {'bw': 0}, (5, 8): {'bw': 0}, (6, 7): {'bw': 0}}, 'path_level': {(0, 3): {'latency': 0}, (0, 4): {'latency': 0}, (0, 7): {'latency': 0}, (1, 2): {'latency': 0}, (1, 3): {'latency': 0}, (1, 4): {'latency': 0}, (1, 6): {'latency': 0}, (2, 8): {'latency': 0}, (3, 6): {'latency': 0}, (3, 7): {'latency': 0}, (4, 6): {'latency': 0}, (5, 6): {'latency': 0}, (5, 7): {'latency': 0}, (5, 8): {'latency': 0}, (6, 7): {'latency': 0}}}",[],0.0,0.0,True,True,False,0,[],0,0.0,9.0,15.0
95,36,16,5810.0,7506.0,2857471.057458548,3582940.5811754027,0.7740474287236877,0.7975211959895632,42,149,1,1173.0,38466,6931,31535,0.09516971279373365,0.0778700508801684,94,10.071946596146812,1173.0,8,14,False,"{4: np.int64(6), 6: np.int64(92), 1: np.int64(59), 7: np.int64(19), 0: np.int64(63), 3: np.int64(21), 2: np.int64(26), 5: np.int64(83)}","{(0, 1): [(np.int64(63), 59)], (0, 4): [(np.int64(63), 96), (96, np.int64(6))], (0, 7): [(np.int64(63), 19)], (1, 2): [(np.int64(59), 83), (83, np.int64(26))], (1, 3): [(np.int64(59), 83), (83, np.int64(21))], (1, 4): []}","{(4, np.int64(6)): {'cpu': 10}, (6, np.int64(92)): {'cpu': 10}, (1, np.int64(59)): {'cpu': 6}, (7, np.int64(19)): {'cpu': 9}, (0, np.int64(63)): {'cpu': 13}, (3, np.int64(21)): {'cpu': 11}, (2, np.int64(26)): {'cpu': 6}, (5, np.int64(83)): {'cpu': 6}}","{((0, 1), (np.int64(63), 59)): {'bw': 24}, ((0, 4), (np.int64(63), 96)): {'bw': 20}, ((0, 4), (96, np.int64(6))): {'bw': 20}, ((0, 7), (np.int64(63), 19)): {'bw': 5}, ((1, 2), (np.int64(59), 83)): {'bw': 11}, ((1, 2), (83, np.int64(26))): {'bw': 11}, ((1, 3), (np.int64(59), 83)): {'bw': 38}, ((1, 3), (83, np.int64(21))): {'bw': 38}}",0.0,0.0,389.0,71.0,318.0,0.0,0.0,0.0,0.0,0.0,0.0,0.0,0.0,0.0,Route Failure,7.812496784232611,"{'node_level': {}, 'link_level': {}, 'path_level': {}}","{'node_level': {4: {'cpu': -90}, 6: {'cpu': -44}, 1: {'cpu': -75}, 7: {'cpu': -62}, 0: {'cpu': -62}, 3: {'cpu': -26}, 2: {'cpu': -59}, 5: {'cpu': -49}}, 'link_level': {(0, 1): {'bw': -75}, (0, 4): {'bw': -35}, (0, 7): {'bw': -50}, (1, 2): {'bw': -54}, (1, 3): {'bw': -33}, (1, 4): {'bw': -11}}, 'path_level': {(0, 1): {'latency': -3.338944096704002}, (0, 4): {'latency': -2.3246490890160665}, (0, 7): {'latency': -4.2042429389391796}, (1, 2): {'latency': -8.920048333018102}, (1, 3): {'latency': -9.268002735325897}, (1, 4): {'latency': 7.812496784232611}}}","{'node_level': {4: {'cpu': 0}, 6: {'cpu': 0}, 1: {'cpu': 0}, 7: {'cpu': 0}, 0: {'cpu': 0}, 3: {'cpu': 0}, 2: {'cpu': 0}, 5: {'cpu': 0}}, 'link_level': {(0, 1): {'bw': 0}, (0, 4): {'bw': 0}, (0, 7): {'bw': 0}, (1, 2): {'bw': 0}, (1, 3): {'bw': 0}, (1, 4): {'bw': 0}}, 'path_level': {(0, 1): {'latency': 0}, (0, 4): {'latency': 0}, (0, 7): {'latency': 0}, (1, 2): {'latency': 0}, (1, 3): {'latency': 0}, (1, 4): {'latency': 7.812496784232611}}}",[],0.0,0.0,True,False,False,0,[],0,0.0,8.0,6.0
96,36,16,5810.0,7506.0,2857471.057458548,3582940.5811754027,0.7740474287236877,0.7975211959895632,42,150,1,1182.0,38466,6931,31535,0.09516971279373365,0.0778700508801684,95,54.23558363605139,1182.0,10,18,False,"{7: np.int64(6), 1: np.int64(92), 5: np.int64(59), 0: np.int64(19), 4: np.int64(63), 3: np.int64(21), 2: np.int64(26), 9: np.int64(83), 6: np.int64(96), 8: np.int64(25)}","{(0, 3): [(np.int64(19), 43), (43, 42), (42, np.int64(21))], (0, 5): [(np.int64(19), 39), (39, np.int64(59))], (0, 8): [(np.int64(19), 39), (39, np.int64(25))], (0, 9): [(np.int64(19), 76), (76, np.int64(83))], (1, 4): [(np.int64(92), 59), (59, np.int64(63))], (1, 5): [(np.int64(92), 59)], (1, 7): [(np.int64(92), 6)], (2, 3): [(np.int64(26), 21)], (2, 4): [(np.int64(26), 21), (21, np.int64(63))], (3, 4): [(np.int64(21), 63)], (3, 9): [(np.int64(21), 83)], (4, 5): [(np.int64(63), 59)], (4, 8): [(np.int64(63), 64), (64, np.int64(25))], (5, 7): []}","{(7, np.int64(6)): {'cpu': 18}, (1, np.int64(92)): {'cpu': 14}, (5, np.int64(59)): {'cpu': 13}, (0, np.int64(19)): {'cpu': 14}, (4, np.int64(63)): {'cpu': 15}, (3, np.int64(21)): {'cpu': 12}, (2, np.int64(26)): {'cpu': 17}, (9, np.int64(83)): {'cpu': 3}, (6, np.int64(96)): {'cpu': 7}, (8, np.int64(25)): {'cpu': 3}}","{((0, 3), (np.int64(19), 43)): {'bw': 37}, ((0, 3), (43, 42)): {'bw': 37}, ((0, 3), (42, np.int64(21))): {'bw': 37}, ((0, 5), (np.int64(19), 39)): {'bw': 2}, ((0, 5), (39, np.int64(59))): {'bw': 2}, ((0, 8), (np.int64(19), 39)): {'bw': 23}, ((0, 8), (39, np.int64(25))): {'bw': 23}, ((0, 9), (np.int64(19), 76)): {'bw': 30}, ((0, 9), (76, np.int64(83))): {'bw': 30}, ((1, 4), (np.int64(92), 59)): {'bw': 27}, ((1, 4), (59, np.int64(63))): {'bw': 27}, ((1, 5), (np.int64(92), 59)): {'bw': 45}, ((1, 7), (np.int64(92), 6)): {'bw': 47}, ((2, 3), (np.int64(26), 21)): {'bw': 19}, ((2, 4), (np.int64(26), 21)): {'bw': 3}, ((2, 4), (21, np.int64(63))): {'bw': 3}, ((3, 4), (np.int64(21), 63)): {'bw': 2}, ((3, 9), (np.int64(21), 83)): {'bw': 15}, ((4, 5), (np.int64(63), 59)): {'bw': 33}, ((4, 8), (np.int64(63), 64)): {'bw': 9}, ((4, 8), (64, np.int64(25))): {'bw': 9}}",0.0,0.0,549.0,116.0,433.0,0.0,0.0,0.0,0.0,0.0,0.0,0.0,0.0,0.0,Route Failure,6.731800459311827,"{'node_level': {}, 'link_level': {}, 'path_level': {}}","{'node_level': {7: {'cpu': -82}, 1: {'cpu': -40}, 5: {'cpu': -68}, 0: {'cpu': -57}, 4: {'cpu': -60}, 3: {'cpu': -25}, 2: {'cpu': -48}, 9: {'cpu': -52}, 6: {'cpu': -57}, 8: {'cpu': -42}}, 'link_level': {(0, 3): {'bw': -18}, (0, 5): {'bw': -64}, (0, 8): {'bw': -28}, (0, 9): {'bw': -21}, (1, 4): {'bw': -59}, (1, 5): {'bw': -14}, (1, 7): {'bw': -48}, (2, 3): {'bw': -72}, (2, 4): {'bw': -13}, (3, 4): {'bw': -11}, (3, 9): {'bw': -56}, (4, 5): {'bw': -39}, (4, 8): {'bw': -65}, (5, 7): {'bw': -22}}, 'path_level': {(0, 3): {'latency': -3.5688895208232605}, (0, 5): {'latency': -11.588414988003972}, (0, 8): {'latency': -4.120092192276269}, (0, 9): {'latency': -3.8989829124821345}, (1, 4): {'latency': -0.03559554599190751}, (1, 5): {'latency': -7.949357086171309}, (1, 7): {'latency': -9.09166406068763}, (2, 3): {'latency': -3.1752864090309654}, (2, 4): {'latency': -1.2173904157852782}, (3, 4): {'latency': -6.69095698595338}, (3, 9): {'latency': -11.702409653938382}, (4, 5): {'latency': -3.980221781945831}, (4, 8): {'latency': -3.9980307135755906}, (5, 7): {'latency': 6.731800459311827}}}","{'node_level': {7: {'cpu': 0}, 1: {'cpu': 0}, 5: {'cpu': 0}, 0: {'cpu': 0}, 4: {'cpu': 0}, 3: {'cpu': 0}, 2: {'cpu': 0}, 9: {'cpu': 0}, 6: {'cpu': 0}, 8: {'cpu': 0}}, 'link_level': {(0, 3): {'bw': 0}, (0, 5): {'bw': 0}, (0, 8): {'bw': 0}, (0, 9): {'bw': 0}, (1, 4): {'bw': 0}, (1, 5): {'bw': 0}, (1, 7): {'bw': 0}, (2, 3): {'bw': 0}, (2, 4): {'bw': 0}, (3, 4): {'bw': 0}, (3, 9): {'bw': 0}, (4, 5): {'bw': 0}, (4, 8): {'bw': 0}, (5, 7): {'bw': 0}}, 'path_level': {(0, 3): {'latency': 0}, (0, 5): {'latency': 0}, (0, 8): {'latency': 0}, (0, 9): {'latency': 0}, (1, 4): {'latency': 0}, (1, 5): {'latency': 0}, (1, 7): {'latency': 0}, (2, 3): {'latency': 0}, (2, 4): {'latency': 0}, (3, 4): {'latency': 0}, (3, 9): {'latency': 0}, (4, 5): {'latency': 0}, (4, 8): {'latency': 0}, (5, 7): {'latency': 6.731800459311827}}}",[],0.0,0.0,True,False,False,0,[],0,0.0,10.0,14.0
96,36,16,5810.0,7506.0,2857471.057458548,3582940.5811754027,0.7740474287236877,0.7975211959895632,42,151,0,1183.0719465961467,38466,6931,31535,0.09516971279373365,0.0778700508801684,94,10.071946596146812,1173.0,8,14,False,{},{},{},{},0.0,0.0,0.0,0.0,0.0,0.0,0.0,0.0,0.0,0.0,0.0,0.0,0.0,0.0,Leave Event,0.0,"{'node_level': {}, 'link_level': {}, 'path_level': {}}","{'node_level': {}, 'link_level': {}, 'path_level': {}}","{'node_level': {}, 'link_level': {}, 'path_level': {}}",[],0.0,0.0,True,True,False,0,[],0,0.0,,
96,36,15,5810.0,7506.0,2857471.057458548,3582940.5811754027,0.7740474287236877,0.7975211959895632,42,152,0,1184.6080649683402,38632,6965,31667,0.09073107049608353,0.0740101760336862,82,164.6080649683402,1020.0,2,1,False,{},{},{},{},0.0,0.0,0.0,0.0,0.0,0.0,0.0,0.0,0.0,0.0,0.0,0.0,0.0,0.0,Leave Event,0.0,"{'node_level': {}, 'link_level': {}, 'path_level': {}}","{'node_level': {}, 'link_level': {}, 'path_level': {}}","{'node_level': {}, 'link_level': {}, 'path_level': {}}",[],0.0,0.0,True,True,False,0,[],0,0.0,,
97,36,15,5810.0,7506.0,2857471.057458548,3582940.5811754027,0.7740474287236877,0.7975211959895632,42,153,1,1186.0,38632,6965,31667,0.09073107049608353,0.0740101760336862,96,49.40249433470425,1186.0,6,9,False,"{5: np.int64(4), 1: np.int64(18), 0: np.int64(93), 4: np.int64(82), 3: np.int64(12), 2: np.int64(6)}","{(0, 1): [(np.int64(93), 18)], (0, 2): []}","{(5, np.int64(4)): {'cpu': 13}, (1, np.int64(18)): {'cpu': 18}, (0, np.int64(93)): {'cpu': 19}, (4, np.int64(82)): {'cpu': 14}, (3, np.int64(12)): {'cpu': 2}, (2, np.int64(6)): {'cpu': 1}}","{((0, 1), (np.int64(93), 18)): {'bw': 8}}",0.0,0.0,271.0,67.0,204.0,0.0,0.0,0.0,0.0,0.0,0.0,0.0,0.0,0.0,Route Failure,13.518243205826586,"{'node_level': {}, 'link_level': {}, 'path_level': {}}","{'node_level': {5: {'cpu': -57}, 1: {'cpu': -32}, 0: {'cpu': -59}, 4: {'cpu': -44}, 3: {'cpu': -68}, 2: {'cpu': -99}}, 'link_level': {(0, 1): {'bw': -57}, (0, 2): {'bw': -43}}, 'path_level': {(0, 1): {'latency': -5.2576133095665405}, (0, 2): {'latency': 13.518243205826586}}}","{'node_level': {5: {'cpu': 0}, 1: {'cpu': 0}, 0: {'cpu': 0}, 4: {'cpu': 0}, 3: {'cpu': 0}, 2: {'cpu': 0}}, 'link_level': {(0, 1): {'bw': 0}, (0, 2): {'bw': 0}}, 'path_level': {(0, 1): {'latency': 0}, (0, 2): {'latency': 13.518243205826586}}}",[],0.0,0.0,True,False,False,0,[],0,0.0,6.0,2.0
97,36,15,5810.0,7506.0,2857471.057458548,3582940.5811754027,0.7740474287236877,0.7975211959895632,42,154,0,1187.8909246366952,38632,6965,31667,0.09073107049608353,0.0740101760336862,43,648.8909246366952,539.0,9,25,False,{},{},{},{},0.0,0.0,0.0,0.0,0.0,0.0,0.0,0.0,0.0,0.0,0.0,0.0,0.0,0.0,Leave Event,0.0,"{'node_level': {}, 'link_level': {}, 'path_level': {}}","{'node_level': {}, 'link_level': {}, 'path_level': {}}","{'node_level': {}, 'link_level': {}, 'path_level': {}}",[],0.0,0.0,True,True,False,0,[],0,0.0,,
98,36,15,5810.0,7506.0,2857471.057458548,3582940.5811754027,0.7740474287236877,0.7975211959895632,42,155,1,1198.0,38632,6965,31667,0.09073107049608353,0.0740101760336862,97,154.48508204832453,1198.0,6,8,False,"{3: np.int64(4), 2: np.int64(18), 5: np.int64(93), 4: np.int64(82), 1: np.int64(12), 0: np.int64(6)}","{(0, 1): [(np.int64(6), 82), (82, np.int64(12))], (0, 2): [(np.int64(6), 96), (96, np.int64(18))], (0, 3): []}","{(3, np.int64(4)): {'cpu': 11}, (2, np.int64(18)): {'cpu': 12}, (5, np.int64(93)): {'cpu': 11}, (4, np.int64(82)): {'cpu': 6}, (1, np.int64(12)): {'cpu': 8}, (0, np.int64(6)): {'cpu': 2}}","{((0, 1), (np.int64(6), 82)): {'bw': 30}, ((0, 1), (82, np.int64(12))): {'bw': 30}, ((0, 2), (np.int64(6), 96)): {'bw': 29}, ((0, 2), (96, np.int64(18))): {'bw': 29}}",0.0,0.0,299.0,50.0,249.0,0.0,0.0,0.0,0.0,0.0,0.0,0.0,0.0,0.0,Route Failure,10.720360259995513,"{'node_level': {}, 'link_level': {}, 'path_level': {}}","{'node_level': {3: {'cpu': -59}, 2: {'cpu': -38}, 5: {'cpu': -67}, 4: {'cpu': -52}, 1: {'cpu': -62}, 0: {'cpu': -98}}, 'link_level': {(0, 1): {'bw': -50}, (0, 2): {'bw': -26}, (0, 3): {'bw': -20}}, 'path_level': {(0, 1): {'latency': -4.984850588100482}, (0, 2): {'latency': -3.2477580211219186}, (0, 3): {'latency': 10.720360259995513}}}","{'node_level': {3: {'cpu': 0}, 2: {'cpu': 0}, 5: {'cpu': 0}, 4: {'cpu': 0}, 1: {'cpu': 0}, 0: {'cpu': 0}}, 'link_level': {(0, 1): {'bw': 0}, (0, 2): {'bw': 0}, (0, 3): {'bw': 0}}, 'path_level': {(0, 1): {'latency': 0}, (0, 2): {'latency': 0}, (0, 3): {'latency': 10.720360259995513}}}",[],0.0,0.0,True,False,False,0,[],0,0.0,6.0,3.0
98,36,14,5810.0,7506.0,2857471.057458548,3582940.5811754027,0.7740474287236877,0.7975211959895632,42,156,0,1199.6006006827283,39004,7020,31984,0.08355091383812008,0.06474062810690684,64,416.6006006827282,783.0,8,10,False,{},{},{},{},0.0,0.0,0.0,0.0,0.0,0.0,0.0,0.0,0.0,0.0,0.0,0.0,0.0,0.0,Leave Event,0.0,"{'node_level': {}, 'link_level': {}, 'path_level': {}}","{'node_level': {}, 'link_level': {}, 'path_level': {}}","{'node_level': {}, 'link_level': {}, 'path_level': {}}",[],0.0,0.0,True,True,False,0,[],0,0.0,,
99,37,15,5855.0,7551.0,2862350.137857854,3587819.6615747088,0.7753939875513177,0.7977965471657951,42,157,1,1216.0,38959,6987,31972,0.08785900783289813,0.06509152582022337,98,108.42400887346996,1216.0,2,1,True,"{0: np.int64(26), 1: np.int64(72)}","{(0, 1): [(np.int64(26), 72)]}","{(0, np.int64(26)): {'cpu': 18}, (1, np.int64(72)): {'cpu': 15}}","{((0, 1), (np.int64(26), 72)): {'bw': 12}}",45.0,45.0,45.0,33.0,12.0,33.0,12.0,33.0,12.0,0.0,1.0,4879.080399306148,4879.080399306148,108.42400887346996,Success,0.0,"{'node_level': {}, 'link_level': {}, 'path_level': {}}","{'node_level': {0: {'cpu': -62}, 1: {'cpu': -62}}, 'link_level': {(0, 1): {'bw': -66}}, 'path_level': {(0, 1): {'latency': -4.781926399195839}}}","{'node_level': {0: {'cpu': 0}, 1: {'cpu': 0}}, 'link_level': {(0, 1): {'bw': 0}}, 'path_level': {(0, 1): {'latency': 0}}}",[],0.0,0.0,True,True,False,0,[],0,0.0,2.0,1.0
100,38,16,6558.0,8560.0,3038486.893346604,3840624.7629803256,0.7661214953271028,0.7911439103956455,42,158,1,1226.0,37950,6912,31038,0.09765013054830285,0.09240306450669633,99,250.55015005512072,1226.0,9,20,True,"{4: np.int64(4), 0: np.int64(94), 5: np.int64(5), 7: np.int64(17), 1: np.int64(58), 8: np.int64(90), 2: np.int64(26), 3: np.int64(21), 6: np.int64(72)}","{(0, 1): [(np.int64(94), 58)], (0, 4): [(np.int64(94), 4)], (0, 6): [(np.int64(94), 72)], (0, 7): [(np.int64(94), 5), (5, np.int64(17))], (0, 8): [(np.int64(94), 26), (26, np.int64(90))], (1, 2): [(np.int64(58), 26)], (1, 3): [(np.int64(58), 21)], (1, 4): [(np.int64(58), 17), (17, np.int64(4))], (1, 7): [(np.int64(58), 17)], (2, 5): [(np.int64(26), 72), (72, np.int64(5))], (2, 6): [(np.int64(26), 72)], (2, 7): [(np.int64(26), 17)], (3, 7): [(np.int64(21), 17)], (3, 8): [(np.int64(21), 28), (28, np.int64(90))], (4, 5): [(np.int64(4), 54), (54, np.int64(5))], (4, 6): [(np.int64(4), 54), (54, np.int64(72))], (4, 7): [(np.int64(4), 17)], (5, 8): [(np.int64(5), 90)], (6, 8): [(np.int64(72), 32), (32, np.int64(90))], (7, 8): [(np.int64(17), 27), (27, np.int64(90))]}","{(4, np.int64(4)): {'cpu': 17}, (0, np.int64(94)): {'cpu': 11}, (5, np.int64(5)): {'cpu': 15}, (7, np.int64(17)): {'cpu': 10}, (1, np.int64(58)): {'cpu': 10}, (8, np.int64(90)): {'cpu': 3}, (2, np.int64(26)): {'cpu': 3}, (3, np.int64(21)): {'cpu': 4}, (6, np.int64(72)): {'cpu': 2}}","{((0, 1), (np.int64(94), 58)): {'bw': 41}, ((0, 4), (np.int64(94), 4)): {'bw': 43}, ((0, 6), (np.int64(94), 72)): {'bw': 34}, ((0, 7), (np.int64(94), 5)): {'bw': 50}, ((0, 7), (5, np.int64(17))): {'bw': 50}, ((0, 8), (np.int64(94), 26)): {'bw': 48}, ((0, 8), (26, np.int64(90))): {'bw': 48}, ((1, 2), (np.int64(58), 26)): {'bw': 29}, ((1, 3), (np.int64(58), 21)): {'bw': 34}, ((1, 4), (np.int64(58), 17)): {'bw': 20}, ((1, 4), (17, np.int64(4))): {'bw': 20}, ((1, 7), (np.int64(58), 17)): {'bw': 1}, ((2, 5), (np.int64(26), 72)): {'bw': 33}, ((2, 5), (72, np.int64(5))): {'bw': 33}, ((2, 6), (np.int64(26), 72)): {'bw': 15}, ((2, 7), (np.int64(26), 17)): {'bw': 39}, ((3, 7), (np.int64(21), 17)): {'bw': 27}, ((3, 8), (np.int64(21), 28)): {'bw': 24}, ((3, 8), (28, np.int64(90))): {'bw': 24}, ((4, 5), (np.int64(4), 54)): {'bw': 38}, ((4, 5), (54, np.int64(5))): {'bw': 38}, ((4, 6), (np.int64(4), 54)): {'bw': 47}, ((4, 6), (54, np.int64(72))): {'bw': 47}, ((4, 7), (np.int64(4), 17)): {'bw': 12}, ((5, 8), (np.int64(5), 90)): {'bw': 47}, ((6, 8), (np.int64(72), 32)): {'bw': 33}, ((6, 8), (32, np.int64(90))): {'bw': 33}, ((7, 8), (np.int64(17), 27)): {'bw': 13}, ((7, 8), (27, np.int64(90))): {'bw': 13}}",1009.0,703.0,703.0,75.0,628.0,75.0,628.0,75.0,934.0,306.0,0.6967294350842418,252805.10140561682,176136.75548874986,174.56566450817627,Success,0.0,"{'node_level': {}, 'link_level': {}, 'path_level': {}}","{'node_level': {4: {'cpu': -53}, 0: {'cpu': -43}, 5: {'cpu': -43}, 7: {'cpu': -27}, 1: {'cpu': -63}, 8: {'cpu': -64}, 2: {'cpu': -59}, 3: {'cpu': -40}, 6: {'cpu': -60}}, 'link_level': {(0, 1): {'bw': -14}, (0, 4): {'bw': -36}, (0, 6): {'bw': -51}, (0, 7): {'bw': -3}, (0, 8): {'bw': -6}, (1, 2): {'bw': -50}, (1, 3): {'bw': -46}, (1, 4): {'bw': -30}, (1, 7): {'bw': -32}, (2, 5): {'bw': -33}, (2, 6): {'bw': -18}, (2, 7): {'bw': -25}, (3, 7): {'bw': -37}, (3, 8): {'bw': -44}, (4, 5): {'bw': -36}, (4, 6): {'bw': -10}, (4, 7): {'bw': -18}, (5, 8): {'bw': -23}, (6, 8): {'bw': -45}, (7, 8): {'bw': -45}}, 'path_level': {(0, 1): {'latency': -5.095409984680119}, (0, 4): {'latency': -3.368962820862143}, (0, 6): {'latency': -11.473733205085193}, (0, 7): {'latency': -8.164518478082922}, (0, 8): {'latency': -1.744360900983894}, (1, 2): {'latency': -0.10269226769542206}, (1, 3): {'latency': -9.46286684125909}, (1, 4): {'latency': -1.8005741728794398}, (1, 7): {'latency': -1.3306584763039466}, (2, 5): {'latency': -0.7341310909253798}, (2, 6): {'latency': -12.13385322264956}, (2, 7): {'latency': -2.524015288242712}, (3, 7): {'latency': -10.042902144223454}, (3, 8): {'latency': -8.657458614091258}, (4, 5): {'latency': -0.121315391229329}, (4, 6): {'latency': -1.2155864012594146}, (4, 7): {'latency': -12.426125695470162}, (5, 8): {'latency': -2.8875230498347375}, (6, 8): {'latency': -7.773023326943254}, (7, 8): {'latency': -2.8192610397730107}}}","{'node_level': {4: {'cpu': 0}, 0: {'cpu': 0}, 5: {'cpu': 0}, 7: {'cpu': 0}, 1: {'cpu': 0}, 8: {'cpu': 0}, 2: {'cpu': 0}, 3: {'cpu': 0}, 6: {'cpu': 0}}, 'link_level': {(0, 1): {'bw': 0}, (0, 4): {'bw': 0}, (0, 6): {'bw': 0}, (0, 7): {'bw': 0}, (0, 8): {'bw': 0}, (1, 2): {'bw': 0}, (1, 3): {'bw': 0}, (1, 4): {'bw': 0}, (1, 7): {'bw': 0}, (2, 5): {'bw': 0}, (2, 6): {'bw': 0}, (2, 7): {'bw': 0}, (3, 7): {'bw': 0}, (3, 8): {'bw': 0}, (4, 5): {'bw': 0}, (4, 6): {'bw': 0}, (4, 7): {'bw': 0}, (5, 8): {'bw': 0}, (6, 8): {'bw': 0}, (7, 8): {'bw': 0}}, 'path_level': {(0, 1): {'latency': 0}, (0, 4): {'latency': 0}, (0, 6): {'latency': 0}, (0, 7): {'latency': 0}, (0, 8): {'latency': 0}, (1, 2): {'latency': 0}, (1, 3): {'latency': 0}, (1, 4): {'latency': 0}, (1, 7): {'latency': 0}, (2, 5): {'latency': 0}, (2, 6): {'latency': 0}, (2, 7): {'latency': 0}, (3, 7): {'latency': 0}, (3, 8): {'latency': 0}, (4, 5): {'latency': 0}, (4, 6): {'latency': 0}, (4, 7): {'latency': 0}, (5, 8): {'latency': 0}, (6, 8): {'latency': 0}, (7, 8): {'latency': 0}}}",[],0.0,0.0,True,True,False,0,[],0,0.0,9.0,20.0
100,38,16,6558.0,8560.0,3038486.893346604,3840624.7629803256,0.7661214953271028,0.7911439103956455,42,159,0,1235.4024943347042,37950,6912,31038,0.09765013054830285,0.09240306450669633,96,49.40249433470425,1186.0,6,9,False,{},{},{},{},0.0,0.0,0.0,0.0,0.0,0.0,0.0,0.0,0.0,0.0,0.0,0.0,0.0,0.0,Leave Event,0.0,"{'node_level': {}, 'link_level': {}, 'path_level': {}}","{'node_level': {}, 'link_level': {}, 'path_level': {}}","{'node_level': {}, 'link_level': {}, 'path_level': {}}",[],0.0,0.0,True,True,False,0,[],0,0.0,,
100,38,16,6558.0,8560.0,3038486.893346604,3840624.7629803256,0.7661214953271028,0.7911439103956455,42,160,0,1236.2355836360514,37950,6912,31038,0.09765013054830285,0.09240306450669633,95,54.23558363605139,1182.0,10,18,False,{},{},{},{},0.0,0.0,0.0,0.0,0.0,0.0,0.0,0.0,0.0,0.0,0.0,0.0,0.0,0.0,Leave Event,0.0,"{'node_level': {}, 'link_level': {}, 'path_level': {}}","{'node_level': {}, 'link_level': {}, 'path_level': {}}","{'node_level': {}, 'link_level': {}, 'path_level': {}}",[],0.0,0.0,True,True,False,0,[],0,0.0,,
100,38,16,6558.0,8560.0,3038486.893346604,3840624.7629803256,0.7661214953271028,0.7911439103956455,42,161,0,1237.8892740532426,37950,6912,31038,0.09765013054830285,0.09240306450669633,13,1084.8892740532426,153.0,8,13,False,{},{},{},{},0.0,0.0,0.0,0.0,0.0,0.0,0.0,0.0,0.0,0.0,0.0,0.0,0.0,0.0,Leave Event,0.0,"{'node_level': {}, 'link_level': {}, 'path_level': {}}","{'node_level': {}, 'link_level': {}, 'path_level': {}}","{'node_level': {}, 'link_level': {}, 'path_level': {}}",[],0.0,0.0,True,True,False,0,[],0,0.0,,
100,38,15,6558.0,8560.0,3038486.893346604,3840624.7629803256,0.7661214953271028,0.7911439103956455,42,162,0,1251.4073694893684,38532,6986,31546,0.0879895561357702,0.0775483946429616,79,274.40736948936836,977.0,8,12,False,{},{},{},{},0.0,0.0,0.0,0.0,0.0,0.0,0.0,0.0,0.0,0.0,0.0,0.0,0.0,0.0,Leave Event,0.0,"{'node_level': {}, 'link_level': {}, 'path_level': {}}","{'node_level': {}, 'link_level': {}, 'path_level': {}}","{'node_level': {}, 'link_level': {}, 'path_level': {}}",[],0.0,0.0,True,True,False,0,[],0,0.0,,
100,38,15,6558.0,8560.0,3038486.893346604,3840624.7629803256,0.7661214953271028,0.7911439103956455,42,163,0,1304.9441220081633,38532,6986,31546,0.0879895561357702,0.0775483946429616,21,1046.9441220081633,258.0,8,16,False,{},{},{},{},0.0,0.0,0.0,0.0,0.0,0.0,0.0,0.0,0.0,0.0,0.0,0.0,0.0,0.0,Leave Event,0.0,"{'node_level': {}, 'link_level': {}, 'path_level': {}}","{'node_level': {}, 'link_level': {}, 'path_level': {}}","{'node_level': {}, 'link_level': {}, 'path_level': {}}",[],0.0,0.0,True,True,False,0,[],0,0.0,,
100,38,14,6558.0,8560.0,3038486.893346604,3840624.7629803256,0.7661214953271028,0.7911439103956455,42,164,0,1324.42400887347,38577,7019,31558,0.08368146214099215,0.07719749692964506,98,108.42400887346996,1216.0,2,1,False,{},{},{},{},0.0,0.0,0.0,0.0,0.0,0.0,0.0,0.0,0.0,0.0,0.0,0.0,0.0,0.0,Leave Event,0.0,"{'node_level': {}, 'link_level': {}, 'path_level': {}}","{'node_level': {}, 'link_level': {}, 'path_level': {}}","{'node_level': {}, 'link_level': {}, 'path_level': {}}",[],0.0,0.0,True,True,False,0,[],0,0.0,,
100,38,14,6558.0,8560.0,3038486.893346604,3840624.7629803256,0.7661214953271028,0.7911439103956455,42,165,0,1324.9773938488,38577,7019,31558,0.08368146214099215,0.07719749692964506,91,187.9773938487999,1137.0,9,22,False,{},{},{},{},0.0,0.0,0.0,0.0,0.0,0.0,0.0,0.0,0.0,0.0,0.0,0.0,0.0,0.0,Leave Event,0.0,"{'node_level': {}, 'link_level': {}, 'path_level': {}}","{'node_level': {}, 'link_level': {}, 'path_level': {}}","{'node_level': {}, 'link_level': {}, 'path_level': {}}",[],0.0,0.0,True,True,False,0,[],0,0.0,,
100,38,14,6558.0,8560.0,3038486.893346604,3840624.7629803256,0.7661214953271028,0.7911439103956455,42,166,0,1350.7764327387954,38577,7019,31558,0.08368146214099215,0.07719749692964506,88,259.7764327387954,1091.0,8,14,False,{},{},{},{},0.0,0.0,0.0,0.0,0.0,0.0,0.0,0.0,0.0,0.0,0.0,0.0,0.0,0.0,Leave Event,0.0,"{'node_level': {}, 'link_level': {}, 'path_level': {}}","{'node_level': {}, 'link_level': {}, 'path_level': {}}","{'node_level': {}, 'link_level': {}, 'path_level': {}}",[],0.0,0.0,True,True,False,0,[],0,0.0,,
100,38,14,6558.0,8560.0,3038486.893346604,3840624.7629803256,0.7661214953271028,0.7911439103956455,42,167,0,1352.4850820483246,38577,7019,31558,0.08368146214099215,0.07719749692964506,97,154.48508204832453,1198.0,6,8,False,{},{},{},{},0.0,0.0,0.0,0.0,0.0,0.0,0.0,0.0,0.0,0.0,0.0,0.0,0.0,0.0,Leave Event,0.0,"{'node_level': {}, 'link_level': {}, 'path_level': {}}","{'node_level': {}, 'link_level': {}, 'path_level': {}}","{'node_level': {}, 'link_level': {}, 'path_level': {}}",[],0.0,0.0,True,True,False,0,[],0,0.0,,
100,38,13,6558.0,8560.0,3038486.893346604,3840624.7629803256,0.7661214953271028,0.7911439103956455,42,168,0,1364.3940362653423,38675,7062,31613,0.07806788511749352,0.07558921574361077,86,300.3940362653423,1064.0,3,2,False,{},{},{},{},0.0,0.0,0.0,0.0,0.0,0.0,0.0,0.0,0.0,0.0,0.0,0.0,0.0,0.0,Leave Event,0.0,"{'node_level': {}, 'link_level': {}, 'path_level': {}}","{'node_level': {}, 'link_level': {}, 'path_level': {}}","{'node_level': {}, 'link_level': {}, 'path_level': {}}",[],0.0,0.0,True,True,False,0,[],0,0.0,,
100,38,12,6558.0,8560.0,3038486.893346604,3840624.7629803256,0.7661214953271028,0.7911439103956455,42,169,0,1413.2160171223707,38786,7081,31705,0.07558746736292432,0.07289899994151705,87,331.2160171223706,1082.0,3,3,False,{},{},{},{},0.0,0.0,0.0,0.0,0.0,0.0,0.0,0.0,0.0,0.0,0.0,0.0,0.0,0.0,Leave Event,0.0,"{'node_level': {}, 'link_level': {}, 'path_level': {}}","{'node_level': {}, 'link_level': {}, 'path_level': {}}","{'node_level': {}, 'link_level': {}, 'path_level': {}}",[],0.0,0.0,True,True,False,0,[],0,0.0,,
100,38,12,6558.0,8560.0,3038486.893346604,3840624.7629803256,0.7661214953271028,0.7911439103956455,42,170,0,1413.454495210449,38786,7081,31705,0.07558746736292432,0.07289899994151705,8,1311.454495210449,102.0,9,18,False,{},{},{},{},0.0,0.0,0.0,0.0,0.0,0.0,0.0,0.0,0.0,0.0,0.0,0.0,0.0,0.0,Leave Event,0.0,"{'node_level': {}, 'link_level': {}, 'path_level': {}}","{'node_level': {}, 'link_level': {}, 'path_level': {}}","{'node_level': {}, 'link_level': {}, 'path_level': {}}",[],0.0,0.0,True,True,False,0,[],0,0.0,,
100,38,12,6558.0,8560.0,3038486.893346604,3840624.7629803256,0.7661214953271028,0.7911439103956455,42,171,0,1420.9479711088143,38786,7081,31705,0.07558746736292432,0.07289899994151705,73,525.9479711088144,895.0,7,14,False,{},{},{},{},0.0,0.0,0.0,0.0,0.0,0.0,0.0,0.0,0.0,0.0,0.0,0.0,0.0,0.0,Leave Event,0.0,"{'node_level': {}, 'link_level': {}, 'path_level': {}}","{'node_level': {}, 'link_level': {}, 'path_level': {}}","{'node_level': {}, 'link_level': {}, 'path_level': {}}",[],0.0,0.0,True,True,False,0,[],0,0.0,,
100,38,12,6558.0,8560.0,3038486.893346604,3840624.7629803256,0.7661214953271028,0.7911439103956455,42,172,0,1423.8425095824755,38786,7081,31705,0.07558746736292432,0.07289899994151705,63,653.8425095824754,770.0,10,21,False,{},{},{},{},0.0,0.0,0.0,0.0,0.0,0.0,0.0,0.0,0.0,0.0,0.0,0.0,0.0,0.0,Leave Event,0.0,"{'node_level': {}, 'link_level': {}, 'path_level': {}}","{'node_level': {}, 'link_level': {}, 'path_level': {}}","{'node_level': {}, 'link_level': {}, 'path_level': {}}",[],0.0,0.0,True,True,False,0,[],0,0.0,,
100,38,12,6558.0,8560.0,3038486.893346604,3840624.7629803256,0.7661214953271028,0.7911439103956455,42,173,0,1454.6289627077263,38786,7081,31705,0.07558746736292432,0.07289899994151705,5,1384.6289627077263,70.0,10,14,False,{},{},{},{},0.0,0.0,0.0,0.0,0.0,0.0,0.0,0.0,0.0,0.0,0.0,0.0,0.0,0.0,Leave Event,0.0,"{'node_level': {}, 'link_level': {}, 'path_level': {}}","{'node_level': {}, 'link_level': {}, 'path_level': {}}","{'node_level': {}, 'link_level': {}, 'path_level': {}}",[],0.0,0.0,True,True,False,0,[],0,0.0,,
100,38,12,6558.0,8560.0,3038486.893346604,3840624.7629803256,0.7661214953271028,0.7911439103956455,42,174,0,1461.1090623122905,38786,7081,31705,0.07558746736292432,0.07289899994151705,81,454.1090623122906,1007.0,10,21,False,{},{},{},{},0.0,0.0,0.0,0.0,0.0,0.0,0.0,0.0,0.0,0.0,0.0,0.0,0.0,0.0,Leave Event,0.0,"{'node_level': {}, 'link_level': {}, 'path_level': {}}","{'node_level': {}, 'link_level': {}, 'path_level': {}}","{'node_level': {}, 'link_level': {}, 'path_level': {}}",[],0.0,0.0,True,True,False,0,[],0,0.0,,
100,38,11,6558.0,8560.0,3038486.893346604,3840624.7629803256,0.7661214953271028,0.7911439103956455,42,175,0,1476.5501500551206,39795,7156,32639,0.0657963446475196,0.045587461255044204,99,250.55015005512072,1226.0,9,20,False,{},{},{},{},0.0,0.0,0.0,0.0,0.0,0.0,0.0,0.0,0.0,0.0,0.0,0.0,0.0,0.0,Leave Event,0.0,"{'node_level': {}, 'link_level': {}, 'path_level': {}}","{'node_level': {}, 'link_level': {}, 'path_level': {}}","{'node_level': {}, 'link_level': {}, 'path_level': {}}",[],0.0,0.0,True,True,False,0,[],0,0.0,,
100,38,11,6558.0,8560.0,3038486.893346604,3840624.7629803256,0.7661214953271028,0.7911439103956455,42,176,0,1500.4792357692336,39795,7156,32639,0.0657963446475196,0.045587461255044204,77,551.4792357692336,949.0,6,8,False,{},{},{},{},0.0,0.0,0.0,0.0,0.0,0.0,0.0,0.0,0.0,0.0,0.0,0.0,0.0,0.0,Leave Event,0.0,"{'node_level': {}, 'link_level': {}, 'path_level': {}}","{'node_level': {}, 'link_level': {}, 'path_level': {}}","{'node_level': {}, 'link_level': {}, 'path_level': {}}",[],0.0,0.0,True,True,False,0,[],0,0.0,,
100,38,11,6558.0,8560.0,3038486.893346604,3840624.7629803256,0.7661214953271028,0.7911439103956455,42,177,0,1521.9181570064889,39795,7156,32639,0.0657963446475196,0.045587461255044204,67,700.9181570064889,821.0,6,5,False,{},{},{},{},0.0,0.0,0.0,0.0,0.0,0.0,0.0,0.0,0.0,0.0,0.0,0.0,0.0,0.0,Leave Event,0.0,"{'node_level': {}, 'link_level': {}, 'path_level': {}}","{'node_level': {}, 'link_level': {}, 'path_level': {}}","{'node_level': {}, 'link_level': {}, 'path_level': {}}",[],0.0,0.0,True,True,False,0,[],0,0.0,,
100,38,10,6558.0,8560.0,3038486.893346604,3840624.7629803256,0.7661214953271028,0.7911439103956455,42,178,0,1532.5734048571512,39842,7181,32661,0.06253263707571799,0.044944148780630466,57,832.5734048571513,700.0,2,1,False,{},{},{},{},0.0,0.0,0.0,0.0,0.0,0.0,0.0,0.0,0.0,0.0,0.0,0.0,0.0,0.0,Leave Event,0.0,"{'node_level': {}, 'link_level': {}, 'path_level': {}}","{'node_level': {}, 'link_level': {}, 'path_level': {}}","{'node_level': {}, 'link_level': {}, 'path_level': {}}",[],0.0,0.0,True,True,False,0,[],0,0.0,,
100,38,10,6558.0,8560.0,3038486.893346604,3840624.7629803256,0.7661214953271028,0.7911439103956455,42,179,0,1612.5473794887002,39842,7181,32661,0.06253263707571799,0.044944148780630466,71,743.5473794887002,869.0,10,31,False,{},{},{},{},0.0,0.0,0.0,0.0,0.0,0.0,0.0,0.0,0.0,0.0,0.0,0.0,0.0,0.0,Leave Event,0.0,"{'node_level': {}, 'link_level': {}, 'path_level': {}}","{'node_level': {}, 'link_level': {}, 'path_level': {}}","{'node_level': {}, 'link_level': {}, 'path_level': {}}",[],0.0,0.0,True,True,False,0,[],0,0.0,,
100,38,9,6558.0,8560.0,3038486.893346604,3840624.7629803256,0.7661214953271028,0.7911439103956455,42,180,0,1639.5500914246238,39949,7216,32733,0.0579634464751958,0.04283876250073104,32,1247.5500914246238,392.0,3,2,False,{},{},{},{},0.0,0.0,0.0,0.0,0.0,0.0,0.0,0.0,0.0,0.0,0.0,0.0,0.0,0.0,Leave Event,0.0,"{'node_level': {}, 'link_level': {}, 'path_level': {}}","{'node_level': {}, 'link_level': {}, 'path_level': {}}","{'node_level': {}, 'link_level': {}, 'path_level': {}}",[],0.0,0.0,True,True,False,0,[],0,0.0,,
100,38,9,6558.0,8560.0,3038486.893346604,3840624.7629803256,0.7661214953271028,0.7911439103956455,42,181,0,1640.2453056793,39949,7216,32733,0.0579634464751958,0.04283876250073104,85,585.2453056792999,1055.0,8,12,False,{},{},{},{},0.0,0.0,0.0,0.0,0.0,0.0,0.0,0.0,0.0,0.0,0.0,0.0,0.0,0.0,Leave Event,0.0,"{'node_level': {}, 'link_level': {}, 'path_level': {}}","{'node_level': {}, 'link_level': {}, 'path_level': {}}","{'node_level': {}, 'link_level': {}, 'path_level': {}}",[],0.0,0.0,True,True,False,0,[],0,0.0,,
100,38,9,6558.0,8560.0,3038486.893346604,3840624.7629803256,0.7661214953271028,0.7911439103956455,42,182,0,1652.3789554898487,39949,7216,32733,0.0579634464751958,0.04283876250073104,22,1383.3789554898487,269.0,10,22,False,{},{},{},{},0.0,0.0,0.0,0.0,0.0,0.0,0.0,0.0,0.0,0.0,0.0,0.0,0.0,0.0,Leave Event,0.0,"{'node_level': {}, 'link_level': {}, 'path_level': {}}","{'node_level': {}, 'link_level': {}, 'path_level': {}}","{'node_level': {}, 'link_level': {}, 'path_level': {}}",[],0.0,0.0,True,True,False,0,[],0,0.0,,
100,38,8,6558.0,8560.0,3038486.893346604,3840624.7629803256,0.7661214953271028,0.7911439103956455,42,183,0,1658.7800831544496,40098,7255,32843,0.05287206266318534,0.039622200128662466,72,774.7800831544495,884.0,3,2,False,{},{},{},{},0.0,0.0,0.0,0.0,0.0,0.0,0.0,0.0,0.0,0.0,0.0,0.0,0.0,0.0,Leave Event,0.0,"{'node_level': {}, 'link_level': {}, 'path_level': {}}","{'node_level': {}, 'link_level': {}, 'path_level': {}}","{'node_level': {}, 'link_level': {}, 'path_level': {}}",[],0.0,0.0,True,True,False,0,[],0,0.0,,
100,38,8,6558.0,8560.0,3038486.893346604,3840624.7629803256,0.7661214953271028,0.7911439103956455,42,184,0,1691.478078397653,40098,7255,32843,0.05287206266318534,0.039622200128662466,84,650.478078397653,1041.0,7,10,False,{},{},{},{},0.0,0.0,0.0,0.0,0.0,0.0,0.0,0.0,0.0,0.0,0.0,0.0,0.0,0.0,Leave Event,0.0,"{'node_level': {}, 'link_level': {}, 'path_level': {}}","{'node_level': {}, 'link_level': {}, 'path_level': {}}","{'node_level': {}, 'link_level': {}, 'path_level': {}}",[],0.0,0.0,True,True,False,0,[],0,0.0,,
100,38,7,6558.0,8560.0,3038486.893346604,3840624.7629803256,0.7661214953271028,0.7911439103956455,42,185,0,1700.0195351897432,40282,7317,32965,0.04477806788511751,0.036054740043277356,46,1135.0195351897432,565.0,5,5,False,{},{},{},{},0.0,0.0,0.0,0.0,0.0,0.0,0.0,0.0,0.0,0.0,0.0,0.0,0.0,0.0,Leave Event,0.0,"{'node_level': {}, 'link_level': {}, 'path_level': {}}","{'node_level': {}, 'link_level': {}, 'path_level': {}}","{'node_level': {}, 'link_level': {}, 'path_level': {}}",[],0.0,0.0,True,True,False,0,[],0,0.0,,
100,38,6,6558.0,8560.0,3038486.893346604,3840624.7629803256,0.7661214953271028,0.7911439103956455,42,186,0,1718.6334908902063,40407,7367,33040,0.0382506527415144,0.03386162933504888,83,691.6334908902063,1027.0,5,5,False,{},{},{},{},0.0,0.0,0.0,0.0,0.0,0.0,0.0,0.0,0.0,0.0,0.0,0.0,0.0,0.0,Leave Event,0.0,"{'node_level': {}, 'link_level': {}, 'path_level': {}}","{'node_level': {}, 'link_level': {}, 'path_level': {}}","{'node_level': {}, 'link_level': {}, 'path_level': {}}",[],0.0,0.0,True,True,False,0,[],0,0.0,,
100,38,6,6558.0,8560.0,3038486.893346604,3840624.7629803256,0.7661214953271028,0.7911439103956455,42,187,0,1722.6689821840057,40407,7367,33040,0.0382506527415144,0.03386162933504888,44,1173.6689821840057,549.0,4,4,False,{},{},{},{},0.0,0.0,0.0,0.0,0.0,0.0,0.0,0.0,0.0,0.0,0.0,0.0,0.0,0.0,Leave Event,0.0,"{'node_level': {}, 'link_level': {}, 'path_level': {}}","{'node_level': {}, 'link_level': {}, 'path_level': {}}","{'node_level': {}, 'link_level': {}, 'path_level': {}}",[],0.0,0.0,True,True,False,0,[],0,0.0,,
100,38,5,6558.0,8560.0,3038486.893346604,3840624.7629803256,0.7661214953271028,0.7911439103956455,42,188,0,1749.8423660019178,40473,7392,33081,0.03498694516971279,0.03266272881455057,33,1341.8423660019178,408.0,2,1,False,{},{},{},{},0.0,0.0,0.0,0.0,0.0,0.0,0.0,0.0,0.0,0.0,0.0,0.0,0.0,0.0,Leave Event,0.0,"{'node_level': {}, 'link_level': {}, 'path_level': {}}","{'node_level': {}, 'link_level': {}, 'path_level': {}}","{'node_level': {}, 'link_level': {}, 'path_level': {}}",[],0.0,0.0,True,True,False,0,[],0,0.0,,
100,38,5,6558.0,8560.0,3038486.893346604,3840624.7629803256,0.7661214953271028,0.7911439103956455,42,189,0,1765.6209258740134,40473,7392,33081,0.03498694516971279,0.03266272881455057,60,1021.6209258740134,744.0,5,4,False,{},{},{},{},0.0,0.0,0.0,0.0,0.0,0.0,0.0,0.0,0.0,0.0,0.0,0.0,0.0,0.0,Leave Event,0.0,"{'node_level': {}, 'link_level': {}, 'path_level': {}}","{'node_level': {}, 'link_level': {}, 'path_level': {}}","{'node_level': {}, 'link_level': {}, 'path_level': {}}",[],0.0,0.0,True,True,False,0,[],0,0.0,,
100,38,4,6558.0,8560.0,3038486.893346604,3840624.7629803256,0.7661214953271028,0.7911439103956455,42,190,0,1853.028810460358,40732,7469,33263,0.024934725848563932,0.027340780162582567,11,1716.028810460358,137.0,6,6,False,{},{},{},{},0.0,0.0,0.0,0.0,0.0,0.0,0.0,0.0,0.0,0.0,0.0,0.0,0.0,0.0,Leave Event,0.0,"{'node_level': {}, 'link_level': {}, 'path_level': {}}","{'node_level': {}, 'link_level': {}, 'path_level': {}}","{'node_level': {}, 'link_level': {}, 'path_level': {}}",[],0.0,0.0,True,True,False,0,[],0,0.0,,
100,38,4,6558.0,8560.0,3038486.893346604,3840624.7629803256,0.7661214953271028,0.7911439103956455,42,191,0,1896.8412983709384,40732,7469,33263,0.024934725848563932,0.027340780162582567,61,1141.8412983709384,755.0,10,17,False,{},{},{},{},0.0,0.0,0.0,0.0,0.0,0.0,0.0,0.0,0.0,0.0,0.0,0.0,0.0,0.0,Leave Event,0.0,"{'node_level': {}, 'link_level': {}, 'path_level': {}}","{'node_level': {}, 'link_level': {}, 'path_level': {}}","{'node_level': {}, 'link_level': {}, 'path_level': {}}",[],0.0,0.0,True,True,False,0,[],0,0.0,,
100,38,4,6558.0,8560.0,3038486.893346604,3840624.7629803256,0.7661214953271028,0.7911439103956455,42,192,0,1901.147460785588,40732,7469,33263,0.024934725848563932,0.027340780162582567,65,1108.147460785588,793.0,9,22,False,{},{},{},{},0.0,0.0,0.0,0.0,0.0,0.0,0.0,0.0,0.0,0.0,0.0,0.0,0.0,0.0,Leave Event,0.0,"{'node_level': {}, 'link_level': {}, 'path_level': {}}","{'node_level': {}, 'link_level': {}, 'path_level': {}}","{'node_level': {}, 'link_level': {}, 'path_level': {}}",[],0.0,0.0,True,True,False,0,[],0,0.0,,
100,38,3,6558.0,8560.0,3038486.893346604,3840624.7629803256,0.7661214953271028,0.7911439103956455,42,193,0,1985.835363746077,41031,7519,33512,0.018407310704960822,0.020059652611263856,53,1339.835363746077,646.0,4,5,False,{},{},{},{},0.0,0.0,0.0,0.0,0.0,0.0,0.0,0.0,0.0,0.0,0.0,0.0,0.0,0.0,Leave Event,0.0,"{'node_level': {}, 'link_level': {}, 'path_level': {}}","{'node_level': {}, 'link_level': {}, 'path_level': {}}","{'node_level': {}, 'link_level': {}, 'path_level': {}}",[],0.0,0.0,True,True,False,0,[],0,0.0,,
100,38,3,6558.0,8560.0,3038486.893346604,3840624.7629803256,0.7661214953271028,0.7911439103956455,42,194,0,2034.6073770258297,41031,7519,33512,0.018407310704960822,0.020059652611263856,54,1373.6073770258297,661.0,9,18,False,{},{},{},{},0.0,0.0,0.0,0.0,0.0,0.0,0.0,0.0,0.0,0.0,0.0,0.0,0.0,0.0,Leave Event,0.0,"{'node_level': {}, 'link_level': {}, 'path_level': {}}","{'node_level': {}, 'link_level': {}, 'path_level': {}}","{'node_level': {}, 'link_level': {}, 'path_level': {}}",[],0.0,0.0,True,True,False,0,[],0,0.0,,
100,38,3,6558.0,8560.0,3038486.893346604,3840624.7629803256,0.7661214953271028,0.7911439103956455,42,195,0,2038.102256157356,41031,7519,33512,0.018407310704960822,0.020059652611263856,80,1048.102256157356,990.0,8,12,False,{},{},{},{},0.0,0.0,0.0,0.0,0.0,0.0,0.0,0.0,0.0,0.0,0.0,0.0,0.0,0.0,Leave Event,0.0,"{'node_level': {}, 'link_level': {}, 'path_level': {}}","{'node_level': {}, 'link_level': {}, 'path_level': {}}","{'node_level': {}, 'link_level': {}, 'path_level': {}}",[],0.0,0.0,True,True,False,0,[],0,0.0,,
100,38,2,6558.0,8560.0,3038486.893346604,3840624.7629803256,0.7661214953271028,0.7911439103956455,42,196,0,2240.265267639189,41720,7601,34119,0.00770234986945173,0.0023100766126673555,93,1077.265267639189,1163.0,9,15,False,{},{},{},{},0.0,0.0,0.0,0.0,0.0,0.0,0.0,0.0,0.0,0.0,0.0,0.0,0.0,0.0,Leave Event,0.0,"{'node_level': {}, 'link_level': {}, 'path_level': {}}","{'node_level': {}, 'link_level': {}, 'path_level': {}}","{'node_level': {}, 'link_level': {}, 'path_level': {}}",[],0.0,0.0,True,True,False,0,[],0,0.0,,
100,38,1,6558.0,8560.0,3038486.893346604,3840624.7629803256,0.7661214953271028,0.7911439103956455,42,197,0,2626.9691086083185,41755,7603,34152,0.007441253263707592,0.0013451079010468048,89,1517.9691086083183,1109.0,2,1,False,{},{},{},{},0.0,0.0,0.0,0.0,0.0,0.0,0.0,0.0,0.0,0.0,0.0,0.0,0.0,0.0,Leave Event,0.0,"{'node_level': {}, 'link_level': {}, 'path_level': {}}","{'node_level': {}, 'link_level': {}, 'path_level': {}}","{'node_level': {}, 'link_level': {}, 'path_level': {}}",[],0.0,0.0,True,True,False,0,[],0,0.0,,
100,38,1,6558.0,8560.0,3038486.893346604,3840624.7629803256,0.7661214953271028,0.7911439103956455,42,198,0,3455.465490617315,41755,7603,34152,0.007441253263707592,0.0013451079010468048,92,2308.465490617315,1147.0,7,12,False,{},{},{},{},0.0,0.0,0.0,0.0,0.0,0.0,0.0,0.0,0.0,0.0,0.0,0.0,0.0,0.0,Leave Event,0.0,"{'node_level': {}, 'link_level': {}, 'path_level': {}}","{'node_level': {}, 'link_level': {}, 'path_level': {}}","{'node_level': {}, 'link_level': {}, 'path_level': {}}",[],0.0,0.0,True,True,False,0,[],0,0.0,,
100,38,0,6558.0,8560.0,3038486.893346604,3840624.7629803256,0.7661214953271028,0.7911439103956455,42,199,0,3901.8897141594107,41858,7660,34198,0.0,0.0,75,2976.8897141594107,925.0,4,3,False,{},{},{},{},0.0,0.0,0.0,0.0,0.0,0.0,0.0,0.0,0.0,0.0,0.0,0.0,0.0,0.0,Leave Event,0.0,"{'node_level': {}, 'link_level': {}, 'path_level': {}}","{'node_level': {}, 'link_level': {}, 'path_level': {}}","{'node_level': {}, 'link_level': {}, 'path_level': {}}",[],0.0,0.0,True,True,False,0,[],0,0.0,,
