v_net_count,success_count,inservice_count,total_revenue,total_cost,total_time_revenue,total_time_cost,long_term_r2c_ratio,long_term_time_r2c_ratio,num_running_p_net_nodes,event_id,event_type,event_time,p_net_available_resource,p_net_node_available_resource,p_net_link_available_resource,p_net_node_resource_utilization,p_net_link_resource_utilization,v_net_id,v_net_lifetime,v_net_arrival_time,v_net_num_nodes,v_net_num_egdes,result,node_slots,link_paths,node_slots_info,link_paths_info,v_net_cost,v_net_revenue,v_net_demand,v_net_node_demand,v_net_link_demand,v_net_node_revenue,v_net_link_revenue,v_net_node_cost,v_net_link_cost,v_net_path_cost,v_net_r2c_ratio,v_net_time_cost,v_net_time_revenue,v_net_time_rc_ratio,description,v_net_total_hard_constraint_violation,v_net_single_step_constraint_offset,v_net_constraint_offsets,v_net_constraint_violations,v_net_single_step_violation_list,v_net_single_step_hard_constraint_offset,v_net_max_single_step_hard_constraint_violation,place_result,route_result,early_rejection,revoke_times,selected_actions,num_interactions,v_net_reward,rdma_mode,fallback_count,rdma_link_count,num_placed_nodes,num_routed_links
1,1,1,255.0,397.0,148776.37322144362,231624.39281926714,0.6423173803526449,0.6423173803526447,7,0,1,16.0,46452.0,7177,39275.0,0.010478422721632463,0.008106879482775997,0,583.4367577311515,16.0,7,8,True,"{0: np.int64(18), 4: np.int64(60), 3: np.int64(1), 1: np.int64(72), 2: np.int64(5), 5: np.int64(91), 6: np.int64(32)}","{(0, 3): [(np.int64(18), 77), (77, np.int64(1))], (0, 4): [(np.int64(18), 46), (46, np.int64(60))], (1, 4): [(np.int64(72), 89), (89, np.int64(60))], (2, 4): [(np.int64(5), 60)], (5, 6): [(np.int64(91), 36), (36, np.int64(32))], (1, 3): [(np.int64(72), 1)], (3, 4): [(np.int64(1), 77), (77, 3), (3, np.int64(60))], (0, 6): [(np.int64(18), 32)]}","{(0, np.int64(18)): {'cpu': 13}, (4, np.int64(60)): {'cpu': 8}, (3, np.int64(1)): {'cpu': 9}, (1, np.int64(72)): {'cpu': 11}, (2, np.int64(5)): {'cpu': 15}, (5, np.int64(91)): {'cpu': 14}, (6, np.int64(32)): {'cpu': 6}}","{((0, 3), (np.int64(18), 77)): {'bw': 48.0}, ((0, 3), (77, np.int64(1))): {'bw': 48.0}, ((0, 4), (np.int64(18), 46)): {'bw': 43.0}, ((0, 4), (46, np.int64(60))): {'bw': 43.0}, ((1, 4), (np.int64(72), 89)): {'bw': 28.0}, ((1, 4), (89, np.int64(60))): {'bw': 28.0}, ((2, 4), (np.int64(5), 60)): {'bw': 26.0}, ((5, 6), (np.int64(91), 36)): {'bw': 15.0}, ((5, 6), (36, np.int64(32))): {'bw': 15.0}, ((1, 3), (np.int64(72), 1)): {'bw': 11.0}, ((3, 4), (np.int64(1), 77)): {'bw': 4.0}, ((3, 4), (77, 3)): {'bw': 4.0}, ((3, 4), (3, np.int64(60))): {'bw': 4.0}, ((0, 6), (np.int64(18), 32)): {'bw': 4.0}}",397.0,255.0,255.0,76.0,179.0,76.0,179.0,76.0,321.0,142.0,0.6423173803526449,231624.39281926714,148776.37322144362,374.7515698273139,Success,0.0,"{'node_level': {}, 'link_level': {}, 'path_level': {}}","{'node_level': {0: {'cpu': -76}, 4: {'cpu': -82}, 3: {'cpu': -88}, 1: {'cpu': -77}, 2: {'cpu': -74}, 5: {'cpu': -76}, 6: {'cpu': -91}}, 'link_level': {}, 'path_level': {}}","{'node_level': {0: {'cpu': 0}, 4: {'cpu': 0}, 3: {'cpu': 0}, 1: {'cpu': 0}, 2: {'cpu': 0}, 5: {'cpu': 0}, 6: {'cpu': 0}}, 'link_level': {}, 'path_level': {}}",[],0.0,0.0,True,True,False,0,[],0,0.0,"OrderedDict([((0, 3), 0), ((0, 4), 0), ((1, 4), 0), ((2, 4), 0), ((5, 6), 0), ((1, 3), 0), ((3, 4), 0), ((0, 6), 0)])",0.0,0.0,7.0,8.0
2,2,2,281.0,424.0,176391.4563584551,260301.59453847137,0.6627358490566038,0.6776426270888066,7,1,1,30.0,46425.0,7152,39273.0,0.013925272301116731,0.008157389635316648,1,1062.1185821927488,30.0,2,1,True,"{1: np.int64(18), 0: np.int64(1)}","{(0, 1): [(np.int64(1), 77), (77, np.int64(18))]}","{(1, np.int64(18)): {'cpu': 15}, (0, np.int64(1)): {'cpu': 10}}","{((0, 1), (np.int64(1), 77)): {'bw': 1.0}, ((0, 1), (77, np.int64(18))): {'bw': 1.0}}",27.0,26.0,26.0,25.0,1.0,25.0,1.0,25.0,2.0,1.0,0.9629629629629629,28677.20171920422,27615.08313701147,1022.7808569263507,Success,0.0,"{'node_level': {}, 'link_level': {}, 'path_level': {}}","{'node_level': {1: {'cpu': -61}, 0: {'cpu': -78}}, 'link_level': {}, 'path_level': {}}","{'node_level': {1: {'cpu': 0}, 0: {'cpu': 0}}, 'link_level': {}, 'path_level': {}}",[],0.0,0.0,True,True,False,0,[],0,0.0,"OrderedDict([((0, 1), 0)])",0.0,0.0,2.0,1.0
3,3,3,534.0,857.0,493136.2868516119,802398.4783469175,0.6231038506417736,0.6145777941498091,8,2,1,43.0,45992.0,7098,38894.0,0.021370467392803016,0.01772906354177195,2,1251.955851751608,43.0,5,6,True,"{1: np.int64(18), 4: np.int64(60), 3: np.int64(41), 0: np.int64(32), 2: np.int64(1)}","{(1, 4): [(np.int64(18), 32), (32, np.int64(60))], (0, 1): [(np.int64(32), 41), (41, np.int64(18))], (0, 3): [(np.int64(32), 68), (68, np.int64(41))], (3, 4): [(np.int64(41), 3), (3, np.int64(60))], (1, 3): [(np.int64(18), 41)], (2, 4): [(np.int64(1), 80), (80, np.int64(60))]}","{(1, np.int64(18)): {'cpu': 17}, (4, np.int64(60)): {'cpu': 14}, (3, np.int64(41)): {'cpu': 6}, (0, np.int64(32)): {'cpu': 4}, (2, np.int64(1)): {'cpu': 13}}","{((1, 4), (np.int64(18), 32)): {'bw': 50.0}, ((1, 4), (32, np.int64(60))): {'bw': 50.0}, ((0, 1), (np.int64(32), 41)): {'bw': 49.0}, ((0, 1), (41, np.int64(18))): {'bw': 49.0}, ((0, 3), (np.int64(32), 68)): {'bw': 46.0}, ((0, 3), (68, np.int64(41))): {'bw': 46.0}, ((3, 4), (np.int64(41), 3)): {'bw': 27.0}, ((3, 4), (3, np.int64(60))): {'bw': 27.0}, ((1, 3), (np.int64(18), 41)): {'bw': 19.0}, ((2, 4), (np.int64(1), 80)): {'bw': 8.0}, ((2, 4), (80, np.int64(60))): {'bw': 8.0}}",433.0,253.0,253.0,54.0,199.0,54.0,199.0,54.0,379.0,180.0,0.5842956120092379,542096.8838084462,316744.8304931568,731.5123106077524,Success,0.0,"{'node_level': {}, 'link_level': {}, 'path_level': {}}","{'node_level': {1: {'cpu': -44}, 4: {'cpu': -68}, 3: {'cpu': -58}, 0: {'cpu': -87}, 2: {'cpu': -65}}, 'link_level': {}, 'path_level': {}}","{'node_level': {1: {'cpu': 0}, 4: {'cpu': 0}, 3: {'cpu': 0}, 0: {'cpu': 0}, 2: {'cpu': 0}}, 'link_level': {}, 'path_level': {}}",[],0.0,0.0,True,True,False,0,[],0,0.0,"OrderedDict([((1, 4), 0), ((0, 1), 0), ((0, 3), 0), ((3, 4), 0), ((1, 3), 0), ((2, 4), 0)])",0.0,0.0,5.0,6.0
4,4,4,708.0,1194.0,514398.6913302634,843579.1123084436,0.592964824120603,0.609781209402658,11,3,1,52.0,45655.0,7072,38583.0,0.02495519095546672,0.025583392261844584,3,122.1977268888015,52.0,5,5,True,"{0: np.int64(5), 2: np.int64(7), 3: np.int64(98), 4: np.int64(30), 1: np.int64(91)}","{(1, 4): [(np.int64(91), 30)], (0, 2): [(np.int64(5), 15), (15, np.int64(7))], (0, 4): [(np.int64(5), 85), (85, np.int64(30))], (2, 4): [(np.int64(7), 70), (70, 37), (37, np.int64(30))], (2, 3): [(np.int64(7), 12), (12, 84), (84, np.int64(98))]}","{(0, np.int64(5)): {'cpu': 9}, (2, np.int64(7)): {'cpu': 6}, (3, np.int64(98)): {'cpu': 8}, (4, np.int64(30)): {'cpu': 1}, (1, np.int64(91)): {'cpu': 2}}","{((1, 4), (np.int64(91), 30)): {'bw': 36.0}, ((0, 2), (np.int64(5), 15)): {'bw': 34.0}, ((0, 2), (15, np.int64(7))): {'bw': 34.0}, ((0, 4), (np.int64(5), 85)): {'bw': 27.0}, ((0, 4), (85, np.int64(30))): {'bw': 27.0}, ((2, 4), (np.int64(7), 70)): {'bw': 25.0}, ((2, 4), (70, 37)): {'bw': 25.0}, ((2, 4), (37, np.int64(30))): {'bw': 25.0}, ((2, 3), (np.int64(7), 12)): {'bw': 26.0}, ((2, 3), (12, 84)): {'bw': 26.0}, ((2, 3), (84, np.int64(98))): {'bw': 26.0}}",337.0,174.0,174.0,26.0,148.0,26.0,148.0,26.0,311.0,163.0,0.516320474777448,41180.6339615261,21262.40447865146,63.093188363950915,Success,0.0,"{'node_level': {}, 'link_level': {}, 'path_level': {}}","{'node_level': {0: {'cpu': -65}, 2: {'cpu': -63}, 3: {'cpu': -55}, 4: {'cpu': -54}, 1: {'cpu': -74}}, 'link_level': {}, 'path_level': {}}","{'node_level': {0: {'cpu': 0}, 2: {'cpu': 0}, 3: {'cpu': 0}, 4: {'cpu': 0}, 1: {'cpu': 0}}, 'link_level': {}, 'path_level': {}}",[],0.0,0.0,True,True,False,0,[],0,0.0,"OrderedDict([((1, 4), 0), ((0, 2), 0), ((0, 4), 0), ((2, 4), 0), ((2, 3), 0)])",0.0,0.0,5.0,5.0
5,5,5,990.0,1587.0,631829.6274075108,1007232.8636501394,0.6238185255198487,0.6272925062411145,15,4,1,65.0,45262.0,6982,38280.0,0.03736384944161042,0.03323568037175473,4,416.4217591391749,65.0,9,10,True,"{1: np.int64(43), 2: np.int64(77), 0: np.int64(1), 6: np.int64(38), 3: np.int64(18), 8: np.int64(91), 7: np.int64(72), 5: np.int64(13), 4: np.int64(98)}","{(2, 8): [(np.int64(77), 91)], (1, 8): [(np.int64(43), 16), (16, 76), (76, np.int64(91))], (0, 2): [(np.int64(1), 77)], (2, 3): [(np.int64(77), 18)], (1, 6): [(np.int64(43), 38)], (1, 4): [(np.int64(43), 98)], (2, 4): [(np.int64(77), 63), (63, np.int64(98))], (5, 6): [(np.int64(13), 46), (46, 41), (41, np.int64(38))], (2, 7): [(np.int64(77), 1), (1, np.int64(72))], (4, 7): [(np.int64(98), 45), (45, np.int64(72))]}","{(1, np.int64(43)): {'cpu': 19}, (2, np.int64(77)): {'cpu': 7}, (0, np.int64(1)): {'cpu': 19}, (6, np.int64(38)): {'cpu': 14}, (3, np.int64(18)): {'cpu': 12}, (8, np.int64(91)): {'cpu': 3}, (7, np.int64(72)): {'cpu': 10}, (5, np.int64(13)): {'cpu': 5}, (4, np.int64(98)): {'cpu': 1}}","{((2, 8), (np.int64(77), 91)): {'bw': 39.0}, ((1, 8), (np.int64(43), 16)): {'bw': 34.0}, ((1, 8), (16, 76)): {'bw': 34.0}, ((1, 8), (76, np.int64(91))): {'bw': 34.0}, ((0, 2), (np.int64(1), 77)): {'bw': 34.0}, ((2, 3), (np.int64(77), 18)): {'bw': 24.0}, ((1, 6), (np.int64(43), 38)): {'bw': 16.0}, ((1, 4), (np.int64(43), 98)): {'bw': 13.0}, ((2, 4), (np.int64(77), 63)): {'bw': 13.0}, ((2, 4), (63, np.int64(98))): {'bw': 13.0}, ((5, 6), (np.int64(13), 46)): {'bw': 11.0}, ((5, 6), (46, 41)): {'bw': 11.0}, ((5, 6), (41, np.int64(38))): {'bw': 11.0}, ((2, 7), (np.int64(77), 1)): {'bw': 6.0}, ((2, 7), (1, np.int64(72))): {'bw': 6.0}, ((4, 7), (np.int64(98), 45)): {'bw': 2.0}, ((4, 7), (45, np.int64(72))): {'bw': 2.0}}",393.0,282.0,282.0,90.0,192.0,90.0,192.0,90.0,303.0,111.0,0.7175572519083969,163653.75134169575,117430.93607724733,298.80645312276675,Success,0.0,"{'node_level': {}, 'link_level': {}, 'path_level': {}}","{'node_level': {1: {'cpu': -63}, 2: {'cpu': -43}, 0: {'cpu': -46}, 6: {'cpu': -65}, 3: {'cpu': -32}, 8: {'cpu': -71}, 7: {'cpu': -67}, 5: {'cpu': -69}, 4: {'cpu': -54}}, 'link_level': {}, 'path_level': {}}","{'node_level': {1: {'cpu': 0}, 2: {'cpu': 0}, 0: {'cpu': 0}, 6: {'cpu': 0}, 3: {'cpu': 0}, 8: {'cpu': 0}, 7: {'cpu': 0}, 5: {'cpu': 0}, 4: {'cpu': 0}}, 'link_level': {}, 'path_level': {}}",[],0.0,0.0,True,True,False,0,[],0,0.0,"OrderedDict([((2, 8), 0), ((1, 8), 0), ((0, 2), 0), ((2, 3), 0), ((1, 6), 0), ((1, 4), 0), ((2, 4), 0), ((5, 6), 0), ((2, 7), 0), ((4, 7), 0)])",0.0,0.0,9.0,10.0
6,6,6,1167.0,1830.0,809116.4118916267,1250626.584721553,0.6377049180327868,0.6469688248885044,18,5,1,72.0,45019.0,6948,38071.0,0.04205156486970907,0.03851399131225375,5,1001.6202513226889,72.0,5,6,True,"{4: np.int64(60), 2: np.int64(4), 1: np.int64(5), 0: np.int64(15), 3: np.int64(49)}","{(1, 4): [(np.int64(5), 60)], (3, 4): [(np.int64(49), 60)], (0, 2): [(np.int64(15), 4)], (2, 4): [(np.int64(4), 15), (15, 89), (89, np.int64(60))], (0, 4): [(np.int64(15), 89), (89, np.int64(60))], (1, 2): [(np.int64(5), 15), (15, np.int64(4))]}","{(4, np.int64(60)): {'cpu': 8}, (2, np.int64(4)): {'cpu': 13}, (1, np.int64(5)): {'cpu': 11}, (0, np.int64(15)): {'cpu': 1}, (3, np.int64(49)): {'cpu': 1}}","{((1, 4), (np.int64(5), 60)): {'bw': 37.0}, ((3, 4), (np.int64(49), 60)): {'bw': 37.0}, ((0, 2), (np.int64(15), 4)): {'bw': 23.0}, ((2, 4), (np.int64(4), 15)): {'bw': 20.0}, ((2, 4), (15, 89)): {'bw': 20.0}, ((2, 4), (89, np.int64(60))): {'bw': 20.0}, ((0, 4), (np.int64(15), 89)): {'bw': 20.0}, ((0, 4), (89, np.int64(60))): {'bw': 20.0}, ((1, 2), (np.int64(5), 15)): {'bw': 6.0}, ((1, 2), (15, np.int64(4))): {'bw': 6.0}}",243.0,177.0,177.0,34.0,143.0,34.0,143.0,34.0,209.0,66.0,0.7283950617283951,243393.7210714134,177286.78448411592,729.5752447906006,Success,0.0,"{'node_level': {}, 'link_level': {}, 'path_level': {}}","{'node_level': {4: {'cpu': -60}, 2: {'cpu': -40}, 1: {'cpu': -54}, 0: {'cpu': -61}, 3: {'cpu': -72}}, 'link_level': {}, 'path_level': {}}","{'node_level': {4: {'cpu': 0}, 2: {'cpu': 0}, 1: {'cpu': 0}, 0: {'cpu': 0}, 3: {'cpu': 0}}, 'link_level': {}, 'path_level': {}}",[],0.0,0.0,True,True,False,0,[],0,0.0,"OrderedDict([((1, 4), 0), ((3, 4), 0), ((0, 2), 0), ((2, 4), 0), ((0, 4), 0), ((1, 2), 0)])",0.0,0.0,5.0,6.0
7,7,7,1455.0,2339.0,911536.1147651332,1431639.1845917434,0.6220607097050022,0.6367079949862322,20,6,1,84.0,44510.0,6881,37629.0,0.05128912174272715,0.049676735023739815,6,355.62396831078695,84.0,7,9,True,"{2: np.int64(25), 5: np.int64(7), 6: np.int64(98), 1: np.int64(13), 3: np.int64(49), 0: np.int64(10), 4: np.int64(91)}","{(2, 3): [(np.int64(25), 33), (33, np.int64(49))], (3, 5): [(np.int64(49), 33), (33, 7)], (3, 6): [(np.int64(49), 55), (55, np.int64(98))], (1, 6): [(np.int64(13), 4), (4, np.int64(98))], (1, 2): [(np.int64(13), 95), (95, np.int64(25))], (2, 6): [(np.int64(25), 91), (91, np.int64(98))], (4, 5): [(np.int64(91), 54), (54, np.int64(7))], (2, 5): [(np.int64(25), 95), (95, np.int64(7))], (0, 2): [(np.int64(10), 41), (41, np.int64(25))]}","{(2, np.int64(25)): {'cpu': 15}, (5, np.int64(7)): {'cpu': 17}, (6, np.int64(98)): {'cpu': 5}, (1, np.int64(13)): {'cpu': 7}, (3, np.int64(49)): {'cpu': 2}, (0, np.int64(10)): {'cpu': 16}, (4, np.int64(91)): {'cpu': 5}}","{((2, 3), (np.int64(25), 33)): {'bw': 47.0}, ((2, 3), (33, np.int64(49))): {'bw': 47.0}, ((3, 5), (np.int64(49), 33)): {'bw': 35.0}, ((3, 5), (33, 7)): {'bw': 35.0}, ((3, 6), (np.int64(49), 55)): {'bw': 31.0}, ((3, 6), (55, np.int64(98))): {'bw': 31.0}, ((1, 6), (np.int64(13), 4)): {'bw': 28.0}, ((1, 6), (4, np.int64(98))): {'bw': 28.0}, ((1, 2), (np.int64(13), 95)): {'bw': 24.0}, ((1, 2), (95, np.int64(25))): {'bw': 24.0}, ((2, 6), (np.int64(25), 91)): {'bw': 23.0}, ((2, 6), (91, np.int64(98))): {'bw': 23.0}, ((4, 5), (np.int64(91), 54)): {'bw': 17.0}, ((4, 5), (54, np.int64(7))): {'bw': 17.0}, ((2, 5), (np.int64(25), 95)): {'bw': 8.0}, ((2, 5), (95, np.int64(7))): {'bw': 8.0}, ((0, 2), (np.int64(10), 41)): {'bw': 8.0}, ((0, 2), (41, np.int64(25))): {'bw': 8.0}}",509.0,288.0,288.0,67.0,221.0,67.0,221.0,67.0,442.0,221.0,0.5658153241650294,181012.59987019055,102419.70287350664,201.21749091062208,Success,0.0,"{'node_level': {}, 'link_level': {}, 'path_level': {}}","{'node_level': {2: {'cpu': -48}, 5: {'cpu': -46}, 6: {'cpu': -49}, 1: {'cpu': -62}, 3: {'cpu': -70}, 0: {'cpu': -70}, 4: {'cpu': -66}}, 'link_level': {}, 'path_level': {}}","{'node_level': {2: {'cpu': 0}, 5: {'cpu': 0}, 6: {'cpu': 0}, 1: {'cpu': 0}, 3: {'cpu': 0}, 0: {'cpu': 0}, 4: {'cpu': 0}}, 'link_level': {}, 'path_level': {}}",[],0.0,0.0,True,True,False,0,[],0,0.0,"OrderedDict([((2, 3), 0), ((3, 5), 0), ((3, 6), 0), ((1, 6), 0), ((1, 2), 0), ((2, 6), 0), ((4, 5), 0), ((2, 5), 0), ((0, 2), 0)])",0.0,0.0,7.0,9.0
8,7,7,1455.0,2339.0,911536.1147651332,1431639.1845917434,0.6220607097050022,0.6367079949862322,20,7,1,97.0,44510.0,6881,37629.0,0.05128912174272715,0.049676735023739815,7,1242.7911631197298,97.0,4,5,False,"{2: np.int64(28), 3: np.int64(0), 0: np.int64(30), 1: np.int64(38)}","{(0, 2): [(np.int64(30), 45), (45, 42), (42, np.int64(28))]}","{(2, np.int64(28)): {'cpu': 18}, (3, np.int64(0)): {'cpu': 20}, (0, np.int64(30)): {'cpu': 10}, (1, np.int64(38)): {'cpu': 9}}","{((0, 2), (np.int64(30), 45)): {'bw': 43.0}, ((0, 2), (45, 42)): {'bw': 43.0}, ((0, 2), (42, np.int64(28))): {'bw': 43.0}}",0.0,0.0,236.0,57.0,179.0,0.0,0.0,0.0,0.0,0.0,0.0,0.0,0.0,0.0,Route Failure,0.0,"{'node_level': {}, 'link_level': {}, 'path_level': {}}","{'node_level': {2: {'cpu': -52}, 3: {'cpu': -74}, 0: {'cpu': -44}, 1: {'cpu': -56}}, 'link_level': {}, 'path_level': {}}","{'node_level': {2: {'cpu': 0}, 3: {'cpu': 0}, 0: {'cpu': 0}, 1: {'cpu': 0}}, 'link_level': {}, 'path_level': {}}",[],0.0,0.0,True,False,False,0,[],0,0.0,"OrderedDict([((0, 2), 0)])",0.0,0.0,4.0,1.0
9,8,8,1757.0,2908.0,1295122.0920914111,2154355.8107462204,0.6041953232462174,0.6011644342272365,24,8,1,112.0,43941.0,6798,37143.0,0.06273266234661523,0.0619507020911203,8,1270.1522428022445,112.0,6,8,True,"{2: np.int64(28), 5: np.int64(0), 0: np.int64(30), 3: np.int64(72), 4: np.int64(80), 1: np.int64(50)}","{(2, 5): [(np.int64(28), 26), (26, np.int64(0))], (1, 3): [(np.int64(50), 93), (93, 20), (20, np.int64(72))], (4, 5): [(np.int64(80), 50), (50, np.int64(0))], (0, 2): [(np.int64(30), 45), (45, 42), (42, np.int64(28))], (0, 5): [(np.int64(30), 0)], (0, 1): [(np.int64(30), 0), (0, np.int64(50))], (0, 4): [(np.int64(30), 91), (91, np.int64(80))], (1, 4): [(np.int64(50), 80)]}","{(2, np.int64(28)): {'cpu': 20}, (5, np.int64(0)): {'cpu': 12}, (0, np.int64(30)): {'cpu': 15}, (3, np.int64(72)): {'cpu': 16}, (4, np.int64(80)): {'cpu': 14}, (1, np.int64(50)): {'cpu': 6}}","{((2, 5), (np.int64(28), 26)): {'bw': 48.0}, ((2, 5), (26, np.int64(0))): {'bw': 48.0}, ((1, 3), (np.int64(50), 93)): {'bw': 49.0}, ((1, 3), (93, 20)): {'bw': 49.0}, ((1, 3), (20, np.int64(72))): {'bw': 49.0}, ((4, 5), (np.int64(80), 50)): {'bw': 33.0}, ((4, 5), (50, np.int64(0))): {'bw': 33.0}, ((0, 2), (np.int64(30), 45)): {'bw': 34.0}, ((0, 2), (45, 42)): {'bw': 34.0}, ((0, 2), (42, np.int64(28))): {'bw': 34.0}, ((0, 5), (np.int64(30), 0)): {'bw': 27.0}, ((0, 1), (np.int64(30), 0)): {'bw': 12.0}, ((0, 1), (0, np.int64(50))): {'bw': 12.0}, ((0, 4), (np.int64(30), 91)): {'bw': 8.0}, ((0, 4), (91, np.int64(80))): {'bw': 8.0}, ((1, 4), (np.int64(50), 80)): {'bw': 8.0}}",569.0,302.0,302.0,83.0,219.0,83.0,219.0,83.0,486.0,267.0,0.5307557117750439,722716.6261544771,383585.9773262778,674.1405576911736,Success,0.0,"{'node_level': {}, 'link_level': {}, 'path_level': {}}","{'node_level': {2: {'cpu': -50}, 5: {'cpu': -82}, 0: {'cpu': -39}, 3: {'cpu': -51}, 4: {'cpu': -48}, 1: {'cpu': -79}}, 'link_level': {}, 'path_level': {}}","{'node_level': {2: {'cpu': 0}, 5: {'cpu': 0}, 0: {'cpu': 0}, 3: {'cpu': 0}, 4: {'cpu': 0}, 1: {'cpu': 0}}, 'link_level': {}, 'path_level': {}}",[],0.0,0.0,True,True,False,0,[],0,0.0,"OrderedDict([((2, 5), 0), ((1, 3), 0), ((4, 5), 0), ((0, 2), 0), ((0, 5), 0), ((0, 1), 0), ((0, 4), 0), ((1, 4), 0)])",0.0,0.0,6.0,8.0
10,9,9,2489.0,4267.0,1326880.0910197524,2213316.3579369523,0.583313803609093,0.5994986149456496,29,9,1,126.0,42582.0,6719,35863.0,0.07362470701778578,0.0942771997171431,9,43.385244437624735,126.0,9,22,True,"{1: np.int64(64), 7: np.int64(41), 0: np.int64(38), 5: np.int64(18), 2: np.int64(52), 3: np.int64(3), 4: np.int64(77), 6: np.int64(37), 8: np.int64(12)}","{(0, 7): [(np.int64(38), 41)], (6, 8): [(np.int64(37), 12)], (0, 4): [(np.int64(38), 2), (2, 23), (23, np.int64(77))], (3, 4): [(np.int64(3), 77)], (2, 4): [(np.int64(52), 93), (93, 17), (17, np.int64(77))], (3, 6): [(np.int64(3), 10), (10, np.int64(37))], (1, 6): [(np.int64(64), 69), (69, 45), (45, 30), (30, np.int64(37))], (1, 2): [(np.int64(64), 52)], (1, 8): [(np.int64(64), 69), (69, np.int64(12))], (0, 3): [(np.int64(38), 19), (19, 31), (31, np.int64(3))], (7, 8): [(np.int64(41), 3), (3, np.int64(12))], (2, 7): [(np.int64(52), 94), (94, np.int64(41))], (5, 6): [(np.int64(18), 37)], (6, 7): [(np.int64(37), 10), (10, 41)], (1, 5): [(np.int64(64), 29), (29, np.int64(18))], (3, 8): [(np.int64(3), 12)], (2, 8): [(np.int64(52), 7), (7, np.int64(12))], (0, 6): [(np.int64(38), 0), (0, 18), (18, np.int64(37))], (3, 7): [(np.int64(3), 41)], (0, 8): [(np.int64(38), 2), (2, np.int64(12))], (2, 6): [(np.int64(52), 7), (7, 70), (70, np.int64(37))], (5, 7): [(np.int64(18), 41)]}","{(1, np.int64(64)): {'cpu': 18}, (7, np.int64(41)): {'cpu': 12}, (0, np.int64(38)): {'cpu': 11}, (5, np.int64(18)): {'cpu': 16}, (2, np.int64(52)): {'cpu': 6}, (3, np.int64(3)): {'cpu': 5}, (4, np.int64(77)): {'cpu': 5}, (6, np.int64(37)): {'cpu': 3}, (8, np.int64(12)): {'cpu': 3}}","{((0, 7), (np.int64(38), 41)): {'bw': 49.0}, ((6, 8), (np.int64(37), 12)): {'bw': 47.0}, ((0, 4), (np.int64(38), 2)): {'bw': 47.0}, ((0, 4), (2, 23)): {'bw': 47.0}, ((0, 4), (23, np.int64(77))): {'bw': 47.0}, ((3, 4), (np.int64(3), 77)): {'bw': 46.0}, ((2, 4), (np.int64(52), 93)): {'bw': 46.0}, ((2, 4), (93, 17)): {'bw': 46.0}, ((2, 4), (17, np.int64(77))): {'bw': 46.0}, ((3, 6), (np.int64(3), 10)): {'bw': 39.0}, ((3, 6), (10, np.int64(37))): {'bw': 39.0}, ((1, 6), (np.int64(64), 69)): {'bw': 34.0}, ((1, 6), (69, 45)): {'bw': 34.0}, ((1, 6), (45, 30)): {'bw': 34.0}, ((1, 6), (30, np.int64(37))): {'bw': 34.0}, ((1, 2), (np.int64(64), 52)): {'bw': 34.0}, ((1, 8), (np.int64(64), 69)): {'bw': 32.0}, ((1, 8), (69, np.int64(12))): {'bw': 32.0}, ((0, 3), (np.int64(38), 19)): {'bw': 34.0}, ((0, 3), (19, 31)): {'bw': 34.0}, ((0, 3), (31, np.int64(3))): {'bw': 34.0}, ((7, 8), (np.int64(41), 3)): {'bw': 30.0}, ((7, 8), (3, np.int64(12))): {'bw': 30.0}, ((2, 7), (np.int64(52), 94)): {'bw': 26.0}, ((2, 7), (94, np.int64(41))): {'bw': 26.0}, ((5, 6), (np.int64(18), 37)): {'bw': 27.0}, ((6, 7), (np.int64(37), 10)): {'bw': 27.0}, ((6, 7), (10, 41)): {'bw': 27.0}, ((1, 5), (np.int64(64), 29)): {'bw': 26.0}, ((1, 5), (29, np.int64(18))): {'bw': 26.0}, ((3, 8), (np.int64(3), 12)): {'bw': 24.0}, ((2, 8), (np.int64(52), 7)): {'bw': 25.0}, ((2, 8), (7, np.int64(12))): {'bw': 25.0}, ((0, 6), (np.int64(38), 0)): {'bw': 20.0}, ((0, 6), (0, 18)): {'bw': 20.0}, ((0, 6), (18, np.int64(37))): {'bw': 20.0}, ((3, 7), (np.int64(3), 41)): {'bw': 17.0}, ((0, 8), (np.int64(38), 2)): {'bw': 12.0}, ((0, 8), (2, np.int64(12))): {'bw': 12.0}, ((2, 6), (np.int64(52), 7)): {'bw': 7.0}, ((2, 6), (7, 70)): {'bw': 7.0}, ((2, 6), (70, np.int64(37))): {'bw': 7.0}, ((5, 7), (np.int64(18), 41)): {'bw': 4.0}}",1359.0,732.0,732.0,79.0,653.0,79.0,653.0,79.0,1280.0,627.0,0.5386313465783664,58960.54719073202,31757.998928341305,23.36865263306939,Success,0.0,"{'node_level': {}, 'link_level': {}, 'path_level': {}}","{'node_level': {1: {'cpu': -73}, 7: {'cpu': -46}, 0: {'cpu': -54}, 5: {'cpu': -16}, 2: {'cpu': -94}, 3: {'cpu': -48}, 4: {'cpu': -38}, 6: {'cpu': -96}, 8: {'cpu': -53}}, 'link_level': {}, 'path_level': {}}","{'node_level': {1: {'cpu': 0}, 7: {'cpu': 0}, 0: {'cpu': 0}, 5: {'cpu': 0}, 2: {'cpu': 0}, 3: {'cpu': 0}, 4: {'cpu': 0}, 6: {'cpu': 0}, 8: {'cpu': 0}}, 'link_level': {}, 'path_level': {}}",[],0.0,0.0,True,True,False,0,[],0,0.0,"OrderedDict([((0, 7), 0), ((6, 8), 0), ((0, 4), 0), ((3, 4), 0), ((2, 4), 0), ((3, 6), 0), ((1, 6), 0), ((1, 2), 0), ((1, 8), 0), ((0, 3), 0), ((7, 8), 0), ((2, 7), 0), ((5, 6), 0), ((6, 7), 0), ((1, 5), 0), ((3, 8), 0), ((2, 8), 0), ((0, 6), 0), ((3, 7), 0), ((0, 8), 0), ((2, 6), 0), ((5, 7), 0)])",0.0,0.0,9.0,22.0
11,10,10,2829.0,4911.0,1382187.9610127266,2318075.97051188,0.5760537568723274,0.5962651693022427,34,10,1,141.0,41938.0,6644,35294.0,0.08396525575623881,0.10864733811496108,10,162.6702058616888,141.0,8,14,True,"{7: np.int64(53), 1: np.int64(79), 4: np.int64(95), 6: np.int64(52), 0: np.int64(78), 3: np.int64(72), 5: np.int64(45), 2: np.int64(13)}","{(1, 3): [(np.int64(79), 52), (52, np.int64(72))], (1, 7): [(np.int64(79), 33), (33, np.int64(53))], (0, 4): [(np.int64(78), 71), (71, 26), (26, np.int64(95))], (2, 7): [(np.int64(13), 95), (95, np.int64(53))], (2, 5): [(np.int64(13), 72), (72, np.int64(45))], (3, 7): [(np.int64(72), 26), (26, 95), (95, np.int64(53))], (0, 1): [(np.int64(78), 73), (73, np.int64(79))], (0, 7): [(np.int64(78), 46), (46, 33), (33, np.int64(53))], (5, 6): [(np.int64(45), 72), (72, np.int64(52))], (0, 6): [(np.int64(78), 73), (73, 79), (79, np.int64(52))], (3, 6): [(np.int64(72), 52)], (4, 5): [(np.int64(95), 87), (87, np.int64(45))], (3, 5): [(np.int64(72), 45)], (1, 6): [(np.int64(79), 52)]}","{(7, np.int64(53)): {'cpu': 19}, (1, np.int64(79)): {'cpu': 17}, (4, np.int64(95)): {'cpu': 19}, (6, np.int64(52)): {'cpu': 12}, (0, np.int64(78)): {'cpu': 4}, (3, np.int64(72)): {'cpu': 2}, (5, np.int64(45)): {'cpu': 1}, (2, np.int64(13)): {'cpu': 1}}","{((1, 3), (np.int64(79), 52)): {'bw': 29.0}, ((1, 3), (52, np.int64(72))): {'bw': 29.0}, ((1, 7), (np.int64(79), 33)): {'bw': 28.0}, ((1, 7), (33, np.int64(53))): {'bw': 28.0}, ((0, 4), (np.int64(78), 71)): {'bw': 23.0}, ((0, 4), (71, 26)): {'bw': 23.0}, ((0, 4), (26, np.int64(95))): {'bw': 23.0}, ((2, 7), (np.int64(13), 95)): {'bw': 25.0}, ((2, 7), (95, np.int64(53))): {'bw': 25.0}, ((2, 5), (np.int64(13), 72)): {'bw': 25.0}, ((2, 5), (72, np.int64(45))): {'bw': 25.0}, ((3, 7), (np.int64(72), 26)): {'bw': 19.0}, ((3, 7), (26, 95)): {'bw': 19.0}, ((3, 7), (95, np.int64(53))): {'bw': 19.0}, ((0, 1), (np.int64(78), 73)): {'bw': 19.0}, ((0, 1), (73, np.int64(79))): {'bw': 19.0}, ((0, 7), (np.int64(78), 46)): {'bw': 16.0}, ((0, 7), (46, 33)): {'bw': 16.0}, ((0, 7), (33, np.int64(53))): {'bw': 16.0}, ((5, 6), (np.int64(45), 72)): {'bw': 15.0}, ((5, 6), (72, np.int64(52))): {'bw': 15.0}, ((0, 6), (np.int64(78), 73)): {'bw': 16.0}, ((0, 6), (73, 79)): {'bw': 16.0}, ((0, 6), (79, np.int64(52))): {'bw': 16.0}, ((3, 6), (np.int64(72), 52)): {'bw': 14.0}, ((4, 5), (np.int64(95), 87)): {'bw': 15.0}, ((4, 5), (87, np.int64(45))): {'bw': 15.0}, ((3, 5), (np.int64(72), 45)): {'bw': 13.0}, ((1, 6), (np.int64(79), 52)): {'bw': 8.0}}",644.0,340.0,340.0,75.0,265.0,75.0,265.0,75.0,569.0,304.0,0.5279503105590062,104759.61257492758,55307.86999297419,85.88178570337607,Success,0.0,"{'node_level': {}, 'link_level': {}, 'path_level': {}}","{'node_level': {7: {'cpu': -59}, 1: {'cpu': -68}, 4: {'cpu': -66}, 6: {'cpu': -82}, 0: {'cpu': -60}, 3: {'cpu': -49}, 5: {'cpu': -58}, 2: {'cpu': -61}}, 'link_level': {}, 'path_level': {}}","{'node_level': {7: {'cpu': 0}, 1: {'cpu': 0}, 4: {'cpu': 0}, 6: {'cpu': 0}, 0: {'cpu': 0}, 3: {'cpu': 0}, 5: {'cpu': 0}, 2: {'cpu': 0}}, 'link_level': {}, 'path_level': {}}",[],0.0,0.0,True,True,False,0,[],0,0.0,"OrderedDict([((1, 3), 0), ((1, 7), 0), ((0, 4), 0), ((2, 7), 0), ((2, 5), 0), ((3, 7), 0), ((0, 1), 0), ((0, 7), 0), ((5, 6), 0), ((0, 6), 0), ((3, 6), 0), ((4, 5), 0), ((3, 5), 0), ((1, 6), 0)])",0.0,0.0,8.0,14.0
12,10,10,2829.0,4911.0,1382187.9610127266,2318075.97051188,0.5760537568723274,0.5962651693022427,34,11,1,153.0,41938.0,6644,35294.0,0.08396525575623881,0.10864733811496108,11,4.700376901700943,153.0,10,25,False,"{2: np.int64(1), 8: np.int64(98), 5: np.int64(43), 0: np.int64(11), 4: np.int64(49)}",{},"{(2, np.int64(1)): {'cpu': 18}, (8, np.int64(98)): {'cpu': 17}, (5, np.int64(43)): {'cpu': 10}, (0, np.int64(11)): {'cpu': 18}, (4, np.int64(49)): {'cpu': 8}}",{},0.0,0.0,719.0,101.0,618.0,0.0,0.0,0.0,0.0,0.0,0.0,0.0,0.0,0.0,Place Failure,0.0,"{'node_level': {}, 'link_level': {}, 'path_level': {}}","{'node_level': {2: {'cpu': -28}, 8: {'cpu': -32}, 5: {'cpu': -53}, 0: {'cpu': -55}, 4: {'cpu': -62}}, 'link_level': {}, 'path_level': {}}","{'node_level': {2: {'cpu': 0}, 8: {'cpu': 0}, 5: {'cpu': 0}, 0: {'cpu': 0}, 4: {'cpu': 0}}, 'link_level': {}, 'path_level': {}}",[],0.0,0.0,False,True,False,0,[],0,0.0,,,,5.0,0.0
12,10,10,2829.0,4911.0,1382187.9610127266,2318075.97051188,0.5760537568723274,0.5962651693022427,34,12,0,157.70037690170093,41938.0,6644,35294.0,0.08396525575623881,0.10864733811496108,11,4.700376901700943,153.0,10,25,False,{},{},{},{},0.0,0.0,0.0,0.0,0.0,0.0,0.0,0.0,0.0,0.0,0.0,0.0,0.0,0.0,Leave Event,0.0,"{'node_level': {}, 'link_level': {}, 'path_level': {}}","{'node_level': {}, 'link_level': {}, 'path_level': {}}","{'node_level': {}, 'link_level': {}, 'path_level': {}}",[],0.0,0.0,True,True,False,0,[],0,0.0,,,,,
13,10,10,2829.0,4911.0,1382187.9610127266,2318075.97051188,0.5760537568723274,0.5962651693022427,34,13,1,161.0,41938.0,6644,35294.0,0.08396525575623881,0.10864733811496108,12,923.6638271383595,161.0,10,24,False,"{2: np.int64(1), 9: np.int64(49), 8: np.int64(98), 6: np.int64(43), 7: np.int64(76), 5: np.int64(36), 4: np.int64(5), 3: np.int64(32), 0: np.int64(91), 1: np.int64(60)}","{(2, 7): [(np.int64(1), 76)], (0, 2): [(np.int64(91), 33), (33, np.int64(1))], (7, 8): [(np.int64(76), 91), (91, np.int64(98))], (4, 8): [(np.int64(5), 90), (90, np.int64(98))], (4, 5): [(np.int64(5), 15), (15, np.int64(36))], (7, 9): [(np.int64(76), 49)], (4, 7): [(np.int64(5), 79), (79, 73), (73, 78), (78, np.int64(76))]}","{(2, np.int64(1)): {'cpu': 18}, (9, np.int64(49)): {'cpu': 9}, (8, np.int64(98)): {'cpu': 11}, (6, np.int64(43)): {'cpu': 11}, (7, np.int64(76)): {'cpu': 6}, (5, np.int64(36)): {'cpu': 11}, (4, np.int64(5)): {'cpu': 7}, (3, np.int64(32)): {'cpu': 13}, (0, np.int64(91)): {'cpu': 3}, (1, np.int64(60)): {'cpu': 4}}","{((2, 7), (np.int64(1), 76)): {'bw': 48.0}, ((0, 2), (np.int64(91), 33)): {'bw': 48.0}, ((0, 2), (33, np.int64(1))): {'bw': 48.0}, ((7, 8), (np.int64(76), 91)): {'bw': 45.0}, ((7, 8), (91, np.int64(98))): {'bw': 45.0}, ((4, 8), (np.int64(5), 90)): {'bw': 40.0}, ((4, 8), (90, np.int64(98))): {'bw': 40.0}, ((4, 5), (np.int64(5), 15)): {'bw': 40.0}, ((4, 5), (15, np.int64(36))): {'bw': 40.0}, ((7, 9), (np.int64(76), 49)): {'bw': 40.0}, ((4, 7), (np.int64(5), 79)): {'bw': 38.0}, ((4, 7), (79, 73)): {'bw': 38.0}, ((4, 7), (73, 78)): {'bw': 38.0}, ((4, 7), (78, np.int64(76))): {'bw': 38.0}}",0.0,0.0,757.0,93.0,664.0,0.0,0.0,0.0,0.0,0.0,0.0,0.0,0.0,0.0,Route Failure,0.0,"{'node_level': {}, 'link_level': {}, 'path_level': {}}","{'node_level': {2: {'cpu': -28}, 9: {'cpu': -61}, 8: {'cpu': -38}, 6: {'cpu': -52}, 7: {'cpu': -71}, 5: {'cpu': -63}, 4: {'cpu': -47}, 3: {'cpu': -74}, 0: {'cpu': -63}, 1: {'cpu': -56}}, 'link_level': {}, 'path_level': {}}","{'node_level': {2: {'cpu': 0}, 9: {'cpu': 0}, 8: {'cpu': 0}, 6: {'cpu': 0}, 7: {'cpu': 0}, 5: {'cpu': 0}, 4: {'cpu': 0}, 3: {'cpu': 0}, 0: {'cpu': 0}, 1: {'cpu': 0}}, 'link_level': {}, 'path_level': {}}",[],0.0,0.0,True,False,False,0,[],0,0.0,"OrderedDict([((2, 7), 0), ((0, 2), 0), ((7, 8), 0), ((4, 8), 0), ((4, 5), 0), ((7, 9), 0), ((4, 7), 0)])",0.0,0.0,10.0,7.0
13,10,9,2829.0,4911.0,1382187.9610127266,2318075.97051188,0.5760537568723274,0.5962651693022427,34,14,0,169.38524443762475,43297.0,6723,36574.0,0.07307321108506826,0.07632084048893828,9,43.385244437624735,126.0,9,22,False,{},{},{},{},0.0,0.0,0.0,0.0,0.0,0.0,0.0,0.0,0.0,0.0,0.0,0.0,0.0,0.0,Leave Event,0.0,"{'node_level': {}, 'link_level': {}, 'path_level': {}}","{'node_level': {}, 'link_level': {}, 'path_level': {}}","{'node_level': {}, 'link_level': {}, 'path_level': {}}",[],0.0,0.0,True,True,False,0,[],0,0.0,,,,,
13,10,8,2829.0,4911.0,1382187.9610127266,2318075.97051188,0.5760537568723274,0.5962651693022427,34,15,0,174.1977268888015,43634.0,6749,36885.0,0.06948848752240455,0.06846651176886553,3,122.1977268888015,52.0,5,5,False,{},{},{},{},0.0,0.0,0.0,0.0,0.0,0.0,0.0,0.0,0.0,0.0,0.0,0.0,0.0,0.0,Leave Event,0.0,"{'node_level': {}, 'link_level': {}, 'path_level': {}}","{'node_level': {}, 'link_level': {}, 'path_level': {}}","{'node_level': {}, 'link_level': {}, 'path_level': {}}",[],0.0,0.0,True,True,False,0,[],0,0.0,,,,,
14,11,9,2910.0,5073.0,1424380.077692005,2402460.2038704366,0.5736250739207569,0.5928839426340071,34,16,1,175.0,43472.0,6730,36742.0,0.07210809320281264,0.07207798767552276,13,520.8903293738089,175.0,3,3,True,"{2: np.int64(5), 1: np.int64(98), 0: np.int64(64)}","{(1, 2): [(np.int64(98), 90), (90, np.int64(5))], (0, 2): [(np.int64(64), 69), (69, 79), (79, np.int64(5))], (0, 1): [(np.int64(64), 69), (69, 45), (45, np.int64(98))]}","{(2, np.int64(5)): {'cpu': 10}, (1, np.int64(98)): {'cpu': 7}, (0, np.int64(64)): {'cpu': 2}}","{((1, 2), (np.int64(98), 90)): {'bw': 43.0}, ((1, 2), (90, np.int64(5))): {'bw': 43.0}, ((0, 2), (np.int64(64), 69)): {'bw': 13.0}, ((0, 2), (69, 79)): {'bw': 13.0}, ((0, 2), (79, np.int64(5))): {'bw': 13.0}, ((0, 1), (np.int64(64), 69)): {'bw': 6.0}, ((0, 1), (69, 45)): {'bw': 6.0}, ((0, 1), (45, np.int64(98))): {'bw': 6.0}}",162.0,81.0,81.0,19.0,62.0,19.0,62.0,19.0,143.0,81.0,0.5,84384.23335855703,42192.116679278515,260.44516468690443,Success,0.0,"{'node_level': {}, 'link_level': {}, 'path_level': {}}","{'node_level': {2: {'cpu': -53}, 1: {'cpu': -50}, 0: {'cpu': -89}}, 'link_level': {}, 'path_level': {}}","{'node_level': {2: {'cpu': 0}, 1: {'cpu': 0}, 0: {'cpu': 0}}, 'link_level': {}, 'path_level': {}}",[],0.0,0.0,True,True,False,0,[],0,0.0,"OrderedDict([((1, 2), 0), ((0, 2), 0), ((0, 1), 0)])",0.0,0.0,3.0,3.0
15,11,9,2910.0,5073.0,1424380.077692005,2402460.2038704366,0.5736250739207569,0.5928839426340071,34,17,1,188.0,43472.0,6730,36742.0,0.07210809320281264,0.07207798767552276,14,920.6412263936853,188.0,8,14,False,"{4: np.int64(41), 3: np.int64(38), 7: np.int64(18), 6: np.int64(3), 0: np.int64(77), 5: np.int64(7), 1: np.int64(10), 2: np.int64(64)}","{(0, 1): [(np.int64(77), 3), (3, np.int64(10))], (1, 7): [(np.int64(10), 3), (3, np.int64(18))], (0, 6): [(np.int64(77), 63), (63, np.int64(3))], (3, 4): [(np.int64(38), 41)], (4, 5): [(np.int64(41), 68), (68, np.int64(7))], (2, 3): [(np.int64(64), 69), (69, 45), (45, np.int64(38))], (4, 6): [(np.int64(41), 3)], (2, 5): [(np.int64(64), 52), (52, np.int64(7))]}","{(4, np.int64(41)): {'cpu': 19}, (3, np.int64(38)): {'cpu': 19}, (7, np.int64(18)): {'cpu': 15}, (6, np.int64(3)): {'cpu': 12}, (0, np.int64(77)): {'cpu': 6}, (5, np.int64(7)): {'cpu': 11}, (1, np.int64(10)): {'cpu': 5}, (2, np.int64(64)): {'cpu': 5}}","{((0, 1), (np.int64(77), 3)): {'bw': 49.0}, ((0, 1), (3, np.int64(10))): {'bw': 49.0}, ((1, 7), (np.int64(10), 3)): {'bw': 42.0}, ((1, 7), (3, np.int64(18))): {'bw': 42.0}, ((0, 6), (np.int64(77), 63)): {'bw': 41.0}, ((0, 6), (63, np.int64(3))): {'bw': 41.0}, ((3, 4), (np.int64(38), 41)): {'bw': 35.0}, ((4, 5), (np.int64(41), 68)): {'bw': 30.0}, ((4, 5), (68, np.int64(7))): {'bw': 30.0}, ((2, 3), (np.int64(64), 69)): {'bw': 33.0}, ((2, 3), (69, 45)): {'bw': 33.0}, ((2, 3), (45, np.int64(38))): {'bw': 33.0}, ((4, 6), (np.int64(41), 3)): {'bw': 26.0}, ((2, 5), (np.int64(64), 52)): {'bw': 24.0}, ((2, 5), (52, np.int64(7))): {'bw': 24.0}}",0.0,0.0,424.0,92.0,332.0,0.0,0.0,0.0,0.0,0.0,0.0,0.0,0.0,0.0,Route Failure,0.0,"{'node_level': {}, 'link_level': {}, 'path_level': {}}","{'node_level': {4: {'cpu': -39}, 3: {'cpu': -46}, 7: {'cpu': -17}, 6: {'cpu': -41}, 0: {'cpu': -37}, 5: {'cpu': -41}, 1: {'cpu': -65}, 2: {'cpu': -84}}, 'link_level': {}, 'path_level': {}}","{'node_level': {4: {'cpu': 0}, 3: {'cpu': 0}, 7: {'cpu': 0}, 6: {'cpu': 0}, 0: {'cpu': 0}, 5: {'cpu': 0}, 1: {'cpu': 0}, 2: {'cpu': 0}}, 'link_level': {}, 'path_level': {}}",[],0.0,0.0,True,False,False,0,[],0,0.0,"OrderedDict([((0, 1), 0), ((1, 7), 0), ((0, 6), 0), ((3, 4), 0), ((4, 5), 0), ((2, 3), 0), ((4, 6), 0), ((2, 5), 0)])",0.0,0.0,8.0,8.0
16,11,9,2910.0,5073.0,1424380.077692005,2402460.2038704366,0.5736250739207569,0.5928839426340071,34,18,1,198.0,43472.0,6730,36742.0,0.07210809320281264,0.07207798767552276,15,153.75886185936875,198.0,9,12,False,"{1: np.int64(41), 8: np.int64(38), 7: np.int64(18), 4: np.int64(3), 2: np.int64(77), 5: np.int64(43), 6: np.int64(7), 0: np.int64(64), 3: np.int64(91)}","{(4, 8): [(np.int64(3), 41), (41, np.int64(38))], (5, 7): [(np.int64(43), 0), (0, np.int64(18))], (1, 5): [(np.int64(41), 57), (57, np.int64(43))], (0, 7): [(np.int64(64), 29), (29, np.int64(18))]}","{(1, np.int64(41)): {'cpu': 19}, (8, np.int64(38)): {'cpu': 17}, (7, np.int64(18)): {'cpu': 14}, (4, np.int64(3)): {'cpu': 8}, (2, np.int64(77)): {'cpu': 13}, (5, np.int64(43)): {'cpu': 3}, (6, np.int64(7)): {'cpu': 8}, (0, np.int64(64)): {'cpu': 2}, (3, np.int64(91)): {'cpu': 16}}","{((4, 8), (np.int64(3), 41)): {'bw': 49.0}, ((4, 8), (41, np.int64(38))): {'bw': 49.0}, ((5, 7), (np.int64(43), 0)): {'bw': 47.0}, ((5, 7), (0, np.int64(18))): {'bw': 47.0}, ((1, 5), (np.int64(41), 57)): {'bw': 49.0}, ((1, 5), (57, np.int64(43))): {'bw': 49.0}, ((0, 7), (np.int64(64), 29)): {'bw': 46.0}, ((0, 7), (29, np.int64(18))): {'bw': 46.0}}",0.0,0.0,444.0,100.0,344.0,0.0,0.0,0.0,0.0,0.0,0.0,0.0,0.0,0.0,Route Failure,0.0,"{'node_level': {}, 'link_level': {}, 'path_level': {}}","{'node_level': {1: {'cpu': -39}, 8: {'cpu': -48}, 7: {'cpu': -18}, 4: {'cpu': -45}, 2: {'cpu': -30}, 5: {'cpu': -60}, 6: {'cpu': -44}, 0: {'cpu': -87}, 3: {'cpu': -52}}, 'link_level': {}, 'path_level': {}}","{'node_level': {1: {'cpu': 0}, 8: {'cpu': 0}, 7: {'cpu': 0}, 4: {'cpu': 0}, 2: {'cpu': 0}, 5: {'cpu': 0}, 6: {'cpu': 0}, 0: {'cpu': 0}, 3: {'cpu': 0}}, 'link_level': {}, 'path_level': {}}",[],0.0,0.0,True,False,False,0,[],0,0.0,"OrderedDict([((4, 8), 0), ((5, 7), 0), ((1, 5), 0), ((0, 7), 0)])",0.0,0.0,9.0,4.0
17,12,10,3453.0,6074.0,1562084.911656728,2656313.866483121,0.5684886401053671,0.5880648862195192,34,19,1,215.0,42471.0,6630,35841.0,0.08589549152075004,0.09483281139509037,16,253.60006255013423,215.0,9,22,True,"{4: np.int64(41), 7: np.int64(38), 6: np.int64(18), 8: np.int64(3), 0: np.int64(77), 5: np.int64(7), 2: np.int64(12), 1: np.int64(64), 3: np.int64(91)}","{(2, 6): [(np.int64(12), 37), (37, np.int64(18))], (0, 1): [(np.int64(77), 97), (97, 34), (34, np.int64(64))], (4, 6): [(np.int64(41), 3), (3, np.int64(18))], (2, 3): [(np.int64(12), 69), (69, np.int64(91))], (6, 7): [(np.int64(18), 0), (0, np.int64(38))], (0, 2): [(np.int64(77), 97), (97, 12)], (0, 4): [(np.int64(77), 57), (57, np.int64(41))], (7, 8): [(np.int64(38), 19), (19, 31), (31, np.int64(3))], (2, 5): [(np.int64(12), 7)], (2, 4): [(np.int64(12), 2), (2, np.int64(41))], (3, 7): [(np.int64(91), 38)], (4, 7): [(np.int64(41), 38)], (1, 2): [(np.int64(64), 69), (69, np.int64(12))], (4, 8): [(np.int64(41), 10), (10, np.int64(3))], (1, 4): [(np.int64(64), 25), (25, np.int64(41))], (0, 8): [(np.int64(77), 3)], (3, 5): [(np.int64(91), 54), (54, np.int64(7))], (5, 6): [(np.int64(7), 70), (70, 37), (37, np.int64(18))], (1, 7): [(np.int64(64), 69), (69, 45), (45, np.int64(38))], (4, 5): [(np.int64(41), 68), (68, np.int64(7))], (0, 5): [(np.int64(77), 3), (3, np.int64(7))], (1, 6): [(np.int64(64), 29), (29, np.int64(18))]}","{(4, np.int64(41)): {'cpu': 20}, (7, np.int64(38)): {'cpu': 15}, (6, np.int64(18)): {'cpu': 7}, (8, np.int64(3)): {'cpu': 16}, (0, np.int64(77)): {'cpu': 7}, (5, np.int64(7)): {'cpu': 19}, (2, np.int64(12)): {'cpu': 4}, (1, np.int64(64)): {'cpu': 7}, (3, np.int64(91)): {'cpu': 5}}","{((2, 6), (np.int64(12), 37)): {'bw': 48.0}, ((2, 6), (37, np.int64(18))): {'bw': 48.0}, ((0, 1), (np.int64(77), 97)): {'bw': 50.0}, ((0, 1), (97, 34)): {'bw': 50.0}, ((0, 1), (34, np.int64(64))): {'bw': 50.0}, ((4, 6), (np.int64(41), 3)): {'bw': 42.0}, ((4, 6), (3, np.int64(18))): {'bw': 42.0}, ((2, 3), (np.int64(12), 69)): {'bw': 37.0}, ((2, 3), (69, np.int64(91))): {'bw': 37.0}, ((6, 7), (np.int64(18), 0)): {'bw': 33.0}, ((6, 7), (0, np.int64(38))): {'bw': 33.0}, ((0, 2), (np.int64(77), 97)): {'bw': 28.0}, ((0, 2), (97, 12)): {'bw': 28.0}, ((0, 4), (np.int64(77), 57)): {'bw': 22.0}, ((0, 4), (57, np.int64(41))): {'bw': 22.0}, ((7, 8), (np.int64(38), 19)): {'bw': 23.0}, ((7, 8), (19, 31)): {'bw': 23.0}, ((7, 8), (31, np.int64(3))): {'bw': 23.0}, ((2, 5), (np.int64(12), 7)): {'bw': 20.0}, ((2, 4), (np.int64(12), 2)): {'bw': 21.0}, ((2, 4), (2, np.int64(41))): {'bw': 21.0}, ((3, 7), (np.int64(91), 38)): {'bw': 21.0}, ((4, 7), (np.int64(41), 38)): {'bw': 17.0}, ((1, 2), (np.int64(64), 69)): {'bw': 18.0}, ((1, 2), (69, np.int64(12))): {'bw': 18.0}, ((4, 8), (np.int64(41), 10)): {'bw': 17.0}, ((4, 8), (10, np.int64(3))): {'bw': 17.0}, ((1, 4), (np.int64(64), 25)): {'bw': 12.0}, ((1, 4), (25, np.int64(41))): {'bw': 12.0}, ((0, 8), (np.int64(77), 3)): {'bw': 10.0}, ((3, 5), (np.int64(91), 54)): {'bw': 6.0}, ((3, 5), (54, np.int64(7))): {'bw': 6.0}, ((5, 6), (np.int64(7), 70)): {'bw': 6.0}, ((5, 6), (70, 37)): {'bw': 6.0}, ((5, 6), (37, np.int64(18))): {'bw': 6.0}, ((1, 7), (np.int64(64), 69)): {'bw': 4.0}, ((1, 7), (69, 45)): {'bw': 4.0}, ((1, 7), (45, np.int64(38))): {'bw': 4.0}, ((4, 5), (np.int64(41), 68)): {'bw': 5.0}, ((4, 5), (68, np.int64(7))): {'bw': 5.0}, ((0, 5), (np.int64(77), 3)): {'bw': 2.0}, ((0, 5), (3, np.int64(7))): {'bw': 2.0}, ((1, 6), (np.int64(64), 29)): {'bw': 1.0}, ((1, 6), (29, np.int64(18))): {'bw': 1.0}}",1001.0,543.0,543.0,100.0,443.0,100.0,443.0,100.0,901.0,458.0,0.5424575424575424,253853.66261268436,137704.83396472287,137.56726669802484,Success,0.0,"{'node_level': {}, 'link_level': {}, 'path_level': {}}","{'node_level': {4: {'cpu': -38}, 7: {'cpu': -50}, 6: {'cpu': -25}, 8: {'cpu': -37}, 0: {'cpu': -36}, 5: {'cpu': -33}, 2: {'cpu': -52}, 1: {'cpu': -82}, 3: {'cpu': -63}}, 'link_level': {}, 'path_level': {}}","{'node_level': {4: {'cpu': 0}, 7: {'cpu': 0}, 6: {'cpu': 0}, 8: {'cpu': 0}, 0: {'cpu': 0}, 5: {'cpu': 0}, 2: {'cpu': 0}, 1: {'cpu': 0}, 3: {'cpu': 0}}, 'link_level': {}, 'path_level': {}}",[],0.0,0.0,True,True,False,0,[],0,0.0,"OrderedDict([((2, 6), 0), ((0, 1), 0), ((4, 6), 0), ((2, 3), 0), ((6, 7), 0), ((0, 2), 0), ((0, 4), 0), ((7, 8), 0), ((2, 5), 0), ((2, 4), 0), ((3, 7), 0), ((4, 7), 0), ((1, 2), 0), ((4, 8), 0), ((1, 4), 0), ((0, 8), 0), ((3, 5), 0), ((5, 6), 0), ((1, 7), 0), ((4, 5), 0), ((0, 5), 0), ((1, 6), 0)])",0.0,0.0,9.0,22.0
18,13,11,4070.0,7177.0,1810364.9065469312,3100159.6272025607,0.5670893130834611,0.5839586099572943,35,20,1,227.0,41368.0,6494,34874.0,0.10464635323314486,0.11925447014849988,17,402.39869512188545,227.0,10,18,True,"{9: np.int64(1), 3: np.int64(49), 0: np.int64(36), 5: np.int64(43), 6: np.int64(32), 8: np.int64(5), 1: np.int64(98), 4: np.int64(60), 2: np.int64(30), 7: np.int64(80)}","{(7, 9): [(np.int64(80), 81), (81, np.int64(1))], (4, 5): [(np.int64(60), 98), (98, np.int64(43))], (2, 9): [(np.int64(30), 13), (13, np.int64(1))], (3, 7): [(np.int64(49), 80)], (0, 6): [(np.int64(36), 32)], (3, 8): [(np.int64(49), 10), (10, 85), (85, np.int64(5))], (0, 9): [(np.int64(36), 1)], (6, 9): [(np.int64(32), 36), (36, np.int64(1))], (1, 5): [(np.int64(98), 18), (18, 0), (0, np.int64(43))], (0, 3): [(np.int64(36), 91), (91, 76), (76, np.int64(49))], (5, 7): [(np.int64(43), 57), (57, 34), (34, np.int64(80))], (3, 5): [(np.int64(49), 0), (0, np.int64(43))], (5, 6): [(np.int64(43), 25), (25, np.int64(32))], (0, 1): [(np.int64(36), 91), (91, np.int64(98))], (2, 7): [(np.int64(30), 91), (91, np.int64(80))], (7, 8): [(np.int64(80), 56), (56, 15), (15, np.int64(5))], (8, 9): [(np.int64(5), 74), (74, np.int64(1))], (0, 8): [(np.int64(36), 15), (15, np.int64(5))]}","{(9, np.int64(1)): {'cpu': 19}, (3, np.int64(49)): {'cpu': 20}, (0, np.int64(36)): {'cpu': 16}, (5, np.int64(43)): {'cpu': 14}, (6, np.int64(32)): {'cpu': 19}, (8, np.int64(5)): {'cpu': 12}, (1, np.int64(98)): {'cpu': 15}, (4, np.int64(60)): {'cpu': 11}, (2, np.int64(30)): {'cpu': 8}, (7, np.int64(80)): {'cpu': 2}}","{((7, 9), (np.int64(80), 81)): {'bw': 49.0}, ((7, 9), (81, np.int64(1))): {'bw': 49.0}, ((4, 5), (np.int64(60), 98)): {'bw': 50.0}, ((4, 5), (98, np.int64(43))): {'bw': 50.0}, ((2, 9), (np.int64(30), 13)): {'bw': 45.0}, ((2, 9), (13, np.int64(1))): {'bw': 45.0}, ((3, 7), (np.int64(49), 80)): {'bw': 41.0}, ((0, 6), (np.int64(36), 32)): {'bw': 38.0}, ((3, 8), (np.int64(49), 10)): {'bw': 37.0}, ((3, 8), (10, 85)): {'bw': 37.0}, ((3, 8), (85, np.int64(5))): {'bw': 37.0}, ((0, 9), (np.int64(36), 1)): {'bw': 35.0}, ((6, 9), (np.int64(32), 36)): {'bw': 32.0}, ((6, 9), (36, np.int64(1))): {'bw': 32.0}, ((1, 5), (np.int64(98), 18)): {'bw': 27.0}, ((1, 5), (18, 0)): {'bw': 27.0}, ((1, 5), (0, np.int64(43))): {'bw': 27.0}, ((0, 3), (np.int64(36), 91)): {'bw': 26.0}, ((0, 3), (91, 76)): {'bw': 26.0}, ((0, 3), (76, np.int64(49))): {'bw': 26.0}, ((5, 7), (np.int64(43), 57)): {'bw': 18.0}, ((5, 7), (57, 34)): {'bw': 18.0}, ((5, 7), (34, np.int64(80))): {'bw': 18.0}, ((3, 5), (np.int64(49), 0)): {'bw': 12.0}, ((3, 5), (0, np.int64(43))): {'bw': 12.0}, ((5, 6), (np.int64(43), 25)): {'bw': 13.0}, ((5, 6), (25, np.int64(32))): {'bw': 13.0}, ((0, 1), (np.int64(36), 91)): {'bw': 15.0}, ((0, 1), (91, np.int64(98))): {'bw': 15.0}, ((2, 7), (np.int64(30), 91)): {'bw': 12.0}, ((2, 7), (91, np.int64(80))): {'bw': 12.0}, ((7, 8), (np.int64(80), 56)): {'bw': 11.0}, ((7, 8), (56, 15)): {'bw': 11.0}, ((7, 8), (15, np.int64(5))): {'bw': 11.0}, ((8, 9), (np.int64(5), 74)): {'bw': 11.0}, ((8, 9), (74, np.int64(1))): {'bw': 11.0}, ((0, 8), (np.int64(36), 15)): {'bw': 9.0}, ((0, 8), (15, np.int64(5))): {'bw': 9.0}}",1103.0,617.0,617.0,136.0,481.0,136.0,481.0,136.0,967.0,486.0,0.5593834995466909,443845.76071943966,248279.99489020332,225.0951902903022,Success,0.0,"{'node_level': {}, 'link_level': {}, 'path_level': {}}","{'node_level': {9: {'cpu': -27}, 3: {'cpu': -50}, 0: {'cpu': -58}, 5: {'cpu': -49}, 6: {'cpu': -68}, 8: {'cpu': -41}, 1: {'cpu': -35}, 4: {'cpu': -49}, 2: {'cpu': -32}, 7: {'cpu': -46}}, 'link_level': {}, 'path_level': {}}","{'node_level': {9: {'cpu': 0}, 3: {'cpu': 0}, 0: {'cpu': 0}, 5: {'cpu': 0}, 6: {'cpu': 0}, 8: {'cpu': 0}, 1: {'cpu': 0}, 4: {'cpu': 0}, 2: {'cpu': 0}, 7: {'cpu': 0}}, 'link_level': {}, 'path_level': {}}",[],0.0,0.0,True,True,False,0,[],0,0.0,"OrderedDict([((7, 9), 0), ((4, 5), 0), ((2, 9), 0), ((3, 7), 0), ((0, 6), 0), ((3, 8), 0), ((0, 9), 0), ((6, 9), 0), ((1, 5), 0), ((0, 3), 0), ((5, 7), 0), ((3, 5), 0), ((5, 6), 0), ((0, 1), 0), ((2, 7), 0), ((7, 8), 0), ((8, 9), 0), ((0, 8), 0)])",0.0,0.0,10.0,18.0
19,14,12,4146.0,7327.0,1817214.4921067369,3113678.546070598,0.5658523270096902,0.5836230250550515,37,21,1,243.0,41218.0,6475,34743.0,0.10726595891355306,0.12256288513991309,18,90.12612578691468,243.0,3,2,True,"{1: np.int64(9), 0: np.int64(4), 2: np.int64(68)}","{(0, 1): [(np.int64(4), 68), (68, 29), (29, np.int64(9))], (0, 2): [(np.int64(4), 68)]}","{(1, np.int64(9)): {'cpu': 11}, (0, np.int64(4)): {'cpu': 3}, (2, np.int64(68)): {'cpu': 5}}","{((0, 1), (np.int64(4), 68)): {'bw': 37.0}, ((0, 1), (68, 29)): {'bw': 37.0}, ((0, 1), (29, np.int64(9))): {'bw': 37.0}, ((0, 2), (np.int64(4), 68)): {'bw': 20.0}}",150.0,76.0,76.0,19.0,57.0,19.0,57.0,19.0,131.0,74.0,0.5066666666666667,13518.918868037203,6849.585559805516,45.66390373203678,Success,0.0,"{'node_level': {}, 'link_level': {}, 'path_level': {}}","{'node_level': {1: {'cpu': -89}, 0: {'cpu': -37}, 2: {'cpu': -46}}, 'link_level': {}, 'path_level': {}}","{'node_level': {1: {'cpu': 0}, 0: {'cpu': 0}, 2: {'cpu': 0}}, 'link_level': {}, 'path_level': {}}",[],0.0,0.0,True,True,False,0,[],0,0.0,"OrderedDict([((0, 1), 0), ((0, 2), 0)])",0.0,0.0,3.0,2.0
20,15,13,4485.0,8173.0,1895477.8781815814,3308990.7130892365,0.5487581059586443,0.572826593524037,40,22,1,260.0,40372.0,6420,33952.0,0.11484902798841856,0.14253965046974437,19,230.86544564850888,260.0,7,12,True,"{3: np.int64(78), 2: np.int64(83), 0: np.int64(18), 4: np.int64(75), 6: np.int64(77), 1: np.int64(64), 5: np.int64(90)}","{(3, 5): [(np.int64(78), 68), (68, 82), (82, 51), (51, np.int64(90))], (0, 3): [(np.int64(18), 98), (98, np.int64(78))], (4, 5): [(np.int64(75), 44), (44, np.int64(90))], (1, 4): [(np.int64(64), 69), (69, 45), (45, np.int64(75))], (2, 3): [(np.int64(83), 19), (19, 31), (31, 71), (71, np.int64(78))], (1, 6): [(np.int64(64), 93), (93, 3), (3, np.int64(77))], (2, 4): [(np.int64(83), 44), (44, np.int64(75))], (4, 6): [(np.int64(75), 6), (6, 91), (91, np.int64(77))], (0, 2): [(np.int64(18), 83)], (1, 5): [(np.int64(64), 29), (29, np.int64(90))], (2, 5): [(np.int64(83), 0), (0, np.int64(90))], (0, 5): [(np.int64(18), 29), (29, np.int64(90))]}","{(3, np.int64(78)): {'cpu': 15}, (2, np.int64(83)): {'cpu': 10}, (0, np.int64(18)): {'cpu': 10}, (4, np.int64(75)): {'cpu': 5}, (6, np.int64(77)): {'cpu': 11}, (1, np.int64(64)): {'cpu': 3}, (5, np.int64(90)): {'cpu': 1}}","{((3, 5), (np.int64(78), 68)): {'bw': 48.0}, ((3, 5), (68, 82)): {'bw': 48.0}, ((3, 5), (82, 51)): {'bw': 48.0}, ((3, 5), (51, np.int64(90))): {'bw': 48.0}, ((0, 3), (np.int64(18), 98)): {'bw': 44.0}, ((0, 3), (98, np.int64(78))): {'bw': 44.0}, ((4, 5), (np.int64(75), 44)): {'bw': 35.0}, ((4, 5), (44, np.int64(90))): {'bw': 35.0}, ((1, 4), (np.int64(64), 69)): {'bw': 38.0}, ((1, 4), (69, 45)): {'bw': 38.0}, ((1, 4), (45, np.int64(75))): {'bw': 38.0}, ((2, 3), (np.int64(83), 19)): {'bw': 31.0}, ((2, 3), (19, 31)): {'bw': 31.0}, ((2, 3), (31, 71)): {'bw': 31.0}, ((2, 3), (71, np.int64(78))): {'bw': 31.0}, ((1, 6), (np.int64(64), 93)): {'bw': 24.0}, ((1, 6), (93, 3)): {'bw': 24.0}, ((1, 6), (3, np.int64(77))): {'bw': 24.0}, ((2, 4), (np.int64(83), 44)): {'bw': 18.0}, ((2, 4), (44, np.int64(75))): {'bw': 18.0}, ((4, 6), (np.int64(75), 6)): {'bw': 17.0}, ((4, 6), (6, 91)): {'bw': 17.0}, ((4, 6), (91, np.int64(77))): {'bw': 17.0}, ((0, 2), (np.int64(18), 83)): {'bw': 14.0}, ((1, 5), (np.int64(64), 29)): {'bw': 8.0}, ((1, 5), (29, np.int64(90))): {'bw': 8.0}, ((2, 5), (np.int64(83), 0)): {'bw': 4.0}, ((2, 5), (0, np.int64(90))): {'bw': 4.0}, ((0, 5), (np.int64(18), 29)): {'bw': 3.0}, ((0, 5), (29, np.int64(90))): {'bw': 3.0}}",846.0,339.0,339.0,55.0,284.0,55.0,284.0,55.0,791.0,507.0,0.40070921985815605,195312.16701863852,78263.38607484451,92.50991261801953,Success,0.0,"{'node_level': {}, 'link_level': {}, 'path_level': {}}","{'node_level': {3: {'cpu': -45}, 2: {'cpu': -51}, 0: {'cpu': -15}, 4: {'cpu': -63}, 6: {'cpu': -25}, 1: {'cpu': -79}, 5: {'cpu': -85}}, 'link_level': {}, 'path_level': {}}","{'node_level': {3: {'cpu': 0}, 2: {'cpu': 0}, 0: {'cpu': 0}, 4: {'cpu': 0}, 6: {'cpu': 0}, 1: {'cpu': 0}, 5: {'cpu': 0}}, 'link_level': {}, 'path_level': {}}",[],0.0,0.0,True,True,False,0,[],0,0.0,"OrderedDict([((3, 5), 0), ((0, 3), 0), ((4, 5), 0), ((1, 4), 0), ((2, 3), 0), ((1, 6), 0), ((2, 4), 0), ((4, 6), 0), ((0, 2), 0), ((1, 5), 0), ((2, 5), 0), ((0, 5), 0)])",0.0,0.0,7.0,12.0
21,15,13,4485.0,8173.0,1895477.8781815814,3308990.7130892365,0.5487581059586443,0.572826593524037,40,23,1,281.0,40372.0,6420,33952.0,0.11484902798841856,0.14253965046974437,20,79.17075280023421,281.0,10,28,False,"{4: np.int64(11), 7: np.int64(59), 2: np.int64(4), 0: np.int64(13), 8: np.int64(46), 3: np.int64(25), 5: np.int64(28), 1: np.int64(73), 6: np.int64(10), 9: np.int64(95)}","{(8, 9): [(np.int64(46), 33), (33, np.int64(95))], (0, 9): [(np.int64(13), 7), (7, np.int64(95))], (5, 8): [(np.int64(28), 8), (8, 39), (39, np.int64(46))], (1, 2): [(np.int64(73), 4)], (1, 4): [(np.int64(73), 79), (79, np.int64(11))], (3, 7): [(np.int64(25), 81), (81, np.int64(59))], (0, 2): [(np.int64(13), 4)]}","{(4, np.int64(11)): {'cpu': 17}, (7, np.int64(59)): {'cpu': 12}, (2, np.int64(4)): {'cpu': 15}, (0, np.int64(13)): {'cpu': 12}, (8, np.int64(46)): {'cpu': 7}, (3, np.int64(25)): {'cpu': 15}, (5, np.int64(28)): {'cpu': 4}, (1, np.int64(73)): {'cpu': 4}, (6, np.int64(10)): {'cpu': 7}, (9, np.int64(95)): {'cpu': 3}}","{((8, 9), (np.int64(46), 33)): {'bw': 45.0}, ((8, 9), (33, np.int64(95))): {'bw': 45.0}, ((0, 9), (np.int64(13), 7)): {'bw': 46.0}, ((0, 9), (7, np.int64(95))): {'bw': 46.0}, ((5, 8), (np.int64(28), 8)): {'bw': 43.0}, ((5, 8), (8, 39)): {'bw': 43.0}, ((5, 8), (39, np.int64(46))): {'bw': 43.0}, ((1, 2), (np.int64(73), 4)): {'bw': 41.0}, ((1, 4), (np.int64(73), 79)): {'bw': 40.0}, ((1, 4), (79, np.int64(11))): {'bw': 40.0}, ((3, 7), (np.int64(25), 81)): {'bw': 34.0}, ((3, 7), (81, np.int64(59))): {'bw': 34.0}, ((0, 2), (np.int64(13), 4)): {'bw': 33.0}}",0.0,0.0,759.0,96.0,663.0,0.0,0.0,0.0,0.0,0.0,0.0,0.0,0.0,0.0,Route Failure,0.0,"{'node_level': {}, 'link_level': {}, 'path_level': {}}","{'node_level': {4: {'cpu': -56}, 7: {'cpu': -76}, 2: {'cpu': -22}, 0: {'cpu': -49}, 8: {'cpu': -75}, 3: {'cpu': -33}, 5: {'cpu': -46}, 1: {'cpu': -57}, 6: {'cpu': -63}, 9: {'cpu': -63}}, 'link_level': {}, 'path_level': {}}","{'node_level': {4: {'cpu': 0}, 7: {'cpu': 0}, 2: {'cpu': 0}, 0: {'cpu': 0}, 8: {'cpu': 0}, 3: {'cpu': 0}, 5: {'cpu': 0}, 1: {'cpu': 0}, 6: {'cpu': 0}, 9: {'cpu': 0}}, 'link_level': {}, 'path_level': {}}",[],0.0,0.0,True,False,False,0,[],0,0.0,"OrderedDict([((8, 9), 0), ((0, 9), 0), ((5, 8), 0), ((1, 2), 0), ((1, 4), 0), ((3, 7), 0), ((0, 2), 0)])",0.0,0.0,10.0,7.0
22,16,14,4771.0,8608.0,2016038.7522925008,3492361.2733628377,0.5542518587360595,0.5772709621050265,42,24,1,296.0,39937.0,6348,33589.0,0.1247759547773335,0.15170724315587436,21,421.54151787034783,296.0,6,9,True,"{1: np.int64(11), 3: np.int64(59), 0: np.int64(25), 4: np.int64(91), 2: np.int64(4), 5: np.int64(13)}","{(0, 1): [(np.int64(25), 11)], (1, 4): [(np.int64(11), 19), (19, np.int64(91))], (1, 3): [(np.int64(11), 77), (77, np.int64(59))], (2, 3): [(np.int64(4), 79), (79, np.int64(59))], (1, 5): [(np.int64(11), 36), (36, np.int64(13))], (0, 3): [(np.int64(25), 81), (81, np.int64(59))], (0, 4): [(np.int64(25), 91)], (3, 4): [(np.int64(59), 77), (77, np.int64(91))], (0, 5): [(np.int64(25), 95), (95, np.int64(13))]}","{(1, np.int64(11)): {'cpu': 18}, (3, np.int64(59)): {'cpu': 18}, (0, np.int64(25)): {'cpu': 11}, (4, np.int64(91)): {'cpu': 9}, (2, np.int64(4)): {'cpu': 12}, (5, np.int64(13)): {'cpu': 4}}","{((0, 1), (np.int64(25), 11)): {'bw': 49.0}, ((1, 4), (np.int64(11), 19)): {'bw': 40.0}, ((1, 4), (19, np.int64(91))): {'bw': 40.0}, ((1, 3), (np.int64(11), 77)): {'bw': 37.0}, ((1, 3), (77, np.int64(59))): {'bw': 37.0}, ((2, 3), (np.int64(4), 79)): {'bw': 30.0}, ((2, 3), (79, np.int64(59))): {'bw': 30.0}, ((1, 5), (np.int64(11), 36)): {'bw': 22.0}, ((1, 5), (36, np.int64(13))): {'bw': 22.0}, ((0, 3), (np.int64(25), 81)): {'bw': 12.0}, ((0, 3), (81, np.int64(59))): {'bw': 12.0}, ((0, 4), (np.int64(25), 91)): {'bw': 16.0}, ((3, 4), (np.int64(59), 77)): {'bw': 4.0}, ((3, 4), (77, np.int64(91))): {'bw': 4.0}, ((0, 5), (np.int64(25), 95)): {'bw': 4.0}, ((0, 5), (95, np.int64(13))): {'bw': 4.0}}",435.0,286.0,286.0,72.0,214.0,72.0,214.0,72.0,363.0,149.0,0.6574712643678161,183370.5602736013,120560.87411091948,277.15143473774594,Success,0.0,"{'node_level': {}, 'link_level': {}, 'path_level': {}}","{'node_level': {1: {'cpu': -55}, 3: {'cpu': -70}, 0: {'cpu': -37}, 4: {'cpu': -54}, 2: {'cpu': -25}, 5: {'cpu': -57}}, 'link_level': {}, 'path_level': {}}","{'node_level': {1: {'cpu': 0}, 3: {'cpu': 0}, 0: {'cpu': 0}, 4: {'cpu': 0}, 2: {'cpu': 0}, 5: {'cpu': 0}}, 'link_level': {}, 'path_level': {}}",[],0.0,0.0,True,True,False,0,[],0,0.0,"OrderedDict([((0, 1), 0), ((1, 4), 0), ((1, 3), 0), ((2, 3), 0), ((1, 5), 0), ((0, 3), 0), ((0, 4), 0), ((3, 4), 0), ((0, 5), 0)])",0.0,0.0,6.0,9.0
22,16,13,4771.0,8608.0,2016038.7522925008,3492361.2733628377,0.5542518587360595,0.5772709621050265,42,25,0,303.6702058616888,40581.0,6423,34158.0,0.11443540603888047,0.13733710475805638,10,162.6702058616888,141.0,8,14,False,{},{},{},{},0.0,0.0,0.0,0.0,0.0,0.0,0.0,0.0,0.0,0.0,0.0,0.0,0.0,0.0,Leave Event,0.0,"{'node_level': {}, 'link_level': {}, 'path_level': {}}","{'node_level': {}, 'link_level': {}, 'path_level': {}}","{'node_level': {}, 'link_level': {}, 'path_level': {}}",[],0.0,0.0,True,True,False,0,[],0,0.0,,,,,
23,17,14,5030.0,9024.0,2173576.6222536815,3745395.072219406,0.5574024822695035,0.5803330704351268,42,26,1,311.0,40165.0,6348,33817.0,0.1247759547773335,0.145949085766239,22,608.2543241744426,311.0,5,7,True,"{1: np.int64(52), 2: np.int64(53), 4: np.int64(95), 3: np.int64(79), 0: np.int64(13)}","{(1, 3): [(np.int64(52), 79)], (1, 4): [(np.int64(52), 7), (7, np.int64(95))], (0, 2): [(np.int64(13), 95), (95, np.int64(53))], (1, 2): [(np.int64(52), 7), (7, 95), (95, np.int64(53))], (0, 3): [(np.int64(13), 4), (4, np.int64(79))], (2, 4): [(np.int64(53), 95)], (3, 4): [(np.int64(79), 33), (33, np.int64(95))]}","{(1, np.int64(52)): {'cpu': 19}, (2, np.int64(53)): {'cpu': 18}, (4, np.int64(95)): {'cpu': 20}, (3, np.int64(79)): {'cpu': 8}, (0, np.int64(13)): {'cpu': 10}}","{((1, 3), (np.int64(52), 79)): {'bw': 48.0}, ((1, 4), (np.int64(52), 7)): {'bw': 49.0}, ((1, 4), (7, np.int64(95))): {'bw': 49.0}, ((0, 2), (np.int64(13), 95)): {'bw': 36.0}, ((0, 2), (95, np.int64(53))): {'bw': 36.0}, ((1, 2), (np.int64(52), 7)): {'bw': 29.0}, ((1, 2), (7, 95)): {'bw': 29.0}, ((1, 2), (95, np.int64(53))): {'bw': 29.0}, ((0, 3), (np.int64(13), 4)): {'bw': 10.0}, ((0, 3), (4, np.int64(79))): {'bw': 10.0}, ((2, 4), (np.int64(53), 95)): {'bw': 8.0}, ((3, 4), (np.int64(79), 33)): {'bw': 4.0}, ((3, 4), (33, np.int64(95))): {'bw': 4.0}}",416.0,259.0,259.0,75.0,184.0,75.0,184.0,75.0,341.0,157.0,0.6225961538461539,253033.79885656812,157537.86996118064,378.6968027912996,Success,0.0,"{'node_level': {}, 'link_level': {}, 'path_level': {}}","{'node_level': {1: {'cpu': -81}, 2: {'cpu': -60}, 4: {'cpu': -65}, 3: {'cpu': -77}, 0: {'cpu': -48}}, 'link_level': {}, 'path_level': {}}","{'node_level': {1: {'cpu': 0}, 2: {'cpu': 0}, 4: {'cpu': 0}, 3: {'cpu': 0}, 0: {'cpu': 0}}, 'link_level': {}, 'path_level': {}}",[],0.0,0.0,True,True,False,0,[],0,0.0,"OrderedDict([((1, 3), 0), ((1, 4), 0), ((0, 2), 0), ((1, 2), 0), ((0, 3), 0), ((2, 4), 0), ((3, 4), 0)])",0.0,0.0,5.0,7.0
24,18,15,5054.0,9060.0,2177660.783190215,3751521.3136242055,0.5578366445916115,0.580474053361157,43,27,1,320.0,40129.0,6336,33793.0,0.12643044257548597,0.1465552075967269,23,170.17337235555323,320.0,2,1,True,"{0: np.int64(72), 1: np.int64(42)}","{(0, 1): [(np.int64(72), 45), (45, np.int64(42))]}","{(0, np.int64(72)): {'cpu': 10}, (1, np.int64(42)): {'cpu': 2}}","{((0, 1), (np.int64(72), 45)): {'bw': 12.0}, ((0, 1), (45, np.int64(42))): {'bw': 12.0}}",36.0,24.0,24.0,12.0,12.0,12.0,12.0,12.0,24.0,12.0,0.6666666666666666,6126.241404799916,4084.1609365332774,113.44891490370215,Success,0.0,"{'node_level': {}, 'link_level': {}, 'path_level': {}}","{'node_level': {0: {'cpu': -41}, 1: {'cpu': -87}}, 'link_level': {}, 'path_level': {}}","{'node_level': {0: {'cpu': 0}, 1: {'cpu': 0}}, 'link_level': {}, 'path_level': {}}",[],0.0,0.0,True,True,False,0,[],0,0.0,"OrderedDict([((0, 1), 0)])",0.0,0.0,2.0,1.0
24,18,14,5054.0,9060.0,2177660.783190215,3751521.3136242055,0.5578366445916115,0.580474053361157,43,28,0,333.1261257869147,40279.0,6355,33924.0,0.12381083689507788,0.1432467926053137,18,90.12612578691468,243.0,3,2,False,{},{},{},{},0.0,0.0,0.0,0.0,0.0,0.0,0.0,0.0,0.0,0.0,0.0,0.0,0.0,0.0,Leave Event,0.0,"{'node_level': {}, 'link_level': {}, 'path_level': {}}","{'node_level': {}, 'link_level': {}, 'path_level': {}}","{'node_level': {}, 'link_level': {}, 'path_level': {}}",[],0.0,0.0,True,True,False,0,[],0,0.0,,,,,
25,19,15,5152.0,9213.0,2205488.0865488932,3794965.981112754,0.5592098122218604,0.5811614906498328,44,29,1,334.0,40126.0,6314,33812.0,0.12946367020543226,0.14607536114759068,24,283.95207508855134,334.0,5,5,True,"{1: np.int64(9), 3: np.int64(29), 4: np.int64(10), 0: np.int64(28), 2: np.int64(60)}","{(1, 3): [(np.int64(9), 29)], (0, 1): [(np.int64(28), 26), (26, 81), (81, np.int64(9))], (3, 4): [(np.int64(29), 68), (68, np.int64(10))], (1, 2): [(np.int64(9), 40), (40, np.int64(60))], (0, 2): [(np.int64(28), 75), (75, np.int64(60))]}","{(1, np.int64(9)): {'cpu': 13}, (3, np.int64(29)): {'cpu': 6}, (4, np.int64(10)): {'cpu': 13}, (0, np.int64(28)): {'cpu': 5}, (2, np.int64(60)): {'cpu': 4}}","{((1, 3), (np.int64(9), 29)): {'bw': 21.0}, ((0, 1), (np.int64(28), 26)): {'bw': 19.0}, ((0, 1), (26, 81)): {'bw': 19.0}, ((0, 1), (81, np.int64(9))): {'bw': 19.0}, ((3, 4), (np.int64(29), 68)): {'bw': 14.0}, ((3, 4), (68, np.int64(10))): {'bw': 14.0}, ((1, 2), (np.int64(9), 40)): {'bw': 2.0}, ((1, 2), (40, np.int64(60))): {'bw': 2.0}, ((0, 2), (np.int64(28), 75)): {'bw': 1.0}, ((0, 2), (75, np.int64(60))): {'bw': 1.0}}",153.0,98.0,98.0,41.0,57.0,41.0,57.0,41.0,112.0,55.0,0.6405228758169934,43444.66748854835,27827.303358678033,181.87779972992175,Success,0.0,"{'node_level': {}, 'link_level': {}, 'path_level': {}}","{'node_level': {1: {'cpu': -87}, 3: {'cpu': -60}, 4: {'cpu': -57}, 0: {'cpu': -45}, 2: {'cpu': -45}}, 'link_level': {}, 'path_level': {}}","{'node_level': {1: {'cpu': 0}, 3: {'cpu': 0}, 4: {'cpu': 0}, 0: {'cpu': 0}, 2: {'cpu': 0}}, 'link_level': {}, 'path_level': {}}",[],0.0,0.0,True,True,False,0,[],0,0.0,"OrderedDict([((1, 3), 0), ((0, 1), 0), ((3, 4), 0), ((1, 2), 0), ((0, 2), 0)])",0.0,0.0,5.0,5.0
26,20,16,5498.0,9886.0,2449595.3110805284,4269775.698193073,0.5561399959538742,0.573705853475435,45,30,1,343.0,39453.0,6239,33214.0,0.13980421894388528,0.16117789675724825,25,705.5122096290029,343.0,7,10,True,"{2: np.int64(38), 3: np.int64(46), 6: np.int64(68), 0: np.int64(5), 1: np.int64(53), 4: np.int64(30), 5: np.int64(79)}","{(1, 6): [(np.int64(53), 84), (84, 97), (97, np.int64(68))], (1, 2): [(np.int64(53), 43), (43, np.int64(38))], (1, 4): [(np.int64(53), 30)], (3, 4): [(np.int64(46), 65), (65, np.int64(30))], (2, 6): [(np.int64(38), 41), (41, np.int64(68))], (3, 5): [(np.int64(46), 33), (33, np.int64(79))], (0, 2): [(np.int64(5), 83), (83, 0), (0, np.int64(38))], (2, 3): [(np.int64(38), 8), (8, 39), (39, np.int64(46))], (0, 5): [(np.int64(5), 79)], (3, 6): [(np.int64(46), 78), (78, np.int64(68))]}","{(2, np.int64(38)): {'cpu': 12}, (3, np.int64(46)): {'cpu': 16}, (6, np.int64(68)): {'cpu': 8}, (0, np.int64(5)): {'cpu': 18}, (1, np.int64(53)): {'cpu': 5}, (4, np.int64(30)): {'cpu': 9}, (5, np.int64(79)): {'cpu': 7}}","{((1, 6), (np.int64(53), 84)): {'bw': 50.0}, ((1, 6), (84, 97)): {'bw': 50.0}, ((1, 6), (97, np.int64(68))): {'bw': 50.0}, ((1, 2), (np.int64(53), 43)): {'bw': 38.0}, ((1, 2), (43, np.int64(38))): {'bw': 38.0}, ((1, 4), (np.int64(53), 30)): {'bw': 30.0}, ((3, 4), (np.int64(46), 65)): {'bw': 29.0}, ((3, 4), (65, np.int64(30))): {'bw': 29.0}, ((2, 6), (np.int64(38), 41)): {'bw': 30.0}, ((2, 6), (41, np.int64(68))): {'bw': 30.0}, ((3, 5), (np.int64(46), 33)): {'bw': 24.0}, ((3, 5), (33, np.int64(79))): {'bw': 24.0}, ((0, 2), (np.int64(5), 83)): {'bw': 27.0}, ((0, 2), (83, 0)): {'bw': 27.0}, ((0, 2), (0, np.int64(38))): {'bw': 27.0}, ((2, 3), (np.int64(38), 8)): {'bw': 21.0}, ((2, 3), (8, 39)): {'bw': 21.0}, ((2, 3), (39, np.int64(46))): {'bw': 21.0}, ((0, 5), (np.int64(5), 79)): {'bw': 12.0}, ((3, 6), (np.int64(46), 78)): {'bw': 10.0}, ((3, 6), (78, np.int64(68))): {'bw': 10.0}}",673.0,346.0,346.0,75.0,271.0,75.0,271.0,75.0,598.0,327.0,0.5141158989598811,474809.71708031895,244107.224531635,362.7150438805869,Success,0.0,"{'node_level': {}, 'link_level': {}, 'path_level': {}}","{'node_level': {2: {'cpu': -38}, 3: {'cpu': -66}, 6: {'cpu': -43}, 0: {'cpu': -23}, 1: {'cpu': -55}, 4: {'cpu': -23}, 5: {'cpu': -70}}, 'link_level': {}, 'path_level': {}}","{'node_level': {2: {'cpu': 0}, 3: {'cpu': 0}, 6: {'cpu': 0}, 0: {'cpu': 0}, 1: {'cpu': 0}, 4: {'cpu': 0}, 5: {'cpu': 0}}, 'link_level': {}, 'path_level': {}}",[],0.0,0.0,True,True,False,0,[],0,0.0,"OrderedDict([((1, 6), 0), ((1, 2), 0), ((1, 4), 0), ((3, 4), 0), ((2, 6), 0), ((3, 5), 0), ((0, 2), 0), ((2, 3), 0), ((0, 5), 0), ((3, 6), 0)])",0.0,0.0,7.0,10.0
26,20,16,5498.0,9886.0,2449595.3110805284,4269775.698193073,0.5561399959538742,0.573705853475435,45,31,0,351.7588618593687,39453.0,6239,33214.0,0.13980421894388528,0.16117789675724825,15,153.75886185936875,198.0,9,12,False,{},{},{},{},0.0,0.0,0.0,0.0,0.0,0.0,0.0,0.0,0.0,0.0,0.0,0.0,0.0,0.0,Leave Event,0.0,"{'node_level': {}, 'link_level': {}, 'path_level': {}}","{'node_level': {}, 'link_level': {}, 'path_level': {}}","{'node_level': {}, 'link_level': {}, 'path_level': {}}",[],0.0,0.0,True,True,False,0,[],0,0.0,,,,,
27,21,17,5532.0,9920.0,2458169.155713512,4278349.542826057,0.5576612903225806,0.574560150148408,45,32,1,355.0,39419.0,6207,33212.0,0.14421618640562528,0.1612284069097889,26,252.17190097011095,355.0,2,1,True,"{0: np.int64(9), 1: np.int64(29)}","{(0, 1): [(np.int64(9), 29)]}","{(0, np.int64(9)): {'cpu': 19}, (1, np.int64(29)): {'cpu': 13}}","{((0, 1), (np.int64(9), 29)): {'bw': 2.0}}",34.0,34.0,34.0,32.0,2.0,32.0,2.0,32.0,2.0,0.0,1.0,8573.844632983772,8573.844632983772,252.17190097011095,Success,0.0,"{'node_level': {}, 'link_level': {}, 'path_level': {}}","{'node_level': {0: {'cpu': -68}, 1: {'cpu': -47}}, 'link_level': {}, 'path_level': {}}","{'node_level': {0: {'cpu': 0}, 1: {'cpu': 0}}, 'link_level': {}, 'path_level': {}}",[],0.0,0.0,True,True,False,0,[],0,0.0,"OrderedDict([((0, 1), 0)])",0.0,0.0,2.0,1.0
27,21,17,5532.0,9920.0,2458169.155713512,4278349.542826057,0.5576612903225806,0.574560150148408,45,33,0,360.1707528002342,39419.0,6207,33212.0,0.14421618640562528,0.1612284069097889,20,79.17075280023421,281.0,10,28,False,{},{},{},{},0.0,0.0,0.0,0.0,0.0,0.0,0.0,0.0,0.0,0.0,0.0,0.0,0.0,0.0,Leave Event,0.0,"{'node_level': {}, 'link_level': {}, 'path_level': {}}","{'node_level': {}, 'link_level': {}, 'path_level': {}}","{'node_level': {}, 'link_level': {}, 'path_level': {}}",[],0.0,0.0,True,True,False,0,[],0,0.0,,,,,
28,22,18,5656.0,10111.0,2598520.636349383,4494536.097676471,0.5593907625358521,0.5781510215687741,45,34,1,364.0,39228.0,6187,33041.0,0.1469736660692127,0.16554702495201534,27,1131.8667793215377,364.0,4,3,True,"{0: np.int64(28), 2: np.int64(4), 3: np.int64(60), 1: np.int64(42)}","{(0, 3): [(np.int64(28), 75), (75, np.int64(60))], (0, 2): [(np.int64(28), 4)], (1, 3): [(np.int64(42), 80), (80, np.int64(60))]}","{(0, np.int64(28)): {'cpu': 7}, (2, np.int64(4)): {'cpu': 8}, (3, np.int64(60)): {'cpu': 4}, (1, np.int64(42)): {'cpu': 1}}","{((0, 3), (np.int64(28), 75)): {'bw': 45.0}, ((0, 3), (75, np.int64(60))): {'bw': 45.0}, ((0, 2), (np.int64(28), 4)): {'bw': 37.0}, ((1, 3), (np.int64(42), 80)): {'bw': 22.0}, ((1, 3), (80, np.int64(60))): {'bw': 22.0}}",191.0,124.0,124.0,20.0,104.0,20.0,104.0,20.0,171.0,67.0,0.6492146596858639,216186.5548504137,140351.48063587068,734.824505946967,Success,0.0,"{'node_level': {}, 'link_level': {}, 'path_level': {}}","{'node_level': {0: {'cpu': -38}, 2: {'cpu': -20}, 3: {'cpu': -41}, 1: {'cpu': -86}}, 'link_level': {}, 'path_level': {}}","{'node_level': {0: {'cpu': 0}, 2: {'cpu': 0}, 3: {'cpu': 0}, 1: {'cpu': 0}}, 'link_level': {}, 'path_level': {}}",[],0.0,0.0,True,True,False,0,[],0,0.0,"OrderedDict([((0, 3), 0), ((0, 2), 0), ((1, 3), 0)])",0.0,0.0,4.0,3.0
29,23,19,5840.0,10377.0,2692237.2385108406,4630017.707322926,0.562783077960875,0.5814745015451551,45,35,1,372.0,38962.0,6141,32821.0,0.15331586929546392,0.171103141731488,28,509.3293595731403,372.0,5,5,True,"{0: np.int64(64), 3: np.int64(52), 4: np.int64(32), 2: np.int64(72), 1: np.int64(45)}","{(0, 2): [(np.int64(64), 72)], (3, 4): [(np.int64(52), 93), (93, 99), (99, np.int64(32))], (0, 3): [(np.int64(64), 52)], (2, 3): [(np.int64(72), 52)], (0, 1): [(np.int64(64), 69), (69, np.int64(45))]}","{(0, np.int64(64)): {'cpu': 13}, (3, np.int64(52)): {'cpu': 9}, (4, np.int64(32)): {'cpu': 17}, (2, np.int64(72)): {'cpu': 4}, (1, np.int64(45)): {'cpu': 3}}","{((0, 2), (np.int64(64), 72)): {'bw': 41.0}, ((3, 4), (np.int64(52), 93)): {'bw': 38.0}, ((3, 4), (93, 99)): {'bw': 38.0}, ((3, 4), (99, np.int64(32))): {'bw': 38.0}, ((0, 3), (np.int64(64), 52)): {'bw': 30.0}, ((2, 3), (np.int64(72), 52)): {'bw': 23.0}, ((0, 1), (np.int64(64), 69)): {'bw': 6.0}, ((0, 1), (69, np.int64(45))): {'bw': 6.0}}",266.0,184.0,184.0,46.0,138.0,46.0,138.0,46.0,220.0,82.0,0.6917293233082706,135481.60964645533,93716.60216145782,352.3180532385632,Success,0.0,"{'node_level': {}, 'link_level': {}, 'path_level': {}}","{'node_level': {0: {'cpu': -66}, 3: {'cpu': -72}, 4: {'cpu': -51}, 2: {'cpu': -37}, 1: {'cpu': -56}}, 'link_level': {}, 'path_level': {}}","{'node_level': {0: {'cpu': 0}, 3: {'cpu': 0}, 4: {'cpu': 0}, 2: {'cpu': 0}, 1: {'cpu': 0}}, 'link_level': {}, 'path_level': {}}",[],0.0,0.0,True,True,False,0,[],0,0.0,"OrderedDict([((0, 2), 0), ((3, 4), 0), ((0, 3), 0), ((2, 3), 0), ((0, 1), 0)])",0.0,0.0,5.0,5.0
30,23,19,5840.0,10377.0,2692237.2385108406,4630017.707322926,0.562783077960875,0.5814745015451551,45,36,1,379.0,38962.0,6141,32821.0,0.15331586929546392,0.171103141731488,29,1110.7534787451477,379.0,10,23,False,"{6: np.int64(2), 4: np.int64(34), 9: np.int64(42), 1: np.int64(20), 2: np.int64(78), 0: np.int64(13), 3: np.int64(90), 7: np.int64(10)}",{},"{(6, np.int64(2)): {'cpu': 17}, (4, np.int64(34)): {'cpu': 20}, (9, np.int64(42)): {'cpu': 15}, (1, np.int64(20)): {'cpu': 10}, (2, np.int64(78)): {'cpu': 13}, (0, np.int64(13)): {'cpu': 20}, (3, np.int64(90)): {'cpu': 13}, (7, np.int64(10)): {'cpu': 19}}",{},0.0,0.0,757.0,145.0,612.0,0.0,0.0,0.0,0.0,0.0,0.0,0.0,0.0,0.0,Place Failure,0.0,"{'node_level': {}, 'link_level': {}, 'path_level': {}}","{'node_level': {6: {'cpu': -33}, 4: {'cpu': -48}, 9: {'cpu': -71}, 1: {'cpu': -86}, 2: {'cpu': -36}, 0: {'cpu': -28}, 3: {'cpu': -72}, 7: {'cpu': -38}}, 'link_level': {}, 'path_level': {}}","{'node_level': {6: {'cpu': 0}, 4: {'cpu': 0}, 9: {'cpu': 0}, 1: {'cpu': 0}, 2: {'cpu': 0}, 0: {'cpu': 0}, 3: {'cpu': 0}, 7: {'cpu': 0}}, 'link_level': {}, 'path_level': {}}",[],0.0,0.0,False,True,False,0,[],0,0.0,,,,8.0,0.0
31,24,20,5919.0,10502.0,2737251.752648069,4701243.204375503,0.5636069320129499,0.5822399807141388,47,37,1,394.0,38837.0,6108,32729.0,0.15786571074038325,0.17342660874835847,30,569.8039764206146,394.0,3,3,True,"{1: np.int64(2), 0: np.int64(45), 2: np.int64(34)}","{(0, 1): [(np.int64(45), 38), (38, np.int64(2))], (0, 2): [(np.int64(45), 57), (57, np.int64(34))], (1, 2): [(np.int64(2), 80), (80, np.int64(34))]}","{(1, np.int64(2)): {'cpu': 17}, (0, np.int64(45)): {'cpu': 12}, (2, np.int64(34)): {'cpu': 4}}","{((0, 1), (np.int64(45), 38)): {'bw': 18.0}, ((0, 1), (38, np.int64(2))): {'bw': 18.0}, ((0, 2), (np.int64(45), 57)): {'bw': 17.0}, ((0, 2), (57, np.int64(34))): {'bw': 17.0}, ((1, 2), (np.int64(2), 80)): {'bw': 11.0}, ((1, 2), (80, np.int64(34))): {'bw': 11.0}}",125.0,79.0,79.0,33.0,46.0,33.0,46.0,33.0,92.0,46.0,0.632,71225.49705257683,45014.51413722856,360.1161130978284,Success,0.0,"{'node_level': {}, 'link_level': {}, 'path_level': {}}","{'node_level': {1: {'cpu': -33}, 0: {'cpu': -44}, 2: {'cpu': -64}}, 'link_level': {}, 'path_level': {}}","{'node_level': {1: {'cpu': 0}, 0: {'cpu': 0}, 2: {'cpu': 0}}, 'link_level': {}, 'path_level': {}}",[],0.0,0.0,True,True,False,0,[],0,0.0,"OrderedDict([((0, 1), 0), ((0, 2), 0), ((1, 2), 0)])",0.0,0.0,3.0,3.0
32,25,21,6095.0,10844.0,2789733.1403565966,4803224.0827636635,0.5620619697528587,0.5808042873468124,49,38,1,398.0,38495.0,6050,32445.0,0.16586240176478695,0.18059905040913227,31,298.1897028893596,398.0,5,5,True,"{3: np.int64(78), 2: np.int64(42), 0: np.int64(20), 4: np.int64(90), 1: np.int64(33)}","{(2, 3): [(np.int64(42), 98), (98, np.int64(78))], (3, 4): [(np.int64(78), 73), (73, 65), (65, 30), (30, np.int64(90))], (1, 3): [(np.int64(33), 46), (46, np.int64(78))], (0, 2): [(np.int64(20), 28), (28, np.int64(42))], (0, 3): [(np.int64(20), 78)]}","{(3, np.int64(78)): {'cpu': 12}, (2, np.int64(42)): {'cpu': 15}, (0, np.int64(20)): {'cpu': 12}, (4, np.int64(90)): {'cpu': 7}, (1, np.int64(33)): {'cpu': 12}}","{((2, 3), (np.int64(42), 98)): {'bw': 41.0}, ((2, 3), (98, np.int64(78))): {'bw': 41.0}, ((3, 4), (np.int64(78), 73)): {'bw': 31.0}, ((3, 4), (73, 65)): {'bw': 31.0}, ((3, 4), (65, 30)): {'bw': 31.0}, ((3, 4), (30, np.int64(90))): {'bw': 31.0}, ((1, 3), (np.int64(33), 46)): {'bw': 18.0}, ((1, 3), (46, np.int64(78))): {'bw': 18.0}, ((0, 2), (np.int64(20), 28)): {'bw': 14.0}, ((0, 2), (28, np.int64(42))): {'bw': 14.0}, ((0, 3), (np.int64(20), 78)): {'bw': 14.0}}",342.0,176.0,176.0,58.0,118.0,58.0,118.0,58.0,284.0,166.0,0.5146198830409356,101980.87838816097,52481.38770852728,153.45435002493358,Success,0.0,"{'node_level': {}, 'link_level': {}, 'path_level': {}}","{'node_level': {3: {'cpu': -37}, 2: {'cpu': -71}, 0: {'cpu': -84}, 4: {'cpu': -78}, 1: {'cpu': -38}}, 'link_level': {}, 'path_level': {}}","{'node_level': {3: {'cpu': 0}, 2: {'cpu': 0}, 0: {'cpu': 0}, 4: {'cpu': 0}, 1: {'cpu': 0}}, 'link_level': {}, 'path_level': {}}",[],0.0,0.0,True,True,False,0,[],0,0.0,"OrderedDict([((2, 3), 0), ((3, 4), 0), ((1, 3), 0), ((0, 2), 0), ((0, 3), 0)])",0.0,0.0,5.0,5.0
33,26,22,6318.0,11209.0,3218228.397870541,5504572.822640748,0.5636542064412525,0.5846463479661329,49,39,1,408.0,38130.0,5997,32133.0,0.1731697228732938,0.18847863420547528,32,1921.503396923519,408.0,5,7,True,"{4: np.int64(3), 3: np.int64(13), 2: np.int64(50), 1: np.int64(10), 0: np.int64(79)}","{(3, 4): [(np.int64(13), 60), (60, np.int64(3))], (1, 4): [(np.int64(10), 3)], (0, 3): [(np.int64(79), 73), (73, np.int64(13))], (2, 3): [(np.int64(50), 4), (4, np.int64(13))], (0, 2): [(np.int64(79), 52), (52, 93), (93, np.int64(50))], (0, 4): [(np.int64(79), 12), (12, np.int64(3))], (2, 4): [(np.int64(50), 93), (93, np.int64(3))]}","{(4, np.int64(3)): {'cpu': 14}, (3, np.int64(13)): {'cpu': 15}, (2, np.int64(50)): {'cpu': 10}, (1, np.int64(10)): {'cpu': 9}, (0, np.int64(79)): {'cpu': 5}}","{((3, 4), (np.int64(13), 60)): {'bw': 47.0}, ((3, 4), (60, np.int64(3))): {'bw': 47.0}, ((1, 4), (np.int64(10), 3)): {'bw': 41.0}, ((0, 3), (np.int64(79), 73)): {'bw': 30.0}, ((0, 3), (73, np.int64(13))): {'bw': 30.0}, ((2, 3), (np.int64(50), 4)): {'bw': 14.0}, ((2, 3), (4, np.int64(13))): {'bw': 14.0}, ((0, 2), (np.int64(79), 52)): {'bw': 13.0}, ((0, 2), (52, 93)): {'bw': 13.0}, ((0, 2), (93, np.int64(50))): {'bw': 13.0}, ((0, 4), (np.int64(79), 12)): {'bw': 15.0}, ((0, 4), (12, np.int64(3))): {'bw': 15.0}, ((2, 4), (np.int64(50), 93)): {'bw': 10.0}, ((2, 4), (93, np.int64(3))): {'bw': 10.0}}",365.0,223.0,223.0,53.0,170.0,53.0,170.0,53.0,312.0,142.0,0.6109589041095891,701348.7398770844,428495.2575139447,1173.959609627246,Success,0.0,"{'node_level': {}, 'link_level': {}, 'path_level': {}}","{'node_level': {4: {'cpu': -23}, 3: {'cpu': -33}, 2: {'cpu': -69}, 1: {'cpu': -48}, 0: {'cpu': -65}}, 'link_level': {}, 'path_level': {}}","{'node_level': {4: {'cpu': 0}, 3: {'cpu': 0}, 2: {'cpu': 0}, 1: {'cpu': 0}, 0: {'cpu': 0}}, 'link_level': {}, 'path_level': {}}",[],0.0,0.0,True,True,False,0,[],0,0.0,"OrderedDict([((3, 4), 0), ((1, 4), 0), ((0, 3), 0), ((2, 3), 0), ((0, 2), 0), ((0, 4), 0), ((2, 4), 0)])",0.0,0.0,5.0,7.0
34,27,23,6478.0,11422.0,3228110.5296282764,5517728.410543233,0.5671511118893364,0.5850433891345626,50,40,1,414.0,37917.0,5930,31987.0,0.18240727974631188,0.19216587534094354,33,61.76332348584527,414.0,5,6,True,"{2: np.int64(41), 0: np.int64(46), 3: np.int64(49), 1: np.int64(31), 4: np.int64(83)}","{(0, 2): [(np.int64(46), 41)], (0, 4): [(np.int64(46), 18), (18, np.int64(83))], (2, 3): [(np.int64(41), 22), (22, np.int64(49))], (1, 3): [(np.int64(31), 49)], (1, 2): [(np.int64(31), 3), (3, np.int64(41))], (0, 3): [(np.int64(46), 9), (9, np.int64(49))]}","{(2, np.int64(41)): {'cpu': 19}, (0, np.int64(46)): {'cpu': 12}, (3, np.int64(49)): {'cpu': 17}, (1, np.int64(31)): {'cpu': 18}, (4, np.int64(83)): {'cpu': 1}}","{((0, 2), (np.int64(46), 41)): {'bw': 27.0}, ((0, 4), (np.int64(46), 18)): {'bw': 19.0}, ((0, 4), (18, np.int64(83))): {'bw': 19.0}, ((2, 3), (np.int64(41), 22)): {'bw': 14.0}, ((2, 3), (22, np.int64(49))): {'bw': 14.0}, ((1, 3), (np.int64(31), 49)): {'bw': 13.0}, ((1, 2), (np.int64(31), 3)): {'bw': 12.0}, ((1, 2), (3, np.int64(41))): {'bw': 12.0}, ((0, 3), (np.int64(46), 9)): {'bw': 8.0}, ((0, 3), (9, np.int64(49))): {'bw': 8.0}}",213.0,160.0,160.0,67.0,93.0,67.0,93.0,67.0,146.0,53.0,0.7511737089201878,13155.587902485042,9882.131757735244,46.39498477809973,Success,0.0,"{'node_level': {}, 'link_level': {}, 'path_level': {}}","{'node_level': {2: {'cpu': -19}, 0: {'cpu': -54}, 3: {'cpu': -33}, 1: {'cpu': -47}, 4: {'cpu': -50}}, 'link_level': {}, 'path_level': {}}","{'node_level': {2: {'cpu': 0}, 0: {'cpu': 0}, 3: {'cpu': 0}, 1: {'cpu': 0}, 4: {'cpu': 0}}, 'link_level': {}, 'path_level': {}}",[],0.0,0.0,True,True,False,0,[],0,0.0,"OrderedDict([((0, 2), 0), ((0, 4), 0), ((2, 3), 0), ((1, 3), 0), ((1, 2), 0), ((0, 3), 0)])",0.0,0.0,5.0,6.0
35,27,23,6478.0,11422.0,3228110.5296282764,5517728.410543233,0.5671511118893364,0.5850433891345626,50,41,1,423.0,37917.0,5930,31987.0,0.18240727974631188,0.19216587534094354,34,728.4092813015957,423.0,9,23,False,"{1: np.int64(34), 2: np.int64(43), 6: np.int64(54), 7: np.int64(91)}",{},"{(1, np.int64(34)): {'cpu': 14}, (2, np.int64(43)): {'cpu': 15}, (6, np.int64(54)): {'cpu': 11}, (7, np.int64(91)): {'cpu': 19}}",{},0.0,0.0,626.0,109.0,517.0,0.0,0.0,0.0,0.0,0.0,0.0,0.0,0.0,0.0,Place Failure,0.0,"{'node_level': {}, 'link_level': {}, 'path_level': {}}","{'node_level': {1: {'cpu': -50}, 2: {'cpu': -34}, 6: {'cpu': -73}, 7: {'cpu': -35}}, 'link_level': {}, 'path_level': {}}","{'node_level': {1: {'cpu': 0}, 2: {'cpu': 0}, 6: {'cpu': 0}, 7: {'cpu': 0}}, 'link_level': {}, 'path_level': {}}",[],0.0,0.0,False,True,False,0,[],0,0.0,,,,4.0,0.0
36,28,24,6538.0,11523.0,3244032.204380564,5544529.89637625,0.5673869652000347,0.5850869713049563,50,42,1,436.0,37816.0,5911,31905.0,0.18502688542671997,0.19423679159511065,35,265.3612458714599,436.0,2,1,True,"{0: np.int64(34), 1: np.int64(43)}","{(0, 1): [(np.int64(34), 57), (57, np.int64(43))]}","{(0, np.int64(34)): {'cpu': 11}, (1, np.int64(43)): {'cpu': 8}}","{((0, 1), (np.int64(34), 57)): {'bw': 41.0}, ((0, 1), (57, np.int64(43))): {'bw': 41.0}}",101.0,60.0,60.0,19.0,41.0,19.0,41.0,19.0,82.0,41.0,0.594059405940594,26801.48583301745,15921.674752287596,157.64034408205538,Success,0.0,"{'node_level': {}, 'link_level': {}, 'path_level': {}}","{'node_level': {0: {'cpu': -53}, 1: {'cpu': -41}}, 'link_level': {}, 'path_level': {}}","{'node_level': {0: {'cpu': 0}, 1: {'cpu': 0}}, 'link_level': {}, 'path_level': {}}",[],0.0,0.0,True,True,False,0,[],0,0.0,"OrderedDict([((0, 1), 0)])",0.0,0.0,2.0,1.0
36,28,23,6538.0,11523.0,3244032.204380564,5544529.89637625,0.5673869652000347,0.5850869713049563,50,43,0,439.62396831078695,38325.0,5978,32347.0,0.17578932855370188,0.18307404788362458,6,355.62396831078695,84.0,7,9,False,{},{},{},{},0.0,0.0,0.0,0.0,0.0,0.0,0.0,0.0,0.0,0.0,0.0,0.0,0.0,0.0,Leave Event,0.0,"{'node_level': {}, 'link_level': {}, 'path_level': {}}","{'node_level': {}, 'link_level': {}, 'path_level': {}}","{'node_level': {}, 'link_level': {}, 'path_level': {}}",[],0.0,0.0,True,True,False,0,[],0,0.0,,,,,
37,29,24,6613.0,11602.0,3286230.2804747815,5588978.536528827,0.5699879331149802,0.5879840580879697,50,44,1,450.0,38246.0,5946,32300.0,0.18020129601544188,0.18426103646833014,36,562.6410145895702,450.0,3,3,True,"{1: np.int64(25), 2: np.int64(33), 0: np.int64(7)}","{(1, 2): [(np.int64(25), 33)], (0, 1): [(np.int64(7), 95), (95, np.int64(25))], (0, 2): [(np.int64(7), 33)]}","{(1, np.int64(25)): {'cpu': 17}, (2, np.int64(33)): {'cpu': 12}, (0, np.int64(7)): {'cpu': 3}}","{((1, 2), (np.int64(25), 33)): {'bw': 38.0}, ((0, 1), (np.int64(7), 95)): {'bw': 4.0}, ((0, 1), (95, np.int64(25))): {'bw': 4.0}, ((0, 2), (np.int64(7), 33)): {'bw': 1.0}}",79.0,75.0,75.0,32.0,43.0,32.0,43.0,32.0,47.0,4.0,0.9493670886075949,44448.640152576045,42198.076094217766,534.1528619521235,Success,0.0,"{'node_level': {}, 'link_level': {}, 'path_level': {}}","{'node_level': {1: {'cpu': -35}, 2: {'cpu': -26}, 0: {'cpu': -47}}, 'link_level': {}, 'path_level': {}}","{'node_level': {1: {'cpu': 0}, 2: {'cpu': 0}, 0: {'cpu': 0}}, 'link_level': {}, 'path_level': {}}",[],0.0,0.0,True,True,False,0,[],0,0.0,"OrderedDict([((1, 2), 0), ((0, 1), 0), ((0, 2), 0)])",0.0,0.0,3.0,3.0
38,30,25,6669.0,11696.0,3294277.7738273423,5602486.828942054,0.5701949384404925,0.5880027699144841,50,45,1,462.0,38152.0,5928,32224.0,0.18268302771267064,0.1861804222648752,37,143.7052384385845,462.0,2,1,True,"{0: np.int64(7), 1: np.int64(91)}","{(0, 1): [(np.int64(7), 54), (54, np.int64(91))]}","{(0, np.int64(7)): {'cpu': 16}, (1, np.int64(91)): {'cpu': 2}}","{((0, 1), (np.int64(7), 54)): {'bw': 38.0}, ((0, 1), (54, np.int64(91))): {'bw': 38.0}}",94.0,56.0,56.0,18.0,38.0,18.0,38.0,18.0,76.0,38.0,0.5957446808510638,13508.292413226944,8047.493352560732,85.61163141022055,Success,0.0,"{'node_level': {}, 'link_level': {}, 'path_level': {}}","{'node_level': {0: {'cpu': -31}, 1: {'cpu': -57}}, 'link_level': {}, 'path_level': {}}","{'node_level': {0: {'cpu': 0}, 1: {'cpu': 0}}, 'link_level': {}, 'path_level': {}}",[],0.0,0.0,True,True,False,0,[],0,0.0,"OrderedDict([((0, 1), 0)])",0.0,0.0,2.0,1.0
38,30,24,6669.0,11696.0,3294277.7738273423,5602486.828942054,0.5701949384404925,0.5880027699144841,50,46,0,468.6000625501342,39153.0,6028,33125.0,0.16889562939473324,0.16342559854530758,16,253.60006255013423,215.0,9,22,False,{},{},{},{},0.0,0.0,0.0,0.0,0.0,0.0,0.0,0.0,0.0,0.0,0.0,0.0,0.0,0.0,Leave Event,0.0,"{'node_level': {}, 'link_level': {}, 'path_level': {}}","{'node_level': {}, 'link_level': {}, 'path_level': {}}","{'node_level': {}, 'link_level': {}, 'path_level': {}}",[],0.0,0.0,True,True,False,0,[],0,0.0,,,,,
39,31,25,7019.0,12385.0,3360032.071201989,5731928.860059572,0.5667339523617279,0.5861957036164381,51,47,1,474.0,38464.0,5956,32508.0,0.17882255618364817,0.1790079806041014,38,187.86942107041867,474.0,6,9,True,"{1: np.int64(7), 0: np.int64(91), 2: np.int64(69), 3: np.int64(77), 5: np.int64(72), 4: np.int64(64)}","{(1, 5): [(np.int64(7), 15), (15, 56), (56, np.int64(72))], (3, 4): [(np.int64(77), 97), (97, 34), (34, np.int64(64))], (0, 2): [(np.int64(91), 69)], (0, 1): [(np.int64(91), 54), (54, np.int64(7))], (0, 3): [(np.int64(91), 6), (6, 10), (10, 3), (3, np.int64(77))], (1, 2): [(np.int64(7), 12), (12, np.int64(69))], (2, 5): [(np.int64(69), 72)], (2, 4): [(np.int64(69), 64)], (1, 3): [(np.int64(7), 42), (42, np.int64(77))]}","{(1, np.int64(7)): {'cpu': 17}, (0, np.int64(91)): {'cpu': 19}, (2, np.int64(69)): {'cpu': 14}, (3, np.int64(77)): {'cpu': 9}, (5, np.int64(72)): {'cpu': 6}, (4, np.int64(64)): {'cpu': 7}}","{((1, 5), (np.int64(7), 15)): {'bw': 46.0}, ((1, 5), (15, 56)): {'bw': 46.0}, ((1, 5), (56, np.int64(72))): {'bw': 46.0}, ((3, 4), (np.int64(77), 97)): {'bw': 43.0}, ((3, 4), (97, 34)): {'bw': 43.0}, ((3, 4), (34, np.int64(64))): {'bw': 43.0}, ((0, 2), (np.int64(91), 69)): {'bw': 41.0}, ((0, 1), (np.int64(91), 54)): {'bw': 36.0}, ((0, 1), (54, np.int64(7))): {'bw': 36.0}, ((0, 3), (np.int64(91), 6)): {'bw': 27.0}, ((0, 3), (6, 10)): {'bw': 27.0}, ((0, 3), (10, 3)): {'bw': 27.0}, ((0, 3), (3, np.int64(77))): {'bw': 27.0}, ((1, 2), (np.int64(7), 12)): {'bw': 31.0}, ((1, 2), (12, np.int64(69))): {'bw': 31.0}, ((2, 5), (np.int64(69), 72)): {'bw': 24.0}, ((2, 4), (np.int64(69), 64)): {'bw': 17.0}, ((1, 3), (np.int64(7), 42)): {'bw': 13.0}, ((1, 3), (42, np.int64(77))): {'bw': 13.0}}",689.0,350.0,350.0,72.0,278.0,72.0,278.0,72.0,617.0,339.0,0.5079825834542816,129442.03111751846,65754.29737464653,95.43439386741152,Success,0.0,"{'node_level': {}, 'link_level': {}, 'path_level': {}}","{'node_level': {1: {'cpu': -33}, 0: {'cpu': -43}, 2: {'cpu': -75}, 3: {'cpu': -23}, 5: {'cpu': -31}, 4: {'cpu': -66}}, 'link_level': {}, 'path_level': {}}","{'node_level': {1: {'cpu': 0}, 0: {'cpu': 0}, 2: {'cpu': 0}, 3: {'cpu': 0}, 5: {'cpu': 0}, 4: {'cpu': 0}}, 'link_level': {}, 'path_level': {}}",[],0.0,0.0,True,True,False,0,[],0,0.0,"OrderedDict([((1, 5), 0), ((3, 4), 0), ((0, 2), 0), ((0, 1), 0), ((0, 3), 0), ((1, 2), 0), ((2, 5), 0), ((2, 4), 0), ((1, 3), 0)])",0.0,0.0,6.0,9.0
39,31,24,7019.0,12385.0,3360032.071201989,5731928.860059572,0.5667339523617279,0.5861957036164381,51,48,0,475.76332348584526,38677.0,6023,32654.0,0.1695849993106301,0.17532073946863325,33,61.76332348584527,414.0,5,6,False,{},{},{},{},0.0,0.0,0.0,0.0,0.0,0.0,0.0,0.0,0.0,0.0,0.0,0.0,0.0,0.0,Leave Event,0.0,"{'node_level': {}, 'link_level': {}, 'path_level': {}}","{'node_level': {}, 'link_level': {}, 'path_level': {}}","{'node_level': {}, 'link_level': {}, 'path_level': {}}",[],0.0,0.0,True,True,False,0,[],0,0.0,,,,,
39,31,23,7019.0,12385.0,3360032.071201989,5731928.860059572,0.5667339523617279,0.5861957036164381,51,49,0,481.4217591391749,39070.0,6113,32957.0,0.1571763408244864,0.1676684513587231,4,416.4217591391749,65.0,9,10,False,{},{},{},{},0.0,0.0,0.0,0.0,0.0,0.0,0.0,0.0,0.0,0.0,0.0,0.0,0.0,0.0,Leave Event,0.0,"{'node_level': {}, 'link_level': {}, 'path_level': {}}","{'node_level': {}, 'link_level': {}, 'path_level': {}}","{'node_level': {}, 'link_level': {}, 'path_level': {}}",[],0.0,0.0,True,True,False,0,[],0,0.0,,,,,
40,31,23,7019.0,12385.0,3360032.071201989,5731928.860059572,0.5667339523617279,0.5861957036164381,51,50,1,486.0,39070.0,6113,32957.0,0.1571763408244864,0.1676684513587231,39,1682.185253997018,486.0,9,17,False,"{0: np.int64(41), 7: np.int64(18), 5: np.int64(38), 2: np.int64(43), 8: np.int64(30), 3: np.int64(1), 6: np.int64(72), 4: np.int64(33), 1: np.int64(77)}","{(0, 2): [(np.int64(41), 25), (25, np.int64(43))], (4, 8): [(np.int64(33), 53), (53, np.int64(30))], (4, 7): [(np.int64(33), 18)], (3, 6): [(np.int64(1), 72)], (0, 5): [(np.int64(41), 38)], (3, 4): [(np.int64(1), 33)], (5, 8): [(np.int64(38), 45), (45, np.int64(30))], (0, 7): [(np.int64(41), 3), (3, np.int64(18))], (6, 8): [(np.int64(72), 89), (89, 91), (91, np.int64(30))]}","{(0, np.int64(41)): {'cpu': 11}, (7, np.int64(18)): {'cpu': 15}, (5, np.int64(38)): {'cpu': 6}, (2, np.int64(43)): {'cpu': 8}, (8, np.int64(30)): {'cpu': 3}, (3, np.int64(1)): {'cpu': 4}, (6, np.int64(72)): {'cpu': 4}, (4, np.int64(33)): {'cpu': 2}, (1, np.int64(77)): {'cpu': 4}}","{((0, 2), (np.int64(41), 25)): {'bw': 50.0}, ((0, 2), (25, np.int64(43))): {'bw': 50.0}, ((4, 8), (np.int64(33), 53)): {'bw': 45.0}, ((4, 8), (53, np.int64(30))): {'bw': 45.0}, ((4, 7), (np.int64(33), 18)): {'bw': 40.0}, ((3, 6), (np.int64(1), 72)): {'bw': 42.0}, ((0, 5), (np.int64(41), 38)): {'bw': 43.0}, ((3, 4), (np.int64(1), 33)): {'bw': 42.0}, ((5, 8), (np.int64(38), 45)): {'bw': 37.0}, ((5, 8), (45, np.int64(30))): {'bw': 37.0}, ((0, 7), (np.int64(41), 3)): {'bw': 31.0}, ((0, 7), (3, np.int64(18))): {'bw': 31.0}, ((6, 8), (np.int64(72), 89)): {'bw': 28.0}, ((6, 8), (89, 91)): {'bw': 28.0}, ((6, 8), (91, np.int64(30))): {'bw': 28.0}}",0.0,0.0,521.0,57.0,464.0,0.0,0.0,0.0,0.0,0.0,0.0,0.0,0.0,0.0,Route Failure,0.0,"{'node_level': {}, 'link_level': {}, 'path_level': {}}","{'node_level': {0: {'cpu': -47}, 7: {'cpu': -19}, 5: {'cpu': -61}, 2: {'cpu': -52}, 8: {'cpu': -20}, 3: {'cpu': -42}, 6: {'cpu': -37}, 4: {'cpu': -24}, 1: {'cpu': -26}}, 'link_level': {}, 'path_level': {}}","{'node_level': {0: {'cpu': 0}, 7: {'cpu': 0}, 5: {'cpu': 0}, 2: {'cpu': 0}, 8: {'cpu': 0}, 3: {'cpu': 0}, 6: {'cpu': 0}, 4: {'cpu': 0}, 1: {'cpu': 0}}, 'link_level': {}, 'path_level': {}}",[],0.0,0.0,True,False,False,0,[],0,0.0,"OrderedDict([((0, 2), 0), ((4, 8), 0), ((4, 7), 0), ((3, 6), 0), ((0, 5), 0), ((3, 4), 0), ((5, 8), 0), ((0, 7), 0), ((6, 8), 0)])",0.0,0.0,9.0,9.0
40,31,22,7019.0,12385.0,3360032.071201989,5731928.860059572,0.5667339523617279,0.5861957036164381,51,51,0,490.1733723555532,39106.0,6125,32981.0,0.15552185302633392,0.1670623295282352,23,170.17337235555323,320.0,2,1,False,{},{},{},{},0.0,0.0,0.0,0.0,0.0,0.0,0.0,0.0,0.0,0.0,0.0,0.0,0.0,0.0,Leave Event,0.0,"{'node_level': {}, 'link_level': {}, 'path_level': {}}","{'node_level': {}, 'link_level': {}, 'path_level': {}}","{'node_level': {}, 'link_level': {}, 'path_level': {}}",[],0.0,0.0,True,True,False,0,[],0,0.0,,,,,
40,31,21,7019.0,12385.0,3360032.071201989,5731928.860059572,0.5667339523617279,0.5861957036164381,51,52,0,490.86544564850885,39952.0,6180,33772.0,0.1479387839514683,0.1470855641984039,19,230.86544564850888,260.0,7,12,False,{},{},{},{},0.0,0.0,0.0,0.0,0.0,0.0,0.0,0.0,0.0,0.0,0.0,0.0,0.0,0.0,Leave Event,0.0,"{'node_level': {}, 'link_level': {}, 'path_level': {}}","{'node_level': {}, 'link_level': {}, 'path_level': {}}","{'node_level': {}, 'link_level': {}, 'path_level': {}}",[],0.0,0.0,True,True,False,0,[],0,0.0,,,,,
41,32,22,7201.0,12659.0,3440827.4599228376,5853565.873848103,0.5688443004976697,0.5878173294837896,51,53,1,498.0,39678.0,6136,33542.0,0.15400523921136078,0.1528942317405798,40,443.93070725741,498.0,5,7,True,"{4: np.int64(18), 0: np.int64(41), 1: np.int64(77), 2: np.int64(38), 3: np.int64(1)}","{(0, 1): [(np.int64(41), 3), (3, np.int64(77))], (2, 4): [(np.int64(38), 0), (0, np.int64(18))], (0, 2): [(np.int64(41), 38)], (1, 4): [(np.int64(77), 18)], (0, 3): [(np.int64(41), 94), (94, np.int64(1))], (0, 4): [(np.int64(41), 18)], (3, 4): [(np.int64(1), 77), (77, np.int64(18))]}","{(4, np.int64(18)): {'cpu': 16}, (0, np.int64(41)): {'cpu': 8}, (1, np.int64(77)): {'cpu': 8}, (2, np.int64(38)): {'cpu': 2}, (3, np.int64(1)): {'cpu': 10}}","{((0, 1), (np.int64(41), 3)): {'bw': 46.0}, ((0, 1), (3, np.int64(77))): {'bw': 46.0}, ((2, 4), (np.int64(38), 0)): {'bw': 36.0}, ((2, 4), (0, np.int64(18))): {'bw': 36.0}, ((0, 2), (np.int64(41), 38)): {'bw': 33.0}, ((1, 4), (np.int64(77), 18)): {'bw': 12.0}, ((0, 3), (np.int64(41), 94)): {'bw': 5.0}, ((0, 3), (94, np.int64(1))): {'bw': 5.0}, ((0, 4), (np.int64(41), 18)): {'bw': 1.0}, ((3, 4), (np.int64(1), 77)): {'bw': 5.0}, ((3, 4), (77, np.int64(18))): {'bw': 5.0}}",274.0,182.0,182.0,44.0,138.0,44.0,138.0,44.0,230.0,92.0,0.6642335766423357,121637.01378853034,80795.38872084863,294.87368146295114,Success,0.0,"{'node_level': {}, 'link_level': {}, 'path_level': {}}","{'node_level': {4: {'cpu': -28}, 0: {'cpu': -50}, 1: {'cpu': -33}, 2: {'cpu': -65}, 3: {'cpu': -36}}, 'link_level': {}, 'path_level': {}}","{'node_level': {4: {'cpu': 0}, 0: {'cpu': 0}, 1: {'cpu': 0}, 2: {'cpu': 0}, 3: {'cpu': 0}}, 'link_level': {}, 'path_level': {}}",[],0.0,0.0,True,True,False,0,[],0,0.0,"OrderedDict([((0, 1), 0), ((2, 4), 0), ((0, 2), 0), ((1, 4), 0), ((0, 3), 0), ((0, 4), 0), ((3, 4), 0)])",0.0,0.0,5.0,7.0
42,33,23,7320.0,12856.0,3504958.63516433,5959732.609331918,0.5693839452395768,0.5881066928533281,51,54,1,507.0,39481.0,6104,33377.0,0.15841720667310077,0.1570613193251844,41,538.9174390041352,507.0,4,4,True,"{2: np.int64(18), 3: np.int64(41), 1: np.int64(38), 0: np.int64(37)}","{(0, 2): [(np.int64(37), 18)], (2, 3): [(np.int64(18), 2), (2, np.int64(41))], (0, 1): [(np.int64(37), 30), (30, 45), (45, np.int64(38))], (0, 3): [(np.int64(37), 18), (18, np.int64(41))]}","{(2, np.int64(18)): {'cpu': 16}, (3, np.int64(41)): {'cpu': 11}, (1, np.int64(38)): {'cpu': 4}, (0, np.int64(37)): {'cpu': 1}}","{((0, 2), (np.int64(37), 18)): {'bw': 32.0}, ((2, 3), (np.int64(18), 2)): {'bw': 30.0}, ((2, 3), (2, np.int64(41))): {'bw': 30.0}, ((0, 1), (np.int64(37), 30)): {'bw': 23.0}, ((0, 1), (30, 45)): {'bw': 23.0}, ((0, 1), (45, np.int64(38))): {'bw': 23.0}, ((0, 3), (np.int64(37), 18)): {'bw': 2.0}, ((0, 3), (18, np.int64(41))): {'bw': 2.0}}",197.0,119.0,119.0,32.0,87.0,32.0,87.0,32.0,165.0,78.0,0.6040609137055838,106166.73548381463,64131.175241492085,325.5389606167111,Success,0.0,"{'node_level': {}, 'link_level': {}, 'path_level': {}}","{'node_level': {2: {'cpu': -12}, 3: {'cpu': -39}, 1: {'cpu': -61}, 0: {'cpu': -98}}, 'link_level': {}, 'path_level': {}}","{'node_level': {2: {'cpu': 0}, 3: {'cpu': 0}, 1: {'cpu': 0}, 0: {'cpu': 0}}, 'link_level': {}, 'path_level': {}}",[],0.0,0.0,True,True,False,0,[],0,0.0,"OrderedDict([((0, 2), 0), ((2, 3), 0), ((0, 1), 0), ((0, 3), 0)])",0.0,0.0,4.0,4.0
43,33,23,7320.0,12856.0,3504958.63516433,5959732.609331918,0.5693839452395768,0.5881066928533281,51,55,1,522.0,39481.0,6104,33377.0,0.15841720667310077,0.1570613193251844,42,380.933888040804,522.0,9,22,False,"{1: np.int64(77), 6: np.int64(83), 7: np.int64(38), 8: np.int64(49), 0: np.int64(31), 4: np.int64(98), 5: np.int64(43)}",{},"{(1, np.int64(77)): {'cpu': 11}, (6, np.int64(83)): {'cpu': 16}, (7, np.int64(38)): {'cpu': 11}, (8, np.int64(49)): {'cpu': 12}, (0, np.int64(31)): {'cpu': 8}, (4, np.int64(98)): {'cpu': 17}, (5, np.int64(43)): {'cpu': 13}}",{},0.0,0.0,518.0,106.0,412.0,0.0,0.0,0.0,0.0,0.0,0.0,0.0,0.0,0.0,Place Failure,0.0,"{'node_level': {}, 'link_level': {}, 'path_level': {}}","{'node_level': {1: {'cpu': -22}, 6: {'cpu': -45}, 7: {'cpu': -50}, 8: {'cpu': -40}, 0: {'cpu': -57}, 4: {'cpu': -24}, 5: {'cpu': -47}}, 'link_level': {}, 'path_level': {}}","{'node_level': {1: {'cpu': 0}, 6: {'cpu': 0}, 7: {'cpu': 0}, 8: {'cpu': 0}, 0: {'cpu': 0}, 4: {'cpu': 0}, 5: {'cpu': 0}}, 'link_level': {}, 'path_level': {}}",[],0.0,0.0,False,True,False,0,[],0,0.0,,,,7.0,0.0
44,34,24,7467.0,13115.0,3524219.842463229,5993669.022191883,0.5693480747235989,0.5879903994389104,51,56,1,532.0,39222.0,6069,33153.0,0.16324279608437886,0.16271845640973837,43,131.0286210809459,532.0,4,4,True,"{3: np.int64(77), 1: np.int64(83), 0: np.int64(38), 2: np.int64(31)}","{(0, 2): [(np.int64(38), 19), (19, np.int64(31))], (1, 3): [(np.int64(83), 21), (21, np.int64(77))], (1, 2): [(np.int64(83), 19), (19, np.int64(31))], (0, 3): [(np.int64(38), 91), (91, np.int64(77))]}","{(3, np.int64(77)): {'cpu': 20}, (1, np.int64(83)): {'cpu': 8}, (0, np.int64(38)): {'cpu': 5}, (2, np.int64(31)): {'cpu': 2}}","{((0, 2), (np.int64(38), 19)): {'bw': 46.0}, ((0, 2), (19, np.int64(31))): {'bw': 46.0}, ((1, 3), (np.int64(83), 21)): {'bw': 32.0}, ((1, 3), (21, np.int64(77))): {'bw': 32.0}, ((1, 2), (np.int64(83), 19)): {'bw': 28.0}, ((1, 2), (19, np.int64(31))): {'bw': 28.0}, ((0, 3), (np.int64(38), 91)): {'bw': 6.0}, ((0, 3), (91, np.int64(77))): {'bw': 6.0}}",259.0,147.0,147.0,35.0,112.0,35.0,112.0,35.0,224.0,112.0,0.5675675675675675,33936.412859964985,19261.207298899048,74.36759574864496,Success,0.0,"{'node_level': {}, 'link_level': {}, 'path_level': {}}","{'node_level': {3: {'cpu': -13}, 1: {'cpu': -53}, 0: {'cpu': -56}, 2: {'cpu': -63}}, 'link_level': {}, 'path_level': {}}","{'node_level': {3: {'cpu': 0}, 1: {'cpu': 0}, 0: {'cpu': 0}, 2: {'cpu': 0}}, 'link_level': {}, 'path_level': {}}",[],0.0,0.0,True,True,False,0,[],0,0.0,"OrderedDict([((0, 2), 0), ((1, 3), 0), ((1, 2), 0), ((0, 3), 0)])",0.0,0.0,4.0,4.0
45,35,25,7509.0,13157.0,3534768.36927166,6004217.549000314,0.5707228091510222,0.5887142396864333,51,57,1,544.0,39180.0,6037,33143.0,0.16765476354611886,0.16297100717244162,44,251.155400200748,544.0,2,1,True,"{0: np.int64(49), 1: np.int64(10)}","{(0, 1): [(np.int64(49), 10)]}","{(0, np.int64(49)): {'cpu': 16}, (1, np.int64(10)): {'cpu': 16}}","{((0, 1), (np.int64(49), 10)): {'bw': 10.0}}",42.0,42.0,42.0,32.0,10.0,32.0,10.0,32.0,10.0,0.0,1.0,10548.526808431416,10548.526808431416,251.155400200748,Success,0.0,"{'node_level': {}, 'link_level': {}, 'path_level': {}}","{'node_level': {0: {'cpu': -36}, 1: {'cpu': -48}}, 'link_level': {}, 'path_level': {}}","{'node_level': {0: {'cpu': 0}, 1: {'cpu': 0}}, 'link_level': {}, 'path_level': {}}",[],0.0,0.0,True,True,False,0,[],0,0.0,"OrderedDict([((0, 1), 0)])",0.0,0.0,2.0,1.0
46,36,26,7584.0,13373.0,3570935.3783305213,6108378.535089834,0.5671128393030733,0.5845962816182945,51,58,1,555.0,38964.0,6009,32955.0,0.17151523507514133,0.16771896151126375,45,482.22678745147897,555.0,2,1,True,"{1: np.int64(98), 0: np.int64(43)}","{(0, 1): [(np.int64(43), 16), (16, 76), (76, 91), (91, np.int64(98))]}","{(1, np.int64(98)): {'cpu': 15}, (0, np.int64(43)): {'cpu': 13}}","{((0, 1), (np.int64(43), 16)): {'bw': 47.0}, ((0, 1), (16, 76)): {'bw': 47.0}, ((0, 1), (76, 91)): {'bw': 47.0}, ((0, 1), (91, np.int64(98))): {'bw': 47.0}}",216.0,75.0,75.0,28.0,47.0,28.0,47.0,28.0,188.0,141.0,0.3472222222222222,104160.98608951946,36167.009058860924,167.43985675398574,Success,0.0,"{'node_level': {}, 'link_level': {}, 'path_level': {}}","{'node_level': {1: {'cpu': -26}, 0: {'cpu': -47}}, 'link_level': {}, 'path_level': {}}","{'node_level': {1: {'cpu': 0}, 0: {'cpu': 0}}, 'link_level': {}, 'path_level': {}}",[],0.0,0.0,True,True,False,0,[],0,0.0,"OrderedDict([((0, 1), 0)])",0.0,0.0,2.0,1.0
47,37,27,7880.0,13971.0,3666262.873430845,6300965.839380352,0.5640254813542338,0.581857284563757,52,59,1,568.0,38366.0,5933,32433.0,0.1819936577967738,0.18090211132437617,46,322.0523483119039,568.0,6,7,True,"{2: np.int64(78), 5: np.int64(1), 3: np.int64(90), 4: np.int64(75), 0: np.int64(48), 1: np.int64(72)}","{(1, 5): [(np.int64(72), 1)], (3, 5): [(np.int64(90), 74), (74, np.int64(1))], (2, 3): [(np.int64(78), 68), (68, 82), (82, 51), (51, np.int64(90))], (1, 2): [(np.int64(72), 26), (26, 71), (71, np.int64(78))], (0, 4): [(np.int64(48), 30), (30, np.int64(75))], (4, 5): [(np.int64(75), 45), (45, 72), (72, np.int64(1))], (0, 3): [(np.int64(48), 90)]}","{(2, np.int64(78)): {'cpu': 20}, (5, np.int64(1)): {'cpu': 16}, (3, np.int64(90)): {'cpu': 8}, (4, np.int64(75)): {'cpu': 16}, (0, np.int64(48)): {'cpu': 15}, (1, np.int64(72)): {'cpu': 1}}","{((1, 5), (np.int64(72), 1)): {'bw': 50.0}, ((3, 5), (np.int64(90), 74)): {'bw': 47.0}, ((3, 5), (74, np.int64(1))): {'bw': 47.0}, ((2, 3), (np.int64(78), 68)): {'bw': 46.0}, ((2, 3), (68, 82)): {'bw': 46.0}, ((2, 3), (82, 51)): {'bw': 46.0}, ((2, 3), (51, np.int64(90))): {'bw': 46.0}, ((1, 2), (np.int64(72), 26)): {'bw': 41.0}, ((1, 2), (26, 71)): {'bw': 41.0}, ((1, 2), (71, np.int64(78))): {'bw': 41.0}, ((0, 4), (np.int64(48), 30)): {'bw': 33.0}, ((0, 4), (30, np.int64(75))): {'bw': 33.0}, ((4, 5), (np.int64(75), 45)): {'bw': 1.0}, ((4, 5), (45, 72)): {'bw': 1.0}, ((4, 5), (72, np.int64(1))): {'bw': 1.0}, ((0, 3), (np.int64(48), 90)): {'bw': 2.0}}",598.0,296.0,296.0,76.0,220.0,76.0,220.0,76.0,522.0,302.0,0.49498327759197325,192587.30429051854,95327.49510032356,159.410526923618,Success,0.0,"{'node_level': {}, 'link_level': {}, 'path_level': {}}","{'node_level': {2: {'cpu': -32}, 5: {'cpu': -20}, 3: {'cpu': -71}, 4: {'cpu': -52}, 0: {'cpu': -45}, 1: {'cpu': -50}}, 'link_level': {}, 'path_level': {}}","{'node_level': {2: {'cpu': 0}, 5: {'cpu': 0}, 3: {'cpu': 0}, 4: {'cpu': 0}, 0: {'cpu': 0}, 1: {'cpu': 0}}, 'link_level': {}, 'path_level': {}}",[],0.0,0.0,True,True,False,0,[],0,0.0,"OrderedDict([((1, 5), 0), ((3, 5), 0), ((2, 3), 0), ((1, 2), 0), ((0, 4), 0), ((4, 5), 0), ((0, 3), 0)])",0.0,0.0,6.0,7.0
48,37,27,7880.0,13971.0,3666262.873430845,6300965.839380352,0.5640254813542338,0.581857284563757,52,60,1,584.0,38366.0,5933,32433.0,0.1819936577967738,0.18090211132437617,47,317.5638586174298,584.0,7,13,False,"{3: np.int64(41), 1: np.int64(64), 5: np.int64(25)}",{},"{(3, np.int64(41)): {'cpu': 20}, (1, np.int64(64)): {'cpu': 17}, (5, np.int64(25)): {'cpu': 16}}",{},0.0,0.0,432.0,89.0,343.0,0.0,0.0,0.0,0.0,0.0,0.0,0.0,0.0,0.0,Place Failure,0.0,"{'node_level': {}, 'link_level': {}, 'path_level': {}}","{'node_level': {3: {'cpu': -19}, 1: {'cpu': -52}, 5: {'cpu': -19}}, 'link_level': {}, 'path_level': {}}","{'node_level': {3: {'cpu': 0}, 1: {'cpu': 0}, 5: {'cpu': 0}}, 'link_level': {}, 'path_level': {}}",[],0.0,0.0,False,True,False,0,[],0,0.0,,,,3.0,0.0
49,38,28,8259.0,14668.0,3904851.618417879,6739742.502324845,0.5630624488682847,0.579376974279198,52,61,1,595.0,37669.0,5837,31832.0,0.19522956018199367,0.19608041216284477,48,629.5217545832035,595.0,7,9,True,"{1: np.int64(41), 5: np.int64(64), 6: np.int64(25), 4: np.int64(83), 0: np.int64(31), 2: np.int64(38), 3: np.int64(18)}","{(1, 6): [(np.int64(41), 25)], (1, 4): [(np.int64(41), 44), (44, np.int64(83))], (0, 5): [(np.int64(31), 3), (3, 93), (93, np.int64(64))], (1, 3): [(np.int64(41), 10), (10, 37), (37, np.int64(18))], (4, 5): [(np.int64(83), 69), (69, np.int64(64))], (1, 2): [(np.int64(41), 2), (2, np.int64(38))], (2, 6): [(np.int64(38), 11), (11, np.int64(25))], (3, 5): [(np.int64(18), 29), (29, np.int64(64))], (0, 3): [(np.int64(31), 3), (3, np.int64(18))]}","{(1, np.int64(41)): {'cpu': 18}, (5, np.int64(64)): {'cpu': 17}, (6, np.int64(25)): {'cpu': 19}, (4, np.int64(83)): {'cpu': 13}, (0, np.int64(31)): {'cpu': 19}, (2, np.int64(38)): {'cpu': 8}, (3, np.int64(18)): {'cpu': 2}}","{((1, 6), (np.int64(41), 25)): {'bw': 47.0}, ((1, 4), (np.int64(41), 44)): {'bw': 49.0}, ((1, 4), (44, np.int64(83))): {'bw': 49.0}, ((0, 5), (np.int64(31), 3)): {'bw': 41.0}, ((0, 5), (3, 93)): {'bw': 41.0}, ((0, 5), (93, np.int64(64))): {'bw': 41.0}, ((1, 3), (np.int64(41), 10)): {'bw': 41.0}, ((1, 3), (10, 37)): {'bw': 41.0}, ((1, 3), (37, np.int64(18))): {'bw': 41.0}, ((4, 5), (np.int64(83), 69)): {'bw': 32.0}, ((4, 5), (69, np.int64(64))): {'bw': 32.0}, ((1, 2), (np.int64(41), 2)): {'bw': 27.0}, ((1, 2), (2, np.int64(38))): {'bw': 27.0}, ((2, 6), (np.int64(38), 11)): {'bw': 23.0}, ((2, 6), (11, np.int64(25))): {'bw': 23.0}, ((3, 5), (np.int64(18), 29)): {'bw': 15.0}, ((3, 5), (29, np.int64(64))): {'bw': 15.0}, ((0, 3), (np.int64(31), 3)): {'bw': 8.0}, ((0, 3), (3, np.int64(18))): {'bw': 8.0}}",697.0,379.0,379.0,96.0,283.0,96.0,283.0,96.0,601.0,318.0,0.5437589670014347,438776.6629444928,238588.74498703412,342.3080989770934,Success,0.0,"{'node_level': {}, 'link_level': {}, 'path_level': {}}","{'node_level': {1: {'cpu': -21}, 5: {'cpu': -52}, 6: {'cpu': -16}, 4: {'cpu': -40}, 0: {'cpu': -44}, 2: {'cpu': -48}, 3: {'cpu': -10}}, 'link_level': {}, 'path_level': {}}","{'node_level': {1: {'cpu': 0}, 5: {'cpu': 0}, 6: {'cpu': 0}, 4: {'cpu': 0}, 0: {'cpu': 0}, 2: {'cpu': 0}, 3: {'cpu': 0}}, 'link_level': {}, 'path_level': {}}",[],0.0,0.0,True,True,False,0,[],0,0.0,"OrderedDict([((1, 6), 0), ((1, 4), 0), ((0, 5), 0), ((1, 3), 0), ((4, 5), 0), ((1, 2), 0), ((2, 6), 0), ((3, 5), 0), ((0, 3), 0)])",0.0,0.0,7.0,9.0
49,38,27,8259.0,14668.0,3904851.618417879,6739742.502324845,0.5630624488682847,0.579376974279198,52,62,0,599.4367577311515,38066.0,5913,32153.0,0.1847511374603612,0.18797353268006867,0,583.4367577311515,16.0,7,8,False,{},{},{},{},0.0,0.0,0.0,0.0,0.0,0.0,0.0,0.0,0.0,0.0,0.0,0.0,0.0,0.0,Leave Event,0.0,"{'node_level': {}, 'link_level': {}, 'path_level': {}}","{'node_level': {}, 'link_level': {}, 'path_level': {}}","{'node_level': {}, 'link_level': {}, 'path_level': {}}",[],0.0,0.0,True,True,False,0,[],0,0.0,,,,,
50,38,27,8259.0,14668.0,3904851.618417879,6739742.502324845,0.5630624488682847,0.579376974279198,52,63,1,605.0,38066.0,5913,32153.0,0.1847511374603612,0.18797353268006867,49,169.8323666643692,605.0,8,11,False,"{5: np.int64(18), 7: np.int64(72), 1: np.int64(5), 6: np.int64(85), 0: np.int64(80), 3: np.int64(15), 4: np.int64(60), 2: np.int64(95)}","{(5, 6): [(np.int64(18), 77), (77, np.int64(85))], (2, 3): [(np.int64(95), 88), (88, np.int64(15))], (2, 7): [(np.int64(95), 26), (26, 52), (52, np.int64(72))], (5, 7): [(np.int64(18), 2), (2, np.int64(72))], (0, 1): [(np.int64(80), 56), (56, 15), (15, np.int64(5))], (1, 6): [(np.int64(5), 85)], (4, 7): [(np.int64(60), 89), (89, np.int64(72))], (0, 3): [(np.int64(80), 34), (34, np.int64(15))], (4, 6): [(np.int64(60), 3), (3, np.int64(85))], (1, 3): [(np.int64(5), 15)]}","{(5, np.int64(18)): {'cpu': 18}, (7, np.int64(72)): {'cpu': 13}, (1, np.int64(5)): {'cpu': 16}, (6, np.int64(85)): {'cpu': 12}, (0, np.int64(80)): {'cpu': 19}, (3, np.int64(15)): {'cpu': 5}, (4, np.int64(60)): {'cpu': 5}, (2, np.int64(95)): {'cpu': 2}}","{((5, 6), (np.int64(18), 77)): {'bw': 48.0}, ((5, 6), (77, np.int64(85))): {'bw': 48.0}, ((2, 3), (np.int64(95), 88)): {'bw': 44.0}, ((2, 3), (88, np.int64(15))): {'bw': 44.0}, ((2, 7), (np.int64(95), 26)): {'bw': 42.0}, ((2, 7), (26, 52)): {'bw': 42.0}, ((2, 7), (52, np.int64(72))): {'bw': 42.0}, ((5, 7), (np.int64(18), 2)): {'bw': 45.0}, ((5, 7), (2, np.int64(72))): {'bw': 45.0}, ((0, 1), (np.int64(80), 56)): {'bw': 35.0}, ((0, 1), (56, 15)): {'bw': 35.0}, ((0, 1), (15, np.int64(5))): {'bw': 35.0}, ((1, 6), (np.int64(5), 85)): {'bw': 37.0}, ((4, 7), (np.int64(60), 89)): {'bw': 32.0}, ((4, 7), (89, np.int64(72))): {'bw': 32.0}, ((0, 3), (np.int64(80), 34)): {'bw': 22.0}, ((0, 3), (34, np.int64(15))): {'bw': 22.0}, ((4, 6), (np.int64(60), 3)): {'bw': 18.0}, ((4, 6), (3, np.int64(85))): {'bw': 18.0}, ((1, 3), (np.int64(5), 15)): {'bw': 10.0}}",0.0,0.0,430.0,90.0,340.0,0.0,0.0,0.0,0.0,0.0,0.0,0.0,0.0,0.0,Route Failure,0.0,"{'node_level': {}, 'link_level': {}, 'path_level': {}}","{'node_level': {5: {'cpu': -5}, 7: {'cpu': -48}, 1: {'cpu': -22}, 6: {'cpu': -44}, 0: {'cpu': -27}, 3: {'cpu': -56}, 4: {'cpu': -44}, 2: {'cpu': -63}}, 'link_level': {}, 'path_level': {}}","{'node_level': {5: {'cpu': 0}, 7: {'cpu': 0}, 1: {'cpu': 0}, 6: {'cpu': 0}, 0: {'cpu': 0}, 3: {'cpu': 0}, 4: {'cpu': 0}, 2: {'cpu': 0}}, 'link_level': {}, 'path_level': {}}",[],0.0,0.0,True,False,False,0,[],0,0.0,"OrderedDict([((5, 6), 0), ((2, 3), 0), ((2, 7), 0), ((5, 7), 0), ((0, 1), 0), ((1, 6), 0), ((4, 7), 0), ((0, 3), 0), ((4, 6), 0), ((1, 3), 0)])",0.0,0.0,8.0,10.0
50,38,26,8259.0,14668.0,3904851.618417879,6739742.502324845,0.5630624488682847,0.579376974279198,52,64,0,605.7052384385845,38160.0,5931,32229.0,0.18226940576313244,0.18605414688352362,37,143.7052384385845,462.0,2,1,False,{},{},{},{},0.0,0.0,0.0,0.0,0.0,0.0,0.0,0.0,0.0,0.0,0.0,0.0,0.0,0.0,Leave Event,0.0,"{'node_level': {}, 'link_level': {}, 'path_level': {}}","{'node_level': {}, 'link_level': {}, 'path_level': {}}","{'node_level': {}, 'link_level': {}, 'path_level': {}}",[],0.0,0.0,True,True,False,0,[],0,0.0,,,,,
50,38,25,8259.0,14668.0,3904851.618417879,6739742.502324845,0.5630624488682847,0.579376974279198,52,65,0,607.171900970111,38194.0,5963,32231.0,0.17785743830139256,0.18600363673098297,26,252.17190097011095,355.0,2,1,False,{},{},{},{},0.0,0.0,0.0,0.0,0.0,0.0,0.0,0.0,0.0,0.0,0.0,0.0,0.0,0.0,Leave Event,0.0,"{'node_level': {}, 'link_level': {}, 'path_level': {}}","{'node_level': {}, 'link_level': {}, 'path_level': {}}","{'node_level': {}, 'link_level': {}, 'path_level': {}}",[],0.0,0.0,True,True,False,0,[],0,0.0,,,,,
50,38,24,8259.0,14668.0,3904851.618417879,6739742.502324845,0.5630624488682847,0.579376974279198,52,66,0,617.9520750885513,38347.0,6004,32343.0,0.17220460499103818,0.18317506818870588,24,283.95207508855134,334.0,5,5,False,{},{},{},{},0.0,0.0,0.0,0.0,0.0,0.0,0.0,0.0,0.0,0.0,0.0,0.0,0.0,0.0,Leave Event,0.0,"{'node_level': {}, 'link_level': {}, 'path_level': {}}","{'node_level': {}, 'link_level': {}, 'path_level': {}}","{'node_level': {}, 'link_level': {}, 'path_level': {}}",[],0.0,0.0,True,True,False,0,[],0,0.0,,,,,
51,38,24,8259.0,14668.0,3904851.618417879,6739742.502324845,0.5630624488682847,0.579376974279198,52,67,1,624.0,38347.0,6004,32343.0,0.17220460499103818,0.18317506818870588,50,241.81784249722122,624.0,10,16,False,"{7: np.int64(9), 1: np.int64(29), 2: np.int64(18), 8: np.int64(60), 6: np.int64(77), 0: np.int64(46), 4: np.int64(39), 9: np.int64(3)}",{},"{(7, np.int64(9)): {'cpu': 11}, (1, np.int64(29)): {'cpu': 9}, (2, np.int64(18)): {'cpu': 12}, (8, np.int64(60)): {'cpu': 8}, (6, np.int64(77)): {'cpu': 9}, (0, np.int64(46)): {'cpu': 6}, (4, np.int64(39)): {'cpu': 7}, (9, np.int64(3)): {'cpu': 5}}",{},0.0,0.0,570.0,75.0,495.0,0.0,0.0,0.0,0.0,0.0,0.0,0.0,0.0,0.0,Place Failure,0.0,"{'node_level': {}, 'link_level': {}, 'path_level': {}}","{'node_level': {7: {'cpu': -89}, 1: {'cpu': -57}, 2: {'cpu': -11}, 8: {'cpu': -45}, 6: {'cpu': -4}, 0: {'cpu': -60}, 4: {'cpu': -62}, 9: {'cpu': -34}}, 'link_level': {}, 'path_level': {}}","{'node_level': {7: {'cpu': 0}, 1: {'cpu': 0}, 2: {'cpu': 0}, 8: {'cpu': 0}, 6: {'cpu': 0}, 0: {'cpu': 0}, 4: {'cpu': 0}, 9: {'cpu': 0}}, 'link_level': {}, 'path_level': {}}",[],0.0,0.0,False,True,False,0,[],0,0.0,,,,8.0,0.0
51,38,23,8259.0,14668.0,3904851.618417879,6739742.502324845,0.5630624488682847,0.579376974279198,52,68,0,629.3986951218855,39450.0,6140,33310.0,0.15345374327864336,0.15875340943529648,17,402.39869512188545,227.0,10,18,False,{},{},{},{},0.0,0.0,0.0,0.0,0.0,0.0,0.0,0.0,0.0,0.0,0.0,0.0,0.0,0.0,Leave Event,0.0,"{'node_level': {}, 'link_level': {}, 'path_level': {}}","{'node_level': {}, 'link_level': {}, 'path_level': {}}","{'node_level': {}, 'link_level': {}, 'path_level': {}}",[],0.0,0.0,True,True,False,0,[],0,0.0,,,,,
52,39,24,8626.0,15434.0,4158628.303621447,7269423.540106678,0.5588959440196968,0.5720712626905791,52,69,1,644.0,38684.0,6075,32609.0,0.16241555218530268,0.17645721790079805,51,691.489605459313,644.0,6,9,True,"{4: np.int64(1), 2: np.int64(36), 5: np.int64(60), 0: np.int64(5), 1: np.int64(9), 3: np.int64(49)}","{(0, 5): [(np.int64(5), 85), (85, 30), (30, 40), (40, np.int64(60))], (3, 4): [(np.int64(49), 33), (33, np.int64(1))], (1, 4): [(np.int64(9), 81), (81, np.int64(1))], (4, 5): [(np.int64(1), 13), (13, 60)], (0, 2): [(np.int64(5), 15), (15, np.int64(36))], (0, 1): [(np.int64(5), 11), (11, 29), (29, np.int64(9))], (2, 3): [(np.int64(36), 32), (32, np.int64(49))], (2, 4): [(np.int64(36), 1)], (0, 3): [(np.int64(5), 60), (60, np.int64(49))]}","{(4, np.int64(1)): {'cpu': 14}, (2, np.int64(36)): {'cpu': 19}, (5, np.int64(60)): {'cpu': 15}, (0, np.int64(5)): {'cpu': 8}, (1, np.int64(9)): {'cpu': 6}, (3, np.int64(49)): {'cpu': 3}}","{((0, 5), (np.int64(5), 85)): {'bw': 45.0}, ((0, 5), (85, 30)): {'bw': 45.0}, ((0, 5), (30, 40)): {'bw': 45.0}, ((0, 5), (40, np.int64(60))): {'bw': 45.0}, ((3, 4), (np.int64(49), 33)): {'bw': 45.0}, ((3, 4), (33, np.int64(1))): {'bw': 45.0}, ((1, 4), (np.int64(9), 81)): {'bw': 45.0}, ((1, 4), (81, np.int64(1))): {'bw': 45.0}, ((4, 5), (np.int64(1), 13)): {'bw': 38.0}, ((4, 5), (13, 60)): {'bw': 38.0}, ((0, 2), (np.int64(5), 15)): {'bw': 33.0}, ((0, 2), (15, np.int64(36))): {'bw': 33.0}, ((0, 1), (np.int64(5), 11)): {'bw': 30.0}, ((0, 1), (11, 29)): {'bw': 30.0}, ((0, 1), (29, np.int64(9))): {'bw': 30.0}, ((2, 3), (np.int64(36), 32)): {'bw': 23.0}, ((2, 3), (32, np.int64(49))): {'bw': 23.0}, ((2, 4), (np.int64(36), 1)): {'bw': 23.0}, ((0, 3), (np.int64(5), 60)): {'bw': 20.0}, ((0, 3), (60, np.int64(49))): {'bw': 20.0}}",766.0,367.0,367.0,65.0,302.0,65.0,302.0,65.0,701.0,399.0,0.47911227154047,529681.0377818338,253776.68520356787,331.3011556182348,Success,0.0,"{'node_level': {}, 'link_level': {}, 'path_level': {}}","{'node_level': {4: {'cpu': -34}, 2: {'cpu': -55}, 5: {'cpu': -49}, 0: {'cpu': -42}, 1: {'cpu': -94}, 3: {'cpu': -53}}, 'link_level': {}, 'path_level': {}}","{'node_level': {4: {'cpu': 0}, 2: {'cpu': 0}, 5: {'cpu': 0}, 0: {'cpu': 0}, 1: {'cpu': 0}, 3: {'cpu': 0}}, 'link_level': {}, 'path_level': {}}",[],0.0,0.0,True,True,False,0,[],0,0.0,"OrderedDict([((0, 5), 0), ((3, 4), 0), ((1, 4), 0), ((4, 5), 0), ((0, 2), 0), ((0, 1), 0), ((2, 3), 0), ((2, 4), 0), ((0, 3), 0)])",0.0,0.0,6.0,9.0
53,40,25,8743.0,15596.0,4281913.988100365,7440126.795539026,0.5605924596050269,0.5755162654845786,52,70,1,657.0,38522.0,6039,32483.0,0.1673790155797601,0.1796393575108597,52,1053.723798965108,657.0,3,2,True,"{0: np.int64(18), 1: np.int64(98), 2: np.int64(43)}","{(0, 2): [(np.int64(18), 98), (98, np.int64(43))], (0, 1): [(np.int64(18), 98)]}","{(0, np.int64(18)): {'cpu': 8}, (1, np.int64(98)): {'cpu': 18}, (2, np.int64(43)): {'cpu': 10}}","{((0, 2), (np.int64(18), 98)): {'bw': 45.0}, ((0, 2), (98, np.int64(43))): {'bw': 45.0}, ((0, 1), (np.int64(18), 98)): {'bw': 36.0}}",162.0,117.0,117.0,36.0,81.0,36.0,81.0,36.0,126.0,45.0,0.7222222222222222,170703.2554323475,123285.68447891764,761.0227436970224,Success,0.0,"{'node_level': {}, 'link_level': {}, 'path_level': {}}","{'node_level': {0: {'cpu': -15}, 1: {'cpu': -23}, 2: {'cpu': -51}}, 'link_level': {}, 'path_level': {}}","{'node_level': {0: {'cpu': 0}, 1: {'cpu': 0}, 2: {'cpu': 0}}, 'link_level': {}, 'path_level': {}}",[],0.0,0.0,True,True,False,0,[],0,0.0,"OrderedDict([((0, 2), 0), ((0, 1), 0)])",0.0,0.0,3.0,2.0
53,40,24,8743.0,15596.0,4281913.988100365,7440126.795539026,0.5605924596050269,0.5755162654845786,52,71,0,661.8694210704186,39211.0,6111,33100.0,0.15745208879084516,0.16405697545206588,38,187.86942107041867,474.0,6,9,False,{},{},{},{},0.0,0.0,0.0,0.0,0.0,0.0,0.0,0.0,0.0,0.0,0.0,0.0,0.0,0.0,Leave Event,0.0,"{'node_level': {}, 'link_level': {}, 'path_level': {}}","{'node_level': {}, 'link_level': {}, 'path_level': {}}","{'node_level': {}, 'link_level': {}, 'path_level': {}}",[],0.0,0.0,True,True,False,0,[],0,0.0,,,,,
53,40,23,8743.0,15596.0,4281913.988100365,7440126.795539026,0.5605924596050269,0.5755162654845786,52,72,0,663.0286210809459,39470.0,6146,33324.0,0.15262649937956707,0.15839983836751192,43,131.0286210809459,532.0,4,4,False,{},{},{},{},0.0,0.0,0.0,0.0,0.0,0.0,0.0,0.0,0.0,0.0,0.0,0.0,0.0,0.0,Leave Event,0.0,"{'node_level': {}, 'link_level': {}, 'path_level': {}}","{'node_level': {}, 'link_level': {}, 'path_level': {}}","{'node_level': {}, 'link_level': {}, 'path_level': {}}",[],0.0,0.0,True,True,False,0,[],0,0.0,,,,,
54,41,24,8996.0,16001.0,4295645.195880878,7462107.582697555,0.5622148615711519,0.5756611182933388,52,73,1,674.0,39065.0,6067,32998.0,0.16351854405073762,0.1666329932316396,53,54.27354853957754,674.0,6,7,True,"{4: np.int64(91), 2: np.int64(77), 1: np.int64(7), 5: np.int64(72), 0: np.int64(80), 3: np.int64(49)}","{(1, 4): [(np.int64(7), 54), (54, np.int64(91))], (0, 5): [(np.int64(80), 56), (56, np.int64(72))], (2, 5): [(np.int64(77), 1), (1, np.int64(72))], (0, 4): [(np.int64(80), 91)], (0, 3): [(np.int64(80), 49)], (0, 1): [(np.int64(80), 56), (56, 15), (15, np.int64(7))], (1, 2): [(np.int64(7), 42), (42, np.int64(77))]}","{(4, np.int64(91)): {'cpu': 20}, (2, np.int64(77)): {'cpu': 20}, (1, np.int64(7)): {'cpu': 8}, (5, np.int64(72)): {'cpu': 7}, (0, np.int64(80)): {'cpu': 5}, (3, np.int64(49)): {'cpu': 19}}","{((1, 4), (np.int64(7), 54)): {'bw': 41.0}, ((1, 4), (54, np.int64(91))): {'bw': 41.0}, ((0, 5), (np.int64(80), 56)): {'bw': 39.0}, ((0, 5), (56, np.int64(72))): {'bw': 39.0}, ((2, 5), (np.int64(77), 1)): {'bw': 32.0}, ((2, 5), (1, np.int64(72))): {'bw': 32.0}, ((0, 4), (np.int64(80), 91)): {'bw': 24.0}, ((0, 3), (np.int64(80), 49)): {'bw': 12.0}, ((0, 1), (np.int64(80), 56)): {'bw': 14.0}, ((0, 1), (56, 15)): {'bw': 14.0}, ((0, 1), (15, np.int64(7))): {'bw': 14.0}, ((1, 2), (np.int64(7), 42)): {'bw': 12.0}, ((1, 2), (42, np.int64(77))): {'bw': 12.0}}",405.0,253.0,253.0,79.0,174.0,79.0,174.0,79.0,326.0,152.0,0.6246913580246913,21980.787158528903,13731.207780513118,33.9042167420077,Success,0.0,"{'node_level': {}, 'link_level': {}, 'path_level': {}}","{'node_level': {4: {'cpu': -61}, 2: {'cpu': -22}, 1: {'cpu': -58}, 5: {'cpu': -60}, 0: {'cpu': -43}, 3: {'cpu': -34}}, 'link_level': {}, 'path_level': {}}","{'node_level': {4: {'cpu': 0}, 2: {'cpu': 0}, 1: {'cpu': 0}, 5: {'cpu': 0}, 0: {'cpu': 0}, 3: {'cpu': 0}}, 'link_level': {}, 'path_level': {}}",[],0.0,0.0,True,True,False,0,[],0,0.0,"OrderedDict([((1, 4), 0), ((0, 5), 0), ((2, 5), 0), ((0, 4), 0), ((0, 3), 0), ((0, 1), 0), ((1, 2), 0)])",0.0,0.0,6.0,7.0
55,41,24,8996.0,16001.0,4295645.195880878,7462107.582697555,0.5622148615711519,0.5756611182933388,52,74,1,688.0,39065.0,6067,32998.0,0.16351854405073762,0.1666329932316396,54,48.461378858231306,688.0,10,23,False,"{4: np.int64(7), 9: np.int64(91), 6: np.int64(77), 2: np.int64(4), 0: np.int64(32), 5: np.int64(36)}",{},"{(4, np.int64(7)): {'cpu': 17}, (9, np.int64(91)): {'cpu': 15}, (6, np.int64(77)): {'cpu': 9}, (2, np.int64(4)): {'cpu': 16}, (0, np.int64(32)): {'cpu': 4}, (5, np.int64(36)): {'cpu': 12}}",{},0.0,0.0,716.0,90.0,626.0,0.0,0.0,0.0,0.0,0.0,0.0,0.0,0.0,0.0,Place Failure,0.0,"{'node_level': {}, 'link_level': {}, 'path_level': {}}","{'node_level': {4: {'cpu': -41}, 9: {'cpu': -46}, 6: {'cpu': -13}, 2: {'cpu': -4}, 0: {'cpu': -72}, 5: {'cpu': -43}}, 'link_level': {}, 'path_level': {}}","{'node_level': {4: {'cpu': 0}, 9: {'cpu': 0}, 6: {'cpu': 0}, 2: {'cpu': 0}, 0: {'cpu': 0}, 5: {'cpu': 0}}, 'link_level': {}, 'path_level': {}}",[],0.0,0.0,False,True,False,0,[],0,0.0,,,,6.0,0.0
55,41,23,8996.0,16001.0,4295645.195880878,7462107.582697555,0.5622148615711519,0.5756611182933388,52,75,0,695.8903293738089,39227.0,6086,33141.0,0.16089893837032954,0.16302151732498227,13,520.8903293738089,175.0,3,3,False,{},{},{},{},0.0,0.0,0.0,0.0,0.0,0.0,0.0,0.0,0.0,0.0,0.0,0.0,0.0,0.0,Leave Event,0.0,"{'node_level': {}, 'link_level': {}, 'path_level': {}}","{'node_level': {}, 'link_level': {}, 'path_level': {}}","{'node_level': {}, 'link_level': {}, 'path_level': {}}",[],0.0,0.0,True,True,False,0,[],0,0.0,,,,,
55,41,22,8996.0,16001.0,4295645.195880878,7462107.582697555,0.5622148615711519,0.5756611182933388,52,76,0,696.1897028893595,39569.0,6144,33425.0,0.15290224734592583,0.15584907566420847,31,298.1897028893596,398.0,5,5,False,{},{},{},{},0.0,0.0,0.0,0.0,0.0,0.0,0.0,0.0,0.0,0.0,0.0,0.0,0.0,0.0,Leave Event,0.0,"{'node_level': {}, 'link_level': {}, 'path_level': {}}","{'node_level': {}, 'link_level': {}, 'path_level': {}}","{'node_level': {}, 'link_level': {}, 'path_level': {}}",[],0.0,0.0,True,True,False,0,[],0,0.0,,,,,
56,42,23,9110.0,16185.0,4320555.792458647,7502314.159630095,0.5628668520234785,0.5758964101646836,52,77,1,700.0,39385.0,6100,33285.0,0.1589687026058183,0.15938478634205477,55,218.5140050681475,700.0,3,2,True,"{1: np.int64(7), 0: np.int64(5), 2: np.int64(91)}","{(0, 1): [(np.int64(5), 15), (15, np.int64(7))], (1, 2): [(np.int64(7), 54), (54, np.int64(91))]}","{(1, np.int64(7)): {'cpu': 20}, (0, np.int64(5)): {'cpu': 15}, (2, np.int64(91)): {'cpu': 9}}","{((0, 1), (np.int64(5), 15)): {'bw': 40.0}, ((0, 1), (15, np.int64(7))): {'bw': 40.0}, ((1, 2), (np.int64(7), 54)): {'bw': 30.0}, ((1, 2), (54, np.int64(91))): {'bw': 30.0}}",184.0,114.0,114.0,44.0,70.0,44.0,70.0,44.0,140.0,70.0,0.6195652173913043,40206.57693253914,24910.596577768814,135.3836770530914,Success,0.0,"{'node_level': {}, 'link_level': {}, 'path_level': {}}","{'node_level': {1: {'cpu': -38}, 0: {'cpu': -37}, 2: {'cpu': -52}}, 'link_level': {}, 'path_level': {}}","{'node_level': {1: {'cpu': 0}, 0: {'cpu': 0}, 2: {'cpu': 0}}, 'link_level': {}, 'path_level': {}}",[],0.0,0.0,True,True,False,0,[],0,0.0,"OrderedDict([((0, 1), 0), ((1, 2), 0)])",0.0,0.0,3.0,2.0
56,42,22,9110.0,16185.0,4320555.792458647,7502314.159630095,0.5628668520234785,0.5758964101646836,52,78,0,701.3612458714599,39486.0,6119,33367.0,0.1563490969254102,0.15731387008788766,35,265.3612458714599,436.0,2,1,False,{},{},{},{},0.0,0.0,0.0,0.0,0.0,0.0,0.0,0.0,0.0,0.0,0.0,0.0,0.0,0.0,Leave Event,0.0,"{'node_level': {}, 'link_level': {}, 'path_level': {}}","{'node_level': {}, 'link_level': {}, 'path_level': {}}","{'node_level': {}, 'link_level': {}, 'path_level': {}}",[],0.0,0.0,True,True,False,0,[],0,0.0,,,,,
57,43,23,9199.0,16335.0,4356269.356226651,7562505.55923909,0.5631466176920722,0.5760351939053598,52,79,1,716.0,39336.0,6091,33245.0,0.16020956845443268,0.160394989392868,56,401.275997393307,716.0,3,2,True,"{1: np.int64(77), 0: np.int64(43), 2: np.int64(34)}","{(0, 1): [(np.int64(43), 57), (57, np.int64(77))], (1, 2): [(np.int64(77), 97), (97, np.int64(34))]}","{(1, np.int64(77)): {'cpu': 8}, (0, np.int64(43)): {'cpu': 12}, (2, np.int64(34)): {'cpu': 8}}","{((0, 1), (np.int64(43), 57)): {'bw': 39.0}, ((0, 1), (57, np.int64(77))): {'bw': 39.0}, ((1, 2), (np.int64(77), 97)): {'bw': 22.0}, ((1, 2), (97, np.int64(34))): {'bw': 22.0}}",150.0,89.0,89.0,28.0,61.0,28.0,61.0,28.0,122.0,61.0,0.5933333333333334,60191.39960899606,35713.56376800432,238.09042512002884,Success,0.0,"{'node_level': {}, 'link_level': {}, 'path_level': {}}","{'node_level': {1: {'cpu': -14}, 0: {'cpu': -47}, 2: {'cpu': -56}}, 'link_level': {}, 'path_level': {}}","{'node_level': {1: {'cpu': 0}, 0: {'cpu': 0}, 2: {'cpu': 0}}, 'link_level': {}, 'path_level': {}}",[],0.0,0.0,True,True,False,0,[],0,0.0,"OrderedDict([((0, 1), 0), ((1, 2), 0)])",0.0,0.0,3.0,2.0
57,43,22,9199.0,16335.0,4356269.356226651,7562505.55923909,0.5631466176920722,0.5760351939053598,52,80,0,717.5415178703479,39771.0,6163,33608.0,0.15028264166551775,0.15122739670673802,21,421.54151787034783,296.0,6,9,False,{},{},{},{},0.0,0.0,0.0,0.0,0.0,0.0,0.0,0.0,0.0,0.0,0.0,0.0,0.0,0.0,Leave Event,0.0,"{'node_level': {}, 'link_level': {}, 'path_level': {}}","{'node_level': {}, 'link_level': {}, 'path_level': {}}","{'node_level': {}, 'link_level': {}, 'path_level': {}}",[],0.0,0.0,True,True,False,0,[],0,0.0,,,,,
58,44,23,9714.0,17305.0,4365076.73638576,7579094.217014499,0.5613406529904652,0.5759364656777177,52,81,1,723.0,38801.0,6105,32696.0,0.15827933268992145,0.17426002626527937,57,17.10170904681252,723.0,9,21,True,"{3: np.int64(91), 0: np.int64(59), 6: np.int64(4), 1: np.int64(32), 5: np.int64(90), 8: np.int64(36), 2: np.int64(9), 7: np.int64(77), 4: np.int64(69)}","{(0, 8): [(np.int64(59), 77), (77, 91), (91, np.int64(36))], (1, 8): [(np.int64(32), 36)], (1, 5): [(np.int64(32), 44), (44, np.int64(90))], (2, 6): [(np.int64(9), 49), (49, 22), (22, np.int64(4))], (5, 8): [(np.int64(90), 36)], (6, 8): [(np.int64(4), 13), (13, np.int64(36))], (1, 3): [(np.int64(32), 25), (25, np.int64(91))], (3, 6): [(np.int64(91), 6), (6, np.int64(4))], (3, 7): [(np.int64(91), 77)], (5, 7): [(np.int64(90), 59), (59, np.int64(77))], (2, 3): [(np.int64(9), 49), (49, 76), (76, np.int64(91))], (3, 8): [(np.int64(91), 30), (30, np.int64(36))], (1, 2): [(np.int64(32), 49), (49, np.int64(9))], (3, 4): [(np.int64(91), 69)], (0, 2): [(np.int64(59), 81), (81, np.int64(9))], (7, 8): [(np.int64(77), 1), (1, np.int64(36))], (0, 1): [(np.int64(59), 60), (60, np.int64(32))], (0, 3): [(np.int64(59), 81), (81, 80), (80, np.int64(91))], (2, 4): [(np.int64(9), 97), (97, 12), (12, np.int64(69))], (2, 5): [(np.int64(9), 29), (29, np.int64(90))], (1, 7): [(np.int64(32), 18), (18, np.int64(77))]}","{(3, np.int64(91)): {'cpu': 8}, (0, np.int64(59)): {'cpu': 17}, (6, np.int64(4)): {'cpu': 9}, (1, np.int64(32)): {'cpu': 4}, (5, np.int64(90)): {'cpu': 4}, (8, np.int64(36)): {'cpu': 2}, (2, np.int64(9)): {'cpu': 4}, (7, np.int64(77)): {'cpu': 4}, (4, np.int64(69)): {'cpu': 6}}","{((0, 8), (np.int64(59), 77)): {'bw': 47.0}, ((0, 8), (77, 91)): {'bw': 47.0}, ((0, 8), (91, np.int64(36))): {'bw': 47.0}, ((1, 8), (np.int64(32), 36)): {'bw': 48.0}, ((1, 5), (np.int64(32), 44)): {'bw': 40.0}, ((1, 5), (44, np.int64(90))): {'bw': 40.0}, ((2, 6), (np.int64(9), 49)): {'bw': 35.0}, ((2, 6), (49, 22)): {'bw': 35.0}, ((2, 6), (22, np.int64(4))): {'bw': 35.0}, ((5, 8), (np.int64(90), 36)): {'bw': 36.0}, ((6, 8), (np.int64(4), 13)): {'bw': 34.0}, ((6, 8), (13, np.int64(36))): {'bw': 34.0}, ((1, 3), (np.int64(32), 25)): {'bw': 33.0}, ((1, 3), (25, np.int64(91))): {'bw': 33.0}, ((3, 6), (np.int64(91), 6)): {'bw': 31.0}, ((3, 6), (6, np.int64(4))): {'bw': 31.0}, ((3, 7), (np.int64(91), 77)): {'bw': 22.0}, ((5, 7), (np.int64(90), 59)): {'bw': 24.0}, ((5, 7), (59, np.int64(77))): {'bw': 24.0}, ((2, 3), (np.int64(9), 49)): {'bw': 24.0}, ((2, 3), (49, 76)): {'bw': 24.0}, ((2, 3), (76, np.int64(91))): {'bw': 24.0}, ((3, 8), (np.int64(91), 30)): {'bw': 18.0}, ((3, 8), (30, np.int64(36))): {'bw': 18.0}, ((1, 2), (np.int64(32), 49)): {'bw': 13.0}, ((1, 2), (49, np.int64(9))): {'bw': 13.0}, ((3, 4), (np.int64(91), 69)): {'bw': 14.0}, ((0, 2), (np.int64(59), 81)): {'bw': 12.0}, ((0, 2), (81, np.int64(9))): {'bw': 12.0}, ((7, 8), (np.int64(77), 1)): {'bw': 7.0}, ((7, 8), (1, np.int64(36))): {'bw': 7.0}, ((0, 1), (np.int64(59), 60)): {'bw': 4.0}, ((0, 1), (60, np.int64(32))): {'bw': 4.0}, ((0, 3), (np.int64(59), 81)): {'bw': 4.0}, ((0, 3), (81, 80)): {'bw': 4.0}, ((0, 3), (80, np.int64(91))): {'bw': 4.0}, ((2, 4), (np.int64(9), 97)): {'bw': 8.0}, ((2, 4), (97, 12)): {'bw': 8.0}, ((2, 4), (12, np.int64(69))): {'bw': 8.0}, ((2, 5), (np.int64(9), 29)): {'bw': 2.0}, ((2, 5), (29, np.int64(90))): {'bw': 2.0}, ((1, 7), (np.int64(32), 18)): {'bw': 1.0}, ((1, 7), (18, np.int64(77))): {'bw': 1.0}}",970.0,515.0,515.0,58.0,457.0,58.0,457.0,58.0,912.0,455.0,0.5309278350515464,16588.657775408145,8807.380159108448,9.079773359905616,Success,0.0,"{'node_level': {}, 'link_level': {}, 'path_level': {}}","{'node_level': {3: {'cpu': -53}, 0: {'cpu': -71}, 6: {'cpu': -23}, 1: {'cpu': -72}, 5: {'cpu': -74}, 8: {'cpu': -53}, 2: {'cpu': -90}, 7: {'cpu': -10}, 4: {'cpu': -83}}, 'link_level': {}, 'path_level': {}}","{'node_level': {3: {'cpu': 0}, 0: {'cpu': 0}, 6: {'cpu': 0}, 1: {'cpu': 0}, 5: {'cpu': 0}, 8: {'cpu': 0}, 2: {'cpu': 0}, 7: {'cpu': 0}, 4: {'cpu': 0}}, 'link_level': {}, 'path_level': {}}",[],0.0,0.0,True,True,False,0,[],0,0.0,"OrderedDict([((0, 8), 0), ((1, 8), 0), ((1, 5), 0), ((2, 6), 0), ((5, 8), 0), ((6, 8), 0), ((1, 3), 0), ((3, 6), 0), ((3, 7), 0), ((5, 7), 0), ((2, 3), 0), ((3, 8), 0), ((1, 2), 0), ((3, 4), 0), ((0, 2), 0), ((7, 8), 0), ((0, 1), 0), ((0, 3), 0), ((2, 4), 0), ((2, 5), 0), ((1, 7), 0)])",0.0,0.0,9.0,21.0
58,44,22,9714.0,17305.0,4365076.73638576,7579094.217014499,0.5613406529904652,0.5759364656777177,52,82,0,728.2735485395775,39206.0,6184,33022.0,0.1473872880187509,0.16602687140115158,53,54.27354853957754,674.0,6,7,False,{},{},{},{},0.0,0.0,0.0,0.0,0.0,0.0,0.0,0.0,0.0,0.0,0.0,0.0,0.0,0.0,Leave Event,0.0,"{'node_level': {}, 'link_level': {}, 'path_level': {}}","{'node_level': {}, 'link_level': {}, 'path_level': {}}","{'node_level': {}, 'link_level': {}, 'path_level': {}}",[],0.0,0.0,True,True,False,0,[],0,0.0,,,,,
59,45,23,9899.0,17587.0,4686286.26604567,8068721.7162798755,0.5628589298913971,0.5807966157254344,52,83,1,736.0,38924.0,6126,32798.0,0.1553839790431546,0.17168400848570564,58,1736.267727891407,736.0,5,6,True,"{2: np.int64(72), 3: np.int64(42), 1: np.int64(91), 0: np.int64(77), 4: np.int64(7)}","{(0, 2): [(np.int64(77), 1), (1, np.int64(72))], (0, 3): [(np.int64(77), 42)], (0, 4): [(np.int64(77), 3), (3, np.int64(7))], (0, 1): [(np.int64(77), 18), (18, 91)], (2, 3): [(np.int64(72), 45), (45, np.int64(42))], (1, 4): [(np.int64(91), 54), (54, np.int64(7))]}","{(2, np.int64(72)): {'cpu': 20}, (3, np.int64(42)): {'cpu': 14}, (1, np.int64(91)): {'cpu': 13}, (0, np.int64(77)): {'cpu': 3}, (4, np.int64(7)): {'cpu': 8}}","{((0, 2), (np.int64(77), 1)): {'bw': 36.0}, ((0, 2), (1, np.int64(72))): {'bw': 36.0}, ((0, 3), (np.int64(77), 42)): {'bw': 30.0}, ((0, 4), (np.int64(77), 3)): {'bw': 21.0}, ((0, 4), (3, np.int64(7))): {'bw': 21.0}, ((0, 1), (np.int64(77), 18)): {'bw': 20.0}, ((0, 1), (18, 91)): {'bw': 20.0}, ((2, 3), (np.int64(72), 45)): {'bw': 11.0}, ((2, 3), (45, np.int64(42))): {'bw': 11.0}, ((1, 4), (np.int64(91), 54)): {'bw': 9.0}, ((1, 4), (54, np.int64(7))): {'bw': 9.0}}",282.0,185.0,185.0,58.0,127.0,58.0,127.0,58.0,224.0,97.0,0.6560283687943262,489627.49926537677,321209.5296599103,1139.0408853188308,Success,0.0,"{'node_level': {}, 'link_level': {}, 'path_level': {}}","{'node_level': {2: {'cpu': -47}, 3: {'cpu': -74}, 1: {'cpu': -60}, 0: {'cpu': -27}, 4: {'cpu': -38}}, 'link_level': {}, 'path_level': {}}","{'node_level': {2: {'cpu': 0}, 3: {'cpu': 0}, 1: {'cpu': 0}, 0: {'cpu': 0}, 4: {'cpu': 0}}, 'link_level': {}, 'path_level': {}}",[],0.0,0.0,True,True,False,0,[],0,0.0,"OrderedDict([((0, 2), 0), ((0, 3), 0), ((0, 4), 0), ((0, 1), 0), ((2, 3), 0), ((1, 4), 0)])",0.0,0.0,5.0,6.0
59,45,23,9899.0,17587.0,4686286.26604567,8068721.7162798755,0.5628589298913971,0.5807966157254344,52,84,0,736.4613788582313,38924.0,6126,32798.0,0.1553839790431546,0.17168400848570564,54,48.461378858231306,688.0,10,23,False,{},{},{},{},0.0,0.0,0.0,0.0,0.0,0.0,0.0,0.0,0.0,0.0,0.0,0.0,0.0,0.0,Leave Event,0.0,"{'node_level': {}, 'link_level': {}, 'path_level': {}}","{'node_level': {}, 'link_level': {}, 'path_level': {}}","{'node_level': {}, 'link_level': {}, 'path_level': {}}",[],0.0,0.0,True,True,False,0,[],0,0.0,,,,,
59,45,22,9899.0,17587.0,4686286.26604567,8068721.7162798755,0.5628589298913971,0.5807966157254344,52,85,0,740.1017090468125,39894.0,6184,33710.0,0.1473872880187509,0.1486513789271644,57,17.10170904681252,723.0,9,21,False,{},{},{},{},0.0,0.0,0.0,0.0,0.0,0.0,0.0,0.0,0.0,0.0,0.0,0.0,0.0,0.0,Leave Event,0.0,"{'node_level': {}, 'link_level': {}, 'path_level': {}}","{'node_level': {}, 'link_level': {}, 'path_level': {}}","{'node_level': {}, 'link_level': {}, 'path_level': {}}",[],0.0,0.0,True,True,False,0,[],0,0.0,,,,,
60,46,23,10382.0,18586.0,4779778.182455451,8262093.195562218,0.5585924889701926,0.5785190349853222,52,86,1,748.0,38895.0,6103,32792.0,0.1585550806562802,0.1718355389433276,59,193.5650443266699,748.0,8,15,True,"{7: np.int64(91), 0: np.int64(77), 3: np.int64(69), 6: np.int64(59), 5: np.int64(4), 1: np.int64(49), 4: np.int64(7), 2: np.int64(36)}","{(2, 6): [(np.int64(36), 91), (91, 77), (77, np.int64(59))], (1, 3): [(np.int64(49), 76), (76, 91), (91, np.int64(69))], (1, 5): [(np.int64(49), 22), (22, np.int64(4))], (2, 7): [(np.int64(36), 30), (30, np.int64(91))], (0, 1): [(np.int64(77), 97), (97, 80), (80, np.int64(49))], (0, 2): [(np.int64(77), 1), (1, np.int64(36))], (1, 7): [(np.int64(49), 33), (33, np.int64(91))], (3, 4): [(np.int64(69), 12), (12, np.int64(7))], (3, 7): [(np.int64(69), 91)], (5, 6): [(np.int64(4), 79), (79, np.int64(59))], (0, 3): [(np.int64(77), 1), (1, 12), (12, np.int64(69))], (3, 5): [(np.int64(69), 79), (79, np.int64(4))], (0, 7): [(np.int64(77), 91)], (4, 5): [(np.int64(7), 15), (15, np.int64(4))], (2, 3): [(np.int64(36), 91), (91, np.int64(69))]}","{(7, np.int64(91)): {'cpu': 20}, (0, np.int64(77)): {'cpu': 16}, (3, np.int64(69)): {'cpu': 9}, (6, np.int64(59)): {'cpu': 12}, (5, np.int64(4)): {'cpu': 8}, (1, np.int64(49)): {'cpu': 2}, (4, np.int64(7)): {'cpu': 12}, (2, np.int64(36)): {'cpu': 2}}","{((2, 6), (np.int64(36), 91)): {'bw': 49.0}, ((2, 6), (91, 77)): {'bw': 49.0}, ((2, 6), (77, np.int64(59))): {'bw': 49.0}, ((1, 3), (np.int64(49), 76)): {'bw': 46.0}, ((1, 3), (76, 91)): {'bw': 46.0}, ((1, 3), (91, np.int64(69))): {'bw': 46.0}, ((1, 5), (np.int64(49), 22)): {'bw': 41.0}, ((1, 5), (22, np.int64(4))): {'bw': 41.0}, ((2, 7), (np.int64(36), 30)): {'bw': 43.0}, ((2, 7), (30, np.int64(91))): {'bw': 43.0}, ((0, 1), (np.int64(77), 97)): {'bw': 38.0}, ((0, 1), (97, 80)): {'bw': 38.0}, ((0, 1), (80, np.int64(49))): {'bw': 38.0}, ((0, 2), (np.int64(77), 1)): {'bw': 31.0}, ((0, 2), (1, np.int64(36))): {'bw': 31.0}, ((1, 7), (np.int64(49), 33)): {'bw': 30.0}, ((1, 7), (33, np.int64(91))): {'bw': 30.0}, ((3, 4), (np.int64(69), 12)): {'bw': 21.0}, ((3, 4), (12, np.int64(7))): {'bw': 21.0}, ((3, 7), (np.int64(69), 91)): {'bw': 22.0}, ((5, 6), (np.int64(4), 79)): {'bw': 21.0}, ((5, 6), (79, np.int64(59))): {'bw': 21.0}, ((0, 3), (np.int64(77), 1)): {'bw': 19.0}, ((0, 3), (1, 12)): {'bw': 19.0}, ((0, 3), (12, np.int64(69))): {'bw': 19.0}, ((3, 5), (np.int64(69), 79)): {'bw': 17.0}, ((3, 5), (79, np.int64(4))): {'bw': 17.0}, ((0, 7), (np.int64(77), 91)): {'bw': 16.0}, ((4, 5), (np.int64(7), 15)): {'bw': 3.0}, ((4, 5), (15, np.int64(4))): {'bw': 3.0}, ((2, 3), (np.int64(36), 91)): {'bw': 5.0}, ((2, 3), (91, np.int64(69))): {'bw': 5.0}}",999.0,483.0,483.0,81.0,402.0,81.0,402.0,81.0,918.0,516.0,0.48348348348348347,193371.4792823432,93491.91640978155,93.58550191169324,Success,0.0,"{'node_level': {}, 'link_level': {}, 'path_level': {}}","{'node_level': {7: {'cpu': -48}, 0: {'cpu': -15}, 3: {'cpu': -80}, 6: {'cpu': -76}, 5: {'cpu': -24}, 1: {'cpu': -51}, 4: {'cpu': -26}, 2: {'cpu': -53}}, 'link_level': {}, 'path_level': {}}","{'node_level': {7: {'cpu': 0}, 0: {'cpu': 0}, 3: {'cpu': 0}, 6: {'cpu': 0}, 5: {'cpu': 0}, 1: {'cpu': 0}, 4: {'cpu': 0}, 2: {'cpu': 0}}, 'link_level': {}, 'path_level': {}}",[],0.0,0.0,True,True,False,0,[],0,0.0,"OrderedDict([((2, 6), 0), ((1, 3), 0), ((1, 5), 0), ((2, 7), 0), ((0, 1), 0), ((0, 2), 0), ((1, 7), 0), ((3, 4), 0), ((3, 7), 0), ((5, 6), 0), ((0, 3), 0), ((3, 5), 0), ((0, 7), 0), ((4, 5), 0), ((2, 3), 0)])",0.0,0.0,8.0,15.0
61,47,24,10947.0,19724.0,4850426.2056895215,8404389.568023054,0.5550091259379436,0.5771301016488312,52,87,1,761.0,37757.0,5997,31760.0,0.1731697228732938,0.19789877765430852,60,125.04074908684987,761.0,9,20,True,"{6: np.int64(32), 5: np.int64(90), 7: np.int64(98), 2: np.int64(29), 0: np.int64(11), 4: np.int64(9), 8: np.int64(34), 3: np.int64(80), 1: np.int64(10)}","{(0, 2): [(np.int64(11), 29)], (6, 8): [(np.int64(32), 49), (49, 80), (80, np.int64(34))], (2, 6): [(np.int64(29), 90), (90, 44), (44, np.int64(32))], (4, 5): [(np.int64(9), 49), (49, 0), (0, np.int64(90))], (0, 7): [(np.int64(11), 43), (43, np.int64(98))], (2, 5): [(np.int64(29), 30), (30, np.int64(90))], (0, 5): [(np.int64(11), 43), (43, 0), (0, np.int64(90))], (1, 2): [(np.int64(10), 68), (68, np.int64(29))], (5, 8): [(np.int64(90), 29), (29, np.int64(34))], (5, 6): [(np.int64(90), 36), (36, np.int64(32))], (5, 7): [(np.int64(90), 98)], (0, 8): [(np.int64(11), 25), (25, 91), (91, np.int64(34))], (3, 4): [(np.int64(80), 97), (97, np.int64(9))], (3, 7): [(np.int64(80), 42), (42, np.int64(98))], (7, 8): [(np.int64(98), 91), (91, np.int64(34))], (1, 3): [(np.int64(10), 80)], (1, 7): [(np.int64(10), 3), (3, 63), (63, np.int64(98))], (2, 3): [(np.int64(29), 34), (34, np.int64(80))], (1, 5): [(np.int64(10), 6), (6, 51), (51, np.int64(90))], (0, 6): [(np.int64(11), 25), (25, np.int64(32))]}","{(6, np.int64(32)): {'cpu': 19}, (5, np.int64(90)): {'cpu': 8}, (7, np.int64(98)): {'cpu': 18}, (2, np.int64(29)): {'cpu': 9}, (0, np.int64(11)): {'cpu': 10}, (4, np.int64(9)): {'cpu': 20}, (8, np.int64(34)): {'cpu': 11}, (3, np.int64(80)): {'cpu': 9}, (1, np.int64(10)): {'cpu': 2}}","{((0, 2), (np.int64(11), 29)): {'bw': 44.0}, ((6, 8), (np.int64(32), 49)): {'bw': 42.0}, ((6, 8), (49, 80)): {'bw': 42.0}, ((6, 8), (80, np.int64(34))): {'bw': 42.0}, ((2, 6), (np.int64(29), 90)): {'bw': 41.0}, ((2, 6), (90, 44)): {'bw': 41.0}, ((2, 6), (44, np.int64(32))): {'bw': 41.0}, ((4, 5), (np.int64(9), 49)): {'bw': 41.0}, ((4, 5), (49, 0)): {'bw': 41.0}, ((4, 5), (0, np.int64(90))): {'bw': 41.0}, ((0, 7), (np.int64(11), 43)): {'bw': 39.0}, ((0, 7), (43, np.int64(98))): {'bw': 39.0}, ((2, 5), (np.int64(29), 30)): {'bw': 41.0}, ((2, 5), (30, np.int64(90))): {'bw': 41.0}, ((0, 5), (np.int64(11), 43)): {'bw': 34.0}, ((0, 5), (43, 0)): {'bw': 34.0}, ((0, 5), (0, np.int64(90))): {'bw': 34.0}, ((1, 2), (np.int64(10), 68)): {'bw': 30.0}, ((1, 2), (68, np.int64(29))): {'bw': 30.0}, ((5, 8), (np.int64(90), 29)): {'bw': 23.0}, ((5, 8), (29, np.int64(34))): {'bw': 23.0}, ((5, 6), (np.int64(90), 36)): {'bw': 25.0}, ((5, 6), (36, np.int64(32))): {'bw': 25.0}, ((5, 7), (np.int64(90), 98)): {'bw': 24.0}, ((0, 8), (np.int64(11), 25)): {'bw': 20.0}, ((0, 8), (25, 91)): {'bw': 20.0}, ((0, 8), (91, np.int64(34))): {'bw': 20.0}, ((3, 4), (np.int64(80), 97)): {'bw': 17.0}, ((3, 4), (97, np.int64(9))): {'bw': 17.0}, ((3, 7), (np.int64(80), 42)): {'bw': 8.0}, ((3, 7), (42, np.int64(98))): {'bw': 8.0}, ((7, 8), (np.int64(98), 91)): {'bw': 7.0}, ((7, 8), (91, np.int64(34))): {'bw': 7.0}, ((1, 3), (np.int64(10), 80)): {'bw': 7.0}, ((1, 7), (np.int64(10), 3)): {'bw': 5.0}, ((1, 7), (3, 63)): {'bw': 5.0}, ((1, 7), (63, np.int64(98))): {'bw': 5.0}, ((2, 3), (np.int64(29), 34)): {'bw': 3.0}, ((2, 3), (34, np.int64(80))): {'bw': 3.0}, ((1, 5), (np.int64(10), 6)): {'bw': 6.0}, ((1, 5), (6, 51)): {'bw': 6.0}, ((1, 5), (51, np.int64(90))): {'bw': 6.0}, ((0, 6), (np.int64(11), 25)): {'bw': 2.0}, ((0, 6), (25, np.int64(32))): {'bw': 2.0}}",1138.0,565.0,565.0,106.0,459.0,106.0,459.0,106.0,1032.0,573.0,0.4964850615114236,142296.37246083515,70648.02323407018,62.08086400181914,Success,0.0,"{'node_level': {}, 'link_level': {}, 'path_level': {}}","{'node_level': {6: {'cpu': -57}, 5: {'cpu': -70}, 7: {'cpu': -12}, 2: {'cpu': -57}, 0: {'cpu': -63}, 4: {'cpu': -74}, 8: {'cpu': -45}, 3: {'cpu': -39}, 1: {'cpu': -59}}, 'link_level': {}, 'path_level': {}}","{'node_level': {6: {'cpu': 0}, 5: {'cpu': 0}, 7: {'cpu': 0}, 2: {'cpu': 0}, 0: {'cpu': 0}, 4: {'cpu': 0}, 8: {'cpu': 0}, 3: {'cpu': 0}, 1: {'cpu': 0}}, 'link_level': {}, 'path_level': {}}",[],0.0,0.0,True,True,False,0,[],0,0.0,"OrderedDict([((0, 2), 0), ((6, 8), 0), ((2, 6), 0), ((4, 5), 0), ((0, 7), 0), ((2, 5), 0), ((0, 5), 0), ((1, 2), 0), ((5, 8), 0), ((5, 6), 0), ((5, 7), 0), ((0, 8), 0), ((3, 4), 0), ((3, 7), 0), ((7, 8), 0), ((1, 3), 0), ((1, 7), 0), ((2, 3), 0), ((1, 5), 0), ((0, 6), 0)])",0.0,0.0,9.0,20.0
61,47,24,10947.0,19724.0,4850426.2056895215,8404389.568023054,0.5550091259379436,0.5771301016488312,52,88,0,774.8323666643691,37757.0,5997,31760.0,0.1731697228732938,0.19789877765430852,49,169.8323666643692,605.0,8,11,False,{},{},{},{},0.0,0.0,0.0,0.0,0.0,0.0,0.0,0.0,0.0,0.0,0.0,0.0,0.0,0.0,Leave Event,0.0,"{'node_level': {}, 'link_level': {}, 'path_level': {}}","{'node_level': {}, 'link_level': {}, 'path_level': {}}","{'node_level': {}, 'link_level': {}, 'path_level': {}}",[],0.0,0.0,True,True,False,0,[],0,0.0,,,,,
62,48,25,11062.0,19896.0,4859183.089278253,8417486.819999244,0.5559911540008042,0.5772724321626783,53,89,1,778.0,37585.0,5962,31623.0,0.17799531228457188,0.2013587231033438,61,76.1468138150583,778.0,4,3,True,"{2: np.int64(81), 0: np.int64(13), 1: np.int64(46), 3: np.int64(20)}","{(1, 2): [(np.int64(46), 60), (60, np.int64(81))], (0, 1): [(np.int64(13), 46)], (1, 3): [(np.int64(46), 78), (78, np.int64(20))]}","{(2, np.int64(81)): {'cpu': 15}, (0, np.int64(13)): {'cpu': 15}, (1, np.int64(46)): {'cpu': 1}, (3, np.int64(20)): {'cpu': 4}}","{((1, 2), (np.int64(46), 60)): {'bw': 48.0}, ((1, 2), (60, np.int64(81))): {'bw': 48.0}, ((0, 1), (np.int64(13), 46)): {'bw': 23.0}, ((1, 3), (np.int64(46), 78)): {'bw': 9.0}, ((1, 3), (78, np.int64(20))): {'bw': 9.0}}",172.0,115.0,115.0,35.0,80.0,35.0,80.0,35.0,137.0,57.0,0.6686046511627907,13097.251976190026,8756.883588731704,50.91211388797502,Success,0.0,"{'node_level': {}, 'link_level': {}, 'path_level': {}}","{'node_level': {2: {'cpu': -77}, 0: {'cpu': -34}, 1: {'cpu': -65}, 3: {'cpu': -92}}, 'link_level': {}, 'path_level': {}}","{'node_level': {2: {'cpu': 0}, 0: {'cpu': 0}, 1: {'cpu': 0}, 3: {'cpu': 0}}, 'link_level': {}, 'path_level': {}}",[],0.0,0.0,True,True,False,0,[],0,0.0,"OrderedDict([((1, 2), 0), ((0, 1), 0), ((1, 3), 0)])",0.0,0.0,4.0,3.0
63,49,26,11124.0,19958.0,4862355.028354255,8420658.759075247,0.557370478003808,0.5774316674587864,54,90,1,794.0,37523.0,5933,31590.0,0.1819936577967738,0.2021921406202647,62,51.16030767745007,794.0,2,1,True,"{1: np.int64(19), 0: np.int64(5)}","{(0, 1): [(np.int64(5), 19)]}","{(1, np.int64(19)): {'cpu': 16}, (0, np.int64(5)): {'cpu': 13}}","{((0, 1), (np.int64(5), 19)): {'bw': 33.0}}",62.0,62.0,62.0,29.0,33.0,29.0,33.0,29.0,33.0,0.0,1.0,3171.9390760019046,3171.9390760019046,51.16030767745007,Success,0.0,"{'node_level': {}, 'link_level': {}, 'path_level': {}}","{'node_level': {1: {'cpu': -57}, 0: {'cpu': -24}}, 'link_level': {}, 'path_level': {}}","{'node_level': {1: {'cpu': 0}, 0: {'cpu': 0}}, 'link_level': {}, 'path_level': {}}",[],0.0,0.0,True,True,False,0,[],0,0.0,"OrderedDict([((0, 1), 0)])",0.0,0.0,2.0,1.0
63,49,25,11124.0,19958.0,4862355.028354255,8420658.759075247,0.557370478003808,0.5774316674587864,54,91,0,795.155400200748,37565.0,5965,31600.0,0.1775816903350338,0.20193958985756133,44,251.155400200748,544.0,2,1,False,{},{},{},{},0.0,0.0,0.0,0.0,0.0,0.0,0.0,0.0,0.0,0.0,0.0,0.0,0.0,0.0,Leave Event,0.0,"{'node_level': {}, 'link_level': {}, 'path_level': {}}","{'node_level': {}, 'link_level': {}, 'path_level': {}}","{'node_level': {}, 'link_level': {}, 'path_level': {}}",[],0.0,0.0,True,True,False,0,[],0,0.0,,,,,
64,50,26,11310.0,20171.0,5247171.370739307,8861335.53825813,0.5607059640077339,0.5921422733723434,55,92,1,801.0,37352.0,5929,31423.0,0.1825451537294912,0.20640973835740983,63,2068.905066586304,801.0,5,5,True,"{0: np.int64(10), 1: np.int64(49), 3: np.int64(18), 4: np.int64(85), 2: np.int64(78)}","{(0, 1): [(np.int64(10), 49)], (0, 4): [(np.int64(10), 85)], (0, 2): [(np.int64(10), 78)], (0, 3): [(np.int64(10), 3), (3, np.int64(18))], (1, 3): [(np.int64(49), 0), (0, np.int64(18))]}","{(0, np.int64(10)): {'cpu': 5}, (1, np.int64(49)): {'cpu': 7}, (3, np.int64(18)): {'cpu': 14}, (4, np.int64(85)): {'cpu': 7}, (2, np.int64(78)): {'cpu': 3}}","{((0, 1), (np.int64(10), 49)): {'bw': 48.0}, ((0, 4), (np.int64(10), 85)): {'bw': 49.0}, ((0, 2), (np.int64(10), 78)): {'bw': 26.0}, ((0, 3), (np.int64(10), 3)): {'bw': 17.0}, ((0, 3), (3, np.int64(18))): {'bw': 17.0}, ((1, 3), (np.int64(49), 0)): {'bw': 10.0}, ((1, 3), (0, np.int64(18))): {'bw': 10.0}}",213.0,186.0,186.0,36.0,150.0,36.0,150.0,36.0,177.0,27.0,0.8732394366197183,440676.7791828828,384816.3423850526,1806.6494947655049,Success,0.0,"{'node_level': {}, 'link_level': {}, 'path_level': {}}","{'node_level': {0: {'cpu': -70}, 1: {'cpu': -60}, 3: {'cpu': -1}, 4: {'cpu': -49}, 2: {'cpu': -41}}, 'link_level': {}, 'path_level': {}}","{'node_level': {0: {'cpu': 0}, 1: {'cpu': 0}, 3: {'cpu': 0}, 4: {'cpu': 0}, 2: {'cpu': 0}}, 'link_level': {}, 'path_level': {}}",[],0.0,0.0,True,True,False,0,[],0,0.0,"OrderedDict([((0, 1), 0), ((0, 4), 0), ((0, 2), 0), ((0, 3), 0), ((1, 3), 0)])",0.0,0.0,5.0,5.0
65,50,26,11310.0,20171.0,5247171.370739307,8861335.53825813,0.5607059640077339,0.5921422733723434,55,93,1,815.0,37352.0,5929,31423.0,0.1825451537294912,0.20640973835740983,64,150.78295595034774,815.0,7,12,False,"{0: np.int64(28), 5: np.int64(95), 3: np.int64(4), 6: np.int64(72), 2: np.int64(20), 4: np.int64(59), 1: np.int64(78)}","{(2, 6): [(np.int64(20), 72)], (2, 5): [(np.int64(20), 28), (28, 26), (26, np.int64(95))], (1, 5): [(np.int64(78), 66), (66, 33), (33, np.int64(95))], (0, 5): [(np.int64(28), 22), (22, 41), (41, np.int64(95))], (3, 5): [(np.int64(4), 13), (13, np.int64(95))], (0, 6): [(np.int64(28), 68), (68, 82), (82, np.int64(72))], (0, 2): [(np.int64(28), 20)]}","{(0, np.int64(28)): {'cpu': 14}, (5, np.int64(95)): {'cpu': 8}, (3, np.int64(4)): {'cpu': 18}, (6, np.int64(72)): {'cpu': 9}, (2, np.int64(20)): {'cpu': 5}, (4, np.int64(59)): {'cpu': 16}, (1, np.int64(78)): {'cpu': 6}}","{((2, 6), (np.int64(20), 72)): {'bw': 40.0}, ((2, 5), (np.int64(20), 28)): {'bw': 41.0}, ((2, 5), (28, 26)): {'bw': 41.0}, ((2, 5), (26, np.int64(95))): {'bw': 41.0}, ((1, 5), (np.int64(78), 66)): {'bw': 41.0}, ((1, 5), (66, 33)): {'bw': 41.0}, ((1, 5), (33, np.int64(95))): {'bw': 41.0}, ((0, 5), (np.int64(28), 22)): {'bw': 40.0}, ((0, 5), (22, 41)): {'bw': 40.0}, ((0, 5), (41, np.int64(95))): {'bw': 40.0}, ((3, 5), (np.int64(4), 13)): {'bw': 34.0}, ((3, 5), (13, np.int64(95))): {'bw': 34.0}, ((0, 6), (np.int64(28), 68)): {'bw': 30.0}, ((0, 6), (68, 82)): {'bw': 30.0}, ((0, 6), (82, np.int64(72))): {'bw': 30.0}, ((0, 2), (np.int64(28), 20)): {'bw': 21.0}}",0.0,0.0,393.0,76.0,317.0,0.0,0.0,0.0,0.0,0.0,0.0,0.0,0.0,0.0,Route Failure,0.0,"{'node_level': {}, 'link_level': {}, 'path_level': {}}","{'node_level': {0: {'cpu': -29}, 5: {'cpu': -57}, 3: {'cpu': -6}, 6: {'cpu': -38}, 2: {'cpu': -87}, 4: {'cpu': -60}, 1: {'cpu': -35}}, 'link_level': {}, 'path_level': {}}","{'node_level': {0: {'cpu': 0}, 5: {'cpu': 0}, 3: {'cpu': 0}, 6: {'cpu': 0}, 2: {'cpu': 0}, 4: {'cpu': 0}, 1: {'cpu': 0}}, 'link_level': {}, 'path_level': {}}",[],0.0,0.0,True,False,False,0,[],0,0.0,"OrderedDict([((2, 6), 0), ((2, 5), 0), ((1, 5), 0), ((0, 5), 0), ((3, 5), 0), ((0, 6), 0), ((0, 2), 0)])",0.0,0.0,7.0,7.0
66,51,27,11520.0,20441.0,5328029.441917031,8965295.915486632,0.5635732107039773,0.5942948779541571,56,94,1,821.0,37082.0,5856,31226.0,0.19260995450158558,0.21138498838266495,65,385.03843417963935,821.0,6,6,True,"{4: np.int64(28), 3: np.int64(95), 1: np.int64(72), 5: np.int64(20), 0: np.int64(56), 2: np.int64(59)}","{(0, 2): [(np.int64(56), 59)], (3, 4): [(np.int64(95), 26), (26, np.int64(28))], (4, 5): [(np.int64(28), 20)], (1, 4): [(np.int64(72), 20), (20, np.int64(28))], (0, 5): [(np.int64(56), 20)], (0, 1): [(np.int64(56), 72)]}","{(4, np.int64(28)): {'cpu': 20}, (3, np.int64(95)): {'cpu': 15}, (1, np.int64(72)): {'cpu': 18}, (5, np.int64(20)): {'cpu': 9}, (0, np.int64(56)): {'cpu': 5}, (2, np.int64(59)): {'cpu': 6}}","{((0, 2), (np.int64(56), 59)): {'bw': 38.0}, ((3, 4), (np.int64(95), 26)): {'bw': 39.0}, ((3, 4), (26, np.int64(28))): {'bw': 39.0}, ((4, 5), (np.int64(28), 20)): {'bw': 31.0}, ((1, 4), (np.int64(72), 20)): {'bw': 21.0}, ((1, 4), (20, np.int64(28))): {'bw': 21.0}, ((0, 5), (np.int64(56), 20)): {'bw': 4.0}, ((0, 1), (np.int64(56), 72)): {'bw': 4.0}}",270.0,210.0,210.0,73.0,137.0,73.0,137.0,73.0,197.0,60.0,0.7777777777777778,103960.37722850262,80858.07117772427,299.47433769527504,Success,0.0,"{'node_level': {}, 'link_level': {}, 'path_level': {}}","{'node_level': {4: {'cpu': -23}, 3: {'cpu': -50}, 1: {'cpu': -29}, 5: {'cpu': -83}, 0: {'cpu': -45}, 2: {'cpu': -70}}, 'link_level': {}, 'path_level': {}}","{'node_level': {4: {'cpu': 0}, 3: {'cpu': 0}, 1: {'cpu': 0}, 5: {'cpu': 0}, 0: {'cpu': 0}, 2: {'cpu': 0}}, 'link_level': {}, 'path_level': {}}",[],0.0,0.0,True,True,False,0,[],0,0.0,"OrderedDict([((0, 2), 0), ((3, 4), 0), ((4, 5), 0), ((1, 4), 0), ((0, 5), 0), ((0, 1), 0)])",0.0,0.0,6.0,6.0
67,51,27,11520.0,20441.0,5328029.441917031,8965295.915486632,0.5635732107039773,0.5942948779541571,56,95,1,839.0,37082.0,5856,31226.0,0.19260995450158558,0.21138498838266495,66,297.0367475186629,839.0,6,10,False,"{4: np.int64(38), 3: np.int64(4), 2: np.int64(10), 1: np.int64(78), 5: np.int64(75), 0: np.int64(6)}","{(3, 4): [(np.int64(4), 6), (6, 75), (75, np.int64(38))], (4, 5): [(np.int64(38), 75)], (0, 2): [(np.int64(6), 10)]}","{(4, np.int64(38)): {'cpu': 16}, (3, np.int64(4)): {'cpu': 13}, (2, np.int64(10)): {'cpu': 11}, (1, np.int64(78)): {'cpu': 18}, (5, np.int64(75)): {'cpu': 3}, (0, np.int64(6)): {'cpu': 2}}","{((3, 4), (np.int64(4), 6)): {'bw': 47.0}, ((3, 4), (6, 75)): {'bw': 47.0}, ((3, 4), (75, np.int64(38))): {'bw': 47.0}, ((4, 5), (np.int64(38), 75)): {'bw': 37.0}, ((0, 2), (np.int64(6), 10)): {'bw': 33.0}}",0.0,0.0,295.0,63.0,232.0,0.0,0.0,0.0,0.0,0.0,0.0,0.0,0.0,0.0,Route Failure,0.0,"{'node_level': {}, 'link_level': {}, 'path_level': {}}","{'node_level': {4: {'cpu': -37}, 3: {'cpu': -11}, 2: {'cpu': -59}, 1: {'cpu': -23}, 5: {'cpu': -49}, 0: {'cpu': -57}}, 'link_level': {}, 'path_level': {}}","{'node_level': {4: {'cpu': 0}, 3: {'cpu': 0}, 2: {'cpu': 0}, 1: {'cpu': 0}, 5: {'cpu': 0}, 0: {'cpu': 0}}, 'link_level': {}, 'path_level': {}}",[],0.0,0.0,True,False,False,0,[],0,0.0,"OrderedDict([((3, 4), 0), ((4, 5), 0), ((0, 2), 0)])",0.0,0.0,6.0,3.0
67,51,26,11520.0,20441.0,5328029.441917031,8965295.915486632,0.5635732107039773,0.5942948779541571,56,96,0,845.1603076774501,37144.0,5885,31259.0,0.18861160898938367,0.21055157086574405,62,51.16030767745007,794.0,2,1,False,{},{},{},{},0.0,0.0,0.0,0.0,0.0,0.0,0.0,0.0,0.0,0.0,0.0,0.0,0.0,0.0,Leave Event,0.0,"{'node_level': {}, 'link_level': {}, 'path_level': {}}","{'node_level': {}, 'link_level': {}, 'path_level': {}}","{'node_level': {}, 'link_level': {}, 'path_level': {}}",[],0.0,0.0,True,True,False,0,[],0,0.0,,,,,
68,52,27,11913.0,21084.0,5348638.723548606,8999015.427163739,0.5650256118383609,0.5943582124999602,56,97,1,854.0,36501.0,5777,30724.0,0.20350199917275613,0.22406303667037075,67,52.44092018212503,854.0,8,9,True,"{5: np.int64(19), 2: np.int64(5), 4: np.int64(38), 6: np.int64(4), 1: np.int64(83), 0: np.int64(10), 7: np.int64(78), 3: np.int64(64)}","{(2, 5): [(np.int64(5), 19)], (0, 7): [(np.int64(10), 73), (73, np.int64(78))], (1, 2): [(np.int64(83), 19), (19, np.int64(5))], (0, 6): [(np.int64(10), 6), (6, np.int64(4))], (1, 5): [(np.int64(83), 19)], (2, 4): [(np.int64(5), 11), (11, np.int64(38))], (4, 6): [(np.int64(38), 75), (75, 6), (6, np.int64(4))], (3, 4): [(np.int64(64), 69), (69, 45), (45, np.int64(38))], (3, 7): [(np.int64(64), 62), (62, 27), (27, np.int64(78))]}","{(5, np.int64(19)): {'cpu': 19}, (2, np.int64(5)): {'cpu': 12}, (4, np.int64(38)): {'cpu': 20}, (6, np.int64(4)): {'cpu': 17}, (1, np.int64(83)): {'cpu': 7}, (0, np.int64(10)): {'cpu': 6}, (7, np.int64(78)): {'cpu': 10}, (3, np.int64(64)): {'cpu': 17}}","{((2, 5), (np.int64(5), 19)): {'bw': 43.0}, ((0, 7), (np.int64(10), 73)): {'bw': 42.0}, ((0, 7), (73, np.int64(78))): {'bw': 42.0}, ((1, 2), (np.int64(83), 19)): {'bw': 42.0}, ((1, 2), (19, np.int64(5))): {'bw': 42.0}, ((0, 6), (np.int64(10), 6)): {'bw': 43.0}, ((0, 6), (6, np.int64(4))): {'bw': 43.0}, ((1, 5), (np.int64(83), 19)): {'bw': 40.0}, ((2, 4), (np.int64(5), 11)): {'bw': 27.0}, ((2, 4), (11, np.int64(38))): {'bw': 27.0}, ((4, 6), (np.int64(38), 75)): {'bw': 28.0}, ((4, 6), (75, 6)): {'bw': 28.0}, ((4, 6), (6, np.int64(4))): {'bw': 28.0}, ((3, 4), (np.int64(64), 69)): {'bw': 12.0}, ((3, 4), (69, 45)): {'bw': 12.0}, ((3, 4), (45, np.int64(38))): {'bw': 12.0}, ((3, 7), (np.int64(64), 62)): {'bw': 8.0}, ((3, 7), (62, 27)): {'bw': 8.0}, ((3, 7), (27, np.int64(78))): {'bw': 8.0}}",643.0,393.0,393.0,108.0,285.0,108.0,285.0,108.0,535.0,250.0,0.6111975116640747,33719.5116771064,20609.281631575137,32.05175992468917,Success,0.0,"{'node_level': {}, 'link_level': {}, 'path_level': {}}","{'node_level': {5: {'cpu': -54}, 2: {'cpu': -25}, 4: {'cpu': -33}, 6: {'cpu': -7}, 1: {'cpu': -41}, 0: {'cpu': -64}, 7: {'cpu': -31}, 3: {'cpu': -44}}, 'link_level': {}, 'path_level': {}}","{'node_level': {5: {'cpu': 0}, 2: {'cpu': 0}, 4: {'cpu': 0}, 6: {'cpu': 0}, 1: {'cpu': 0}, 0: {'cpu': 0}, 7: {'cpu': 0}, 3: {'cpu': 0}}, 'link_level': {}, 'path_level': {}}",[],0.0,0.0,True,True,False,0,[],0,0.0,"OrderedDict([((2, 5), 0), ((0, 7), 0), ((1, 2), 0), ((0, 6), 0), ((1, 5), 0), ((2, 4), 0), ((4, 6), 0), ((3, 4), 0), ((3, 7), 0)])",0.0,0.0,8.0,9.0
68,52,26,11913.0,21084.0,5348638.723548606,8999015.427163739,0.5650256118383609,0.5943582124999602,56,98,0,854.1468138150583,36673.0,5812,30861.0,0.19867640976147805,0.22060309122133548,61,76.1468138150583,778.0,4,3,False,{},{},{},{},0.0,0.0,0.0,0.0,0.0,0.0,0.0,0.0,0.0,0.0,0.0,0.0,0.0,0.0,Leave Event,0.0,"{'node_level': {}, 'link_level': {}, 'path_level': {}}","{'node_level': {}, 'link_level': {}, 'path_level': {}}","{'node_level': {}, 'link_level': {}, 'path_level': {}}",[],0.0,0.0,True,True,False,0,[],0,0.0,,,,,
68,52,26,11913.0,21084.0,5348638.723548606,8999015.427163739,0.5650256118383609,0.5943582124999602,56,99,0,865.8178424972212,36673.0,5812,30861.0,0.19867640976147805,0.22060309122133548,50,241.81784249722122,624.0,10,16,False,{},{},{},{},0.0,0.0,0.0,0.0,0.0,0.0,0.0,0.0,0.0,0.0,0.0,0.0,0.0,0.0,Leave Event,0.0,"{'node_level': {}, 'link_level': {}, 'path_level': {}}","{'node_level': {}, 'link_level': {}, 'path_level': {}}","{'node_level': {}, 'link_level': {}, 'path_level': {}}",[],0.0,0.0,True,True,False,0,[],0,0.0,,,,,
69,53,27,12104.0,21401.0,5390118.733789276,9067859.213793542,0.5655810476145975,0.5944202051119316,56,100,1,866.0,36356.0,5748,30608.0,0.20750034468495793,0.22699262551772903,68,217.1728284851835,866.0,6,5,True,"{3: np.int64(81), 5: np.int64(13), 4: np.int64(46), 1: np.int64(60), 0: np.int64(25), 2: np.int64(59)}","{(0, 4): [(np.int64(25), 95), (95, 41), (41, np.int64(46))], (1, 3): [(np.int64(60), 81)], (2, 3): [(np.int64(59), 81)], (4, 5): [(np.int64(46), 13)], (2, 5): [(np.int64(59), 81), (81, 26), (26, 95), (95, np.int64(13))]}","{(3, np.int64(81)): {'cpu': 16}, (5, np.int64(13)): {'cpu': 14}, (4, np.int64(46)): {'cpu': 6}, (1, np.int64(60)): {'cpu': 14}, (0, np.int64(25)): {'cpu': 7}, (2, np.int64(59)): {'cpu': 7}}","{((0, 4), (np.int64(25), 95)): {'bw': 42.0}, ((0, 4), (95, 41)): {'bw': 42.0}, ((0, 4), (41, np.int64(46))): {'bw': 42.0}, ((1, 3), (np.int64(60), 81)): {'bw': 24.0}, ((2, 3), (np.int64(59), 81)): {'bw': 25.0}, ((4, 5), (np.int64(46), 13)): {'bw': 22.0}, ((2, 5), (np.int64(59), 81)): {'bw': 14.0}, ((2, 5), (81, 26)): {'bw': 14.0}, ((2, 5), (26, 95)): {'bw': 14.0}, ((2, 5), (95, np.int64(13))): {'bw': 14.0}}",317.0,191.0,191.0,64.0,127.0,64.0,127.0,64.0,253.0,126.0,0.6025236593059937,68843.78662980316,41480.010240670046,130.8517673207257,Success,0.0,"{'node_level': {}, 'link_level': {}, 'path_level': {}}","{'node_level': {3: {'cpu': -76}, 5: {'cpu': -35}, 4: {'cpu': -60}, 1: {'cpu': -35}, 0: {'cpu': -20}, 2: {'cpu': -63}}, 'link_level': {}, 'path_level': {}}","{'node_level': {3: {'cpu': 0}, 5: {'cpu': 0}, 4: {'cpu': 0}, 1: {'cpu': 0}, 0: {'cpu': 0}, 2: {'cpu': 0}}, 'link_level': {}, 'path_level': {}}",[],0.0,0.0,True,True,False,0,[],0,0.0,"OrderedDict([((0, 4), 0), ((1, 3), 0), ((2, 3), 0), ((4, 5), 0), ((2, 5), 0)])",0.0,0.0,6.0,5.0
70,54,28,12238.0,21622.0,5432560.729469529,9137856.833534855,0.5659975950420868,0.5945114733613108,58,101,1,878.0,36135.0,5709,30426.0,0.21287743002895354,0.23158904939892921,69,316.7313110466631,878.0,6,6,True,"{2: np.int64(53), 1: np.int64(54), 4: np.int64(46), 0: np.int64(21), 3: np.int64(68), 5: np.int64(79)}","{(0, 2): [(np.int64(21), 53)], (0, 1): [(np.int64(21), 3), (3, np.int64(54))], (0, 4): [(np.int64(21), 31), (31, 39), (39, np.int64(46))], (0, 5): [(np.int64(21), 53), (53, 33), (33, np.int64(79))], (3, 4): [(np.int64(68), 78), (78, np.int64(46))], (2, 3): [(np.int64(53), 29), (29, np.int64(68))]}","{(2, np.int64(53)): {'cpu': 18}, (1, np.int64(54)): {'cpu': 7}, (4, np.int64(46)): {'cpu': 5}, (0, np.int64(21)): {'cpu': 1}, (3, np.int64(68)): {'cpu': 5}, (5, np.int64(79)): {'cpu': 3}}","{((0, 2), (np.int64(21), 53)): {'bw': 31.0}, ((0, 1), (np.int64(21), 3)): {'bw': 26.0}, ((0, 1), (3, np.int64(54))): {'bw': 26.0}, ((0, 4), (np.int64(21), 31)): {'bw': 12.0}, ((0, 4), (31, 39)): {'bw': 12.0}, ((0, 4), (39, np.int64(46))): {'bw': 12.0}, ((0, 5), (np.int64(21), 53)): {'bw': 11.0}, ((0, 5), (53, 33)): {'bw': 11.0}, ((0, 5), (33, np.int64(79))): {'bw': 11.0}, ((3, 4), (np.int64(68), 78)): {'bw': 12.0}, ((3, 4), (78, np.int64(46))): {'bw': 12.0}, ((2, 3), (np.int64(53), 29)): {'bw': 3.0}, ((2, 3), (29, np.int64(68))): {'bw': 3.0}}",221.0,134.0,134.0,39.0,95.0,39.0,95.0,39.0,182.0,87.0,0.6063348416289592,69997.61974131255,42441.995680252854,192.0452293224111,Success,0.0,"{'node_level': {}, 'link_level': {}, 'path_level': {}}","{'node_level': {2: {'cpu': -37}, 1: {'cpu': -77}, 4: {'cpu': -55}, 0: {'cpu': -73}, 3: {'cpu': -38}, 5: {'cpu': -62}}, 'link_level': {}, 'path_level': {}}","{'node_level': {2: {'cpu': 0}, 1: {'cpu': 0}, 4: {'cpu': 0}, 0: {'cpu': 0}, 3: {'cpu': 0}, 5: {'cpu': 0}}, 'link_level': {}, 'path_level': {}}",[],0.0,0.0,True,True,False,0,[],0,0.0,"OrderedDict([((0, 2), 0), ((0, 1), 0), ((0, 4), 0), ((0, 5), 0), ((3, 4), 0), ((2, 3), 0)])",0.0,0.0,6.0,6.0
70,54,27,12238.0,21622.0,5432560.729469529,9137856.833534855,0.5659975950420868,0.5945114733613108,58,102,0,881.3293595731403,36401.0,5755,30646.0,0.2065352268027023,0.22603293261945656,28,509.3293595731403,372.0,5,5,False,{},{},{},{},0.0,0.0,0.0,0.0,0.0,0.0,0.0,0.0,0.0,0.0,0.0,0.0,0.0,0.0,Leave Event,0.0,"{'node_level': {}, 'link_level': {}, 'path_level': {}}","{'node_level': {}, 'link_level': {}, 'path_level': {}}","{'node_level': {}, 'link_level': {}, 'path_level': {}}",[],0.0,0.0,True,True,False,0,[],0,0.0,,,,,
70,54,26,12238.0,21622.0,5432560.729469529,9137856.833534855,0.5659975950420868,0.5945114733613108,58,103,0,886.0407490868499,37539.0,5861,31678.0,0.19192058458568872,0.19996969390847563,60,125.04074908684987,761.0,9,20,False,{},{},{},{},0.0,0.0,0.0,0.0,0.0,0.0,0.0,0.0,0.0,0.0,0.0,0.0,0.0,0.0,Leave Event,0.0,"{'node_level': {}, 'link_level': {}, 'path_level': {}}","{'node_level': {}, 'link_level': {}, 'path_level': {}}","{'node_level': {}, 'link_level': {}, 'path_level': {}}",[],0.0,0.0,True,True,False,0,[],0,0.0,,,,,
71,55,27,12446.0,22045.0,5623892.939084411,9526960.317511272,0.564572465411658,0.5903134632299529,58,104,1,887.0,37116.0,5796,31320.0,0.20088239349234804,0.20901101121325383,70,919.8663923792355,887.0,5,5,True,"{4: np.int64(32), 3: np.int64(90), 0: np.int64(9), 2: np.int64(98), 1: np.int64(29)}","{(0, 4): [(np.int64(9), 49), (49, np.int64(32))], (2, 4): [(np.int64(98), 90), (90, 44), (44, np.int64(32))], (2, 3): [(np.int64(98), 43), (43, 0), (0, np.int64(90))], (1, 3): [(np.int64(29), 90)], (1, 4): [(np.int64(29), 18), (18, 32)]}","{(4, np.int64(32)): {'cpu': 19}, (3, np.int64(90)): {'cpu': 18}, (0, np.int64(9)): {'cpu': 18}, (2, np.int64(98)): {'cpu': 6}, (1, np.int64(29)): {'cpu': 4}}","{((0, 4), (np.int64(9), 49)): {'bw': 46.0}, ((0, 4), (49, np.int64(32))): {'bw': 46.0}, ((2, 4), (np.int64(98), 90)): {'bw': 45.0}, ((2, 4), (90, 44)): {'bw': 45.0}, ((2, 4), (44, np.int64(32))): {'bw': 45.0}, ((2, 3), (np.int64(98), 43)): {'bw': 39.0}, ((2, 3), (43, 0)): {'bw': 39.0}, ((2, 3), (0, np.int64(90))): {'bw': 39.0}, ((1, 3), (np.int64(29), 90)): {'bw': 12.0}, ((1, 4), (np.int64(29), 18)): {'bw': 1.0}, ((1, 4), (18, 32)): {'bw': 1.0}}",423.0,208.0,208.0,65.0,143.0,65.0,143.0,65.0,358.0,215.0,0.491725768321513,389103.48397641664,191332.209614881,452.32200854581794,Success,0.0,"{'node_level': {}, 'link_level': {}, 'path_level': {}}","{'node_level': {4: {'cpu': -74}, 3: {'cpu': -60}, 0: {'cpu': -76}, 2: {'cpu': -24}, 1: {'cpu': -62}}, 'link_level': {}, 'path_level': {}}","{'node_level': {4: {'cpu': 0}, 3: {'cpu': 0}, 0: {'cpu': 0}, 2: {'cpu': 0}, 1: {'cpu': 0}}, 'link_level': {}, 'path_level': {}}",[],0.0,0.0,True,True,False,0,[],0,0.0,"OrderedDict([((0, 4), 0), ((2, 4), 0), ((2, 3), 0), ((1, 3), 0), ((1, 4), 0)])",0.0,0.0,5.0,5.0
71,55,26,12446.0,22045.0,5623892.939084411,9526960.317511272,0.564572465411658,0.5903134632299529,58,105,0,890.0523483119039,37714.0,5872,31842.0,0.19040397077071558,0.1958278614001414,46,322.0523483119039,568.0,6,7,False,{},{},{},{},0.0,0.0,0.0,0.0,0.0,0.0,0.0,0.0,0.0,0.0,0.0,0.0,0.0,0.0,Leave Event,0.0,"{'node_level': {}, 'link_level': {}, 'path_level': {}}","{'node_level': {}, 'link_level': {}, 'path_level': {}}","{'node_level': {}, 'link_level': {}, 'path_level': {}}",[],0.0,0.0,True,True,False,0,[],0,0.0,,,,,
71,55,26,12446.0,22045.0,5623892.939084411,9526960.317511272,0.564572465411658,0.5903134632299529,58,106,0,901.5638586174298,37714.0,5872,31842.0,0.19040397077071558,0.1958278614001414,47,317.5638586174298,584.0,7,13,False,{},{},{},{},0.0,0.0,0.0,0.0,0.0,0.0,0.0,0.0,0.0,0.0,0.0,0.0,0.0,0.0,Leave Event,0.0,"{'node_level': {}, 'link_level': {}, 'path_level': {}}","{'node_level': {}, 'link_level': {}, 'path_level': {}}","{'node_level': {}, 'link_level': {}, 'path_level': {}}",[],0.0,0.0,True,True,False,0,[],0,0.0,,,,,
71,55,26,12446.0,22045.0,5623892.939084411,9526960.317511272,0.564572465411658,0.5903134632299529,58,107,0,902.933888040804,37714.0,5872,31842.0,0.19040397077071558,0.1958278614001414,42,380.933888040804,522.0,9,22,False,{},{},{},{},0.0,0.0,0.0,0.0,0.0,0.0,0.0,0.0,0.0,0.0,0.0,0.0,0.0,0.0,Leave Event,0.0,"{'node_level': {}, 'link_level': {}, 'path_level': {}}","{'node_level': {}, 'link_level': {}, 'path_level': {}}","{'node_level': {}, 'link_level': {}, 'path_level': {}}",[],0.0,0.0,True,True,False,0,[],0,0.0,,,,,
72,56,27,12717.0,22505.0,5942341.9617728535,10067501.094030399,0.56507442790491,0.5902499444769279,58,108,1,903.0,37254.0,5791,31463.0,0.2015717634082449,0.2053995353065966,71,1175.088644606799,903.0,6,8,True,"{4: np.int64(1), 5: np.int64(78), 1: np.int64(80), 2: np.int64(34), 3: np.int64(32), 0: np.int64(52)}","{(4, 5): [(np.int64(1), 76), (76, np.int64(78))], (2, 3): [(np.int64(34), 60), (60, np.int64(32))], (1, 4): [(np.int64(80), 1)], (3, 5): [(np.int64(32), 31), (31, 71), (71, np.int64(78))], (0, 4): [(np.int64(52), 94), (94, np.int64(1))], (1, 2): [(np.int64(80), 34)], (1, 5): [(np.int64(80), 60), (60, 46), (46, np.int64(78))], (2, 5): [(np.int64(34), 29), (29, 68), (68, np.int64(78))]}","{(4, np.int64(1)): {'cpu': 19}, (5, np.int64(78)): {'cpu': 17}, (1, np.int64(80)): {'cpu': 18}, (2, np.int64(34)): {'cpu': 17}, (3, np.int64(32)): {'cpu': 9}, (0, np.int64(52)): {'cpu': 1}}","{((4, 5), (np.int64(1), 76)): {'bw': 43.0}, ((4, 5), (76, np.int64(78))): {'bw': 43.0}, ((2, 3), (np.int64(34), 60)): {'bw': 38.0}, ((2, 3), (60, np.int64(32))): {'bw': 38.0}, ((1, 4), (np.int64(80), 1)): {'bw': 33.0}, ((3, 5), (np.int64(32), 31)): {'bw': 27.0}, ((3, 5), (31, 71)): {'bw': 27.0}, ((3, 5), (71, np.int64(78))): {'bw': 27.0}, ((0, 4), (np.int64(52), 94)): {'bw': 22.0}, ((0, 4), (94, np.int64(1))): {'bw': 22.0}, ((1, 2), (np.int64(80), 34)): {'bw': 11.0}, ((1, 5), (np.int64(80), 60)): {'bw': 9.0}, ((1, 5), (60, 46)): {'bw': 9.0}, ((1, 5), (46, np.int64(78))): {'bw': 9.0}, ((2, 5), (np.int64(34), 29)): {'bw': 7.0}, ((2, 5), (29, 68)): {'bw': 7.0}, ((2, 5), (68, np.int64(78))): {'bw': 7.0}}",460.0,271.0,271.0,81.0,190.0,81.0,190.0,81.0,379.0,189.0,0.5891304347826087,540540.7765191275,318449.02268844255,692.2804841053099,Success,0.0,"{'node_level': {}, 'link_level': {}, 'path_level': {}}","{'node_level': {4: {'cpu': -31}, 5: {'cpu': -34}, 1: {'cpu': -30}, 2: {'cpu': -39}, 3: {'cpu': -65}, 0: {'cpu': -80}}, 'link_level': {}, 'path_level': {}}","{'node_level': {4: {'cpu': 0}, 5: {'cpu': 0}, 1: {'cpu': 0}, 2: {'cpu': 0}, 3: {'cpu': 0}, 0: {'cpu': 0}}, 'link_level': {}, 'path_level': {}}",[],0.0,0.0,True,True,False,0,[],0,0.0,"OrderedDict([((4, 5), 0), ((2, 3), 0), ((1, 4), 0), ((3, 5), 0), ((0, 4), 0), ((1, 2), 0), ((1, 5), 0), ((2, 5), 0)])",0.0,0.0,6.0,8.0
72,56,26,12717.0,22505.0,5942341.9617728535,10067501.094030399,0.56507442790491,0.5902499444769279,58,109,0,906.4409201821251,37897.0,5899,31998.0,0.18668137322487244,0.1918880695019699,67,52.44092018212503,854.0,8,9,False,{},{},{},{},0.0,0.0,0.0,0.0,0.0,0.0,0.0,0.0,0.0,0.0,0.0,0.0,0.0,0.0,Leave Event,0.0,"{'node_level': {}, 'link_level': {}, 'path_level': {}}","{'node_level': {}, 'link_level': {}, 'path_level': {}}","{'node_level': {}, 'link_level': {}, 'path_level': {}}",[],0.0,0.0,True,True,False,0,[],0,0.0,,,,,
73,57,27,12954.0,22901.0,5946878.486869425,10075081.110647453,0.5656521549277325,0.5902561400309423,58,110,1,911.0,37501.0,5858,31643.0,0.19233420653522681,0.20085362157793718,72,19.141456103673956,911.0,6,9,True,"{2: np.int64(64), 5: np.int64(75), 3: np.int64(11), 4: np.int64(19), 1: np.int64(5), 0: np.int64(10)}","{(3, 5): [(np.int64(11), 75)], (0, 5): [(np.int64(10), 6), (6, np.int64(75))], (1, 3): [(np.int64(5), 11)], (1, 2): [(np.int64(5), 79), (79, 69), (69, np.int64(64))], (0, 2): [(np.int64(10), 35), (35, np.int64(64))], (2, 4): [(np.int64(64), 25), (25, 11), (11, np.int64(19))], (1, 4): [(np.int64(5), 19)], (3, 4): [(np.int64(11), 19)], (2, 5): [(np.int64(64), 69), (69, 45), (45, np.int64(75))]}","{(2, np.int64(64)): {'cpu': 18}, (5, np.int64(75)): {'cpu': 7}, (3, np.int64(11)): {'cpu': 6}, (4, np.int64(19)): {'cpu': 4}, (1, np.int64(5)): {'cpu': 3}, (0, np.int64(10)): {'cpu': 3}}","{((3, 5), (np.int64(11), 75)): {'bw': 45.0}, ((0, 5), (np.int64(10), 6)): {'bw': 23.0}, ((0, 5), (6, np.int64(75))): {'bw': 23.0}, ((1, 3), (np.int64(5), 11)): {'bw': 22.0}, ((1, 2), (np.int64(5), 79)): {'bw': 24.0}, ((1, 2), (79, 69)): {'bw': 24.0}, ((1, 2), (69, np.int64(64))): {'bw': 24.0}, ((0, 2), (np.int64(10), 35)): {'bw': 20.0}, ((0, 2), (35, np.int64(64))): {'bw': 20.0}, ((2, 4), (np.int64(64), 25)): {'bw': 23.0}, ((2, 4), (25, 11)): {'bw': 23.0}, ((2, 4), (11, np.int64(19))): {'bw': 23.0}, ((1, 4), (np.int64(5), 19)): {'bw': 13.0}, ((3, 4), (np.int64(11), 19)): {'bw': 15.0}, ((2, 5), (np.int64(64), 69)): {'bw': 11.0}, ((2, 5), (69, 45)): {'bw': 11.0}, ((2, 5), (45, np.int64(75))): {'bw': 11.0}}",396.0,237.0,237.0,41.0,196.0,41.0,196.0,41.0,355.0,159.0,0.5984848484848485,7580.016617054886,4536.525096570727,11.455871455986687,Success,0.0,"{'node_level': {}, 'link_level': {}, 'path_level': {}}","{'node_level': {2: {'cpu': -56}, 5: {'cpu': -61}, 3: {'cpu': -67}, 4: {'cpu': -69}, 1: {'cpu': -34}, 0: {'cpu': -69}}, 'link_level': {}, 'path_level': {}}","{'node_level': {2: {'cpu': 0}, 5: {'cpu': 0}, 3: {'cpu': 0}, 4: {'cpu': 0}, 1: {'cpu': 0}, 0: {'cpu': 0}}, 'link_level': {}, 'path_level': {}}",[],0.0,0.0,True,True,False,0,[],0,0.0,"OrderedDict([((3, 5), 0), ((0, 5), 0), ((1, 3), 0), ((1, 2), 0), ((0, 2), 0), ((2, 4), 0), ((1, 4), 0), ((3, 4), 0), ((2, 5), 0)])",0.0,0.0,6.0,9.0
73,57,26,12954.0,22901.0,5946878.486869425,10075081.110647453,0.5656521549277325,0.5902561400309423,58,111,0,918.5140050681475,37685.0,5902,31783.0,0.18626775127533435,0.19731791090009088,55,218.5140050681475,700.0,3,2,False,{},{},{},{},0.0,0.0,0.0,0.0,0.0,0.0,0.0,0.0,0.0,0.0,0.0,0.0,0.0,0.0,Leave Event,0.0,"{'node_level': {}, 'link_level': {}, 'path_level': {}}","{'node_level': {}, 'link_level': {}, 'path_level': {}}","{'node_level': {}, 'link_level': {}, 'path_level': {}}",[],0.0,0.0,True,True,False,0,[],0,0.0,,,,,
73,57,25,12954.0,22901.0,5946878.486869425,10075081.110647453,0.5656521549277325,0.5902561400309423,58,112,0,919.2543241744426,38101.0,5977,32124.0,0.17592720253688132,0.18870592989190826,22,608.2543241744426,311.0,5,7,False,{},{},{},{},0.0,0.0,0.0,0.0,0.0,0.0,0.0,0.0,0.0,0.0,0.0,0.0,0.0,0.0,Leave Event,0.0,"{'node_level': {}, 'link_level': {}, 'path_level': {}}","{'node_level': {}, 'link_level': {}, 'path_level': {}}","{'node_level': {}, 'link_level': {}, 'path_level': {}}",[],0.0,0.0,True,True,False,0,[],0,0.0,,,,,
74,57,25,12954.0,22901.0,5946878.486869425,10075081.110647453,0.5656521549277325,0.5902561400309423,58,113,1,925.0,38101.0,5977,32124.0,0.17592720253688132,0.18870592989190826,73,354.95896188308075,925.0,10,24,False,"{9: np.int64(52), 2: np.int64(7), 5: np.int64(5), 8: np.int64(95), 0: np.int64(13), 7: np.int64(4), 6: np.int64(48)}",{},"{(9, np.int64(52)): {'cpu': 15}, (2, np.int64(7)): {'cpu': 16}, (5, np.int64(5)): {'cpu': 11}, (8, np.int64(95)): {'cpu': 6}, (0, np.int64(13)): {'cpu': 12}, (7, np.int64(4)): {'cpu': 6}, (6, np.int64(48)): {'cpu': 7}}",{},0.0,0.0,689.0,85.0,604.0,0.0,0.0,0.0,0.0,0.0,0.0,0.0,0.0,0.0,Place Failure,0.0,"{'node_level': {}, 'link_level': {}, 'path_level': {}}","{'node_level': {9: {'cpu': -84}, 2: {'cpu': -30}, 5: {'cpu': -38}, 8: {'cpu': -64}, 0: {'cpu': -33}, 7: {'cpu': -18}, 6: {'cpu': -53}}, 'link_level': {}, 'path_level': {}}","{'node_level': {9: {'cpu': 0}, 2: {'cpu': 0}, 5: {'cpu': 0}, 8: {'cpu': 0}, 0: {'cpu': 0}, 7: {'cpu': 0}, 6: {'cpu': 0}}, 'link_level': {}, 'path_level': {}}",[],0.0,0.0,False,True,False,0,[],0,0.0,,,,7.0,0.0
74,57,24,12954.0,22901.0,5946878.486869425,10075081.110647453,0.5656521549277325,0.5902561400309423,58,114,0,930.1414561036739,38497.0,6018,32479.0,0.17027436922652694,0.179740377815941,72,19.141456103673956,911.0,6,9,False,{},{},{},{},0.0,0.0,0.0,0.0,0.0,0.0,0.0,0.0,0.0,0.0,0.0,0.0,0.0,0.0,Leave Event,0.0,"{'node_level': {}, 'link_level': {}, 'path_level': {}}","{'node_level': {}, 'link_level': {}, 'path_level': {}}","{'node_level': {}, 'link_level': {}, 'path_level': {}}",[],0.0,0.0,True,True,False,0,[],0,0.0,,,,,
75,57,24,12954.0,22901.0,5946878.486869425,10075081.110647453,0.5656521549277325,0.5902561400309423,58,115,1,936.0,38497.0,6018,32479.0,0.17027436922652694,0.179740377815941,74,91.26929800172978,936.0,6,10,False,"{4: np.int64(52), 2: np.int64(7), 0: np.int64(5), 3: np.int64(79), 5: np.int64(64), 1: np.int64(11)}","{(2, 5): [(np.int64(7), 52), (52, 64)]}","{(4, np.int64(52)): {'cpu': 12}, (2, np.int64(7)): {'cpu': 10}, (0, np.int64(5)): {'cpu': 11}, (3, np.int64(79)): {'cpu': 14}, (5, np.int64(64)): {'cpu': 9}, (1, np.int64(11)): {'cpu': 5}}","{((2, 5), (np.int64(7), 52)): {'bw': 50.0}, ((2, 5), (52, 64)): {'bw': 50.0}}",0.0,0.0,442.0,61.0,381.0,0.0,0.0,0.0,0.0,0.0,0.0,0.0,0.0,0.0,Route Failure,0.0,"{'node_level': {}, 'link_level': {}, 'path_level': {}}","{'node_level': {4: {'cpu': -87}, 2: {'cpu': -36}, 0: {'cpu': -41}, 3: {'cpu': -56}, 5: {'cpu': -65}, 1: {'cpu': -68}}, 'link_level': {}, 'path_level': {}}","{'node_level': {4: {'cpu': 0}, 2: {'cpu': 0}, 0: {'cpu': 0}, 3: {'cpu': 0}, 5: {'cpu': 0}, 1: {'cpu': 0}}, 'link_level': {}, 'path_level': {}}",[],0.0,0.0,True,False,False,0,[],0,0.0,"OrderedDict([((2, 5), 0)])",0.0,0.0,6.0,1.0
75,57,23,12954.0,22901.0,5946878.486869425,10075081.110647453,0.5656521549277325,0.5902561400309423,58,116,0,941.5650443266699,39496.0,6099,33397.0,0.15910657658899763,0.1565562177997778,59,193.5650443266699,748.0,8,15,False,{},{},{},{},0.0,0.0,0.0,0.0,0.0,0.0,0.0,0.0,0.0,0.0,0.0,0.0,0.0,0.0,Leave Event,0.0,"{'node_level': {}, 'link_level': {}, 'path_level': {}}","{'node_level': {}, 'link_level': {}, 'path_level': {}}","{'node_level': {}, 'link_level': {}, 'path_level': {}}",[],0.0,0.0,True,True,False,0,[],0,0.0,,,,,
75,57,22,12954.0,22901.0,5946878.486869425,10075081.110647453,0.5656521549277325,0.5902561400309423,58,117,0,941.93070725741,39770.0,6143,33627.0,0.15304012132910516,0.15074755025760178,40,443.93070725741,498.0,5,7,False,{},{},{},{},0.0,0.0,0.0,0.0,0.0,0.0,0.0,0.0,0.0,0.0,0.0,0.0,0.0,0.0,Leave Event,0.0,"{'node_level': {}, 'link_level': {}, 'path_level': {}}","{'node_level': {}, 'link_level': {}, 'path_level': {}}","{'node_level': {}, 'link_level': {}, 'path_level': {}}",[],0.0,0.0,True,True,False,0,[],0,0.0,,,,,
76,58,23,13236.0,23373.0,6159763.595022087,10431399.4476973,0.566294442305224,0.5905021302181881,58,118,1,944.0,39298.0,6090,33208.0,0.160347442437612,0.1613294272148702,75,754.9117310378111,944.0,5,9,True,"{2: np.int64(91), 1: np.int64(7), 3: np.int64(77), 4: np.int64(52), 0: np.int64(18)}","{(1, 2): [(np.int64(7), 54), (54, np.int64(91))], (0, 2): [(np.int64(18), 91)], (0, 1): [(np.int64(18), 84), (84, 12), (12, np.int64(7))], (0, 3): [(np.int64(18), 77)], (1, 4): [(np.int64(7), 52)], (2, 4): [(np.int64(91), 69), (69, 79), (79, np.int64(52))], (2, 3): [(np.int64(91), 77)], (3, 4): [(np.int64(77), 1), (1, 94), (94, np.int64(52))], (0, 4): [(np.int64(18), 41), (41, 94), (94, np.int64(52))]}","{(2, np.int64(91)): {'cpu': 13}, (1, np.int64(7)): {'cpu': 12}, (3, np.int64(77)): {'cpu': 16}, (4, np.int64(52)): {'cpu': 9}, (0, np.int64(18)): {'cpu': 3}}","{((1, 2), (np.int64(7), 54)): {'bw': 48.0}, ((1, 2), (54, np.int64(91))): {'bw': 48.0}, ((0, 2), (np.int64(18), 91)): {'bw': 46.0}, ((0, 1), (np.int64(18), 84)): {'bw': 41.0}, ((0, 1), (84, 12)): {'bw': 41.0}, ((0, 1), (12, np.int64(7))): {'bw': 41.0}, ((0, 3), (np.int64(18), 77)): {'bw': 33.0}, ((1, 4), (np.int64(7), 52)): {'bw': 18.0}, ((2, 4), (np.int64(91), 69)): {'bw': 17.0}, ((2, 4), (69, 79)): {'bw': 17.0}, ((2, 4), (79, np.int64(52))): {'bw': 17.0}, ((2, 3), (np.int64(91), 77)): {'bw': 13.0}, ((3, 4), (np.int64(77), 1)): {'bw': 12.0}, ((3, 4), (1, 94)): {'bw': 12.0}, ((3, 4), (94, np.int64(52))): {'bw': 12.0}, ((0, 4), (np.int64(18), 41)): {'bw': 1.0}, ((0, 4), (41, 94)): {'bw': 1.0}, ((0, 4), (94, np.int64(52))): {'bw': 1.0}}",472.0,282.0,282.0,53.0,229.0,53.0,229.0,53.0,419.0,190.0,0.597457627118644,356318.3370498468,212885.10815266275,451.0277715098787,Success,0.0,"{'node_level': {}, 'link_level': {}, 'path_level': {}}","{'node_level': {2: {'cpu': -64}, 1: {'cpu': -46}, 3: {'cpu': -23}, 4: {'cpu': -90}, 0: {'cpu': -14}}, 'link_level': {}, 'path_level': {}}","{'node_level': {2: {'cpu': 0}, 1: {'cpu': 0}, 3: {'cpu': 0}, 4: {'cpu': 0}, 0: {'cpu': 0}}, 'link_level': {}, 'path_level': {}}",[],0.0,0.0,True,True,False,0,[],0,0.0,"OrderedDict([((1, 2), 0), ((0, 2), 0), ((0, 1), 0), ((0, 3), 0), ((1, 4), 0), ((2, 4), 0), ((2, 3), 0), ((3, 4), 0), ((0, 4), 0)])",0.0,0.0,5.0,9.0
77,58,23,13236.0,23373.0,6159763.595022087,10431399.4476973,0.566294442305224,0.5905021302181881,58,119,1,957.0,39298.0,6090,33208.0,0.160347442437612,0.1613294272148702,76,1000.9932579629997,957.0,9,22,False,"{0: np.int64(91), 1: np.int64(7), 2: np.int64(4), 5: np.int64(77), 7: np.int64(5), 8: np.int64(52), 6: np.int64(64), 4: np.int64(10), 3: np.int64(69)}","{(1, 5): [(np.int64(7), 3), (3, np.int64(77))], (0, 7): [(np.int64(91), 19), (19, np.int64(5))], (2, 5): [(np.int64(4), 17), (17, np.int64(77))], (1, 8): [(np.int64(7), 52)], (0, 4): [(np.int64(91), 6), (6, np.int64(10))], (3, 6): [(np.int64(69), 64)], (0, 5): [(np.int64(91), 77)], (4, 7): [(np.int64(10), 3), (3, 85), (85, np.int64(5))], (1, 3): [(np.int64(7), 12), (12, np.int64(69))]}","{(0, np.int64(91)): {'cpu': 18}, (1, np.int64(7)): {'cpu': 13}, (2, np.int64(4)): {'cpu': 13}, (5, np.int64(77)): {'cpu': 7}, (7, np.int64(5)): {'cpu': 10}, (8, np.int64(52)): {'cpu': 9}, (6, np.int64(64)): {'cpu': 4}, (4, np.int64(10)): {'cpu': 1}, (3, np.int64(69)): {'cpu': 1}}","{((1, 5), (np.int64(7), 3)): {'bw': 45.0}, ((1, 5), (3, np.int64(77))): {'bw': 45.0}, ((0, 7), (np.int64(91), 19)): {'bw': 43.0}, ((0, 7), (19, np.int64(5))): {'bw': 43.0}, ((2, 5), (np.int64(4), 17)): {'bw': 40.0}, ((2, 5), (17, np.int64(77))): {'bw': 40.0}, ((1, 8), (np.int64(7), 52)): {'bw': 39.0}, ((0, 4), (np.int64(91), 6)): {'bw': 36.0}, ((0, 4), (6, np.int64(10))): {'bw': 36.0}, ((3, 6), (np.int64(69), 64)): {'bw': 27.0}, ((0, 5), (np.int64(91), 77)): {'bw': 30.0}, ((4, 7), (np.int64(10), 3)): {'bw': 29.0}, ((4, 7), (3, 85)): {'bw': 29.0}, ((4, 7), (85, np.int64(5))): {'bw': 29.0}, ((1, 3), (np.int64(7), 12)): {'bw': 26.0}, ((1, 3), (12, np.int64(69))): {'bw': 26.0}}",0.0,0.0,580.0,76.0,504.0,0.0,0.0,0.0,0.0,0.0,0.0,0.0,0.0,0.0,Route Failure,0.0,"{'node_level': {}, 'link_level': {}, 'path_level': {}}","{'node_level': {0: {'cpu': -46}, 1: {'cpu': -33}, 2: {'cpu': -19}, 5: {'cpu': -16}, 7: {'cpu': -42}, 8: {'cpu': -81}, 6: {'cpu': -70}, 4: {'cpu': -71}, 3: {'cpu': -88}}, 'link_level': {}, 'path_level': {}}","{'node_level': {0: {'cpu': 0}, 1: {'cpu': 0}, 2: {'cpu': 0}, 5: {'cpu': 0}, 7: {'cpu': 0}, 8: {'cpu': 0}, 6: {'cpu': 0}, 4: {'cpu': 0}, 3: {'cpu': 0}}, 'link_level': {}, 'path_level': {}}",[],0.0,0.0,True,False,False,0,[],0,0.0,"OrderedDict([((1, 5), 0), ((0, 7), 0), ((2, 5), 0), ((1, 8), 0), ((0, 4), 0), ((3, 6), 0), ((0, 5), 0), ((4, 7), 0), ((1, 3), 0)])",0.0,0.0,9.0,9.0
77,58,22,13236.0,23373.0,6159763.595022087,10431399.4476973,0.566294442305224,0.5905021302181881,58,120,0,963.8039764206146,39423.0,6123,33300.0,0.1557976009926927,0.15900596019799984,30,569.8039764206146,394.0,3,3,False,{},{},{},{},0.0,0.0,0.0,0.0,0.0,0.0,0.0,0.0,0.0,0.0,0.0,0.0,0.0,0.0,Leave Event,0.0,"{'node_level': {}, 'link_level': {}, 'path_level': {}}","{'node_level': {}, 'link_level': {}, 'path_level': {}}","{'node_level': {}, 'link_level': {}, 'path_level': {}}",[],0.0,0.0,True,True,False,0,[],0,0.0,,,,,
77,58,22,13236.0,23373.0,6159763.595022087,10431399.4476973,0.566294442305224,0.5905021302181881,58,121,0,965.7829559503477,39423.0,6123,33300.0,0.1557976009926927,0.15900596019799984,64,150.78295595034774,815.0,7,12,False,{},{},{},{},0.0,0.0,0.0,0.0,0.0,0.0,0.0,0.0,0.0,0.0,0.0,0.0,0.0,0.0,Leave Event,0.0,"{'node_level': {}, 'link_level': {}, 'path_level': {}}","{'node_level': {}, 'link_level': {}, 'path_level': {}}","{'node_level': {}, 'link_level': {}, 'path_level': {}}",[],0.0,0.0,True,True,False,0,[],0,0.0,,,,,
78,59,23,13534.0,23869.0,6238734.023700086,10562840.16120162,0.5670116050106833,0.5906303540041803,58,122,1,975.0,38927.0,6063,32864.0,0.16407003998345515,0.17001717345186385,77,265.0014385167753,975.0,7,9,True,"{6: np.int64(91), 2: np.int64(7), 4: np.int64(5), 3: np.int64(52), 1: np.int64(4), 5: np.int64(79), 0: np.int64(77)}","{(3, 6): [(np.int64(52), 72), (72, 89), (89, np.int64(91))], (4, 5): [(np.int64(5), 79)], (1, 6): [(np.int64(4), 6), (6, np.int64(91))], (2, 4): [(np.int64(7), 15), (15, np.int64(5))], (0, 6): [(np.int64(77), 91)], (0, 2): [(np.int64(77), 3), (3, np.int64(7))], (2, 3): [(np.int64(7), 52)], (4, 6): [(np.int64(5), 19), (19, np.int64(91))], (3, 5): [(np.int64(52), 79)]}","{(6, np.int64(91)): {'cpu': 16}, (2, np.int64(7)): {'cpu': 15}, (4, np.int64(5)): {'cpu': 11}, (3, np.int64(52)): {'cpu': 5}, (1, np.int64(4)): {'cpu': 7}, (5, np.int64(79)): {'cpu': 4}, (0, np.int64(77)): {'cpu': 2}}","{((3, 6), (np.int64(52), 72)): {'bw': 50.0}, ((3, 6), (72, 89)): {'bw': 50.0}, ((3, 6), (89, np.int64(91))): {'bw': 50.0}, ((4, 5), (np.int64(5), 79)): {'bw': 43.0}, ((1, 6), (np.int64(4), 6)): {'bw': 39.0}, ((1, 6), (6, np.int64(91))): {'bw': 39.0}, ((2, 4), (np.int64(7), 15)): {'bw': 35.0}, ((2, 4), (15, np.int64(5))): {'bw': 35.0}, ((0, 6), (np.int64(77), 91)): {'bw': 31.0}, ((0, 2), (np.int64(77), 3)): {'bw': 23.0}, ((0, 2), (3, np.int64(7))): {'bw': 23.0}, ((2, 3), (np.int64(7), 52)): {'bw': 12.0}, ((4, 6), (np.int64(5), 19)): {'bw': 1.0}, ((4, 6), (19, np.int64(91))): {'bw': 1.0}, ((3, 5), (np.int64(52), 79)): {'bw': 4.0}}",496.0,298.0,298.0,60.0,238.0,60.0,238.0,60.0,436.0,198.0,0.6008064516129032,131440.71350432053,78970.42867799904,159.2145739475787,Success,0.0,"{'node_level': {}, 'link_level': {}, 'path_level': {}}","{'node_level': {6: {'cpu': -48}, 2: {'cpu': -31}, 4: {'cpu': -41}, 3: {'cpu': -85}, 1: {'cpu': -25}, 5: {'cpu': -66}, 0: {'cpu': -21}}, 'link_level': {}, 'path_level': {}}","{'node_level': {6: {'cpu': 0}, 2: {'cpu': 0}, 4: {'cpu': 0}, 3: {'cpu': 0}, 1: {'cpu': 0}, 5: {'cpu': 0}, 0: {'cpu': 0}}, 'link_level': {}, 'path_level': {}}",[],0.0,0.0,True,True,False,0,[],0,0.0,"OrderedDict([((3, 6), 0), ((4, 5), 0), ((1, 6), 0), ((2, 4), 0), ((0, 6), 0), ((0, 2), 0), ((2, 3), 0), ((4, 6), 0), ((3, 5), 0)])",0.0,0.0,7.0,9.0
79,60,24,13795.0,24369.0,6258412.250884733,10600537.914428912,0.566088062702614,0.5903862899604464,58,123,1,982.0,38427.0,5997,32430.0,0.1731697228732938,0.1809778765531872,78,75.39550645458432,982.0,7,9,True,"{2: np.int64(64), 1: np.int64(49), 4: np.int64(69), 5: np.int64(38), 3: np.int64(45), 6: np.int64(95), 0: np.int64(75)}","{(0, 1): [(np.int64(75), 44), (44, np.int64(49))], (2, 5): [(np.int64(64), 69), (69, 45), (45, np.int64(38))], (1, 6): [(np.int64(49), 33), (33, np.int64(95))], (2, 6): [(np.int64(64), 72), (72, 26), (26, np.int64(95))], (0, 5): [(np.int64(75), 38)], (3, 6): [(np.int64(45), 87), (87, np.int64(95))], (2, 4): [(np.int64(64), 69)], (1, 4): [(np.int64(49), 76), (76, 91), (91, np.int64(69))], (4, 5): [(np.int64(69), 45), (45, np.int64(38))]}","{(2, np.int64(64)): {'cpu': 9}, (1, np.int64(49)): {'cpu': 8}, (4, np.int64(69)): {'cpu': 15}, (5, np.int64(38)): {'cpu': 8}, (3, np.int64(45)): {'cpu': 19}, (6, np.int64(95)): {'cpu': 3}, (0, np.int64(75)): {'cpu': 4}}","{((0, 1), (np.int64(75), 44)): {'bw': 35.0}, ((0, 1), (44, np.int64(49))): {'bw': 35.0}, ((2, 5), (np.int64(64), 69)): {'bw': 34.0}, ((2, 5), (69, 45)): {'bw': 34.0}, ((2, 5), (45, np.int64(38))): {'bw': 34.0}, ((1, 6), (np.int64(49), 33)): {'bw': 29.0}, ((1, 6), (33, np.int64(95))): {'bw': 29.0}, ((2, 6), (np.int64(64), 72)): {'bw': 27.0}, ((2, 6), (72, 26)): {'bw': 27.0}, ((2, 6), (26, np.int64(95))): {'bw': 27.0}, ((0, 5), (np.int64(75), 38)): {'bw': 17.0}, ((3, 6), (np.int64(45), 87)): {'bw': 14.0}, ((3, 6), (87, np.int64(95))): {'bw': 14.0}, ((2, 4), (np.int64(64), 69)): {'bw': 14.0}, ((1, 4), (np.int64(49), 76)): {'bw': 14.0}, ((1, 4), (76, 91)): {'bw': 14.0}, ((1, 4), (91, np.int64(69))): {'bw': 14.0}, ((4, 5), (np.int64(69), 45)): {'bw': 11.0}, ((4, 5), (45, np.int64(38))): {'bw': 11.0}}",500.0,261.0,261.0,66.0,195.0,66.0,195.0,66.0,434.0,239.0,0.522,37697.75322729216,19678.22718464651,39.35645436929302,Success,0.0,"{'node_level': {}, 'link_level': {}, 'path_level': {}}","{'node_level': {2: {'cpu': -65}, 1: {'cpu': -54}, 4: {'cpu': -74}, 5: {'cpu': -47}, 3: {'cpu': -40}, 6: {'cpu': -67}, 0: {'cpu': -64}}, 'link_level': {}, 'path_level': {}}","{'node_level': {2: {'cpu': 0}, 1: {'cpu': 0}, 4: {'cpu': 0}, 5: {'cpu': 0}, 3: {'cpu': 0}, 6: {'cpu': 0}, 0: {'cpu': 0}}, 'link_level': {}, 'path_level': {}}",[],0.0,0.0,True,True,False,0,[],0,0.0,"OrderedDict([((0, 1), 0), ((2, 5), 0), ((1, 6), 0), ((2, 6), 0), ((0, 5), 0), ((3, 6), 0), ((2, 4), 0), ((1, 4), 0), ((4, 5), 0)])",0.0,0.0,7.0,9.0
80,61,25,13838.0,24443.0,6259138.666749314,10601788.025451679,0.5661334533404246,0.5903851927356989,58,124,1,994.0,38353.0,5985,32368.0,0.17482421067144627,0.1825436912819477,79,16.89339219956097,994.0,2,1,True,"{0: np.int64(77), 1: np.int64(36)}","{(0, 1): [(np.int64(77), 1), (1, np.int64(36))]}","{(0, np.int64(77)): {'cpu': 7}, (1, np.int64(36)): {'cpu': 5}}","{((0, 1), (np.int64(77), 1)): {'bw': 31.0}, ((0, 1), (1, np.int64(36))): {'bw': 31.0}}",74.0,43.0,43.0,12.0,31.0,12.0,31.0,12.0,62.0,31.0,0.581081081081081,1250.111022767512,726.4158645811217,9.816430602447591,Success,0.0,"{'node_level': {}, 'link_level': {}, 'path_level': {}}","{'node_level': {0: {'cpu': -14}, 1: {'cpu': -50}}, 'link_level': {}, 'path_level': {}}","{'node_level': {0: {'cpu': 0}, 1: {'cpu': 0}}, 'link_level': {}, 'path_level': {}}",[],0.0,0.0,True,True,False,0,[],0,0.0,"OrderedDict([((0, 1), 0)])",0.0,0.0,2.0,1.0
81,62,26,13958.0,24634.0,6502129.487754549,10988548.415551677,0.5666152472192905,0.5917186913016037,58,125,1,1009.0,38162.0,5936,32226.0,0.1815800358472356,0.18612991211233454,80,2024.9235083769545,1009.0,3,2,True,"{2: np.int64(11), 1: np.int64(4), 0: np.int64(52)}","{(1, 2): [(np.int64(4), 79), (79, np.int64(11))], (0, 2): [(np.int64(52), 79), (79, np.int64(11))]}","{(2, np.int64(11)): {'cpu': 15}, (1, np.int64(4)): {'cpu': 19}, (0, np.int64(52)): {'cpu': 15}}","{((1, 2), (np.int64(4), 79)): {'bw': 42.0}, ((1, 2), (79, np.int64(11))): {'bw': 42.0}, ((0, 2), (np.int64(52), 79)): {'bw': 29.0}, ((0, 2), (79, np.int64(11))): {'bw': 29.0}}",191.0,120.0,120.0,49.0,71.0,49.0,71.0,49.0,142.0,71.0,0.6282722513089005,386760.39009999833,242990.82100523455,1272.2032513363065,Success,0.0,"{'node_level': {}, 'link_level': {}, 'path_level': {}}","{'node_level': {2: {'cpu': -58}, 1: {'cpu': -6}, 0: {'cpu': -70}}, 'link_level': {}, 'path_level': {}}","{'node_level': {2: {'cpu': 0}, 1: {'cpu': 0}, 0: {'cpu': 0}}, 'link_level': {}, 'path_level': {}}",[],0.0,0.0,True,True,False,0,[],0,0.0,"OrderedDict([((1, 2), 0), ((0, 2), 0)])",0.0,0.0,3.0,2.0
81,62,25,13958.0,24634.0,6502129.487754549,10988548.415551677,0.5666152472192905,0.5917186913016037,58,126,0,1010.8933921995609,38236.0,5948,32288.0,0.17992554804908312,0.18456409738357404,79,16.89339219956097,994.0,2,1,False,{},{},{},{},0.0,0.0,0.0,0.0,0.0,0.0,0.0,0.0,0.0,0.0,0.0,0.0,0.0,0.0,Leave Event,0.0,"{'node_level': {}, 'link_level': {}, 'path_level': {}}","{'node_level': {}, 'link_level': {}, 'path_level': {}}","{'node_level': {}, 'link_level': {}, 'path_level': {}}",[],0.0,0.0,True,True,False,0,[],0,0.0,,,,,
81,62,24,13958.0,24634.0,6502129.487754549,10988548.415551677,0.5666152472192905,0.5917186913016037,58,127,0,1012.6410145895702,38315.0,5980,32335.0,0.17551358058734312,0.1833771087988686,36,562.6410145895702,450.0,3,3,False,{},{},{},{},0.0,0.0,0.0,0.0,0.0,0.0,0.0,0.0,0.0,0.0,0.0,0.0,0.0,0.0,Leave Event,0.0,"{'node_level': {}, 'link_level': {}, 'path_level': {}}","{'node_level': {}, 'link_level': {}, 'path_level': {}}","{'node_level': {}, 'link_level': {}, 'path_level': {}}",[],0.0,0.0,True,True,False,0,[],0,0.0,,,,,
82,62,24,13958.0,24634.0,6502129.487754549,10988548.415551677,0.5666152472192905,0.5917186913016037,58,128,1,1024.0,38315.0,5980,32335.0,0.17551358058734312,0.1833771087988686,81,233.63628162851163,1024.0,7,11,False,"{2: np.int64(25), 3: np.int64(77), 0: np.int64(36), 1: np.int64(33), 6: np.int64(19), 4: np.int64(10), 5: np.int64(29)}","{(1, 3): [(np.int64(33), 11), (11, np.int64(77))], (2, 4): [(np.int64(25), 11), (11, 29), (29, 68), (68, np.int64(10))], (0, 6): [(np.int64(36), 11), (11, np.int64(19))], (0, 5): [(np.int64(36), 90), (90, np.int64(29))], (2, 6): [(np.int64(25), 91), (91, np.int64(19))], (3, 4): [(np.int64(77), 3), (3, np.int64(10))], (1, 6): [(np.int64(33), 31), (31, np.int64(19))], (1, 5): [(np.int64(33), 53), (53, np.int64(29))]}","{(2, np.int64(25)): {'cpu': 19}, (3, np.int64(77)): {'cpu': 19}, (0, np.int64(36)): {'cpu': 15}, (1, np.int64(33)): {'cpu': 16}, (6, np.int64(19)): {'cpu': 12}, (4, np.int64(10)): {'cpu': 12}, (5, np.int64(29)): {'cpu': 6}}","{((1, 3), (np.int64(33), 11)): {'bw': 48.0}, ((1, 3), (11, np.int64(77))): {'bw': 48.0}, ((2, 4), (np.int64(25), 11)): {'bw': 46.0}, ((2, 4), (11, 29)): {'bw': 46.0}, ((2, 4), (29, 68)): {'bw': 46.0}, ((2, 4), (68, np.int64(10))): {'bw': 46.0}, ((0, 6), (np.int64(36), 11)): {'bw': 44.0}, ((0, 6), (11, np.int64(19))): {'bw': 44.0}, ((0, 5), (np.int64(36), 90)): {'bw': 42.0}, ((0, 5), (90, np.int64(29))): {'bw': 42.0}, ((2, 6), (np.int64(25), 91)): {'bw': 38.0}, ((2, 6), (91, np.int64(19))): {'bw': 38.0}, ((3, 4), (np.int64(77), 3)): {'bw': 19.0}, ((3, 4), (3, np.int64(10))): {'bw': 19.0}, ((1, 6), (np.int64(33), 31)): {'bw': 13.0}, ((1, 6), (31, np.int64(19))): {'bw': 13.0}, ((1, 5), (np.int64(33), 53)): {'bw': 13.0}, ((1, 5), (53, np.int64(29))): {'bw': 13.0}}",0.0,0.0,388.0,99.0,289.0,0.0,0.0,0.0,0.0,0.0,0.0,0.0,0.0,0.0,Route Failure,0.0,"{'node_level': {}, 'link_level': {}, 'path_level': {}}","{'node_level': {2: {'cpu': -18}, 3: {'cpu': -2}, 0: {'cpu': -40}, 1: {'cpu': -34}, 6: {'cpu': -61}, 4: {'cpu': -60}, 5: {'cpu': -56}}, 'link_level': {}, 'path_level': {}}","{'node_level': {2: {'cpu': 0}, 3: {'cpu': 0}, 0: {'cpu': 0}, 1: {'cpu': 0}, 6: {'cpu': 0}, 4: {'cpu': 0}, 5: {'cpu': 0}}, 'link_level': {}, 'path_level': {}}",[],0.0,0.0,True,False,False,0,[],0,0.0,"OrderedDict([((1, 3), 0), ((2, 4), 0), ((0, 6), 0), ((0, 5), 0), ((2, 6), 0), ((3, 4), 0), ((1, 6), 0), ((1, 5), 0)])",0.0,0.0,7.0,8.0
82,62,24,13958.0,24634.0,6502129.487754549,10988548.415551677,0.5666152472192905,0.5917186913016037,58,129,0,1027.2692980017298,38315.0,5980,32335.0,0.17551358058734312,0.1833771087988686,74,91.26929800172978,936.0,6,10,False,{},{},{},{},0.0,0.0,0.0,0.0,0.0,0.0,0.0,0.0,0.0,0.0,0.0,0.0,0.0,0.0,Leave Event,0.0,"{'node_level': {}, 'link_level': {}, 'path_level': {}}","{'node_level': {}, 'link_level': {}, 'path_level': {}}","{'node_level': {}, 'link_level': {}, 'path_level': {}}",[],0.0,0.0,True,True,False,0,[],0,0.0,,,,,
83,63,25,14147.0,24920.0,6553618.486709694,11066462.985399146,0.5676966292134832,0.5922053410702587,58,130,1,1033.0,38029.0,5954,32075.0,0.17909830415000694,0.18994342862915448,82,272.4285659002399,1033.0,5,5,True,"{1: np.int64(25), 4: np.int64(77), 0: np.int64(36), 2: np.int64(13), 3: np.int64(91)}","{(1, 4): [(np.int64(25), 11), (11, np.int64(77))], (2, 4): [(np.int64(13), 1), (1, np.int64(77))], (0, 3): [(np.int64(36), 91)], (1, 3): [(np.int64(25), 91)], (0, 1): [(np.int64(36), 11), (11, np.int64(25))]}","{(1, np.int64(25)): {'cpu': 13}, (4, np.int64(77)): {'cpu': 5}, (0, np.int64(36)): {'cpu': 4}, (2, np.int64(13)): {'cpu': 3}, (3, np.int64(91)): {'cpu': 1}}","{((1, 4), (np.int64(25), 11)): {'bw': 44.0}, ((1, 4), (11, np.int64(77))): {'bw': 44.0}, ((2, 4), (np.int64(13), 1)): {'bw': 42.0}, ((2, 4), (1, np.int64(77))): {'bw': 42.0}, ((0, 3), (np.int64(36), 91)): {'bw': 36.0}, ((1, 3), (np.int64(25), 91)): {'bw': 30.0}, ((0, 1), (np.int64(36), 11)): {'bw': 11.0}, ((0, 1), (11, np.int64(25))): {'bw': 11.0}}",286.0,189.0,189.0,26.0,163.0,26.0,163.0,26.0,260.0,97.0,0.6608391608391608,77914.5698474686,51488.99895514534,180.03146487813055,Success,0.0,"{'node_level': {}, 'link_level': {}, 'path_level': {}}","{'node_level': {1: {'cpu': -24}, 4: {'cpu': -16}, 0: {'cpu': -51}, 2: {'cpu': -42}, 3: {'cpu': -47}}, 'link_level': {}, 'path_level': {}}","{'node_level': {1: {'cpu': 0}, 4: {'cpu': 0}, 0: {'cpu': 0}, 2: {'cpu': 0}, 3: {'cpu': 0}}, 'link_level': {}, 'path_level': {}}",[],0.0,0.0,True,True,False,0,[],0,0.0,"OrderedDict([((1, 4), 0), ((2, 4), 0), ((0, 3), 0), ((1, 3), 0), ((0, 1), 0)])",0.0,0.0,5.0,5.0
83,63,24,14147.0,24920.0,6553618.486709694,11066462.985399146,0.5676966292134832,0.5922053410702587,58,131,0,1037.226787451479,38245.0,5982,32263.0,0.17523783262098447,0.18519547429033234,45,482.22678745147897,555.0,2,1,False,{},{},{},{},0.0,0.0,0.0,0.0,0.0,0.0,0.0,0.0,0.0,0.0,0.0,0.0,0.0,0.0,Leave Event,0.0,"{'node_level': {}, 'link_level': {}, 'path_level': {}}","{'node_level': {}, 'link_level': {}, 'path_level': {}}","{'node_level': {}, 'link_level': {}, 'path_level': {}}",[],0.0,0.0,True,True,False,0,[],0,0.0,,,,,
83,63,23,14147.0,24920.0,6553618.486709694,11066462.985399146,0.5676966292134832,0.5922053410702587,58,132,0,1045.9174390041353,38442.0,6014,32428.0,0.17082586515924447,0.18102838670572785,41,538.9174390041352,507.0,4,4,False,{},{},{},{},0.0,0.0,0.0,0.0,0.0,0.0,0.0,0.0,0.0,0.0,0.0,0.0,0.0,0.0,Leave Event,0.0,"{'node_level': {}, 'link_level': {}, 'path_level': {}}","{'node_level': {}, 'link_level': {}, 'path_level': {}}","{'node_level': {}, 'link_level': {}, 'path_level': {}}",[],0.0,0.0,True,True,False,0,[],0,0.0,,,,,
83,63,22,14147.0,24920.0,6553618.486709694,11066462.985399146,0.5676966292134832,0.5922053410702587,58,133,0,1048.5122096290029,39115.0,6089,33026.0,0.16048531642079145,0.16592585109607028,25,705.5122096290029,343.0,7,10,False,{},{},{},{},0.0,0.0,0.0,0.0,0.0,0.0,0.0,0.0,0.0,0.0,0.0,0.0,0.0,0.0,Leave Event,0.0,"{'node_level': {}, 'link_level': {}, 'path_level': {}}","{'node_level': {}, 'link_level': {}, 'path_level': {}}","{'node_level': {}, 'link_level': {}, 'path_level': {}}",[],0.0,0.0,True,True,False,0,[],0,0.0,,,,,
84,64,23,14165.0,24944.0,6554085.6997008035,11067085.936053958,0.5678720333547146,0.5922142231090062,58,134,1,1054.0,39091.0,6077,33014.0,0.16213980421894392,0.1662289120113143,83,25.956277283853577,1054.0,2,1,True,"{1: np.int64(38), 0: np.int64(5)}","{(0, 1): [(np.int64(5), 19), (19, np.int64(38))]}","{(1, np.int64(38)): {'cpu': 11}, (0, np.int64(5)): {'cpu': 1}}","{((0, 1), (np.int64(5), 19)): {'bw': 6.0}, ((0, 1), (19, np.int64(38))): {'bw': 6.0}}",24.0,18.0,18.0,12.0,6.0,12.0,6.0,12.0,12.0,6.0,0.75,622.9506548124858,467.2129911093644,19.467207962890182,Success,0.0,"{'node_level': {}, 'link_level': {}, 'path_level': {}}","{'node_level': {1: {'cpu': -52}, 0: {'cpu': -58}}, 'link_level': {}, 'path_level': {}}","{'node_level': {1: {'cpu': 0}, 0: {'cpu': 0}}, 'link_level': {}, 'path_level': {}}",[],0.0,0.0,True,True,False,0,[],0,0.0,"OrderedDict([((0, 1), 0)])",0.0,0.0,2.0,1.0
84,64,22,14165.0,24944.0,6554085.6997008035,11067085.936053958,0.5678720333547146,0.5922142231090062,58,135,0,1057.3955064545844,39591.0,6143,33448.0,0.15304012132910516,0.15526820890999093,78,75.39550645458432,982.0,7,9,False,{},{},{},{},0.0,0.0,0.0,0.0,0.0,0.0,0.0,0.0,0.0,0.0,0.0,0.0,0.0,0.0,Leave Event,0.0,"{'node_level': {}, 'link_level': {}, 'path_level': {}}","{'node_level': {}, 'link_level': {}, 'path_level': {}}","{'node_level': {}, 'link_level': {}, 'path_level': {}}",[],0.0,0.0,True,True,False,0,[],0,0.0,,,,,
85,64,22,14165.0,24944.0,6554085.6997008035,11067085.936053958,0.5678720333547146,0.5922142231090062,58,136,1,1061.0,39591.0,6143,33448.0,0.15304012132910516,0.15526820890999093,84,227.45592757291564,1061.0,7,11,False,"{6: np.int64(38), 3: np.int64(5), 5: np.int64(30), 1: np.int64(43), 2: np.int64(33), 4: np.int64(85), 0: np.int64(45)}","{(0, 6): [(np.int64(45), 38)], (0, 1): [(np.int64(45), 38), (38, np.int64(43))], (2, 3): [(np.int64(33), 79), (79, np.int64(5))], (0, 3): [(np.int64(45), 44), (44, np.int64(5))], (1, 5): [(np.int64(43), 53), (53, np.int64(30))], (2, 6): [(np.int64(33), 91), (91, np.int64(38))]}","{(6, np.int64(38)): {'cpu': 18}, (3, np.int64(5)): {'cpu': 17}, (5, np.int64(30)): {'cpu': 20}, (1, np.int64(43)): {'cpu': 13}, (2, np.int64(33)): {'cpu': 8}, (4, np.int64(85)): {'cpu': 16}, (0, np.int64(45)): {'cpu': 1}}","{((0, 6), (np.int64(45), 38)): {'bw': 43.0}, ((0, 1), (np.int64(45), 38)): {'bw': 33.0}, ((0, 1), (38, np.int64(43))): {'bw': 33.0}, ((2, 3), (np.int64(33), 79)): {'bw': 34.0}, ((2, 3), (79, np.int64(5))): {'bw': 34.0}, ((0, 3), (np.int64(45), 44)): {'bw': 33.0}, ((0, 3), (44, np.int64(5))): {'bw': 33.0}, ((1, 5), (np.int64(43), 53)): {'bw': 19.0}, ((1, 5), (53, np.int64(30))): {'bw': 19.0}, ((2, 6), (np.int64(33), 91)): {'bw': 18.0}, ((2, 6), (91, np.int64(38))): {'bw': 18.0}}",0.0,0.0,322.0,93.0,229.0,0.0,0.0,0.0,0.0,0.0,0.0,0.0,0.0,0.0,Route Failure,0.0,"{'node_level': {}, 'link_level': {}, 'path_level': {}}","{'node_level': {6: {'cpu': -42}, 3: {'cpu': -41}, 5: {'cpu': -20}, 1: {'cpu': -47}, 2: {'cpu': -42}, 4: {'cpu': -33}, 0: {'cpu': -58}}, 'link_level': {}, 'path_level': {}}","{'node_level': {6: {'cpu': 0}, 3: {'cpu': 0}, 5: {'cpu': 0}, 1: {'cpu': 0}, 2: {'cpu': 0}, 4: {'cpu': 0}, 0: {'cpu': 0}}, 'link_level': {}, 'path_level': {}}",[],0.0,0.0,True,False,False,0,[],0,0.0,"OrderedDict([((0, 6), 0), ((0, 1), 0), ((2, 3), 0), ((0, 3), 0), ((1, 5), 0), ((2, 6), 0)])",0.0,0.0,7.0,6.0
85,64,21,14165.0,24944.0,6554085.6997008035,11067085.936053958,0.5678720333547146,0.5922142231090062,58,137,0,1073.620251322689,39834.0,6177,33657.0,0.1483524059010065,0.14998989796949191,5,1001.6202513226889,72.0,5,6,False,{},{},{},{},0.0,0.0,0.0,0.0,0.0,0.0,0.0,0.0,0.0,0.0,0.0,0.0,0.0,0.0,Leave Event,0.0,"{'node_level': {}, 'link_level': {}, 'path_level': {}}","{'node_level': {}, 'link_level': {}, 'path_level': {}}","{'node_level': {}, 'link_level': {}, 'path_level': {}}",[],0.0,0.0,True,True,False,0,[],0,0.0,,,,,
86,65,22,14182.0,24962.0,6554228.225748738,11067236.845987065,0.5681435782389231,0.5922190260277366,58,138,1,1078.0,39816.0,6161,33655.0,0.1505583896318765,0.15004040812203256,85,8.383885172651535,1078.0,2,1,True,"{0: np.int64(5), 1: np.int64(7)}","{(0, 1): [(np.int64(5), 15), (15, np.int64(7))]}","{(0, np.int64(5)): {'cpu': 13}, (1, np.int64(7)): {'cpu': 3}}","{((0, 1), (np.int64(5), 15)): {'bw': 1.0}, ((0, 1), (15, np.int64(7))): {'bw': 1.0}}",18.0,17.0,17.0,16.0,1.0,16.0,1.0,16.0,2.0,1.0,0.9444444444444444,150.90993310772762,142.5260479350761,7.9181137741708945,Success,0.0,"{'node_level': {}, 'link_level': {}, 'path_level': {}}","{'node_level': {0: {'cpu': -56}, 1: {'cpu': -31}}, 'link_level': {}, 'path_level': {}}","{'node_level': {0: {'cpu': 0}, 1: {'cpu': 0}}, 'link_level': {}, 'path_level': {}}",[],0.0,0.0,True,True,False,0,[],0,0.0,"OrderedDict([((0, 1), 0)])",0.0,0.0,2.0,1.0
86,65,21,14182.0,24962.0,6554228.225748738,11067236.845987065,0.5681435782389231,0.5922190260277366,58,139,0,1079.9562772838535,39840.0,6173,33667.0,0.14890390183372393,0.14973734720678855,83,25.956277283853577,1054.0,2,1,False,{},{},{},{},0.0,0.0,0.0,0.0,0.0,0.0,0.0,0.0,0.0,0.0,0.0,0.0,0.0,0.0,Leave Event,0.0,"{'node_level': {}, 'link_level': {}, 'path_level': {}}","{'node_level': {}, 'link_level': {}, 'path_level': {}}","{'node_level': {}, 'link_level': {}, 'path_level': {}}",[],0.0,0.0,True,True,False,0,[],0,0.0,,,,,
86,65,20,14182.0,24962.0,6554228.225748738,11067236.845987065,0.5681435782389231,0.5922190260277366,58,140,0,1083.1728284851836,40157.0,6237,33920.0,0.14007996691024405,0.143347812910395,68,217.1728284851835,866.0,6,5,False,{},{},{},{},0.0,0.0,0.0,0.0,0.0,0.0,0.0,0.0,0.0,0.0,0.0,0.0,0.0,0.0,Leave Event,0.0,"{'node_level': {}, 'link_level': {}, 'path_level': {}}","{'node_level': {}, 'link_level': {}, 'path_level': {}}","{'node_level': {}, 'link_level': {}, 'path_level': {}}",[],0.0,0.0,True,True,False,0,[],0,0.0,,,,,
86,65,20,14182.0,24962.0,6554228.225748738,11067236.845987065,0.5681435782389231,0.5922190260277366,58,141,0,1084.6638271383595,40157.0,6237,33920.0,0.14007996691024405,0.143347812910395,12,923.6638271383595,161.0,10,24,False,{},{},{},{},0.0,0.0,0.0,0.0,0.0,0.0,0.0,0.0,0.0,0.0,0.0,0.0,0.0,0.0,Leave Event,0.0,"{'node_level': {}, 'link_level': {}, 'path_level': {}}","{'node_level': {}, 'link_level': {}, 'path_level': {}}","{'node_level': {}, 'link_level': {}, 'path_level': {}}",[],0.0,0.0,True,True,False,0,[],0,0.0,,,,,
87,66,21,14291.0,25184.0,6568525.1726591,11096355.398410004,0.5674634688691232,0.5919533880106529,58,142,1,1085.0,39935.0,6222,33713.0,0.1421480766579346,0.14857561369835337,86,131.1646505537754,1085.0,3,3,True,"{2: np.int64(38), 1: np.int64(5), 0: np.int64(95)}","{(0, 2): [(np.int64(95), 41), (41, np.int64(38))], (1, 2): [(np.int64(5), 19), (19, np.int64(38))], (0, 1): [(np.int64(95), 7), (7, 15), (15, np.int64(5))]}","{(2, np.int64(38)): {'cpu': 9}, (1, np.int64(5)): {'cpu': 5}, (0, np.int64(95)): {'cpu': 1}}","{((0, 2), (np.int64(95), 41)): {'bw': 46.0}, ((0, 2), (41, np.int64(38))): {'bw': 46.0}, ((1, 2), (np.int64(5), 19)): {'bw': 29.0}, ((1, 2), (19, np.int64(38))): {'bw': 29.0}, ((0, 1), (np.int64(95), 7)): {'bw': 19.0}, ((0, 1), (7, 15)): {'bw': 19.0}, ((0, 1), (15, np.int64(5))): {'bw': 19.0}}",222.0,109.0,109.0,15.0,94.0,15.0,94.0,15.0,207.0,113.0,0.49099099099099097,29118.55242293814,14296.94691036152,64.40066175838521,Success,0.0,"{'node_level': {}, 'link_level': {}, 'path_level': {}}","{'node_level': {2: {'cpu': -62}, 1: {'cpu': -52}, 0: {'cpu': -69}}, 'link_level': {}, 'path_level': {}}","{'node_level': {2: {'cpu': 0}, 1: {'cpu': 0}, 0: {'cpu': 0}}, 'link_level': {}, 'path_level': {}}",[],0.0,0.0,True,True,False,0,[],0,0.0,"OrderedDict([((0, 2), 0), ((1, 2), 0), ((0, 1), 0)])",0.0,0.0,3.0,3.0
87,66,20,14291.0,25184.0,6568525.1726591,11096355.398410004,0.5674634688691232,0.5919533880106529,58,143,0,1086.3838851726516,39953.0,6238,33715.0,0.1399420929270646,0.14852510354581272,85,8.383885172651535,1078.0,2,1,False,{},{},{},{},0.0,0.0,0.0,0.0,0.0,0.0,0.0,0.0,0.0,0.0,0.0,0.0,0.0,0.0,Leave Event,0.0,"{'node_level': {}, 'link_level': {}, 'path_level': {}}","{'node_level': {}, 'link_level': {}, 'path_level': {}}","{'node_level': {}, 'link_level': {}, 'path_level': {}}",[],0.0,0.0,True,True,False,0,[],0,0.0,,,,,
87,66,19,14291.0,25184.0,6568525.1726591,11096355.398410004,0.5674634688691232,0.5919533880106529,58,144,0,1092.1185821927488,39980.0,6263,33717.0,0.13649524334758034,0.14847459339327207,1,1062.1185821927488,30.0,2,1,False,{},{},{},{},0.0,0.0,0.0,0.0,0.0,0.0,0.0,0.0,0.0,0.0,0.0,0.0,0.0,0.0,Leave Event,0.0,"{'node_level': {}, 'link_level': {}, 'path_level': {}}","{'node_level': {}, 'link_level': {}, 'path_level': {}}","{'node_level': {}, 'link_level': {}, 'path_level': {}}",[],0.0,0.0,True,True,False,0,[],0,0.0,,,,,
88,66,19,14291.0,25184.0,6568525.1726591,11096355.398410004,0.5674634688691232,0.5919533880106529,58,145,1,1097.0,39980.0,6263,33717.0,0.13649524334758034,0.14847459339327207,87,723.8970432321961,1097.0,4,4,False,"{3: np.int64(18), 1: np.int64(5), 0: np.int64(46), 2: np.int64(60)}","{(1, 3): [(np.int64(5), 18)], (0, 1): [(np.int64(46), 60), (60, np.int64(5))], (0, 3): [(np.int64(46), 18)]}","{(3, np.int64(18)): {'cpu': 20}, (1, np.int64(5)): {'cpu': 16}, (0, np.int64(46)): {'cpu': 16}, (2, np.int64(60)): {'cpu': 6}}","{((1, 3), (np.int64(5), 18)): {'bw': 45.0}, ((0, 1), (np.int64(46), 60)): {'bw': 35.0}, ((0, 1), (60, np.int64(5))): {'bw': 35.0}, ((0, 3), (np.int64(46), 18)): {'bw': 30.0}}",0.0,0.0,181.0,58.0,123.0,0.0,0.0,0.0,0.0,0.0,0.0,0.0,0.0,0.0,Route Failure,0.0,"{'node_level': {}, 'link_level': {}, 'path_level': {}}","{'node_level': {3: {'cpu': -25}, 1: {'cpu': -49}, 0: {'cpu': -61}, 2: {'cpu': -51}}, 'link_level': {}, 'path_level': {}}","{'node_level': {3: {'cpu': 0}, 1: {'cpu': 0}, 0: {'cpu': 0}, 2: {'cpu': 0}}, 'link_level': {}, 'path_level': {}}",[],0.0,0.0,True,False,False,0,[],0,0.0,"OrderedDict([((1, 3), 0), ((0, 1), 0), ((0, 3), 0)])",0.0,0.0,4.0,3.0
88,66,19,14291.0,25184.0,6568525.1726591,11096355.398410004,0.5674634688691232,0.5919533880106529,58,146,0,1108.6412263936854,39980.0,6263,33717.0,0.13649524334758034,0.14847459339327207,14,920.6412263936853,188.0,8,14,False,{},{},{},{},0.0,0.0,0.0,0.0,0.0,0.0,0.0,0.0,0.0,0.0,0.0,0.0,0.0,0.0,Leave Event,0.0,"{'node_level': {}, 'link_level': {}, 'path_level': {}}","{'node_level': {}, 'link_level': {}, 'path_level': {}}","{'node_level': {}, 'link_level': {}, 'path_level': {}}",[],0.0,0.0,True,True,False,0,[],0,0.0,,,,,
89,67,20,14529.0,25549.0,6911793.968362499,11622797.038879503,0.5686719636776391,0.5946756142468811,58,147,1,1112.0,39615.0,6203,33412.0,0.1447676823383428,0.15617739165572275,88,1442.305864299997,1112.0,6,6,True,"{1: np.int64(18), 0: np.int64(5), 2: np.int64(85), 3: np.int64(0), 5: np.int64(38), 4: np.int64(30)}","{(0, 5): [(np.int64(5), 83), (83, 0), (0, np.int64(38))], (0, 2): [(np.int64(5), 85)], (1, 3): [(np.int64(18), 0)], (2, 5): [(np.int64(85), 40), (40, np.int64(38))], (0, 1): [(np.int64(5), 18)], (4, 5): [(np.int64(30), 45), (45, np.int64(38))]}","{(1, np.int64(18)): {'cpu': 17}, (0, np.int64(5)): {'cpu': 8}, (2, np.int64(85)): {'cpu': 7}, (3, np.int64(0)): {'cpu': 9}, (5, np.int64(38)): {'cpu': 3}, (4, np.int64(30)): {'cpu': 16}}","{((0, 5), (np.int64(5), 83)): {'bw': 43.0}, ((0, 5), (83, 0)): {'bw': 43.0}, ((0, 5), (0, np.int64(38))): {'bw': 43.0}, ((0, 2), (np.int64(5), 85)): {'bw': 42.0}, ((1, 3), (np.int64(18), 0)): {'bw': 41.0}, ((2, 5), (np.int64(85), 40)): {'bw': 30.0}, ((2, 5), (40, np.int64(38))): {'bw': 30.0}, ((0, 1), (np.int64(5), 18)): {'bw': 11.0}, ((4, 5), (np.int64(30), 45)): {'bw': 11.0}, ((4, 5), (45, np.int64(38))): {'bw': 11.0}}",365.0,238.0,238.0,60.0,178.0,60.0,178.0,60.0,305.0,127.0,0.6520547945205479,526441.6404694989,343268.7957033993,940.4624539819158,Success,0.0,"{'node_level': {}, 'link_level': {}, 'path_level': {}}","{'node_level': {1: {'cpu': -28}, 0: {'cpu': -57}, 2: {'cpu': -42}, 3: {'cpu': -73}, 5: {'cpu': -59}, 4: {'cpu': -24}}, 'link_level': {}, 'path_level': {}}","{'node_level': {1: {'cpu': 0}, 0: {'cpu': 0}, 2: {'cpu': 0}, 3: {'cpu': 0}, 5: {'cpu': 0}, 4: {'cpu': 0}}, 'link_level': {}, 'path_level': {}}",[],0.0,0.0,True,True,False,0,[],0,0.0,"OrderedDict([((0, 5), 0), ((0, 2), 0), ((1, 3), 0), ((2, 5), 0), ((0, 1), 0), ((4, 5), 0)])",0.0,0.0,6.0,6.0
89,67,19,14529.0,25549.0,6911793.968362499,11622797.038879503,0.5686719636776391,0.5946756142468811,58,148,0,1117.275997393307,39765.0,6231,33534.0,0.14090721080932023,0.15309627235074252,56,401.275997393307,716.0,3,2,False,{},{},{},{},0.0,0.0,0.0,0.0,0.0,0.0,0.0,0.0,0.0,0.0,0.0,0.0,0.0,0.0,Leave Event,0.0,"{'node_level': {}, 'link_level': {}, 'path_level': {}}","{'node_level': {}, 'link_level': {}, 'path_level': {}}","{'node_level': {}, 'link_level': {}, 'path_level': {}}",[],0.0,0.0,True,True,False,0,[],0,0.0,,,,,
90,68,20,14628.0,25739.0,6980415.390494637,11754494.717718959,0.5683204475698357,0.5938507403446462,58,149,1,1119.0,39575.0,6194,33381.0,0.14600854818695708,0.156960299020103,89,693.1456781024035,1119.0,4,3,True,"{2: np.int64(43), 3: np.int64(46), 1: np.int64(49), 0: np.int64(95)}","{(2, 3): [(np.int64(43), 39), (39, np.int64(46))], (1, 2): [(np.int64(49), 76), (76, 16), (16, np.int64(43))], (0, 3): [(np.int64(95), 13), (13, np.int64(46))]}","{(2, np.int64(43)): {'cpu': 13}, (3, np.int64(46)): {'cpu': 9}, (1, np.int64(49)): {'cpu': 1}, (0, np.int64(95)): {'cpu': 14}}","{((2, 3), (np.int64(43), 39)): {'bw': 32.0}, ((2, 3), (39, np.int64(46))): {'bw': 32.0}, ((1, 2), (np.int64(49), 76)): {'bw': 29.0}, ((1, 2), (76, 16)): {'bw': 29.0}, ((1, 2), (16, np.int64(43))): {'bw': 29.0}, ((0, 3), (np.int64(95), 13)): {'bw': 1.0}, ((0, 3), (13, np.int64(46))): {'bw': 1.0}}",190.0,99.0,99.0,37.0,62.0,37.0,62.0,37.0,153.0,91.0,0.5210526315789473,131697.67883945667,68621.42213213794,361.1653796428313,Success,0.0,"{'node_level': {}, 'link_level': {}, 'path_level': {}}","{'node_level': {2: {'cpu': -59}, 3: {'cpu': -68}, 1: {'cpu': -62}, 0: {'cpu': -55}}, 'link_level': {}, 'path_level': {}}","{'node_level': {2: {'cpu': 0}, 3: {'cpu': 0}, 1: {'cpu': 0}, 0: {'cpu': 0}}, 'link_level': {}, 'path_level': {}}",[],0.0,0.0,True,True,False,0,[],0,0.0,"OrderedDict([((2, 3), 0), ((1, 2), 0), ((0, 3), 0)])",0.0,0.0,4.0,3.0
91,69,21,14662.0,25781.0,6987463.80380776,11763201.581223404,0.5687133935844226,0.5940103768145275,58,150,1,1130.0,39533.0,6168,33365.0,0.1495932717496209,0.15736438024042831,90,207.30627391535805,1130.0,2,1,True,"{0: np.int64(33), 1: np.int64(64)}","{(0, 1): [(np.int64(33), 25), (25, np.int64(64))]}","{(0, np.int64(33)): {'cpu': 16}, (1, np.int64(64)): {'cpu': 10}}","{((0, 1), (np.int64(33), 25)): {'bw': 8.0}, ((0, 1), (25, np.int64(64))): {'bw': 8.0}}",42.0,34.0,34.0,26.0,8.0,26.0,8.0,26.0,16.0,8.0,0.8095238095238095,8706.863504445038,7048.413313122173,167.819364598147,Success,0.0,"{'node_level': {}, 'link_level': {}, 'path_level': {}}","{'node_level': {0: {'cpu': -34}, 1: {'cpu': -64}}, 'link_level': {}, 'path_level': {}}","{'node_level': {0: {'cpu': 0}, 1: {'cpu': 0}}, 'link_level': {}, 'path_level': {}}",[],0.0,0.0,True,True,False,0,[],0,0.0,"OrderedDict([((0, 1), 0)])",0.0,0.0,2.0,1.0
91,69,21,14662.0,25781.0,6987463.80380776,11763201.581223404,0.5687133935844226,0.5940103768145275,58,151,0,1136.0367475186629,39533.0,6168,33365.0,0.1495932717496209,0.15736438024042831,66,297.0367475186629,839.0,6,10,False,{},{},{},{},0.0,0.0,0.0,0.0,0.0,0.0,0.0,0.0,0.0,0.0,0.0,0.0,0.0,0.0,Leave Event,0.0,"{'node_level': {}, 'link_level': {}, 'path_level': {}}","{'node_level': {}, 'link_level': {}, 'path_level': {}}","{'node_level': {}, 'link_level': {}, 'path_level': {}}",[],0.0,0.0,True,True,False,0,[],0,0.0,,,,,
92,69,21,14662.0,25781.0,6987463.80380776,11763201.581223404,0.5687133935844226,0.5940103768145275,58,152,1,1147.0,39533.0,6168,33365.0,0.1495932717496209,0.15736438024042831,91,336.2302533398408,1147.0,5,6,False,"{0: np.int64(43), 4: np.int64(53), 2: np.int64(98), 3: np.int64(97), 1: np.int64(45)}","{(0, 3): [(np.int64(43), 53), (53, 84), (84, np.int64(97))], (0, 1): [(np.int64(43), 38), (38, np.int64(45))], (2, 4): [(np.int64(98), 53)]}","{(0, np.int64(43)): {'cpu': 13}, (4, np.int64(53)): {'cpu': 10}, (2, np.int64(98)): {'cpu': 15}, (3, np.int64(97)): {'cpu': 8}, (1, np.int64(45)): {'cpu': 15}}","{((0, 3), (np.int64(43), 53)): {'bw': 46.0}, ((0, 3), (53, 84)): {'bw': 46.0}, ((0, 3), (84, np.int64(97))): {'bw': 46.0}, ((0, 1), (np.int64(43), 38)): {'bw': 40.0}, ((0, 1), (38, np.int64(45))): {'bw': 40.0}, ((2, 4), (np.int64(98), 53)): {'bw': 36.0}}",0.0,0.0,283.0,61.0,222.0,0.0,0.0,0.0,0.0,0.0,0.0,0.0,0.0,0.0,Route Failure,0.0,"{'node_level': {}, 'link_level': {}, 'path_level': {}}","{'node_level': {0: {'cpu': -46}, 4: {'cpu': -50}, 2: {'cpu': -24}, 3: {'cpu': -57}, 1: {'cpu': -44}}, 'link_level': {}, 'path_level': {}}","{'node_level': {0: {'cpu': 0}, 4: {'cpu': 0}, 2: {'cpu': 0}, 3: {'cpu': 0}, 1: {'cpu': 0}}, 'link_level': {}, 'path_level': {}}",[],0.0,0.0,True,False,False,0,[],0,0.0,"OrderedDict([((0, 3), 0), ((0, 1), 0), ((2, 4), 0)])",0.0,0.0,5.0,3.0
92,69,21,14662.0,25781.0,6987463.80380776,11763201.581223404,0.5687133935844226,0.5940103768145275,58,153,0,1151.4092813015957,39533.0,6168,33365.0,0.1495932717496209,0.15736438024042831,34,728.4092813015957,423.0,9,23,False,{},{},{},{},0.0,0.0,0.0,0.0,0.0,0.0,0.0,0.0,0.0,0.0,0.0,0.0,0.0,0.0,Leave Event,0.0,"{'node_level': {}, 'link_level': {}, 'path_level': {}}","{'node_level': {}, 'link_level': {}, 'path_level': {}}","{'node_level': {}, 'link_level': {}, 'path_level': {}}",[],0.0,0.0,True,True,False,0,[],0,0.0,,,,,
93,70,22,14781.0,25944.0,7012095.549736122,11796940.863461412,0.5697271045328399,0.5943994829587252,59,154,1,1161.0,39370.0,6121,33249.0,0.15607334895905145,0.1602939690877866,92,206.9894615828749,1161.0,4,3,True,"{0: np.int64(43), 1: np.int64(98), 3: np.int64(53), 2: np.int64(55)}","{(0, 2): [(np.int64(43), 50), (50, np.int64(55))], (1, 3): [(np.int64(98), 53)], (1, 2): [(np.int64(98), 55)]}","{(0, np.int64(43)): {'cpu': 12}, (1, np.int64(98)): {'cpu': 15}, (3, np.int64(53)): {'cpu': 17}, (2, np.int64(55)): {'cpu': 3}}","{((0, 2), (np.int64(43), 50)): {'bw': 44.0}, ((0, 2), (50, np.int64(55))): {'bw': 44.0}, ((1, 3), (np.int64(98), 53)): {'bw': 23.0}, ((1, 2), (np.int64(98), 55)): {'bw': 5.0}}",163.0,119.0,119.0,47.0,72.0,47.0,72.0,47.0,116.0,44.0,0.7300613496932515,33739.28223800861,24631.745928362114,151.1150056954731,Success,0.0,"{'node_level': {}, 'link_level': {}, 'path_level': {}}","{'node_level': {0: {'cpu': -47}, 1: {'cpu': -24}, 3: {'cpu': -43}, 2: {'cpu': -47}}, 'link_level': {}, 'path_level': {}}","{'node_level': {0: {'cpu': 0}, 1: {'cpu': 0}, 3: {'cpu': 0}, 2: {'cpu': 0}}, 'link_level': {}, 'path_level': {}}",[],0.0,0.0,True,True,False,0,[],0,0.0,"OrderedDict([((0, 2), 0), ((1, 3), 0), ((1, 2), 0)])",0.0,0.0,4.0,3.0
94,71,23,14851.0,26014.0,7019019.582195193,11803864.895920483,0.5708849081263935,0.5946374042811203,59,155,1,1168.0,39300.0,6090,33210.0,0.160347442437612,0.16127891706232955,93,98.91474941530419,1168.0,2,1,True,"{1: np.int64(45), 0: np.int64(38)}","{(0, 1): [(np.int64(38), 45)]}","{(1, np.int64(45)): {'cpu': 17}, (0, np.int64(38)): {'cpu': 14}}","{((0, 1), (np.int64(38), 45)): {'bw': 39.0}}",70.0,70.0,70.0,31.0,39.0,31.0,39.0,31.0,39.0,0.0,1.0,6924.0324590712935,6924.0324590712935,98.91474941530419,Success,0.0,"{'node_level': {}, 'link_level': {}, 'path_level': {}}","{'node_level': {1: {'cpu': -42}, 0: {'cpu': -45}}, 'link_level': {}, 'path_level': {}}","{'node_level': {1: {'cpu': 0}, 0: {'cpu': 0}}, 'link_level': {}, 'path_level': {}}",[],0.0,0.0,True,True,False,0,[],0,0.0,"OrderedDict([((0, 1), 0)])",0.0,0.0,2.0,1.0
95,72,24,15451.0,27282.0,7075275.26969597,11922751.915505461,0.5663441096693791,0.5934263599408305,60,156,1,1173.0,38032.0,6008,32024.0,0.17165310905832065,0.19123143751894134,94,93.75947916796311,1173.0,9,23,True,"{5: np.int64(49), 7: np.int64(69), 8: np.int64(68), 2: np.int64(60), 3: np.int64(97), 1: np.int64(13), 4: np.int64(59), 6: np.int64(77), 0: np.int64(18)}","{(2, 3): [(np.int64(60), 59), (59, 77), (77, np.int64(97))], (0, 7): [(np.int64(18), 37), (37, 12), (12, np.int64(69))], (4, 5): [(np.int64(59), 81), (81, 80), (80, np.int64(49))], (5, 7): [(np.int64(49), 45), (45, np.int64(69))], (4, 7): [(np.int64(59), 79), (79, np.int64(69))], (3, 8): [(np.int64(97), 68)], (5, 8): [(np.int64(49), 10), (10, np.int64(68))], (5, 6): [(np.int64(49), 80), (80, 97), (97, np.int64(77))], (3, 4): [(np.int64(97), 63), (63, 77), (77, np.int64(59))], (3, 7): [(np.int64(97), 84), (84, np.int64(69))], (6, 8): [(np.int64(77), 3), (3, 41), (41, np.int64(68))], (1, 2): [(np.int64(13), 46), (46, np.int64(60))], (2, 6): [(np.int64(60), 17), (17, np.int64(77))], (0, 5): [(np.int64(18), 33), (33, np.int64(49))], (2, 7): [(np.int64(60), 48), (48, np.int64(69))], (0, 8): [(np.int64(18), 29), (29, np.int64(68))], (2, 4): [(np.int64(60), 59)], (1, 6): [(np.int64(13), 23), (23, np.int64(77))], (0, 2): [(np.int64(18), 46), (46, np.int64(60))], (2, 5): [(np.int64(60), 49)], (0, 1): [(np.int64(18), 41), (41, 46), (46, np.int64(13))], (0, 3): [(np.int64(18), 77), (77, np.int64(97))], (4, 6): [(np.int64(59), 77)]}","{(5, np.int64(49)): {'cpu': 20}, (7, np.int64(69)): {'cpu': 18}, (8, np.int64(68)): {'cpu': 13}, (2, np.int64(60)): {'cpu': 5}, (3, np.int64(97)): {'cpu': 4}, (1, np.int64(13)): {'cpu': 14}, (4, np.int64(59)): {'cpu': 4}, (6, np.int64(77)): {'cpu': 3}, (0, np.int64(18)): {'cpu': 1}}","{((2, 3), (np.int64(60), 59)): {'bw': 45.0}, ((2, 3), (59, 77)): {'bw': 45.0}, ((2, 3), (77, np.int64(97))): {'bw': 45.0}, ((0, 7), (np.int64(18), 37)): {'bw': 42.0}, ((0, 7), (37, 12)): {'bw': 42.0}, ((0, 7), (12, np.int64(69))): {'bw': 42.0}, ((4, 5), (np.int64(59), 81)): {'bw': 42.0}, ((4, 5), (81, 80)): {'bw': 42.0}, ((4, 5), (80, np.int64(49))): {'bw': 42.0}, ((5, 7), (np.int64(49), 45)): {'bw': 41.0}, ((5, 7), (45, np.int64(69))): {'bw': 41.0}, ((4, 7), (np.int64(59), 79)): {'bw': 39.0}, ((4, 7), (79, np.int64(69))): {'bw': 39.0}, ((3, 8), (np.int64(97), 68)): {'bw': 41.0}, ((5, 8), (np.int64(49), 10)): {'bw': 37.0}, ((5, 8), (10, np.int64(68))): {'bw': 37.0}, ((5, 6), (np.int64(49), 80)): {'bw': 28.0}, ((5, 6), (80, 97)): {'bw': 28.0}, ((5, 6), (97, np.int64(77))): {'bw': 28.0}, ((3, 4), (np.int64(97), 63)): {'bw': 26.0}, ((3, 4), (63, 77)): {'bw': 26.0}, ((3, 4), (77, np.int64(59))): {'bw': 26.0}, ((3, 7), (np.int64(97), 84)): {'bw': 27.0}, ((3, 7), (84, np.int64(69))): {'bw': 27.0}, ((6, 8), (np.int64(77), 3)): {'bw': 22.0}, ((6, 8), (3, 41)): {'bw': 22.0}, ((6, 8), (41, np.int64(68))): {'bw': 22.0}, ((1, 2), (np.int64(13), 46)): {'bw': 23.0}, ((1, 2), (46, np.int64(60))): {'bw': 23.0}, ((2, 6), (np.int64(60), 17)): {'bw': 23.0}, ((2, 6), (17, np.int64(77))): {'bw': 23.0}, ((0, 5), (np.int64(18), 33)): {'bw': 16.0}, ((0, 5), (33, np.int64(49))): {'bw': 16.0}, ((2, 7), (np.int64(60), 48)): {'bw': 13.0}, ((2, 7), (48, np.int64(69))): {'bw': 13.0}, ((0, 8), (np.int64(18), 29)): {'bw': 9.0}, ((0, 8), (29, np.int64(68))): {'bw': 9.0}, ((2, 4), (np.int64(60), 59)): {'bw': 13.0}, ((1, 6), (np.int64(13), 23)): {'bw': 11.0}, ((1, 6), (23, np.int64(77))): {'bw': 11.0}, ((0, 2), (np.int64(18), 46)): {'bw': 9.0}, ((0, 2), (46, np.int64(60))): {'bw': 9.0}, ((2, 5), (np.int64(60), 49)): {'bw': 4.0}, ((0, 1), (np.int64(18), 41)): {'bw': 4.0}, ((0, 1), (41, 46)): {'bw': 4.0}, ((0, 1), (46, np.int64(13))): {'bw': 4.0}, ((0, 3), (np.int64(18), 77)): {'bw': 2.0}, ((0, 3), (77, np.int64(97))): {'bw': 2.0}, ((4, 6), (np.int64(59), 77)): {'bw': 1.0}}",1268.0,600.0,600.0,82.0,518.0,82.0,518.0,82.0,1186.0,668.0,0.47318611987381703,118887.01958497721,56255.687500777865,44.365684148878444,Success,0.0,"{'node_level': {}, 'link_level': {}, 'path_level': {}}","{'node_level': {5: {'cpu': -42}, 7: {'cpu': -71}, 8: {'cpu': -33}, 2: {'cpu': -52}, 3: {'cpu': -61}, 1: {'cpu': -42}, 4: {'cpu': -78}, 6: {'cpu': -21}, 0: {'cpu': -27}}, 'link_level': {}, 'path_level': {}}","{'node_level': {5: {'cpu': 0}, 7: {'cpu': 0}, 8: {'cpu': 0}, 2: {'cpu': 0}, 3: {'cpu': 0}, 1: {'cpu': 0}, 4: {'cpu': 0}, 6: {'cpu': 0}, 0: {'cpu': 0}}, 'link_level': {}, 'path_level': {}}",[],0.0,0.0,True,True,False,0,[],0,0.0,"OrderedDict([((2, 3), 0), ((0, 7), 0), ((4, 5), 0), ((5, 7), 0), ((4, 7), 0), ((3, 8), 0), ((5, 8), 0), ((5, 6), 0), ((3, 4), 0), ((3, 7), 0), ((6, 8), 0), ((1, 2), 0), ((2, 6), 0), ((0, 5), 0), ((2, 7), 0), ((0, 8), 0), ((2, 4), 0), ((1, 6), 0), ((0, 2), 0), ((2, 5), 0), ((0, 1), 0), ((0, 3), 0), ((4, 6), 0)])",0.0,0.0,9.0,23.0
96,73,25,15759.0,27859.0,7171155.261013848,12102371.249889927,0.5656699809756273,0.5925413386305656,60,157,1,1186.0,37455.0,5934,31521.0,0.18185578381359435,0.20393474088291752,95,311.29867310999197,1186.0,7,8,True,"{4: np.int64(5), 2: np.int64(75), 5: np.int64(90), 6: np.int64(64), 1: np.int64(2), 0: np.int64(95), 3: np.int64(78)}","{(0, 6): [(np.int64(95), 25), (25, np.int64(64))], (1, 2): [(np.int64(2), 38), (38, np.int64(75))], (1, 4): [(np.int64(2), 18), (18, np.int64(5))], (3, 4): [(np.int64(78), 73), (73, 79), (79, np.int64(5))], (5, 6): [(np.int64(90), 29), (29, np.int64(64))], (4, 5): [(np.int64(5), 90)], (0, 2): [(np.int64(95), 41), (41, 38), (38, np.int64(75))], (3, 5): [(np.int64(78), 68), (68, 29), (29, np.int64(90))]}","{(4, np.int64(5)): {'cpu': 14}, (2, np.int64(75)): {'cpu': 17}, (5, np.int64(90)): {'cpu': 12}, (6, np.int64(64)): {'cpu': 9}, (1, np.int64(2)): {'cpu': 9}, (0, np.int64(95)): {'cpu': 5}, (3, np.int64(78)): {'cpu': 8}}","{((0, 6), (np.int64(95), 25)): {'bw': 48.0}, ((0, 6), (25, np.int64(64))): {'bw': 48.0}, ((1, 2), (np.int64(2), 38)): {'bw': 33.0}, ((1, 2), (38, np.int64(75))): {'bw': 33.0}, ((1, 4), (np.int64(2), 18)): {'bw': 33.0}, ((1, 4), (18, np.int64(5))): {'bw': 33.0}, ((3, 4), (np.int64(78), 73)): {'bw': 31.0}, ((3, 4), (73, 79)): {'bw': 31.0}, ((3, 4), (79, np.int64(5))): {'bw': 31.0}, ((5, 6), (np.int64(90), 29)): {'bw': 29.0}, ((5, 6), (29, np.int64(64))): {'bw': 29.0}, ((4, 5), (np.int64(5), 90)): {'bw': 28.0}, ((0, 2), (np.int64(95), 41)): {'bw': 22.0}, ((0, 2), (41, 38)): {'bw': 22.0}, ((0, 2), (38, np.int64(75))): {'bw': 22.0}, ((3, 5), (np.int64(78), 68)): {'bw': 10.0}, ((3, 5), (68, 29)): {'bw': 10.0}, ((3, 5), (29, np.int64(90))): {'bw': 10.0}}",577.0,308.0,308.0,74.0,234.0,74.0,234.0,74.0,503.0,269.0,0.5337954939341422,179619.33438446536,95879.99131787753,166.16982897379123,Success,0.0,"{'node_level': {}, 'link_level': {}, 'path_level': {}}","{'node_level': {4: {'cpu': -43}, 2: {'cpu': -51}, 5: {'cpu': -56}, 6: {'cpu': -55}, 1: {'cpu': -41}, 0: {'cpu': -50}, 3: {'cpu': -36}}, 'link_level': {}, 'path_level': {}}","{'node_level': {4: {'cpu': 0}, 2: {'cpu': 0}, 5: {'cpu': 0}, 6: {'cpu': 0}, 1: {'cpu': 0}, 0: {'cpu': 0}, 3: {'cpu': 0}}, 'link_level': {}, 'path_level': {}}",[],0.0,0.0,True,True,False,0,[],0,0.0,"OrderedDict([((0, 6), 0), ((1, 2), 0), ((1, 4), 0), ((3, 4), 0), ((5, 6), 0), ((4, 5), 0), ((0, 2), 0), ((3, 5), 0)])",0.0,0.0,7.0,8.0
96,73,24,15759.0,27859.0,7171155.261013848,12102371.249889927,0.5656699809756273,0.5925413386305656,60,158,0,1194.731311046663,37676.0,5973,31703.0,0.17647869846959874,0.19933831700171734,69,316.7313110466631,878.0,6,6,False,{},{},{},{},0.0,0.0,0.0,0.0,0.0,0.0,0.0,0.0,0.0,0.0,0.0,0.0,0.0,0.0,Leave Event,0.0,"{'node_level': {}, 'link_level': {}, 'path_level': {}}","{'node_level': {}, 'link_level': {}, 'path_level': {}}","{'node_level': {}, 'link_level': {}, 'path_level': {}}",[],0.0,0.0,True,True,False,0,[],0,0.0,,,,,
97,74,25,15793.0,27918.0,7206447.788443407,12163614.165135339,0.565692384841321,0.5924594195941617,60,159,1,1200.0,37617.0,5964,31653.0,0.17771956431821312,0.20060107081523382,96,1038.015512634093,1200.0,2,1,True,"{0: np.int64(53), 1: np.int64(46)}","{(0, 1): [(np.int64(53), 33), (33, np.int64(46))]}","{(0, np.int64(53)): {'cpu': 5}, (1, np.int64(46)): {'cpu': 4}}","{((0, 1), (np.int64(53), 33)): {'bw': 25.0}, ((0, 1), (33, np.int64(46))): {'bw': 25.0}}",59.0,34.0,34.0,9.0,25.0,9.0,25.0,9.0,50.0,25.0,0.576271186440678,61242.91524541149,35292.527429559166,598.1784310094773,Success,0.0,"{'node_level': {}, 'link_level': {}, 'path_level': {}}","{'node_level': {0: {'cpu': -56}, 1: {'cpu': -69}}, 'link_level': {}, 'path_level': {}}","{'node_level': {0: {'cpu': 0}, 1: {'cpu': 0}}, 'link_level': {}, 'path_level': {}}",[],0.0,0.0,True,True,False,0,[],0,0.0,"OrderedDict([((0, 1), 0)])",0.0,0.0,2.0,1.0
97,74,24,15793.0,27918.0,7206447.788443407,12163614.165135339,0.565692384841321,0.5924594195941617,60,160,0,1206.0384341796394,37887.0,6037,31850.0,0.16765476354611886,0.1956258207899788,65,385.03843417963935,821.0,6,6,False,{},{},{},{},0.0,0.0,0.0,0.0,0.0,0.0,0.0,0.0,0.0,0.0,0.0,0.0,0.0,0.0,Leave Event,0.0,"{'node_level': {}, 'link_level': {}, 'path_level': {}}","{'node_level': {}, 'link_level': {}, 'path_level': {}}","{'node_level': {}, 'link_level': {}, 'path_level': {}}",[],0.0,0.0,True,True,False,0,[],0,0.0,,,,,
98,75,25,15976.0,28212.0,7470383.590717722,12587642.175346533,0.5662838508436127,0.5934696495701798,60,161,1,1216.0,37593.0,6000,31593.0,0.1727561009237557,0.20211637539145366,97,1442.2721435754875,1216.0,4,5,True,"{3: np.int64(72), 0: np.int64(95), 2: np.int64(53), 1: np.int64(20)}","{(0, 3): [(np.int64(95), 26), (26, np.int64(72))], (1, 3): [(np.int64(20), 72)], (2, 3): [(np.int64(53), 30), (30, 45), (45, np.int64(72))], (0, 2): [(np.int64(95), 53)], (1, 2): [(np.int64(20), 28), (28, 26), (26, 95), (95, np.int64(53))]}","{(3, np.int64(72)): {'cpu': 7}, (0, np.int64(95)): {'cpu': 10}, (2, np.int64(53)): {'cpu': 12}, (1, np.int64(20)): {'cpu': 8}}","{((0, 3), (np.int64(95), 26)): {'bw': 46.0}, ((0, 3), (26, np.int64(72))): {'bw': 46.0}, ((1, 3), (np.int64(20), 72)): {'bw': 40.0}, ((2, 3), (np.int64(53), 30)): {'bw': 28.0}, ((2, 3), (30, 45)): {'bw': 28.0}, ((2, 3), (45, np.int64(72))): {'bw': 28.0}, ((0, 2), (np.int64(95), 53)): {'bw': 29.0}, ((1, 2), (np.int64(20), 28)): {'bw': 3.0}, ((1, 2), (28, 26)): {'bw': 3.0}, ((1, 2), (26, 95)): {'bw': 3.0}, ((1, 2), (95, np.int64(53))): {'bw': 3.0}}",294.0,183.0,183.0,37.0,146.0,37.0,146.0,37.0,257.0,111.0,0.6224489795918368,424028.0102111933,263935.8022743142,897.7408240622932,Success,0.0,"{'node_level': {}, 'link_level': {}, 'path_level': {}}","{'node_level': {3: {'cpu': -45}, 0: {'cpu': -55}, 2: {'cpu': -44}, 1: {'cpu': -88}}, 'link_level': {}, 'path_level': {}}","{'node_level': {3: {'cpu': 0}, 0: {'cpu': 0}, 2: {'cpu': 0}, 1: {'cpu': 0}}, 'link_level': {}, 'path_level': {}}",[],0.0,0.0,True,True,False,0,[],0,0.0,"OrderedDict([((0, 3), 0), ((1, 3), 0), ((2, 3), 0), ((0, 2), 0), ((1, 2), 0)])",0.0,0.0,4.0,5.0
98,75,24,15976.0,28212.0,7470383.590717722,12587642.175346533,0.5662838508436127,0.5934696495701798,60,162,0,1216.1646505537753,37815.0,6015,31800.0,0.17068799117606503,0.1968885746034953,86,131.1646505537754,1085.0,3,3,False,{},{},{},{},0.0,0.0,0.0,0.0,0.0,0.0,0.0,0.0,0.0,0.0,0.0,0.0,0.0,0.0,Leave Event,0.0,"{'node_level': {}, 'link_level': {}, 'path_level': {}}","{'node_level': {}, 'link_level': {}, 'path_level': {}}","{'node_level': {}, 'link_level': {}, 'path_level': {}}",[],0.0,0.0,True,True,False,0,[],0,0.0,,,,,
98,75,23,15976.0,28212.0,7470383.590717722,12587642.175346533,0.5662838508436127,0.5934696495701798,60,163,0,1224.5217545832033,38512.0,6111,32401.0,0.15745208879084516,0.1817102737650268,48,629.5217545832035,595.0,7,9,False,{},{},{},{},0.0,0.0,0.0,0.0,0.0,0.0,0.0,0.0,0.0,0.0,0.0,0.0,0.0,0.0,Leave Event,0.0,"{'node_level': {}, 'link_level': {}, 'path_level': {}}","{'node_level': {}, 'link_level': {}, 'path_level': {}}","{'node_level': {}, 'link_level': {}, 'path_level': {}}",[],0.0,0.0,True,True,False,0,[],0,0.0,,,,,
99,75,23,15976.0,28212.0,7470383.590717722,12587642.175346533,0.5662838508436127,0.5934696495701798,60,164,1,1226.0,38512.0,6111,32401.0,0.15745208879084516,0.1817102737650268,98,468.56935664517397,1226.0,9,20,False,"{5: np.int64(41), 8: np.int64(64), 6: np.int64(25), 4: np.int64(46), 2: np.int64(38), 1: np.int64(83), 3: np.int64(31), 7: np.int64(69), 0: np.int64(10)}","{(1, 4): [(np.int64(83), 18), (18, np.int64(46))], (4, 6): [(np.int64(46), 41), (41, np.int64(25))], (5, 8): [(np.int64(41), 57), (57, 34), (34, np.int64(64))], (7, 8): [(np.int64(69), 64)], (1, 3): [(np.int64(83), 19), (19, np.int64(31))], (0, 4): [(np.int64(10), 6), (6, np.int64(46))], (0, 5): [(np.int64(10), 41)], (1, 2): [(np.int64(83), 19), (19, np.int64(38))], (5, 7): [(np.int64(41), 3), (3, 12), (12, np.int64(69))], (2, 7): [(np.int64(38), 45), (45, 14), (14, np.int64(69))], (3, 6): [(np.int64(31), 32), (32, np.int64(25))], (4, 8): [(np.int64(46), 78), (78, 68), (68, 86), (86, np.int64(64))], (0, 3): [(np.int64(10), 3), (3, np.int64(31))], (2, 5): [(np.int64(38), 41)]}","{(5, np.int64(41)): {'cpu': 18}, (8, np.int64(64)): {'cpu': 17}, (6, np.int64(25)): {'cpu': 18}, (4, np.int64(46)): {'cpu': 9}, (2, np.int64(38)): {'cpu': 11}, (1, np.int64(83)): {'cpu': 8}, (3, np.int64(31)): {'cpu': 9}, (7, np.int64(69)): {'cpu': 6}, (0, np.int64(10)): {'cpu': 4}}","{((1, 4), (np.int64(83), 18)): {'bw': 48.0}, ((1, 4), (18, np.int64(46))): {'bw': 48.0}, ((4, 6), (np.int64(46), 41)): {'bw': 46.0}, ((4, 6), (41, np.int64(25))): {'bw': 46.0}, ((5, 8), (np.int64(41), 57)): {'bw': 48.0}, ((5, 8), (57, 34)): {'bw': 48.0}, ((5, 8), (34, np.int64(64))): {'bw': 48.0}, ((7, 8), (np.int64(69), 64)): {'bw': 39.0}, ((1, 3), (np.int64(83), 19)): {'bw': 33.0}, ((1, 3), (19, np.int64(31))): {'bw': 33.0}, ((0, 4), (np.int64(10), 6)): {'bw': 36.0}, ((0, 4), (6, np.int64(46))): {'bw': 36.0}, ((0, 5), (np.int64(10), 41)): {'bw': 36.0}, ((1, 2), (np.int64(83), 19)): {'bw': 28.0}, ((1, 2), (19, np.int64(38))): {'bw': 28.0}, ((5, 7), (np.int64(41), 3)): {'bw': 30.0}, ((5, 7), (3, 12)): {'bw': 30.0}, ((5, 7), (12, np.int64(69))): {'bw': 30.0}, ((2, 7), (np.int64(38), 45)): {'bw': 25.0}, ((2, 7), (45, 14)): {'bw': 25.0}, ((2, 7), (14, np.int64(69))): {'bw': 25.0}, ((3, 6), (np.int64(31), 32)): {'bw': 25.0}, ((3, 6), (32, np.int64(25))): {'bw': 25.0}, ((4, 8), (np.int64(46), 78)): {'bw': 24.0}, ((4, 8), (78, 68)): {'bw': 24.0}, ((4, 8), (68, 86)): {'bw': 24.0}, ((4, 8), (86, np.int64(64))): {'bw': 24.0}, ((0, 3), (np.int64(10), 3)): {'bw': 23.0}, ((0, 3), (3, np.int64(31))): {'bw': 23.0}, ((2, 5), (np.int64(38), 41)): {'bw': 19.0}}",0.0,0.0,604.0,100.0,504.0,0.0,0.0,0.0,0.0,0.0,0.0,0.0,0.0,0.0,Route Failure,0.0,"{'node_level': {}, 'link_level': {}, 'path_level': {}}","{'node_level': {5: {'cpu': -40}, 8: {'cpu': -55}, 6: {'cpu': -32}, 4: {'cpu': -60}, 2: {'cpu': -51}, 1: {'cpu': -53}, 3: {'cpu': -56}, 7: {'cpu': -65}, 0: {'cpu': -68}}, 'link_level': {}, 'path_level': {}}","{'node_level': {5: {'cpu': 0}, 8: {'cpu': 0}, 6: {'cpu': 0}, 4: {'cpu': 0}, 2: {'cpu': 0}, 1: {'cpu': 0}, 3: {'cpu': 0}, 7: {'cpu': 0}, 0: {'cpu': 0}}, 'link_level': {}, 'path_level': {}}",[],0.0,0.0,True,False,False,0,[],0,0.0,"OrderedDict([((1, 4), 0), ((4, 6), 0), ((5, 8), 0), ((7, 8), 0), ((1, 3), 0), ((0, 4), 0), ((0, 5), 0), ((1, 2), 0), ((5, 7), 0), ((2, 7), 0), ((3, 6), 0), ((4, 8), 0), ((0, 3), 0), ((2, 5), 0)])",0.0,0.0,9.0,14.0
100,76,24,16169.0,28547.0,7558002.117795862,12739726.147217916,0.5663992713770274,0.5932625262471884,60,165,1,1240.0,38177.0,6055,32122.0,0.1651730318488901,0.18875644004444891,99,453.98200558622,1240.0,4,5,True,"{0: np.int64(41), 1: np.int64(25), 2: np.int64(64), 3: np.int64(38)}","{(0, 1): [(np.int64(41), 25)], (0, 2): [(np.int64(41), 57), (57, 34), (34, np.int64(64))], (0, 3): [(np.int64(41), 38)], (1, 2): [(np.int64(25), 11), (11, 29), (29, np.int64(64))], (2, 3): [(np.int64(64), 69), (69, 45), (45, np.int64(38))]}","{(0, np.int64(41)): {'cpu': 20}, (1, np.int64(25)): {'cpu': 17}, (2, np.int64(64)): {'cpu': 9}, (3, np.int64(38)): {'cpu': 10}}","{((0, 1), (np.int64(41), 25)): {'bw': 40.0}, ((0, 2), (np.int64(41), 57)): {'bw': 32.0}, ((0, 2), (57, 34)): {'bw': 32.0}, ((0, 2), (34, np.int64(64))): {'bw': 32.0}, ((0, 3), (np.int64(41), 38)): {'bw': 26.0}, ((1, 2), (np.int64(25), 11)): {'bw': 19.0}, ((1, 2), (11, 29)): {'bw': 19.0}, ((1, 2), (29, np.int64(64))): {'bw': 19.0}, ((2, 3), (np.int64(64), 69)): {'bw': 20.0}, ((2, 3), (69, 45)): {'bw': 20.0}, ((2, 3), (45, np.int64(38))): {'bw': 20.0}}",335.0,193.0,193.0,56.0,137.0,56.0,137.0,56.0,279.0,142.0,0.5761194029850746,152083.9718713837,87618.52707814045,261.5478420242999,Success,0.0,"{'node_level': {}, 'link_level': {}, 'path_level': {}}","{'node_level': {0: {'cpu': -38}, 1: {'cpu': -33}, 2: {'cpu': -63}, 3: {'cpu': -52}}, 'link_level': {}, 'path_level': {}}","{'node_level': {0: {'cpu': 0}, 1: {'cpu': 0}, 2: {'cpu': 0}, 3: {'cpu': 0}}, 'link_level': {}, 'path_level': {}}",[],0.0,0.0,True,True,False,0,[],0,0.0,"OrderedDict([((0, 1), 0), ((0, 2), 0), ((0, 3), 0), ((1, 2), 0), ((2, 3), 0)])",0.0,0.0,4.0,5.0
100,76,23,16169.0,28547.0,7558002.117795862,12739726.147217916,0.5663992713770274,0.5932625262471884,60,166,0,1240.0014385167754,38673.0,6115,32558.0,0.15690059285812763,0.1777452267905849,77,265.0014385167753,975.0,7,9,False,{},{},{},{},0.0,0.0,0.0,0.0,0.0,0.0,0.0,0.0,0.0,0.0,0.0,0.0,0.0,0.0,Leave Event,0.0,"{'node_level': {}, 'link_level': {}, 'path_level': {}}","{'node_level': {}, 'link_level': {}, 'path_level': {}}","{'node_level': {}, 'link_level': {}, 'path_level': {}}",[],0.0,0.0,True,True,False,0,[],0,0.0,,,,,
100,76,23,16169.0,28547.0,7558002.117795862,12739726.147217916,0.5663992713770274,0.5932625262471884,60,167,0,1257.6362816285116,38673.0,6115,32558.0,0.15690059285812763,0.1777452267905849,81,233.63628162851163,1024.0,7,11,False,{},{},{},{},0.0,0.0,0.0,0.0,0.0,0.0,0.0,0.0,0.0,0.0,0.0,0.0,0.0,0.0,Leave Event,0.0,"{'node_level': {}, 'link_level': {}, 'path_level': {}}","{'node_level': {}, 'link_level': {}, 'path_level': {}}","{'node_level': {}, 'link_level': {}, 'path_level': {}}",[],0.0,0.0,True,True,False,0,[],0,0.0,,,,,
100,76,22,16169.0,28547.0,7558002.117795862,12739726.147217916,0.5663992713770274,0.5932625262471884,60,168,0,1266.759479167963,39941.0,6197,33744.0,0.145594926237419,0.14779270633397312,94,93.75947916796311,1173.0,9,23,False,{},{},{},{},0.0,0.0,0.0,0.0,0.0,0.0,0.0,0.0,0.0,0.0,0.0,0.0,0.0,0.0,Leave Event,0.0,"{'node_level': {}, 'link_level': {}, 'path_level': {}}","{'node_level': {}, 'link_level': {}, 'path_level': {}}","{'node_level': {}, 'link_level': {}, 'path_level': {}}",[],0.0,0.0,True,True,False,0,[],0,0.0,,,,,
100,76,21,16169.0,28547.0,7558002.117795862,12739726.147217916,0.5663992713770274,0.5932625262471884,60,169,0,1266.9147494153042,40011.0,6228,33783.0,0.14132083275885843,0.14680775835943027,93,98.91474941530419,1168.0,2,1,False,{},{},{},{},0.0,0.0,0.0,0.0,0.0,0.0,0.0,0.0,0.0,0.0,0.0,0.0,0.0,0.0,Leave Event,0.0,"{'node_level': {}, 'link_level': {}, 'path_level': {}}","{'node_level': {}, 'link_level': {}, 'path_level': {}}","{'node_level': {}, 'link_level': {}, 'path_level': {}}",[],0.0,0.0,True,True,False,0,[],0,0.0,,,,,
100,76,21,16169.0,28547.0,7558002.117795862,12739726.147217916,0.5663992713770274,0.5932625262471884,60,170,0,1279.9589618830807,40011.0,6228,33783.0,0.14132083275885843,0.14680775835943027,73,354.95896188308075,925.0,10,24,False,{},{},{},{},0.0,0.0,0.0,0.0,0.0,0.0,0.0,0.0,0.0,0.0,0.0,0.0,0.0,0.0,Leave Event,0.0,"{'node_level': {}, 'link_level': {}, 'path_level': {}}","{'node_level': {}, 'link_level': {}, 'path_level': {}}","{'node_level': {}, 'link_level': {}, 'path_level': {}}",[],0.0,0.0,True,True,False,0,[],0,0.0,,,,,
100,76,21,16169.0,28547.0,7558002.117795862,12739726.147217916,0.5663992713770274,0.5932625262471884,60,171,0,1288.4559275729157,40011.0,6228,33783.0,0.14132083275885843,0.14680775835943027,84,227.45592757291564,1061.0,7,11,False,{},{},{},{},0.0,0.0,0.0,0.0,0.0,0.0,0.0,0.0,0.0,0.0,0.0,0.0,0.0,0.0,Leave Event,0.0,"{'node_level': {}, 'link_level': {}, 'path_level': {}}","{'node_level': {}, 'link_level': {}, 'path_level': {}}","{'node_level': {}, 'link_level': {}, 'path_level': {}}",[],0.0,0.0,True,True,False,0,[],0,0.0,,,,,
100,76,20,16169.0,28547.0,7558002.117795862,12739726.147217916,0.5663992713770274,0.5932625262471884,60,172,0,1294.955851751608,40444.0,6282,34162.0,0.13387563766717225,0.13723608445297508,2,1251.955851751608,43.0,5,6,False,{},{},{},{},0.0,0.0,0.0,0.0,0.0,0.0,0.0,0.0,0.0,0.0,0.0,0.0,0.0,0.0,Leave Event,0.0,"{'node_level': {}, 'link_level': {}, 'path_level': {}}","{'node_level': {}, 'link_level': {}, 'path_level': {}}","{'node_level': {}, 'link_level': {}, 'path_level': {}}",[],0.0,0.0,True,True,False,0,[],0,0.0,,,,,
100,76,19,16169.0,28547.0,7558002.117795862,12739726.147217916,0.5663992713770274,0.5932625262471884,60,173,0,1305.4285659002398,40730.0,6308,34422.0,0.13029091410450844,0.1306697646226892,82,272.4285659002399,1033.0,5,5,False,{},{},{},{},0.0,0.0,0.0,0.0,0.0,0.0,0.0,0.0,0.0,0.0,0.0,0.0,0.0,0.0,Leave Event,0.0,"{'node_level': {}, 'link_level': {}, 'path_level': {}}","{'node_level': {}, 'link_level': {}, 'path_level': {}}","{'node_level': {}, 'link_level': {}, 'path_level': {}}",[],0.0,0.0,True,True,False,0,[],0,0.0,,,,,
100,76,18,16169.0,28547.0,7558002.117795862,12739726.147217916,0.5663992713770274,0.5932625262471884,60,174,0,1335.489605459313,41496.0,6373,35123.0,0.12132910519784912,0.11296595615718763,51,691.489605459313,644.0,6,9,False,{},{},{},{},0.0,0.0,0.0,0.0,0.0,0.0,0.0,0.0,0.0,0.0,0.0,0.0,0.0,0.0,Leave Event,0.0,"{'node_level': {}, 'link_level': {}, 'path_level': {}}","{'node_level': {}, 'link_level': {}, 'path_level': {}}","{'node_level': {}, 'link_level': {}, 'path_level': {}}",[],0.0,0.0,True,True,False,0,[],0,0.0,,,,,
100,76,17,16169.0,28547.0,7558002.117795862,12739726.147217916,0.5663992713770274,0.5932625262471884,60,175,0,1337.3062739153581,41538.0,6399,35139.0,0.11774438163518541,0.11256187493686232,90,207.30627391535805,1130.0,2,1,False,{},{},{},{},0.0,0.0,0.0,0.0,0.0,0.0,0.0,0.0,0.0,0.0,0.0,0.0,0.0,0.0,Leave Event,0.0,"{'node_level': {}, 'link_level': {}, 'path_level': {}}","{'node_level': {}, 'link_level': {}, 'path_level': {}}","{'node_level': {}, 'link_level': {}, 'path_level': {}}",[],0.0,0.0,True,True,False,0,[],0,0.0,,,,,
100,76,17,16169.0,28547.0,7558002.117795862,12739726.147217916,0.5663992713770274,0.5932625262471884,60,176,0,1339.7911631197298,41538.0,6399,35139.0,0.11774438163518541,0.11256187493686232,7,1242.7911631197298,97.0,4,5,False,{},{},{},{},0.0,0.0,0.0,0.0,0.0,0.0,0.0,0.0,0.0,0.0,0.0,0.0,0.0,0.0,Leave Event,0.0,"{'node_level': {}, 'link_level': {}, 'path_level': {}}","{'node_level': {}, 'link_level': {}, 'path_level': {}}","{'node_level': {}, 'link_level': {}, 'path_level': {}}",[],0.0,0.0,True,True,False,0,[],0,0.0,,,,,
100,76,16,16169.0,28547.0,7558002.117795862,12739726.147217916,0.5663992713770274,0.5932625262471884,60,177,0,1367.9894615828748,41701.0,6446,35255.0,0.11126430442575486,0.10963228608950404,92,206.9894615828749,1161.0,4,3,False,{},{},{},{},0.0,0.0,0.0,0.0,0.0,0.0,0.0,0.0,0.0,0.0,0.0,0.0,0.0,0.0,Leave Event,0.0,"{'node_level': {}, 'link_level': {}, 'path_level': {}}","{'node_level': {}, 'link_level': {}, 'path_level': {}}","{'node_level': {}, 'link_level': {}, 'path_level': {}}",[],0.0,0.0,True,True,False,0,[],0,0.0,,,,,
100,76,15,16169.0,28547.0,7558002.117795862,12739726.147217916,0.5663992713770274,0.5932625262471884,60,178,0,1382.1522428022445,42270.0,6529,35741.0,0.09982076382186678,0.09735831902212344,8,1270.1522428022445,112.0,6,8,False,{},{},{},{},0.0,0.0,0.0,0.0,0.0,0.0,0.0,0.0,0.0,0.0,0.0,0.0,0.0,0.0,Leave Event,0.0,"{'node_level': {}, 'link_level': {}, 'path_level': {}}","{'node_level': {}, 'link_level': {}, 'path_level': {}}","{'node_level': {}, 'link_level': {}, 'path_level': {}}",[],0.0,0.0,True,True,False,0,[],0,0.0,,,,,
100,76,15,16169.0,28547.0,7558002.117795862,12739726.147217916,0.5663992713770274,0.5932625262471884,60,179,0,1483.2302533398408,42270.0,6529,35741.0,0.09982076382186678,0.09735831902212344,91,336.2302533398408,1147.0,5,6,False,{},{},{},{},0.0,0.0,0.0,0.0,0.0,0.0,0.0,0.0,0.0,0.0,0.0,0.0,0.0,0.0,Leave Event,0.0,"{'node_level': {}, 'link_level': {}, 'path_level': {}}","{'node_level': {}, 'link_level': {}, 'path_level': {}}","{'node_level': {}, 'link_level': {}, 'path_level': {}}",[],0.0,0.0,True,True,False,0,[],0,0.0,,,,,
100,76,15,16169.0,28547.0,7558002.117795862,12739726.147217916,0.5663992713770274,0.5932625262471884,60,180,0,1489.7534787451477,42270.0,6529,35741.0,0.09982076382186678,0.09735831902212344,29,1110.7534787451477,379.0,10,23,False,{},{},{},{},0.0,0.0,0.0,0.0,0.0,0.0,0.0,0.0,0.0,0.0,0.0,0.0,0.0,0.0,Leave Event,0.0,"{'node_level': {}, 'link_level': {}, 'path_level': {}}","{'node_level': {}, 'link_level': {}, 'path_level': {}}","{'node_level': {}, 'link_level': {}, 'path_level': {}}",[],0.0,0.0,True,True,False,0,[],0,0.0,,,,,
100,76,14,16169.0,28547.0,7558002.117795862,12739726.147217916,0.5663992713770274,0.5932625262471884,60,181,0,1495.8667793215377,42461.0,6549,35912.0,0.09706328415827936,0.093039700979897,27,1131.8667793215377,364.0,4,3,False,{},{},{},{},0.0,0.0,0.0,0.0,0.0,0.0,0.0,0.0,0.0,0.0,0.0,0.0,0.0,0.0,Leave Event,0.0,"{'node_level': {}, 'link_level': {}, 'path_level': {}}","{'node_level': {}, 'link_level': {}, 'path_level': {}}","{'node_level': {}, 'link_level': {}, 'path_level': {}}",[],0.0,0.0,True,True,False,0,[],0,0.0,,,,,
100,76,13,16169.0,28547.0,7558002.117795862,12739726.147217916,0.5663992713770274,0.5932625262471884,60,182,0,1497.298673109992,43038.0,6623,36415.0,0.08686060940300566,0.08033639761592082,95,311.29867310999197,1186.0,7,8,False,{},{},{},{},0.0,0.0,0.0,0.0,0.0,0.0,0.0,0.0,0.0,0.0,0.0,0.0,0.0,0.0,Leave Event,0.0,"{'node_level': {}, 'link_level': {}, 'path_level': {}}","{'node_level': {}, 'link_level': {}, 'path_level': {}}","{'node_level': {}, 'link_level': {}, 'path_level': {}}",[],0.0,0.0,True,True,False,0,[],0,0.0,,,,,
100,76,12,16169.0,28547.0,7558002.117795862,12739726.147217916,0.5663992713770274,0.5932625262471884,60,183,0,1693.98200558622,43373.0,6679,36694.0,0.07913966634496072,0.07329023133649859,99,453.98200558622,1240.0,4,5,False,{},{},{},{},0.0,0.0,0.0,0.0,0.0,0.0,0.0,0.0,0.0,0.0,0.0,0.0,0.0,0.0,Leave Event,0.0,"{'node_level': {}, 'link_level': {}, 'path_level': {}}","{'node_level': {}, 'link_level': {}, 'path_level': {}}","{'node_level': {}, 'link_level': {}, 'path_level': {}}",[],0.0,0.0,True,True,False,0,[],0,0.0,,,,,
100,76,12,16169.0,28547.0,7558002.117795862,12739726.147217916,0.5663992713770274,0.5932625262471884,60,184,0,1694.569356645174,43373.0,6679,36694.0,0.07913966634496072,0.07329023133649859,98,468.56935664517397,1226.0,9,20,False,{},{},{},{},0.0,0.0,0.0,0.0,0.0,0.0,0.0,0.0,0.0,0.0,0.0,0.0,0.0,0.0,Leave Event,0.0,"{'node_level': {}, 'link_level': {}, 'path_level': {}}","{'node_level': {}, 'link_level': {}, 'path_level': {}}","{'node_level': {}, 'link_level': {}, 'path_level': {}}",[],0.0,0.0,True,True,False,0,[],0,0.0,,,,,
100,76,11,16169.0,28547.0,7558002.117795862,12739726.147217916,0.5663992713770274,0.5932625262471884,60,185,0,1698.911731037811,43845.0,6732,37113.0,0.07183234523645388,0.06270835437923028,75,754.9117310378111,944.0,5,9,False,{},{},{},{},0.0,0.0,0.0,0.0,0.0,0.0,0.0,0.0,0.0,0.0,0.0,0.0,0.0,0.0,Leave Event,0.0,"{'node_level': {}, 'link_level': {}, 'path_level': {}}","{'node_level': {}, 'link_level': {}, 'path_level': {}}","{'node_level': {}, 'link_level': {}, 'path_level': {}}",[],0.0,0.0,True,True,False,0,[],0,0.0,,,,,
100,76,10,16169.0,28547.0,7558002.117795862,12739726.147217916,0.5663992713770274,0.5932625262471884,60,186,0,1710.723798965108,44007.0,6768,37239.0,0.06686888184199646,0.05952621476916864,52,1053.723798965108,657.0,3,2,False,{},{},{},{},0.0,0.0,0.0,0.0,0.0,0.0,0.0,0.0,0.0,0.0,0.0,0.0,0.0,0.0,Leave Event,0.0,"{'node_level': {}, 'link_level': {}, 'path_level': {}}","{'node_level': {}, 'link_level': {}, 'path_level': {}}","{'node_level': {}, 'link_level': {}, 'path_level': {}}",[],0.0,0.0,True,True,False,0,[],0,0.0,,,,,
100,76,9,16169.0,28547.0,7558002.117795862,12739726.147217916,0.5663992713770274,0.5932625262471884,60,187,0,1806.8663923792355,44430.0,6833,37597.0,0.057907072935337145,0.05048489746439033,70,919.8663923792355,887.0,5,5,False,{},{},{},{},0.0,0.0,0.0,0.0,0.0,0.0,0.0,0.0,0.0,0.0,0.0,0.0,0.0,0.0,Leave Event,0.0,"{'node_level': {}, 'link_level': {}, 'path_level': {}}","{'node_level': {}, 'link_level': {}, 'path_level': {}}","{'node_level': {}, 'link_level': {}, 'path_level': {}}",[],0.0,0.0,True,True,False,0,[],0,0.0,,,,,
100,76,8,16169.0,28547.0,7558002.117795862,12739726.147217916,0.5663992713770274,0.5932625262471884,60,188,0,1812.1456781024035,44620.0,6870,37750.0,0.052805735557700295,0.046620870795029856,89,693.1456781024035,1119.0,4,3,False,{},{},{},{},0.0,0.0,0.0,0.0,0.0,0.0,0.0,0.0,0.0,0.0,0.0,0.0,0.0,0.0,Leave Event,0.0,"{'node_level': {}, 'link_level': {}, 'path_level': {}}","{'node_level': {}, 'link_level': {}, 'path_level': {}}","{'node_level': {}, 'link_level': {}, 'path_level': {}}",[],0.0,0.0,True,True,False,0,[],0,0.0,,,,,
100,76,8,16169.0,28547.0,7558002.117795862,12739726.147217916,0.5663992713770274,0.5932625262471884,60,189,0,1820.8970432321962,44620.0,6870,37750.0,0.052805735557700295,0.046620870795029856,87,723.8970432321961,1097.0,4,4,False,{},{},{},{},0.0,0.0,0.0,0.0,0.0,0.0,0.0,0.0,0.0,0.0,0.0,0.0,0.0,0.0,Leave Event,0.0,"{'node_level': {}, 'link_level': {}, 'path_level': {}}","{'node_level': {}, 'link_level': {}, 'path_level': {}}","{'node_level': {}, 'link_level': {}, 'path_level': {}}",[],0.0,0.0,True,True,False,0,[],0,0.0,,,,,
100,76,8,16169.0,28547.0,7558002.117795862,12739726.147217916,0.5663992713770274,0.5932625262471884,60,190,0,1957.9932579629997,44620.0,6870,37750.0,0.052805735557700295,0.046620870795029856,76,1000.9932579629997,957.0,9,22,False,{},{},{},{},0.0,0.0,0.0,0.0,0.0,0.0,0.0,0.0,0.0,0.0,0.0,0.0,0.0,0.0,Leave Event,0.0,"{'node_level': {}, 'link_level': {}, 'path_level': {}}","{'node_level': {}, 'link_level': {}, 'path_level': {}}","{'node_level': {}, 'link_level': {}, 'path_level': {}}",[],0.0,0.0,True,True,False,0,[],0,0.0,,,,,
100,76,7,16169.0,28547.0,7558002.117795862,12739726.147217916,0.5663992713770274,0.5932625262471884,60,191,0,2078.088644606799,45080.0,6951,38129.0,0.04163794292017098,0.037049196888574554,71,1175.088644606799,903.0,6,8,False,{},{},{},{},0.0,0.0,0.0,0.0,0.0,0.0,0.0,0.0,0.0,0.0,0.0,0.0,0.0,0.0,Leave Event,0.0,"{'node_level': {}, 'link_level': {}, 'path_level': {}}","{'node_level': {}, 'link_level': {}, 'path_level': {}}","{'node_level': {}, 'link_level': {}, 'path_level': {}}",[],0.0,0.0,True,True,False,0,[],0,0.0,,,,,
100,76,7,16169.0,28547.0,7558002.117795862,12739726.147217916,0.5663992713770274,0.5932625262471884,60,192,0,2168.1852539970178,45080.0,6951,38129.0,0.04163794292017098,0.037049196888574554,39,1682.185253997018,486.0,9,17,False,{},{},{},{},0.0,0.0,0.0,0.0,0.0,0.0,0.0,0.0,0.0,0.0,0.0,0.0,0.0,0.0,Leave Event,0.0,"{'node_level': {}, 'link_level': {}, 'path_level': {}}","{'node_level': {}, 'link_level': {}, 'path_level': {}}","{'node_level': {}, 'link_level': {}, 'path_level': {}}",[],0.0,0.0,True,True,False,0,[],0,0.0,,,,,
100,76,6,16169.0,28547.0,7558002.117795862,12739726.147217916,0.5663992713770274,0.5932625262471884,60,193,0,2238.0155126340933,45139.0,6960,38179.0,0.0403970770715566,0.03578644307505807,96,1038.015512634093,1200.0,2,1,False,{},{},{},{},0.0,0.0,0.0,0.0,0.0,0.0,0.0,0.0,0.0,0.0,0.0,0.0,0.0,0.0,Leave Event,0.0,"{'node_level': {}, 'link_level': {}, 'path_level': {}}","{'node_level': {}, 'link_level': {}, 'path_level': {}}","{'node_level': {}, 'link_level': {}, 'path_level': {}}",[],0.0,0.0,True,True,False,0,[],0,0.0,,,,,
100,76,5,16169.0,28547.0,7558002.117795862,12739726.147217916,0.5663992713770274,0.5932625262471884,60,194,0,2329.503396923519,45504.0,7013,38491.0,0.03308975596304975,0.027906859278715057,32,1921.503396923519,408.0,5,7,False,{},{},{},{},0.0,0.0,0.0,0.0,0.0,0.0,0.0,0.0,0.0,0.0,0.0,0.0,0.0,0.0,Leave Event,0.0,"{'node_level': {}, 'link_level': {}, 'path_level': {}}","{'node_level': {}, 'link_level': {}, 'path_level': {}}","{'node_level': {}, 'link_level': {}, 'path_level': {}}",[],0.0,0.0,True,True,False,0,[],0,0.0,,,,,
100,76,4,16169.0,28547.0,7558002.117795862,12739726.147217916,0.5663992713770274,0.5932625262471884,60,195,0,2472.267727891407,45786.0,7071,38715.0,0.025093064938646048,0.022249722194160992,58,1736.267727891407,736.0,5,6,False,{},{},{},{},0.0,0.0,0.0,0.0,0.0,0.0,0.0,0.0,0.0,0.0,0.0,0.0,0.0,0.0,Leave Event,0.0,"{'node_level': {}, 'link_level': {}, 'path_level': {}}","{'node_level': {}, 'link_level': {}, 'path_level': {}}","{'node_level': {}, 'link_level': {}, 'path_level': {}}",[],0.0,0.0,True,True,False,0,[],0,0.0,,,,,
100,76,3,16169.0,28547.0,7558002.117795862,12739726.147217916,0.5663992713770274,0.5932625262471884,60,196,0,2554.3058642999968,46151.0,7131,39020.0,0.016820625947883583,0.01454692393171031,88,1442.305864299997,1112.0,6,6,False,{},{},{},{},0.0,0.0,0.0,0.0,0.0,0.0,0.0,0.0,0.0,0.0,0.0,0.0,0.0,0.0,Leave Event,0.0,"{'node_level': {}, 'link_level': {}, 'path_level': {}}","{'node_level': {}, 'link_level': {}, 'path_level': {}}","{'node_level': {}, 'link_level': {}, 'path_level': {}}",[],0.0,0.0,True,True,False,0,[],0,0.0,,,,,
100,76,2,16169.0,28547.0,7558002.117795862,12739726.147217916,0.5663992713770274,0.5932625262471884,60,197,0,2658.2721435754875,46445.0,7168,39277.0,0.011719288570246844,0.008056369330235347,97,1442.2721435754875,1216.0,4,5,False,{},{},{},{},0.0,0.0,0.0,0.0,0.0,0.0,0.0,0.0,0.0,0.0,0.0,0.0,0.0,0.0,Leave Event,0.0,"{'node_level': {}, 'link_level': {}, 'path_level': {}}","{'node_level': {}, 'link_level': {}, 'path_level': {}}","{'node_level': {}, 'link_level': {}, 'path_level': {}}",[],0.0,0.0,True,True,False,0,[],0,0.0,,,,,
100,76,1,16169.0,28547.0,7558002.117795862,12739726.147217916,0.5663992713770274,0.5932625262471884,60,198,0,2869.905066586304,46658.0,7204,39454.0,0.006755825175789321,0.0035862208303869547,63,2068.905066586304,801.0,5,5,False,{},{},{},{},0.0,0.0,0.0,0.0,0.0,0.0,0.0,0.0,0.0,0.0,0.0,0.0,0.0,0.0,Leave Event,0.0,"{'node_level': {}, 'link_level': {}, 'path_level': {}}","{'node_level': {}, 'link_level': {}, 'path_level': {}}","{'node_level': {}, 'link_level': {}, 'path_level': {}}",[],0.0,0.0,True,True,False,0,[],0,0.0,,,,,
100,76,0,16169.0,28547.0,7558002.117795862,12739726.147217916,0.5663992713770274,0.5932625262471884,60,199,0,3033.9235083769545,46849.0,7253,39596.0,0.0,0.0,80,2024.9235083769545,1009.0,3,2,False,{},{},{},{},0.0,0.0,0.0,0.0,0.0,0.0,0.0,0.0,0.0,0.0,0.0,0.0,0.0,0.0,Leave Event,0.0,"{'node_level': {}, 'link_level': {}, 'path_level': {}}","{'node_level': {}, 'link_level': {}, 'path_level': {}}","{'node_level': {}, 'link_level': {}, 'path_level': {}}",[],0.0,0.0,True,True,False,0,[],0,0.0,,,,,
