v_net_count,success_count,inservice_count,total_revenue,total_cost,total_time_revenue,total_time_cost,long_term_r2c_ratio,long_term_time_r2c_ratio,num_running_p_net_nodes,event_id,event_type,event_time,p_net_available_resource,p_net_node_available_resource,p_net_link_available_resource,p_net_node_resource_utilization,p_net_link_resource_utilization,v_net_id,v_net_lifetime,v_net_arrival_time,v_net_num_nodes,v_net_num_egdes,result,node_slots,link_paths,node_slots_info,link_paths_info,v_net_cost,v_net_revenue,v_net_demand,v_net_node_demand,v_net_link_demand,v_net_node_revenue,v_net_link_revenue,v_net_node_cost,v_net_link_cost,v_net_path_cost,v_net_r2c_ratio,v_net_time_cost,v_net_time_revenue,v_net_time_rc_ratio,description,v_net_total_hard_constraint_violation,v_net_single_step_constraint_offset,v_net_constraint_offsets,v_net_constraint_violations,v_net_single_step_violation_list,v_net_single_step_hard_constraint_offset,v_net_max_single_step_hard_constraint_violation,place_result,route_result,early_rejection,revoke_times,selected_actions,num_interactions,v_net_reward,num_placed_nodes,num_routed_links
1,0,0,0.0,0.0,0.0,0.0,0.0,0.0,0,0,1,11.0,42634,7761,34873,0.0,0.0,0,69.22537333413192,11.0,10,20,False,"{1: 50, 4: 31, 3: 73, 2: 59, 5: 86, 8: 66, 6: 57, 9: 85, 0: 60, 7: 13}","{(0, 1): [(60, 76), (76, 50)], (0, 3): [(60, 48), (48, 73)], (0, 6): []}","{(1, 50): {'cpu': 16}, (4, 31): {'cpu': 16}, (3, 73): {'cpu': 18}, (2, 59): {'cpu': 20}, (5, 86): {'cpu': 14}, (8, 66): {'cpu': 14}, (6, 57): {'cpu': 5}, (9, 85): {'cpu': 3}, (0, 60): {'cpu': 2}, (7, 13): {'cpu': 1}}","{((0, 1), (60, 76)): {'bw': 42}, ((0, 1), (76, 50)): {'bw': 42}, ((0, 3), (60, 48)): {'bw': 50}, ((0, 3), (48, 73)): {'bw': 50}}",0.0,0.0,816.0,109.0,707.0,0.0,0.0,0.0,0.0,0.0,0.0,0.0,0.0,0.0,Route Failure,8.635952296682397,"{'node_level': {}, 'link_level': {}, 'path_level': {}}","{'node_level': {1: {'cpu': -71}, 4: {'cpu': -63}, 3: {'cpu': -69}, 2: {'cpu': -73}, 5: {'cpu': -46}, 8: {'cpu': -52}, 6: {'cpu': -66}, 9: {'cpu': -95}, 0: {'cpu': -84}, 7: {'cpu': -81}}, 'link_level': {(0, 1): {'bw': -25}, (0, 3): {'bw': -8}, (0, 6): {'bw': -32}}, 'path_level': {(0, 1): {'latency': -2.5280110027332903}, (0, 3): {'latency': -2.919306908799907}, (0, 6): {'latency': 8.635952296682397}}}","{'node_level': {1: {'cpu': 0}, 4: {'cpu': 0}, 3: {'cpu': 0}, 2: {'cpu': 0}, 5: {'cpu': 0}, 8: {'cpu': 0}, 6: {'cpu': 0}, 9: {'cpu': 0}, 0: {'cpu': 0}, 7: {'cpu': 0}}, 'link_level': {(0, 1): {'bw': 0}, (0, 3): {'bw': 0}, (0, 6): {'bw': 0}}, 'path_level': {(0, 1): {'latency': 0}, (0, 3): {'latency': 0}, (0, 6): {'latency': 8.635952296682397}}}",[],0.0,0.0,True,False,False,0,[],0,0.0,10.0,3.0
2,1,1,175.0,222.0,70509.09262466723,89445.8203581493,0.7882882882882883,0.7882882882882882,5,1,1,15.0,42412,7674,34738,0.01120989563200614,0.0038711897456484845,1,402.9091007123842,15.0,5,5,True,"{1: 50, 4: 31, 3: 73, 0: 59, 2: 86}","{(0, 1): [(59, 25), (25, 50)], (0, 4): [(59, 45), (45, 31)], (1, 3): [(50, 55), (55, 73)], (1, 4): [(50, 31)], (2, 3): [(86, 73)]}","{(1, 50): {'cpu': 19}, (4, 31): {'cpu': 16}, (3, 73): {'cpu': 19}, (0, 59): {'cpu': 17}, (2, 86): {'cpu': 16}}","{((0, 1), (59, 25)): {'bw': 10}, ((0, 1), (25, 50)): {'bw': 10}, ((0, 4), (59, 45)): {'bw': 14}, ((0, 4), (45, 31)): {'bw': 14}, ((1, 3), (50, 55)): {'bw': 23}, ((1, 3), (55, 73)): {'bw': 23}, ((1, 4), (50, 31)): {'bw': 28}, ((2, 3), (86, 73)): {'bw': 13}}",222.0,175.0,175.0,87.0,88.0,87.0,88.0,87.0,135.0,47.0,0.7882882882882883,89445.8203581493,70509.09262466723,317.6085253363389,Success,0.0,"{'node_level': {}, 'link_level': {}, 'path_level': {}}","{'node_level': {1: {'cpu': -68}, 4: {'cpu': -63}, 3: {'cpu': -68}, 0: {'cpu': -76}, 2: {'cpu': -44}}, 'link_level': {(0, 1): {'bw': -51}, (0, 4): {'bw': -45}, (1, 3): {'bw': -35}, (1, 4): {'bw': -49}, (2, 3): {'bw': -57}}, 'path_level': {(0, 1): {'latency': -1.8842449861437789}, (0, 4): {'latency': -1.9352017617463777}, (1, 3): {'latency': -0.8768217825309987}, (1, 4): {'latency': -5.217022449090049}, (2, 3): {'latency': -10.521825105890457}}}","{'node_level': {1: {'cpu': 0}, 4: {'cpu': 0}, 3: {'cpu': 0}, 0: {'cpu': 0}, 2: {'cpu': 0}}, 'link_level': {(0, 1): {'bw': 0}, (0, 4): {'bw': 0}, (1, 3): {'bw': 0}, (1, 4): {'bw': 0}, (2, 3): {'bw': 0}}, 'path_level': {(0, 1): {'latency': 0}, (0, 4): {'latency': 0}, (1, 3): {'latency': 0}, (1, 4): {'latency': 0}, (2, 3): {'latency': 0}}}",[],0.0,0.0,True,True,False,0,[],0,0.0,5.0,5.0
3,1,1,175.0,222.0,70509.09262466723,89445.8203581493,0.7882882882882883,0.7882882882882882,5,2,1,30.0,42412,7674,34738,0.01120989563200614,0.0038711897456484845,2,104.01345834808855,30.0,10,20,False,"{1: 50, 6: 66, 2: 73, 9: 57, 0: 31, 7: 85, 3: 60, 8: 59, 5: 13, 4: 4}","{(0, 1): [(31, 50)], (0, 3): [(31, 7), (7, 60)], (0, 5): [(31, 13)], (1, 2): []}","{(1, 50): {'cpu': 16}, (6, 66): {'cpu': 19}, (2, 73): {'cpu': 11}, (9, 57): {'cpu': 5}, (0, 31): {'cpu': 16}, (7, 85): {'cpu': 14}, (3, 60): {'cpu': 10}, (8, 59): {'cpu': 15}, (5, 13): {'cpu': 15}, (4, 4): {'cpu': 14}}","{((0, 1), (31, 50)): {'bw': 26}, ((0, 3), (31, 7)): {'bw': 38}, ((0, 3), (7, 60)): {'bw': 38}, ((0, 5), (31, 13)): {'bw': 27}}",0.0,0.0,631.0,135.0,496.0,0.0,0.0,0.0,0.0,0.0,0.0,0.0,0.0,0.0,Route Failure,7.1507003114543,"{'node_level': {}, 'link_level': {}, 'path_level': {}}","{'node_level': {1: {'cpu': -52}, 6: {'cpu': -47}, 2: {'cpu': -57}, 9: {'cpu': -66}, 0: {'cpu': -47}, 7: {'cpu': -84}, 3: {'cpu': -76}, 8: {'cpu': -61}, 5: {'cpu': -67}, 4: {'cpu': -36}}, 'link_level': {(0, 1): {'bw': -23}, (0, 3): {'bw': -14}, (0, 5): {'bw': -51}, (1, 2): {'bw': -20}}, 'path_level': {(0, 1): {'latency': -4.497289880062157}, (0, 3): {'latency': -0.5749980725038935}, (0, 5): {'latency': -6.807741313259502}, (1, 2): {'latency': 7.1507003114543}}}","{'node_level': {1: {'cpu': 0}, 6: {'cpu': 0}, 2: {'cpu': 0}, 9: {'cpu': 0}, 0: {'cpu': 0}, 7: {'cpu': 0}, 3: {'cpu': 0}, 8: {'cpu': 0}, 5: {'cpu': 0}, 4: {'cpu': 0}}, 'link_level': {(0, 1): {'bw': 0}, (0, 3): {'bw': 0}, (0, 5): {'bw': 0}, (1, 2): {'bw': 0}}, 'path_level': {(0, 1): {'latency': 0}, (0, 3): {'latency': 0}, (0, 5): {'latency': 0}, (1, 2): {'latency': 7.1507003114543}}}",[],0.0,0.0,True,False,False,0,[],0,0.0,10.0,4.0
4,1,1,175.0,222.0,70509.09262466723,89445.8203581493,0.7882882882882883,0.7882882882882882,5,3,1,43.0,42412,7674,34738,0.01120989563200614,0.0038711897456484845,3,1519.332862724567,43.0,10,27,False,"{1: 50, 7: 66, 8: 73, 9: 57, 2: 31, 0: 85, 4: 60, 3: 59, 5: 13, 6: 4}","{(0, 2): [(85, 6), (6, 31)], (0, 4): [(85, 43), (43, 60)], (0, 7): [(85, 11), (11, 66)], (0, 8): [(85, 15), (15, 73)], (1, 3): [(50, 25), (25, 59)], (1, 4): []}","{(1, 50): {'cpu': 18}, (7, 66): {'cpu': 8}, (8, 73): {'cpu': 20}, (9, 57): {'cpu': 20}, (2, 31): {'cpu': 18}, (0, 85): {'cpu': 9}, (4, 60): {'cpu': 4}, (3, 59): {'cpu': 2}, (5, 13): {'cpu': 3}, (6, 4): {'cpu': 11}}","{((0, 2), (85, 6)): {'bw': 14}, ((0, 2), (6, 31)): {'bw': 14}, ((0, 4), (85, 43)): {'bw': 9}, ((0, 4), (43, 60)): {'bw': 9}, ((0, 7), (85, 11)): {'bw': 49}, ((0, 7), (11, 66)): {'bw': 49}, ((0, 8), (85, 15)): {'bw': 33}, ((0, 8), (15, 73)): {'bw': 33}, ((1, 3), (50, 25)): {'bw': 39}, ((1, 3), (25, 59)): {'bw': 39}}",0.0,0.0,864.0,113.0,751.0,0.0,0.0,0.0,0.0,0.0,0.0,0.0,0.0,0.0,Route Failure,6.496033739477706,"{'node_level': {}, 'link_level': {}, 'path_level': {}}","{'node_level': {1: {'cpu': -50}, 7: {'cpu': -58}, 8: {'cpu': -48}, 9: {'cpu': -51}, 2: {'cpu': -45}, 0: {'cpu': -89}, 4: {'cpu': -82}, 3: {'cpu': -74}, 5: {'cpu': -79}, 6: {'cpu': -39}}, 'link_level': {(0, 2): {'bw': -39}, (0, 4): {'bw': -45}, (0, 7): {'bw': -2}, (0, 8): {'bw': -63}, (1, 3): {'bw': -12}, (1, 4): {'bw': -52}}, 'path_level': {(0, 2): {'latency': -9.154124502560038}, (0, 4): {'latency': -0.8948998716973096}, (0, 7): {'latency': -6.596947711558645}, (0, 8): {'latency': -7.398174561936042}, (1, 3): {'latency': -1.2221149644556402}, (1, 4): {'latency': 6.496033739477706}}}","{'node_level': {1: {'cpu': 0}, 7: {'cpu': 0}, 8: {'cpu': 0}, 9: {'cpu': 0}, 2: {'cpu': 0}, 0: {'cpu': 0}, 4: {'cpu': 0}, 3: {'cpu': 0}, 5: {'cpu': 0}, 6: {'cpu': 0}}, 'link_level': {(0, 2): {'bw': 0}, (0, 4): {'bw': 0}, (0, 7): {'bw': 0}, (0, 8): {'bw': 0}, (1, 3): {'bw': 0}, (1, 4): {'bw': 0}}, 'path_level': {(0, 2): {'latency': 0}, (0, 4): {'latency': 0}, (0, 7): {'latency': 0}, (0, 8): {'latency': 0}, (1, 3): {'latency': 0}, (1, 4): {'latency': 6.496033739477706}}}",[],0.0,0.0,True,False,False,0,[],0,0.0,10.0,6.0
5,2,2,207.0,288.0,88820.83373567704,127213.78639960701,0.71875,0.6982013211734056,6,4,1,59.0,42346,7659,34687,0.013142636258214102,0.005333639205115759,4,572.2419097190561,59.0,2,1,True,"{0: 50, 1: 66}","{(0, 1): [(50, 31), (31, 77), (77, 66)]}","{(0, 50): {'cpu': 12}, (1, 66): {'cpu': 3}}","{((0, 1), (50, 31)): {'bw': 17}, ((0, 1), (31, 77)): {'bw': 17}, ((0, 1), (77, 66)): {'bw': 17}}",66.0,32.0,32.0,15.0,17.0,15.0,17.0,15.0,51.0,34.0,0.48484848484848486,37767.96604145771,18311.741111009796,277.4506228940878,Success,0.0,"{'node_level': {}, 'link_level': {}, 'path_level': {}}","{'node_level': {0: {'cpu': -56}, 1: {'cpu': -63}}, 'link_level': {(0, 1): {'bw': -32}}, 'path_level': {(0, 1): {'latency': -0.719796752047027}}}","{'node_level': {0: {'cpu': 0}, 1: {'cpu': 0}}, 'link_level': {(0, 1): {'bw': 0}}, 'path_level': {(0, 1): {'latency': 0}}}",[],0.0,0.0,True,True,False,0,[],0,0.0,2.0,1.0
6,2,2,207.0,288.0,88820.83373567704,127213.78639960701,0.71875,0.6982013211734056,6,5,1,71.0,42346,7659,34687,0.013142636258214102,0.005333639205115759,5,389.37396559521494,71.0,7,12,False,"{3: 73, 2: 57, 4: 66, 1: 85, 5: 31, 6: 59, 0: 60}","{(0, 3): [(60, 48), (48, 73)], (0, 4): [(60, 66)], (1, 3): []}","{(3, 73): {'cpu': 20}, (2, 57): {'cpu': 14}, (4, 66): {'cpu': 5}, (1, 85): {'cpu': 13}, (5, 31): {'cpu': 16}, (6, 59): {'cpu': 9}, (0, 60): {'cpu': 14}}","{((0, 3), (60, 48)): {'bw': 17}, ((0, 3), (48, 73)): {'bw': 17}, ((0, 4), (60, 66)): {'bw': 17}}",0.0,0.0,327.0,91.0,236.0,0.0,0.0,0.0,0.0,0.0,0.0,0.0,0.0,0.0,Route Failure,5.818756987686509,"{'node_level': {}, 'link_level': {}, 'path_level': {}}","{'node_level': {3: {'cpu': -48}, 2: {'cpu': -57}, 4: {'cpu': -58}, 1: {'cpu': -85}, 5: {'cpu': -47}, 6: {'cpu': -67}, 0: {'cpu': -72}}, 'link_level': {(0, 3): {'bw': -41}, (0, 4): {'bw': -34}, (1, 3): {'bw': -9}}, 'path_level': {(0, 3): {'latency': -2.5660777445149296}, (0, 4): {'latency': -9.180538589999584}, (1, 3): {'latency': 5.818756987686509}}}","{'node_level': {3: {'cpu': 0}, 2: {'cpu': 0}, 4: {'cpu': 0}, 1: {'cpu': 0}, 5: {'cpu': 0}, 6: {'cpu': 0}, 0: {'cpu': 0}}, 'link_level': {(0, 3): {'bw': 0}, (0, 4): {'bw': 0}, (1, 3): {'bw': 0}}, 'path_level': {(0, 3): {'latency': 0}, (0, 4): {'latency': 0}, (1, 3): {'latency': 5.818756987686509}}}",[],0.0,0.0,True,False,False,0,[],0,0.0,7.0,3.0
6,2,2,207.0,288.0,88820.83373567704,127213.78639960701,0.71875,0.6982013211734056,6,6,0,80.22537333413192,42346,7659,34687,0.013142636258214102,0.005333639205115759,0,69.22537333413192,11.0,10,20,False,{},{},{},{},0.0,0.0,0.0,0.0,0.0,0.0,0.0,0.0,0.0,0.0,0.0,0.0,0.0,0.0,Leave Event,0.0,"{'node_level': {}, 'link_level': {}, 'path_level': {}}","{'node_level': {}, 'link_level': {}, 'path_level': {}}","{'node_level': {}, 'link_level': {}, 'path_level': {}}",[],0.0,0.0,True,True,False,0,[],0,0.0,,
7,2,2,207.0,288.0,88820.83373567704,127213.78639960701,0.71875,0.6982013211734056,6,7,1,88.0,42346,7659,34687,0.013142636258214102,0.005333639205115759,6,614.0996225091485,88.0,5,5,False,"{0: 73, 2: 57, 1: 66, 3: 85, 4: 31}","{(0, 1): []}","{(0, 73): {'cpu': 20}, (2, 57): {'cpu': 15}, (1, 66): {'cpu': 9}, (3, 85): {'cpu': 7}, (4, 31): {'cpu': 14}}",{},0.0,0.0,182.0,65.0,117.0,0.0,0.0,0.0,0.0,0.0,0.0,0.0,0.0,0.0,Route Failure,5.712962995767084,"{'node_level': {}, 'link_level': {}, 'path_level': {}}","{'node_level': {0: {'cpu': -48}, 2: {'cpu': -56}, 1: {'cpu': -54}, 3: {'cpu': -91}, 4: {'cpu': -49}}, 'link_level': {(0, 1): {'bw': -11}}, 'path_level': {(0, 1): {'latency': 5.712962995767084}}}","{'node_level': {0: {'cpu': 0}, 2: {'cpu': 0}, 1: {'cpu': 0}, 3: {'cpu': 0}, 4: {'cpu': 0}}, 'link_level': {(0, 1): {'bw': 0}}, 'path_level': {(0, 1): {'latency': 5.712962995767084}}}",[],0.0,0.0,True,False,False,0,[],0,0.0,5.0,1.0
8,2,2,207.0,288.0,88820.83373567704,127213.78639960701,0.71875,0.6982013211734056,6,8,1,94.0,42346,7659,34687,0.013142636258214102,0.005333639205115759,7,153.18559621141526,94.0,7,9,False,"{5: 73, 4: 57, 1: 66, 3: 85, 2: 31, 0: 59, 6: 60}","{(0, 4): [(59, 57)], (0, 6): [(59, 38), (38, 60)], (1, 2): [(66, 77), (77, 31)], (1, 5): []}","{(5, 73): {'cpu': 19}, (4, 57): {'cpu': 5}, (1, 66): {'cpu': 15}, (3, 85): {'cpu': 14}, (2, 31): {'cpu': 4}, (0, 59): {'cpu': 4}, (6, 60): {'cpu': 4}}","{((0, 4), (59, 57)): {'bw': 45}, ((0, 6), (59, 38)): {'bw': 36}, ((0, 6), (38, 60)): {'bw': 36}, ((1, 2), (66, 77)): {'bw': 15}, ((1, 2), (77, 31)): {'bw': 15}}",0.0,0.0,328.0,65.0,263.0,0.0,0.0,0.0,0.0,0.0,0.0,0.0,0.0,0.0,Route Failure,7.861482070189156,"{'node_level': {}, 'link_level': {}, 'path_level': {}}","{'node_level': {5: {'cpu': -49}, 4: {'cpu': -66}, 1: {'cpu': -48}, 3: {'cpu': -84}, 2: {'cpu': -59}, 0: {'cpu': -72}, 6: {'cpu': -82}}, 'link_level': {(0, 4): {'bw': -48}, (0, 6): {'bw': -61}, (1, 2): {'bw': -20}, (1, 5): {'bw': 5}}, 'path_level': {(0, 4): {'latency': -5.307956493617555}, (0, 6): {'latency': -5.261928201863485}, (1, 2): {'latency': -10.916098669818899}, (1, 5): {'latency': 7.861482070189156}}}","{'node_level': {5: {'cpu': 0}, 4: {'cpu': 0}, 1: {'cpu': 0}, 3: {'cpu': 0}, 2: {'cpu': 0}, 0: {'cpu': 0}, 6: {'cpu': 0}}, 'link_level': {(0, 4): {'bw': 0}, (0, 6): {'bw': 0}, (1, 2): {'bw': 0}, (1, 5): {'bw': 5}}, 'path_level': {(0, 4): {'latency': 0}, (0, 6): {'latency': 0}, (1, 2): {'latency': 0}, (1, 5): {'latency': 7.861482070189156}}}",[],0.0,0.0,True,False,False,0,[],0,0.0,7.0,4.0
9,2,2,207.0,288.0,88820.83373567704,127213.78639960701,0.71875,0.6982013211734056,6,9,1,107.0,42346,7659,34687,0.013142636258214102,0.005333639205115759,8,1306.7725652947581,107.0,9,21,False,"{2: 73, 3: 57, 7: 66, 1: 85, 6: 31, 8: 59, 5: 60, 4: 50, 0: 13}","{(0, 1): [(13, 85)], (0, 6): [(13, 31)], (1, 2): [(85, 15), (15, 73)], (1, 3): [(85, 41), (41, 57)], (1, 4): [(85, 50)], (1, 6): [(85, 6), (6, 31)], (1, 7): [(85, 11), (11, 66)], (2, 3): [(73, 59), (59, 57)], (2, 4): [(73, 55), (55, 50)], (2, 5): [(73, 95), (95, 60)], (2, 6): []}","{(2, 73): {'cpu': 19}, (3, 57): {'cpu': 15}, (7, 66): {'cpu': 16}, (1, 85): {'cpu': 5}, (6, 31): {'cpu': 15}, (8, 59): {'cpu': 9}, (5, 60): {'cpu': 3}, (4, 50): {'cpu': 11}, (0, 13): {'cpu': 4}}","{((0, 1), (13, 85)): {'bw': 38}, ((0, 6), (13, 31)): {'bw': 28}, ((1, 2), (85, 15)): {'bw': 34}, ((1, 2), (15, 73)): {'bw': 34}, ((1, 3), (85, 41)): {'bw': 35}, ((1, 3), (41, 57)): {'bw': 35}, ((1, 4), (85, 50)): {'bw': 11}, ((1, 6), (85, 6)): {'bw': 48}, ((1, 6), (6, 31)): {'bw': 48}, ((1, 7), (85, 11)): {'bw': 18}, ((1, 7), (11, 66)): {'bw': 18}, ((2, 3), (73, 59)): {'bw': 41}, ((2, 3), (59, 57)): {'bw': 41}, ((2, 4), (73, 55)): {'bw': 12}, ((2, 4), (55, 50)): {'bw': 12}, ((2, 5), (73, 95)): {'bw': 29}, ((2, 5), (95, 60)): {'bw': 29}}",0.0,0.0,657.0,97.0,560.0,0.0,0.0,0.0,0.0,0.0,0.0,0.0,0.0,0.0,Route Failure,6.258764482106583,"{'node_level': {}, 'link_level': {}, 'path_level': {}}","{'node_level': {2: {'cpu': -49}, 3: {'cpu': -56}, 7: {'cpu': -47}, 1: {'cpu': -93}, 6: {'cpu': -48}, 8: {'cpu': -67}, 5: {'cpu': -83}, 4: {'cpu': -45}, 0: {'cpu': -78}}, 'link_level': {(0, 1): {'bw': -27}, (0, 6): {'bw': -50}, (1, 2): {'bw': -62}, (1, 3): {'bw': -34}, (1, 4): {'bw': -39}, (1, 6): {'bw': -5}, (1, 7): {'bw': -33}, (2, 3): {'bw': -31}, (2, 4): {'bw': -23}, (2, 5): {'bw': -30}, (2, 6): {'bw': -42}}, 'path_level': {(0, 1): {'latency': -10.497808376206788}, (0, 6): {'latency': -7.611882838025119}, (1, 2): {'latency': -3.5532369457269226}, (1, 3): {'latency': -5.131758561361101}, (1, 4): {'latency': -4.974974964467323}, (1, 6): {'latency': -0.058551580299938344}, (1, 7): {'latency': -7.595755766190514}, (2, 3): {'latency': -4.5822834689302665}, (2, 4): {'latency': -1.9712078966937518}, (2, 5): {'latency': -0.9884332225198271}, (2, 6): {'latency': 6.258764482106583}}}","{'node_level': {2: {'cpu': 0}, 3: {'cpu': 0}, 7: {'cpu': 0}, 1: {'cpu': 0}, 6: {'cpu': 0}, 8: {'cpu': 0}, 5: {'cpu': 0}, 4: {'cpu': 0}, 0: {'cpu': 0}}, 'link_level': {(0, 1): {'bw': 0}, (0, 6): {'bw': 0}, (1, 2): {'bw': 0}, (1, 3): {'bw': 0}, (1, 4): {'bw': 0}, (1, 6): {'bw': 0}, (1, 7): {'bw': 0}, (2, 3): {'bw': 0}, (2, 4): {'bw': 0}, (2, 5): {'bw': 0}, (2, 6): {'bw': 0}}, 'path_level': {(0, 1): {'latency': 0}, (0, 6): {'latency': 0}, (1, 2): {'latency': 0}, (1, 3): {'latency': 0}, (1, 4): {'latency': 0}, (1, 6): {'latency': 0}, (1, 7): {'latency': 0}, (2, 3): {'latency': 0}, (2, 4): {'latency': 0}, (2, 5): {'latency': 0}, (2, 6): {'latency': 6.258764482106583}}}",[],0.0,0.0,True,False,False,0,[],0,0.0,9.0,11.0
10,2,2,207.0,288.0,88820.83373567704,127213.78639960701,0.71875,0.6982013211734056,6,10,1,116.0,42346,7659,34687,0.013142636258214102,0.005333639205115759,9,913.7753751417193,116.0,8,16,False,"{1: 73, 0: 57, 4: 66, 3: 85, 7: 31, 2: 59, 6: 60, 5: 50}","{(0, 1): [(57, 59), (59, 73)], (0, 2): [(57, 59)], (0, 3): []}","{(1, 73): {'cpu': 13}, (0, 57): {'cpu': 11}, (4, 66): {'cpu': 8}, (3, 85): {'cpu': 4}, (7, 31): {'cpu': 16}, (2, 59): {'cpu': 6}, (6, 60): {'cpu': 3}, (5, 50): {'cpu': 1}}","{((0, 1), (57, 59)): {'bw': 47}, ((0, 1), (59, 73)): {'bw': 47}, ((0, 2), (57, 59)): {'bw': 42}}",0.0,0.0,436.0,62.0,374.0,0.0,0.0,0.0,0.0,0.0,0.0,0.0,0.0,0.0,Route Failure,3.7664797359084767,"{'node_level': {}, 'link_level': {}, 'path_level': {}}","{'node_level': {1: {'cpu': -55}, 0: {'cpu': -60}, 4: {'cpu': -55}, 3: {'cpu': -94}, 7: {'cpu': -47}, 2: {'cpu': -70}, 6: {'cpu': -83}, 5: {'cpu': -55}}, 'link_level': {(0, 1): {'bw': -25}, (0, 2): {'bw': -4}, (0, 3): {'bw': -30}}, 'path_level': {(0, 1): {'latency': -5.081537894249521}, (0, 2): {'latency': -5.527558295135854}, (0, 3): {'latency': 3.7664797359084767}}}","{'node_level': {1: {'cpu': 0}, 0: {'cpu': 0}, 4: {'cpu': 0}, 3: {'cpu': 0}, 7: {'cpu': 0}, 2: {'cpu': 0}, 6: {'cpu': 0}, 5: {'cpu': 0}}, 'link_level': {(0, 1): {'bw': 0}, (0, 2): {'bw': 0}, (0, 3): {'bw': 0}}, 'path_level': {(0, 1): {'latency': 0}, (0, 2): {'latency': 0}, (0, 3): {'latency': 3.7664797359084767}}}",[],0.0,0.0,True,False,False,0,[],0,0.0,8.0,3.0
11,2,2,207.0,288.0,88820.83373567704,127213.78639960701,0.71875,0.6982013211734056,6,11,1,128.0,42346,7659,34687,0.013142636258214102,0.005333639205115759,10,647.8969528097425,128.0,2,1,False,"{1: 73, 0: 57}","{(0, 1): []}","{(1, 73): {'cpu': 15}, (0, 57): {'cpu': 7}}",{},0.0,0.0,54.0,22.0,32.0,0.0,0.0,0.0,0.0,0.0,0.0,0.0,0.0,0.0,Route Failure,5.780791377118275,"{'node_level': {}, 'link_level': {}, 'path_level': {}}","{'node_level': {1: {'cpu': -53}, 0: {'cpu': -64}}, 'link_level': {(0, 1): {'bw': -34}}, 'path_level': {(0, 1): {'latency': 5.780791377118275}}}","{'node_level': {1: {'cpu': 0}, 0: {'cpu': 0}}, 'link_level': {(0, 1): {'bw': 0}}, 'path_level': {(0, 1): {'latency': 5.780791377118275}}}",[],0.0,0.0,True,False,False,0,[],0,0.0,2.0,1.0
11,2,2,207.0,288.0,88820.83373567704,127213.78639960701,0.71875,0.6982013211734056,6,12,0,134.01345834808853,42346,7659,34687,0.013142636258214102,0.005333639205115759,2,104.01345834808855,30.0,10,20,False,{},{},{},{},0.0,0.0,0.0,0.0,0.0,0.0,0.0,0.0,0.0,0.0,0.0,0.0,0.0,0.0,Leave Event,0.0,"{'node_level': {}, 'link_level': {}, 'path_level': {}}","{'node_level': {}, 'link_level': {}, 'path_level': {}}","{'node_level': {}, 'link_level': {}, 'path_level': {}}",[],0.0,0.0,True,True,False,0,[],0,0.0,,
12,3,3,536.0,796.0,196467.66432847345,293428.3454912197,0.6733668341708543,0.66955925474607,8,13,1,142.0,41838,7571,34267,0.02448138126530086,0.017377340636022143,11,327.1940139598675,142.0,6,9,True,"{5: 73, 4: 57, 1: 66, 3: 85, 0: 31, 2: 59}","{(0, 1): [(31, 77), (77, 66)], (0, 4): [(31, 55), (55, 57)], (0, 5): [(31, 55), (55, 73)], (1, 4): [(66, 57)], (1, 5): [(66, 73)], (2, 3): [(59, 70), (70, 6), (6, 85)], (3, 4): [(85, 41), (41, 57)], (3, 5): [(85, 15), (15, 73)], (4, 5): [(57, 59), (59, 73)]}","{(5, 73): {'cpu': 20}, (4, 57): {'cpu': 15}, (1, 66): {'cpu': 12}, (3, 85): {'cpu': 10}, (0, 31): {'cpu': 19}, (2, 59): {'cpu': 12}}","{((0, 1), (31, 77)): {'bw': 2}, ((0, 1), (77, 66)): {'bw': 2}, ((0, 4), (31, 55)): {'bw': 7}, ((0, 4), (55, 57)): {'bw': 7}, ((0, 5), (31, 55)): {'bw': 19}, ((0, 5), (55, 73)): {'bw': 19}, ((1, 4), (66, 57)): {'bw': 42}, ((1, 5), (66, 73)): {'bw': 50}, ((2, 3), (59, 70)): {'bw': 30}, ((2, 3), (70, 6)): {'bw': 30}, ((2, 3), (6, 85)): {'bw': 30}, ((3, 4), (85, 41)): {'bw': 26}, ((3, 4), (41, 57)): {'bw': 26}, ((3, 5), (85, 15)): {'bw': 43}, ((3, 5), (15, 73)): {'bw': 43}, ((4, 5), (57, 59)): {'bw': 22}, ((4, 5), (59, 73)): {'bw': 22}}",508.0,329.0,329.0,88.0,241.0,88.0,241.0,88.0,420.0,179.0,0.6476377952755905,166214.5590916127,107646.83059279641,211.90320982833939,Success,0.0,"{'node_level': {}, 'link_level': {}, 'path_level': {}}","{'node_level': {5: {'cpu': -48}, 4: {'cpu': -56}, 1: {'cpu': -51}, 3: {'cpu': -88}, 0: {'cpu': -44}, 2: {'cpu': -64}}, 'link_level': {(0, 1): {'bw': -33}, (0, 4): {'bw': -45}, (0, 5): {'bw': -16}, (1, 4): {'bw': -55}, (1, 5): {'bw': -40}, (2, 3): {'bw': -23}, (3, 4): {'bw': -43}, (3, 5): {'bw': -53}, (4, 5): {'bw': -50}}, 'path_level': {(0, 1): {'latency': -3.7050345174872845}, (0, 4): {'latency': -10.285226866152298}, (0, 5): {'latency': -9.809950719486032}, (1, 4): {'latency': -6.398842582128177}, (1, 5): {'latency': -8.112496216688461}, (2, 3): {'latency': -0.8885162898163248}, (3, 4): {'latency': -4.613847860984455}, (3, 5): {'latency': -0.7241455254151878}, (4, 5): {'latency': -9.313696489854056}}}","{'node_level': {5: {'cpu': 0}, 4: {'cpu': 0}, 1: {'cpu': 0}, 3: {'cpu': 0}, 0: {'cpu': 0}, 2: {'cpu': 0}}, 'link_level': {(0, 1): {'bw': 0}, (0, 4): {'bw': 0}, (0, 5): {'bw': 0}, (1, 4): {'bw': 0}, (1, 5): {'bw': 0}, (2, 3): {'bw': 0}, (3, 4): {'bw': 0}, (3, 5): {'bw': 0}, (4, 5): {'bw': 0}}, 'path_level': {(0, 1): {'latency': 0}, (0, 4): {'latency': 0}, (0, 5): {'latency': 0}, (1, 4): {'latency': 0}, (1, 5): {'latency': 0}, (2, 3): {'latency': 0}, (3, 4): {'latency': 0}, (3, 5): {'latency': 0}, (4, 5): {'latency': 0}}}",[],0.0,0.0,True,True,False,0,[],0,0.0,6.0,9.0
13,3,3,536.0,796.0,196467.66432847345,293428.3454912197,0.6733668341708543,0.66955925474607,8,14,1,156.0,41838,7571,34267,0.02448138126530086,0.017377340636022143,12,922.9067672351506,156.0,9,17,False,"{3: 60, 6: 50, 2: 13, 5: 4, 4: 86, 0: 21, 1: 54, 7: 39, 8: 38}","{(0, 1): []}","{(3, 60): {'cpu': 11}, (6, 50): {'cpu': 9}, (2, 13): {'cpu': 16}, (5, 4): {'cpu': 13}, (4, 86): {'cpu': 17}, (0, 21): {'cpu': 6}, (1, 54): {'cpu': 19}, (7, 39): {'cpu': 16}, (8, 38): {'cpu': 4}}",{},0.0,0.0,612.0,111.0,501.0,0.0,0.0,0.0,0.0,0.0,0.0,0.0,0.0,0.0,Route Failure,5.764861703013194,"{'node_level': {}, 'link_level': {}, 'path_level': {}}","{'node_level': {3: {'cpu': -75}, 6: {'cpu': -47}, 2: {'cpu': -66}, 5: {'cpu': -37}, 4: {'cpu': -27}, 0: {'cpu': -70}, 1: {'cpu': -64}, 7: {'cpu': -71}, 8: {'cpu': -94}}, 'link_level': {(0, 1): {'bw': -67}}, 'path_level': {(0, 1): {'latency': 5.764861703013194}}}","{'node_level': {3: {'cpu': 0}, 6: {'cpu': 0}, 2: {'cpu': 0}, 5: {'cpu': 0}, 4: {'cpu': 0}, 0: {'cpu': 0}, 1: {'cpu': 0}, 7: {'cpu': 0}, 8: {'cpu': 0}}, 'link_level': {(0, 1): {'bw': 0}}, 'path_level': {(0, 1): {'latency': 5.764861703013194}}}",[],0.0,0.0,True,False,False,0,[],0,0.0,9.0,1.0
14,3,3,536.0,796.0,196467.66432847345,293428.3454912197,0.6733668341708543,0.66955925474607,8,15,1,166.0,41838,7571,34267,0.02448138126530086,0.017377340636022143,13,682.7604622614016,166.0,10,25,False,"{7: 60, 8: 50, 3: 13, 1: 4, 2: 86, 0: 21, 6: 54, 4: 39, 5: 38, 9: 85}","{(0, 1): [(21, 4)], (0, 2): []}","{(7, 60): {'cpu': 18}, (8, 50): {'cpu': 18}, (3, 13): {'cpu': 15}, (1, 4): {'cpu': 14}, (2, 86): {'cpu': 12}, (0, 21): {'cpu': 2}, (6, 54): {'cpu': 13}, (4, 39): {'cpu': 8}, (5, 38): {'cpu': 2}, (9, 85): {'cpu': 1}}","{((0, 1), (21, 4)): {'bw': 48}}",0.0,0.0,885.0,103.0,782.0,0.0,0.0,0.0,0.0,0.0,0.0,0.0,0.0,0.0,Route Failure,8.622421405099034,"{'node_level': {}, 'link_level': {}, 'path_level': {}}","{'node_level': {7: {'cpu': -68}, 8: {'cpu': -38}, 3: {'cpu': -67}, 1: {'cpu': -36}, 2: {'cpu': -32}, 0: {'cpu': -74}, 6: {'cpu': -70}, 4: {'cpu': -79}, 5: {'cpu': -96}, 9: {'cpu': -87}}, 'link_level': {(0, 1): {'bw': -21}, (0, 2): {'bw': -33}}, 'path_level': {(0, 1): {'latency': -10.282151317910532}, (0, 2): {'latency': 8.622421405099034}}}","{'node_level': {7: {'cpu': 0}, 8: {'cpu': 0}, 3: {'cpu': 0}, 1: {'cpu': 0}, 2: {'cpu': 0}, 0: {'cpu': 0}, 6: {'cpu': 0}, 4: {'cpu': 0}, 5: {'cpu': 0}, 9: {'cpu': 0}}, 'link_level': {(0, 1): {'bw': 0}, (0, 2): {'bw': 0}}, 'path_level': {(0, 1): {'latency': 0}, (0, 2): {'latency': 8.622421405099034}}}",[],0.0,0.0,True,False,False,0,[],0,0.0,10.0,2.0
15,4,4,638.0,984.0,251535.86646314219,394926.60040609934,0.6483739837398373,0.6369180151564625,10,16,1,174.0,41650,7555,34095,0.026542971266589332,0.022309523126774256,14,539.8843346536152,174.0,3,3,True,"{0: 60, 2: 50, 1: 13}","{(0, 1): [(60, 71), (71, 13)], (0, 2): [(60, 76), (76, 50)], (1, 2): [(13, 77), (77, 50)]}","{(0, 60): {'cpu': 11}, (2, 50): {'cpu': 2}, (1, 13): {'cpu': 3}}","{((0, 1), (60, 71)): {'bw': 3}, ((0, 1), (71, 13)): {'bw': 3}, ((0, 2), (60, 76)): {'bw': 40}, ((0, 2), (76, 50)): {'bw': 40}, ((1, 2), (13, 77)): {'bw': 43}, ((1, 2), (77, 50)): {'bw': 43}}",188.0,102.0,102.0,16.0,86.0,16.0,86.0,16.0,172.0,86.0,0.5425531914893617,101498.25491487965,55068.20213466875,292.91596880142947,Success,0.0,"{'node_level': {}, 'link_level': {}, 'path_level': {}}","{'node_level': {0: {'cpu': -75}, 2: {'cpu': -54}, 1: {'cpu': -79}}, 'link_level': {(0, 1): {'bw': -65}, (0, 2): {'bw': -27}, (1, 2): {'bw': -30}}, 'path_level': {(0, 1): {'latency': -8.136972119686815}, (0, 2): {'latency': -1.205629379344221}, (1, 2): {'latency': -6.996864114475196}}}","{'node_level': {0: {'cpu': 0}, 2: {'cpu': 0}, 1: {'cpu': 0}}, 'link_level': {(0, 1): {'bw': 0}, (0, 2): {'bw': 0}, (1, 2): {'bw': 0}}, 'path_level': {(0, 1): {'latency': 0}, (0, 2): {'latency': 0}, (1, 2): {'latency': 0}}}",[],0.0,0.0,True,True,False,0,[],0,0.0,3.0,3.0
16,4,4,638.0,984.0,251535.86646314219,394926.60040609934,0.6483739837398373,0.6369180151564625,10,17,1,183.0,41650,7555,34095,0.026542971266589332,0.022309523126774256,15,1226.560215560672,183.0,8,12,False,"{7: 4, 1: 86, 5: 21, 0: 54, 4: 39, 2: 13, 6: 38, 3: 60}","{(0, 1): [(54, 52), (52, 86)], (0, 2): [(54, 52), (52, 13)], (0, 5): [(54, 4), (4, 21)], (0, 7): [(54, 4)], (1, 2): [(86, 13)], (1, 4): [(86, 39)], (1, 7): []}","{(7, 4): {'cpu': 19}, (1, 86): {'cpu': 15}, (5, 21): {'cpu': 20}, (0, 54): {'cpu': 11}, (4, 39): {'cpu': 15}, (2, 13): {'cpu': 3}, (6, 38): {'cpu': 12}, (3, 60): {'cpu': 2}}","{((0, 1), (54, 52)): {'bw': 8}, ((0, 1), (52, 86)): {'bw': 8}, ((0, 2), (54, 52)): {'bw': 2}, ((0, 2), (52, 13)): {'bw': 2}, ((0, 5), (54, 4)): {'bw': 30}, ((0, 5), (4, 21)): {'bw': 30}, ((0, 7), (54, 4)): {'bw': 25}, ((1, 2), (86, 13)): {'bw': 10}, ((1, 4), (86, 39)): {'bw': 39}}",0.0,0.0,350.0,97.0,253.0,0.0,0.0,0.0,0.0,0.0,0.0,0.0,0.0,0.0,Route Failure,8.807462387964039,"{'node_level': {}, 'link_level': {}, 'path_level': {}}","{'node_level': {7: {'cpu': -31}, 1: {'cpu': -29}, 5: {'cpu': -56}, 0: {'cpu': -72}, 4: {'cpu': -72}, 2: {'cpu': -76}, 6: {'cpu': -86}, 3: {'cpu': -73}}, 'link_level': {(0, 1): {'bw': -49}, (0, 2): {'bw': -48}, (0, 5): {'bw': -39}, (0, 7): {'bw': -35}, (1, 2): {'bw': -73}, (1, 4): {'bw': -15}, (1, 7): {'bw': -33}}, 'path_level': {(0, 1): {'latency': -0.9298023744884869}, (0, 2): {'latency': -0.32162806448761305}, (0, 5): {'latency': -4.207972687995463}, (0, 7): {'latency': -4.8972420456134085}, (1, 2): {'latency': -13.494265906392977}, (1, 4): {'latency': -6.284159752427728}, (1, 7): {'latency': 8.807462387964039}}}","{'node_level': {7: {'cpu': 0}, 1: {'cpu': 0}, 5: {'cpu': 0}, 0: {'cpu': 0}, 4: {'cpu': 0}, 2: {'cpu': 0}, 6: {'cpu': 0}, 3: {'cpu': 0}}, 'link_level': {(0, 1): {'bw': 0}, (0, 2): {'bw': 0}, (0, 5): {'bw': 0}, (0, 7): {'bw': 0}, (1, 2): {'bw': 0}, (1, 4): {'bw': 0}, (1, 7): {'bw': 0}}, 'path_level': {(0, 1): {'latency': 0}, (0, 2): {'latency': 0}, (0, 5): {'latency': 0}, (0, 7): {'latency': 0}, (1, 2): {'latency': 0}, (1, 4): {'latency': 0}, (1, 7): {'latency': 8.807462387964039}}}",[],0.0,0.0,True,False,False,0,[],0,0.0,8.0,7.0
17,4,4,638.0,984.0,251535.86646314219,394926.60040609934,0.6483739837398373,0.6369180151564625,10,18,1,195.0,41650,7555,34095,0.026542971266589332,0.022309523126774256,16,502.10430133109463,195.0,4,4,False,"{2: 4, 1: 86, 0: 21, 3: 54}","{(0, 1): [(21, 86)], (0, 2): []}","{(2, 4): {'cpu': 18}, (1, 86): {'cpu': 17}, (0, 21): {'cpu': 2}, (3, 54): {'cpu': 8}}","{((0, 1), (21, 86)): {'bw': 26}}",0.0,0.0,138.0,45.0,93.0,0.0,0.0,0.0,0.0,0.0,0.0,0.0,0.0,0.0,Route Failure,8.890826033897302,"{'node_level': {}, 'link_level': {}, 'path_level': {}}","{'node_level': {2: {'cpu': -32}, 1: {'cpu': -27}, 0: {'cpu': -74}, 3: {'cpu': -75}}, 'link_level': {(0, 1): {'bw': -36}, (0, 2): {'bw': -40}}, 'path_level': {(0, 1): {'latency': -4.782460557029407}, (0, 2): {'latency': 8.890826033897302}}}","{'node_level': {2: {'cpu': 0}, 1: {'cpu': 0}, 0: {'cpu': 0}, 3: {'cpu': 0}}, 'link_level': {(0, 1): {'bw': 0}, (0, 2): {'bw': 0}}, 'path_level': {(0, 1): {'latency': 0}, (0, 2): {'latency': 8.890826033897302}}}",[],0.0,0.0,True,False,False,0,[],0,0.0,4.0,2.0
18,4,4,638.0,984.0,251535.86646314219,394926.60040609934,0.6483739837398373,0.6369180151564625,10,19,1,209.0,41650,7555,34095,0.026542971266589332,0.022309523126774256,17,227.80630709617253,209.0,4,3,False,"{1: 4, 3: 86, 2: 21, 0: 54}","{(0, 3): [(54, 52), (52, 86)], (1, 2): []}","{(1, 4): {'cpu': 16}, (3, 86): {'cpu': 8}, (2, 21): {'cpu': 2}, (0, 54): {'cpu': 3}}","{((0, 3), (54, 52)): {'bw': 19}, ((0, 3), (52, 86)): {'bw': 19}}",0.0,0.0,122.0,29.0,93.0,0.0,0.0,0.0,0.0,0.0,0.0,0.0,0.0,0.0,Route Failure,7.60982882379314,"{'node_level': {}, 'link_level': {}, 'path_level': {}}","{'node_level': {1: {'cpu': -34}, 3: {'cpu': -36}, 2: {'cpu': -74}, 0: {'cpu': -80}}, 'link_level': {(0, 3): {'bw': -38}, (1, 2): {'bw': -20}}, 'path_level': {(0, 3): {'latency': -7.053293159150035}, (1, 2): {'latency': 7.60982882379314}}}","{'node_level': {1: {'cpu': 0}, 3: {'cpu': 0}, 2: {'cpu': 0}, 0: {'cpu': 0}}, 'link_level': {(0, 3): {'bw': 0}, (1, 2): {'bw': 0}}, 'path_level': {(0, 3): {'latency': 0}, (1, 2): {'latency': 7.60982882379314}}}",[],0.0,0.0,True,False,False,0,[],0,0.0,4.0,2.0
19,5,5,777.0,1173.0,307472.87430760136,470984.8340938891,0.6624040920716112,0.6528296710426726,12,20,1,222.0,41461,7513,33948,0.031954645019971695,0.026524818627591595,18,402.4245168666126,222.0,3,2,True,"{1: 4, 0: 86, 2: 21}","{(0, 1): [(86, 7), (7, 4)], (1, 2): [(4, 21)]}","{(1, 4): {'cpu': 20}, (0, 86): {'cpu': 16}, (2, 21): {'cpu': 6}}","{((0, 1), (86, 7)): {'bw': 50}, ((0, 1), (7, 4)): {'bw': 50}, ((1, 2), (4, 21)): {'bw': 47}}",189.0,139.0,139.0,42.0,97.0,42.0,97.0,42.0,147.0,50.0,0.7354497354497355,76058.23368778978,55937.00784445915,295.9630044680378,Success,0.0,"{'node_level': {}, 'link_level': {}, 'path_level': {}}","{'node_level': {1: {'cpu': -30}, 0: {'cpu': -28}, 2: {'cpu': -70}}, 'link_level': {(0, 1): {'bw': -7}, (1, 2): {'bw': -22}}, 'path_level': {(0, 1): {'latency': -0.4183366431391793}, (1, 2): {'latency': -2.920506449773548}}}","{'node_level': {1: {'cpu': 0}, 0: {'cpu': 0}, 2: {'cpu': 0}}, 'link_level': {(0, 1): {'bw': 0}, (1, 2): {'bw': 0}}, 'path_level': {(0, 1): {'latency': 0}, (1, 2): {'latency': 0}}}",[],0.0,0.0,True,True,False,0,[],0,0.0,3.0,2.0
20,6,6,902.0,1364.0,321137.2165560538,491863.94904952444,0.6612903225806451,0.6528984634401805,14,21,1,233.0,41270,7454,33816,0.039556758149722926,0.030309981934447894,19,109.31473798761958,233.0,5,6,True,"{4: 39, 2: 54, 0: 13, 3: 50, 1: 60}","{(0, 2): [(13, 27), (27, 54)], (0, 3): [(13, 31), (31, 50)], (0, 4): [(13, 29), (29, 39)], (1, 4): [(60, 75), (75, 39)], (2, 4): [(54, 89), (89, 39)], (3, 4): [(50, 31), (31, 39)]}","{(4, 39): {'cpu': 20}, (2, 54): {'cpu': 12}, (0, 13): {'cpu': 7}, (3, 50): {'cpu': 7}, (1, 60): {'cpu': 13}}","{((0, 2), (13, 27)): {'bw': 2}, ((0, 2), (27, 54)): {'bw': 2}, ((0, 3), (13, 31)): {'bw': 19}, ((0, 3), (31, 50)): {'bw': 19}, ((0, 4), (13, 29)): {'bw': 6}, ((0, 4), (29, 39)): {'bw': 6}, ((1, 4), (60, 75)): {'bw': 11}, ((1, 4), (75, 39)): {'bw': 11}, ((2, 4), (54, 89)): {'bw': 26}, ((2, 4), (89, 39)): {'bw': 26}, ((3, 4), (50, 31)): {'bw': 2}, ((3, 4), (31, 39)): {'bw': 2}}",191.0,125.0,125.0,59.0,66.0,59.0,66.0,59.0,132.0,66.0,0.6544502617801047,20879.11495563534,13664.342248452447,71.54105889242119,Success,0.0,"{'node_level': {}, 'link_level': {}, 'path_level': {}}","{'node_level': {4: {'cpu': -67}, 2: {'cpu': -71}, 0: {'cpu': -72}, 3: {'cpu': -47}, 1: {'cpu': -62}}, 'link_level': {(0, 2): {'bw': -68}, (0, 3): {'bw': -13}, (0, 4): {'bw': -78}, (1, 4): {'bw': -48}, (2, 4): {'bw': -43}, (3, 4): {'bw': -11}}, 'path_level': {(0, 2): {'latency': -10.083265423027141}, (0, 3): {'latency': -6.495053456257251}, (0, 4): {'latency': -5.377033686702956}, (1, 4): {'latency': -4.924871026519913}, (2, 4): {'latency': -8.022261599193522}, (3, 4): {'latency': -6.535913164584084}}}","{'node_level': {4: {'cpu': 0}, 2: {'cpu': 0}, 0: {'cpu': 0}, 3: {'cpu': 0}, 1: {'cpu': 0}}, 'link_level': {(0, 2): {'bw': 0}, (0, 3): {'bw': 0}, (0, 4): {'bw': 0}, (1, 4): {'bw': 0}, (2, 4): {'bw': 0}, (3, 4): {'bw': 0}}, 'path_level': {(0, 2): {'latency': 0}, (0, 3): {'latency': 0}, (0, 4): {'latency': 0}, (1, 4): {'latency': 0}, (2, 4): {'latency': 0}, (3, 4): {'latency': 0}}}",[],0.0,0.0,True,True,False,0,[],0,0.0,5.0,6.0
21,6,6,902.0,1364.0,321137.2165560538,491863.94904952444,0.6612903225806451,0.6528984634401805,14,22,1,245.0,41270,7454,33816,0.039556758149722926,0.030309981934447894,20,106.64135009944567,245.0,7,11,False,"{3: 38, 6: 57, 2: 85, 5: 52, 1: 5, 0: 66, 4: 65}","{(0, 1): []}","{(3, 38): {'cpu': 13}, (6, 57): {'cpu': 17}, (2, 85): {'cpu': 6}, (5, 52): {'cpu': 10}, (1, 5): {'cpu': 14}, (0, 66): {'cpu': 4}, (4, 65): {'cpu': 6}}",{},0.0,0.0,363.0,70.0,293.0,0.0,0.0,0.0,0.0,0.0,0.0,0.0,0.0,0.0,Route Failure,6.986541084457234,"{'node_level': {}, 'link_level': {}, 'path_level': {}}","{'node_level': {3: {'cpu': -85}, 6: {'cpu': -39}, 2: {'cpu': -82}, 5: {'cpu': -77}, 1: {'cpu': -57}, 0: {'cpu': -47}, 4: {'cpu': -76}}, 'link_level': {(0, 1): {'bw': -25}}, 'path_level': {(0, 1): {'latency': 6.986541084457234}}}","{'node_level': {3: {'cpu': 0}, 6: {'cpu': 0}, 2: {'cpu': 0}, 5: {'cpu': 0}, 1: {'cpu': 0}, 0: {'cpu': 0}, 4: {'cpu': 0}}, 'link_level': {(0, 1): {'bw': 0}}, 'path_level': {(0, 1): {'latency': 6.986541084457234}}}",[],0.0,0.0,True,False,False,0,[],0,0.0,7.0,1.0
21,6,6,902.0,1364.0,321137.2165560538,491863.94904952444,0.6612903225806451,0.6528984634401805,14,23,0,247.18559621141526,41270,7454,33816,0.039556758149722926,0.030309981934447894,7,153.18559621141526,94.0,7,9,False,{},{},{},{},0.0,0.0,0.0,0.0,0.0,0.0,0.0,0.0,0.0,0.0,0.0,0.0,0.0,0.0,Leave Event,0.0,"{'node_level': {}, 'link_level': {}, 'path_level': {}}","{'node_level': {}, 'link_level': {}, 'path_level': {}}","{'node_level': {}, 'link_level': {}, 'path_level': {}}",[],0.0,0.0,True,True,False,0,[],0,0.0,,
22,6,6,902.0,1364.0,321137.2165560538,491863.94904952444,0.6612903225806451,0.6528984634401805,14,24,1,258.0,41270,7454,33816,0.039556758149722926,0.030309981934447894,21,646.7110734296512,258.0,10,16,False,"{4: 38, 3: 57, 2: 85, 8: 52, 9: 5, 5: 66, 7: 65, 0: 59, 1: 6, 6: 21}","{(0, 3): [(59, 57)], (0, 9): []}","{(4, 38): {'cpu': 15}, (3, 57): {'cpu': 13}, (2, 85): {'cpu': 13}, (8, 52): {'cpu': 7}, (9, 5): {'cpu': 11}, (5, 66): {'cpu': 15}, (7, 65): {'cpu': 4}, (0, 59): {'cpu': 14}, (1, 6): {'cpu': 6}, (6, 21): {'cpu': 1}}","{((0, 3), (59, 57)): {'bw': 14}}",0.0,0.0,512.0,99.0,413.0,0.0,0.0,0.0,0.0,0.0,0.0,0.0,0.0,0.0,Route Failure,7.138602959023233,"{'node_level': {}, 'link_level': {}, 'path_level': {}}","{'node_level': {4: {'cpu': -83}, 3: {'cpu': -43}, 2: {'cpu': -75}, 8: {'cpu': -80}, 9: {'cpu': -60}, 5: {'cpu': -36}, 7: {'cpu': -78}, 0: {'cpu': -50}, 1: {'cpu': -63}, 6: {'cpu': -69}}, 'link_level': {(0, 3): {'bw': -57}, (0, 9): {'bw': -34}}, 'path_level': {(0, 3): {'latency': -8.85006390392703}, (0, 9): {'latency': 7.138602959023233}}}","{'node_level': {4: {'cpu': 0}, 3: {'cpu': 0}, 2: {'cpu': 0}, 8: {'cpu': 0}, 9: {'cpu': 0}, 5: {'cpu': 0}, 7: {'cpu': 0}, 0: {'cpu': 0}, 1: {'cpu': 0}, 6: {'cpu': 0}}, 'link_level': {(0, 3): {'bw': 0}, (0, 9): {'bw': 0}}, 'path_level': {(0, 3): {'latency': 0}, (0, 9): {'latency': 7.138602959023233}}}",[],0.0,0.0,True,False,False,0,[],0,0.0,10.0,2.0
23,6,6,902.0,1364.0,321137.2165560538,491863.94904952444,0.6612903225806451,0.6528984634401805,14,25,1,268.0,41270,7454,33816,0.039556758149722926,0.030309981934447894,22,768.4114457682638,268.0,3,2,False,"{1: 38, 2: 57, 0: 85}","{(0, 2): []}","{(1, 38): {'cpu': 19}, (2, 57): {'cpu': 6}, (0, 85): {'cpu': 2}}",{},0.0,0.0,40.0,27.0,13.0,0.0,0.0,0.0,0.0,0.0,0.0,0.0,0.0,0.0,Route Failure,6.273233399050592,"{'node_level': {}, 'link_level': {}, 'path_level': {}}","{'node_level': {1: {'cpu': -79}, 2: {'cpu': -50}, 0: {'cpu': -86}}, 'link_level': {(0, 2): {'bw': -44}}, 'path_level': {(0, 2): {'latency': 6.273233399050592}}}","{'node_level': {1: {'cpu': 0}, 2: {'cpu': 0}, 0: {'cpu': 0}}, 'link_level': {(0, 2): {'bw': 0}}, 'path_level': {(0, 2): {'latency': 6.273233399050592}}}",[],0.0,0.0,True,False,False,0,[],0,0.0,3.0,1.0
24,6,6,902.0,1364.0,321137.2165560538,491863.94904952444,0.6612903225806451,0.6528984634401805,14,26,1,287.0,41270,7454,33816,0.039556758149722926,0.030309981934447894,23,1789.5349712736154,287.0,10,34,False,"{6: 38, 8: 57, 9: 85, 4: 52, 5: 5, 3: 66, 0: 65, 7: 59, 2: 6, 1: 21}","{(0, 1): [(65, 44), (44, 21)], (0, 2): [(65, 6)], (0, 3): [(65, 57), (57, 66)], (0, 4): [(65, 95), (95, 52)], (0, 5): [(65, 1), (1, 5)], (0, 8): [(65, 57)], (1, 2): [(21, 5), (5, 6)], (1, 3): [(21, 2), (2, 66)], (1, 5): [(21, 5)], (1, 6): [(21, 2), (2, 38)], (1, 9): [(21, 85)], (2, 3): []}","{(6, 38): {'cpu': 19}, (8, 57): {'cpu': 12}, (9, 85): {'cpu': 15}, (4, 52): {'cpu': 13}, (5, 5): {'cpu': 5}, (3, 66): {'cpu': 4}, (0, 65): {'cpu': 11}, (7, 59): {'cpu': 6}, (2, 6): {'cpu': 3}, (1, 21): {'cpu': 4}}","{((0, 1), (65, 44)): {'bw': 8}, ((0, 1), (44, 21)): {'bw': 8}, ((0, 2), (65, 6)): {'bw': 38}, ((0, 3), (65, 57)): {'bw': 25}, ((0, 3), (57, 66)): {'bw': 25}, ((0, 4), (65, 95)): {'bw': 12}, ((0, 4), (95, 52)): {'bw': 12}, ((0, 5), (65, 1)): {'bw': 38}, ((0, 5), (1, 5)): {'bw': 38}, ((0, 8), (65, 57)): {'bw': 25}, ((1, 2), (21, 5)): {'bw': 32}, ((1, 2), (5, 6)): {'bw': 32}, ((1, 3), (21, 2)): {'bw': 5}, ((1, 3), (2, 66)): {'bw': 5}, ((1, 5), (21, 5)): {'bw': 12}, ((1, 6), (21, 2)): {'bw': 19}, ((1, 6), (2, 38)): {'bw': 19}, ((1, 9), (21, 85)): {'bw': 32}}",0.0,0.0,921.0,92.0,829.0,0.0,0.0,0.0,0.0,0.0,0.0,0.0,0.0,0.0,Route Failure,0.0645621387426063,"{'node_level': {}, 'link_level': {}, 'path_level': {}}","{'node_level': {6: {'cpu': -79}, 8: {'cpu': -44}, 9: {'cpu': -73}, 4: {'cpu': -74}, 5: {'cpu': -66}, 3: {'cpu': -47}, 0: {'cpu': -71}, 7: {'cpu': -58}, 2: {'cpu': -66}, 1: {'cpu': -66}}, 'link_level': {(0, 1): {'bw': -60}, (0, 2): {'bw': -45}, (0, 3): {'bw': -30}, (0, 4): {'bw': -53}, (0, 5): {'bw': -31}, (0, 8): {'bw': -16}, (1, 2): {'bw': -19}, (1, 3): {'bw': -77}, (1, 5): {'bw': -50}, (1, 6): {'bw': -38}, (1, 9): {'bw': -61}, (2, 3): {'bw': -28}}, 'path_level': {(0, 1): {'latency': -9.167515930111469}, (0, 2): {'latency': -3.479538668986463}, (0, 3): {'latency': -0.2890582934097061}, (0, 4): {'latency': -6.323805432023541}, (0, 5): {'latency': -1.645678375552584}, (0, 8): {'latency': -5.4132009810243495}, (1, 2): {'latency': -7.58124874556063}, (1, 3): {'latency': -2.7038040627744087}, (1, 5): {'latency': -4.151656592028857}, (1, 6): {'latency': -4.285619885103824}, (1, 9): {'latency': -7.861984878002753}, (2, 3): {'latency': 0.0645621387426063}}}","{'node_level': {6: {'cpu': 0}, 8: {'cpu': 0}, 9: {'cpu': 0}, 4: {'cpu': 0}, 5: {'cpu': 0}, 3: {'cpu': 0}, 0: {'cpu': 0}, 7: {'cpu': 0}, 2: {'cpu': 0}, 1: {'cpu': 0}}, 'link_level': {(0, 1): {'bw': 0}, (0, 2): {'bw': 0}, (0, 3): {'bw': 0}, (0, 4): {'bw': 0}, (0, 5): {'bw': 0}, (0, 8): {'bw': 0}, (1, 2): {'bw': 0}, (1, 3): {'bw': 0}, (1, 5): {'bw': 0}, (1, 6): {'bw': 0}, (1, 9): {'bw': 0}, (2, 3): {'bw': 0}}, 'path_level': {(0, 1): {'latency': 0}, (0, 2): {'latency': 0}, (0, 3): {'latency': 0}, (0, 4): {'latency': 0}, (0, 5): {'latency': 0}, (0, 8): {'latency': 0}, (1, 2): {'latency': 0}, (1, 3): {'latency': 0}, (1, 5): {'latency': 0}, (1, 6): {'latency': 0}, (1, 9): {'latency': 0}, (2, 3): {'latency': 0.0645621387426063}}}",[],0.0,0.0,True,False,False,0,[],0,0.0,10.0,12.0
25,6,6,902.0,1364.0,321137.2165560538,491863.94904952444,0.6612903225806451,0.6528984634401805,14,27,1,295.0,41270,7454,33816,0.039556758149722926,0.030309981934447894,24,951.8085797489205,295.0,9,22,False,"{3: 38, 7: 57, 6: 85, 0: 52, 4: 5, 2: 66, 8: 65, 1: 59, 5: 6}","{(0, 1): [(52, 54), (54, 59)], (0, 2): [(52, 9), (9, 51), (51, 66)], (0, 3): [(52, 9), (9, 64), (64, 38)], (0, 4): [(52, 20), (20, 5)], (0, 6): []}","{(3, 38): {'cpu': 15}, (7, 57): {'cpu': 12}, (6, 85): {'cpu': 13}, (0, 52): {'cpu': 6}, (4, 5): {'cpu': 19}, (2, 66): {'cpu': 6}, (8, 65): {'cpu': 11}, (1, 59): {'cpu': 3}, (5, 6): {'cpu': 2}}","{((0, 1), (52, 54)): {'bw': 36}, ((0, 1), (54, 59)): {'bw': 36}, ((0, 2), (52, 9)): {'bw': 7}, ((0, 2), (9, 51)): {'bw': 7}, ((0, 2), (51, 66)): {'bw': 7}, ((0, 3), (52, 9)): {'bw': 47}, ((0, 3), (9, 64)): {'bw': 47}, ((0, 3), (64, 38)): {'bw': 47}, ((0, 4), (52, 20)): {'bw': 9}, ((0, 4), (20, 5)): {'bw': 9}}",0.0,0.0,648.0,87.0,561.0,0.0,0.0,0.0,0.0,0.0,0.0,0.0,0.0,0.0,Route Failure,8.57205688669708,"{'node_level': {}, 'link_level': {}, 'path_level': {}}","{'node_level': {3: {'cpu': -83}, 7: {'cpu': -44}, 6: {'cpu': -75}, 0: {'cpu': -81}, 4: {'cpu': -52}, 2: {'cpu': -45}, 8: {'cpu': -71}, 1: {'cpu': -61}, 5: {'cpu': -67}}, 'link_level': {(0, 1): {'bw': -33}, (0, 2): {'bw': -49}, (0, 3): {'bw': -5}, (0, 4): {'bw': -69}, (0, 6): {'bw': -27}}, 'path_level': {(0, 1): {'latency': -3.163728310094964}, (0, 2): {'latency': -4.07370750627673}, (0, 3): {'latency': -6.907201250009731}, (0, 4): {'latency': -8.703572110552866}, (0, 6): {'latency': 8.57205688669708}}}","{'node_level': {3: {'cpu': 0}, 7: {'cpu': 0}, 6: {'cpu': 0}, 0: {'cpu': 0}, 4: {'cpu': 0}, 2: {'cpu': 0}, 8: {'cpu': 0}, 1: {'cpu': 0}, 5: {'cpu': 0}}, 'link_level': {(0, 1): {'bw': 0}, (0, 2): {'bw': 0}, (0, 3): {'bw': 0}, (0, 4): {'bw': 0}, (0, 6): {'bw': 0}}, 'path_level': {(0, 1): {'latency': 0}, (0, 2): {'latency': 0}, (0, 3): {'latency': 0}, (0, 4): {'latency': 0}, (0, 6): {'latency': 8.57205688669708}}}",[],0.0,0.0,True,False,False,0,[],0,0.0,9.0,5.0
26,6,6,902.0,1364.0,321137.2165560538,491863.94904952444,0.6612903225806451,0.6528984634401805,14,28,1,308.0,41270,7454,33816,0.039556758149722926,0.030309981934447894,25,392.1866151499181,308.0,10,22,False,"{2: 38, 5: 57, 9: 85, 0: 52, 3: 5, 6: 66, 1: 65, 4: 59, 7: 6, 8: 21}","{(0, 2): []}","{(2, 38): {'cpu': 19}, (5, 57): {'cpu': 14}, (9, 85): {'cpu': 8}, (0, 52): {'cpu': 11}, (3, 5): {'cpu': 5}, (6, 66): {'cpu': 12}, (1, 65): {'cpu': 13}, (4, 59): {'cpu': 4}, (7, 6): {'cpu': 3}, (8, 21): {'cpu': 4}}",{},0.0,0.0,657.0,93.0,564.0,0.0,0.0,0.0,0.0,0.0,0.0,0.0,0.0,0.0,Route Failure,38.0,"{'node_level': {}, 'link_level': {}, 'path_level': {}}","{'node_level': {2: {'cpu': -79}, 5: {'cpu': -42}, 9: {'cpu': -80}, 0: {'cpu': -76}, 3: {'cpu': -66}, 6: {'cpu': -39}, 1: {'cpu': -69}, 4: {'cpu': -60}, 7: {'cpu': -66}, 8: {'cpu': -66}}, 'link_level': {(0, 2): {'bw': 38}}, 'path_level': {(0, 2): {'latency': 8.262415330902598}}}","{'node_level': {2: {'cpu': 0}, 5: {'cpu': 0}, 9: {'cpu': 0}, 0: {'cpu': 0}, 3: {'cpu': 0}, 6: {'cpu': 0}, 1: {'cpu': 0}, 4: {'cpu': 0}, 7: {'cpu': 0}, 8: {'cpu': 0}}, 'link_level': {(0, 2): {'bw': 38}}, 'path_level': {(0, 2): {'latency': 8.262415330902598}}}",[],0.0,0.0,True,False,False,0,[],0,0.0,10.0,1.0
27,7,7,963.0,1467.0,324006.683767039,496709.1149959421,0.656441717791411,0.6523067002096106,15,29,1,323.0,41167,7417,33750,0.044324185027702634,0.03220256358787599,26,47.04044608172464,323.0,3,2,True,"{2: 38, 0: 57, 1: 85}","{(0, 2): [(57, 59), (59, 38)], (1, 2): [(85, 6), (6, 67), (67, 38)]}","{(2, 38): {'cpu': 17}, (0, 57): {'cpu': 16}, (1, 85): {'cpu': 4}}","{((0, 2), (57, 59)): {'bw': 6}, ((0, 2), (59, 38)): {'bw': 6}, ((1, 2), (85, 6)): {'bw': 18}, ((1, 2), (6, 67)): {'bw': 18}, ((1, 2), (67, 38)): {'bw': 18}}",103.0,61.0,61.0,37.0,24.0,37.0,24.0,37.0,66.0,42.0,0.5922330097087378,4845.165946417638,2869.467210985203,27.858904961021388,Success,0.0,"{'node_level': {}, 'link_level': {}, 'path_level': {}}","{'node_level': {2: {'cpu': -81}, 0: {'cpu': -40}, 1: {'cpu': -84}}, 'link_level': {(0, 2): {'bw': -65}, (1, 2): {'bw': -5}}, 'path_level': {(0, 2): {'latency': -8.389070554181771}, (1, 2): {'latency': -4.4827433275784125}}}","{'node_level': {2: {'cpu': 0}, 0: {'cpu': 0}, 1: {'cpu': 0}}, 'link_level': {(0, 2): {'bw': 0}, (1, 2): {'bw': 0}}, 'path_level': {(0, 2): {'latency': 0}, (1, 2): {'latency': 0}}}",[],0.0,0.0,True,True,False,0,[],0,0.0,3.0,2.0
28,8,8,979.0,1494.0,329375.78509463754,505769.47348626464,0.6552878179384204,0.6512369811966964,17,30,1,338.0,41140,7412,33728,0.04496843190310529,0.032833424139018685,27,335.5688329749085,338.0,2,1,True,"{0: 52, 1: 5}","{(0, 1): [(52, 20), (20, 5)]}","{(0, 52): {'cpu': 4}, (1, 5): {'cpu': 1}}","{((0, 1), (52, 20)): {'bw': 11}, ((0, 1), (20, 5)): {'bw': 11}}",27.0,16.0,16.0,5.0,11.0,5.0,11.0,5.0,22.0,11.0,0.5925925925925926,9060.35849032253,5369.101327598536,198.8556047258717,Success,0.0,"{'node_level': {}, 'link_level': {}, 'path_level': {}}","{'node_level': {0: {'cpu': -83}, 1: {'cpu': -70}}, 'link_level': {(0, 1): {'bw': -67}}, 'path_level': {(0, 1): {'latency': -0.2261358239628235}}}","{'node_level': {0: {'cpu': 0}, 1: {'cpu': 0}}, 'link_level': {(0, 1): {'bw': 0}}, 'path_level': {(0, 1): {'latency': 0}}}",[],0.0,0.0,True,True,False,0,[],0,0.0,2.0,1.0
28,8,7,979.0,1494.0,329375.78509463754,505769.47348626464,0.6552878179384204,0.6512369811966964,17,31,0,342.3147379876196,41331,7471,33860,0.037366318773353946,0.029048260832162387,19,109.31473798761958,233.0,5,6,False,{},{},{},{},0.0,0.0,0.0,0.0,0.0,0.0,0.0,0.0,0.0,0.0,0.0,0.0,0.0,0.0,Leave Event,0.0,"{'node_level': {}, 'link_level': {}, 'path_level': {}}","{'node_level': {}, 'link_level': {}, 'path_level': {}}","{'node_level': {}, 'link_level': {}, 'path_level': {}}",[],0.0,0.0,True,True,False,0,[],0,0.0,,
29,8,7,979.0,1494.0,329375.78509463754,505769.47348626464,0.6552878179384204,0.6512369811966964,17,32,1,350.0,41331,7471,33860,0.037366318773353946,0.029048260832162387,28,1315.102744440631,350.0,7,11,False,"{1: 39, 3: 54, 0: 50, 6: 13, 5: 60, 4: 66, 2: 52}","{(0, 1): [(50, 31), (31, 39)], (0, 3): [(50, 54)], (0, 5): [(50, 76), (76, 60)], (0, 6): [(50, 31), (31, 13)], (1, 3): []}","{(1, 39): {'cpu': 20}, (3, 54): {'cpu': 14}, (0, 50): {'cpu': 9}, (6, 13): {'cpu': 15}, (5, 60): {'cpu': 5}, (4, 66): {'cpu': 4}, (2, 52): {'cpu': 9}}","{((0, 1), (50, 31)): {'bw': 1}, ((0, 1), (31, 39)): {'bw': 1}, ((0, 3), (50, 54)): {'bw': 10}, ((0, 5), (50, 76)): {'bw': 20}, ((0, 5), (76, 60)): {'bw': 20}, ((0, 6), (50, 31)): {'bw': 10}, ((0, 6), (31, 13)): {'bw': 10}}",0.0,0.0,286.0,76.0,210.0,0.0,0.0,0.0,0.0,0.0,0.0,0.0,0.0,0.0,Route Failure,6.806204315789477,"{'node_level': {}, 'link_level': {}, 'path_level': {}}","{'node_level': {1: {'cpu': -67}, 3: {'cpu': -69}, 0: {'cpu': -45}, 6: {'cpu': -64}, 5: {'cpu': -70}, 4: {'cpu': -47}, 2: {'cpu': -74}}, 'link_level': {(0, 1): {'bw': -31}, (0, 3): {'bw': -51}, (0, 5): {'bw': -7}, (0, 6): {'bw': -21}, (1, 3): {'bw': -55}}, 'path_level': {(0, 1): {'latency': -6.571391935327874}, (0, 3): {'latency': -3.3124332493713715}, (0, 5): {'latency': -7.630849819867276}, (0, 6): {'latency': -7.326844175059019}, (1, 3): {'latency': 6.806204315789477}}}","{'node_level': {1: {'cpu': 0}, 3: {'cpu': 0}, 0: {'cpu': 0}, 6: {'cpu': 0}, 5: {'cpu': 0}, 4: {'cpu': 0}, 2: {'cpu': 0}}, 'link_level': {(0, 1): {'bw': 0}, (0, 3): {'bw': 0}, (0, 5): {'bw': 0}, (0, 6): {'bw': 0}, (1, 3): {'bw': 0}}, 'path_level': {(0, 1): {'latency': 0}, (0, 3): {'latency': 0}, (0, 5): {'latency': 0}, (0, 6): {'latency': 0}, (1, 3): {'latency': 6.806204315789477}}}",[],0.0,0.0,True,False,False,0,[],0,0.0,7.0,5.0
29,8,7,979.0,1494.0,329375.78509463754,505769.47348626464,0.6552878179384204,0.6512369811966964,17,33,0,351.6413500994457,41331,7471,33860,0.037366318773353946,0.029048260832162387,20,106.64135009944567,245.0,7,11,False,{},{},{},{},0.0,0.0,0.0,0.0,0.0,0.0,0.0,0.0,0.0,0.0,0.0,0.0,0.0,0.0,Leave Event,0.0,"{'node_level': {}, 'link_level': {}, 'path_level': {}}","{'node_level': {}, 'link_level': {}, 'path_level': {}}","{'node_level': {}, 'link_level': {}, 'path_level': {}}",[],0.0,0.0,True,True,False,0,[],0,0.0,,
30,8,7,979.0,1494.0,329375.78509463754,505769.47348626464,0.6552878179384204,0.6512369811966964,17,34,1,364.0,41331,7471,33860,0.037366318773353946,0.029048260832162387,29,774.684839165071,364.0,6,9,False,"{2: 39, 4: 54, 3: 50, 0: 13, 1: 60, 5: 66}","{(0, 2): [(13, 29), (29, 39)], (0, 3): [(13, 31), (31, 50)], (0, 4): [(13, 27), (27, 54)], (1, 2): []}","{(2, 39): {'cpu': 8}, (4, 54): {'cpu': 12}, (3, 50): {'cpu': 9}, (0, 13): {'cpu': 5}, (1, 60): {'cpu': 6}, (5, 66): {'cpu': 5}}","{((0, 2), (13, 29)): {'bw': 19}, ((0, 2), (29, 39)): {'bw': 19}, ((0, 3), (13, 31)): {'bw': 32}, ((0, 3), (31, 50)): {'bw': 32}, ((0, 4), (13, 27)): {'bw': 33}, ((0, 4), (27, 54)): {'bw': 33}}",0.0,0.0,301.0,45.0,256.0,0.0,0.0,0.0,0.0,0.0,0.0,0.0,0.0,0.0,Route Failure,43.0,"{'node_level': {}, 'link_level': {}, 'path_level': {}}","{'node_level': {2: {'cpu': -79}, 4: {'cpu': -71}, 3: {'cpu': -45}, 0: {'cpu': -74}, 1: {'cpu': -69}, 5: {'cpu': -46}}, 'link_level': {(0, 2): {'bw': -65}, (0, 3): {'bw': 0}, (0, 4): {'bw': -37}, (1, 2): {'bw': 43}}, 'path_level': {(0, 2): {'latency': -0.7966261699418853}, (0, 3): {'latency': -4.905731715067176}, (0, 4): {'latency': -4.050999448579411}, (1, 2): {'latency': 10.043409632548682}}}","{'node_level': {2: {'cpu': 0}, 4: {'cpu': 0}, 3: {'cpu': 0}, 0: {'cpu': 0}, 1: {'cpu': 0}, 5: {'cpu': 0}}, 'link_level': {(0, 2): {'bw': 0}, (0, 3): {'bw': 0}, (0, 4): {'bw': 0}, (1, 2): {'bw': 43}}, 'path_level': {(0, 2): {'latency': 0}, (0, 3): {'latency': 0}, (0, 4): {'latency': 0}, (1, 2): {'latency': 10.043409632548682}}}",[],0.0,0.0,True,False,False,0,[],0,0.0,6.0,4.0
30,8,6,979.0,1494.0,329375.78509463754,505769.47348626464,0.6552878179384204,0.6512369811966964,17,35,0,370.04044608172467,41434,7508,33926,0.03259889189537435,0.027155679178734293,26,47.04044608172464,323.0,3,2,False,{},{},{},{},0.0,0.0,0.0,0.0,0.0,0.0,0.0,0.0,0.0,0.0,0.0,0.0,0.0,0.0,Leave Event,0.0,"{'node_level': {}, 'link_level': {}, 'path_level': {}}","{'node_level': {}, 'link_level': {}, 'path_level': {}}","{'node_level': {}, 'link_level': {}, 'path_level': {}}",[],0.0,0.0,True,True,False,0,[],0,0.0,,
31,8,6,979.0,1494.0,329375.78509463754,505769.47348626464,0.6552878179384204,0.6512369811966964,17,36,1,378.0,41434,7508,33926,0.03259889189537435,0.027155679178734293,30,331.8856791350164,378.0,3,2,False,"{1: 39, 2: 54, 0: 50}","{(0, 1): [(50, 31), (31, 39)], (1, 2): []}","{(1, 39): {'cpu': 1}, (2, 54): {'cpu': 14}, (0, 50): {'cpu': 7}}","{((0, 1), (50, 31)): {'bw': 11}, ((0, 1), (31, 39)): {'bw': 11}}",0.0,0.0,50.0,22.0,28.0,0.0,0.0,0.0,0.0,0.0,0.0,0.0,0.0,0.0,Route Failure,4.693329343695867,"{'node_level': {}, 'link_level': {}, 'path_level': {}}","{'node_level': {1: {'cpu': -86}, 2: {'cpu': -69}, 0: {'cpu': -47}}, 'link_level': {(0, 1): {'bw': -21}, (1, 2): {'bw': -60}}, 'path_level': {(0, 1): {'latency': -2.328989863940942}, (1, 2): {'latency': 4.693329343695867}}}","{'node_level': {1: {'cpu': 0}, 2: {'cpu': 0}, 0: {'cpu': 0}}, 'link_level': {(0, 1): {'bw': 0}, (1, 2): {'bw': 0}}, 'path_level': {(0, 1): {'latency': 0}, (1, 2): {'latency': 4.693329343695867}}}",[],0.0,0.0,True,False,False,0,[],0,0.0,3.0,2.0
32,9,7,1355.0,2204.0,443582.43974953925,721425.6564782333,0.6147912885662432,0.6148692325623201,17,37,1,394.0,40724,7435,33289,0.042004896276253034,0.04542195968227569,31,303.74110280558966,394.0,7,11,True,"{6: 39, 2: 54, 1: 50, 3: 13, 5: 60, 4: 38, 0: 57}","{(0, 1): [(57, 55), (55, 50)], (0, 5): [(57, 66), (66, 60)], (1, 2): [(50, 54)], (1, 4): [(50, 45), (45, 38)], (1, 5): [(50, 8), (8, 11), (11, 60)], (1, 6): [(50, 77), (77, 6), (6, 39)], (2, 3): [(54, 27), (27, 13)], (2, 6): [(54, 89), (89, 39)], (3, 6): [(13, 29), (29, 39)], (4, 5): [(38, 60)], (5, 6): [(60, 75), (75, 39)]}","{(6, 39): {'cpu': 10}, (2, 54): {'cpu': 17}, (1, 50): {'cpu': 9}, (3, 13): {'cpu': 18}, (5, 60): {'cpu': 3}, (4, 38): {'cpu': 12}, (0, 57): {'cpu': 4}}","{((0, 1), (57, 55)): {'bw': 8}, ((0, 1), (55, 50)): {'bw': 8}, ((0, 5), (57, 66)): {'bw': 33}, ((0, 5), (66, 60)): {'bw': 33}, ((1, 2), (50, 54)): {'bw': 2}, ((1, 4), (50, 45)): {'bw': 4}, ((1, 4), (45, 38)): {'bw': 4}, ((1, 5), (50, 8)): {'bw': 41}, ((1, 5), (8, 11)): {'bw': 41}, ((1, 5), (11, 60)): {'bw': 41}, ((1, 6), (50, 77)): {'bw': 41}, ((1, 6), (77, 6)): {'bw': 41}, ((1, 6), (6, 39)): {'bw': 41}, ((2, 3), (54, 27)): {'bw': 39}, ((2, 3), (27, 13)): {'bw': 39}, ((2, 6), (54, 89)): {'bw': 42}, ((2, 6), (89, 39)): {'bw': 42}, ((3, 6), (13, 29)): {'bw': 27}, ((3, 6), (29, 39)): {'bw': 27}, ((4, 5), (38, 60)): {'bw': 49}, ((5, 6), (60, 75)): {'bw': 17}, ((5, 6), (75, 39)): {'bw': 17}}",710.0,376.0,376.0,73.0,303.0,73.0,303.0,73.0,637.0,334.0,0.5295774647887324,215656.18299196867,114206.65465490171,160.8544431759179,Success,0.0,"{'node_level': {}, 'link_level': {}, 'path_level': {}}","{'node_level': {6: {'cpu': -77}, 2: {'cpu': -66}, 1: {'cpu': -45}, 3: {'cpu': -61}, 5: {'cpu': -72}, 4: {'cpu': -86}, 0: {'cpu': -52}}, 'link_level': {(0, 1): {'bw': -32}, (0, 5): {'bw': -18}, (1, 2): {'bw': -59}, (1, 4): {'bw': -69}, (1, 5): {'bw': -34}, (1, 6): {'bw': -8}, (2, 3): {'bw': -31}, (2, 6): {'bw': -27}, (3, 6): {'bw': -57}, (4, 5): {'bw': -51}, (5, 6): {'bw': -42}}, 'path_level': {(0, 1): {'latency': -6.147393747027383}, (0, 5): {'latency': -4.9777488963015095}, (1, 2): {'latency': -7.067035543795786}, (1, 4): {'latency': -6.470302794464484}, (1, 5): {'latency': -0.5985208268601907}, (1, 6): {'latency': -3.4034461829440534}, (2, 3): {'latency': -4.437375834517383}, (2, 6): {'latency': -5.225566141420712}, (3, 6): {'latency': -1.761761304440145}, (4, 5): {'latency': -11.690517554216282}, (5, 6): {'latency': -2.551477697761655}}}","{'node_level': {6: {'cpu': 0}, 2: {'cpu': 0}, 1: {'cpu': 0}, 3: {'cpu': 0}, 5: {'cpu': 0}, 4: {'cpu': 0}, 0: {'cpu': 0}}, 'link_level': {(0, 1): {'bw': 0}, (0, 5): {'bw': 0}, (1, 2): {'bw': 0}, (1, 4): {'bw': 0}, (1, 5): {'bw': 0}, (1, 6): {'bw': 0}, (2, 3): {'bw': 0}, (2, 6): {'bw': 0}, (3, 6): {'bw': 0}, (4, 5): {'bw': 0}, (5, 6): {'bw': 0}}, 'path_level': {(0, 1): {'latency': 0}, (0, 5): {'latency': 0}, (1, 2): {'latency': 0}, (1, 4): {'latency': 0}, (1, 5): {'latency': 0}, (1, 6): {'latency': 0}, (2, 3): {'latency': 0}, (2, 6): {'latency': 0}, (3, 6): {'latency': 0}, (4, 5): {'latency': 0}, (5, 6): {'latency': 0}}}",[],0.0,0.0,True,True,False,0,[],0,0.0,7.0,11.0
33,9,7,1355.0,2204.0,443582.43974953925,721425.6564782333,0.6147912885662432,0.6148692325623201,17,38,1,407.0,40724,7435,33289,0.042004896276253034,0.04542195968227569,32,122.94116981870206,407.0,6,5,False,"{0: 21, 2: 85, 3: 65, 5: 5, 1: 59, 4: 52}","{(0, 1): []}","{(0, 21): {'cpu': 5}, (2, 85): {'cpu': 10}, (3, 65): {'cpu': 20}, (5, 5): {'cpu': 4}, (1, 59): {'cpu': 5}, (4, 52): {'cpu': 4}}",{},0.0,0.0,210.0,48.0,162.0,0.0,0.0,0.0,0.0,0.0,0.0,0.0,0.0,0.0,Route Failure,10.0,"{'node_level': {}, 'link_level': {}, 'path_level': {}}","{'node_level': {0: {'cpu': -65}, 2: {'cpu': -78}, 3: {'cpu': -62}, 5: {'cpu': -66}, 1: {'cpu': -59}, 4: {'cpu': -79}}, 'link_level': {(0, 1): {'bw': 10}}, 'path_level': {(0, 1): {'latency': 6.875372016404695}}}","{'node_level': {0: {'cpu': 0}, 2: {'cpu': 0}, 3: {'cpu': 0}, 5: {'cpu': 0}, 1: {'cpu': 0}, 4: {'cpu': 0}}, 'link_level': {(0, 1): {'bw': 10}}, 'path_level': {(0, 1): {'latency': 6.875372016404695}}}",[],0.0,0.0,True,False,False,0,[],0,0.0,6.0,1.0
33,9,6,1355.0,2204.0,443582.43974953925,721425.6564782333,0.6147912885662432,0.6148692325623201,17,39,0,417.9091007123842,40946,7522,33424,0.030795000644246895,0.04155076993662721,1,402.9091007123842,15.0,5,5,False,{},{},{},{},0.0,0.0,0.0,0.0,0.0,0.0,0.0,0.0,0.0,0.0,0.0,0.0,0.0,0.0,Leave Event,0.0,"{'node_level': {}, 'link_level': {}, 'path_level': {}}","{'node_level': {}, 'link_level': {}, 'path_level': {}}","{'node_level': {}, 'link_level': {}, 'path_level': {}}",[],0.0,0.0,True,True,False,0,[],0,0.0,,
34,9,6,1355.0,2204.0,443582.43974953925,721425.6564782333,0.6147912885662432,0.6148692325623201,17,40,1,426.0,40946,7522,33424,0.030795000644246895,0.04155076993662721,33,97.52919192800896,426.0,9,20,False,"{1: 31, 2: 73, 7: 59, 5: 50, 6: 86, 4: 85, 0: 5, 3: 21, 8: 45}","{(0, 1): [(5, 31)], (0, 3): [(5, 21)], (0, 6): []}","{(1, 31): {'cpu': 13}, (2, 73): {'cpu': 11}, (7, 59): {'cpu': 10}, (5, 50): {'cpu': 19}, (6, 86): {'cpu': 17}, (4, 85): {'cpu': 18}, (0, 5): {'cpu': 10}, (3, 21): {'cpu': 2}, (8, 45): {'cpu': 3}}","{((0, 1), (5, 31)): {'bw': 17}, ((0, 3), (5, 21)): {'bw': 50}}",0.0,0.0,653.0,103.0,550.0,0.0,0.0,0.0,0.0,0.0,0.0,0.0,0.0,0.0,Route Failure,4.081642355201124,"{'node_level': {}, 'link_level': {}, 'path_level': {}}","{'node_level': {1: {'cpu': -47}, 2: {'cpu': -56}, 7: {'cpu': -71}, 5: {'cpu': -45}, 6: {'cpu': -27}, 4: {'cpu': -70}, 0: {'cpu': -60}, 3: {'cpu': -68}, 8: {'cpu': -75}}, 'link_level': {(0, 1): {'bw': -48}, (0, 3): {'bw': -44}, (0, 6): {'bw': -38}}, 'path_level': {(0, 1): {'latency': -0.831098819616253}, (0, 3): {'latency': -4.24540317152486}, (0, 6): {'latency': 4.081642355201124}}}","{'node_level': {1: {'cpu': 0}, 2: {'cpu': 0}, 7: {'cpu': 0}, 5: {'cpu': 0}, 6: {'cpu': 0}, 4: {'cpu': 0}, 0: {'cpu': 0}, 3: {'cpu': 0}, 8: {'cpu': 0}}, 'link_level': {(0, 1): {'bw': 0}, (0, 3): {'bw': 0}, (0, 6): {'bw': 0}}, 'path_level': {(0, 1): {'latency': 0}, (0, 3): {'latency': 0}, (0, 6): {'latency': 4.081642355201124}}}",[],0.0,0.0,True,False,False,0,[],0,0.0,9.0,3.0
35,9,6,1355.0,2204.0,443582.43974953925,721425.6564782333,0.6147912885662432,0.6148692325623201,17,41,1,436.0,40946,7522,33424,0.030795000644246895,0.04155076993662721,34,38.237361082638564,436.0,8,17,False,"{2: 31, 5: 73, 4: 59, 0: 50, 1: 86, 6: 85, 7: 5, 3: 21}","{(0, 2): [(50, 31)], (0, 4): [(50, 25), (25, 59)], (0, 5): [(50, 55), (55, 73)], (1, 2): []}","{(2, 31): {'cpu': 14}, (5, 73): {'cpu': 8}, (4, 59): {'cpu': 8}, (0, 50): {'cpu': 14}, (1, 86): {'cpu': 10}, (6, 85): {'cpu': 6}, (7, 5): {'cpu': 8}, (3, 21): {'cpu': 11}}","{((0, 2), (50, 31)): {'bw': 20}, ((0, 4), (50, 25)): {'bw': 37}, ((0, 4), (25, 59)): {'bw': 37}, ((0, 5), (50, 55)): {'bw': 37}, ((0, 5), (55, 73)): {'bw': 37}}",0.0,0.0,512.0,79.0,433.0,0.0,0.0,0.0,0.0,0.0,0.0,0.0,0.0,0.0,Route Failure,0.9532444142566447,"{'node_level': {}, 'link_level': {}, 'path_level': {}}","{'node_level': {2: {'cpu': -46}, 5: {'cpu': -59}, 4: {'cpu': -73}, 0: {'cpu': -50}, 1: {'cpu': -34}, 6: {'cpu': -82}, 7: {'cpu': -62}, 3: {'cpu': -59}}, 'link_level': {(0, 2): {'bw': -40}, (0, 4): {'bw': -24}, (0, 5): {'bw': -2}, (1, 2): {'bw': -12}}, 'path_level': {(0, 2): {'latency': -5.9495138743418465}, (0, 4): {'latency': -4.624177094007763}, (0, 5): {'latency': -5.55000180239875}, (1, 2): {'latency': 0.9532444142566447}}}","{'node_level': {2: {'cpu': 0}, 5: {'cpu': 0}, 4: {'cpu': 0}, 0: {'cpu': 0}, 1: {'cpu': 0}, 6: {'cpu': 0}, 7: {'cpu': 0}, 3: {'cpu': 0}}, 'link_level': {(0, 2): {'bw': 0}, (0, 4): {'bw': 0}, (0, 5): {'bw': 0}, (1, 2): {'bw': 0}}, 'path_level': {(0, 2): {'latency': 0}, (0, 4): {'latency': 0}, (0, 5): {'latency': 0}, (1, 2): {'latency': 0.9532444142566447}}}",[],0.0,0.0,True,False,False,0,[],0,0.0,8.0,4.0
35,9,6,1355.0,2204.0,443582.43974953925,721425.6564782333,0.6147912885662432,0.6148692325623201,17,42,0,436.80630709617253,40946,7522,33424,0.030795000644246895,0.04155076993662721,17,227.80630709617253,209.0,4,3,False,{},{},{},{},0.0,0.0,0.0,0.0,0.0,0.0,0.0,0.0,0.0,0.0,0.0,0.0,0.0,0.0,Leave Event,0.0,"{'node_level': {}, 'link_level': {}, 'path_level': {}}","{'node_level': {}, 'link_level': {}, 'path_level': {}}","{'node_level': {}, 'link_level': {}, 'path_level': {}}",[],0.0,0.0,True,True,False,0,[],0,0.0,,
36,9,6,1355.0,2204.0,443582.43974953925,721425.6564782333,0.6147912885662432,0.6148692325623201,17,43,1,447.0,40946,7522,33424,0.030795000644246895,0.04155076993662721,35,1114.6356604354908,447.0,2,1,False,"{0: 31, 1: 73}","{(0, 1): []}","{(0, 31): {'cpu': 20}, (1, 73): {'cpu': 8}}",{},0.0,0.0,73.0,28.0,45.0,0.0,0.0,0.0,0.0,0.0,0.0,0.0,0.0,0.0,Route Failure,8.171327153926208,"{'node_level': {}, 'link_level': {}, 'path_level': {}}","{'node_level': {0: {'cpu': -40}, 1: {'cpu': -59}}, 'link_level': {(0, 1): {'bw': -35}}, 'path_level': {(0, 1): {'latency': 8.171327153926208}}}","{'node_level': {0: {'cpu': 0}, 1: {'cpu': 0}}, 'link_level': {(0, 1): {'bw': 0}}, 'path_level': {(0, 1): {'latency': 8.171327153926208}}}",[],0.0,0.0,True,False,False,0,[],0,0.0,2.0,1.0
36,9,6,1355.0,2204.0,443582.43974953925,721425.6564782333,0.6147912885662432,0.6148692325623201,17,44,0,460.37396559521494,40946,7522,33424,0.030795000644246895,0.04155076993662721,5,389.37396559521494,71.0,7,12,False,{},{},{},{},0.0,0.0,0.0,0.0,0.0,0.0,0.0,0.0,0.0,0.0,0.0,0.0,0.0,0.0,Leave Event,0.0,"{'node_level': {}, 'link_level': {}, 'path_level': {}}","{'node_level': {}, 'link_level': {}, 'path_level': {}}","{'node_level': {}, 'link_level': {}, 'path_level': {}}",[],0.0,0.0,True,True,False,0,[],0,0.0,,
37,9,6,1355.0,2204.0,443582.43974953925,721425.6564782333,0.6147912885662432,0.6148692325623201,17,45,1,462.0,40946,7522,33424,0.030795000644246895,0.04155076993662721,36,511.07098520707405,462.0,2,1,False,"{1: 31, 0: 73}","{(0, 1): []}","{(1, 31): {'cpu': 4}, (0, 73): {'cpu': 2}}",{},0.0,0.0,20.0,6.0,14.0,0.0,0.0,0.0,0.0,0.0,0.0,0.0,0.0,0.0,Route Failure,6.476463978708511,"{'node_level': {}, 'link_level': {}, 'path_level': {}}","{'node_level': {1: {'cpu': -56}, 0: {'cpu': -65}}, 'link_level': {(0, 1): {'bw': -51}}, 'path_level': {(0, 1): {'latency': 6.476463978708511}}}","{'node_level': {1: {'cpu': 0}, 0: {'cpu': 0}}, 'link_level': {(0, 1): {'bw': 0}}, 'path_level': {(0, 1): {'latency': 6.476463978708511}}}",[],0.0,0.0,True,False,False,0,[],0,0.0,2.0,1.0
37,9,5,1355.0,2204.0,443582.43974953925,721425.6564782333,0.6147912885662432,0.6148692325623201,17,46,0,469.1940139598675,41454,7610,33844,0.019456255637160136,0.029507068505720713,11,327.1940139598675,142.0,6,9,False,{},{},{},{},0.0,0.0,0.0,0.0,0.0,0.0,0.0,0.0,0.0,0.0,0.0,0.0,0.0,0.0,Leave Event,0.0,"{'node_level': {}, 'link_level': {}, 'path_level': {}}","{'node_level': {}, 'link_level': {}, 'path_level': {}}","{'node_level': {}, 'link_level': {}, 'path_level': {}}",[],0.0,0.0,True,True,False,0,[],0,0.0,,
37,9,5,1355.0,2204.0,443582.43974953925,721425.6564782333,0.6147912885662432,0.6148692325623201,17,47,0,474.2373610826386,41454,7610,33844,0.019456255637160136,0.029507068505720713,34,38.237361082638564,436.0,8,17,False,{},{},{},{},0.0,0.0,0.0,0.0,0.0,0.0,0.0,0.0,0.0,0.0,0.0,0.0,0.0,0.0,Leave Event,0.0,"{'node_level': {}, 'link_level': {}, 'path_level': {}}","{'node_level': {}, 'link_level': {}, 'path_level': {}}","{'node_level': {}, 'link_level': {}, 'path_level': {}}",[],0.0,0.0,True,True,False,0,[],0,0.0,,
38,9,5,1355.0,2204.0,443582.43974953925,721425.6564782333,0.6147912885662432,0.6148692325623201,17,48,1,477.0,41454,7610,33844,0.019456255637160136,0.029507068505720713,37,77.35260196527098,477.0,4,5,False,"{1: 73, 2: 31, 3: 59, 0: 57}","{(0, 1): [(57, 55), (55, 73)], (0, 3): [(57, 59)], (1, 2): []}","{(1, 73): {'cpu': 7}, (2, 31): {'cpu': 18}, (3, 59): {'cpu': 7}, (0, 57): {'cpu': 2}}","{((0, 1), (57, 55)): {'bw': 26}, ((0, 1), (55, 73)): {'bw': 26}, ((0, 3), (57, 59)): {'bw': 36}}",0.0,0.0,193.0,34.0,159.0,0.0,0.0,0.0,0.0,0.0,0.0,0.0,0.0,0.0,Route Failure,7.57988294551529,"{'node_level': {}, 'link_level': {}, 'path_level': {}}","{'node_level': {1: {'cpu': -80}, 2: {'cpu': -61}, 3: {'cpu': -86}, 0: {'cpu': -65}}, 'link_level': {(0, 1): {'bw': -18}, (0, 3): {'bw': -57}, (1, 2): {'bw': -20}}, 'path_level': {(0, 1): {'latency': -2.4357780904997046}, (0, 3): {'latency': -3.9980576148253695}, (1, 2): {'latency': 7.57988294551529}}}","{'node_level': {1: {'cpu': 0}, 2: {'cpu': 0}, 3: {'cpu': 0}, 0: {'cpu': 0}}, 'link_level': {(0, 1): {'bw': 0}, (0, 3): {'bw': 0}, (1, 2): {'bw': 0}}, 'path_level': {(0, 1): {'latency': 0}, (0, 3): {'latency': 0}, (1, 2): {'latency': 7.57988294551529}}}",[],0.0,0.0,True,False,False,0,[],0,0.0,4.0,3.0
39,9,5,1355.0,2204.0,443582.43974953925,721425.6564782333,0.6147912885662432,0.6148692325623201,17,49,1,489.0,41454,7610,33844,0.019456255637160136,0.029507068505720713,38,267.32604970490326,489.0,6,5,False,"{5: 73, 2: 31, 0: 59, 1: 57, 3: 85, 4: 66}","{(0, 5): [(59, 73)], (1, 2): [(57, 55), (55, 31)], (2, 5): []}","{(5, 73): {'cpu': 15}, (2, 31): {'cpu': 20}, (0, 59): {'cpu': 15}, (1, 57): {'cpu': 13}, (3, 85): {'cpu': 14}, (4, 66): {'cpu': 16}}","{((0, 5), (59, 73)): {'bw': 42}, ((1, 2), (57, 55)): {'bw': 44}, ((1, 2), (55, 31)): {'bw': 44}}",0.0,0.0,224.0,93.0,131.0,0.0,0.0,0.0,0.0,0.0,0.0,0.0,0.0,0.0,Route Failure,7.989605911133877,"{'node_level': {}, 'link_level': {}, 'path_level': {}}","{'node_level': {5: {'cpu': -72}, 2: {'cpu': -59}, 0: {'cpu': -78}, 1: {'cpu': -54}, 3: {'cpu': -84}, 4: {'cpu': -47}}, 'link_level': {(0, 5): {'bw': -30}, (1, 2): {'bw': 0}, (2, 5): {'bw': -66}}, 'path_level': {(0, 5): {'latency': -2.0867182808089515}, (1, 2): {'latency': -0.7293593185626754}, (2, 5): {'latency': 7.989605911133877}}}","{'node_level': {5: {'cpu': 0}, 2: {'cpu': 0}, 0: {'cpu': 0}, 1: {'cpu': 0}, 3: {'cpu': 0}, 4: {'cpu': 0}}, 'link_level': {(0, 5): {'bw': 0}, (1, 2): {'bw': 0}, (2, 5): {'bw': 0}}, 'path_level': {(0, 5): {'latency': 0}, (1, 2): {'latency': 0}, (2, 5): {'latency': 7.989605911133877}}}",[],0.0,0.0,True,False,False,0,[],0,0.0,6.0,3.0
40,9,5,1355.0,2204.0,443582.43974953925,721425.6564782333,0.6147912885662432,0.6148692325623201,17,50,1,503.0,41454,7610,33844,0.019456255637160136,0.029507068505720713,39,25.177879846275736,503.0,7,9,False,"{6: 73, 5: 31, 2: 59, 4: 57, 3: 85, 0: 66, 1: 50}","{(0, 3): [(66, 11), (11, 85)], (1, 3): [(50, 85)], (1, 5): [(50, 31)], (1, 6): [(50, 55), (55, 73)], (2, 6): [(59, 73)], (3, 4): [(85, 41), (41, 57)], (3, 5): []}","{(6, 73): {'cpu': 17}, (5, 31): {'cpu': 7}, (2, 59): {'cpu': 19}, (4, 57): {'cpu': 14}, (3, 85): {'cpu': 4}, (0, 66): {'cpu': 16}, (1, 50): {'cpu': 1}}","{((0, 3), (66, 11)): {'bw': 12}, ((0, 3), (11, 85)): {'bw': 12}, ((1, 3), (50, 85)): {'bw': 16}, ((1, 5), (50, 31)): {'bw': 1}, ((1, 6), (50, 55)): {'bw': 4}, ((1, 6), (55, 73)): {'bw': 4}, ((2, 6), (59, 73)): {'bw': 36}, ((3, 4), (85, 41)): {'bw': 35}, ((3, 4), (41, 57)): {'bw': 35}}",0.0,0.0,257.0,78.0,179.0,0.0,0.0,0.0,0.0,0.0,0.0,0.0,0.0,0.0,Route Failure,3.313770323067394,"{'node_level': {}, 'link_level': {}, 'path_level': {}}","{'node_level': {6: {'cpu': -70}, 5: {'cpu': -72}, 2: {'cpu': -74}, 4: {'cpu': -53}, 3: {'cpu': -94}, 0: {'cpu': -47}, 1: {'cpu': -63}}, 'link_level': {(0, 3): {'bw': -39}, (1, 3): {'bw': -34}, (1, 5): {'bw': -59}, (1, 6): {'bw': -51}, (2, 6): {'bw': -36}, (3, 4): {'bw': -34}, (3, 5): {'bw': -33}}, 'path_level': {(0, 3): {'latency': -1.6234897820702816}, (1, 3): {'latency': -12.552043034003827}, (1, 5): {'latency': -9.726785491551551}, (1, 6): {'latency': -7.174204938745719}, (2, 6): {'latency': -1.7964053313599946}, (3, 4): {'latency': -1.9883310256408002}, (3, 5): {'latency': 3.313770323067394}}}","{'node_level': {6: {'cpu': 0}, 5: {'cpu': 0}, 2: {'cpu': 0}, 4: {'cpu': 0}, 3: {'cpu': 0}, 0: {'cpu': 0}, 1: {'cpu': 0}}, 'link_level': {(0, 3): {'bw': 0}, (1, 3): {'bw': 0}, (1, 5): {'bw': 0}, (1, 6): {'bw': 0}, (2, 6): {'bw': 0}, (3, 4): {'bw': 0}, (3, 5): {'bw': 0}}, 'path_level': {(0, 3): {'latency': 0}, (1, 3): {'latency': 0}, (1, 5): {'latency': 0}, (1, 6): {'latency': 0}, (2, 6): {'latency': 0}, (3, 4): {'latency': 0}, (3, 5): {'latency': 3.313770323067394}}}",[],0.0,0.0,True,False,False,0,[],0,0.0,7.0,7.0
41,9,5,1355.0,2204.0,443582.43974953925,721425.6564782333,0.6147912885662432,0.6148692325623201,17,51,1,521.0,41454,7610,33844,0.019456255637160136,0.029507068505720713,40,117.4647097538921,521.0,10,21,False,"{3: 73, 7: 31, 6: 59, 1: 57, 5: 85, 0: 66, 9: 50, 8: 86, 4: 45, 2: 5}","{(0, 1): [(66, 57)], (0, 3): [(66, 73)], (0, 8): [(66, 22), (22, 86)], (1, 3): [(57, 55), (55, 73)], (1, 4): [(57, 59), (59, 45)], (1, 7): [(57, 55), (55, 31)], (1, 9): [(57, 64), (64, 50)], (2, 7): []}","{(3, 73): {'cpu': 17}, (7, 31): {'cpu': 12}, (6, 59): {'cpu': 18}, (1, 57): {'cpu': 10}, (5, 85): {'cpu': 15}, (0, 66): {'cpu': 7}, (9, 50): {'cpu': 15}, (8, 86): {'cpu': 7}, (4, 45): {'cpu': 1}, (2, 5): {'cpu': 10}}","{((0, 1), (66, 57)): {'bw': 45}, ((0, 3), (66, 73)): {'bw': 28}, ((0, 8), (66, 22)): {'bw': 19}, ((0, 8), (22, 86)): {'bw': 19}, ((1, 3), (57, 55)): {'bw': 34}, ((1, 3), (55, 73)): {'bw': 34}, ((1, 4), (57, 59)): {'bw': 16}, ((1, 4), (59, 45)): {'bw': 16}, ((1, 7), (57, 55)): {'bw': 9}, ((1, 7), (55, 31)): {'bw': 9}, ((1, 9), (57, 64)): {'bw': 6}, ((1, 9), (64, 50)): {'bw': 6}}",0.0,0.0,581.0,112.0,469.0,0.0,0.0,0.0,0.0,0.0,0.0,0.0,0.0,0.0,Route Failure,6.350195638600029,"{'node_level': {}, 'link_level': {}, 'path_level': {}}","{'node_level': {3: {'cpu': -70}, 7: {'cpu': -67}, 6: {'cpu': -75}, 1: {'cpu': -57}, 5: {'cpu': -83}, 0: {'cpu': -56}, 9: {'cpu': -49}, 8: {'cpu': -37}, 4: {'cpu': -77}, 2: {'cpu': -60}}, 'link_level': {(0, 1): {'bw': -19}, (0, 3): {'bw': -62}, (0, 8): {'bw': -45}, (1, 3): {'bw': -10}, (1, 4): {'bw': -43}, (1, 7): {'bw': -1}, (1, 9): {'bw': -69}, (2, 7): {'bw': -57}}, 'path_level': {(0, 1): {'latency': -8.814164847971266}, (0, 3): {'latency': -6.582963052398787}, (0, 8): {'latency': -1.0858015583036913}, (1, 3): {'latency': -6.702486623646555}, (1, 4): {'latency': -5.833013594615181}, (1, 7): {'latency': -4.0072142367674}, (1, 9): {'latency': -7.305533163313354}, (2, 7): {'latency': 6.350195638600029}}}","{'node_level': {3: {'cpu': 0}, 7: {'cpu': 0}, 6: {'cpu': 0}, 1: {'cpu': 0}, 5: {'cpu': 0}, 0: {'cpu': 0}, 9: {'cpu': 0}, 8: {'cpu': 0}, 4: {'cpu': 0}, 2: {'cpu': 0}}, 'link_level': {(0, 1): {'bw': 0}, (0, 3): {'bw': 0}, (0, 8): {'bw': 0}, (1, 3): {'bw': 0}, (1, 4): {'bw': 0}, (1, 7): {'bw': 0}, (1, 9): {'bw': 0}, (2, 7): {'bw': 0}}, 'path_level': {(0, 1): {'latency': 0}, (0, 3): {'latency': 0}, (0, 8): {'latency': 0}, (1, 3): {'latency': 0}, (1, 4): {'latency': 0}, (1, 7): {'latency': 0}, (1, 9): {'latency': 0}, (2, 7): {'latency': 6.350195638600029}}}",[],0.0,0.0,True,False,False,0,[],0,0.0,10.0,8.0
41,9,5,1355.0,2204.0,443582.43974953925,721425.6564782333,0.6147912885662432,0.6148692325623201,17,52,0,523.5291919280089,41454,7610,33844,0.019456255637160136,0.029507068505720713,33,97.52919192800896,426.0,9,20,False,{},{},{},{},0.0,0.0,0.0,0.0,0.0,0.0,0.0,0.0,0.0,0.0,0.0,0.0,0.0,0.0,Leave Event,0.0,"{'node_level': {}, 'link_level': {}, 'path_level': {}}","{'node_level': {}, 'link_level': {}, 'path_level': {}}","{'node_level': {}, 'link_level': {}, 'path_level': {}}",[],0.0,0.0,True,True,False,0,[],0,0.0,,
41,9,5,1355.0,2204.0,443582.43974953925,721425.6564782333,0.6147912885662432,0.6148692325623201,17,53,0,528.1778798462757,41454,7610,33844,0.019456255637160136,0.029507068505720713,39,25.177879846275736,503.0,7,9,False,{},{},{},{},0.0,0.0,0.0,0.0,0.0,0.0,0.0,0.0,0.0,0.0,0.0,0.0,0.0,0.0,Leave Event,0.0,"{'node_level': {}, 'link_level': {}, 'path_level': {}}","{'node_level': {}, 'link_level': {}, 'path_level': {}}","{'node_level': {}, 'link_level': {}, 'path_level': {}}",[],0.0,0.0,True,True,False,0,[],0,0.0,,
41,9,5,1355.0,2204.0,443582.43974953925,721425.6564782333,0.6147912885662432,0.6148692325623201,17,54,0,529.9411698187021,41454,7610,33844,0.019456255637160136,0.029507068505720713,32,122.94116981870206,407.0,6,5,False,{},{},{},{},0.0,0.0,0.0,0.0,0.0,0.0,0.0,0.0,0.0,0.0,0.0,0.0,0.0,0.0,Leave Event,0.0,"{'node_level': {}, 'link_level': {}, 'path_level': {}}","{'node_level': {}, 'link_level': {}, 'path_level': {}}","{'node_level': {}, 'link_level': {}, 'path_level': {}}",[],0.0,0.0,True,True,False,0,[],0,0.0,,
42,9,5,1355.0,2204.0,443582.43974953925,721425.6564782333,0.6147912885662432,0.6148692325623201,17,55,1,533.0,41454,7610,33844,0.019456255637160136,0.029507068505720713,41,655.9797235993424,533.0,10,27,False,"{4: 73, 0: 31, 7: 59, 9: 57, 2: 85, 8: 66, 5: 50, 3: 86, 6: 45, 1: 5}","{(0, 1): [(31, 5)], (0, 2): [(31, 6), (6, 85)], (0, 4): [(31, 55), (55, 73)], (0, 5): [(31, 50)], (0, 6): [(31, 45)], (0, 7): []}","{(4, 73): {'cpu': 14}, (0, 31): {'cpu': 16}, (7, 59): {'cpu': 12}, (9, 57): {'cpu': 16}, (2, 85): {'cpu': 18}, (8, 66): {'cpu': 15}, (5, 50): {'cpu': 9}, (3, 86): {'cpu': 4}, (6, 45): {'cpu': 4}, (1, 5): {'cpu': 4}}","{((0, 1), (31, 5)): {'bw': 48}, ((0, 2), (31, 6)): {'bw': 18}, ((0, 2), (6, 85)): {'bw': 18}, ((0, 4), (31, 55)): {'bw': 19}, ((0, 4), (55, 73)): {'bw': 19}, ((0, 5), (31, 50)): {'bw': 41}, ((0, 6), (31, 45)): {'bw': 25}}",0.0,0.0,938.0,112.0,826.0,0.0,0.0,0.0,0.0,0.0,0.0,0.0,0.0,0.0,Route Failure,2.829770124474846,"{'node_level': {}, 'link_level': {}, 'path_level': {}}","{'node_level': {4: {'cpu': -73}, 0: {'cpu': -63}, 7: {'cpu': -81}, 9: {'cpu': -51}, 2: {'cpu': -80}, 8: {'cpu': -48}, 5: {'cpu': -55}, 3: {'cpu': -40}, 6: {'cpu': -74}, 1: {'cpu': -66}}, 'link_level': {(0, 1): {'bw': -17}, (0, 2): {'bw': -35}, (0, 4): {'bw': -39}, (0, 5): {'bw': -19}, (0, 6): {'bw': -68}, (0, 7): {'bw': -6}}, 'path_level': {(0, 1): {'latency': -8.30338337338612}, (0, 2): {'latency': -4.531054299462273}, (0, 4): {'latency': -9.132692090259624}, (0, 5): {'latency': -5.51446722142432}, (0, 6): {'latency': -5.8548589805383005}, (0, 7): {'latency': 2.829770124474846}}}","{'node_level': {4: {'cpu': 0}, 0: {'cpu': 0}, 7: {'cpu': 0}, 9: {'cpu': 0}, 2: {'cpu': 0}, 8: {'cpu': 0}, 5: {'cpu': 0}, 3: {'cpu': 0}, 6: {'cpu': 0}, 1: {'cpu': 0}}, 'link_level': {(0, 1): {'bw': 0}, (0, 2): {'bw': 0}, (0, 4): {'bw': 0}, (0, 5): {'bw': 0}, (0, 6): {'bw': 0}, (0, 7): {'bw': 0}}, 'path_level': {(0, 1): {'latency': 0}, (0, 2): {'latency': 0}, (0, 4): {'latency': 0}, (0, 5): {'latency': 0}, (0, 6): {'latency': 0}, (0, 7): {'latency': 2.829770124474846}}}",[],0.0,0.0,True,False,False,0,[],0,0.0,10.0,6.0
43,9,5,1355.0,2204.0,443582.43974953925,721425.6564782333,0.6147912885662432,0.6148692325623201,17,56,1,542.0,41454,7610,33844,0.019456255637160136,0.029507068505720713,42,526.5175982188248,542.0,9,16,False,"{4: 73, 3: 31, 0: 59, 5: 57, 1: 85, 6: 66, 7: 50, 8: 86, 2: 45}","{(0, 1): [(59, 70), (70, 6), (6, 85)], (0, 3): [(59, 45), (45, 31)], (0, 4): [(59, 73)], (0, 5): [(59, 57)], (1, 2): [(85, 50), (50, 45)], (1, 4): []}","{(4, 73): {'cpu': 16}, (3, 31): {'cpu': 8}, (0, 59): {'cpu': 20}, (5, 57): {'cpu': 15}, (1, 85): {'cpu': 7}, (6, 66): {'cpu': 10}, (7, 50): {'cpu': 4}, (8, 86): {'cpu': 9}, (2, 45): {'cpu': 1}}","{((0, 1), (59, 70)): {'bw': 3}, ((0, 1), (70, 6)): {'bw': 3}, ((0, 1), (6, 85)): {'bw': 3}, ((0, 3), (59, 45)): {'bw': 49}, ((0, 3), (45, 31)): {'bw': 49}, ((0, 4), (59, 73)): {'bw': 5}, ((0, 5), (59, 57)): {'bw': 2}, ((1, 2), (85, 50)): {'bw': 10}, ((1, 2), (50, 45)): {'bw': 10}}",0.0,0.0,506.0,90.0,416.0,0.0,0.0,0.0,0.0,0.0,0.0,0.0,0.0,0.0,Route Failure,5.550849507914762,"{'node_level': {}, 'link_level': {}, 'path_level': {}}","{'node_level': {4: {'cpu': -71}, 3: {'cpu': -71}, 0: {'cpu': -73}, 5: {'cpu': -52}, 1: {'cpu': -91}, 6: {'cpu': -53}, 7: {'cpu': -60}, 8: {'cpu': -35}, 2: {'cpu': -77}}, 'link_level': {(0, 1): {'bw': -50}, (0, 3): {'bw': -10}, (0, 4): {'bw': -67}, (0, 5): {'bw': -91}, (1, 2): {'bw': -40}, (1, 4): {'bw': -42}}, 'path_level': {(0, 1): {'latency': -1.573325204290513}, (0, 3): {'latency': -8.617508517668218}, (0, 4): {'latency': -12.04825452439945}, (0, 5): {'latency': -10.729439262066279}, (1, 2): {'latency': -7.086885265550563}, (1, 4): {'latency': 5.550849507914762}}}","{'node_level': {4: {'cpu': 0}, 3: {'cpu': 0}, 0: {'cpu': 0}, 5: {'cpu': 0}, 1: {'cpu': 0}, 6: {'cpu': 0}, 7: {'cpu': 0}, 8: {'cpu': 0}, 2: {'cpu': 0}}, 'link_level': {(0, 1): {'bw': 0}, (0, 3): {'bw': 0}, (0, 4): {'bw': 0}, (0, 5): {'bw': 0}, (1, 2): {'bw': 0}, (1, 4): {'bw': 0}}, 'path_level': {(0, 1): {'latency': 0}, (0, 3): {'latency': 0}, (0, 4): {'latency': 0}, (0, 5): {'latency': 0}, (1, 2): {'latency': 0}, (1, 4): {'latency': 5.550849507914762}}}",[],0.0,0.0,True,False,False,0,[],0,0.0,9.0,6.0
44,10,6,1711.0,2706.0,559631.9574149536,885068.5156581153,0.6322985957132299,0.6323035420583513,17,57,1,550.0,40952,7546,33406,0.027702615642314132,0.042066928569380324,43,325.9817911949841,550.0,7,10,True,"{2: 73, 6: 31, 0: 59, 3: 57, 1: 85, 5: 66, 4: 50}","{(0, 2): [(59, 73)], (0, 3): [(59, 57)], (0, 5): [(59, 2), (2, 66)], (1, 2): [(85, 15), (15, 73)], (1, 3): [(85, 41), (41, 57)], (1, 4): [(85, 50)], (2, 6): [(73, 55), (55, 31)], (3, 5): [(57, 66)], (3, 6): [(57, 55), (55, 31)], (5, 6): [(66, 77), (77, 31)]}","{(2, 73): {'cpu': 19}, (6, 31): {'cpu': 18}, (0, 59): {'cpu': 13}, (3, 57): {'cpu': 5}, (1, 85): {'cpu': 5}, (5, 66): {'cpu': 1}, (4, 50): {'cpu': 3}}","{((0, 2), (59, 73)): {'bw': 41}, ((0, 3), (59, 57)): {'bw': 34}, ((0, 5), (59, 2)): {'bw': 6}, ((0, 5), (2, 66)): {'bw': 6}, ((1, 2), (85, 15)): {'bw': 16}, ((1, 2), (15, 73)): {'bw': 16}, ((1, 3), (85, 41)): {'bw': 50}, ((1, 3), (41, 57)): {'bw': 50}, ((1, 4), (85, 50)): {'bw': 43}, ((2, 6), (73, 55)): {'bw': 41}, ((2, 6), (55, 31)): {'bw': 41}, ((3, 5), (57, 66)): {'bw': 28}, ((3, 6), (57, 55)): {'bw': 27}, ((3, 6), (55, 31)): {'bw': 27}, ((5, 6), (66, 77)): {'bw': 6}, ((5, 6), (77, 31)): {'bw': 6}}",502.0,356.0,356.0,64.0,292.0,64.0,292.0,64.0,438.0,146.0,0.7091633466135459,163642.859179882,116049.51766541434,231.17433797891306,Success,0.0,"{'node_level': {}, 'link_level': {}, 'path_level': {}}","{'node_level': {2: {'cpu': -68}, 6: {'cpu': -61}, 0: {'cpu': -80}, 3: {'cpu': -62}, 1: {'cpu': -93}, 5: {'cpu': -62}, 4: {'cpu': -61}}, 'link_level': {(0, 2): {'bw': -31}, (0, 3): {'bw': -59}, (0, 5): {'bw': -55}, (1, 2): {'bw': -80}, (1, 3): {'bw': -19}, (1, 4): {'bw': -7}, (2, 6): {'bw': -17}, (3, 5): {'bw': -36}, (3, 6): {'bw': -10}, (5, 6): {'bw': -29}}, 'path_level': {(0, 2): {'latency': -5.669855697659801}, (0, 3): {'latency': -6.331927586120184}, (0, 5): {'latency': -3.206878202465175}, (1, 2): {'latency': -5.729930873723916}, (1, 3): {'latency': -2.7253245644241195}, (1, 4): {'latency': -4.494470209917019}, (2, 6): {'latency': -2.9308165716496086}, (3, 5): {'latency': -0.061676300353885605}, (3, 6): {'latency': -10.28713048571339}, (5, 6): {'latency': -1.1295086165741983}}}","{'node_level': {2: {'cpu': 0}, 6: {'cpu': 0}, 0: {'cpu': 0}, 3: {'cpu': 0}, 1: {'cpu': 0}, 5: {'cpu': 0}, 4: {'cpu': 0}}, 'link_level': {(0, 2): {'bw': 0}, (0, 3): {'bw': 0}, (0, 5): {'bw': 0}, (1, 2): {'bw': 0}, (1, 3): {'bw': 0}, (1, 4): {'bw': 0}, (2, 6): {'bw': 0}, (3, 5): {'bw': 0}, (3, 6): {'bw': 0}, (5, 6): {'bw': 0}}, 'path_level': {(0, 2): {'latency': 0}, (0, 3): {'latency': 0}, (0, 5): {'latency': 0}, (1, 2): {'latency': 0}, (1, 3): {'latency': 0}, (1, 4): {'latency': 0}, (2, 6): {'latency': 0}, (3, 5): {'latency': 0}, (3, 6): {'latency': 0}, (5, 6): {'latency': 0}}}",[],0.0,0.0,True,True,False,0,[],0,0.0,7.0,10.0
44,10,6,1711.0,2706.0,559631.9574149536,885068.5156581153,0.6322985957132299,0.6323035420583513,17,58,0,554.352601965271,40952,7546,33406,0.027702615642314132,0.042066928569380324,37,77.35260196527098,477.0,4,5,False,{},{},{},{},0.0,0.0,0.0,0.0,0.0,0.0,0.0,0.0,0.0,0.0,0.0,0.0,0.0,0.0,Leave Event,0.0,"{'node_level': {}, 'link_level': {}, 'path_level': {}}","{'node_level': {}, 'link_level': {}, 'path_level': {}}","{'node_level': {}, 'link_level': {}, 'path_level': {}}",[],0.0,0.0,True,True,False,0,[],0,0.0,,
45,10,6,1711.0,2706.0,559631.9574149536,885068.5156581153,0.6322985957132299,0.6323035420583513,17,59,1,564.0,40952,7546,33406,0.027702615642314132,0.042066928569380324,44,160.6404594534066,564.0,3,2,False,"{0: 73, 2: 59, 1: 31}","{(0, 1): []}","{(0, 73): {'cpu': 19}, (2, 59): {'cpu': 19}, (1, 31): {'cpu': 2}}",{},0.0,0.0,91.0,40.0,51.0,0.0,0.0,0.0,0.0,0.0,0.0,0.0,0.0,0.0,Route Failure,8.350122642938762,"{'node_level': {}, 'link_level': {}, 'path_level': {}}","{'node_level': {0: {'cpu': -49}, 2: {'cpu': -61}, 1: {'cpu': -59}}, 'link_level': {(0, 1): {'bw': -34}}, 'path_level': {(0, 1): {'latency': 8.350122642938762}}}","{'node_level': {0: {'cpu': 0}, 2: {'cpu': 0}, 1: {'cpu': 0}}, 'link_level': {(0, 1): {'bw': 0}}, 'path_level': {(0, 1): {'latency': 8.350122642938762}}}",[],0.0,0.0,True,False,False,0,[],0,0.0,3.0,1.0
46,11,7,1764.0,2764.0,587621.1028888023,915698.1465540252,0.638205499276411,0.6417192227593236,17,60,1,578.0,40894,7513,33381,0.031954645019971695,0.04278381555931521,45,528.0970844122402,578.0,3,2,True,"{1: 73, 2: 59, 0: 31}","{(0, 1): [(31, 55), (55, 73)], (1, 2): [(73, 59)]}","{(1, 73): {'cpu': 15}, (2, 59): {'cpu': 13}, (0, 31): {'cpu': 5}}","{((0, 1), (31, 55)): {'bw': 5}, ((0, 1), (55, 73)): {'bw': 5}, ((1, 2), (73, 59)): {'bw': 15}}",58.0,53.0,53.0,33.0,20.0,33.0,20.0,33.0,25.0,5.0,0.9137931034482759,30629.63089590993,27989.14547384873,482.5714736870471,Success,0.0,"{'node_level': {}, 'link_level': {}, 'path_level': {}}","{'node_level': {1: {'cpu': -53}, 2: {'cpu': -67}, 0: {'cpu': -56}}, 'link_level': {(0, 1): {'bw': -5}, (1, 2): {'bw': -16}}, 'path_level': {(0, 1): {'latency': -2.3893888818282925}, (1, 2): {'latency': -6.40273847134826}}}","{'node_level': {1: {'cpu': 0}, 2: {'cpu': 0}, 0: {'cpu': 0}}, 'link_level': {(0, 1): {'bw': 0}, (1, 2): {'bw': 0}}, 'path_level': {(0, 1): {'latency': 0}, (1, 2): {'latency': 0}}}",[],0.0,0.0,True,True,False,0,[],0,0.0,3.0,2.0
47,11,7,1764.0,2764.0,587621.1028888023,915698.1465540252,0.638205499276411,0.6417192227593236,17,61,1,592.0,40894,7513,33381,0.031954645019971695,0.04278381555931521,46,1566.917177280644,592.0,3,2,False,"{1: 31, 0: 73, 2: 66}","{(0, 1): []}","{(1, 31): {'cpu': 5}, (0, 73): {'cpu': 11}, (2, 66): {'cpu': 3}}",{},0.0,0.0,85.0,19.0,66.0,0.0,0.0,0.0,0.0,0.0,0.0,0.0,0.0,0.0,Route Failure,7.249197769814323,"{'node_level': {}, 'link_level': {}, 'path_level': {}}","{'node_level': {1: {'cpu': -51}, 0: {'cpu': -42}, 2: {'cpu': -59}}, 'link_level': {(0, 1): {'bw': -43}}, 'path_level': {(0, 1): {'latency': 7.249197769814323}}}","{'node_level': {1: {'cpu': 0}, 0: {'cpu': 0}, 2: {'cpu': 0}}, 'link_level': {(0, 1): {'bw': 0}}, 'path_level': {(0, 1): {'latency': 7.249197769814323}}}",[],0.0,0.0,True,False,False,0,[],0,0.0,3.0,1.0
48,11,7,1764.0,2764.0,587621.1028888023,915698.1465540252,0.638205499276411,0.6417192227593236,17,62,1,606.0,40894,7513,33381,0.031954645019971695,0.04278381555931521,47,285.9256554459682,606.0,7,11,False,"{4: 31, 2: 73, 1: 66, 0: 86, 5: 50, 6: 85, 3: 59}","{(0, 2): [(86, 73)], (0, 3): [(86, 88), (88, 59)], (0, 6): [(86, 13), (13, 85)], (1, 4): []}","{(4, 31): {'cpu': 16}, (2, 73): {'cpu': 11}, (1, 66): {'cpu': 12}, (0, 86): {'cpu': 14}, (5, 50): {'cpu': 4}, (6, 85): {'cpu': 5}, (3, 59): {'cpu': 4}}","{((0, 2), (86, 73)): {'bw': 26}, ((0, 3), (86, 88)): {'bw': 21}, ((0, 3), (88, 59)): {'bw': 21}, ((0, 6), (86, 13)): {'bw': 35}, ((0, 6), (13, 85)): {'bw': 35}}",0.0,0.0,379.0,66.0,313.0,0.0,0.0,0.0,0.0,0.0,0.0,0.0,0.0,0.0,Route Failure,26.0,"{'node_level': {}, 'link_level': {}, 'path_level': {}}","{'node_level': {4: {'cpu': -40}, 2: {'cpu': -42}, 1: {'cpu': -50}, 0: {'cpu': -30}, 5: {'cpu': -57}, 6: {'cpu': -88}, 3: {'cpu': -63}}, 'link_level': {(0, 2): {'bw': -44}, (0, 3): {'bw': -57}, (0, 6): {'bw': -30}, (1, 4): {'bw': 26}}, 'path_level': {(0, 2): {'latency': -2.1110183789033488}, (0, 3): {'latency': -3.743476817126095}, (0, 6): {'latency': -3.7911896270035452}, (1, 4): {'latency': 2.5824483348390954}}}","{'node_level': {4: {'cpu': 0}, 2: {'cpu': 0}, 1: {'cpu': 0}, 0: {'cpu': 0}, 5: {'cpu': 0}, 6: {'cpu': 0}, 3: {'cpu': 0}}, 'link_level': {(0, 2): {'bw': 0}, (0, 3): {'bw': 0}, (0, 6): {'bw': 0}, (1, 4): {'bw': 26}}, 'path_level': {(0, 2): {'latency': 0}, (0, 3): {'latency': 0}, (0, 6): {'latency': 0}, (1, 4): {'latency': 2.5824483348390954}}}",[],0.0,0.0,True,False,False,0,[],0,0.0,7.0,4.0
49,11,7,1764.0,2764.0,587621.1028888023,915698.1465540252,0.638205499276411,0.6417192227593236,17,63,1,619.0,40894,7513,33381,0.031954645019971695,0.04278381555931521,48,36.35659078738325,619.0,7,10,False,"{0: 31, 4: 73, 3: 66, 2: 86, 1: 50, 6: 85, 5: 59}","{(0, 1): [(31, 50)], (0, 2): [(31, 5), (5, 86)], (0, 3): [(31, 77), (77, 66)], (0, 4): []}","{(0, 31): {'cpu': 16}, (4, 73): {'cpu': 14}, (3, 66): {'cpu': 10}, (2, 86): {'cpu': 10}, (1, 50): {'cpu': 9}, (6, 85): {'cpu': 4}, (5, 59): {'cpu': 1}}","{((0, 1), (31, 50)): {'bw': 26}, ((0, 2), (31, 5)): {'bw': 30}, ((0, 2), (5, 86)): {'bw': 30}, ((0, 3), (31, 77)): {'bw': 16}, ((0, 3), (77, 66)): {'bw': 16}}",0.0,0.0,247.0,64.0,183.0,0.0,0.0,0.0,0.0,0.0,0.0,0.0,0.0,0.0,Route Failure,6.397163193165543,"{'node_level': {}, 'link_level': {}, 'path_level': {}}","{'node_level': {0: {'cpu': -40}, 4: {'cpu': -39}, 3: {'cpu': -52}, 2: {'cpu': -34}, 1: {'cpu': -52}, 6: {'cpu': -89}, 5: {'cpu': -66}}, 'link_level': {(0, 1): {'bw': -34}, (0, 2): {'bw': -35}, (0, 3): {'bw': -13}, (0, 4): {'bw': -72}}, 'path_level': {(0, 1): {'latency': -6.272214834374321}, (0, 2): {'latency': -4.100734846757984}, (0, 3): {'latency': -5.988236070060646}, (0, 4): {'latency': 6.397163193165543}}}","{'node_level': {0: {'cpu': 0}, 4: {'cpu': 0}, 3: {'cpu': 0}, 2: {'cpu': 0}, 1: {'cpu': 0}, 6: {'cpu': 0}, 5: {'cpu': 0}}, 'link_level': {(0, 1): {'bw': 0}, (0, 2): {'bw': 0}, (0, 3): {'bw': 0}, (0, 4): {'bw': 0}}, 'path_level': {(0, 1): {'latency': 0}, (0, 2): {'latency': 0}, (0, 3): {'latency': 0}, (0, 4): {'latency': 6.397163193165543}}}",[],0.0,0.0,True,False,False,0,[],0,0.0,7.0,4.0
49,11,6,1764.0,2764.0,587621.1028888023,915698.1465540252,0.638205499276411,0.6417192227593236,17,64,0,624.4245168666125,41083,7555,33528,0.026542971266589332,0.03856852005849798,18,402.4245168666126,222.0,3,2,False,{},{},{},{},0.0,0.0,0.0,0.0,0.0,0.0,0.0,0.0,0.0,0.0,0.0,0.0,0.0,0.0,Leave Event,0.0,"{'node_level': {}, 'link_level': {}, 'path_level': {}}","{'node_level': {}, 'link_level': {}, 'path_level': {}}","{'node_level': {}, 'link_level': {}, 'path_level': {}}",[],0.0,0.0,True,True,False,0,[],0,0.0,,
50,11,6,1764.0,2764.0,587621.1028888023,915698.1465540252,0.638205499276411,0.6417192227593236,17,65,1,631.0,41083,7555,33528,0.026542971266589332,0.03856852005849798,49,29.732500124698706,631.0,9,22,False,"{0: 86, 4: 4, 7: 21, 6: 31, 3: 73, 5: 66, 8: 85, 2: 59, 1: 50}","{(0, 2): [(86, 88), (88, 59)], (0, 3): [(86, 73)], (0, 4): [(86, 7), (7, 4)], (0, 5): [(86, 22), (22, 66)], (0, 7): [(86, 21)], (0, 8): [(86, 13), (13, 85)], (1, 2): []}","{(0, 86): {'cpu': 18}, (4, 4): {'cpu': 16}, (7, 21): {'cpu': 6}, (6, 31): {'cpu': 17}, (3, 73): {'cpu': 3}, (5, 66): {'cpu': 4}, (8, 85): {'cpu': 4}, (2, 59): {'cpu': 2}, (1, 50): {'cpu': 2}}","{((0, 2), (86, 88)): {'bw': 47}, ((0, 2), (88, 59)): {'bw': 47}, ((0, 3), (86, 73)): {'bw': 39}, ((0, 4), (86, 7)): {'bw': 47}, ((0, 4), (7, 4)): {'bw': 47}, ((0, 5), (86, 22)): {'bw': 32}, ((0, 5), (22, 66)): {'bw': 32}, ((0, 7), (86, 21)): {'bw': 47}, ((0, 8), (86, 13)): {'bw': 28}, ((0, 8), (13, 85)): {'bw': 28}}",0.0,0.0,716.0,72.0,644.0,0.0,0.0,0.0,0.0,0.0,0.0,0.0,0.0,0.0,Route Failure,6.92376883087563,"{'node_level': {}, 'link_level': {}, 'path_level': {}}","{'node_level': {0: {'cpu': -42}, 4: {'cpu': -34}, 7: {'cpu': -70}, 6: {'cpu': -39}, 3: {'cpu': -50}, 5: {'cpu': -58}, 8: {'cpu': -89}, 2: {'cpu': -65}, 1: {'cpu': -59}}, 'link_level': {(0, 2): {'bw': -31}, (0, 3): {'bw': -31}, (0, 4): {'bw': -10}, (0, 5): {'bw': -32}, (0, 7): {'bw': -15}, (0, 8): {'bw': -37}, (1, 2): {'bw': -28}}, 'path_level': {(0, 2): {'latency': -3.82443970207762}, (0, 3): {'latency': -3.9881601434344263}, (0, 4): {'latency': -5.057279873224406}, (0, 5): {'latency': -3.6202759425856286}, (0, 7): {'latency': -5.984765139334896}, (0, 8): {'latency': -5.839382175225353}, (1, 2): {'latency': 6.92376883087563}}}","{'node_level': {0: {'cpu': 0}, 4: {'cpu': 0}, 7: {'cpu': 0}, 6: {'cpu': 0}, 3: {'cpu': 0}, 5: {'cpu': 0}, 8: {'cpu': 0}, 2: {'cpu': 0}, 1: {'cpu': 0}}, 'link_level': {(0, 2): {'bw': 0}, (0, 3): {'bw': 0}, (0, 4): {'bw': 0}, (0, 5): {'bw': 0}, (0, 7): {'bw': 0}, (0, 8): {'bw': 0}, (1, 2): {'bw': 0}}, 'path_level': {(0, 2): {'latency': 0}, (0, 3): {'latency': 0}, (0, 4): {'latency': 0}, (0, 5): {'latency': 0}, (0, 7): {'latency': 0}, (0, 8): {'latency': 0}, (1, 2): {'latency': 6.92376883087563}}}",[],0.0,0.0,True,False,False,0,[],0,0.0,9.0,7.0
50,11,5,1764.0,2764.0,587621.1028888023,915698.1465540252,0.638205499276411,0.6417192227593236,17,66,0,631.2419097190561,41149,7570,33579,0.02461023064038137,0.037106070599030816,4,572.2419097190561,59.0,2,1,False,{},{},{},{},0.0,0.0,0.0,0.0,0.0,0.0,0.0,0.0,0.0,0.0,0.0,0.0,0.0,0.0,Leave Event,0.0,"{'node_level': {}, 'link_level': {}, 'path_level': {}}","{'node_level': {}, 'link_level': {}, 'path_level': {}}","{'node_level': {}, 'link_level': {}, 'path_level': {}}",[],0.0,0.0,True,True,False,0,[],0,0.0,,
50,11,5,1764.0,2764.0,587621.1028888023,915698.1465540252,0.638205499276411,0.6417192227593236,17,67,0,638.4647097538921,41149,7570,33579,0.02461023064038137,0.037106070599030816,40,117.4647097538921,521.0,10,21,False,{},{},{},{},0.0,0.0,0.0,0.0,0.0,0.0,0.0,0.0,0.0,0.0,0.0,0.0,0.0,0.0,Leave Event,0.0,"{'node_level': {}, 'link_level': {}, 'path_level': {}}","{'node_level': {}, 'link_level': {}, 'path_level': {}}","{'node_level': {}, 'link_level': {}, 'path_level': {}}",[],0.0,0.0,True,True,False,0,[],0,0.0,,
51,12,6,2004.0,3170.0,598001.9622085554,933259.1002366077,0.6321766561514196,0.6407673518071723,17,68,1,646.0,40743,7521,33222,0.030923850019327404,0.04734321681530118,50,43.253580498971516,646.0,6,6,True,"{5: 86, 1: 50, 3: 4, 4: 21, 0: 31, 2: 66}","{(0, 4): [(31, 5), (5, 21)], (0, 5): [(31, 5), (5, 86)], (1, 2): [(50, 8), (8, 11), (11, 66)], (1, 5): [(50, 97), (97, 86)], (3, 4): [(4, 21)], (3, 5): [(4, 22), (22, 86)]}","{(5, 86): {'cpu': 2}, (1, 50): {'cpu': 15}, (3, 4): {'cpu': 10}, (4, 21): {'cpu': 2}, (0, 31): {'cpu': 14}, (2, 66): {'cpu': 6}}","{((0, 4), (31, 5)): {'bw': 33}, ((0, 4), (5, 21)): {'bw': 33}, ((0, 5), (31, 5)): {'bw': 8}, ((0, 5), (5, 86)): {'bw': 8}, ((1, 2), (50, 8)): {'bw': 24}, ((1, 2), (8, 11)): {'bw': 24}, ((1, 2), (11, 66)): {'bw': 24}, ((1, 5), (50, 97)): {'bw': 47}, ((1, 5), (97, 86)): {'bw': 47}, ((3, 4), (4, 21)): {'bw': 49}, ((3, 5), (4, 22)): {'bw': 30}, ((3, 5), (22, 86)): {'bw': 30}}",406.0,240.0,240.0,49.0,191.0,49.0,191.0,49.0,357.0,166.0,0.5911330049261084,17560.953682582436,10380.859319753165,25.568619014170356,Success,0.0,"{'node_level': {}, 'link_level': {}, 'path_level': {}}","{'node_level': {5: {'cpu': -58}, 1: {'cpu': -58}, 3: {'cpu': -40}, 4: {'cpu': -74}, 0: {'cpu': -42}, 2: {'cpu': -59}}, 'link_level': {(0, 4): {'bw': -32}, (0, 5): {'bw': -24}, (1, 2): {'bw': -10}, (1, 5): {'bw': -8}, (3, 4): {'bw': -20}, (3, 5): {'bw': -39}}, 'path_level': {(0, 4): {'latency': -6.618658829185696}, (0, 5): {'latency': -1.6610628625090875}, (1, 2): {'latency': -5.304328517680233}, (1, 5): {'latency': -5.577296272127246}, (3, 4): {'latency': -6.75313821877614}, (3, 5): {'latency': -3.0099912998616674}}}","{'node_level': {5: {'cpu': 0}, 1: {'cpu': 0}, 3: {'cpu': 0}, 4: {'cpu': 0}, 0: {'cpu': 0}, 2: {'cpu': 0}}, 'link_level': {(0, 4): {'bw': 0}, (0, 5): {'bw': 0}, (1, 2): {'bw': 0}, (1, 5): {'bw': 0}, (3, 4): {'bw': 0}, (3, 5): {'bw': 0}}, 'path_level': {(0, 4): {'latency': 0}, (0, 5): {'latency': 0}, (1, 2): {'latency': 0}, (1, 5): {'latency': 0}, (3, 4): {'latency': 0}, (3, 5): {'latency': 0}}}",[],0.0,0.0,True,True,False,0,[],0,0.0,6.0,6.0
51,12,6,2004.0,3170.0,598001.9622085554,933259.1002366077,0.6321766561514196,0.6407673518071723,17,69,0,655.3565907873832,40743,7521,33222,0.030923850019327404,0.04734321681530118,48,36.35659078738325,619.0,7,10,False,{},{},{},{},0.0,0.0,0.0,0.0,0.0,0.0,0.0,0.0,0.0,0.0,0.0,0.0,0.0,0.0,Leave Event,0.0,"{'node_level': {}, 'link_level': {}, 'path_level': {}}","{'node_level': {}, 'link_level': {}, 'path_level': {}}","{'node_level': {}, 'link_level': {}, 'path_level': {}}",[],0.0,0.0,True,True,False,0,[],0,0.0,,
52,12,6,2004.0,3170.0,598001.9622085554,933259.1002366077,0.6321766561514196,0.6407673518071723,17,70,1,658.0,40743,7521,33222,0.030923850019327404,0.04734321681530118,51,1605.7910848435115,658.0,5,4,False,"{4: 86, 2: 73, 3: 66, 0: 59, 1: 85}","{(0, 1): [(59, 70), (70, 6), (6, 85)], (0, 4): []}","{(4, 86): {'cpu': 5}, (2, 73): {'cpu': 15}, (3, 66): {'cpu': 14}, (0, 59): {'cpu': 2}, (1, 85): {'cpu': 5}}","{((0, 1), (59, 70)): {'bw': 14}, ((0, 1), (70, 6)): {'bw': 14}, ((0, 1), (6, 85)): {'bw': 14}}",0.0,0.0,122.0,41.0,81.0,0.0,0.0,0.0,0.0,0.0,0.0,0.0,0.0,0.0,Route Failure,18.0,"{'node_level': {}, 'link_level': {}, 'path_level': {}}","{'node_level': {4: {'cpu': -53}, 2: {'cpu': -38}, 3: {'cpu': -45}, 0: {'cpu': -65}, 1: {'cpu': -88}}, 'link_level': {(0, 1): {'bw': -39}, (0, 4): {'bw': 18}}, 'path_level': {(0, 1): {'latency': -4.248869435017276}, (0, 4): {'latency': 3.4735480288016145}}}","{'node_level': {4: {'cpu': 0}, 2: {'cpu': 0}, 3: {'cpu': 0}, 0: {'cpu': 0}, 1: {'cpu': 0}}, 'link_level': {(0, 1): {'bw': 0}, (0, 4): {'bw': 18}}, 'path_level': {(0, 1): {'latency': 0}, (0, 4): {'latency': 3.4735480288016145}}}",[],0.0,0.0,True,False,False,0,[],0,0.0,5.0,2.0
52,12,6,2004.0,3170.0,598001.9622085554,933259.1002366077,0.6321766561514196,0.6407673518071723,17,71,0,660.7325001246987,40743,7521,33222,0.030923850019327404,0.04734321681530118,49,29.732500124698706,631.0,9,22,False,{},{},{},{},0.0,0.0,0.0,0.0,0.0,0.0,0.0,0.0,0.0,0.0,0.0,0.0,0.0,0.0,Leave Event,0.0,"{'node_level': {}, 'link_level': {}, 'path_level': {}}","{'node_level': {}, 'link_level': {}, 'path_level': {}}","{'node_level': {}, 'link_level': {}, 'path_level': {}}",[],0.0,0.0,True,True,False,0,[],0,0.0,,
53,13,7,2027.0,3193.0,606951.0799400322,942208.2179680845,0.6348261822737238,0.6441793526795492,17,72,1,666.0,40720,7506,33214,0.032856590645535366,0.047572620652080455,52,389.0920752815979,666.0,2,1,True,"{0: 86, 1: 73}","{(0, 1): [(86, 73)]}","{(0, 86): {'cpu': 10}, (1, 73): {'cpu': 5}}","{((0, 1), (86, 73)): {'bw': 8}}",23.0,23.0,23.0,15.0,8.0,15.0,8.0,15.0,8.0,0.0,1.0,8949.117731476752,8949.117731476752,389.0920752815979,Success,0.0,"{'node_level': {}, 'link_level': {}, 'path_level': {}}","{'node_level': {0: {'cpu': -48}, 1: {'cpu': -48}}, 'link_level': {(0, 1): {'bw': -62}}, 'path_level': {(0, 1): {'latency': -6.693808414447176}}}","{'node_level': {0: {'cpu': 0}, 1: {'cpu': 0}}, 'link_level': {(0, 1): {'bw': 0}}, 'path_level': {(0, 1): {'latency': 0}}}",[],0.0,0.0,True,True,False,0,[],0,0.0,2.0,1.0
53,13,6,2027.0,3193.0,606951.0799400322,942208.2179680845,0.6348261822737238,0.6441793526795492,17,73,0,673.5688329749084,40747,7511,33236,0.03221234377013271,0.046941760100937646,27,335.5688329749085,338.0,2,1,False,{},{},{},{},0.0,0.0,0.0,0.0,0.0,0.0,0.0,0.0,0.0,0.0,0.0,0.0,0.0,0.0,Leave Event,0.0,"{'node_level': {}, 'link_level': {}, 'path_level': {}}","{'node_level': {}, 'link_level': {}, 'path_level': {}}","{'node_level': {}, 'link_level': {}, 'path_level': {}}",[],0.0,0.0,True,True,False,0,[],0,0.0,,
54,14,7,2100.0,3315.0,673265.9633331798,1053035.8313100573,0.6334841628959276,0.6393571266189351,17,74,1,675.0,40625,7487,33138,0.035304728772065475,0.0497519571014825,53,908.4230601801049,675.0,2,1,True,"{1: 86, 0: 66}","{(0, 1): [(66, 73), (73, 86)]}","{(1, 86): {'cpu': 14}, (0, 66): {'cpu': 10}}","{((0, 1), (66, 73)): {'bw': 49}, ((0, 1), (73, 86)): {'bw': 49}}",122.0,73.0,73.0,24.0,49.0,24.0,49.0,24.0,98.0,49.0,0.5983606557377049,110827.6133419728,66314.88339314765,543.5646179766202,Success,0.0,"{'node_level': {}, 'link_level': {}, 'path_level': {}}","{'node_level': {1: {'cpu': -34}, 0: {'cpu': -49}}, 'link_level': {(0, 1): {'bw': -13}}, 'path_level': {(0, 1): {'latency': -4.489656276570965}}}","{'node_level': {1: {'cpu': 0}, 0: {'cpu': 0}}, 'link_level': {(0, 1): {'bw': 0}}, 'path_level': {(0, 1): {'latency': 0}}}",[],0.0,0.0,True,True,False,0,[],0,0.0,2.0,1.0
55,15,8,2134.0,3363.0,676434.2532269591,1057508.7111600987,0.6345524829021707,0.639648871057434,17,75,1,688.0,40577,7460,33117,0.03878366189923976,0.050354142173027805,54,93.18499687586349,688.0,2,1,True,"{1: 85, 0: 59}","{(0, 1): [(59, 70), (70, 6), (6, 85)]}","{(1, 85): {'cpu': 15}, (0, 59): {'cpu': 12}}","{((0, 1), (59, 70)): {'bw': 7}, ((0, 1), (70, 6)): {'bw': 7}, ((0, 1), (6, 85)): {'bw': 7}}",48.0,34.0,34.0,27.0,7.0,27.0,7.0,27.0,21.0,14.0,0.7083333333333334,4472.879850041448,3168.289893779359,66.00603945373665,Success,0.0,"{'node_level': {}, 'link_level': {}, 'path_level': {}}","{'node_level': {1: {'cpu': -78}, 0: {'cpu': -55}}, 'link_level': {(0, 1): {'bw': -46}}, 'path_level': {(0, 1): {'latency': -6.4836014691730615}}}","{'node_level': {1: {'cpu': 0}, 0: {'cpu': 0}}, 'link_level': {(0, 1): {'bw': 0}}, 'path_level': {(0, 1): {'latency': 0}}}",[],0.0,0.0,True,True,False,0,[],0,0.0,2.0,1.0
55,15,7,2134.0,3363.0,676434.2532269591,1057508.7111600987,0.6345524829021707,0.639648871057434,17,76,0,689.2535804989715,40983,7509,33474,0.03247004252029373,0.04011699595675733,50,43.253580498971516,646.0,6,6,False,{},{},{},{},0.0,0.0,0.0,0.0,0.0,0.0,0.0,0.0,0.0,0.0,0.0,0.0,0.0,0.0,Leave Event,0.0,"{'node_level': {}, 'link_level': {}, 'path_level': {}}","{'node_level': {}, 'link_level': {}, 'path_level': {}}","{'node_level': {}, 'link_level': {}, 'path_level': {}}",[],0.0,0.0,True,True,False,0,[],0,0.0,,
55,15,7,2134.0,3363.0,676434.2532269591,1057508.7111600987,0.6345524829021707,0.639648871057434,17,77,0,697.1043013310946,40983,7509,33474,0.03247004252029373,0.04011699595675733,16,502.10430133109463,195.0,4,4,False,{},{},{},{},0.0,0.0,0.0,0.0,0.0,0.0,0.0,0.0,0.0,0.0,0.0,0.0,0.0,0.0,Leave Event,0.0,"{'node_level': {}, 'link_level': {}, 'path_level': {}}","{'node_level': {}, 'link_level': {}, 'path_level': {}}","{'node_level': {}, 'link_level': {}, 'path_level': {}}",[],0.0,0.0,True,True,False,0,[],0,0.0,,
55,15,6,2134.0,3363.0,676434.2532269591,1057508.7111600987,0.6345524829021707,0.639648871057434,17,78,0,697.7411028055897,41693,7582,34111,0.023064038139415044,0.02185071545321593,31,303.74110280558966,394.0,7,11,False,{},{},{},{},0.0,0.0,0.0,0.0,0.0,0.0,0.0,0.0,0.0,0.0,0.0,0.0,0.0,0.0,Leave Event,0.0,"{'node_level': {}, 'link_level': {}, 'path_level': {}}","{'node_level': {}, 'link_level': {}, 'path_level': {}}","{'node_level': {}, 'link_level': {}, 'path_level': {}}",[],0.0,0.0,True,True,False,0,[],0,0.0,,
55,15,6,2134.0,3363.0,676434.2532269591,1057508.7111600987,0.6345524829021707,0.639648871057434,17,79,0,700.1866151499181,41693,7582,34111,0.023064038139415044,0.02185071545321593,25,392.1866151499181,308.0,10,22,False,{},{},{},{},0.0,0.0,0.0,0.0,0.0,0.0,0.0,0.0,0.0,0.0,0.0,0.0,0.0,0.0,Leave Event,0.0,"{'node_level': {}, 'link_level': {}, 'path_level': {}}","{'node_level': {}, 'link_level': {}, 'path_level': {}}","{'node_level': {}, 'link_level': {}, 'path_level': {}}",[],0.0,0.0,True,True,False,0,[],0,0.0,,
55,15,6,2134.0,3363.0,676434.2532269591,1057508.7111600987,0.6345524829021707,0.639648871057434,17,80,0,702.0996225091485,41693,7582,34111,0.023064038139415044,0.02185071545321593,6,614.0996225091485,88.0,5,5,False,{},{},{},{},0.0,0.0,0.0,0.0,0.0,0.0,0.0,0.0,0.0,0.0,0.0,0.0,0.0,0.0,Leave Event,0.0,"{'node_level': {}, 'link_level': {}, 'path_level': {}}","{'node_level': {}, 'link_level': {}, 'path_level': {}}","{'node_level': {}, 'link_level': {}, 'path_level': {}}",[],0.0,0.0,True,True,False,0,[],0,0.0,,
56,16,7,2209.0,3438.0,687743.1850784919,1068817.6430116314,0.6425247236765561,0.643461669607757,17,81,1,704.0,41618,7547,34071,0.027573766267233624,0.022997734637111855,55,150.78575802043656,704.0,2,1,True,"{0: 50, 1: 31}","{(0, 1): [(50, 31)]}","{(0, 50): {'cpu': 18}, (1, 31): {'cpu': 17}}","{((0, 1), (50, 31)): {'bw': 40}}",75.0,75.0,75.0,35.0,40.0,35.0,40.0,35.0,40.0,0.0,1.0,11308.931851532741,11308.931851532741,150.78575802043656,Success,0.0,"{'node_level': {}, 'link_level': {}, 'path_level': {}}","{'node_level': {0: {'cpu': -64}, 1: {'cpu': -39}}, 'link_level': {(0, 1): {'bw': -37}}, 'path_level': {(0, 1): {'latency': -4.636932161862942}}}","{'node_level': {0: {'cpu': 0}, 1: {'cpu': 0}}, 'link_level': {(0, 1): {'bw': 0}}, 'path_level': {(0, 1): {'latency': 0}}}",[],0.0,0.0,True,True,False,0,[],0,0.0,2.0,1.0
56,16,7,2209.0,3438.0,687743.1850784919,1068817.6430116314,0.6425247236765561,0.643461669607757,17,82,0,709.8856791350164,41618,7547,34071,0.027573766267233624,0.022997734637111855,30,331.8856791350164,378.0,3,2,False,{},{},{},{},0.0,0.0,0.0,0.0,0.0,0.0,0.0,0.0,0.0,0.0,0.0,0.0,0.0,0.0,Leave Event,0.0,"{'node_level': {}, 'link_level': {}, 'path_level': {}}","{'node_level': {}, 'link_level': {}, 'path_level': {}}","{'node_level': {}, 'link_level': {}, 'path_level': {}}",[],0.0,0.0,True,True,False,0,[],0,0.0,,
56,16,6,2209.0,3438.0,687743.1850784919,1068817.6430116314,0.6425247236765561,0.643461669607757,17,83,0,713.8843346536152,41806,7563,34243,0.025512176265945152,0.01806555214635963,14,539.8843346536152,174.0,3,3,False,{},{},{},{},0.0,0.0,0.0,0.0,0.0,0.0,0.0,0.0,0.0,0.0,0.0,0.0,0.0,0.0,Leave Event,0.0,"{'node_level': {}, 'link_level': {}, 'path_level': {}}","{'node_level': {}, 'link_level': {}, 'path_level': {}}","{'node_level': {}, 'link_level': {}, 'path_level': {}}",[],0.0,0.0,True,True,False,0,[],0,0.0,,
57,16,6,2209.0,3438.0,687743.1850784919,1068817.6430116314,0.6425247236765561,0.643461669607757,17,84,1,722.0,41806,7563,34243,0.025512176265945152,0.01806555214635963,56,588.791242637025,722.0,4,3,False,"{3: 50, 2: 60, 0: 13, 1: 4}","{(0, 3): []}","{(3, 50): {'cpu': 1}, (2, 60): {'cpu': 10}, (0, 13): {'cpu': 2}, (1, 4): {'cpu': 12}}",{},0.0,0.0,82.0,25.0,57.0,0.0,0.0,0.0,0.0,0.0,0.0,0.0,0.0,0.0,Route Failure,6.775182737476209,"{'node_level': {}, 'link_level': {}, 'path_level': {}}","{'node_level': {3: {'cpu': -65}, 2: {'cpu': -76}, 0: {'cpu': -80}, 1: {'cpu': -38}}, 'link_level': {(0, 3): {'bw': -11}}, 'path_level': {(0, 3): {'latency': 6.775182737476209}}}","{'node_level': {3: {'cpu': 0}, 2: {'cpu': 0}, 0: {'cpu': 0}, 1: {'cpu': 0}}, 'link_level': {(0, 3): {'bw': 0}}, 'path_level': {(0, 3): {'latency': 6.775182737476209}}}",[],0.0,0.0,True,False,False,0,[],0,0.0,4.0,1.0
57,16,6,2209.0,3438.0,687743.1850784919,1068817.6430116314,0.6425247236765561,0.643461669607757,17,85,0,724.6404594534066,41806,7563,34243,0.025512176265945152,0.01806555214635963,44,160.6404594534066,564.0,3,2,False,{},{},{},{},0.0,0.0,0.0,0.0,0.0,0.0,0.0,0.0,0.0,0.0,0.0,0.0,0.0,0.0,Leave Event,0.0,"{'node_level': {}, 'link_level': {}, 'path_level': {}}","{'node_level': {}, 'link_level': {}, 'path_level': {}}","{'node_level': {}, 'link_level': {}, 'path_level': {}}",[],0.0,0.0,True,True,False,0,[],0,0.0,,
58,16,6,2209.0,3438.0,687743.1850784919,1068817.6430116314,0.6425247236765561,0.643461669607757,17,86,1,737.0,41806,7563,34243,0.025512176265945152,0.01806555214635963,57,1129.620715357564,737.0,4,4,False,"{0: 50, 1: 60, 2: 13, 3: 4}","{(0, 1): []}","{(0, 50): {'cpu': 14}, (1, 60): {'cpu': 7}, (2, 13): {'cpu': 3}, (3, 4): {'cpu': 4}}",{},0.0,0.0,158.0,28.0,130.0,0.0,0.0,0.0,0.0,0.0,0.0,0.0,0.0,0.0,Route Failure,2.7264707738075282,"{'node_level': {}, 'link_level': {}, 'path_level': {}}","{'node_level': {0: {'cpu': -52}, 1: {'cpu': -79}, 2: {'cpu': -79}, 3: {'cpu': -46}}, 'link_level': {(0, 1): {'bw': -35}}, 'path_level': {(0, 1): {'latency': 2.7264707738075282}}}","{'node_level': {0: {'cpu': 0}, 1: {'cpu': 0}, 2: {'cpu': 0}, 3: {'cpu': 0}}, 'link_level': {(0, 1): {'bw': 0}}, 'path_level': {(0, 1): {'latency': 2.7264707738075282}}}",[],0.0,0.0,True,False,False,0,[],0,0.0,4.0,1.0
59,16,6,2209.0,3438.0,687743.1850784919,1068817.6430116314,0.6425247236765561,0.643461669607757,17,87,1,751.0,41806,7563,34243,0.025512176265945152,0.01806555214635963,58,208.2795733514517,751.0,9,20,False,"{1: 50, 8: 60, 0: 13, 4: 4, 6: 54, 2: 21, 5: 39, 3: 38, 7: 66}","{(0, 1): [(13, 97), (97, 50)], (0, 2): [(13, 71), (71, 21)], (0, 3): [(13, 27), (27, 38)], (0, 4): [(13, 29), (29, 4)], (0, 5): [(13, 29), (29, 39)], (0, 6): [(13, 27), (27, 54)], (0, 8): [(13, 71), (71, 60)], (1, 2): [(50, 76), (76, 21)], (1, 3): [(50, 45), (45, 38)], (1, 4): [(50, 54), (54, 4)], (1, 6): [(50, 76), (76, 54)], (1, 8): []}","{(1, 50): {'cpu': 19}, (8, 60): {'cpu': 20}, (0, 13): {'cpu': 8}, (4, 4): {'cpu': 8}, (6, 54): {'cpu': 12}, (2, 21): {'cpu': 17}, (5, 39): {'cpu': 7}, (3, 38): {'cpu': 13}, (7, 66): {'cpu': 3}}","{((0, 1), (13, 97)): {'bw': 12}, ((0, 1), (97, 50)): {'bw': 12}, ((0, 2), (13, 71)): {'bw': 9}, ((0, 2), (71, 21)): {'bw': 9}, ((0, 3), (13, 27)): {'bw': 8}, ((0, 3), (27, 38)): {'bw': 8}, ((0, 4), (13, 29)): {'bw': 26}, ((0, 4), (29, 4)): {'bw': 26}, ((0, 5), (13, 29)): {'bw': 40}, ((0, 5), (29, 39)): {'bw': 40}, ((0, 6), (13, 27)): {'bw': 14}, ((0, 6), (27, 54)): {'bw': 14}, ((0, 8), (13, 71)): {'bw': 50}, ((0, 8), (71, 60)): {'bw': 50}, ((1, 2), (50, 76)): {'bw': 8}, ((1, 2), (76, 21)): {'bw': 8}, ((1, 3), (50, 45)): {'bw': 29}, ((1, 3), (45, 38)): {'bw': 29}, ((1, 4), (50, 54)): {'bw': 49}, ((1, 4), (54, 4)): {'bw': 49}, ((1, 6), (50, 76)): {'bw': 42}, ((1, 6), (76, 54)): {'bw': 42}}",0.0,0.0,623.0,107.0,516.0,0.0,0.0,0.0,0.0,0.0,0.0,0.0,0.0,0.0,Route Failure,4.977886698532066,"{'node_level': {}, 'link_level': {}, 'path_level': {}}","{'node_level': {1: {'cpu': -47}, 8: {'cpu': -66}, 0: {'cpu': -74}, 4: {'cpu': -42}, 6: {'cpu': -71}, 2: {'cpu': -59}, 5: {'cpu': -80}, 3: {'cpu': -85}, 7: {'cpu': -52}}, 'link_level': {(0, 1): {'bw': -43}, (0, 2): {'bw': -59}, (0, 3): {'bw': -45}, (0, 4): {'bw': -36}, (0, 5): {'bw': -25}, (0, 6): {'bw': -56}, (0, 8): {'bw': -9}, (1, 2): {'bw': -53}, (1, 3): {'bw': -44}, (1, 4): {'bw': -12}, (1, 6): {'bw': -17}, (1, 8): {'bw': -22}}, 'path_level': {(0, 1): {'latency': -1.1099883513415536}, (0, 2): {'latency': -0.5704410163500242}, (0, 3): {'latency': -2.7434485282223386}, (0, 4): {'latency': -2.0061763466733193}, (0, 5): {'latency': -3.9995071744298984}, (0, 6): {'latency': -3.150813233065809}, (0, 8): {'latency': -1.3469597867673784}, (1, 2): {'latency': -9.403714324121438}, (1, 3): {'latency': -2.1719763065073163}, (1, 4): {'latency': -5.693830414515907}, (1, 6): {'latency': -12.088855004135159}, (1, 8): {'latency': 4.977886698532066}}}","{'node_level': {1: {'cpu': 0}, 8: {'cpu': 0}, 0: {'cpu': 0}, 4: {'cpu': 0}, 6: {'cpu': 0}, 2: {'cpu': 0}, 5: {'cpu': 0}, 3: {'cpu': 0}, 7: {'cpu': 0}}, 'link_level': {(0, 1): {'bw': 0}, (0, 2): {'bw': 0}, (0, 3): {'bw': 0}, (0, 4): {'bw': 0}, (0, 5): {'bw': 0}, (0, 6): {'bw': 0}, (0, 8): {'bw': 0}, (1, 2): {'bw': 0}, (1, 3): {'bw': 0}, (1, 4): {'bw': 0}, (1, 6): {'bw': 0}, (1, 8): {'bw': 0}}, 'path_level': {(0, 1): {'latency': 0}, (0, 2): {'latency': 0}, (0, 3): {'latency': 0}, (0, 4): {'latency': 0}, (0, 5): {'latency': 0}, (0, 6): {'latency': 0}, (0, 8): {'latency': 0}, (1, 2): {'latency': 0}, (1, 3): {'latency': 0}, (1, 4): {'latency': 0}, (1, 6): {'latency': 0}, (1, 8): {'latency': 4.977886698532066}}}",[],0.0,0.0,True,False,False,0,[],0,0.0,9.0,12.0
59,16,6,2209.0,3438.0,687743.1850784919,1068817.6430116314,0.6425247236765561,0.643461669607757,17,88,0,756.3260497049032,41806,7563,34243,0.025512176265945152,0.01806555214635963,38,267.32604970490326,489.0,6,5,False,{},{},{},{},0.0,0.0,0.0,0.0,0.0,0.0,0.0,0.0,0.0,0.0,0.0,0.0,0.0,0.0,Leave Event,0.0,"{'node_level': {}, 'link_level': {}, 'path_level': {}}","{'node_level': {}, 'link_level': {}, 'path_level': {}}","{'node_level': {}, 'link_level': {}, 'path_level': {}}",[],0.0,0.0,True,True,False,0,[],0,0.0,,
60,17,7,2276.0,3549.0,689982.9712899956,1072528.333600839,0.6413074105381797,0.64332377026674,17,89,1,770.0,41695,7540,34155,0.028475711892797295,0.020588994350930534,59,33.4296449478157,770.0,2,1,True,"{1: 50, 0: 60}","{(0, 1): [(60, 76), (76, 50)]}","{(1, 50): {'cpu': 12}, (0, 60): {'cpu': 11}}","{((0, 1), (60, 76)): {'bw': 44}, ((0, 1), (76, 50)): {'bw': 44}}",111.0,67.0,67.0,23.0,44.0,23.0,44.0,23.0,88.0,44.0,0.6036036036036037,3710.690589207543,2239.786211503652,20.17825415769056,Success,0.0,"{'node_level': {}, 'link_level': {}, 'path_level': {}}","{'node_level': {1: {'cpu': -54}, 0: {'cpu': -75}}, 'link_level': {(0, 1): {'bw': -23}}, 'path_level': {(0, 1): {'latency': -2.936108593175037}}}","{'node_level': {1: {'cpu': 0}, 0: {'cpu': 0}}, 'link_level': {(0, 1): {'bw': 0}}, 'path_level': {(0, 1): {'latency': 0}}}",[],0.0,0.0,True,True,False,0,[],0,0.0,2.0,1.0
60,17,7,2276.0,3549.0,689982.9712899956,1072528.333600839,0.6413074105381797,0.64332377026674,17,90,0,775.8969528097425,41695,7540,34155,0.028475711892797295,0.020588994350930534,10,647.8969528097425,128.0,2,1,False,{},{},{},{},0.0,0.0,0.0,0.0,0.0,0.0,0.0,0.0,0.0,0.0,0.0,0.0,0.0,0.0,Leave Event,0.0,"{'node_level': {}, 'link_level': {}, 'path_level': {}}","{'node_level': {}, 'link_level': {}, 'path_level': {}}","{'node_level': {}, 'link_level': {}, 'path_level': {}}",[],0.0,0.0,True,True,False,0,[],0,0.0,,
61,17,7,2276.0,3549.0,689982.9712899956,1072528.333600839,0.6413074105381797,0.64332377026674,17,91,1,778.0,41695,7540,34155,0.028475711892797295,0.020588994350930534,60,997.9903513709512,778.0,7,9,False,"{3: 13, 0: 4, 2: 50, 4: 54, 6: 21, 1: 39, 5: 38}","{(0, 1): []}","{(3, 13): {'cpu': 17}, (0, 4): {'cpu': 19}, (2, 50): {'cpu': 8}, (4, 54): {'cpu': 5}, (6, 21): {'cpu': 5}, (1, 39): {'cpu': 13}, (5, 38): {'cpu': 1}}",{},0.0,0.0,253.0,68.0,185.0,0.0,0.0,0.0,0.0,0.0,0.0,0.0,0.0,0.0,Route Failure,7.971307472950014,"{'node_level': {}, 'link_level': {}, 'path_level': {}}","{'node_level': {3: {'cpu': -65}, 0: {'cpu': -31}, 2: {'cpu': -46}, 4: {'cpu': -78}, 6: {'cpu': -71}, 1: {'cpu': -74}, 5: {'cpu': -97}}, 'link_level': {(0, 1): {'bw': -57}}, 'path_level': {(0, 1): {'latency': 7.971307472950014}}}","{'node_level': {3: {'cpu': 0}, 0: {'cpu': 0}, 2: {'cpu': 0}, 4: {'cpu': 0}, 6: {'cpu': 0}, 1: {'cpu': 0}, 5: {'cpu': 0}}, 'link_level': {(0, 1): {'bw': 0}}, 'path_level': {(0, 1): {'latency': 7.971307472950014}}}",[],0.0,0.0,True,False,False,0,[],0,0.0,7.0,1.0
61,17,6,2276.0,3549.0,689982.9712899956,1072528.333600839,0.6413074105381797,0.64332377026674,17,92,0,781.1849968758635,41743,7567,34176,0.024996778765623007,0.01998680927938523,54,93.18499687586349,688.0,2,1,False,{},{},{},{},0.0,0.0,0.0,0.0,0.0,0.0,0.0,0.0,0.0,0.0,0.0,0.0,0.0,0.0,Leave Event,0.0,"{'node_level': {}, 'link_level': {}, 'path_level': {}}","{'node_level': {}, 'link_level': {}, 'path_level': {}}","{'node_level': {}, 'link_level': {}, 'path_level': {}}",[],0.0,0.0,True,True,False,0,[],0,0.0,,
62,18,7,2295.0,3571.0,693248.3099740528,1076309.2520771157,0.6426771212545506,0.644097696490286,17,93,1,788.0,41721,7551,34170,0.027058368766911478,0.020158862156969604,61,171.8599307398523,788.0,2,1,True,"{1: 13, 0: 4}","{(0, 1): [(4, 29), (29, 13)]}","{(1, 13): {'cpu': 11}, (0, 4): {'cpu': 5}}","{((0, 1), (4, 29)): {'bw': 3}, ((0, 1), (29, 13)): {'bw': 3}}",22.0,19.0,19.0,16.0,3.0,16.0,3.0,16.0,6.0,3.0,0.8636363636363636,3780.918476276751,3265.338684057194,148.42448563896335,Success,0.0,"{'node_level': {}, 'link_level': {}, 'path_level': {}}","{'node_level': {1: {'cpu': -71}, 0: {'cpu': -45}}, 'link_level': {(0, 1): {'bw': -59}}, 'path_level': {(0, 1): {'latency': -3.891870144625324}}}","{'node_level': {1: {'cpu': 0}, 0: {'cpu': 0}}, 'link_level': {(0, 1): {'bw': 0}}, 'path_level': {(0, 1): {'latency': 0}}}",[],0.0,0.0,True,True,False,0,[],0,0.0,2.0,1.0
63,19,8,2410.0,3754.0,770944.9227359159,1199948.2097764283,0.6419818859882792,0.6424818308446467,17,94,1,801.0,41538,7514,34024,0.031825795644891075,0.024345482178189437,62,675.6227196683747,801.0,3,2,True,"{0: 50, 2: 54, 1: 21}","{(0, 1): [(50, 23), (23, 68), (68, 21)], (0, 2): [(50, 54)]}","{(0, 50): {'cpu': 16}, (2, 54): {'cpu': 14}, (1, 21): {'cpu': 7}}","{((0, 1), (50, 23)): {'bw': 34}, ((0, 1), (23, 68)): {'bw': 34}, ((0, 1), (68, 21)): {'bw': 34}, ((0, 2), (50, 54)): {'bw': 44}}",183.0,115.0,115.0,37.0,78.0,37.0,78.0,37.0,146.0,68.0,0.6284153005464481,123638.95769931257,77696.61276186309,424.5716544364103,Success,0.0,"{'node_level': {}, 'link_level': {}, 'path_level': {}}","{'node_level': {0: {'cpu': -38}, 2: {'cpu': -69}, 1: {'cpu': -69}}, 'link_level': {(0, 1): {'bw': -37}, (0, 2): {'bw': -17}}, 'path_level': {(0, 1): {'latency': -2.1236547163472874}, (0, 2): {'latency': -6.562432575775761}}}","{'node_level': {0: {'cpu': 0}, 2: {'cpu': 0}, 1: {'cpu': 0}}, 'link_level': {(0, 1): {'bw': 0}, (0, 2): {'bw': 0}}, 'path_level': {(0, 1): {'latency': 0}, (0, 2): {'latency': 0}}}",[],0.0,0.0,True,True,False,0,[],0,0.0,3.0,2.0
63,19,7,2410.0,3754.0,770944.9227359159,1199948.2097764283,0.6419818859882792,0.6424818308446467,17,95,0,803.4296449478157,41649,7537,34112,0.028862260018038932,0.021822039973618534,59,33.4296449478157,770.0,2,1,False,{},{},{},{},0.0,0.0,0.0,0.0,0.0,0.0,0.0,0.0,0.0,0.0,0.0,0.0,0.0,0.0,Leave Event,0.0,"{'node_level': {}, 'link_level': {}, 'path_level': {}}","{'node_level': {}, 'link_level': {}, 'path_level': {}}","{'node_level': {}, 'link_level': {}, 'path_level': {}}",[],0.0,0.0,True,True,False,0,[],0,0.0,,
64,19,7,2410.0,3754.0,770944.9227359159,1199948.2097764283,0.6419818859882792,0.6424818308446467,17,96,1,812.0,41649,7537,34112,0.028862260018038932,0.021822039973618534,63,86.00761774644931,812.0,6,10,False,"{5: 60, 4: 38, 2: 39, 0: 66, 3: 6, 1: 4}","{(0, 1): [(66, 22), (22, 4)], (0, 4): []}","{(5, 60): {'cpu': 13}, (4, 38): {'cpu': 17}, (2, 39): {'cpu': 20}, (0, 66): {'cpu': 14}, (3, 6): {'cpu': 15}, (1, 4): {'cpu': 13}}","{((0, 1), (66, 22)): {'bw': 9}, ((0, 1), (22, 4)): {'bw': 9}}",0.0,0.0,368.0,92.0,276.0,0.0,0.0,0.0,0.0,0.0,0.0,0.0,0.0,0.0,Route Failure,3.4638562613807666,"{'node_level': {}, 'link_level': {}, 'path_level': {}}","{'node_level': {5: {'cpu': -73}, 4: {'cpu': -81}, 2: {'cpu': -67}, 0: {'cpu': -41}, 3: {'cpu': -54}, 1: {'cpu': -32}}, 'link_level': {(0, 1): {'bw': -55}, (0, 4): {'bw': -48}}, 'path_level': {(0, 1): {'latency': -3.9145794497440614}, (0, 4): {'latency': 3.4638562613807666}}}","{'node_level': {5: {'cpu': 0}, 4: {'cpu': 0}, 2: {'cpu': 0}, 0: {'cpu': 0}, 3: {'cpu': 0}, 1: {'cpu': 0}}, 'link_level': {(0, 1): {'bw': 0}, (0, 4): {'bw': 0}}, 'path_level': {(0, 1): {'latency': 0}, (0, 4): {'latency': 3.4638562613807666}}}",[],0.0,0.0,True,False,False,0,[],0,0.0,6.0,2.0
65,20,8,2521.0,3913.0,836841.3839110015,1294340.4379461457,0.6442627140301559,0.6465388543673241,17,97,1,817.0,41490,7494,33996,0.03440278314650169,0.025148395606916507,64,593.6618123881592,817.0,3,2,True,"{0: 60, 2: 38, 1: 39}","{(0, 1): [(60, 75), (75, 39)], (0, 2): [(60, 38)]}","{(0, 60): {'cpu': 19}, (2, 38): {'cpu': 20}, (1, 39): {'cpu': 4}}","{((0, 1), (60, 75)): {'bw': 48}, ((0, 1), (75, 39)): {'bw': 48}, ((0, 2), (60, 38)): {'bw': 20}}",159.0,111.0,111.0,43.0,68.0,43.0,68.0,43.0,116.0,48.0,0.6981132075471698,94392.22816971732,65896.46117508567,414.44315204456393,Success,0.0,"{'node_level': {}, 'link_level': {}, 'path_level': {}}","{'node_level': {0: {'cpu': -67}, 2: {'cpu': -78}, 1: {'cpu': -83}}, 'link_level': {(0, 1): {'bw': -11}, (0, 2): {'bw': -80}}, 'path_level': {(0, 1): {'latency': -5.142004441042571}, (0, 2): {'latency': -9.166635483410076}}}","{'node_level': {0: {'cpu': 0}, 2: {'cpu': 0}, 1: {'cpu': 0}}, 'link_level': {(0, 1): {'bw': 0}, (0, 2): {'bw': 0}}, 'path_level': {(0, 1): {'latency': 0}, (0, 2): {'latency': 0}}}",[],0.0,0.0,True,True,False,0,[],0,0.0,3.0,2.0
66,20,8,2521.0,3913.0,836841.3839110015,1294340.4379461457,0.6442627140301559,0.6465388543673241,17,98,1,837.0,41490,7494,33996,0.03440278314650169,0.025148395606916507,65,920.7468393821777,837.0,4,5,False,"{2: 57, 0: 6, 1: 4, 3: 13}","{(0, 1): [(6, 29), (29, 4)], (0, 2): []}","{(2, 57): {'cpu': 19}, (0, 6): {'cpu': 16}, (1, 4): {'cpu': 13}, (3, 13): {'cpu': 7}}","{((0, 1), (6, 29)): {'bw': 16}, ((0, 1), (29, 4)): {'bw': 16}}",0.0,0.0,188.0,55.0,133.0,0.0,0.0,0.0,0.0,0.0,0.0,0.0,0.0,0.0,Route Failure,40.0,"{'node_level': {}, 'link_level': {}, 'path_level': {}}","{'node_level': {2: {'cpu': -47}, 0: {'cpu': -53}, 1: {'cpu': -32}, 3: {'cpu': -64}}, 'link_level': {(0, 1): {'bw': -43}, (0, 2): {'bw': 30}}, 'path_level': {(0, 1): {'latency': -8.10845590268719}, (0, 2): {'latency': 5.226003145358515}}}","{'node_level': {2: {'cpu': 0}, 0: {'cpu': 0}, 1: {'cpu': 0}, 3: {'cpu': 0}}, 'link_level': {(0, 1): {'bw': 0}, (0, 2): {'bw': 40}}, 'path_level': {(0, 1): {'latency': 0}, (0, 2): {'latency': 5.226003145358515}}}",[],0.0,0.0,True,False,False,0,[],0,0.0,4.0,2.0
67,21,9,2668.0,4155.0,932306.1756566035,1451500.163132783,0.6421179302045728,0.6423052503448574,18,99,1,841.0,41248,7440,33808,0.04136064940085038,0.030539385771227057,66,649.4203520108981,841.0,4,4,True,"{2: 57, 3: 6, 0: 4, 1: 13}","{(0, 2): [(4, 59), (59, 57)], (0, 3): [(4, 0), (0, 65), (65, 6)], (1, 2): [(13, 1), (1, 57)], (2, 3): [(57, 29), (29, 6)]}","{(2, 57): {'cpu': 13}, (3, 6): {'cpu': 9}, (0, 4): {'cpu': 16}, (1, 13): {'cpu': 16}}","{((0, 2), (4, 59)): {'bw': 22}, ((0, 2), (59, 57)): {'bw': 22}, ((0, 3), (4, 0)): {'bw': 2}, ((0, 3), (0, 65)): {'bw': 2}, ((0, 3), (65, 6)): {'bw': 2}, ((1, 2), (13, 1)): {'bw': 27}, ((1, 2), (1, 57)): {'bw': 27}, ((2, 3), (57, 29)): {'bw': 42}, ((2, 3), (29, 6)): {'bw': 42}}",242.0,147.0,147.0,54.0,93.0,54.0,93.0,54.0,188.0,95.0,0.6074380165289256,157159.72518663734,95464.79174560202,394.4826105190166,Success,0.0,"{'node_level': {}, 'link_level': {}, 'path_level': {}}","{'node_level': {2: {'cpu': -53}, 3: {'cpu': -60}, 0: {'cpu': -29}, 1: {'cpu': -55}}, 'link_level': {(0, 2): {'bw': -34}, (0, 3): {'bw': -54}, (1, 2): {'bw': -36}, (2, 3): {'bw': -37}}, 'path_level': {(0, 2): {'latency': -0.4373547065315302}, (0, 3): {'latency': -0.22610337052277618}, (1, 2): {'latency': -3.238565459103036}, (2, 3): {'latency': -8.225217030394713}}}","{'node_level': {2: {'cpu': 0}, 3: {'cpu': 0}, 0: {'cpu': 0}, 1: {'cpu': 0}}, 'link_level': {(0, 2): {'bw': 0}, (0, 3): {'bw': 0}, (1, 2): {'bw': 0}, (2, 3): {'bw': 0}}, 'path_level': {(0, 2): {'latency': 0}, (0, 3): {'latency': 0}, (1, 2): {'latency': 0}, (2, 3): {'latency': 0}}}",[],0.0,0.0,True,True,False,0,[],0,0.0,4.0,4.0
67,21,9,2668.0,4155.0,932306.1756566035,1451500.163132783,0.6421179302045728,0.6423052503448574,18,100,0,848.7604622614016,41248,7440,33808,0.04136064940085038,0.030539385771227057,13,682.7604622614016,166.0,10,25,False,{},{},{},{},0.0,0.0,0.0,0.0,0.0,0.0,0.0,0.0,0.0,0.0,0.0,0.0,0.0,0.0,Leave Event,0.0,"{'node_level': {}, 'link_level': {}, 'path_level': {}}","{'node_level': {}, 'link_level': {}, 'path_level': {}}","{'node_level': {}, 'link_level': {}, 'path_level': {}}",[],0.0,0.0,True,True,False,0,[],0,0.0,,
68,22,10,2832.0,4445.0,968787.4493501965,1516009.7324690146,0.6371203599550056,0.6390377506168137,18,101,1,850.0,40958,7392,33566,0.047545419404715905,0.037478851833796956,67,222.44679081459145,850.0,6,6,True,"{5: 66, 4: 50, 1: 85, 0: 52, 3: 21, 2: 86}","{(0, 3): [(52, 20), (20, 5), (5, 21)], (0, 4): [(52, 31), (31, 50)], (1, 5): [(85, 11), (11, 66)], (2, 5): [(86, 22), (22, 66)], (3, 4): [(21, 76), (76, 50)], (4, 5): [(50, 77), (77, 66)]}","{(5, 66): {'cpu': 4}, (4, 50): {'cpu': 8}, (1, 85): {'cpu': 14}, (0, 52): {'cpu': 9}, (3, 21): {'cpu': 4}, (2, 86): {'cpu': 9}}","{((0, 3), (52, 20)): {'bw': 10}, ((0, 3), (20, 5)): {'bw': 10}, ((0, 3), (5, 21)): {'bw': 10}, ((0, 4), (52, 31)): {'bw': 19}, ((0, 4), (31, 50)): {'bw': 19}, ((1, 5), (85, 11)): {'bw': 45}, ((1, 5), (11, 66)): {'bw': 45}, ((2, 5), (86, 22)): {'bw': 3}, ((2, 5), (22, 66)): {'bw': 3}, ((3, 4), (21, 76)): {'bw': 13}, ((3, 4), (76, 50)): {'bw': 13}, ((4, 5), (50, 77)): {'bw': 26}, ((4, 5), (77, 66)): {'bw': 26}}",290.0,164.0,164.0,48.0,116.0,48.0,116.0,48.0,242.0,126.0,0.5655172413793104,64509.56933623152,36481.273693593,125.79749549514827,Success,0.0,"{'node_level': {}, 'link_level': {}, 'path_level': {}}","{'node_level': {5: {'cpu': -51}, 4: {'cpu': -42}, 1: {'cpu': -79}, 0: {'cpu': -78}, 3: {'cpu': -65}, 2: {'cpu': -27}}, 'link_level': {(0, 3): {'bw': -68}, (0, 4): {'bw': -18}, (1, 5): {'bw': -6}, (2, 5): {'bw': -61}, (3, 4): {'bw': -48}, (4, 5): {'bw': -27}}, 'path_level': {(0, 3): {'latency': -0.025307879930101862}, (0, 4): {'latency': -3.644852104362518}, (1, 5): {'latency': -3.078479597988519}, (2, 5): {'latency': -1.037959014117023}, (3, 4): {'latency': -0.8511742719752444}, (4, 5): {'latency': -3.3992567221419154}}}","{'node_level': {5: {'cpu': 0}, 4: {'cpu': 0}, 1: {'cpu': 0}, 0: {'cpu': 0}, 3: {'cpu': 0}, 2: {'cpu': 0}}, 'link_level': {(0, 3): {'bw': 0}, (0, 4): {'bw': 0}, (1, 5): {'bw': 0}, (2, 5): {'bw': 0}, (3, 4): {'bw': 0}, (4, 5): {'bw': 0}}, 'path_level': {(0, 3): {'latency': 0}, (0, 4): {'latency': 0}, (1, 5): {'latency': 0}, (2, 5): {'latency': 0}, (3, 4): {'latency': 0}, (4, 5): {'latency': 0}}}",[],0.0,0.0,True,True,False,0,[],0,0.0,6.0,6.0
68,22,9,2832.0,4445.0,968787.4493501965,1516009.7324690146,0.6371203599550056,0.6390377506168137,18,102,0,854.7857580204366,41033,7427,33606,0.043035691276897325,0.03633183264990103,55,150.78575802043656,704.0,2,1,False,{},{},{},{},0.0,0.0,0.0,0.0,0.0,0.0,0.0,0.0,0.0,0.0,0.0,0.0,0.0,0.0,Leave Event,0.0,"{'node_level': {}, 'link_level': {}, 'path_level': {}}","{'node_level': {}, 'link_level': {}, 'path_level': {}}","{'node_level': {}, 'link_level': {}, 'path_level': {}}",[],0.0,0.0,True,True,False,0,[],0,0.0,,
69,22,9,2832.0,4445.0,968787.4493501965,1516009.7324690146,0.6371203599550056,0.6390377506168137,18,103,1,863.0,41033,7427,33606,0.043035691276897325,0.03633183264990103,68,648.5738438150346,863.0,10,18,False,"{4: 31, 9: 50, 0: 39, 6: 45, 3: 65, 1: 76, 5: 5, 2: 60, 8: 59, 7: 6}","{(0, 2): [(39, 82), (82, 60)], (0, 4): [(39, 31)], (0, 6): [(39, 18), (18, 45)], (1, 3): [(76, 44), (44, 65)], (1, 5): []}","{(4, 31): {'cpu': 9}, (9, 50): {'cpu': 19}, (0, 39): {'cpu': 17}, (6, 45): {'cpu': 4}, (3, 65): {'cpu': 9}, (1, 76): {'cpu': 3}, (5, 5): {'cpu': 2}, (2, 60): {'cpu': 2}, (8, 59): {'cpu': 4}, (7, 6): {'cpu': 12}}","{((0, 2), (39, 82)): {'bw': 34}, ((0, 2), (82, 60)): {'bw': 34}, ((0, 4), (39, 31)): {'bw': 27}, ((0, 6), (39, 18)): {'bw': 43}, ((0, 6), (18, 45)): {'bw': 43}, ((1, 3), (76, 44)): {'bw': 50}, ((1, 3), (44, 65)): {'bw': 50}}",0.0,0.0,539.0,81.0,458.0,0.0,0.0,0.0,0.0,0.0,0.0,0.0,0.0,0.0,Route Failure,7.332016224119911,"{'node_level': {}, 'link_level': {}, 'path_level': {}}","{'node_level': {4: {'cpu': -47}, 9: {'cpu': -41}, 0: {'cpu': -66}, 6: {'cpu': -74}, 3: {'cpu': -73}, 1: {'cpu': -80}, 5: {'cpu': -69}, 2: {'cpu': -65}, 8: {'cpu': -63}, 7: {'cpu': -48}}, 'link_level': {(0, 2): {'bw': -50}, (0, 4): {'bw': -54}, (0, 6): {'bw': -37}, (1, 3): {'bw': -22}, (1, 5): {'bw': -39}}, 'path_level': {(0, 2): {'latency': -5.9678009145547115}, (0, 4): {'latency': -5.522101703724026}, (0, 6): {'latency': -4.015850827730078}, (1, 3): {'latency': -7.388211129723974}, (1, 5): {'latency': 7.332016224119911}}}","{'node_level': {4: {'cpu': 0}, 9: {'cpu': 0}, 0: {'cpu': 0}, 6: {'cpu': 0}, 3: {'cpu': 0}, 1: {'cpu': 0}, 5: {'cpu': 0}, 2: {'cpu': 0}, 8: {'cpu': 0}, 7: {'cpu': 0}}, 'link_level': {(0, 2): {'bw': 0}, (0, 4): {'bw': 0}, (0, 6): {'bw': 0}, (1, 3): {'bw': 0}, (1, 5): {'bw': 0}}, 'path_level': {(0, 2): {'latency': 0}, (0, 4): {'latency': 0}, (0, 6): {'latency': 0}, (1, 3): {'latency': 0}, (1, 5): {'latency': 7.332016224119911}}}",[],0.0,0.0,True,False,False,0,[],0,0.0,10.0,5.0
70,23,10,2906.0,4519.0,974344.9773175836,1521567.2604364017,0.6430626244744413,0.6403561660745323,18,104,1,875.0,40959,7397,33562,0.04690117252931325,0.03759355375218654,69,75.10172928901497,875.0,2,1,True,"{1: 31, 0: 50}","{(0, 1): [(50, 31)]}","{(1, 31): {'cpu': 17}, (0, 50): {'cpu': 13}}","{((0, 1), (50, 31)): {'bw': 44}}",74.0,74.0,74.0,30.0,44.0,30.0,44.0,30.0,44.0,0.0,1.0,5557.527967387107,5557.527967387107,75.10172928901497,Success,0.0,"{'node_level': {}, 'link_level': {}, 'path_level': {}}","{'node_level': {1: {'cpu': -39}, 0: {'cpu': -47}}, 'link_level': {(0, 1): {'bw': -14}}, 'path_level': {(0, 1): {'latency': -3.7266805810428587}}}","{'node_level': {1: {'cpu': 0}, 0: {'cpu': 0}}, 'link_level': {(0, 1): {'bw': 0}}, 'path_level': {(0, 1): {'latency': 0}}}",[],0.0,0.0,True,True,False,0,[],0,0.0,2.0,1.0
70,23,9,2906.0,4519.0,974344.9773175836,1521567.2604364017,0.6430626244744413,0.6403561660745323,18,105,0,875.9817911949841,41461,7461,34000,0.038654812524159254,0.025033693688526926,43,325.9817911949841,550.0,7,10,False,{},{},{},{},0.0,0.0,0.0,0.0,0.0,0.0,0.0,0.0,0.0,0.0,0.0,0.0,0.0,0.0,Leave Event,0.0,"{'node_level': {}, 'link_level': {}, 'path_level': {}}","{'node_level': {}, 'link_level': {}, 'path_level': {}}","{'node_level': {}, 'link_level': {}, 'path_level': {}}",[],0.0,0.0,True,True,False,0,[],0,0.0,,
71,23,9,2906.0,4519.0,974344.9773175836,1521567.2604364017,0.6430626244744413,0.6403561660745323,18,106,1,891.0,41461,7461,34000,0.038654812524159254,0.025033693688526926,70,188.3070027978899,891.0,8,17,False,"{4: 73, 1: 59, 7: 31, 3: 57, 0: 85, 6: 50, 2: 66, 5: 45}","{(0, 1): [(85, 6), (6, 70), (70, 59)], (0, 3): [(85, 41), (41, 57)], (0, 4): []}","{(4, 73): {'cpu': 7}, (1, 59): {'cpu': 12}, (7, 31): {'cpu': 11}, (3, 57): {'cpu': 14}, (0, 85): {'cpu': 8}, (6, 50): {'cpu': 6}, (2, 66): {'cpu': 18}, (5, 45): {'cpu': 16}}","{((0, 1), (85, 6)): {'bw': 50}, ((0, 1), (6, 70)): {'bw': 50}, ((0, 1), (70, 59)): {'bw': 50}, ((0, 3), (85, 41)): {'bw': 15}, ((0, 3), (41, 57)): {'bw': 15}}",0.0,0.0,499.0,92.0,407.0,0.0,0.0,0.0,0.0,0.0,0.0,0.0,0.0,0.0,Route Failure,4.970320388766073,"{'node_level': {}, 'link_level': {}, 'path_level': {}}","{'node_level': {4: {'cpu': -60}, 1: {'cpu': -68}, 7: {'cpu': -46}, 3: {'cpu': -44}, 0: {'cpu': -76}, 6: {'cpu': -44}, 2: {'cpu': -34}, 5: {'cpu': -62}}, 'link_level': {(0, 1): {'bw': -3}, (0, 3): {'bw': -54}, (0, 4): {'bw': -2}}, 'path_level': {(0, 1): {'latency': -2.3832180975737245}, (0, 3): {'latency': -0.6910711703598906}, (0, 4): {'latency': 4.970320388766073}}}","{'node_level': {4: {'cpu': 0}, 1: {'cpu': 0}, 7: {'cpu': 0}, 3: {'cpu': 0}, 0: {'cpu': 0}, 6: {'cpu': 0}, 2: {'cpu': 0}, 5: {'cpu': 0}}, 'link_level': {(0, 1): {'bw': 0}, (0, 3): {'bw': 0}, (0, 4): {'bw': 0}}, 'path_level': {(0, 1): {'latency': 0}, (0, 3): {'latency': 0}, (0, 4): {'latency': 4.970320388766073}}}",[],0.0,0.0,True,False,False,0,[],0,0.0,8.0,3.0
71,23,9,2906.0,4519.0,974344.9773175836,1521567.2604364017,0.6430626244744413,0.6403561660745323,18,107,0,891.9256554459682,41461,7461,34000,0.038654812524159254,0.025033693688526926,47,285.9256554459682,606.0,7,11,False,{},{},{},{},0.0,0.0,0.0,0.0,0.0,0.0,0.0,0.0,0.0,0.0,0.0,0.0,0.0,0.0,Leave Event,0.0,"{'node_level': {}, 'link_level': {}, 'path_level': {}}","{'node_level': {}, 'link_level': {}, 'path_level': {}}","{'node_level': {}, 'link_level': {}, 'path_level': {}}",[],0.0,0.0,True,True,False,0,[],0,0.0,,
71,23,9,2906.0,4519.0,974344.9773175836,1521567.2604364017,0.6430626244744413,0.6403561660745323,18,108,0,898.0076177464493,41461,7461,34000,0.038654812524159254,0.025033693688526926,63,86.00761774644931,812.0,6,10,False,{},{},{},{},0.0,0.0,0.0,0.0,0.0,0.0,0.0,0.0,0.0,0.0,0.0,0.0,0.0,0.0,Leave Event,0.0,"{'node_level': {}, 'link_level': {}, 'path_level': {}}","{'node_level': {}, 'link_level': {}, 'path_level': {}}","{'node_level': {}, 'link_level': {}, 'path_level': {}}",[],0.0,0.0,True,True,False,0,[],0,0.0,,
72,24,10,2952.0,4565.0,986857.1624456334,1534079.4455644516,0.6466593647316539,0.6432894758475352,18,109,1,903.0,41415,7442,33973,0.04110295065068936,0.0258079316376566,71,272.00402452282293,903.0,2,1,True,"{1: 73, 0: 59}","{(0, 1): [(59, 73)]}","{(1, 73): {'cpu': 18}, (0, 59): {'cpu': 1}}","{((0, 1), (59, 73)): {'bw': 27}}",46.0,46.0,46.0,19.0,27.0,19.0,27.0,19.0,27.0,0.0,1.0,12512.185128049854,12512.185128049854,272.00402452282293,Success,0.0,"{'node_level': {}, 'link_level': {}, 'path_level': {}}","{'node_level': {1: {'cpu': -49}, 0: {'cpu': -79}}, 'link_level': {(0, 1): {'bw': -30}}, 'path_level': {(0, 1): {'latency': -9.77391836258014}}}","{'node_level': {1: {'cpu': 0}, 0: {'cpu': 0}}, 'link_level': {(0, 1): {'bw': 0}}, 'path_level': {(0, 1): {'latency': 0}}}",[],0.0,0.0,True,True,False,0,[],0,0.0,2.0,1.0
72,24,10,2952.0,4565.0,986857.1624456334,1534079.4455644516,0.6466593647316539,0.6432894758475352,18,110,0,904.7110734296512,41415,7442,33973,0.04110295065068936,0.0258079316376566,21,646.7110734296512,258.0,10,16,False,{},{},{},{},0.0,0.0,0.0,0.0,0.0,0.0,0.0,0.0,0.0,0.0,0.0,0.0,0.0,0.0,Leave Event,0.0,"{'node_level': {}, 'link_level': {}, 'path_level': {}}","{'node_level': {}, 'link_level': {}, 'path_level': {}}","{'node_level': {}, 'link_level': {}, 'path_level': {}}",[],0.0,0.0,True,True,False,0,[],0,0.0,,
73,24,10,2952.0,4565.0,986857.1624456334,1534079.4455644516,0.6466593647316539,0.6432894758475352,18,111,1,912.0,41415,7442,33973,0.04110295065068936,0.0258079316376566,72,1048.6481525404379,912.0,6,8,False,"{2: 31, 1: 59, 0: 57, 3: 85, 5: 50, 4: 73}","{(0, 1): [(57, 59)], (0, 2): [(57, 55), (55, 31)], (1, 2): [(59, 45), (45, 31)], (1, 3): []}","{(2, 31): {'cpu': 17}, (1, 59): {'cpu': 11}, (0, 57): {'cpu': 7}, (3, 85): {'cpu': 20}, (5, 50): {'cpu': 2}, (4, 73): {'cpu': 8}}","{((0, 1), (57, 59)): {'bw': 27}, ((0, 2), (57, 55)): {'bw': 25}, ((0, 2), (55, 31)): {'bw': 25}, ((1, 2), (59, 45)): {'bw': 46}, ((1, 2), (45, 31)): {'bw': 46}}",0.0,0.0,189.0,65.0,124.0,0.0,0.0,0.0,0.0,0.0,0.0,0.0,0.0,0.0,Route Failure,2.4950951550161857,"{'node_level': {}, 'link_level': {}, 'path_level': {}}","{'node_level': {2: {'cpu': -40}, 1: {'cpu': -68}, 0: {'cpu': -51}, 3: {'cpu': -64}, 5: {'cpu': -48}, 4: {'cpu': -41}}, 'link_level': {(0, 1): {'bw': -44}, (0, 2): {'bw': -27}, (1, 2): {'bw': -13}, (1, 3): {'bw': -76}}, 'path_level': {(0, 1): {'latency': -1.9432373713580713}, (0, 2): {'latency': -7.69147117089134}, (1, 2): {'latency': -0.16409735838945716}, (1, 3): {'latency': 2.4950951550161857}}}","{'node_level': {2: {'cpu': 0}, 1: {'cpu': 0}, 0: {'cpu': 0}, 3: {'cpu': 0}, 5: {'cpu': 0}, 4: {'cpu': 0}}, 'link_level': {(0, 1): {'bw': 0}, (0, 2): {'bw': 0}, (1, 2): {'bw': 0}, (1, 3): {'bw': 0}}, 'path_level': {(0, 1): {'latency': 0}, (0, 2): {'latency': 0}, (1, 2): {'latency': 0}, (1, 3): {'latency': 2.4950951550161857}}}",[],0.0,0.0,True,False,False,0,[],0,0.0,6.0,4.0
74,25,11,3043.0,4722.0,994452.4266880518,1547183.3629936788,0.6444303261329944,0.6427502069075149,18,112,1,923.0,41258,7417,33841,0.044324185027702634,0.0295930949445129,73,83.4644422243773,923.0,3,2,True,"{0: 31, 2: 59, 1: 57}","{(0, 1): [(31, 55), (55, 57)], (0, 2): [(31, 45), (45, 59)]}","{(0, 31): {'cpu': 3}, (2, 59): {'cpu': 18}, (1, 57): {'cpu': 4}}","{((0, 1), (31, 55)): {'bw': 40}, ((0, 1), (55, 57)): {'bw': 40}, ((0, 2), (31, 45)): {'bw': 26}, ((0, 2), (45, 59)): {'bw': 26}}",157.0,91.0,91.0,25.0,66.0,25.0,66.0,25.0,132.0,66.0,0.5796178343949044,13103.917429227235,7595.264242418334,48.37747925107219,Success,0.0,"{'node_level': {}, 'link_level': {}, 'path_level': {}}","{'node_level': {0: {'cpu': -54}, 2: {'cpu': -61}, 1: {'cpu': -54}}, 'link_level': {(0, 1): {'bw': -12}, (0, 2): {'bw': -33}}, 'path_level': {(0, 1): {'latency': -3.8094983295188927}, (0, 2): {'latency': -1.7209729260346216}}}","{'node_level': {0: {'cpu': 0}, 2: {'cpu': 0}, 1: {'cpu': 0}}, 'link_level': {(0, 1): {'bw': 0}, (0, 2): {'bw': 0}}, 'path_level': {(0, 1): {'latency': 0}, (0, 2): {'latency': 0}}}",[],0.0,0.0,True,True,False,0,[],0,0.0,3.0,2.0
75,25,11,3043.0,4722.0,994452.4266880518,1547183.3629936788,0.6444303261329944,0.6427502069075149,18,113,1,931.0,41258,7417,33841,0.044324185027702634,0.0295930949445129,74,1060.651998017522,931.0,7,13,False,"{2: 85, 6: 31, 4: 50, 3: 66, 5: 39, 0: 73, 1: 57}","{(0, 2): [(73, 15), (15, 85)], (0, 6): [(73, 55), (55, 31)], (1, 2): [(57, 41), (41, 85)], (1, 4): [(57, 64), (64, 50)], (1, 5): [(57, 29), (29, 39)], (2, 3): []}","{(2, 85): {'cpu': 19}, (6, 31): {'cpu': 18}, (4, 50): {'cpu': 15}, (3, 66): {'cpu': 8}, (5, 39): {'cpu': 6}, (0, 73): {'cpu': 6}, (1, 57): {'cpu': 1}}","{((0, 2), (73, 15)): {'bw': 31}, ((0, 2), (15, 85)): {'bw': 31}, ((0, 6), (73, 55)): {'bw': 5}, ((0, 6), (55, 31)): {'bw': 5}, ((1, 2), (57, 41)): {'bw': 17}, ((1, 2), (41, 85)): {'bw': 17}, ((1, 4), (57, 64)): {'bw': 23}, ((1, 4), (64, 50)): {'bw': 23}, ((1, 5), (57, 29)): {'bw': 35}, ((1, 5), (29, 39)): {'bw': 35}}",0.0,0.0,386.0,73.0,313.0,0.0,0.0,0.0,0.0,0.0,0.0,0.0,0.0,0.0,Route Failure,4.035436098028237,"{'node_level': {}, 'link_level': {}, 'path_level': {}}","{'node_level': {2: {'cpu': -65}, 6: {'cpu': -36}, 4: {'cpu': -35}, 3: {'cpu': -44}, 5: {'cpu': -77}, 0: {'cpu': -43}, 1: {'cpu': -53}}, 'link_level': {(0, 2): {'bw': -65}, (0, 6): {'bw': -28}, (1, 2): {'bw': -52}, (1, 4): {'bw': -52}, (1, 5): {'bw': -7}, (2, 3): {'bw': -7}}, 'path_level': {(0, 2): {'latency': -3.688746072237951}, (0, 6): {'latency': -6.596999588292806}, (1, 2): {'latency': -3.50696795280807}, (1, 4): {'latency': -9.19183539152727}, (1, 5): {'latency': -1.4919397090013424}, (2, 3): {'latency': 4.035436098028237}}}","{'node_level': {2: {'cpu': 0}, 6: {'cpu': 0}, 4: {'cpu': 0}, 3: {'cpu': 0}, 5: {'cpu': 0}, 0: {'cpu': 0}, 1: {'cpu': 0}}, 'link_level': {(0, 2): {'bw': 0}, (0, 6): {'bw': 0}, (1, 2): {'bw': 0}, (1, 4): {'bw': 0}, (1, 5): {'bw': 0}, (2, 3): {'bw': 0}}, 'path_level': {(0, 2): {'latency': 0}, (0, 6): {'latency': 0}, (1, 2): {'latency': 0}, (1, 4): {'latency': 0}, (1, 5): {'latency': 0}, (2, 3): {'latency': 4.035436098028237}}}",[],0.0,0.0,True,False,False,0,[],0,0.0,7.0,6.0
76,26,12,3128.0,4818.0,1062634.023678471,1624188.4607710936,0.6492320464923205,0.6542553708169919,18,114,1,945.0,41162,7386,33776,0.04831851565519907,0.03145700111834371,75,802.1364351814047,945.0,3,2,True,"{2: 85, 0: 31, 1: 50}","{(0, 2): [(31, 6), (6, 85)], (1, 2): [(50, 85)]}","{(2, 85): {'cpu': 9}, (0, 31): {'cpu': 20}, (1, 50): {'cpu': 2}}","{((0, 2), (31, 6)): {'bw': 11}, ((0, 2), (6, 85)): {'bw': 11}, ((1, 2), (50, 85)): {'bw': 43}}",96.0,85.0,85.0,31.0,54.0,31.0,54.0,31.0,65.0,11.0,0.8854166666666666,77005.09777741486,68181.5969904194,710.2249686502021,Success,0.0,"{'node_level': {}, 'link_level': {}, 'path_level': {}}","{'node_level': {2: {'cpu': -75}, 0: {'cpu': -34}, 1: {'cpu': -48}}, 'link_level': {(0, 2): {'bw': -42}, (1, 2): {'bw': -7}}, 'path_level': {(0, 2): {'latency': -8.291932677998492}, (1, 2): {'latency': -2.7722292321303654}}}","{'node_level': {2: {'cpu': 0}, 0: {'cpu': 0}, 1: {'cpu': 0}}, 'link_level': {(0, 2): {'bw': 0}, (1, 2): {'bw': 0}}, 'path_level': {(0, 2): {'latency': 0}, (1, 2): {'latency': 0}}}",[],0.0,0.0,True,True,False,0,[],0,0.0,3.0,2.0
76,26,11,3128.0,4818.0,1062634.023678471,1624188.4607710936,0.6492320464923205,0.6542553708169919,18,115,0,950.101729289015,41236,7416,33820,0.04445303440278314,0.030195280016058312,69,75.10172928901497,875.0,2,1,False,{},{},{},{},0.0,0.0,0.0,0.0,0.0,0.0,0.0,0.0,0.0,0.0,0.0,0.0,0.0,0.0,Leave Event,0.0,"{'node_level': {}, 'link_level': {}, 'path_level': {}}","{'node_level': {}, 'link_level': {}, 'path_level': {}}","{'node_level': {}, 'link_level': {}, 'path_level': {}}",[],0.0,0.0,True,True,False,0,[],0,0.0,,
77,26,11,3128.0,4818.0,1062634.023678471,1624188.4607710936,0.6492320464923205,0.6542553708169919,18,116,1,955.0,41236,7416,33820,0.04445303440278314,0.030195280016058312,76,1781.1110154526139,955.0,10,24,False,"{9: 50, 0: 31, 2: 66, 3: 39, 4: 73, 7: 57, 6: 65, 1: 76, 8: 60, 5: 5}","{(0, 1): [(31, 50), (50, 76)], (0, 2): [(31, 77), (77, 66)], (0, 3): [(31, 39)], (0, 5): [(31, 5)], (0, 7): []}","{(9, 50): {'cpu': 14}, (0, 31): {'cpu': 13}, (2, 66): {'cpu': 15}, (3, 39): {'cpu': 11}, (4, 73): {'cpu': 19}, (7, 57): {'cpu': 3}, (6, 65): {'cpu': 3}, (1, 76): {'cpu': 12}, (8, 60): {'cpu': 15}, (5, 5): {'cpu': 4}}","{((0, 1), (31, 50)): {'bw': 3}, ((0, 1), (50, 76)): {'bw': 3}, ((0, 2), (31, 77)): {'bw': 11}, ((0, 2), (77, 66)): {'bw': 11}, ((0, 3), (31, 39)): {'bw': 49}, ((0, 5), (31, 5)): {'bw': 37}}",0.0,0.0,660.0,109.0,551.0,0.0,0.0,0.0,0.0,0.0,0.0,0.0,0.0,0.0,Route Failure,11.109707756658263,"{'node_level': {}, 'link_level': {}, 'path_level': {}}","{'node_level': {9: {'cpu': -47}, 0: {'cpu': -38}, 2: {'cpu': -37}, 3: {'cpu': -72}, 4: {'cpu': -30}, 7: {'cpu': -51}, 6: {'cpu': -79}, 1: {'cpu': -71}, 8: {'cpu': -52}, 5: {'cpu': -67}}, 'link_level': {(0, 1): {'bw': -51}, (0, 2): {'bw': -22}, (0, 3): {'bw': -32}, (0, 5): {'bw': -28}, (0, 7): {'bw': -29}}, 'path_level': {(0, 1): {'latency': -5.758265733991209}, (0, 2): {'latency': -11.887109089661935}, (0, 3): {'latency': -9.590307224343682}, (0, 5): {'latency': -6.956196579601594}, (0, 7): {'latency': 11.109707756658263}}}","{'node_level': {9: {'cpu': 0}, 0: {'cpu': 0}, 2: {'cpu': 0}, 3: {'cpu': 0}, 4: {'cpu': 0}, 7: {'cpu': 0}, 6: {'cpu': 0}, 1: {'cpu': 0}, 8: {'cpu': 0}, 5: {'cpu': 0}}, 'link_level': {(0, 1): {'bw': 0}, (0, 2): {'bw': 0}, (0, 3): {'bw': 0}, (0, 5): {'bw': 0}, (0, 7): {'bw': 0}}, 'path_level': {(0, 1): {'latency': 0}, (0, 2): {'latency': 0}, (0, 3): {'latency': 0}, (0, 5): {'latency': 0}, (0, 7): {'latency': 11.109707756658263}}}",[],0.0,0.0,True,False,False,0,[],0,0.0,10.0,5.0
77,26,11,3128.0,4818.0,1062634.023678471,1624188.4607710936,0.6492320464923205,0.6542553708169919,18,117,0,959.2795733514517,41236,7416,33820,0.04445303440278314,0.030195280016058312,58,208.2795733514517,751.0,9,20,False,{},{},{},{},0.0,0.0,0.0,0.0,0.0,0.0,0.0,0.0,0.0,0.0,0.0,0.0,0.0,0.0,Leave Event,0.0,"{'node_level': {}, 'link_level': {}, 'path_level': {}}","{'node_level': {}, 'link_level': {}, 'path_level': {}}","{'node_level': {}, 'link_level': {}, 'path_level': {}}",[],0.0,0.0,True,True,False,0,[],0,0.0,,
77,26,10,3128.0,4818.0,1062634.023678471,1624188.4607710936,0.6492320464923205,0.6542553708169919,18,118,0,959.8599307398523,41258,7432,33826,0.04239144440149467,0.03002322713847394,61,171.8599307398523,788.0,2,1,False,{},{},{},{},0.0,0.0,0.0,0.0,0.0,0.0,0.0,0.0,0.0,0.0,0.0,0.0,0.0,0.0,Leave Event,0.0,"{'node_level': {}, 'link_level': {}, 'path_level': {}}","{'node_level': {}, 'link_level': {}, 'path_level': {}}","{'node_level': {}, 'link_level': {}, 'path_level': {}}",[],0.0,0.0,True,True,False,0,[],0,0.0,,
78,26,10,3128.0,4818.0,1062634.023678471,1624188.4607710936,0.6492320464923205,0.6542553708169919,18,119,1,970.0,41258,7432,33826,0.04239144440149467,0.03002322713847394,77,229.19801605296342,970.0,10,22,False,"{3: 50, 2: 31, 0: 66, 1: 39, 5: 73, 4: 57, 9: 65, 8: 13, 7: 76, 6: 60}","{(0, 2): [(66, 77), (77, 31)], (0, 3): [(66, 2), (2, 80), (80, 50)], (0, 4): [(66, 57)], (0, 5): [(66, 73)], (0, 7): []}","{(3, 50): {'cpu': 19}, (2, 31): {'cpu': 20}, (0, 66): {'cpu': 12}, (1, 39): {'cpu': 17}, (5, 73): {'cpu': 12}, (4, 57): {'cpu': 18}, (9, 65): {'cpu': 8}, (8, 13): {'cpu': 15}, (7, 76): {'cpu': 5}, (6, 60): {'cpu': 11}}","{((0, 2), (66, 77)): {'bw': 26}, ((0, 2), (77, 31)): {'bw': 26}, ((0, 3), (66, 2)): {'bw': 36}, ((0, 3), (2, 80)): {'bw': 36}, ((0, 3), (80, 50)): {'bw': 36}, ((0, 4), (66, 57)): {'bw': 7}, ((0, 5), (66, 73)): {'bw': 29}}",0.0,0.0,669.0,137.0,532.0,0.0,0.0,0.0,0.0,0.0,0.0,0.0,0.0,0.0,Route Failure,10.433398808014276,"{'node_level': {}, 'link_level': {}, 'path_level': {}}","{'node_level': {3: {'cpu': -42}, 2: {'cpu': -31}, 0: {'cpu': -40}, 1: {'cpu': -66}, 5: {'cpu': -37}, 4: {'cpu': -36}, 9: {'cpu': -74}, 8: {'cpu': -51}, 7: {'cpu': -78}, 6: {'cpu': -56}}, 'link_level': {(0, 2): {'bw': -7}, (0, 3): {'bw': -46}, (0, 4): {'bw': -90}, (0, 5): {'bw': -12}, (0, 7): {'bw': -7}}, 'path_level': {(0, 2): {'latency': -7.63971223134185}, (0, 3): {'latency': -0.8905112632239884}, (0, 4): {'latency': -9.119552210180432}, (0, 5): {'latency': -5.730165502247981}, (0, 7): {'latency': 10.433398808014276}}}","{'node_level': {3: {'cpu': 0}, 2: {'cpu': 0}, 0: {'cpu': 0}, 1: {'cpu': 0}, 5: {'cpu': 0}, 4: {'cpu': 0}, 9: {'cpu': 0}, 8: {'cpu': 0}, 7: {'cpu': 0}, 6: {'cpu': 0}}, 'link_level': {(0, 2): {'bw': 0}, (0, 3): {'bw': 0}, (0, 4): {'bw': 0}, (0, 5): {'bw': 0}, (0, 7): {'bw': 0}}, 'path_level': {(0, 2): {'latency': 0}, (0, 3): {'latency': 0}, (0, 4): {'latency': 0}, (0, 5): {'latency': 0}, (0, 7): {'latency': 10.433398808014276}}}",[],0.0,0.0,True,False,False,0,[],0,0.0,10.0,5.0
78,26,10,3128.0,4818.0,1062634.023678471,1624188.4607710936,0.6492320464923205,0.6542553708169919,18,120,0,973.070985207074,41258,7432,33826,0.04239144440149467,0.03002322713847394,36,511.07098520707405,462.0,2,1,False,{},{},{},{},0.0,0.0,0.0,0.0,0.0,0.0,0.0,0.0,0.0,0.0,0.0,0.0,0.0,0.0,Leave Event,0.0,"{'node_level': {}, 'link_level': {}, 'path_level': {}}","{'node_level': {}, 'link_level': {}, 'path_level': {}}","{'node_level': {}, 'link_level': {}, 'path_level': {}}",[],0.0,0.0,True,True,False,0,[],0,0.0,,
79,26,10,3128.0,4818.0,1062634.023678471,1624188.4607710936,0.6492320464923205,0.6542553708169919,18,121,1,980.0,41258,7432,33826,0.04239144440149467,0.03002322713847394,78,114.66870240873862,980.0,9,22,False,"{4: 50, 5: 31, 8: 66, 0: 39, 2: 73, 6: 57, 7: 65, 3: 13, 1: 76}","{(0, 2): []}","{(4, 50): {'cpu': 16}, (5, 31): {'cpu': 9}, (8, 66): {'cpu': 7}, (0, 39): {'cpu': 19}, (2, 73): {'cpu': 16}, (6, 57): {'cpu': 11}, (7, 65): {'cpu': 13}, (3, 13): {'cpu': 4}, (1, 76): {'cpu': 1}}",{},0.0,0.0,633.0,96.0,537.0,0.0,0.0,0.0,0.0,0.0,0.0,0.0,0.0,0.0,Route Failure,8.159599484574098,"{'node_level': {}, 'link_level': {}, 'path_level': {}}","{'node_level': {4: {'cpu': -45}, 5: {'cpu': -42}, 8: {'cpu': -45}, 0: {'cpu': -64}, 2: {'cpu': -33}, 6: {'cpu': -43}, 7: {'cpu': -69}, 3: {'cpu': -62}, 1: {'cpu': -82}}, 'link_level': {(0, 2): {'bw': -25}}, 'path_level': {(0, 2): {'latency': 8.159599484574098}}}","{'node_level': {4: {'cpu': 0}, 5: {'cpu': 0}, 8: {'cpu': 0}, 0: {'cpu': 0}, 2: {'cpu': 0}, 6: {'cpu': 0}, 7: {'cpu': 0}, 3: {'cpu': 0}, 1: {'cpu': 0}}, 'link_level': {(0, 2): {'bw': 0}}, 'path_level': {(0, 2): {'latency': 8.159599484574098}}}",[],0.0,0.0,True,False,False,0,[],0,0.0,9.0,1.0
80,27,11,3182.0,4872.0,1070064.0874988197,1631618.5245914422,0.65311986863711,0.655829822578635,18,122,1,995.0,41204,7416,33788,0.04445303440278314,0.031112895363174964,79,137.5937744509019,995.0,2,1,True,"{0: 50, 1: 31}","{(0, 1): [(50, 31)]}","{(0, 50): {'cpu': 15}, (1, 31): {'cpu': 1}}","{((0, 1), (50, 31)): {'bw': 38}}",54.0,54.0,54.0,16.0,38.0,16.0,38.0,16.0,38.0,0.0,1.0,7430.063820348702,7430.063820348702,137.5937744509019,Success,0.0,"{'node_level': {}, 'link_level': {}, 'path_level': {}}","{'node_level': {0: {'cpu': -46}, 1: {'cpu': -50}}, 'link_level': {(0, 1): {'bw': -20}}, 'path_level': {(0, 1): {'latency': -10.93265722374105}}}","{'node_level': {0: {'cpu': 0}, 1: {'cpu': 0}}, 'link_level': {(0, 1): {'bw': 0}}, 'path_level': {(0, 1): {'latency': 0}}}",[],0.0,0.0,True,True,False,0,[],0,0.0,2.0,1.0
80,27,10,3182.0,4872.0,1070064.0874988197,1631618.5245914422,0.65311986863711,0.655829822578635,18,123,0,1006.4644422243773,41361,7441,33920,0.04123180002576987,0.027327732056318665,73,83.4644422243773,923.0,3,2,False,{},{},{},{},0.0,0.0,0.0,0.0,0.0,0.0,0.0,0.0,0.0,0.0,0.0,0.0,0.0,0.0,Leave Event,0.0,"{'node_level': {}, 'link_level': {}, 'path_level': {}}","{'node_level': {}, 'link_level': {}, 'path_level': {}}","{'node_level': {}, 'link_level': {}, 'path_level': {}}",[],0.0,0.0,True,True,False,0,[],0,0.0,,
81,28,11,3212.0,4908.0,1096456.0393085305,1663288.8667630951,0.654441727791361,0.6592096305209626,18,124,1,1013.0,41325,7417,33908,0.044324185027702634,0.02767183781148741,80,879.7317269903625,1013.0,2,1,True,"{0: 59, 1: 31}","{(0, 1): [(59, 45), (45, 31)]}","{(0, 59): {'cpu': 14}, (1, 31): {'cpu': 10}}","{((0, 1), (59, 45)): {'bw': 6}, ((0, 1), (45, 31)): {'bw': 6}}",36.0,30.0,30.0,24.0,6.0,24.0,6.0,24.0,12.0,6.0,0.8333333333333334,31670.34217165305,26391.951809710874,733.1097724919688,Success,0.0,"{'node_level': {}, 'link_level': {}, 'path_level': {}}","{'node_level': {0: {'cpu': -65}, 1: {'cpu': -43}}, 'link_level': {(0, 1): {'bw': -53}}, 'path_level': {(0, 1): {'latency': -7.8695281925585}}}","{'node_level': {0: {'cpu': 0}, 1: {'cpu': 0}}, 'link_level': {(0, 1): {'bw': 0}}, 'path_level': {(0, 1): {'latency': 0}}}",[],0.0,0.0,True,True,False,0,[],0,0.0,2.0,1.0
82,29,12,3300.0,4996.0,1244249.711143258,1811082.5385978227,0.6605284227381906,0.6870198815491765,18,125,1,1025.0,41237,7380,33857,0.04909161190568223,0.029134287270954573,81,1679.4735435764487,1025.0,3,2,True,"{0: 57, 2: 59, 1: 66}","{(0, 1): [(57, 66)], (0, 2): [(57, 59)]}","{(0, 57): {'cpu': 18}, (2, 59): {'cpu': 17}, (1, 66): {'cpu': 2}}","{((0, 1), (57, 66)): {'bw': 42}, ((0, 2), (57, 59)): {'bw': 9}}",88.0,88.0,88.0,37.0,51.0,37.0,51.0,37.0,51.0,0.0,1.0,147793.6718347275,147793.6718347275,1679.4735435764487,Success,0.0,"{'node_level': {}, 'link_level': {}, 'path_level': {}}","{'node_level': {0: {'cpu': -40}, 2: {'cpu': -48}, 1: {'cpu': -50}}, 'link_level': {(0, 1): {'bw': -55}, (0, 2): {'bw': -62}}, 'path_level': {(0, 1): {'latency': -0.4103553577660244}, (0, 2): {'latency': -9.288488308757971}}}","{'node_level': {0: {'cpu': 0}, 2: {'cpu': 0}, 1: {'cpu': 0}}, 'link_level': {(0, 1): {'bw': 0}, (0, 2): {'bw': 0}}, 'path_level': {(0, 1): {'latency': 0}, (0, 2): {'latency': 0}}}",[],0.0,0.0,True,True,False,0,[],0,0.0,3.0,2.0
82,29,12,3300.0,4996.0,1244249.711143258,1811082.5385978227,0.6605284227381906,0.6870198815491765,18,126,0,1029.7753751417195,41237,7380,33857,0.04909161190568223,0.029134287270954573,9,913.7753751417193,116.0,8,16,False,{},{},{},{},0.0,0.0,0.0,0.0,0.0,0.0,0.0,0.0,0.0,0.0,0.0,0.0,0.0,0.0,Leave Event,0.0,"{'node_level': {}, 'link_level': {}, 'path_level': {}}","{'node_level': {}, 'link_level': {}, 'path_level': {}}","{'node_level': {}, 'link_level': {}, 'path_level': {}}",[],0.0,0.0,True,True,False,0,[],0,0.0,,
83,29,12,3300.0,4996.0,1244249.711143258,1811082.5385978227,0.6605284227381906,0.6870198815491765,18,127,1,1036.0,41237,7380,33857,0.04909161190568223,0.029134287270954573,82,600.0069893807491,1036.0,9,22,False,"{8: 39, 2: 73, 7: 31, 0: 13, 6: 65, 5: 5, 1: 76, 4: 60, 3: 50}","{(0, 1): [(13, 27), (27, 76)], (0, 3): []}","{(8, 39): {'cpu': 18}, (2, 73): {'cpu': 17}, (7, 31): {'cpu': 16}, (0, 13): {'cpu': 11}, (6, 65): {'cpu': 6}, (5, 5): {'cpu': 7}, (1, 76): {'cpu': 4}, (4, 60): {'cpu': 2}, (3, 50): {'cpu': 2}}","{((0, 1), (13, 27)): {'bw': 7}, ((0, 1), (27, 76)): {'bw': 7}}",0.0,0.0,649.0,83.0,566.0,0.0,0.0,0.0,0.0,0.0,0.0,0.0,0.0,0.0,Route Failure,7.493538893629629,"{'node_level': {}, 'link_level': {}, 'path_level': {}}","{'node_level': {8: {'cpu': -65}, 2: {'cpu': -32}, 7: {'cpu': -27}, 0: {'cpu': -55}, 6: {'cpu': -76}, 5: {'cpu': -64}, 1: {'cpu': -79}, 4: {'cpu': -65}, 3: {'cpu': -44}}, 'link_level': {(0, 1): {'bw': -70}, (0, 3): {'bw': -3}}, 'path_level': {(0, 1): {'latency': -0.49273600466823275}, (0, 3): {'latency': 7.493538893629629}}}","{'node_level': {8: {'cpu': 0}, 2: {'cpu': 0}, 7: {'cpu': 0}, 0: {'cpu': 0}, 6: {'cpu': 0}, 5: {'cpu': 0}, 1: {'cpu': 0}, 4: {'cpu': 0}, 3: {'cpu': 0}}, 'link_level': {(0, 1): {'bw': 0}, (0, 3): {'bw': 0}}, 'path_level': {(0, 1): {'latency': 0}, (0, 3): {'latency': 7.493538893629629}}}",[],0.0,0.0,True,False,False,0,[],0,0.0,9.0,2.0
83,29,12,3300.0,4996.0,1244249.711143258,1811082.5385978227,0.6605284227381906,0.6870198815491765,18,128,0,1036.4114457682638,41237,7380,33857,0.04909161190568223,0.029134287270954573,22,768.4114457682638,268.0,3,2,False,{},{},{},{},0.0,0.0,0.0,0.0,0.0,0.0,0.0,0.0,0.0,0.0,0.0,0.0,0.0,0.0,Leave Event,0.0,"{'node_level': {}, 'link_level': {}, 'path_level': {}}","{'node_level': {}, 'link_level': {}, 'path_level': {}}","{'node_level': {}, 'link_level': {}, 'path_level': {}}",[],0.0,0.0,True,True,False,0,[],0,0.0,,
84,29,12,3300.0,4996.0,1244249.711143258,1811082.5385978227,0.6605284227381906,0.6870198815491765,18,129,1,1046.0,41237,7380,33857,0.04909161190568223,0.029134287270954573,83,329.3700187399394,1046.0,10,18,False,"{9: 39, 8: 73, 7: 31, 1: 13, 3: 65, 6: 5, 5: 76, 4: 60, 2: 50, 0: 45}","{(0, 2): [(45, 50)], (0, 9): [(45, 18), (18, 39)], (1, 3): [(13, 1), (1, 65)], (1, 4): [(13, 71), (71, 60)], (1, 6): [(13, 86), (86, 5)], (1, 8): [(13, 15), (15, 73)], (1, 9): []}","{(9, 39): {'cpu': 15}, (8, 73): {'cpu': 8}, (7, 31): {'cpu': 9}, (1, 13): {'cpu': 3}, (3, 65): {'cpu': 19}, (6, 5): {'cpu': 20}, (5, 76): {'cpu': 7}, (4, 60): {'cpu': 4}, (2, 50): {'cpu': 13}, (0, 45): {'cpu': 8}}","{((0, 2), (45, 50)): {'bw': 8}, ((0, 9), (45, 18)): {'bw': 25}, ((0, 9), (18, 39)): {'bw': 25}, ((1, 3), (13, 1)): {'bw': 21}, ((1, 3), (1, 65)): {'bw': 21}, ((1, 4), (13, 71)): {'bw': 32}, ((1, 4), (71, 60)): {'bw': 32}, ((1, 6), (13, 86)): {'bw': 36}, ((1, 6), (86, 5)): {'bw': 36}, ((1, 8), (13, 15)): {'bw': 49}, ((1, 8), (15, 73)): {'bw': 49}}",0.0,0.0,548.0,106.0,442.0,0.0,0.0,0.0,0.0,0.0,0.0,0.0,0.0,0.0,Route Failure,1.7161470216973251,"{'node_level': {}, 'link_level': {}, 'path_level': {}}","{'node_level': {9: {'cpu': -68}, 8: {'cpu': -41}, 7: {'cpu': -34}, 1: {'cpu': -63}, 3: {'cpu': -63}, 6: {'cpu': -51}, 5: {'cpu': -76}, 4: {'cpu': -63}, 2: {'cpu': -33}, 0: {'cpu': -70}}, 'link_level': {(0, 2): {'bw': -84}, (0, 9): {'bw': -55}, (1, 3): {'bw': -15}, (1, 4): {'bw': -36}, (1, 6): {'bw': -43}, (1, 8): {'bw': -3}, (1, 9): {'bw': -38}}, 'path_level': {(0, 2): {'latency': -5.15001274739102}, (0, 9): {'latency': -7.160363625224716}, (1, 3): {'latency': -4.944375849337062}, (1, 4): {'latency': -6.889521266363248}, (1, 6): {'latency': -0.17961319718584434}, (1, 8): {'latency': -3.2870209106609174}, (1, 9): {'latency': 1.7161470216973251}}}","{'node_level': {9: {'cpu': 0}, 8: {'cpu': 0}, 7: {'cpu': 0}, 1: {'cpu': 0}, 3: {'cpu': 0}, 6: {'cpu': 0}, 5: {'cpu': 0}, 4: {'cpu': 0}, 2: {'cpu': 0}, 0: {'cpu': 0}}, 'link_level': {(0, 2): {'bw': 0}, (0, 9): {'bw': 0}, (1, 3): {'bw': 0}, (1, 4): {'bw': 0}, (1, 6): {'bw': 0}, (1, 8): {'bw': 0}, (1, 9): {'bw': 0}}, 'path_level': {(0, 2): {'latency': 0}, (0, 9): {'latency': 0}, (1, 3): {'latency': 0}, (1, 4): {'latency': 0}, (1, 6): {'latency': 0}, (1, 8): {'latency': 0}, (1, 9): {'latency': 1.7161470216973251}}}",[],0.0,0.0,True,False,False,0,[],0,0.0,10.0,7.0
85,29,12,3300.0,4996.0,1244249.711143258,1811082.5385978227,0.6605284227381906,0.6870198815491765,18,130,1,1055.0,41237,7380,33857,0.04909161190568223,0.029134287270954573,84,169.1718285952152,1055.0,9,17,False,"{2: 39, 6: 73, 5: 31, 7: 13, 4: 65, 8: 5, 0: 76, 1: 60, 3: 50}","{(0, 2): [(76, 54), (54, 89), (89, 39)], (0, 3): [(76, 50)], (0, 6): [(76, 73)], (0, 7): [(76, 27), (27, 13)], (1, 3): []}","{(2, 39): {'cpu': 18}, (6, 73): {'cpu': 16}, (5, 31): {'cpu': 18}, (7, 13): {'cpu': 12}, (4, 65): {'cpu': 5}, (8, 5): {'cpu': 8}, (0, 76): {'cpu': 4}, (1, 60): {'cpu': 6}, (3, 50): {'cpu': 1}}","{((0, 2), (76, 54)): {'bw': 23}, ((0, 2), (54, 89)): {'bw': 23}, ((0, 2), (89, 39)): {'bw': 23}, ((0, 3), (76, 50)): {'bw': 11}, ((0, 6), (76, 73)): {'bw': 22}, ((0, 7), (76, 27)): {'bw': 24}, ((0, 7), (27, 13)): {'bw': 24}}",0.0,0.0,536.0,88.0,448.0,0.0,0.0,0.0,0.0,0.0,0.0,0.0,0.0,0.0,Route Failure,5.516967106895466,"{'node_level': {}, 'link_level': {}, 'path_level': {}}","{'node_level': {2: {'cpu': -65}, 6: {'cpu': -33}, 5: {'cpu': -25}, 7: {'cpu': -54}, 4: {'cpu': -77}, 8: {'cpu': -63}, 0: {'cpu': -79}, 1: {'cpu': -61}, 3: {'cpu': -45}}, 'link_level': {(0, 2): {'bw': -46}, (0, 3): {'bw': -43}, (0, 6): {'bw': -36}, (0, 7): {'bw': -53}, (1, 3): {'bw': -38}}, 'path_level': {(0, 2): {'latency': -0.37517639691556326}, (0, 3): {'latency': -2.7909173898999287}, (0, 6): {'latency': -1.3083786617424744}, (0, 7): {'latency': -6.668467514234555}, (1, 3): {'latency': 5.516967106895466}}}","{'node_level': {2: {'cpu': 0}, 6: {'cpu': 0}, 5: {'cpu': 0}, 7: {'cpu': 0}, 4: {'cpu': 0}, 8: {'cpu': 0}, 0: {'cpu': 0}, 1: {'cpu': 0}, 3: {'cpu': 0}}, 'link_level': {(0, 2): {'bw': 0}, (0, 3): {'bw': 0}, (0, 6): {'bw': 0}, (0, 7): {'bw': 0}, (1, 3): {'bw': 0}}, 'path_level': {(0, 2): {'latency': 0}, (0, 3): {'latency': 0}, (0, 6): {'latency': 0}, (0, 7): {'latency': 0}, (1, 3): {'latency': 5.516967106895466}}}",[],0.0,0.0,True,False,False,0,[],0,0.0,9.0,5.0
85,29,11,3300.0,4996.0,1244249.711143258,1811082.5385978227,0.6605284227381906,0.6870198815491765,18,131,0,1055.0920752815978,41260,7395,33865,0.04715887127947427,0.02890488343417541,52,389.0920752815979,666.0,2,1,False,{},{},{},{},0.0,0.0,0.0,0.0,0.0,0.0,0.0,0.0,0.0,0.0,0.0,0.0,0.0,0.0,Leave Event,0.0,"{'node_level': {}, 'link_level': {}, 'path_level': {}}","{'node_level': {}, 'link_level': {}, 'path_level': {}}","{'node_level': {}, 'link_level': {}, 'path_level': {}}",[],0.0,0.0,True,True,False,0,[],0,0.0,,
86,29,11,3300.0,4996.0,1244249.711143258,1811082.5385978227,0.6605284227381906,0.6870198815491765,18,132,1,1068.0,41260,7395,33865,0.04715887127947427,0.02890488343417541,85,896.9445206083341,1068.0,6,10,False,"{0: 73, 1: 86, 2: 39, 3: 13, 5: 31, 4: 5}","{(0, 1): [(73, 48), (48, 86)], (0, 2): [(73, 61), (61, 39)], (0, 3): [(73, 15), (15, 13)], (0, 5): []}","{(0, 73): {'cpu': 20}, (1, 86): {'cpu': 15}, (2, 39): {'cpu': 6}, (3, 13): {'cpu': 12}, (5, 31): {'cpu': 10}, (4, 5): {'cpu': 16}}","{((0, 1), (73, 48)): {'bw': 41}, ((0, 1), (48, 86)): {'bw': 41}, ((0, 2), (73, 61)): {'bw': 22}, ((0, 2), (61, 39)): {'bw': 22}, ((0, 3), (73, 15)): {'bw': 8}, ((0, 3), (15, 13)): {'bw': 8}}",0.0,0.0,361.0,79.0,282.0,0.0,0.0,0.0,0.0,0.0,0.0,0.0,0.0,0.0,Route Failure,6.489444216941267,"{'node_level': {}, 'link_level': {}, 'path_level': {}}","{'node_level': {0: {'cpu': -34}, 1: {'cpu': -22}, 2: {'cpu': -77}, 3: {'cpu': -54}, 5: {'cpu': -33}, 4: {'cpu': -55}}, 'link_level': {(0, 1): {'bw': -34}, (0, 2): {'bw': -55}, (0, 3): {'bw': -44}, (0, 5): {'bw': -17}}, 'path_level': {(0, 1): {'latency': -4.109289189529147}, (0, 2): {'latency': -9.451681168931886}, (0, 3): {'latency': -3.8689836219436913}, (0, 5): {'latency': 6.489444216941267}}}","{'node_level': {0: {'cpu': 0}, 1: {'cpu': 0}, 2: {'cpu': 0}, 3: {'cpu': 0}, 5: {'cpu': 0}, 4: {'cpu': 0}}, 'link_level': {(0, 1): {'bw': 0}, (0, 2): {'bw': 0}, (0, 3): {'bw': 0}, (0, 5): {'bw': 0}}, 'path_level': {(0, 1): {'latency': 0}, (0, 2): {'latency': 0}, (0, 3): {'latency': 0}, (0, 5): {'latency': 6.489444216941267}}}",[],0.0,0.0,True,False,False,0,[],0,0.0,6.0,4.0
86,29,11,3300.0,4996.0,1244249.711143258,1811082.5385978227,0.6605284227381906,0.6870198815491765,18,133,0,1068.5175982188248,41260,7395,33865,0.04715887127947427,0.02890488343417541,42,526.5175982188248,542.0,9,16,False,{},{},{},{},0.0,0.0,0.0,0.0,0.0,0.0,0.0,0.0,0.0,0.0,0.0,0.0,0.0,0.0,Leave Event,0.0,"{'node_level': {}, 'link_level': {}, 'path_level': {}}","{'node_level': {}, 'link_level': {}, 'path_level': {}}","{'node_level': {}, 'link_level': {}, 'path_level': {}}",[],0.0,0.0,True,True,False,0,[],0,0.0,,
86,29,10,3300.0,4996.0,1244249.711143258,1811082.5385978227,0.6605284227381906,0.6870198815491765,18,134,0,1072.4467908145914,41550,7443,34107,0.040974101275608854,0.02196541737160551,67,222.44679081459145,850.0,6,6,False,{},{},{},{},0.0,0.0,0.0,0.0,0.0,0.0,0.0,0.0,0.0,0.0,0.0,0.0,0.0,0.0,Leave Event,0.0,"{'node_level': {}, 'link_level': {}, 'path_level': {}}","{'node_level': {}, 'link_level': {}, 'path_level': {}}","{'node_level': {}, 'link_level': {}, 'path_level': {}}",[],0.0,0.0,True,True,False,0,[],0,0.0,,
86,29,10,3300.0,4996.0,1244249.711143258,1811082.5385978227,0.6605284227381906,0.6870198815491765,18,135,0,1078.9067672351507,41550,7443,34107,0.040974101275608854,0.02196541737160551,12,922.9067672351506,156.0,9,17,False,{},{},{},{},0.0,0.0,0.0,0.0,0.0,0.0,0.0,0.0,0.0,0.0,0.0,0.0,0.0,0.0,Leave Event,0.0,"{'node_level': {}, 'link_level': {}, 'path_level': {}}","{'node_level': {}, 'link_level': {}, 'path_level': {}}","{'node_level': {}, 'link_level': {}, 'path_level': {}}",[],0.0,0.0,True,True,False,0,[],0,0.0,,
86,29,10,3300.0,4996.0,1244249.711143258,1811082.5385978227,0.6605284227381906,0.6870198815491765,18,136,0,1079.30700279789,41550,7443,34107,0.040974101275608854,0.02196541737160551,70,188.3070027978899,891.0,8,17,False,{},{},{},{},0.0,0.0,0.0,0.0,0.0,0.0,0.0,0.0,0.0,0.0,0.0,0.0,0.0,0.0,Leave Event,0.0,"{'node_level': {}, 'link_level': {}, 'path_level': {}}","{'node_level': {}, 'link_level': {}, 'path_level': {}}","{'node_level': {}, 'link_level': {}, 'path_level': {}}",[],0.0,0.0,True,True,False,0,[],0,0.0,,
87,30,11,3362.0,5083.0,1308020.69181387,1900567.6243775524,0.6614204210112139,0.6882263356676166,18,137,1,1083.0,41463,7406,34057,0.04574152815358845,0.02339919135147539,86,1028.5642043647108,1083.0,2,1,True,"{1: 86, 0: 85}","{(0, 1): [(85, 13), (13, 86)]}","{(1, 86): {'cpu': 20}, (0, 85): {'cpu': 17}}","{((0, 1), (85, 13)): {'bw': 25}, ((0, 1), (13, 86)): {'bw': 25}}",87.0,62.0,62.0,37.0,25.0,37.0,25.0,37.0,50.0,25.0,0.7126436781609196,89485.08577972984,63770.98067061207,732.9997778231273,Success,0.0,"{'node_level': {}, 'link_level': {}, 'path_level': {}}","{'node_level': {1: {'cpu': -26}, 0: {'cpu': -72}}, 'link_level': {(0, 1): {'bw': -40}}, 'path_level': {(0, 1): {'latency': -8.12737956932878}}}","{'node_level': {1: {'cpu': 0}, 0: {'cpu': 0}}, 'link_level': {(0, 1): {'bw': 0}}, 'path_level': {(0, 1): {'latency': 0}}}",[],0.0,0.0,True,True,False,0,[],0,0.0,2.0,1.0
87,30,11,3362.0,5083.0,1308020.69181387,1900567.6243775524,0.6614204210112139,0.6882263356676166,18,138,0,1094.6687024087387,41463,7406,34057,0.04574152815358845,0.02339919135147539,78,114.66870240873862,980.0,9,22,False,{},{},{},{},0.0,0.0,0.0,0.0,0.0,0.0,0.0,0.0,0.0,0.0,0.0,0.0,0.0,0.0,Leave Event,0.0,"{'node_level': {}, 'link_level': {}, 'path_level': {}}","{'node_level': {}, 'link_level': {}, 'path_level': {}}","{'node_level': {}, 'link_level': {}, 'path_level': {}}",[],0.0,0.0,True,True,False,0,[],0,0.0,,
88,31,12,3372.0,5100.0,1308503.97099274,1901389.1989816313,0.6611764705882353,0.6881831303625603,18,139,1,1095.0,41446,7403,34043,0.04612807627883009,0.023800648065838925,87,48.32791788699492,1095.0,2,1,True,"{0: 50, 1: 66}","{(0, 1): [(50, 77), (77, 66)]}","{(0, 50): {'cpu': 2}, (1, 66): {'cpu': 1}}","{((0, 1), (50, 77)): {'bw': 7}, ((0, 1), (77, 66)): {'bw': 7}}",17.0,10.0,10.0,3.0,7.0,3.0,7.0,3.0,14.0,7.0,0.5882352941176471,821.5746040789136,483.2791788699492,28.428186992349953,Success,0.0,"{'node_level': {}, 'link_level': {}, 'path_level': {}}","{'node_level': {0: {'cpu': -52}, 1: {'cpu': -53}}, 'link_level': {(0, 1): {'bw': -52}}, 'path_level': {(0, 1): {'latency': -4.926073333447855}}}","{'node_level': {0: {'cpu': 0}, 1: {'cpu': 0}}, 'link_level': {(0, 1): {'bw': 0}}, 'path_level': {(0, 1): {'latency': 0}}}",[],0.0,0.0,True,True,False,0,[],0,0.0,2.0,1.0
88,31,11,3372.0,5100.0,1308503.97099274,1901389.1989816313,0.6611764705882353,0.6881831303625603,18,140,0,1106.0970844122403,41504,7436,34068,0.041876046901172526,0.02308376107590404,45,528.0970844122402,578.0,3,2,False,{},{},{},{},0.0,0.0,0.0,0.0,0.0,0.0,0.0,0.0,0.0,0.0,0.0,0.0,0.0,0.0,Leave Event,0.0,"{'node_level': {}, 'link_level': {}, 'path_level': {}}","{'node_level': {}, 'link_level': {}, 'path_level': {}}","{'node_level': {}, 'link_level': {}, 'path_level': {}}",[],0.0,0.0,True,True,False,0,[],0,0.0,,
89,31,11,3372.0,5100.0,1308503.97099274,1901389.1989816313,0.6611764705882353,0.6881831303625603,18,141,1,1112.0,41504,7436,34068,0.041876046901172526,0.02308376107590404,88,121.64090523933967,1112.0,6,9,False,"{0: 73, 1: 31, 2: 50, 3: 66, 5: 52, 4: 76}","{(0, 1): [(73, 55), (55, 31)], (0, 2): [(73, 76), (76, 50)], (0, 3): [(73, 66)], (0, 5): [(73, 61), (61, 52)], (1, 2): []}","{(0, 73): {'cpu': 16}, (1, 31): {'cpu': 9}, (2, 50): {'cpu': 8}, (3, 66): {'cpu': 7}, (5, 52): {'cpu': 1}, (4, 76): {'cpu': 11}}","{((0, 1), (73, 55)): {'bw': 43}, ((0, 1), (55, 31)): {'bw': 43}, ((0, 2), (73, 76)): {'bw': 27}, ((0, 2), (76, 50)): {'bw': 27}, ((0, 3), (73, 66)): {'bw': 5}, ((0, 5), (73, 61)): {'bw': 14}, ((0, 5), (61, 52)): {'bw': 14}}",0.0,0.0,266.0,52.0,214.0,0.0,0.0,0.0,0.0,0.0,0.0,0.0,0.0,0.0,Route Failure,6.2771811144426835,"{'node_level': {}, 'link_level': {}, 'path_level': {}}","{'node_level': {0: {'cpu': -53}, 1: {'cpu': -39}, 2: {'cpu': -44}, 3: {'cpu': -46}, 5: {'cpu': -86}, 4: {'cpu': -72}}, 'link_level': {(0, 1): {'bw': -15}, (0, 2): {'bw': -31}, (0, 3): {'bw': -36}, (0, 5): {'bw': -77}, (1, 2): {'bw': -20}}, 'path_level': {(0, 1): {'latency': -4.144515363391299}, (0, 2): {'latency': -0.5057858078762392}, (0, 3): {'latency': -9.70817233909339}, (0, 5): {'latency': -10.117261755957248}, (1, 2): {'latency': 6.2771811144426835}}}","{'node_level': {0: {'cpu': 0}, 1: {'cpu': 0}, 2: {'cpu': 0}, 3: {'cpu': 0}, 5: {'cpu': 0}, 4: {'cpu': 0}}, 'link_level': {(0, 1): {'bw': 0}, (0, 2): {'bw': 0}, (0, 3): {'bw': 0}, (0, 5): {'bw': 0}, (1, 2): {'bw': 0}}, 'path_level': {(0, 1): {'latency': 0}, (0, 2): {'latency': 0}, (0, 3): {'latency': 0}, (0, 5): {'latency': 0}, (1, 2): {'latency': 6.2771811144426835}}}",[],0.0,0.0,True,False,False,0,[],0,0.0,6.0,5.0
90,31,11,3372.0,5100.0,1308503.97099274,1901389.1989816313,0.6611764705882353,0.6881831303625603,18,142,1,1131.0,41504,7436,34068,0.041876046901172526,0.02308376107590404,89,891.1851145849794,1131.0,5,6,False,"{0: 73, 4: 31, 2: 50, 3: 66, 1: 52}","{(0, 2): []}","{(0, 73): {'cpu': 12}, (4, 31): {'cpu': 19}, (2, 50): {'cpu': 5}, (3, 66): {'cpu': 7}, (1, 52): {'cpu': 4}}",{},0.0,0.0,226.0,47.0,179.0,0.0,0.0,0.0,0.0,0.0,0.0,0.0,0.0,0.0,Route Failure,6.585252909201263,"{'node_level': {}, 'link_level': {}, 'path_level': {}}","{'node_level': {0: {'cpu': -57}, 4: {'cpu': -29}, 2: {'cpu': -47}, 3: {'cpu': -46}, 1: {'cpu': -83}}, 'link_level': {(0, 2): {'bw': -3}}, 'path_level': {(0, 2): {'latency': 6.585252909201263}}}","{'node_level': {0: {'cpu': 0}, 4: {'cpu': 0}, 2: {'cpu': 0}, 3: {'cpu': 0}, 1: {'cpu': 0}}, 'link_level': {(0, 2): {'bw': 0}}, 'path_level': {(0, 2): {'latency': 6.585252909201263}}}",[],0.0,0.0,True,False,False,0,[],0,0.0,5.0,1.0
90,31,10,3372.0,5100.0,1308503.97099274,1901389.1989816313,0.6611764705882353,0.6881831303625603,18,143,0,1132.593774450902,41558,7452,34106,0.039814456899884054,0.021994092851202907,79,137.5937744509019,995.0,2,1,False,{},{},{},{},0.0,0.0,0.0,0.0,0.0,0.0,0.0,0.0,0.0,0.0,0.0,0.0,0.0,0.0,Leave Event,0.0,"{'node_level': {}, 'link_level': {}, 'path_level': {}}","{'node_level': {}, 'link_level': {}, 'path_level': {}}","{'node_level': {}, 'link_level': {}, 'path_level': {}}",[],0.0,0.0,True,True,False,0,[],0,0.0,,
90,31,10,3372.0,5100.0,1308503.97099274,1901389.1989816313,0.6611764705882353,0.6881831303625603,18,144,0,1138.684839165071,41558,7452,34106,0.039814456899884054,0.021994092851202907,29,774.684839165071,364.0,6,9,False,{},{},{},{},0.0,0.0,0.0,0.0,0.0,0.0,0.0,0.0,0.0,0.0,0.0,0.0,0.0,0.0,Leave Event,0.0,"{'node_level': {}, 'link_level': {}, 'path_level': {}}","{'node_level': {}, 'link_level': {}, 'path_level': {}}","{'node_level': {}, 'link_level': {}, 'path_level': {}}",[],0.0,0.0,True,True,False,0,[],0,0.0,,
91,32,11,3406.0,5162.0,1340563.8643925413,1959851.3575342102,0.6598217745060054,0.6840130294774873,18,145,1,1141.0,41496,7446,34050,0.04058755315036722,0.023599919708657158,90,942.9380411706272,1141.0,2,1,True,"{1: 50, 0: 73}","{(0, 1): [(73, 55), (55, 50)]}","{(1, 50): {'cpu': 4}, (0, 73): {'cpu': 2}}","{((0, 1), (73, 55)): {'bw': 28}, ((0, 1), (55, 50)): {'bw': 28}}",62.0,34.0,34.0,6.0,28.0,6.0,28.0,6.0,56.0,28.0,0.5483870967741935,58462.15855257889,32059.893399801327,517.0950548355053,Success,0.0,"{'node_level': {}, 'link_level': {}, 'path_level': {}}","{'node_level': {1: {'cpu': -63}, 0: {'cpu': -67}}, 'link_level': {(0, 1): {'bw': -30}}, 'path_level': {(0, 1): {'latency': -1.385397984482946}}}","{'node_level': {1: {'cpu': 0}, 0: {'cpu': 0}}, 'link_level': {(0, 1): {'bw': 0}}, 'path_level': {(0, 1): {'latency': 0}}}",[],0.0,0.0,True,True,False,0,[],0,0.0,2.0,1.0
91,32,10,3406.0,5162.0,1340563.8643925413,1959851.3575342102,0.6598217745060054,0.6840130294774873,18,146,0,1143.327917886995,41513,7449,34064,0.04020100502512558,0.023198462994293623,87,48.32791788699492,1095.0,2,1,False,{},{},{},{},0.0,0.0,0.0,0.0,0.0,0.0,0.0,0.0,0.0,0.0,0.0,0.0,0.0,0.0,Leave Event,0.0,"{'node_level': {}, 'link_level': {}, 'path_level': {}}","{'node_level': {}, 'link_level': {}, 'path_level': {}}","{'node_level': {}, 'link_level': {}, 'path_level': {}}",[],0.0,0.0,True,True,False,0,[],0,0.0,,
92,32,10,3406.0,5162.0,1340563.8643925413,1959851.3575342102,0.6598217745060054,0.6840130294774873,18,147,1,1155.0,41513,7449,34064,0.04020100502512558,0.023198462994293623,91,188.91499891815582,1155.0,10,19,False,"{4: 50, 8: 31, 2: 73, 6: 66, 7: 52, 0: 76, 9: 39, 1: 21, 5: 5, 3: 45}","{(0, 2): [(76, 73)], (0, 4): [(76, 50)], (0, 5): [(76, 21), (21, 5)], (0, 6): [(76, 35), (35, 66)], (1, 2): [(21, 86), (86, 73)], (1, 3): []}","{(4, 50): {'cpu': 17}, (8, 31): {'cpu': 20}, (2, 73): {'cpu': 9}, (6, 66): {'cpu': 6}, (7, 52): {'cpu': 13}, (0, 76): {'cpu': 6}, (9, 39): {'cpu': 10}, (1, 21): {'cpu': 13}, (5, 5): {'cpu': 9}, (3, 45): {'cpu': 4}}","{((0, 2), (76, 73)): {'bw': 46}, ((0, 4), (76, 50)): {'bw': 37}, ((0, 5), (76, 21)): {'bw': 7}, ((0, 5), (21, 5)): {'bw': 7}, ((0, 6), (76, 35)): {'bw': 13}, ((0, 6), (35, 66)): {'bw': 13}, ((1, 2), (21, 86)): {'bw': 14}, ((1, 2), (86, 73)): {'bw': 14}}",0.0,0.0,614.0,107.0,507.0,0.0,0.0,0.0,0.0,0.0,0.0,0.0,0.0,0.0,Route Failure,6.3648222912243675,"{'node_level': {}, 'link_level': {}, 'path_level': {}}","{'node_level': {4: {'cpu': -48}, 8: {'cpu': -29}, 2: {'cpu': -58}, 6: {'cpu': -48}, 7: {'cpu': -74}, 0: {'cpu': -77}, 9: {'cpu': -73}, 1: {'cpu': -56}, 5: {'cpu': -62}, 3: {'cpu': -74}}, 'link_level': {(0, 2): {'bw': -12}, (0, 4): {'bw': -30}, (0, 5): {'bw': -54}, (0, 6): {'bw': -63}, (1, 2): {'bw': -7}, (1, 3): {'bw': -20}}, 'path_level': {(0, 2): {'latency': -7.5033442646642}, (0, 4): {'latency': -1.427756755000757}, (0, 5): {'latency': -4.521719205746101}, (0, 6): {'latency': -5.272819935021513}, (1, 2): {'latency': -2.9842533333396}, (1, 3): {'latency': 6.3648222912243675}}}","{'node_level': {4: {'cpu': 0}, 8: {'cpu': 0}, 2: {'cpu': 0}, 6: {'cpu': 0}, 7: {'cpu': 0}, 0: {'cpu': 0}, 9: {'cpu': 0}, 1: {'cpu': 0}, 5: {'cpu': 0}, 3: {'cpu': 0}}, 'link_level': {(0, 2): {'bw': 0}, (0, 4): {'bw': 0}, (0, 5): {'bw': 0}, (0, 6): {'bw': 0}, (1, 2): {'bw': 0}, (1, 3): {'bw': 0}}, 'path_level': {(0, 2): {'latency': 0}, (0, 4): {'latency': 0}, (0, 5): {'latency': 0}, (0, 6): {'latency': 0}, (1, 2): {'latency': 0}, (1, 3): {'latency': 6.3648222912243675}}}",[],0.0,0.0,True,False,False,0,[],0,0.0,10.0,6.0
93,32,10,3406.0,5162.0,1340563.8643925413,1959851.3575342102,0.6598217745060054,0.6840130294774873,18,148,1,1166.0,41513,7449,34064,0.04020100502512558,0.023198462994293623,92,163.76240999465827,1166.0,4,3,False,"{2: 50, 1: 31, 3: 73, 0: 66}","{(0, 3): []}","{(2, 50): {'cpu': 7}, (1, 31): {'cpu': 20}, (3, 73): {'cpu': 11}, (0, 66): {'cpu': 15}}",{},0.0,0.0,125.0,53.0,72.0,0.0,0.0,0.0,0.0,0.0,0.0,0.0,0.0,0.0,Route Failure,8.122287464282289,"{'node_level': {}, 'link_level': {}, 'path_level': {}}","{'node_level': {2: {'cpu': -58}, 1: {'cpu': -29}, 3: {'cpu': -56}, 0: {'cpu': -39}}, 'link_level': {(0, 3): {'bw': -19}}, 'path_level': {(0, 3): {'latency': 8.122287464282289}}}","{'node_level': {2: {'cpu': 0}, 1: {'cpu': 0}, 3: {'cpu': 0}, 0: {'cpu': 0}}, 'link_level': {(0, 3): {'bw': 0}}, 'path_level': {(0, 3): {'latency': 8.122287464282289}}}",[],0.0,0.0,True,False,False,0,[],0,0.0,4.0,1.0
94,32,10,3406.0,5162.0,1340563.8643925413,1959851.3575342102,0.6598217745060054,0.6840130294774873,18,149,1,1172.0,41513,7449,34064,0.04020100502512558,0.023198462994293623,93,281.77490228684775,1172.0,9,11,False,"{5: 50, 0: 31, 4: 73, 3: 66, 1: 52, 2: 76, 6: 39, 7: 21, 8: 5}","{(0, 4): []}","{(5, 50): {'cpu': 20}, (0, 31): {'cpu': 14}, (4, 73): {'cpu': 10}, (3, 66): {'cpu': 16}, (1, 52): {'cpu': 19}, (2, 76): {'cpu': 11}, (6, 39): {'cpu': 16}, (7, 21): {'cpu': 14}, (8, 5): {'cpu': 20}}",{},0.0,0.0,406.0,140.0,266.0,0.0,0.0,0.0,0.0,0.0,0.0,0.0,0.0,0.0,Route Failure,6.672630506716182,"{'node_level': {}, 'link_level': {}, 'path_level': {}}","{'node_level': {5: {'cpu': -45}, 0: {'cpu': -35}, 4: {'cpu': -57}, 3: {'cpu': -38}, 1: {'cpu': -68}, 2: {'cpu': -72}, 6: {'cpu': -67}, 7: {'cpu': -55}, 8: {'cpu': -51}}, 'link_level': {(0, 4): {'bw': -35}}, 'path_level': {(0, 4): {'latency': 6.672630506716182}}}","{'node_level': {5: {'cpu': 0}, 0: {'cpu': 0}, 4: {'cpu': 0}, 3: {'cpu': 0}, 1: {'cpu': 0}, 2: {'cpu': 0}, 6: {'cpu': 0}, 7: {'cpu': 0}, 8: {'cpu': 0}}, 'link_level': {(0, 4): {'bw': 0}}, 'path_level': {(0, 4): {'latency': 6.672630506716182}}}",[],0.0,0.0,True,False,False,0,[],0,0.0,9.0,1.0
94,32,9,3406.0,5162.0,1340563.8643925413,1959851.3575342102,0.6598217745060054,0.6840130294774873,18,150,0,1175.0040245228229,41559,7468,34091,0.03775286689859558,0.022424225045163837,71,272.00402452282293,903.0,2,1,False,{},{},{},{},0.0,0.0,0.0,0.0,0.0,0.0,0.0,0.0,0.0,0.0,0.0,0.0,0.0,0.0,Leave Event,0.0,"{'node_level': {}, 'link_level': {}, 'path_level': {}}","{'node_level': {}, 'link_level': {}, 'path_level': {}}","{'node_level': {}, 'link_level': {}, 'path_level': {}}",[],0.0,0.0,True,True,False,0,[],0,0.0,,
95,32,9,3406.0,5162.0,1340563.8643925413,1959851.3575342102,0.6598217745060054,0.6840130294774873,18,151,1,1180.0,41559,7468,34091,0.03775286689859558,0.022424225045163837,94,387.66312627113876,1180.0,4,3,False,"{3: 73, 2: 50, 0: 31, 1: 66}","{(0, 1): [(31, 77), (77, 66)], (0, 3): [(31, 55), (55, 73)], (2, 3): []}","{(3, 73): {'cpu': 5}, (2, 50): {'cpu': 10}, (0, 31): {'cpu': 1}, (1, 66): {'cpu': 17}}","{((0, 1), (31, 77)): {'bw': 15}, ((0, 1), (77, 66)): {'bw': 15}, ((0, 3), (31, 55)): {'bw': 20}, ((0, 3), (55, 73)): {'bw': 20}}",0.0,0.0,107.0,33.0,74.0,0.0,0.0,0.0,0.0,0.0,0.0,0.0,0.0,0.0,Route Failure,5.761060693455915,"{'node_level': {}, 'link_level': {}, 'path_level': {}}","{'node_level': {3: {'cpu': -80}, 2: {'cpu': -55}, 0: {'cpu': -48}, 1: {'cpu': -37}}, 'link_level': {(0, 1): {'bw': -37}, (0, 3): {'bw': -10}, (2, 3): {'bw': -9}}, 'path_level': {(0, 1): {'latency': -0.29343557055605896}, (0, 3): {'latency': -8.487122496113372}, (2, 3): {'latency': 5.761060693455915}}}","{'node_level': {3: {'cpu': 0}, 2: {'cpu': 0}, 0: {'cpu': 0}, 1: {'cpu': 0}}, 'link_level': {(0, 1): {'bw': 0}, (0, 3): {'bw': 0}, (2, 3): {'bw': 0}}, 'path_level': {(0, 1): {'latency': 0}, (0, 3): {'latency': 0}, (2, 3): {'latency': 5.761060693455915}}}",[],0.0,0.0,True,False,False,0,[],0,0.0,4.0,3.0
95,32,9,3406.0,5162.0,1340563.8643925413,1959851.3575342102,0.6598217745060054,0.6840130294774873,18,152,0,1188.9797235993424,41559,7468,34091,0.03775286689859558,0.022424225045163837,41,655.9797235993424,533.0,10,27,False,{},{},{},{},0.0,0.0,0.0,0.0,0.0,0.0,0.0,0.0,0.0,0.0,0.0,0.0,0.0,0.0,Leave Event,0.0,"{'node_level': {}, 'link_level': {}, 'path_level': {}}","{'node_level': {}, 'link_level': {}, 'path_level': {}}","{'node_level': {}, 'link_level': {}, 'path_level': {}}",[],0.0,0.0,True,True,False,0,[],0,0.0,,
95,32,9,3406.0,5162.0,1340563.8643925413,1959851.3575342102,0.6598217745060054,0.6840130294774873,18,153,0,1199.1980160529633,41559,7468,34091,0.03775286689859558,0.022424225045163837,77,229.19801605296342,970.0,10,22,False,{},{},{},{},0.0,0.0,0.0,0.0,0.0,0.0,0.0,0.0,0.0,0.0,0.0,0.0,0.0,0.0,Leave Event,0.0,"{'node_level': {}, 'link_level': {}, 'path_level': {}}","{'node_level': {}, 'link_level': {}, 'path_level': {}}","{'node_level': {}, 'link_level': {}, 'path_level': {}}",[],0.0,0.0,True,True,False,0,[],0,0.0,,
96,32,9,3406.0,5162.0,1340563.8643925413,1959851.3575342102,0.6598217745060054,0.6840130294774873,18,154,1,1201.0,41559,7468,34091,0.03775286689859558,0.022424225045163837,95,50.22342321188576,1201.0,3,2,False,"{1: 73, 0: 50, 2: 31}","{(0, 1): [(50, 55), (55, 73)], (1, 2): []}","{(1, 73): {'cpu': 4}, (0, 50): {'cpu': 10}, (2, 31): {'cpu': 1}}","{((0, 1), (50, 55)): {'bw': 23}, ((0, 1), (55, 73)): {'bw': 23}}",0.0,0.0,49.0,15.0,34.0,0.0,0.0,0.0,0.0,0.0,0.0,0.0,0.0,0.0,Route Failure,3.7661288895905027,"{'node_level': {}, 'link_level': {}, 'path_level': {}}","{'node_level': {1: {'cpu': -81}, 0: {'cpu': -55}, 2: {'cpu': -48}}, 'link_level': {(0, 1): {'bw': -7}, (1, 2): {'bw': -54}}, 'path_level': {(0, 1): {'latency': -5.04333861113105}, (1, 2): {'latency': 3.7661288895905027}}}","{'node_level': {1: {'cpu': 0}, 0: {'cpu': 0}, 2: {'cpu': 0}}, 'link_level': {(0, 1): {'bw': 0}, (1, 2): {'bw': 0}}, 'path_level': {(0, 1): {'latency': 0}, (1, 2): {'latency': 3.7661288895905027}}}",[],0.0,0.0,True,False,False,0,[],0,0.0,3.0,2.0
97,32,9,3406.0,5162.0,1340563.8643925413,1959851.3575342102,0.6598217745060054,0.6840130294774873,18,155,1,1212.0,41559,7468,34091,0.03775286689859558,0.022424225045163837,96,906.733098550513,1212.0,5,6,False,"{4: 73, 3: 50, 1: 31, 0: 66, 2: 76}","{(0, 1): [(66, 77), (77, 31)], (0, 2): [(66, 35), (35, 76)], (1, 2): [(31, 50), (50, 76)], (1, 4): [(31, 55), (55, 73)], (2, 4): []}","{(4, 73): {'cpu': 13}, (3, 50): {'cpu': 11}, (1, 31): {'cpu': 5}, (0, 66): {'cpu': 16}, (2, 76): {'cpu': 1}}","{((0, 1), (66, 77)): {'bw': 12}, ((0, 1), (77, 31)): {'bw': 12}, ((0, 2), (66, 35)): {'bw': 34}, ((0, 2), (35, 76)): {'bw': 34}, ((1, 2), (31, 50)): {'bw': 32}, ((1, 2), (50, 76)): {'bw': 32}, ((1, 4), (31, 55)): {'bw': 6}, ((1, 4), (55, 73)): {'bw': 6}}",0.0,0.0,196.0,46.0,150.0,0.0,0.0,0.0,0.0,0.0,0.0,0.0,0.0,0.0,Route Failure,4.8158460750097705,"{'node_level': {}, 'link_level': {}, 'path_level': {}}","{'node_level': {4: {'cpu': -72}, 3: {'cpu': -54}, 1: {'cpu': -44}, 0: {'cpu': -38}, 2: {'cpu': -82}}, 'link_level': {(0, 1): {'bw': -40}, (0, 2): {'bw': -42}, (1, 2): {'bw': -35}, (1, 4): {'bw': -24}, (2, 4): {'bw': -33}}, 'path_level': {(0, 1): {'latency': -4.782834603010557}, (0, 2): {'latency': -2.0209012506424937}, (1, 2): {'latency': -9.101162345035322}, (1, 4): {'latency': -1.6636110821081012}, (2, 4): {'latency': 4.8158460750097705}}}","{'node_level': {4: {'cpu': 0}, 3: {'cpu': 0}, 1: {'cpu': 0}, 0: {'cpu': 0}, 2: {'cpu': 0}}, 'link_level': {(0, 1): {'bw': 0}, (0, 2): {'bw': 0}, (1, 2): {'bw': 0}, (1, 4): {'bw': 0}, (2, 4): {'bw': 0}}, 'path_level': {(0, 1): {'latency': 0}, (0, 2): {'latency': 0}, (1, 2): {'latency': 0}, (1, 4): {'latency': 0}, (2, 4): {'latency': 4.8158460750097705}}}",[],0.0,0.0,True,False,False,0,[],0,0.0,5.0,5.0
98,32,9,3406.0,5162.0,1340563.8643925413,1959851.3575342102,0.6598217745060054,0.6840130294774873,18,156,1,1217.0,41559,7468,34091,0.03775286689859558,0.022424225045163837,97,382.57393229659357,1217.0,4,3,False,"{0: 73, 2: 50, 3: 31, 1: 66}","{(0, 2): []}","{(0, 73): {'cpu': 10}, (2, 50): {'cpu': 12}, (3, 31): {'cpu': 1}, (1, 66): {'cpu': 18}}",{},0.0,0.0,122.0,41.0,81.0,0.0,0.0,0.0,0.0,0.0,0.0,0.0,0.0,0.0,Route Failure,7.864422051868967,"{'node_level': {}, 'link_level': {}, 'path_level': {}}","{'node_level': {0: {'cpu': -75}, 2: {'cpu': -53}, 3: {'cpu': -48}, 1: {'cpu': -36}}, 'link_level': {(0, 2): {'bw': -41}}, 'path_level': {(0, 2): {'latency': 7.864422051868967}}}","{'node_level': {0: {'cpu': 0}, 2: {'cpu': 0}, 3: {'cpu': 0}, 1: {'cpu': 0}}, 'link_level': {(0, 2): {'bw': 0}}, 'path_level': {(0, 2): {'latency': 7.864422051868967}}}",[],0.0,0.0,True,False,False,0,[],0,0.0,4.0,1.0
98,32,9,3406.0,5162.0,1340563.8643925413,1959851.3575342102,0.6598217745060054,0.6840130294774873,18,157,0,1224.1718285952152,41559,7468,34091,0.03775286689859558,0.022424225045163837,84,169.1718285952152,1055.0,9,17,False,{},{},{},{},0.0,0.0,0.0,0.0,0.0,0.0,0.0,0.0,0.0,0.0,0.0,0.0,0.0,0.0,Leave Event,0.0,"{'node_level': {}, 'link_level': {}, 'path_level': {}}","{'node_level': {}, 'link_level': {}, 'path_level': {}}","{'node_level': {}, 'link_level': {}, 'path_level': {}}",[],0.0,0.0,True,True,False,0,[],0,0.0,,
99,32,9,3406.0,5162.0,1340563.8643925413,1959851.3575342102,0.6598217745060054,0.6840130294774873,18,158,1,1232.0,41559,7468,34091,0.03775286689859558,0.022424225045163837,98,745.7559213725051,1232.0,6,6,False,"{3: 73, 5: 50, 4: 31, 1: 66, 2: 76, 0: 59}","{(0, 3): [(59, 73)], (1, 4): [(66, 77), (77, 31)], (1, 5): [(66, 77), (77, 50)], (2, 5): [(76, 50)], (3, 4): []}","{(3, 73): {'cpu': 3}, (5, 50): {'cpu': 5}, (4, 31): {'cpu': 20}, (1, 66): {'cpu': 19}, (2, 76): {'cpu': 8}, (0, 59): {'cpu': 12}}","{((0, 3), (59, 73)): {'bw': 26}, ((1, 4), (66, 77)): {'bw': 6}, ((1, 4), (77, 31)): {'bw': 6}, ((1, 5), (66, 77)): {'bw': 5}, ((1, 5), (77, 50)): {'bw': 5}, ((2, 5), (76, 50)): {'bw': 36}}",0.0,0.0,184.0,67.0,117.0,0.0,0.0,0.0,0.0,0.0,0.0,0.0,0.0,0.0,Route Failure,6.460646719443018,"{'node_level': {}, 'link_level': {}, 'path_level': {}}","{'node_level': {3: {'cpu': -82}, 5: {'cpu': -60}, 4: {'cpu': -29}, 1: {'cpu': -35}, 2: {'cpu': -75}, 0: {'cpu': -50}}, 'link_level': {(0, 3): {'bw': -46}, (1, 4): {'bw': -46}, (1, 5): {'bw': -48}, (2, 5): {'bw': -31}, (3, 4): {'bw': -46}}, 'path_level': {(0, 3): {'latency': -1.1245146258614724}, (1, 4): {'latency': -4.035671280695048}, (1, 5): {'latency': -5.633326996052254}, (2, 5): {'latency': -11.83311326489574}, (3, 4): {'latency': 6.460646719443018}}}","{'node_level': {3: {'cpu': 0}, 5: {'cpu': 0}, 4: {'cpu': 0}, 1: {'cpu': 0}, 2: {'cpu': 0}, 0: {'cpu': 0}}, 'link_level': {(0, 3): {'bw': 0}, (1, 4): {'bw': 0}, (1, 5): {'bw': 0}, (2, 5): {'bw': 0}, (3, 4): {'bw': 0}}, 'path_level': {(0, 3): {'latency': 0}, (1, 4): {'latency': 0}, (1, 5): {'latency': 0}, (2, 5): {'latency': 0}, (3, 4): {'latency': 6.460646719443018}}}",[],0.0,0.0,True,False,False,0,[],0,0.0,6.0,5.0
99,32,9,3406.0,5162.0,1340563.8643925413,1959851.3575342102,0.6598217745060054,0.6840130294774873,18,159,0,1233.6409052393396,41559,7468,34091,0.03775286689859558,0.022424225045163837,88,121.64090523933967,1112.0,6,9,False,{},{},{},{},0.0,0.0,0.0,0.0,0.0,0.0,0.0,0.0,0.0,0.0,0.0,0.0,0.0,0.0,Leave Event,0.0,"{'node_level': {}, 'link_level': {}, 'path_level': {}}","{'node_level': {}, 'link_level': {}, 'path_level': {}}","{'node_level': {}, 'link_level': {}, 'path_level': {}}",[],0.0,0.0,True,True,False,0,[],0,0.0,,
100,32,9,3406.0,5162.0,1340563.8643925413,1959851.3575342102,0.6598217745060054,0.6840130294774873,18,160,1,1243.0,41559,7468,34091,0.03775286689859558,0.022424225045163837,99,131.2257067570419,1243.0,3,2,False,"{0: 73, 1: 50, 2: 31}","{(0, 1): [(73, 55), (55, 50)], (0, 2): []}","{(0, 73): {'cpu': 5}, (1, 50): {'cpu': 18}, (2, 31): {'cpu': 17}}","{((0, 1), (73, 55)): {'bw': 29}, ((0, 1), (55, 50)): {'bw': 29}}",0.0,0.0,93.0,40.0,53.0,0.0,0.0,0.0,0.0,0.0,0.0,0.0,0.0,0.0,Route Failure,7.665032010933387,"{'node_level': {}, 'link_level': {}, 'path_level': {}}","{'node_level': {0: {'cpu': -80}, 1: {'cpu': -47}, 2: {'cpu': -32}}, 'link_level': {(0, 1): {'bw': -1}, (0, 2): {'bw': -41}}, 'path_level': {(0, 1): {'latency': -5.2621905639543165}, (0, 2): {'latency': 7.665032010933387}}}","{'node_level': {0: {'cpu': 0}, 1: {'cpu': 0}, 2: {'cpu': 0}}, 'link_level': {(0, 1): {'bw': 0}, (0, 2): {'bw': 0}}, 'path_level': {(0, 1): {'latency': 0}, (0, 2): {'latency': 7.665032010933387}}}",[],0.0,0.0,True,False,False,0,[],0,0.0,3.0,2.0
100,32,9,3406.0,5162.0,1340563.8643925413,1959851.3575342102,0.6598217745060054,0.6840130294774873,18,161,0,1246.8085797489205,41559,7468,34091,0.03775286689859558,0.022424225045163837,24,951.8085797489205,295.0,9,22,False,{},{},{},{},0.0,0.0,0.0,0.0,0.0,0.0,0.0,0.0,0.0,0.0,0.0,0.0,0.0,0.0,Leave Event,0.0,"{'node_level': {}, 'link_level': {}, 'path_level': {}}","{'node_level': {}, 'link_level': {}, 'path_level': {}}","{'node_level': {}, 'link_level': {}, 'path_level': {}}",[],0.0,0.0,True,True,False,0,[],0,0.0,,
100,32,9,3406.0,5162.0,1340563.8643925413,1959851.3575342102,0.6598217745060054,0.6840130294774873,18,162,0,1251.2234232118858,41559,7468,34091,0.03775286689859558,0.022424225045163837,95,50.22342321188576,1201.0,3,2,False,{},{},{},{},0.0,0.0,0.0,0.0,0.0,0.0,0.0,0.0,0.0,0.0,0.0,0.0,0.0,0.0,Leave Event,0.0,"{'node_level': {}, 'link_level': {}, 'path_level': {}}","{'node_level': {}, 'link_level': {}, 'path_level': {}}","{'node_level': {}, 'link_level': {}, 'path_level': {}}",[],0.0,0.0,True,True,False,0,[],0,0.0,,
100,32,9,3406.0,5162.0,1340563.8643925413,1959851.3575342102,0.6598217745060054,0.6840130294774873,18,163,0,1310.7912426370249,41559,7468,34091,0.03775286689859558,0.022424225045163837,56,588.791242637025,722.0,4,3,False,{},{},{},{},0.0,0.0,0.0,0.0,0.0,0.0,0.0,0.0,0.0,0.0,0.0,0.0,0.0,0.0,Leave Event,0.0,"{'node_level': {}, 'link_level': {}, 'path_level': {}}","{'node_level': {}, 'link_level': {}, 'path_level': {}}","{'node_level': {}, 'link_level': {}, 'path_level': {}}",[],0.0,0.0,True,True,False,0,[],0,0.0,,
100,32,9,3406.0,5162.0,1340563.8643925413,1959851.3575342102,0.6598217745060054,0.6840130294774873,18,164,0,1329.7624099946584,41559,7468,34091,0.03775286689859558,0.022424225045163837,92,163.76240999465827,1166.0,4,3,False,{},{},{},{},0.0,0.0,0.0,0.0,0.0,0.0,0.0,0.0,0.0,0.0,0.0,0.0,0.0,0.0,Leave Event,0.0,"{'node_level': {}, 'link_level': {}, 'path_level': {}}","{'node_level': {}, 'link_level': {}, 'path_level': {}}","{'node_level': {}, 'link_level': {}, 'path_level': {}}",[],0.0,0.0,True,True,False,0,[],0,0.0,,
100,32,9,3406.0,5162.0,1340563.8643925413,1959851.3575342102,0.6598217745060054,0.6840130294774873,18,165,0,1343.9149989181558,41559,7468,34091,0.03775286689859558,0.022424225045163837,91,188.91499891815582,1155.0,10,19,False,{},{},{},{},0.0,0.0,0.0,0.0,0.0,0.0,0.0,0.0,0.0,0.0,0.0,0.0,0.0,0.0,Leave Event,0.0,"{'node_level': {}, 'link_level': {}, 'path_level': {}}","{'node_level': {}, 'link_level': {}, 'path_level': {}}","{'node_level': {}, 'link_level': {}, 'path_level': {}}",[],0.0,0.0,True,True,False,0,[],0,0.0,,
100,32,9,3406.0,5162.0,1340563.8643925413,1959851.3575342102,0.6598217745060054,0.6840130294774873,18,166,0,1374.225706757042,41559,7468,34091,0.03775286689859558,0.022424225045163837,99,131.2257067570419,1243.0,3,2,False,{},{},{},{},0.0,0.0,0.0,0.0,0.0,0.0,0.0,0.0,0.0,0.0,0.0,0.0,0.0,0.0,Leave Event,0.0,"{'node_level': {}, 'link_level': {}, 'path_level': {}}","{'node_level': {}, 'link_level': {}, 'path_level': {}}","{'node_level': {}, 'link_level': {}, 'path_level': {}}",[],0.0,0.0,True,True,False,0,[],0,0.0,,
100,32,9,3406.0,5162.0,1340563.8643925413,1959851.3575342102,0.6598217745060054,0.6840130294774873,18,167,0,1375.3700187399395,41559,7468,34091,0.03775286689859558,0.022424225045163837,83,329.3700187399394,1046.0,10,18,False,{},{},{},{},0.0,0.0,0.0,0.0,0.0,0.0,0.0,0.0,0.0,0.0,0.0,0.0,0.0,0.0,Leave Event,0.0,"{'node_level': {}, 'link_level': {}, 'path_level': {}}","{'node_level': {}, 'link_level': {}, 'path_level': {}}","{'node_level': {}, 'link_level': {}, 'path_level': {}}",[],0.0,0.0,True,True,False,0,[],0,0.0,,
100,32,9,3406.0,5162.0,1340563.8643925413,1959851.3575342102,0.6598217745060054,0.6840130294774873,18,168,0,1409.560215560672,41559,7468,34091,0.03775286689859558,0.022424225045163837,15,1226.560215560672,183.0,8,12,False,{},{},{},{},0.0,0.0,0.0,0.0,0.0,0.0,0.0,0.0,0.0,0.0,0.0,0.0,0.0,0.0,Leave Event,0.0,"{'node_level': {}, 'link_level': {}, 'path_level': {}}","{'node_level': {}, 'link_level': {}, 'path_level': {}}","{'node_level': {}, 'link_level': {}, 'path_level': {}}",[],0.0,0.0,True,True,False,0,[],0,0.0,,
100,32,8,3406.0,5162.0,1340563.8643925413,1959851.3575342102,0.6598217745060054,0.6840130294774873,18,169,0,1410.6618123881592,41718,7511,34207,0.03221234377013271,0.019097869411865864,64,593.6618123881592,817.0,3,2,False,{},{},{},{},0.0,0.0,0.0,0.0,0.0,0.0,0.0,0.0,0.0,0.0,0.0,0.0,0.0,0.0,Leave Event,0.0,"{'node_level': {}, 'link_level': {}, 'path_level': {}}","{'node_level': {}, 'link_level': {}, 'path_level': {}}","{'node_level': {}, 'link_level': {}, 'path_level': {}}",[],0.0,0.0,True,True,False,0,[],0,0.0,,
100,32,8,3406.0,5162.0,1340563.8643925413,1959851.3575342102,0.6598217745060054,0.6840130294774873,18,170,0,1413.7725652947581,41718,7511,34207,0.03221234377013271,0.019097869411865864,8,1306.7725652947581,107.0,9,21,False,{},{},{},{},0.0,0.0,0.0,0.0,0.0,0.0,0.0,0.0,0.0,0.0,0.0,0.0,0.0,0.0,Leave Event,0.0,"{'node_level': {}, 'link_level': {}, 'path_level': {}}","{'node_level': {}, 'link_level': {}, 'path_level': {}}","{'node_level': {}, 'link_level': {}, 'path_level': {}}",[],0.0,0.0,True,True,False,0,[],0,0.0,,
100,32,8,3406.0,5162.0,1340563.8643925413,1959851.3575342102,0.6598217745060054,0.6840130294774873,18,171,0,1453.7749022868477,41718,7511,34207,0.03221234377013271,0.019097869411865864,93,281.77490228684775,1172.0,9,11,False,{},{},{},{},0.0,0.0,0.0,0.0,0.0,0.0,0.0,0.0,0.0,0.0,0.0,0.0,0.0,0.0,Leave Event,0.0,"{'node_level': {}, 'link_level': {}, 'path_level': {}}","{'node_level': {}, 'link_level': {}, 'path_level': {}}","{'node_level': {}, 'link_level': {}, 'path_level': {}}",[],0.0,0.0,True,True,False,0,[],0,0.0,,
100,32,7,3406.0,5162.0,1340563.8643925413,1959851.3575342102,0.6598217745060054,0.6840130294774873,18,172,0,1476.6227196683747,41901,7548,34353,0.027444916892153115,0.01491124939064603,62,675.6227196683747,801.0,3,2,False,{},{},{},{},0.0,0.0,0.0,0.0,0.0,0.0,0.0,0.0,0.0,0.0,0.0,0.0,0.0,0.0,Leave Event,0.0,"{'node_level': {}, 'link_level': {}, 'path_level': {}}","{'node_level': {}, 'link_level': {}, 'path_level': {}}","{'node_level': {}, 'link_level': {}, 'path_level': {}}",[],0.0,0.0,True,True,False,0,[],0,0.0,,
100,32,6,3406.0,5162.0,1340563.8643925413,1959851.3575342102,0.6598217745060054,0.6840130294774873,18,173,0,1490.4203520108981,42143,7602,34541,0.020487050637804427,0.009520259226335592,66,649.4203520108981,841.0,4,4,False,{},{},{},{},0.0,0.0,0.0,0.0,0.0,0.0,0.0,0.0,0.0,0.0,0.0,0.0,0.0,0.0,Leave Event,0.0,"{'node_level': {}, 'link_level': {}, 'path_level': {}}","{'node_level': {}, 'link_level': {}, 'path_level': {}}","{'node_level': {}, 'link_level': {}, 'path_level': {}}",[],0.0,0.0,True,True,False,0,[],0,0.0,,
100,32,6,3406.0,5162.0,1340563.8643925413,1959851.3575342102,0.6598217745060054,0.6840130294774873,18,174,0,1511.5738438150347,42143,7602,34541,0.020487050637804427,0.009520259226335592,68,648.5738438150346,863.0,10,18,False,{},{},{},{},0.0,0.0,0.0,0.0,0.0,0.0,0.0,0.0,0.0,0.0,0.0,0.0,0.0,0.0,Leave Event,0.0,"{'node_level': {}, 'link_level': {}, 'path_level': {}}","{'node_level': {}, 'link_level': {}, 'path_level': {}}","{'node_level': {}, 'link_level': {}, 'path_level': {}}",[],0.0,0.0,True,True,False,0,[],0,0.0,,
100,32,6,3406.0,5162.0,1340563.8643925413,1959851.3575342102,0.6598217745060054,0.6840130294774873,18,175,0,1561.6356604354908,42143,7602,34541,0.020487050637804427,0.009520259226335592,35,1114.6356604354908,447.0,2,1,False,{},{},{},{},0.0,0.0,0.0,0.0,0.0,0.0,0.0,0.0,0.0,0.0,0.0,0.0,0.0,0.0,Leave Event,0.0,"{'node_level': {}, 'link_level': {}, 'path_level': {}}","{'node_level': {}, 'link_level': {}, 'path_level': {}}","{'node_level': {}, 'link_level': {}, 'path_level': {}}",[],0.0,0.0,True,True,False,0,[],0,0.0,,
100,32,6,3406.0,5162.0,1340563.8643925413,1959851.3575342102,0.6598217745060054,0.6840130294774873,18,176,0,1562.332862724567,42143,7602,34541,0.020487050637804427,0.009520259226335592,3,1519.332862724567,43.0,10,27,False,{},{},{},{},0.0,0.0,0.0,0.0,0.0,0.0,0.0,0.0,0.0,0.0,0.0,0.0,0.0,0.0,Leave Event,0.0,"{'node_level': {}, 'link_level': {}, 'path_level': {}}","{'node_level': {}, 'link_level': {}, 'path_level': {}}","{'node_level': {}, 'link_level': {}, 'path_level': {}}",[],0.0,0.0,True,True,False,0,[],0,0.0,,
100,32,6,3406.0,5162.0,1340563.8643925413,1959851.3575342102,0.6598217745060054,0.6840130294774873,18,177,0,1567.6631262711387,42143,7602,34541,0.020487050637804427,0.009520259226335592,94,387.66312627113876,1180.0,4,3,False,{},{},{},{},0.0,0.0,0.0,0.0,0.0,0.0,0.0,0.0,0.0,0.0,0.0,0.0,0.0,0.0,Leave Event,0.0,"{'node_level': {}, 'link_level': {}, 'path_level': {}}","{'node_level': {}, 'link_level': {}, 'path_level': {}}","{'node_level': {}, 'link_level': {}, 'path_level': {}}",[],0.0,0.0,True,True,False,0,[],0,0.0,,
100,32,5,3406.0,5162.0,1340563.8643925413,1959851.3575342102,0.6598217745060054,0.6840130294774873,18,178,0,1583.423060180105,42265,7626,34639,0.017394665635871664,0.006710062225790736,53,908.4230601801049,675.0,2,1,False,{},{},{},{},0.0,0.0,0.0,0.0,0.0,0.0,0.0,0.0,0.0,0.0,0.0,0.0,0.0,0.0,Leave Event,0.0,"{'node_level': {}, 'link_level': {}, 'path_level': {}}","{'node_level': {}, 'link_level': {}, 'path_level': {}}","{'node_level': {}, 'link_level': {}, 'path_level': {}}",[],0.0,0.0,True,True,False,0,[],0,0.0,,
100,32,5,3406.0,5162.0,1340563.8643925413,1959851.3575342102,0.6598217745060054,0.6840130294774873,18,179,0,1599.5739322965935,42265,7626,34639,0.017394665635871664,0.006710062225790736,97,382.57393229659357,1217.0,4,3,False,{},{},{},{},0.0,0.0,0.0,0.0,0.0,0.0,0.0,0.0,0.0,0.0,0.0,0.0,0.0,0.0,Leave Event,0.0,"{'node_level': {}, 'link_level': {}, 'path_level': {}}","{'node_level': {}, 'link_level': {}, 'path_level': {}}","{'node_level': {}, 'link_level': {}, 'path_level': {}}",[],0.0,0.0,True,True,False,0,[],0,0.0,,
100,32,5,3406.0,5162.0,1340563.8643925413,1959851.3575342102,0.6598217745060054,0.6840130294774873,18,180,0,1636.006989380749,42265,7626,34639,0.017394665635871664,0.006710062225790736,82,600.0069893807491,1036.0,9,22,False,{},{},{},{},0.0,0.0,0.0,0.0,0.0,0.0,0.0,0.0,0.0,0.0,0.0,0.0,0.0,0.0,Leave Event,0.0,"{'node_level': {}, 'link_level': {}, 'path_level': {}}","{'node_level': {}, 'link_level': {}, 'path_level': {}}","{'node_level': {}, 'link_level': {}, 'path_level': {}}",[],0.0,0.0,True,True,False,0,[],0,0.0,,
100,32,5,3406.0,5162.0,1340563.8643925413,1959851.3575342102,0.6598217745060054,0.6840130294774873,18,181,0,1665.102744440631,42265,7626,34639,0.017394665635871664,0.006710062225790736,28,1315.102744440631,350.0,7,11,False,{},{},{},{},0.0,0.0,0.0,0.0,0.0,0.0,0.0,0.0,0.0,0.0,0.0,0.0,0.0,0.0,Leave Event,0.0,"{'node_level': {}, 'link_level': {}, 'path_level': {}}","{'node_level': {}, 'link_level': {}, 'path_level': {}}","{'node_level': {}, 'link_level': {}, 'path_level': {}}",[],0.0,0.0,True,True,False,0,[],0,0.0,,
100,32,4,3406.0,5162.0,1340563.8643925413,1959851.3575342102,0.6598217745060054,0.6840130294774873,18,182,0,1747.1364351814047,42361,7657,34704,0.01340033500837523,0.004846156051959927,75,802.1364351814047,945.0,3,2,False,{},{},{},{},0.0,0.0,0.0,0.0,0.0,0.0,0.0,0.0,0.0,0.0,0.0,0.0,0.0,0.0,Leave Event,0.0,"{'node_level': {}, 'link_level': {}, 'path_level': {}}","{'node_level': {}, 'link_level': {}, 'path_level': {}}","{'node_level': {}, 'link_level': {}, 'path_level': {}}",[],0.0,0.0,True,True,False,0,[],0,0.0,,
100,32,4,3406.0,5162.0,1340563.8643925413,1959851.3575342102,0.6598217745060054,0.6840130294774873,18,183,0,1757.7468393821778,42361,7657,34704,0.01340033500837523,0.004846156051959927,65,920.7468393821777,837.0,4,5,False,{},{},{},{},0.0,0.0,0.0,0.0,0.0,0.0,0.0,0.0,0.0,0.0,0.0,0.0,0.0,0.0,Leave Event,0.0,"{'node_level': {}, 'link_level': {}, 'path_level': {}}","{'node_level': {}, 'link_level': {}, 'path_level': {}}","{'node_level': {}, 'link_level': {}, 'path_level': {}}",[],0.0,0.0,True,True,False,0,[],0,0.0,,
100,32,4,3406.0,5162.0,1340563.8643925413,1959851.3575342102,0.6598217745060054,0.6840130294774873,18,184,0,1775.9903513709512,42361,7657,34704,0.01340033500837523,0.004846156051959927,60,997.9903513709512,778.0,7,9,False,{},{},{},{},0.0,0.0,0.0,0.0,0.0,0.0,0.0,0.0,0.0,0.0,0.0,0.0,0.0,0.0,Leave Event,0.0,"{'node_level': {}, 'link_level': {}, 'path_level': {}}","{'node_level': {}, 'link_level': {}, 'path_level': {}}","{'node_level': {}, 'link_level': {}, 'path_level': {}}",[],0.0,0.0,True,True,False,0,[],0,0.0,,
100,32,4,3406.0,5162.0,1340563.8643925413,1959851.3575342102,0.6598217745060054,0.6840130294774873,18,185,0,1866.620715357564,42361,7657,34704,0.01340033500837523,0.004846156051959927,57,1129.620715357564,737.0,4,4,False,{},{},{},{},0.0,0.0,0.0,0.0,0.0,0.0,0.0,0.0,0.0,0.0,0.0,0.0,0.0,0.0,Leave Event,0.0,"{'node_level': {}, 'link_level': {}, 'path_level': {}}","{'node_level': {}, 'link_level': {}, 'path_level': {}}","{'node_level': {}, 'link_level': {}, 'path_level': {}}",[],0.0,0.0,True,True,False,0,[],0,0.0,,
100,32,3,3406.0,5162.0,1340563.8643925413,1959851.3575342102,0.6598217745060054,0.6840130294774873,18,186,0,1892.7317269903624,42397,7681,34716,0.010307950006442468,0.004502050296791182,80,879.7317269903625,1013.0,2,1,False,{},{},{},{},0.0,0.0,0.0,0.0,0.0,0.0,0.0,0.0,0.0,0.0,0.0,0.0,0.0,0.0,Leave Event,0.0,"{'node_level': {}, 'link_level': {}, 'path_level': {}}","{'node_level': {}, 'link_level': {}, 'path_level': {}}","{'node_level': {}, 'link_level': {}, 'path_level': {}}",[],0.0,0.0,True,True,False,0,[],0,0.0,,
100,32,3,3406.0,5162.0,1340563.8643925413,1959851.3575342102,0.6598217745060054,0.6840130294774873,18,187,0,1960.6481525404379,42397,7681,34716,0.010307950006442468,0.004502050296791182,72,1048.6481525404379,912.0,6,8,False,{},{},{},{},0.0,0.0,0.0,0.0,0.0,0.0,0.0,0.0,0.0,0.0,0.0,0.0,0.0,0.0,Leave Event,0.0,"{'node_level': {}, 'link_level': {}, 'path_level': {}}","{'node_level': {}, 'link_level': {}, 'path_level': {}}","{'node_level': {}, 'link_level': {}, 'path_level': {}}",[],0.0,0.0,True,True,False,0,[],0,0.0,,
100,32,3,3406.0,5162.0,1340563.8643925413,1959851.3575342102,0.6598217745060054,0.6840130294774873,18,188,0,1964.9445206083342,42397,7681,34716,0.010307950006442468,0.004502050296791182,85,896.9445206083341,1068.0,6,10,False,{},{},{},{},0.0,0.0,0.0,0.0,0.0,0.0,0.0,0.0,0.0,0.0,0.0,0.0,0.0,0.0,Leave Event,0.0,"{'node_level': {}, 'link_level': {}, 'path_level': {}}","{'node_level': {}, 'link_level': {}, 'path_level': {}}","{'node_level': {}, 'link_level': {}, 'path_level': {}}",[],0.0,0.0,True,True,False,0,[],0,0.0,,
100,32,3,3406.0,5162.0,1340563.8643925413,1959851.3575342102,0.6598217745060054,0.6840130294774873,18,189,0,1977.755921372505,42397,7681,34716,0.010307950006442468,0.004502050296791182,98,745.7559213725051,1232.0,6,6,False,{},{},{},{},0.0,0.0,0.0,0.0,0.0,0.0,0.0,0.0,0.0,0.0,0.0,0.0,0.0,0.0,Leave Event,0.0,"{'node_level': {}, 'link_level': {}, 'path_level': {}}","{'node_level': {}, 'link_level': {}, 'path_level': {}}","{'node_level': {}, 'link_level': {}, 'path_level': {}}",[],0.0,0.0,True,True,False,0,[],0,0.0,,
100,32,3,3406.0,5162.0,1340563.8643925413,1959851.3575342102,0.6598217745060054,0.6840130294774873,18,190,0,1991.651998017522,42397,7681,34716,0.010307950006442468,0.004502050296791182,74,1060.651998017522,931.0,7,13,False,{},{},{},{},0.0,0.0,0.0,0.0,0.0,0.0,0.0,0.0,0.0,0.0,0.0,0.0,0.0,0.0,Leave Event,0.0,"{'node_level': {}, 'link_level': {}, 'path_level': {}}","{'node_level': {}, 'link_level': {}, 'path_level': {}}","{'node_level': {}, 'link_level': {}, 'path_level': {}}",[],0.0,0.0,True,True,False,0,[],0,0.0,,
100,32,3,3406.0,5162.0,1340563.8643925413,1959851.3575342102,0.6598217745060054,0.6840130294774873,18,191,0,2022.1851145849794,42397,7681,34716,0.010307950006442468,0.004502050296791182,89,891.1851145849794,1131.0,5,6,False,{},{},{},{},0.0,0.0,0.0,0.0,0.0,0.0,0.0,0.0,0.0,0.0,0.0,0.0,0.0,0.0,Leave Event,0.0,"{'node_level': {}, 'link_level': {}, 'path_level': {}}","{'node_level': {}, 'link_level': {}, 'path_level': {}}","{'node_level': {}, 'link_level': {}, 'path_level': {}}",[],0.0,0.0,True,True,False,0,[],0,0.0,,
100,32,3,3406.0,5162.0,1340563.8643925413,1959851.3575342102,0.6598217745060054,0.6840130294774873,18,192,0,2076.534971273615,42397,7681,34716,0.010307950006442468,0.004502050296791182,23,1789.5349712736154,287.0,10,34,False,{},{},{},{},0.0,0.0,0.0,0.0,0.0,0.0,0.0,0.0,0.0,0.0,0.0,0.0,0.0,0.0,Leave Event,0.0,"{'node_level': {}, 'link_level': {}, 'path_level': {}}","{'node_level': {}, 'link_level': {}, 'path_level': {}}","{'node_level': {}, 'link_level': {}, 'path_level': {}}",[],0.0,0.0,True,True,False,0,[],0,0.0,,
100,32,2,3406.0,5162.0,1340563.8643925413,1959851.3575342102,0.6598217745060054,0.6840130294774873,18,193,0,2083.938041170627,42459,7687,34772,0.009534853755959305,0.0028962234393370423,90,942.9380411706272,1141.0,2,1,False,{},{},{},{},0.0,0.0,0.0,0.0,0.0,0.0,0.0,0.0,0.0,0.0,0.0,0.0,0.0,0.0,Leave Event,0.0,"{'node_level': {}, 'link_level': {}, 'path_level': {}}","{'node_level': {}, 'link_level': {}, 'path_level': {}}","{'node_level': {}, 'link_level': {}, 'path_level': {}}",[],0.0,0.0,True,True,False,0,[],0,0.0,,
100,32,1,3406.0,5162.0,1340563.8643925413,1959851.3575342102,0.6598217745060054,0.6840130294774873,18,194,0,2111.564204364711,42546,7724,34822,0.004767426877979597,0.0014624494594671633,86,1028.5642043647108,1083.0,2,1,False,{},{},{},{},0.0,0.0,0.0,0.0,0.0,0.0,0.0,0.0,0.0,0.0,0.0,0.0,0.0,0.0,Leave Event,0.0,"{'node_level': {}, 'link_level': {}, 'path_level': {}}","{'node_level': {}, 'link_level': {}, 'path_level': {}}","{'node_level': {}, 'link_level': {}, 'path_level': {}}",[],0.0,0.0,True,True,False,0,[],0,0.0,,
100,32,1,3406.0,5162.0,1340563.8643925413,1959851.3575342102,0.6598217745060054,0.6840130294774873,18,195,0,2118.733098550513,42546,7724,34822,0.004767426877979597,0.0014624494594671633,96,906.733098550513,1212.0,5,6,False,{},{},{},{},0.0,0.0,0.0,0.0,0.0,0.0,0.0,0.0,0.0,0.0,0.0,0.0,0.0,0.0,Leave Event,0.0,"{'node_level': {}, 'link_level': {}, 'path_level': {}}","{'node_level': {}, 'link_level': {}, 'path_level': {}}","{'node_level': {}, 'link_level': {}, 'path_level': {}}",[],0.0,0.0,True,True,False,0,[],0,0.0,,
100,32,1,3406.0,5162.0,1340563.8643925413,1959851.3575342102,0.6598217745060054,0.6840130294774873,18,196,0,2158.917177280644,42546,7724,34822,0.004767426877979597,0.0014624494594671633,46,1566.917177280644,592.0,3,2,False,{},{},{},{},0.0,0.0,0.0,0.0,0.0,0.0,0.0,0.0,0.0,0.0,0.0,0.0,0.0,0.0,Leave Event,0.0,"{'node_level': {}, 'link_level': {}, 'path_level': {}}","{'node_level': {}, 'link_level': {}, 'path_level': {}}","{'node_level': {}, 'link_level': {}, 'path_level': {}}",[],0.0,0.0,True,True,False,0,[],0,0.0,,
100,32,1,3406.0,5162.0,1340563.8643925413,1959851.3575342102,0.6598217745060054,0.6840130294774873,18,197,0,2263.7910848435113,42546,7724,34822,0.004767426877979597,0.0014624494594671633,51,1605.7910848435115,658.0,5,4,False,{},{},{},{},0.0,0.0,0.0,0.0,0.0,0.0,0.0,0.0,0.0,0.0,0.0,0.0,0.0,0.0,Leave Event,0.0,"{'node_level': {}, 'link_level': {}, 'path_level': {}}","{'node_level': {}, 'link_level': {}, 'path_level': {}}","{'node_level': {}, 'link_level': {}, 'path_level': {}}",[],0.0,0.0,True,True,False,0,[],0,0.0,,
100,32,0,3406.0,5162.0,1340563.8643925413,1959851.3575342102,0.6598217745060054,0.6840130294774873,18,198,0,2704.4735435764487,42634,7761,34873,0.0,0.0,81,1679.4735435764487,1025.0,3,2,False,{},{},{},{},0.0,0.0,0.0,0.0,0.0,0.0,0.0,0.0,0.0,0.0,0.0,0.0,0.0,0.0,Leave Event,0.0,"{'node_level': {}, 'link_level': {}, 'path_level': {}}","{'node_level': {}, 'link_level': {}, 'path_level': {}}","{'node_level': {}, 'link_level': {}, 'path_level': {}}",[],0.0,0.0,True,True,False,0,[],0,0.0,,
100,32,0,3406.0,5162.0,1340563.8643925413,1959851.3575342102,0.6598217745060054,0.6840130294774873,18,199,0,2736.111015452614,42634,7761,34873,0.0,0.0,76,1781.1110154526139,955.0,10,24,False,{},{},{},{},0.0,0.0,0.0,0.0,0.0,0.0,0.0,0.0,0.0,0.0,0.0,0.0,0.0,0.0,Leave Event,0.0,"{'node_level': {}, 'link_level': {}, 'path_level': {}}","{'node_level': {}, 'link_level': {}, 'path_level': {}}","{'node_level': {}, 'link_level': {}, 'path_level': {}}",[],0.0,0.0,True,True,False,0,[],0,0.0,,
