v_net_count,success_count,inservice_count,total_revenue,total_cost,total_time_revenue,total_time_cost,long_term_r2c_ratio,long_term_time_r2c_ratio,num_running_p_net_nodes,event_id,event_type,event_time,p_net_available_resource,p_net_node_available_resource,p_net_link_available_resource,p_net_node_resource_utilization,p_net_link_resource_utilization,v_net_id,v_net_lifetime,v_net_arrival_time,v_net_num_nodes,v_net_num_egdes,result,node_slots,link_paths,node_slots_info,link_paths_info,v_net_cost,v_net_revenue,v_net_demand,v_net_node_demand,v_net_link_demand,v_net_node_revenue,v_net_link_revenue,v_net_node_cost,v_net_link_cost,v_net_path_cost,v_net_r2c_ratio,v_net_time_cost,v_net_time_revenue,v_net_time_rc_ratio,description,v_net_total_hard_constraint_violation,v_net_single_step_constraint_offset,v_net_constraint_offsets,v_net_constraint_violations,v_net_single_step_violation_list,v_net_single_step_hard_constraint_offset,v_net_max_single_step_hard_constraint_violation,place_result,route_result,early_rejection,revoke_times,selected_actions,num_interactions,v_net_reward,rdma_mode,fallback_count,rdma_link_count,num_placed_nodes,num_routed_links
1,0,0,0.0,0.0,0.0,0.0,0.0,0.0,0,0,1,16.0,41858.0,7660,34198.0,0.0,0.0,0,69.01953183544195,16.0,9,18,False,"{1: np.int64(25), 6: np.int64(34), 4: np.int64(90), 5: np.int64(93), 7: np.int64(4), 3: np.int64(28), 0: np.int64(78), 8: np.int64(33), 2: np.int64(21)}","{(0, 3): [(np.int64(78), 77), (77, 86), (86, np.int64(28))], (0, 4): [(np.int64(78), 58), (58, np.int64(90))], (5, 7): [(np.int64(93), 18), (18, np.int64(4))], (0, 1): [(np.int64(78), 25)]}","{(1, np.int64(25)): {'cpu': 17}, (6, np.int64(34)): {'cpu': 17}, (4, np.int64(90)): {'cpu': 16}, (5, np.int64(93)): {'cpu': 8}, (7, np.int64(4)): {'cpu': 8}, (3, np.int64(28)): {'cpu': 4}, (0, np.int64(78)): {'cpu': 1}, (8, np.int64(33)): {'cpu': 1}, (2, np.int64(21)): {'cpu': 1}}","{((0, 3), (np.int64(78), 77)): {'bw': 48.0}, ((0, 3), (77, 86)): {'bw': 48.0}, ((0, 3), (86, np.int64(28))): {'bw': 48.0}, ((0, 4), (np.int64(78), 58)): {'bw': 49.0}, ((0, 4), (58, np.int64(90))): {'bw': 49.0}, ((5, 7), (np.int64(93), 18)): {'bw': 47.0}, ((5, 7), (18, np.int64(4))): {'bw': 47.0}, ((0, 1), (np.int64(78), 25)): {'bw': 32.0}}",0.0,0.0,480.0,73.0,407.0,0.0,0.0,0.0,0.0,0.0,0.0,0.0,0.0,0.0,Route Failure,0.0,"{'node_level': {}, 'link_level': {}, 'path_level': {}}","{'node_level': {1: {'cpu': -79}, 6: {'cpu': -78}, 4: {'cpu': -84}, 5: {'cpu': -81}, 7: {'cpu': -65}, 3: {'cpu': -95}, 0: {'cpu': -81}, 8: {'cpu': -91}, 2: {'cpu': -58}}, 'link_level': {}, 'path_level': {}}","{'node_level': {1: {'cpu': 0}, 6: {'cpu': 0}, 4: {'cpu': 0}, 5: {'cpu': 0}, 7: {'cpu': 0}, 3: {'cpu': 0}, 0: {'cpu': 0}, 8: {'cpu': 0}, 2: {'cpu': 0}}, 'link_level': {}, 'path_level': {}}",[],0.0,0.0,True,False,False,0,[],0,0.0,"OrderedDict([((0, 3), 0), ((0, 4), 0), ((5, 7), 0), ((0, 1), 0)])",2.0,0.0,9.0,4.0
2,1,1,300.0,459.0,266798.7396723107,408202.07169863535,0.6535947712418301,0.6535947712418301,7,1,1,27.0,41399.0,7593,33806.0,0.00874673629242817,0.01146265863500795,1,889.3291322410356,27.0,7,11,True,"{3: np.int64(25), 2: np.int64(90), 0: np.int64(34), 4: np.int64(21), 5: np.int64(28), 6: np.int64(18), 1: np.int64(33)}","{(0, 6): [(np.int64(34), 18)], (2, 6): [(np.int64(90), 93), (93, np.int64(18))], (2, 3): [(np.int64(90), 26), (26, np.int64(25))], (1, 4): [(np.int64(33), 60), (60, np.int64(21))], (3, 6): [(np.int64(25), 73), (73, np.int64(18))], (3, 5): [(np.int64(25), 28)], (1, 3): [(np.int64(33), 25)], (1, 5): [(np.int64(33), 86), (86, np.int64(28))], (2, 4): [(np.int64(90), 26), (26, np.int64(21))], (5, 6): [(np.int64(28), 35), (35, 20), (20, np.int64(18))], (4, 6): [(np.int64(21), 58), (58, 51), (51, np.int64(18))]}","{(3, np.int64(25)): {'cpu': 14}, (2, np.int64(90)): {'cpu': 12}, (0, np.int64(34)): {'cpu': 16}, (4, np.int64(21)): {'cpu': 15}, (5, np.int64(28)): {'cpu': 8}, (6, np.int64(18)): {'cpu': 1}, (1, np.int64(33)): {'cpu': 1}}","{((0, 6), (np.int64(34), 18)): {'bw': 48.0}, ((2, 6), (np.int64(90), 93)): {'bw': 41.0}, ((2, 6), (93, np.int64(18))): {'bw': 41.0}, ((2, 3), (np.int64(90), 26)): {'bw': 34.0}, ((2, 3), (26, np.int64(25))): {'bw': 34.0}, ((1, 4), (np.int64(33), 60)): {'bw': 23.0}, ((1, 4), (60, np.int64(21))): {'bw': 23.0}, ((3, 6), (np.int64(25), 73)): {'bw': 18.0}, ((3, 6), (73, np.int64(18))): {'bw': 18.0}, ((3, 5), (np.int64(25), 28)): {'bw': 18.0}, ((1, 3), (np.int64(33), 25)): {'bw': 19.0}, ((1, 5), (np.int64(33), 86)): {'bw': 12.0}, ((1, 5), (86, np.int64(28))): {'bw': 12.0}, ((2, 4), (np.int64(90), 26)): {'bw': 9.0}, ((2, 4), (26, np.int64(21))): {'bw': 9.0}, ((5, 6), (np.int64(28), 35)): {'bw': 8.0}, ((5, 6), (35, 20)): {'bw': 8.0}, ((5, 6), (20, np.int64(18))): {'bw': 8.0}, ((4, 6), (np.int64(21), 58)): {'bw': 3.0}, ((4, 6), (58, 51)): {'bw': 3.0}, ((4, 6), (51, np.int64(18))): {'bw': 3.0}}",459.0,300.0,300.0,67.0,233.0,67.0,233.0,67.0,392.0,159.0,0.6535947712418301,408202.07169863535,266798.7396723107,581.2608707457749,Success,0.0,"{'node_level': {}, 'link_level': {}, 'path_level': {}}","{'node_level': {3: {'cpu': -82}, 2: {'cpu': -88}, 0: {'cpu': -79}, 4: {'cpu': -44}, 5: {'cpu': -91}, 6: {'cpu': -49}, 1: {'cpu': -91}}, 'link_level': {}, 'path_level': {}}","{'node_level': {3: {'cpu': 0}, 2: {'cpu': 0}, 0: {'cpu': 0}, 4: {'cpu': 0}, 5: {'cpu': 0}, 6: {'cpu': 0}, 1: {'cpu': 0}}, 'link_level': {}, 'path_level': {}}",[],0.0,0.0,True,True,False,0,[],0,0.0,"OrderedDict([((0, 6), 0), ((2, 6), 0), ((2, 3), 0), ((1, 4), 0), ((3, 6), 0), ((3, 5), 0), ((1, 3), 0), ((1, 5), 0), ((2, 4), 0), ((5, 6), 0), ((4, 6), 0)])",4.0,0.0,7.0,11.0
3,2,2,371.0,554.0,321657.0617533934,481604.05194797134,0.6696750902527075,0.6678869508102533,7,2,1,37.0,41304.0,7560,33744.0,0.01305483028720622,0.01327563015381017,2,772.652423677221,37.0,3,2,True,"{1: np.int64(25), 2: np.int64(34), 0: np.int64(33)}","{(1, 2): [(np.int64(25), 37), (37, np.int64(34))], (0, 1): [(np.int64(33), 25)]}","{(1, np.int64(25)): {'cpu': 12}, (2, np.int64(34)): {'cpu': 15}, (0, np.int64(33)): {'cpu': 6}}","{((1, 2), (np.int64(25), 37)): {'bw': 24.0}, ((1, 2), (37, np.int64(34))): {'bw': 24.0}, ((0, 1), (np.int64(33), 25)): {'bw': 14.0}}",95.0,71.0,71.0,33.0,38.0,33.0,38.0,33.0,62.0,24.0,0.7473684210526316,73401.98024933599,54858.32208108269,577.4560219061336,Success,0.0,"{'node_level': {}, 'link_level': {}, 'path_level': {}}","{'node_level': {1: {'cpu': -70}, 2: {'cpu': -64}, 0: {'cpu': -85}}, 'link_level': {}, 'path_level': {}}","{'node_level': {1: {'cpu': 0}, 2: {'cpu': 0}, 0: {'cpu': 0}}, 'link_level': {}, 'path_level': {}}",[],0.0,0.0,True,True,False,0,[],0,0.0,"OrderedDict([((1, 2), 0), ((0, 1), 0)])",0.0,0.0,3.0,2.0
4,2,2,371.0,554.0,321657.0617533934,481604.05194797134,0.6696750902527075,0.6678869508102533,7,3,1,46.0,41304.0,7560,33744.0,0.01305483028720622,0.01327563015381017,3,585.0178031143265,46.0,10,27,False,"{6: np.int64(28), 8: np.int64(25), 3: np.int64(90), 4: np.int64(4), 9: np.int64(33), 5: np.int64(63)}",{},"{(6, np.int64(28)): {'cpu': 16}, (8, np.int64(25)): {'cpu': 19}, (3, np.int64(90)): {'cpu': 14}, (4, np.int64(4)): {'cpu': 11}, (9, np.int64(33)): {'cpu': 14}, (5, np.int64(63)): {'cpu': 17}}",{},0.0,0.0,864.0,121.0,743.0,0.0,0.0,0.0,0.0,0.0,0.0,0.0,0.0,0.0,Place Failure,0.0,"{'node_level': {}, 'link_level': {}, 'path_level': {}}","{'node_level': {6: {'cpu': -75}, 8: {'cpu': -51}, 3: {'cpu': -74}, 4: {'cpu': -62}, 9: {'cpu': -71}, 5: {'cpu': -75}}, 'link_level': {}, 'path_level': {}}","{'node_level': {6: {'cpu': 0}, 8: {'cpu': 0}, 3: {'cpu': 0}, 4: {'cpu': 0}, 9: {'cpu': 0}, 5: {'cpu': 0}}, 'link_level': {}, 'path_level': {}}",[],0.0,0.0,False,True,False,0,[],0,0.0,,,,6.0,0.0
5,2,2,371.0,554.0,321657.0617533934,481604.05194797134,0.6696750902527075,0.6678869508102533,7,4,1,66.0,41304.0,7560,33744.0,0.01305483028720622,0.01327563015381017,4,525.5416162350841,66.0,9,24,False,"{6: np.int64(28), 0: np.int64(25), 2: np.int64(21), 5: np.int64(4), 1: np.int64(63), 4: np.int64(83), 8: np.int64(33), 3: np.int64(59), 7: np.int64(90)}","{(2, 5): [(np.int64(21), 83), (83, np.int64(4))], (2, 6): [(np.int64(21), 28)], (0, 1): [(np.int64(25), 64), (64, np.int64(63))], (6, 8): [(np.int64(28), 60), (60, np.int64(33))], (3, 7): [(np.int64(59), 39), (39, 70), (70, np.int64(90))], (1, 6): [(np.int64(63), 59), (59, 86), (86, np.int64(28))], (0, 5): [(np.int64(25), 26), (26, 83), (83, np.int64(4))], (3, 5): [(np.int64(59), 51), (51, 18), (18, np.int64(4))]}","{(6, np.int64(28)): {'cpu': 16}, (0, np.int64(25)): {'cpu': 18}, (2, np.int64(21)): {'cpu': 19}, (5, np.int64(4)): {'cpu': 12}, (1, np.int64(63)): {'cpu': 8}, (4, np.int64(83)): {'cpu': 10}, (8, np.int64(33)): {'cpu': 4}, (3, np.int64(59)): {'cpu': 1}, (7, np.int64(90)): {'cpu': 1}}","{((2, 5), (np.int64(21), 83)): {'bw': 44.0}, ((2, 5), (83, np.int64(4))): {'bw': 44.0}, ((2, 6), (np.int64(21), 28)): {'bw': 50.0}, ((0, 1), (np.int64(25), 64)): {'bw': 46.0}, ((0, 1), (64, np.int64(63))): {'bw': 46.0}, ((6, 8), (np.int64(28), 60)): {'bw': 46.0}, ((6, 8), (60, np.int64(33))): {'bw': 46.0}, ((3, 7), (np.int64(59), 39)): {'bw': 40.0}, ((3, 7), (39, 70)): {'bw': 40.0}, ((3, 7), (70, np.int64(90))): {'bw': 40.0}, ((1, 6), (np.int64(63), 59)): {'bw': 41.0}, ((1, 6), (59, 86)): {'bw': 41.0}, ((1, 6), (86, np.int64(28))): {'bw': 41.0}, ((0, 5), (np.int64(25), 26)): {'bw': 30.0}, ((0, 5), (26, 83)): {'bw': 30.0}, ((0, 5), (83, np.int64(4))): {'bw': 30.0}, ((3, 5), (np.int64(59), 51)): {'bw': 31.0}, ((3, 5), (51, 18)): {'bw': 31.0}, ((3, 5), (18, np.int64(4))): {'bw': 31.0}}",0.0,0.0,682.0,89.0,593.0,0.0,0.0,0.0,0.0,0.0,0.0,0.0,0.0,0.0,Route Failure,0.0,"{'node_level': {}, 'link_level': {}, 'path_level': {}}","{'node_level': {6: {'cpu': -75}, 0: {'cpu': -52}, 2: {'cpu': -25}, 5: {'cpu': -61}, 1: {'cpu': -84}, 4: {'cpu': -76}, 8: {'cpu': -81}, 3: {'cpu': -99}, 7: {'cpu': -87}}, 'link_level': {}, 'path_level': {}}","{'node_level': {6: {'cpu': 0}, 0: {'cpu': 0}, 2: {'cpu': 0}, 5: {'cpu': 0}, 1: {'cpu': 0}, 4: {'cpu': 0}, 8: {'cpu': 0}, 3: {'cpu': 0}, 7: {'cpu': 0}}, 'link_level': {}, 'path_level': {}}",[],0.0,0.0,True,False,False,0,[],0,0.0,"OrderedDict([((2, 5), 0), ((2, 6), 0), ((0, 1), 0), ((6, 8), 0), ((3, 7), 0), ((1, 6), 0), ((0, 5), 0), ((3, 5), 0)])",1.0,0.0,9.0,8.0
6,2,2,371.0,554.0,321657.0617533934,481604.05194797134,0.6696750902527075,0.6678869508102533,7,5,1,70.0,41304.0,7560,33744.0,0.01305483028720622,0.01327563015381017,5,1384.6289627077263,70.0,10,14,False,"{5: np.int64(28), 6: np.int64(25), 2: np.int64(33), 3: np.int64(86), 1: np.int64(90), 4: np.int64(78), 8: np.int64(4), 0: np.int64(35), 7: np.int64(34), 9: np.int64(77)}","{(3, 4): [(np.int64(86), 77), (77, np.int64(78))], (1, 2): [(np.int64(90), 22), (22, np.int64(33))], (4, 5): [(np.int64(78), 46), (46, 73), (73, np.int64(28))], (5, 6): [(np.int64(28), 25)], (3, 6): [(np.int64(86), 25)], (2, 6): [(np.int64(33), 25)]}","{(5, np.int64(28)): {'cpu': 20}, (6, np.int64(25)): {'cpu': 10}, (2, np.int64(33)): {'cpu': 15}, (3, np.int64(86)): {'cpu': 9}, (1, np.int64(90)): {'cpu': 13}, (4, np.int64(78)): {'cpu': 6}, (8, np.int64(4)): {'cpu': 20}, (0, np.int64(35)): {'cpu': 4}, (7, np.int64(34)): {'cpu': 20}, (9, np.int64(77)): {'cpu': 2}}","{((3, 4), (np.int64(86), 77)): {'bw': 50.0}, ((3, 4), (77, np.int64(78))): {'bw': 50.0}, ((1, 2), (np.int64(90), 22)): {'bw': 47.0}, ((1, 2), (22, np.int64(33))): {'bw': 47.0}, ((4, 5), (np.int64(78), 46)): {'bw': 48.0}, ((4, 5), (46, 73)): {'bw': 48.0}, ((4, 5), (73, np.int64(28))): {'bw': 48.0}, ((5, 6), (np.int64(28), 25)): {'bw': 40.0}, ((3, 6), (np.int64(86), 25)): {'bw': 36.0}, ((2, 6), (np.int64(33), 25)): {'bw': 39.0}}",0.0,0.0,534.0,119.0,415.0,0.0,0.0,0.0,0.0,0.0,0.0,0.0,0.0,0.0,Route Failure,0.0,"{'node_level': {}, 'link_level': {}, 'path_level': {}}","{'node_level': {5: {'cpu': -71}, 6: {'cpu': -60}, 2: {'cpu': -70}, 3: {'cpu': -58}, 1: {'cpu': -75}, 4: {'cpu': -76}, 8: {'cpu': -53}, 0: {'cpu': -79}, 7: {'cpu': -44}, 9: {'cpu': -87}}, 'link_level': {}, 'path_level': {}}","{'node_level': {5: {'cpu': 0}, 6: {'cpu': 0}, 2: {'cpu': 0}, 3: {'cpu': 0}, 1: {'cpu': 0}, 4: {'cpu': 0}, 8: {'cpu': 0}, 0: {'cpu': 0}, 7: {'cpu': 0}, 9: {'cpu': 0}}, 'link_level': {}, 'path_level': {}}",[],0.0,0.0,True,False,False,0,[],0,0.0,"OrderedDict([((3, 4), 0), ((1, 2), 0), ((4, 5), 0), ((5, 6), 0), ((3, 6), 0), ((2, 6), 0)])",0.0,0.0,10.0,6.0
7,3,3,517.0,788.0,341322.2416483854,513122.2169851504,0.6560913705583756,0.6651870263069571,8,6,1,80.0,41070.0,7519,33551.0,0.018407310704960822,0.018919235042984983,6,134.69301297939768,80.0,4,4,True,"{2: np.int64(28), 0: np.int64(25), 3: np.int64(90), 1: np.int64(4)}","{(2, 3): [(np.int64(28), 90)], (0, 3): [(np.int64(25), 26), (26, np.int64(90))], (1, 2): [(np.int64(4), 83), (83, 21), (21, np.int64(28))], (0, 1): [(np.int64(25), 96), (96, 18), (18, np.int64(4))]}","{(2, np.int64(28)): {'cpu': 17}, (0, np.int64(25)): {'cpu': 18}, (3, np.int64(90)): {'cpu': 2}, (1, np.int64(4)): {'cpu': 4}}","{((2, 3), (np.int64(28), 90)): {'bw': 49.0}, ((0, 3), (np.int64(25), 26)): {'bw': 24.0}, ((0, 3), (26, np.int64(90))): {'bw': 24.0}, ((1, 2), (np.int64(4), 83)): {'bw': 21.0}, ((1, 2), (83, 21)): {'bw': 21.0}, ((1, 2), (21, np.int64(28))): {'bw': 21.0}, ((0, 1), (np.int64(25), 96)): {'bw': 11.0}, ((0, 1), (96, 18)): {'bw': 11.0}, ((0, 1), (18, np.int64(4))): {'bw': 11.0}}",234.0,146.0,146.0,41.0,105.0,41.0,105.0,41.0,193.0,88.0,0.6239316239316239,31518.165037179057,19665.17989499206,84.0392303204789,Success,0.0,"{'node_level': {}, 'link_level': {}, 'path_level': {}}","{'node_level': {2: {'cpu': -74}, 0: {'cpu': -52}, 3: {'cpu': -86}, 1: {'cpu': -69}}, 'link_level': {}, 'path_level': {}}","{'node_level': {2: {'cpu': 0}, 0: {'cpu': 0}, 3: {'cpu': 0}, 1: {'cpu': 0}}, 'link_level': {}, 'path_level': {}}",[],0.0,0.0,True,True,False,0,[],0,0.0,"OrderedDict([((2, 3), 0), ((0, 3), 0), ((1, 2), 0), ((0, 1), 0)])",0.0,0.0,4.0,4.0
7,3,3,517.0,788.0,341322.2416483854,513122.2169851504,0.6560913705583756,0.6651870263069571,8,7,0,85.01953183544195,41070.0,7519,33551.0,0.018407310704960822,0.018919235042984983,0,69.01953183544195,16.0,9,18,False,{},{},{},{},0.0,0.0,0.0,0.0,0.0,0.0,0.0,0.0,0.0,0.0,0.0,0.0,0.0,0.0,Leave Event,0.0,"{'node_level': {}, 'link_level': {}, 'path_level': {}}","{'node_level': {}, 'link_level': {}, 'path_level': {}}","{'node_level': {}, 'link_level': {}, 'path_level': {}}",[],0.0,0.0,True,True,False,0,[],0,0.0,,,,,
8,4,4,1119.0,2017.0,539000.3779409663,916687.714499406,0.5547843331680714,0.5879869113717848,14,8,1,92.0,39841.0,7427,32414.0,0.030417754569190603,0.05216679337972985,7,328.3689971637556,92.0,9,18,True,"{5: np.int64(33), 7: np.int64(78), 2: np.int64(34), 8: np.int64(4), 6: np.int64(77), 3: np.int64(59), 1: np.int64(35), 4: np.int64(12), 0: np.int64(63)}","{(4, 6): [(np.int64(12), 77)], (3, 8): [(np.int64(59), 83), (83, np.int64(4))], (2, 5): [(np.int64(34), 15), (15, 1), (1, np.int64(33))], (3, 5): [(np.int64(59), 86), (86, np.int64(33))], (1, 5): [(np.int64(35), 32), (32, np.int64(33))], (0, 7): [(np.int64(63), 77), (77, np.int64(78))], (5, 8): [(np.int64(33), 31), (31, 17), (17, np.int64(4))], (2, 3): [(np.int64(34), 39), (39, np.int64(59))], (1, 8): [(np.int64(35), 65), (65, np.int64(4))], (1, 3): [(np.int64(35), 19), (19, 39), (39, np.int64(59))], (7, 8): [(np.int64(78), 58), (58, 17), (17, np.int64(4))], (0, 4): [(np.int64(63), 77), (77, np.int64(12))], (1, 7): [(np.int64(35), 20), (20, 80), (80, np.int64(78))], (0, 3): [(np.int64(63), 59)], (5, 6): [(np.int64(33), 0), (0, 86), (86, np.int64(77))], (2, 6): [(np.int64(34), 3), (3, np.int64(77))], (6, 8): [(np.int64(77), 12), (12, 82), (82, np.int64(4))], (4, 7): [(np.int64(12), 77), (77, np.int64(78))]}","{(5, np.int64(33)): {'cpu': 17}, (7, np.int64(78)): {'cpu': 20}, (2, np.int64(34)): {'cpu': 16}, (8, np.int64(4)): {'cpu': 9}, (6, np.int64(77)): {'cpu': 14}, (3, np.int64(59)): {'cpu': 4}, (1, np.int64(35)): {'cpu': 5}, (4, np.int64(12)): {'cpu': 5}, (0, np.int64(63)): {'cpu': 2}}","{((4, 6), (np.int64(12), 77)): {'bw': 49.0}, ((3, 8), (np.int64(59), 83)): {'bw': 46.0}, ((3, 8), (83, np.int64(4))): {'bw': 46.0}, ((2, 5), (np.int64(34), 15)): {'bw': 48.0}, ((2, 5), (15, 1)): {'bw': 48.0}, ((2, 5), (1, np.int64(33))): {'bw': 48.0}, ((3, 5), (np.int64(59), 86)): {'bw': 41.0}, ((3, 5), (86, np.int64(33))): {'bw': 41.0}, ((1, 5), (np.int64(35), 32)): {'bw': 37.0}, ((1, 5), (32, np.int64(33))): {'bw': 37.0}, ((0, 7), (np.int64(63), 77)): {'bw': 35.0}, ((0, 7), (77, np.int64(78))): {'bw': 35.0}, ((5, 8), (np.int64(33), 31)): {'bw': 35.0}, ((5, 8), (31, 17)): {'bw': 35.0}, ((5, 8), (17, np.int64(4))): {'bw': 35.0}, ((2, 3), (np.int64(34), 39)): {'bw': 36.0}, ((2, 3), (39, np.int64(59))): {'bw': 36.0}, ((1, 8), (np.int64(35), 65)): {'bw': 34.0}, ((1, 8), (65, np.int64(4))): {'bw': 34.0}, ((1, 3), (np.int64(35), 19)): {'bw': 31.0}, ((1, 3), (19, 39)): {'bw': 31.0}, ((1, 3), (39, np.int64(59))): {'bw': 31.0}, ((7, 8), (np.int64(78), 58)): {'bw': 32.0}, ((7, 8), (58, 17)): {'bw': 32.0}, ((7, 8), (17, np.int64(4))): {'bw': 32.0}, ((0, 4), (np.int64(63), 77)): {'bw': 26.0}, ((0, 4), (77, np.int64(12))): {'bw': 26.0}, ((1, 7), (np.int64(35), 20)): {'bw': 21.0}, ((1, 7), (20, 80)): {'bw': 21.0}, ((1, 7), (80, np.int64(78))): {'bw': 21.0}, ((0, 3), (np.int64(63), 59)): {'bw': 14.0}, ((5, 6), (np.int64(33), 0)): {'bw': 11.0}, ((5, 6), (0, 86)): {'bw': 11.0}, ((5, 6), (86, np.int64(77))): {'bw': 11.0}, ((2, 6), (np.int64(34), 3)): {'bw': 10.0}, ((2, 6), (3, np.int64(77))): {'bw': 10.0}, ((6, 8), (np.int64(77), 12)): {'bw': 2.0}, ((6, 8), (12, 82)): {'bw': 2.0}, ((6, 8), (82, np.int64(4))): {'bw': 2.0}, ((4, 7), (np.int64(12), 77)): {'bw': 2.0}, ((4, 7), (77, np.int64(78))): {'bw': 2.0}}",1229.0,602.0,602.0,92.0,510.0,92.0,510.0,92.0,1137.0,627.0,0.4898291293734744,403565.49751425564,197678.13629258086,160.84469999396327,Success,0.0,"{'node_level': {}, 'link_level': {}, 'path_level': {}}","{'node_level': {5: {'cpu': -68}, 7: {'cpu': -62}, 2: {'cpu': -48}, 8: {'cpu': -60}, 6: {'cpu': -75}, 3: {'cpu': -96}, 1: {'cpu': -78}, 4: {'cpu': -81}, 0: {'cpu': -90}}, 'link_level': {}, 'path_level': {}}","{'node_level': {5: {'cpu': 0}, 7: {'cpu': 0}, 2: {'cpu': 0}, 8: {'cpu': 0}, 6: {'cpu': 0}, 3: {'cpu': 0}, 1: {'cpu': 0}, 4: {'cpu': 0}, 0: {'cpu': 0}}, 'link_level': {}, 'path_level': {}}",[],0.0,0.0,True,True,False,0,[],0,0.0,"OrderedDict([((4, 6), 0), ((3, 8), 0), ((2, 5), 0), ((3, 5), 0), ((1, 5), 0), ((0, 7), 0), ((5, 8), 0), ((2, 3), 0), ((1, 8), 0), ((1, 3), 0), ((7, 8), 0), ((0, 4), 0), ((1, 7), 0), ((0, 3), 0), ((5, 6), 0), ((2, 6), 0), ((6, 8), 0), ((4, 7), 0)])",5.0,0.0,9.0,18.0
9,4,4,1119.0,2017.0,539000.3779409663,916687.714499406,0.5547843331680714,0.5879869113717848,14,9,1,102.0,39841.0,7427,32414.0,0.030417754569190603,0.05216679337972985,8,1311.454495210449,102.0,9,18,False,"{8: np.int64(22), 0: np.int64(90), 2: np.int64(10), 6: np.int64(99), 1: np.int64(64), 5: np.int64(25), 3: np.int64(28), 4: np.int64(94), 7: np.int64(61)}","{(0, 2): [(np.int64(90), 22), (22, 40), (40, 60), (60, np.int64(10))], (4, 8): [(np.int64(94), 72), (72, 45), (45, np.int64(22))], (7, 8): [(np.int64(61), 22)], (6, 7): [(np.int64(99), 88), (88, 85), (85, np.int64(61))], (0, 6): [(np.int64(90), 89), (89, np.int64(99))], (3, 7): [(np.int64(28), 21), (21, 42), (42, np.int64(61))], (1, 5): [(np.int64(64), 25)], (0, 1): [(np.int64(90), 70), (70, 19), (19, 63), (63, np.int64(64))], (6, 8): [(np.int64(99), 88), (88, np.int64(22))], (1, 4): [(np.int64(64), 63), (63, np.int64(94))]}","{(8, np.int64(22)): {'cpu': 16}, (0, np.int64(90)): {'cpu': 18}, (2, np.int64(10)): {'cpu': 20}, (6, np.int64(99)): {'cpu': 14}, (1, np.int64(64)): {'cpu': 10}, (5, np.int64(25)): {'cpu': 11}, (3, np.int64(28)): {'cpu': 5}, (4, np.int64(94)): {'cpu': 3}, (7, np.int64(61)): {'cpu': 1}}","{((0, 2), (np.int64(90), 22)): {'bw': 50.0}, ((0, 2), (22, 40)): {'bw': 50.0}, ((0, 2), (40, 60)): {'bw': 50.0}, ((0, 2), (60, np.int64(10))): {'bw': 50.0}, ((4, 8), (np.int64(94), 72)): {'bw': 49.0}, ((4, 8), (72, 45)): {'bw': 49.0}, ((4, 8), (45, np.int64(22))): {'bw': 49.0}, ((7, 8), (np.int64(61), 22)): {'bw': 45.0}, ((6, 7), (np.int64(99), 88)): {'bw': 41.0}, ((6, 7), (88, 85)): {'bw': 41.0}, ((6, 7), (85, np.int64(61))): {'bw': 41.0}, ((0, 6), (np.int64(90), 89)): {'bw': 42.0}, ((0, 6), (89, np.int64(99))): {'bw': 42.0}, ((3, 7), (np.int64(28), 21)): {'bw': 39.0}, ((3, 7), (21, 42)): {'bw': 39.0}, ((3, 7), (42, np.int64(61))): {'bw': 39.0}, ((1, 5), (np.int64(64), 25)): {'bw': 35.0}, ((0, 1), (np.int64(90), 70)): {'bw': 36.0}, ((0, 1), (70, 19)): {'bw': 36.0}, ((0, 1), (19, 63)): {'bw': 36.0}, ((0, 1), (63, np.int64(64))): {'bw': 36.0}, ((6, 8), (np.int64(99), 88)): {'bw': 32.0}, ((6, 8), (88, np.int64(22))): {'bw': 32.0}, ((1, 4), (np.int64(64), 63)): {'bw': 21.0}, ((1, 4), (63, np.int64(94))): {'bw': 21.0}}",0.0,0.0,584.0,98.0,486.0,0.0,0.0,0.0,0.0,0.0,0.0,0.0,0.0,0.0,Route Failure,0.0,"{'node_level': {}, 'link_level': {}, 'path_level': {}}","{'node_level': {8: {'cpu': -72}, 0: {'cpu': -68}, 2: {'cpu': -60}, 6: {'cpu': -58}, 1: {'cpu': -47}, 5: {'cpu': -41}, 3: {'cpu': -69}, 4: {'cpu': -53}, 7: {'cpu': -88}}, 'link_level': {}, 'path_level': {}}","{'node_level': {8: {'cpu': 0}, 0: {'cpu': 0}, 2: {'cpu': 0}, 6: {'cpu': 0}, 1: {'cpu': 0}, 5: {'cpu': 0}, 3: {'cpu': 0}, 4: {'cpu': 0}, 7: {'cpu': 0}}, 'link_level': {}, 'path_level': {}}",[],0.0,0.0,True,False,False,0,[],0,0.0,"OrderedDict([((0, 2), 0), ((4, 8), 0), ((7, 8), 0), ((6, 7), 0), ((0, 6), 0), ((3, 7), 0), ((1, 5), 0), ((0, 1), 0), ((6, 8), 0), ((1, 4), 0)])",2.0,0.0,9.0,10.0
10,5,5,1689.0,3129.0,594659.4322247369,1025271.6940845867,0.5397890699904123,0.580001804063925,21,10,1,115.0,38729.0,7341,31388.0,0.04164490861618797,0.08216854786829642,9,97.64746365573801,115.0,9,17,True,"{5: np.int64(22), 1: np.int64(90), 3: np.int64(99), 4: np.int64(94), 7: np.int64(41), 0: np.int64(10), 2: np.int64(28), 8: np.int64(61), 6: np.int64(30)}","{(3, 7): [(np.int64(99), 41)], (5, 8): [(np.int64(22), 61)], (5, 6): [(np.int64(22), 40), (40, 60), (60, np.int64(30))], (1, 4): [(np.int64(90), 5), (5, np.int64(94))], (2, 8): [(np.int64(28), 85), (85, np.int64(61))], (4, 8): [(np.int64(94), 37), (37, np.int64(61))], (0, 6): [(np.int64(10), 60), (60, 21), (21, np.int64(30))], (3, 6): [(np.int64(99), 88), (88, 44), (44, np.int64(30))], (2, 3): [(np.int64(28), 88), (88, np.int64(99))], (5, 7): [(np.int64(22), 90), (90, 70), (70, np.int64(41))], (1, 5): [(np.int64(90), 22)], (2, 4): [(np.int64(28), 86), (86, 69), (69, np.int64(94))], (1, 8): [(np.int64(90), 22), (22, np.int64(61))], (0, 5): [(np.int64(10), 61), (61, np.int64(22))], (0, 1): [(np.int64(10), 20), (20, 35), (35, np.int64(90))], (1, 7): [(np.int64(90), 70), (70, np.int64(41))], (0, 7): [(np.int64(10), 80), (80, np.int64(41))]}","{(5, np.int64(22)): {'cpu': 13}, (1, np.int64(90)): {'cpu': 20}, (3, np.int64(99)): {'cpu': 13}, (4, np.int64(94)): {'cpu': 11}, (7, np.int64(41)): {'cpu': 11}, (0, np.int64(10)): {'cpu': 12}, (2, np.int64(28)): {'cpu': 3}, (8, np.int64(61)): {'cpu': 2}, (6, np.int64(30)): {'cpu': 1}}","{((3, 7), (np.int64(99), 41)): {'bw': 49.0}, ((5, 8), (np.int64(22), 61)): {'bw': 49.0}, ((5, 6), (np.int64(22), 40)): {'bw': 45.0}, ((5, 6), (40, 60)): {'bw': 45.0}, ((5, 6), (60, np.int64(30))): {'bw': 45.0}, ((1, 4), (np.int64(90), 5)): {'bw': 48.0}, ((1, 4), (5, np.int64(94))): {'bw': 48.0}, ((2, 8), (np.int64(28), 85)): {'bw': 42.0}, ((2, 8), (85, np.int64(61))): {'bw': 42.0}, ((4, 8), (np.int64(94), 37)): {'bw': 37.0}, ((4, 8), (37, np.int64(61))): {'bw': 37.0}, ((0, 6), (np.int64(10), 60)): {'bw': 35.0}, ((0, 6), (60, 21)): {'bw': 35.0}, ((0, 6), (21, np.int64(30))): {'bw': 35.0}, ((3, 6), (np.int64(99), 88)): {'bw': 36.0}, ((3, 6), (88, 44)): {'bw': 36.0}, ((3, 6), (44, np.int64(30))): {'bw': 36.0}, ((2, 3), (np.int64(28), 88)): {'bw': 35.0}, ((2, 3), (88, np.int64(99))): {'bw': 35.0}, ((5, 7), (np.int64(22), 90)): {'bw': 30.0}, ((5, 7), (90, 70)): {'bw': 30.0}, ((5, 7), (70, np.int64(41))): {'bw': 30.0}, ((1, 5), (np.int64(90), 22)): {'bw': 16.0}, ((2, 4), (np.int64(28), 86)): {'bw': 19.0}, ((2, 4), (86, 69)): {'bw': 19.0}, ((2, 4), (69, np.int64(94))): {'bw': 19.0}, ((1, 8), (np.int64(90), 22)): {'bw': 13.0}, ((1, 8), (22, np.int64(61))): {'bw': 13.0}, ((0, 5), (np.int64(10), 61)): {'bw': 13.0}, ((0, 5), (61, np.int64(22))): {'bw': 13.0}, ((0, 1), (np.int64(10), 20)): {'bw': 7.0}, ((0, 1), (20, 35)): {'bw': 7.0}, ((0, 1), (35, np.int64(90))): {'bw': 7.0}, ((1, 7), (np.int64(90), 70)): {'bw': 9.0}, ((1, 7), (70, np.int64(41))): {'bw': 9.0}, ((0, 7), (np.int64(10), 80)): {'bw': 1.0}, ((0, 7), (80, np.int64(41))): {'bw': 1.0}}",1112.0,570.0,570.0,86.0,484.0,86.0,484.0,86.0,1026.0,542.0,0.512589928057554,108583.97958518067,55659.05428377067,50.053106370297364,Success,0.0,"{'node_level': {}, 'link_level': {}, 'path_level': {}}","{'node_level': {5: {'cpu': -75}, 1: {'cpu': -66}, 3: {'cpu': -59}, 4: {'cpu': -45}, 7: {'cpu': -54}, 0: {'cpu': -68}, 2: {'cpu': -71}, 8: {'cpu': -87}, 6: {'cpu': -72}}, 'link_level': {}, 'path_level': {}}","{'node_level': {5: {'cpu': 0}, 1: {'cpu': 0}, 3: {'cpu': 0}, 4: {'cpu': 0}, 7: {'cpu': 0}, 0: {'cpu': 0}, 2: {'cpu': 0}, 8: {'cpu': 0}, 6: {'cpu': 0}}, 'link_level': {}, 'path_level': {}}",[],0.0,0.0,True,True,False,0,[],0,0.0,"OrderedDict([((3, 7), 0), ((5, 8), 0), ((5, 6), 0), ((1, 4), 0), ((2, 8), 0), ((4, 8), 0), ((0, 6), 0), ((3, 6), 0), ((2, 3), 0), ((5, 7), 0), ((1, 5), 0), ((2, 4), 0), ((1, 8), 0), ((0, 5), 0), ((0, 1), 0), ((1, 7), 0), ((0, 7), 0)])",2.0,0.0,9.0,17.0
11,5,5,1689.0,3129.0,594659.4322247369,1025271.6940845867,0.5397890699904123,0.580001804063925,21,11,1,128.0,38729.0,7341,31388.0,0.04164490861618797,0.08216854786829642,10,83.04396962673685,128.0,10,22,False,"{5: np.int64(25), 8: np.int64(72), 4: np.int64(0), 1: np.int64(63), 0: np.int64(96), 9: np.int64(50), 7: np.int64(64), 6: np.int64(83), 2: np.int64(21), 3: np.int64(26)}","{(4, 9): [(np.int64(0), 47), (47, 52), (52, np.int64(50))], (6, 9): [(np.int64(83), 45), (45, np.int64(50))], (1, 5): [(np.int64(63), 64), (64, np.int64(25))], (0, 1): [(np.int64(96), 63)], (5, 8): [(np.int64(25), 86), (86, 0), (0, 47), (47, np.int64(72))], (0, 5): [(np.int64(96), 25)], (4, 6): [(np.int64(0), 72), (72, 32), (32, np.int64(83))], (1, 4): [(np.int64(63), 20), (20, 10), (10, 64), (64, np.int64(0))], (1, 6): [(np.int64(63), 21), (21, np.int64(83))], (7, 8): [(np.int64(64), 48), (48, 97), (97, np.int64(72))], (5, 9): [(np.int64(25), 36), (36, np.int64(50))], (8, 9): [(np.int64(72), 94), (94, 52), (52, np.int64(50))]}","{(5, np.int64(25)): {'cpu': 16}, (8, np.int64(72)): {'cpu': 16}, (4, np.int64(0)): {'cpu': 17}, (1, np.int64(63)): {'cpu': 11}, (0, np.int64(96)): {'cpu': 18}, (9, np.int64(50)): {'cpu': 4}, (7, np.int64(64)): {'cpu': 16}, (6, np.int64(83)): {'cpu': 4}, (2, np.int64(21)): {'cpu': 1}, (3, np.int64(26)): {'cpu': 7}}","{((4, 9), (np.int64(0), 47)): {'bw': 49.0}, ((4, 9), (47, 52)): {'bw': 49.0}, ((4, 9), (52, np.int64(50))): {'bw': 49.0}, ((6, 9), (np.int64(83), 45)): {'bw': 46.0}, ((6, 9), (45, np.int64(50))): {'bw': 46.0}, ((1, 5), (np.int64(63), 64)): {'bw': 46.0}, ((1, 5), (64, np.int64(25))): {'bw': 46.0}, ((0, 1), (np.int64(96), 63)): {'bw': 46.0}, ((5, 8), (np.int64(25), 86)): {'bw': 45.0}, ((5, 8), (86, 0)): {'bw': 45.0}, ((5, 8), (0, 47)): {'bw': 45.0}, ((5, 8), (47, np.int64(72))): {'bw': 45.0}, ((0, 5), (np.int64(96), 25)): {'bw': 43.0}, ((4, 6), (np.int64(0), 72)): {'bw': 41.0}, ((4, 6), (72, 32)): {'bw': 41.0}, ((4, 6), (32, np.int64(83))): {'bw': 41.0}, ((1, 4), (np.int64(63), 20)): {'bw': 37.0}, ((1, 4), (20, 10)): {'bw': 37.0}, ((1, 4), (10, 64)): {'bw': 37.0}, ((1, 4), (64, np.int64(0))): {'bw': 37.0}, ((1, 6), (np.int64(63), 21)): {'bw': 35.0}, ((1, 6), (21, np.int64(83))): {'bw': 35.0}, ((7, 8), (np.int64(64), 48)): {'bw': 37.0}, ((7, 8), (48, 97)): {'bw': 37.0}, ((7, 8), (97, np.int64(72))): {'bw': 37.0}, ((5, 9), (np.int64(25), 36)): {'bw': 33.0}, ((5, 9), (36, np.int64(50))): {'bw': 33.0}, ((8, 9), (np.int64(72), 94)): {'bw': 33.0}, ((8, 9), (94, 52)): {'bw': 33.0}, ((8, 9), (52, np.int64(50))): {'bw': 33.0}}",0.0,0.0,727.0,110.0,617.0,0.0,0.0,0.0,0.0,0.0,0.0,0.0,0.0,0.0,Route Failure,0.0,"{'node_level': {}, 'link_level': {}, 'path_level': {}}","{'node_level': {5: {'cpu': -36}, 8: {'cpu': -61}, 4: {'cpu': -79}, 1: {'cpu': -79}, 0: {'cpu': -64}, 9: {'cpu': -94}, 7: {'cpu': -41}, 6: {'cpu': -82}, 2: {'cpu': -43}, 3: {'cpu': -73}}, 'link_level': {}, 'path_level': {}}","{'node_level': {5: {'cpu': 0}, 8: {'cpu': 0}, 4: {'cpu': 0}, 1: {'cpu': 0}, 0: {'cpu': 0}, 9: {'cpu': 0}, 7: {'cpu': 0}, 6: {'cpu': 0}, 2: {'cpu': 0}, 3: {'cpu': 0}}, 'link_level': {}, 'path_level': {}}",[],0.0,0.0,True,False,False,0,[],0,0.0,"OrderedDict([((4, 9), 0), ((6, 9), 0), ((1, 5), 0), ((0, 1), 0), ((5, 8), 0), ((0, 5), 0), ((4, 6), 0), ((1, 4), 0), ((1, 6), 0), ((7, 8), 0), ((5, 9), 0), ((8, 9), 0)])",2.0,0.0,10.0,12.0
12,6,6,1878.0,3472.0,918988.8774017446,1613869.5760724894,0.5408986175115207,0.5694319361532265,25,12,1,137.0,38386.0,7264,31122.0,0.05169712793733683,0.08994678051348037,11,1716.028810460358,137.0,6,6,True,"{0: np.int64(25), 2: np.int64(72), 1: np.int64(63), 4: np.int64(96), 5: np.int64(50), 3: np.int64(64)}","{(1, 4): [(np.int64(63), 96)], (0, 2): [(np.int64(25), 64), (64, 0), (0, 47), (47, np.int64(72))], (0, 5): [(np.int64(25), 36), (36, np.int64(50))], (2, 5): [(np.int64(72), 47), (47, 52), (52, np.int64(50))], (2, 3): [(np.int64(72), 47), (47, 0), (0, np.int64(64))], (0, 4): [(np.int64(25), 96)]}","{(0, np.int64(25)): {'cpu': 17}, (2, np.int64(72)): {'cpu': 14}, (1, np.int64(63)): {'cpu': 20}, (4, np.int64(96)): {'cpu': 10}, (5, np.int64(50)): {'cpu': 13}, (3, np.int64(64)): {'cpu': 3}}","{((1, 4), (np.int64(63), 96)): {'bw': 35.0}, ((0, 2), (np.int64(25), 64)): {'bw': 34.0}, ((0, 2), (64, 0)): {'bw': 34.0}, ((0, 2), (0, 47)): {'bw': 34.0}, ((0, 2), (47, np.int64(72))): {'bw': 34.0}, ((0, 5), (np.int64(25), 36)): {'bw': 18.0}, ((0, 5), (36, np.int64(50))): {'bw': 18.0}, ((2, 5), (np.int64(72), 47)): {'bw': 8.0}, ((2, 5), (47, 52)): {'bw': 8.0}, ((2, 5), (52, np.int64(50))): {'bw': 8.0}, ((2, 3), (np.int64(72), 47)): {'bw': 9.0}, ((2, 3), (47, 0)): {'bw': 9.0}, ((2, 3), (0, np.int64(64))): {'bw': 9.0}, ((0, 4), (np.int64(25), 96)): {'bw': 8.0}}",343.0,189.0,189.0,77.0,112.0,77.0,112.0,77.0,266.0,154.0,0.5510204081632653,588597.8819879028,324329.4451770077,945.566895559789,Success,0.0,"{'node_level': {}, 'link_level': {}, 'path_level': {}}","{'node_level': {0: {'cpu': -35}, 2: {'cpu': -63}, 1: {'cpu': -70}, 4: {'cpu': -72}, 5: {'cpu': -85}, 3: {'cpu': -54}}, 'link_level': {}, 'path_level': {}}","{'node_level': {0: {'cpu': 0}, 2: {'cpu': 0}, 1: {'cpu': 0}, 4: {'cpu': 0}, 5: {'cpu': 0}, 3: {'cpu': 0}}, 'link_level': {}, 'path_level': {}}",[],0.0,0.0,True,True,False,0,[],0,0.0,"OrderedDict([((1, 4), 0), ((0, 2), 0), ((0, 5), 0), ((2, 5), 0), ((2, 3), 0), ((0, 4), 0)])",2.0,0.0,6.0,6.0
13,7,7,2015.0,3650.0,945468.8025780859,1648274.1503891957,0.552054794520548,0.5736113754831615,28,13,1,144.0,38208.0,7221,30987.0,0.05731070496083546,0.09389437978829174,12,193.2841253747539,144.0,4,3,True,"{3: np.int64(83), 0: np.int64(26), 2: np.int64(6), 1: np.int64(12)}","{(1, 3): [(np.int64(12), 32), (32, np.int64(83))], (0, 3): [(np.int64(26), 83)], (0, 2): [(np.int64(26), 6)]}","{(3, np.int64(83)): {'cpu': 12}, (0, np.int64(26)): {'cpu': 10}, (2, np.int64(6)): {'cpu': 18}, (1, np.int64(12)): {'cpu': 3}}","{((1, 3), (np.int64(12), 32)): {'bw': 41.0}, ((1, 3), (32, np.int64(83))): {'bw': 41.0}, ((0, 3), (np.int64(26), 83)): {'bw': 26.0}, ((0, 2), (np.int64(26), 6)): {'bw': 27.0}}",178.0,137.0,137.0,43.0,94.0,43.0,94.0,43.0,135.0,41.0,0.7696629213483146,34404.574316706196,26479.925176341283,148.76362458618698,Success,0.0,"{'node_level': {}, 'link_level': {}, 'path_level': {}}","{'node_level': {3: {'cpu': -74}, 0: {'cpu': -70}, 2: {'cpu': -82}, 1: {'cpu': -78}}, 'link_level': {}, 'path_level': {}}","{'node_level': {3: {'cpu': 0}, 0: {'cpu': 0}, 2: {'cpu': 0}, 1: {'cpu': 0}}, 'link_level': {}, 'path_level': {}}",[],0.0,0.0,True,True,False,0,[],0,0.0,"OrderedDict([((1, 3), 0), ((0, 3), 0), ((0, 2), 0)])",0.0,0.0,4.0,3.0
14,7,7,2015.0,3650.0,945468.8025780859,1648274.1503891957,0.552054794520548,0.5736113754831615,28,14,1,153.0,38208.0,7221,30987.0,0.05731070496083546,0.09389437978829174,13,1084.8892740532426,153.0,8,13,False,"{4: np.int64(3), 7: np.int64(17), 0: np.int64(8), 5: np.int64(98), 6: np.int64(4), 1: np.int64(93), 3: np.int64(34), 2: np.int64(18)}","{(4, 7): [(np.int64(3), 34), (34, np.int64(17))], (0, 2): [(np.int64(8), 81), (81, np.int64(18))], (3, 4): [(np.int64(34), 3)], (3, 5): [(np.int64(34), 98)], (0, 3): [(np.int64(8), 43), (43, 29), (29, np.int64(34))], (6, 7): [(np.int64(4), 17)], (2, 7): [(np.int64(18), 34), (34, np.int64(17))]}","{(4, np.int64(3)): {'cpu': 20}, (7, np.int64(17)): {'cpu': 13}, (0, np.int64(8)): {'cpu': 13}, (5, np.int64(98)): {'cpu': 17}, (6, np.int64(4)): {'cpu': 8}, (1, np.int64(93)): {'cpu': 16}, (3, np.int64(34)): {'cpu': 1}, (2, np.int64(18)): {'cpu': 1}}","{((4, 7), (np.int64(3), 34)): {'bw': 39.0}, ((4, 7), (34, np.int64(17))): {'bw': 39.0}, ((0, 2), (np.int64(8), 81)): {'bw': 37.0}, ((0, 2), (81, np.int64(18))): {'bw': 37.0}, ((3, 4), (np.int64(34), 3)): {'bw': 34.0}, ((3, 5), (np.int64(34), 98)): {'bw': 29.0}, ((0, 3), (np.int64(8), 43)): {'bw': 26.0}, ((0, 3), (43, 29)): {'bw': 26.0}, ((0, 3), (29, np.int64(34))): {'bw': 26.0}, ((6, 7), (np.int64(4), 17)): {'bw': 23.0}, ((2, 7), (np.int64(18), 34)): {'bw': 16.0}, ((2, 7), (34, np.int64(17))): {'bw': 16.0}}",0.0,0.0,346.0,89.0,257.0,0.0,0.0,0.0,0.0,0.0,0.0,0.0,0.0,0.0,Route Failure,0.0,"{'node_level': {}, 'link_level': {}, 'path_level': {}}","{'node_level': {4: {'cpu': -70}, 7: {'cpu': -40}, 0: {'cpu': -76}, 5: {'cpu': -76}, 6: {'cpu': -52}, 1: {'cpu': -73}, 3: {'cpu': -47}, 2: {'cpu': -48}}, 'link_level': {}, 'path_level': {}}","{'node_level': {4: {'cpu': 0}, 7: {'cpu': 0}, 0: {'cpu': 0}, 5: {'cpu': 0}, 6: {'cpu': 0}, 1: {'cpu': 0}, 3: {'cpu': 0}, 2: {'cpu': 0}}, 'link_level': {}, 'path_level': {}}",[],0.0,0.0,True,False,False,0,[],0,0.0,"OrderedDict([((4, 7), 0), ((0, 2), 0), ((3, 4), 0), ((3, 5), 0), ((0, 3), 0), ((6, 7), 0), ((2, 7), 0)])",2.0,0.0,8.0,7.0
15,7,7,2015.0,3650.0,945468.8025780859,1648274.1503891957,0.552054794520548,0.5736113754831615,28,15,1,172.0,38208.0,7221,30987.0,0.05731070496083546,0.09389437978829174,14,394.14329398824503,172.0,6,6,False,"{3: np.int64(3), 5: np.int64(17), 2: np.int64(98), 0: np.int64(93), 1: np.int64(18), 4: np.int64(5)}","{(2, 3): [(np.int64(98), 34), (34, np.int64(3))], (3, 5): [(np.int64(3), 30), (30, np.int64(17))], (0, 5): [(np.int64(93), 18), (18, 4), (4, np.int64(17))], (2, 4): [(np.int64(98), 94), (94, 72), (72, np.int64(5))]}","{(3, np.int64(3)): {'cpu': 11}, (5, np.int64(17)): {'cpu': 15}, (2, np.int64(98)): {'cpu': 9}, (0, np.int64(93)): {'cpu': 10}, (1, np.int64(18)): {'cpu': 11}, (4, np.int64(5)): {'cpu': 2}}","{((2, 3), (np.int64(98), 34)): {'bw': 50.0}, ((2, 3), (34, np.int64(3))): {'bw': 50.0}, ((3, 5), (np.int64(3), 30)): {'bw': 34.0}, ((3, 5), (30, np.int64(17))): {'bw': 34.0}, ((0, 5), (np.int64(93), 18)): {'bw': 24.0}, ((0, 5), (18, 4)): {'bw': 24.0}, ((0, 5), (4, np.int64(17))): {'bw': 24.0}, ((2, 4), (np.int64(98), 94)): {'bw': 20.0}, ((2, 4), (94, 72)): {'bw': 20.0}, ((2, 4), (72, np.int64(5))): {'bw': 20.0}}",0.0,0.0,194.0,58.0,136.0,0.0,0.0,0.0,0.0,0.0,0.0,0.0,0.0,0.0,Route Failure,0.0,"{'node_level': {}, 'link_level': {}, 'path_level': {}}","{'node_level': {3: {'cpu': -79}, 5: {'cpu': -38}, 2: {'cpu': -84}, 0: {'cpu': -79}, 1: {'cpu': -38}, 4: {'cpu': -56}}, 'link_level': {}, 'path_level': {}}","{'node_level': {3: {'cpu': 0}, 5: {'cpu': 0}, 2: {'cpu': 0}, 0: {'cpu': 0}, 1: {'cpu': 0}, 4: {'cpu': 0}}, 'link_level': {}, 'path_level': {}}",[],0.0,0.0,True,False,False,0,[],0,0.0,"OrderedDict([((2, 3), 0), ((3, 5), 0), ((0, 5), 0), ((2, 4), 0)])",2.0,0.0,6.0,4.0
16,8,8,2273.0,3953.0,1005298.0793750386,1718538.766162361,0.5750063243106501,0.5849725936761684,32,16,1,186.0,37905.0,7166,30739.0,0.06449086161879891,0.10114626586350084,15,231.8964216936151,186.0,5,6,True,"{4: np.int64(3), 1: np.int64(17), 0: np.int64(98), 3: np.int64(34), 2: np.int64(93)}","{(3, 4): [(np.int64(34), 3)], (0, 4): [(np.int64(98), 77), (77, np.int64(3))], (1, 3): [(np.int64(17), 34)], (0, 1): [(np.int64(98), 17)], (2, 4): [(np.int64(93), 3)], (2, 3): [(np.int64(93), 18), (18, np.int64(34))]}","{(4, np.int64(3)): {'cpu': 14}, (1, np.int64(17)): {'cpu': 19}, (0, np.int64(98)): {'cpu': 11}, (3, np.int64(34)): {'cpu': 7}, (2, np.int64(93)): {'cpu': 4}}","{((3, 4), (np.int64(34), 3)): {'bw': 49.0}, ((0, 4), (np.int64(98), 77)): {'bw': 42.0}, ((0, 4), (77, np.int64(3))): {'bw': 42.0}, ((1, 3), (np.int64(17), 34)): {'bw': 39.0}, ((0, 1), (np.int64(98), 17)): {'bw': 41.0}, ((2, 4), (np.int64(93), 3)): {'bw': 29.0}, ((2, 3), (np.int64(93), 18)): {'bw': 3.0}, ((2, 3), (18, np.int64(34))): {'bw': 3.0}}",303.0,258.0,258.0,55.0,203.0,55.0,203.0,55.0,248.0,45.0,0.8514851485148515,70264.61577316538,59829.2767969527,197.45635906585048,Success,0.0,"{'node_level': {}, 'link_level': {}, 'path_level': {}}","{'node_level': {4: {'cpu': -76}, 1: {'cpu': -34}, 0: {'cpu': -82}, 3: {'cpu': -41}, 2: {'cpu': -85}}, 'link_level': {}, 'path_level': {}}","{'node_level': {4: {'cpu': 0}, 1: {'cpu': 0}, 0: {'cpu': 0}, 3: {'cpu': 0}, 2: {'cpu': 0}}, 'link_level': {}, 'path_level': {}}",[],0.0,0.0,True,True,False,0,[],0,0.0,"OrderedDict([((3, 4), 0), ((0, 4), 0), ((1, 3), 0), ((0, 1), 0), ((2, 4), 0), ((2, 3), 0)])",4.0,0.0,5.0,6.0
17,9,9,2316.0,4014.0,1008464.0540312419,1723030.0325351146,0.5769805680119582,0.5852852445917479,34,17,1,198.0,37844.0,7129,30715.0,0.06932114882506524,0.1018480612901339,16,73.62731758612445,198.0,2,1,True,"{0: np.int64(5), 1: np.int64(92)}","{(0, 1): [(np.int64(5), 9), (9, 23), (23, 29), (29, np.int64(92))]}","{(0, np.int64(5)): {'cpu': 19}, (1, np.int64(92)): {'cpu': 18}}","{((0, 1), (np.int64(5), 9)): {'bw': 6.0}, ((0, 1), (9, 23)): {'bw': 6.0}, ((0, 1), (23, 29)): {'bw': 6.0}, ((0, 1), (29, np.int64(92))): {'bw': 6.0}}",61.0,43.0,43.0,37.0,6.0,37.0,6.0,37.0,24.0,18.0,0.7049180327868853,4491.266372753591,3165.974656203351,51.90122387218609,Success,0.0,"{'node_level': {}, 'link_level': {}, 'path_level': {}}","{'node_level': {0: {'cpu': -39}, 1: {'cpu': -36}}, 'link_level': {}, 'path_level': {}}","{'node_level': {0: {'cpu': 0}, 1: {'cpu': 0}}, 'link_level': {}, 'path_level': {}}",[],0.0,0.0,True,True,False,0,[],0,0.0,"OrderedDict([((0, 1), 0)])",0.0,0.0,2.0,1.0
17,9,9,2316.0,4014.0,1008464.0540312419,1723030.0325351146,0.5769805680119582,0.5852852445917479,34,18,0,211.04396962673684,37844.0,7129,30715.0,0.06932114882506524,0.1018480612901339,10,83.04396962673685,128.0,10,22,False,{},{},{},{},0.0,0.0,0.0,0.0,0.0,0.0,0.0,0.0,0.0,0.0,0.0,0.0,0.0,0.0,Leave Event,0.0,"{'node_level': {}, 'link_level': {}, 'path_level': {}}","{'node_level': {}, 'link_level': {}, 'path_level': {}}","{'node_level': {}, 'link_level': {}, 'path_level': {}}",[],0.0,0.0,True,True,False,0,[],0,0.0,,,,,
17,9,8,2316.0,4014.0,1008464.0540312419,1723030.0325351146,0.5769805680119582,0.5852852445917479,34,19,0,212.64746365573802,38956.0,7215,31741.0,0.05809399477806787,0.07184630680156734,9,97.64746365573801,115.0,9,17,False,{},{},{},{},0.0,0.0,0.0,0.0,0.0,0.0,0.0,0.0,0.0,0.0,0.0,0.0,0.0,0.0,Leave Event,0.0,"{'node_level': {}, 'link_level': {}, 'path_level': {}}","{'node_level': {}, 'link_level': {}, 'path_level': {}}","{'node_level': {}, 'link_level': {}, 'path_level': {}}",[],0.0,0.0,True,True,False,0,[],0,0.0,,,,,
18,9,8,2316.0,4014.0,1008464.0540312419,1723030.0325351146,0.5769805680119582,0.5852852445917479,34,20,1,214.0,38956.0,7215,31741.0,0.05809399477806787,0.07184630680156734,17,59.679200876715996,214.0,9,20,False,"{6: np.int64(22), 3: np.int64(90), 1: np.int64(61), 5: np.int64(99), 0: np.int64(94)}",{},"{(6, np.int64(22)): {'cpu': 8}, (3, np.int64(90)): {'cpu': 14}, (1, np.int64(61)): {'cpu': 12}, (5, np.int64(99)): {'cpu': 12}, (0, np.int64(94)): {'cpu': 6}}",{},0.0,0.0,446.0,67.0,379.0,0.0,0.0,0.0,0.0,0.0,0.0,0.0,0.0,0.0,Place Failure,0.0,"{'node_level': {}, 'link_level': {}, 'path_level': {}}","{'node_level': {6: {'cpu': -80}, 3: {'cpu': -72}, 1: {'cpu': -77}, 5: {'cpu': -60}, 0: {'cpu': -50}}, 'link_level': {}, 'path_level': {}}","{'node_level': {6: {'cpu': 0}, 3: {'cpu': 0}, 1: {'cpu': 0}, 5: {'cpu': 0}, 0: {'cpu': 0}}, 'link_level': {}, 'path_level': {}}",[],0.0,0.0,False,True,False,0,[],0,0.0,,,,5.0,0.0
18,9,7,2316.0,4014.0,1008464.0540312419,1723030.0325351146,0.5769805680119582,0.5852852445917479,34,21,0,214.69301297939768,39190.0,7256,31934.0,0.05274151436031327,0.06620270191239253,6,134.69301297939768,80.0,4,4,False,{},{},{},{},0.0,0.0,0.0,0.0,0.0,0.0,0.0,0.0,0.0,0.0,0.0,0.0,0.0,0.0,Leave Event,0.0,"{'node_level': {}, 'link_level': {}, 'path_level': {}}","{'node_level': {}, 'link_level': {}, 'path_level': {}}","{'node_level': {}, 'link_level': {}, 'path_level': {}}",[],0.0,0.0,True,True,False,0,[],0,0.0,,,,,
19,9,7,2316.0,4014.0,1008464.0540312419,1723030.0325351146,0.5769805680119582,0.5852852445917479,34,22,1,221.0,39190.0,7256,31934.0,0.05274151436031327,0.06620270191239253,18,37.514414820340164,221.0,7,9,False,"{4: np.int64(28), 0: np.int64(90), 6: np.int64(22), 5: np.int64(99), 1: np.int64(41), 3: np.int64(94), 2: np.int64(44)}","{(2, 6): [(np.int64(44), 88), (88, np.int64(22))]}","{(4, np.int64(28)): {'cpu': 10}, (0, np.int64(90)): {'cpu': 11}, (6, np.int64(22)): {'cpu': 9}, (5, np.int64(99)): {'cpu': 9}, (1, np.int64(41)): {'cpu': 6}, (3, np.int64(94)): {'cpu': 2}, (2, np.int64(44)): {'cpu': 1}}","{((2, 6), (np.int64(44), 88)): {'bw': 47.0}, ((2, 6), (88, np.int64(22))): {'bw': 47.0}}",0.0,0.0,317.0,48.0,269.0,0.0,0.0,0.0,0.0,0.0,0.0,0.0,0.0,0.0,Route Failure,0.0,"{'node_level': {}, 'link_level': {}, 'path_level': {}}","{'node_level': {4: {'cpu': -81}, 0: {'cpu': -77}, 6: {'cpu': -79}, 5: {'cpu': -63}, 1: {'cpu': -59}, 3: {'cpu': -54}, 2: {'cpu': -99}}, 'link_level': {}, 'path_level': {}}","{'node_level': {4: {'cpu': 0}, 0: {'cpu': 0}, 6: {'cpu': 0}, 5: {'cpu': 0}, 1: {'cpu': 0}, 3: {'cpu': 0}, 2: {'cpu': 0}}, 'link_level': {}, 'path_level': {}}",[],0.0,0.0,True,False,False,0,[],0,0.0,"OrderedDict([((2, 6), 0)])",0.0,0.0,7.0,1.0
20,10,8,2683.0,4613.0,1047866.627135754,1787341.0442234054,0.5816171688705831,0.5862712270399683,35,23,1,238.0,38591.0,7170,31421.0,0.06396866840731075,0.08120357915667586,19,107.36395941283955,238.0,7,12,True,"{3: np.int64(28), 1: np.int64(25), 6: np.int64(90), 5: np.int64(99), 4: np.int64(22), 0: np.int64(88), 2: np.int64(94)}","{(3, 5): [(np.int64(28), 88), (88, np.int64(99))], (1, 3): [(np.int64(25), 28)], (0, 3): [(np.int64(88), 21), (21, np.int64(28))], (3, 6): [(np.int64(28), 90)], (1, 5): [(np.int64(25), 64), (64, 63), (63, np.int64(99))], (2, 6): [(np.int64(94), 72), (72, 26), (26, np.int64(90))], (0, 6): [(np.int64(88), 22), (22, np.int64(90))], (0, 4): [(np.int64(88), 22)], (4, 5): [(np.int64(22), 88), (88, np.int64(99))], (1, 6): [(np.int64(25), 26), (26, np.int64(90))], (0, 5): [(np.int64(88), 99)], (2, 5): [(np.int64(94), 63), (63, np.int64(99))]}","{(3, np.int64(28)): {'cpu': 8}, (1, np.int64(25)): {'cpu': 17}, (6, np.int64(90)): {'cpu': 9}, (5, np.int64(99)): {'cpu': 7}, (4, np.int64(22)): {'cpu': 20}, (0, np.int64(88)): {'cpu': 6}, (2, np.int64(94)): {'cpu': 19}}","{((3, 5), (np.int64(28), 88)): {'bw': 50.0}, ((3, 5), (88, np.int64(99))): {'bw': 50.0}, ((1, 3), (np.int64(25), 28)): {'bw': 35.0}, ((0, 3), (np.int64(88), 21)): {'bw': 39.0}, ((0, 3), (21, np.int64(28))): {'bw': 39.0}, ((3, 6), (np.int64(28), 90)): {'bw': 37.0}, ((1, 5), (np.int64(25), 64)): {'bw': 27.0}, ((1, 5), (64, 63)): {'bw': 27.0}, ((1, 5), (63, np.int64(99))): {'bw': 27.0}, ((2, 6), (np.int64(94), 72)): {'bw': 20.0}, ((2, 6), (72, 26)): {'bw': 20.0}, ((2, 6), (26, np.int64(90))): {'bw': 20.0}, ((0, 6), (np.int64(88), 22)): {'bw': 20.0}, ((0, 6), (22, np.int64(90))): {'bw': 20.0}, ((0, 4), (np.int64(88), 22)): {'bw': 20.0}, ((4, 5), (np.int64(22), 88)): {'bw': 15.0}, ((4, 5), (88, np.int64(99))): {'bw': 15.0}, ((1, 6), (np.int64(25), 26)): {'bw': 9.0}, ((1, 6), (26, np.int64(90))): {'bw': 9.0}, ((0, 5), (np.int64(88), 99)): {'bw': 4.0}, ((2, 5), (np.int64(94), 63)): {'bw': 5.0}, ((2, 5), (63, np.int64(99))): {'bw': 5.0}}",599.0,367.0,367.0,86.0,281.0,86.0,281.0,86.0,513.0,232.0,0.6126878130217028,64311.01168829089,39402.573104512114,65.78058949000354,Success,0.0,"{'node_level': {}, 'link_level': {}, 'path_level': {}}","{'node_level': {3: {'cpu': -83}, 1: {'cpu': -36}, 6: {'cpu': -79}, 5: {'cpu': -65}, 4: {'cpu': -68}, 0: {'cpu': -53}, 2: {'cpu': -37}}, 'link_level': {}, 'path_level': {}}","{'node_level': {3: {'cpu': 0}, 1: {'cpu': 0}, 6: {'cpu': 0}, 5: {'cpu': 0}, 4: {'cpu': 0}, 0: {'cpu': 0}, 2: {'cpu': 0}}, 'link_level': {}, 'path_level': {}}",[],0.0,0.0,True,True,False,0,[],0,0.0,"OrderedDict([((3, 5), 0), ((1, 3), 0), ((0, 3), 0), ((3, 6), 0), ((1, 5), 0), ((2, 6), 0), ((0, 6), 0), ((0, 4), 0), ((4, 5), 0), ((1, 6), 0), ((0, 5), 0), ((2, 5), 0)])",0.0,0.0,7.0,12.0
21,10,8,2683.0,4613.0,1047866.627135754,1787341.0442234054,0.5816171688705831,0.5862712270399683,35,24,1,249.0,38591.0,7170,31421.0,0.06396866840731075,0.08120357915667586,20,1.4654455115253726,249.0,8,16,False,"{6: np.int64(41), 3: np.int64(10), 1: np.int64(86), 2: np.int64(30), 7: np.int64(61), 4: np.int64(18), 5: np.int64(90), 0: np.int64(96)}","{(0, 7): [(np.int64(96), 61)], (0, 6): [(np.int64(96), 18), (18, np.int64(41))], (0, 3): [(np.int64(96), 20), (20, np.int64(10))], (1, 5): [(np.int64(86), 49), (49, 23), (23, 9), (9, np.int64(90))]}","{(6, np.int64(41)): {'cpu': 19}, (3, np.int64(10)): {'cpu': 17}, (1, np.int64(86)): {'cpu': 8}, (2, np.int64(30)): {'cpu': 12}, (7, np.int64(61)): {'cpu': 11}, (4, np.int64(18)): {'cpu': 9}, (5, np.int64(90)): {'cpu': 11}, (0, np.int64(96)): {'cpu': 2}}","{((0, 7), (np.int64(96), 61)): {'bw': 50.0}, ((0, 6), (np.int64(96), 18)): {'bw': 50.0}, ((0, 6), (18, np.int64(41))): {'bw': 50.0}, ((0, 3), (np.int64(96), 20)): {'bw': 46.0}, ((0, 3), (20, np.int64(10))): {'bw': 46.0}, ((1, 5), (np.int64(86), 49)): {'bw': 43.0}, ((1, 5), (49, 23)): {'bw': 43.0}, ((1, 5), (23, 9)): {'bw': 43.0}, ((1, 5), (9, np.int64(90))): {'bw': 43.0}}",0.0,0.0,470.0,89.0,381.0,0.0,0.0,0.0,0.0,0.0,0.0,0.0,0.0,0.0,Route Failure,0.0,"{'node_level': {}, 'link_level': {}, 'path_level': {}}","{'node_level': {6: {'cpu': -46}, 3: {'cpu': -63}, 1: {'cpu': -59}, 2: {'cpu': -61}, 7: {'cpu': -78}, 4: {'cpu': -40}, 5: {'cpu': -68}, 0: {'cpu': -70}}, 'link_level': {}, 'path_level': {}}","{'node_level': {6: {'cpu': 0}, 3: {'cpu': 0}, 1: {'cpu': 0}, 2: {'cpu': 0}, 7: {'cpu': 0}, 4: {'cpu': 0}, 5: {'cpu': 0}, 0: {'cpu': 0}}, 'link_level': {}, 'path_level': {}}",[],0.0,0.0,True,False,False,0,[],0,0.0,"OrderedDict([((0, 7), 0), ((0, 6), 0), ((0, 3), 0), ((1, 5), 0)])",0.0,0.0,8.0,4.0
21,10,8,2683.0,4613.0,1047866.627135754,1787341.0442234054,0.5816171688705831,0.5862712270399683,35,25,0,250.46544551152536,38591.0,7170,31421.0,0.06396866840731075,0.08120357915667586,20,1.4654455115253726,249.0,8,16,False,{},{},{},{},0.0,0.0,0.0,0.0,0.0,0.0,0.0,0.0,0.0,0.0,0.0,0.0,0.0,0.0,Leave Event,0.0,"{'node_level': {}, 'link_level': {}, 'path_level': {}}","{'node_level': {}, 'link_level': {}, 'path_level': {}}","{'node_level': {}, 'link_level': {}, 'path_level': {}}",[],0.0,0.0,True,True,False,0,[],0,0.0,,,,,
22,10,8,2683.0,4613.0,1047866.627135754,1787341.0442234054,0.5816171688705831,0.5862712270399683,35,26,1,258.0,38591.0,7170,31421.0,0.06396866840731075,0.08120357915667586,21,1046.9441220081633,258.0,8,16,False,"{6: np.int64(41), 7: np.int64(10), 2: np.int64(62), 0: np.int64(30), 5: np.int64(61), 3: np.int64(90), 4: np.int64(37), 1: np.int64(8)}","{(4, 6): [(np.int64(37), 7), (7, 95), (95, np.int64(41))], (0, 2): [(np.int64(30), 3), (3, np.int64(62))]}","{(6, np.int64(41)): {'cpu': 12}, (7, np.int64(10)): {'cpu': 18}, (2, np.int64(62)): {'cpu': 7}, (0, np.int64(30)): {'cpu': 6}, (5, np.int64(61)): {'cpu': 12}, (3, np.int64(90)): {'cpu': 6}, (4, np.int64(37)): {'cpu': 2}, (1, np.int64(8)): {'cpu': 1}}","{((4, 6), (np.int64(37), 7)): {'bw': 50.0}, ((4, 6), (7, 95)): {'bw': 50.0}, ((4, 6), (95, np.int64(41))): {'bw': 50.0}, ((0, 2), (np.int64(30), 3)): {'bw': 45.0}, ((0, 2), (3, np.int64(62))): {'bw': 45.0}}",0.0,0.0,581.0,64.0,517.0,0.0,0.0,0.0,0.0,0.0,0.0,0.0,0.0,0.0,Route Failure,0.0,"{'node_level': {}, 'link_level': {}, 'path_level': {}}","{'node_level': {6: {'cpu': -53}, 7: {'cpu': -62}, 2: {'cpu': -88}, 0: {'cpu': -67}, 5: {'cpu': -77}, 3: {'cpu': -73}, 4: {'cpu': -93}, 1: {'cpu': -88}}, 'link_level': {}, 'path_level': {}}","{'node_level': {6: {'cpu': 0}, 7: {'cpu': 0}, 2: {'cpu': 0}, 0: {'cpu': 0}, 5: {'cpu': 0}, 3: {'cpu': 0}, 4: {'cpu': 0}, 1: {'cpu': 0}}, 'link_level': {}, 'path_level': {}}",[],0.0,0.0,True,False,False,0,[],0,0.0,"OrderedDict([((4, 6), 0), ((0, 2), 0)])",0.0,0.0,8.0,2.0
22,10,8,2683.0,4613.0,1047866.627135754,1787341.0442234054,0.5816171688705831,0.5862712270399683,35,27,0,258.51441482034016,38591.0,7170,31421.0,0.06396866840731075,0.08120357915667586,18,37.514414820340164,221.0,7,9,False,{},{},{},{},0.0,0.0,0.0,0.0,0.0,0.0,0.0,0.0,0.0,0.0,0.0,0.0,0.0,0.0,Leave Event,0.0,"{'node_level': {}, 'link_level': {}, 'path_level': {}}","{'node_level': {}, 'link_level': {}, 'path_level': {}}","{'node_level': {}, 'link_level': {}, 'path_level': {}}",[],0.0,0.0,True,True,False,0,[],0,0.0,,,,,
23,11,9,3330.0,5910.0,1942912.8113376861,3581583.5494937394,0.5634517766497462,0.5424731224299707,38,28,1,269.0,37294.0,7053,30241.0,0.07924281984334203,0.11570852096613837,22,1383.3789554898487,269.0,10,22,True,"{7: np.int64(41), 0: np.int64(10), 6: np.int64(30), 1: np.int64(44), 9: np.int64(8), 4: np.int64(61), 3: np.int64(90), 8: np.int64(28), 5: np.int64(88), 2: np.int64(86)}","{(3, 7): [(np.int64(90), 70), (70, np.int64(41))], (0, 4): [(np.int64(10), 61)], (1, 6): [(np.int64(44), 30)], (2, 7): [(np.int64(86), 0), (0, 47), (47, np.int64(41))], (6, 9): [(np.int64(30), 3), (3, np.int64(8))], (0, 7): [(np.int64(10), 20), (20, 18), (18, np.int64(41))], (4, 5): [(np.int64(61), 85), (85, np.int64(88))], (8, 9): [(np.int64(28), 73), (73, 43), (43, np.int64(8))], (2, 9): [(np.int64(86), 49), (49, 23), (23, 29), (29, 43), (43, np.int64(8))], (1, 8): [(np.int64(44), 35), (35, np.int64(28))], (4, 7): [(np.int64(61), 37), (37, 34), (34, np.int64(41))], (3, 8): [(np.int64(90), 28)], (1, 5): [(np.int64(44), 88)], (2, 3): [(np.int64(86), 28), (28, np.int64(90))], (6, 8): [(np.int64(30), 21), (21, np.int64(28))], (7, 8): [(np.int64(41), 95), (95, 7), (7, 48), (48, np.int64(28))], (3, 9): [(np.int64(90), 70), (70, np.int64(8))], (1, 4): [(np.int64(44), 88), (88, 85), (85, np.int64(61))], (0, 1): [(np.int64(10), 60), (60, np.int64(44))], (2, 8): [(np.int64(86), 28)], (1, 9): [(np.int64(44), 88), (88, 99), (99, np.int64(8))], (5, 7): [(np.int64(88), 99), (99, np.int64(41))]}","{(7, np.int64(41)): {'cpu': 15}, (0, np.int64(10)): {'cpu': 20}, (6, np.int64(30)): {'cpu': 15}, (1, np.int64(44)): {'cpu': 14}, (9, np.int64(8)): {'cpu': 12}, (4, np.int64(61)): {'cpu': 10}, (3, np.int64(90)): {'cpu': 11}, (8, np.int64(28)): {'cpu': 9}, (5, np.int64(88)): {'cpu': 10}, (2, np.int64(86)): {'cpu': 1}}","{((3, 7), (np.int64(90), 70)): {'bw': 49.0}, ((3, 7), (70, np.int64(41))): {'bw': 49.0}, ((0, 4), (np.int64(10), 61)): {'bw': 47.0}, ((1, 6), (np.int64(44), 30)): {'bw': 47.0}, ((2, 7), (np.int64(86), 0)): {'bw': 45.0}, ((2, 7), (0, 47)): {'bw': 45.0}, ((2, 7), (47, np.int64(41))): {'bw': 45.0}, ((6, 9), (np.int64(30), 3)): {'bw': 44.0}, ((6, 9), (3, np.int64(8))): {'bw': 44.0}, ((0, 7), (np.int64(10), 20)): {'bw': 35.0}, ((0, 7), (20, 18)): {'bw': 35.0}, ((0, 7), (18, np.int64(41))): {'bw': 35.0}, ((4, 5), (np.int64(61), 85)): {'bw': 34.0}, ((4, 5), (85, np.int64(88))): {'bw': 34.0}, ((8, 9), (np.int64(28), 73)): {'bw': 31.0}, ((8, 9), (73, 43)): {'bw': 31.0}, ((8, 9), (43, np.int64(8))): {'bw': 31.0}, ((2, 9), (np.int64(86), 49)): {'bw': 26.0}, ((2, 9), (49, 23)): {'bw': 26.0}, ((2, 9), (23, 29)): {'bw': 26.0}, ((2, 9), (29, 43)): {'bw': 26.0}, ((2, 9), (43, np.int64(8))): {'bw': 26.0}, ((1, 8), (np.int64(44), 35)): {'bw': 20.0}, ((1, 8), (35, np.int64(28))): {'bw': 20.0}, ((4, 7), (np.int64(61), 37)): {'bw': 19.0}, ((4, 7), (37, 34)): {'bw': 19.0}, ((4, 7), (34, np.int64(41))): {'bw': 19.0}, ((3, 8), (np.int64(90), 28)): {'bw': 19.0}, ((1, 5), (np.int64(44), 88)): {'bw': 19.0}, ((2, 3), (np.int64(86), 28)): {'bw': 14.0}, ((2, 3), (28, np.int64(90))): {'bw': 14.0}, ((6, 8), (np.int64(30), 21)): {'bw': 18.0}, ((6, 8), (21, np.int64(28))): {'bw': 18.0}, ((7, 8), (np.int64(41), 95)): {'bw': 17.0}, ((7, 8), (95, 7)): {'bw': 17.0}, ((7, 8), (7, 48)): {'bw': 17.0}, ((7, 8), (48, np.int64(28))): {'bw': 17.0}, ((3, 9), (np.int64(90), 70)): {'bw': 12.0}, ((3, 9), (70, np.int64(8))): {'bw': 12.0}, ((1, 4), (np.int64(44), 88)): {'bw': 14.0}, ((1, 4), (88, 85)): {'bw': 14.0}, ((1, 4), (85, np.int64(61))): {'bw': 14.0}, ((0, 1), (np.int64(10), 60)): {'bw': 11.0}, ((0, 1), (60, np.int64(44))): {'bw': 11.0}, ((2, 8), (np.int64(86), 28)): {'bw': 5.0}, ((1, 9), (np.int64(44), 88)): {'bw': 1.0}, ((1, 9), (88, 99)): {'bw': 1.0}, ((1, 9), (99, np.int64(8))): {'bw': 1.0}, ((5, 7), (np.int64(88), 99)): {'bw': 3.0}, ((5, 7), (99, np.int64(41))): {'bw': 3.0}}",1297.0,647.0,647.0,117.0,530.0,117.0,530.0,117.0,1180.0,650.0,0.49884348496530456,1794242.5052703337,895046.1842019322,690.0895791842191,Success,0.0,"{'node_level': {}, 'link_level': {}, 'path_level': {}}","{'node_level': {7: {'cpu': -50}, 0: {'cpu': -60}, 6: {'cpu': -58}, 1: {'cpu': -86}, 9: {'cpu': -77}, 4: {'cpu': -79}, 3: {'cpu': -68}, 8: {'cpu': -74}, 5: {'cpu': -43}, 2: {'cpu': -66}}, 'link_level': {}, 'path_level': {}}","{'node_level': {7: {'cpu': 0}, 0: {'cpu': 0}, 6: {'cpu': 0}, 1: {'cpu': 0}, 9: {'cpu': 0}, 4: {'cpu': 0}, 3: {'cpu': 0}, 8: {'cpu': 0}, 5: {'cpu': 0}, 2: {'cpu': 0}}, 'link_level': {}, 'path_level': {}}",[],0.0,0.0,True,True,False,0,[],0,0.0,"OrderedDict([((3, 7), 0), ((0, 4), 0), ((1, 6), 0), ((2, 7), 0), ((6, 9), 0), ((0, 7), 0), ((4, 5), 0), ((8, 9), 0), ((2, 9), 0), ((1, 8), 0), ((4, 7), 0), ((3, 8), 0), ((1, 5), 0), ((2, 3), 0), ((6, 8), 0), ((7, 8), 0), ((3, 9), 0), ((1, 4), 0), ((0, 1), 0), ((2, 8), 0), ((1, 9), 0), ((5, 7), 0)])",1.0,0.0,10.0,22.0
23,11,8,3330.0,5910.0,1942912.8113376861,3581583.5494937394,0.5634517766497462,0.5424731224299707,38,29,0,271.62731758612443,37355.0,7090,30265.0,0.0744125326370757,0.1150067255395052,16,73.62731758612445,198.0,2,1,False,{},{},{},{},0.0,0.0,0.0,0.0,0.0,0.0,0.0,0.0,0.0,0.0,0.0,0.0,0.0,0.0,Leave Event,0.0,"{'node_level': {}, 'link_level': {}, 'path_level': {}}","{'node_level': {}, 'link_level': {}, 'path_level': {}}","{'node_level': {}, 'link_level': {}, 'path_level': {}}",[],0.0,0.0,True,True,False,0,[],0,0.0,,,,,
23,11,8,3330.0,5910.0,1942912.8113376861,3581583.5494937394,0.5634517766497462,0.5424731224299707,38,30,0,273.679200876716,37355.0,7090,30265.0,0.0744125326370757,0.1150067255395052,17,59.679200876715996,214.0,9,20,False,{},{},{},{},0.0,0.0,0.0,0.0,0.0,0.0,0.0,0.0,0.0,0.0,0.0,0.0,0.0,0.0,Leave Event,0.0,"{'node_level': {}, 'link_level': {}, 'path_level': {}}","{'node_level': {}, 'link_level': {}, 'path_level': {}}","{'node_level': {}, 'link_level': {}, 'path_level': {}}",[],0.0,0.0,True,True,False,0,[],0,0.0,,,,,
24,12,9,3456.0,6154.0,1986915.6279097213,3666795.3530141884,0.5615859603509912,0.5418670628226994,39,31,1,286.0,37111.0,7052,30059.0,0.0793733681462141,0.12103046961810637,23,349.2287029526604,286.0,4,4,True,"{0: np.int64(5), 2: np.int64(75), 1: np.int64(99), 3: np.int64(4)}","{(0, 2): [(np.int64(5), 94), (94, np.int64(75))], (0, 3): [(np.int64(5), 17), (17, np.int64(4))], (1, 3): [(np.int64(99), 63), (63, 21), (21, 83), (83, np.int64(4))], (1, 2): [(np.int64(99), 84), (84, np.int64(75))]}","{(0, np.int64(5)): {'cpu': 14}, (2, np.int64(75)): {'cpu': 16}, (1, np.int64(99)): {'cpu': 6}, (3, np.int64(4)): {'cpu': 2}}","{((0, 2), (np.int64(5), 94)): {'bw': 39.0}, ((0, 2), (94, np.int64(75))): {'bw': 39.0}, ((0, 3), (np.int64(5), 17)): {'bw': 23.0}, ((0, 3), (17, np.int64(4))): {'bw': 23.0}, ((1, 3), (np.int64(99), 63)): {'bw': 15.0}, ((1, 3), (63, 21)): {'bw': 15.0}, ((1, 3), (21, 83)): {'bw': 15.0}, ((1, 3), (83, np.int64(4))): {'bw': 15.0}, ((1, 2), (np.int64(99), 84)): {'bw': 11.0}, ((1, 2), (84, np.int64(75))): {'bw': 11.0}}",244.0,126.0,126.0,38.0,88.0,38.0,88.0,38.0,206.0,118.0,0.5163934426229508,85211.80352044913,44002.81657203521,180.33941218047218,Success,0.0,"{'node_level': {}, 'link_level': {}, 'path_level': {}}","{'node_level': {0: {'cpu': -44}, 2: {'cpu': -71}, 1: {'cpu': -59}, 3: {'cpu': -62}}, 'link_level': {}, 'path_level': {}}","{'node_level': {0: {'cpu': 0}, 2: {'cpu': 0}, 1: {'cpu': 0}, 3: {'cpu': 0}}, 'link_level': {}, 'path_level': {}}",[],0.0,0.0,True,True,False,0,[],0,0.0,"OrderedDict([((0, 2), 0), ((0, 3), 0), ((1, 3), 0), ((1, 2), 0)])",1.0,0.0,4.0,4.0
25,12,9,3456.0,6154.0,1986915.6279097213,3666795.3530141884,0.5615859603509912,0.5418670628226994,39,32,1,294.0,37111.0,7052,30059.0,0.0793733681462141,0.12103046961810637,24,688.1617488701635,294.0,7,12,False,"{0: np.int64(92), 2: np.int64(78), 5: np.int64(96), 1: np.int64(4), 3: np.int64(12), 6: np.int64(18), 4: np.int64(58)}","{(0, 2): [(np.int64(92), 41), (41, np.int64(78))], (0, 1): [(np.int64(92), 51), (51, 18), (18, np.int64(4))], (1, 2): [(np.int64(4), 54), (54, 72), (72, np.int64(78))], (2, 3): [(np.int64(78), 80), (80, np.int64(12))], (5, 6): [(np.int64(96), 18)], (1, 4): [(np.int64(4), 94), (94, np.int64(58))], (0, 5): [(np.int64(92), 6), (6, np.int64(96))], (2, 4): [(np.int64(78), 58)]}","{(0, np.int64(92)): {'cpu': 9}, (2, np.int64(78)): {'cpu': 6}, (5, np.int64(96)): {'cpu': 15}, (1, np.int64(4)): {'cpu': 7}, (3, np.int64(12)): {'cpu': 15}, (6, np.int64(18)): {'cpu': 1}, (4, np.int64(58)): {'cpu': 1}}","{((0, 2), (np.int64(92), 41)): {'bw': 50.0}, ((0, 2), (41, np.int64(78))): {'bw': 50.0}, ((0, 1), (np.int64(92), 51)): {'bw': 44.0}, ((0, 1), (51, 18)): {'bw': 44.0}, ((0, 1), (18, np.int64(4))): {'bw': 44.0}, ((1, 2), (np.int64(4), 54)): {'bw': 41.0}, ((1, 2), (54, 72)): {'bw': 41.0}, ((1, 2), (72, np.int64(78))): {'bw': 41.0}, ((2, 3), (np.int64(78), 80)): {'bw': 23.0}, ((2, 3), (80, np.int64(12))): {'bw': 23.0}, ((5, 6), (np.int64(96), 18)): {'bw': 21.0}, ((1, 4), (np.int64(4), 94)): {'bw': 19.0}, ((1, 4), (94, np.int64(58))): {'bw': 19.0}, ((0, 5), (np.int64(92), 6)): {'bw': 17.0}, ((0, 5), (6, np.int64(96))): {'bw': 17.0}, ((2, 4), (np.int64(78), 58)): {'bw': 11.0}}",0.0,0.0,327.0,54.0,273.0,0.0,0.0,0.0,0.0,0.0,0.0,0.0,0.0,0.0,Route Failure,0.0,"{'node_level': {}, 'link_level': {}, 'path_level': {}}","{'node_level': {0: {'cpu': -45}, 2: {'cpu': -56}, 5: {'cpu': -57}, 1: {'cpu': -55}, 3: {'cpu': -63}, 6: {'cpu': -48}, 4: {'cpu': -72}}, 'link_level': {}, 'path_level': {}}","{'node_level': {0: {'cpu': 0}, 2: {'cpu': 0}, 5: {'cpu': 0}, 1: {'cpu': 0}, 3: {'cpu': 0}, 6: {'cpu': 0}, 4: {'cpu': 0}}, 'link_level': {}, 'path_level': {}}",[],0.0,0.0,True,False,False,0,[],0,0.0,"OrderedDict([((0, 2), 0), ((0, 1), 0), ((1, 2), 0), ((2, 3), 0), ((5, 6), 0), ((1, 4), 0), ((0, 5), 0), ((2, 4), 0)])",3.0,0.0,7.0,8.0
26,12,9,3456.0,6154.0,1986915.6279097213,3666795.3530141884,0.5615859603509912,0.5418670628226994,39,33,1,308.0,37111.0,7052,30059.0,0.0793733681462141,0.12103046961810637,25,334.8824333146168,308.0,10,26,False,"{9: np.int64(92), 5: np.int64(78), 8: np.int64(29), 6: np.int64(96), 4: np.int64(58), 3: np.int64(4), 2: np.int64(21), 7: np.int64(18), 1: np.int64(51), 0: np.int64(12)}","{(1, 8): [(np.int64(51), 29)], (3, 9): [(np.int64(4), 18), (18, 51), (51, np.int64(92))], (1, 5): [(np.int64(51), 58), (58, np.int64(78))]}","{(9, np.int64(92)): {'cpu': 19}, (5, np.int64(78)): {'cpu': 17}, (8, np.int64(29)): {'cpu': 11}, (6, np.int64(96)): {'cpu': 10}, (4, np.int64(58)): {'cpu': 10}, (3, np.int64(4)): {'cpu': 6}, (2, np.int64(21)): {'cpu': 4}, (7, np.int64(18)): {'cpu': 7}, (1, np.int64(51)): {'cpu': 1}, (0, np.int64(12)): {'cpu': 12}}","{((1, 8), (np.int64(51), 29)): {'bw': 46.0}, ((3, 9), (np.int64(4), 18)): {'bw': 43.0}, ((3, 9), (18, 51)): {'bw': 43.0}, ((3, 9), (51, np.int64(92))): {'bw': 43.0}, ((1, 5), (np.int64(51), 58)): {'bw': 41.0}, ((1, 5), (58, np.int64(78))): {'bw': 41.0}}",0.0,0.0,658.0,97.0,561.0,0.0,0.0,0.0,0.0,0.0,0.0,0.0,0.0,0.0,Route Failure,0.0,"{'node_level': {}, 'link_level': {}, 'path_level': {}}","{'node_level': {9: {'cpu': -35}, 5: {'cpu': -45}, 8: {'cpu': -41}, 6: {'cpu': -62}, 4: {'cpu': -63}, 3: {'cpu': -56}, 2: {'cpu': -40}, 7: {'cpu': -42}, 1: {'cpu': -61}, 0: {'cpu': -66}}, 'link_level': {}, 'path_level': {}}","{'node_level': {9: {'cpu': 0}, 5: {'cpu': 0}, 8: {'cpu': 0}, 6: {'cpu': 0}, 4: {'cpu': 0}, 3: {'cpu': 0}, 2: {'cpu': 0}, 7: {'cpu': 0}, 1: {'cpu': 0}, 0: {'cpu': 0}}, 'link_level': {}, 'path_level': {}}",[],0.0,0.0,True,False,False,0,[],0,0.0,"OrderedDict([((1, 8), 0), ((3, 9), 0), ((1, 5), 0)])",0.0,0.0,10.0,3.0
27,13,10,3522.0,6255.0,1987045.2716329547,3666993.747196712,0.5630695443645084,0.5418731005887264,41,34,1,320.0,37010.0,7035,29975.0,0.08159268929503916,0.12348675361132233,26,1.9642988368691492,320.0,3,2,True,"{0: np.int64(92), 2: np.int64(19), 1: np.int64(58)}","{(0, 1): [(np.int64(92), 51), (51, np.int64(58))], (0, 2): [(np.int64(92), 19)]}","{(0, np.int64(92)): {'cpu': 9}, (2, np.int64(19)): {'cpu': 6}, (1, np.int64(58)): {'cpu': 2}}","{((0, 1), (np.int64(92), 51)): {'bw': 35.0}, ((0, 1), (51, np.int64(58))): {'bw': 35.0}, ((0, 2), (np.int64(92), 19)): {'bw': 14.0}}",101.0,66.0,66.0,17.0,49.0,17.0,49.0,17.0,84.0,35.0,0.6534653465346535,198.39418252378408,129.64372323336386,1.2836012201323153,Success,0.0,"{'node_level': {}, 'link_level': {}, 'path_level': {}}","{'node_level': {0: {'cpu': -45}, 2: {'cpu': -65}, 1: {'cpu': -71}}, 'link_level': {}, 'path_level': {}}","{'node_level': {0: {'cpu': 0}, 2: {'cpu': 0}, 1: {'cpu': 0}}, 'link_level': {}, 'path_level': {}}",[],0.0,0.0,True,True,False,0,[],0,0.0,"OrderedDict([((0, 1), 0), ((0, 2), 0)])",0.0,0.0,3.0,2.0
27,13,9,3522.0,6255.0,1987045.2716329547,3666993.747196712,0.5630695443645084,0.5418731005887264,41,35,0,321.96429883686915,37111.0,7052,30059.0,0.0793733681462141,0.12103046961810637,26,1.9642988368691492,320.0,3,2,False,{},{},{},{},0.0,0.0,0.0,0.0,0.0,0.0,0.0,0.0,0.0,0.0,0.0,0.0,0.0,0.0,Leave Event,0.0,"{'node_level': {}, 'link_level': {}, 'path_level': {}}","{'node_level': {}, 'link_level': {}, 'path_level': {}}","{'node_level': {}, 'link_level': {}, 'path_level': {}}",[],0.0,0.0,True,True,False,0,[],0,0.0,,,,,
28,14,10,3605.0,6432.0,2012796.3994530346,3721908.802909413,0.560478855721393,0.540796807777674,42,36,1,334.0,36934.0,7023,29911.0,0.08315926892950387,0.125358208082344,27,310.25455204915596,334.0,4,3,True,"{0: np.int64(92), 1: np.int64(78), 2: np.int64(96), 3: np.int64(71)}","{(1, 3): [(np.int64(78), 58), (58, 51), (51, np.int64(71))], (2, 3): [(np.int64(96), 18), (18, np.int64(71))], (0, 1): [(np.int64(92), 41), (41, np.int64(78))]}","{(0, np.int64(92)): {'cpu': 20}, (1, np.int64(78)): {'cpu': 2}, (2, np.int64(96)): {'cpu': 6}, (3, np.int64(71)): {'cpu': 1}}","{((1, 3), (np.int64(78), 58)): {'bw': 40.0}, ((1, 3), (58, 51)): {'bw': 40.0}, ((1, 3), (51, np.int64(71))): {'bw': 40.0}, ((2, 3), (np.int64(96), 18)): {'bw': 9.0}, ((2, 3), (18, np.int64(71))): {'bw': 9.0}, ((0, 1), (np.int64(92), 41)): {'bw': 5.0}, ((0, 1), (41, np.int64(78))): {'bw': 5.0}}",177.0,83.0,83.0,29.0,54.0,29.0,54.0,29.0,148.0,94.0,0.4689265536723164,54915.0557127006,25751.127820079946,145.486597853559,Success,0.0,"{'node_level': {}, 'link_level': {}, 'path_level': {}}","{'node_level': {0: {'cpu': -34}, 1: {'cpu': -60}, 2: {'cpu': -66}, 3: {'cpu': -85}}, 'link_level': {}, 'path_level': {}}","{'node_level': {0: {'cpu': 0}, 1: {'cpu': 0}, 2: {'cpu': 0}, 3: {'cpu': 0}}, 'link_level': {}, 'path_level': {}}",[],0.0,0.0,True,True,False,0,[],0,0.0,"OrderedDict([((1, 3), 0), ((2, 3), 0), ((0, 1), 0)])",1.0,0.0,4.0,3.0
28,14,9,3605.0,6432.0,2012796.3994530346,3721908.802909413,0.560478855721393,0.540796807777674,42,37,0,337.2841253747539,37112.0,7066,30046.0,0.07754569190600524,0.12141060880753263,12,193.2841253747539,144.0,4,3,False,{},{},{},{},0.0,0.0,0.0,0.0,0.0,0.0,0.0,0.0,0.0,0.0,0.0,0.0,0.0,0.0,Leave Event,0.0,"{'node_level': {}, 'link_level': {}, 'path_level': {}}","{'node_level': {}, 'link_level': {}, 'path_level': {}}","{'node_level': {}, 'link_level': {}, 'path_level': {}}",[],0.0,0.0,True,True,False,0,[],0,0.0,,,,,
29,14,9,3605.0,6432.0,2012796.3994530346,3721908.802909413,0.560478855721393,0.540796807777674,42,38,1,344.0,37112.0,7066,30046.0,0.07754569190600524,0.12141060880753263,28,78.59734518214205,344.0,9,16,False,"{3: np.int64(83), 1: np.int64(26), 2: np.int64(4), 8: np.int64(67), 5: np.int64(6), 7: np.int64(12), 6: np.int64(21), 4: np.int64(18), 0: np.int64(36)}","{(3, 8): [(np.int64(83), 67)], (1, 7): [(np.int64(26), 82), (82, np.int64(12))], (1, 5): [(np.int64(26), 6)], (2, 4): [(np.int64(4), 18)]}","{(3, np.int64(83)): {'cpu': 19}, (1, np.int64(26)): {'cpu': 10}, (2, np.int64(4)): {'cpu': 13}, (8, np.int64(67)): {'cpu': 8}, (5, np.int64(6)): {'cpu': 9}, (7, np.int64(12)): {'cpu': 8}, (6, np.int64(21)): {'cpu': 9}, (4, np.int64(18)): {'cpu': 5}, (0, np.int64(36)): {'cpu': 4}}","{((3, 8), (np.int64(83), 67)): {'bw': 49.0}, ((1, 7), (np.int64(26), 82)): {'bw': 46.0}, ((1, 7), (82, np.int64(12))): {'bw': 46.0}, ((1, 5), (np.int64(26), 6)): {'bw': 43.0}, ((2, 4), (np.int64(4), 18)): {'bw': 40.0}}",0.0,0.0,469.0,85.0,384.0,0.0,0.0,0.0,0.0,0.0,0.0,0.0,0.0,0.0,Route Failure,0.0,"{'node_level': {}, 'link_level': {}, 'path_level': {}}","{'node_level': {3: {'cpu': -67}, 1: {'cpu': -70}, 2: {'cpu': -49}, 8: {'cpu': -90}, 5: {'cpu': -91}, 7: {'cpu': -73}, 6: {'cpu': -35}, 4: {'cpu': -44}, 0: {'cpu': -78}}, 'link_level': {}, 'path_level': {}}","{'node_level': {3: {'cpu': 0}, 1: {'cpu': 0}, 2: {'cpu': 0}, 8: {'cpu': 0}, 5: {'cpu': 0}, 7: {'cpu': 0}, 6: {'cpu': 0}, 4: {'cpu': 0}, 0: {'cpu': 0}}, 'link_level': {}, 'path_level': {}}",[],0.0,0.0,True,False,False,0,[],0,0.0,"OrderedDict([((3, 8), 0), ((1, 7), 0), ((1, 5), 0), ((2, 4), 0)])",1.0,0.0,9.0,4.0
29,14,8,3605.0,6432.0,2012796.3994530346,3721908.802909413,0.560478855721393,0.540796807777674,42,39,0,345.36395941283956,37711.0,7152,30559.0,0.06631853785900788,0.10640973156324929,19,107.36395941283955,238.0,7,12,False,{},{},{},{},0.0,0.0,0.0,0.0,0.0,0.0,0.0,0.0,0.0,0.0,0.0,0.0,0.0,0.0,Leave Event,0.0,"{'node_level': {}, 'link_level': {}, 'path_level': {}}","{'node_level': {}, 'link_level': {}, 'path_level': {}}","{'node_level': {}, 'link_level': {}, 'path_level': {}}",[],0.0,0.0,True,True,False,0,[],0,0.0,,,,,
30,15,9,3658.0,6485.0,2022583.3316607154,3731695.7351170937,0.564070932922128,0.5420011370774982,42,40,1,355.0,37658.0,7134,30524.0,0.068668407310705,0.10743318322708928,29,184.65909825812642,355.0,2,1,True,"{0: np.int64(22), 1: np.int64(90)}","{(0, 1): [(np.int64(22), 90)]}","{(0, np.int64(22)): {'cpu': 10}, (1, np.int64(90)): {'cpu': 8}}","{((0, 1), (np.int64(22), 90)): {'bw': 35.0}}",53.0,53.0,53.0,18.0,35.0,18.0,35.0,18.0,35.0,0.0,1.0,9786.9322076807,9786.9322076807,184.65909825812642,Success,0.0,"{'node_level': {}, 'link_level': {}, 'path_level': {}}","{'node_level': {0: {'cpu': -78}, 1: {'cpu': -69}}, 'link_level': {}, 'path_level': {}}","{'node_level': {0: {'cpu': 0}, 1: {'cpu': 0}}, 'link_level': {}, 'path_level': {}}",[],0.0,0.0,True,True,False,0,[],0,0.0,"OrderedDict([((0, 1), 0)])",0.0,0.0,2.0,1.0
31,15,9,3658.0,6485.0,2022583.3316607154,3731695.7351170937,0.564070932922128,0.5420011370774982,42,41,1,366.0,37658.0,7134,30524.0,0.068668407310705,0.10743318322708928,30,699.6129781201174,366.0,10,25,False,"{5: np.int64(26), 0: np.int64(25), 7: np.int64(6), 3: np.int64(28), 9: np.int64(83), 2: np.int64(94), 1: np.int64(21), 4: np.int64(99), 6: np.int64(72)}",{},"{(5, np.int64(26)): {'cpu': 17}, (0, np.int64(25)): {'cpu': 19}, (7, np.int64(6)): {'cpu': 12}, (3, np.int64(28)): {'cpu': 9}, (9, np.int64(83)): {'cpu': 17}, (2, np.int64(94)): {'cpu': 8}, (1, np.int64(21)): {'cpu': 9}, (4, np.int64(99)): {'cpu': 8}, (6, np.int64(72)): {'cpu': 4}}",{},0.0,0.0,629.0,104.0,525.0,0.0,0.0,0.0,0.0,0.0,0.0,0.0,0.0,0.0,Place Failure,0.0,"{'node_level': {}, 'link_level': {}, 'path_level': {}}","{'node_level': {5: {'cpu': -63}, 0: {'cpu': -34}, 7: {'cpu': -88}, 3: {'cpu': -73}, 9: {'cpu': -69}, 2: {'cpu': -48}, 1: {'cpu': -35}, 4: {'cpu': -58}, 6: {'cpu': -59}}, 'link_level': {}, 'path_level': {}}","{'node_level': {5: {'cpu': 0}, 0: {'cpu': 0}, 7: {'cpu': 0}, 3: {'cpu': 0}, 9: {'cpu': 0}, 2: {'cpu': 0}, 1: {'cpu': 0}, 4: {'cpu': 0}, 6: {'cpu': 0}}, 'link_level': {}, 'path_level': {}}",[],0.0,0.0,False,True,False,0,[],0,0.0,,,,9.0,0.0
32,16,10,3850.0,6751.0,2157747.9765801015,3918955.086932493,0.5702858835728041,0.5505926780776272,42,42,1,377.0,37392.0,7096,30296.0,0.07362924281984329,0.11410023978010408,31,703.9825256218024,377.0,5,5,True,"{1: np.int64(26), 4: np.int64(25), 2: np.int64(28), 0: np.int64(94), 3: np.int64(83)}","{(0, 4): [(np.int64(94), 37), (37, np.int64(25))], (0, 1): [(np.int64(94), 26)], (1, 3): [(np.int64(26), 83)], (1, 2): [(np.int64(26), 21), (21, np.int64(28))], (1, 4): [(np.int64(26), 25)]}","{(1, np.int64(26)): {'cpu': 18}, (4, np.int64(25)): {'cpu': 13}, (2, np.int64(28)): {'cpu': 4}, (0, np.int64(94)): {'cpu': 1}, (3, np.int64(83)): {'cpu': 2}}","{((0, 4), (np.int64(94), 37)): {'bw': 45.0}, ((0, 4), (37, np.int64(25))): {'bw': 45.0}, ((0, 1), (np.int64(94), 26)): {'bw': 33.0}, ((1, 3), (np.int64(26), 83)): {'bw': 33.0}, ((1, 2), (np.int64(26), 21)): {'bw': 29.0}, ((1, 2), (21, np.int64(28))): {'bw': 29.0}, ((1, 4), (np.int64(26), 25)): {'bw': 14.0}}",266.0,192.0,192.0,38.0,154.0,38.0,154.0,38.0,228.0,74.0,0.7218045112781954,187259.35181539945,135164.64491938608,508.1377628548348,Success,0.0,"{'node_level': {}, 'link_level': {}, 'path_level': {}}","{'node_level': {1: {'cpu': -62}, 4: {'cpu': -40}, 2: {'cpu': -78}, 0: {'cpu': -55}, 3: {'cpu': -84}}, 'link_level': {}, 'path_level': {}}","{'node_level': {1: {'cpu': 0}, 4: {'cpu': 0}, 2: {'cpu': 0}, 0: {'cpu': 0}, 3: {'cpu': 0}}, 'link_level': {}, 'path_level': {}}",[],0.0,0.0,True,True,False,0,[],0,0.0,"OrderedDict([((0, 4), 0), ((0, 1), 0), ((1, 3), 0), ((1, 2), 0), ((1, 4), 0)])",0.0,0.0,5.0,5.0
33,17,11,3957.0,6930.0,2291235.836362536,4142266.5532975006,0.570995670995671,0.5531357788982871,42,43,1,392.0,37213.0,7061,30152.0,0.07819843342036559,0.11831101233990293,32,1247.5500914246238,392.0,3,2,True,"{0: np.int64(99), 1: np.int64(22), 2: np.int64(6)}","{(0, 1): [(np.int64(99), 88), (88, np.int64(22))], (1, 2): [(np.int64(22), 40), (40, np.int64(6))]}","{(0, np.int64(99)): {'cpu': 14}, (1, np.int64(22)): {'cpu': 7}, (2, np.int64(6)): {'cpu': 14}}","{((0, 1), (np.int64(99), 88)): {'bw': 40.0}, ((0, 1), (88, np.int64(22))): {'bw': 40.0}, ((1, 2), (np.int64(22), 40)): {'bw': 32.0}, ((1, 2), (40, np.int64(6))): {'bw': 32.0}}",179.0,107.0,107.0,35.0,72.0,35.0,72.0,35.0,144.0,72.0,0.5977653631284916,223311.46636500765,133487.85978243474,745.7422334214232,Success,0.0,"{'node_level': {}, 'link_level': {}, 'path_level': {}}","{'node_level': {0: {'cpu': -52}, 1: {'cpu': -71}, 2: {'cpu': -86}}, 'link_level': {}, 'path_level': {}}","{'node_level': {0: {'cpu': 0}, 1: {'cpu': 0}, 2: {'cpu': 0}}, 'link_level': {}, 'path_level': {}}",[],0.0,0.0,True,True,False,0,[],0,0.0,"OrderedDict([((0, 1), 0), ((1, 2), 0)])",0.0,0.0,3.0,2.0
34,18,12,4023.0,7037.0,2379797.4325186624,4285843.686459706,0.5716924825920137,0.5552693020599823,42,44,1,408.0,37106.0,7036,30070.0,0.08146214099216709,0.12070881338089945,33,1341.8423660019178,408.0,2,1,True,"{0: np.int64(12), 1: np.int64(83)}","{(0, 1): [(np.int64(12), 32), (32, np.int64(83))]}","{(0, np.int64(12)): {'cpu': 16}, (1, np.int64(83)): {'cpu': 9}}","{((0, 1), (np.int64(12), 32)): {'bw': 41.0}, ((0, 1), (32, np.int64(83))): {'bw': 41.0}}",107.0,66.0,66.0,25.0,41.0,25.0,41.0,25.0,82.0,41.0,0.616822429906542,143577.1331622052,88561.59615612657,827.6784687488464,Success,0.0,"{'node_level': {}, 'link_level': {}, 'path_level': {}}","{'node_level': {0: {'cpu': -65}, 1: {'cpu': -75}}, 'link_level': {}, 'path_level': {}}","{'node_level': {0: {'cpu': 0}, 1: {'cpu': 0}}, 'link_level': {}, 'path_level': {}}",[],0.0,0.0,True,True,False,0,[],0,0.0,"OrderedDict([((0, 1), 0)])",0.0,0.0,2.0,1.0
35,19,13,4273.0,7564.0,2391605.737113351,4310735.592545309,0.5649127445795875,0.5548022340431248,42,45,1,416.0,36579.0,6966,29613.0,0.09060052219321146,0.13407216796303878,34,47.233218378753975,416.0,5,6,True,"{3: np.int64(28), 1: np.int64(94), 4: np.int64(90), 0: np.int64(5), 2: np.int64(4)}","{(0, 3): [(np.int64(5), 72), (72, 45), (45, np.int64(28))], (0, 1): [(np.int64(5), 72), (72, np.int64(94))], (2, 4): [(np.int64(4), 9), (9, np.int64(90))], (1, 3): [(np.int64(94), 63), (63, 64), (64, 48), (48, np.int64(28))], (0, 4): [(np.int64(5), 90)], (0, 2): [(np.int64(5), 54), (54, np.int64(4))]}","{(3, np.int64(28)): {'cpu': 16}, (1, np.int64(94)): {'cpu': 17}, (4, np.int64(90)): {'cpu': 20}, (0, np.int64(5)): {'cpu': 6}, (2, np.int64(4)): {'cpu': 11}}","{((0, 3), (np.int64(5), 72)): {'bw': 50.0}, ((0, 3), (72, 45)): {'bw': 50.0}, ((0, 3), (45, np.int64(28))): {'bw': 50.0}, ((0, 1), (np.int64(5), 72)): {'bw': 38.0}, ((0, 1), (72, np.int64(94))): {'bw': 38.0}, ((2, 4), (np.int64(4), 9)): {'bw': 33.0}, ((2, 4), (9, np.int64(90))): {'bw': 33.0}, ((1, 3), (np.int64(94), 63)): {'bw': 31.0}, ((1, 3), (63, 64)): {'bw': 31.0}, ((1, 3), (64, 48)): {'bw': 31.0}, ((1, 3), (48, np.int64(28))): {'bw': 31.0}, ((0, 4), (np.int64(5), 90)): {'bw': 15.0}, ((0, 2), (np.int64(5), 54)): {'bw': 13.0}, ((0, 2), (54, np.int64(4))): {'bw': 13.0}}",527.0,250.0,250.0,70.0,180.0,70.0,180.0,70.0,457.0,277.0,0.47438330170777987,24891.906085603343,11808.304594688494,22.4066500847979,Success,0.0,"{'node_level': {}, 'link_level': {}, 'path_level': {}}","{'node_level': {3: {'cpu': -62}, 1: {'cpu': -38}, 4: {'cpu': -49}, 0: {'cpu': -38}, 2: {'cpu': -51}}, 'link_level': {}, 'path_level': {}}","{'node_level': {3: {'cpu': 0}, 1: {'cpu': 0}, 4: {'cpu': 0}, 0: {'cpu': 0}, 2: {'cpu': 0}}, 'link_level': {}, 'path_level': {}}",[],0.0,0.0,True,True,False,0,[],0,0.0,"OrderedDict([((0, 3), 0), ((0, 1), 0), ((2, 4), 0), ((1, 3), 0), ((0, 4), 0), ((0, 2), 0)])",3.0,0.0,5.0,6.0
35,19,12,4273.0,7564.0,2391605.737113351,4310735.592545309,0.5649127445795875,0.5548022340431248,42,46,0,417.89642169361514,36882.0,7021,29861.0,0.08342036553524801,0.12682028188782968,15,231.8964216936151,186.0,5,6,False,{},{},{},{},0.0,0.0,0.0,0.0,0.0,0.0,0.0,0.0,0.0,0.0,0.0,0.0,0.0,0.0,Leave Event,0.0,"{'node_level': {}, 'link_level': {}, 'path_level': {}}","{'node_level': {}, 'link_level': {}, 'path_level': {}}","{'node_level': {}, 'link_level': {}, 'path_level': {}}",[],0.0,0.0,True,True,False,0,[],0,0.0,,,,,
35,19,11,4273.0,7564.0,2391605.737113351,4310735.592545309,0.5649127445795875,0.5548022340431248,42,47,0,420.3689971637556,38111.0,7113,30998.0,0.07140992167101823,0.09357272355108481,7,328.3689971637556,92.0,9,18,False,{},{},{},{},0.0,0.0,0.0,0.0,0.0,0.0,0.0,0.0,0.0,0.0,0.0,0.0,0.0,0.0,Leave Event,0.0,"{'node_level': {}, 'link_level': {}, 'path_level': {}}","{'node_level': {}, 'link_level': {}, 'path_level': {}}","{'node_level': {}, 'link_level': {}, 'path_level': {}}",[],0.0,0.0,True,True,False,0,[],0,0.0,,,,,
35,19,11,4273.0,7564.0,2391605.737113351,4310735.592545309,0.5649127445795875,0.5548022340431248,42,48,0,422.597345182142,38111.0,7113,30998.0,0.07140992167101823,0.09357272355108481,28,78.59734518214205,344.0,9,16,False,{},{},{},{},0.0,0.0,0.0,0.0,0.0,0.0,0.0,0.0,0.0,0.0,0.0,0.0,0.0,0.0,Leave Event,0.0,"{'node_level': {}, 'link_level': {}, 'path_level': {}}","{'node_level': {}, 'link_level': {}, 'path_level': {}}","{'node_level': {}, 'link_level': {}, 'path_level': {}}",[],0.0,0.0,True,True,False,0,[],0,0.0,,,,,
36,20,12,4367.0,7686.0,2401818.4420858733,4323990.379850072,0.568175904241478,0.555463410205171,42,49,1,432.0,37989.0,7091,30898.0,0.07428198433420363,0.0964968711620563,35,108.64579758002371,432.0,4,3,True,"{1: np.int64(33), 3: np.int64(77), 2: np.int64(86), 0: np.int64(59)}","{(1, 2): [(np.int64(33), 86)], (1, 3): [(np.int64(33), 0), (0, 86), (86, np.int64(77))], (0, 2): [(np.int64(59), 86)]}","{(1, np.int64(33)): {'cpu': 8}, (3, np.int64(77)): {'cpu': 10}, (2, np.int64(86)): {'cpu': 2}, (0, np.int64(59)): {'cpu': 2}}","{((1, 2), (np.int64(33), 86)): {'bw': 45.0}, ((1, 3), (np.int64(33), 0)): {'bw': 14.0}, ((1, 3), (0, 86)): {'bw': 14.0}, ((1, 3), (86, np.int64(77))): {'bw': 14.0}, ((0, 2), (np.int64(59), 86)): {'bw': 13.0}}",122.0,94.0,94.0,22.0,72.0,22.0,72.0,22.0,100.0,28.0,0.7704918032786885,13254.787304762893,10212.70497252223,83.71069649608384,Success,0.0,"{'node_level': {}, 'link_level': {}, 'path_level': {}}","{'node_level': {1: {'cpu': -77}, 3: {'cpu': -79}, 2: {'cpu': -64}, 0: {'cpu': -98}}, 'link_level': {}, 'path_level': {}}","{'node_level': {1: {'cpu': 0}, 3: {'cpu': 0}, 2: {'cpu': 0}, 0: {'cpu': 0}}, 'link_level': {}, 'path_level': {}}",[],0.0,0.0,True,True,False,0,[],0,0.0,"OrderedDict([((1, 2), 0), ((1, 3), 0), ((0, 2), 0)])",0.0,0.0,4.0,3.0
37,21,13,4521.0,7882.0,2465291.3558157585,4404774.088233562,0.5735853844201979,0.5596862191868753,42,50,1,451.0,37793.0,7043,30750.0,0.08054830287206272,0.10082460962629392,36,412.1617774667865,451.0,5,5,True,"{3: np.int64(34), 4: np.int64(78), 0: np.int64(58), 2: np.int64(59), 1: np.int64(17)}","{(1, 3): [(np.int64(17), 34)], (2, 4): [(np.int64(59), 39), (39, np.int64(78))], (0, 4): [(np.int64(58), 78)], (0, 2): [(np.int64(58), 51), (51, np.int64(59))], (0, 1): [(np.int64(58), 17)]}","{(3, np.int64(34)): {'cpu': 14}, (4, np.int64(78)): {'cpu': 12}, (0, np.int64(58)): {'cpu': 16}, (2, np.int64(59)): {'cpu': 4}, (1, np.int64(17)): {'cpu': 2}}","{((1, 3), (np.int64(17), 34)): {'bw': 50.0}, ((2, 4), (np.int64(59), 39)): {'bw': 32.0}, ((2, 4), (39, np.int64(78))): {'bw': 32.0}, ((0, 4), (np.int64(58), 78)): {'bw': 12.0}, ((0, 2), (np.int64(58), 51)): {'bw': 10.0}, ((0, 2), (51, np.int64(59))): {'bw': 10.0}, ((0, 1), (np.int64(58), 17)): {'bw': 2.0}}",196.0,154.0,154.0,48.0,106.0,48.0,106.0,48.0,148.0,42.0,0.7857142857142857,80783.70838349014,63472.91372988512,323.8413965810465,Success,0.0,"{'node_level': {}, 'link_level': {}, 'path_level': {}}","{'node_level': {3: {'cpu': -50}, 4: {'cpu': -68}, 0: {'cpu': -57}, 2: {'cpu': -94}, 1: {'cpu': -51}}, 'link_level': {}, 'path_level': {}}","{'node_level': {3: {'cpu': 0}, 4: {'cpu': 0}, 0: {'cpu': 0}, 2: {'cpu': 0}, 1: {'cpu': 0}}, 'link_level': {}, 'path_level': {}}",[],0.0,0.0,True,True,False,0,[],0,0.0,"OrderedDict([((1, 3), 0), ((2, 4), 0), ((0, 4), 0), ((0, 2), 0), ((0, 1), 0)])",1.0,0.0,5.0,5.0
38,22,14,4672.0,8219.0,2466082.7026130897,4406540.206582573,0.5684389828446283,0.559641484475555,42,51,1,461.0,37456.0,7001,30455.0,0.08603133159268928,0.10945084507865954,37,5.240707267095732,461.0,4,4,True,"{0: np.int64(33), 1: np.int64(4), 2: np.int64(35), 3: np.int64(77)}","{(0, 1): [(np.int64(33), 31), (31, 17), (17, np.int64(4))], (0, 2): [(np.int64(33), 32), (32, np.int64(35))], (1, 3): [(np.int64(4), 82), (82, 12), (12, np.int64(77))], (0, 3): [(np.int64(33), 0), (0, 86), (86, np.int64(77))]}","{(0, np.int64(33)): {'cpu': 15}, (1, np.int64(4)): {'cpu': 9}, (2, np.int64(35)): {'cpu': 10}, (3, np.int64(77)): {'cpu': 8}}","{((0, 1), (np.int64(33), 31)): {'bw': 44.0}, ((0, 1), (31, 17)): {'bw': 44.0}, ((0, 1), (17, np.int64(4))): {'bw': 44.0}, ((0, 2), (np.int64(33), 32)): {'bw': 32.0}, ((0, 2), (32, np.int64(35))): {'bw': 32.0}, ((1, 3), (np.int64(4), 82)): {'bw': 31.0}, ((1, 3), (82, 12)): {'bw': 31.0}, ((1, 3), (12, np.int64(77))): {'bw': 31.0}, ((0, 3), (np.int64(33), 0)): {'bw': 2.0}, ((0, 3), (0, 86)): {'bw': 2.0}, ((0, 3), (86, np.int64(77))): {'bw': 2.0}}",337.0,151.0,151.0,42.0,109.0,42.0,109.0,42.0,295.0,186.0,0.44807121661721067,1766.1183490112617,791.3467973314555,2.3482100811022417,Success,0.0,"{'node_level': {}, 'link_level': {}, 'path_level': {}}","{'node_level': {0: {'cpu': -62}, 1: {'cpu': -51}, 2: {'cpu': -73}, 3: {'cpu': -71}}, 'link_level': {}, 'path_level': {}}","{'node_level': {0: {'cpu': 0}, 1: {'cpu': 0}, 2: {'cpu': 0}, 3: {'cpu': 0}}, 'link_level': {}, 'path_level': {}}",[],0.0,0.0,True,True,False,0,[],0,0.0,"OrderedDict([((0, 1), 0), ((0, 2), 0), ((1, 3), 0), ((0, 3), 0)])",1.0,0.0,4.0,4.0
38,22,13,4672.0,8219.0,2466082.7026130897,4406540.206582573,0.5684389828446283,0.559641484475555,42,52,0,463.233218378754,37983.0,7071,30912.0,0.0768929503916449,0.09608749049652021,34,47.233218378753975,416.0,5,6,False,{},{},{},{},0.0,0.0,0.0,0.0,0.0,0.0,0.0,0.0,0.0,0.0,0.0,0.0,0.0,0.0,Leave Event,0.0,"{'node_level': {}, 'link_level': {}, 'path_level': {}}","{'node_level': {}, 'link_level': {}, 'path_level': {}}","{'node_level': {}, 'link_level': {}, 'path_level': {}}",[],0.0,0.0,True,True,False,0,[],0,0.0,,,,,
38,22,12,4672.0,8219.0,2466082.7026130897,4406540.206582573,0.5684389828446283,0.559641484475555,42,53,0,466.24070726709573,38320.0,7113,31207.0,0.07140992167101823,0.08746125504415458,37,5.240707267095732,461.0,4,4,False,{},{},{},{},0.0,0.0,0.0,0.0,0.0,0.0,0.0,0.0,0.0,0.0,0.0,0.0,0.0,0.0,Leave Event,0.0,"{'node_level': {}, 'link_level': {}, 'path_level': {}}","{'node_level': {}, 'link_level': {}, 'path_level': {}}","{'node_level': {}, 'link_level': {}, 'path_level': {}}",[],0.0,0.0,True,True,False,0,[],0,0.0,,,,,
39,23,13,4848.0,8570.0,2489071.0201197024,4452386.226155421,0.5656942823803968,0.5590420268344474,42,54,1,482.0,37969.0,7054,30915.0,0.07911227154046996,0.09599976606819116,38,130.61544037848168,482.0,4,4,True,"{2: np.int64(4), 3: np.int64(33), 0: np.int64(35), 1: np.int64(77)}","{(0, 2): [(np.int64(35), 65), (65, np.int64(4))], (2, 3): [(np.int64(4), 17), (17, 31), (31, np.int64(33))], (0, 1): [(np.int64(35), 28), (28, 86), (86, np.int64(77))], (0, 3): [(np.int64(35), 32), (32, np.int64(33))]}","{(2, np.int64(4)): {'cpu': 13}, (3, np.int64(33)): {'cpu': 20}, (0, np.int64(35)): {'cpu': 7}, (1, np.int64(77)): {'cpu': 19}}","{((0, 2), (np.int64(35), 65)): {'bw': 49.0}, ((0, 2), (65, np.int64(4))): {'bw': 49.0}, ((2, 3), (np.int64(4), 17)): {'bw': 40.0}, ((2, 3), (17, 31)): {'bw': 40.0}, ((2, 3), (31, np.int64(33))): {'bw': 40.0}, ((0, 1), (np.int64(35), 28)): {'bw': 18.0}, ((0, 1), (28, 86)): {'bw': 18.0}, ((0, 1), (86, np.int64(77))): {'bw': 18.0}, ((0, 3), (np.int64(35), 32)): {'bw': 10.0}, ((0, 3), (32, np.int64(33))): {'bw': 10.0}}",351.0,176.0,176.0,59.0,117.0,59.0,117.0,59.0,292.0,175.0,0.5014245014245015,45846.01957284707,22988.317506612777,65.49378207012187,Success,0.0,"{'node_level': {}, 'link_level': {}, 'path_level': {}}","{'node_level': {2: {'cpu': -58}, 3: {'cpu': -57}, 0: {'cpu': -76}, 1: {'cpu': -60}}, 'link_level': {}, 'path_level': {}}","{'node_level': {2: {'cpu': 0}, 3: {'cpu': 0}, 0: {'cpu': 0}, 1: {'cpu': 0}}, 'link_level': {}, 'path_level': {}}",[],0.0,0.0,True,True,False,0,[],0,0.0,"OrderedDict([((0, 2), 0), ((2, 3), 0), ((0, 1), 0), ((0, 3), 0)])",2.0,0.0,4.0,4.0
40,24,14,4918.0,8701.0,2490385.5543025397,4454846.282983301,0.5652223882312378,0.5590283920267591,42,55,1,494.0,37838.0,7018,30820.0,0.08381201044386422,0.09877770629861393,39,18.779059754815773,494.0,3,2,True,"{1: np.int64(59), 0: np.int64(12), 2: np.int64(78)}","{(0, 1): [(np.int64(12), 77), (77, 63), (63, np.int64(59))], (0, 2): [(np.int64(12), 77), (77, np.int64(78))]}","{(1, np.int64(59)): {'cpu': 16}, (0, np.int64(12)): {'cpu': 7}, (2, np.int64(78)): {'cpu': 13}}","{((0, 1), (np.int64(12), 77)): {'bw': 27.0}, ((0, 1), (77, 63)): {'bw': 27.0}, ((0, 1), (63, np.int64(59))): {'bw': 27.0}, ((0, 2), (np.int64(12), 77)): {'bw': 7.0}, ((0, 2), (77, np.int64(78))): {'bw': 7.0}}",131.0,70.0,70.0,36.0,34.0,36.0,34.0,36.0,95.0,61.0,0.5343511450381679,2460.0568278808664,1314.534182837104,10.034612082725985,Success,0.0,"{'node_level': {}, 'link_level': {}, 'path_level': {}}","{'node_level': {1: {'cpu': -78}, 0: {'cpu': -63}, 2: {'cpu': -55}}, 'link_level': {}, 'path_level': {}}","{'node_level': {1: {'cpu': 0}, 0: {'cpu': 0}, 2: {'cpu': 0}}, 'link_level': {}, 'path_level': {}}",[],0.0,0.0,True,True,False,0,[],0,0.0,"OrderedDict([((0, 1), 0), ((0, 2), 0)])",0.0,0.0,3.0,2.0
41,25,15,4974.0,8801.0,2492853.935888987,4459254.107244814,0.5651630496534484,0.5590293524289014,42,56,1,506.0,37738.0,7006,30732.0,0.08537859007832893,0.10135095619626877,40,44.0782426151307,506.0,2,1,True,"{1: np.int64(98), 0: np.int64(93)}","{(0, 1): [(np.int64(93), 8), (8, np.int64(98))]}","{(1, np.int64(98)): {'cpu': 9}, (0, np.int64(93)): {'cpu': 3}}","{((0, 1), (np.int64(93), 8)): {'bw': 44.0}, ((0, 1), (8, np.int64(98))): {'bw': 44.0}}",100.0,56.0,56.0,12.0,44.0,12.0,44.0,12.0,88.0,44.0,0.56,4407.824261513069,2468.381586447319,24.683815864473193,Success,0.0,"{'node_level': {}, 'link_level': {}, 'path_level': {}}","{'node_level': {1: {'cpu': -84}, 0: {'cpu': -86}}, 'link_level': {}, 'path_level': {}}","{'node_level': {1: {'cpu': 0}, 0: {'cpu': 0}}, 'link_level': {}, 'path_level': {}}",[],0.0,0.0,True,True,False,0,[],0,0.0,"OrderedDict([((0, 1), 0)])",1.0,0.0,2.0,1.0
41,25,14,4974.0,8801.0,2492853.935888987,4459254.107244814,0.5651630496534484,0.5590293524289014,42,57,0,512.7790597548158,37869.0,7042,30827.0,0.08067885117493467,0.098573015965846,39,18.779059754815773,494.0,3,2,False,{},{},{},{},0.0,0.0,0.0,0.0,0.0,0.0,0.0,0.0,0.0,0.0,0.0,0.0,0.0,0.0,Leave Event,0.0,"{'node_level': {}, 'link_level': {}, 'path_level': {}}","{'node_level': {}, 'link_level': {}, 'path_level': {}}","{'node_level': {}, 'link_level': {}, 'path_level': {}}",[],0.0,0.0,True,True,False,0,[],0,0.0,,,,,
42,26,15,5061.0,8987.0,2540077.7342866454,4560215.331405325,0.5631467675531323,0.5570082879186908,42,58,1,517.0,37683.0,7020,30663.0,0.08355091383812008,0.10336861804783903,41,542.8022804328534,517.0,3,2,True,"{2: np.int64(59), 1: np.int64(12), 0: np.int64(78)}","{(1, 2): [(np.int64(12), 77), (77, 63), (63, np.int64(59))], (0, 2): [(np.int64(78), 39), (39, np.int64(59))]}","{(2, np.int64(59)): {'cpu': 7}, (1, np.int64(12)): {'cpu': 13}, (0, np.int64(78)): {'cpu': 2}}","{((1, 2), (np.int64(12), 77)): {'bw': 34.0}, ((1, 2), (77, 63)): {'bw': 34.0}, ((1, 2), (63, np.int64(59))): {'bw': 34.0}, ((0, 2), (np.int64(78), 39)): {'bw': 31.0}, ((0, 2), (39, np.int64(59))): {'bw': 31.0}}",186.0,87.0,87.0,22.0,65.0,22.0,65.0,22.0,164.0,99.0,0.46774193548387094,100961.22416051074,47223.79839765825,253.89138923472174,Success,0.0,"{'node_level': {}, 'link_level': {}, 'path_level': {}}","{'node_level': {2: {'cpu': -87}, 1: {'cpu': -57}, 0: {'cpu': -66}}, 'link_level': {}, 'path_level': {}}","{'node_level': {2: {'cpu': 0}, 1: {'cpu': 0}, 0: {'cpu': 0}}, 'link_level': {}, 'path_level': {}}",[],0.0,0.0,True,True,False,0,[],0,0.0,"OrderedDict([((1, 2), 0), ((0, 2), 0)])",0.0,0.0,3.0,2.0
43,27,16,5098.0,9024.0,2556283.2412652774,4576420.838383957,0.5649379432624113,0.5585769603671243,42,59,1,522.0,37646.0,6988,30658.0,0.08772845953002606,0.10351482542838764,42,437.9866750981604,522.0,2,1,True,"{1: np.int64(4), 0: np.int64(83)}","{(0, 1): [(np.int64(83), 4)]}","{(1, np.int64(4)): {'cpu': 17}, (0, np.int64(83)): {'cpu': 15}}","{((0, 1), (np.int64(83), 4)): {'bw': 5.0}}",37.0,37.0,37.0,32.0,5.0,32.0,5.0,32.0,5.0,0.0,1.0,16205.506978631935,16205.506978631935,437.9866750981604,Success,0.0,"{'node_level': {}, 'link_level': {}, 'path_level': {}}","{'node_level': {1: {'cpu': -41}, 0: {'cpu': -60}}, 'link_level': {}, 'path_level': {}}","{'node_level': {1: {'cpu': 0}, 0: {'cpu': 0}}, 'link_level': {}, 'path_level': {}}",[],0.0,0.0,True,True,False,0,[],0,0.0,"OrderedDict([((0, 1), 0)])",0.0,0.0,2.0,1.0
44,27,16,5098.0,9024.0,2556283.2412652774,4576420.838383957,0.5649379432624113,0.5585769603671243,42,60,1,539.0,37646.0,6988,30658.0,0.08772845953002606,0.10351482542838764,43,648.8909246366952,539.0,9,25,False,"{3: np.int64(19), 0: np.int64(34), 4: np.int64(18), 7: np.int64(94), 5: np.int64(17), 2: np.int64(90)}",{},"{(3, np.int64(19)): {'cpu': 20}, (0, np.int64(34)): {'cpu': 20}, (4, np.int64(18)): {'cpu': 13}, (7, np.int64(94)): {'cpu': 12}, (5, np.int64(17)): {'cpu': 7}, (2, np.int64(90)): {'cpu': 11}}",{},0.0,0.0,715.0,92.0,623.0,0.0,0.0,0.0,0.0,0.0,0.0,0.0,0.0,0.0,Place Failure,0.0,"{'node_level': {}, 'link_level': {}, 'path_level': {}}","{'node_level': {3: {'cpu': -51}, 0: {'cpu': -30}, 4: {'cpu': -36}, 7: {'cpu': -43}, 5: {'cpu': -44}, 2: {'cpu': -58}}, 'link_level': {}, 'path_level': {}}","{'node_level': {3: {'cpu': 0}, 0: {'cpu': 0}, 4: {'cpu': 0}, 7: {'cpu': 0}, 5: {'cpu': 0}, 2: {'cpu': 0}}, 'link_level': {}, 'path_level': {}}",[],0.0,0.0,False,True,False,0,[],0,0.0,,,,6.0,0.0
44,27,15,5098.0,9024.0,2556283.2412652774,4576420.838383957,0.5649379432624113,0.5585769603671243,42,61,0,539.6590982581264,37699.0,7006,30693.0,0.08537859007832893,0.10249137376454764,29,184.65909825812642,355.0,2,1,False,{},{},{},{},0.0,0.0,0.0,0.0,0.0,0.0,0.0,0.0,0.0,0.0,0.0,0.0,0.0,0.0,Leave Event,0.0,"{'node_level': {}, 'link_level': {}, 'path_level': {}}","{'node_level': {}, 'link_level': {}, 'path_level': {}}","{'node_level': {}, 'link_level': {}, 'path_level': {}}",[],0.0,0.0,True,True,False,0,[],0,0.0,,,,,
44,27,14,5098.0,9024.0,2556283.2412652774,4576420.838383957,0.5649379432624113,0.5585769603671243,42,62,0,540.6457975800237,37821.0,7028,30793.0,0.08250652741514364,0.09956722615357627,35,108.64579758002371,432.0,4,3,False,{},{},{},{},0.0,0.0,0.0,0.0,0.0,0.0,0.0,0.0,0.0,0.0,0.0,0.0,0.0,0.0,Leave Event,0.0,"{'node_level': {}, 'link_level': {}, 'path_level': {}}","{'node_level': {}, 'link_level': {}, 'path_level': {}}","{'node_level': {}, 'link_level': {}, 'path_level': {}}",[],0.0,0.0,True,True,False,0,[],0,0.0,,,,,
45,28,15,5284.0,9279.0,2774585.6719515026,4875706.428840878,0.5694579157236771,0.5690633167614885,42,63,1,549.0,37566.0,6971,30595.0,0.08994778067885123,0.10535703842329958,44,1173.6689821840057,549.0,4,4,True,"{2: np.int64(90), 1: np.int64(33), 3: np.int64(86), 0: np.int64(22)}","{(1, 3): [(np.int64(33), 86)], (2, 3): [(np.int64(90), 27), (27, np.int64(86))], (1, 2): [(np.int64(33), 22), (22, np.int64(90))], (0, 1): [(np.int64(22), 33)]}","{(2, np.int64(90)): {'cpu': 19}, (1, np.int64(33)): {'cpu': 15}, (3, np.int64(86)): {'cpu': 11}, (0, np.int64(22)): {'cpu': 12}}","{((1, 3), (np.int64(33), 86)): {'bw': 40.0}, ((2, 3), (np.int64(90), 27)): {'bw': 43.0}, ((2, 3), (27, np.int64(86))): {'bw': 43.0}, ((1, 2), (np.int64(33), 22)): {'bw': 26.0}, ((1, 2), (22, np.int64(90))): {'bw': 26.0}, ((0, 1), (np.int64(22), 33)): {'bw': 20.0}}",255.0,186.0,186.0,57.0,129.0,57.0,129.0,57.0,198.0,69.0,0.7294117647058823,299285.59045692143,218302.43068622507,856.0879634753924,Success,0.0,"{'node_level': {}, 'link_level': {}, 'path_level': {}}","{'node_level': {2: {'cpu': -58}, 1: {'cpu': -50}, 3: {'cpu': -55}, 0: {'cpu': -69}}, 'link_level': {}, 'path_level': {}}","{'node_level': {2: {'cpu': 0}, 1: {'cpu': 0}, 3: {'cpu': 0}, 0: {'cpu': 0}}, 'link_level': {}, 'path_level': {}}",[],0.0,0.0,True,True,False,0,[],0,0.0,"OrderedDict([((1, 3), 0), ((2, 3), 0), ((1, 2), 0), ((0, 1), 0)])",0.0,0.0,4.0,4.0
45,28,14,5284.0,9279.0,2774585.6719515026,4875706.428840878,0.5694579157236771,0.5690633167614885,42,64,0,550.0782426151306,37666.0,6983,30683.0,0.0883812010443864,0.10278378852564474,40,44.0782426151307,506.0,2,1,False,{},{},{},{},0.0,0.0,0.0,0.0,0.0,0.0,0.0,0.0,0.0,0.0,0.0,0.0,0.0,0.0,Leave Event,0.0,"{'node_level': {}, 'link_level': {}, 'path_level': {}}","{'node_level': {}, 'link_level': {}, 'path_level': {}}","{'node_level': {}, 'link_level': {}, 'path_level': {}}",[],0.0,0.0,True,True,False,0,[],0,0.0,,,,,
46,29,15,5710.0,10018.0,2778176.6344241234,4881935.821487045,0.5699740467159113,0.569072748190673,42,65,1,558.0,36927.0,6896,30031.0,0.09973890339425584,0.12184923094917832,45,8.42948937234963,558.0,8,14,True,"{7: np.int64(98), 6: np.int64(34), 4: np.int64(93), 5: np.int64(19), 3: np.int64(94), 0: np.int64(35), 2: np.int64(17), 1: np.int64(59)}","{(6, 7): [(np.int64(34), 98)], (0, 3): [(np.int64(35), 32), (32, 72), (72, np.int64(94))], (4, 6): [(np.int64(93), 3), (3, np.int64(34))], (2, 7): [(np.int64(17), 98)], (5, 6): [(np.int64(19), 39), (39, np.int64(34))], (3, 6): [(np.int64(94), 72), (72, 15), (15, np.int64(34))], (0, 4): [(np.int64(35), 20), (20, 80), (80, np.int64(93))], (3, 7): [(np.int64(94), 98)], (3, 5): [(np.int64(94), 63), (63, np.int64(19))], (2, 6): [(np.int64(17), 34)], (3, 4): [(np.int64(94), 5), (5, np.int64(93))], (1, 7): [(np.int64(59), 63), (63, np.int64(98))], (0, 5): [(np.int64(35), 19)], (4, 7): [(np.int64(93), 8), (8, np.int64(98))]}","{(7, np.int64(98)): {'cpu': 17}, (6, np.int64(34)): {'cpu': 9}, (4, np.int64(93)): {'cpu': 17}, (5, np.int64(19)): {'cpu': 19}, (3, np.int64(94)): {'cpu': 11}, (0, np.int64(35)): {'cpu': 7}, (2, np.int64(17)): {'cpu': 2}, (1, np.int64(59)): {'cpu': 5}}","{((6, 7), (np.int64(34), 98)): {'bw': 46.0}, ((0, 3), (np.int64(35), 32)): {'bw': 41.0}, ((0, 3), (32, 72)): {'bw': 41.0}, ((0, 3), (72, np.int64(94))): {'bw': 41.0}, ((4, 6), (np.int64(93), 3)): {'bw': 41.0}, ((4, 6), (3, np.int64(34))): {'bw': 41.0}, ((2, 7), (np.int64(17), 98)): {'bw': 35.0}, ((5, 6), (np.int64(19), 39)): {'bw': 38.0}, ((5, 6), (39, np.int64(34))): {'bw': 38.0}, ((3, 6), (np.int64(94), 72)): {'bw': 27.0}, ((3, 6), (72, 15)): {'bw': 27.0}, ((3, 6), (15, np.int64(34))): {'bw': 27.0}, ((0, 4), (np.int64(35), 20)): {'bw': 24.0}, ((0, 4), (20, 80)): {'bw': 24.0}, ((0, 4), (80, np.int64(93))): {'bw': 24.0}, ((3, 7), (np.int64(94), 98)): {'bw': 14.0}, ((3, 5), (np.int64(94), 63)): {'bw': 16.0}, ((3, 5), (63, np.int64(19))): {'bw': 16.0}, ((2, 6), (np.int64(17), 34)): {'bw': 13.0}, ((3, 4), (np.int64(94), 5)): {'bw': 11.0}, ((3, 4), (5, np.int64(93))): {'bw': 11.0}, ((1, 7), (np.int64(59), 63)): {'bw': 13.0}, ((1, 7), (63, np.int64(98))): {'bw': 13.0}, ((0, 5), (np.int64(35), 19)): {'bw': 10.0}, ((4, 7), (np.int64(93), 8)): {'bw': 10.0}, ((4, 7), (8, np.int64(98))): {'bw': 10.0}}",739.0,426.0,426.0,87.0,339.0,87.0,339.0,87.0,652.0,313.0,0.5764546684709067,6229.392646166377,3590.9624726209427,4.859218501516837,Success,0.0,"{'node_level': {}, 'link_level': {}, 'path_level': {}}","{'node_level': {7: {'cpu': -76}, 6: {'cpu': -41}, 4: {'cpu': -72}, 5: {'cpu': -52}, 3: {'cpu': -44}, 0: {'cpu': -69}, 2: {'cpu': -49}, 1: {'cpu': -84}}, 'link_level': {}, 'path_level': {}}","{'node_level': {7: {'cpu': 0}, 6: {'cpu': 0}, 4: {'cpu': 0}, 5: {'cpu': 0}, 3: {'cpu': 0}, 0: {'cpu': 0}, 2: {'cpu': 0}, 1: {'cpu': 0}}, 'link_level': {}, 'path_level': {}}",[],0.0,0.0,True,True,False,0,[],0,0.0,"OrderedDict([((6, 7), 0), ((0, 3), 0), ((4, 6), 0), ((2, 7), 0), ((5, 6), 0), ((3, 6), 0), ((0, 4), 0), ((3, 7), 0), ((3, 5), 0), ((2, 6), 0), ((3, 4), 0), ((1, 7), 0), ((0, 5), 0), ((4, 7), 0)])",6.0,0.0,8.0,14.0
47,30,16,5847.0,10223.0,2933674.310745118,5114614.8262009425,0.5719456128338061,0.5735865574307981,43,66,1,565.0,36722.0,6834,29888.0,0.10783289817232378,0.12603076203286745,46,1135.0195351897432,565.0,5,5,True,"{3: np.int64(78), 2: np.int64(77), 4: np.int64(28), 0: np.int64(36), 1: np.int64(64)}","{(3, 4): [(np.int64(78), 25), (25, np.int64(28))], (2, 3): [(np.int64(77), 78)], (0, 2): [(np.int64(36), 62), (62, 3), (3, np.int64(77))], (1, 2): [(np.int64(64), 63), (63, np.int64(77))], (0, 4): [(np.int64(36), 25), (25, np.int64(28))]}","{(3, np.int64(78)): {'cpu': 16}, (2, np.int64(77)): {'cpu': 15}, (4, np.int64(28)): {'cpu': 13}, (0, np.int64(36)): {'cpu': 16}, (1, np.int64(64)): {'cpu': 2}}","{((3, 4), (np.int64(78), 25)): {'bw': 24.0}, ((3, 4), (25, np.int64(28))): {'bw': 24.0}, ((2, 3), (np.int64(77), 78)): {'bw': 25.0}, ((0, 2), (np.int64(36), 62)): {'bw': 18.0}, ((0, 2), (62, 3)): {'bw': 18.0}, ((0, 2), (3, np.int64(77))): {'bw': 18.0}, ((1, 2), (np.int64(64), 63)): {'bw': 5.0}, ((1, 2), (63, np.int64(77))): {'bw': 5.0}, ((0, 4), (np.int64(36), 25)): {'bw': 3.0}, ((0, 4), (25, np.int64(28))): {'bw': 3.0}}",205.0,137.0,137.0,62.0,75.0,62.0,75.0,62.0,143.0,68.0,0.6682926829268293,232679.00471389736,155497.67632099483,758.5252503463163,Success,0.0,"{'node_level': {}, 'link_level': {}, 'path_level': {}}","{'node_level': {3: {'cpu': -50}, 2: {'cpu': -55}, 4: {'cpu': -65}, 0: {'cpu': -66}, 1: {'cpu': -52}}, 'link_level': {}, 'path_level': {}}","{'node_level': {3: {'cpu': 0}, 2: {'cpu': 0}, 4: {'cpu': 0}, 0: {'cpu': 0}, 1: {'cpu': 0}}, 'link_level': {}, 'path_level': {}}",[],0.0,0.0,True,True,False,0,[],0,0.0,"OrderedDict([((3, 4), 0), ((2, 3), 0), ((0, 2), 0), ((1, 2), 0), ((0, 4), 0)])",2.0,0.0,5.0,5.0
47,30,16,5847.0,10223.0,2933674.310745118,5114614.8262009425,0.5719456128338061,0.5735865574307981,43,67,0,566.143293988245,36722.0,6834,29888.0,0.10783289817232378,0.12603076203286745,14,394.14329398824503,172.0,6,6,False,{},{},{},{},0.0,0.0,0.0,0.0,0.0,0.0,0.0,0.0,0.0,0.0,0.0,0.0,0.0,0.0,Leave Event,0.0,"{'node_level': {}, 'link_level': {}, 'path_level': {}}","{'node_level': {}, 'link_level': {}, 'path_level': {}}","{'node_level': {}, 'link_level': {}, 'path_level': {}}",[],0.0,0.0,True,True,False,0,[],0,0.0,,,,,
47,30,15,5847.0,10223.0,2933674.310745118,5114614.8262009425,0.5719456128338061,0.5735865574307981,43,68,0,566.4294893723496,37461.0,6921,30540.0,0.09647519582245434,0.10696531960933386,45,8.42948937234963,558.0,8,14,False,{},{},{},{},0.0,0.0,0.0,0.0,0.0,0.0,0.0,0.0,0.0,0.0,0.0,0.0,0.0,0.0,Leave Event,0.0,"{'node_level': {}, 'link_level': {}, 'path_level': {}}","{'node_level': {}, 'link_level': {}, 'path_level': {}}","{'node_level': {}, 'link_level': {}, 'path_level': {}}",[],0.0,0.0,True,True,False,0,[],0,0.0,,,,,
48,31,16,6244.0,10826.0,3072818.7904513464,5325960.219810151,0.5767596526879734,0.5769511343742031,43,69,1,578.0,36858.0,6834,30024.0,0.10783289817232378,0.12205392128194636,47,350.489873315436,578.0,9,14,True,"{6: np.int64(98), 2: np.int64(93), 0: np.int64(19), 3: np.int64(34), 4: np.int64(94), 7: np.int64(5), 1: np.int64(35), 8: np.int64(17), 5: np.int64(72)}","{(3, 4): [(np.int64(34), 98), (98, np.int64(94))], (0, 5): [(np.int64(19), 54), (54, np.int64(72))], (1, 5): [(np.int64(35), 32), (32, np.int64(72))], (6, 8): [(np.int64(98), 17)], (2, 7): [(np.int64(93), 5)], (4, 8): [(np.int64(94), 17)], (2, 6): [(np.int64(93), 8), (8, np.int64(98))], (0, 7): [(np.int64(19), 81), (81, np.int64(5))], (0, 3): [(np.int64(19), 39), (39, np.int64(34))], (2, 3): [(np.int64(93), 18), (18, np.int64(34))], (0, 4): [(np.int64(19), 63), (63, np.int64(94))], (3, 7): [(np.int64(34), 18), (18, 81), (81, np.int64(5))], (3, 6): [(np.int64(34), 98)], (5, 6): [(np.int64(72), 94), (94, np.int64(98))]}","{(6, np.int64(98)): {'cpu': 18}, (2, np.int64(93)): {'cpu': 15}, (0, np.int64(19)): {'cpu': 11}, (3, np.int64(34)): {'cpu': 10}, (4, np.int64(94)): {'cpu': 6}, (7, np.int64(5)): {'cpu': 9}, (1, np.int64(35)): {'cpu': 11}, (8, np.int64(17)): {'cpu': 4}, (5, np.int64(72)): {'cpu': 3}}","{((3, 4), (np.int64(34), 98)): {'bw': 48.0}, ((3, 4), (98, np.int64(94))): {'bw': 48.0}, ((0, 5), (np.int64(19), 54)): {'bw': 37.0}, ((0, 5), (54, np.int64(72))): {'bw': 37.0}, ((1, 5), (np.int64(35), 32)): {'bw': 37.0}, ((1, 5), (32, np.int64(72))): {'bw': 37.0}, ((6, 8), (np.int64(98), 17)): {'bw': 40.0}, ((2, 7), (np.int64(93), 5)): {'bw': 32.0}, ((4, 8), (np.int64(94), 17)): {'bw': 31.0}, ((2, 6), (np.int64(93), 8)): {'bw': 23.0}, ((2, 6), (8, np.int64(98))): {'bw': 23.0}, ((0, 7), (np.int64(19), 81)): {'bw': 22.0}, ((0, 7), (81, np.int64(5))): {'bw': 22.0}, ((0, 3), (np.int64(19), 39)): {'bw': 21.0}, ((0, 3), (39, np.int64(34))): {'bw': 21.0}, ((2, 3), (np.int64(93), 18)): {'bw': 10.0}, ((2, 3), (18, np.int64(34))): {'bw': 10.0}, ((0, 4), (np.int64(19), 63)): {'bw': 4.0}, ((0, 4), (63, np.int64(94))): {'bw': 4.0}, ((3, 7), (np.int64(34), 18)): {'bw': 1.0}, ((3, 7), (18, 81)): {'bw': 1.0}, ((3, 7), (81, np.int64(5))): {'bw': 1.0}, ((3, 6), (np.int64(34), 98)): {'bw': 2.0}, ((5, 6), (np.int64(72), 94)): {'bw': 2.0}, ((5, 6), (94, np.int64(98))): {'bw': 2.0}}",603.0,397.0,397.0,87.0,310.0,87.0,310.0,87.0,516.0,206.0,0.6583747927031509,211345.3936092079,139144.4797062281,230.7536976886038,Success,0.0,"{'node_level': {}, 'link_level': {}, 'path_level': {}}","{'node_level': {6: {'cpu': -75}, 2: {'cpu': -74}, 0: {'cpu': -60}, 3: {'cpu': -40}, 4: {'cpu': -49}, 7: {'cpu': -35}, 1: {'cpu': -65}, 8: {'cpu': -47}, 5: {'cpu': -60}}, 'link_level': {}, 'path_level': {}}","{'node_level': {6: {'cpu': 0}, 2: {'cpu': 0}, 0: {'cpu': 0}, 3: {'cpu': 0}, 4: {'cpu': 0}, 7: {'cpu': 0}, 1: {'cpu': 0}, 8: {'cpu': 0}, 5: {'cpu': 0}}, 'link_level': {}, 'path_level': {}}",[],0.0,0.0,True,True,False,0,[],0,0.0,"OrderedDict([((3, 4), 0), ((0, 5), 0), ((1, 5), 0), ((6, 8), 0), ((2, 7), 0), ((4, 8), 0), ((2, 6), 0), ((0, 7), 0), ((0, 3), 0), ((2, 3), 0), ((0, 4), 0), ((3, 7), 0), ((3, 6), 0), ((5, 6), 0)])",10.0,0.0,9.0,14.0
49,31,16,6244.0,10826.0,3072818.7904513464,5325960.219810151,0.5767596526879734,0.5769511343742031,43,70,1,591.0,36858.0,6834,30024.0,0.10783289817232378,0.12205392128194636,48,477.02154256769484,591.0,10,24,False,"{3: np.int64(59), 6: np.int64(50), 5: np.int64(64), 2: np.int64(67), 4: np.int64(53), 9: np.int64(6), 8: np.int64(21), 1: np.int64(96)}",{},"{(3, np.int64(59)): {'cpu': 18}, (6, np.int64(50)): {'cpu': 13}, (5, np.int64(64)): {'cpu': 19}, (2, np.int64(67)): {'cpu': 18}, (4, np.int64(53)): {'cpu': 18}, (9, np.int64(6)): {'cpu': 7}, (8, np.int64(21)): {'cpu': 6}, (1, np.int64(96)): {'cpu': 3}}",{},0.0,0.0,685.0,108.0,577.0,0.0,0.0,0.0,0.0,0.0,0.0,0.0,0.0,0.0,Place Failure,0.0,"{'node_level': {}, 'link_level': {}, 'path_level': {}}","{'node_level': {3: {'cpu': -71}, 6: {'cpu': -72}, 5: {'cpu': -33}, 2: {'cpu': -80}, 4: {'cpu': -82}, 9: {'cpu': -79}, 8: {'cpu': -38}, 1: {'cpu': -63}}, 'link_level': {}, 'path_level': {}}","{'node_level': {3: {'cpu': 0}, 6: {'cpu': 0}, 5: {'cpu': 0}, 2: {'cpu': 0}, 4: {'cpu': 0}, 9: {'cpu': 0}, 8: {'cpu': 0}, 1: {'cpu': 0}}, 'link_level': {}, 'path_level': {}}",[],0.0,0.0,False,True,False,0,[],0,0.0,,,,8.0,0.0
49,31,16,6244.0,10826.0,3072818.7904513464,5325960.219810151,0.5767596526879734,0.5769511343742031,43,71,0,591.5416162350841,36858.0,6834,30024.0,0.10783289817232378,0.12205392128194636,4,525.5416162350841,66.0,9,24,False,{},{},{},{},0.0,0.0,0.0,0.0,0.0,0.0,0.0,0.0,0.0,0.0,0.0,0.0,0.0,0.0,Leave Event,0.0,"{'node_level': {}, 'link_level': {}, 'path_level': {}}","{'node_level': {}, 'link_level': {}, 'path_level': {}}","{'node_level': {}, 'link_level': {}, 'path_level': {}}",[],0.0,0.0,True,True,False,0,[],0,0.0,,,,,
50,31,16,6244.0,10826.0,3072818.7904513464,5325960.219810151,0.5767596526879734,0.5769511343742031,43,72,1,604.0,36858.0,6834,30024.0,0.10783289817232378,0.12205392128194636,49,72.36588429480402,604.0,4,4,False,"{0: np.int64(59), 3: np.int64(64), 1: np.int64(50), 2: np.int64(53)}","{(0, 3): [(np.int64(59), 63), (63, np.int64(64))]}","{(0, np.int64(59)): {'cpu': 12}, (3, np.int64(64)): {'cpu': 9}, (1, np.int64(50)): {'cpu': 10}, (2, np.int64(53)): {'cpu': 18}}","{((0, 3), (np.int64(59), 63)): {'bw': 45.0}, ((0, 3), (63, np.int64(64))): {'bw': 45.0}}",0.0,0.0,177.0,49.0,128.0,0.0,0.0,0.0,0.0,0.0,0.0,0.0,0.0,0.0,Route Failure,0.0,"{'node_level': {}, 'link_level': {}, 'path_level': {}}","{'node_level': {0: {'cpu': -77}, 3: {'cpu': -43}, 1: {'cpu': -75}, 2: {'cpu': -82}}, 'link_level': {}, 'path_level': {}}","{'node_level': {0: {'cpu': 0}, 3: {'cpu': 0}, 1: {'cpu': 0}, 2: {'cpu': 0}}, 'link_level': {}, 'path_level': {}}",[],0.0,0.0,True,False,False,0,[],0,0.0,"OrderedDict([((0, 3), 0)])",0.0,0.0,4.0,1.0
50,31,15,6244.0,10826.0,3072818.7904513464,5325960.219810151,0.5767596526879734,0.5769511343742031,43,73,0,612.6154403784817,37209.0,6893,30316.0,0.10013054830287205,0.11351541025790979,38,130.61544037848168,482.0,4,4,False,{},{},{},{},0.0,0.0,0.0,0.0,0.0,0.0,0.0,0.0,0.0,0.0,0.0,0.0,0.0,0.0,Leave Event,0.0,"{'node_level': {}, 'link_level': {}, 'path_level': {}}","{'node_level': {}, 'link_level': {}, 'path_level': {}}","{'node_level': {}, 'link_level': {}, 'path_level': {}}",[],0.0,0.0,True,True,False,0,[],0,0.0,,,,,
51,32,16,6631.0,11609.0,3196387.603909825,5575971.540063351,0.5711947626841244,0.5732431704401255,45,74,1,614.0,36426.0,6789,29637.0,0.11370757180156654,0.1333703725364056,50,319.29925958263146,614.0,8,13,True,"{6: np.int64(4), 5: np.int64(33), 1: np.int64(35), 0: np.int64(59), 7: np.int64(31), 2: np.int64(50), 4: np.int64(48), 3: np.int64(77)}","{(3, 6): [(np.int64(77), 12), (12, 82), (82, np.int64(4))], (6, 7): [(np.int64(4), 17), (17, np.int64(31))], (0, 1): [(np.int64(59), 63), (63, 20), (20, np.int64(35))], (2, 5): [(np.int64(50), 64), (64, np.int64(33))], (1, 5): [(np.int64(35), 60), (60, np.int64(33))], (1, 2): [(np.int64(35), 52), (52, np.int64(50))], (1, 4): [(np.int64(35), 28), (28, np.int64(48))], (3, 4): [(np.int64(77), 86), (86, 48)], (5, 6): [(np.int64(33), 60), (60, 65), (65, np.int64(4))], (2, 3): [(np.int64(50), 64), (64, 63), (63, np.int64(77))], (2, 4): [(np.int64(50), 48)], (4, 5): [(np.int64(48), 86), (86, np.int64(33))], (3, 5): [(np.int64(77), 86), (86, np.int64(33))]}","{(6, np.int64(4)): {'cpu': 15}, (5, np.int64(33)): {'cpu': 13}, (1, np.int64(35)): {'cpu': 10}, (0, np.int64(59)): {'cpu': 20}, (7, np.int64(31)): {'cpu': 15}, (2, np.int64(50)): {'cpu': 10}, (4, np.int64(48)): {'cpu': 20}, (3, np.int64(77)): {'cpu': 1}}","{((3, 6), (np.int64(77), 12)): {'bw': 50.0}, ((3, 6), (12, 82)): {'bw': 50.0}, ((3, 6), (82, np.int64(4))): {'bw': 50.0}, ((6, 7), (np.int64(4), 17)): {'bw': 45.0}, ((6, 7), (17, np.int64(31))): {'bw': 45.0}, ((0, 1), (np.int64(59), 63)): {'bw': 45.0}, ((0, 1), (63, 20)): {'bw': 45.0}, ((0, 1), (20, np.int64(35))): {'bw': 45.0}, ((2, 5), (np.int64(50), 64)): {'bw': 39.0}, ((2, 5), (64, np.int64(33))): {'bw': 39.0}, ((1, 5), (np.int64(35), 60)): {'bw': 37.0}, ((1, 5), (60, np.int64(33))): {'bw': 37.0}, ((1, 2), (np.int64(35), 52)): {'bw': 17.0}, ((1, 2), (52, np.int64(50))): {'bw': 17.0}, ((1, 4), (np.int64(35), 28)): {'bw': 13.0}, ((1, 4), (28, np.int64(48))): {'bw': 13.0}, ((3, 4), (np.int64(77), 86)): {'bw': 13.0}, ((3, 4), (86, 48)): {'bw': 13.0}, ((5, 6), (np.int64(33), 60)): {'bw': 12.0}, ((5, 6), (60, 65)): {'bw': 12.0}, ((5, 6), (65, np.int64(4))): {'bw': 12.0}, ((2, 3), (np.int64(50), 64)): {'bw': 7.0}, ((2, 3), (64, 63)): {'bw': 7.0}, ((2, 3), (63, np.int64(77))): {'bw': 7.0}, ((2, 4), (np.int64(50), 48)): {'bw': 1.0}, ((4, 5), (np.int64(48), 86)): {'bw': 3.0}, ((4, 5), (86, np.int64(33))): {'bw': 3.0}, ((3, 5), (np.int64(77), 86)): {'bw': 1.0}, ((3, 5), (86, np.int64(33))): {'bw': 1.0}}",783.0,387.0,387.0,104.0,283.0,104.0,283.0,104.0,679.0,396.0,0.4942528735632184,250011.32025320045,123568.81345847838,157.8145765753236,Success,0.0,"{'node_level': {}, 'link_level': {}, 'path_level': {}}","{'node_level': {6: {'cpu': -39}, 5: {'cpu': -57}, 1: {'cpu': -62}, 0: {'cpu': -69}, 7: {'cpu': -67}, 2: {'cpu': -75}, 4: {'cpu': -55}, 3: {'cpu': -73}}, 'link_level': {}, 'path_level': {}}","{'node_level': {6: {'cpu': 0}, 5: {'cpu': 0}, 1: {'cpu': 0}, 0: {'cpu': 0}, 7: {'cpu': 0}, 2: {'cpu': 0}, 4: {'cpu': 0}, 3: {'cpu': 0}}, 'link_level': {}, 'path_level': {}}",[],0.0,0.0,True,True,False,0,[],0,0.0,"OrderedDict([((3, 6), 0), ((6, 7), 0), ((0, 1), 0), ((2, 5), 0), ((1, 5), 0), ((1, 2), 0), ((1, 4), 0), ((3, 4), 0), ((5, 6), 0), ((2, 3), 0), ((2, 4), 0), ((4, 5), 0), ((3, 5), 0)])",3.0,0.0,8.0,13.0
52,32,16,6631.0,11609.0,3196387.603909825,5575971.540063351,0.5711947626841244,0.5732431704401255,45,75,1,630.0,36426.0,6789,29637.0,0.11370757180156654,0.1333703725364056,51,503.3395684587858,630.0,9,20,False,"{6: np.int64(53), 0: np.int64(21), 5: np.int64(49), 2: np.int64(67), 8: np.int64(80), 3: np.int64(20), 1: np.int64(10), 4: np.int64(3), 7: np.int64(96)}","{(2, 6): [(np.int64(67), 53)], (4, 7): [(np.int64(3), 13), (13, 25), (25, np.int64(96))], (1, 3): [(np.int64(10), 80), (80, np.int64(20))], (5, 6): [(np.int64(49), 20), (20, np.int64(53))], (0, 3): [(np.int64(21), 60), (60, 10), (10, 80), (80, np.int64(20))], (2, 8): [(np.int64(67), 88), (88, 99), (99, np.int64(80))], (3, 6): [(np.int64(20), 53)], (1, 6): [(np.int64(10), 20), (20, np.int64(53))], (0, 1): [(np.int64(21), 63), (63, 64), (64, np.int64(10))], (5, 7): [(np.int64(49), 86), (86, np.int64(96))], (2, 7): [(np.int64(67), 6), (6, np.int64(96))]}","{(6, np.int64(53)): {'cpu': 12}, (0, np.int64(21)): {'cpu': 18}, (5, np.int64(49)): {'cpu': 19}, (2, np.int64(67)): {'cpu': 15}, (8, np.int64(80)): {'cpu': 17}, (3, np.int64(20)): {'cpu': 8}, (1, np.int64(10)): {'cpu': 5}, (4, np.int64(3)): {'cpu': 2}, (7, np.int64(96)): {'cpu': 1}}","{((2, 6), (np.int64(67), 53)): {'bw': 41.0}, ((4, 7), (np.int64(3), 13)): {'bw': 41.0}, ((4, 7), (13, 25)): {'bw': 41.0}, ((4, 7), (25, np.int64(96))): {'bw': 41.0}, ((1, 3), (np.int64(10), 80)): {'bw': 35.0}, ((1, 3), (80, np.int64(20))): {'bw': 35.0}, ((5, 6), (np.int64(49), 20)): {'bw': 33.0}, ((5, 6), (20, np.int64(53))): {'bw': 33.0}, ((0, 3), (np.int64(21), 60)): {'bw': 32.0}, ((0, 3), (60, 10)): {'bw': 32.0}, ((0, 3), (10, 80)): {'bw': 32.0}, ((0, 3), (80, np.int64(20))): {'bw': 32.0}, ((2, 8), (np.int64(67), 88)): {'bw': 31.0}, ((2, 8), (88, 99)): {'bw': 31.0}, ((2, 8), (99, np.int64(80))): {'bw': 31.0}, ((3, 6), (np.int64(20), 53)): {'bw': 30.0}, ((1, 6), (np.int64(10), 20)): {'bw': 28.0}, ((1, 6), (20, np.int64(53))): {'bw': 28.0}, ((0, 1), (np.int64(21), 63)): {'bw': 25.0}, ((0, 1), (63, 64)): {'bw': 25.0}, ((0, 1), (64, np.int64(10))): {'bw': 25.0}, ((5, 7), (np.int64(49), 86)): {'bw': 22.0}, ((5, 7), (86, np.int64(96))): {'bw': 22.0}, ((2, 7), (np.int64(67), 6)): {'bw': 21.0}, ((2, 7), (6, np.int64(96))): {'bw': 21.0}}",0.0,0.0,526.0,97.0,429.0,0.0,0.0,0.0,0.0,0.0,0.0,0.0,0.0,0.0,Route Failure,0.0,"{'node_level': {}, 'link_level': {}, 'path_level': {}}","{'node_level': {6: {'cpu': -88}, 0: {'cpu': -26}, 5: {'cpu': -40}, 2: {'cpu': -83}, 8: {'cpu': -37}, 3: {'cpu': -63}, 1: {'cpu': -55}, 4: {'cpu': -88}, 7: {'cpu': -65}}, 'link_level': {}, 'path_level': {}}","{'node_level': {6: {'cpu': 0}, 0: {'cpu': 0}, 5: {'cpu': 0}, 2: {'cpu': 0}, 8: {'cpu': 0}, 3: {'cpu': 0}, 1: {'cpu': 0}, 4: {'cpu': 0}, 7: {'cpu': 0}}, 'link_level': {}, 'path_level': {}}",[],0.0,0.0,True,False,False,0,[],0,0.0,"OrderedDict([((2, 6), 0), ((4, 7), 0), ((1, 3), 0), ((5, 6), 0), ((0, 3), 0), ((2, 8), 0), ((3, 6), 0), ((1, 6), 0), ((0, 1), 0), ((5, 7), 0), ((2, 7), 0)])",5.0,0.0,9.0,11.0
52,32,16,6631.0,11609.0,3196387.603909825,5575971.540063351,0.5711947626841244,0.5732431704401255,45,76,0,631.0178031143265,36426.0,6789,29637.0,0.11370757180156654,0.1333703725364056,3,585.0178031143265,46.0,10,27,False,{},{},{},{},0.0,0.0,0.0,0.0,0.0,0.0,0.0,0.0,0.0,0.0,0.0,0.0,0.0,0.0,Leave Event,0.0,"{'node_level': {}, 'link_level': {}, 'path_level': {}}","{'node_level': {}, 'link_level': {}, 'path_level': {}}","{'node_level': {}, 'link_level': {}, 'path_level': {}}",[],0.0,0.0,True,True,False,0,[],0,0.0,,,,,
52,32,15,6631.0,11609.0,3196387.603909825,5575971.540063351,0.5711947626841244,0.5732431704401255,45,77,0,635.2287029526603,36670.0,6827,29843.0,0.10874673629242815,0.12734662845780453,23,349.2287029526604,286.0,4,4,False,{},{},{},{},0.0,0.0,0.0,0.0,0.0,0.0,0.0,0.0,0.0,0.0,0.0,0.0,0.0,0.0,Leave Event,0.0,"{'node_level': {}, 'link_level': {}, 'path_level': {}}","{'node_level': {}, 'link_level': {}, 'path_level': {}}","{'node_level': {}, 'link_level': {}, 'path_level': {}}",[],0.0,0.0,True,True,False,0,[],0,0.0,,,,,
53,32,15,6631.0,11609.0,3196387.603909825,5575971.540063351,0.5711947626841244,0.5732431704401255,45,78,1,638.0,36670.0,6827,29843.0,0.10874673629242815,0.12734662845780453,52,338.4279392314331,638.0,9,21,False,"{3: np.int64(5), 7: np.int64(99), 5: np.int64(94), 1: np.int64(81), 4: np.int64(75), 6: np.int64(21)}",{},"{(3, np.int64(5)): {'cpu': 20}, (7, np.int64(99)): {'cpu': 17}, (5, np.int64(94)): {'cpu': 18}, (1, np.int64(81)): {'cpu': 14}, (4, np.int64(75)): {'cpu': 5}, (6, np.int64(21)): {'cpu': 10}}",{},0.0,0.0,631.0,91.0,540.0,0.0,0.0,0.0,0.0,0.0,0.0,0.0,0.0,0.0,Place Failure,0.0,"{'node_level': {}, 'link_level': {}, 'path_level': {}}","{'node_level': {3: {'cpu': -29}, 7: {'cpu': -41}, 5: {'cpu': -31}, 1: {'cpu': -47}, 4: {'cpu': -82}, 6: {'cpu': -34}}, 'link_level': {}, 'path_level': {}}","{'node_level': {3: {'cpu': 0}, 7: {'cpu': 0}, 5: {'cpu': 0}, 1: {'cpu': 0}, 4: {'cpu': 0}, 6: {'cpu': 0}}, 'link_level': {}, 'path_level': {}}",[],0.0,0.0,False,True,False,0,[],0,0.0,,,,6.0,0.0
53,32,15,6631.0,11609.0,3196387.603909825,5575971.540063351,0.5711947626841244,0.5732431704401255,45,79,0,642.8824333146167,36670.0,6827,29843.0,0.10874673629242815,0.12734662845780453,25,334.8824333146168,308.0,10,26,False,{},{},{},{},0.0,0.0,0.0,0.0,0.0,0.0,0.0,0.0,0.0,0.0,0.0,0.0,0.0,0.0,Leave Event,0.0,"{'node_level': {}, 'link_level': {}, 'path_level': {}}","{'node_level': {}, 'link_level': {}, 'path_level': {}}","{'node_level': {}, 'link_level': {}, 'path_level': {}}",[],0.0,0.0,True,True,False,0,[],0,0.0,,,,,
53,32,14,6631.0,11609.0,3196387.603909825,5575971.540063351,0.5711947626841244,0.5732431704401255,45,80,0,644.254552049156,36847.0,6856,29991.0,0.10496083550913837,0.12301888999356692,27,310.25455204915596,334.0,4,3,False,{},{},{},{},0.0,0.0,0.0,0.0,0.0,0.0,0.0,0.0,0.0,0.0,0.0,0.0,0.0,0.0,Leave Event,0.0,"{'node_level': {}, 'link_level': {}, 'path_level': {}}","{'node_level': {}, 'link_level': {}, 'path_level': {}}","{'node_level': {}, 'link_level': {}, 'path_level': {}}",[],0.0,0.0,True,True,False,0,[],0,0.0,,,,,
54,33,15,6805.0,11915.0,3429518.9572016424,5985961.161369651,0.5711288292068821,0.5729270312233253,45,81,1,646.0,36541.0,6806,29735.0,0.11148825065274148,0.13050470787765367,53,1339.835363746077,646.0,4,5,True,"{0: np.int64(92), 3: np.int64(75), 1: np.int64(5), 2: np.int64(71)}","{(0, 2): [(np.int64(92), 51), (51, np.int64(71))], (0, 3): [(np.int64(92), 49), (49, np.int64(75))], (1, 3): [(np.int64(5), 94), (94, np.int64(75))], (2, 3): [(np.int64(71), 32), (32, 76), (76, np.int64(75))], (1, 2): [(np.int64(5), 71)]}","{(0, np.int64(92)): {'cpu': 15}, (3, np.int64(75)): {'cpu': 16}, (1, np.int64(5)): {'cpu': 17}, (2, np.int64(71)): {'cpu': 2}}","{((0, 2), (np.int64(92), 51)): {'bw': 50.0}, ((0, 2), (51, np.int64(71))): {'bw': 50.0}, ((0, 3), (np.int64(92), 49)): {'bw': 29.0}, ((0, 3), (49, np.int64(75))): {'bw': 29.0}, ((1, 3), (np.int64(5), 94)): {'bw': 19.0}, ((1, 3), (94, np.int64(75))): {'bw': 19.0}, ((2, 3), (np.int64(71), 32)): {'bw': 17.0}, ((2, 3), (32, 76)): {'bw': 17.0}, ((2, 3), (76, np.int64(75))): {'bw': 17.0}, ((1, 2), (np.int64(5), 71)): {'bw': 9.0}}",306.0,174.0,174.0,50.0,124.0,50.0,124.0,50.0,256.0,132.0,0.5686274509803921,409989.6213062996,233131.35329181742,761.8671676203184,Success,0.0,"{'node_level': {}, 'link_level': {}, 'path_level': {}}","{'node_level': {0: {'cpu': -39}, 3: {'cpu': -71}, 1: {'cpu': -32}, 2: {'cpu': -84}}, 'link_level': {}, 'path_level': {}}","{'node_level': {0: {'cpu': 0}, 3: {'cpu': 0}, 1: {'cpu': 0}, 2: {'cpu': 0}}, 'link_level': {}, 'path_level': {}}",[],0.0,0.0,True,True,False,0,[],0,0.0,"OrderedDict([((0, 2), 0), ((0, 3), 0), ((1, 3), 0), ((2, 3), 0), ((1, 2), 0)])",1.0,0.0,4.0,5.0
55,33,15,6805.0,11915.0,3429518.9572016424,5985961.161369651,0.5711288292068821,0.5729270312233253,45,82,1,661.0,36541.0,6806,29735.0,0.11148825065274148,0.13050470787765367,54,1373.6073770258297,661.0,9,18,False,"{5: np.int64(99), 3: np.int64(96), 8: np.int64(21), 2: np.int64(67), 1: np.int64(83), 7: np.int64(6), 0: np.int64(25), 6: np.int64(50), 4: np.int64(36)}","{(2, 3): [(np.int64(67), 6), (6, np.int64(96))], (1, 3): [(np.int64(83), 26), (26, np.int64(96))], (5, 8): [(np.int64(99), 63), (63, np.int64(21))]}","{(5, np.int64(99)): {'cpu': 19}, (3, np.int64(96)): {'cpu': 10}, (8, np.int64(21)): {'cpu': 10}, (2, np.int64(67)): {'cpu': 14}, (1, np.int64(83)): {'cpu': 8}, (7, np.int64(6)): {'cpu': 7}, (0, np.int64(25)): {'cpu': 11}, (6, np.int64(50)): {'cpu': 9}, (4, np.int64(36)): {'cpu': 4}}","{((2, 3), (np.int64(67), 6)): {'bw': 49.0}, ((2, 3), (6, np.int64(96))): {'bw': 49.0}, ((1, 3), (np.int64(83), 26)): {'bw': 48.0}, ((1, 3), (26, np.int64(96))): {'bw': 48.0}, ((5, 8), (np.int64(99), 63)): {'bw': 47.0}, ((5, 8), (63, np.int64(21))): {'bw': 47.0}}",0.0,0.0,521.0,92.0,429.0,0.0,0.0,0.0,0.0,0.0,0.0,0.0,0.0,0.0,Route Failure,0.0,"{'node_level': {}, 'link_level': {}, 'path_level': {}}","{'node_level': {5: {'cpu': -39}, 3: {'cpu': -62}, 8: {'cpu': -34}, 2: {'cpu': -84}, 1: {'cpu': -52}, 7: {'cpu': -79}, 0: {'cpu': -29}, 6: {'cpu': -66}, 4: {'cpu': -62}}, 'link_level': {}, 'path_level': {}}","{'node_level': {5: {'cpu': 0}, 3: {'cpu': 0}, 8: {'cpu': 0}, 2: {'cpu': 0}, 1: {'cpu': 0}, 7: {'cpu': 0}, 0: {'cpu': 0}, 6: {'cpu': 0}, 4: {'cpu': 0}}, 'link_level': {}, 'path_level': {}}",[],0.0,0.0,True,False,False,0,[],0,0.0,"OrderedDict([((2, 3), 0), ((1, 3), 0), ((5, 8), 0)])",0.0,0.0,9.0,3.0
56,34,16,7089.0,12385.0,3527934.9101232793,6148832.632754049,0.5723859507468713,0.5737568609902339,47,83,1,673.0,36071.0,6714,29357.0,0.12349869451697126,0.14155798584712553,55,346.5350454987206,673.0,7,7,True,"{1: np.int64(99), 5: np.int64(96), 4: np.int64(21), 3: np.int64(89), 0: np.int64(53), 2: np.int64(64), 6: np.int64(6)}","{(1, 2): [(np.int64(99), 63), (63, np.int64(64))], (4, 5): [(np.int64(21), 63), (63, np.int64(96))], (1, 4): [(np.int64(99), 88), (88, np.int64(21))], (3, 4): [(np.int64(89), 83), (83, np.int64(21))], (0, 2): [(np.int64(53), 48), (48, np.int64(64))], (1, 3): [(np.int64(99), 89)], (4, 6): [(np.int64(21), 26), (26, np.int64(6))]}","{(1, np.int64(99)): {'cpu': 20}, (5, np.int64(96)): {'cpu': 17}, (4, np.int64(21)): {'cpu': 5}, (3, np.int64(89)): {'cpu': 10}, (0, np.int64(53)): {'cpu': 18}, (2, np.int64(64)): {'cpu': 3}, (6, np.int64(6)): {'cpu': 19}}","{((1, 2), (np.int64(99), 63)): {'bw': 49.0}, ((1, 2), (63, np.int64(64))): {'bw': 49.0}, ((4, 5), (np.int64(21), 63)): {'bw': 43.0}, ((4, 5), (63, np.int64(96))): {'bw': 43.0}, ((1, 4), (np.int64(99), 88)): {'bw': 42.0}, ((1, 4), (88, np.int64(21))): {'bw': 42.0}, ((3, 4), (np.int64(89), 83)): {'bw': 35.0}, ((3, 4), (83, np.int64(21))): {'bw': 35.0}, ((0, 2), (np.int64(53), 48)): {'bw': 13.0}, ((0, 2), (48, np.int64(64))): {'bw': 13.0}, ((1, 3), (np.int64(99), 89)): {'bw': 6.0}, ((4, 6), (np.int64(21), 26)): {'bw': 4.0}, ((4, 6), (26, np.int64(6))): {'bw': 4.0}}",470.0,284.0,284.0,92.0,192.0,92.0,192.0,92.0,378.0,186.0,0.6042553191489362,162871.47138439867,98415.95292163665,209.39564451412053,Success,0.0,"{'node_level': {}, 'link_level': {}, 'path_level': {}}","{'node_level': {1: {'cpu': -38}, 5: {'cpu': -55}, 4: {'cpu': -39}, 3: {'cpu': -44}, 0: {'cpu': -82}, 2: {'cpu': -49}, 6: {'cpu': -67}}, 'link_level': {}, 'path_level': {}}","{'node_level': {1: {'cpu': 0}, 5: {'cpu': 0}, 4: {'cpu': 0}, 3: {'cpu': 0}, 0: {'cpu': 0}, 2: {'cpu': 0}, 6: {'cpu': 0}}, 'link_level': {}, 'path_level': {}}",[],0.0,0.0,True,True,False,0,[],0,0.0,"OrderedDict([((1, 2), 0), ((4, 5), 0), ((1, 4), 0), ((3, 4), 0), ((0, 2), 0), ((1, 3), 0), ((4, 6), 0)])",1.0,0.0,7.0,7.0
56,34,16,7089.0,12385.0,3527934.9101232793,6148832.632754049,0.5723859507468713,0.5737568609902339,47,84,0,676.365884294804,36071.0,6714,29357.0,0.12349869451697126,0.14155798584712553,49,72.36588429480402,604.0,4,4,False,{},{},{},{},0.0,0.0,0.0,0.0,0.0,0.0,0.0,0.0,0.0,0.0,0.0,0.0,0.0,0.0,Leave Event,0.0,"{'node_level': {}, 'link_level': {}, 'path_level': {}}","{'node_level': {}, 'link_level': {}, 'path_level': {}}","{'node_level': {}, 'link_level': {}, 'path_level': {}}",[],0.0,0.0,True,True,False,0,[],0,0.0,,,,,
57,35,17,7370.0,12970.0,3601980.5343935704,6302984.5551672885,0.5682343870470317,0.5714722133406798,50,85,1,685.0,35486.0,6650,28836.0,0.13185378590078334,0.15679279490028653,56,263.5075596807512,685.0,5,8,True,"{2: np.int64(67), 1: np.int64(80), 0: np.int64(3), 3: np.int64(62), 4: np.int64(10)}","{(1, 2): [(np.int64(80), 20), (20, 53), (53, np.int64(67))], (3, 4): [(np.int64(62), 10)], (0, 4): [(np.int64(3), 13), (13, 49), (49, np.int64(10))], (1, 4): [(np.int64(80), 10)], (0, 2): [(np.int64(3), 62), (62, 36), (36, 50), (50, np.int64(67))], (2, 4): [(np.int64(67), 52), (52, 64), (64, np.int64(10))], (1, 3): [(np.int64(80), 10), (10, np.int64(62))], (0, 1): [(np.int64(3), 41), (41, np.int64(80))]}","{(2, np.int64(67)): {'cpu': 16}, (1, np.int64(80)): {'cpu': 12}, (0, np.int64(3)): {'cpu': 13}, (3, np.int64(62)): {'cpu': 18}, (4, np.int64(10)): {'cpu': 5}}","{((1, 2), (np.int64(80), 20)): {'bw': 39.0}, ((1, 2), (20, 53)): {'bw': 39.0}, ((1, 2), (53, np.int64(67))): {'bw': 39.0}, ((3, 4), (np.int64(62), 10)): {'bw': 37.0}, ((0, 4), (np.int64(3), 13)): {'bw': 39.0}, ((0, 4), (13, 49)): {'bw': 39.0}, ((0, 4), (49, np.int64(10))): {'bw': 39.0}, ((1, 4), (np.int64(80), 10)): {'bw': 33.0}, ((0, 2), (np.int64(3), 62)): {'bw': 27.0}, ((0, 2), (62, 36)): {'bw': 27.0}, ((0, 2), (36, 50)): {'bw': 27.0}, ((0, 2), (50, np.int64(67))): {'bw': 27.0}, ((2, 4), (np.int64(67), 52)): {'bw': 25.0}, ((2, 4), (52, 64)): {'bw': 25.0}, ((2, 4), (64, np.int64(10))): {'bw': 25.0}, ((1, 3), (np.int64(80), 10)): {'bw': 11.0}, ((1, 3), (10, np.int64(62))): {'bw': 11.0}, ((0, 1), (np.int64(3), 41)): {'bw': 6.0}, ((0, 1), (41, np.int64(80))): {'bw': 6.0}}",585.0,281.0,281.0,64.0,217.0,64.0,217.0,64.0,521.0,304.0,0.48034188034188036,154151.92241323946,74045.6242702911,126.5737167013523,Success,0.0,"{'node_level': {}, 'link_level': {}, 'path_level': {}}","{'node_level': {2: {'cpu': -82}, 1: {'cpu': -42}, 0: {'cpu': -77}, 3: {'cpu': -77}, 4: {'cpu': -55}}, 'link_level': {}, 'path_level': {}}","{'node_level': {2: {'cpu': 0}, 1: {'cpu': 0}, 0: {'cpu': 0}, 3: {'cpu': 0}, 4: {'cpu': 0}}, 'link_level': {}, 'path_level': {}}",[],0.0,0.0,True,True,False,0,[],0,0.0,"OrderedDict([((1, 2), 0), ((3, 4), 0), ((0, 4), 0), ((1, 4), 0), ((0, 2), 0), ((2, 4), 0), ((1, 3), 0), ((0, 1), 0)])",6.0,0.0,5.0,8.0
58,36,18,7417.0,13039.0,3641111.4844218567,6360432.120102432,0.5688319656415369,0.5724629106431244,50,86,1,700.0,35417.0,6625,28792.0,0.13511749347258484,0.158079419849114,57,832.5734048571513,700.0,2,1,True,"{0: np.int64(18), 1: np.int64(61)}","{(0, 1): [(np.int64(18), 96), (96, np.int64(61))]}","{(0, np.int64(18)): {'cpu': 17}, (1, np.int64(61)): {'cpu': 8}}","{((0, 1), (np.int64(18), 96)): {'bw': 22.0}, ((0, 1), (96, np.int64(61))): {'bw': 22.0}}",69.0,47.0,47.0,25.0,22.0,25.0,22.0,25.0,44.0,22.0,0.6811594202898551,57447.56493514344,39130.95002828611,567.115217801248,Success,0.0,"{'node_level': {}, 'link_level': {}, 'path_level': {}}","{'node_level': {0: {'cpu': -32}, 1: {'cpu': -71}}, 'link_level': {}, 'path_level': {}}","{'node_level': {0: {'cpu': 0}, 1: {'cpu': 0}}, 'link_level': {}, 'path_level': {}}",[],0.0,0.0,True,True,False,0,[],0,0.0,"OrderedDict([((0, 1), 0)])",1.0,0.0,2.0,1.0
59,37,19,7706.0,13485.0,3745902.7032119315,6522151.440449744,0.571449758991472,0.5743354378403742,51,87,1,715.0,34971.0,6571,28400.0,0.14216710182767622,0.16954207848412184,58,362.5993729760375,715.0,7,10,True,"{1: np.int64(17), 5: np.int64(4), 6: np.int64(94), 0: np.int64(45), 2: np.int64(58), 4: np.int64(83), 3: np.int64(90)}","{(0, 3): [(np.int64(45), 22), (22, np.int64(90))], (1, 6): [(np.int64(17), 4), (4, np.int64(94))], (0, 6): [(np.int64(45), 72), (72, np.int64(94))], (4, 5): [(np.int64(83), 4)], (1, 2): [(np.int64(17), 58)], (1, 4): [(np.int64(17), 21), (21, np.int64(83))], (2, 3): [(np.int64(58), 90)], (2, 6): [(np.int64(58), 94)], (2, 4): [(np.int64(58), 21), (21, np.int64(83))], (0, 5): [(np.int64(45), 83), (83, np.int64(4))]}","{(1, np.int64(17)): {'cpu': 11}, (5, np.int64(4)): {'cpu': 20}, (6, np.int64(94)): {'cpu': 8}, (0, np.int64(45)): {'cpu': 6}, (2, np.int64(58)): {'cpu': 4}, (4, np.int64(83)): {'cpu': 3}, (3, np.int64(90)): {'cpu': 2}}","{((0, 3), (np.int64(45), 22)): {'bw': 44.0}, ((0, 3), (22, np.int64(90))): {'bw': 44.0}, ((1, 6), (np.int64(17), 4)): {'bw': 45.0}, ((1, 6), (4, np.int64(94))): {'bw': 45.0}, ((0, 6), (np.int64(45), 72)): {'bw': 39.0}, ((0, 6), (72, np.int64(94))): {'bw': 39.0}, ((4, 5), (np.int64(83), 4)): {'bw': 36.0}, ((1, 2), (np.int64(17), 58)): {'bw': 27.0}, ((1, 4), (np.int64(17), 21)): {'bw': 16.0}, ((1, 4), (21, np.int64(83))): {'bw': 16.0}, ((2, 3), (np.int64(58), 90)): {'bw': 9.0}, ((2, 6), (np.int64(58), 94)): {'bw': 6.0}, ((2, 4), (np.int64(58), 21)): {'bw': 6.0}, ((2, 4), (21, np.int64(83))): {'bw': 6.0}, ((0, 5), (np.int64(45), 83)): {'bw': 7.0}, ((0, 5), (83, np.int64(4))): {'bw': 7.0}}",446.0,289.0,289.0,54.0,235.0,54.0,235.0,54.0,392.0,157.0,0.647982062780269,161719.32034731272,104791.21879007484,234.95788966384492,Success,0.0,"{'node_level': {}, 'link_level': {}, 'path_level': {}}","{'node_level': {1: {'cpu': -36}, 5: {'cpu': -21}, 6: {'cpu': -41}, 0: {'cpu': -61}, 2: {'cpu': -53}, 4: {'cpu': -57}, 3: {'cpu': -56}}, 'link_level': {}, 'path_level': {}}","{'node_level': {1: {'cpu': 0}, 5: {'cpu': 0}, 6: {'cpu': 0}, 0: {'cpu': 0}, 2: {'cpu': 0}, 4: {'cpu': 0}, 3: {'cpu': 0}}, 'link_level': {}, 'path_level': {}}",[],0.0,0.0,True,True,False,0,[],0,0.0,"OrderedDict([((0, 3), 0), ((1, 6), 0), ((0, 6), 0), ((4, 5), 0), ((1, 2), 0), ((1, 4), 0), ((2, 3), 0), ((2, 6), 0), ((2, 4), 0), ((0, 5), 0)])",1.0,0.0,7.0,10.0
60,38,20,7989.0,14106.0,3841094.7352034915,6731035.722664439,0.5663547426626967,0.5706543381236161,52,88,1,729.0,34350.0,6519,27831.0,0.14895561357702347,0.1861804783905492,59,336.36760421045864,729.0,6,9,True,"{0: np.int64(79), 3: np.int64(30), 2: np.int64(25), 4: np.int64(28), 1: np.int64(78), 5: np.int64(71)}","{(0, 3): [(np.int64(79), 56), (56, np.int64(30))], (1, 3): [(np.int64(78), 66), (66, np.int64(30))], (1, 4): [(np.int64(78), 46), (46, 73), (73, np.int64(28))], (4, 5): [(np.int64(28), 48), (48, 86), (86, np.int64(71))], (3, 5): [(np.int64(30), 47), (47, 72), (72, 32), (32, np.int64(71))], (3, 4): [(np.int64(30), 21), (21, np.int64(28))], (2, 4): [(np.int64(25), 86), (86, np.int64(28))], (0, 2): [(np.int64(79), 25)], (1, 5): [(np.int64(78), 58), (58, 51), (51, np.int64(71))]}","{(0, np.int64(79)): {'cpu': 19}, (3, np.int64(30)): {'cpu': 8}, (2, np.int64(25)): {'cpu': 18}, (4, np.int64(28)): {'cpu': 5}, (1, np.int64(78)): {'cpu': 1}, (5, np.int64(71)): {'cpu': 1}}","{((0, 3), (np.int64(79), 56)): {'bw': 46.0}, ((0, 3), (56, np.int64(30))): {'bw': 46.0}, ((1, 3), (np.int64(78), 66)): {'bw': 40.0}, ((1, 3), (66, np.int64(30))): {'bw': 40.0}, ((1, 4), (np.int64(78), 46)): {'bw': 32.0}, ((1, 4), (46, 73)): {'bw': 32.0}, ((1, 4), (73, np.int64(28))): {'bw': 32.0}, ((4, 5), (np.int64(28), 48)): {'bw': 32.0}, ((4, 5), (48, 86)): {'bw': 32.0}, ((4, 5), (86, np.int64(71))): {'bw': 32.0}, ((3, 5), (np.int64(30), 47)): {'bw': 20.0}, ((3, 5), (47, 72)): {'bw': 20.0}, ((3, 5), (72, 32)): {'bw': 20.0}, ((3, 5), (32, np.int64(71))): {'bw': 20.0}, ((3, 4), (np.int64(30), 21)): {'bw': 19.0}, ((3, 4), (21, np.int64(28))): {'bw': 19.0}, ((2, 4), (np.int64(25), 86)): {'bw': 17.0}, ((2, 4), (86, np.int64(28))): {'bw': 17.0}, ((0, 2), (np.int64(79), 25)): {'bw': 11.0}, ((1, 5), (np.int64(78), 58)): {'bw': 14.0}, ((1, 5), (58, 51)): {'bw': 14.0}, ((1, 5), (51, np.int64(71))): {'bw': 14.0}}",621.0,283.0,283.0,52.0,231.0,52.0,231.0,52.0,569.0,338.0,0.4557165861513688,208884.2822146948,95192.0319915598,153.288296282705,Success,0.0,"{'node_level': {}, 'link_level': {}, 'path_level': {}}","{'node_level': {0: {'cpu': -61}, 3: {'cpu': -50}, 2: {'cpu': -22}, 4: {'cpu': -60}, 1: {'cpu': -51}, 5: {'cpu': -83}}, 'link_level': {}, 'path_level': {}}","{'node_level': {0: {'cpu': 0}, 3: {'cpu': 0}, 2: {'cpu': 0}, 4: {'cpu': 0}, 1: {'cpu': 0}, 5: {'cpu': 0}}, 'link_level': {}, 'path_level': {}}",[],0.0,0.0,True,True,False,0,[],0,0.0,"OrderedDict([((0, 3), 0), ((1, 3), 0), ((1, 4), 0), ((4, 5), 0), ((3, 5), 0), ((3, 4), 0), ((2, 4), 0), ((0, 2), 0), ((1, 5), 0)])",1.0,0.0,6.0,9.0
61,39,21,8170.0,14387.0,4026008.122786688,7018111.202835036,0.5678737749357059,0.5736597791668422,55,89,1,744.0,34069.0,6456,27613.0,0.15718015665796348,0.1925551201824668,60,1021.6209258740134,744.0,5,4,True,"{1: np.int64(1), 0: np.int64(33), 2: np.int64(77), 3: np.int64(0), 4: np.int64(74)}","{(1, 4): [(np.int64(1), 61), (61, 42), (42, np.int64(74))], (0, 1): [(np.int64(33), 1)], (2, 3): [(np.int64(77), 86), (86, np.int64(0))], (0, 3): [(np.int64(33), 0)]}","{(1, np.int64(1)): {'cpu': 18}, (0, np.int64(33)): {'cpu': 17}, (2, np.int64(77)): {'cpu': 16}, (3, np.int64(0)): {'cpu': 8}, (4, np.int64(74)): {'cpu': 4}}","{((1, 4), (np.int64(1), 61)): {'bw': 41.0}, ((1, 4), (61, 42)): {'bw': 41.0}, ((1, 4), (42, np.int64(74))): {'bw': 41.0}, ((0, 1), (np.int64(33), 1)): {'bw': 43.0}, ((2, 3), (np.int64(77), 86)): {'bw': 18.0}, ((2, 3), (86, np.int64(0))): {'bw': 18.0}, ((0, 3), (np.int64(33), 0)): {'bw': 16.0}}",281.0,181.0,181.0,63.0,118.0,63.0,118.0,63.0,218.0,100.0,0.6441281138790036,287075.4801705978,184913.38758319643,658.0547600825496,Success,0.0,"{'node_level': {}, 'link_level': {}, 'path_level': {}}","{'node_level': {1: {'cpu': -37}, 0: {'cpu': -40}, 2: {'cpu': -57}, 3: {'cpu': -88}, 4: {'cpu': -54}}, 'link_level': {}, 'path_level': {}}","{'node_level': {1: {'cpu': 0}, 0: {'cpu': 0}, 2: {'cpu': 0}, 3: {'cpu': 0}, 4: {'cpu': 0}}, 'link_level': {}, 'path_level': {}}",[],0.0,0.0,True,True,False,0,[],0,0.0,"OrderedDict([((1, 4), 0), ((0, 1), 0), ((2, 3), 0), ((0, 3), 0)])",0.0,0.0,5.0,4.0
62,39,21,8170.0,14387.0,4026008.122786688,7018111.202835036,0.5678737749357059,0.5736597791668422,55,90,1,755.0,34069.0,6456,27613.0,0.15718015665796348,0.1925551201824668,61,1141.8412983709384,755.0,10,17,False,"{1: np.int64(26), 6: np.int64(34), 2: np.int64(19), 8: np.int64(41), 7: np.int64(93), 0: np.int64(31), 5: np.int64(5), 4: np.int64(44), 9: np.int64(70)}",{},"{(1, np.int64(26)): {'cpu': 10}, (6, np.int64(34)): {'cpu': 15}, (2, np.int64(19)): {'cpu': 11}, (8, np.int64(41)): {'cpu': 15}, (7, np.int64(93)): {'cpu': 15}, (0, np.int64(31)): {'cpu': 18}, (5, np.int64(5)): {'cpu': 14}, (4, np.int64(44)): {'cpu': 12}, (9, np.int64(70)): {'cpu': 7}}",{},0.0,0.0,607.0,122.0,485.0,0.0,0.0,0.0,0.0,0.0,0.0,0.0,0.0,0.0,Place Failure,0.0,"{'node_level': {}, 'link_level': {}, 'path_level': {}}","{'node_level': {1: {'cpu': -52}, 6: {'cpu': -25}, 2: {'cpu': -49}, 8: {'cpu': -35}, 7: {'cpu': -59}, 0: {'cpu': -49}, 5: {'cpu': -18}, 4: {'cpu': -74}, 9: {'cpu': -58}}, 'link_level': {}, 'path_level': {}}","{'node_level': {1: {'cpu': 0}, 6: {'cpu': 0}, 2: {'cpu': 0}, 8: {'cpu': 0}, 7: {'cpu': 0}, 0: {'cpu': 0}, 5: {'cpu': 0}, 4: {'cpu': 0}, 9: {'cpu': 0}}, 'link_level': {}, 'path_level': {}}",[],0.0,0.0,False,True,False,0,[],0,0.0,,,,9.0,0.0
63,40,22,8554.0,15092.0,4054783.5356088593,7070941.062313241,0.5667903525046383,0.5734432658787212,55,91,1,760.0,33364.0,6360,27004.0,0.16971279373368142,0.21036317913328262,62,74.93597089107004,760.0,7,9,True,"{5: np.int64(26), 2: np.int64(34), 6: np.int64(19), 3: np.int64(35), 0: np.int64(93), 1: np.int64(41), 4: np.int64(31)}","{(0, 5): [(np.int64(93), 82), (82, np.int64(26))], (3, 6): [(np.int64(35), 19)], (1, 2): [(np.int64(41), 3), (3, np.int64(34))], (2, 5): [(np.int64(34), 15), (15, 72), (72, np.int64(26))], (4, 5): [(np.int64(31), 78), (78, 58), (58, np.int64(26))], (5, 6): [(np.int64(26), 35), (35, np.int64(19))], (2, 4): [(np.int64(34), 37), (37, np.int64(31))], (1, 4): [(np.int64(41), 78), (78, np.int64(31))], (4, 6): [(np.int64(31), 39), (39, np.int64(19))]}","{(5, np.int64(26)): {'cpu': 19}, (2, np.int64(34)): {'cpu': 16}, (6, np.int64(19)): {'cpu': 13}, (3, np.int64(35)): {'cpu': 18}, (0, np.int64(93)): {'cpu': 16}, (1, np.int64(41)): {'cpu': 10}, (4, np.int64(31)): {'cpu': 4}}","{((0, 5), (np.int64(93), 82)): {'bw': 46.0}, ((0, 5), (82, np.int64(26))): {'bw': 46.0}, ((3, 6), (np.int64(35), 19)): {'bw': 47.0}, ((1, 2), (np.int64(41), 3)): {'bw': 41.0}, ((1, 2), (3, np.int64(34))): {'bw': 41.0}, ((2, 5), (np.int64(34), 15)): {'bw': 42.0}, ((2, 5), (15, 72)): {'bw': 42.0}, ((2, 5), (72, np.int64(26))): {'bw': 42.0}, ((4, 5), (np.int64(31), 78)): {'bw': 38.0}, ((4, 5), (78, 58)): {'bw': 38.0}, ((4, 5), (58, np.int64(26))): {'bw': 38.0}, ((5, 6), (np.int64(26), 35)): {'bw': 36.0}, ((5, 6), (35, np.int64(19))): {'bw': 36.0}, ((2, 4), (np.int64(34), 37)): {'bw': 21.0}, ((2, 4), (37, np.int64(31))): {'bw': 21.0}, ((1, 4), (np.int64(41), 78)): {'bw': 13.0}, ((1, 4), (78, np.int64(31))): {'bw': 13.0}, ((4, 6), (np.int64(31), 39)): {'bw': 4.0}, ((4, 6), (39, np.int64(19))): {'bw': 4.0}}",705.0,384.0,384.0,96.0,288.0,96.0,288.0,96.0,609.0,321.0,0.5446808510638298,52829.85947820438,28775.412822170896,40.8161884002424,Success,0.0,"{'node_level': {}, 'link_level': {}, 'path_level': {}}","{'node_level': {5: {'cpu': -43}, 2: {'cpu': -24}, 6: {'cpu': -47}, 3: {'cpu': -44}, 0: {'cpu': -58}, 1: {'cpu': -40}, 4: {'cpu': -63}}, 'link_level': {}, 'path_level': {}}","{'node_level': {5: {'cpu': 0}, 2: {'cpu': 0}, 6: {'cpu': 0}, 3: {'cpu': 0}, 0: {'cpu': 0}, 1: {'cpu': 0}, 4: {'cpu': 0}}, 'link_level': {}, 'path_level': {}}",[],0.0,0.0,True,True,False,0,[],0,0.0,"OrderedDict([((0, 5), 0), ((3, 6), 0), ((1, 2), 0), ((2, 5), 0), ((4, 5), 0), ((5, 6), 0), ((2, 4), 0), ((1, 4), 0), ((4, 6), 0)])",1.0,0.0,7.0,9.0
64,40,22,8554.0,15092.0,4054783.5356088593,7070941.062313241,0.5667903525046383,0.5734432658787212,55,92,1,770.0,33364.0,6360,27004.0,0.16971279373368142,0.21036317913328262,63,653.8425095824754,770.0,10,21,False,"{9: np.int64(5), 3: np.int64(44), 2: np.int64(9)}",{},"{(9, np.int64(5)): {'cpu': 20}, (3, np.int64(44)): {'cpu': 13}, (2, np.int64(9)): {'cpu': 18}}",{},0.0,0.0,554.0,117.0,437.0,0.0,0.0,0.0,0.0,0.0,0.0,0.0,0.0,0.0,Place Failure,0.0,"{'node_level': {}, 'link_level': {}, 'path_level': {}}","{'node_level': {9: {'cpu': -12}, 3: {'cpu': -73}, 2: {'cpu': -77}}, 'link_level': {}, 'path_level': {}}","{'node_level': {9: {'cpu': 0}, 3: {'cpu': 0}, 2: {'cpu': 0}}, 'link_level': {}, 'path_level': {}}",[],0.0,0.0,False,True,False,0,[],0,0.0,,,,3.0,0.0
65,40,22,8554.0,15092.0,4054783.5356088593,7070941.062313241,0.5667903525046383,0.5734432658787212,55,93,1,783.0,33364.0,6360,27004.0,0.16971279373368142,0.21036317913328262,64,416.6006006827282,783.0,8,10,False,"{0: np.int64(5), 5: np.int64(9), 1: np.int64(44), 7: np.int64(92), 2: np.int64(49), 6: np.int64(50), 3: np.int64(6), 4: np.int64(90)}","{(1, 6): [(np.int64(44), 50)], (0, 5): [(np.int64(5), 9)], (1, 5): [(np.int64(44), 60), (60, 29), (29, 23), (23, np.int64(9))]}","{(0, np.int64(5)): {'cpu': 15}, (5, np.int64(9)): {'cpu': 5}, (1, np.int64(44)): {'cpu': 6}, (7, np.int64(92)): {'cpu': 5}, (2, np.int64(49)): {'cpu': 7}, (6, np.int64(50)): {'cpu': 3}, (3, np.int64(6)): {'cpu': 7}, (4, np.int64(90)): {'cpu': 7}}","{((1, 6), (np.int64(44), 50)): {'bw': 49.0}, ((0, 5), (np.int64(5), 9)): {'bw': 43.0}, ((1, 5), (np.int64(44), 60)): {'bw': 42.0}, ((1, 5), (60, 29)): {'bw': 42.0}, ((1, 5), (29, 23)): {'bw': 42.0}, ((1, 5), (23, np.int64(9))): {'bw': 42.0}}",0.0,0.0,343.0,55.0,288.0,0.0,0.0,0.0,0.0,0.0,0.0,0.0,0.0,0.0,Route Failure,0.0,"{'node_level': {}, 'link_level': {}, 'path_level': {}}","{'node_level': {0: {'cpu': -17}, 5: {'cpu': -90}, 1: {'cpu': -80}, 7: {'cpu': -34}, 2: {'cpu': -52}, 6: {'cpu': -72}, 3: {'cpu': -60}, 4: {'cpu': -49}}, 'link_level': {}, 'path_level': {}}","{'node_level': {0: {'cpu': 0}, 5: {'cpu': 0}, 1: {'cpu': 0}, 7: {'cpu': 0}, 2: {'cpu': 0}, 6: {'cpu': 0}, 3: {'cpu': 0}, 4: {'cpu': 0}}, 'link_level': {}, 'path_level': {}}",[],0.0,0.0,True,False,False,0,[],0,0.0,"OrderedDict([((1, 6), 0), ((0, 5), 0), ((1, 5), 0)])",1.0,0.0,8.0,3.0
66,40,22,8554.0,15092.0,4054783.5356088593,7070941.062313241,0.5667903525046383,0.5734432658787212,55,94,1,793.0,33364.0,6360,27004.0,0.16971279373368142,0.21036317913328262,65,1108.147460785588,793.0,9,22,False,"{5: np.int64(5), 8: np.int64(44), 3: np.int64(94), 0: np.int64(9), 6: np.int64(49), 4: np.int64(58)}",{},"{(5, np.int64(5)): {'cpu': 13}, (8, np.int64(44)): {'cpu': 17}, (3, np.int64(94)): {'cpu': 12}, (0, np.int64(9)): {'cpu': 8}, (6, np.int64(49)): {'cpu': 13}, (4, np.int64(58)): {'cpu': 5}}",{},0.0,0.0,594.0,82.0,512.0,0.0,0.0,0.0,0.0,0.0,0.0,0.0,0.0,0.0,Place Failure,0.0,"{'node_level': {}, 'link_level': {}, 'path_level': {}}","{'node_level': {5: {'cpu': -19}, 8: {'cpu': -69}, 3: {'cpu': -29}, 0: {'cpu': -87}, 6: {'cpu': -46}, 4: {'cpu': -48}}, 'link_level': {}, 'path_level': {}}","{'node_level': {5: {'cpu': 0}, 8: {'cpu': 0}, 3: {'cpu': 0}, 0: {'cpu': 0}, 6: {'cpu': 0}, 4: {'cpu': 0}}, 'link_level': {}, 'path_level': {}}",[],0.0,0.0,False,True,False,0,[],0,0.0,,,,6.0,0.0
67,41,23,8569.0,15107.0,4057635.0483025797,7073792.575006962,0.5672204938108162,0.5736152149327882,56,95,1,807.0,33349.0,6350,26999.0,0.1710182767624021,0.21050938651383122,66,190.10084624803153,807.0,2,1,True,"{1: np.int64(5), 0: np.int64(9)}","{(0, 1): [(np.int64(9), 5)]}","{(1, np.int64(5)): {'cpu': 8}, (0, np.int64(9)): {'cpu': 2}}","{((0, 1), (np.int64(9), 5)): {'bw': 5.0}}",15.0,15.0,15.0,10.0,5.0,10.0,5.0,10.0,5.0,0.0,1.0,2851.512693720473,2851.512693720473,190.10084624803153,Success,0.0,"{'node_level': {}, 'link_level': {}, 'path_level': {}}","{'node_level': {1: {'cpu': -24}, 0: {'cpu': -93}}, 'link_level': {}, 'path_level': {}}","{'node_level': {1: {'cpu': 0}, 0: {'cpu': 0}}, 'link_level': {}, 'path_level': {}}",[],0.0,0.0,True,True,False,0,[],0,0.0,"OrderedDict([((0, 1), 0)])",1.0,0.0,2.0,1.0
67,41,22,8569.0,15107.0,4057635.0483025797,7073792.575006962,0.5672204938108162,0.5736152149327882,56,96,0,809.652423677221,33444.0,6383,27061.0,0.16671018276762406,0.208696414995029,2,772.652423677221,37.0,3,2,False,{},{},{},{},0.0,0.0,0.0,0.0,0.0,0.0,0.0,0.0,0.0,0.0,0.0,0.0,0.0,0.0,Leave Event,0.0,"{'node_level': {}, 'link_level': {}, 'path_level': {}}","{'node_level': {}, 'link_level': {}, 'path_level': {}}","{'node_level': {}, 'link_level': {}, 'path_level': {}}",[],0.0,0.0,True,True,False,0,[],0,0.0,,,,,
68,42,23,8741.0,15390.0,4178192.971307696,7272152.413439798,0.5679662118258609,0.574546947556531,58,97,1,821.0,33161.0,6336,26825.0,0.17284595300261096,0.21559740335692146,67,700.9181570064889,821.0,6,5,True,"{1: np.int64(25), 3: np.int64(37), 0: np.int64(44), 2: np.int64(49), 5: np.int64(96), 4: np.int64(6)}","{(1, 5): [(np.int64(25), 96)], (3, 5): [(np.int64(37), 61), (61, np.int64(96))], (0, 2): [(np.int64(44), 60), (60, 10), (10, np.int64(49))], (1, 4): [(np.int64(25), 96), (96, np.int64(6))], (2, 3): [(np.int64(49), 10), (10, np.int64(37))]}","{(1, np.int64(25)): {'cpu': 11}, (3, np.int64(37)): {'cpu': 11}, (0, np.int64(44)): {'cpu': 10}, (2, np.int64(49)): {'cpu': 6}, (5, np.int64(96)): {'cpu': 2}, (4, np.int64(6)): {'cpu': 7}}","{((1, 5), (np.int64(25), 96)): {'bw': 46.0}, ((3, 5), (np.int64(37), 61)): {'bw': 37.0}, ((3, 5), (61, np.int64(96))): {'bw': 37.0}, ((0, 2), (np.int64(44), 60)): {'bw': 32.0}, ((0, 2), (60, 10)): {'bw': 32.0}, ((0, 2), (10, np.int64(49))): {'bw': 32.0}, ((1, 4), (np.int64(25), 96)): {'bw': 9.0}, ((1, 4), (96, np.int64(6))): {'bw': 9.0}, ((2, 3), (np.int64(49), 10)): {'bw': 1.0}, ((2, 3), (10, np.int64(37))): {'bw': 1.0}}",283.0,172.0,172.0,47.0,125.0,47.0,125.0,47.0,236.0,111.0,0.607773851590106,198359.83843283635,120557.92300511608,425.99972793327237,Success,0.0,"{'node_level': {}, 'link_level': {}, 'path_level': {}}","{'node_level': {1: {'cpu': -23}, 3: {'cpu': -84}, 0: {'cpu': -76}, 2: {'cpu': -53}, 5: {'cpu': -53}, 4: {'cpu': -60}}, 'link_level': {}, 'path_level': {}}","{'node_level': {1: {'cpu': 0}, 3: {'cpu': 0}, 0: {'cpu': 0}, 2: {'cpu': 0}, 5: {'cpu': 0}, 4: {'cpu': 0}}, 'link_level': {}, 'path_level': {}}",[],0.0,0.0,True,True,False,0,[],0,0.0,"OrderedDict([((1, 5), 0), ((3, 5), 0), ((0, 2), 0), ((1, 4), 0), ((2, 3), 0)])",1.0,0.0,6.0,5.0
69,42,23,8741.0,15390.0,4178192.971307696,7272152.413439798,0.5679662118258609,0.574546947556531,58,98,1,834.0,33161.0,6336,26825.0,0.17284595300261096,0.21559740335692146,68,163.7189441266352,834.0,8,16,False,"{7: np.int64(92), 1: np.int64(90), 2: np.int64(9), 3: np.int64(26), 4: np.int64(59)}",{},"{(7, np.int64(92)): {'cpu': 20}, (1, np.int64(90)): {'cpu': 16}, (2, np.int64(9)): {'cpu': 15}, (3, np.int64(26)): {'cpu': 12}, (4, np.int64(59)): {'cpu': 13}}",{},0.0,0.0,525.0,96.0,429.0,0.0,0.0,0.0,0.0,0.0,0.0,0.0,0.0,0.0,Place Failure,0.0,"{'node_level': {}, 'link_level': {}, 'path_level': {}}","{'node_level': {7: {'cpu': -19}, 1: {'cpu': -40}, 2: {'cpu': -78}, 3: {'cpu': -31}, 4: {'cpu': -56}}, 'link_level': {}, 'path_level': {}}","{'node_level': {7: {'cpu': 0}, 1: {'cpu': 0}, 2: {'cpu': 0}, 3: {'cpu': 0}, 4: {'cpu': 0}}, 'link_level': {}, 'path_level': {}}",[],0.0,0.0,False,True,False,0,[],0,0.0,,,,5.0,0.0
69,42,22,8741.0,15390.0,4178192.971307696,7272152.413439798,0.5679662118258609,0.574546947556531,58,99,0,834.93597089107,33866.0,6432,27434.0,0.1603133159268929,0.19778934440610563,62,74.93597089107004,760.0,7,9,False,{},{},{},{},0.0,0.0,0.0,0.0,0.0,0.0,0.0,0.0,0.0,0.0,0.0,0.0,0.0,0.0,Leave Event,0.0,"{'node_level': {}, 'link_level': {}, 'path_level': {}}","{'node_level': {}, 'link_level': {}, 'path_level': {}}","{'node_level': {}, 'link_level': {}, 'path_level': {}}",[],0.0,0.0,True,True,False,0,[],0,0.0,,,,,
70,42,22,8741.0,15390.0,4178192.971307696,7272152.413439798,0.5679662118258609,0.574546947556531,58,100,1,847.0,33866.0,6432,27434.0,0.1603133159268929,0.19778934440610563,69,63.67622414963592,847.0,10,17,False,"{9: np.int64(34), 1: np.int64(41), 8: np.int64(37), 3: np.int64(26), 2: np.int64(92), 0: np.int64(3), 4: np.int64(31), 6: np.int64(72), 5: np.int64(19), 7: np.int64(35)}","{(3, 6): [(np.int64(26), 72)], (4, 8): [(np.int64(31), 37)], (2, 6): [(np.int64(92), 29), (29, np.int64(72))], (7, 9): [(np.int64(35), 56), (56, 37), (37, np.int64(34))], (0, 9): [(np.int64(3), 34)], (0, 2): [(np.int64(3), 92)], (1, 2): [(np.int64(41), 92)]}","{(9, np.int64(34)): {'cpu': 20}, (1, np.int64(41)): {'cpu': 17}, (8, np.int64(37)): {'cpu': 13}, (3, np.int64(26)): {'cpu': 18}, (2, np.int64(92)): {'cpu': 11}, (0, np.int64(3)): {'cpu': 12}, (4, np.int64(31)): {'cpu': 7}, (6, np.int64(72)): {'cpu': 5}, (5, np.int64(19)): {'cpu': 13}, (7, np.int64(35)): {'cpu': 2}}","{((3, 6), (np.int64(26), 72)): {'bw': 47.0}, ((4, 8), (np.int64(31), 37)): {'bw': 43.0}, ((2, 6), (np.int64(92), 29)): {'bw': 42.0}, ((2, 6), (29, np.int64(72))): {'bw': 42.0}, ((7, 9), (np.int64(35), 56)): {'bw': 41.0}, ((7, 9), (56, 37)): {'bw': 41.0}, ((7, 9), (37, np.int64(34))): {'bw': 41.0}, ((0, 9), (np.int64(3), 34)): {'bw': 35.0}, ((0, 2), (np.int64(3), 92)): {'bw': 39.0}, ((1, 2), (np.int64(41), 92)): {'bw': 37.0}}",0.0,0.0,587.0,118.0,469.0,0.0,0.0,0.0,0.0,0.0,0.0,0.0,0.0,0.0,Route Failure,0.0,"{'node_level': {}, 'link_level': {}, 'path_level': {}}","{'node_level': {9: {'cpu': -35}, 1: {'cpu': -33}, 8: {'cpu': -71}, 3: {'cpu': -44}, 2: {'cpu': -28}, 0: {'cpu': -65}, 4: {'cpu': -60}, 6: {'cpu': -55}, 5: {'cpu': -47}, 7: {'cpu': -60}}, 'link_level': {}, 'path_level': {}}","{'node_level': {9: {'cpu': 0}, 1: {'cpu': 0}, 8: {'cpu': 0}, 3: {'cpu': 0}, 2: {'cpu': 0}, 0: {'cpu': 0}, 4: {'cpu': 0}, 6: {'cpu': 0}, 5: {'cpu': 0}, 7: {'cpu': 0}}, 'link_level': {}, 'path_level': {}}",[],0.0,0.0,True,False,False,0,[],0,0.0,"OrderedDict([((3, 6), 0), ((4, 8), 0), ((2, 6), 0), ((7, 9), 0), ((0, 9), 0), ((0, 2), 0), ((1, 2), 0)])",2.0,0.0,10.0,7.0
71,42,22,8741.0,15390.0,4178192.971307696,7272152.413439798,0.5679662118258609,0.574546947556531,58,101,1,859.0,33866.0,6432,27434.0,0.1603133159268929,0.19778934440610563,70,128.72583862940257,859.0,6,10,False,"{2: np.int64(34), 4: np.int64(37), 0: np.int64(26), 5: np.int64(19), 3: np.int64(29), 1: np.int64(93)}","{(2, 4): [(np.int64(34), 37)], (3, 5): [(np.int64(29), 92), (92, np.int64(19))], (2, 5): [(np.int64(34), 39), (39, np.int64(19))], (2, 3): [(np.int64(34), 29)], (0, 2): [(np.int64(26), 72), (72, 15), (15, np.int64(34))], (3, 4): [(np.int64(29), 72), (72, 94), (94, np.int64(37))], (0, 1): [(np.int64(26), 82), (82, np.int64(93))], (0, 5): [(np.int64(26), 21), (21, 63), (63, np.int64(19))], (0, 3): [(np.int64(26), 72), (72, np.int64(29))]}","{(2, np.int64(34)): {'cpu': 14}, (4, np.int64(37)): {'cpu': 15}, (0, np.int64(26)): {'cpu': 15}, (5, np.int64(19)): {'cpu': 10}, (3, np.int64(29)): {'cpu': 9}, (1, np.int64(93)): {'cpu': 13}}","{((2, 4), (np.int64(34), 37)): {'bw': 48.0}, ((3, 5), (np.int64(29), 92)): {'bw': 43.0}, ((3, 5), (92, np.int64(19))): {'bw': 43.0}, ((2, 5), (np.int64(34), 39)): {'bw': 37.0}, ((2, 5), (39, np.int64(19))): {'bw': 37.0}, ((2, 3), (np.int64(34), 29)): {'bw': 30.0}, ((0, 2), (np.int64(26), 72)): {'bw': 26.0}, ((0, 2), (72, 15)): {'bw': 26.0}, ((0, 2), (15, np.int64(34))): {'bw': 26.0}, ((3, 4), (np.int64(29), 72)): {'bw': 27.0}, ((3, 4), (72, 94)): {'bw': 27.0}, ((3, 4), (94, np.int64(37))): {'bw': 27.0}, ((0, 1), (np.int64(26), 82)): {'bw': 24.0}, ((0, 1), (82, np.int64(93))): {'bw': 24.0}, ((0, 5), (np.int64(26), 21)): {'bw': 17.0}, ((0, 5), (21, 63)): {'bw': 17.0}, ((0, 5), (63, np.int64(19))): {'bw': 17.0}, ((0, 3), (np.int64(26), 72)): {'bw': 6.0}, ((0, 3), (72, np.int64(29))): {'bw': 6.0}}",0.0,0.0,339.0,76.0,263.0,0.0,0.0,0.0,0.0,0.0,0.0,0.0,0.0,0.0,Route Failure,0.0,"{'node_level': {}, 'link_level': {}, 'path_level': {}}","{'node_level': {2: {'cpu': -41}, 4: {'cpu': -69}, 0: {'cpu': -47}, 5: {'cpu': -50}, 3: {'cpu': -43}, 1: {'cpu': -61}}, 'link_level': {}, 'path_level': {}}","{'node_level': {2: {'cpu': 0}, 4: {'cpu': 0}, 0: {'cpu': 0}, 5: {'cpu': 0}, 3: {'cpu': 0}, 1: {'cpu': 0}}, 'link_level': {}, 'path_level': {}}",[],0.0,0.0,True,False,False,0,[],0,0.0,"OrderedDict([((2, 4), 0), ((3, 5), 0), ((2, 5), 0), ((2, 3), 0), ((0, 2), 0), ((3, 4), 0), ((0, 1), 0), ((0, 5), 0), ((0, 3), 0)])",5.0,0.0,6.0,9.0
71,42,21,8741.0,15390.0,4178192.971307696,7272152.413439798,0.5679662118258609,0.574546947556531,58,102,0,863.1617774667865,34062.0,6480,27582.0,0.15404699738903394,0.1934616059418679,36,412.1617774667865,451.0,5,5,False,{},{},{},{},0.0,0.0,0.0,0.0,0.0,0.0,0.0,0.0,0.0,0.0,0.0,0.0,0.0,0.0,Leave Event,0.0,"{'node_level': {}, 'link_level': {}, 'path_level': {}}","{'node_level': {}, 'link_level': {}, 'path_level': {}}","{'node_level': {}, 'link_level': {}, 'path_level': {}}",[],0.0,0.0,True,True,False,0,[],0,0.0,,,,,
72,42,21,8741.0,15390.0,4178192.971307696,7272152.413439798,0.5679662118258609,0.574546947556531,58,103,1,869.0,34062.0,6480,27582.0,0.15404699738903394,0.1934616059418679,71,743.5473794887002,869.0,10,31,False,"{2: np.int64(34), 1: np.int64(78), 3: np.int64(58), 9: np.int64(59), 8: np.int64(26), 5: np.int64(21)}",{},"{(2, np.int64(34)): {'cpu': 18}, (1, np.int64(78)): {'cpu': 19}, (3, np.int64(58)): {'cpu': 20}, (9, np.int64(59)): {'cpu': 13}, (8, np.int64(26)): {'cpu': 18}, (5, np.int64(21)): {'cpu': 9}}",{},0.0,0.0,981.0,127.0,854.0,0.0,0.0,0.0,0.0,0.0,0.0,0.0,0.0,0.0,Place Failure,0.0,"{'node_level': {}, 'link_level': {}, 'path_level': {}}","{'node_level': {2: {'cpu': -51}, 1: {'cpu': -44}, 3: {'cpu': -49}, 9: {'cpu': -60}, 8: {'cpu': -44}, 5: {'cpu': -30}}, 'link_level': {}, 'path_level': {}}","{'node_level': {2: {'cpu': 0}, 1: {'cpu': 0}, 3: {'cpu': 0}, 9: {'cpu': 0}, 8: {'cpu': 0}, 5: {'cpu': 0}}, 'link_level': {}, 'path_level': {}}",[],0.0,0.0,False,True,False,0,[],0,0.0,,,,6.0,0.0
73,43,22,8852.0,15539.0,4264193.560537839,7387594.645829811,0.5696634275049874,0.5772100074474057,58,104,1,884.0,33913.0,6441,27472.0,0.1591383812010444,0.19667816831393647,72,774.7800831544495,884.0,3,2,True,"{0: np.int64(34), 1: np.int64(78), 2: np.int64(41)}","{(0, 2): [(np.int64(34), 3), (3, np.int64(41))], (1, 2): [(np.int64(78), 41)]}","{(0, np.int64(34)): {'cpu': 18}, (1, np.int64(78)): {'cpu': 19}, (2, np.int64(41)): {'cpu': 2}}","{((0, 2), (np.int64(34), 3)): {'bw': 38.0}, ((0, 2), (3, np.int64(41))): {'bw': 38.0}, ((1, 2), (np.int64(78), 41)): {'bw': 34.0}}",149.0,111.0,111.0,39.0,72.0,39.0,72.0,39.0,110.0,38.0,0.7449664429530202,115442.23239001297,86000.58923014389,577.1851626184155,Success,0.0,"{'node_level': {}, 'link_level': {}, 'path_level': {}}","{'node_level': {0: {'cpu': -51}, 1: {'cpu': -44}, 2: {'cpu': -48}}, 'link_level': {}, 'path_level': {}}","{'node_level': {0: {'cpu': 0}, 1: {'cpu': 0}, 2: {'cpu': 0}}, 'link_level': {}, 'path_level': {}}",[],0.0,0.0,True,True,False,0,[],0,0.0,"OrderedDict([((0, 2), 0), ((1, 2), 0)])",0.0,0.0,3.0,2.0
74,44,23,9302.0,16464.0,4500870.147536806,7874096.519105464,0.5649902818270165,0.5716046452587968,58,105,1,895.0,32988.0,6353,26635.0,0.1706266318537859,0.2211532838177671,73,525.9479711088144,895.0,7,14,True,"{6: np.int64(34), 2: np.int64(37), 0: np.int64(31), 4: np.int64(58), 1: np.int64(19), 5: np.int64(94), 3: np.int64(59)}","{(4, 6): [(np.int64(58), 51), (51, 66), (66, np.int64(34))], (0, 2): [(np.int64(31), 37)], (2, 6): [(np.int64(37), 34)], (0, 1): [(np.int64(31), 39), (39, np.int64(19))], (1, 6): [(np.int64(19), 43), (43, 39), (39, np.int64(34))], (3, 6): [(np.int64(59), 39), (39, 43), (43, 29), (29, np.int64(34))], (2, 5): [(np.int64(37), 94)], (2, 4): [(np.int64(37), 31), (31, 78), (78, np.int64(58))], (1, 5): [(np.int64(19), 63), (63, np.int64(94))], (0, 5): [(np.int64(31), 78), (78, 58), (58, np.int64(94))], (2, 3): [(np.int64(37), 25), (25, 64), (64, 63), (63, np.int64(59))], (0, 4): [(np.int64(31), 78), (78, np.int64(58))], (1, 3): [(np.int64(19), 92), (92, np.int64(59))], (5, 6): [(np.int64(94), 72), (72, 15), (15, np.int64(34))]}","{(6, np.int64(34)): {'cpu': 19}, (2, np.int64(37)): {'cpu': 14}, (0, np.int64(31)): {'cpu': 15}, (4, np.int64(58)): {'cpu': 20}, (1, np.int64(19)): {'cpu': 9}, (5, np.int64(94)): {'cpu': 6}, (3, np.int64(59)): {'cpu': 5}}","{((4, 6), (np.int64(58), 51)): {'bw': 45.0}, ((4, 6), (51, 66)): {'bw': 45.0}, ((4, 6), (66, np.int64(34))): {'bw': 45.0}, ((0, 2), (np.int64(31), 37)): {'bw': 42.0}, ((2, 6), (np.int64(37), 34)): {'bw': 40.0}, ((0, 1), (np.int64(31), 39)): {'bw': 40.0}, ((0, 1), (39, np.int64(19))): {'bw': 40.0}, ((1, 6), (np.int64(19), 43)): {'bw': 32.0}, ((1, 6), (43, 39)): {'bw': 32.0}, ((1, 6), (39, np.int64(34))): {'bw': 32.0}, ((3, 6), (np.int64(59), 39)): {'bw': 31.0}, ((3, 6), (39, 43)): {'bw': 31.0}, ((3, 6), (43, 29)): {'bw': 31.0}, ((3, 6), (29, np.int64(34))): {'bw': 31.0}, ((2, 5), (np.int64(37), 94)): {'bw': 23.0}, ((2, 4), (np.int64(37), 31)): {'bw': 24.0}, ((2, 4), (31, 78)): {'bw': 24.0}, ((2, 4), (78, np.int64(58))): {'bw': 24.0}, ((1, 5), (np.int64(19), 63)): {'bw': 17.0}, ((1, 5), (63, np.int64(94))): {'bw': 17.0}, ((0, 5), (np.int64(31), 78)): {'bw': 18.0}, ((0, 5), (78, 58)): {'bw': 18.0}, ((0, 5), (58, np.int64(94))): {'bw': 18.0}, ((2, 3), (np.int64(37), 25)): {'bw': 14.0}, ((2, 3), (25, 64)): {'bw': 14.0}, ((2, 3), (64, 63)): {'bw': 14.0}, ((2, 3), (63, np.int64(59))): {'bw': 14.0}, ((0, 4), (np.int64(31), 78)): {'bw': 16.0}, ((0, 4), (78, np.int64(58))): {'bw': 16.0}, ((1, 3), (np.int64(19), 92)): {'bw': 11.0}, ((1, 3), (92, np.int64(59))): {'bw': 11.0}, ((5, 6), (np.int64(94), 72)): {'bw': 9.0}, ((5, 6), (72, 15)): {'bw': 9.0}, ((5, 6), (15, np.int64(34))): {'bw': 9.0}}",925.0,450.0,450.0,88.0,362.0,88.0,362.0,88.0,837.0,475.0,0.4864864864864865,486501.8732756533,236676.58699896646,255.86658053942324,Success,0.0,"{'node_level': {}, 'link_level': {}, 'path_level': {}}","{'node_level': {6: {'cpu': -32}, 2: {'cpu': -70}, 0: {'cpu': -52}, 4: {'cpu': -49}, 1: {'cpu': -51}, 5: {'cpu': -35}, 3: {'cpu': -68}}, 'link_level': {}, 'path_level': {}}","{'node_level': {6: {'cpu': 0}, 2: {'cpu': 0}, 0: {'cpu': 0}, 4: {'cpu': 0}, 1: {'cpu': 0}, 5: {'cpu': 0}, 3: {'cpu': 0}}, 'link_level': {}, 'path_level': {}}",[],0.0,0.0,True,True,False,0,[],0,0.0,"OrderedDict([((4, 6), 0), ((0, 2), 0), ((2, 6), 0), ((0, 1), 0), ((1, 6), 0), ((3, 6), 0), ((2, 5), 0), ((2, 4), 0), ((1, 5), 0), ((0, 5), 0), ((2, 3), 0), ((0, 4), 0), ((1, 3), 0), ((5, 6), 0)])",4.0,0.0,7.0,14.0
74,44,23,9302.0,16464.0,4500870.147536806,7874096.519105464,0.5649902818270165,0.5716046452587968,58,106,0,910.6762241496359,32988.0,6353,26635.0,0.1706266318537859,0.2211532838177671,69,63.67622414963592,847.0,10,17,False,{},{},{},{},0.0,0.0,0.0,0.0,0.0,0.0,0.0,0.0,0.0,0.0,0.0,0.0,0.0,0.0,Leave Event,0.0,"{'node_level': {}, 'link_level': {}, 'path_level': {}}","{'node_level': {}, 'link_level': {}, 'path_level': {}}","{'node_level': {}, 'link_level': {}, 'path_level': {}}",[],0.0,0.0,True,True,False,0,[],0,0.0,,,,,
75,44,23,9302.0,16464.0,4500870.147536806,7874096.519105464,0.5649902818270165,0.5716046452587968,58,107,1,914.0,32988.0,6353,26635.0,0.1706266318537859,0.2211532838177671,74,183.66331739306148,914.0,6,7,False,"{3: np.int64(26), 2: np.int64(93), 0: np.int64(35)}",{},"{(3, np.int64(26)): {'cpu': 12}, (2, np.int64(93)): {'cpu': 5}, (0, np.int64(35)): {'cpu': 9}}",{},0.0,0.0,272.0,38.0,234.0,0.0,0.0,0.0,0.0,0.0,0.0,0.0,0.0,0.0,Place Failure,0.0,"{'node_level': {}, 'link_level': {}, 'path_level': {}}","{'node_level': {3: {'cpu': -50}, 2: {'cpu': -69}, 0: {'cpu': -53}}, 'link_level': {}, 'path_level': {}}","{'node_level': {3: {'cpu': 0}, 2: {'cpu': 0}, 0: {'cpu': 0}}, 'link_level': {}, 'path_level': {}}",[],0.0,0.0,False,True,False,0,[],0,0.0,,,,3.0,0.0
75,44,22,9302.0,16464.0,4500870.147536806,7874096.519105464,0.5649902818270165,0.5716046452587968,58,108,0,916.3291322410356,33447.0,6420,27027.0,0.16187989556135773,0.20969062518275927,1,889.3291322410356,27.0,7,11,False,{},{},{},{},0.0,0.0,0.0,0.0,0.0,0.0,0.0,0.0,0.0,0.0,0.0,0.0,0.0,0.0,Leave Event,0.0,"{'node_level': {}, 'link_level': {}, 'path_level': {}}","{'node_level': {}, 'link_level': {}, 'path_level': {}}","{'node_level': {}, 'link_level': {}, 'path_level': {}}",[],0.0,0.0,True,True,False,0,[],0,0.0,,,,,
76,45,23,9399.0,16573.0,4789628.449810268,8198577.49794884,0.5671272551740784,0.5842023754741065,58,109,1,925.0,33338.0,6363,26975.0,0.16932114882506533,0.2112111819404644,75,2976.8897141594107,925.0,4,3,True,"{2: np.int64(90), 3: np.int64(93), 1: np.int64(26), 0: np.int64(21)}","{(2, 3): [(np.int64(90), 93)], (0, 1): [(np.int64(21), 26)], (0, 3): [(np.int64(21), 63), (63, 59), (59, np.int64(93))]}","{(2, np.int64(90)): {'cpu': 19}, (3, np.int64(93)): {'cpu': 9}, (1, np.int64(26)): {'cpu': 18}, (0, np.int64(21)): {'cpu': 11}}","{((2, 3), (np.int64(90), 93)): {'bw': 22.0}, ((0, 1), (np.int64(21), 26)): {'bw': 12.0}, ((0, 3), (np.int64(21), 63)): {'bw': 6.0}, ((0, 3), (63, 59)): {'bw': 6.0}, ((0, 3), (59, np.int64(93))): {'bw': 6.0}}",109.0,97.0,97.0,57.0,40.0,57.0,40.0,57.0,52.0,12.0,0.8899082568807339,324480.97884337575,288758.3022734628,2649.1587364537877,Success,0.0,"{'node_level': {}, 'link_level': {}, 'path_level': {}}","{'node_level': {2: {'cpu': -49}, 3: {'cpu': -65}, 1: {'cpu': -44}, 0: {'cpu': -43}}, 'link_level': {}, 'path_level': {}}","{'node_level': {2: {'cpu': 0}, 3: {'cpu': 0}, 1: {'cpu': 0}, 0: {'cpu': 0}}, 'link_level': {}, 'path_level': {}}",[],0.0,0.0,True,True,False,0,[],0,0.0,"OrderedDict([((2, 3), 0), ((0, 1), 0), ((0, 3), 0)])",2.0,0.0,4.0,3.0
76,45,22,9399.0,16573.0,4789628.449810268,8198577.49794884,0.5671272551740784,0.5842023754741065,58,110,0,928.489873315436,33941.0,6450,27491.0,0.15796344647519578,0.1961225802678519,47,350.489873315436,578.0,9,14,False,{},{},{},{},0.0,0.0,0.0,0.0,0.0,0.0,0.0,0.0,0.0,0.0,0.0,0.0,0.0,0.0,Leave Event,0.0,"{'node_level': {}, 'link_level': {}, 'path_level': {}}","{'node_level': {}, 'link_level': {}, 'path_level': {}}","{'node_level': {}, 'link_level': {}, 'path_level': {}}",[],0.0,0.0,True,True,False,0,[],0,0.0,,,,,
76,45,21,9399.0,16573.0,4789628.449810268,8198577.49794884,0.5671272551740784,0.5842023754741065,58,111,0,933.2992595826315,34724.0,6554,28170.0,0.14438642297650128,0.17626761798935608,50,319.29925958263146,614.0,8,13,False,{},{},{},{},0.0,0.0,0.0,0.0,0.0,0.0,0.0,0.0,0.0,0.0,0.0,0.0,0.0,0.0,Leave Event,0.0,"{'node_level': {}, 'link_level': {}, 'path_level': {}}","{'node_level': {}, 'link_level': {}, 'path_level': {}}","{'node_level': {}, 'link_level': {}, 'path_level': {}}",[],0.0,0.0,True,True,False,0,[],0,0.0,,,,,
77,46,22,9539.0,16881.0,4814060.999273403,8252329.106767736,0.5650731591730348,0.5833578541269507,58,112,1,935.0,34416.0,6513,27903.0,0.14973890339425588,0.18407509211064976,76,174.5182104509615,935.0,5,4,True,"{1: np.int64(35), 0: np.int64(17), 3: np.int64(93), 4: np.int64(98), 2: np.int64(33)}","{(0, 1): [(np.int64(17), 4), (4, 65), (65, np.int64(35))], (1, 3): [(np.int64(35), 90), (90, np.int64(93))], (3, 4): [(np.int64(93), 18), (18, 34), (34, np.int64(98))], (1, 2): [(np.int64(35), 28), (28, 86), (86, np.int64(33))]}","{(1, np.int64(35)): {'cpu': 16}, (0, np.int64(17)): {'cpu': 15}, (3, np.int64(93)): {'cpu': 4}, (4, np.int64(98)): {'cpu': 1}, (2, np.int64(33)): {'cpu': 5}}","{((0, 1), (np.int64(17), 4)): {'bw': 41.0}, ((0, 1), (4, 65)): {'bw': 41.0}, ((0, 1), (65, np.int64(35))): {'bw': 41.0}, ((1, 3), (np.int64(35), 90)): {'bw': 30.0}, ((1, 3), (90, np.int64(93))): {'bw': 30.0}, ((3, 4), (np.int64(93), 18)): {'bw': 25.0}, ((3, 4), (18, 34)): {'bw': 25.0}, ((3, 4), (34, np.int64(98))): {'bw': 25.0}, ((1, 2), (np.int64(35), 28)): {'bw': 3.0}, ((1, 2), (28, 86)): {'bw': 3.0}, ((1, 2), (86, np.int64(33))): {'bw': 3.0}}",308.0,140.0,140.0,41.0,99.0,41.0,99.0,41.0,267.0,168.0,0.45454545454545453,53751.608818896144,24432.549463134612,79.3264592958916,Success,0.0,"{'node_level': {}, 'link_level': {}, 'path_level': {}}","{'node_level': {1: {'cpu': -67}, 0: {'cpu': -27}, 3: {'cpu': -76}, 4: {'cpu': -92}, 2: {'cpu': -55}}, 'link_level': {}, 'path_level': {}}","{'node_level': {1: {'cpu': 0}, 0: {'cpu': 0}, 3: {'cpu': 0}, 4: {'cpu': 0}, 2: {'cpu': 0}}, 'link_level': {}, 'path_level': {}}",[],0.0,0.0,True,True,False,0,[],0,0.0,"OrderedDict([((0, 1), 0), ((1, 3), 0), ((3, 4), 0), ((1, 2), 0)])",2.0,0.0,5.0,4.0
77,46,21,9539.0,16881.0,4814060.999273403,8252329.106767736,0.5650731591730348,0.5833578541269507,58,113,0,948.5075596807512,35001.0,6577,28424.0,0.1413838120104438,0.16884028305748877,56,263.5075596807512,685.0,5,8,False,{},{},{},{},0.0,0.0,0.0,0.0,0.0,0.0,0.0,0.0,0.0,0.0,0.0,0.0,0.0,0.0,Leave Event,0.0,"{'node_level': {}, 'link_level': {}, 'path_level': {}}","{'node_level': {}, 'link_level': {}, 'path_level': {}}","{'node_level': {}, 'link_level': {}, 'path_level': {}}",[],0.0,0.0,True,True,False,0,[],0,0.0,,,,,
78,47,22,9723.0,17146.0,4915533.178654942,8398471.104246583,0.5670710369765543,0.5852890505474816,59,114,1,949.0,34736.0,6543,28193.0,0.14582245430809404,0.17559506403883263,77,551.4792357692336,949.0,6,8,True,"{1: np.int64(98), 5: np.int64(77), 3: np.int64(50), 0: np.int64(33), 2: np.int64(67), 4: np.int64(52)}","{(3, 4): [(np.int64(50), 52)], (1, 5): [(np.int64(98), 77)], (0, 5): [(np.int64(33), 32), (32, 12), (12, np.int64(77))], (2, 4): [(np.int64(67), 52)], (0, 1): [(np.int64(33), 86), (86, 49), (49, np.int64(98))], (3, 5): [(np.int64(50), 64), (64, 63), (63, np.int64(77))], (2, 3): [(np.int64(67), 50)], (0, 4): [(np.int64(33), 64), (64, np.int64(52))]}","{(1, np.int64(98)): {'cpu': 15}, (5, np.int64(77)): {'cpu': 6}, (3, np.int64(50)): {'cpu': 4}, (0, np.int64(33)): {'cpu': 5}, (2, np.int64(67)): {'cpu': 3}, (4, np.int64(52)): {'cpu': 1}}","{((3, 4), (np.int64(50), 52)): {'bw': 42.0}, ((1, 5), (np.int64(98), 77)): {'bw': 44.0}, ((0, 5), (np.int64(33), 32)): {'bw': 25.0}, ((0, 5), (32, 12)): {'bw': 25.0}, ((0, 5), (12, np.int64(77))): {'bw': 25.0}, ((2, 4), (np.int64(67), 52)): {'bw': 19.0}, ((0, 1), (np.int64(33), 86)): {'bw': 9.0}, ((0, 1), (86, 49)): {'bw': 9.0}, ((0, 1), (49, np.int64(98))): {'bw': 9.0}, ((3, 5), (np.int64(50), 64)): {'bw': 5.0}, ((3, 5), (64, 63)): {'bw': 5.0}, ((3, 5), (63, np.int64(77))): {'bw': 5.0}, ((2, 3), (np.int64(67), 50)): {'bw': 3.0}, ((0, 4), (np.int64(33), 64)): {'bw': 3.0}, ((0, 4), (64, np.int64(52))): {'bw': 3.0}}",265.0,184.0,184.0,34.0,150.0,34.0,150.0,34.0,231.0,81.0,0.6943396226415094,146141.9974788469,101472.17938153898,382.91388445863765,Success,0.0,"{'node_level': {}, 'link_level': {}, 'path_level': {}}","{'node_level': {1: {'cpu': -77}, 5: {'cpu': -52}, 3: {'cpu': -81}, 0: {'cpu': -50}, 2: {'cpu': -95}, 4: {'cpu': -72}}, 'link_level': {}, 'path_level': {}}","{'node_level': {1: {'cpu': 0}, 5: {'cpu': 0}, 3: {'cpu': 0}, 0: {'cpu': 0}, 2: {'cpu': 0}, 4: {'cpu': 0}}, 'link_level': {}, 'path_level': {}}",[],0.0,0.0,True,True,False,0,[],0,0.0,"OrderedDict([((3, 4), 0), ((1, 5), 0), ((0, 5), 0), ((2, 4), 0), ((0, 1), 0), ((3, 5), 0), ((2, 3), 0), ((0, 4), 0)])",3.0,0.0,6.0,8.0
78,47,21,9723.0,17146.0,4915533.178654942,8398471.104246583,0.5670710369765543,0.5852890505474816,59,115,0,959.9866750981604,34773.0,6575,28198.0,0.14164490861618795,0.17544885665828414,42,437.9866750981604,522.0,2,1,False,{},{},{},{},0.0,0.0,0.0,0.0,0.0,0.0,0.0,0.0,0.0,0.0,0.0,0.0,0.0,0.0,Leave Event,0.0,"{'node_level': {}, 'link_level': {}, 'path_level': {}}","{'node_level': {}, 'link_level': {}, 'path_level': {}}","{'node_level': {}, 'link_level': {}, 'path_level': {}}",[],0.0,0.0,True,True,False,0,[],0,0.0,,,,,
79,48,22,10328.0,18257.0,5008364.129826148,8568942.487306435,0.5657008270800241,0.584478672513588,61,116,1,965.0,33662.0,6501,27161.0,0.1513054830287206,0.20577226738405752,78,153.4395887127384,965.0,9,17,True,"{0: np.int64(35), 3: np.int64(93), 8: np.int64(80), 5: np.int64(59), 4: np.int64(20), 7: np.int64(90), 1: np.int64(82), 2: np.int64(34), 6: np.int64(4)}","{(1, 3): [(np.int64(82), 93)], (1, 8): [(np.int64(82), 12), (12, np.int64(80))], (0, 5): [(np.int64(35), 32), (32, 76), (76, 83), (83, np.int64(59))], (2, 8): [(np.int64(34), 99), (99, np.int64(80))], (3, 5): [(np.int64(93), 59)], (0, 2): [(np.int64(35), 60), (60, 29), (29, np.int64(34))], (3, 7): [(np.int64(93), 89), (89, np.int64(90))], (2, 3): [(np.int64(34), 18), (18, np.int64(93))], (0, 1): [(np.int64(35), 26), (26, np.int64(82))], (4, 8): [(np.int64(20), 80)], (1, 6): [(np.int64(82), 4)], (4, 7): [(np.int64(20), 35), (35, np.int64(90))], (0, 7): [(np.int64(35), 90)], (6, 8): [(np.int64(4), 83), (83, 32), (32, np.int64(80))], (4, 6): [(np.int64(20), 18), (18, np.int64(4))], (4, 5): [(np.int64(20), 63), (63, np.int64(59))], (0, 4): [(np.int64(35), 20)]}","{(0, np.int64(35)): {'cpu': 14}, (3, np.int64(93)): {'cpu': 11}, (8, np.int64(80)): {'cpu': 7}, (5, np.int64(59)): {'cpu': 9}, (4, np.int64(20)): {'cpu': 9}, (7, np.int64(90)): {'cpu': 10}, (1, np.int64(82)): {'cpu': 5}, (2, np.int64(34)): {'cpu': 3}, (6, np.int64(4)): {'cpu': 6}}","{((1, 3), (np.int64(82), 93)): {'bw': 49.0}, ((1, 8), (np.int64(82), 12)): {'bw': 46.0}, ((1, 8), (12, np.int64(80))): {'bw': 46.0}, ((0, 5), (np.int64(35), 32)): {'bw': 50.0}, ((0, 5), (32, 76)): {'bw': 50.0}, ((0, 5), (76, 83)): {'bw': 50.0}, ((0, 5), (83, np.int64(59))): {'bw': 50.0}, ((2, 8), (np.int64(34), 99)): {'bw': 48.0}, ((2, 8), (99, np.int64(80))): {'bw': 48.0}, ((3, 5), (np.int64(93), 59)): {'bw': 40.0}, ((0, 2), (np.int64(35), 60)): {'bw': 37.0}, ((0, 2), (60, 29)): {'bw': 37.0}, ((0, 2), (29, np.int64(34))): {'bw': 37.0}, ((3, 7), (np.int64(93), 89)): {'bw': 38.0}, ((3, 7), (89, np.int64(90))): {'bw': 38.0}, ((2, 3), (np.int64(34), 18)): {'bw': 35.0}, ((2, 3), (18, np.int64(93))): {'bw': 35.0}, ((0, 1), (np.int64(35), 26)): {'bw': 31.0}, ((0, 1), (26, np.int64(82))): {'bw': 31.0}, ((4, 8), (np.int64(20), 80)): {'bw': 32.0}, ((1, 6), (np.int64(82), 4)): {'bw': 29.0}, ((4, 7), (np.int64(20), 35)): {'bw': 24.0}, ((4, 7), (35, np.int64(90))): {'bw': 24.0}, ((0, 7), (np.int64(35), 90)): {'bw': 19.0}, ((6, 8), (np.int64(4), 83)): {'bw': 16.0}, ((6, 8), (83, 32)): {'bw': 16.0}, ((6, 8), (32, np.int64(80))): {'bw': 16.0}, ((4, 6), (np.int64(20), 18)): {'bw': 15.0}, ((4, 6), (18, np.int64(4))): {'bw': 15.0}, ((4, 5), (np.int64(20), 63)): {'bw': 13.0}, ((4, 5), (63, np.int64(59))): {'bw': 13.0}, ((0, 4), (np.int64(35), 20)): {'bw': 9.0}}",1111.0,605.0,605.0,74.0,531.0,74.0,531.0,74.0,1037.0,506.0,0.5445544554455446,170471.38305985238,92830.95117120675,83.55621167525359,Success,0.0,"{'node_level': {}, 'link_level': {}, 'path_level': {}}","{'node_level': {0: {'cpu': -53}, 3: {'cpu': -65}, 8: {'cpu': -47}, 5: {'cpu': -79}, 4: {'cpu': -62}, 7: {'cpu': -39}, 1: {'cpu': -53}, 2: {'cpu': -55}, 6: {'cpu': -47}}, 'link_level': {}, 'path_level': {}}","{'node_level': {0: {'cpu': 0}, 3: {'cpu': 0}, 8: {'cpu': 0}, 5: {'cpu': 0}, 4: {'cpu': 0}, 7: {'cpu': 0}, 1: {'cpu': 0}, 2: {'cpu': 0}, 6: {'cpu': 0}}, 'link_level': {}, 'path_level': {}}",[],0.0,0.0,True,True,False,0,[],0,0.0,"OrderedDict([((1, 3), 0), ((1, 8), 0), ((0, 5), 0), ((2, 8), 0), ((3, 5), 0), ((0, 2), 0), ((3, 7), 0), ((2, 3), 0), ((0, 1), 0), ((4, 8), 0), ((1, 6), 0), ((4, 7), 0), ((0, 7), 0), ((6, 8), 0), ((4, 6), 0), ((4, 5), 0), ((0, 4), 0)])",10.0,0.0,9.0,17.0
79,48,22,10328.0,18257.0,5008364.129826148,8568942.487306435,0.5657008270800241,0.584478672513588,61,117,0,976.4279392314331,33662.0,6501,27161.0,0.1513054830287206,0.20577226738405752,52,338.4279392314331,638.0,9,21,False,{},{},{},{},0.0,0.0,0.0,0.0,0.0,0.0,0.0,0.0,0.0,0.0,0.0,0.0,0.0,0.0,Leave Event,0.0,"{'node_level': {}, 'link_level': {}, 'path_level': {}}","{'node_level': {}, 'link_level': {}, 'path_level': {}}","{'node_level': {}, 'link_level': {}, 'path_level': {}}",[],0.0,0.0,True,True,False,0,[],0,0.0,,,,,
80,49,23,10702.0,19075.0,5110992.486015172,8793407.715548739,0.5610484927916121,0.5812300135904966,61,118,1,977.0,32844.0,6427,26417.0,0.16096605744125325,0.22752792560968482,79,274.40736948936836,977.0,8,12,True,"{3: np.int64(62), 7: np.int64(67), 4: np.int64(5), 2: np.int64(33), 0: np.int64(50), 1: np.int64(25), 6: np.int64(36), 5: np.int64(19)}","{(2, 6): [(np.int64(33), 64), (64, np.int64(36))], (0, 2): [(np.int64(50), 55), (55, np.int64(33))], (3, 7): [(np.int64(62), 10), (10, 36), (36, 50), (50, np.int64(67))], (0, 4): [(np.int64(50), 64), (64, 52), (52, np.int64(5))], (1, 2): [(np.int64(25), 33)], (1, 7): [(np.int64(25), 26), (26, 6), (6, np.int64(67))], (3, 5): [(np.int64(62), 31), (31, 39), (39, np.int64(19))], (3, 6): [(np.int64(62), 36)], (4, 6): [(np.int64(5), 17), (17, np.int64(36))], (5, 7): [(np.int64(19), 35), (35, 52), (52, np.int64(67))], (1, 4): [(np.int64(25), 7), (7, 81), (81, np.int64(5))], (0, 5): [(np.int64(50), 64), (64, 63), (63, np.int64(19))]}","{(3, np.int64(62)): {'cpu': 17}, (7, np.int64(67)): {'cpu': 15}, (4, np.int64(5)): {'cpu': 17}, (2, np.int64(33)): {'cpu': 6}, (0, np.int64(50)): {'cpu': 7}, (1, np.int64(25)): {'cpu': 7}, (6, np.int64(36)): {'cpu': 4}, (5, np.int64(19)): {'cpu': 1}}","{((2, 6), (np.int64(33), 64)): {'bw': 50.0}, ((2, 6), (64, np.int64(36))): {'bw': 50.0}, ((0, 2), (np.int64(50), 55)): {'bw': 50.0}, ((0, 2), (55, np.int64(33))): {'bw': 50.0}, ((3, 7), (np.int64(62), 10)): {'bw': 45.0}, ((3, 7), (10, 36)): {'bw': 45.0}, ((3, 7), (36, 50)): {'bw': 45.0}, ((3, 7), (50, np.int64(67))): {'bw': 45.0}, ((0, 4), (np.int64(50), 64)): {'bw': 42.0}, ((0, 4), (64, 52)): {'bw': 42.0}, ((0, 4), (52, np.int64(5))): {'bw': 42.0}, ((1, 2), (np.int64(25), 33)): {'bw': 37.0}, ((1, 7), (np.int64(25), 26)): {'bw': 29.0}, ((1, 7), (26, 6)): {'bw': 29.0}, ((1, 7), (6, np.int64(67))): {'bw': 29.0}, ((3, 5), (np.int64(62), 31)): {'bw': 22.0}, ((3, 5), (31, 39)): {'bw': 22.0}, ((3, 5), (39, np.int64(19))): {'bw': 22.0}, ((3, 6), (np.int64(62), 36)): {'bw': 11.0}, ((4, 6), (np.int64(5), 17)): {'bw': 5.0}, ((4, 6), (17, np.int64(36))): {'bw': 5.0}, ((5, 7), (np.int64(19), 35)): {'bw': 4.0}, ((5, 7), (35, 52)): {'bw': 4.0}, ((5, 7), (52, np.int64(67))): {'bw': 4.0}, ((1, 4), (np.int64(25), 7)): {'bw': 3.0}, ((1, 4), (7, 81)): {'bw': 3.0}, ((1, 4), (81, np.int64(5))): {'bw': 3.0}, ((0, 5), (np.int64(50), 64)): {'bw': 2.0}, ((0, 5), (64, 63)): {'bw': 2.0}, ((0, 5), (63, np.int64(19))): {'bw': 2.0}}",818.0,374.0,374.0,74.0,300.0,74.0,300.0,74.0,744.0,444.0,0.4572127139364303,224465.22824230333,102628.35618902376,125.46253812839092,Success,0.0,"{'node_level': {}, 'link_level': {}, 'path_level': {}}","{'node_level': {3: {'cpu': -78}, 7: {'cpu': -80}, 4: {'cpu': -16}, 2: {'cpu': -44}, 0: {'cpu': -74}, 1: {'cpu': -30}, 6: {'cpu': -62}, 5: {'cpu': -61}}, 'link_level': {}, 'path_level': {}}","{'node_level': {3: {'cpu': 0}, 7: {'cpu': 0}, 4: {'cpu': 0}, 2: {'cpu': 0}, 0: {'cpu': 0}, 1: {'cpu': 0}, 6: {'cpu': 0}, 5: {'cpu': 0}}, 'link_level': {}, 'path_level': {}}",[],0.0,0.0,True,True,False,0,[],0,0.0,"OrderedDict([((2, 6), 0), ((0, 2), 0), ((3, 7), 0), ((0, 4), 0), ((1, 2), 0), ((1, 7), 0), ((3, 5), 0), ((3, 6), 0), ((4, 6), 0), ((5, 7), 0), ((1, 4), 0), ((0, 5), 0)])",3.0,0.0,8.0,12.0
80,49,23,10702.0,19075.0,5110992.486015172,8793407.715548739,0.5610484927916121,0.5812300135904966,61,119,0,982.1617488701635,32844.0,6427,26417.0,0.16096605744125325,0.22752792560968482,24,688.1617488701635,294.0,7,12,False,{},{},{},{},0.0,0.0,0.0,0.0,0.0,0.0,0.0,0.0,0.0,0.0,0.0,0.0,0.0,0.0,Leave Event,0.0,"{'node_level': {}, 'link_level': {}, 'path_level': {}}","{'node_level': {}, 'link_level': {}, 'path_level': {}}","{'node_level': {}, 'link_level': {}, 'path_level': {}}",[],0.0,0.0,True,True,False,0,[],0,0.0,,,,,
80,49,23,10702.0,19075.0,5110992.486015172,8793407.715548739,0.5610484927916121,0.5812300135904966,61,120,0,987.7258386294026,32844.0,6427,26417.0,0.16096605744125325,0.22752792560968482,70,128.72583862940257,859.0,6,10,False,{},{},{},{},0.0,0.0,0.0,0.0,0.0,0.0,0.0,0.0,0.0,0.0,0.0,0.0,0.0,0.0,Leave Event,0.0,"{'node_level': {}, 'link_level': {}, 'path_level': {}}","{'node_level': {}, 'link_level': {}, 'path_level': {}}","{'node_level': {}, 'link_level': {}, 'path_level': {}}",[],0.0,0.0,True,True,False,0,[],0,0.0,,,,,
81,50,24,11126.0,19994.0,5555387.842625891,9756613.688957348,0.5564669400820246,0.5693971309854714,61,121,1,990.0,31925.0,6308,25617.0,0.17650130548302867,0.250921106497456,80,1048.102256157356,990.0,8,12,True,"{6: np.int64(28), 5: np.int64(3), 7: np.int64(72), 2: np.int64(48), 1: np.int64(53), 3: np.int64(98), 0: np.int64(21), 4: np.int64(75)}","{(2, 6): [(np.int64(48), 85), (85, np.int64(28))], (1, 7): [(np.int64(53), 97), (97, np.int64(72))], (1, 4): [(np.int64(53), 40), (40, 57), (57, np.int64(75))], (4, 6): [(np.int64(75), 96), (96, 6), (6, 48), (48, np.int64(28))], (5, 7): [(np.int64(3), 34), (34, 15), (15, np.int64(72))], (3, 5): [(np.int64(98), 8), (8, np.int64(3))], (2, 7): [(np.int64(48), 97), (97, np.int64(72))], (0, 4): [(np.int64(21), 58), (58, 94), (94, np.int64(75))], (5, 6): [(np.int64(3), 77), (77, 86), (86, np.int64(28))], (1, 2): [(np.int64(53), 48)], (2, 3): [(np.int64(48), 86), (86, 49), (49, np.int64(98))], (0, 2): [(np.int64(21), 28), (28, np.int64(48))]}","{(6, np.int64(28)): {'cpu': 18}, (5, np.int64(3)): {'cpu': 20}, (7, np.int64(72)): {'cpu': 13}, (2, np.int64(48)): {'cpu': 16}, (1, np.int64(53)): {'cpu': 11}, (3, np.int64(98)): {'cpu': 19}, (0, np.int64(21)): {'cpu': 20}, (4, np.int64(75)): {'cpu': 2}}","{((2, 6), (np.int64(48), 85)): {'bw': 50.0}, ((2, 6), (85, np.int64(28))): {'bw': 50.0}, ((1, 7), (np.int64(53), 97)): {'bw': 49.0}, ((1, 7), (97, np.int64(72))): {'bw': 49.0}, ((1, 4), (np.int64(53), 40)): {'bw': 47.0}, ((1, 4), (40, 57)): {'bw': 47.0}, ((1, 4), (57, np.int64(75))): {'bw': 47.0}, ((4, 6), (np.int64(75), 96)): {'bw': 41.0}, ((4, 6), (96, 6)): {'bw': 41.0}, ((4, 6), (6, 48)): {'bw': 41.0}, ((4, 6), (48, np.int64(28))): {'bw': 41.0}, ((5, 7), (np.int64(3), 34)): {'bw': 36.0}, ((5, 7), (34, 15)): {'bw': 36.0}, ((5, 7), (15, np.int64(72))): {'bw': 36.0}, ((3, 5), (np.int64(98), 8)): {'bw': 28.0}, ((3, 5), (8, np.int64(3))): {'bw': 28.0}, ((2, 7), (np.int64(48), 97)): {'bw': 19.0}, ((2, 7), (97, np.int64(72))): {'bw': 19.0}, ((0, 4), (np.int64(21), 58)): {'bw': 15.0}, ((0, 4), (58, 94)): {'bw': 15.0}, ((0, 4), (94, np.int64(75))): {'bw': 15.0}, ((5, 6), (np.int64(3), 77)): {'bw': 9.0}, ((5, 6), (77, 86)): {'bw': 9.0}, ((5, 6), (86, np.int64(28))): {'bw': 9.0}, ((1, 2), (np.int64(53), 48)): {'bw': 4.0}, ((2, 3), (np.int64(48), 86)): {'bw': 5.0}, ((2, 3), (86, 49)): {'bw': 5.0}, ((2, 3), (49, np.int64(98))): {'bw': 5.0}, ((0, 2), (np.int64(21), 28)): {'bw': 2.0}, ((0, 2), (28, np.int64(48))): {'bw': 2.0}}",919.0,424.0,424.0,119.0,305.0,119.0,305.0,119.0,800.0,495.0,0.4613710554951034,963205.9734086101,444395.3566107189,483.5640441901185,Success,0.0,"{'node_level': {}, 'link_level': {}, 'path_level': {}}","{'node_level': {6: {'cpu': -50}, 5: {'cpu': -70}, 7: {'cpu': -50}, 2: {'cpu': -59}, 1: {'cpu': -71}, 3: {'cpu': -58}, 0: {'cpu': -23}, 4: {'cpu': -69}}, 'link_level': {}, 'path_level': {}}","{'node_level': {6: {'cpu': 0}, 5: {'cpu': 0}, 7: {'cpu': 0}, 2: {'cpu': 0}, 1: {'cpu': 0}, 3: {'cpu': 0}, 0: {'cpu': 0}, 4: {'cpu': 0}}, 'link_level': {}, 'path_level': {}}",[],0.0,0.0,True,True,False,0,[],0,0.0,"OrderedDict([((2, 6), 0), ((1, 7), 0), ((1, 4), 0), ((4, 6), 0), ((5, 7), 0), ((3, 5), 0), ((2, 7), 0), ((0, 4), 0), ((5, 6), 0), ((1, 2), 0), ((2, 3), 0), ((0, 2), 0)])",3.0,0.0,8.0,12.0
81,50,23,11126.0,19994.0,5555387.842625891,9756613.688957348,0.5564669400820246,0.5693971309854714,61,122,0,997.1008462480315,31940.0,6318,25622.0,0.1751958224543081,0.2507748991169074,66,190.10084624803153,807.0,2,1,False,{},{},{},{},0.0,0.0,0.0,0.0,0.0,0.0,0.0,0.0,0.0,0.0,0.0,0.0,0.0,0.0,Leave Event,0.0,"{'node_level': {}, 'link_level': {}, 'path_level': {}}","{'node_level': {}, 'link_level': {}, 'path_level': {}}","{'node_level': {}, 'link_level': {}, 'path_level': {}}",[],0.0,0.0,True,True,False,0,[],0,0.0,,,,,
81,50,23,11126.0,19994.0,5555387.842625891,9756613.688957348,0.5564669400820246,0.5693971309854714,61,123,0,997.7189441266352,31940.0,6318,25622.0,0.1751958224543081,0.2507748991169074,68,163.7189441266352,834.0,8,16,False,{},{},{},{},0.0,0.0,0.0,0.0,0.0,0.0,0.0,0.0,0.0,0.0,0.0,0.0,0.0,0.0,Leave Event,0.0,"{'node_level': {}, 'link_level': {}, 'path_level': {}}","{'node_level': {}, 'link_level': {}, 'path_level': {}}","{'node_level': {}, 'link_level': {}, 'path_level': {}}",[],0.0,0.0,True,True,False,0,[],0,0.0,,,,,
82,51,24,11728.0,21232.0,5828761.498137889,10318800.708099965,0.5523737754333082,0.5648681143306196,63,124,1,1007.0,30702.0,6171,24531.0,0.19438642297650133,0.2826773495526054,81,454.1090623122906,1007.0,10,21,True,"{6: np.int64(9), 5: np.int64(19), 1: np.int64(95), 3: np.int64(71), 8: np.int64(70), 2: np.int64(89), 4: np.int64(92), 0: np.int64(5), 9: np.int64(17), 7: np.int64(74)}","{(1, 5): [(np.int64(95), 38), (38, 70), (70, np.int64(19))], (2, 5): [(np.int64(89), 99), (99, 84), (84, np.int64(19))], (6, 7): [(np.int64(9), 23), (23, 91), (91, np.int64(74))], (6, 9): [(np.int64(9), 27), (27, np.int64(17))], (3, 7): [(np.int64(71), 74)], (6, 8): [(np.int64(9), 23), (23, 29), (29, 51), (51, np.int64(70))], (3, 4): [(np.int64(71), 51), (51, np.int64(92))], (0, 6): [(np.int64(5), 9)], (1, 8): [(np.int64(95), 41), (41, 18), (18, 70)], (5, 6): [(np.int64(19), 35), (35, 90), (90, np.int64(9))], (4, 6): [(np.int64(92), 29), (29, 23), (23, np.int64(9))], (2, 6): [(np.int64(89), 9)], (1, 2): [(np.int64(95), 83), (83, np.int64(89))], (0, 1): [(np.int64(5), 81), (81, 38), (38, np.int64(95))], (1, 6): [(np.int64(95), 21), (21, 26), (26, 90), (90, np.int64(9))], (0, 3): [(np.int64(5), 71)], (4, 7): [(np.int64(92), 74)], (2, 4): [(np.int64(89), 83), (83, 21), (21, np.int64(92))], (5, 8): [(np.int64(19), 70)], (8, 9): [(np.int64(70), 51), (51, 58), (58, np.int64(17))], (5, 7): [(np.int64(19), 74)]}","{(6, np.int64(9)): {'cpu': 17}, (5, np.int64(19)): {'cpu': 18}, (1, np.int64(95)): {'cpu': 17}, (3, np.int64(71)): {'cpu': 16}, (8, np.int64(70)): {'cpu': 17}, (2, np.int64(89)): {'cpu': 13}, (4, np.int64(92)): {'cpu': 11}, (0, np.int64(5)): {'cpu': 16}, (9, np.int64(17)): {'cpu': 17}, (7, np.int64(74)): {'cpu': 5}}","{((1, 5), (np.int64(95), 38)): {'bw': 41.0}, ((1, 5), (38, 70)): {'bw': 41.0}, ((1, 5), (70, np.int64(19))): {'bw': 41.0}, ((2, 5), (np.int64(89), 99)): {'bw': 43.0}, ((2, 5), (99, 84)): {'bw': 43.0}, ((2, 5), (84, np.int64(19))): {'bw': 43.0}, ((6, 7), (np.int64(9), 23)): {'bw': 36.0}, ((6, 7), (23, 91)): {'bw': 36.0}, ((6, 7), (91, np.int64(74))): {'bw': 36.0}, ((6, 9), (np.int64(9), 27)): {'bw': 38.0}, ((6, 9), (27, np.int64(17))): {'bw': 38.0}, ((3, 7), (np.int64(71), 74)): {'bw': 37.0}, ((6, 8), (np.int64(9), 23)): {'bw': 31.0}, ((6, 8), (23, 29)): {'bw': 31.0}, ((6, 8), (29, 51)): {'bw': 31.0}, ((6, 8), (51, np.int64(70))): {'bw': 31.0}, ((3, 4), (np.int64(71), 51)): {'bw': 28.0}, ((3, 4), (51, np.int64(92))): {'bw': 28.0}, ((0, 6), (np.int64(5), 9)): {'bw': 24.0}, ((1, 8), (np.int64(95), 41)): {'bw': 21.0}, ((1, 8), (41, 18)): {'bw': 21.0}, ((1, 8), (18, 70)): {'bw': 21.0}, ((5, 6), (np.int64(19), 35)): {'bw': 20.0}, ((5, 6), (35, 90)): {'bw': 20.0}, ((5, 6), (90, np.int64(9))): {'bw': 20.0}, ((4, 6), (np.int64(92), 29)): {'bw': 21.0}, ((4, 6), (29, 23)): {'bw': 21.0}, ((4, 6), (23, np.int64(9))): {'bw': 21.0}, ((2, 6), (np.int64(89), 9)): {'bw': 17.0}, ((1, 2), (np.int64(95), 83)): {'bw': 14.0}, ((1, 2), (83, np.int64(89))): {'bw': 14.0}, ((0, 1), (np.int64(5), 81)): {'bw': 13.0}, ((0, 1), (81, 38)): {'bw': 13.0}, ((0, 1), (38, np.int64(95))): {'bw': 13.0}, ((1, 6), (np.int64(95), 21)): {'bw': 11.0}, ((1, 6), (21, 26)): {'bw': 11.0}, ((1, 6), (26, 90)): {'bw': 11.0}, ((1, 6), (90, np.int64(9))): {'bw': 11.0}, ((0, 3), (np.int64(5), 71)): {'bw': 13.0}, ((4, 7), (np.int64(92), 74)): {'bw': 10.0}, ((2, 4), (np.int64(89), 83)): {'bw': 14.0}, ((2, 4), (83, 21)): {'bw': 14.0}, ((2, 4), (21, np.int64(92))): {'bw': 14.0}, ((5, 8), (np.int64(19), 70)): {'bw': 11.0}, ((8, 9), (np.int64(70), 51)): {'bw': 6.0}, ((8, 9), (51, 58)): {'bw': 6.0}, ((8, 9), (58, np.int64(17))): {'bw': 6.0}, ((5, 7), (np.int64(19), 74)): {'bw': 6.0}}",1238.0,602.0,602.0,147.0,455.0,147.0,455.0,147.0,1091.0,636.0,0.4862681744749596,562187.0191426157,273373.6555119989,220.81878474313322,Success,0.0,"{'node_level': {}, 'link_level': {}, 'path_level': {}}","{'node_level': {6: {'cpu': -78}, 5: {'cpu': -43}, 1: {'cpu': -73}, 3: {'cpu': -67}, 8: {'cpu': -48}, 2: {'cpu': -31}, 4: {'cpu': -28}, 0: {'cpu': -8}, 9: {'cpu': -10}, 7: {'cpu': -49}}, 'link_level': {}, 'path_level': {}}","{'node_level': {6: {'cpu': 0}, 5: {'cpu': 0}, 1: {'cpu': 0}, 3: {'cpu': 0}, 8: {'cpu': 0}, 2: {'cpu': 0}, 4: {'cpu': 0}, 0: {'cpu': 0}, 9: {'cpu': 0}, 7: {'cpu': 0}}, 'link_level': {}, 'path_level': {}}",[],0.0,0.0,True,True,False,0,[],0,0.0,"OrderedDict([((1, 5), 0), ((2, 5), 0), ((6, 7), 0), ((6, 9), 0), ((3, 7), 0), ((6, 8), 0), ((3, 4), 0), ((0, 6), 0), ((1, 8), 0), ((5, 6), 0), ((4, 6), 0), ((2, 6), 0), ((1, 2), 0), ((0, 1), 0), ((1, 6), 0), ((0, 3), 0), ((4, 7), 0), ((2, 4), 0), ((5, 8), 0), ((8, 9), 0), ((5, 7), 0)])",5.0,0.0,10.0,21.0
82,51,23,11728.0,21232.0,5828761.498137889,10318800.708099965,0.5523737754333082,0.5648681143306196,63,125,0,1019.5350454987206,31172.0,6263,24909.0,0.18237597911227155,0.2716240715831335,55,346.5350454987206,673.0,7,7,False,{},{},{},{},0.0,0.0,0.0,0.0,0.0,0.0,0.0,0.0,0.0,0.0,0.0,0.0,0.0,0.0,Leave Event,0.0,"{'node_level': {}, 'link_level': {}, 'path_level': {}}","{'node_level': {}, 'link_level': {}, 'path_level': {}}","{'node_level': {}, 'link_level': {}, 'path_level': {}}",[],0.0,0.0,True,True,False,0,[],0,0.0,,,,,
83,52,24,11806.0,21310.0,5841600.92720542,10331640.137167495,0.5540122008446738,0.5654088653543583,63,126,1,1020.0,31094.0,6229,24865.0,0.18681462140992167,0.272910696531961,82,164.6080649683402,1020.0,2,1,True,"{0: np.int64(99), 1: np.int64(63)}","{(0, 1): [(np.int64(99), 63)]}","{(0, np.int64(99)): {'cpu': 17}, (1, np.int64(63)): {'cpu': 17}}","{((0, 1), (np.int64(99), 63)): {'bw': 44.0}}",78.0,78.0,78.0,34.0,44.0,34.0,44.0,34.0,44.0,0.0,1.0,12839.429067530535,12839.429067530535,164.6080649683402,Success,0.0,"{'node_level': {}, 'link_level': {}, 'path_level': {}}","{'node_level': {0: {'cpu': -41}, 1: {'cpu': -55}}, 'link_level': {}, 'path_level': {}}","{'node_level': {0: {'cpu': 0}, 1: {'cpu': 0}}, 'link_level': {}, 'path_level': {}}",[],0.0,0.0,True,True,False,0,[],0,0.0,"OrderedDict([((0, 1), 0)])",0.0,0.0,2.0,1.0
84,53,25,11916.0,21502.0,5917680.611203343,10464433.767418414,0.5541810064180076,0.565504139328433,65,127,1,1027.0,30902.0,6179,24723.0,0.19334203655352478,0.2770629861395403,83,691.6334908902063,1027.0,5,5,True,"{2: np.int64(4), 3: np.int64(69), 1: np.int64(49), 0: np.int64(0), 4: np.int64(11)}","{(2, 3): [(np.int64(4), 69)], (1, 4): [(np.int64(49), 38), (38, np.int64(11))], (0, 2): [(np.int64(0), 72), (72, 54), (54, np.int64(4))], (0, 4): [(np.int64(0), 86), (86, 49), (49, 38), (38, np.int64(11))], (1, 2): [(np.int64(49), 27), (27, 17), (17, np.int64(4))]}","{(2, np.int64(4)): {'cpu': 18}, (3, np.int64(69)): {'cpu': 13}, (1, np.int64(49)): {'cpu': 8}, (0, np.int64(0)): {'cpu': 6}, (4, np.int64(11)): {'cpu': 5}}","{((2, 3), (np.int64(4), 69)): {'bw': 16.0}, ((1, 4), (np.int64(49), 38)): {'bw': 15.0}, ((1, 4), (38, np.int64(11))): {'bw': 15.0}, ((0, 2), (np.int64(0), 72)): {'bw': 16.0}, ((0, 2), (72, 54)): {'bw': 16.0}, ((0, 2), (54, np.int64(4))): {'bw': 16.0}, ((0, 4), (np.int64(0), 86)): {'bw': 9.0}, ((0, 4), (86, 49)): {'bw': 9.0}, ((0, 4), (49, 38)): {'bw': 9.0}, ((0, 4), (38, np.int64(11))): {'bw': 9.0}, ((1, 2), (np.int64(49), 27)): {'bw': 4.0}, ((1, 2), (27, 17)): {'bw': 4.0}, ((1, 2), (17, np.int64(4))): {'bw': 4.0}}",192.0,110.0,110.0,50.0,60.0,50.0,60.0,50.0,142.0,82.0,0.5729166666666666,132793.6302509196,76079.6839979227,396.2483541558473,Success,0.0,"{'node_level': {}, 'link_level': {}, 'path_level': {}}","{'node_level': {2: {'cpu': -29}, 3: {'cpu': -67}, 1: {'cpu': -45}, 0: {'cpu': -82}, 4: {'cpu': -85}}, 'link_level': {}, 'path_level': {}}","{'node_level': {2: {'cpu': 0}, 3: {'cpu': 0}, 1: {'cpu': 0}, 0: {'cpu': 0}, 4: {'cpu': 0}}, 'link_level': {}, 'path_level': {}}",[],0.0,0.0,True,True,False,0,[],0,0.0,"OrderedDict([((2, 3), 0), ((1, 4), 0), ((0, 2), 0), ((0, 4), 0), ((1, 2), 0)])",3.0,0.0,5.0,5.0
85,53,25,11916.0,21502.0,5917680.611203343,10464433.767418414,0.5541810064180076,0.565504139328433,65,128,1,1041.0,30902.0,6179,24723.0,0.19334203655352478,0.2770629861395403,84,650.478078397653,1041.0,7,10,False,"{6: np.int64(25), 5: np.int64(20), 1: np.int64(7), 2: np.int64(22), 3: np.int64(73), 0: np.int64(45), 4: np.int64(94)}","{(5, 6): [(np.int64(20), 36), (36, np.int64(25))], (3, 6): [(np.int64(73), 25)], (0, 3): [(np.int64(45), 4), (4, 18), (18, np.int64(73))], (1, 6): [(np.int64(7), 25)], (2, 6): [(np.int64(22), 48), (48, 7), (7, np.int64(25))], (1, 5): [(np.int64(7), 25), (25, 64), (64, 10), (10, np.int64(20))], (4, 6): [(np.int64(94), 72), (72, 26), (26, np.int64(25))], (3, 5): [(np.int64(73), 46), (46, 78), (78, 80), (80, np.int64(20))]}","{(6, np.int64(25)): {'cpu': 9}, (5, np.int64(20)): {'cpu': 16}, (1, np.int64(7)): {'cpu': 15}, (2, np.int64(22)): {'cpu': 17}, (3, np.int64(73)): {'cpu': 3}, (0, np.int64(45)): {'cpu': 9}, (4, np.int64(94)): {'cpu': 3}}","{((5, 6), (np.int64(20), 36)): {'bw': 46.0}, ((5, 6), (36, np.int64(25))): {'bw': 46.0}, ((3, 6), (np.int64(73), 25)): {'bw': 41.0}, ((0, 3), (np.int64(45), 4)): {'bw': 36.0}, ((0, 3), (4, 18)): {'bw': 36.0}, ((0, 3), (18, np.int64(73))): {'bw': 36.0}, ((1, 6), (np.int64(7), 25)): {'bw': 34.0}, ((2, 6), (np.int64(22), 48)): {'bw': 31.0}, ((2, 6), (48, 7)): {'bw': 31.0}, ((2, 6), (7, np.int64(25))): {'bw': 31.0}, ((1, 5), (np.int64(7), 25)): {'bw': 24.0}, ((1, 5), (25, 64)): {'bw': 24.0}, ((1, 5), (64, 10)): {'bw': 24.0}, ((1, 5), (10, np.int64(20))): {'bw': 24.0}, ((4, 6), (np.int64(94), 72)): {'bw': 22.0}, ((4, 6), (72, 26)): {'bw': 22.0}, ((4, 6), (26, np.int64(25))): {'bw': 22.0}, ((3, 5), (np.int64(73), 46)): {'bw': 21.0}, ((3, 5), (46, 78)): {'bw': 21.0}, ((3, 5), (78, 80)): {'bw': 21.0}, ((3, 5), (80, np.int64(20))): {'bw': 21.0}}",0.0,0.0,355.0,72.0,283.0,0.0,0.0,0.0,0.0,0.0,0.0,0.0,0.0,0.0,Route Failure,0.0,"{'node_level': {}, 'link_level': {}, 'path_level': {}}","{'node_level': {6: {'cpu': -21}, 5: {'cpu': -46}, 1: {'cpu': -44}, 2: {'cpu': -52}, 3: {'cpu': -90}, 0: {'cpu': -52}, 4: {'cpu': -38}}, 'link_level': {}, 'path_level': {}}","{'node_level': {6: {'cpu': 0}, 5: {'cpu': 0}, 1: {'cpu': 0}, 2: {'cpu': 0}, 3: {'cpu': 0}, 0: {'cpu': 0}, 4: {'cpu': 0}}, 'link_level': {}, 'path_level': {}}",[],0.0,0.0,True,False,False,0,[],0,0.0,"OrderedDict([((5, 6), 0), ((3, 6), 0), ((0, 3), 0), ((1, 6), 0), ((2, 6), 0), ((1, 5), 0), ((4, 6), 0), ((3, 5), 0)])",0.0,0.0,7.0,8.0
86,53,25,11916.0,21502.0,5917680.611203343,10464433.767418414,0.5541810064180076,0.565504139328433,65,129,1,1055.0,30902.0,6179,24723.0,0.19334203655352478,0.2770629861395403,85,585.2453056792999,1055.0,8,12,False,"{4: np.int64(25), 6: np.int64(22), 1: np.int64(20), 2: np.int64(94), 3: np.int64(69), 7: np.int64(45)}",{},"{(4, np.int64(25)): {'cpu': 19}, (6, np.int64(22)): {'cpu': 15}, (1, np.int64(20)): {'cpu': 15}, (2, np.int64(94)): {'cpu': 9}, (3, np.int64(69)): {'cpu': 20}, (7, np.int64(45)): {'cpu': 13}}",{},0.0,0.0,375.0,95.0,280.0,0.0,0.0,0.0,0.0,0.0,0.0,0.0,0.0,0.0,Place Failure,0.0,"{'node_level': {}, 'link_level': {}, 'path_level': {}}","{'node_level': {4: {'cpu': -11}, 6: {'cpu': -54}, 1: {'cpu': -47}, 2: {'cpu': -32}, 3: {'cpu': -47}, 7: {'cpu': -48}}, 'link_level': {}, 'path_level': {}}","{'node_level': {4: {'cpu': 0}, 6: {'cpu': 0}, 1: {'cpu': 0}, 2: {'cpu': 0}, 3: {'cpu': 0}, 7: {'cpu': 0}}, 'link_level': {}, 'path_level': {}}",[],0.0,0.0,False,True,False,0,[],0,0.0,,,,6.0,0.0
86,53,24,11916.0,21502.0,5917680.611203343,10464433.767418414,0.5541810064180076,0.565504139328433,65,130,0,1059.8022804328534,31088.0,6201,24887.0,0.19046997389033937,0.27226738405754725,41,542.8022804328534,517.0,3,2,False,{},{},{},{},0.0,0.0,0.0,0.0,0.0,0.0,0.0,0.0,0.0,0.0,0.0,0.0,0.0,0.0,Leave Event,0.0,"{'node_level': {}, 'link_level': {}, 'path_level': {}}","{'node_level': {}, 'link_level': {}, 'path_level': {}}","{'node_level': {}, 'link_level': {}, 'path_level': {}}",[],0.0,0.0,True,True,False,0,[],0,0.0,,,,,
87,54,25,12014.0,21694.0,5947119.226757347,10522109.42238136,0.5537936756706924,0.565202184089376,65,131,1,1064.0,30896.0,6158,24738.0,0.1960835509138381,0.2766243639978946,86,300.3940362653423,1064.0,3,2,True,"{2: np.int64(59), 1: np.int64(12), 0: np.int64(77)}","{(1, 2): [(np.int64(12), 77), (77, 63), (63, np.int64(59))], (0, 1): [(np.int64(77), 12)]}","{(2, np.int64(59)): {'cpu': 13}, (1, np.int64(12)): {'cpu': 10}, (0, np.int64(77)): {'cpu': 20}}","{((1, 2), (np.int64(12), 77)): {'bw': 47.0}, ((1, 2), (77, 63)): {'bw': 47.0}, ((1, 2), (63, np.int64(59))): {'bw': 47.0}, ((0, 1), (np.int64(77), 12)): {'bw': 8.0}}",192.0,98.0,98.0,43.0,55.0,43.0,55.0,43.0,149.0,94.0,0.5104166666666666,57675.65496294573,29438.615554003547,153.3261226771018,Success,0.0,"{'node_level': {}, 'link_level': {}, 'path_level': {}}","{'node_level': {2: {'cpu': -73}, 1: {'cpu': -60}, 0: {'cpu': -32}}, 'link_level': {}, 'path_level': {}}","{'node_level': {2: {'cpu': 0}, 1: {'cpu': 0}, 0: {'cpu': 0}}, 'link_level': {}, 'path_level': {}}",[],0.0,0.0,True,True,False,0,[],0,0.0,"OrderedDict([((1, 2), 0), ((0, 1), 0)])",0.0,0.0,3.0,2.0
87,54,24,12014.0,21694.0,5947119.226757347,10522109.42238136,0.5537936756706924,0.565202184089376,65,132,0,1065.3676042104587,31517.0,6210,25307.0,0.18929503916449086,0.25998596409146735,59,336.36760421045864,729.0,6,9,False,{},{},{},{},0.0,0.0,0.0,0.0,0.0,0.0,0.0,0.0,0.0,0.0,0.0,0.0,0.0,0.0,Leave Event,0.0,"{'node_level': {}, 'link_level': {}, 'path_level': {}}","{'node_level': {}, 'link_level': {}, 'path_level': {}}","{'node_level': {}, 'link_level': {}, 'path_level': {}}",[],0.0,0.0,True,True,False,0,[],0,0.0,,,,,
87,54,24,12014.0,21694.0,5947119.226757347,10522109.42238136,0.5537936756706924,0.565202184089376,65,133,0,1065.6129781201175,31517.0,6210,25307.0,0.18929503916449086,0.25998596409146735,30,699.6129781201174,366.0,10,25,False,{},{},{},{},0.0,0.0,0.0,0.0,0.0,0.0,0.0,0.0,0.0,0.0,0.0,0.0,0.0,0.0,Leave Event,0.0,"{'node_level': {}, 'link_level': {}, 'path_level': {}}","{'node_level': {}, 'link_level': {}, 'path_level': {}}","{'node_level': {}, 'link_level': {}, 'path_level': {}}",[],0.0,0.0,True,True,False,0,[],0,0.0,,,,,
87,54,24,12014.0,21694.0,5947119.226757347,10522109.42238136,0.5537936756706924,0.565202184089376,65,134,0,1068.0215425676947,31517.0,6210,25307.0,0.18929503916449086,0.25998596409146735,48,477.02154256769484,591.0,10,24,False,{},{},{},{},0.0,0.0,0.0,0.0,0.0,0.0,0.0,0.0,0.0,0.0,0.0,0.0,0.0,0.0,Leave Event,0.0,"{'node_level': {}, 'link_level': {}, 'path_level': {}}","{'node_level': {}, 'link_level': {}, 'path_level': {}}","{'node_level': {}, 'link_level': {}, 'path_level': {}}",[],0.0,0.0,True,True,False,0,[],0,0.0,,,,,
87,54,23,12014.0,21694.0,5947119.226757347,10522109.42238136,0.5537936756706924,0.565202184089376,65,135,0,1077.5993729760376,31963.0,6264,25699.0,0.18224543080939948,0.2485233054564594,58,362.5993729760375,715.0,7,10,False,{},{},{},{},0.0,0.0,0.0,0.0,0.0,0.0,0.0,0.0,0.0,0.0,0.0,0.0,0.0,0.0,Leave Event,0.0,"{'node_level': {}, 'link_level': {}, 'path_level': {}}","{'node_level': {}, 'link_level': {}, 'path_level': {}}","{'node_level': {}, 'link_level': {}, 'path_level': {}}",[],0.0,0.0,True,True,False,0,[],0,0.0,,,,,
87,54,22,12014.0,21694.0,5947119.226757347,10522109.42238136,0.5537936756706924,0.565202184089376,65,136,0,1080.9825256218023,32229.0,6302,25927.0,0.17728459530026108,0.2418562489034446,31,703.9825256218024,377.0,5,5,False,{},{},{},{},0.0,0.0,0.0,0.0,0.0,0.0,0.0,0.0,0.0,0.0,0.0,0.0,0.0,0.0,Leave Event,0.0,"{'node_level': {}, 'link_level': {}, 'path_level': {}}","{'node_level': {}, 'link_level': {}, 'path_level': {}}","{'node_level': {}, 'link_level': {}, 'path_level': {}}",[],0.0,0.0,True,True,False,0,[],0,0.0,,,,,
88,55,23,12125.0,21914.0,5983884.20465793,10594976.946148282,0.5532992607465547,0.5647850141696932,65,137,1,1082.0,32009.0,6283,25726.0,0.17976501305483028,0.24773378560149717,87,331.2160171223706,1082.0,3,3,True,"{0: np.int64(25), 1: np.int64(94), 2: np.int64(4)}","{(0, 2): [(np.int64(25), 26), (26, 83), (83, np.int64(4))], (0, 1): [(np.int64(25), 37), (37, np.int64(94))], (1, 2): [(np.int64(94), 4)]}","{(0, np.int64(25)): {'cpu': 7}, (1, np.int64(94)): {'cpu': 9}, (2, np.int64(4)): {'cpu': 3}}","{((0, 2), (np.int64(25), 26)): {'bw': 41.0}, ((0, 2), (26, 83)): {'bw': 41.0}, ((0, 2), (83, np.int64(4))): {'bw': 41.0}, ((0, 1), (np.int64(25), 37)): {'bw': 27.0}, ((0, 1), (37, np.int64(94))): {'bw': 27.0}, ((1, 2), (np.int64(94), 4)): {'bw': 24.0}}",220.0,111.0,111.0,19.0,92.0,19.0,92.0,19.0,201.0,109.0,0.5045454545454545,72867.52376692153,36764.97790058314,167.11353591174154,Success,0.0,"{'node_level': {}, 'link_level': {}, 'path_level': {}}","{'node_level': {0: {'cpu': -54}, 1: {'cpu': -41}, 2: {'cpu': -46}}, 'link_level': {}, 'path_level': {}}","{'node_level': {0: {'cpu': 0}, 1: {'cpu': 0}, 2: {'cpu': 0}}, 'link_level': {}, 'path_level': {}}",[],0.0,0.0,True,True,False,0,[],0,0.0,"OrderedDict([((0, 2), 0), ((0, 1), 0), ((1, 2), 0)])",0.0,0.0,3.0,3.0
89,55,23,12125.0,21914.0,5983884.20465793,10594976.946148282,0.5532992607465547,0.5647850141696932,65,138,1,1091.0,32009.0,6283,25726.0,0.17976501305483028,0.24773378560149717,88,259.7764327387954,1091.0,8,14,False,"{5: np.int64(25), 1: np.int64(45), 6: np.int64(79), 4: np.int64(94)}",{},"{(5, np.int64(25)): {'cpu': 12}, (1, np.int64(45)): {'cpu': 20}, (6, np.int64(79)): {'cpu': 15}, (4, np.int64(94)): {'cpu': 7}}",{},0.0,0.0,435.0,65.0,370.0,0.0,0.0,0.0,0.0,0.0,0.0,0.0,0.0,0.0,Place Failure,0.0,"{'node_level': {}, 'link_level': {}, 'path_level': {}}","{'node_level': {5: {'cpu': -42}, 1: {'cpu': -47}, 6: {'cpu': -65}, 4: {'cpu': -34}}, 'link_level': {}, 'path_level': {}}","{'node_level': {5: {'cpu': 0}, 1: {'cpu': 0}, 6: {'cpu': 0}, 4: {'cpu': 0}}, 'link_level': {}, 'path_level': {}}",[],0.0,0.0,False,True,False,0,[],0,0.0,,,,4.0,0.0
89,55,23,12125.0,21914.0,5983884.20465793,10594976.946148282,0.5532992607465547,0.5647850141696932,65,139,0,1097.6633173930616,32009.0,6283,25726.0,0.17976501305483028,0.24773378560149717,74,183.66331739306148,914.0,6,7,False,{},{},{},{},0.0,0.0,0.0,0.0,0.0,0.0,0.0,0.0,0.0,0.0,0.0,0.0,0.0,0.0,Leave Event,0.0,"{'node_level': {}, 'link_level': {}, 'path_level': {}}","{'node_level': {}, 'link_level': {}, 'path_level': {}}","{'node_level': {}, 'link_level': {}, 'path_level': {}}",[],0.0,0.0,True,True,False,0,[],0,0.0,,,,,
90,56,24,12160.0,21982.0,6037013.123459221,10698198.845533647,0.5531798744427259,0.5643018241317875,65,140,1,1109.0,31941.0,6281,25660.0,0.18002610966057442,0.24966372302473827,89,1517.9691086083183,1109.0,2,1,True,"{0: np.int64(25), 1: np.int64(45)}","{(0, 1): [(np.int64(25), 28), (28, np.int64(45))]}","{(0, np.int64(25)): {'cpu': 1}, (1, np.int64(45)): {'cpu': 1}}","{((0, 1), (np.int64(25), 28)): {'bw': 33.0}, ((0, 1), (28, np.int64(45))): {'bw': 33.0}}",68.0,35.0,35.0,2.0,33.0,2.0,33.0,2.0,66.0,33.0,0.5147058823529411,103221.89938536564,53128.91880129114,781.307629430752,Success,0.0,"{'node_level': {}, 'link_level': {}, 'path_level': {}}","{'node_level': {0: {'cpu': -53}, 1: {'cpu': -66}}, 'link_level': {}, 'path_level': {}}","{'node_level': {0: {'cpu': 0}, 1: {'cpu': 0}}, 'link_level': {}, 'path_level': {}}",[],0.0,0.0,True,True,False,0,[],0,0.0,"OrderedDict([((0, 1), 0)])",0.0,0.0,2.0,1.0
90,56,23,12160.0,21982.0,6037013.123459221,10698198.845533647,0.5531798744427259,0.5643018241317875,65,141,0,1109.5182104509615,32249.0,6322,25927.0,0.17467362924281982,0.2418562489034446,76,174.5182104509615,935.0,5,4,False,{},{},{},{},0.0,0.0,0.0,0.0,0.0,0.0,0.0,0.0,0.0,0.0,0.0,0.0,0.0,0.0,Leave Event,0.0,"{'node_level': {}, 'link_level': {}, 'path_level': {}}","{'node_level': {}, 'link_level': {}, 'path_level': {}}","{'node_level': {}, 'link_level': {}, 'path_level': {}}",[],0.0,0.0,True,True,False,0,[],0,0.0,,,,,
90,56,22,12160.0,21982.0,6037013.123459221,10698198.845533647,0.5531798744427259,0.5643018241317875,65,142,0,1118.4395887127384,33360.0,6396,26964.0,0.16501305483028716,0.2115328381776712,78,153.4395887127384,965.0,9,17,False,{},{},{},{},0.0,0.0,0.0,0.0,0.0,0.0,0.0,0.0,0.0,0.0,0.0,0.0,0.0,0.0,Leave Event,0.0,"{'node_level': {}, 'link_level': {}, 'path_level': {}}","{'node_level': {}, 'link_level': {}, 'path_level': {}}","{'node_level': {}, 'link_level': {}, 'path_level': {}}",[],0.0,0.0,True,True,False,0,[],0,0.0,,,,,
91,56,22,12160.0,21982.0,6037013.123459221,10698198.845533647,0.5531798744427259,0.5643018241317875,65,143,1,1123.0,33360.0,6396,26964.0,0.16501305483028716,0.2115328381776712,90,8.310489934272583,1123.0,10,24,False,"{0: np.int64(35), 7: np.int64(93), 8: np.int64(4), 9: np.int64(83), 5: np.int64(17), 6: np.int64(21), 3: np.int64(32), 2: np.int64(80), 1: np.int64(82), 4: np.int64(34)}","{(0, 2): [(np.int64(35), 20), (20, np.int64(80))], (1, 5): [(np.int64(82), 4), (4, np.int64(17))], (0, 7): [(np.int64(35), 90), (90, 89), (89, np.int64(93))], (0, 8): [(np.int64(35), 65), (65, np.int64(4))], (2, 8): [(np.int64(80), 93), (93, 18), (18, np.int64(4))], (0, 3): [(np.int64(35), 32)]}","{(0, np.int64(35)): {'cpu': 19}, (7, np.int64(93)): {'cpu': 20}, (8, np.int64(4)): {'cpu': 14}, (9, np.int64(83)): {'cpu': 20}, (5, np.int64(17)): {'cpu': 16}, (6, np.int64(21)): {'cpu': 14}, (3, np.int64(32)): {'cpu': 12}, (2, np.int64(80)): {'cpu': 12}, (1, np.int64(82)): {'cpu': 2}, (4, np.int64(34)): {'cpu': 1}}","{((0, 2), (np.int64(35), 20)): {'bw': 47.0}, ((0, 2), (20, np.int64(80))): {'bw': 47.0}, ((1, 5), (np.int64(82), 4)): {'bw': 49.0}, ((1, 5), (4, np.int64(17))): {'bw': 49.0}, ((0, 7), (np.int64(35), 90)): {'bw': 48.0}, ((0, 7), (90, 89)): {'bw': 48.0}, ((0, 7), (89, np.int64(93))): {'bw': 48.0}, ((0, 8), (np.int64(35), 65)): {'bw': 41.0}, ((0, 8), (65, np.int64(4))): {'bw': 41.0}, ((2, 8), (np.int64(80), 93)): {'bw': 38.0}, ((2, 8), (93, 18)): {'bw': 38.0}, ((2, 8), (18, np.int64(4))): {'bw': 38.0}, ((0, 3), (np.int64(35), 32)): {'bw': 37.0}}",0.0,0.0,764.0,130.0,634.0,0.0,0.0,0.0,0.0,0.0,0.0,0.0,0.0,0.0,Route Failure,0.0,"{'node_level': {}, 'link_level': {}, 'path_level': {}}","{'node_level': {0: {'cpu': -64}, 7: {'cpu': -60}, 8: {'cpu': -38}, 9: {'cpu': -57}, 5: {'cpu': -20}, 6: {'cpu': -14}, 3: {'cpu': -78}, 2: {'cpu': -42}, 1: {'cpu': -56}, 4: {'cpu': -57}}, 'link_level': {}, 'path_level': {}}","{'node_level': {0: {'cpu': 0}, 7: {'cpu': 0}, 8: {'cpu': 0}, 9: {'cpu': 0}, 5: {'cpu': 0}, 6: {'cpu': 0}, 3: {'cpu': 0}, 2: {'cpu': 0}, 1: {'cpu': 0}, 4: {'cpu': 0}}, 'link_level': {}, 'path_level': {}}",[],0.0,0.0,True,False,False,0,[],0,0.0,"OrderedDict([((0, 2), 0), ((1, 5), 0), ((0, 7), 0), ((0, 8), 0), ((2, 8), 0), ((0, 3), 0)])",4.0,0.0,10.0,6.0
91,56,22,12160.0,21982.0,6037013.123459221,10698198.845533647,0.5531798744427259,0.5643018241317875,65,144,0,1131.3104899342725,33360.0,6396,26964.0,0.16501305483028716,0.2115328381776712,90,8.310489934272583,1123.0,10,24,False,{},{},{},{},0.0,0.0,0.0,0.0,0.0,0.0,0.0,0.0,0.0,0.0,0.0,0.0,0.0,0.0,Leave Event,0.0,"{'node_level': {}, 'link_level': {}, 'path_level': {}}","{'node_level': {}, 'link_level': {}, 'path_level': {}}","{'node_level': {}, 'link_level': {}, 'path_level': {}}",[],0.0,0.0,True,True,False,0,[],0,0.0,,,,,
91,56,22,12160.0,21982.0,6037013.123459221,10698198.845533647,0.5531798744427259,0.5643018241317875,65,145,0,1133.3395684587858,33360.0,6396,26964.0,0.16501305483028716,0.2115328381776712,51,503.3395684587858,630.0,9,20,False,{},{},{},{},0.0,0.0,0.0,0.0,0.0,0.0,0.0,0.0,0.0,0.0,0.0,0.0,0.0,0.0,Leave Event,0.0,"{'node_level': {}, 'link_level': {}, 'path_level': {}}","{'node_level': {}, 'link_level': {}, 'path_level': {}}","{'node_level': {}, 'link_level': {}, 'path_level': {}}",[],0.0,0.0,True,True,False,0,[],0,0.0,,,,,
92,56,22,12160.0,21982.0,6037013.123459221,10698198.845533647,0.5531798744427259,0.5643018241317875,65,146,1,1137.0,33360.0,6396,26964.0,0.16501305483028716,0.2115328381776712,91,187.9773938487999,1137.0,9,22,False,"{6: np.int64(35), 5: np.int64(20), 2: np.int64(93), 0: np.int64(4), 1: np.int64(32), 4: np.int64(59), 3: np.int64(17), 7: np.int64(65), 8: np.int64(83)}","{(3, 6): [(np.int64(17), 4), (4, 65), (65, np.int64(35))], (1, 4): [(np.int64(32), 76), (76, 83), (83, np.int64(59))], (0, 4): [(np.int64(4), 18), (18, 93), (93, np.int64(59))], (1, 6): [(np.int64(32), 35)]}","{(6, np.int64(35)): {'cpu': 18}, (5, np.int64(20)): {'cpu': 7}, (2, np.int64(93)): {'cpu': 19}, (0, np.int64(4)): {'cpu': 5}, (1, np.int64(32)): {'cpu': 3}, (4, np.int64(59)): {'cpu': 5}, (3, np.int64(17)): {'cpu': 6}, (7, np.int64(65)): {'cpu': 4}, (8, np.int64(83)): {'cpu': 3}}","{((3, 6), (np.int64(17), 4)): {'bw': 44.0}, ((3, 6), (4, 65)): {'bw': 44.0}, ((3, 6), (65, np.int64(35))): {'bw': 44.0}, ((1, 4), (np.int64(32), 76)): {'bw': 44.0}, ((1, 4), (76, 83)): {'bw': 44.0}, ((1, 4), (83, np.int64(59))): {'bw': 44.0}, ((0, 4), (np.int64(4), 18)): {'bw': 43.0}, ((0, 4), (18, 93)): {'bw': 43.0}, ((0, 4), (93, np.int64(59))): {'bw': 43.0}, ((1, 6), (np.int64(32), 35)): {'bw': 44.0}}",0.0,0.0,644.0,70.0,574.0,0.0,0.0,0.0,0.0,0.0,0.0,0.0,0.0,0.0,Route Failure,0.0,"{'node_level': {}, 'link_level': {}, 'path_level': {}}","{'node_level': {6: {'cpu': -65}, 5: {'cpu': -64}, 2: {'cpu': -61}, 0: {'cpu': -47}, 1: {'cpu': -87}, 4: {'cpu': -77}, 3: {'cpu': -30}, 7: {'cpu': -55}, 8: {'cpu': -74}}, 'link_level': {}, 'path_level': {}}","{'node_level': {6: {'cpu': 0}, 5: {'cpu': 0}, 2: {'cpu': 0}, 0: {'cpu': 0}, 1: {'cpu': 0}, 4: {'cpu': 0}, 3: {'cpu': 0}, 7: {'cpu': 0}, 8: {'cpu': 0}}, 'link_level': {}, 'path_level': {}}",[],0.0,0.0,True,False,False,0,[],0,0.0,"OrderedDict([((3, 6), 0), ((1, 4), 0), ((0, 4), 0), ((1, 6), 0)])",0.0,0.0,9.0,4.0
93,56,22,12160.0,21982.0,6037013.123459221,10698198.845533647,0.5531798744427259,0.5643018241317875,65,147,1,1147.0,33360.0,6396,26964.0,0.16501305483028716,0.2115328381776712,92,2308.465490617315,1147.0,7,12,False,"{6: np.int64(35), 0: np.int64(93), 4: np.int64(59), 2: np.int64(34), 5: np.int64(18), 3: np.int64(4), 1: np.int64(83)}","{(0, 3): [(np.int64(93), 18), (18, np.int64(4))], (0, 4): [(np.int64(93), 59)], (3, 6): [(np.int64(4), 65), (65, np.int64(35))], (4, 6): [(np.int64(59), 63), (63, 20), (20, np.int64(35))]}","{(6, np.int64(35)): {'cpu': 11}, (0, np.int64(93)): {'cpu': 6}, (4, np.int64(59)): {'cpu': 9}, (2, np.int64(34)): {'cpu': 8}, (5, np.int64(18)): {'cpu': 14}, (3, np.int64(4)): {'cpu': 2}, (1, np.int64(83)): {'cpu': 3}}","{((0, 3), (np.int64(93), 18)): {'bw': 45.0}, ((0, 3), (18, np.int64(4))): {'bw': 45.0}, ((0, 4), (np.int64(93), 59)): {'bw': 42.0}, ((3, 6), (np.int64(4), 65)): {'bw': 35.0}, ((3, 6), (65, np.int64(35))): {'bw': 35.0}, ((4, 6), (np.int64(59), 63)): {'bw': 28.0}, ((4, 6), (63, 20)): {'bw': 28.0}, ((4, 6), (20, np.int64(35))): {'bw': 28.0}}",0.0,0.0,340.0,53.0,287.0,0.0,0.0,0.0,0.0,0.0,0.0,0.0,0.0,0.0,Route Failure,0.0,"{'node_level': {}, 'link_level': {}, 'path_level': {}}","{'node_level': {6: {'cpu': -72}, 0: {'cpu': -74}, 4: {'cpu': -73}, 2: {'cpu': -50}, 5: {'cpu': -19}, 3: {'cpu': -50}, 1: {'cpu': -74}}, 'link_level': {}, 'path_level': {}}","{'node_level': {6: {'cpu': 0}, 0: {'cpu': 0}, 4: {'cpu': 0}, 2: {'cpu': 0}, 5: {'cpu': 0}, 3: {'cpu': 0}, 1: {'cpu': 0}}, 'link_level': {}, 'path_level': {}}",[],0.0,0.0,True,False,False,0,[],0,0.0,"OrderedDict([((0, 3), 0), ((0, 4), 0), ((3, 6), 0), ((4, 6), 0)])",2.0,0.0,7.0,4.0
94,56,22,12160.0,21982.0,6037013.123459221,10698198.845533647,0.5531798744427259,0.5643018241317875,65,148,1,1163.0,33360.0,6396,26964.0,0.16501305483028716,0.2115328381776712,93,1077.265267639189,1163.0,9,15,False,"{6: np.int64(35), 4: np.int64(93), 7: np.int64(4), 8: np.int64(83), 3: np.int64(17), 5: np.int64(34), 0: np.int64(82), 2: np.int64(80), 1: np.int64(20)}","{(1, 6): [(np.int64(20), 35)], (5, 8): [(np.int64(34), 18), (18, 76), (76, np.int64(83))], (6, 7): [(np.int64(35), 65), (65, np.int64(4))], (3, 6): [(np.int64(17), 26), (26, np.int64(35))], (4, 6): [(np.int64(93), 90), (90, np.int64(35))], (0, 7): [(np.int64(82), 4)], (2, 8): [(np.int64(80), 32), (32, np.int64(83))]}","{(6, np.int64(35)): {'cpu': 13}, (4, np.int64(93)): {'cpu': 15}, (7, np.int64(4)): {'cpu': 8}, (8, np.int64(83)): {'cpu': 11}, (3, np.int64(17)): {'cpu': 9}, (5, np.int64(34)): {'cpu': 8}, (0, np.int64(82)): {'cpu': 12}, (2, np.int64(80)): {'cpu': 4}, (1, np.int64(20)): {'cpu': 2}}","{((1, 6), (np.int64(20), 35)): {'bw': 44.0}, ((5, 8), (np.int64(34), 18)): {'bw': 44.0}, ((5, 8), (18, 76)): {'bw': 44.0}, ((5, 8), (76, np.int64(83))): {'bw': 44.0}, ((6, 7), (np.int64(35), 65)): {'bw': 41.0}, ((6, 7), (65, np.int64(4))): {'bw': 41.0}, ((3, 6), (np.int64(17), 26)): {'bw': 44.0}, ((3, 6), (26, np.int64(35))): {'bw': 44.0}, ((4, 6), (np.int64(93), 90)): {'bw': 37.0}, ((4, 6), (90, np.int64(35))): {'bw': 37.0}, ((0, 7), (np.int64(82), 4)): {'bw': 34.0}, ((2, 8), (np.int64(80), 32)): {'bw': 34.0}, ((2, 8), (32, np.int64(83))): {'bw': 34.0}}",0.0,0.0,539.0,82.0,457.0,0.0,0.0,0.0,0.0,0.0,0.0,0.0,0.0,0.0,Route Failure,0.0,"{'node_level': {}, 'link_level': {}, 'path_level': {}}","{'node_level': {6: {'cpu': -70}, 4: {'cpu': -65}, 7: {'cpu': -44}, 8: {'cpu': -66}, 3: {'cpu': -27}, 5: {'cpu': -50}, 0: {'cpu': -46}, 2: {'cpu': -50}, 1: {'cpu': -69}}, 'link_level': {}, 'path_level': {}}","{'node_level': {6: {'cpu': 0}, 4: {'cpu': 0}, 7: {'cpu': 0}, 8: {'cpu': 0}, 3: {'cpu': 0}, 5: {'cpu': 0}, 0: {'cpu': 0}, 2: {'cpu': 0}, 1: {'cpu': 0}}, 'link_level': {}, 'path_level': {}}",[],0.0,0.0,True,False,False,0,[],0,0.0,"OrderedDict([((1, 6), 0), ((5, 8), 0), ((6, 7), 0), ((3, 6), 0), ((4, 6), 0), ((0, 7), 0), ((2, 8), 0)])",3.0,0.0,9.0,7.0
95,56,22,12160.0,21982.0,6037013.123459221,10698198.845533647,0.5531798744427259,0.5643018241317875,65,149,1,1173.0,33360.0,6396,26964.0,0.16501305483028716,0.2115328381776712,94,10.071946596146812,1173.0,8,14,False,"{4: np.int64(35), 6: np.int64(4), 1: np.int64(20), 7: np.int64(32), 0: np.int64(80), 3: np.int64(93), 2: np.int64(83), 5: np.int64(17)}","{(1, 4): [(np.int64(20), 35)], (4, 7): [(np.int64(35), 32)], (5, 6): [(np.int64(17), 4)], (1, 3): [(np.int64(20), 80), (80, np.int64(93))], (4, 6): [(np.int64(35), 65), (65, np.int64(4))], (2, 7): [(np.int64(83), 32)], (0, 1): [(np.int64(80), 20)]}","{(4, np.int64(35)): {'cpu': 10}, (6, np.int64(4)): {'cpu': 10}, (1, np.int64(20)): {'cpu': 6}, (7, np.int64(32)): {'cpu': 9}, (0, np.int64(80)): {'cpu': 13}, (3, np.int64(93)): {'cpu': 11}, (2, np.int64(83)): {'cpu': 6}, (5, np.int64(17)): {'cpu': 6}}","{((1, 4), (np.int64(20), 35)): {'bw': 49.0}, ((4, 7), (np.int64(35), 32)): {'bw': 48.0}, ((5, 6), (np.int64(17), 4)): {'bw': 44.0}, ((1, 3), (np.int64(20), 80)): {'bw': 38.0}, ((1, 3), (80, np.int64(93))): {'bw': 38.0}, ((4, 6), (np.int64(35), 65)): {'bw': 25.0}, ((4, 6), (65, np.int64(4))): {'bw': 25.0}, ((2, 7), (np.int64(83), 32)): {'bw': 24.0}, ((0, 1), (np.int64(80), 20)): {'bw': 24.0}}",0.0,0.0,389.0,71.0,318.0,0.0,0.0,0.0,0.0,0.0,0.0,0.0,0.0,0.0,Route Failure,0.0,"{'node_level': {}, 'link_level': {}, 'path_level': {}}","{'node_level': {4: {'cpu': -73}, 6: {'cpu': -42}, 1: {'cpu': -65}, 7: {'cpu': -81}, 0: {'cpu': -41}, 3: {'cpu': -69}, 2: {'cpu': -71}, 5: {'cpu': -30}}, 'link_level': {}, 'path_level': {}}","{'node_level': {4: {'cpu': 0}, 6: {'cpu': 0}, 1: {'cpu': 0}, 7: {'cpu': 0}, 0: {'cpu': 0}, 3: {'cpu': 0}, 2: {'cpu': 0}, 5: {'cpu': 0}}, 'link_level': {}, 'path_level': {}}",[],0.0,0.0,True,False,False,0,[],0,0.0,"OrderedDict([((1, 4), 0), ((4, 7), 0), ((5, 6), 0), ((1, 3), 0), ((4, 6), 0), ((2, 7), 0), ((0, 1), 0)])",1.0,0.0,8.0,7.0
96,56,22,12160.0,21982.0,6037013.123459221,10698198.845533647,0.5531798744427259,0.5643018241317875,65,150,1,1182.0,33360.0,6396,26964.0,0.16501305483028716,0.2115328381776712,95,54.23558363605139,1182.0,10,18,False,"{7: np.int64(35), 1: np.int64(93), 5: np.int64(4), 0: np.int64(83), 4: np.int64(17), 3: np.int64(80), 2: np.int64(32), 9: np.int64(82)}",{},"{(7, np.int64(35)): {'cpu': 18}, (1, np.int64(93)): {'cpu': 14}, (5, np.int64(4)): {'cpu': 13}, (0, np.int64(83)): {'cpu': 14}, (4, np.int64(17)): {'cpu': 15}, (3, np.int64(80)): {'cpu': 12}, (2, np.int64(32)): {'cpu': 17}, (9, np.int64(82)): {'cpu': 3}}",{},0.0,0.0,549.0,116.0,433.0,0.0,0.0,0.0,0.0,0.0,0.0,0.0,0.0,0.0,Place Failure,0.0,"{'node_level': {}, 'link_level': {}, 'path_level': {}}","{'node_level': {7: {'cpu': -65}, 1: {'cpu': -66}, 5: {'cpu': -39}, 0: {'cpu': -63}, 4: {'cpu': -21}, 3: {'cpu': -42}, 2: {'cpu': -73}, 9: {'cpu': -55}}, 'link_level': {}, 'path_level': {}}","{'node_level': {7: {'cpu': 0}, 1: {'cpu': 0}, 5: {'cpu': 0}, 0: {'cpu': 0}, 4: {'cpu': 0}, 3: {'cpu': 0}, 2: {'cpu': 0}, 9: {'cpu': 0}}, 'link_level': {}, 'path_level': {}}",[],0.0,0.0,False,True,False,0,[],0,0.0,,,,8.0,0.0
96,56,22,12160.0,21982.0,6037013.123459221,10698198.845533647,0.5531798744427259,0.5643018241317875,65,151,0,1183.0719465961467,33360.0,6396,26964.0,0.16501305483028716,0.2115328381776712,94,10.071946596146812,1173.0,8,14,False,{},{},{},{},0.0,0.0,0.0,0.0,0.0,0.0,0.0,0.0,0.0,0.0,0.0,0.0,0.0,0.0,Leave Event,0.0,"{'node_level': {}, 'link_level': {}, 'path_level': {}}","{'node_level': {}, 'link_level': {}, 'path_level': {}}","{'node_level': {}, 'link_level': {}, 'path_level': {}}",[],0.0,0.0,True,True,False,0,[],0,0.0,,,,,
96,56,21,12160.0,21982.0,6037013.123459221,10698198.845533647,0.5531798744427259,0.5643018241317875,65,152,0,1184.6080649683402,33438.0,6430,27008.0,0.16057441253263705,0.21024621322884374,82,164.6080649683402,1020.0,2,1,False,{},{},{},{},0.0,0.0,0.0,0.0,0.0,0.0,0.0,0.0,0.0,0.0,0.0,0.0,0.0,0.0,Leave Event,0.0,"{'node_level': {}, 'link_level': {}, 'path_level': {}}","{'node_level': {}, 'link_level': {}, 'path_level': {}}","{'node_level': {}, 'link_level': {}, 'path_level': {}}",[],0.0,0.0,True,True,False,0,[],0,0.0,,,,,
97,57,22,12431.0,22527.0,6050401.199423926,10725123.20494606,0.5518266968526657,0.5641334914114262,65,153,1,1186.0,32893.0,6363,26530.0,0.16932114882506533,0.22422363880928708,96,49.40249433470425,1186.0,6,9,True,"{5: np.int64(35), 1: np.int64(93), 0: np.int64(4), 4: np.int64(83), 3: np.int64(17), 2: np.int64(18)}","{(1, 5): [(np.int64(93), 80), (80, 20), (20, np.int64(35))], (3, 5): [(np.int64(17), 4), (4, 65), (65, np.int64(35))], (4, 5): [(np.int64(83), 32), (32, np.int64(35))], (2, 4): [(np.int64(18), 4), (4, np.int64(83))], (0, 2): [(np.int64(4), 18)], (2, 3): [(np.int64(18), 4), (4, np.int64(17))], (0, 5): [(np.int64(4), 65), (65, np.int64(35))], (2, 5): [(np.int64(18), 20), (20, np.int64(35))], (0, 1): [(np.int64(4), 83), (83, 59), (59, np.int64(93))]}","{(5, np.int64(35)): {'cpu': 13}, (1, np.int64(93)): {'cpu': 18}, (0, np.int64(4)): {'cpu': 19}, (4, np.int64(83)): {'cpu': 14}, (3, np.int64(17)): {'cpu': 2}, (2, np.int64(18)): {'cpu': 1}}","{((1, 5), (np.int64(93), 80)): {'bw': 47.0}, ((1, 5), (80, 20)): {'bw': 47.0}, ((1, 5), (20, np.int64(35))): {'bw': 47.0}, ((3, 5), (np.int64(17), 4)): {'bw': 35.0}, ((3, 5), (4, 65)): {'bw': 35.0}, ((3, 5), (65, np.int64(35))): {'bw': 35.0}, ((4, 5), (np.int64(83), 32)): {'bw': 28.0}, ((4, 5), (32, np.int64(35))): {'bw': 28.0}, ((2, 4), (np.int64(18), 4)): {'bw': 26.0}, ((2, 4), (4, np.int64(83))): {'bw': 26.0}, ((0, 2), (np.int64(4), 18)): {'bw': 20.0}, ((2, 3), (np.int64(18), 4)): {'bw': 14.0}, ((2, 3), (4, np.int64(17))): {'bw': 14.0}, ((0, 5), (np.int64(4), 65)): {'bw': 13.0}, ((0, 5), (65, np.int64(35))): {'bw': 13.0}, ((2, 5), (np.int64(18), 20)): {'bw': 13.0}, ((2, 5), (20, np.int64(35))): {'bw': 13.0}, ((0, 1), (np.int64(4), 83)): {'bw': 8.0}, ((0, 1), (83, 59)): {'bw': 8.0}, ((0, 1), (59, np.int64(93))): {'bw': 8.0}}",545.0,271.0,271.0,67.0,204.0,67.0,204.0,67.0,478.0,274.0,0.4972477064220184,26924.359412413818,13388.075964704853,24.565276999458444,Success,0.0,"{'node_level': {}, 'link_level': {}, 'path_level': {}}","{'node_level': {5: {'cpu': -70}, 1: {'cpu': -62}, 0: {'cpu': -33}, 4: {'cpu': -63}, 3: {'cpu': -34}, 2: {'cpu': -32}}, 'link_level': {}, 'path_level': {}}","{'node_level': {5: {'cpu': 0}, 1: {'cpu': 0}, 0: {'cpu': 0}, 4: {'cpu': 0}, 3: {'cpu': 0}, 2: {'cpu': 0}}, 'link_level': {}, 'path_level': {}}",[],0.0,0.0,True,True,False,0,[],0,0.0,"OrderedDict([((1, 5), 0), ((3, 5), 0), ((4, 5), 0), ((2, 4), 0), ((0, 2), 0), ((2, 3), 0), ((0, 5), 0), ((2, 5), 0), ((0, 1), 0)])",5.0,0.0,6.0,9.0
97,57,22,12431.0,22527.0,6050401.199423926,10725123.20494606,0.5518266968526657,0.5641334914114262,65,154,0,1187.8909246366952,32893.0,6363,26530.0,0.16932114882506533,0.22422363880928708,43,648.8909246366952,539.0,9,25,False,{},{},{},{},0.0,0.0,0.0,0.0,0.0,0.0,0.0,0.0,0.0,0.0,0.0,0.0,0.0,0.0,Leave Event,0.0,"{'node_level': {}, 'link_level': {}, 'path_level': {}}","{'node_level': {}, 'link_level': {}, 'path_level': {}}","{'node_level': {}, 'link_level': {}, 'path_level': {}}",[],0.0,0.0,True,True,False,0,[],0,0.0,,,,,
98,58,23,12730.0,23009.0,6096592.238956375,10799585.014493352,0.5532617671345995,0.5645209728683624,65,155,1,1198.0,32411.0,6313,26098.0,0.17584856396866844,0.23685595648868352,97,154.48508204832453,1198.0,6,8,True,"{3: np.int64(82), 2: np.int64(99), 5: np.int64(26), 4: np.int64(34), 1: np.int64(25), 0: np.int64(93)}","{(2, 4): [(np.int64(99), 34)], (4, 5): [(np.int64(34), 17), (17, np.int64(26))], (3, 4): [(np.int64(82), 99), (99, np.int64(34))], (0, 1): [(np.int64(93), 18), (18, 73), (73, np.int64(25))], (0, 3): [(np.int64(93), 82)], (0, 2): [(np.int64(93), 8), (8, np.int64(99))], (3, 5): [(np.int64(82), 26)], (0, 5): [(np.int64(93), 90), (90, np.int64(26))]}","{(3, np.int64(82)): {'cpu': 11}, (2, np.int64(99)): {'cpu': 12}, (5, np.int64(26)): {'cpu': 11}, (4, np.int64(34)): {'cpu': 6}, (1, np.int64(25)): {'cpu': 8}, (0, np.int64(93)): {'cpu': 2}}","{((2, 4), (np.int64(99), 34)): {'bw': 48.0}, ((4, 5), (np.int64(34), 17)): {'bw': 49.0}, ((4, 5), (17, np.int64(26))): {'bw': 49.0}, ((3, 4), (np.int64(82), 99)): {'bw': 37.0}, ((3, 4), (99, np.int64(34))): {'bw': 37.0}, ((0, 1), (np.int64(93), 18)): {'bw': 30.0}, ((0, 1), (18, 73)): {'bw': 30.0}, ((0, 1), (73, np.int64(25))): {'bw': 30.0}, ((0, 3), (np.int64(93), 82)): {'bw': 30.0}, ((0, 2), (np.int64(93), 8)): {'bw': 29.0}, ((0, 2), (8, np.int64(99))): {'bw': 29.0}, ((3, 5), (np.int64(82), 26)): {'bw': 18.0}, ((0, 5), (np.int64(93), 90)): {'bw': 8.0}, ((0, 5), (90, np.int64(26))): {'bw': 8.0}}",482.0,299.0,299.0,50.0,249.0,50.0,249.0,50.0,432.0,183.0,0.6203319502074689,74461.80954729242,46191.03953244903,95.832032224998,Success,0.0,"{'node_level': {}, 'link_level': {}, 'path_level': {}}","{'node_level': {3: {'cpu': -47}, 2: {'cpu': -46}, 5: {'cpu': -51}, 4: {'cpu': -52}, 1: {'cpu': -45}, 0: {'cpu': -60}}, 'link_level': {}, 'path_level': {}}","{'node_level': {3: {'cpu': 0}, 2: {'cpu': 0}, 5: {'cpu': 0}, 4: {'cpu': 0}, 1: {'cpu': 0}, 0: {'cpu': 0}}, 'link_level': {}, 'path_level': {}}",[],0.0,0.0,True,True,False,0,[],0,0.0,"OrderedDict([((2, 4), 0), ((4, 5), 0), ((3, 4), 0), ((0, 1), 0), ((0, 3), 0), ((0, 2), 0), ((3, 5), 0), ((0, 5), 0)])",2.0,0.0,6.0,8.0
98,58,23,12730.0,23009.0,6096592.238956375,10799585.014493352,0.5532617671345995,0.5645209728683624,65,156,0,1199.6006006827283,32411.0,6313,26098.0,0.17584856396866844,0.23685595648868352,64,416.6006006827282,783.0,8,10,False,{},{},{},{},0.0,0.0,0.0,0.0,0.0,0.0,0.0,0.0,0.0,0.0,0.0,0.0,0.0,0.0,Leave Event,0.0,"{'node_level': {}, 'link_level': {}, 'path_level': {}}","{'node_level': {}, 'link_level': {}, 'path_level': {}}","{'node_level': {}, 'link_level': {}, 'path_level': {}}",[],0.0,0.0,True,True,False,0,[],0,0.0,,,,,
99,59,24,12775.0,23090.0,6101471.319355682,10808367.359212102,0.5532698137721958,0.5645136880136965,65,157,1,1216.0,32330.0,6280,26050.0,0.1801566579634465,0.23825954734194987,98,108.42400887346996,1216.0,2,1,True,"{0: np.int64(59), 1: np.int64(79)}","{(0, 1): [(np.int64(59), 63), (63, 64), (64, 10), (10, np.int64(79))]}","{(0, np.int64(59)): {'cpu': 18}, (1, np.int64(79)): {'cpu': 15}}","{((0, 1), (np.int64(59), 63)): {'bw': 12.0}, ((0, 1), (63, 64)): {'bw': 12.0}, ((0, 1), (64, 10)): {'bw': 12.0}, ((0, 1), (10, np.int64(79))): {'bw': 12.0}}",81.0,45.0,45.0,33.0,12.0,33.0,12.0,33.0,48.0,36.0,0.5555555555555556,8782.344718751066,4879.080399306148,60.23556048526109,Success,0.0,"{'node_level': {}, 'link_level': {}, 'path_level': {}}","{'node_level': {0: {'cpu': -64}, 1: {'cpu': -65}}, 'link_level': {}, 'path_level': {}}","{'node_level': {0: {'cpu': 0}, 1: {'cpu': 0}}, 'link_level': {}, 'path_level': {}}",[],0.0,0.0,True,True,False,0,[],0,0.0,"OrderedDict([((0, 1), 0)])",0.0,0.0,2.0,1.0
100,59,24,12775.0,23090.0,6101471.319355682,10808367.359212102,0.5532698137721958,0.5645136880136965,65,158,1,1226.0,32330.0,6280,26050.0,0.1801566579634465,0.23825954734194987,99,250.55015005512072,1226.0,9,20,False,"{4: np.int64(30), 0: np.int64(45), 5: np.int64(21), 7: np.int64(22), 1: np.int64(94), 8: np.int64(35), 2: np.int64(76), 3: np.int64(12), 6: np.int64(17)}","{(0, 7): [(np.int64(45), 22)], (5, 8): [(np.int64(21), 60), (60, np.int64(35))], (4, 6): [(np.int64(30), 17)], (0, 8): [(np.int64(45), 72), (72, 26), (26, np.int64(35))], (2, 7): [(np.int64(76), 32), (32, 90), (90, np.int64(22))], (0, 4): [(np.int64(45), 47), (47, np.int64(30))]}","{(4, np.int64(30)): {'cpu': 17}, (0, np.int64(45)): {'cpu': 11}, (5, np.int64(21)): {'cpu': 15}, (7, np.int64(22)): {'cpu': 10}, (1, np.int64(94)): {'cpu': 10}, (8, np.int64(35)): {'cpu': 3}, (2, np.int64(76)): {'cpu': 3}, (3, np.int64(12)): {'cpu': 4}, (6, np.int64(17)): {'cpu': 2}}","{((0, 7), (np.int64(45), 22)): {'bw': 50.0}, ((5, 8), (np.int64(21), 60)): {'bw': 47.0}, ((5, 8), (60, np.int64(35))): {'bw': 47.0}, ((4, 6), (np.int64(30), 17)): {'bw': 47.0}, ((0, 8), (np.int64(45), 72)): {'bw': 48.0}, ((0, 8), (72, 26)): {'bw': 48.0}, ((0, 8), (26, np.int64(35))): {'bw': 48.0}, ((2, 7), (np.int64(76), 32)): {'bw': 39.0}, ((2, 7), (32, 90)): {'bw': 39.0}, ((2, 7), (90, np.int64(22))): {'bw': 39.0}, ((0, 4), (np.int64(45), 47)): {'bw': 43.0}, ((0, 4), (47, np.int64(30))): {'bw': 43.0}}",0.0,0.0,703.0,75.0,628.0,0.0,0.0,0.0,0.0,0.0,0.0,0.0,0.0,0.0,Route Failure,0.0,"{'node_level': {}, 'link_level': {}, 'path_level': {}}","{'node_level': {4: {'cpu': -41}, 0: {'cpu': -55}, 5: {'cpu': -13}, 7: {'cpu': -59}, 1: {'cpu': -31}, 8: {'cpu': -67}, 2: {'cpu': -55}, 3: {'cpu': -56}, 6: {'cpu': -32}}, 'link_level': {}, 'path_level': {}}","{'node_level': {4: {'cpu': 0}, 0: {'cpu': 0}, 5: {'cpu': 0}, 7: {'cpu': 0}, 1: {'cpu': 0}, 8: {'cpu': 0}, 2: {'cpu': 0}, 3: {'cpu': 0}, 6: {'cpu': 0}}, 'link_level': {}, 'path_level': {}}",[],0.0,0.0,True,False,False,0,[],0,0.0,"OrderedDict([((0, 7), 0), ((5, 8), 0), ((4, 6), 0), ((0, 8), 0), ((2, 7), 0), ((0, 4), 0)])",1.0,0.0,9.0,6.0
100,59,23,12775.0,23090.0,6101471.319355682,10808367.359212102,0.5532698137721958,0.5645136880136965,65,159,0,1235.4024943347042,32875.0,6347,26528.0,0.17140992167101832,0.22428212176150653,96,49.40249433470425,1186.0,6,9,False,{},{},{},{},0.0,0.0,0.0,0.0,0.0,0.0,0.0,0.0,0.0,0.0,0.0,0.0,0.0,0.0,Leave Event,0.0,"{'node_level': {}, 'link_level': {}, 'path_level': {}}","{'node_level': {}, 'link_level': {}, 'path_level': {}}","{'node_level': {}, 'link_level': {}, 'path_level': {}}",[],0.0,0.0,True,True,False,0,[],0,0.0,,,,,
100,59,23,12775.0,23090.0,6101471.319355682,10808367.359212102,0.5532698137721958,0.5645136880136965,65,160,0,1236.2355836360514,32875.0,6347,26528.0,0.17140992167101832,0.22428212176150653,95,54.23558363605139,1182.0,10,18,False,{},{},{},{},0.0,0.0,0.0,0.0,0.0,0.0,0.0,0.0,0.0,0.0,0.0,0.0,0.0,0.0,Leave Event,0.0,"{'node_level': {}, 'link_level': {}, 'path_level': {}}","{'node_level': {}, 'link_level': {}, 'path_level': {}}","{'node_level': {}, 'link_level': {}, 'path_level': {}}",[],0.0,0.0,True,True,False,0,[],0,0.0,,,,,
100,59,23,12775.0,23090.0,6101471.319355682,10808367.359212102,0.5532698137721958,0.5645136880136965,65,161,0,1237.8892740532426,32875.0,6347,26528.0,0.17140992167101832,0.22428212176150653,13,1084.8892740532426,153.0,8,13,False,{},{},{},{},0.0,0.0,0.0,0.0,0.0,0.0,0.0,0.0,0.0,0.0,0.0,0.0,0.0,0.0,Leave Event,0.0,"{'node_level': {}, 'link_level': {}, 'path_level': {}}","{'node_level': {}, 'link_level': {}, 'path_level': {}}","{'node_level': {}, 'link_level': {}, 'path_level': {}}",[],0.0,0.0,True,True,False,0,[],0,0.0,,,,,
100,59,22,12775.0,23090.0,6101471.319355682,10808367.359212102,0.5532698137721958,0.5645136880136965,65,162,0,1251.4073694893684,33693.0,6421,27272.0,0.16174934725848567,0.20252646353587933,79,274.40736948936836,977.0,8,12,False,{},{},{},{},0.0,0.0,0.0,0.0,0.0,0.0,0.0,0.0,0.0,0.0,0.0,0.0,0.0,0.0,Leave Event,0.0,"{'node_level': {}, 'link_level': {}, 'path_level': {}}","{'node_level': {}, 'link_level': {}, 'path_level': {}}","{'node_level': {}, 'link_level': {}, 'path_level': {}}",[],0.0,0.0,True,True,False,0,[],0,0.0,,,,,
100,59,22,12775.0,23090.0,6101471.319355682,10808367.359212102,0.5532698137721958,0.5645136880136965,65,163,0,1304.9441220081633,33693.0,6421,27272.0,0.16174934725848567,0.20252646353587933,21,1046.9441220081633,258.0,8,16,False,{},{},{},{},0.0,0.0,0.0,0.0,0.0,0.0,0.0,0.0,0.0,0.0,0.0,0.0,0.0,0.0,Leave Event,0.0,"{'node_level': {}, 'link_level': {}, 'path_level': {}}","{'node_level': {}, 'link_level': {}, 'path_level': {}}","{'node_level': {}, 'link_level': {}, 'path_level': {}}",[],0.0,0.0,True,True,False,0,[],0,0.0,,,,,
100,59,21,12775.0,23090.0,6101471.319355682,10808367.359212102,0.5532698137721958,0.5645136880136965,65,164,0,1324.42400887347,33774.0,6454,27320.0,0.15744125326370761,0.20112287268261297,98,108.42400887346996,1216.0,2,1,False,{},{},{},{},0.0,0.0,0.0,0.0,0.0,0.0,0.0,0.0,0.0,0.0,0.0,0.0,0.0,0.0,Leave Event,0.0,"{'node_level': {}, 'link_level': {}, 'path_level': {}}","{'node_level': {}, 'link_level': {}, 'path_level': {}}","{'node_level': {}, 'link_level': {}, 'path_level': {}}",[],0.0,0.0,True,True,False,0,[],0,0.0,,,,,
100,59,21,12775.0,23090.0,6101471.319355682,10808367.359212102,0.5532698137721958,0.5645136880136965,65,165,0,1324.9773938488,33774.0,6454,27320.0,0.15744125326370761,0.20112287268261297,91,187.9773938487999,1137.0,9,22,False,{},{},{},{},0.0,0.0,0.0,0.0,0.0,0.0,0.0,0.0,0.0,0.0,0.0,0.0,0.0,0.0,Leave Event,0.0,"{'node_level': {}, 'link_level': {}, 'path_level': {}}","{'node_level': {}, 'link_level': {}, 'path_level': {}}","{'node_level': {}, 'link_level': {}, 'path_level': {}}",[],0.0,0.0,True,True,False,0,[],0,0.0,,,,,
100,59,21,12775.0,23090.0,6101471.319355682,10808367.359212102,0.5532698137721958,0.5645136880136965,65,166,0,1350.7764327387954,33774.0,6454,27320.0,0.15744125326370761,0.20112287268261297,88,259.7764327387954,1091.0,8,14,False,{},{},{},{},0.0,0.0,0.0,0.0,0.0,0.0,0.0,0.0,0.0,0.0,0.0,0.0,0.0,0.0,Leave Event,0.0,"{'node_level': {}, 'link_level': {}, 'path_level': {}}","{'node_level': {}, 'link_level': {}, 'path_level': {}}","{'node_level': {}, 'link_level': {}, 'path_level': {}}",[],0.0,0.0,True,True,False,0,[],0,0.0,,,,,
100,59,20,12775.0,23090.0,6101471.319355682,10808367.359212102,0.5532698137721958,0.5645136880136965,65,167,0,1352.4850820483246,34256.0,6504,27752.0,0.1509138381201044,0.18849055500321654,97,154.48508204832453,1198.0,6,8,False,{},{},{},{},0.0,0.0,0.0,0.0,0.0,0.0,0.0,0.0,0.0,0.0,0.0,0.0,0.0,0.0,Leave Event,0.0,"{'node_level': {}, 'link_level': {}, 'path_level': {}}","{'node_level': {}, 'link_level': {}, 'path_level': {}}","{'node_level': {}, 'link_level': {}, 'path_level': {}}",[],0.0,0.0,True,True,False,0,[],0,0.0,,,,,
100,59,19,12775.0,23090.0,6101471.319355682,10808367.359212102,0.5532698137721958,0.5645136880136965,65,168,0,1364.3940362653423,34448.0,6547,27901.0,0.14530026109660577,0.1841335750628692,86,300.3940362653423,1064.0,3,2,False,{},{},{},{},0.0,0.0,0.0,0.0,0.0,0.0,0.0,0.0,0.0,0.0,0.0,0.0,0.0,0.0,Leave Event,0.0,"{'node_level': {}, 'link_level': {}, 'path_level': {}}","{'node_level': {}, 'link_level': {}, 'path_level': {}}","{'node_level': {}, 'link_level': {}, 'path_level': {}}",[],0.0,0.0,True,True,False,0,[],0,0.0,,,,,
100,59,18,12775.0,23090.0,6101471.319355682,10808367.359212102,0.5532698137721958,0.5645136880136965,65,169,0,1413.2160171223707,34668.0,6566,28102.0,0.14281984334203657,0.17825603836481663,87,331.2160171223706,1082.0,3,3,False,{},{},{},{},0.0,0.0,0.0,0.0,0.0,0.0,0.0,0.0,0.0,0.0,0.0,0.0,0.0,0.0,Leave Event,0.0,"{'node_level': {}, 'link_level': {}, 'path_level': {}}","{'node_level': {}, 'link_level': {}, 'path_level': {}}","{'node_level': {}, 'link_level': {}, 'path_level': {}}",[],0.0,0.0,True,True,False,0,[],0,0.0,,,,,
100,59,18,12775.0,23090.0,6101471.319355682,10808367.359212102,0.5532698137721958,0.5645136880136965,65,170,0,1413.454495210449,34668.0,6566,28102.0,0.14281984334203657,0.17825603836481663,8,1311.454495210449,102.0,9,18,False,{},{},{},{},0.0,0.0,0.0,0.0,0.0,0.0,0.0,0.0,0.0,0.0,0.0,0.0,0.0,0.0,Leave Event,0.0,"{'node_level': {}, 'link_level': {}, 'path_level': {}}","{'node_level': {}, 'link_level': {}, 'path_level': {}}","{'node_level': {}, 'link_level': {}, 'path_level': {}}",[],0.0,0.0,True,True,False,0,[],0,0.0,,,,,
100,59,17,12775.0,23090.0,6101471.319355682,10808367.359212102,0.5532698137721958,0.5645136880136965,65,171,0,1420.9479711088143,35593.0,6654,28939.0,0.13133159268929506,0.153780922860986,73,525.9479711088144,895.0,7,14,False,{},{},{},{},0.0,0.0,0.0,0.0,0.0,0.0,0.0,0.0,0.0,0.0,0.0,0.0,0.0,0.0,Leave Event,0.0,"{'node_level': {}, 'link_level': {}, 'path_level': {}}","{'node_level': {}, 'link_level': {}, 'path_level': {}}","{'node_level': {}, 'link_level': {}, 'path_level': {}}",[],0.0,0.0,True,True,False,0,[],0,0.0,,,,,
100,59,17,12775.0,23090.0,6101471.319355682,10808367.359212102,0.5532698137721958,0.5645136880136965,65,172,0,1423.8425095824755,35593.0,6654,28939.0,0.13133159268929506,0.153780922860986,63,653.8425095824754,770.0,10,21,False,{},{},{},{},0.0,0.0,0.0,0.0,0.0,0.0,0.0,0.0,0.0,0.0,0.0,0.0,0.0,0.0,Leave Event,0.0,"{'node_level': {}, 'link_level': {}, 'path_level': {}}","{'node_level': {}, 'link_level': {}, 'path_level': {}}","{'node_level': {}, 'link_level': {}, 'path_level': {}}",[],0.0,0.0,True,True,False,0,[],0,0.0,,,,,
100,59,17,12775.0,23090.0,6101471.319355682,10808367.359212102,0.5532698137721958,0.5645136880136965,65,173,0,1454.6289627077263,35593.0,6654,28939.0,0.13133159268929506,0.153780922860986,5,1384.6289627077263,70.0,10,14,False,{},{},{},{},0.0,0.0,0.0,0.0,0.0,0.0,0.0,0.0,0.0,0.0,0.0,0.0,0.0,0.0,Leave Event,0.0,"{'node_level': {}, 'link_level': {}, 'path_level': {}}","{'node_level': {}, 'link_level': {}, 'path_level': {}}","{'node_level': {}, 'link_level': {}, 'path_level': {}}",[],0.0,0.0,True,True,False,0,[],0,0.0,,,,,
100,59,16,12775.0,23090.0,6101471.319355682,10808367.359212102,0.5532698137721958,0.5645136880136965,65,174,0,1461.1090623122905,36831.0,6801,30030.0,0.11214099216710183,0.12187847242528804,81,454.1090623122906,1007.0,10,21,False,{},{},{},{},0.0,0.0,0.0,0.0,0.0,0.0,0.0,0.0,0.0,0.0,0.0,0.0,0.0,0.0,Leave Event,0.0,"{'node_level': {}, 'link_level': {}, 'path_level': {}}","{'node_level': {}, 'link_level': {}, 'path_level': {}}","{'node_level': {}, 'link_level': {}, 'path_level': {}}",[],0.0,0.0,True,True,False,0,[],0,0.0,,,,,
100,59,16,12775.0,23090.0,6101471.319355682,10808367.359212102,0.5532698137721958,0.5645136880136965,65,175,0,1476.5501500551206,36831.0,6801,30030.0,0.11214099216710183,0.12187847242528804,99,250.55015005512072,1226.0,9,20,False,{},{},{},{},0.0,0.0,0.0,0.0,0.0,0.0,0.0,0.0,0.0,0.0,0.0,0.0,0.0,0.0,Leave Event,0.0,"{'node_level': {}, 'link_level': {}, 'path_level': {}}","{'node_level': {}, 'link_level': {}, 'path_level': {}}","{'node_level': {}, 'link_level': {}, 'path_level': {}}",[],0.0,0.0,True,True,False,0,[],0,0.0,,,,,
100,59,15,12775.0,23090.0,6101471.319355682,10808367.359212102,0.5532698137721958,0.5645136880136965,65,176,0,1500.4792357692336,37096.0,6835,30261.0,0.10770234986945171,0.11512369144394408,77,551.4792357692336,949.0,6,8,False,{},{},{},{},0.0,0.0,0.0,0.0,0.0,0.0,0.0,0.0,0.0,0.0,0.0,0.0,0.0,0.0,Leave Event,0.0,"{'node_level': {}, 'link_level': {}, 'path_level': {}}","{'node_level': {}, 'link_level': {}, 'path_level': {}}","{'node_level': {}, 'link_level': {}, 'path_level': {}}",[],0.0,0.0,True,True,False,0,[],0,0.0,,,,,
100,59,14,12775.0,23090.0,6101471.319355682,10808367.359212102,0.5532698137721958,0.5645136880136965,65,177,0,1521.9181570064889,37379.0,6882,30497.0,0.1015665796344648,0.10822270308205162,67,700.9181570064889,821.0,6,5,False,{},{},{},{},0.0,0.0,0.0,0.0,0.0,0.0,0.0,0.0,0.0,0.0,0.0,0.0,0.0,0.0,Leave Event,0.0,"{'node_level': {}, 'link_level': {}, 'path_level': {}}","{'node_level': {}, 'link_level': {}, 'path_level': {}}","{'node_level': {}, 'link_level': {}, 'path_level': {}}",[],0.0,0.0,True,True,False,0,[],0,0.0,,,,,
100,59,13,12775.0,23090.0,6101471.319355682,10808367.359212102,0.5532698137721958,0.5645136880136965,65,178,0,1532.5734048571512,37448.0,6907,30541.0,0.0983028720626632,0.10693607813322414,57,832.5734048571513,700.0,2,1,False,{},{},{},{},0.0,0.0,0.0,0.0,0.0,0.0,0.0,0.0,0.0,0.0,0.0,0.0,0.0,0.0,Leave Event,0.0,"{'node_level': {}, 'link_level': {}, 'path_level': {}}","{'node_level': {}, 'link_level': {}, 'path_level': {}}","{'node_level': {}, 'link_level': {}, 'path_level': {}}",[],0.0,0.0,True,True,False,0,[],0,0.0,,,,,
100,59,13,12775.0,23090.0,6101471.319355682,10808367.359212102,0.5532698137721958,0.5645136880136965,65,179,0,1612.5473794887002,37448.0,6907,30541.0,0.0983028720626632,0.10693607813322414,71,743.5473794887002,869.0,10,31,False,{},{},{},{},0.0,0.0,0.0,0.0,0.0,0.0,0.0,0.0,0.0,0.0,0.0,0.0,0.0,0.0,Leave Event,0.0,"{'node_level': {}, 'link_level': {}, 'path_level': {}}","{'node_level': {}, 'link_level': {}, 'path_level': {}}","{'node_level': {}, 'link_level': {}, 'path_level': {}}",[],0.0,0.0,True,True,False,0,[],0,0.0,,,,,
100,59,12,12775.0,23090.0,6101471.319355682,10808367.359212102,0.5532698137721958,0.5645136880136965,65,180,0,1639.5500914246238,37627.0,6942,30685.0,0.093733681462141,0.1027253055734253,32,1247.5500914246238,392.0,3,2,False,{},{},{},{},0.0,0.0,0.0,0.0,0.0,0.0,0.0,0.0,0.0,0.0,0.0,0.0,0.0,0.0,Leave Event,0.0,"{'node_level': {}, 'link_level': {}, 'path_level': {}}","{'node_level': {}, 'link_level': {}, 'path_level': {}}","{'node_level': {}, 'link_level': {}, 'path_level': {}}",[],0.0,0.0,True,True,False,0,[],0,0.0,,,,,
100,59,12,12775.0,23090.0,6101471.319355682,10808367.359212102,0.5532698137721958,0.5645136880136965,65,181,0,1640.2453056793,37627.0,6942,30685.0,0.093733681462141,0.1027253055734253,85,585.2453056792999,1055.0,8,12,False,{},{},{},{},0.0,0.0,0.0,0.0,0.0,0.0,0.0,0.0,0.0,0.0,0.0,0.0,0.0,0.0,Leave Event,0.0,"{'node_level': {}, 'link_level': {}, 'path_level': {}}","{'node_level': {}, 'link_level': {}, 'path_level': {}}","{'node_level': {}, 'link_level': {}, 'path_level': {}}",[],0.0,0.0,True,True,False,0,[],0,0.0,,,,,
100,59,11,12775.0,23090.0,6101471.319355682,10808367.359212102,0.5532698137721958,0.5645136880136965,65,182,0,1652.3789554898487,38924.0,7059,31865.0,0.07845953002610961,0.06822036376396279,22,1383.3789554898487,269.0,10,22,False,{},{},{},{},0.0,0.0,0.0,0.0,0.0,0.0,0.0,0.0,0.0,0.0,0.0,0.0,0.0,0.0,Leave Event,0.0,"{'node_level': {}, 'link_level': {}, 'path_level': {}}","{'node_level': {}, 'link_level': {}, 'path_level': {}}","{'node_level': {}, 'link_level': {}, 'path_level': {}}",[],0.0,0.0,True,True,False,0,[],0,0.0,,,,,
100,59,10,12775.0,23090.0,6101471.319355682,10808367.359212102,0.5532698137721958,0.5645136880136965,65,183,0,1658.7800831544496,39073.0,7098,31975.0,0.07336814621409926,0.06500380139189421,72,774.7800831544495,884.0,3,2,False,{},{},{},{},0.0,0.0,0.0,0.0,0.0,0.0,0.0,0.0,0.0,0.0,0.0,0.0,0.0,0.0,Leave Event,0.0,"{'node_level': {}, 'link_level': {}, 'path_level': {}}","{'node_level': {}, 'link_level': {}, 'path_level': {}}","{'node_level': {}, 'link_level': {}, 'path_level': {}}",[],0.0,0.0,True,True,False,0,[],0,0.0,,,,,
100,59,10,12775.0,23090.0,6101471.319355682,10808367.359212102,0.5532698137721958,0.5645136880136965,65,184,0,1691.478078397653,39073.0,7098,31975.0,0.07336814621409926,0.06500380139189421,84,650.478078397653,1041.0,7,10,False,{},{},{},{},0.0,0.0,0.0,0.0,0.0,0.0,0.0,0.0,0.0,0.0,0.0,0.0,0.0,0.0,Leave Event,0.0,"{'node_level': {}, 'link_level': {}, 'path_level': {}}","{'node_level': {}, 'link_level': {}, 'path_level': {}}","{'node_level': {}, 'link_level': {}, 'path_level': {}}",[],0.0,0.0,True,True,False,0,[],0,0.0,,,,,
100,59,9,12775.0,23090.0,6101471.319355682,10808367.359212102,0.5532698137721958,0.5645136880136965,65,185,0,1700.0195351897432,39278.0,7160,32118.0,0.06527415143603132,0.060822270308205195,46,1135.0195351897432,565.0,5,5,False,{},{},{},{},0.0,0.0,0.0,0.0,0.0,0.0,0.0,0.0,0.0,0.0,0.0,0.0,0.0,0.0,Leave Event,0.0,"{'node_level': {}, 'link_level': {}, 'path_level': {}}","{'node_level': {}, 'link_level': {}, 'path_level': {}}","{'node_level': {}, 'link_level': {}, 'path_level': {}}",[],0.0,0.0,True,True,False,0,[],0,0.0,,,,,
100,59,8,12775.0,23090.0,6101471.319355682,10808367.359212102,0.5532698137721958,0.5645136880136965,65,186,0,1718.6334908902063,39470.0,7210,32260.0,0.058746736292428214,0.05666998070062579,83,691.6334908902063,1027.0,5,5,False,{},{},{},{},0.0,0.0,0.0,0.0,0.0,0.0,0.0,0.0,0.0,0.0,0.0,0.0,0.0,0.0,Leave Event,0.0,"{'node_level': {}, 'link_level': {}, 'path_level': {}}","{'node_level': {}, 'link_level': {}, 'path_level': {}}","{'node_level': {}, 'link_level': {}, 'path_level': {}}",[],0.0,0.0,True,True,False,0,[],0,0.0,,,,,
100,59,7,12775.0,23090.0,6101471.319355682,10808367.359212102,0.5532698137721958,0.5645136880136965,65,187,0,1722.6689821840057,39725.0,7267,32458.0,0.05130548302872062,0.05088016843090237,44,1173.6689821840057,549.0,4,4,False,{},{},{},{},0.0,0.0,0.0,0.0,0.0,0.0,0.0,0.0,0.0,0.0,0.0,0.0,0.0,0.0,Leave Event,0.0,"{'node_level': {}, 'link_level': {}, 'path_level': {}}","{'node_level': {}, 'link_level': {}, 'path_level': {}}","{'node_level': {}, 'link_level': {}, 'path_level': {}}",[],0.0,0.0,True,True,False,0,[],0,0.0,,,,,
100,59,6,12775.0,23090.0,6101471.319355682,10808367.359212102,0.5532698137721958,0.5645136880136965,65,188,0,1749.8423660019178,39832.0,7292,32540.0,0.04804177545691901,0.048482367389905856,33,1341.8423660019178,408.0,2,1,False,{},{},{},{},0.0,0.0,0.0,0.0,0.0,0.0,0.0,0.0,0.0,0.0,0.0,0.0,0.0,0.0,Leave Event,0.0,"{'node_level': {}, 'link_level': {}, 'path_level': {}}","{'node_level': {}, 'link_level': {}, 'path_level': {}}","{'node_level': {}, 'link_level': {}, 'path_level': {}}",[],0.0,0.0,True,True,False,0,[],0,0.0,,,,,
100,59,5,12775.0,23090.0,6101471.319355682,10808367.359212102,0.5532698137721958,0.5645136880136965,65,189,0,1765.6209258740134,40113.0,7355,32758.0,0.03981723237597912,0.042107725597988144,60,1021.6209258740134,744.0,5,4,False,{},{},{},{},0.0,0.0,0.0,0.0,0.0,0.0,0.0,0.0,0.0,0.0,0.0,0.0,0.0,0.0,Leave Event,0.0,"{'node_level': {}, 'link_level': {}, 'path_level': {}}","{'node_level': {}, 'link_level': {}, 'path_level': {}}","{'node_level': {}, 'link_level': {}, 'path_level': {}}",[],0.0,0.0,True,True,False,0,[],0,0.0,,,,,
100,59,4,12775.0,23090.0,6101471.319355682,10808367.359212102,0.5532698137721958,0.5645136880136965,65,190,0,1853.028810460358,40456.0,7432,33024.0,0.02976501305483026,0.0343294929528043,11,1716.028810460358,137.0,6,6,False,{},{},{},{},0.0,0.0,0.0,0.0,0.0,0.0,0.0,0.0,0.0,0.0,0.0,0.0,0.0,0.0,Leave Event,0.0,"{'node_level': {}, 'link_level': {}, 'path_level': {}}","{'node_level': {}, 'link_level': {}, 'path_level': {}}","{'node_level': {}, 'link_level': {}, 'path_level': {}}",[],0.0,0.0,True,True,False,0,[],0,0.0,,,,,
100,59,4,12775.0,23090.0,6101471.319355682,10808367.359212102,0.5532698137721958,0.5645136880136965,65,191,0,1896.8412983709384,40456.0,7432,33024.0,0.02976501305483026,0.0343294929528043,61,1141.8412983709384,755.0,10,17,False,{},{},{},{},0.0,0.0,0.0,0.0,0.0,0.0,0.0,0.0,0.0,0.0,0.0,0.0,0.0,0.0,Leave Event,0.0,"{'node_level': {}, 'link_level': {}, 'path_level': {}}","{'node_level': {}, 'link_level': {}, 'path_level': {}}","{'node_level': {}, 'link_level': {}, 'path_level': {}}",[],0.0,0.0,True,True,False,0,[],0,0.0,,,,,
100,59,4,12775.0,23090.0,6101471.319355682,10808367.359212102,0.5532698137721958,0.5645136880136965,65,192,0,1901.147460785588,40456.0,7432,33024.0,0.02976501305483026,0.0343294929528043,65,1108.147460785588,793.0,9,22,False,{},{},{},{},0.0,0.0,0.0,0.0,0.0,0.0,0.0,0.0,0.0,0.0,0.0,0.0,0.0,0.0,Leave Event,0.0,"{'node_level': {}, 'link_level': {}, 'path_level': {}}","{'node_level': {}, 'link_level': {}, 'path_level': {}}","{'node_level': {}, 'link_level': {}, 'path_level': {}}",[],0.0,0.0,True,True,False,0,[],0,0.0,,,,,
100,59,3,12775.0,23090.0,6101471.319355682,10808367.359212102,0.5532698137721958,0.5645136880136965,65,193,0,1985.835363746077,40762.0,7482,33280.0,0.023237597911227148,0.026843675068717432,53,1339.835363746077,646.0,4,5,False,{},{},{},{},0.0,0.0,0.0,0.0,0.0,0.0,0.0,0.0,0.0,0.0,0.0,0.0,0.0,0.0,Leave Event,0.0,"{'node_level': {}, 'link_level': {}, 'path_level': {}}","{'node_level': {}, 'link_level': {}, 'path_level': {}}","{'node_level': {}, 'link_level': {}, 'path_level': {}}",[],0.0,0.0,True,True,False,0,[],0,0.0,,,,,
100,59,3,12775.0,23090.0,6101471.319355682,10808367.359212102,0.5532698137721958,0.5645136880136965,65,194,0,2034.6073770258297,40762.0,7482,33280.0,0.023237597911227148,0.026843675068717432,54,1373.6073770258297,661.0,9,18,False,{},{},{},{},0.0,0.0,0.0,0.0,0.0,0.0,0.0,0.0,0.0,0.0,0.0,0.0,0.0,0.0,Leave Event,0.0,"{'node_level': {}, 'link_level': {}, 'path_level': {}}","{'node_level': {}, 'link_level': {}, 'path_level': {}}","{'node_level': {}, 'link_level': {}, 'path_level': {}}",[],0.0,0.0,True,True,False,0,[],0,0.0,,,,,
100,59,2,12775.0,23090.0,6101471.319355682,10808367.359212102,0.5532698137721958,0.5645136880136965,65,195,0,2038.102256157356,41681.0,7601,34080.0,0.00770234986945173,0.0034504941809462286,80,1048.102256157356,990.0,8,12,False,{},{},{},{},0.0,0.0,0.0,0.0,0.0,0.0,0.0,0.0,0.0,0.0,0.0,0.0,0.0,0.0,Leave Event,0.0,"{'node_level': {}, 'link_level': {}, 'path_level': {}}","{'node_level': {}, 'link_level': {}, 'path_level': {}}","{'node_level': {}, 'link_level': {}, 'path_level': {}}",[],0.0,0.0,True,True,False,0,[],0,0.0,,,,,
100,59,2,12775.0,23090.0,6101471.319355682,10808367.359212102,0.5532698137721958,0.5645136880136965,65,196,0,2240.265267639189,41681.0,7601,34080.0,0.00770234986945173,0.0034504941809462286,93,1077.265267639189,1163.0,9,15,False,{},{},{},{},0.0,0.0,0.0,0.0,0.0,0.0,0.0,0.0,0.0,0.0,0.0,0.0,0.0,0.0,Leave Event,0.0,"{'node_level': {}, 'link_level': {}, 'path_level': {}}","{'node_level': {}, 'link_level': {}, 'path_level': {}}","{'node_level': {}, 'link_level': {}, 'path_level': {}}",[],0.0,0.0,True,True,False,0,[],0,0.0,,,,,
100,59,1,12775.0,23090.0,6101471.319355682,10808367.359212102,0.5532698137721958,0.5645136880136965,65,197,0,2626.9691086083185,41749.0,7603,34146.0,0.007441253263707592,0.001520556757705127,89,1517.9691086083183,1109.0,2,1,False,{},{},{},{},0.0,0.0,0.0,0.0,0.0,0.0,0.0,0.0,0.0,0.0,0.0,0.0,0.0,0.0,Leave Event,0.0,"{'node_level': {}, 'link_level': {}, 'path_level': {}}","{'node_level': {}, 'link_level': {}, 'path_level': {}}","{'node_level': {}, 'link_level': {}, 'path_level': {}}",[],0.0,0.0,True,True,False,0,[],0,0.0,,,,,
100,59,1,12775.0,23090.0,6101471.319355682,10808367.359212102,0.5532698137721958,0.5645136880136965,65,198,0,3455.465490617315,41749.0,7603,34146.0,0.007441253263707592,0.001520556757705127,92,2308.465490617315,1147.0,7,12,False,{},{},{},{},0.0,0.0,0.0,0.0,0.0,0.0,0.0,0.0,0.0,0.0,0.0,0.0,0.0,0.0,Leave Event,0.0,"{'node_level': {}, 'link_level': {}, 'path_level': {}}","{'node_level': {}, 'link_level': {}, 'path_level': {}}","{'node_level': {}, 'link_level': {}, 'path_level': {}}",[],0.0,0.0,True,True,False,0,[],0,0.0,,,,,
100,59,0,12775.0,23090.0,6101471.319355682,10808367.359212102,0.5532698137721958,0.5645136880136965,65,199,0,3901.8897141594107,41858.0,7660,34198.0,0.0,0.0,75,2976.8897141594107,925.0,4,3,False,{},{},{},{},0.0,0.0,0.0,0.0,0.0,0.0,0.0,0.0,0.0,0.0,0.0,0.0,0.0,0.0,Leave Event,0.0,"{'node_level': {}, 'link_level': {}, 'path_level': {}}","{'node_level': {}, 'link_level': {}, 'path_level': {}}","{'node_level': {}, 'link_level': {}, 'path_level': {}}",[],0.0,0.0,True,True,False,0,[],0,0.0,,,,,
