v_net_count,success_count,inservice_count,total_revenue,total_cost,total_time_revenue,total_time_cost,long_term_r2c_ratio,long_term_time_r2c_ratio,num_running_p_net_nodes,event_id,event_type,event_time,p_net_available_resource,p_net_node_available_resource,p_net_link_available_resource,p_net_node_resource_utilization,p_net_link_resource_utilization,v_net_id,v_net_lifetime,v_net_arrival_time,v_net_num_nodes,v_net_num_egdes,result,node_slots,link_paths,node_slots_info,link_paths_info,v_net_cost,v_net_revenue,v_net_demand,v_net_node_demand,v_net_link_demand,v_net_node_revenue,v_net_link_revenue,v_net_node_cost,v_net_link_cost,v_net_path_cost,v_net_r2c_ratio,v_net_time_cost,v_net_time_revenue,v_net_time_rc_ratio,description,v_net_total_hard_constraint_violation,v_net_single_step_constraint_offset,v_net_constraint_offsets,v_net_constraint_violations,v_net_single_step_violation_list,v_net_single_step_hard_constraint_offset,v_net_max_single_step_hard_constraint_violation,place_result,route_result,early_rejection,revoke_times,selected_actions,num_interactions,v_net_reward,rdma_mode,fallback_count,rdma_link_count,num_placed_nodes,num_routed_links
1,1,1,255.0,397.0,148776.37322144362,231624.39281926714,0.6423173803526449,0.6423173803526447,7,0,1,16.0,46452.0,7177,39275.0,0.010478422721632463,0.008106879482775997,0,583.4367577311515,16.0,7,8,True,"{0: np.int64(18), 4: np.int64(60), 3: np.int64(1), 1: np.int64(72), 2: np.int64(5), 5: np.int64(91), 6: np.int64(32)}","{(0, 3): [(np.int64(18), 77), (77, np.int64(1))], (0, 4): [(np.int64(18), 46), (46, np.int64(60))], (1, 4): [(np.int64(72), 89), (89, np.int64(60))], (2, 4): [(np.int64(5), 60)], (5, 6): [(np.int64(91), 36), (36, np.int64(32))], (1, 3): [(np.int64(72), 1)], (3, 4): [(np.int64(1), 77), (77, 3), (3, np.int64(60))], (0, 6): [(np.int64(18), 32)]}","{(0, np.int64(18)): {'cpu': 13}, (4, np.int64(60)): {'cpu': 8}, (3, np.int64(1)): {'cpu': 9, 'nic_slots': 1}, (1, np.int64(72)): {'cpu': 11, 'nic_slots': 1}, (2, np.int64(5)): {'cpu': 15}, (5, np.int64(91)): {'cpu': 14}, (6, np.int64(32)): {'cpu': 6}}","{((0, 3), (np.int64(18), 77)): {'bw': 48.0}, ((0, 3), (77, np.int64(1))): {'bw': 48.0}, ((0, 4), (np.int64(18), 46)): {'bw': 43.0}, ((0, 4), (46, np.int64(60))): {'bw': 43.0}, ((1, 4), (np.int64(72), 89)): {'bw': 28.0}, ((1, 4), (89, np.int64(60))): {'bw': 28.0}, ((2, 4), (np.int64(5), 60)): {'bw': 26.0}, ((5, 6), (np.int64(91), 36)): {'bw': 15.0}, ((5, 6), (36, np.int64(32))): {'bw': 15.0}, ((1, 3), (np.int64(72), 1)): {'bw': 11.0}, ((3, 4), (np.int64(1), 77)): {'bw': 4.0}, ((3, 4), (77, 3)): {'bw': 4.0}, ((3, 4), (3, np.int64(60))): {'bw': 4.0}, ((0, 6), (np.int64(18), 32)): {'bw': 4.0}}",397.0,255.0,255.0,76.0,179.0,76.0,179.0,76.0,321.0,142.0,0.6423173803526449,231624.39281926714,148776.37322144362,374.7515698273139,Success,0.0,"{'node_level': {}, 'link_level': {}, 'path_level': {}}","{'node_level': {0: {'cpu': -76}, 4: {'cpu': -82}, 3: {'cpu': -88}, 1: {'cpu': -77}, 2: {'cpu': -74}, 5: {'cpu': -76}, 6: {'cpu': -91}}, 'link_level': {}, 'path_level': {}}","{'node_level': {0: {'cpu': 0}, 4: {'cpu': 0}, 3: {'cpu': 0}, 1: {'cpu': 0}, 2: {'cpu': 0}, 5: {'cpu': 0}, 6: {'cpu': 0}}, 'link_level': {}, 'path_level': {}}",[],0.0,0.0,True,True,False,0,[],0,0.0,"OrderedDict([((0, 3), 0), ((0, 4), 0), ((1, 4), 0), ((2, 4), 0), ((5, 6), 0), ((1, 3), 1), ((3, 4), 0), ((0, 6), 0)])",0.0,1.0,7.0,8.0
2,2,2,281.0,424.0,176391.4563584551,260301.59453847137,0.6627358490566038,0.6776426270888066,7,1,1,30.0,46425.0,7152,39273.0,0.013925272301116731,0.008157389635316648,1,1062.1185821927488,30.0,2,1,True,"{1: np.int64(18), 0: np.int64(1)}","{(0, 1): [(np.int64(1), 77), (77, np.int64(18))]}","{(1, np.int64(18)): {'cpu': 15}, (0, np.int64(1)): {'cpu': 10}}","{((0, 1), (np.int64(1), 77)): {'bw': 1.0}, ((0, 1), (77, np.int64(18))): {'bw': 1.0}}",27.0,26.0,26.0,25.0,1.0,25.0,1.0,25.0,2.0,1.0,0.9629629629629629,28677.20171920422,27615.08313701147,1022.7808569263507,Success,0.0,"{'node_level': {}, 'link_level': {}, 'path_level': {}}","{'node_level': {1: {'cpu': -61}, 0: {'cpu': -78}}, 'link_level': {}, 'path_level': {}}","{'node_level': {1: {'cpu': 0}, 0: {'cpu': 0}}, 'link_level': {}, 'path_level': {}}",[],0.0,0.0,True,True,False,0,[],0,0.0,"OrderedDict([((0, 1), 0)])",0.0,0.0,2.0,1.0
3,3,3,534.0,857.0,493136.2868516119,802398.4783469175,0.6231038506417736,0.6145777941498091,8,2,1,43.0,45992.0,7098,38894.0,0.021370467392803016,0.01772906354177195,2,1251.955851751608,43.0,5,6,True,"{1: np.int64(18), 4: np.int64(60), 3: np.int64(41), 0: np.int64(32), 2: np.int64(1)}","{(1, 4): [(np.int64(18), 3), (3, np.int64(60))], (0, 1): [(np.int64(32), 41), (41, np.int64(18))], (0, 3): [(np.int64(32), 44), (44, np.int64(41))], (3, 4): [(np.int64(41), 3), (3, np.int64(60))], (1, 3): [(np.int64(18), 41)], (2, 4): [(np.int64(1), 80), (80, np.int64(60))]}","{(1, np.int64(18)): {'cpu': 17}, (4, np.int64(60)): {'cpu': 14}, (3, np.int64(41)): {'cpu': 6}, (0, np.int64(32)): {'cpu': 4}, (2, np.int64(1)): {'cpu': 13}}","{((1, 4), (np.int64(18), 3)): {'bw': 50.0}, ((1, 4), (3, np.int64(60))): {'bw': 50.0}, ((0, 1), (np.int64(32), 41)): {'bw': 49.0}, ((0, 1), (41, np.int64(18))): {'bw': 49.0}, ((0, 3), (np.int64(32), 44)): {'bw': 46.0}, ((0, 3), (44, np.int64(41))): {'bw': 46.0}, ((3, 4), (np.int64(41), 3)): {'bw': 27.0}, ((3, 4), (3, np.int64(60))): {'bw': 27.0}, ((1, 3), (np.int64(18), 41)): {'bw': 19.0}, ((2, 4), (np.int64(1), 80)): {'bw': 8.0}, ((2, 4), (80, np.int64(60))): {'bw': 8.0}}",433.0,253.0,253.0,54.0,199.0,54.0,199.0,54.0,379.0,180.0,0.5842956120092379,542096.8838084462,316744.8304931568,731.5123106077524,Success,0.0,"{'node_level': {}, 'link_level': {}, 'path_level': {}}","{'node_level': {1: {'cpu': -44}, 4: {'cpu': -68}, 3: {'cpu': -58}, 0: {'cpu': -87}, 2: {'cpu': -65}}, 'link_level': {}, 'path_level': {}}","{'node_level': {1: {'cpu': 0}, 4: {'cpu': 0}, 3: {'cpu': 0}, 0: {'cpu': 0}, 2: {'cpu': 0}}, 'link_level': {}, 'path_level': {}}",[],0.0,0.0,True,True,False,0,[],0,0.0,"OrderedDict([((1, 4), 0), ((0, 1), 0), ((0, 3), 0), ((3, 4), 0), ((1, 3), 0), ((2, 4), 0)])",0.0,0.0,5.0,6.0
4,4,4,708.0,1194.0,514398.6913302634,843579.1123084436,0.592964824120603,0.609781209402658,11,3,1,52.0,45655.0,7072,38583.0,0.02495519095546672,0.025583392261844584,3,122.1977268888015,52.0,5,5,True,"{0: np.int64(5), 2: np.int64(7), 3: np.int64(98), 4: np.int64(30), 1: np.int64(91)}","{(1, 4): [(np.int64(91), 30)], (0, 2): [(np.int64(5), 15), (15, np.int64(7))], (0, 4): [(np.int64(5), 85), (85, np.int64(30))], (2, 4): [(np.int64(7), 68), (68, 51), (51, np.int64(30))], (2, 3): [(np.int64(7), 12), (12, 84), (84, np.int64(98))]}","{(0, np.int64(5)): {'cpu': 9}, (2, np.int64(7)): {'cpu': 6, 'nic_slots': 1}, (3, np.int64(98)): {'cpu': 8}, (4, np.int64(30)): {'cpu': 1, 'nic_slots': 1}, (1, np.int64(91)): {'cpu': 2}}","{((1, 4), (np.int64(91), 30)): {'bw': 36.0}, ((0, 2), (np.int64(5), 15)): {'bw': 34.0}, ((0, 2), (15, np.int64(7))): {'bw': 34.0}, ((0, 4), (np.int64(5), 85)): {'bw': 27.0}, ((0, 4), (85, np.int64(30))): {'bw': 27.0}, ((2, 4), (np.int64(7), 68)): {'bw': 25.0}, ((2, 4), (68, 51)): {'bw': 25.0}, ((2, 4), (51, np.int64(30))): {'bw': 25.0}, ((2, 3), (np.int64(7), 12)): {'bw': 26.0}, ((2, 3), (12, 84)): {'bw': 26.0}, ((2, 3), (84, np.int64(98))): {'bw': 26.0}}",337.0,174.0,174.0,26.0,148.0,26.0,148.0,26.0,311.0,163.0,0.516320474777448,41180.6339615261,21262.40447865146,63.093188363950915,Success,0.0,"{'node_level': {}, 'link_level': {}, 'path_level': {}}","{'node_level': {0: {'cpu': -65}, 2: {'cpu': -63}, 3: {'cpu': -55}, 4: {'cpu': -54}, 1: {'cpu': -74}}, 'link_level': {}, 'path_level': {}}","{'node_level': {0: {'cpu': 0}, 2: {'cpu': 0}, 3: {'cpu': 0}, 4: {'cpu': 0}, 1: {'cpu': 0}}, 'link_level': {}, 'path_level': {}}",[],0.0,0.0,True,True,False,0,[],0,0.0,"OrderedDict([((1, 4), 0), ((0, 2), 0), ((0, 4), 0), ((2, 4), 1), ((2, 3), 0)])",1.0,1.0,5.0,5.0
5,5,5,990.0,1678.0,631829.6274075108,1045127.2437318043,0.5899880810488677,0.604548040630398,15,4,1,65.0,45171.0,6982,38189.0,0.03736384944161042,0.03553389231235482,4,416.4217591391749,65.0,9,10,True,"{1: np.int64(43), 2: np.int64(77), 0: np.int64(38), 6: np.int64(1), 3: np.int64(18), 8: np.int64(91), 7: np.int64(72), 5: np.int64(13), 4: np.int64(98)}","{(2, 8): [(np.int64(77), 91)], (1, 8): [(np.int64(43), 16), (16, 76), (76, np.int64(91))], (0, 2): [(np.int64(38), 41), (41, 3), (3, np.int64(77))], (2, 3): [(np.int64(77), 18)], (1, 6): [(np.int64(43), 11), (11, 36), (36, np.int64(1))], (1, 4): [(np.int64(43), 98)], (2, 4): [(np.int64(77), 31), (31, 45), (45, np.int64(98))], (5, 6): [(np.int64(13), 1)], (2, 7): [(np.int64(77), 1), (1, np.int64(72))], (4, 7): [(np.int64(98), 45), (45, np.int64(72))]}","{(1, np.int64(43)): {'cpu': 19}, (2, np.int64(77)): {'cpu': 7, 'nic_slots': 2}, (0, np.int64(38)): {'cpu': 19}, (6, np.int64(1)): {'cpu': 14}, (3, np.int64(18)): {'cpu': 12}, (8, np.int64(91)): {'cpu': 3}, (7, np.int64(72)): {'cpu': 10, 'nic_slots': 2}, (5, np.int64(13)): {'cpu': 5}, (4, np.int64(98)): {'cpu': 1, 'nic_slots': 2}}","{((2, 8), (np.int64(77), 91)): {'bw': 39.0}, ((1, 8), (np.int64(43), 16)): {'bw': 34.0}, ((1, 8), (16, 76)): {'bw': 34.0}, ((1, 8), (76, np.int64(91))): {'bw': 34.0}, ((0, 2), (np.int64(38), 41)): {'bw': 34.0}, ((0, 2), (41, 3)): {'bw': 34.0}, ((0, 2), (3, np.int64(77))): {'bw': 34.0}, ((2, 3), (np.int64(77), 18)): {'bw': 24.0}, ((1, 6), (np.int64(43), 11)): {'bw': 16.0}, ((1, 6), (11, 36)): {'bw': 16.0}, ((1, 6), (36, np.int64(1))): {'bw': 16.0}, ((1, 4), (np.int64(43), 98)): {'bw': 13.0}, ((2, 4), (np.int64(77), 31)): {'bw': 13.0}, ((2, 4), (31, 45)): {'bw': 13.0}, ((2, 4), (45, np.int64(98))): {'bw': 13.0}, ((5, 6), (np.int64(13), 1)): {'bw': 11.0}, ((2, 7), (np.int64(77), 1)): {'bw': 6.0}, ((2, 7), (1, np.int64(72))): {'bw': 6.0}, ((4, 7), (np.int64(98), 45)): {'bw': 2.0}, ((4, 7), (45, np.int64(72))): {'bw': 2.0}}",484.0,282.0,282.0,90.0,192.0,90.0,192.0,90.0,394.0,202.0,0.5826446280991735,201548.13142336067,117430.93607724733,242.62590098604818,Success,0.0,"{'node_level': {}, 'link_level': {}, 'path_level': {}}","{'node_level': {1: {'cpu': -63}, 2: {'cpu': -43}, 0: {'cpu': -60}, 6: {'cpu': -51}, 3: {'cpu': -32}, 8: {'cpu': -71}, 7: {'cpu': -67}, 5: {'cpu': -69}, 4: {'cpu': -54}}, 'link_level': {}, 'path_level': {}}","{'node_level': {1: {'cpu': 0}, 2: {'cpu': 0}, 0: {'cpu': 0}, 6: {'cpu': 0}, 3: {'cpu': 0}, 8: {'cpu': 0}, 7: {'cpu': 0}, 5: {'cpu': 0}, 4: {'cpu': 0}}, 'link_level': {}, 'path_level': {}}",[],0.0,0.0,True,True,False,0,[],0,0.0,"OrderedDict([((2, 8), 0), ((1, 8), 0), ((0, 2), 0), ((2, 3), 0), ((1, 6), 0), ((1, 4), 0), ((2, 4), 1), ((5, 6), 0), ((2, 7), 1), ((4, 7), 1)])",2.0,3.0,9.0,10.0
6,6,6,1167.0,1921.0,809116.4118916267,1288520.9648032177,0.6074960957834461,0.6279419846422092,18,5,1,72.0,44928.0,6948,37980.0,0.04205156486970907,0.04081220325285384,5,1001.6202513226889,72.0,5,6,True,"{4: np.int64(60), 2: np.int64(4), 1: np.int64(5), 0: np.int64(15), 3: np.int64(49)}","{(1, 4): [(np.int64(5), 60)], (3, 4): [(np.int64(49), 60)], (0, 2): [(np.int64(15), 4)], (2, 4): [(np.int64(4), 15), (15, 89), (89, np.int64(60))], (0, 4): [(np.int64(15), 89), (89, np.int64(60))], (1, 2): [(np.int64(5), 15), (15, np.int64(4))]}","{(4, np.int64(60)): {'cpu': 8}, (2, np.int64(4)): {'cpu': 13}, (1, np.int64(5)): {'cpu': 11}, (0, np.int64(15)): {'cpu': 1}, (3, np.int64(49)): {'cpu': 1}}","{((1, 4), (np.int64(5), 60)): {'bw': 37.0}, ((3, 4), (np.int64(49), 60)): {'bw': 37.0}, ((0, 2), (np.int64(15), 4)): {'bw': 23.0}, ((2, 4), (np.int64(4), 15)): {'bw': 20.0}, ((2, 4), (15, 89)): {'bw': 20.0}, ((2, 4), (89, np.int64(60))): {'bw': 20.0}, ((0, 4), (np.int64(15), 89)): {'bw': 20.0}, ((0, 4), (89, np.int64(60))): {'bw': 20.0}, ((1, 2), (np.int64(5), 15)): {'bw': 6.0}, ((1, 2), (15, np.int64(4))): {'bw': 6.0}}",243.0,177.0,177.0,34.0,143.0,34.0,143.0,34.0,209.0,66.0,0.7283950617283951,243393.7210714134,177286.78448411592,729.5752447906006,Success,0.0,"{'node_level': {}, 'link_level': {}, 'path_level': {}}","{'node_level': {4: {'cpu': -60}, 2: {'cpu': -40}, 1: {'cpu': -54}, 0: {'cpu': -61}, 3: {'cpu': -72}}, 'link_level': {}, 'path_level': {}}","{'node_level': {4: {'cpu': 0}, 2: {'cpu': 0}, 1: {'cpu': 0}, 0: {'cpu': 0}, 3: {'cpu': 0}}, 'link_level': {}, 'path_level': {}}",[],0.0,0.0,True,True,False,0,[],0,0.0,"OrderedDict([((1, 4), 0), ((3, 4), 0), ((0, 2), 0), ((2, 4), 0), ((0, 4), 0), ((1, 2), 0)])",1.0,0.0,5.0,6.0
7,7,7,1455.0,2384.0,911536.1147651332,1453174.862131112,0.6103187919463087,0.6272721463323044,20,6,1,84.0,44465.0,6881,37584.0,0.05128912174272715,0.050813213455904616,6,355.62396831078695,84.0,7,9,True,"{2: np.int64(25), 5: np.int64(32), 6: np.int64(7), 1: np.int64(13), 3: np.int64(49), 0: np.int64(10), 4: np.int64(98)}","{(2, 3): [(np.int64(25), 33), (33, np.int64(49))], (3, 5): [(np.int64(49), 32)], (3, 6): [(np.int64(49), 33), (33, 7)], (1, 6): [(np.int64(13), 7)], (1, 2): [(np.int64(13), 95), (95, np.int64(25))], (2, 6): [(np.int64(25), 95), (95, np.int64(7))], (4, 5): [(np.int64(98), 55), (55, 49), (49, np.int64(32))], (2, 5): [(np.int64(25), 32)], (0, 2): [(np.int64(10), 3), (3, 41), (41, np.int64(25))]}","{(2, np.int64(25)): {'cpu': 15}, (5, np.int64(32)): {'cpu': 17, 'nic_slots': 1}, (6, np.int64(7)): {'cpu': 5}, (1, np.int64(13)): {'cpu': 7}, (3, np.int64(49)): {'cpu': 2, 'nic_slots': 1}, (0, np.int64(10)): {'cpu': 16}, (4, np.int64(98)): {'cpu': 5}}","{((2, 3), (np.int64(25), 33)): {'bw': 47.0}, ((2, 3), (33, np.int64(49))): {'bw': 47.0}, ((3, 5), (np.int64(49), 32)): {'bw': 35.0}, ((3, 6), (np.int64(49), 33)): {'bw': 31.0}, ((3, 6), (33, 7)): {'bw': 31.0}, ((1, 6), (np.int64(13), 7)): {'bw': 28.0}, ((1, 2), (np.int64(13), 95)): {'bw': 24.0}, ((1, 2), (95, np.int64(25))): {'bw': 24.0}, ((2, 6), (np.int64(25), 95)): {'bw': 23.0}, ((2, 6), (95, np.int64(7))): {'bw': 23.0}, ((4, 5), (np.int64(98), 55)): {'bw': 17.0}, ((4, 5), (55, 49)): {'bw': 17.0}, ((4, 5), (49, np.int64(32))): {'bw': 17.0}, ((2, 5), (np.int64(25), 32)): {'bw': 8.0}, ((0, 2), (np.int64(10), 3)): {'bw': 8.0}, ((0, 2), (3, 41)): {'bw': 8.0}, ((0, 2), (41, np.int64(25))): {'bw': 8.0}}",463.0,288.0,288.0,67.0,221.0,67.0,221.0,67.0,396.0,175.0,0.6220302375809935,164653.89732789434,102419.70287350664,221.2088614978545,Success,0.0,"{'node_level': {}, 'link_level': {}, 'path_level': {}}","{'node_level': {2: {'cpu': -48}, 5: {'cpu': -70}, 6: {'cpu': -58}, 1: {'cpu': -62}, 3: {'cpu': -70}, 0: {'cpu': -70}, 4: {'cpu': -49}}, 'link_level': {}, 'path_level': {}}","{'node_level': {2: {'cpu': 0}, 5: {'cpu': 0}, 6: {'cpu': 0}, 1: {'cpu': 0}, 3: {'cpu': 0}, 0: {'cpu': 0}, 4: {'cpu': 0}}, 'link_level': {}, 'path_level': {}}",[],0.0,0.0,True,True,False,0,[],0,0.0,"OrderedDict([((2, 3), 0), ((3, 5), 1), ((3, 6), 0), ((1, 6), 0), ((1, 2), 0), ((2, 6), 0), ((4, 5), 0), ((2, 5), 0), ((0, 2), 0)])",2.0,1.0,7.0,9.0
8,7,7,1455.0,2384.0,911536.1147651332,1453174.862131112,0.6103187919463087,0.6272721463323044,20,7,1,97.0,44465.0,6881,37584.0,0.05128912174272715,0.050813213455904616,7,1242.7911631197298,97.0,4,5,False,"{2: np.int64(91), 3: np.int64(28), 0: np.int64(20), 1: np.int64(56)}","{(0, 2): [(np.int64(20), 28), (28, 76), (76, np.int64(91))], (0, 1): [(np.int64(20), 56)]}","{(2, np.int64(91)): {'cpu': 18}, (3, np.int64(28)): {'cpu': 20}, (0, np.int64(20)): {'cpu': 10}, (1, np.int64(56)): {'cpu': 9}}","{((0, 2), (np.int64(20), 28)): {'bw': 43.0}, ((0, 2), (28, 76)): {'bw': 43.0}, ((0, 2), (76, np.int64(91))): {'bw': 43.0}, ((0, 1), (np.int64(20), 56)): {'bw': 41.0}}",0.0,0.0,236.0,57.0,179.0,0.0,0.0,0.0,0.0,0.0,0.0,0.0,0.0,0.0,Route Failure,0.0,"{'node_level': {}, 'link_level': {}, 'path_level': {}}","{'node_level': {2: {'cpu': -53}, 3: {'cpu': -50}, 0: {'cpu': -86}, 1: {'cpu': -41}}, 'link_level': {}, 'path_level': {}}","{'node_level': {2: {'cpu': 0}, 3: {'cpu': 0}, 0: {'cpu': 0}, 1: {'cpu': 0}}, 'link_level': {}, 'path_level': {}}",[],0.0,0.0,True,False,False,0,[],0,0.0,"OrderedDict([((0, 2), 0), ((0, 1), 0)])",0.0,0.0,4.0,2.0
9,8,8,1757.0,2869.0,1295122.0920914111,2069198.6998902005,0.6124085047054723,0.6259051352391315,23,8,1,112.0,43980.0,6798,37182.0,0.06273266234661523,0.06096575411657745,8,1270.1522428022445,112.0,6,8,True,"{2: np.int64(91), 5: np.int64(28), 0: np.int64(0), 3: np.int64(30), 4: np.int64(80), 1: np.int64(49)}","{(2, 5): [(np.int64(91), 76), (76, np.int64(28))], (1, 3): [(np.int64(49), 30)], (4, 5): [(np.int64(80), 81), (81, 26), (26, np.int64(28))], (0, 2): [(np.int64(0), 38), (38, np.int64(91))], (0, 5): [(np.int64(0), 26), (26, np.int64(28))], (0, 1): [(np.int64(0), 49)], (0, 4): [(np.int64(0), 50), (50, np.int64(80))], (1, 4): [(np.int64(49), 80)]}","{(2, np.int64(91)): {'cpu': 20}, (5, np.int64(28)): {'cpu': 12}, (0, np.int64(0)): {'cpu': 15}, (3, np.int64(30)): {'cpu': 16, 'nic_slots': 1}, (4, np.int64(80)): {'cpu': 14}, (1, np.int64(49)): {'cpu': 6, 'nic_slots': 1}}","{((2, 5), (np.int64(91), 76)): {'bw': 48.0}, ((2, 5), (76, np.int64(28))): {'bw': 48.0}, ((1, 3), (np.int64(49), 30)): {'bw': 49.0}, ((4, 5), (np.int64(80), 81)): {'bw': 33.0}, ((4, 5), (81, 26)): {'bw': 33.0}, ((4, 5), (26, np.int64(28))): {'bw': 33.0}, ((0, 2), (np.int64(0), 38)): {'bw': 34.0}, ((0, 2), (38, np.int64(91))): {'bw': 34.0}, ((0, 5), (np.int64(0), 26)): {'bw': 27.0}, ((0, 5), (26, np.int64(28))): {'bw': 27.0}, ((0, 1), (np.int64(0), 49)): {'bw': 12.0}, ((0, 4), (np.int64(0), 50)): {'bw': 8.0}, ((0, 4), (50, np.int64(80))): {'bw': 8.0}, ((1, 4), (np.int64(49), 80)): {'bw': 8.0}}",485.0,302.0,302.0,83.0,219.0,83.0,219.0,83.0,402.0,183.0,0.622680412371134,616023.8377590886,383585.9773262778,790.8989223222223,Success,0.0,"{'node_level': {}, 'link_level': {}, 'path_level': {}}","{'node_level': {2: {'cpu': -51}, 5: {'cpu': -58}, 0: {'cpu': -79}, 3: {'cpu': -38}, 4: {'cpu': -48}, 1: {'cpu': -64}}, 'link_level': {}, 'path_level': {}}","{'node_level': {2: {'cpu': 0}, 5: {'cpu': 0}, 0: {'cpu': 0}, 3: {'cpu': 0}, 4: {'cpu': 0}, 1: {'cpu': 0}}, 'link_level': {}, 'path_level': {}}",[],0.0,0.0,True,True,False,0,[],0,0.0,"OrderedDict([((2, 5), 0), ((1, 3), 1), ((4, 5), 0), ((0, 2), 0), ((0, 5), 0), ((0, 1), 0), ((0, 4), 0), ((1, 4), 0)])",2.0,1.0,6.0,8.0
10,8,8,1757.0,2869.0,1295122.0920914111,2069198.6998902005,0.6124085047054723,0.6259051352391315,23,9,1,126.0,43980.0,6798,37182.0,0.06273266234661523,0.06096575411657745,9,43.385244437624735,126.0,9,22,False,"{1: np.int64(64), 7: np.int64(18), 0: np.int64(52), 5: np.int64(1), 2: np.int64(98), 3: np.int64(83), 4: np.int64(5)}",{},"{(1, np.int64(64)): {'cpu': 18}, (7, np.int64(18)): {'cpu': 12}, (0, np.int64(52)): {'cpu': 11}, (5, np.int64(1)): {'cpu': 16}, (2, np.int64(98)): {'cpu': 6}, (3, np.int64(83)): {'cpu': 5}, (4, np.int64(5)): {'cpu': 5}}",{},0.0,0.0,732.0,79.0,653.0,0.0,0.0,0.0,0.0,0.0,0.0,0.0,0.0,0.0,Place Failure,0.0,"{'node_level': {}, 'link_level': {}, 'path_level': {}}","{'node_level': {1: {'cpu': -73}, 7: {'cpu': -20}, 0: {'cpu': -89}, 5: {'cpu': -35}, 2: {'cpu': -43}, 3: {'cpu': -56}, 4: {'cpu': -49}}, 'link_level': {}, 'path_level': {}}","{'node_level': {1: {'cpu': 0}, 7: {'cpu': 0}, 0: {'cpu': 0}, 5: {'cpu': 0}, 2: {'cpu': 0}, 3: {'cpu': 0}, 4: {'cpu': 0}}, 'link_level': {}, 'path_level': {}}",[],0.0,0.0,False,True,False,0,[],0,0.0,,,,7.0,0.0
11,9,9,2097.0,3415.0,1350429.9620843853,2158016.6322906828,0.6140556368960468,0.6257736580329024,26,10,1,141.0,43434.0,6723,36711.0,0.07307321108506826,0.072860895039903,10,162.6702058616888,141.0,8,14,True,"{7: np.int64(64), 1: np.int64(18), 4: np.int64(52), 6: np.int64(0), 0: np.int64(72), 3: np.int64(43), 5: np.int64(53), 2: np.int64(1)}","{(1, 3): [(np.int64(18), 0), (0, np.int64(43))], (1, 7): [(np.int64(18), 29), (29, np.int64(64))], (0, 4): [(np.int64(72), 52)], (2, 7): [(np.int64(1), 64)], (2, 5): [(np.int64(1), 12), (12, 84), (84, np.int64(53))], (3, 7): [(np.int64(43), 25), (25, np.int64(64))], (0, 1): [(np.int64(72), 2), (2, np.int64(18))], (0, 7): [(np.int64(72), 64)], (5, 6): [(np.int64(53), 30), (30, np.int64(0))], (0, 6): [(np.int64(72), 26), (26, np.int64(0))], (3, 6): [(np.int64(43), 0)], (4, 5): [(np.int64(52), 79), (79, 33), (33, np.int64(53))], (3, 5): [(np.int64(43), 53)], (1, 6): [(np.int64(18), 0)]}","{(7, np.int64(64)): {'cpu': 19}, (1, np.int64(18)): {'cpu': 17}, (4, np.int64(52)): {'cpu': 19}, (6, np.int64(0)): {'cpu': 12}, (0, np.int64(72)): {'cpu': 4}, (3, np.int64(43)): {'cpu': 2}, (5, np.int64(53)): {'cpu': 1}, (2, np.int64(1)): {'cpu': 1}}","{((1, 3), (np.int64(18), 0)): {'bw': 29.0}, ((1, 3), (0, np.int64(43))): {'bw': 29.0}, ((1, 7), (np.int64(18), 29)): {'bw': 28.0}, ((1, 7), (29, np.int64(64))): {'bw': 28.0}, ((0, 4), (np.int64(72), 52)): {'bw': 23.0}, ((2, 7), (np.int64(1), 64)): {'bw': 25.0}, ((2, 5), (np.int64(1), 12)): {'bw': 25.0}, ((2, 5), (12, 84)): {'bw': 25.0}, ((2, 5), (84, np.int64(53))): {'bw': 25.0}, ((3, 7), (np.int64(43), 25)): {'bw': 19.0}, ((3, 7), (25, np.int64(64))): {'bw': 19.0}, ((0, 1), (np.int64(72), 2)): {'bw': 19.0}, ((0, 1), (2, np.int64(18))): {'bw': 19.0}, ((0, 7), (np.int64(72), 64)): {'bw': 16.0}, ((5, 6), (np.int64(53), 30)): {'bw': 15.0}, ((5, 6), (30, np.int64(0))): {'bw': 15.0}, ((0, 6), (np.int64(72), 26)): {'bw': 16.0}, ((0, 6), (26, np.int64(0))): {'bw': 16.0}, ((3, 6), (np.int64(43), 0)): {'bw': 14.0}, ((4, 5), (np.int64(52), 79)): {'bw': 15.0}, ((4, 5), (79, 33)): {'bw': 15.0}, ((4, 5), (33, np.int64(53))): {'bw': 15.0}, ((3, 5), (np.int64(43), 53)): {'bw': 13.0}, ((1, 6), (np.int64(18), 0)): {'bw': 8.0}}",546.0,340.0,340.0,75.0,265.0,75.0,265.0,75.0,471.0,206.0,0.6227106227106227,88817.93240048208,55307.86999297419,101.29646518859742,Success,0.0,"{'node_level': {}, 'link_level': {}, 'path_level': {}}","{'node_level': {7: {'cpu': -72}, 1: {'cpu': -15}, 4: {'cpu': -81}, 6: {'cpu': -67}, 0: {'cpu': -63}, 3: {'cpu': -61}, 5: {'cpu': -77}, 2: {'cpu': -50}}, 'link_level': {}, 'path_level': {}}","{'node_level': {7: {'cpu': 0}, 1: {'cpu': 0}, 4: {'cpu': 0}, 6: {'cpu': 0}, 0: {'cpu': 0}, 3: {'cpu': 0}, 5: {'cpu': 0}, 2: {'cpu': 0}}, 'link_level': {}, 'path_level': {}}",[],0.0,0.0,True,True,False,0,[],0,0.0,"OrderedDict([((1, 3), 0), ((1, 7), 0), ((0, 4), 0), ((2, 7), 0), ((2, 5), 0), ((3, 7), 0), ((0, 1), 0), ((0, 7), 0), ((5, 6), 0), ((0, 6), 0), ((3, 6), 0), ((4, 5), 0), ((3, 5), 0), ((1, 6), 0)])",0.0,0.0,8.0,14.0
12,9,9,2097.0,3415.0,1350429.9620843853,2158016.6322906828,0.6140556368960468,0.6257736580329024,26,11,1,153.0,43434.0,6723,36711.0,0.07307321108506826,0.072860895039903,11,4.700376901700943,153.0,10,25,False,"{2: np.int64(98), 8: np.int64(77), 5: np.int64(10), 0: np.int64(41), 4: np.int64(78), 7: np.int64(65), 3: np.int64(13), 9: np.int64(7), 6: np.int64(5), 1: np.int64(79)}","{(5, 8): [(np.int64(10), 3), (3, np.int64(77))], (6, 9): [(np.int64(5), 15), (15, np.int64(7))], (8, 9): [(np.int64(77), 42), (42, np.int64(7))], (2, 5): [(np.int64(98), 63), (63, 3), (3, np.int64(10))], (0, 4): [(np.int64(41), 68), (68, np.int64(78))], (1, 3): [(np.int64(79), 4), (4, np.int64(13))], (4, 7): [(np.int64(78), 73), (73, np.int64(65))], (4, 9): [(np.int64(78), 68), (68, np.int64(7))], (3, 6): [(np.int64(13), 73), (73, 79), (79, np.int64(5))], (4, 6): [(np.int64(78), 73), (73, 79), (79, np.int64(5))], (5, 7): [(np.int64(10), 73), (73, np.int64(65))], (0, 3): [(np.int64(41), 46), (46, np.int64(13))], (3, 9): [(np.int64(13), 95), (95, np.int64(7))], (2, 7): [(np.int64(98), 65)], (2, 9): [(np.int64(98), 42), (42, np.int64(7))], (2, 3): [(np.int64(98), 4), (4, np.int64(13))], (5, 9): [(np.int64(10), 68), (68, np.int64(7))], (2, 8): [(np.int64(98), 45), (45, 72), (72, 1), (1, np.int64(77))], (5, 6): [(np.int64(10), 85), (85, np.int64(5))], (7, 9): [(np.int64(65), 30), (30, 51), (51, 68), (68, np.int64(7))], (6, 8): [(np.int64(5), 85), (85, np.int64(77))]}","{(2, np.int64(98)): {'cpu': 18, 'nic_slots': 1}, (8, np.int64(77)): {'cpu': 17, 'nic_slots': 1}, (5, np.int64(10)): {'cpu': 10}, (0, np.int64(41)): {'cpu': 18}, (4, np.int64(78)): {'cpu': 8}, (7, np.int64(65)): {'cpu': 8, 'nic_slots': 1}, (3, np.int64(13)): {'cpu': 4}, (9, np.int64(7)): {'cpu': 3, 'nic_slots': 1}, (6, np.int64(5)): {'cpu': 4}, (1, np.int64(79)): {'cpu': 11}}","{((5, 8), (np.int64(10), 3)): {'bw': 48.0}, ((5, 8), (3, np.int64(77))): {'bw': 48.0}, ((6, 9), (np.int64(5), 15)): {'bw': 45.0}, ((6, 9), (15, np.int64(7))): {'bw': 45.0}, ((8, 9), (np.int64(77), 42)): {'bw': 33.0}, ((8, 9), (42, np.int64(7))): {'bw': 33.0}, ((2, 5), (np.int64(98), 63)): {'bw': 38.0}, ((2, 5), (63, 3)): {'bw': 38.0}, ((2, 5), (3, np.int64(10))): {'bw': 38.0}, ((0, 4), (np.int64(41), 68)): {'bw': 37.0}, ((0, 4), (68, np.int64(78))): {'bw': 37.0}, ((1, 3), (np.int64(79), 4)): {'bw': 33.0}, ((1, 3), (4, np.int64(13))): {'bw': 33.0}, ((4, 7), (np.int64(78), 73)): {'bw': 32.0}, ((4, 7), (73, np.int64(65))): {'bw': 32.0}, ((4, 9), (np.int64(78), 68)): {'bw': 35.0}, ((4, 9), (68, np.int64(7))): {'bw': 35.0}, ((3, 6), (np.int64(13), 73)): {'bw': 32.0}, ((3, 6), (73, 79)): {'bw': 32.0}, ((3, 6), (79, np.int64(5))): {'bw': 32.0}, ((4, 6), (np.int64(78), 73)): {'bw': 29.0}, ((4, 6), (73, 79)): {'bw': 29.0}, ((4, 6), (79, np.int64(5))): {'bw': 29.0}, ((5, 7), (np.int64(10), 73)): {'bw': 29.0}, ((5, 7), (73, np.int64(65))): {'bw': 29.0}, ((0, 3), (np.int64(41), 46)): {'bw': 27.0}, ((0, 3), (46, np.int64(13))): {'bw': 27.0}, ((3, 9), (np.int64(13), 95)): {'bw': 30.0}, ((3, 9), (95, np.int64(7))): {'bw': 30.0}, ((2, 7), (np.int64(98), 65)): {'bw': 28.0}, ((2, 9), (np.int64(98), 42)): {'bw': 23.0}, ((2, 9), (42, np.int64(7))): {'bw': 23.0}, ((2, 3), (np.int64(98), 4)): {'bw': 18.0}, ((2, 3), (4, np.int64(13))): {'bw': 18.0}, ((5, 9), (np.int64(10), 68)): {'bw': 17.0}, ((5, 9), (68, np.int64(7))): {'bw': 17.0}, ((2, 8), (np.int64(98), 45)): {'bw': 15.0}, ((2, 8), (45, 72)): {'bw': 15.0}, ((2, 8), (72, 1)): {'bw': 15.0}, ((2, 8), (1, np.int64(77))): {'bw': 15.0}, ((5, 6), (np.int64(10), 85)): {'bw': 18.0}, ((5, 6), (85, np.int64(5))): {'bw': 18.0}, ((7, 9), (np.int64(65), 30)): {'bw': 13.0}, ((7, 9), (30, 51)): {'bw': 13.0}, ((7, 9), (51, 68)): {'bw': 13.0}, ((7, 9), (68, np.int64(7))): {'bw': 13.0}, ((6, 8), (np.int64(5), 85)): {'bw': 9.0}, ((6, 8), (85, np.int64(77))): {'bw': 9.0}}",0.0,0.0,719.0,101.0,618.0,0.0,0.0,0.0,0.0,0.0,0.0,0.0,0.0,0.0,Route Failure,0.0,"{'node_level': {}, 'link_level': {}, 'path_level': {}}","{'node_level': {2: {'cpu': -31}, 8: {'cpu': -26}, 5: {'cpu': -60}, 0: {'cpu': -40}, 4: {'cpu': -56}, 7: {'cpu': -84}, 3: {'cpu': -58}, 9: {'cpu': -55}, 6: {'cpu': -50}, 1: {'cpu': -74}}, 'link_level': {}, 'path_level': {}}","{'node_level': {2: {'cpu': 0}, 8: {'cpu': 0}, 5: {'cpu': 0}, 0: {'cpu': 0}, 4: {'cpu': 0}, 7: {'cpu': 0}, 3: {'cpu': 0}, 9: {'cpu': 0}, 6: {'cpu': 0}, 1: {'cpu': 0}}, 'link_level': {}, 'path_level': {}}",[],0.0,0.0,True,False,False,0,[],0,0.0,"OrderedDict([((5, 8), 0), ((6, 9), 0), ((8, 9), 0), ((2, 5), 0), ((0, 4), 0), ((1, 3), 0), ((4, 7), 0), ((4, 9), 0), ((3, 6), 0), ((4, 6), 0), ((5, 7), 0), ((0, 3), 0), ((3, 9), 0), ((2, 7), 0), ((2, 9), 0), ((2, 3), 0), ((5, 9), 0), ((2, 8), 1), ((5, 6), 0), ((7, 9), 1), ((6, 8), 0)])",7.0,2.0,10.0,21.0
12,9,9,2097.0,3415.0,1350429.9620843853,2158016.6322906828,0.6140556368960468,0.6257736580329024,26,12,0,157.70037690170093,43434.0,6723,36711.0,0.07307321108506826,0.072860895039903,11,4.700376901700943,153.0,10,25,False,{},{},{},{},0.0,0.0,0.0,0.0,0.0,0.0,0.0,0.0,0.0,0.0,0.0,0.0,0.0,0.0,Leave Event,0.0,"{'node_level': {}, 'link_level': {}, 'path_level': {}}","{'node_level': {}, 'link_level': {}, 'path_level': {}}","{'node_level': {}, 'link_level': {}, 'path_level': {}}",[],0.0,0.0,True,True,False,0,[],0,0.0,,,,,
13,9,9,2097.0,3415.0,1350429.9620843853,2158016.6322906828,0.6140556368960468,0.6257736580329024,26,13,1,161.0,43434.0,6723,36711.0,0.07307321108506826,0.072860895039903,12,923.6638271383595,161.0,10,24,False,"{2: np.int64(98), 9: np.int64(77), 8: np.int64(41), 6: np.int64(13), 7: np.int64(3), 5: np.int64(4), 4: np.int64(78), 3: np.int64(7), 0: np.int64(68), 1: np.int64(5)}","{(2, 7): [(np.int64(98), 63), (63, np.int64(3))], (0, 2): [(np.int64(68), 4), (4, np.int64(98))], (7, 8): [(np.int64(3), 10), (10, np.int64(41))], (4, 8): [(np.int64(78), 68), (68, np.int64(41))], (4, 5): [(np.int64(78), 4)], (7, 9): [(np.int64(3), 77)], (4, 7): [(np.int64(78), 68), (68, 10), (10, np.int64(3))]}","{(2, np.int64(98)): {'cpu': 18}, (9, np.int64(77)): {'cpu': 9, 'nic_slots': 1}, (8, np.int64(41)): {'cpu': 11}, (6, np.int64(13)): {'cpu': 11}, (7, np.int64(3)): {'cpu': 6, 'nic_slots': 1}, (5, np.int64(4)): {'cpu': 11}, (4, np.int64(78)): {'cpu': 7}, (3, np.int64(7)): {'cpu': 13}, (0, np.int64(68)): {'cpu': 3}, (1, np.int64(5)): {'cpu': 4}}","{((2, 7), (np.int64(98), 63)): {'bw': 48.0}, ((2, 7), (63, np.int64(3))): {'bw': 48.0}, ((0, 2), (np.int64(68), 4)): {'bw': 48.0}, ((0, 2), (4, np.int64(98))): {'bw': 48.0}, ((7, 8), (np.int64(3), 10)): {'bw': 45.0}, ((7, 8), (10, np.int64(41))): {'bw': 45.0}, ((4, 8), (np.int64(78), 68)): {'bw': 40.0}, ((4, 8), (68, np.int64(41))): {'bw': 40.0}, ((4, 5), (np.int64(78), 4)): {'bw': 40.0}, ((7, 9), (np.int64(3), 77)): {'bw': 40.0}, ((4, 7), (np.int64(78), 68)): {'bw': 38.0}, ((4, 7), (68, 10)): {'bw': 38.0}, ((4, 7), (10, np.int64(3))): {'bw': 38.0}}",0.0,0.0,757.0,93.0,664.0,0.0,0.0,0.0,0.0,0.0,0.0,0.0,0.0,0.0,Route Failure,0.0,"{'node_level': {}, 'link_level': {}, 'path_level': {}}","{'node_level': {2: {'cpu': -31}, 9: {'cpu': -34}, 8: {'cpu': -47}, 6: {'cpu': -51}, 7: {'cpu': -47}, 5: {'cpu': -29}, 4: {'cpu': -57}, 3: {'cpu': -45}, 0: {'cpu': -48}, 1: {'cpu': -50}}, 'link_level': {}, 'path_level': {}}","{'node_level': {2: {'cpu': 0}, 9: {'cpu': 0}, 8: {'cpu': 0}, 6: {'cpu': 0}, 7: {'cpu': 0}, 5: {'cpu': 0}, 4: {'cpu': 0}, 3: {'cpu': 0}, 0: {'cpu': 0}, 1: {'cpu': 0}}, 'link_level': {}, 'path_level': {}}",[],0.0,0.0,True,False,False,0,[],0,0.0,"OrderedDict([((2, 7), 0), ((0, 2), 0), ((7, 8), 0), ((4, 8), 0), ((4, 5), 0), ((7, 9), 1), ((4, 7), 0)])",2.0,1.0,10.0,7.0
13,9,9,2097.0,3415.0,1350429.9620843853,2158016.6322906828,0.6140556368960468,0.6257736580329024,26,14,0,169.38524443762475,43434.0,6723,36711.0,0.07307321108506826,0.072860895039903,9,43.385244437624735,126.0,9,22,False,{},{},{},{},0.0,0.0,0.0,0.0,0.0,0.0,0.0,0.0,0.0,0.0,0.0,0.0,0.0,0.0,Leave Event,0.0,"{'node_level': {}, 'link_level': {}, 'path_level': {}}","{'node_level': {}, 'link_level': {}, 'path_level': {}}","{'node_level': {}, 'link_level': {}, 'path_level': {}}",[],0.0,0.0,True,True,False,0,[],0,0.0,,,,,
13,9,8,2097.0,3415.0,1350429.9620843853,2158016.6322906828,0.6140556368960468,0.6257736580329024,26,15,0,174.1977268888015,43771.0,6749,37022.0,0.06948848752240455,0.06500656631983026,3,122.1977268888015,52.0,5,5,False,{},{},{},{},0.0,0.0,0.0,0.0,0.0,0.0,0.0,0.0,0.0,0.0,0.0,0.0,0.0,0.0,Leave Event,0.0,"{'node_level': {}, 'link_level': {}, 'path_level': {}}","{'node_level': {}, 'link_level': {}, 'path_level': {}}","{'node_level': {}, 'link_level': {}, 'path_level': {}}",[],0.0,0.0,True,True,False,0,[],0,0.0,,,,,
14,10,9,2178.0,3558.0,1392622.0787636638,2232503.9493911373,0.612141652613828,0.6237937805859061,26,16,1,175.0,43628.0,6730,36898.0,0.07210809320281264,0.06813819577735125,13,520.8903293738089,175.0,3,3,True,"{2: np.int64(98), 1: np.int64(7), 0: np.int64(5)}","{(1, 2): [(np.int64(7), 42), (42, np.int64(98))], (0, 2): [(np.int64(5), 90), (90, np.int64(98))], (0, 1): [(np.int64(5), 15), (15, np.int64(7))]}","{(2, np.int64(98)): {'cpu': 10}, (1, np.int64(7)): {'cpu': 7}, (0, np.int64(5)): {'cpu': 2}}","{((1, 2), (np.int64(7), 42)): {'bw': 43.0}, ((1, 2), (42, np.int64(98))): {'bw': 43.0}, ((0, 2), (np.int64(5), 90)): {'bw': 13.0}, ((0, 2), (90, np.int64(98))): {'bw': 13.0}, ((0, 1), (np.int64(5), 15)): {'bw': 6.0}, ((0, 1), (15, np.int64(7))): {'bw': 6.0}}",143.0,81.0,81.0,19.0,62.0,19.0,62.0,19.0,124.0,62.0,0.5664335664335665,74487.31710045467,42192.116679278515,295.0497669879617,Success,0.0,"{'node_level': {}, 'link_level': {}, 'path_level': {}}","{'node_level': {2: {'cpu': -47}, 1: {'cpu': -57}, 0: {'cpu': -61}}, 'link_level': {}, 'path_level': {}}","{'node_level': {2: {'cpu': 0}, 1: {'cpu': 0}, 0: {'cpu': 0}}, 'link_level': {}, 'path_level': {}}",[],0.0,0.0,True,True,False,0,[],0,0.0,"OrderedDict([((1, 2), 0), ((0, 2), 0), ((0, 1), 0)])",1.0,0.0,3.0,3.0
15,10,9,2178.0,3558.0,1392622.0787636638,2232503.9493911373,0.612141652613828,0.6237937805859061,26,17,1,188.0,43628.0,6730,36898.0,0.07210809320281264,0.06813819577735125,14,920.6412263936853,188.0,8,14,False,"{4: np.int64(5), 3: np.int64(7), 7: np.int64(77), 6: np.int64(79), 0: np.int64(41), 5: np.int64(78)}",{},"{(4, np.int64(5)): {'cpu': 19}, (3, np.int64(7)): {'cpu': 19}, (7, np.int64(77)): {'cpu': 15}, (6, np.int64(79)): {'cpu': 12}, (0, np.int64(41)): {'cpu': 6}, (5, np.int64(78)): {'cpu': 11}}",{},0.0,0.0,424.0,92.0,332.0,0.0,0.0,0.0,0.0,0.0,0.0,0.0,0.0,0.0,Place Failure,0.0,"{'node_level': {}, 'link_level': {}, 'path_level': {}}","{'node_level': {4: {'cpu': -42}, 3: {'cpu': -38}, 7: {'cpu': -28}, 6: {'cpu': -73}, 0: {'cpu': -52}, 5: {'cpu': -53}}, 'link_level': {}, 'path_level': {}}","{'node_level': {4: {'cpu': 0}, 3: {'cpu': 0}, 7: {'cpu': 0}, 6: {'cpu': 0}, 0: {'cpu': 0}, 5: {'cpu': 0}}, 'link_level': {}, 'path_level': {}}",[],0.0,0.0,False,True,False,0,[],0,0.0,,,,6.0,0.0
16,10,9,2178.0,3558.0,1392622.0787636638,2232503.9493911373,0.612141652613828,0.6237937805859061,26,18,1,198.0,43628.0,6730,36898.0,0.07210809320281264,0.06813819577735125,15,153.75886185936875,198.0,9,12,False,"{1: np.int64(5), 8: np.int64(7), 7: np.int64(77), 4: np.int64(41), 2: np.int64(79), 5: np.int64(68), 6: np.int64(13), 0: np.int64(78), 3: np.int64(98)}","{(4, 8): [(np.int64(41), 68), (68, np.int64(7))], (5, 7): [(np.int64(68), 10), (10, 3), (3, np.int64(77))], (1, 5): [(np.int64(5), 79), (79, 68)], (0, 7): [(np.int64(78), 68), (68, 97), (97, np.int64(77))]}","{(1, np.int64(5)): {'cpu': 19}, (8, np.int64(7)): {'cpu': 17}, (7, np.int64(77)): {'cpu': 14}, (4, np.int64(41)): {'cpu': 8}, (2, np.int64(79)): {'cpu': 13}, (5, np.int64(68)): {'cpu': 3}, (6, np.int64(13)): {'cpu': 8}, (0, np.int64(78)): {'cpu': 2}, (3, np.int64(98)): {'cpu': 16}}","{((4, 8), (np.int64(41), 68)): {'bw': 49.0}, ((4, 8), (68, np.int64(7))): {'bw': 49.0}, ((5, 7), (np.int64(68), 10)): {'bw': 47.0}, ((5, 7), (10, 3)): {'bw': 47.0}, ((5, 7), (3, np.int64(77))): {'bw': 47.0}, ((1, 5), (np.int64(5), 79)): {'bw': 49.0}, ((1, 5), (79, 68)): {'bw': 49.0}, ((0, 7), (np.int64(78), 68)): {'bw': 46.0}, ((0, 7), (68, 97)): {'bw': 46.0}, ((0, 7), (97, np.int64(77))): {'bw': 46.0}}",0.0,0.0,444.0,100.0,344.0,0.0,0.0,0.0,0.0,0.0,0.0,0.0,0.0,0.0,Route Failure,0.0,"{'node_level': {}, 'link_level': {}, 'path_level': {}}","{'node_level': {1: {'cpu': -42}, 8: {'cpu': -40}, 7: {'cpu': -29}, 4: {'cpu': -50}, 2: {'cpu': -72}, 5: {'cpu': -48}, 6: {'cpu': -54}, 0: {'cpu': -62}, 3: {'cpu': -31}}, 'link_level': {}, 'path_level': {}}","{'node_level': {1: {'cpu': 0}, 8: {'cpu': 0}, 7: {'cpu': 0}, 4: {'cpu': 0}, 2: {'cpu': 0}, 5: {'cpu': 0}, 6: {'cpu': 0}, 0: {'cpu': 0}, 3: {'cpu': 0}}, 'link_level': {}, 'path_level': {}}",[],0.0,0.0,True,False,False,0,[],0,0.0,"OrderedDict([((4, 8), 0), ((5, 7), 0), ((1, 5), 0), ((0, 7), 0)])",1.0,0.0,9.0,4.0
17,11,10,2721.0,4508.0,1530326.9127283867,2473424.008813765,0.6035936113575865,0.6187078751056192,29,19,1,215.0,42678.0,6630,36048.0,0.08589549152075004,0.089605010607132,16,253.60006255013423,215.0,9,22,True,"{4: np.int64(5), 7: np.int64(7), 6: np.int64(79), 8: np.int64(77), 0: np.int64(41), 5: np.int64(78), 2: np.int64(68), 1: np.int64(13), 3: np.int64(98)}","{(2, 6): [(np.int64(68), 79)], (0, 1): [(np.int64(41), 46), (46, np.int64(13))], (4, 6): [(np.int64(5), 79)], (2, 3): [(np.int64(68), 51), (51, 30), (30, 45), (45, np.int64(98))], (6, 7): [(np.int64(79), 52), (52, np.int64(7))], (0, 2): [(np.int64(41), 68)], (0, 4): [(np.int64(41), 57), (57, np.int64(5))], (7, 8): [(np.int64(7), 3), (3, np.int64(77))], (2, 5): [(np.int64(68), 78)], (2, 4): [(np.int64(68), 4), (4, 15), (15, np.int64(5))], (3, 7): [(np.int64(98), 42), (42, np.int64(7))], (4, 7): [(np.int64(5), 15), (15, np.int64(7))], (1, 2): [(np.int64(13), 4), (4, np.int64(68))], (4, 8): [(np.int64(5), 85), (85, 77)], (1, 4): [(np.int64(13), 4), (4, 79), (79, np.int64(5))], (0, 8): [(np.int64(41), 3), (3, np.int64(77))], (3, 5): [(np.int64(98), 78)], (5, 6): [(np.int64(78), 73), (73, np.int64(79))], (1, 7): [(np.int64(13), 7)], (4, 5): [(np.int64(5), 15), (15, 4), (4, np.int64(78))], (0, 5): [(np.int64(41), 68), (68, np.int64(78))], (1, 6): [(np.int64(13), 4), (4, np.int64(79))]}","{(4, np.int64(5)): {'cpu': 20}, (7, np.int64(7)): {'cpu': 15}, (6, np.int64(79)): {'cpu': 7}, (8, np.int64(77)): {'cpu': 16}, (0, np.int64(41)): {'cpu': 7}, (5, np.int64(78)): {'cpu': 19}, (2, np.int64(68)): {'cpu': 4, 'nic_slots': 1}, (1, np.int64(13)): {'cpu': 7}, (3, np.int64(98)): {'cpu': 5, 'nic_slots': 1}}","{((2, 6), (np.int64(68), 79)): {'bw': 48.0}, ((0, 1), (np.int64(41), 46)): {'bw': 50.0}, ((0, 1), (46, np.int64(13))): {'bw': 50.0}, ((4, 6), (np.int64(5), 79)): {'bw': 42.0}, ((2, 3), (np.int64(68), 51)): {'bw': 37.0}, ((2, 3), (51, 30)): {'bw': 37.0}, ((2, 3), (30, 45)): {'bw': 37.0}, ((2, 3), (45, np.int64(98))): {'bw': 37.0}, ((6, 7), (np.int64(79), 52)): {'bw': 33.0}, ((6, 7), (52, np.int64(7))): {'bw': 33.0}, ((0, 2), (np.int64(41), 68)): {'bw': 28.0}, ((0, 4), (np.int64(41), 57)): {'bw': 22.0}, ((0, 4), (57, np.int64(5))): {'bw': 22.0}, ((7, 8), (np.int64(7), 3)): {'bw': 23.0}, ((7, 8), (3, np.int64(77))): {'bw': 23.0}, ((2, 5), (np.int64(68), 78)): {'bw': 20.0}, ((2, 4), (np.int64(68), 4)): {'bw': 21.0}, ((2, 4), (4, 15)): {'bw': 21.0}, ((2, 4), (15, np.int64(5))): {'bw': 21.0}, ((3, 7), (np.int64(98), 42)): {'bw': 21.0}, ((3, 7), (42, np.int64(7))): {'bw': 21.0}, ((4, 7), (np.int64(5), 15)): {'bw': 17.0}, ((4, 7), (15, np.int64(7))): {'bw': 17.0}, ((1, 2), (np.int64(13), 4)): {'bw': 18.0}, ((1, 2), (4, np.int64(68))): {'bw': 18.0}, ((4, 8), (np.int64(5), 85)): {'bw': 17.0}, ((4, 8), (85, 77)): {'bw': 17.0}, ((1, 4), (np.int64(13), 4)): {'bw': 12.0}, ((1, 4), (4, 79)): {'bw': 12.0}, ((1, 4), (79, np.int64(5))): {'bw': 12.0}, ((0, 8), (np.int64(41), 3)): {'bw': 10.0}, ((0, 8), (3, np.int64(77))): {'bw': 10.0}, ((3, 5), (np.int64(98), 78)): {'bw': 6.0}, ((5, 6), (np.int64(78), 73)): {'bw': 6.0}, ((5, 6), (73, np.int64(79))): {'bw': 6.0}, ((1, 7), (np.int64(13), 7)): {'bw': 4.0}, ((4, 5), (np.int64(5), 15)): {'bw': 5.0}, ((4, 5), (15, 4)): {'bw': 5.0}, ((4, 5), (4, np.int64(78))): {'bw': 5.0}, ((0, 5), (np.int64(41), 68)): {'bw': 2.0}, ((0, 5), (68, np.int64(78))): {'bw': 2.0}, ((1, 6), (np.int64(13), 4)): {'bw': 1.0}, ((1, 6), (4, np.int64(79))): {'bw': 1.0}}",950.0,543.0,543.0,100.0,443.0,100.0,443.0,100.0,850.0,407.0,0.5715789473684211,240920.05942262753,137704.83396472287,144.95245680497146,Success,0.0,"{'node_level': {}, 'link_level': {}, 'path_level': {}}","{'node_level': {4: {'cpu': -41}, 7: {'cpu': -42}, 6: {'cpu': -78}, 8: {'cpu': -27}, 0: {'cpu': -51}, 5: {'cpu': -45}, 2: {'cpu': -47}, 1: {'cpu': -55}, 3: {'cpu': -42}}, 'link_level': {}, 'path_level': {}}","{'node_level': {4: {'cpu': 0}, 7: {'cpu': 0}, 6: {'cpu': 0}, 8: {'cpu': 0}, 0: {'cpu': 0}, 5: {'cpu': 0}, 2: {'cpu': 0}, 1: {'cpu': 0}, 3: {'cpu': 0}}, 'link_level': {}, 'path_level': {}}",[],0.0,0.0,True,True,False,0,[],0,0.0,"OrderedDict([((2, 6), 0), ((0, 1), 0), ((4, 6), 0), ((2, 3), 1), ((6, 7), 0), ((0, 2), 0), ((0, 4), 0), ((7, 8), 0), ((2, 5), 0), ((2, 4), 0), ((3, 7), 0), ((4, 7), 0), ((1, 2), 0), ((4, 8), 0), ((1, 4), 0), ((0, 8), 0), ((3, 5), 0), ((5, 6), 0), ((1, 7), 0), ((4, 5), 0), ((0, 5), 0), ((1, 6), 0)])",2.0,1.0,9.0,22.0
18,12,11,3338.0,5648.0,1778606.90761859,2932158.521252714,0.5910056657223796,0.6065862042338389,32,20,1,227.0,41538.0,6494,35044.0,0.10464635323314486,0.11496110718254371,17,402.39869512188545,227.0,10,18,True,"{9: np.int64(1), 3: np.int64(60), 0: np.int64(95), 5: np.int64(36), 6: np.int64(10), 8: np.int64(53), 1: np.int64(72), 4: np.int64(38), 2: np.int64(90), 7: np.int64(80)}","{(7, 9): [(np.int64(80), 81), (81, np.int64(1))], (4, 5): [(np.int64(38), 45), (45, np.int64(36))], (2, 9): [(np.int64(90), 74), (74, np.int64(1))], (3, 7): [(np.int64(60), 80)], (0, 6): [(np.int64(95), 41), (41, np.int64(10))], (3, 8): [(np.int64(60), 40), (40, 30), (30, np.int64(53))], (0, 9): [(np.int64(95), 13), (13, np.int64(1))], (6, 9): [(np.int64(10), 85), (85, 77), (77, np.int64(1))], (1, 5): [(np.int64(72), 1), (1, np.int64(36))], (0, 3): [(np.int64(95), 48), (48, np.int64(60))], (5, 7): [(np.int64(36), 50), (50, np.int64(80))], (3, 5): [(np.int64(60), 32), (32, np.int64(36))], (5, 6): [(np.int64(36), 85), (85, np.int64(10))], (0, 1): [(np.int64(95), 26), (26, np.int64(72))], (2, 7): [(np.int64(90), 0), (0, 50), (50, np.int64(80))], (7, 8): [(np.int64(80), 97), (97, 84), (84, np.int64(53))], (8, 9): [(np.int64(53), 33), (33, np.int64(1))], (0, 8): [(np.int64(95), 53)]}","{(9, np.int64(1)): {'cpu': 19, 'nic_slots': 2}, (3, np.int64(60)): {'cpu': 20}, (0, np.int64(95)): {'cpu': 16}, (5, np.int64(36)): {'cpu': 14}, (6, np.int64(10)): {'cpu': 19, 'nic_slots': 1}, (8, np.int64(53)): {'cpu': 12}, (1, np.int64(72)): {'cpu': 15}, (4, np.int64(38)): {'cpu': 11}, (2, np.int64(90)): {'cpu': 8}, (7, np.int64(80)): {'cpu': 2, 'nic_slots': 1}}","{((7, 9), (np.int64(80), 81)): {'bw': 49.0}, ((7, 9), (81, np.int64(1))): {'bw': 49.0}, ((4, 5), (np.int64(38), 45)): {'bw': 50.0}, ((4, 5), (45, np.int64(36))): {'bw': 50.0}, ((2, 9), (np.int64(90), 74)): {'bw': 45.0}, ((2, 9), (74, np.int64(1))): {'bw': 45.0}, ((3, 7), (np.int64(60), 80)): {'bw': 41.0}, ((0, 6), (np.int64(95), 41)): {'bw': 38.0}, ((0, 6), (41, np.int64(10))): {'bw': 38.0}, ((3, 8), (np.int64(60), 40)): {'bw': 37.0}, ((3, 8), (40, 30)): {'bw': 37.0}, ((3, 8), (30, np.int64(53))): {'bw': 37.0}, ((0, 9), (np.int64(95), 13)): {'bw': 35.0}, ((0, 9), (13, np.int64(1))): {'bw': 35.0}, ((6, 9), (np.int64(10), 85)): {'bw': 32.0}, ((6, 9), (85, 77)): {'bw': 32.0}, ((6, 9), (77, np.int64(1))): {'bw': 32.0}, ((1, 5), (np.int64(72), 1)): {'bw': 27.0}, ((1, 5), (1, np.int64(36))): {'bw': 27.0}, ((0, 3), (np.int64(95), 48)): {'bw': 26.0}, ((0, 3), (48, np.int64(60))): {'bw': 26.0}, ((5, 7), (np.int64(36), 50)): {'bw': 18.0}, ((5, 7), (50, np.int64(80))): {'bw': 18.0}, ((3, 5), (np.int64(60), 32)): {'bw': 12.0}, ((3, 5), (32, np.int64(36))): {'bw': 12.0}, ((5, 6), (np.int64(36), 85)): {'bw': 13.0}, ((5, 6), (85, np.int64(10))): {'bw': 13.0}, ((0, 1), (np.int64(95), 26)): {'bw': 15.0}, ((0, 1), (26, np.int64(72))): {'bw': 15.0}, ((2, 7), (np.int64(90), 0)): {'bw': 12.0}, ((2, 7), (0, 50)): {'bw': 12.0}, ((2, 7), (50, np.int64(80))): {'bw': 12.0}, ((7, 8), (np.int64(80), 97)): {'bw': 11.0}, ((7, 8), (97, 84)): {'bw': 11.0}, ((7, 8), (84, np.int64(53))): {'bw': 11.0}, ((8, 9), (np.int64(53), 33)): {'bw': 11.0}, ((8, 9), (33, np.int64(1))): {'bw': 11.0}, ((0, 8), (np.int64(95), 53)): {'bw': 9.0}}",1140.0,617.0,617.0,136.0,481.0,136.0,481.0,136.0,1004.0,523.0,0.5412280701754386,458734.51243894943,248279.99489020332,217.78946920193275,Success,0.0,"{'node_level': {}, 'link_level': {}, 'path_level': {}}","{'node_level': {9: {'cpu': -31}, 3: {'cpu': -40}, 0: {'cpu': -69}, 5: {'cpu': -60}, 6: {'cpu': -51}, 8: {'cpu': -65}, 1: {'cpu': -48}, 4: {'cpu': -49}, 2: {'cpu': -78}, 7: {'cpu': -46}}, 'link_level': {}, 'path_level': {}}","{'node_level': {9: {'cpu': 0}, 3: {'cpu': 0}, 0: {'cpu': 0}, 5: {'cpu': 0}, 6: {'cpu': 0}, 8: {'cpu': 0}, 1: {'cpu': 0}, 4: {'cpu': 0}, 2: {'cpu': 0}, 7: {'cpu': 0}}, 'link_level': {}, 'path_level': {}}",[],0.0,0.0,True,True,False,0,[],0,0.0,"OrderedDict([((7, 9), 1), ((4, 5), 0), ((2, 9), 0), ((3, 7), 0), ((0, 6), 0), ((3, 8), 0), ((0, 9), 0), ((6, 9), 1), ((1, 5), 0), ((0, 3), 0), ((5, 7), 0), ((3, 5), 0), ((5, 6), 0), ((0, 1), 0), ((2, 7), 0), ((7, 8), 0), ((8, 9), 0), ((0, 8), 0)])",0.0,2.0,10.0,18.0
19,13,12,3414.0,5761.0,1785456.4931783956,2942342.7734666355,0.5926054504426315,0.6068145796197602,35,21,1,243.0,41425.0,6475,34950.0,0.10726595891355306,0.11733508435195472,18,90.12612578691468,243.0,3,2,True,"{1: np.int64(9), 0: np.int64(34), 2: np.int64(97)}","{(0, 1): [(np.int64(34), 97), (97, np.int64(9))], (0, 2): [(np.int64(34), 97)]}","{(1, np.int64(9)): {'cpu': 11}, (0, np.int64(34)): {'cpu': 3}, (2, np.int64(97)): {'cpu': 5}}","{((0, 1), (np.int64(34), 97)): {'bw': 37.0}, ((0, 1), (97, np.int64(9))): {'bw': 37.0}, ((0, 2), (np.int64(34), 97)): {'bw': 20.0}}",113.0,76.0,76.0,19.0,57.0,19.0,57.0,19.0,94.0,37.0,0.672566371681416,10184.25221392136,6849.585559805516,60.61580141420811,Success,0.0,"{'node_level': {}, 'link_level': {}, 'path_level': {}}","{'node_level': {1: {'cpu': -89}, 0: {'cpu': -65}, 2: {'cpu': -60}}, 'link_level': {}, 'path_level': {}}","{'node_level': {1: {'cpu': 0}, 0: {'cpu': 0}, 2: {'cpu': 0}}, 'link_level': {}, 'path_level': {}}",[],0.0,0.0,True,True,False,0,[],0,0.0,"OrderedDict([((0, 1), 0), ((0, 2), 0)])",0.0,0.0,3.0,2.0
20,14,13,3753.0,6471.0,1863719.87925324,3106257.239877077,0.5799721835883171,0.5999889047588964,39,22,1,260.0,40715.0,6420,34295.0,0.11484902798841856,0.1338771593090211,19,230.86544564850888,260.0,7,12,True,"{3: np.int64(69), 2: np.int64(43), 0: np.int64(11), 4: np.int64(83), 6: np.int64(32), 1: np.int64(75), 5: np.int64(98)}","{(3, 5): [(np.int64(69), 91), (91, np.int64(98))], (0, 3): [(np.int64(11), 79), (79, np.int64(69))], (4, 5): [(np.int64(83), 63), (63, np.int64(98))], (1, 4): [(np.int64(75), 44), (44, np.int64(83))], (2, 3): [(np.int64(43), 11), (11, 25), (25, 64), (64, np.int64(69))], (1, 6): [(np.int64(75), 60), (60, np.int64(32))], (2, 4): [(np.int64(43), 11), (11, 19), (19, np.int64(83))], (4, 6): [(np.int64(83), 19), (19, 31), (31, np.int64(32))], (0, 2): [(np.int64(11), 43)], (1, 5): [(np.int64(75), 45), (45, np.int64(98))], (2, 5): [(np.int64(43), 57), (57, 45), (45, np.int64(98))], (0, 5): [(np.int64(11), 43), (43, np.int64(98))]}","{(3, np.int64(69)): {'cpu': 15}, (2, np.int64(43)): {'cpu': 10, 'nic_slots': 1}, (0, np.int64(11)): {'cpu': 10}, (4, np.int64(83)): {'cpu': 5}, (6, np.int64(32)): {'cpu': 11}, (1, np.int64(75)): {'cpu': 3, 'nic_slots': 1}, (5, np.int64(98)): {'cpu': 1, 'nic_slots': 2}}","{((3, 5), (np.int64(69), 91)): {'bw': 48.0}, ((3, 5), (91, np.int64(98))): {'bw': 48.0}, ((0, 3), (np.int64(11), 79)): {'bw': 44.0}, ((0, 3), (79, np.int64(69))): {'bw': 44.0}, ((4, 5), (np.int64(83), 63)): {'bw': 35.0}, ((4, 5), (63, np.int64(98))): {'bw': 35.0}, ((1, 4), (np.int64(75), 44)): {'bw': 38.0}, ((1, 4), (44, np.int64(83))): {'bw': 38.0}, ((2, 3), (np.int64(43), 11)): {'bw': 31.0}, ((2, 3), (11, 25)): {'bw': 31.0}, ((2, 3), (25, 64)): {'bw': 31.0}, ((2, 3), (64, np.int64(69))): {'bw': 31.0}, ((1, 6), (np.int64(75), 60)): {'bw': 24.0}, ((1, 6), (60, np.int64(32))): {'bw': 24.0}, ((2, 4), (np.int64(43), 11)): {'bw': 18.0}, ((2, 4), (11, 19)): {'bw': 18.0}, ((2, 4), (19, np.int64(83))): {'bw': 18.0}, ((4, 6), (np.int64(83), 19)): {'bw': 17.0}, ((4, 6), (19, 31)): {'bw': 17.0}, ((4, 6), (31, np.int64(32))): {'bw': 17.0}, ((0, 2), (np.int64(11), 43)): {'bw': 14.0}, ((1, 5), (np.int64(75), 45)): {'bw': 8.0}, ((1, 5), (45, np.int64(98))): {'bw': 8.0}, ((2, 5), (np.int64(43), 57)): {'bw': 4.0}, ((2, 5), (57, 45)): {'bw': 4.0}, ((2, 5), (45, np.int64(98))): {'bw': 4.0}, ((0, 5), (np.int64(11), 43)): {'bw': 3.0}, ((0, 5), (43, np.int64(98))): {'bw': 3.0}}",710.0,339.0,339.0,55.0,284.0,55.0,284.0,55.0,655.0,371.0,0.47746478873239434,163914.4664104413,78263.38607484451,110.23012123217536,Success,0.0,"{'node_level': {}, 'link_level': {}, 'path_level': {}}","{'node_level': {3: {'cpu': -74}, 2: {'cpu': -51}, 0: {'cpu': -63}, 4: {'cpu': -56}, 6: {'cpu': -59}, 1: {'cpu': -65}, 5: {'cpu': -41}}, 'link_level': {}, 'path_level': {}}","{'node_level': {3: {'cpu': 0}, 2: {'cpu': 0}, 0: {'cpu': 0}, 4: {'cpu': 0}, 6: {'cpu': 0}, 1: {'cpu': 0}, 5: {'cpu': 0}}, 'link_level': {}, 'path_level': {}}",[],0.0,0.0,True,True,False,0,[],0,0.0,"OrderedDict([((3, 5), 0), ((0, 3), 0), ((4, 5), 0), ((1, 4), 0), ((2, 3), 0), ((1, 6), 0), ((2, 4), 0), ((4, 6), 0), ((0, 2), 0), ((1, 5), 1), ((2, 5), 1), ((0, 5), 0)])",1.0,2.0,7.0,12.0
21,14,13,3753.0,6471.0,1863719.87925324,3106257.239877077,0.5799721835883171,0.5999889047588964,39,23,1,281.0,40715.0,6420,34295.0,0.11484902798841856,0.1338771593090211,20,79.17075280023421,281.0,10,28,False,"{4: np.int64(28), 7: np.int64(4), 2: np.int64(59), 0: np.int64(77), 8: np.int64(3), 3: np.int64(30), 5: np.int64(34)}",{},"{(4, np.int64(28)): {'cpu': 17}, (7, np.int64(4)): {'cpu': 12}, (2, np.int64(59)): {'cpu': 15}, (0, np.int64(77)): {'cpu': 12}, (8, np.int64(3)): {'cpu': 7}, (3, np.int64(30)): {'cpu': 15}, (5, np.int64(34)): {'cpu': 4}}",{},0.0,0.0,759.0,96.0,663.0,0.0,0.0,0.0,0.0,0.0,0.0,0.0,0.0,0.0,Place Failure,0.0,"{'node_level': {}, 'link_level': {}, 'path_level': {}}","{'node_level': {4: {'cpu': -41}, 7: {'cpu': -28}, 2: {'cpu': -73}, 0: {'cpu': -15}, 8: {'cpu': -46}, 3: {'cpu': -24}, 5: {'cpu': -61}}, 'link_level': {}, 'path_level': {}}","{'node_level': {4: {'cpu': 0}, 7: {'cpu': 0}, 2: {'cpu': 0}, 0: {'cpu': 0}, 8: {'cpu': 0}, 3: {'cpu': 0}, 5: {'cpu': 0}}, 'link_level': {}, 'path_level': {}}",[],0.0,0.0,False,True,False,0,[],0,0.0,,,,7.0,0.0
22,15,14,4039.0,6931.0,1984280.7533641595,3300166.338097437,0.5827441927571779,0.6012668908404502,43,24,1,296.0,40255.0,6348,33907.0,0.1247759547773335,0.14367612890190928,21,421.54151787034783,296.0,6,9,True,"{1: np.int64(28), 3: np.int64(4), 0: np.int64(20), 4: np.int64(93), 2: np.int64(59), 5: np.int64(50)}","{(0, 1): [(np.int64(20), 28)], (1, 4): [(np.int64(28), 55), (55, 50), (50, np.int64(93))], (1, 3): [(np.int64(28), 4)], (2, 3): [(np.int64(59), 68), (68, np.int64(4))], (1, 5): [(np.int64(28), 20), (20, 93), (93, np.int64(50))], (0, 3): [(np.int64(20), 28), (28, np.int64(4))], (0, 4): [(np.int64(20), 93)], (3, 4): [(np.int64(4), 50), (50, np.int64(93))], (0, 5): [(np.int64(20), 93), (93, np.int64(50))]}","{(1, np.int64(28)): {'cpu': 18, 'nic_slots': 1}, (3, np.int64(4)): {'cpu': 18, 'nic_slots': 2}, (0, np.int64(20)): {'cpu': 11}, (4, np.int64(93)): {'cpu': 9}, (2, np.int64(59)): {'cpu': 12, 'nic_slots': 1}, (5, np.int64(50)): {'cpu': 4}}","{((0, 1), (np.int64(20), 28)): {'bw': 49.0}, ((1, 4), (np.int64(28), 55)): {'bw': 40.0}, ((1, 4), (55, 50)): {'bw': 40.0}, ((1, 4), (50, np.int64(93))): {'bw': 40.0}, ((1, 3), (np.int64(28), 4)): {'bw': 37.0}, ((2, 3), (np.int64(59), 68)): {'bw': 30.0}, ((2, 3), (68, np.int64(4))): {'bw': 30.0}, ((1, 5), (np.int64(28), 20)): {'bw': 22.0}, ((1, 5), (20, 93)): {'bw': 22.0}, ((1, 5), (93, np.int64(50))): {'bw': 22.0}, ((0, 3), (np.int64(20), 28)): {'bw': 12.0}, ((0, 3), (28, np.int64(4))): {'bw': 12.0}, ((0, 4), (np.int64(20), 93)): {'bw': 16.0}, ((3, 4), (np.int64(4), 50)): {'bw': 4.0}, ((3, 4), (50, np.int64(93))): {'bw': 4.0}, ((0, 5), (np.int64(20), 93)): {'bw': 4.0}, ((0, 5), (93, np.int64(50))): {'bw': 4.0}}",460.0,286.0,286.0,72.0,214.0,72.0,214.0,72.0,388.0,174.0,0.6217391304347826,193909.09822036,120560.87411091948,262.08885676286843,Success,0.0,"{'node_level': {}, 'link_level': {}, 'path_level': {}}","{'node_level': {1: {'cpu': -40}, 3: {'cpu': -22}, 0: {'cpu': -85}, 4: {'cpu': -56}, 2: {'cpu': -76}, 5: {'cpu': -81}}, 'link_level': {}, 'path_level': {}}","{'node_level': {1: {'cpu': 0}, 3: {'cpu': 0}, 0: {'cpu': 0}, 4: {'cpu': 0}, 2: {'cpu': 0}, 5: {'cpu': 0}}, 'link_level': {}, 'path_level': {}}",[],0.0,0.0,True,True,False,0,[],0,0.0,"OrderedDict([((0, 1), 0), ((1, 4), 0), ((1, 3), 1), ((2, 3), 1), ((1, 5), 0), ((0, 3), 0), ((0, 4), 0), ((3, 4), 0), ((0, 5), 0)])",0.0,2.0,6.0,9.0
22,15,13,4039.0,6931.0,1984280.7533641595,3300166.338097437,0.5827441927571779,0.6012668908404502,43,25,0,303.6702058616888,40801.0,6423,34378.0,0.11443540603888047,0.13178098797858373,10,162.6702058616888,141.0,8,14,False,{},{},{},{},0.0,0.0,0.0,0.0,0.0,0.0,0.0,0.0,0.0,0.0,0.0,0.0,0.0,0.0,Leave Event,0.0,"{'node_level': {}, 'link_level': {}, 'path_level': {}}","{'node_level': {}, 'link_level': {}, 'path_level': {}}","{'node_level': {}, 'link_level': {}, 'path_level': {}}",[],0.0,0.0,True,True,False,0,[],0,0.0,,,,,
23,16,14,4298.0,7394.0,2141818.62332534,3581788.090190204,0.5812821206383554,0.597974690125122,43,26,1,311.0,40338.0,6348,33990.0,0.1247759547773335,0.1415799575714719,22,608.2543241744426,311.0,5,7,True,"{1: np.int64(18), 2: np.int64(64), 4: np.int64(52), 3: np.int64(53), 0: np.int64(72)}","{(1, 3): [(np.int64(18), 53)], (1, 4): [(np.int64(18), 37), (37, 70), (70, 7), (7, np.int64(52))], (0, 2): [(np.int64(72), 64)], (1, 2): [(np.int64(18), 29), (29, np.int64(64))], (0, 3): [(np.int64(72), 45), (45, 30), (30, np.int64(53))], (2, 4): [(np.int64(64), 52)], (3, 4): [(np.int64(53), 33), (33, 79), (79, np.int64(52))]}","{(1, np.int64(18)): {'cpu': 19}, (2, np.int64(64)): {'cpu': 18}, (4, np.int64(52)): {'cpu': 20}, (3, np.int64(53)): {'cpu': 8}, (0, np.int64(72)): {'cpu': 10}}","{((1, 3), (np.int64(18), 53)): {'bw': 48.0}, ((1, 4), (np.int64(18), 37)): {'bw': 49.0}, ((1, 4), (37, 70)): {'bw': 49.0}, ((1, 4), (70, 7)): {'bw': 49.0}, ((1, 4), (7, np.int64(52))): {'bw': 49.0}, ((0, 2), (np.int64(72), 64)): {'bw': 36.0}, ((1, 2), (np.int64(18), 29)): {'bw': 29.0}, ((1, 2), (29, np.int64(64))): {'bw': 29.0}, ((0, 3), (np.int64(72), 45)): {'bw': 10.0}, ((0, 3), (45, 30)): {'bw': 10.0}, ((0, 3), (30, np.int64(53))): {'bw': 10.0}, ((2, 4), (np.int64(64), 52)): {'bw': 8.0}, ((3, 4), (np.int64(53), 33)): {'bw': 4.0}, ((3, 4), (33, 79)): {'bw': 4.0}, ((3, 4), (79, np.int64(52))): {'bw': 4.0}}",463.0,259.0,259.0,75.0,184.0,75.0,184.0,75.0,388.0,204.0,0.5593952483801296,281621.7520927669,157537.86996118064,340.2545787498501,Success,0.0,"{'node_level': {}, 'link_level': {}, 'path_level': {}}","{'node_level': {1: {'cpu': -13}, 2: {'cpu': -73}, 4: {'cpu': -80}, 3: {'cpu': -58}, 0: {'cpu': -42}}, 'link_level': {}, 'path_level': {}}","{'node_level': {1: {'cpu': 0}, 2: {'cpu': 0}, 4: {'cpu': 0}, 3: {'cpu': 0}, 0: {'cpu': 0}}, 'link_level': {}, 'path_level': {}}",[],0.0,0.0,True,True,False,0,[],0,0.0,"OrderedDict([((1, 3), 0), ((1, 4), 0), ((0, 2), 0), ((1, 2), 0), ((0, 3), 0), ((2, 4), 0), ((3, 4), 0)])",0.0,0.0,5.0,7.0
24,17,15,4322.0,7418.0,2145902.7842618735,3585872.2511267373,0.5826368293340523,0.5984325804098563,43,27,1,320.0,40314.0,6336,33978.0,0.12643044257548597,0.1418830184867158,23,170.17337235555323,320.0,2,1,True,"{0: np.int64(0), 1: np.int64(49)}","{(0, 1): [(np.int64(0), 49)]}","{(0, np.int64(0)): {'cpu': 10}, (1, np.int64(49)): {'cpu': 2}}","{((0, 1), (np.int64(0), 49)): {'bw': 12.0}}",24.0,24.0,24.0,12.0,12.0,12.0,12.0,12.0,12.0,0.0,1.0,4084.1609365332774,4084.1609365332774,170.17337235555323,Success,0.0,"{'node_level': {}, 'link_level': {}, 'path_level': {}}","{'node_level': {0: {'cpu': -69}, 1: {'cpu': -62}}, 'link_level': {}, 'path_level': {}}","{'node_level': {0: {'cpu': 0}, 1: {'cpu': 0}}, 'link_level': {}, 'path_level': {}}",[],0.0,0.0,True,True,False,0,[],0,0.0,"OrderedDict([((0, 1), 0)])",0.0,0.0,2.0,1.0
24,17,14,4322.0,7418.0,2145902.7842618735,3585872.2511267373,0.5826368293340523,0.5984325804098563,43,28,0,333.1261257869147,40427.0,6355,34072.0,0.12381083689507788,0.1395090413173048,18,90.12612578691468,243.0,3,2,False,{},{},{},{},0.0,0.0,0.0,0.0,0.0,0.0,0.0,0.0,0.0,0.0,0.0,0.0,0.0,0.0,Leave Event,0.0,"{'node_level': {}, 'link_level': {}, 'path_level': {}}","{'node_level': {}, 'link_level': {}, 'path_level': {}}","{'node_level': {}, 'link_level': {}, 'path_level': {}}",[],0.0,0.0,True,True,False,0,[],0,0.0,,,,,
25,18,15,4420.0,7554.0,2173730.0876205517,3624489.7333387802,0.5851204659782896,0.5997340998447722,44,29,1,334.0,40291.0,6314,33977.0,0.12946367020543226,0.1419082735629862,24,283.95207508855134,334.0,5,5,True,"{1: np.int64(9), 3: np.int64(49), 4: np.int64(34), 0: np.int64(25), 2: np.int64(3)}","{(1, 3): [(np.int64(9), 49)], (0, 1): [(np.int64(25), 81), (81, np.int64(9))], (3, 4): [(np.int64(49), 80), (80, np.int64(34))], (1, 2): [(np.int64(9), 97), (97, 77), (77, np.int64(3))], (0, 2): [(np.int64(25), 41), (41, np.int64(3))]}","{(1, np.int64(9)): {'cpu': 13}, (3, np.int64(49)): {'cpu': 6}, (4, np.int64(34)): {'cpu': 13}, (0, np.int64(25)): {'cpu': 5}, (2, np.int64(3)): {'cpu': 4}}","{((1, 3), (np.int64(9), 49)): {'bw': 21.0}, ((0, 1), (np.int64(25), 81)): {'bw': 19.0}, ((0, 1), (81, np.int64(9))): {'bw': 19.0}, ((3, 4), (np.int64(49), 80)): {'bw': 14.0}, ((3, 4), (80, np.int64(34))): {'bw': 14.0}, ((1, 2), (np.int64(9), 97)): {'bw': 2.0}, ((1, 2), (97, 77)): {'bw': 2.0}, ((1, 2), (77, np.int64(3))): {'bw': 2.0}, ((0, 2), (np.int64(25), 41)): {'bw': 1.0}, ((0, 2), (41, np.int64(3))): {'bw': 1.0}}",136.0,98.0,98.0,41.0,57.0,41.0,57.0,41.0,95.0,38.0,0.7205882352941176,38617.48221204298,27827.303358678033,204.61252469616198,Success,0.0,"{'node_level': {}, 'link_level': {}, 'path_level': {}}","{'node_level': {1: {'cpu': -87}, 3: {'cpu': -56}, 4: {'cpu': -55}, 0: {'cpu': -43}, 2: {'cpu': -49}}, 'link_level': {}, 'path_level': {}}","{'node_level': {1: {'cpu': 0}, 3: {'cpu': 0}, 4: {'cpu': 0}, 0: {'cpu': 0}, 2: {'cpu': 0}}, 'link_level': {}, 'path_level': {}}",[],0.0,0.0,True,True,False,0,[],0,0.0,"OrderedDict([((1, 3), 0), ((0, 1), 0), ((3, 4), 0), ((1, 2), 0), ((0, 2), 0)])",1.0,0.0,5.0,5.0
26,18,15,4420.0,7554.0,2173730.0876205517,3624489.7333387802,0.5851204659782896,0.5997340998447722,44,30,1,343.0,40291.0,6314,33977.0,0.12946367020543226,0.1419082735629862,25,705.5122096290029,343.0,7,10,False,"{2: np.int64(43), 3: np.int64(30), 6: np.int64(90), 0: np.int64(78), 1: np.int64(29), 4: np.int64(9), 5: np.int64(91)}","{(1, 6): [(np.int64(29), 90)], (1, 2): [(np.int64(29), 0), (0, np.int64(43))], (1, 4): [(np.int64(29), 9)], (3, 4): [(np.int64(30), 53), (53, np.int64(9))], (2, 6): [(np.int64(43), 98), (98, np.int64(90))], (3, 5): [(np.int64(30), 91)], (0, 2): [(np.int64(78), 27), (27, 16), (16, np.int64(43))]}","{(2, np.int64(43)): {'cpu': 12}, (3, np.int64(30)): {'cpu': 16}, (6, np.int64(90)): {'cpu': 8}, (0, np.int64(78)): {'cpu': 18}, (1, np.int64(29)): {'cpu': 5}, (4, np.int64(9)): {'cpu': 9}, (5, np.int64(91)): {'cpu': 7}}","{((1, 6), (np.int64(29), 90)): {'bw': 50.0}, ((1, 2), (np.int64(29), 0)): {'bw': 38.0}, ((1, 2), (0, np.int64(43))): {'bw': 38.0}, ((1, 4), (np.int64(29), 9)): {'bw': 30.0}, ((3, 4), (np.int64(30), 53)): {'bw': 29.0}, ((3, 4), (53, np.int64(9))): {'bw': 29.0}, ((2, 6), (np.int64(43), 98)): {'bw': 30.0}, ((2, 6), (98, np.int64(90))): {'bw': 30.0}, ((3, 5), (np.int64(30), 91)): {'bw': 24.0}, ((0, 2), (np.int64(78), 27)): {'bw': 27.0}, ((0, 2), (27, 16)): {'bw': 27.0}, ((0, 2), (16, np.int64(43))): {'bw': 27.0}}",0.0,0.0,346.0,75.0,271.0,0.0,0.0,0.0,0.0,0.0,0.0,0.0,0.0,0.0,Route Failure,0.0,"{'node_level': {}, 'link_level': {}, 'path_level': {}}","{'node_level': {2: {'cpu': -41}, 3: {'cpu': -23}, 6: {'cpu': -70}, 0: {'cpu': -27}, 1: {'cpu': -61}, 4: {'cpu': -78}, 5: {'cpu': -46}}, 'link_level': {}, 'path_level': {}}","{'node_level': {2: {'cpu': 0}, 3: {'cpu': 0}, 6: {'cpu': 0}, 0: {'cpu': 0}, 1: {'cpu': 0}, 4: {'cpu': 0}, 5: {'cpu': 0}}, 'link_level': {}, 'path_level': {}}",[],0.0,0.0,True,False,False,0,[],0,0.0,"OrderedDict([((1, 6), 0), ((1, 2), 0), ((1, 4), 0), ((3, 4), 0), ((2, 6), 0), ((3, 5), 0), ((0, 2), 0)])",0.0,0.0,7.0,7.0
26,18,15,4420.0,7554.0,2173730.0876205517,3624489.7333387802,0.5851204659782896,0.5997340998447722,44,31,0,351.7588618593687,40291.0,6314,33977.0,0.12946367020543226,0.1419082735629862,15,153.75886185936875,198.0,9,12,False,{},{},{},{},0.0,0.0,0.0,0.0,0.0,0.0,0.0,0.0,0.0,0.0,0.0,0.0,0.0,0.0,Leave Event,0.0,"{'node_level': {}, 'link_level': {}, 'path_level': {}}","{'node_level': {}, 'link_level': {}, 'path_level': {}}","{'node_level': {}, 'link_level': {}, 'path_level': {}}",[],0.0,0.0,True,True,False,0,[],0,0.0,,,,,
27,19,16,4454.0,7588.0,2182303.9322535354,3633063.577971764,0.5869794412229836,0.6006787069418295,44,32,1,355.0,40257.0,6282,33975.0,0.13387563766717225,0.14195878371552684,26,252.17190097011095,355.0,2,1,True,"{0: np.int64(43), 1: np.int64(0)}","{(0, 1): [(np.int64(43), 0)]}","{(0, np.int64(43)): {'cpu': 19}, (1, np.int64(0)): {'cpu': 13}}","{((0, 1), (np.int64(43), 0)): {'bw': 2.0}}",34.0,34.0,34.0,32.0,2.0,32.0,2.0,32.0,2.0,0.0,1.0,8573.844632983772,8573.844632983772,252.17190097011095,Success,0.0,"{'node_level': {}, 'link_level': {}, 'path_level': {}}","{'node_level': {0: {'cpu': -34}, 1: {'cpu': -56}}, 'link_level': {}, 'path_level': {}}","{'node_level': {0: {'cpu': 0}, 1: {'cpu': 0}}, 'link_level': {}, 'path_level': {}}",[],0.0,0.0,True,True,False,0,[],0,0.0,"OrderedDict([((0, 1), 0)])",0.0,0.0,2.0,1.0
27,19,16,4454.0,7588.0,2182303.9322535354,3633063.577971764,0.5869794412229836,0.6006787069418295,44,33,0,360.1707528002342,40257.0,6282,33975.0,0.13387563766717225,0.14195878371552684,20,79.17075280023421,281.0,10,28,False,{},{},{},{},0.0,0.0,0.0,0.0,0.0,0.0,0.0,0.0,0.0,0.0,0.0,0.0,0.0,0.0,Leave Event,0.0,"{'node_level': {}, 'link_level': {}, 'path_level': {}}","{'node_level': {}, 'link_level': {}, 'path_level': {}}","{'node_level': {}, 'link_level': {}, 'path_level': {}}",[],0.0,0.0,True,True,False,0,[],0,0.0,,,,,
28,20,17,4578.0,7824.0,2322655.412889406,3900184.137891647,0.5851226993865031,0.595524552372797,45,34,1,364.0,40021.0,6262,33759.0,0.13663311733075967,0.1474138801899182,27,1131.8667793215377,364.0,4,3,True,"{0: np.int64(30), 2: np.int64(90), 3: np.int64(78), 1: np.int64(29)}","{(0, 3): [(np.int64(30), 65), (65, 73), (73, np.int64(78))], (0, 2): [(np.int64(30), 90)], (1, 3): [(np.int64(29), 68), (68, np.int64(78))]}","{(0, np.int64(30)): {'cpu': 7}, (2, np.int64(90)): {'cpu': 8}, (3, np.int64(78)): {'cpu': 4}, (1, np.int64(29)): {'cpu': 1}}","{((0, 3), (np.int64(30), 65)): {'bw': 45.0}, ((0, 3), (65, 73)): {'bw': 45.0}, ((0, 3), (73, np.int64(78))): {'bw': 45.0}, ((0, 2), (np.int64(30), 90)): {'bw': 37.0}, ((1, 3), (np.int64(29), 68)): {'bw': 22.0}, ((1, 3), (68, np.int64(78))): {'bw': 22.0}}",236.0,124.0,124.0,20.0,104.0,20.0,104.0,20.0,216.0,112.0,0.5254237288135594,267120.5599198829,140351.48063587068,594.7096637113165,Success,0.0,"{'node_level': {}, 'link_level': {}, 'path_level': {}}","{'node_level': {0: {'cpu': -32}, 2: {'cpu': -70}, 3: {'cpu': -41}, 1: {'cpu': -65}}, 'link_level': {}, 'path_level': {}}","{'node_level': {0: {'cpu': 0}, 2: {'cpu': 0}, 3: {'cpu': 0}, 1: {'cpu': 0}}, 'link_level': {}, 'path_level': {}}",[],0.0,0.0,True,True,False,0,[],0,0.0,"OrderedDict([((0, 3), 0), ((0, 2), 0), ((1, 3), 0)])",0.0,0.0,4.0,3.0
29,21,18,4762.0,8126.0,2416372.015050864,4054001.6044827355,0.5860201821314299,0.5960461417624864,45,35,1,372.0,39719.0,6216,33503.0,0.1429753205570109,0.15387917971512277,28,509.3293595731403,372.0,5,5,True,"{0: np.int64(9), 3: np.int64(34), 4: np.int64(38), 2: np.int64(97), 1: np.int64(91)}","{(0, 2): [(np.int64(9), 97)], (3, 4): [(np.int64(34), 57), (57, 41), (41, np.int64(38))], (0, 3): [(np.int64(9), 97), (97, np.int64(34))], (2, 3): [(np.int64(97), 34)], (0, 1): [(np.int64(9), 97), (97, 77), (77, np.int64(91))]}","{(0, np.int64(9)): {'cpu': 13}, (3, np.int64(34)): {'cpu': 9}, (4, np.int64(38)): {'cpu': 17}, (2, np.int64(97)): {'cpu': 4}, (1, np.int64(91)): {'cpu': 3}}","{((0, 2), (np.int64(9), 97)): {'bw': 41.0}, ((3, 4), (np.int64(34), 57)): {'bw': 38.0}, ((3, 4), (57, 41)): {'bw': 38.0}, ((3, 4), (41, np.int64(38))): {'bw': 38.0}, ((0, 3), (np.int64(9), 97)): {'bw': 30.0}, ((0, 3), (97, np.int64(34))): {'bw': 30.0}, ((2, 3), (np.int64(97), 34)): {'bw': 23.0}, ((0, 1), (np.int64(9), 97)): {'bw': 6.0}, ((0, 1), (97, 77)): {'bw': 6.0}, ((0, 1), (77, np.int64(91))): {'bw': 6.0}}",302.0,184.0,184.0,46.0,138.0,46.0,138.0,46.0,256.0,118.0,0.609271523178808,153817.46659108836,93716.60216145782,310.31987470681395,Success,0.0,"{'node_level': {}, 'link_level': {}, 'path_level': {}}","{'node_level': {0: {'cpu': -74}, 3: {'cpu': -46}, 4: {'cpu': -32}, 2: {'cpu': -61}, 1: {'cpu': -50}}, 'link_level': {}, 'path_level': {}}","{'node_level': {0: {'cpu': 0}, 3: {'cpu': 0}, 4: {'cpu': 0}, 2: {'cpu': 0}, 1: {'cpu': 0}}, 'link_level': {}, 'path_level': {}}",[],0.0,0.0,True,True,False,0,[],0,0.0,"OrderedDict([((0, 2), 0), ((3, 4), 0), ((0, 3), 0), ((2, 3), 0), ((0, 1), 0)])",0.0,0.0,5.0,5.0
30,21,18,4762.0,8126.0,2416372.015050864,4054001.6044827355,0.5860201821314299,0.5960461417624864,45,36,1,379.0,39719.0,6216,33503.0,0.1429753205570109,0.15387917971512277,29,1110.7534787451477,379.0,10,23,False,"{6: np.int64(13), 4: np.int64(2), 9: np.int64(75), 1: np.int64(5), 2: np.int64(3), 0: np.int64(77), 3: np.int64(64), 7: np.int64(31)}",{},"{(6, np.int64(13)): {'cpu': 17}, (4, np.int64(2)): {'cpu': 20}, (9, np.int64(75)): {'cpu': 15}, (1, np.int64(5)): {'cpu': 10}, (2, np.int64(3)): {'cpu': 13}, (0, np.int64(77)): {'cpu': 20}, (3, np.int64(64)): {'cpu': 13}, (7, np.int64(31)): {'cpu': 19}}",{},0.0,0.0,757.0,145.0,612.0,0.0,0.0,0.0,0.0,0.0,0.0,0.0,0.0,0.0,Place Failure,0.0,"{'node_level': {}, 'link_level': {}, 'path_level': {}}","{'node_level': {6: {'cpu': -38}, 4: {'cpu': -30}, 9: {'cpu': -50}, 1: {'cpu': -31}, 2: {'cpu': -36}, 0: {'cpu': -7}, 3: {'cpu': -60}, 7: {'cpu': -46}}, 'link_level': {}, 'path_level': {}}","{'node_level': {6: {'cpu': 0}, 4: {'cpu': 0}, 9: {'cpu': 0}, 1: {'cpu': 0}, 2: {'cpu': 0}, 0: {'cpu': 0}, 3: {'cpu': 0}, 7: {'cpu': 0}}, 'link_level': {}, 'path_level': {}}",[],0.0,0.0,False,True,False,0,[],0,0.0,,,,8.0,0.0
31,22,19,4841.0,8250.0,2461386.5291880923,4124657.2975588916,0.5867878787878787,0.5967493422168242,47,37,1,394.0,39595.0,6183,33412.0,0.14752516200193022,0.15617739165572275,30,569.8039764206146,394.0,3,3,True,"{1: np.int64(13), 0: np.int64(46), 2: np.int64(2)}","{(0, 1): [(np.int64(46), 13)], (0, 2): [(np.int64(46), 39), (39, 8), (8, np.int64(2))], (1, 2): [(np.int64(13), 23), (23, np.int64(2))]}","{(1, np.int64(13)): {'cpu': 17}, (0, np.int64(46)): {'cpu': 12}, (2, np.int64(2)): {'cpu': 4}}","{((0, 1), (np.int64(46), 13)): {'bw': 18.0}, ((0, 2), (np.int64(46), 39)): {'bw': 17.0}, ((0, 2), (39, 8)): {'bw': 17.0}, ((0, 2), (8, np.int64(2))): {'bw': 17.0}, ((1, 2), (np.int64(13), 23)): {'bw': 11.0}, ((1, 2), (23, np.int64(2))): {'bw': 11.0}}",124.0,79.0,79.0,33.0,46.0,33.0,46.0,33.0,91.0,45.0,0.6370967741935484,70655.69307615621,45014.51413722856,363.02027530023025,Success,0.0,"{'node_level': {}, 'link_level': {}, 'path_level': {}}","{'node_level': {1: {'cpu': -38}, 0: {'cpu': -70}, 2: {'cpu': -46}}, 'link_level': {}, 'path_level': {}}","{'node_level': {1: {'cpu': 0}, 0: {'cpu': 0}, 2: {'cpu': 0}}, 'link_level': {}, 'path_level': {}}",[],0.0,0.0,True,True,False,0,[],0,0.0,"OrderedDict([((0, 1), 0), ((0, 2), 0), ((1, 2), 0)])",0.0,0.0,3.0,3.0
32,22,19,4841.0,8250.0,2461386.5291880923,4124657.2975588916,0.5867878787878787,0.5967493422168242,47,38,1,398.0,39595.0,6183,33412.0,0.14752516200193022,0.15617739165572275,31,298.1897028893596,398.0,5,5,False,"{3: np.int64(5), 2: np.int64(3), 0: np.int64(52), 4: np.int64(64), 1: np.int64(75)}","{(2, 3): [(np.int64(3), 85), (85, np.int64(5))], (3, 4): [(np.int64(5), 15), (15, 34), (34, np.int64(64))]}","{(3, np.int64(5)): {'cpu': 12}, (2, np.int64(3)): {'cpu': 15}, (0, np.int64(52)): {'cpu': 12}, (4, np.int64(64)): {'cpu': 7}, (1, np.int64(75)): {'cpu': 12}}","{((2, 3), (np.int64(3), 85)): {'bw': 41.0}, ((2, 3), (85, np.int64(5))): {'bw': 41.0}, ((3, 4), (np.int64(5), 15)): {'bw': 31.0}, ((3, 4), (15, 34)): {'bw': 31.0}, ((3, 4), (34, np.int64(64))): {'bw': 31.0}}",0.0,0.0,176.0,58.0,118.0,0.0,0.0,0.0,0.0,0.0,0.0,0.0,0.0,0.0,Route Failure,0.0,"{'node_level': {}, 'link_level': {}, 'path_level': {}}","{'node_level': {3: {'cpu': -29}, 2: {'cpu': -34}, 0: {'cpu': -68}, 4: {'cpu': -66}, 1: {'cpu': -53}}, 'link_level': {}, 'path_level': {}}","{'node_level': {3: {'cpu': 0}, 2: {'cpu': 0}, 0: {'cpu': 0}, 4: {'cpu': 0}, 1: {'cpu': 0}}, 'link_level': {}, 'path_level': {}}",[],0.0,0.0,True,False,False,0,[],0,0.0,"OrderedDict([((2, 3), 0), ((3, 4), 0)])",0.0,0.0,5.0,2.0
33,23,20,5064.0,8735.0,2889881.786702037,5056586.4450667985,0.5797366914710933,0.5715084312503751,48,39,1,408.0,39110.0,6130,32980.0,0.15483248311043707,0.16708758460450546,32,1921.503396923519,408.0,5,7,True,"{4: np.int64(5), 3: np.int64(3), 2: np.int64(64), 1: np.int64(75), 0: np.int64(33)}","{(3, 4): [(np.int64(3), 85), (85, np.int64(5))], (1, 4): [(np.int64(75), 6), (6, 56), (56, 15), (15, np.int64(5))], (0, 3): [(np.int64(33), 53), (53, np.int64(3))], (2, 3): [(np.int64(64), 93), (93, np.int64(3))], (0, 2): [(np.int64(33), 25), (25, np.int64(64))], (0, 4): [(np.int64(33), 79), (79, np.int64(5))], (2, 4): [(np.int64(64), 69), (69, 79), (79, np.int64(5))]}","{(4, np.int64(5)): {'cpu': 14}, (3, np.int64(3)): {'cpu': 15}, (2, np.int64(64)): {'cpu': 10}, (1, np.int64(75)): {'cpu': 9}, (0, np.int64(33)): {'cpu': 5}}","{((3, 4), (np.int64(3), 85)): {'bw': 47.0}, ((3, 4), (85, np.int64(5))): {'bw': 47.0}, ((1, 4), (np.int64(75), 6)): {'bw': 41.0}, ((1, 4), (6, 56)): {'bw': 41.0}, ((1, 4), (56, 15)): {'bw': 41.0}, ((1, 4), (15, np.int64(5))): {'bw': 41.0}, ((0, 3), (np.int64(33), 53)): {'bw': 30.0}, ((0, 3), (53, np.int64(3))): {'bw': 30.0}, ((2, 3), (np.int64(64), 93)): {'bw': 14.0}, ((2, 3), (93, np.int64(3))): {'bw': 14.0}, ((0, 2), (np.int64(33), 25)): {'bw': 13.0}, ((0, 2), (25, np.int64(64))): {'bw': 13.0}, ((0, 4), (np.int64(33), 79)): {'bw': 15.0}, ((0, 4), (79, np.int64(5))): {'bw': 15.0}, ((2, 4), (np.int64(64), 69)): {'bw': 10.0}, ((2, 4), (69, 79)): {'bw': 10.0}, ((2, 4), (79, np.int64(5))): {'bw': 10.0}}",485.0,223.0,223.0,53.0,170.0,53.0,170.0,53.0,432.0,262.0,0.45979381443298967,931929.1475079067,428495.2575139447,883.4953763174118,Success,0.0,"{'node_level': {}, 'link_level': {}, 'path_level': {}}","{'node_level': {4: {'cpu': -27}, 3: {'cpu': -34}, 2: {'cpu': -63}, 1: {'cpu': -56}, 0: {'cpu': -45}}, 'link_level': {}, 'path_level': {}}","{'node_level': {4: {'cpu': 0}, 3: {'cpu': 0}, 2: {'cpu': 0}, 1: {'cpu': 0}, 0: {'cpu': 0}}, 'link_level': {}, 'path_level': {}}",[],0.0,0.0,True,True,False,0,[],0,0.0,"OrderedDict([((3, 4), 0), ((1, 4), 0), ((0, 3), 0), ((2, 3), 0), ((0, 2), 0), ((0, 4), 0), ((2, 4), 0)])",0.0,0.0,5.0,7.0
34,24,21,5224.0,8974.0,2899763.918459772,5071347.879379915,0.5821261421885446,0.5717935324946261,48,40,1,414.0,38871.0,6063,32808.0,0.16407003998345515,0.17143145772300228,33,61.76332348584527,414.0,5,6,True,"{2: np.int64(29), 0: np.int64(90), 3: np.int64(32), 1: np.int64(98), 4: np.int64(77)}","{(0, 2): [(np.int64(90), 29)], (0, 4): [(np.int64(90), 59), (59, np.int64(77))], (2, 3): [(np.int64(29), 68), (68, np.int64(32))], (1, 3): [(np.int64(98), 45), (45, 31), (31, np.int64(32))], (1, 2): [(np.int64(98), 90), (90, np.int64(29))], (0, 3): [(np.int64(90), 44), (44, np.int64(32))]}","{(2, np.int64(29)): {'cpu': 19}, (0, np.int64(90)): {'cpu': 12}, (3, np.int64(32)): {'cpu': 17, 'nic_slots': 1}, (1, np.int64(98)): {'cpu': 18, 'nic_slots': 1}, (4, np.int64(77)): {'cpu': 1}}","{((0, 2), (np.int64(90), 29)): {'bw': 27.0}, ((0, 4), (np.int64(90), 59)): {'bw': 19.0}, ((0, 4), (59, np.int64(77))): {'bw': 19.0}, ((2, 3), (np.int64(29), 68)): {'bw': 14.0}, ((2, 3), (68, np.int64(32))): {'bw': 14.0}, ((1, 3), (np.int64(98), 45)): {'bw': 13.0}, ((1, 3), (45, 31)): {'bw': 13.0}, ((1, 3), (31, np.int64(32))): {'bw': 13.0}, ((1, 2), (np.int64(98), 90)): {'bw': 12.0}, ((1, 2), (90, np.int64(29))): {'bw': 12.0}, ((0, 3), (np.int64(90), 44)): {'bw': 8.0}, ((0, 3), (44, np.int64(32))): {'bw': 8.0}}",239.0,160.0,160.0,67.0,93.0,67.0,93.0,67.0,172.0,79.0,0.6694560669456067,14761.434313117019,9882.131757735244,41.34783162232319,Success,0.0,"{'node_level': {}, 'link_level': {}, 'path_level': {}}","{'node_level': {2: {'cpu': -46}, 0: {'cpu': -58}, 3: {'cpu': -42}, 1: {'cpu': -23}, 4: {'cpu': -26}}, 'link_level': {}, 'path_level': {}}","{'node_level': {2: {'cpu': 0}, 0: {'cpu': 0}, 3: {'cpu': 0}, 1: {'cpu': 0}, 4: {'cpu': 0}}, 'link_level': {}, 'path_level': {}}",[],0.0,0.0,True,True,False,0,[],0,0.0,"OrderedDict([((0, 2), 0), ((0, 4), 0), ((2, 3), 0), ((1, 3), 1), ((1, 2), 0), ((0, 3), 0)])",0.0,1.0,5.0,6.0
35,24,21,5224.0,8974.0,2899763.918459772,5071347.879379915,0.5821261421885446,0.5717935324946261,48,41,1,423.0,38871.0,6063,32808.0,0.16407003998345515,0.17143145772300228,34,728.4092813015957,423.0,9,23,False,"{1: np.int64(91), 2: np.int64(52), 6: np.int64(18), 7: np.int64(25)}",{},"{(1, np.int64(91)): {'cpu': 14}, (2, np.int64(52)): {'cpu': 15}, (6, np.int64(18)): {'cpu': 11}, (7, np.int64(25)): {'cpu': 19}}",{},0.0,0.0,626.0,109.0,517.0,0.0,0.0,0.0,0.0,0.0,0.0,0.0,0.0,0.0,Place Failure,0.0,"{'node_level': {}, 'link_level': {}, 'path_level': {}}","{'node_level': {1: {'cpu': -36}, 2: {'cpu': -65}, 6: {'cpu': -2}, 7: {'cpu': -24}}, 'link_level': {}, 'path_level': {}}","{'node_level': {1: {'cpu': 0}, 2: {'cpu': 0}, 6: {'cpu': 0}, 7: {'cpu': 0}}, 'link_level': {}, 'path_level': {}}",[],0.0,0.0,False,True,False,0,[],0,0.0,,,,4.0,0.0
36,25,22,5284.0,9034.0,2915685.5932120597,5087269.554132203,0.5849014832853664,0.573133694251321,48,42,1,436.0,38811.0,6044,32767.0,0.16668964566386324,0.1724669158500859,35,265.3612458714599,436.0,2,1,True,"{0: np.int64(91), 1: np.int64(18)}","{(0, 1): [(np.int64(91), 18)]}","{(0, np.int64(91)): {'cpu': 11}, (1, np.int64(18)): {'cpu': 8}}","{((0, 1), (np.int64(91), 18)): {'bw': 41.0}}",60.0,60.0,60.0,19.0,41.0,19.0,41.0,19.0,41.0,0.0,1.0,15921.674752287596,15921.674752287596,265.3612458714599,Success,0.0,"{'node_level': {}, 'link_level': {}, 'path_level': {}}","{'node_level': {0: {'cpu': -39}, 1: {'cpu': -5}}, 'link_level': {}, 'path_level': {}}","{'node_level': {0: {'cpu': 0}, 1: {'cpu': 0}}, 'link_level': {}, 'path_level': {}}",[],0.0,0.0,True,True,False,0,[],0,0.0,"OrderedDict([((0, 1), 0)])",0.0,0.0,2.0,1.0
36,25,21,5284.0,9034.0,2915685.5932120597,5087269.554132203,0.5849014832853664,0.573133694251321,48,43,0,439.62396831078695,39274.0,6111,33163.0,0.15745208879084516,0.162465905647035,6,355.62396831078695,84.0,7,9,False,{},{},{},{},0.0,0.0,0.0,0.0,0.0,0.0,0.0,0.0,0.0,0.0,0.0,0.0,0.0,0.0,Leave Event,0.0,"{'node_level': {}, 'link_level': {}, 'path_level': {}}","{'node_level': {}, 'link_level': {}, 'path_level': {}}","{'node_level': {}, 'link_level': {}, 'path_level': {}}",[],0.0,0.0,True,True,False,0,[],0,0.0,,,,,
37,26,22,5359.0,9113.0,2957883.6693062773,5131718.194284779,0.5880610117414682,0.5763924590793952,48,44,1,450.0,39195.0,6079,33116.0,0.16186405625258515,0.16365289423174056,36,562.6410145895702,450.0,3,3,True,"{1: np.int64(25), 2: np.int64(33), 0: np.int64(49)}","{(1, 2): [(np.int64(25), 33)], (0, 1): [(np.int64(49), 33), (33, np.int64(25))], (0, 2): [(np.int64(49), 33)]}","{(1, np.int64(25)): {'cpu': 17}, (2, np.int64(33)): {'cpu': 12}, (0, np.int64(49)): {'cpu': 3}}","{((1, 2), (np.int64(25), 33)): {'bw': 38.0}, ((0, 1), (np.int64(49), 33)): {'bw': 4.0}, ((0, 1), (33, np.int64(25))): {'bw': 4.0}, ((0, 2), (np.int64(49), 33)): {'bw': 1.0}}",79.0,75.0,75.0,32.0,43.0,32.0,43.0,32.0,47.0,4.0,0.9493670886075949,44448.640152576045,42198.076094217766,534.1528619521235,Success,0.0,"{'node_level': {}, 'link_level': {}, 'path_level': {}}","{'node_level': {1: {'cpu': -41}, 2: {'cpu': -33}, 0: {'cpu': -55}}, 'link_level': {}, 'path_level': {}}","{'node_level': {1: {'cpu': 0}, 2: {'cpu': 0}, 0: {'cpu': 0}}, 'link_level': {}, 'path_level': {}}",[],0.0,0.0,True,True,False,0,[],0,0.0,"OrderedDict([((1, 2), 0), ((0, 1), 0), ((0, 2), 0)])",0.0,0.0,3.0,3.0
38,27,23,5415.0,9245.0,2965931.162658838,5150687.285758672,0.5857220118983234,0.5758321167855506,48,45,1,462.0,39063.0,6061,33002.0,0.16434578794981392,0.1665319729265582,37,143.7052384385845,462.0,2,1,True,"{0: np.int64(10), 1: np.int64(7)}","{(0, 1): [(np.int64(10), 51), (51, 68), (68, np.int64(7))]}","{(0, np.int64(10)): {'cpu': 16, 'nic_slots': 1}, (1, np.int64(7)): {'cpu': 2, 'nic_slots': 1}}","{((0, 1), (np.int64(10), 51)): {'bw': 38.0}, ((0, 1), (51, 68)): {'bw': 38.0}, ((0, 1), (68, np.int64(7))): {'bw': 38.0}}",132.0,56.0,56.0,18.0,38.0,18.0,38.0,18.0,114.0,76.0,0.42424242424242425,18969.091473893153,8047.493352560732,60.9658587315207,Success,0.0,"{'node_level': {}, 'link_level': {}, 'path_level': {}}","{'node_level': {0: {'cpu': -51}, 1: {'cpu': -45}}, 'link_level': {}, 'path_level': {}}","{'node_level': {0: {'cpu': 0}, 1: {'cpu': 0}}, 'link_level': {}, 'path_level': {}}",[],0.0,0.0,True,True,False,0,[],0,0.0,"OrderedDict([((0, 1), 1)])",0.0,1.0,2.0,1.0
38,27,22,5415.0,9245.0,2965931.162658838,5150687.285758672,0.5857220118983234,0.5758321167855506,48,46,0,468.6000625501342,40013.0,6161,33852.0,0.1505583896318765,0.14506515809677745,16,253.60006255013423,215.0,9,22,False,{},{},{},{},0.0,0.0,0.0,0.0,0.0,0.0,0.0,0.0,0.0,0.0,0.0,0.0,0.0,0.0,Leave Event,0.0,"{'node_level': {}, 'link_level': {}, 'path_level': {}}","{'node_level': {}, 'link_level': {}, 'path_level': {}}","{'node_level': {}, 'link_level': {}, 'path_level': {}}",[],0.0,0.0,True,True,False,0,[],0,0.0,,,,,
39,27,22,5415.0,9245.0,2965931.162658838,5150687.285758672,0.5857220118983234,0.5758321167855506,48,47,1,474.0,40013.0,6161,33852.0,0.1505583896318765,0.14506515809677745,38,187.86942107041867,474.0,6,9,False,"{1: np.int64(7), 0: np.int64(77), 2: np.int64(42), 3: np.int64(78), 5: np.int64(45), 4: np.int64(5)}","{(1, 5): [(np.int64(7), 70), (70, 42), (42, np.int64(45))], (3, 4): [(np.int64(78), 71), (71, 31), (31, 19), (19, np.int64(5))], (0, 2): [(np.int64(77), 42)], (0, 1): [(np.int64(77), 3), (3, np.int64(7))], (0, 3): [(np.int64(77), 97), (97, 68), (68, np.int64(78))], (1, 2): [(np.int64(7), 42)]}","{(1, np.int64(7)): {'cpu': 17}, (0, np.int64(77)): {'cpu': 19}, (2, np.int64(42)): {'cpu': 14}, (3, np.int64(78)): {'cpu': 9}, (5, np.int64(45)): {'cpu': 6}, (4, np.int64(5)): {'cpu': 7}}","{((1, 5), (np.int64(7), 70)): {'bw': 46.0}, ((1, 5), (70, 42)): {'bw': 46.0}, ((1, 5), (42, np.int64(45))): {'bw': 46.0}, ((3, 4), (np.int64(78), 71)): {'bw': 43.0}, ((3, 4), (71, 31)): {'bw': 43.0}, ((3, 4), (31, 19)): {'bw': 43.0}, ((3, 4), (19, np.int64(5))): {'bw': 43.0}, ((0, 2), (np.int64(77), 42)): {'bw': 41.0}, ((0, 1), (np.int64(77), 3)): {'bw': 36.0}, ((0, 1), (3, np.int64(7))): {'bw': 36.0}, ((0, 3), (np.int64(77), 97)): {'bw': 27.0}, ((0, 3), (97, 68)): {'bw': 27.0}, ((0, 3), (68, np.int64(78))): {'bw': 27.0}, ((1, 2), (np.int64(7), 42)): {'bw': 31.0}}",0.0,0.0,350.0,72.0,278.0,0.0,0.0,0.0,0.0,0.0,0.0,0.0,0.0,0.0,Route Failure,0.0,"{'node_level': {}, 'link_level': {}, 'path_level': {}}","{'node_level': {1: {'cpu': -43}, 0: {'cpu': -23}, 2: {'cpu': -75}, 3: {'cpu': -51}, 5: {'cpu': -53}, 4: {'cpu': -40}}, 'link_level': {}, 'path_level': {}}","{'node_level': {1: {'cpu': 0}, 0: {'cpu': 0}, 2: {'cpu': 0}, 3: {'cpu': 0}, 5: {'cpu': 0}, 4: {'cpu': 0}}, 'link_level': {}, 'path_level': {}}",[],0.0,0.0,True,False,False,0,[],0,0.0,"OrderedDict([((1, 5), 0), ((3, 4), 0), ((0, 2), 0), ((0, 1), 0), ((0, 3), 0), ((1, 2), 0)])",2.0,0.0,6.0,6.0
39,27,21,5415.0,9245.0,2965931.162658838,5150687.285758672,0.5857220118983234,0.5758321167855506,48,48,0,475.76332348584526,40252.0,6228,34024.0,0.14132083275885843,0.14072128497828063,33,61.76332348584527,414.0,5,6,False,{},{},{},{},0.0,0.0,0.0,0.0,0.0,0.0,0.0,0.0,0.0,0.0,0.0,0.0,0.0,0.0,Leave Event,0.0,"{'node_level': {}, 'link_level': {}, 'path_level': {}}","{'node_level': {}, 'link_level': {}, 'path_level': {}}","{'node_level': {}, 'link_level': {}, 'path_level': {}}",[],0.0,0.0,True,True,False,0,[],0,0.0,,,,,
39,27,20,5415.0,9245.0,2965931.162658838,5150687.285758672,0.5857220118983234,0.5758321167855506,48,49,0,481.4217591391749,40736.0,6318,34418.0,0.12891217427271473,0.1307707849277705,4,416.4217591391749,65.0,9,10,False,{},{},{},{},0.0,0.0,0.0,0.0,0.0,0.0,0.0,0.0,0.0,0.0,0.0,0.0,0.0,0.0,Leave Event,0.0,"{'node_level': {}, 'link_level': {}, 'path_level': {}}","{'node_level': {}, 'link_level': {}, 'path_level': {}}","{'node_level': {}, 'link_level': {}, 'path_level': {}}",[],0.0,0.0,True,True,False,0,[],0,0.0,,,,,
40,27,20,5415.0,9245.0,2965931.162658838,5150687.285758672,0.5857220118983234,0.5758321167855506,48,50,1,486.0,40736.0,6318,34418.0,0.12891217427271473,0.1307707849277705,39,1682.185253997018,486.0,9,17,False,"{0: np.int64(77), 7: np.int64(7), 5: np.int64(98), 2: np.int64(43), 8: np.int64(45), 3: np.int64(32), 6: np.int64(49), 4: np.int64(25), 1: np.int64(41)}","{(0, 2): [(np.int64(77), 18), (18, 0), (0, np.int64(43))], (4, 8): [(np.int64(25), 45)], (4, 7): [(np.int64(25), 95), (95, np.int64(7))], (3, 6): [(np.int64(32), 49)], (0, 5): [(np.int64(77), 3), (3, 31), (31, 45), (45, np.int64(98))], (3, 4): [(np.int64(32), 25)]}","{(0, np.int64(77)): {'cpu': 11, 'nic_slots': 1}, (7, np.int64(7)): {'cpu': 15}, (5, np.int64(98)): {'cpu': 6, 'nic_slots': 1}, (2, np.int64(43)): {'cpu': 8}, (8, np.int64(45)): {'cpu': 3}, (3, np.int64(32)): {'cpu': 4, 'nic_slots': 1}, (6, np.int64(49)): {'cpu': 4, 'nic_slots': 1}, (4, np.int64(25)): {'cpu': 2}, (1, np.int64(41)): {'cpu': 4}}","{((0, 2), (np.int64(77), 18)): {'bw': 50.0}, ((0, 2), (18, 0)): {'bw': 50.0}, ((0, 2), (0, np.int64(43))): {'bw': 50.0}, ((4, 8), (np.int64(25), 45)): {'bw': 45.0}, ((4, 7), (np.int64(25), 95)): {'bw': 40.0}, ((4, 7), (95, np.int64(7))): {'bw': 40.0}, ((3, 6), (np.int64(32), 49)): {'bw': 42.0}, ((0, 5), (np.int64(77), 3)): {'bw': 43.0}, ((0, 5), (3, 31)): {'bw': 43.0}, ((0, 5), (31, 45)): {'bw': 43.0}, ((0, 5), (45, np.int64(98))): {'bw': 43.0}, ((3, 4), (np.int64(32), 25)): {'bw': 42.0}}",0.0,0.0,521.0,57.0,464.0,0.0,0.0,0.0,0.0,0.0,0.0,0.0,0.0,0.0,Route Failure,0.0,"{'node_level': {}, 'link_level': {}, 'path_level': {}}","{'node_level': {0: {'cpu': -39}, 7: {'cpu': -45}, 5: {'cpu': -46}, 2: {'cpu': -45}, 8: {'cpu': -56}, 3: {'cpu': -72}, 6: {'cpu': -51}, 4: {'cpu': -39}, 1: {'cpu': -54}}, 'link_level': {}, 'path_level': {}}","{'node_level': {0: {'cpu': 0}, 7: {'cpu': 0}, 5: {'cpu': 0}, 2: {'cpu': 0}, 8: {'cpu': 0}, 3: {'cpu': 0}, 6: {'cpu': 0}, 4: {'cpu': 0}, 1: {'cpu': 0}}, 'link_level': {}, 'path_level': {}}",[],0.0,0.0,True,False,False,0,[],0,0.0,"OrderedDict([((0, 2), 0), ((4, 8), 0), ((4, 7), 0), ((3, 6), 1), ((0, 5), 1), ((3, 4), 0)])",1.0,2.0,9.0,6.0
40,27,19,5415.0,9245.0,2965931.162658838,5150687.285758672,0.5857220118983234,0.5758321167855506,48,51,0,490.1733723555532,40760.0,6330,34430.0,0.12725768647456226,0.1304677240125265,23,170.17337235555323,320.0,2,1,False,{},{},{},{},0.0,0.0,0.0,0.0,0.0,0.0,0.0,0.0,0.0,0.0,0.0,0.0,0.0,0.0,Leave Event,0.0,"{'node_level': {}, 'link_level': {}, 'path_level': {}}","{'node_level': {}, 'link_level': {}, 'path_level': {}}","{'node_level': {}, 'link_level': {}, 'path_level': {}}",[],0.0,0.0,True,True,False,0,[],0,0.0,,,,,
40,27,18,5415.0,9245.0,2965931.162658838,5150687.285758672,0.5857220118983234,0.5758321167855506,48,52,0,490.86544564850885,41470.0,6385,35085.0,0.11967461739969665,0.1139256490554601,19,230.86544564850888,260.0,7,12,False,{},{},{},{},0.0,0.0,0.0,0.0,0.0,0.0,0.0,0.0,0.0,0.0,0.0,0.0,0.0,0.0,Leave Event,0.0,"{'node_level': {}, 'link_level': {}, 'path_level': {}}","{'node_level': {}, 'link_level': {}, 'path_level': {}}","{'node_level': {}, 'link_level': {}, 'path_level': {}}",[],0.0,0.0,True,True,False,0,[],0,0.0,,,,,
41,28,19,5597.0,9647.0,3046726.5513796867,5329147.430076151,0.580180366953457,0.5717099388515416,48,53,1,498.0,41068.0,6341,34727.0,0.12574107265958911,0.1229669663602384,40,443.93070725741,498.0,5,7,True,"{4: np.int64(77), 0: np.int64(41), 1: np.int64(98), 2: np.int64(32), 3: np.int64(43)}","{(0, 1): [(np.int64(41), 68), (68, 4), (4, np.int64(98))], (2, 4): [(np.int64(32), 31), (31, 3), (3, np.int64(77))], (0, 2): [(np.int64(41), 68), (68, np.int64(32))], (1, 4): [(np.int64(98), 63), (63, np.int64(77))], (0, 3): [(np.int64(41), 57), (57, np.int64(43))], (0, 4): [(np.int64(41), 3), (3, np.int64(77))], (3, 4): [(np.int64(43), 11), (11, np.int64(77))]}","{(4, np.int64(77)): {'cpu': 16, 'nic_slots': 1}, (0, np.int64(41)): {'cpu': 8}, (1, np.int64(98)): {'cpu': 8}, (2, np.int64(32)): {'cpu': 2, 'nic_slots': 1}, (3, np.int64(43)): {'cpu': 10}}","{((0, 1), (np.int64(41), 68)): {'bw': 46.0}, ((0, 1), (68, 4)): {'bw': 46.0}, ((0, 1), (4, np.int64(98))): {'bw': 46.0}, ((2, 4), (np.int64(32), 31)): {'bw': 36.0}, ((2, 4), (31, 3)): {'bw': 36.0}, ((2, 4), (3, np.int64(77))): {'bw': 36.0}, ((0, 2), (np.int64(41), 68)): {'bw': 33.0}, ((0, 2), (68, np.int64(32))): {'bw': 33.0}, ((1, 4), (np.int64(98), 63)): {'bw': 12.0}, ((1, 4), (63, np.int64(77))): {'bw': 12.0}, ((0, 3), (np.int64(41), 57)): {'bw': 5.0}, ((0, 3), (57, np.int64(43))): {'bw': 5.0}, ((0, 4), (np.int64(41), 3)): {'bw': 1.0}, ((0, 4), (3, np.int64(77))): {'bw': 1.0}, ((3, 4), (np.int64(43), 11)): {'bw': 5.0}, ((3, 4), (11, np.int64(77))): {'bw': 5.0}}",402.0,182.0,182.0,44.0,138.0,44.0,138.0,44.0,358.0,220.0,0.4527363184079602,178460.14431747881,80795.38872084863,200.98355403196175,Success,0.0,"{'node_level': {}, 'link_level': {}, 'path_level': {}}","{'node_level': {4: {'cpu': -34}, 0: {'cpu': -50}, 1: {'cpu': -45}, 2: {'cpu': -85}, 3: {'cpu': -53}}, 'link_level': {}, 'path_level': {}}","{'node_level': {4: {'cpu': 0}, 0: {'cpu': 0}, 1: {'cpu': 0}, 2: {'cpu': 0}, 3: {'cpu': 0}}, 'link_level': {}, 'path_level': {}}",[],0.0,0.0,True,True,False,0,[],0,0.0,"OrderedDict([((0, 1), 0), ((2, 4), 1), ((0, 2), 0), ((1, 4), 0), ((0, 3), 0), ((0, 4), 0), ((3, 4), 0)])",2.0,1.0,5.0,7.0
42,28,19,5597.0,9647.0,3046726.5513796867,5329147.430076151,0.580180366953457,0.5717099388515416,48,54,1,507.0,41068.0,6341,34727.0,0.12574107265958911,0.1229669663602384,41,538.9174390041352,507.0,4,4,False,"{2: np.int64(7), 3: np.int64(98), 1: np.int64(32)}",{},"{(2, np.int64(7)): {'cpu': 16}, (3, np.int64(98)): {'cpu': 11}, (1, np.int64(32)): {'cpu': 4}}",{},0.0,0.0,119.0,32.0,87.0,0.0,0.0,0.0,0.0,0.0,0.0,0.0,0.0,0.0,Place Failure,0.0,"{'node_level': {}, 'link_level': {}, 'path_level': {}}","{'node_level': {2: {'cpu': -44}, 3: {'cpu': -34}, 1: {'cpu': -81}}, 'link_level': {}, 'path_level': {}}","{'node_level': {2: {'cpu': 0}, 3: {'cpu': 0}, 1: {'cpu': 0}}, 'link_level': {}, 'path_level': {}}",[],0.0,0.0,False,True,False,0,[],0,0.0,,,,3.0,0.0
43,28,19,5597.0,9647.0,3046726.5513796867,5329147.430076151,0.580180366953457,0.5717099388515416,48,55,1,522.0,41068.0,6341,34727.0,0.12574107265958911,0.1229669663602384,42,380.933888040804,522.0,9,22,False,"{1: np.int64(7), 6: np.int64(98), 7: np.int64(32), 8: np.int64(79), 0: np.int64(43), 4: np.int64(77), 5: np.int64(13)}",{},"{(1, np.int64(7)): {'cpu': 11}, (6, np.int64(98)): {'cpu': 16}, (7, np.int64(32)): {'cpu': 11}, (8, np.int64(79)): {'cpu': 12}, (0, np.int64(43)): {'cpu': 8}, (4, np.int64(77)): {'cpu': 17}, (5, np.int64(13)): {'cpu': 13}}",{},0.0,0.0,518.0,106.0,412.0,0.0,0.0,0.0,0.0,0.0,0.0,0.0,0.0,0.0,Place Failure,0.0,"{'node_level': {}, 'link_level': {}, 'path_level': {}}","{'node_level': {1: {'cpu': -49}, 6: {'cpu': -29}, 7: {'cpu': -74}, 8: {'cpu': -73}, 0: {'cpu': -45}, 4: {'cpu': -17}, 5: {'cpu': -44}}, 'link_level': {}, 'path_level': {}}","{'node_level': {1: {'cpu': 0}, 6: {'cpu': 0}, 7: {'cpu': 0}, 8: {'cpu': 0}, 0: {'cpu': 0}, 4: {'cpu': 0}, 5: {'cpu': 0}}, 'link_level': {}, 'path_level': {}}",[],0.0,0.0,False,True,False,0,[],0,0.0,,,,7.0,0.0
44,29,20,5744.0,10100.0,3065987.7586785858,5388503.39542582,0.5687128712871287,0.5689868844253182,48,56,1,532.0,40615.0,6306,34309.0,0.1305666620708672,0.13352358824123645,43,131.0286210809459,532.0,4,4,True,"{3: np.int64(7), 1: np.int64(98), 0: np.int64(32), 2: np.int64(43)}","{(0, 2): [(np.int64(32), 25), (25, 11), (11, np.int64(43))], (1, 3): [(np.int64(98), 45), (45, 30), (30, 51), (51, 68), (68, np.int64(7))], (1, 2): [(np.int64(98), 45), (45, 57), (57, np.int64(43))], (0, 3): [(np.int64(32), 99), (99, 37), (37, 30), (30, 51), (51, 68), (68, np.int64(7))]}","{(3, np.int64(7)): {'cpu': 20, 'nic_slots': 2}, (1, np.int64(98)): {'cpu': 8, 'nic_slots': 2}, (0, np.int64(32)): {'cpu': 5, 'nic_slots': 1}, (2, np.int64(43)): {'cpu': 2, 'nic_slots': 1}}","{((0, 2), (np.int64(32), 25)): {'bw': 46.0}, ((0, 2), (25, 11)): {'bw': 46.0}, ((0, 2), (11, np.int64(43))): {'bw': 46.0}, ((1, 3), (np.int64(98), 45)): {'bw': 32.0}, ((1, 3), (45, 30)): {'bw': 32.0}, ((1, 3), (30, 51)): {'bw': 32.0}, ((1, 3), (51, 68)): {'bw': 32.0}, ((1, 3), (68, np.int64(7))): {'bw': 32.0}, ((1, 2), (np.int64(98), 45)): {'bw': 28.0}, ((1, 2), (45, 57)): {'bw': 28.0}, ((1, 2), (57, np.int64(43))): {'bw': 28.0}, ((0, 3), (np.int64(32), 99)): {'bw': 6.0}, ((0, 3), (99, 37)): {'bw': 6.0}, ((0, 3), (37, 30)): {'bw': 6.0}, ((0, 3), (30, 51)): {'bw': 6.0}, ((0, 3), (51, 68)): {'bw': 6.0}, ((0, 3), (68, np.int64(7))): {'bw': 6.0}}",453.0,147.0,147.0,35.0,112.0,35.0,112.0,35.0,418.0,306.0,0.32450331125827814,59355.96534966849,19261.207298899048,42.51922141037317,Success,0.0,"{'node_level': {}, 'link_level': {}, 'path_level': {}}","{'node_level': {3: {'cpu': -40}, 1: {'cpu': -37}, 0: {'cpu': -80}, 2: {'cpu': -51}}, 'link_level': {}, 'path_level': {}}","{'node_level': {3: {'cpu': 0}, 1: {'cpu': 0}, 0: {'cpu': 0}, 2: {'cpu': 0}}, 'link_level': {}, 'path_level': {}}",[],0.0,0.0,True,True,False,0,[],0,0.0,"OrderedDict([((0, 2), 0), ((1, 3), 1), ((1, 2), 1), ((0, 3), 1)])",1.0,3.0,4.0,4.0
45,30,21,5786.0,10142.0,3076536.285487017,5399051.922234251,0.5704989154013015,0.5698289866073146,48,57,1,544.0,40573.0,6274,34299.0,0.1349786295326072,0.1337761390039398,44,251.155400200748,544.0,2,1,True,"{0: np.int64(79), 1: np.int64(69)}","{(0, 1): [(np.int64(79), 69)]}","{(0, np.int64(79)): {'cpu': 16}, (1, np.int64(69)): {'cpu': 16}}","{((0, 1), (np.int64(79), 69)): {'bw': 10.0}}",42.0,42.0,42.0,32.0,10.0,32.0,10.0,32.0,10.0,0.0,1.0,10548.526808431416,10548.526808431416,251.155400200748,Success,0.0,"{'node_level': {}, 'link_level': {}, 'path_level': {}}","{'node_level': {0: {'cpu': -69}, 1: {'cpu': -73}}, 'link_level': {}, 'path_level': {}}","{'node_level': {0: {'cpu': 0}, 1: {'cpu': 0}}, 'link_level': {}, 'path_level': {}}",[],0.0,0.0,True,True,False,0,[],0,0.0,"OrderedDict([((0, 1), 0)])",0.0,0.0,2.0,1.0
46,31,22,5861.0,10264.0,3112703.294545878,5457883.590303332,0.571024941543258,0.5703132437774995,48,58,1,555.0,40451.0,6246,34205.0,0.13883910106162967,0.13615011617335082,45,482.22678745147897,555.0,2,1,True,"{1: np.int64(77), 0: np.int64(13)}","{(0, 1): [(np.int64(13), 23), (23, np.int64(77))]}","{(1, np.int64(77)): {'cpu': 15}, (0, np.int64(13)): {'cpu': 13}}","{((0, 1), (np.int64(13), 23)): {'bw': 47.0}, ((0, 1), (23, np.int64(77))): {'bw': 47.0}}",122.0,75.0,75.0,28.0,47.0,28.0,47.0,28.0,94.0,47.0,0.6147540983606558,58831.668069080435,36167.009058860924,296.45089392508953,Success,0.0,"{'node_level': {}, 'link_level': {}, 'path_level': {}}","{'node_level': {1: {'cpu': -19}, 0: {'cpu': -44}}, 'link_level': {}, 'path_level': {}}","{'node_level': {1: {'cpu': 0}, 0: {'cpu': 0}}, 'link_level': {}, 'path_level': {}}",[],0.0,0.0,True,True,False,0,[],0,0.0,"OrderedDict([((0, 1), 0)])",0.0,0.0,2.0,1.0
47,32,23,6157.0,10864.0,3208030.7896462018,5651114.999290474,0.5667341678939617,0.5676810310972236,48,59,1,568.0,39851.0,6170,33681.0,0.14931752378326213,0.1493837761390039,46,322.0523483119039,568.0,6,7,True,"{2: np.int64(78), 5: np.int64(83), 3: np.int64(32), 4: np.int64(5), 0: np.int64(36), 1: np.int64(43)}","{(1, 5): [(np.int64(43), 0), (0, np.int64(83))], (3, 5): [(np.int64(32), 18), (18, np.int64(83))], (2, 3): [(np.int64(78), 71), (71, 31), (31, np.int64(32))], (1, 2): [(np.int64(43), 16), (16, 27), (27, np.int64(78))], (0, 4): [(np.int64(36), 15), (15, np.int64(5))], (4, 5): [(np.int64(5), 83)], (0, 3): [(np.int64(36), 32)]}","{(2, np.int64(78)): {'cpu': 20}, (5, np.int64(83)): {'cpu': 16}, (3, np.int64(32)): {'cpu': 8}, (4, np.int64(5)): {'cpu': 16}, (0, np.int64(36)): {'cpu': 15}, (1, np.int64(43)): {'cpu': 1}}","{((1, 5), (np.int64(43), 0)): {'bw': 50.0}, ((1, 5), (0, np.int64(83))): {'bw': 50.0}, ((3, 5), (np.int64(32), 18)): {'bw': 47.0}, ((3, 5), (18, np.int64(83))): {'bw': 47.0}, ((2, 3), (np.int64(78), 71)): {'bw': 46.0}, ((2, 3), (71, 31)): {'bw': 46.0}, ((2, 3), (31, np.int64(32))): {'bw': 46.0}, ((1, 2), (np.int64(43), 16)): {'bw': 41.0}, ((1, 2), (16, 27)): {'bw': 41.0}, ((1, 2), (27, np.int64(78))): {'bw': 41.0}, ((0, 4), (np.int64(36), 15)): {'bw': 33.0}, ((0, 4), (15, np.int64(5))): {'bw': 33.0}, ((4, 5), (np.int64(5), 83)): {'bw': 1.0}, ((0, 3), (np.int64(36), 32)): {'bw': 2.0}}",600.0,296.0,296.0,76.0,220.0,76.0,220.0,76.0,524.0,304.0,0.49333333333333335,193231.40898714235,95327.49510032356,158.87915850053926,Success,0.0,"{'node_level': {}, 'link_level': {}, 'path_level': {}}","{'node_level': {2: {'cpu': -40}, 5: {'cpu': -45}, 3: {'cpu': -72}, 4: {'cpu': -31}, 0: {'cpu': -45}, 1: {'cpu': -50}}, 'link_level': {}, 'path_level': {}}","{'node_level': {2: {'cpu': 0}, 5: {'cpu': 0}, 3: {'cpu': 0}, 4: {'cpu': 0}, 0: {'cpu': 0}, 1: {'cpu': 0}}, 'link_level': {}, 'path_level': {}}",[],0.0,0.0,True,True,False,0,[],0,0.0,"OrderedDict([((1, 5), 0), ((3, 5), 0), ((2, 3), 0), ((1, 2), 0), ((0, 4), 0), ((4, 5), 0), ((0, 3), 0)])",0.0,0.0,6.0,7.0
48,33,24,6589.0,11840.0,3345218.3765689316,5961057.325301086,0.5565033783783784,0.5611786959958431,49,60,1,584.0,38875.0,6081,32794.0,0.1615883082862264,0.17178502879078694,47,317.5638586174298,584.0,7,13,True,"{3: np.int64(49), 1: np.int64(72), 5: np.int64(52), 2: np.int64(26), 0: np.int64(98), 6: np.int64(95), 4: np.int64(79)}","{(2, 3): [(np.int64(26), 95), (95, 33), (33, np.int64(49))], (1, 5): [(np.int64(72), 52)], (1, 4): [(np.int64(72), 82), (82, np.int64(79))], (1, 3): [(np.int64(72), 45), (45, 31), (31, np.int64(49))], (0, 2): [(np.int64(98), 91), (91, 89), (89, 72), (72, np.int64(26))], (3, 4): [(np.int64(49), 22), (22, 4), (4, np.int64(79))], (3, 5): [(np.int64(49), 33), (33, 79), (79, np.int64(52))], (1, 6): [(np.int64(72), 13), (13, np.int64(95))], (2, 6): [(np.int64(26), 95)], (0, 5): [(np.int64(98), 4), (4, 79), (79, np.int64(52))], (1, 2): [(np.int64(72), 26)], (3, 6): [(np.int64(49), 76), (76, 28), (28, 26), (26, np.int64(95))], (2, 5): [(np.int64(26), 52)]}","{(3, np.int64(49)): {'cpu': 20, 'nic_slots': 1}, (1, np.int64(72)): {'cpu': 17, 'nic_slots': 1}, (5, np.int64(52)): {'cpu': 16}, (2, np.int64(26)): {'cpu': 7}, (0, np.int64(98)): {'cpu': 15}, (6, np.int64(95)): {'cpu': 12}, (4, np.int64(79)): {'cpu': 2}}","{((2, 3), (np.int64(26), 95)): {'bw': 46.0}, ((2, 3), (95, 33)): {'bw': 46.0}, ((2, 3), (33, np.int64(49))): {'bw': 46.0}, ((1, 5), (np.int64(72), 52)): {'bw': 42.0}, ((1, 4), (np.int64(72), 82)): {'bw': 40.0}, ((1, 4), (82, np.int64(79))): {'bw': 40.0}, ((1, 3), (np.int64(72), 45)): {'bw': 44.0}, ((1, 3), (45, 31)): {'bw': 44.0}, ((1, 3), (31, np.int64(49))): {'bw': 44.0}, ((0, 2), (np.int64(98), 91)): {'bw': 40.0}, ((0, 2), (91, 89)): {'bw': 40.0}, ((0, 2), (89, 72)): {'bw': 40.0}, ((0, 2), (72, np.int64(26))): {'bw': 40.0}, ((3, 4), (np.int64(49), 22)): {'bw': 41.0}, ((3, 4), (22, 4)): {'bw': 41.0}, ((3, 4), (4, np.int64(79))): {'bw': 41.0}, ((3, 5), (np.int64(49), 33)): {'bw': 30.0}, ((3, 5), (33, 79)): {'bw': 30.0}, ((3, 5), (79, np.int64(52))): {'bw': 30.0}, ((1, 6), (np.int64(72), 13)): {'bw': 26.0}, ((1, 6), (13, np.int64(95))): {'bw': 26.0}, ((2, 6), (np.int64(26), 95)): {'bw': 8.0}, ((0, 5), (np.int64(98), 4)): {'bw': 9.0}, ((0, 5), (4, 79)): {'bw': 9.0}, ((0, 5), (79, np.int64(52))): {'bw': 9.0}, ((1, 2), (np.int64(72), 26)): {'bw': 4.0}, ((3, 6), (np.int64(49), 76)): {'bw': 6.0}, ((3, 6), (76, 28)): {'bw': 6.0}, ((3, 6), (28, 26)): {'bw': 6.0}, ((3, 6), (26, np.int64(95))): {'bw': 6.0}, ((2, 5), (np.int64(26), 52)): {'bw': 7.0}}",976.0,432.0,432.0,89.0,343.0,89.0,343.0,89.0,887.0,544.0,0.4426229508196721,309942.3260106115,137187.58692272968,140.56105217492794,Success,0.0,"{'node_level': {}, 'link_level': {}, 'path_level': {}}","{'node_level': {3: {'cpu': -37}, 1: {'cpu': -35}, 5: {'cpu': -64}, 2: {'cpu': -51}, 0: {'cpu': -22}, 6: {'cpu': -57}, 4: {'cpu': -67}}, 'link_level': {}, 'path_level': {}}","{'node_level': {3: {'cpu': 0}, 1: {'cpu': 0}, 5: {'cpu': 0}, 2: {'cpu': 0}, 0: {'cpu': 0}, 6: {'cpu': 0}, 4: {'cpu': 0}}, 'link_level': {}, 'path_level': {}}",[],0.0,0.0,True,True,False,0,[],0,0.0,"OrderedDict([((2, 3), 0), ((1, 5), 0), ((1, 4), 0), ((1, 3), 1), ((0, 2), 0), ((3, 4), 0), ((3, 5), 0), ((1, 6), 0), ((2, 6), 0), ((0, 5), 0), ((1, 2), 0), ((3, 6), 0), ((2, 5), 0)])",0.0,1.0,7.0,13.0
49,34,25,6968.0,12553.0,3583807.121555966,6409906.33631891,0.5550864335218673,0.5591044445142516,50,61,1,595.0,38162.0,5985,32177.0,0.17482421067144627,0.18736741084958075,48,629.5217545832035,595.0,7,9,True,"{1: np.int64(38), 5: np.int64(41), 6: np.int64(75), 4: np.int64(1), 0: np.int64(42), 2: np.int64(29), 3: np.int64(25)}","{(1, 6): [(np.int64(38), 75)], (1, 4): [(np.int64(38), 2), (2, 12), (12, np.int64(1))], (0, 5): [(np.int64(42), 77), (77, 3), (3, np.int64(41))], (1, 3): [(np.int64(38), 43), (43, np.int64(25))], (4, 5): [(np.int64(1), 94), (94, np.int64(41))], (1, 2): [(np.int64(38), 11), (11, np.int64(29))], (2, 6): [(np.int64(29), 90), (90, 44), (44, np.int64(75))], (3, 5): [(np.int64(25), 41)], (0, 3): [(np.int64(42), 45), (45, np.int64(25))]}","{(1, np.int64(38)): {'cpu': 18}, (5, np.int64(41)): {'cpu': 17}, (6, np.int64(75)): {'cpu': 19}, (4, np.int64(1)): {'cpu': 13}, (0, np.int64(42)): {'cpu': 19}, (2, np.int64(29)): {'cpu': 8}, (3, np.int64(25)): {'cpu': 2}}","{((1, 6), (np.int64(38), 75)): {'bw': 47.0}, ((1, 4), (np.int64(38), 2)): {'bw': 49.0}, ((1, 4), (2, 12)): {'bw': 49.0}, ((1, 4), (12, np.int64(1))): {'bw': 49.0}, ((0, 5), (np.int64(42), 77)): {'bw': 41.0}, ((0, 5), (77, 3)): {'bw': 41.0}, ((0, 5), (3, np.int64(41))): {'bw': 41.0}, ((1, 3), (np.int64(38), 43)): {'bw': 41.0}, ((1, 3), (43, np.int64(25))): {'bw': 41.0}, ((4, 5), (np.int64(1), 94)): {'bw': 32.0}, ((4, 5), (94, np.int64(41))): {'bw': 32.0}, ((1, 2), (np.int64(38), 11)): {'bw': 27.0}, ((1, 2), (11, np.int64(29))): {'bw': 27.0}, ((2, 6), (np.int64(29), 90)): {'bw': 23.0}, ((2, 6), (90, 44)): {'bw': 23.0}, ((2, 6), (44, np.int64(75))): {'bw': 23.0}, ((3, 5), (np.int64(25), 41)): {'bw': 15.0}, ((0, 3), (np.int64(42), 45)): {'bw': 8.0}, ((0, 3), (45, np.int64(25))): {'bw': 8.0}}",713.0,379.0,379.0,96.0,283.0,96.0,283.0,96.0,617.0,334.0,0.5315568022440392,448849.01101782406,238588.74498703412,334.6265708093045,Success,0.0,"{'node_level': {}, 'link_level': {}, 'path_level': {}}","{'node_level': {1: {'cpu': -33}, 5: {'cpu': -33}, 6: {'cpu': -40}, 4: {'cpu': -33}, 0: {'cpu': -70}, 2: {'cpu': -57}, 3: {'cpu': -39}}, 'link_level': {}, 'path_level': {}}","{'node_level': {1: {'cpu': 0}, 5: {'cpu': 0}, 6: {'cpu': 0}, 4: {'cpu': 0}, 0: {'cpu': 0}, 2: {'cpu': 0}, 3: {'cpu': 0}}, 'link_level': {}, 'path_level': {}}",[],0.0,0.0,True,True,False,0,[],0,0.0,"OrderedDict([((1, 6), 0), ((1, 4), 0), ((0, 5), 0), ((1, 3), 0), ((4, 5), 0), ((1, 2), 0), ((2, 6), 0), ((3, 5), 0), ((0, 3), 0)])",0.0,0.0,7.0,9.0
49,34,24,6968.0,12553.0,3583807.121555966,6409906.33631891,0.5550864335218673,0.5591044445142516,50,62,0,599.4367577311515,38559.0,6061,32498.0,0.16434578794981392,0.17926053136680475,0,583.4367577311515,16.0,7,8,False,{},{},{},{},0.0,0.0,0.0,0.0,0.0,0.0,0.0,0.0,0.0,0.0,0.0,0.0,0.0,0.0,Leave Event,0.0,"{'node_level': {}, 'link_level': {}, 'path_level': {}}","{'node_level': {}, 'link_level': {}, 'path_level': {}}","{'node_level': {}, 'link_level': {}, 'path_level': {}}",[],0.0,0.0,True,True,False,0,[],0,0.0,,,,,
50,35,25,7398.0,13087.0,3656835.0392216444,6500596.820117683,0.5652938030106213,0.5625383546176369,51,63,1,605.0,38025.0,5971,32054.0,0.1767544464359575,0.19047378523083136,49,169.8323666643692,605.0,8,11,True,"{5: np.int64(18), 7: np.int64(91), 1: np.int64(60), 6: np.int64(46), 0: np.int64(32), 3: np.int64(40), 4: np.int64(5), 2: np.int64(30)}","{(5, 6): [(np.int64(18), 46)], (2, 3): [(np.int64(30), 40)], (2, 7): [(np.int64(30), 91)], (5, 7): [(np.int64(18), 91)], (0, 1): [(np.int64(32), 60)], (1, 6): [(np.int64(60), 46)], (4, 7): [(np.int64(5), 19), (19, np.int64(91))], (0, 3): [(np.int64(32), 60), (60, np.int64(40))], (4, 6): [(np.int64(5), 57), (57, 41), (41, np.int64(46))], (1, 3): [(np.int64(60), 40)], (3, 5): [(np.int64(40), 38), (38, 0), (0, np.int64(18))]}","{(5, np.int64(18)): {'cpu': 18}, (7, np.int64(91)): {'cpu': 13}, (1, np.int64(60)): {'cpu': 16}, (6, np.int64(46)): {'cpu': 12}, (0, np.int64(32)): {'cpu': 19}, (3, np.int64(40)): {'cpu': 5, 'nic_slots': 1}, (4, np.int64(5)): {'cpu': 5}, (2, np.int64(30)): {'cpu': 2, 'nic_slots': 1}}","{((5, 6), (np.int64(18), 46)): {'bw': 48.0}, ((2, 3), (np.int64(30), 40)): {'bw': 44.0}, ((2, 7), (np.int64(30), 91)): {'bw': 42.0}, ((5, 7), (np.int64(18), 91)): {'bw': 45.0}, ((0, 1), (np.int64(32), 60)): {'bw': 35.0}, ((1, 6), (np.int64(60), 46)): {'bw': 37.0}, ((4, 7), (np.int64(5), 19)): {'bw': 32.0}, ((4, 7), (19, np.int64(91))): {'bw': 32.0}, ((0, 3), (np.int64(32), 60)): {'bw': 22.0}, ((0, 3), (60, np.int64(40))): {'bw': 22.0}, ((4, 6), (np.int64(5), 57)): {'bw': 18.0}, ((4, 6), (57, 41)): {'bw': 18.0}, ((4, 6), (41, np.int64(46))): {'bw': 18.0}, ((1, 3), (np.int64(60), 40)): {'bw': 10.0}, ((3, 5), (np.int64(40), 38)): {'bw': 7.0}, ((3, 5), (38, 0)): {'bw': 7.0}, ((3, 5), (0, np.int64(18))): {'bw': 7.0}}",534.0,430.0,430.0,90.0,340.0,90.0,340.0,90.0,444.0,104.0,0.8052434456928839,90690.48379877316,73027.91766567876,136.7564001229939,Success,0.0,"{'node_level': {}, 'link_level': {}, 'path_level': {}}","{'node_level': {5: {'cpu': -12}, 7: {'cpu': -43}, 1: {'cpu': -32}, 6: {'cpu': -58}, 0: {'cpu': -59}, 3: {'cpu': -64}, 4: {'cpu': -41}, 2: {'cpu': -30}}, 'link_level': {}, 'path_level': {}}","{'node_level': {5: {'cpu': 0}, 7: {'cpu': 0}, 1: {'cpu': 0}, 6: {'cpu': 0}, 0: {'cpu': 0}, 3: {'cpu': 0}, 4: {'cpu': 0}, 2: {'cpu': 0}}, 'link_level': {}, 'path_level': {}}",[],0.0,0.0,True,True,False,0,[],0,0.0,"OrderedDict([((5, 6), 0), ((2, 3), 1), ((2, 7), 0), ((5, 7), 0), ((0, 1), 0), ((1, 6), 0), ((4, 7), 0), ((0, 3), 0), ((4, 6), 0), ((1, 3), 0), ((3, 5), 0)])",1.0,1.0,8.0,11.0
50,35,24,7398.0,13087.0,3656835.0392216444,6500596.820117683,0.5652938030106213,0.5625383546176369,51,64,0,605.7052384385845,38157.0,5989,32168.0,0.17427271473872885,0.18759470653601373,37,143.7052384385845,462.0,2,1,False,{},{},{},{},0.0,0.0,0.0,0.0,0.0,0.0,0.0,0.0,0.0,0.0,0.0,0.0,0.0,0.0,Leave Event,0.0,"{'node_level': {}, 'link_level': {}, 'path_level': {}}","{'node_level': {}, 'link_level': {}, 'path_level': {}}","{'node_level': {}, 'link_level': {}, 'path_level': {}}",[],0.0,0.0,True,True,False,0,[],0,0.0,,,,,
50,35,23,7398.0,13087.0,3656835.0392216444,6500596.820117683,0.5652938030106213,0.5625383546176369,51,65,0,607.171900970111,38191.0,6021,32170.0,0.16986074727698885,0.18754419638347308,26,252.17190097011095,355.0,2,1,False,{},{},{},{},0.0,0.0,0.0,0.0,0.0,0.0,0.0,0.0,0.0,0.0,0.0,0.0,0.0,0.0,Leave Event,0.0,"{'node_level': {}, 'link_level': {}, 'path_level': {}}","{'node_level': {}, 'link_level': {}, 'path_level': {}}","{'node_level': {}, 'link_level': {}, 'path_level': {}}",[],0.0,0.0,True,True,False,0,[],0,0.0,,,,,
50,35,22,7398.0,13087.0,3656835.0392216444,6500596.820117683,0.5652938030106213,0.5625383546176369,51,66,0,617.9520750885513,38327.0,6062,32265.0,0.16420791396663448,0.1851449641377917,24,283.95207508855134,334.0,5,5,False,{},{},{},{},0.0,0.0,0.0,0.0,0.0,0.0,0.0,0.0,0.0,0.0,0.0,0.0,0.0,0.0,Leave Event,0.0,"{'node_level': {}, 'link_level': {}, 'path_level': {}}","{'node_level': {}, 'link_level': {}, 'path_level': {}}","{'node_level': {}, 'link_level': {}, 'path_level': {}}",[],0.0,0.0,True,True,False,0,[],0,0.0,,,,,
51,35,22,7398.0,13087.0,3656835.0392216444,6500596.820117683,0.5652938030106213,0.5625383546176369,51,67,1,624.0,38327.0,6062,32265.0,0.16420791396663448,0.1851449641377917,50,241.81784249722122,624.0,10,16,False,"{7: np.int64(10), 1: np.int64(7), 2: np.int64(43), 8: np.int64(77), 6: np.int64(25), 0: np.int64(53)}",{},"{(7, np.int64(10)): {'cpu': 11}, (1, np.int64(7)): {'cpu': 9}, (2, np.int64(43)): {'cpu': 12}, (8, np.int64(77)): {'cpu': 8}, (6, np.int64(25)): {'cpu': 9}, (0, np.int64(53)): {'cpu': 6}}",{},0.0,0.0,570.0,75.0,495.0,0.0,0.0,0.0,0.0,0.0,0.0,0.0,0.0,0.0,Place Failure,0.0,"{'node_level': {}, 'link_level': {}, 'path_level': {}}","{'node_level': {7: {'cpu': -56}, 1: {'cpu': -33}, 2: {'cpu': -57}, 8: {'cpu': -11}, 6: {'cpu': -35}, 0: {'cpu': -52}}, 'link_level': {}, 'path_level': {}}","{'node_level': {7: {'cpu': 0}, 1: {'cpu': 0}, 2: {'cpu': 0}, 8: {'cpu': 0}, 6: {'cpu': 0}, 0: {'cpu': 0}}, 'link_level': {}, 'path_level': {}}",[],0.0,0.0,False,True,False,0,[],0,0.0,,,,6.0,0.0
51,35,21,7398.0,13087.0,3656835.0392216444,6500596.820117683,0.5652938030106213,0.5625383546176369,51,68,0,629.3986951218855,39467.0,6198,33269.0,0.14545705225423966,0.1597888675623801,17,402.39869512188545,227.0,10,18,False,{},{},{},{},0.0,0.0,0.0,0.0,0.0,0.0,0.0,0.0,0.0,0.0,0.0,0.0,0.0,0.0,Leave Event,0.0,"{'node_level': {}, 'link_level': {}, 'path_level': {}}","{'node_level': {}, 'link_level': {}, 'path_level': {}}","{'node_level': {}, 'link_level': {}, 'path_level': {}}",[],0.0,0.0,True,True,False,0,[],0,0.0,,,,,
52,36,22,7765.0,13784.0,3910611.7244252125,6982565.075122824,0.5633343006384214,0.5600537456296352,51,69,1,644.0,38770.0,6133,32637.0,0.15441886116089898,0.17575007576522883,51,691.489605459313,644.0,6,9,True,"{4: np.int64(1), 2: np.int64(36), 5: np.int64(10), 0: np.int64(80), 1: np.int64(60), 3: np.int64(95)}","{(0, 5): [(np.int64(80), 10)], (3, 4): [(np.int64(95), 13), (13, np.int64(1))], (1, 4): [(np.int64(60), 59), (59, 77), (77, np.int64(1))], (4, 5): [(np.int64(1), 77), (77, 85), (85, np.int64(10))], (0, 2): [(np.int64(80), 50), (50, np.int64(36))], (0, 1): [(np.int64(80), 60)], (2, 3): [(np.int64(36), 11), (11, 25), (25, np.int64(95))], (2, 4): [(np.int64(36), 1)], (0, 3): [(np.int64(80), 81), (81, 26), (26, np.int64(95))]}","{(4, np.int64(1)): {'cpu': 14, 'nic_slots': 1}, (2, np.int64(36)): {'cpu': 19}, (5, np.int64(10)): {'cpu': 15, 'nic_slots': 1}, (0, np.int64(80)): {'cpu': 8}, (1, np.int64(60)): {'cpu': 6}, (3, np.int64(95)): {'cpu': 3}}","{((0, 5), (np.int64(80), 10)): {'bw': 45.0}, ((3, 4), (np.int64(95), 13)): {'bw': 45.0}, ((3, 4), (13, np.int64(1))): {'bw': 45.0}, ((1, 4), (np.int64(60), 59)): {'bw': 45.0}, ((1, 4), (59, 77)): {'bw': 45.0}, ((1, 4), (77, np.int64(1))): {'bw': 45.0}, ((4, 5), (np.int64(1), 77)): {'bw': 38.0}, ((4, 5), (77, 85)): {'bw': 38.0}, ((4, 5), (85, np.int64(10))): {'bw': 38.0}, ((0, 2), (np.int64(80), 50)): {'bw': 33.0}, ((0, 2), (50, np.int64(36))): {'bw': 33.0}, ((0, 1), (np.int64(80), 60)): {'bw': 30.0}, ((2, 3), (np.int64(36), 11)): {'bw': 23.0}, ((2, 3), (11, 25)): {'bw': 23.0}, ((2, 3), (25, np.int64(95))): {'bw': 23.0}, ((2, 4), (np.int64(36), 1)): {'bw': 23.0}, ((0, 3), (np.int64(80), 81)): {'bw': 20.0}, ((0, 3), (81, 26)): {'bw': 20.0}, ((0, 3), (26, np.int64(95))): {'bw': 20.0}}",697.0,367.0,367.0,65.0,302.0,65.0,302.0,65.0,632.0,330.0,0.5265423242467718,481968.25500514114,253776.68520356787,364.09854405102993,Success,0.0,"{'node_level': {}, 'link_level': {}, 'path_level': {}}","{'node_level': {4: {'cpu': -47}, 2: {'cpu': -40}, 5: {'cpu': -71}, 0: {'cpu': -40}, 1: {'cpu': -46}, 3: {'cpu': -70}}, 'link_level': {}, 'path_level': {}}","{'node_level': {4: {'cpu': 0}, 2: {'cpu': 0}, 5: {'cpu': 0}, 0: {'cpu': 0}, 1: {'cpu': 0}, 3: {'cpu': 0}}, 'link_level': {}, 'path_level': {}}",[],0.0,0.0,True,True,False,0,[],0,0.0,"OrderedDict([((0, 5), 0), ((3, 4), 0), ((1, 4), 0), ((4, 5), 1), ((0, 2), 0), ((0, 1), 0), ((2, 3), 0), ((2, 4), 0), ((0, 3), 0)])",1.0,1.0,6.0,9.0
53,37,23,7882.0,14018.0,4033897.40890413,7229136.444080659,0.5622770723355686,0.5580054326138988,51,70,1,657.0,38536.0,6097,32439.0,0.1593823245553564,0.18075058086675422,52,1053.723798965108,657.0,3,2,True,"{0: np.int64(10), 1: np.int64(1), 2: np.int64(43)}","{(0, 2): [(np.int64(10), 89), (89, np.int64(43))], (0, 1): [(np.int64(10), 16), (16, 76), (76, np.int64(1))]}","{(0, np.int64(10)): {'cpu': 8}, (1, np.int64(1)): {'cpu': 18}, (2, np.int64(43)): {'cpu': 10}}","{((0, 2), (np.int64(10), 89)): {'bw': 45.0}, ((0, 2), (89, np.int64(43))): {'bw': 45.0}, ((0, 1), (np.int64(10), 16)): {'bw': 36.0}, ((0, 1), (16, 76)): {'bw': 36.0}, ((0, 1), (76, np.int64(1))): {'bw': 36.0}}",234.0,117.0,117.0,36.0,81.0,36.0,81.0,36.0,198.0,117.0,0.5,246571.36895783528,123285.68447891764,526.861899482554,Success,0.0,"{'node_level': {}, 'link_level': {}, 'path_level': {}}","{'node_level': {0: {'cpu': -63}, 1: {'cpu': -29}, 2: {'cpu': -59}}, 'link_level': {}, 'path_level': {}}","{'node_level': {0: {'cpu': 0}, 1: {'cpu': 0}, 2: {'cpu': 0}}, 'link_level': {}, 'path_level': {}}",[],0.0,0.0,True,True,False,0,[],0,0.0,"OrderedDict([((0, 2), 0), ((0, 1), 0)])",2.0,0.0,3.0,2.0
53,37,23,7882.0,14018.0,4033897.40890413,7229136.444080659,0.5622770723355686,0.5580054326138988,51,71,0,661.8694210704186,38536.0,6097,32439.0,0.1593823245553564,0.18075058086675422,38,187.86942107041867,474.0,6,9,False,{},{},{},{},0.0,0.0,0.0,0.0,0.0,0.0,0.0,0.0,0.0,0.0,0.0,0.0,0.0,0.0,Leave Event,0.0,"{'node_level': {}, 'link_level': {}, 'path_level': {}}","{'node_level': {}, 'link_level': {}, 'path_level': {}}","{'node_level': {}, 'link_level': {}, 'path_level': {}}",[],0.0,0.0,True,True,False,0,[],0,0.0,,,,,
53,37,22,7882.0,14018.0,4033897.40890413,7229136.444080659,0.5622770723355686,0.5580054326138988,51,72,0,663.0286210809459,38989.0,6132,32857.0,0.1545567351440783,0.17019395898575618,43,131.0286210809459,532.0,4,4,False,{},{},{},{},0.0,0.0,0.0,0.0,0.0,0.0,0.0,0.0,0.0,0.0,0.0,0.0,0.0,0.0,Leave Event,0.0,"{'node_level': {}, 'link_level': {}, 'path_level': {}}","{'node_level': {}, 'link_level': {}, 'path_level': {}}","{'node_level': {}, 'link_level': {}, 'path_level': {}}",[],0.0,0.0,True,True,False,0,[],0,0.0,,,,,
54,38,23,8135.0,14500.0,4047628.616684643,7255296.294476735,0.5610344827586207,0.5578860534980488,52,73,1,674.0,38507.0,6053,32454.0,0.16544877981524886,0.18037175472269928,53,54.27354853957754,674.0,6,7,True,"{4: np.int64(7), 2: np.int64(53), 1: np.int64(43), 5: np.int64(45), 0: np.int64(72), 3: np.int64(20)}","{(1, 4): [(np.int64(43), 53), (53, 95), (95, np.int64(7))], (0, 5): [(np.int64(72), 69), (69, np.int64(45))], (2, 5): [(np.int64(53), 30), (30, np.int64(45))], (0, 4): [(np.int64(72), 34), (34, 15), (15, np.int64(7))], (0, 3): [(np.int64(72), 20)], (0, 1): [(np.int64(72), 45), (45, 57), (57, np.int64(43))], (1, 2): [(np.int64(43), 53)]}","{(4, np.int64(7)): {'cpu': 20, 'nic_slots': 1}, (2, np.int64(53)): {'cpu': 20}, (1, np.int64(43)): {'cpu': 8, 'nic_slots': 1}, (5, np.int64(45)): {'cpu': 7}, (0, np.int64(72)): {'cpu': 5, 'nic_slots': 2}, (3, np.int64(20)): {'cpu': 19}}","{((1, 4), (np.int64(43), 53)): {'bw': 41.0}, ((1, 4), (53, 95)): {'bw': 41.0}, ((1, 4), (95, np.int64(7))): {'bw': 41.0}, ((0, 5), (np.int64(72), 69)): {'bw': 39.0}, ((0, 5), (69, np.int64(45))): {'bw': 39.0}, ((2, 5), (np.int64(53), 30)): {'bw': 32.0}, ((2, 5), (30, np.int64(45))): {'bw': 32.0}, ((0, 4), (np.int64(72), 34)): {'bw': 24.0}, ((0, 4), (34, 15)): {'bw': 24.0}, ((0, 4), (15, np.int64(7))): {'bw': 24.0}, ((0, 3), (np.int64(72), 20)): {'bw': 12.0}, ((0, 1), (np.int64(72), 45)): {'bw': 14.0}, ((0, 1), (45, 57)): {'bw': 14.0}, ((0, 1), (57, np.int64(43))): {'bw': 14.0}, ((1, 2), (np.int64(43), 53)): {'bw': 12.0}}",482.0,253.0,253.0,79.0,174.0,79.0,174.0,79.0,403.0,229.0,0.524896265560166,26159.850396076374,13731.207780513118,28.487982947122653,Success,0.0,"{'node_level': {}, 'link_level': {}, 'path_level': {}}","{'node_level': {4: {'cpu': -42}, 2: {'cpu': -50}, 1: {'cpu': -53}, 5: {'cpu': -52}, 0: {'cpu': -56}, 3: {'cpu': -66}}, 'link_level': {}, 'path_level': {}}","{'node_level': {4: {'cpu': 0}, 2: {'cpu': 0}, 1: {'cpu': 0}, 5: {'cpu': 0}, 0: {'cpu': 0}, 3: {'cpu': 0}}, 'link_level': {}, 'path_level': {}}",[],0.0,0.0,True,True,False,0,[],0,0.0,"OrderedDict([((1, 4), 0), ((0, 5), 0), ((2, 5), 0), ((0, 4), 1), ((0, 3), 0), ((0, 1), 1), ((1, 2), 0)])",2.0,2.0,6.0,7.0
55,38,23,8135.0,14500.0,4047628.616684643,7255296.294476735,0.5610344827586207,0.5578860534980488,52,74,1,688.0,38507.0,6053,32454.0,0.16544877981524886,0.18037175472269928,54,48.461378858231306,688.0,10,23,False,"{4: np.int64(98), 9: np.int64(7), 6: np.int64(25)}",{},"{(4, np.int64(98)): {'cpu': 17}, (9, np.int64(7)): {'cpu': 15}, (6, np.int64(25)): {'cpu': 9}}",{},0.0,0.0,716.0,90.0,626.0,0.0,0.0,0.0,0.0,0.0,0.0,0.0,0.0,0.0,Place Failure,0.0,"{'node_level': {}, 'link_level': {}, 'path_level': {}}","{'node_level': {4: {'cpu': -13}, 9: {'cpu': -27}, 6: {'cpu': -35}}, 'link_level': {}, 'path_level': {}}","{'node_level': {4: {'cpu': 0}, 9: {'cpu': 0}, 6: {'cpu': 0}}, 'link_level': {}, 'path_level': {}}",[],0.0,0.0,False,True,False,0,[],0,0.0,,,,3.0,0.0
55,38,22,8135.0,14500.0,4047628.616684643,7255296.294476735,0.5610344827586207,0.5578860534980488,52,75,0,695.8903293738089,38650.0,6072,32578.0,0.16282917413484077,0.1772401252651783,13,520.8903293738089,175.0,3,3,False,{},{},{},{},0.0,0.0,0.0,0.0,0.0,0.0,0.0,0.0,0.0,0.0,0.0,0.0,0.0,0.0,Leave Event,0.0,"{'node_level': {}, 'link_level': {}, 'path_level': {}}","{'node_level': {}, 'link_level': {}, 'path_level': {}}","{'node_level': {}, 'link_level': {}, 'path_level': {}}",[],0.0,0.0,True,True,False,0,[],0,0.0,,,,,
55,38,22,8135.0,14500.0,4047628.616684643,7255296.294476735,0.5610344827586207,0.5578860534980488,52,76,0,696.1897028893595,38650.0,6072,32578.0,0.16282917413484077,0.1772401252651783,31,298.1897028893596,398.0,5,5,False,{},{},{},{},0.0,0.0,0.0,0.0,0.0,0.0,0.0,0.0,0.0,0.0,0.0,0.0,0.0,0.0,Leave Event,0.0,"{'node_level': {}, 'link_level': {}, 'path_level': {}}","{'node_level': {}, 'link_level': {}, 'path_level': {}}","{'node_level': {}, 'link_level': {}, 'path_level': {}}",[],0.0,0.0,True,True,False,0,[],0,0.0,,,,,
56,39,23,8249.0,14644.0,4072539.2132624118,7286762.3112065485,0.5633023763998908,0.5588955751993064,52,77,1,700.0,38506.0,6028,32478.0,0.16889562939473324,0.17976563289221137,55,218.5140050681475,700.0,3,2,True,"{1: np.int64(98), 0: np.int64(90), 2: np.int64(7)}","{(0, 1): [(np.int64(90), 98)], (1, 2): [(np.int64(98), 42), (42, np.int64(7))]}","{(1, np.int64(98)): {'cpu': 20}, (0, np.int64(90)): {'cpu': 15}, (2, np.int64(7)): {'cpu': 9}}","{((0, 1), (np.int64(90), 98)): {'bw': 40.0}, ((1, 2), (np.int64(98), 42)): {'bw': 30.0}, ((1, 2), (42, np.int64(7))): {'bw': 30.0}}",144.0,114.0,114.0,44.0,70.0,44.0,70.0,44.0,100.0,30.0,0.7916666666666666,31466.01672981324,24910.596577768814,172.99025401228343,Success,0.0,"{'node_level': {}, 'link_level': {}, 'path_level': {}}","{'node_level': {1: {'cpu': -20}, 0: {'cpu': -63}, 2: {'cpu': -40}}, 'link_level': {}, 'path_level': {}}","{'node_level': {1: {'cpu': 0}, 0: {'cpu': 0}, 2: {'cpu': 0}}, 'link_level': {}, 'path_level': {}}",[],0.0,0.0,True,True,False,0,[],0,0.0,"OrderedDict([((0, 1), 0), ((1, 2), 0)])",1.0,0.0,3.0,2.0
56,39,22,8249.0,14644.0,4072539.2132624118,7286762.3112065485,0.5633023763998908,0.5588955751993064,52,78,0,701.3612458714599,38566.0,6047,32519.0,0.16627602371432515,0.17873017476512776,35,265.3612458714599,436.0,2,1,False,{},{},{},{},0.0,0.0,0.0,0.0,0.0,0.0,0.0,0.0,0.0,0.0,0.0,0.0,0.0,0.0,Leave Event,0.0,"{'node_level': {}, 'link_level': {}, 'path_level': {}}","{'node_level': {}, 'link_level': {}, 'path_level': {}}","{'node_level': {}, 'link_level': {}, 'path_level': {}}",[],0.0,0.0,True,True,False,0,[],0,0.0,,,,,
57,40,23,8338.0,14794.0,4108252.7770304163,7346953.710815544,0.5636068676490469,0.5591777134763494,52,79,1,716.0,38416.0,6019,32397.0,0.17013649524334762,0.1818112940701081,56,401.275997393307,716.0,3,2,True,"{1: np.int64(7), 0: np.int64(5), 2: np.int64(25)}","{(0, 1): [(np.int64(5), 19), (19, np.int64(7))], (1, 2): [(np.int64(7), 95), (95, np.int64(25))]}","{(1, np.int64(7)): {'cpu': 8}, (0, np.int64(5)): {'cpu': 12}, (2, np.int64(25)): {'cpu': 8}}","{((0, 1), (np.int64(5), 19)): {'bw': 39.0}, ((0, 1), (19, np.int64(7))): {'bw': 39.0}, ((1, 2), (np.int64(7), 95)): {'bw': 22.0}, ((1, 2), (95, np.int64(25))): {'bw': 22.0}}",150.0,89.0,89.0,28.0,61.0,28.0,61.0,28.0,122.0,61.0,0.5933333333333334,60191.39960899606,35713.56376800432,238.09042512002884,Success,0.0,"{'node_level': {}, 'link_level': {}, 'path_level': {}}","{'node_level': {1: {'cpu': -32}, 0: {'cpu': -31}, 2: {'cpu': -36}}, 'link_level': {}, 'path_level': {}}","{'node_level': {1: {'cpu': 0}, 0: {'cpu': 0}, 2: {'cpu': 0}}, 'link_level': {}, 'path_level': {}}",[],0.0,0.0,True,True,False,0,[],0,0.0,"OrderedDict([((0, 1), 0), ((1, 2), 0)])",0.0,0.0,3.0,2.0
57,40,22,8338.0,14794.0,4108252.7770304163,7346953.710815544,0.5636068676490469,0.5591777134763494,52,80,0,717.5415178703479,38876.0,6091,32785.0,0.16020956845443268,0.17201232447721992,21,421.54151787034783,296.0,6,9,False,{},{},{},{},0.0,0.0,0.0,0.0,0.0,0.0,0.0,0.0,0.0,0.0,0.0,0.0,0.0,0.0,Leave Event,0.0,"{'node_level': {}, 'link_level': {}, 'path_level': {}}","{'node_level': {}, 'link_level': {}, 'path_level': {}}","{'node_level': {}, 'link_level': {}, 'path_level': {}}",[],0.0,0.0,True,True,False,0,[],0,0.0,,,,,
58,41,23,8853.0,15589.0,4117060.1571895247,7360549.56950776,0.567900442619796,0.5593414076368831,52,81,1,723.0,38081.0,6033,32048.0,0.16820625947883638,0.19062531568845342,57,17.10170904681252,723.0,9,21,True,"{3: np.int64(28), 0: np.int64(50), 6: np.int64(4), 1: np.int64(68), 5: np.int64(10), 8: np.int64(78), 2: np.int64(0), 7: np.int64(91), 4: np.int64(18)}","{(0, 8): [(np.int64(50), 93), (93, 20), (20, np.int64(78))], (1, 8): [(np.int64(68), 78)], (1, 5): [(np.int64(68), 10)], (2, 6): [(np.int64(0), 50), (50, np.int64(4))], (5, 8): [(np.int64(10), 78)], (6, 8): [(np.int64(4), 78)], (1, 3): [(np.int64(68), 28)], (3, 6): [(np.int64(28), 4)], (3, 7): [(np.int64(28), 76), (76, np.int64(91))], (5, 7): [(np.int64(10), 6), (6, np.int64(91))], (2, 3): [(np.int64(0), 26), (26, np.int64(28))], (3, 8): [(np.int64(28), 20), (20, np.int64(78))], (1, 2): [(np.int64(68), 29), (29, np.int64(0))], (3, 4): [(np.int64(28), 8), (8, 2), (2, np.int64(18))], (0, 2): [(np.int64(50), 0)], (7, 8): [(np.int64(91), 76), (76, np.int64(78))], (0, 1): [(np.int64(50), 10), (10, np.int64(68))], (0, 3): [(np.int64(50), 55), (55, np.int64(28))], (2, 4): [(np.int64(0), 18)], (2, 5): [(np.int64(0), 30), (30, 85), (85, np.int64(10))], (1, 7): [(np.int64(68), 82), (82, 51), (51, 6), (6, np.int64(91))]}","{(3, np.int64(28)): {'cpu': 8, 'nic_slots': 1}, (0, np.int64(50)): {'cpu': 17}, (6, np.int64(4)): {'cpu': 9, 'nic_slots': 1}, (1, np.int64(68)): {'cpu': 4}, (5, np.int64(10)): {'cpu': 4}, (8, np.int64(78)): {'cpu': 2}, (2, np.int64(0)): {'cpu': 4}, (7, np.int64(91)): {'cpu': 4}, (4, np.int64(18)): {'cpu': 6}}","{((0, 8), (np.int64(50), 93)): {'bw': 47.0}, ((0, 8), (93, 20)): {'bw': 47.0}, ((0, 8), (20, np.int64(78))): {'bw': 47.0}, ((1, 8), (np.int64(68), 78)): {'bw': 48.0}, ((1, 5), (np.int64(68), 10)): {'bw': 40.0}, ((2, 6), (np.int64(0), 50)): {'bw': 35.0}, ((2, 6), (50, np.int64(4))): {'bw': 35.0}, ((5, 8), (np.int64(10), 78)): {'bw': 36.0}, ((6, 8), (np.int64(4), 78)): {'bw': 34.0}, ((1, 3), (np.int64(68), 28)): {'bw': 33.0}, ((3, 6), (np.int64(28), 4)): {'bw': 31.0}, ((3, 7), (np.int64(28), 76)): {'bw': 22.0}, ((3, 7), (76, np.int64(91))): {'bw': 22.0}, ((5, 7), (np.int64(10), 6)): {'bw': 24.0}, ((5, 7), (6, np.int64(91))): {'bw': 24.0}, ((2, 3), (np.int64(0), 26)): {'bw': 24.0}, ((2, 3), (26, np.int64(28))): {'bw': 24.0}, ((3, 8), (np.int64(28), 20)): {'bw': 18.0}, ((3, 8), (20, np.int64(78))): {'bw': 18.0}, ((1, 2), (np.int64(68), 29)): {'bw': 13.0}, ((1, 2), (29, np.int64(0))): {'bw': 13.0}, ((3, 4), (np.int64(28), 8)): {'bw': 14.0}, ((3, 4), (8, 2)): {'bw': 14.0}, ((3, 4), (2, np.int64(18))): {'bw': 14.0}, ((0, 2), (np.int64(50), 0)): {'bw': 12.0}, ((7, 8), (np.int64(91), 76)): {'bw': 7.0}, ((7, 8), (76, np.int64(78))): {'bw': 7.0}, ((0, 1), (np.int64(50), 10)): {'bw': 4.0}, ((0, 1), (10, np.int64(68))): {'bw': 4.0}, ((0, 3), (np.int64(50), 55)): {'bw': 4.0}, ((0, 3), (55, np.int64(28))): {'bw': 4.0}, ((2, 4), (np.int64(0), 18)): {'bw': 8.0}, ((2, 5), (np.int64(0), 30)): {'bw': 2.0}, ((2, 5), (30, 85)): {'bw': 2.0}, ((2, 5), (85, np.int64(10))): {'bw': 2.0}, ((1, 7), (np.int64(68), 82)): {'bw': 1.0}, ((1, 7), (82, 51)): {'bw': 1.0}, ((1, 7), (51, 6)): {'bw': 1.0}, ((1, 7), (6, np.int64(91))): {'bw': 1.0}}",795.0,515.0,515.0,58.0,457.0,58.0,457.0,58.0,737.0,280.0,0.6477987421383647,13595.858692215954,8807.380159108448,11.078465608941443,Success,0.0,"{'node_level': {}, 'link_level': {}, 'path_level': {}}","{'node_level': {3: {'cpu': -50}, 0: {'cpu': -68}, 6: {'cpu': -31}, 1: {'cpu': -47}, 5: {'cpu': -59}, 8: {'cpu': -38}, 2: {'cpu': -75}, 7: {'cpu': -50}, 4: {'cpu': -14}}, 'link_level': {}, 'path_level': {}}","{'node_level': {3: {'cpu': 0}, 0: {'cpu': 0}, 6: {'cpu': 0}, 1: {'cpu': 0}, 5: {'cpu': 0}, 8: {'cpu': 0}, 2: {'cpu': 0}, 7: {'cpu': 0}, 4: {'cpu': 0}}, 'link_level': {}, 'path_level': {}}",[],0.0,0.0,True,True,False,0,[],0,0.0,"OrderedDict([((0, 8), 0), ((1, 8), 0), ((1, 5), 0), ((2, 6), 0), ((5, 8), 0), ((6, 8), 0), ((1, 3), 0), ((3, 6), 1), ((3, 7), 0), ((5, 7), 0), ((2, 3), 0), ((3, 8), 0), ((1, 2), 0), ((3, 4), 0), ((0, 2), 0), ((7, 8), 0), ((0, 1), 0), ((0, 3), 0), ((2, 4), 0), ((2, 5), 0), ((1, 7), 0)])",2.0,1.0,9.0,21.0
58,41,22,8853.0,15589.0,4117060.1571895247,7360549.56950776,0.567900442619796,0.5593414076368831,52,82,0,728.2735485395775,38563.0,6112,32451.0,0.15731421480766583,0.1804475199515102,53,54.27354853957754,674.0,6,7,False,{},{},{},{},0.0,0.0,0.0,0.0,0.0,0.0,0.0,0.0,0.0,0.0,0.0,0.0,0.0,0.0,Leave Event,0.0,"{'node_level': {}, 'link_level': {}, 'path_level': {}}","{'node_level': {}, 'link_level': {}, 'path_level': {}}","{'node_level': {}, 'link_level': {}, 'path_level': {}}",[],0.0,0.0,True,True,False,0,[],0,0.0,,,,,
59,42,23,9038.0,15906.0,4438269.686849435,7910946.439249336,0.5682132528605558,0.5610289136618879,53,83,1,736.0,38246.0,6054,32192.0,0.16531090583206953,0.18698858470552582,58,1736.267727891407,736.0,5,6,True,"{2: np.int64(7), 3: np.int64(54), 1: np.int64(53), 0: np.int64(43), 4: np.int64(45)}","{(0, 2): [(np.int64(43), 53), (53, 95), (95, np.int64(7))], (0, 3): [(np.int64(43), 73), (73, np.int64(54))], (0, 4): [(np.int64(43), 57), (57, np.int64(45))], (0, 1): [(np.int64(43), 53)], (2, 3): [(np.int64(7), 54)], (1, 4): [(np.int64(53), 30), (30, np.int64(45))]}","{(2, np.int64(7)): {'cpu': 20}, (3, np.int64(54)): {'cpu': 14}, (1, np.int64(53)): {'cpu': 13}, (0, np.int64(43)): {'cpu': 3, 'nic_slots': 1}, (4, np.int64(45)): {'cpu': 8, 'nic_slots': 1}}","{((0, 2), (np.int64(43), 53)): {'bw': 36.0}, ((0, 2), (53, 95)): {'bw': 36.0}, ((0, 2), (95, np.int64(7))): {'bw': 36.0}, ((0, 3), (np.int64(43), 73)): {'bw': 30.0}, ((0, 3), (73, np.int64(54))): {'bw': 30.0}, ((0, 4), (np.int64(43), 57)): {'bw': 21.0}, ((0, 4), (57, np.int64(45))): {'bw': 21.0}, ((0, 1), (np.int64(43), 53)): {'bw': 20.0}, ((2, 3), (np.int64(7), 54)): {'bw': 11.0}, ((1, 4), (np.int64(53), 30)): {'bw': 9.0}, ((1, 4), (30, np.int64(45))): {'bw': 9.0}}",317.0,185.0,185.0,58.0,127.0,58.0,127.0,58.0,259.0,132.0,0.583596214511041,550396.869741576,321209.5296599103,1013.2792733751114,Success,0.0,"{'node_level': {}, 'link_level': {}, 'path_level': {}}","{'node_level': {2: {'cpu': -32}, 3: {'cpu': -70}, 1: {'cpu': -57}, 0: {'cpu': -58}, 4: {'cpu': -51}}, 'link_level': {}, 'path_level': {}}","{'node_level': {2: {'cpu': 0}, 3: {'cpu': 0}, 1: {'cpu': 0}, 0: {'cpu': 0}, 4: {'cpu': 0}}, 'link_level': {}, 'path_level': {}}",[],0.0,0.0,True,True,False,0,[],0,0.0,"OrderedDict([((0, 2), 0), ((0, 3), 0), ((0, 4), 1), ((0, 1), 0), ((2, 3), 0), ((1, 4), 0)])",1.0,1.0,5.0,6.0
59,42,23,9038.0,15906.0,4438269.686849435,7910946.439249336,0.5682132528605558,0.5610289136618879,53,84,0,736.4613788582313,38246.0,6054,32192.0,0.16531090583206953,0.18698858470552582,54,48.461378858231306,688.0,10,23,False,{},{},{},{},0.0,0.0,0.0,0.0,0.0,0.0,0.0,0.0,0.0,0.0,0.0,0.0,0.0,0.0,Leave Event,0.0,"{'node_level': {}, 'link_level': {}, 'path_level': {}}","{'node_level': {}, 'link_level': {}, 'path_level': {}}","{'node_level': {}, 'link_level': {}, 'path_level': {}}",[],0.0,0.0,True,True,False,0,[],0,0.0,,,,,
59,42,22,9038.0,15906.0,4438269.686849435,7910946.439249336,0.5682132528605558,0.5610289136618879,53,85,0,740.1017090468125,39041.0,6112,32929.0,0.15731421480766583,0.16837559349429232,57,17.10170904681252,723.0,9,21,False,{},{},{},{},0.0,0.0,0.0,0.0,0.0,0.0,0.0,0.0,0.0,0.0,0.0,0.0,0.0,0.0,Leave Event,0.0,"{'node_level': {}, 'link_level': {}, 'path_level': {}}","{'node_level': {}, 'link_level': {}, 'path_level': {}}","{'node_level': {}, 'link_level': {}, 'path_level': {}}",[],0.0,0.0,True,True,False,0,[],0,0.0,,,,,
60,43,23,9521.0,16968.0,4531761.603259216,8116512.516324259,0.5611150400754361,0.5583385221355543,53,86,1,748.0,37979.0,6031,31948.0,0.16848200744519504,0.1931508233154864,59,193.5650443266699,748.0,8,15,True,"{7: np.int64(28), 0: np.int64(20), 3: np.int64(68), 6: np.int64(50), 5: np.int64(4), 1: np.int64(91), 4: np.int64(18), 2: np.int64(72)}","{(2, 6): [(np.int64(72), 20), (20, 93), (93, np.int64(50))], (1, 3): [(np.int64(91), 6), (6, 51), (51, 82), (82, np.int64(68))], (1, 5): [(np.int64(91), 76), (76, 78), (78, np.int64(4))], (2, 7): [(np.int64(72), 20), (20, np.int64(28))], (0, 1): [(np.int64(20), 56), (56, 80), (80, np.int64(91))], (0, 2): [(np.int64(20), 67), (67, np.int64(72))], (1, 7): [(np.int64(91), 39), (39, 8), (8, np.int64(28))], (3, 4): [(np.int64(68), 29), (29, np.int64(18))], (3, 7): [(np.int64(68), 28)], (5, 6): [(np.int64(4), 50)], (0, 3): [(np.int64(20), 28), (28, np.int64(68))], (3, 5): [(np.int64(68), 4)], (0, 7): [(np.int64(20), 28)], (4, 5): [(np.int64(18), 29), (29, 68), (68, np.int64(4))], (2, 3): [(np.int64(72), 82), (82, np.int64(68))]}","{(7, np.int64(28)): {'cpu': 20}, (0, np.int64(20)): {'cpu': 16}, (3, np.int64(68)): {'cpu': 9, 'nic_slots': 1}, (6, np.int64(50)): {'cpu': 12}, (5, np.int64(4)): {'cpu': 8, 'nic_slots': 1}, (1, np.int64(91)): {'cpu': 2}, (4, np.int64(18)): {'cpu': 12}, (2, np.int64(72)): {'cpu': 2}}","{((2, 6), (np.int64(72), 20)): {'bw': 49.0}, ((2, 6), (20, 93)): {'bw': 49.0}, ((2, 6), (93, np.int64(50))): {'bw': 49.0}, ((1, 3), (np.int64(91), 6)): {'bw': 46.0}, ((1, 3), (6, 51)): {'bw': 46.0}, ((1, 3), (51, 82)): {'bw': 46.0}, ((1, 3), (82, np.int64(68))): {'bw': 46.0}, ((1, 5), (np.int64(91), 76)): {'bw': 41.0}, ((1, 5), (76, 78)): {'bw': 41.0}, ((1, 5), (78, np.int64(4))): {'bw': 41.0}, ((2, 7), (np.int64(72), 20)): {'bw': 43.0}, ((2, 7), (20, np.int64(28))): {'bw': 43.0}, ((0, 1), (np.int64(20), 56)): {'bw': 38.0}, ((0, 1), (56, 80)): {'bw': 38.0}, ((0, 1), (80, np.int64(91))): {'bw': 38.0}, ((0, 2), (np.int64(20), 67)): {'bw': 31.0}, ((0, 2), (67, np.int64(72))): {'bw': 31.0}, ((1, 7), (np.int64(91), 39)): {'bw': 30.0}, ((1, 7), (39, 8)): {'bw': 30.0}, ((1, 7), (8, np.int64(28))): {'bw': 30.0}, ((3, 4), (np.int64(68), 29)): {'bw': 21.0}, ((3, 4), (29, np.int64(18))): {'bw': 21.0}, ((3, 7), (np.int64(68), 28)): {'bw': 22.0}, ((5, 6), (np.int64(4), 50)): {'bw': 21.0}, ((0, 3), (np.int64(20), 28)): {'bw': 19.0}, ((0, 3), (28, np.int64(68))): {'bw': 19.0}, ((3, 5), (np.int64(68), 4)): {'bw': 17.0}, ((0, 7), (np.int64(20), 28)): {'bw': 16.0}, ((4, 5), (np.int64(18), 29)): {'bw': 3.0}, ((4, 5), (29, 68)): {'bw': 3.0}, ((4, 5), (68, np.int64(4))): {'bw': 3.0}, ((2, 3), (np.int64(72), 82)): {'bw': 5.0}, ((2, 3), (82, np.int64(68))): {'bw': 5.0}}",1062.0,483.0,483.0,81.0,402.0,81.0,402.0,81.0,981.0,579.0,0.4548022598870056,205566.07707492344,93491.91640978155,88.03381959489788,Success,0.0,"{'node_level': {}, 'link_level': {}, 'path_level': {}}","{'node_level': {7: {'cpu': -38}, 0: {'cpu': -80}, 3: {'cpu': -42}, 6: {'cpu': -73}, 5: {'cpu': -32}, 1: {'cpu': -52}, 4: {'cpu': -8}, 2: {'cpu': -59}}, 'link_level': {}, 'path_level': {}}","{'node_level': {7: {'cpu': 0}, 0: {'cpu': 0}, 3: {'cpu': 0}, 6: {'cpu': 0}, 5: {'cpu': 0}, 1: {'cpu': 0}, 4: {'cpu': 0}, 2: {'cpu': 0}}, 'link_level': {}, 'path_level': {}}",[],0.0,0.0,True,True,False,0,[],0,0.0,"OrderedDict([((2, 6), 0), ((1, 3), 0), ((1, 5), 0), ((2, 7), 0), ((0, 1), 0), ((0, 2), 0), ((1, 7), 0), ((3, 4), 0), ((3, 7), 0), ((5, 6), 0), ((0, 3), 0), ((3, 5), 1), ((0, 7), 0), ((4, 5), 0), ((2, 3), 0)])",3.0,1.0,8.0,15.0
61,43,23,9521.0,16968.0,4531761.603259216,8116512.516324259,0.5611150400754361,0.5583385221355543,53,87,1,761.0,37979.0,6031,31948.0,0.16848200744519504,0.1931508233154864,60,125.04074908684987,761.0,9,20,False,"{6: np.int64(0), 5: np.int64(60), 7: np.int64(32), 2: np.int64(59), 0: np.int64(81), 4: np.int64(11), 8: np.int64(9), 3: np.int64(45), 1: np.int64(10)}","{(0, 2): [(np.int64(81), 59)], (6, 8): [(np.int64(0), 49), (49, np.int64(9))], (2, 6): [(np.int64(59), 90), (90, np.int64(0))], (4, 5): [(np.int64(11), 75), (75, np.int64(60))], (0, 7): [(np.int64(81), 25), (25, np.int64(32))], (2, 5): [(np.int64(59), 60)], (0, 5): [(np.int64(81), 60)], (1, 2): [(np.int64(10), 68), (68, np.int64(59))], (5, 8): [(np.int64(60), 40), (40, np.int64(9))]}","{(6, np.int64(0)): {'cpu': 19}, (5, np.int64(60)): {'cpu': 8}, (7, np.int64(32)): {'cpu': 18}, (2, np.int64(59)): {'cpu': 9, 'nic_slots': 1}, (0, np.int64(81)): {'cpu': 10, 'nic_slots': 1}, (4, np.int64(11)): {'cpu': 20}, (8, np.int64(9)): {'cpu': 11}, (3, np.int64(45)): {'cpu': 9}, (1, np.int64(10)): {'cpu': 2}}","{((0, 2), (np.int64(81), 59)): {'bw': 44.0}, ((6, 8), (np.int64(0), 49)): {'bw': 42.0}, ((6, 8), (49, np.int64(9))): {'bw': 42.0}, ((2, 6), (np.int64(59), 90)): {'bw': 41.0}, ((2, 6), (90, np.int64(0))): {'bw': 41.0}, ((4, 5), (np.int64(11), 75)): {'bw': 41.0}, ((4, 5), (75, np.int64(60))): {'bw': 41.0}, ((0, 7), (np.int64(81), 25)): {'bw': 39.0}, ((0, 7), (25, np.int64(32))): {'bw': 39.0}, ((2, 5), (np.int64(59), 60)): {'bw': 41.0}, ((0, 5), (np.int64(81), 60)): {'bw': 34.0}, ((1, 2), (np.int64(10), 68)): {'bw': 30.0}, ((1, 2), (68, np.int64(59))): {'bw': 30.0}, ((5, 8), (np.int64(60), 40)): {'bw': 23.0}, ((5, 8), (40, np.int64(9))): {'bw': 23.0}}",0.0,0.0,565.0,106.0,459.0,0.0,0.0,0.0,0.0,0.0,0.0,0.0,0.0,0.0,Route Failure,0.0,"{'node_level': {}, 'link_level': {}, 'path_level': {}}","{'node_level': {6: {'cpu': -60}, 5: {'cpu': -38}, 7: {'cpu': -46}, 2: {'cpu': -79}, 0: {'cpu': -82}, 4: {'cpu': -53}, 8: {'cpu': -76}, 3: {'cpu': -42}, 1: {'cpu': -61}}, 'link_level': {}, 'path_level': {}}","{'node_level': {6: {'cpu': 0}, 5: {'cpu': 0}, 7: {'cpu': 0}, 2: {'cpu': 0}, 0: {'cpu': 0}, 4: {'cpu': 0}, 8: {'cpu': 0}, 3: {'cpu': 0}, 1: {'cpu': 0}}, 'link_level': {}, 'path_level': {}}",[],0.0,0.0,True,False,False,0,[],0,0.0,"OrderedDict([((0, 2), 1), ((6, 8), 0), ((2, 6), 0), ((4, 5), 0), ((0, 7), 0), ((2, 5), 0), ((0, 5), 0), ((1, 2), 0), ((5, 8), 0)])",2.0,1.0,9.0,9.0
61,43,22,9521.0,16968.0,4531761.603259216,8116512.516324259,0.5611150400754361,0.5583385221355543,53,88,0,774.8323666643691,38513.0,6121,32392.0,0.15607334895905145,0.18193756945145978,49,169.8323666643692,605.0,8,11,False,{},{},{},{},0.0,0.0,0.0,0.0,0.0,0.0,0.0,0.0,0.0,0.0,0.0,0.0,0.0,0.0,Leave Event,0.0,"{'node_level': {}, 'link_level': {}, 'path_level': {}}","{'node_level': {}, 'link_level': {}, 'path_level': {}}","{'node_level': {}, 'link_level': {}, 'path_level': {}}",[],0.0,0.0,True,True,False,0,[],0,0.0,,,,,
62,44,23,9636.0,17131.0,4540518.486847947,8128924.446976114,0.5624890549296597,0.5585632535355866,53,89,1,778.0,38350.0,6086,32264.0,0.16089893837032954,0.18517021921406207,61,76.1468138150583,778.0,4,3,True,"{2: np.int64(60), 0: np.int64(32), 1: np.int64(18), 3: np.int64(91)}","{(1, 2): [(np.int64(18), 46), (46, np.int64(60))], (0, 1): [(np.int64(32), 18)], (1, 3): [(np.int64(18), 91)]}","{(2, np.int64(60)): {'cpu': 15}, (0, np.int64(32)): {'cpu': 15}, (1, np.int64(18)): {'cpu': 1}, (3, np.int64(91)): {'cpu': 4}}","{((1, 2), (np.int64(18), 46)): {'bw': 48.0}, ((1, 2), (46, np.int64(60))): {'bw': 48.0}, ((0, 1), (np.int64(32), 18)): {'bw': 23.0}, ((1, 3), (np.int64(18), 91)): {'bw': 9.0}}",163.0,115.0,115.0,35.0,80.0,35.0,80.0,35.0,128.0,48.0,0.7055214723926381,12411.930651854502,8756.883588731704,53.723212200808,Success,0.0,"{'node_level': {}, 'link_level': {}, 'path_level': {}}","{'node_level': {2: {'cpu': -47}, 0: {'cpu': -68}, 1: {'cpu': -25}, 3: {'cpu': -61}}, 'link_level': {}, 'path_level': {}}","{'node_level': {2: {'cpu': 0}, 0: {'cpu': 0}, 1: {'cpu': 0}, 3: {'cpu': 0}}, 'link_level': {}, 'path_level': {}}",[],0.0,0.0,True,True,False,0,[],0,0.0,"OrderedDict([((1, 2), 0), ((0, 1), 0), ((1, 3), 0)])",0.0,0.0,4.0,3.0
63,45,24,9698.0,17226.0,4543690.425923949,8133784.676205472,0.5629861836758389,0.5586194627472787,53,90,1,794.0,38255.0,6057,32198.0,0.16489728388253133,0.18683705424790387,62,51.16030767745007,794.0,2,1,True,"{1: np.int64(60), 0: np.int64(91)}","{(0, 1): [(np.int64(91), 54), (54, np.int64(60))]}","{(1, np.int64(60)): {'cpu': 16}, (0, np.int64(91)): {'cpu': 13}}","{((0, 1), (np.int64(91), 54)): {'bw': 33.0}, ((0, 1), (54, np.int64(60))): {'bw': 33.0}}",95.0,62.0,62.0,29.0,33.0,29.0,33.0,29.0,66.0,33.0,0.6526315789473685,4860.229229357757,3171.9390760019046,33.388832378967415,Success,0.0,"{'node_level': {}, 'link_level': {}, 'path_level': {}}","{'node_level': {1: {'cpu': -31}, 0: {'cpu': -48}}, 'link_level': {}, 'path_level': {}}","{'node_level': {1: {'cpu': 0}, 0: {'cpu': 0}}, 'link_level': {}, 'path_level': {}}",[],0.0,0.0,True,True,False,0,[],0,0.0,"OrderedDict([((0, 1), 0)])",0.0,0.0,2.0,1.0
63,45,23,9698.0,17226.0,4543690.425923949,8133784.676205472,0.5629861836758389,0.5586194627472787,53,91,0,795.155400200748,38297.0,6089,32208.0,0.16048531642079145,0.1865845034852005,44,251.155400200748,544.0,2,1,False,{},{},{},{},0.0,0.0,0.0,0.0,0.0,0.0,0.0,0.0,0.0,0.0,0.0,0.0,0.0,0.0,Leave Event,0.0,"{'node_level': {}, 'link_level': {}, 'path_level': {}}","{'node_level': {}, 'link_level': {}, 'path_level': {}}","{'node_level': {}, 'link_level': {}, 'path_level': {}}",[],0.0,0.0,True,True,False,0,[],0,0.0,,,,,
64,46,24,9884.0,17568.0,4928506.768309002,8841350.208977988,0.5626138433515483,0.557438247758168,53,92,1,801.0,37955.0,6053,31902.0,0.16544877981524886,0.19431255682392157,63,2068.905066586304,801.0,5,5,True,"{0: np.int64(69), 1: np.int64(18), 3: np.int64(0), 4: np.int64(79), 2: np.int64(30)}","{(0, 1): [(np.int64(69), 12), (12, 37), (37, np.int64(18))], (0, 4): [(np.int64(69), 79)], (0, 2): [(np.int64(69), 91), (91, np.int64(30))], (0, 3): [(np.int64(69), 45), (45, 38), (38, np.int64(0))], (1, 3): [(np.int64(18), 0)]}","{(0, np.int64(69)): {'cpu': 5}, (1, np.int64(18)): {'cpu': 7}, (3, np.int64(0)): {'cpu': 14}, (4, np.int64(79)): {'cpu': 7}, (2, np.int64(30)): {'cpu': 3}}","{((0, 1), (np.int64(69), 12)): {'bw': 48.0}, ((0, 1), (12, 37)): {'bw': 48.0}, ((0, 1), (37, np.int64(18))): {'bw': 48.0}, ((0, 4), (np.int64(69), 79)): {'bw': 49.0}, ((0, 2), (np.int64(69), 91)): {'bw': 26.0}, ((0, 2), (91, np.int64(30))): {'bw': 26.0}, ((0, 3), (np.int64(69), 45)): {'bw': 17.0}, ((0, 3), (45, 38)): {'bw': 17.0}, ((0, 3), (38, np.int64(0))): {'bw': 17.0}, ((1, 3), (np.int64(18), 0)): {'bw': 10.0}}",342.0,186.0,186.0,36.0,150.0,36.0,150.0,36.0,306.0,156.0,0.543859649122807,707565.532772516,384816.3423850526,1125.193983582025,Success,0.0,"{'node_level': {}, 'link_level': {}, 'path_level': {}}","{'node_level': {0: {'cpu': -84}, 1: {'cpu': -18}, 3: {'cpu': -65}, 4: {'cpu': -76}, 2: {'cpu': -29}}, 'link_level': {}, 'path_level': {}}","{'node_level': {0: {'cpu': 0}, 1: {'cpu': 0}, 3: {'cpu': 0}, 4: {'cpu': 0}, 2: {'cpu': 0}}, 'link_level': {}, 'path_level': {}}",[],0.0,0.0,True,True,False,0,[],0,0.0,"OrderedDict([((0, 1), 0), ((0, 4), 0), ((0, 2), 0), ((0, 3), 0), ((1, 3), 0)])",0.0,0.0,5.0,5.0
65,46,24,9884.0,17568.0,4928506.768309002,8841350.208977988,0.5626138433515483,0.557438247758168,53,93,1,815.0,37955.0,6053,31902.0,0.16544877981524886,0.19431255682392157,64,150.78295595034774,815.0,7,12,False,"{0: np.int64(32), 5: np.int64(11), 3: np.int64(25), 6: np.int64(9), 2: np.int64(59), 4: np.int64(99), 1: np.int64(81)}","{(2, 6): [(np.int64(59), 81), (81, np.int64(9))]}","{(0, np.int64(32)): {'cpu': 14}, (5, np.int64(11)): {'cpu': 8}, (3, np.int64(25)): {'cpu': 18}, (6, np.int64(9)): {'cpu': 9}, (2, np.int64(59)): {'cpu': 5}, (4, np.int64(99)): {'cpu': 16}, (1, np.int64(81)): {'cpu': 6}}","{((2, 6), (np.int64(59), 81)): {'bw': 40.0}, ((2, 6), (81, np.int64(9))): {'bw': 40.0}}",0.0,0.0,393.0,76.0,317.0,0.0,0.0,0.0,0.0,0.0,0.0,0.0,0.0,0.0,Route Failure,0.0,"{'node_level': {}, 'link_level': {}, 'path_level': {}}","{'node_level': {0: {'cpu': -54}, 5: {'cpu': -65}, 3: {'cpu': -18}, 6: {'cpu': -78}, 2: {'cpu': -83}, 4: {'cpu': -55}, 1: {'cpu': -86}}, 'link_level': {}, 'path_level': {}}","{'node_level': {0: {'cpu': 0}, 5: {'cpu': 0}, 3: {'cpu': 0}, 6: {'cpu': 0}, 2: {'cpu': 0}, 4: {'cpu': 0}, 1: {'cpu': 0}}, 'link_level': {}, 'path_level': {}}",[],0.0,0.0,True,False,False,0,[],0,0.0,"OrderedDict([((2, 6), 0)])",0.0,0.0,7.0,1.0
66,47,25,10094.0,17907.0,5009364.839486726,8971878.238164885,0.5636901770257441,0.5583407070971735,54,94,1,821.0,37616.0,5980,31636.0,0.17551358058734312,0.2010304071118295,65,385.03843417963935,821.0,6,6,True,"{4: np.int64(32), 3: np.int64(11), 1: np.int64(9), 5: np.int64(59), 0: np.int64(81), 2: np.int64(30)}","{(0, 2): [(np.int64(81), 53), (53, np.int64(30))], (3, 4): [(np.int64(11), 25), (25, np.int64(32))], (4, 5): [(np.int64(32), 60), (60, np.int64(59))], (1, 4): [(np.int64(9), 49), (49, np.int64(32))], (0, 5): [(np.int64(81), 59)], (0, 1): [(np.int64(81), 9)]}","{(4, np.int64(32)): {'cpu': 20}, (3, np.int64(11)): {'cpu': 15}, (1, np.int64(9)): {'cpu': 18}, (5, np.int64(59)): {'cpu': 9, 'nic_slots': 1}, (0, np.int64(81)): {'cpu': 5, 'nic_slots': 1}, (2, np.int64(30)): {'cpu': 6}}","{((0, 2), (np.int64(81), 53)): {'bw': 38.0}, ((0, 2), (53, np.int64(30))): {'bw': 38.0}, ((3, 4), (np.int64(11), 25)): {'bw': 39.0}, ((3, 4), (25, np.int64(32))): {'bw': 39.0}, ((4, 5), (np.int64(32), 60)): {'bw': 31.0}, ((4, 5), (60, np.int64(59))): {'bw': 31.0}, ((1, 4), (np.int64(9), 49)): {'bw': 21.0}, ((1, 4), (49, np.int64(32))): {'bw': 21.0}, ((0, 5), (np.int64(81), 59)): {'bw': 4.0}, ((0, 1), (np.int64(81), 9)): {'bw': 4.0}}",339.0,210.0,210.0,73.0,137.0,73.0,137.0,73.0,266.0,129.0,0.6194690265486725,130528.02918689774,80858.07117772427,238.51938400508632,Success,0.0,"{'node_level': {}, 'link_level': {}, 'path_level': {}}","{'node_level': {4: {'cpu': -48}, 3: {'cpu': -58}, 1: {'cpu': -69}, 5: {'cpu': -79}, 0: {'cpu': -87}, 2: {'cpu': -23}}, 'link_level': {}, 'path_level': {}}","{'node_level': {4: {'cpu': 0}, 3: {'cpu': 0}, 1: {'cpu': 0}, 5: {'cpu': 0}, 0: {'cpu': 0}, 2: {'cpu': 0}}, 'link_level': {}, 'path_level': {}}",[],0.0,0.0,True,True,False,0,[],0,0.0,"OrderedDict([((0, 2), 0), ((3, 4), 0), ((4, 5), 0), ((1, 4), 0), ((0, 5), 1), ((0, 1), 0)])",2.0,1.0,6.0,6.0
67,47,25,10094.0,17907.0,5009364.839486726,8971878.238164885,0.5636901770257441,0.5583407070971735,54,95,1,839.0,37616.0,5980,31636.0,0.17551358058734312,0.2010304071118295,66,297.0367475186629,839.0,6,10,False,"{4: np.int64(5), 3: np.int64(10), 2: np.int64(34), 1: np.int64(46), 5: np.int64(90)}",{},"{(4, np.int64(5)): {'cpu': 16}, (3, np.int64(10)): {'cpu': 13}, (2, np.int64(34)): {'cpu': 11}, (1, np.int64(46)): {'cpu': 18}, (5, np.int64(90)): {'cpu': 3}}",{},0.0,0.0,295.0,63.0,232.0,0.0,0.0,0.0,0.0,0.0,0.0,0.0,0.0,0.0,Place Failure,0.0,"{'node_level': {}, 'link_level': {}, 'path_level': {}}","{'node_level': {4: {'cpu': -20}, 3: {'cpu': -50}, 2: {'cpu': -48}, 1: {'cpu': -52}, 5: {'cpu': -60}}, 'link_level': {}, 'path_level': {}}","{'node_level': {4: {'cpu': 0}, 3: {'cpu': 0}, 2: {'cpu': 0}, 1: {'cpu': 0}, 5: {'cpu': 0}}, 'link_level': {}, 'path_level': {}}",[],0.0,0.0,False,True,False,0,[],0,0.0,,,,5.0,0.0
67,47,24,10094.0,17907.0,5009364.839486726,8971878.238164885,0.5636901770257441,0.5583407070971735,54,96,0,845.1603076774501,37711.0,6009,31702.0,0.17151523507514133,0.19936357207798772,62,51.16030767745007,794.0,2,1,False,{},{},{},{},0.0,0.0,0.0,0.0,0.0,0.0,0.0,0.0,0.0,0.0,0.0,0.0,0.0,0.0,Leave Event,0.0,"{'node_level': {}, 'link_level': {}, 'path_level': {}}","{'node_level': {}, 'link_level': {}, 'path_level': {}}","{'node_level': {}, 'link_level': {}, 'path_level': {}}",[],0.0,0.0,True,True,False,0,[],0,0.0,,,,,
68,48,25,10487.0,18550.0,5029974.121118301,9005597.749841992,0.5653369272237196,0.5585386179619842,54,97,1,854.0,37068.0,5901,31167.0,0.18640562525851367,0.21287503788261442,67,52.44092018212503,854.0,8,9,True,"{5: np.int64(91), 2: np.int64(60), 4: np.int64(5), 6: np.int64(10), 1: np.int64(34), 0: np.int64(46), 7: np.int64(64), 3: np.int64(69)}","{(2, 5): [(np.int64(60), 54), (54, np.int64(91))], (0, 7): [(np.int64(46), 72), (72, np.int64(64))], (1, 2): [(np.int64(34), 60)], (0, 6): [(np.int64(46), 41), (41, np.int64(10))], (1, 5): [(np.int64(34), 91)], (2, 4): [(np.int64(60), 75), (75, 44), (44, np.int64(5))], (4, 6): [(np.int64(5), 85), (85, 3), (3, np.int64(10))], (3, 4): [(np.int64(69), 79), (79, np.int64(5))], (3, 7): [(np.int64(69), 64)]}","{(5, np.int64(91)): {'cpu': 19}, (2, np.int64(60)): {'cpu': 12}, (4, np.int64(5)): {'cpu': 20}, (6, np.int64(10)): {'cpu': 17}, (1, np.int64(34)): {'cpu': 7}, (0, np.int64(46)): {'cpu': 6}, (7, np.int64(64)): {'cpu': 10}, (3, np.int64(69)): {'cpu': 17}}","{((2, 5), (np.int64(60), 54)): {'bw': 43.0}, ((2, 5), (54, np.int64(91))): {'bw': 43.0}, ((0, 7), (np.int64(46), 72)): {'bw': 42.0}, ((0, 7), (72, np.int64(64))): {'bw': 42.0}, ((1, 2), (np.int64(34), 60)): {'bw': 42.0}, ((0, 6), (np.int64(46), 41)): {'bw': 43.0}, ((0, 6), (41, np.int64(10))): {'bw': 43.0}, ((1, 5), (np.int64(34), 91)): {'bw': 40.0}, ((2, 4), (np.int64(60), 75)): {'bw': 27.0}, ((2, 4), (75, 44)): {'bw': 27.0}, ((2, 4), (44, np.int64(5))): {'bw': 27.0}, ((4, 6), (np.int64(5), 85)): {'bw': 28.0}, ((4, 6), (85, 3)): {'bw': 28.0}, ((4, 6), (3, np.int64(10))): {'bw': 28.0}, ((3, 4), (np.int64(69), 79)): {'bw': 12.0}, ((3, 4), (79, np.int64(5))): {'bw': 12.0}, ((3, 7), (np.int64(69), 64)): {'bw': 8.0}}",643.0,393.0,393.0,108.0,285.0,108.0,285.0,108.0,535.0,250.0,0.6111975116640747,33719.5116771064,20609.281631575137,32.05175992468917,Success,0.0,"{'node_level': {}, 'link_level': {}, 'path_level': {}}","{'node_level': {5: {'cpu': -42}, 2: {'cpu': -35}, 4: {'cpu': -16}, 6: {'cpu': -46}, 1: {'cpu': -52}, 0: {'cpu': -64}, 7: {'cpu': -53}, 3: {'cpu': -67}}, 'link_level': {}, 'path_level': {}}","{'node_level': {5: {'cpu': 0}, 2: {'cpu': 0}, 4: {'cpu': 0}, 6: {'cpu': 0}, 1: {'cpu': 0}, 0: {'cpu': 0}, 7: {'cpu': 0}, 3: {'cpu': 0}}, 'link_level': {}, 'path_level': {}}",[],0.0,0.0,True,True,False,0,[],0,0.0,"OrderedDict([((2, 5), 0), ((0, 7), 0), ((1, 2), 0), ((0, 6), 0), ((1, 5), 0), ((2, 4), 0), ((4, 6), 0), ((3, 4), 0), ((3, 7), 0)])",0.0,0.0,8.0,9.0
68,48,24,10487.0,18550.0,5029974.121118301,9005597.749841992,0.5653369272237196,0.5585386179619842,54,98,0,854.1468138150583,37231.0,5936,31295.0,0.1815800358472356,0.20964238812001212,61,76.1468138150583,778.0,4,3,False,{},{},{},{},0.0,0.0,0.0,0.0,0.0,0.0,0.0,0.0,0.0,0.0,0.0,0.0,0.0,0.0,Leave Event,0.0,"{'node_level': {}, 'link_level': {}, 'path_level': {}}","{'node_level': {}, 'link_level': {}, 'path_level': {}}","{'node_level': {}, 'link_level': {}, 'path_level': {}}",[],0.0,0.0,True,True,False,0,[],0,0.0,,,,,
68,48,24,10487.0,18550.0,5029974.121118301,9005597.749841992,0.5653369272237196,0.5585386179619842,54,99,0,865.8178424972212,37231.0,5936,31295.0,0.1815800358472356,0.20964238812001212,50,241.81784249722122,624.0,10,16,False,{},{},{},{},0.0,0.0,0.0,0.0,0.0,0.0,0.0,0.0,0.0,0.0,0.0,0.0,0.0,0.0,Leave Event,0.0,"{'node_level': {}, 'link_level': {}, 'path_level': {}}","{'node_level': {}, 'link_level': {}, 'path_level': {}}","{'node_level': {}, 'link_level': {}, 'path_level': {}}",[],0.0,0.0,True,True,False,0,[],0,0.0,,,,,
69,49,25,10678.0,18835.0,5071454.131358971,9067492.005960269,0.5669232811255641,0.5593006454293413,55,100,1,866.0,36946.0,5872,31074.0,0.19040397077071558,0.21522375997575516,68,217.1728284851835,866.0,6,5,True,"{3: np.int64(18), 5: np.int64(60), 4: np.int64(13), 1: np.int64(99), 0: np.int64(1), 2: np.int64(0)}","{(0, 4): [(np.int64(1), 36), (36, np.int64(13))], (1, 3): [(np.int64(99), 2), (2, np.int64(18))], (2, 3): [(np.int64(0), 18)], (4, 5): [(np.int64(13), 60)], (2, 5): [(np.int64(0), 38), (38, 40), (40, np.int64(60))]}","{(3, np.int64(18)): {'cpu': 16}, (5, np.int64(60)): {'cpu': 14}, (4, np.int64(13)): {'cpu': 6}, (1, np.int64(99)): {'cpu': 14}, (0, np.int64(1)): {'cpu': 7}, (2, np.int64(0)): {'cpu': 7}}","{((0, 4), (np.int64(1), 36)): {'bw': 42.0}, ((0, 4), (36, np.int64(13))): {'bw': 42.0}, ((1, 3), (np.int64(99), 2)): {'bw': 24.0}, ((1, 3), (2, np.int64(18))): {'bw': 24.0}, ((2, 3), (np.int64(0), 18)): {'bw': 25.0}, ((4, 5), (np.int64(13), 60)): {'bw': 22.0}, ((2, 5), (np.int64(0), 38)): {'bw': 14.0}, ((2, 5), (38, 40)): {'bw': 14.0}, ((2, 5), (40, np.int64(60))): {'bw': 14.0}}",285.0,191.0,191.0,64.0,127.0,64.0,127.0,64.0,221.0,94.0,0.6701754385964912,61894.25611827729,41480.010240670046,145.54389558129841,Success,0.0,"{'node_level': {}, 'link_level': {}, 'path_level': {}}","{'node_level': {3: {'cpu': -3}, 5: {'cpu': -36}, 4: {'cpu': -38}, 1: {'cpu': -57}, 0: {'cpu': -22}, 2: {'cpu': -58}}, 'link_level': {}, 'path_level': {}}","{'node_level': {3: {'cpu': 0}, 5: {'cpu': 0}, 4: {'cpu': 0}, 1: {'cpu': 0}, 0: {'cpu': 0}, 2: {'cpu': 0}}, 'link_level': {}, 'path_level': {}}",[],0.0,0.0,True,True,False,0,[],0,0.0,"OrderedDict([((0, 4), 0), ((1, 3), 0), ((2, 3), 0), ((4, 5), 0), ((2, 5), 0)])",0.0,0.0,6.0,5.0
70,50,26,10812.0,19087.0,5113896.127039224,9147308.296344029,0.5664588463352019,0.5590602132742297,55,101,1,878.0,36694.0,5833,30861.0,0.1957810561147112,0.22060309122133548,69,316.7313110466631,878.0,6,6,True,"{2: np.int64(98), 1: np.int64(7), 4: np.int64(46), 0: np.int64(77), 3: np.int64(43), 5: np.int64(45)}","{(0, 2): [(np.int64(77), 63), (63, np.int64(98))], (0, 1): [(np.int64(77), 97), (97, 12), (12, np.int64(7))], (0, 4): [(np.int64(77), 18), (18, np.int64(46))], (0, 5): [(np.int64(77), 31), (31, np.int64(45))], (3, 4): [(np.int64(43), 39), (39, np.int64(46))], (2, 3): [(np.int64(98), 43)]}","{(2, np.int64(98)): {'cpu': 18}, (1, np.int64(7)): {'cpu': 7}, (4, np.int64(46)): {'cpu': 5}, (0, np.int64(77)): {'cpu': 1, 'nic_slots': 1}, (3, np.int64(43)): {'cpu': 5}, (5, np.int64(45)): {'cpu': 3, 'nic_slots': 1}}","{((0, 2), (np.int64(77), 63)): {'bw': 31.0}, ((0, 2), (63, np.int64(98))): {'bw': 31.0}, ((0, 1), (np.int64(77), 97)): {'bw': 26.0}, ((0, 1), (97, 12)): {'bw': 26.0}, ((0, 1), (12, np.int64(7))): {'bw': 26.0}, ((0, 4), (np.int64(77), 18)): {'bw': 12.0}, ((0, 4), (18, np.int64(46))): {'bw': 12.0}, ((0, 5), (np.int64(77), 31)): {'bw': 11.0}, ((0, 5), (31, np.int64(45))): {'bw': 11.0}, ((3, 4), (np.int64(43), 39)): {'bw': 12.0}, ((3, 4), (39, np.int64(46))): {'bw': 12.0}, ((2, 3), (np.int64(98), 43)): {'bw': 3.0}}",252.0,134.0,134.0,39.0,95.0,39.0,95.0,39.0,213.0,118.0,0.5317460317460317,79816.2903837591,42441.995680252854,168.42061777878118,Success,0.0,"{'node_level': {}, 'link_level': {}, 'path_level': {}}","{'node_level': {2: {'cpu': -2}, 1: {'cpu': -25}, 4: {'cpu': -59}, 0: {'cpu': -18}, 3: {'cpu': -53}, 5: {'cpu': -48}}, 'link_level': {}, 'path_level': {}}","{'node_level': {2: {'cpu': 0}, 1: {'cpu': 0}, 4: {'cpu': 0}, 0: {'cpu': 0}, 3: {'cpu': 0}, 5: {'cpu': 0}}, 'link_level': {}, 'path_level': {}}",[],0.0,0.0,True,True,False,0,[],0,0.0,"OrderedDict([((0, 2), 0), ((0, 1), 0), ((0, 4), 0), ((0, 5), 1), ((3, 4), 0), ((2, 3), 0)])",3.0,1.0,6.0,6.0
70,50,25,10812.0,19087.0,5113896.127039224,9147308.296344029,0.5664588463352019,0.5590602132742297,55,102,0,881.3293595731403,36996.0,5879,31117.0,0.18943885288845996,0.2141377916961309,28,509.3293595731403,372.0,5,5,False,{},{},{},{},0.0,0.0,0.0,0.0,0.0,0.0,0.0,0.0,0.0,0.0,0.0,0.0,0.0,0.0,Leave Event,0.0,"{'node_level': {}, 'link_level': {}, 'path_level': {}}","{'node_level': {}, 'link_level': {}, 'path_level': {}}","{'node_level': {}, 'link_level': {}, 'path_level': {}}",[],0.0,0.0,True,True,False,0,[],0,0.0,,,,,
70,50,25,10812.0,19087.0,5113896.127039224,9147308.296344029,0.5664588463352019,0.5590602132742297,55,103,0,886.0407490868499,36996.0,5879,31117.0,0.18943885288845996,0.2141377916961309,60,125.04074908684987,761.0,9,20,False,{},{},{},{},0.0,0.0,0.0,0.0,0.0,0.0,0.0,0.0,0.0,0.0,0.0,0.0,0.0,0.0,Leave Event,0.0,"{'node_level': {}, 'link_level': {}, 'path_level': {}}","{'node_level': {}, 'link_level': {}, 'path_level': {}}","{'node_level': {}, 'link_level': {}, 'path_level': {}}",[],0.0,0.0,True,True,False,0,[],0,0.0,,,,,
71,51,26,11020.0,19367.0,5305228.336654105,9404870.886210214,0.5690091392574999,0.564093691539438,55,104,1,887.0,36716.0,5814,30902.0,0.19840066179511928,0.21956763309425198,70,919.8663923792355,887.0,5,5,True,"{4: np.int64(9), 3: np.int64(34), 0: np.int64(38), 2: np.int64(97), 1: np.int64(83)}","{(0, 4): [(np.int64(38), 40), (40, np.int64(9))], (2, 4): [(np.int64(97), 9)], (2, 3): [(np.int64(97), 34)], (1, 3): [(np.int64(83), 63), (63, 97), (97, np.int64(34))], (1, 4): [(np.int64(83), 63), (63, 97), (97, np.int64(9))]}","{(4, np.int64(9)): {'cpu': 19}, (3, np.int64(34)): {'cpu': 18}, (0, np.int64(38)): {'cpu': 18}, (2, np.int64(97)): {'cpu': 6}, (1, np.int64(83)): {'cpu': 4}}","{((0, 4), (np.int64(38), 40)): {'bw': 46.0}, ((0, 4), (40, np.int64(9))): {'bw': 46.0}, ((2, 4), (np.int64(97), 9)): {'bw': 45.0}, ((2, 3), (np.int64(97), 34)): {'bw': 39.0}, ((1, 3), (np.int64(83), 63)): {'bw': 12.0}, ((1, 3), (63, 97)): {'bw': 12.0}, ((1, 3), (97, np.int64(34))): {'bw': 12.0}, ((1, 4), (np.int64(83), 63)): {'bw': 1.0}, ((1, 4), (63, 97)): {'bw': 1.0}, ((1, 4), (97, np.int64(9))): {'bw': 1.0}}",280.0,208.0,208.0,65.0,143.0,65.0,143.0,65.0,215.0,72.0,0.7428571428571429,257562.58986618597,191332.209614881,683.3293200531464,Success,0.0,"{'node_level': {}, 'link_level': {}, 'path_level': {}}","{'node_level': {4: {'cpu': -63}, 3: {'cpu': -43}, 0: {'cpu': -43}, 2: {'cpu': -59}, 1: {'cpu': -41}}, 'link_level': {}, 'path_level': {}}","{'node_level': {4: {'cpu': 0}, 3: {'cpu': 0}, 0: {'cpu': 0}, 2: {'cpu': 0}, 1: {'cpu': 0}}, 'link_level': {}, 'path_level': {}}",[],0.0,0.0,True,True,False,0,[],0,0.0,"OrderedDict([((0, 4), 0), ((2, 4), 0), ((2, 3), 0), ((1, 3), 0), ((1, 4), 0)])",0.0,0.0,5.0,5.0
71,51,25,11020.0,19367.0,5305228.336654105,9404870.886210214,0.5690091392574999,0.564093691539438,55,105,0,890.0523483119039,37316.0,5890,31426.0,0.18792223907348682,0.2063339731285988,46,322.0523483119039,568.0,6,7,False,{},{},{},{},0.0,0.0,0.0,0.0,0.0,0.0,0.0,0.0,0.0,0.0,0.0,0.0,0.0,0.0,Leave Event,0.0,"{'node_level': {}, 'link_level': {}, 'path_level': {}}","{'node_level': {}, 'link_level': {}, 'path_level': {}}","{'node_level': {}, 'link_level': {}, 'path_level': {}}",[],0.0,0.0,True,True,False,0,[],0,0.0,,,,,
71,51,24,11020.0,19367.0,5305228.336654105,9404870.886210214,0.5690091392574999,0.564093691539438,55,106,0,901.5638586174298,38292.0,5979,32313.0,0.17565145457052256,0.18393272047681586,47,317.5638586174298,584.0,7,13,False,{},{},{},{},0.0,0.0,0.0,0.0,0.0,0.0,0.0,0.0,0.0,0.0,0.0,0.0,0.0,0.0,Leave Event,0.0,"{'node_level': {}, 'link_level': {}, 'path_level': {}}","{'node_level': {}, 'link_level': {}, 'path_level': {}}","{'node_level': {}, 'link_level': {}, 'path_level': {}}",[],0.0,0.0,True,True,False,0,[],0,0.0,,,,,
71,51,24,11020.0,19367.0,5305228.336654105,9404870.886210214,0.5690091392574999,0.564093691539438,55,107,0,902.933888040804,38292.0,5979,32313.0,0.17565145457052256,0.18393272047681586,42,380.933888040804,522.0,9,22,False,{},{},{},{},0.0,0.0,0.0,0.0,0.0,0.0,0.0,0.0,0.0,0.0,0.0,0.0,0.0,0.0,Leave Event,0.0,"{'node_level': {}, 'link_level': {}, 'path_level': {}}","{'node_level': {}, 'link_level': {}, 'path_level': {}}","{'node_level': {}, 'link_level': {}, 'path_level': {}}",[],0.0,0.0,True,True,False,0,[],0,0.0,,,,,
72,52,25,11291.0,19956.0,5623677.359342548,10096998.09788362,0.5657947484465825,0.5569652786724104,55,108,1,903.0,37703.0,5898,31805.0,0.18681924720805188,0.1967622992221436,71,1175.088644606799,903.0,6,8,True,"{4: np.int64(72), 5: np.int64(49), 1: np.int64(52), 2: np.int64(78), 3: np.int64(83), 0: np.int64(32)}","{(4, 5): [(np.int64(72), 45), (45, 31), (31, np.int64(49))], (2, 3): [(np.int64(78), 71), (71, 31), (31, 19), (19, np.int64(83))], (1, 4): [(np.int64(52), 72)], (3, 5): [(np.int64(83), 0), (0, np.int64(49))], (0, 4): [(np.int64(32), 31), (31, 45), (45, np.int64(72))], (1, 2): [(np.int64(52), 79), (79, 73), (73, np.int64(78))], (1, 5): [(np.int64(52), 79), (79, 33), (33, np.int64(49))], (2, 5): [(np.int64(78), 76), (76, np.int64(49))]}","{(4, np.int64(72)): {'cpu': 19, 'nic_slots': 2}, (5, np.int64(49)): {'cpu': 17, 'nic_slots': 1}, (1, np.int64(52)): {'cpu': 18}, (2, np.int64(78)): {'cpu': 17}, (3, np.int64(83)): {'cpu': 9}, (0, np.int64(32)): {'cpu': 1, 'nic_slots': 1}}","{((4, 5), (np.int64(72), 45)): {'bw': 43.0}, ((4, 5), (45, 31)): {'bw': 43.0}, ((4, 5), (31, np.int64(49))): {'bw': 43.0}, ((2, 3), (np.int64(78), 71)): {'bw': 38.0}, ((2, 3), (71, 31)): {'bw': 38.0}, ((2, 3), (31, 19)): {'bw': 38.0}, ((2, 3), (19, np.int64(83))): {'bw': 38.0}, ((1, 4), (np.int64(52), 72)): {'bw': 33.0}, ((3, 5), (np.int64(83), 0)): {'bw': 27.0}, ((3, 5), (0, np.int64(49))): {'bw': 27.0}, ((0, 4), (np.int64(32), 31)): {'bw': 22.0}, ((0, 4), (31, 45)): {'bw': 22.0}, ((0, 4), (45, np.int64(72))): {'bw': 22.0}, ((1, 2), (np.int64(52), 79)): {'bw': 11.0}, ((1, 2), (79, 73)): {'bw': 11.0}, ((1, 2), (73, np.int64(78))): {'bw': 11.0}, ((1, 5), (np.int64(52), 79)): {'bw': 9.0}, ((1, 5), (79, 33)): {'bw': 9.0}, ((1, 5), (33, np.int64(49))): {'bw': 9.0}, ((2, 5), (np.int64(78), 76)): {'bw': 7.0}, ((2, 5), (76, np.int64(49))): {'bw': 7.0}}",589.0,271.0,271.0,81.0,190.0,81.0,190.0,81.0,508.0,318.0,0.4601018675721562,692127.2116734047,318449.02268844255,540.660479946422,Success,0.0,"{'node_level': {}, 'link_level': {}, 'path_level': {}}","{'node_level': {4: {'cpu': -57}, 5: {'cpu': -46}, 1: {'cpu': -62}, 2: {'cpu': -43}, 3: {'cpu': -48}, 0: {'cpu': -70}}, 'link_level': {}, 'path_level': {}}","{'node_level': {4: {'cpu': 0}, 5: {'cpu': 0}, 1: {'cpu': 0}, 2: {'cpu': 0}, 3: {'cpu': 0}, 0: {'cpu': 0}}, 'link_level': {}, 'path_level': {}}",[],0.0,0.0,True,True,False,0,[],0,0.0,"OrderedDict([((4, 5), 1), ((2, 3), 0), ((1, 4), 0), ((3, 5), 0), ((0, 4), 1), ((1, 2), 0), ((1, 5), 0), ((2, 5), 0)])",0.0,2.0,6.0,8.0
72,52,24,11291.0,19956.0,5623677.359342548,10096998.09788362,0.5657947484465825,0.5569652786724104,55,109,0,906.4409201821251,38346.0,6006,32340.0,0.17192885702467942,0.1832508334175169,67,52.44092018212503,854.0,8,9,False,{},{},{},{},0.0,0.0,0.0,0.0,0.0,0.0,0.0,0.0,0.0,0.0,0.0,0.0,0.0,0.0,Leave Event,0.0,"{'node_level': {}, 'link_level': {}, 'path_level': {}}","{'node_level': {}, 'link_level': {}, 'path_level': {}}","{'node_level': {}, 'link_level': {}, 'path_level': {}}",[],0.0,0.0,True,True,False,0,[],0,0.0,,,,,
73,52,24,11291.0,19956.0,5623677.359342548,10096998.09788362,0.5657947484465825,0.5569652786724104,55,110,1,911.0,38346.0,6006,32340.0,0.17192885702467942,0.1832508334175169,72,19.141456103673956,911.0,6,9,False,"{2: np.int64(91), 5: np.int64(5), 3: np.int64(95), 4: np.int64(79), 1: np.int64(60), 0: np.int64(32)}","{(3, 5): [(np.int64(95), 48), (48, 90), (90, np.int64(5))], (0, 5): [(np.int64(32), 60), (60, np.int64(5))], (1, 3): [(np.int64(60), 48), (48, np.int64(95))], (1, 2): [(np.int64(60), 89), (89, np.int64(91))], (0, 2): [(np.int64(32), 36), (36, np.int64(91))], (2, 4): [(np.int64(91), 33), (33, np.int64(79))], (1, 4): [(np.int64(60), 46), (46, 78), (78, 73), (73, np.int64(79))]}","{(2, np.int64(91)): {'cpu': 18}, (5, np.int64(5)): {'cpu': 7}, (3, np.int64(95)): {'cpu': 6}, (4, np.int64(79)): {'cpu': 4}, (1, np.int64(60)): {'cpu': 3}, (0, np.int64(32)): {'cpu': 3}}","{((3, 5), (np.int64(95), 48)): {'bw': 45.0}, ((3, 5), (48, 90)): {'bw': 45.0}, ((3, 5), (90, np.int64(5))): {'bw': 45.0}, ((0, 5), (np.int64(32), 60)): {'bw': 23.0}, ((0, 5), (60, np.int64(5))): {'bw': 23.0}, ((1, 3), (np.int64(60), 48)): {'bw': 22.0}, ((1, 3), (48, np.int64(95))): {'bw': 22.0}, ((1, 2), (np.int64(60), 89)): {'bw': 24.0}, ((1, 2), (89, np.int64(91))): {'bw': 24.0}, ((0, 2), (np.int64(32), 36)): {'bw': 20.0}, ((0, 2), (36, np.int64(91))): {'bw': 20.0}, ((2, 4), (np.int64(91), 33)): {'bw': 23.0}, ((2, 4), (33, np.int64(79))): {'bw': 23.0}, ((1, 4), (np.int64(60), 46)): {'bw': 13.0}, ((1, 4), (46, 78)): {'bw': 13.0}, ((1, 4), (78, 73)): {'bw': 13.0}, ((1, 4), (73, np.int64(79))): {'bw': 13.0}}",0.0,0.0,237.0,41.0,196.0,0.0,0.0,0.0,0.0,0.0,0.0,0.0,0.0,0.0,Route Failure,0.0,"{'node_level': {}, 'link_level': {}, 'path_level': {}}","{'node_level': {2: {'cpu': -50}, 5: {'cpu': -45}, 3: {'cpu': -76}, 4: {'cpu': -74}, 1: {'cpu': -45}, 0: {'cpu': -67}}, 'link_level': {}, 'path_level': {}}","{'node_level': {2: {'cpu': 0}, 5: {'cpu': 0}, 3: {'cpu': 0}, 4: {'cpu': 0}, 1: {'cpu': 0}, 0: {'cpu': 0}}, 'link_level': {}, 'path_level': {}}",[],0.0,0.0,True,False,False,0,[],0,0.0,"OrderedDict([((3, 5), 0), ((0, 5), 0), ((1, 3), 0), ((1, 2), 0), ((0, 2), 0), ((2, 4), 0), ((1, 4), 0)])",0.0,0.0,6.0,7.0
73,52,23,11291.0,19956.0,5623677.359342548,10096998.09788362,0.5657947484465825,0.5569652786724104,55,111,0,918.5140050681475,38490.0,6050,32440.0,0.16586240176478695,0.18072532579048384,55,218.5140050681475,700.0,3,2,False,{},{},{},{},0.0,0.0,0.0,0.0,0.0,0.0,0.0,0.0,0.0,0.0,0.0,0.0,0.0,0.0,Leave Event,0.0,"{'node_level': {}, 'link_level': {}, 'path_level': {}}","{'node_level': {}, 'link_level': {}, 'path_level': {}}","{'node_level': {}, 'link_level': {}, 'path_level': {}}",[],0.0,0.0,True,True,False,0,[],0,0.0,,,,,
73,52,22,11291.0,19956.0,5623677.359342548,10096998.09788362,0.5657947484465825,0.5569652786724104,55,112,0,919.2543241744426,38953.0,6125,32828.0,0.15552185302633392,0.17092635619759566,22,608.2543241744426,311.0,5,7,False,{},{},{},{},0.0,0.0,0.0,0.0,0.0,0.0,0.0,0.0,0.0,0.0,0.0,0.0,0.0,0.0,Leave Event,0.0,"{'node_level': {}, 'link_level': {}, 'path_level': {}}","{'node_level': {}, 'link_level': {}, 'path_level': {}}","{'node_level': {}, 'link_level': {}, 'path_level': {}}",[],0.0,0.0,True,True,False,0,[],0,0.0,,,,,
74,52,22,11291.0,19956.0,5623677.359342548,10096998.09788362,0.5657947484465825,0.5569652786724104,55,113,1,925.0,38953.0,6125,32828.0,0.15552185302633392,0.17092635619759566,73,354.95896188308075,925.0,10,24,False,"{9: np.int64(64), 2: np.int64(91), 5: np.int64(98), 8: np.int64(5), 0: np.int64(18), 7: np.int64(79), 6: np.int64(83)}",{},"{(9, np.int64(64)): {'cpu': 15}, (2, np.int64(91)): {'cpu': 16}, (5, np.int64(98)): {'cpu': 11}, (8, np.int64(5)): {'cpu': 6}, (0, np.int64(18)): {'cpu': 12}, (7, np.int64(79)): {'cpu': 6}, (6, np.int64(83)): {'cpu': 7}}",{},0.0,0.0,689.0,85.0,604.0,0.0,0.0,0.0,0.0,0.0,0.0,0.0,0.0,0.0,Place Failure,0.0,"{'node_level': {}, 'link_level': {}, 'path_level': {}}","{'node_level': {9: {'cpu': -66}, 2: {'cpu': -52}, 5: {'cpu': -26}, 8: {'cpu': -46}, 0: {'cpu': -10}, 7: {'cpu': -72}, 6: {'cpu': -41}}, 'link_level': {}, 'path_level': {}}","{'node_level': {9: {'cpu': 0}, 2: {'cpu': 0}, 5: {'cpu': 0}, 8: {'cpu': 0}, 0: {'cpu': 0}, 7: {'cpu': 0}, 6: {'cpu': 0}}, 'link_level': {}, 'path_level': {}}",[],0.0,0.0,False,True,False,0,[],0,0.0,,,,7.0,0.0
74,52,22,11291.0,19956.0,5623677.359342548,10096998.09788362,0.5657947484465825,0.5569652786724104,55,114,0,930.1414561036739,38953.0,6125,32828.0,0.15552185302633392,0.17092635619759566,72,19.141456103673956,911.0,6,9,False,{},{},{},{},0.0,0.0,0.0,0.0,0.0,0.0,0.0,0.0,0.0,0.0,0.0,0.0,0.0,0.0,Leave Event,0.0,"{'node_level': {}, 'link_level': {}, 'path_level': {}}","{'node_level': {}, 'link_level': {}, 'path_level': {}}","{'node_level': {}, 'link_level': {}, 'path_level': {}}",[],0.0,0.0,True,True,False,0,[],0,0.0,,,,,
75,52,22,11291.0,19956.0,5623677.359342548,10096998.09788362,0.5657947484465825,0.5569652786724104,55,115,1,936.0,38953.0,6125,32828.0,0.15552185302633392,0.17092635619759566,74,91.26929800172978,936.0,6,10,False,"{4: np.int64(64), 2: np.int64(69), 0: np.int64(91)}",{},"{(4, np.int64(64)): {'cpu': 12}, (2, np.int64(69)): {'cpu': 10}, (0, np.int64(91)): {'cpu': 11}}",{},0.0,0.0,442.0,61.0,381.0,0.0,0.0,0.0,0.0,0.0,0.0,0.0,0.0,0.0,Place Failure,0.0,"{'node_level': {}, 'link_level': {}, 'path_level': {}}","{'node_level': {4: {'cpu': -69}, 2: {'cpu': -74}, 0: {'cpu': -57}}, 'link_level': {}, 'path_level': {}}","{'node_level': {4: {'cpu': 0}, 2: {'cpu': 0}, 0: {'cpu': 0}}, 'link_level': {}, 'path_level': {}}",[],0.0,0.0,False,True,False,0,[],0,0.0,,,,3.0,0.0
75,52,21,11291.0,19956.0,5623677.359342548,10096998.09788362,0.5657947484465825,0.5569652786724104,55,116,0,941.5650443266699,40015.0,6206,33809.0,0.1443540603888046,0.1461511263764017,59,193.5650443266699,748.0,8,15,False,{},{},{},{},0.0,0.0,0.0,0.0,0.0,0.0,0.0,0.0,0.0,0.0,0.0,0.0,0.0,0.0,Leave Event,0.0,"{'node_level': {}, 'link_level': {}, 'path_level': {}}","{'node_level': {}, 'link_level': {}, 'path_level': {}}","{'node_level': {}, 'link_level': {}, 'path_level': {}}",[],0.0,0.0,True,True,False,0,[],0,0.0,,,,,
75,52,20,11291.0,19956.0,5623677.359342548,10096998.09788362,0.5657947484465825,0.5569652786724104,55,117,0,941.93070725741,40417.0,6250,34167.0,0.13828760512891214,0.1371098090716234,40,443.93070725741,498.0,5,7,False,{},{},{},{},0.0,0.0,0.0,0.0,0.0,0.0,0.0,0.0,0.0,0.0,0.0,0.0,0.0,0.0,Leave Event,0.0,"{'node_level': {}, 'link_level': {}, 'path_level': {}}","{'node_level': {}, 'link_level': {}, 'path_level': {}}","{'node_level': {}, 'link_level': {}, 'path_level': {}}",[],0.0,0.0,True,True,False,0,[],0,0.0,,,,,
76,53,21,11573.0,20420.0,5836562.4674952105,10447277.141085165,0.5667482859941234,0.5586682911418356,55,118,1,944.0,39953.0,6197,33756.0,0.145594926237419,0.1474896454187291,75,754.9117310378111,944.0,5,9,True,"{2: np.int64(91), 1: np.int64(18), 3: np.int64(98), 4: np.int64(72), 0: np.int64(90)}","{(1, 2): [(np.int64(18), 91)], (0, 2): [(np.int64(90), 51), (51, 6), (6, np.int64(91))], (0, 1): [(np.int64(90), 29), (29, np.int64(18))], (0, 3): [(np.int64(90), 98)], (1, 4): [(np.int64(18), 2), (2, np.int64(72))], (2, 4): [(np.int64(91), 89), (89, np.int64(72))], (2, 3): [(np.int64(91), 98)], (3, 4): [(np.int64(98), 45), (45, np.int64(72))], (0, 4): [(np.int64(90), 44), (44, 45), (45, np.int64(72))]}","{(2, np.int64(91)): {'cpu': 13}, (1, np.int64(18)): {'cpu': 12}, (3, np.int64(98)): {'cpu': 16, 'nic_slots': 1}, (4, np.int64(72)): {'cpu': 9, 'nic_slots': 1}, (0, np.int64(90)): {'cpu': 3}}","{((1, 2), (np.int64(18), 91)): {'bw': 48.0}, ((0, 2), (np.int64(90), 51)): {'bw': 46.0}, ((0, 2), (51, 6)): {'bw': 46.0}, ((0, 2), (6, np.int64(91))): {'bw': 46.0}, ((0, 1), (np.int64(90), 29)): {'bw': 41.0}, ((0, 1), (29, np.int64(18))): {'bw': 41.0}, ((0, 3), (np.int64(90), 98)): {'bw': 33.0}, ((1, 4), (np.int64(18), 2)): {'bw': 18.0}, ((1, 4), (2, np.int64(72))): {'bw': 18.0}, ((2, 4), (np.int64(91), 89)): {'bw': 17.0}, ((2, 4), (89, np.int64(72))): {'bw': 17.0}, ((2, 3), (np.int64(91), 98)): {'bw': 13.0}, ((3, 4), (np.int64(98), 45)): {'bw': 12.0}, ((3, 4), (45, np.int64(72))): {'bw': 12.0}, ((0, 4), (np.int64(90), 44)): {'bw': 1.0}, ((0, 4), (44, 45)): {'bw': 1.0}, ((0, 4), (45, np.int64(72))): {'bw': 1.0}}",464.0,282.0,282.0,53.0,229.0,53.0,229.0,53.0,411.0,182.0,0.6077586206896551,350279.0432015444,212885.10815266275,458.80411239798,Success,0.0,"{'node_level': {}, 'link_level': {}, 'path_level': {}}","{'node_level': {2: {'cpu': -57}, 1: {'cpu': -22}, 3: {'cpu': -29}, 4: {'cpu': -60}, 0: {'cpu': -75}}, 'link_level': {}, 'path_level': {}}","{'node_level': {2: {'cpu': 0}, 1: {'cpu': 0}, 3: {'cpu': 0}, 4: {'cpu': 0}, 0: {'cpu': 0}}, 'link_level': {}, 'path_level': {}}",[],0.0,0.0,True,True,False,0,[],0,0.0,"OrderedDict([((1, 2), 0), ((0, 2), 0), ((0, 1), 0), ((0, 3), 0), ((1, 4), 0), ((2, 4), 0), ((2, 3), 0), ((3, 4), 1), ((0, 4), 0)])",0.0,1.0,5.0,9.0
77,53,21,11573.0,20420.0,5836562.4674952105,10447277.141085165,0.5667482859941234,0.5586682911418356,55,119,1,957.0,39953.0,6197,33756.0,0.145594926237419,0.1474896454187291,76,1000.9932579629997,957.0,9,22,False,"{0: np.int64(4), 1: np.int64(64), 2: np.int64(68), 5: np.int64(5), 7: np.int64(32), 8: np.int64(72), 6: np.int64(28), 4: np.int64(52), 3: np.int64(91)}","{(1, 5): [(np.int64(64), 52), (52, 79), (79, np.int64(5))], (0, 7): [(np.int64(4), 68), (68, 51), (51, 30), (30, 37), (37, 99), (99, np.int64(32))], (2, 5): [(np.int64(68), 7), (7, 15), (15, np.int64(5))], (1, 8): [(np.int64(64), 72)], (0, 4): [(np.int64(4), 13), (13, 72), (72, np.int64(52))], (3, 6): [(np.int64(91), 76), (76, np.int64(28))]}","{(0, np.int64(4)): {'cpu': 18, 'nic_slots': 1}, (1, np.int64(64)): {'cpu': 13}, (2, np.int64(68)): {'cpu': 13}, (5, np.int64(5)): {'cpu': 7}, (7, np.int64(32)): {'cpu': 10, 'nic_slots': 1}, (8, np.int64(72)): {'cpu': 9}, (6, np.int64(28)): {'cpu': 4}, (4, np.int64(52)): {'cpu': 1}, (3, np.int64(91)): {'cpu': 1}}","{((1, 5), (np.int64(64), 52)): {'bw': 45.0}, ((1, 5), (52, 79)): {'bw': 45.0}, ((1, 5), (79, np.int64(5))): {'bw': 45.0}, ((0, 7), (np.int64(4), 68)): {'bw': 43.0}, ((0, 7), (68, 51)): {'bw': 43.0}, ((0, 7), (51, 30)): {'bw': 43.0}, ((0, 7), (30, 37)): {'bw': 43.0}, ((0, 7), (37, 99)): {'bw': 43.0}, ((0, 7), (99, np.int64(32))): {'bw': 43.0}, ((2, 5), (np.int64(68), 7)): {'bw': 40.0}, ((2, 5), (7, 15)): {'bw': 40.0}, ((2, 5), (15, np.int64(5))): {'bw': 40.0}, ((1, 8), (np.int64(64), 72)): {'bw': 39.0}, ((0, 4), (np.int64(4), 13)): {'bw': 36.0}, ((0, 4), (13, 72)): {'bw': 36.0}, ((0, 4), (72, np.int64(52))): {'bw': 36.0}, ((3, 6), (np.int64(91), 76)): {'bw': 27.0}, ((3, 6), (76, np.int64(28))): {'bw': 27.0}}",0.0,0.0,580.0,76.0,504.0,0.0,0.0,0.0,0.0,0.0,0.0,0.0,0.0,0.0,Route Failure,0.0,"{'node_level': {}, 'link_level': {}, 'path_level': {}}","{'node_level': {0: {'cpu': -22}, 1: {'cpu': -68}, 2: {'cpu': -38}, 5: {'cpu': -45}, 7: {'cpu': -62}, 8: {'cpu': -51}, 6: {'cpu': -54}, 4: {'cpu': -81}, 3: {'cpu': -56}}, 'link_level': {}, 'path_level': {}}","{'node_level': {0: {'cpu': 0}, 1: {'cpu': 0}, 2: {'cpu': 0}, 5: {'cpu': 0}, 7: {'cpu': 0}, 8: {'cpu': 0}, 6: {'cpu': 0}, 4: {'cpu': 0}, 3: {'cpu': 0}}, 'link_level': {}, 'path_level': {}}",[],0.0,0.0,True,False,False,0,[],0,0.0,"OrderedDict([((1, 5), 0), ((0, 7), 1), ((2, 5), 0), ((1, 8), 0), ((0, 4), 0), ((3, 6), 0)])",0.0,1.0,9.0,6.0
77,53,20,11573.0,20420.0,5836562.4674952105,10447277.141085165,0.5667482859941234,0.5586682911418356,55,120,0,963.8039764206146,40077.0,6230,33847.0,0.14104508479249966,0.14519143347812913,30,569.8039764206146,394.0,3,3,False,{},{},{},{},0.0,0.0,0.0,0.0,0.0,0.0,0.0,0.0,0.0,0.0,0.0,0.0,0.0,0.0,Leave Event,0.0,"{'node_level': {}, 'link_level': {}, 'path_level': {}}","{'node_level': {}, 'link_level': {}, 'path_level': {}}","{'node_level': {}, 'link_level': {}, 'path_level': {}}",[],0.0,0.0,True,True,False,0,[],0,0.0,,,,,
77,53,20,11573.0,20420.0,5836562.4674952105,10447277.141085165,0.5667482859941234,0.5586682911418356,55,121,0,965.7829559503477,40077.0,6230,33847.0,0.14104508479249966,0.14519143347812913,64,150.78295595034774,815.0,7,12,False,{},{},{},{},0.0,0.0,0.0,0.0,0.0,0.0,0.0,0.0,0.0,0.0,0.0,0.0,0.0,0.0,Leave Event,0.0,"{'node_level': {}, 'link_level': {}, 'path_level': {}}","{'node_level': {}, 'link_level': {}, 'path_level': {}}","{'node_level': {}, 'link_level': {}, 'path_level': {}}",[],0.0,0.0,True,True,False,0,[],0,0.0,,,,,
78,54,21,11871.0,20909.0,5915532.89617321,10576862.844519868,0.5677459467215075,0.5592899315356247,55,122,1,975.0,39588.0,6170,33418.0,0.14931752378326213,0.1560258611981008,77,265.0014385167753,975.0,7,9,True,"{6: np.int64(4), 2: np.int64(64), 4: np.int64(68), 3: np.int64(5), 1: np.int64(32), 5: np.int64(79), 0: np.int64(72)}","{(3, 6): [(np.int64(5), 79), (79, np.int64(4))], (4, 5): [(np.int64(68), 79)], (1, 6): [(np.int64(32), 68), (68, np.int64(4))], (2, 4): [(np.int64(64), 86), (86, np.int64(68))], (0, 6): [(np.int64(72), 13), (13, np.int64(4))], (0, 2): [(np.int64(72), 64)], (2, 3): [(np.int64(64), 72), (72, 89), (89, 15), (15, np.int64(5))], (4, 6): [(np.int64(68), 4)], (3, 5): [(np.int64(5), 79)]}","{(6, np.int64(4)): {'cpu': 16, 'nic_slots': 1}, (2, np.int64(64)): {'cpu': 15}, (4, np.int64(68)): {'cpu': 11, 'nic_slots': 1}, (3, np.int64(5)): {'cpu': 5}, (1, np.int64(32)): {'cpu': 7}, (5, np.int64(79)): {'cpu': 4}, (0, np.int64(72)): {'cpu': 2}}","{((3, 6), (np.int64(5), 79)): {'bw': 50.0}, ((3, 6), (79, np.int64(4))): {'bw': 50.0}, ((4, 5), (np.int64(68), 79)): {'bw': 43.0}, ((1, 6), (np.int64(32), 68)): {'bw': 39.0}, ((1, 6), (68, np.int64(4))): {'bw': 39.0}, ((2, 4), (np.int64(64), 86)): {'bw': 35.0}, ((2, 4), (86, np.int64(68))): {'bw': 35.0}, ((0, 6), (np.int64(72), 13)): {'bw': 31.0}, ((0, 6), (13, np.int64(4))): {'bw': 31.0}, ((0, 2), (np.int64(72), 64)): {'bw': 23.0}, ((2, 3), (np.int64(64), 72)): {'bw': 12.0}, ((2, 3), (72, 89)): {'bw': 12.0}, ((2, 3), (89, 15)): {'bw': 12.0}, ((2, 3), (15, np.int64(5))): {'bw': 12.0}, ((4, 6), (np.int64(68), 4)): {'bw': 1.0}, ((3, 5), (np.int64(5), 79)): {'bw': 4.0}}",489.0,298.0,298.0,60.0,238.0,60.0,238.0,60.0,429.0,191.0,0.6094069529652352,129585.70343470311,78970.42867799904,161.49371917791214,Success,0.0,"{'node_level': {}, 'link_level': {}, 'path_level': {}}","{'node_level': {6: {'cpu': -24}, 2: {'cpu': -66}, 4: {'cpu': -40}, 3: {'cpu': -47}, 1: {'cpu': -65}, 5: {'cpu': -74}, 0: {'cpu': -58}}, 'link_level': {}, 'path_level': {}}","{'node_level': {6: {'cpu': 0}, 2: {'cpu': 0}, 4: {'cpu': 0}, 3: {'cpu': 0}, 1: {'cpu': 0}, 5: {'cpu': 0}, 0: {'cpu': 0}}, 'link_level': {}, 'path_level': {}}",[],0.0,0.0,True,True,False,0,[],0,0.0,"OrderedDict([((3, 6), 0), ((4, 5), 0), ((1, 6), 0), ((2, 4), 0), ((0, 6), 0), ((0, 2), 0), ((2, 3), 0), ((4, 6), 1), ((3, 5), 0)])",2.0,1.0,7.0,9.0
79,55,22,12132.0,21400.0,5935211.123357857,10613882.03818907,0.5669158878504673,0.559193243527937,55,123,1,982.0,39097.0,6104,32993.0,0.15841720667310077,0.16675926861299117,78,75.39550645458432,982.0,7,9,True,"{2: np.int64(46), 1: np.int64(28), 4: np.int64(41), 5: np.int64(52), 3: np.int64(20), 6: np.int64(91), 0: np.int64(50)}","{(0, 1): [(np.int64(50), 93), (93, 20), (20, np.int64(28))], (2, 5): [(np.int64(46), 72), (72, np.int64(52))], (1, 6): [(np.int64(28), 76), (76, np.int64(91))], (2, 6): [(np.int64(46), 39), (39, np.int64(91))], (0, 5): [(np.int64(50), 93), (93, np.int64(52))], (3, 6): [(np.int64(20), 72), (72, 89), (89, np.int64(91))], (2, 4): [(np.int64(46), 41)], (1, 4): [(np.int64(28), 68), (68, np.int64(41))], (4, 5): [(np.int64(41), 94), (94, np.int64(52))]}","{(2, np.int64(46)): {'cpu': 9}, (1, np.int64(28)): {'cpu': 8}, (4, np.int64(41)): {'cpu': 15}, (5, np.int64(52)): {'cpu': 8}, (3, np.int64(20)): {'cpu': 19}, (6, np.int64(91)): {'cpu': 3}, (0, np.int64(50)): {'cpu': 4}}","{((0, 1), (np.int64(50), 93)): {'bw': 35.0}, ((0, 1), (93, 20)): {'bw': 35.0}, ((0, 1), (20, np.int64(28))): {'bw': 35.0}, ((2, 5), (np.int64(46), 72)): {'bw': 34.0}, ((2, 5), (72, np.int64(52))): {'bw': 34.0}, ((1, 6), (np.int64(28), 76)): {'bw': 29.0}, ((1, 6), (76, np.int64(91))): {'bw': 29.0}, ((2, 6), (np.int64(46), 39)): {'bw': 27.0}, ((2, 6), (39, np.int64(91))): {'bw': 27.0}, ((0, 5), (np.int64(50), 93)): {'bw': 17.0}, ((0, 5), (93, np.int64(52))): {'bw': 17.0}, ((3, 6), (np.int64(20), 72)): {'bw': 14.0}, ((3, 6), (72, 89)): {'bw': 14.0}, ((3, 6), (89, np.int64(91))): {'bw': 14.0}, ((2, 4), (np.int64(46), 41)): {'bw': 14.0}, ((1, 4), (np.int64(28), 68)): {'bw': 14.0}, ((1, 4), (68, np.int64(41))): {'bw': 14.0}, ((4, 5), (np.int64(41), 94)): {'bw': 11.0}, ((4, 5), (94, np.int64(52))): {'bw': 11.0}}",491.0,261.0,261.0,66.0,195.0,66.0,195.0,66.0,425.0,230.0,0.5315682281059063,37019.193669200904,19678.22718464651,40.07785577321081,Success,0.0,"{'node_level': {}, 'link_level': {}, 'path_level': {}}","{'node_level': {2: {'cpu': -68}, 1: {'cpu': -50}, 4: {'cpu': -26}, 5: {'cpu': -74}, 3: {'cpu': -77}, 6: {'cpu': -54}, 0: {'cpu': -81}}, 'link_level': {}, 'path_level': {}}","{'node_level': {2: {'cpu': 0}, 1: {'cpu': 0}, 4: {'cpu': 0}, 5: {'cpu': 0}, 3: {'cpu': 0}, 6: {'cpu': 0}, 0: {'cpu': 0}}, 'link_level': {}, 'path_level': {}}",[],0.0,0.0,True,True,False,0,[],0,0.0,"OrderedDict([((0, 1), 0), ((2, 5), 0), ((1, 6), 0), ((2, 6), 0), ((0, 5), 0), ((3, 6), 0), ((2, 4), 0), ((1, 4), 0), ((4, 5), 0)])",0.0,0.0,7.0,9.0
80,56,23,12175.0,21443.0,5935937.539222438,10614608.454053652,0.5677843585319219,0.5592234103515652,55,124,1,994.0,39054.0,6092,32962.0,0.16007169447125325,0.16754217597737142,79,16.89339219956097,994.0,2,1,True,"{0: np.int64(18), 1: np.int64(98)}","{(0, 1): [(np.int64(18), 98)]}","{(0, np.int64(18)): {'cpu': 7}, (1, np.int64(98)): {'cpu': 5}}","{((0, 1), (np.int64(18), 98)): {'bw': 31.0}}",43.0,43.0,43.0,12.0,31.0,12.0,31.0,12.0,31.0,0.0,1.0,726.4158645811217,726.4158645811217,16.89339219956097,Success,0.0,"{'node_level': {}, 'link_level': {}, 'path_level': {}}","{'node_level': {0: {'cpu': -15}, 1: {'cpu': -24}}, 'link_level': {}, 'path_level': {}}","{'node_level': {0: {'cpu': 0}, 1: {'cpu': 0}}, 'link_level': {}, 'path_level': {}}",[],0.0,0.0,True,True,False,0,[],0,0.0,"OrderedDict([((0, 1), 0)])",0.0,0.0,2.0,1.0
81,57,24,12295.0,21647.0,6178928.360227672,11027692.84976255,0.5679770868942579,0.5603101613734842,55,125,1,1009.0,38850.0,6043,32807.0,0.16682751964704257,0.17145671279927266,80,2024.9235083769545,1009.0,3,2,True,"{2: np.int64(95), 1: np.int64(43), 0: np.int64(7)}","{(1, 2): [(np.int64(43), 11), (11, 33), (33, np.int64(95))], (0, 2): [(np.int64(7), 95)]}","{(2, np.int64(95)): {'cpu': 15}, (1, np.int64(43)): {'cpu': 19}, (0, np.int64(7)): {'cpu': 15}}","{((1, 2), (np.int64(43), 11)): {'bw': 42.0}, ((1, 2), (11, 33)): {'bw': 42.0}, ((1, 2), (33, np.int64(95))): {'bw': 42.0}, ((0, 2), (np.int64(7), 95)): {'bw': 29.0}}",204.0,120.0,120.0,49.0,71.0,49.0,71.0,49.0,155.0,84.0,0.5882352941176471,413084.3957088987,242990.82100523455,1191.1314755158555,Success,0.0,"{'node_level': {}, 'link_level': {}, 'path_level': {}}","{'node_level': {2: {'cpu': -67}, 1: {'cpu': -45}, 0: {'cpu': -19}}, 'link_level': {}, 'path_level': {}}","{'node_level': {2: {'cpu': 0}, 1: {'cpu': 0}, 0: {'cpu': 0}}, 'link_level': {}, 'path_level': {}}",[],0.0,0.0,True,True,False,0,[],0,0.0,"OrderedDict([((1, 2), 0), ((0, 2), 0)])",0.0,0.0,3.0,2.0
81,57,23,12295.0,21647.0,6178928.360227672,11027692.84976255,0.5679770868942579,0.5603101613734842,55,126,0,1010.8933921995609,38893.0,6055,32838.0,0.1651730318488901,0.1706738054348924,79,16.89339219956097,994.0,2,1,False,{},{},{},{},0.0,0.0,0.0,0.0,0.0,0.0,0.0,0.0,0.0,0.0,0.0,0.0,0.0,0.0,Leave Event,0.0,"{'node_level': {}, 'link_level': {}, 'path_level': {}}","{'node_level': {}, 'link_level': {}, 'path_level': {}}","{'node_level': {}, 'link_level': {}, 'path_level': {}}",[],0.0,0.0,True,True,False,0,[],0,0.0,,,,,
81,57,22,12295.0,21647.0,6178928.360227672,11027692.84976255,0.5679770868942579,0.5603101613734842,55,127,0,1012.6410145895702,38972.0,6087,32885.0,0.1607610643871501,0.16948681685018685,36,562.6410145895702,450.0,3,3,False,{},{},{},{},0.0,0.0,0.0,0.0,0.0,0.0,0.0,0.0,0.0,0.0,0.0,0.0,0.0,0.0,Leave Event,0.0,"{'node_level': {}, 'link_level': {}, 'path_level': {}}","{'node_level': {}, 'link_level': {}, 'path_level': {}}","{'node_level': {}, 'link_level': {}, 'path_level': {}}",[],0.0,0.0,True,True,False,0,[],0,0.0,,,,,
82,58,23,12683.0,22269.0,6269579.237499535,11173014.616935484,0.5695361264538147,0.5611358664112394,55,128,1,1024.0,38350.0,5988,32362.0,0.17441058872190818,0.18269522173956965,81,233.63628162851163,1024.0,7,11,True,"{2: np.int64(18), 3: np.int64(98), 0: np.int64(25), 1: np.int64(77), 6: np.int64(60), 4: np.int64(5), 5: np.int64(83)}","{(1, 3): [(np.int64(77), 91), (91, np.int64(98))], (2, 4): [(np.int64(18), 5)], (0, 6): [(np.int64(25), 81), (81, np.int64(60))], (0, 5): [(np.int64(25), 44), (44, np.int64(83))], (2, 6): [(np.int64(18), 46), (46, np.int64(60))], (3, 4): [(np.int64(98), 90), (90, np.int64(5))], (1, 6): [(np.int64(77), 3), (3, np.int64(60))], (1, 5): [(np.int64(77), 21), (21, np.int64(83))], (4, 5): [(np.int64(5), 83)], (3, 5): [(np.int64(98), 63), (63, np.int64(83))], (0, 4): [(np.int64(25), 11), (11, np.int64(5))]}","{(2, np.int64(18)): {'cpu': 19}, (3, np.int64(98)): {'cpu': 19}, (0, np.int64(25)): {'cpu': 15}, (1, np.int64(77)): {'cpu': 16}, (6, np.int64(60)): {'cpu': 12}, (4, np.int64(5)): {'cpu': 12}, (5, np.int64(83)): {'cpu': 6}}","{((1, 3), (np.int64(77), 91)): {'bw': 48.0}, ((1, 3), (91, np.int64(98))): {'bw': 48.0}, ((2, 4), (np.int64(18), 5)): {'bw': 46.0}, ((0, 6), (np.int64(25), 81)): {'bw': 44.0}, ((0, 6), (81, np.int64(60))): {'bw': 44.0}, ((0, 5), (np.int64(25), 44)): {'bw': 42.0}, ((0, 5), (44, np.int64(83))): {'bw': 42.0}, ((2, 6), (np.int64(18), 46)): {'bw': 38.0}, ((2, 6), (46, np.int64(60))): {'bw': 38.0}, ((3, 4), (np.int64(98), 90)): {'bw': 19.0}, ((3, 4), (90, np.int64(5))): {'bw': 19.0}, ((1, 6), (np.int64(77), 3)): {'bw': 13.0}, ((1, 6), (3, np.int64(60))): {'bw': 13.0}, ((1, 5), (np.int64(77), 21)): {'bw': 13.0}, ((1, 5), (21, np.int64(83))): {'bw': 13.0}, ((4, 5), (np.int64(5), 83)): {'bw': 9.0}, ((3, 5), (np.int64(98), 63)): {'bw': 10.0}, ((3, 5), (63, np.int64(83))): {'bw': 10.0}, ((0, 4), (np.int64(25), 11)): {'bw': 7.0}, ((0, 4), (11, np.int64(5))): {'bw': 7.0}}",622.0,388.0,388.0,99.0,289.0,99.0,289.0,99.0,523.0,234.0,0.6237942122186495,145321.76717293423,90650.87727186251,145.74096024415195,Success,0.0,"{'node_level': {}, 'link_level': {}, 'path_level': {}}","{'node_level': {2: {'cpu': -3}, 3: {'cpu': -10}, 0: {'cpu': -38}, 1: {'cpu': -18}, 6: {'cpu': -36}, 4: {'cpu': -35}, 5: {'cpu': -42}}, 'link_level': {}, 'path_level': {}}","{'node_level': {2: {'cpu': 0}, 3: {'cpu': 0}, 0: {'cpu': 0}, 1: {'cpu': 0}, 6: {'cpu': 0}, 4: {'cpu': 0}, 5: {'cpu': 0}}, 'link_level': {}, 'path_level': {}}",[],0.0,0.0,True,True,False,0,[],0,0.0,"OrderedDict([((1, 3), 0), ((2, 4), 0), ((0, 6), 0), ((0, 5), 0), ((2, 6), 0), ((3, 4), 0), ((1, 6), 0), ((1, 5), 0), ((4, 5), 0), ((3, 5), 0), ((0, 4), 0)])",1.0,0.0,7.0,11.0
82,58,23,12683.0,22269.0,6269579.237499535,11173014.616935484,0.5695361264538147,0.5611358664112394,55,129,0,1027.2692980017298,38350.0,5988,32362.0,0.17441058872190818,0.18269522173956965,74,91.26929800172978,936.0,6,10,False,{},{},{},{},0.0,0.0,0.0,0.0,0.0,0.0,0.0,0.0,0.0,0.0,0.0,0.0,0.0,0.0,Leave Event,0.0,"{'node_level': {}, 'link_level': {}, 'path_level': {}}","{'node_level': {}, 'link_level': {}, 'path_level': {}}","{'node_level': {}, 'link_level': {}, 'path_level': {}}",[],0.0,0.0,True,True,False,0,[],0,0.0,,,,,
83,59,24,12872.0,22557.0,6321068.236454681,11251474.043914754,0.5706432592986656,0.5617991217669267,55,130,1,1033.0,38062.0,5962,32100.0,0.17799531228457188,0.18931205172239618,82,272.4285659002399,1033.0,5,5,True,"{1: np.int64(32), 4: np.int64(64), 0: np.int64(33), 2: np.int64(72), 3: np.int64(49)}","{(1, 4): [(np.int64(32), 99), (99, 93), (93, np.int64(64))], (2, 4): [(np.int64(72), 64)], (0, 3): [(np.int64(33), 49)], (1, 3): [(np.int64(32), 49)], (0, 1): [(np.int64(33), 49), (49, np.int64(32))]}","{(1, np.int64(32)): {'cpu': 13, 'nic_slots': 1}, (4, np.int64(64)): {'cpu': 5}, (0, np.int64(33)): {'cpu': 4}, (2, np.int64(72)): {'cpu': 3}, (3, np.int64(49)): {'cpu': 1, 'nic_slots': 1}}","{((1, 4), (np.int64(32), 99)): {'bw': 44.0}, ((1, 4), (99, 93)): {'bw': 44.0}, ((1, 4), (93, np.int64(64))): {'bw': 44.0}, ((2, 4), (np.int64(72), 64)): {'bw': 42.0}, ((0, 3), (np.int64(33), 49)): {'bw': 36.0}, ((1, 3), (np.int64(32), 49)): {'bw': 30.0}, ((0, 1), (np.int64(33), 49)): {'bw': 11.0}, ((0, 1), (49, np.int64(32))): {'bw': 11.0}}",288.0,189.0,189.0,26.0,163.0,26.0,163.0,26.0,262.0,99.0,0.65625,78459.42697926909,51488.99895514534,178.78124637203243,Success,0.0,"{'node_level': {}, 'link_level': {}, 'path_level': {}}","{'node_level': {1: {'cpu': -52}, 4: {'cpu': -61}, 0: {'cpu': -41}, 2: {'cpu': -55}, 3: {'cpu': -48}}, 'link_level': {}, 'path_level': {}}","{'node_level': {1: {'cpu': 0}, 4: {'cpu': 0}, 0: {'cpu': 0}, 2: {'cpu': 0}, 3: {'cpu': 0}}, 'link_level': {}, 'path_level': {}}",[],0.0,0.0,True,True,False,0,[],0,0.0,"OrderedDict([((1, 4), 0), ((2, 4), 0), ((0, 3), 0), ((1, 3), 1), ((0, 1), 0)])",0.0,1.0,5.0,5.0
83,59,23,12872.0,22557.0,6321068.236454681,11251474.043914754,0.5706432592986656,0.5617991217669267,55,131,0,1037.226787451479,38184.0,5990,32194.0,0.1741348407555494,0.18693807455298517,45,482.22678745147897,555.0,2,1,False,{},{},{},{},0.0,0.0,0.0,0.0,0.0,0.0,0.0,0.0,0.0,0.0,0.0,0.0,0.0,0.0,Leave Event,0.0,"{'node_level': {}, 'link_level': {}, 'path_level': {}}","{'node_level': {}, 'link_level': {}, 'path_level': {}}","{'node_level': {}, 'link_level': {}, 'path_level': {}}",[],0.0,0.0,True,True,False,0,[],0,0.0,,,,,
83,59,23,12872.0,22557.0,6321068.236454681,11251474.043914754,0.5706432592986656,0.5617991217669267,55,132,0,1045.9174390041353,38184.0,5990,32194.0,0.1741348407555494,0.18693807455298517,41,538.9174390041352,507.0,4,4,False,{},{},{},{},0.0,0.0,0.0,0.0,0.0,0.0,0.0,0.0,0.0,0.0,0.0,0.0,0.0,0.0,Leave Event,0.0,"{'node_level': {}, 'link_level': {}, 'path_level': {}}","{'node_level': {}, 'link_level': {}, 'path_level': {}}","{'node_level': {}, 'link_level': {}, 'path_level': {}}",[],0.0,0.0,True,True,False,0,[],0,0.0,,,,,
83,59,23,12872.0,22557.0,6321068.236454681,11251474.043914754,0.5706432592986656,0.5617991217669267,55,133,0,1048.5122096290029,38184.0,5990,32194.0,0.1741348407555494,0.18693807455298517,25,705.5122096290029,343.0,7,10,False,{},{},{},{},0.0,0.0,0.0,0.0,0.0,0.0,0.0,0.0,0.0,0.0,0.0,0.0,0.0,0.0,Leave Event,0.0,"{'node_level': {}, 'link_level': {}, 'path_level': {}}","{'node_level': {}, 'link_level': {}, 'path_level': {}}","{'node_level': {}, 'link_level': {}, 'path_level': {}}",[],0.0,0.0,True,True,False,0,[],0,0.0,,,,,
84,60,24,12890.0,22581.0,6321535.44944579,11252096.994569566,0.5708338868960631,0.5618095411456779,55,134,1,1054.0,38160.0,5978,32182.0,0.17578932855370188,0.18724113546822907,83,25.956277283853577,1054.0,2,1,True,"{1: np.int64(13), 0: np.int64(77)}","{(0, 1): [(np.int64(77), 1), (1, np.int64(13))]}","{(1, np.int64(13)): {'cpu': 11}, (0, np.int64(77)): {'cpu': 1}}","{((0, 1), (np.int64(77), 1)): {'bw': 6.0}, ((0, 1), (1, np.int64(13))): {'bw': 6.0}}",24.0,18.0,18.0,12.0,6.0,12.0,6.0,12.0,12.0,6.0,0.75,622.9506548124858,467.2129911093644,19.467207962890182,Success,0.0,"{'node_level': {}, 'link_level': {}, 'path_level': {}}","{'node_level': {1: {'cpu': -57}, 0: {'cpu': -32}}, 'link_level': {}, 'path_level': {}}","{'node_level': {1: {'cpu': 0}, 0: {'cpu': 0}}, 'link_level': {}, 'path_level': {}}",[],0.0,0.0,True,True,False,0,[],0,0.0,"OrderedDict([((0, 1), 0)])",0.0,0.0,2.0,1.0
84,60,23,12890.0,22581.0,6321535.44944579,11252096.994569566,0.5708338868960631,0.5618095411456779,55,135,0,1057.3955064545844,38651.0,6044,32607.0,0.16668964566386324,0.1765077280533387,78,75.39550645458432,982.0,7,9,False,{},{},{},{},0.0,0.0,0.0,0.0,0.0,0.0,0.0,0.0,0.0,0.0,0.0,0.0,0.0,0.0,Leave Event,0.0,"{'node_level': {}, 'link_level': {}, 'path_level': {}}","{'node_level': {}, 'link_level': {}, 'path_level': {}}","{'node_level': {}, 'link_level': {}, 'path_level': {}}",[],0.0,0.0,True,True,False,0,[],0,0.0,,,,,
85,60,23,12890.0,22581.0,6321535.44944579,11252096.994569566,0.5708338868960631,0.5618095411456779,55,136,1,1061.0,38651.0,6044,32607.0,0.16668964566386324,0.1765077280533387,84,227.45592757291564,1061.0,7,11,False,"{6: np.int64(28), 3: np.int64(52), 5: np.int64(20), 1: np.int64(41), 2: np.int64(50), 4: np.int64(72), 0: np.int64(8)}","{(0, 6): [(np.int64(8), 28)], (0, 1): [(np.int64(8), 2), (2, np.int64(41))], (2, 3): [(np.int64(50), 93), (93, np.int64(52))], (0, 3): [(np.int64(8), 28), (28, 20), (20, 72), (72, np.int64(52))], (1, 5): [(np.int64(41), 67), (67, np.int64(20))], (2, 6): [(np.int64(50), 93), (93, 20), (20, np.int64(28))], (5, 6): [(np.int64(20), 28)]}","{(6, np.int64(28)): {'cpu': 18}, (3, np.int64(52)): {'cpu': 17}, (5, np.int64(20)): {'cpu': 20}, (1, np.int64(41)): {'cpu': 13}, (2, np.int64(50)): {'cpu': 8}, (4, np.int64(72)): {'cpu': 16}, (0, np.int64(8)): {'cpu': 1}}","{((0, 6), (np.int64(8), 28)): {'bw': 43.0}, ((0, 1), (np.int64(8), 2)): {'bw': 33.0}, ((0, 1), (2, np.int64(41))): {'bw': 33.0}, ((2, 3), (np.int64(50), 93)): {'bw': 34.0}, ((2, 3), (93, np.int64(52))): {'bw': 34.0}, ((0, 3), (np.int64(8), 28)): {'bw': 33.0}, ((0, 3), (28, 20)): {'bw': 33.0}, ((0, 3), (20, 72)): {'bw': 33.0}, ((0, 3), (72, np.int64(52))): {'bw': 33.0}, ((1, 5), (np.int64(41), 67)): {'bw': 19.0}, ((1, 5), (67, np.int64(20))): {'bw': 19.0}, ((2, 6), (np.int64(50), 93)): {'bw': 18.0}, ((2, 6), (93, 20)): {'bw': 18.0}, ((2, 6), (20, np.int64(28))): {'bw': 18.0}, ((5, 6), (np.int64(20), 28)): {'bw': 13.0}}",0.0,0.0,322.0,93.0,229.0,0.0,0.0,0.0,0.0,0.0,0.0,0.0,0.0,0.0,Route Failure,0.0,"{'node_level': {}, 'link_level': {}, 'path_level': {}}","{'node_level': {6: {'cpu': -40}, 3: {'cpu': -65}, 5: {'cpu': -76}, 1: {'cpu': -28}, 2: {'cpu': -77}, 4: {'cpu': -39}, 0: {'cpu': -70}}, 'link_level': {}, 'path_level': {}}","{'node_level': {6: {'cpu': 0}, 3: {'cpu': 0}, 5: {'cpu': 0}, 1: {'cpu': 0}, 2: {'cpu': 0}, 4: {'cpu': 0}, 0: {'cpu': 0}}, 'link_level': {}, 'path_level': {}}",[],0.0,0.0,True,False,False,0,[],0,0.0,"OrderedDict([((0, 6), 0), ((0, 1), 0), ((2, 3), 0), ((0, 3), 0), ((1, 5), 0), ((2, 6), 0), ((5, 6), 0)])",0.0,0.0,7.0,7.0
85,60,22,12890.0,22581.0,6321535.44944579,11252096.994569566,0.5708338868960631,0.5618095411456779,55,137,0,1073.620251322689,38894.0,6078,32816.0,0.16200193023576448,0.17122941711283968,5,1001.6202513226889,72.0,5,6,False,{},{},{},{},0.0,0.0,0.0,0.0,0.0,0.0,0.0,0.0,0.0,0.0,0.0,0.0,0.0,0.0,Leave Event,0.0,"{'node_level': {}, 'link_level': {}, 'path_level': {}}","{'node_level': {}, 'link_level': {}, 'path_level': {}}","{'node_level': {}, 'link_level': {}, 'path_level': {}}",[],0.0,0.0,True,True,False,0,[],0,0.0,,,,,
86,61,23,12907.0,22598.0,6321677.975493724,11252239.520617502,0.5711567395344721,0.5618150914678364,55,138,1,1078.0,38877.0,6062,32815.0,0.16420791396663448,0.17125467218911006,85,8.383885172651535,1078.0,2,1,True,"{0: np.int64(28), 1: np.int64(20)}","{(0, 1): [(np.int64(28), 20)]}","{(0, np.int64(28)): {'cpu': 13}, (1, np.int64(20)): {'cpu': 3}}","{((0, 1), (np.int64(28), 20)): {'bw': 1.0}}",17.0,17.0,17.0,16.0,1.0,16.0,1.0,16.0,1.0,0.0,1.0,142.5260479350761,142.5260479350761,8.383885172651535,Success,0.0,"{'node_level': {}, 'link_level': {}, 'path_level': {}}","{'node_level': {0: {'cpu': -45}, 1: {'cpu': -93}}, 'link_level': {}, 'path_level': {}}","{'node_level': {0: {'cpu': 0}, 1: {'cpu': 0}}, 'link_level': {}, 'path_level': {}}",[],0.0,0.0,True,True,False,0,[],0,0.0,"OrderedDict([((0, 1), 0)])",0.0,0.0,2.0,1.0
86,61,22,12907.0,22598.0,6321677.975493724,11252239.520617502,0.5711567395344721,0.5618150914678364,55,139,0,1079.9562772838535,38901.0,6074,32827.0,0.162553426168482,0.17095161127386604,83,25.956277283853577,1054.0,2,1,False,{},{},{},{},0.0,0.0,0.0,0.0,0.0,0.0,0.0,0.0,0.0,0.0,0.0,0.0,0.0,0.0,Leave Event,0.0,"{'node_level': {}, 'link_level': {}, 'path_level': {}}","{'node_level': {}, 'link_level': {}, 'path_level': {}}","{'node_level': {}, 'link_level': {}, 'path_level': {}}",[],0.0,0.0,True,True,False,0,[],0,0.0,,,,,
86,61,21,12907.0,22598.0,6321677.975493724,11252239.520617502,0.5711567395344721,0.5618150914678364,55,140,0,1083.1728284851836,39186.0,6138,33048.0,0.15372949124500201,0.165370239418123,68,217.1728284851835,866.0,6,5,False,{},{},{},{},0.0,0.0,0.0,0.0,0.0,0.0,0.0,0.0,0.0,0.0,0.0,0.0,0.0,0.0,Leave Event,0.0,"{'node_level': {}, 'link_level': {}, 'path_level': {}}","{'node_level': {}, 'link_level': {}, 'path_level': {}}","{'node_level': {}, 'link_level': {}, 'path_level': {}}",[],0.0,0.0,True,True,False,0,[],0,0.0,,,,,
86,61,21,12907.0,22598.0,6321677.975493724,11252239.520617502,0.5711567395344721,0.5618150914678364,55,141,0,1084.6638271383595,39186.0,6138,33048.0,0.15372949124500201,0.165370239418123,12,923.6638271383595,161.0,10,24,False,{},{},{},{},0.0,0.0,0.0,0.0,0.0,0.0,0.0,0.0,0.0,0.0,0.0,0.0,0.0,0.0,Leave Event,0.0,"{'node_level': {}, 'link_level': {}, 'path_level': {}}","{'node_level': {}, 'link_level': {}, 'path_level': {}}","{'node_level': {}, 'link_level': {}, 'path_level': {}}",[],0.0,0.0,True,True,False,0,[],0,0.0,,,,,
87,62,22,13016.0,22772.0,6335974.922404086,11275062.169813858,0.5715791322676972,0.5619458967922203,55,142,1,1085.0,39012.0,6123,32889.0,0.1557976009926927,0.16938579654510555,86,131.1646505537754,1085.0,3,3,True,"{2: np.int64(13), 1: np.int64(60), 0: np.int64(4)}","{(0, 2): [(np.int64(4), 73), (73, np.int64(13))], (1, 2): [(np.int64(60), 13)], (0, 1): [(np.int64(4), 13), (13, np.int64(60))]}","{(2, np.int64(13)): {'cpu': 9}, (1, np.int64(60)): {'cpu': 5}, (0, np.int64(4)): {'cpu': 1}}","{((0, 2), (np.int64(4), 73)): {'bw': 46.0}, ((0, 2), (73, np.int64(13))): {'bw': 46.0}, ((1, 2), (np.int64(60), 13)): {'bw': 29.0}, ((0, 1), (np.int64(4), 13)): {'bw': 19.0}, ((0, 1), (13, np.int64(60))): {'bw': 19.0}}",174.0,109.0,109.0,15.0,94.0,15.0,94.0,15.0,159.0,65.0,0.6264367816091954,22822.64919635692,14296.94691036152,82.16636155380182,Success,0.0,"{'node_level': {}, 'link_level': {}, 'path_level': {}}","{'node_level': {2: {'cpu': -65}, 1: {'cpu': -53}, 0: {'cpu': -36}}, 'link_level': {}, 'path_level': {}}","{'node_level': {2: {'cpu': 0}, 1: {'cpu': 0}, 0: {'cpu': 0}}, 'link_level': {}, 'path_level': {}}",[],0.0,0.0,True,True,False,0,[],0,0.0,"OrderedDict([((0, 2), 0), ((1, 2), 0), ((0, 1), 0)])",0.0,0.0,3.0,3.0
87,62,21,13016.0,22772.0,6335974.922404086,11275062.169813858,0.5715791322676972,0.5619458967922203,55,143,0,1086.3838851726516,39029.0,6139,32890.0,0.1535916172618227,0.16936054146883528,85,8.383885172651535,1078.0,2,1,False,{},{},{},{},0.0,0.0,0.0,0.0,0.0,0.0,0.0,0.0,0.0,0.0,0.0,0.0,0.0,0.0,Leave Event,0.0,"{'node_level': {}, 'link_level': {}, 'path_level': {}}","{'node_level': {}, 'link_level': {}, 'path_level': {}}","{'node_level': {}, 'link_level': {}, 'path_level': {}}",[],0.0,0.0,True,True,False,0,[],0,0.0,,,,,
87,62,20,13016.0,22772.0,6335974.922404086,11275062.169813858,0.5715791322676972,0.5619458967922203,55,144,0,1092.1185821927488,39056.0,6164,32892.0,0.1501447676823383,0.16931003131629463,1,1062.1185821927488,30.0,2,1,False,{},{},{},{},0.0,0.0,0.0,0.0,0.0,0.0,0.0,0.0,0.0,0.0,0.0,0.0,0.0,0.0,Leave Event,0.0,"{'node_level': {}, 'link_level': {}, 'path_level': {}}","{'node_level': {}, 'link_level': {}, 'path_level': {}}","{'node_level': {}, 'link_level': {}, 'path_level': {}}",[],0.0,0.0,True,True,False,0,[],0,0.0,,,,,
88,63,21,13197.0,23133.0,6467000.287229113,11536389.00242068,0.570483724549345,0.5605740484194961,55,145,1,1097.0,38695.0,6106,32589.0,0.158141458706742,0.17696231942620466,87,723.8970432321961,1097.0,4,4,True,"{3: np.int64(18), 1: np.int64(28), 0: np.int64(20), 2: np.int64(68)}","{(1, 3): [(np.int64(28), 8), (8, 2), (2, np.int64(18))], (0, 1): [(np.int64(20), 28)], (0, 3): [(np.int64(20), 93), (93, 50), (50, 0), (0, np.int64(18))], (1, 2): [(np.int64(28), 68)]}","{(3, np.int64(18)): {'cpu': 20}, (1, np.int64(28)): {'cpu': 16}, (0, np.int64(20)): {'cpu': 16}, (2, np.int64(68)): {'cpu': 6}}","{((1, 3), (np.int64(28), 8)): {'bw': 45.0}, ((1, 3), (8, 2)): {'bw': 45.0}, ((1, 3), (2, np.int64(18))): {'bw': 45.0}, ((0, 1), (np.int64(20), 28)): {'bw': 35.0}, ((0, 3), (np.int64(20), 93)): {'bw': 30.0}, ((0, 3), (93, 50)): {'bw': 30.0}, ((0, 3), (50, 0)): {'bw': 30.0}, ((0, 3), (0, np.int64(18))): {'bw': 30.0}, ((1, 2), (np.int64(28), 68)): {'bw': 13.0}}",361.0,181.0,181.0,58.0,123.0,58.0,123.0,58.0,303.0,180.0,0.5013850415512465,261326.8326068228,131025.3648250275,362.9511490997991,Success,0.0,"{'node_level': {}, 'link_level': {}, 'path_level': {}}","{'node_level': {3: {'cpu': -14}, 1: {'cpu': -42}, 0: {'cpu': -80}, 2: {'cpu': -34}}, 'link_level': {}, 'path_level': {}}","{'node_level': {3: {'cpu': 0}, 1: {'cpu': 0}, 0: {'cpu': 0}, 2: {'cpu': 0}}, 'link_level': {}, 'path_level': {}}",[],0.0,0.0,True,True,False,0,[],0,0.0,"OrderedDict([((1, 3), 0), ((0, 1), 0), ((0, 3), 0), ((1, 2), 0)])",1.0,0.0,4.0,4.0
88,63,21,13197.0,23133.0,6467000.287229113,11536389.00242068,0.570483724549345,0.5605740484194961,55,146,0,1108.6412263936854,38695.0,6106,32589.0,0.158141458706742,0.17696231942620466,14,920.6412263936853,188.0,8,14,False,{},{},{},{},0.0,0.0,0.0,0.0,0.0,0.0,0.0,0.0,0.0,0.0,0.0,0.0,0.0,0.0,Leave Event,0.0,"{'node_level': {}, 'link_level': {}, 'path_level': {}}","{'node_level': {}, 'link_level': {}, 'path_level': {}}","{'node_level': {}, 'link_level': {}, 'path_level': {}}",[],0.0,0.0,True,True,False,0,[],0,0.0,,,,,
89,64,22,13435.0,23591.0,6810269.082932512,12196965.08827008,0.569496842016023,0.5583576761633928,55,147,1,1112.0,38237.0,6046,32191.0,0.16641389769750448,0.1870138397817961,88,1442.305864299997,1112.0,6,6,True,"{1: np.int64(52), 0: np.int64(60), 2: np.int64(40), 3: np.int64(72), 5: np.int64(4), 4: np.int64(41)}","{(0, 5): [(np.int64(60), 5), (5, 15), (15, np.int64(4))], (0, 2): [(np.int64(60), 40)], (1, 3): [(np.int64(52), 72)], (2, 5): [(np.int64(40), 30), (30, 51), (51, 68), (68, np.int64(4))], (0, 1): [(np.int64(60), 80), (80, 50), (50, 93), (93, np.int64(52))], (4, 5): [(np.int64(41), 22), (22, np.int64(4))]}","{(1, np.int64(52)): {'cpu': 17}, (0, np.int64(60)): {'cpu': 8}, (2, np.int64(40)): {'cpu': 7, 'nic_slots': 1}, (3, np.int64(72)): {'cpu': 9}, (5, np.int64(4)): {'cpu': 3, 'nic_slots': 1}, (4, np.int64(41)): {'cpu': 16}}","{((0, 5), (np.int64(60), 5)): {'bw': 43.0}, ((0, 5), (5, 15)): {'bw': 43.0}, ((0, 5), (15, np.int64(4))): {'bw': 43.0}, ((0, 2), (np.int64(60), 40)): {'bw': 42.0}, ((1, 3), (np.int64(52), 72)): {'bw': 41.0}, ((2, 5), (np.int64(40), 30)): {'bw': 30.0}, ((2, 5), (30, 51)): {'bw': 30.0}, ((2, 5), (51, 68)): {'bw': 30.0}, ((2, 5), (68, np.int64(4))): {'bw': 30.0}, ((0, 1), (np.int64(60), 80)): {'bw': 11.0}, ((0, 1), (80, 50)): {'bw': 11.0}, ((0, 1), (50, 93)): {'bw': 11.0}, ((0, 1), (93, np.int64(52))): {'bw': 11.0}, ((4, 5), (np.int64(41), 22)): {'bw': 11.0}, ((4, 5), (22, np.int64(4))): {'bw': 11.0}}",458.0,238.0,238.0,60.0,178.0,60.0,178.0,60.0,398.0,220.0,0.519650655021834,660576.0858493986,343268.7957033993,749.495187125326,Success,0.0,"{'node_level': {}, 'link_level': {}, 'path_level': {}}","{'node_level': {1: {'cpu': -65}, 0: {'cpu': -45}, 2: {'cpu': -62}, 3: {'cpu': -46}, 5: {'cpu': -33}, 4: {'cpu': -25}}, 'link_level': {}, 'path_level': {}}","{'node_level': {1: {'cpu': 0}, 0: {'cpu': 0}, 2: {'cpu': 0}, 3: {'cpu': 0}, 5: {'cpu': 0}, 4: {'cpu': 0}}, 'link_level': {}, 'path_level': {}}",[],0.0,0.0,True,True,False,0,[],0,0.0,"OrderedDict([((0, 5), 0), ((0, 2), 0), ((1, 3), 0), ((2, 5), 1), ((0, 1), 0), ((4, 5), 0)])",0.0,1.0,6.0,6.0
89,64,21,13435.0,23591.0,6810269.082932512,12196965.08827008,0.569496842016023,0.5583576761633928,55,148,0,1117.275997393307,38387.0,6074,32313.0,0.162553426168482,0.18393272047681586,56,401.275997393307,716.0,3,2,False,{},{},{},{},0.0,0.0,0.0,0.0,0.0,0.0,0.0,0.0,0.0,0.0,0.0,0.0,0.0,0.0,Leave Event,0.0,"{'node_level': {}, 'link_level': {}, 'path_level': {}}","{'node_level': {}, 'link_level': {}, 'path_level': {}}","{'node_level': {}, 'link_level': {}, 'path_level': {}}",[],0.0,0.0,True,True,False,0,[],0,0.0,,,,,
90,65,22,13534.0,23749.0,6878890.50506465,12306482.10541026,0.5698766263842688,0.5589648159517906,55,149,1,1119.0,38229.0,6037,32192.0,0.16765476354611886,0.18698858470552582,89,693.1456781024035,1119.0,4,3,True,"{2: np.int64(13), 3: np.int64(46), 1: np.int64(5), 0: np.int64(1)}","{(2, 3): [(np.int64(13), 46)], (1, 2): [(np.int64(5), 85), (85, 30), (30, np.int64(13))], (0, 3): [(np.int64(1), 13), (13, np.int64(46))]}","{(2, np.int64(13)): {'cpu': 13}, (3, np.int64(46)): {'cpu': 9}, (1, np.int64(5)): {'cpu': 1}, (0, np.int64(1)): {'cpu': 14}}","{((2, 3), (np.int64(13), 46)): {'bw': 32.0}, ((1, 2), (np.int64(5), 85)): {'bw': 29.0}, ((1, 2), (85, 30)): {'bw': 29.0}, ((1, 2), (30, np.int64(13))): {'bw': 29.0}, ((0, 3), (np.int64(1), 13)): {'bw': 1.0}, ((0, 3), (13, np.int64(46))): {'bw': 1.0}}",158.0,99.0,99.0,37.0,62.0,37.0,62.0,37.0,121.0,59.0,0.6265822784810127,109517.01714017976,68621.42213213794,434.31279830467054,Success,0.0,"{'node_level': {}, 'link_level': {}, 'path_level': {}}","{'node_level': {2: {'cpu': -52}, 3: {'cpu': -68}, 1: {'cpu': -57}, 0: {'cpu': -25}}, 'link_level': {}, 'path_level': {}}","{'node_level': {2: {'cpu': 0}, 3: {'cpu': 0}, 1: {'cpu': 0}, 0: {'cpu': 0}}, 'link_level': {}, 'path_level': {}}",[],0.0,0.0,True,True,False,0,[],0,0.0,"OrderedDict([((2, 3), 0), ((1, 2), 0), ((0, 3), 0)])",0.0,0.0,4.0,3.0
91,66,23,13568.0,23783.0,6885938.918377773,12313530.518723382,0.5704915275617037,0.5592172698079836,55,150,1,1130.0,38195.0,6011,32184.0,0.17123948710878256,0.18719062531568842,90,207.30627391535805,1130.0,2,1,True,"{0: np.int64(77), 1: np.int64(91)}","{(0, 1): [(np.int64(77), 91)]}","{(0, np.int64(77)): {'cpu': 16}, (1, np.int64(91)): {'cpu': 10}}","{((0, 1), (np.int64(77), 91)): {'bw': 8.0}}",34.0,34.0,34.0,26.0,8.0,26.0,8.0,26.0,8.0,0.0,1.0,7048.413313122173,7048.413313122173,207.30627391535805,Success,0.0,"{'node_level': {}, 'link_level': {}, 'path_level': {}}","{'node_level': {0: {'cpu': -17}, 1: {'cpu': -47}}, 'link_level': {}, 'path_level': {}}","{'node_level': {0: {'cpu': 0}, 1: {'cpu': 0}}, 'link_level': {}, 'path_level': {}}",[],0.0,0.0,True,True,False,0,[],0,0.0,"OrderedDict([((0, 1), 0)])",0.0,0.0,2.0,1.0
91,66,23,13568.0,23783.0,6885938.918377773,12313530.518723382,0.5704915275617037,0.5592172698079836,55,151,0,1136.0367475186629,38195.0,6011,32184.0,0.17123948710878256,0.18719062531568842,66,297.0367475186629,839.0,6,10,False,{},{},{},{},0.0,0.0,0.0,0.0,0.0,0.0,0.0,0.0,0.0,0.0,0.0,0.0,0.0,0.0,Leave Event,0.0,"{'node_level': {}, 'link_level': {}, 'path_level': {}}","{'node_level': {}, 'link_level': {}, 'path_level': {}}","{'node_level': {}, 'link_level': {}, 'path_level': {}}",[],0.0,0.0,True,True,False,0,[],0,0.0,,,,,
92,66,23,13568.0,23783.0,6885938.918377773,12313530.518723382,0.5704915275617037,0.5592172698079836,55,152,1,1147.0,38195.0,6011,32184.0,0.17123948710878256,0.18719062531568842,91,336.2302533398408,1147.0,5,6,False,"{0: np.int64(36), 4: np.int64(69), 2: np.int64(5)}",{},"{(0, np.int64(36)): {'cpu': 13}, (4, np.int64(69)): {'cpu': 10}, (2, np.int64(5)): {'cpu': 15}}",{},0.0,0.0,283.0,61.0,222.0,0.0,0.0,0.0,0.0,0.0,0.0,0.0,0.0,0.0,Place Failure,0.0,"{'node_level': {}, 'link_level': {}, 'path_level': {}}","{'node_level': {0: {'cpu': -42}, 4: {'cpu': -74}, 2: {'cpu': -42}}, 'link_level': {}, 'path_level': {}}","{'node_level': {0: {'cpu': 0}, 4: {'cpu': 0}, 2: {'cpu': 0}}, 'link_level': {}, 'path_level': {}}",[],0.0,0.0,False,True,False,0,[],0,0.0,,,,3.0,0.0
92,66,23,13568.0,23783.0,6885938.918377773,12313530.518723382,0.5704915275617037,0.5592172698079836,55,153,0,1151.4092813015957,38195.0,6011,32184.0,0.17123948710878256,0.18719062531568842,34,728.4092813015957,423.0,9,23,False,{},{},{},{},0.0,0.0,0.0,0.0,0.0,0.0,0.0,0.0,0.0,0.0,0.0,0.0,0.0,0.0,Leave Event,0.0,"{'node_level': {}, 'link_level': {}, 'path_level': {}}","{'node_level': {}, 'link_level': {}, 'path_level': {}}","{'node_level': {}, 'link_level': {}, 'path_level': {}}",[],0.0,0.0,True,True,False,0,[],0,0.0,,,,,
93,67,24,13687.0,23971.0,6910570.664306135,12352444.537500963,0.5709816027700138,0.5594496411885304,56,154,1,1161.0,38007.0,5964,32043.0,0.17771956431821312,0.190751591069805,92,206.9894615828749,1161.0,4,3,True,"{0: np.int64(36), 1: np.int64(5), 3: np.int64(10), 2: np.int64(85)}","{(0, 2): [(np.int64(36), 85)], (1, 3): [(np.int64(5), 19), (19, 31), (31, 3), (3, np.int64(10))], (1, 2): [(np.int64(5), 85)]}","{(0, np.int64(36)): {'cpu': 12}, (1, np.int64(5)): {'cpu': 15}, (3, np.int64(10)): {'cpu': 17}, (2, np.int64(85)): {'cpu': 3}}","{((0, 2), (np.int64(36), 85)): {'bw': 44.0}, ((1, 3), (np.int64(5), 19)): {'bw': 23.0}, ((1, 3), (19, 31)): {'bw': 23.0}, ((1, 3), (31, 3)): {'bw': 23.0}, ((1, 3), (3, np.int64(10))): {'bw': 23.0}, ((1, 2), (np.int64(5), 85)): {'bw': 5.0}}",188.0,119.0,119.0,47.0,72.0,47.0,72.0,47.0,141.0,69.0,0.6329787234042553,38914.01877758048,24631.745928362114,131.0199251508623,Success,0.0,"{'node_level': {}, 'link_level': {}, 'path_level': {}}","{'node_level': {0: {'cpu': -43}, 1: {'cpu': -42}, 3: {'cpu': -46}, 2: {'cpu': -53}}, 'link_level': {}, 'path_level': {}}","{'node_level': {0: {'cpu': 0}, 1: {'cpu': 0}, 3: {'cpu': 0}, 2: {'cpu': 0}}, 'link_level': {}, 'path_level': {}}",[],0.0,0.0,True,True,False,0,[],0,0.0,"OrderedDict([((0, 2), 0), ((1, 3), 0), ((1, 2), 0)])",0.0,0.0,4.0,3.0
94,68,25,13757.0,24041.0,6917494.696765206,12359368.569960034,0.5722307724304313,0.5596964486987198,56,155,1,1168.0,37937.0,5933,32004.0,0.1819936577967738,0.19173653904434795,93,98.91474941530419,1168.0,2,1,True,"{1: np.int64(50), 0: np.int64(4)}","{(0, 1): [(np.int64(4), 50)]}","{(1, np.int64(50)): {'cpu': 17}, (0, np.int64(4)): {'cpu': 14}}","{((0, 1), (np.int64(4), 50)): {'bw': 39.0}}",70.0,70.0,70.0,31.0,39.0,31.0,39.0,31.0,39.0,0.0,1.0,6924.0324590712935,6924.0324590712935,98.91474941530419,Success,0.0,"{'node_level': {}, 'link_level': {}, 'path_level': {}}","{'node_level': {1: {'cpu': -68}, 0: {'cpu': -19}}, 'link_level': {}, 'path_level': {}}","{'node_level': {1: {'cpu': 0}, 0: {'cpu': 0}}, 'link_level': {}, 'path_level': {}}",[],0.0,0.0,True,True,False,0,[],0,0.0,"OrderedDict([((0, 1), 0)])",0.0,0.0,2.0,1.0
95,69,26,14357.0,25278.0,6973750.3842659835,12475349.045690805,0.5679642376770314,0.5590024262026427,56,156,1,1173.0,36700.0,5851,30849.0,0.19329932441748243,0.2209061521365795,94,93.75947916796311,1173.0,9,23,True,"{5: np.int64(7), 7: np.int64(34), 8: np.int64(42), 2: np.int64(78), 3: np.int64(80), 1: np.int64(69), 4: np.int64(46), 6: np.int64(18), 0: np.int64(25)}","{(2, 3): [(np.int64(78), 68), (68, 97), (97, np.int64(80))], (0, 7): [(np.int64(25), 91), (91, np.int64(34))], (4, 5): [(np.int64(46), 41), (41, 68), (68, np.int64(7))], (5, 7): [(np.int64(7), 15), (15, np.int64(34))], (4, 7): [(np.int64(46), 39), (39, 29), (29, np.int64(34))], (3, 8): [(np.int64(80), 42)], (5, 8): [(np.int64(7), 42)], (5, 6): [(np.int64(7), 70), (70, 37), (37, np.int64(18))], (3, 4): [(np.int64(80), 56), (56, 6), (6, np.int64(46))], (3, 7): [(np.int64(80), 34)], (6, 8): [(np.int64(18), 42)], (1, 2): [(np.int64(69), 14), (14, 73), (73, np.int64(78))], (2, 6): [(np.int64(78), 46), (46, 33), (33, np.int64(18))], (0, 5): [(np.int64(25), 95), (95, np.int64(7))], (2, 7): [(np.int64(78), 68), (68, 29), (29, np.int64(34))], (0, 8): [(np.int64(25), 45), (45, np.int64(42))], (2, 4): [(np.int64(78), 46)], (1, 6): [(np.int64(69), 12), (12, 37), (37, np.int64(18))], (0, 2): [(np.int64(25), 11), (11, 27), (27, np.int64(78))], (2, 5): [(np.int64(78), 68), (68, np.int64(7))], (0, 1): [(np.int64(25), 91), (91, np.int64(69))], (0, 3): [(np.int64(25), 81), (81, np.int64(80))], (4, 6): [(np.int64(46), 41), (41, np.int64(18))]}","{(5, np.int64(7)): {'cpu': 20, 'nic_slots': 1}, (7, np.int64(34)): {'cpu': 18, 'nic_slots': 2}, (8, np.int64(42)): {'cpu': 13}, (2, np.int64(78)): {'cpu': 5}, (3, np.int64(80)): {'cpu': 4, 'nic_slots': 1}, (1, np.int64(69)): {'cpu': 14}, (4, np.int64(46)): {'cpu': 4}, (6, np.int64(18)): {'cpu': 3}, (0, np.int64(25)): {'cpu': 1}}","{((2, 3), (np.int64(78), 68)): {'bw': 45.0}, ((2, 3), (68, 97)): {'bw': 45.0}, ((2, 3), (97, np.int64(80))): {'bw': 45.0}, ((0, 7), (np.int64(25), 91)): {'bw': 42.0}, ((0, 7), (91, np.int64(34))): {'bw': 42.0}, ((4, 5), (np.int64(46), 41)): {'bw': 42.0}, ((4, 5), (41, 68)): {'bw': 42.0}, ((4, 5), (68, np.int64(7))): {'bw': 42.0}, ((5, 7), (np.int64(7), 15)): {'bw': 41.0}, ((5, 7), (15, np.int64(34))): {'bw': 41.0}, ((4, 7), (np.int64(46), 39)): {'bw': 39.0}, ((4, 7), (39, 29)): {'bw': 39.0}, ((4, 7), (29, np.int64(34))): {'bw': 39.0}, ((3, 8), (np.int64(80), 42)): {'bw': 41.0}, ((5, 8), (np.int64(7), 42)): {'bw': 37.0}, ((5, 6), (np.int64(7), 70)): {'bw': 28.0}, ((5, 6), (70, 37)): {'bw': 28.0}, ((5, 6), (37, np.int64(18))): {'bw': 28.0}, ((3, 4), (np.int64(80), 56)): {'bw': 26.0}, ((3, 4), (56, 6)): {'bw': 26.0}, ((3, 4), (6, np.int64(46))): {'bw': 26.0}, ((3, 7), (np.int64(80), 34)): {'bw': 27.0}, ((6, 8), (np.int64(18), 42)): {'bw': 22.0}, ((1, 2), (np.int64(69), 14)): {'bw': 23.0}, ((1, 2), (14, 73)): {'bw': 23.0}, ((1, 2), (73, np.int64(78))): {'bw': 23.0}, ((2, 6), (np.int64(78), 46)): {'bw': 23.0}, ((2, 6), (46, 33)): {'bw': 23.0}, ((2, 6), (33, np.int64(18))): {'bw': 23.0}, ((0, 5), (np.int64(25), 95)): {'bw': 16.0}, ((0, 5), (95, np.int64(7))): {'bw': 16.0}, ((2, 7), (np.int64(78), 68)): {'bw': 13.0}, ((2, 7), (68, 29)): {'bw': 13.0}, ((2, 7), (29, np.int64(34))): {'bw': 13.0}, ((0, 8), (np.int64(25), 45)): {'bw': 9.0}, ((0, 8), (45, np.int64(42))): {'bw': 9.0}, ((2, 4), (np.int64(78), 46)): {'bw': 13.0}, ((1, 6), (np.int64(69), 12)): {'bw': 11.0}, ((1, 6), (12, 37)): {'bw': 11.0}, ((1, 6), (37, np.int64(18))): {'bw': 11.0}, ((0, 2), (np.int64(25), 11)): {'bw': 9.0}, ((0, 2), (11, 27)): {'bw': 9.0}, ((0, 2), (27, np.int64(78))): {'bw': 9.0}, ((2, 5), (np.int64(78), 68)): {'bw': 4.0}, ((2, 5), (68, np.int64(7))): {'bw': 4.0}, ((0, 1), (np.int64(25), 91)): {'bw': 4.0}, ((0, 1), (91, np.int64(69))): {'bw': 4.0}, ((0, 3), (np.int64(25), 81)): {'bw': 2.0}, ((0, 3), (81, np.int64(80))): {'bw': 2.0}, ((4, 6), (np.int64(46), 41)): {'bw': 1.0}, ((4, 6), (41, np.int64(18))): {'bw': 1.0}}",1237.0,600.0,600.0,82.0,518.0,82.0,518.0,82.0,1155.0,637.0,0.4850444624090542,115980.47573077037,56255.687500777865,45.47751616877758,Success,0.0,"{'node_level': {}, 'link_level': {}, 'path_level': {}}","{'node_level': {5: {'cpu': -7}, 7: {'cpu': -32}, 8: {'cpu': -57}, 2: {'cpu': -38}, 3: {'cpu': -36}, 1: {'cpu': -70}, 4: {'cpu': -64}, 6: {'cpu': -11}, 0: {'cpu': -45}}, 'link_level': {}, 'path_level': {}}","{'node_level': {5: {'cpu': 0}, 7: {'cpu': 0}, 8: {'cpu': 0}, 2: {'cpu': 0}, 3: {'cpu': 0}, 1: {'cpu': 0}, 4: {'cpu': 0}, 6: {'cpu': 0}, 0: {'cpu': 0}}, 'link_level': {}, 'path_level': {}}",[],0.0,0.0,True,True,False,0,[],0,0.0,"OrderedDict([((2, 3), 0), ((0, 7), 0), ((4, 5), 0), ((5, 7), 1), ((4, 7), 0), ((3, 8), 0), ((5, 8), 0), ((5, 6), 0), ((3, 4), 0), ((3, 7), 1), ((6, 8), 0), ((1, 2), 0), ((2, 6), 0), ((0, 5), 0), ((2, 7), 0), ((0, 8), 0), ((2, 4), 0), ((1, 6), 0), ((0, 2), 0), ((2, 5), 0), ((0, 1), 0), ((0, 3), 0), ((4, 6), 0)])",0.0,2.0,9.0,23.0
96,70,27,14665.0,25956.0,7069630.375583861,12686409.54605938,0.5649946062567421,0.5572601412493271,57,157,1,1186.0,36022.0,5777,30245.0,0.20350199917275613,0.23616021820385902,95,311.29867310999197,1186.0,7,8,True,"{4: np.int64(60), 2: np.int64(52), 5: np.int64(32), 6: np.int64(53), 1: np.int64(1), 0: np.int64(20), 3: np.int64(48)}","{(0, 6): [(np.int64(20), 56), (56, 80), (80, 97), (97, 84), (84, np.int64(53))], (1, 2): [(np.int64(1), 94), (94, np.int64(52))], (1, 4): [(np.int64(1), 13), (13, np.int64(60))], (3, 4): [(np.int64(48), 60)], (5, 6): [(np.int64(32), 31), (31, 21), (21, np.int64(53))], (4, 5): [(np.int64(60), 32)], (0, 2): [(np.int64(20), 28), (28, 26), (26, np.int64(52))], (3, 5): [(np.int64(48), 99), (99, np.int64(32))]}","{(4, np.int64(60)): {'cpu': 14}, (2, np.int64(52)): {'cpu': 17}, (5, np.int64(32)): {'cpu': 12}, (6, np.int64(53)): {'cpu': 9}, (1, np.int64(1)): {'cpu': 9}, (0, np.int64(20)): {'cpu': 5}, (3, np.int64(48)): {'cpu': 8}}","{((0, 6), (np.int64(20), 56)): {'bw': 48.0}, ((0, 6), (56, 80)): {'bw': 48.0}, ((0, 6), (80, 97)): {'bw': 48.0}, ((0, 6), (97, 84)): {'bw': 48.0}, ((0, 6), (84, np.int64(53))): {'bw': 48.0}, ((1, 2), (np.int64(1), 94)): {'bw': 33.0}, ((1, 2), (94, np.int64(52))): {'bw': 33.0}, ((1, 4), (np.int64(1), 13)): {'bw': 33.0}, ((1, 4), (13, np.int64(60))): {'bw': 33.0}, ((3, 4), (np.int64(48), 60)): {'bw': 31.0}, ((5, 6), (np.int64(32), 31)): {'bw': 29.0}, ((5, 6), (31, 21)): {'bw': 29.0}, ((5, 6), (21, np.int64(53))): {'bw': 29.0}, ((4, 5), (np.int64(60), 32)): {'bw': 28.0}, ((0, 2), (np.int64(20), 28)): {'bw': 22.0}, ((0, 2), (28, 26)): {'bw': 22.0}, ((0, 2), (26, np.int64(52))): {'bw': 22.0}, ((3, 5), (np.int64(48), 99)): {'bw': 10.0}, ((3, 5), (99, np.int64(32))): {'bw': 10.0}}",678.0,308.0,308.0,74.0,234.0,74.0,234.0,74.0,604.0,370.0,0.45427728613569324,211060.50036857455,95879.99131787753,141.41591639804946,Success,0.0,"{'node_level': {}, 'link_level': {}, 'path_level': {}}","{'node_level': {4: {'cpu': -31}, 2: {'cpu': -48}, 5: {'cpu': -40}, 6: {'cpu': -56}, 1: {'cpu': -16}, 0: {'cpu': -75}, 3: {'cpu': -52}}, 'link_level': {}, 'path_level': {}}","{'node_level': {4: {'cpu': 0}, 2: {'cpu': 0}, 5: {'cpu': 0}, 6: {'cpu': 0}, 1: {'cpu': 0}, 0: {'cpu': 0}, 3: {'cpu': 0}}, 'link_level': {}, 'path_level': {}}",[],0.0,0.0,True,True,False,0,[],0,0.0,"OrderedDict([((0, 6), 0), ((1, 2), 0), ((1, 4), 0), ((3, 4), 0), ((5, 6), 0), ((4, 5), 0), ((0, 2), 0), ((3, 5), 0)])",0.0,0.0,7.0,8.0
96,70,26,14665.0,25956.0,7069630.375583861,12686409.54605938,0.5649946062567421,0.5572601412493271,57,158,0,1194.731311046663,36274.0,5816,30458.0,0.19812491382876052,0.23078088695827859,69,316.7313110466631,878.0,6,6,False,{},{},{},{},0.0,0.0,0.0,0.0,0.0,0.0,0.0,0.0,0.0,0.0,0.0,0.0,0.0,0.0,Leave Event,0.0,"{'node_level': {}, 'link_level': {}, 'path_level': {}}","{'node_level': {}, 'link_level': {}, 'path_level': {}}","{'node_level': {}, 'link_level': {}, 'path_level': {}}",[],0.0,0.0,True,True,False,0,[],0,0.0,,,,,
97,71,27,14699.0,26015.0,7104922.90301342,12747652.461304791,0.5650201806650009,0.5573514750719987,57,159,1,1200.0,36215.0,5807,30408.0,0.1993657796773749,0.23204364077179518,96,1038.015512634093,1200.0,2,1,True,"{0: np.int64(98), 1: np.int64(77)}","{(0, 1): [(np.int64(98), 63), (63, np.int64(77))]}","{(0, np.int64(98)): {'cpu': 5}, (1, np.int64(77)): {'cpu': 4}}","{((0, 1), (np.int64(98), 63)): {'bw': 25.0}, ((0, 1), (63, np.int64(77))): {'bw': 25.0}}",59.0,34.0,34.0,9.0,25.0,9.0,25.0,9.0,50.0,25.0,0.576271186440678,61242.91524541149,35292.527429559166,598.1784310094773,Success,0.0,"{'node_level': {}, 'link_level': {}, 'path_level': {}}","{'node_level': {0: {'cpu': -23}, 1: {'cpu': -14}}, 'link_level': {}, 'path_level': {}}","{'node_level': {0: {'cpu': 0}, 1: {'cpu': 0}}, 'link_level': {}, 'path_level': {}}",[],0.0,0.0,True,True,False,0,[],0,0.0,"OrderedDict([((0, 1), 0)])",1.0,0.0,2.0,1.0
97,71,26,14699.0,26015.0,7104922.90301342,12747652.461304791,0.5650201806650009,0.5573514750719987,57,160,0,1206.0384341796394,36554.0,5880,30674.0,0.18930097890528053,0.22532579048388723,65,385.03843417963935,821.0,6,6,False,{},{},{},{},0.0,0.0,0.0,0.0,0.0,0.0,0.0,0.0,0.0,0.0,0.0,0.0,0.0,0.0,Leave Event,0.0,"{'node_level': {}, 'link_level': {}, 'path_level': {}}","{'node_level': {}, 'link_level': {}, 'path_level': {}}","{'node_level': {}, 'link_level': {}, 'path_level': {}}",[],0.0,0.0,True,True,False,0,[],0,0.0,,,,,
98,72,27,14882.0,26375.0,7368858.705287734,13266870.432991967,0.5642464454976304,0.5554330799042783,57,161,1,1216.0,36194.0,5843,30351.0,0.19440231628291738,0.233483180119204,97,1442.2721435754875,1216.0,4,5,True,"{3: np.int64(59), 0: np.int64(9), 2: np.int64(98), 1: np.int64(32)}","{(0, 3): [(np.int64(9), 81), (81, np.int64(59))], (1, 3): [(np.int64(32), 60), (60, np.int64(59))], (2, 3): [(np.int64(98), 63), (63, 77), (77, np.int64(59))], (0, 2): [(np.int64(9), 43), (43, np.int64(98))], (1, 2): [(np.int64(32), 49), (49, 55), (55, np.int64(98))]}","{(3, np.int64(59)): {'cpu': 7}, (0, np.int64(9)): {'cpu': 10}, (2, np.int64(98)): {'cpu': 12}, (1, np.int64(32)): {'cpu': 8}}","{((0, 3), (np.int64(9), 81)): {'bw': 46.0}, ((0, 3), (81, np.int64(59))): {'bw': 46.0}, ((1, 3), (np.int64(32), 60)): {'bw': 40.0}, ((1, 3), (60, np.int64(59))): {'bw': 40.0}, ((2, 3), (np.int64(98), 63)): {'bw': 28.0}, ((2, 3), (63, 77)): {'bw': 28.0}, ((2, 3), (77, np.int64(59))): {'bw': 28.0}, ((0, 2), (np.int64(9), 43)): {'bw': 29.0}, ((0, 2), (43, np.int64(98))): {'bw': 29.0}, ((1, 2), (np.int64(32), 49)): {'bw': 3.0}, ((1, 2), (49, 55)): {'bw': 3.0}, ((1, 2), (55, np.int64(98))): {'bw': 3.0}}",360.0,183.0,183.0,37.0,146.0,37.0,146.0,37.0,323.0,177.0,0.5083333333333333,519217.9716871755,263935.8022743142,733.1550063175395,Success,0.0,"{'node_level': {}, 'link_level': {}, 'path_level': {}}","{'node_level': {3: {'cpu': -81}, 0: {'cpu': -71}, 2: {'cpu': -11}, 1: {'cpu': -52}}, 'link_level': {}, 'path_level': {}}","{'node_level': {3: {'cpu': 0}, 0: {'cpu': 0}, 2: {'cpu': 0}, 1: {'cpu': 0}}, 'link_level': {}, 'path_level': {}}",[],0.0,0.0,True,True,False,0,[],0,0.0,"OrderedDict([((0, 3), 0), ((1, 3), 0), ((2, 3), 0), ((0, 2), 0), ((1, 2), 0)])",3.0,0.0,4.0,5.0
98,72,26,14882.0,26375.0,7368858.705287734,13266870.432991967,0.5642464454976304,0.5554330799042783,57,162,0,1216.1646505537753,36368.0,5858,30510.0,0.19233420653522681,0.22946762299222145,86,131.1646505537754,1085.0,3,3,False,{},{},{},{},0.0,0.0,0.0,0.0,0.0,0.0,0.0,0.0,0.0,0.0,0.0,0.0,0.0,0.0,Leave Event,0.0,"{'node_level': {}, 'link_level': {}, 'path_level': {}}","{'node_level': {}, 'link_level': {}, 'path_level': {}}","{'node_level': {}, 'link_level': {}, 'path_level': {}}",[],0.0,0.0,True,True,False,0,[],0,0.0,,,,,
98,72,25,14882.0,26375.0,7368858.705287734,13266870.432991967,0.5642464454976304,0.5554330799042783,57,163,0,1224.5217545832033,37081.0,5954,31127.0,0.17909830415000694,0.21388524093342764,48,629.5217545832035,595.0,7,9,False,{},{},{},{},0.0,0.0,0.0,0.0,0.0,0.0,0.0,0.0,0.0,0.0,0.0,0.0,0.0,0.0,Leave Event,0.0,"{'node_level': {}, 'link_level': {}, 'path_level': {}}","{'node_level': {}, 'link_level': {}, 'path_level': {}}","{'node_level': {}, 'link_level': {}, 'path_level': {}}",[],0.0,0.0,True,True,False,0,[],0,0.0,,,,,
99,72,25,14882.0,26375.0,7368858.705287734,13266870.432991967,0.5642464454976304,0.5554330799042783,57,164,1,1226.0,37081.0,5954,31127.0,0.17909830415000694,0.21388524093342764,98,468.56935664517397,1226.0,9,20,False,"{5: np.int64(38), 8: np.int64(41), 6: np.int64(75), 4: np.int64(42), 2: np.int64(25), 1: np.int64(3), 3: np.int64(13), 7: np.int64(77), 0: np.int64(11)}","{(1, 4): [(np.int64(3), 77), (77, np.int64(42))], (4, 6): [(np.int64(42), 45), (45, np.int64(75))], (5, 8): [(np.int64(38), 41)]}","{(5, np.int64(38)): {'cpu': 18}, (8, np.int64(41)): {'cpu': 17}, (6, np.int64(75)): {'cpu': 18}, (4, np.int64(42)): {'cpu': 9}, (2, np.int64(25)): {'cpu': 11}, (1, np.int64(3)): {'cpu': 8}, (3, np.int64(13)): {'cpu': 9}, (7, np.int64(77)): {'cpu': 6}, (0, np.int64(11)): {'cpu': 4}}","{((1, 4), (np.int64(3), 77)): {'bw': 48.0}, ((1, 4), (77, np.int64(42))): {'bw': 48.0}, ((4, 6), (np.int64(42), 45)): {'bw': 46.0}, ((4, 6), (45, np.int64(75))): {'bw': 46.0}, ((5, 8), (np.int64(38), 41)): {'bw': 48.0}}",0.0,0.0,604.0,100.0,504.0,0.0,0.0,0.0,0.0,0.0,0.0,0.0,0.0,0.0,Route Failure,0.0,"{'node_level': {}, 'link_level': {}, 'path_level': {}}","{'node_level': {5: {'cpu': -43}, 8: {'cpu': -25}, 6: {'cpu': -41}, 4: {'cpu': -67}, 2: {'cpu': -36}, 1: {'cpu': -30}, 3: {'cpu': -52}, 7: {'cpu': -8}, 0: {'cpu': -69}}, 'link_level': {}, 'path_level': {}}","{'node_level': {5: {'cpu': 0}, 8: {'cpu': 0}, 6: {'cpu': 0}, 4: {'cpu': 0}, 2: {'cpu': 0}, 1: {'cpu': 0}, 3: {'cpu': 0}, 7: {'cpu': 0}, 0: {'cpu': 0}}, 'link_level': {}, 'path_level': {}}",[],0.0,0.0,True,False,False,0,[],0,0.0,"OrderedDict([((1, 4), 0), ((4, 6), 0), ((5, 8), 0)])",0.0,0.0,9.0,3.0
100,73,26,15075.0,26659.0,7456477.232365875,13395801.322578453,0.565475074083799,0.5566279353365802,57,165,1,1240.0,36797.0,5898,30899.0,0.18681924720805188,0.2196433983230629,99,453.98200558622,1240.0,4,5,True,"{0: np.int64(38), 1: np.int64(41), 2: np.int64(75), 3: np.int64(13)}","{(0, 1): [(np.int64(38), 41)], (0, 2): [(np.int64(38), 75)], (0, 3): [(np.int64(38), 2), (2, 23), (23, np.int64(13))], (1, 2): [(np.int64(41), 38), (38, np.int64(75))], (2, 3): [(np.int64(75), 60), (60, np.int64(13))]}","{(0, np.int64(38)): {'cpu': 20}, (1, np.int64(41)): {'cpu': 17}, (2, np.int64(75)): {'cpu': 9}, (3, np.int64(13)): {'cpu': 10}}","{((0, 1), (np.int64(38), 41)): {'bw': 40.0}, ((0, 2), (np.int64(38), 75)): {'bw': 32.0}, ((0, 3), (np.int64(38), 2)): {'bw': 26.0}, ((0, 3), (2, 23)): {'bw': 26.0}, ((0, 3), (23, np.int64(13))): {'bw': 26.0}, ((1, 2), (np.int64(41), 38)): {'bw': 19.0}, ((1, 2), (38, np.int64(75))): {'bw': 19.0}, ((2, 3), (np.int64(75), 60)): {'bw': 20.0}, ((2, 3), (60, np.int64(13))): {'bw': 20.0}}",284.0,193.0,193.0,56.0,137.0,56.0,137.0,56.0,228.0,91.0,0.6795774647887324,128930.88958648648,87618.52707814045,308.51594041598753,Success,0.0,"{'node_level': {}, 'link_level': {}, 'path_level': {}}","{'node_level': {0: {'cpu': -41}, 1: {'cpu': -25}, 2: {'cpu': -50}, 3: {'cpu': -51}}, 'link_level': {}, 'path_level': {}}","{'node_level': {0: {'cpu': 0}, 1: {'cpu': 0}, 2: {'cpu': 0}, 3: {'cpu': 0}}, 'link_level': {}, 'path_level': {}}",[],0.0,0.0,True,True,False,0,[],0,0.0,"OrderedDict([((0, 1), 0), ((0, 2), 0), ((0, 3), 0), ((1, 2), 0), ((2, 3), 0)])",0.0,0.0,4.0,5.0
100,73,25,15075.0,26659.0,7456477.232365875,13395801.322578453,0.565475074083799,0.5566279353365802,57,166,0,1240.0014385167754,37286.0,5958,31328.0,0.1785468082172894,0.20880897060309123,77,265.0014385167753,975.0,7,9,False,{},{},{},{},0.0,0.0,0.0,0.0,0.0,0.0,0.0,0.0,0.0,0.0,0.0,0.0,0.0,0.0,Leave Event,0.0,"{'node_level': {}, 'link_level': {}, 'path_level': {}}","{'node_level': {}, 'link_level': {}, 'path_level': {}}","{'node_level': {}, 'link_level': {}, 'path_level': {}}",[],0.0,0.0,True,True,False,0,[],0,0.0,,,,,
100,73,24,15075.0,26659.0,7456477.232365875,13395801.322578453,0.565475074083799,0.5566279353365802,57,167,0,1257.6362816285116,37908.0,6057,31851.0,0.16489728388253133,0.19560056571370843,81,233.63628162851163,1024.0,7,11,False,{},{},{},{},0.0,0.0,0.0,0.0,0.0,0.0,0.0,0.0,0.0,0.0,0.0,0.0,0.0,0.0,Leave Event,0.0,"{'node_level': {}, 'link_level': {}, 'path_level': {}}","{'node_level': {}, 'link_level': {}, 'path_level': {}}","{'node_level': {}, 'link_level': {}, 'path_level': {}}",[],0.0,0.0,True,True,False,0,[],0,0.0,,,,,
100,73,23,15075.0,26659.0,7456477.232365875,13395801.322578453,0.565475074083799,0.5566279353365802,57,168,0,1266.759479167963,39145.0,6139,33006.0,0.1535916172618227,0.1664309526214769,94,93.75947916796311,1173.0,9,23,False,{},{},{},{},0.0,0.0,0.0,0.0,0.0,0.0,0.0,0.0,0.0,0.0,0.0,0.0,0.0,0.0,Leave Event,0.0,"{'node_level': {}, 'link_level': {}, 'path_level': {}}","{'node_level': {}, 'link_level': {}, 'path_level': {}}","{'node_level': {}, 'link_level': {}, 'path_level': {}}",[],0.0,0.0,True,True,False,0,[],0,0.0,,,,,
100,73,22,15075.0,26659.0,7456477.232365875,13395801.322578453,0.565475074083799,0.5566279353365802,57,169,0,1266.9147494153042,39215.0,6170,33045.0,0.14931752378326213,0.16544600464693404,93,98.91474941530419,1168.0,2,1,False,{},{},{},{},0.0,0.0,0.0,0.0,0.0,0.0,0.0,0.0,0.0,0.0,0.0,0.0,0.0,0.0,Leave Event,0.0,"{'node_level': {}, 'link_level': {}, 'path_level': {}}","{'node_level': {}, 'link_level': {}, 'path_level': {}}","{'node_level': {}, 'link_level': {}, 'path_level': {}}",[],0.0,0.0,True,True,False,0,[],0,0.0,,,,,
100,73,22,15075.0,26659.0,7456477.232365875,13395801.322578453,0.565475074083799,0.5566279353365802,57,170,0,1279.9589618830807,39215.0,6170,33045.0,0.14931752378326213,0.16544600464693404,73,354.95896188308075,925.0,10,24,False,{},{},{},{},0.0,0.0,0.0,0.0,0.0,0.0,0.0,0.0,0.0,0.0,0.0,0.0,0.0,0.0,Leave Event,0.0,"{'node_level': {}, 'link_level': {}, 'path_level': {}}","{'node_level': {}, 'link_level': {}, 'path_level': {}}","{'node_level': {}, 'link_level': {}, 'path_level': {}}",[],0.0,0.0,True,True,False,0,[],0,0.0,,,,,
100,73,22,15075.0,26659.0,7456477.232365875,13395801.322578453,0.565475074083799,0.5566279353365802,57,171,0,1288.4559275729157,39215.0,6170,33045.0,0.14931752378326213,0.16544600464693404,84,227.45592757291564,1061.0,7,11,False,{},{},{},{},0.0,0.0,0.0,0.0,0.0,0.0,0.0,0.0,0.0,0.0,0.0,0.0,0.0,0.0,Leave Event,0.0,"{'node_level': {}, 'link_level': {}, 'path_level': {}}","{'node_level': {}, 'link_level': {}, 'path_level': {}}","{'node_level': {}, 'link_level': {}, 'path_level': {}}",[],0.0,0.0,True,True,False,0,[],0,0.0,,,,,
100,73,21,15075.0,26659.0,7456477.232365875,13395801.322578453,0.565475074083799,0.5566279353365802,57,172,0,1294.955851751608,39648.0,6224,33424.0,0.14187232869157584,0.15587433074047885,2,1251.955851751608,43.0,5,6,False,{},{},{},{},0.0,0.0,0.0,0.0,0.0,0.0,0.0,0.0,0.0,0.0,0.0,0.0,0.0,0.0,Leave Event,0.0,"{'node_level': {}, 'link_level': {}, 'path_level': {}}","{'node_level': {}, 'link_level': {}, 'path_level': {}}","{'node_level': {}, 'link_level': {}, 'path_level': {}}",[],0.0,0.0,True,True,False,0,[],0,0.0,,,,,
100,73,20,15075.0,26659.0,7456477.232365875,13395801.322578453,0.565475074083799,0.5566279353365802,57,173,0,1305.4285659002398,39936.0,6250,33686.0,0.13828760512891214,0.14925750075765232,82,272.4285659002399,1033.0,5,5,False,{},{},{},{},0.0,0.0,0.0,0.0,0.0,0.0,0.0,0.0,0.0,0.0,0.0,0.0,0.0,0.0,Leave Event,0.0,"{'node_level': {}, 'link_level': {}, 'path_level': {}}","{'node_level': {}, 'link_level': {}, 'path_level': {}}","{'node_level': {}, 'link_level': {}, 'path_level': {}}",[],0.0,0.0,True,True,False,0,[],0,0.0,,,,,
100,73,19,15075.0,26659.0,7456477.232365875,13395801.322578453,0.565475074083799,0.5566279353365802,57,174,0,1335.489605459313,40633.0,6315,34318.0,0.12932579622225282,0.13329629255480346,51,691.489605459313,644.0,6,9,False,{},{},{},{},0.0,0.0,0.0,0.0,0.0,0.0,0.0,0.0,0.0,0.0,0.0,0.0,0.0,0.0,Leave Event,0.0,"{'node_level': {}, 'link_level': {}, 'path_level': {}}","{'node_level': {}, 'link_level': {}, 'path_level': {}}","{'node_level': {}, 'link_level': {}, 'path_level': {}}",[],0.0,0.0,True,True,False,0,[],0,0.0,,,,,
100,73,18,15075.0,26659.0,7456477.232365875,13395801.322578453,0.565475074083799,0.5566279353365802,57,175,0,1337.3062739153581,40667.0,6341,34326.0,0.12574107265958911,0.13309425194464086,90,207.30627391535805,1130.0,2,1,False,{},{},{},{},0.0,0.0,0.0,0.0,0.0,0.0,0.0,0.0,0.0,0.0,0.0,0.0,0.0,0.0,Leave Event,0.0,"{'node_level': {}, 'link_level': {}, 'path_level': {}}","{'node_level': {}, 'link_level': {}, 'path_level': {}}","{'node_level': {}, 'link_level': {}, 'path_level': {}}",[],0.0,0.0,True,True,False,0,[],0,0.0,,,,,
100,73,18,15075.0,26659.0,7456477.232365875,13395801.322578453,0.565475074083799,0.5566279353365802,57,176,0,1339.7911631197298,40667.0,6341,34326.0,0.12574107265958911,0.13309425194464086,7,1242.7911631197298,97.0,4,5,False,{},{},{},{},0.0,0.0,0.0,0.0,0.0,0.0,0.0,0.0,0.0,0.0,0.0,0.0,0.0,0.0,Leave Event,0.0,"{'node_level': {}, 'link_level': {}, 'path_level': {}}","{'node_level': {}, 'link_level': {}, 'path_level': {}}","{'node_level': {}, 'link_level': {}, 'path_level': {}}",[],0.0,0.0,True,True,False,0,[],0,0.0,,,,,
100,73,17,15075.0,26659.0,7456477.232365875,13395801.322578453,0.565475074083799,0.5566279353365802,57,177,0,1367.9894615828748,40855.0,6388,34467.0,0.11926099545015856,0.1295332861905243,92,206.9894615828749,1161.0,4,3,False,{},{},{},{},0.0,0.0,0.0,0.0,0.0,0.0,0.0,0.0,0.0,0.0,0.0,0.0,0.0,0.0,Leave Event,0.0,"{'node_level': {}, 'link_level': {}, 'path_level': {}}","{'node_level': {}, 'link_level': {}, 'path_level': {}}","{'node_level': {}, 'link_level': {}, 'path_level': {}}",[],0.0,0.0,True,True,False,0,[],0,0.0,,,,,
100,73,16,15075.0,26659.0,7456477.232365875,13395801.322578453,0.565475074083799,0.5566279353365802,57,178,0,1382.1522428022445,41340.0,6471,34869.0,0.10781745484627048,0.11938074552985145,8,1270.1522428022445,112.0,6,8,False,{},{},{},{},0.0,0.0,0.0,0.0,0.0,0.0,0.0,0.0,0.0,0.0,0.0,0.0,0.0,0.0,Leave Event,0.0,"{'node_level': {}, 'link_level': {}, 'path_level': {}}","{'node_level': {}, 'link_level': {}, 'path_level': {}}","{'node_level': {}, 'link_level': {}, 'path_level': {}}",[],0.0,0.0,True,True,False,0,[],0,0.0,,,,,
100,73,16,15075.0,26659.0,7456477.232365875,13395801.322578453,0.565475074083799,0.5566279353365802,57,179,0,1483.2302533398408,41340.0,6471,34869.0,0.10781745484627048,0.11938074552985145,91,336.2302533398408,1147.0,5,6,False,{},{},{},{},0.0,0.0,0.0,0.0,0.0,0.0,0.0,0.0,0.0,0.0,0.0,0.0,0.0,0.0,Leave Event,0.0,"{'node_level': {}, 'link_level': {}, 'path_level': {}}","{'node_level': {}, 'link_level': {}, 'path_level': {}}","{'node_level': {}, 'link_level': {}, 'path_level': {}}",[],0.0,0.0,True,True,False,0,[],0,0.0,,,,,
100,73,16,15075.0,26659.0,7456477.232365875,13395801.322578453,0.565475074083799,0.5566279353365802,57,180,0,1489.7534787451477,41340.0,6471,34869.0,0.10781745484627048,0.11938074552985145,29,1110.7534787451477,379.0,10,23,False,{},{},{},{},0.0,0.0,0.0,0.0,0.0,0.0,0.0,0.0,0.0,0.0,0.0,0.0,0.0,0.0,Leave Event,0.0,"{'node_level': {}, 'link_level': {}, 'path_level': {}}","{'node_level': {}, 'link_level': {}, 'path_level': {}}","{'node_level': {}, 'link_level': {}, 'path_level': {}}",[],0.0,0.0,True,True,False,0,[],0,0.0,,,,,
100,73,15,15075.0,26659.0,7456477.232365875,13395801.322578453,0.565475074083799,0.5566279353365802,57,181,0,1495.8667793215377,41576.0,6491,35085.0,0.10505997518268306,0.1139256490554601,27,1131.8667793215377,364.0,4,3,False,{},{},{},{},0.0,0.0,0.0,0.0,0.0,0.0,0.0,0.0,0.0,0.0,0.0,0.0,0.0,0.0,Leave Event,0.0,"{'node_level': {}, 'link_level': {}, 'path_level': {}}","{'node_level': {}, 'link_level': {}, 'path_level': {}}","{'node_level': {}, 'link_level': {}, 'path_level': {}}",[],0.0,0.0,True,True,False,0,[],0,0.0,,,,,
100,73,14,15075.0,26659.0,7456477.232365875,13395801.322578453,0.565475074083799,0.5566279353365802,57,182,0,1497.298673109992,42254.0,6565,35689.0,0.09485730042740936,0.09867158298818057,95,311.29867310999197,1186.0,7,8,False,{},{},{},{},0.0,0.0,0.0,0.0,0.0,0.0,0.0,0.0,0.0,0.0,0.0,0.0,0.0,0.0,Leave Event,0.0,"{'node_level': {}, 'link_level': {}, 'path_level': {}}","{'node_level': {}, 'link_level': {}, 'path_level': {}}","{'node_level': {}, 'link_level': {}, 'path_level': {}}",[],0.0,0.0,True,True,False,0,[],0,0.0,,,,,
100,73,13,15075.0,26659.0,7456477.232365875,13395801.322578453,0.565475074083799,0.5566279353365802,57,183,0,1693.98200558622,42538.0,6621,35917.0,0.08713635736936443,0.09291342559854532,99,453.98200558622,1240.0,4,5,False,{},{},{},{},0.0,0.0,0.0,0.0,0.0,0.0,0.0,0.0,0.0,0.0,0.0,0.0,0.0,0.0,Leave Event,0.0,"{'node_level': {}, 'link_level': {}, 'path_level': {}}","{'node_level': {}, 'link_level': {}, 'path_level': {}}","{'node_level': {}, 'link_level': {}, 'path_level': {}}",[],0.0,0.0,True,True,False,0,[],0,0.0,,,,,
100,73,13,15075.0,26659.0,7456477.232365875,13395801.322578453,0.565475074083799,0.5566279353365802,57,184,0,1694.569356645174,42538.0,6621,35917.0,0.08713635736936443,0.09291342559854532,98,468.56935664517397,1226.0,9,20,False,{},{},{},{},0.0,0.0,0.0,0.0,0.0,0.0,0.0,0.0,0.0,0.0,0.0,0.0,0.0,0.0,Leave Event,0.0,"{'node_level': {}, 'link_level': {}, 'path_level': {}}","{'node_level': {}, 'link_level': {}, 'path_level': {}}","{'node_level': {}, 'link_level': {}, 'path_level': {}}",[],0.0,0.0,True,True,False,0,[],0,0.0,,,,,
100,73,12,15075.0,26659.0,7456477.232365875,13395801.322578453,0.565475074083799,0.5566279353365802,57,185,0,1698.911731037811,43002.0,6674,36328.0,0.07982903626085758,0.0825335892514395,75,754.9117310378111,944.0,5,9,False,{},{},{},{},0.0,0.0,0.0,0.0,0.0,0.0,0.0,0.0,0.0,0.0,0.0,0.0,0.0,0.0,Leave Event,0.0,"{'node_level': {}, 'link_level': {}, 'path_level': {}}","{'node_level': {}, 'link_level': {}, 'path_level': {}}","{'node_level': {}, 'link_level': {}, 'path_level': {}}",[],0.0,0.0,True,True,False,0,[],0,0.0,,,,,
100,73,11,15075.0,26659.0,7456477.232365875,13395801.322578453,0.565475074083799,0.5566279353365802,57,186,0,1710.723798965108,43236.0,6710,36526.0,0.07486557286640017,0.07753308414991411,52,1053.723798965108,657.0,3,2,False,{},{},{},{},0.0,0.0,0.0,0.0,0.0,0.0,0.0,0.0,0.0,0.0,0.0,0.0,0.0,0.0,Leave Event,0.0,"{'node_level': {}, 'link_level': {}, 'path_level': {}}","{'node_level': {}, 'link_level': {}, 'path_level': {}}","{'node_level': {}, 'link_level': {}, 'path_level': {}}",[],0.0,0.0,True,True,False,0,[],0,0.0,,,,,
100,73,10,15075.0,26659.0,7456477.232365875,13395801.322578453,0.565475074083799,0.5566279353365802,57,187,0,1806.8663923792355,43516.0,6775,36741.0,0.06590376395974085,0.07210324275179314,70,919.8663923792355,887.0,5,5,False,{},{},{},{},0.0,0.0,0.0,0.0,0.0,0.0,0.0,0.0,0.0,0.0,0.0,0.0,0.0,0.0,Leave Event,0.0,"{'node_level': {}, 'link_level': {}, 'path_level': {}}","{'node_level': {}, 'link_level': {}, 'path_level': {}}","{'node_level': {}, 'link_level': {}, 'path_level': {}}",[],0.0,0.0,True,True,False,0,[],0,0.0,,,,,
100,73,9,15075.0,26659.0,7456477.232365875,13395801.322578453,0.565475074083799,0.5566279353365802,57,188,0,1812.1456781024035,43674.0,6812,36862.0,0.060802426582104,0.06904737852308318,89,693.1456781024035,1119.0,4,3,False,{},{},{},{},0.0,0.0,0.0,0.0,0.0,0.0,0.0,0.0,0.0,0.0,0.0,0.0,0.0,0.0,Leave Event,0.0,"{'node_level': {}, 'link_level': {}, 'path_level': {}}","{'node_level': {}, 'link_level': {}, 'path_level': {}}","{'node_level': {}, 'link_level': {}, 'path_level': {}}",[],0.0,0.0,True,True,False,0,[],0,0.0,,,,,
100,73,8,15075.0,26659.0,7456477.232365875,13395801.322578453,0.565475074083799,0.5566279353365802,57,189,0,1820.8970432321962,44035.0,6870,37165.0,0.052805735557700295,0.06139509041317304,87,723.8970432321961,1097.0,4,4,False,{},{},{},{},0.0,0.0,0.0,0.0,0.0,0.0,0.0,0.0,0.0,0.0,0.0,0.0,0.0,0.0,Leave Event,0.0,"{'node_level': {}, 'link_level': {}, 'path_level': {}}","{'node_level': {}, 'link_level': {}, 'path_level': {}}","{'node_level': {}, 'link_level': {}, 'path_level': {}}",[],0.0,0.0,True,True,False,0,[],0,0.0,,,,,
100,73,8,15075.0,26659.0,7456477.232365875,13395801.322578453,0.565475074083799,0.5566279353365802,57,190,0,1957.9932579629997,44035.0,6870,37165.0,0.052805735557700295,0.06139509041317304,76,1000.9932579629997,957.0,9,22,False,{},{},{},{},0.0,0.0,0.0,0.0,0.0,0.0,0.0,0.0,0.0,0.0,0.0,0.0,0.0,0.0,Leave Event,0.0,"{'node_level': {}, 'link_level': {}, 'path_level': {}}","{'node_level': {}, 'link_level': {}, 'path_level': {}}","{'node_level': {}, 'link_level': {}, 'path_level': {}}",[],0.0,0.0,True,True,False,0,[],0,0.0,,,,,
100,73,7,15075.0,26659.0,7456477.232365875,13395801.322578453,0.565475074083799,0.5566279353365802,57,191,0,2078.088644606799,44624.0,6951,37673.0,0.04163794292017098,0.048565511667845285,71,1175.088644606799,903.0,6,8,False,{},{},{},{},0.0,0.0,0.0,0.0,0.0,0.0,0.0,0.0,0.0,0.0,0.0,0.0,0.0,0.0,Leave Event,0.0,"{'node_level': {}, 'link_level': {}, 'path_level': {}}","{'node_level': {}, 'link_level': {}, 'path_level': {}}","{'node_level': {}, 'link_level': {}, 'path_level': {}}",[],0.0,0.0,True,True,False,0,[],0,0.0,,,,,
100,73,7,15075.0,26659.0,7456477.232365875,13395801.322578453,0.565475074083799,0.5566279353365802,57,192,0,2168.1852539970178,44624.0,6951,37673.0,0.04163794292017098,0.048565511667845285,39,1682.185253997018,486.0,9,17,False,{},{},{},{},0.0,0.0,0.0,0.0,0.0,0.0,0.0,0.0,0.0,0.0,0.0,0.0,0.0,0.0,Leave Event,0.0,"{'node_level': {}, 'link_level': {}, 'path_level': {}}","{'node_level': {}, 'link_level': {}, 'path_level': {}}","{'node_level': {}, 'link_level': {}, 'path_level': {}}",[],0.0,0.0,True,True,False,0,[],0,0.0,,,,,
100,73,6,15075.0,26659.0,7456477.232365875,13395801.322578453,0.565475074083799,0.5566279353365802,57,193,0,2238.0155126340933,44683.0,6960,37723.0,0.0403970770715566,0.04730275785432869,96,1038.015512634093,1200.0,2,1,False,{},{},{},{},0.0,0.0,0.0,0.0,0.0,0.0,0.0,0.0,0.0,0.0,0.0,0.0,0.0,0.0,Leave Event,0.0,"{'node_level': {}, 'link_level': {}, 'path_level': {}}","{'node_level': {}, 'link_level': {}, 'path_level': {}}","{'node_level': {}, 'link_level': {}, 'path_level': {}}",[],0.0,0.0,True,True,False,0,[],0,0.0,,,,,
100,73,5,15075.0,26659.0,7456477.232365875,13395801.322578453,0.565475074083799,0.5566279353365802,57,194,0,2329.503396923519,45168.0,7013,38155.0,0.03308975596304975,0.03639256490554599,32,1921.503396923519,408.0,5,7,False,{},{},{},{},0.0,0.0,0.0,0.0,0.0,0.0,0.0,0.0,0.0,0.0,0.0,0.0,0.0,0.0,Leave Event,0.0,"{'node_level': {}, 'link_level': {}, 'path_level': {}}","{'node_level': {}, 'link_level': {}, 'path_level': {}}","{'node_level': {}, 'link_level': {}, 'path_level': {}}",[],0.0,0.0,True,True,False,0,[],0,0.0,,,,,
100,73,4,15075.0,26659.0,7456477.232365875,13395801.322578453,0.565475074083799,0.5566279353365802,57,195,0,2472.267727891407,45485.0,7071,38414.0,0.025093064938646048,0.029851500151530486,58,1736.267727891407,736.0,5,6,False,{},{},{},{},0.0,0.0,0.0,0.0,0.0,0.0,0.0,0.0,0.0,0.0,0.0,0.0,0.0,0.0,Leave Event,0.0,"{'node_level': {}, 'link_level': {}, 'path_level': {}}","{'node_level': {}, 'link_level': {}, 'path_level': {}}","{'node_level': {}, 'link_level': {}, 'path_level': {}}",[],0.0,0.0,True,True,False,0,[],0,0.0,,,,,
100,73,3,15075.0,26659.0,7456477.232365875,13395801.322578453,0.565475074083799,0.5566279353365802,57,196,0,2554.3058642999968,45943.0,7131,38812.0,0.016820625947883583,0.01979997979593895,88,1442.305864299997,1112.0,6,6,False,{},{},{},{},0.0,0.0,0.0,0.0,0.0,0.0,0.0,0.0,0.0,0.0,0.0,0.0,0.0,0.0,Leave Event,0.0,"{'node_level': {}, 'link_level': {}, 'path_level': {}}","{'node_level': {}, 'link_level': {}, 'path_level': {}}","{'node_level': {}, 'link_level': {}, 'path_level': {}}",[],0.0,0.0,True,True,False,0,[],0,0.0,,,,,
100,73,2,15075.0,26659.0,7456477.232365875,13395801.322578453,0.565475074083799,0.5566279353365802,57,197,0,2658.2721435754875,46303.0,7168,39135.0,0.011719288570246844,0.011642590160622301,97,1442.2721435754875,1216.0,4,5,False,{},{},{},{},0.0,0.0,0.0,0.0,0.0,0.0,0.0,0.0,0.0,0.0,0.0,0.0,0.0,0.0,Leave Event,0.0,"{'node_level': {}, 'link_level': {}, 'path_level': {}}","{'node_level': {}, 'link_level': {}, 'path_level': {}}","{'node_level': {}, 'link_level': {}, 'path_level': {}}",[],0.0,0.0,True,True,False,0,[],0,0.0,,,,,
100,73,1,15075.0,26659.0,7456477.232365875,13395801.322578453,0.565475074083799,0.5566279353365802,57,198,0,2869.905066586304,46645.0,7204,39441.0,0.006755825175789321,0.003914536821901238,63,2068.905066586304,801.0,5,5,False,{},{},{},{},0.0,0.0,0.0,0.0,0.0,0.0,0.0,0.0,0.0,0.0,0.0,0.0,0.0,0.0,Leave Event,0.0,"{'node_level': {}, 'link_level': {}, 'path_level': {}}","{'node_level': {}, 'link_level': {}, 'path_level': {}}","{'node_level': {}, 'link_level': {}, 'path_level': {}}",[],0.0,0.0,True,True,False,0,[],0,0.0,,,,,
100,73,0,15075.0,26659.0,7456477.232365875,13395801.322578453,0.565475074083799,0.5566279353365802,57,199,0,3033.9235083769545,46849.0,7253,39596.0,0.0,0.0,80,2024.9235083769545,1009.0,3,2,False,{},{},{},{},0.0,0.0,0.0,0.0,0.0,0.0,0.0,0.0,0.0,0.0,0.0,0.0,0.0,0.0,Leave Event,0.0,"{'node_level': {}, 'link_level': {}, 'path_level': {}}","{'node_level': {}, 'link_level': {}, 'path_level': {}}","{'node_level': {}, 'link_level': {}, 'path_level': {}}",[],0.0,0.0,True,True,False,0,[],0,0.0,,,,,
