v_net_count,success_count,inservice_count,total_revenue,total_cost,total_time_revenue,total_time_cost,long_term_r2c_ratio,long_term_time_r2c_ratio,num_running_p_net_nodes,event_id,event_type,event_time,p_net_available_resource,p_net_node_available_resource,p_net_link_available_resource,p_net_node_resource_utilization,p_net_link_resource_utilization,v_net_id,v_net_lifetime,v_net_arrival_time,v_net_num_nodes,v_net_num_egdes,result,node_slots,link_paths,node_slots_info,link_paths_info,v_net_cost,v_net_revenue,v_net_demand,v_net_node_demand,v_net_link_demand,v_net_node_revenue,v_net_link_revenue,v_net_node_cost,v_net_link_cost,v_net_path_cost,v_net_r2c_ratio,v_net_time_cost,v_net_time_revenue,v_net_time_rc_ratio,description,v_net_total_hard_constraint_violation,v_net_single_step_constraint_offset,v_net_constraint_offsets,v_net_constraint_violations,v_net_single_step_violation_list,v_net_single_step_hard_constraint_offset,v_net_max_single_step_hard_constraint_violation,place_result,route_result,early_rejection,revoke_times,selected_actions,num_interactions,v_net_reward,rdma_mode,fallback_count,rdma_link_count,num_placed_nodes,num_routed_links
1,0,0,0.0,0.0,0.0,0.0,0.0,0.0,0,0,1,11.0,44538.0,7580,36958.0,0.0,0.0,0,520.6637651709117,11.0,10,19,False,"{2: np.int64(61), 8: np.int64(11), 4: np.int64(51), 6: np.int64(66), 0: np.int64(83), 3: np.int64(40), 1: np.int64(60), 5: np.int64(80), 7: np.int64(41), 9: np.int64(36)}","{(2, 5): [(np.int64(61), 51), (51, np.int64(80))], (5, 6): [(np.int64(80), 66)], (1, 5): [(np.int64(60), 94), (94, 80)]}","{(2, np.int64(61)): {'cpu': 16}, (8, np.int64(11)): {'cpu': 15}, (4, np.int64(51)): {'cpu': 8}, (6, np.int64(66)): {'cpu': 12, 'nic_slots': 1}, (0, np.int64(83)): {'cpu': 10}, (3, np.int64(40)): {'cpu': 8}, (1, np.int64(60)): {'cpu': 7}, (5, np.int64(80)): {'cpu': 4, 'nic_slots': 1}, (7, np.int64(41)): {'cpu': 12}, (9, np.int64(36)): {'cpu': 11}}","{((2, 5), (np.int64(61), 51)): {'bw': 44.0}, ((2, 5), (51, np.int64(80))): {'bw': 44.0}, ((5, 6), (np.int64(80), 66)): {'bw': 48.0}, ((1, 5), (np.int64(60), 94)): {'bw': 49.0}, ((1, 5), (94, 80)): {'bw': 49.0}}",0.0,0.0,691.0,103.0,588.0,0.0,0.0,0.0,0.0,0.0,0.0,0.0,0.0,0.0,Route Failure,0.0,"{'node_level': {}, 'link_level': {}, 'path_level': {}}","{'node_level': {2: {'cpu': -80}, 8: {'cpu': -84}, 4: {'cpu': -92}, 6: {'cpu': -70}, 0: {'cpu': -80}, 3: {'cpu': -58}, 1: {'cpu': -84}, 5: {'cpu': -64}, 7: {'cpu': -84}, 9: {'cpu': -70}}, 'link_level': {}, 'path_level': {}}","{'node_level': {2: {'cpu': 0}, 8: {'cpu': 0}, 4: {'cpu': 0}, 6: {'cpu': 0}, 0: {'cpu': 0}, 3: {'cpu': 0}, 1: {'cpu': 0}, 5: {'cpu': 0}, 7: {'cpu': 0}, 9: {'cpu': 0}}, 'link_level': {}, 'path_level': {}}",[],0.0,0.0,True,False,False,0,[],0,0.0,"OrderedDict([((2, 5), 0), ((5, 6), 1), ((1, 5), 0)])",1.0,1.0,10.0,3.0
2,1,1,604.0,1053.0,956258.2001417949,1667119.0144856125,0.5735992402659069,0.5735992402659069,10,1,1,25.0,43485.0,7452,36033.0,0.016886543535620024,0.02502841062828076,1,1583.2089406321106,25.0,10,17,True,"{2: np.int64(61), 1: np.int64(11), 7: np.int64(51), 0: np.int64(66), 5: np.int64(83), 6: np.int64(60), 3: np.int64(41), 9: np.int64(34), 8: np.int64(36), 4: np.int64(32)}","{(1, 5): [(np.int64(11), 83)], (4, 7): [(np.int64(32), 73), (73, 24), (24, np.int64(51))], (1, 2): [(np.int64(11), 31), (31, np.int64(61))], (2, 8): [(np.int64(61), 36)], (0, 4): [(np.int64(66), 32)], (8, 9): [(np.int64(36), 30), (30, 5), (5, np.int64(34))], (7, 8): [(np.int64(51), 56), (56, np.int64(36))], (1, 9): [(np.int64(11), 5), (5, np.int64(34))], (2, 3): [(np.int64(61), 94), (94, np.int64(41))], (2, 4): [(np.int64(61), 57), (57, np.int64(32))], (5, 7): [(np.int64(83), 80), (80, np.int64(51))], (3, 4): [(np.int64(41), 23), (23, 34), (34, np.int64(32))], (0, 1): [(np.int64(66), 73), (73, np.int64(11))], (2, 6): [(np.int64(61), 60)], (0, 6): [(np.int64(66), 71), (71, 67), (67, 61), (61, np.int64(60))], (4, 6): [(np.int64(32), 57), (57, 61), (61, np.int64(60))], (6, 8): [(np.int64(60), 94), (94, np.int64(36))]}","{(2, np.int64(61)): {'cpu': 18}, (1, np.int64(11)): {'cpu': 19}, (7, np.int64(51)): {'cpu': 18}, (0, np.int64(66)): {'cpu': 16}, (5, np.int64(83)): {'cpu': 11}, (6, np.int64(60)): {'cpu': 20}, (3, np.int64(41)): {'cpu': 12}, (9, np.int64(34)): {'cpu': 9}, (8, np.int64(36)): {'cpu': 4}, (4, np.int64(32)): {'cpu': 1}}","{((1, 5), (np.int64(11), 83)): {'bw': 49.0}, ((4, 7), (np.int64(32), 73)): {'bw': 47.0}, ((4, 7), (73, 24)): {'bw': 47.0}, ((4, 7), (24, np.int64(51))): {'bw': 47.0}, ((1, 2), (np.int64(11), 31)): {'bw': 45.0}, ((1, 2), (31, np.int64(61))): {'bw': 45.0}, ((2, 8), (np.int64(61), 36)): {'bw': 44.0}, ((0, 4), (np.int64(66), 32)): {'bw': 43.0}, ((8, 9), (np.int64(36), 30)): {'bw': 30.0}, ((8, 9), (30, 5)): {'bw': 30.0}, ((8, 9), (5, np.int64(34))): {'bw': 30.0}, ((7, 8), (np.int64(51), 56)): {'bw': 32.0}, ((7, 8), (56, np.int64(36))): {'bw': 32.0}, ((1, 9), (np.int64(11), 5)): {'bw': 29.0}, ((1, 9), (5, np.int64(34))): {'bw': 29.0}, ((2, 3), (np.int64(61), 94)): {'bw': 29.0}, ((2, 3), (94, np.int64(41))): {'bw': 29.0}, ((2, 4), (np.int64(61), 57)): {'bw': 28.0}, ((2, 4), (57, np.int64(32))): {'bw': 28.0}, ((5, 7), (np.int64(83), 80)): {'bw': 25.0}, ((5, 7), (80, np.int64(51))): {'bw': 25.0}, ((3, 4), (np.int64(41), 23)): {'bw': 20.0}, ((3, 4), (23, 34)): {'bw': 20.0}, ((3, 4), (34, np.int64(32))): {'bw': 20.0}, ((0, 1), (np.int64(66), 73)): {'bw': 19.0}, ((0, 1), (73, np.int64(11))): {'bw': 19.0}, ((2, 6), (np.int64(61), 60)): {'bw': 15.0}, ((0, 6), (np.int64(66), 71)): {'bw': 9.0}, ((0, 6), (71, 67)): {'bw': 9.0}, ((0, 6), (67, 61)): {'bw': 9.0}, ((0, 6), (61, np.int64(60))): {'bw': 9.0}, ((4, 6), (np.int64(32), 57)): {'bw': 9.0}, ((4, 6), (57, 61)): {'bw': 9.0}, ((4, 6), (61, np.int64(60))): {'bw': 9.0}, ((6, 8), (np.int64(60), 94)): {'bw': 3.0}, ((6, 8), (94, np.int64(36))): {'bw': 3.0}}",1053.0,604.0,604.0,128.0,476.0,128.0,476.0,128.0,925.0,449.0,0.5735992402659069,1667119.0144856125,956258.2001417949,908.12744552877,Success,0.0,"{'node_level': {}, 'link_level': {}, 'path_level': {}}","{'node_level': {2: {'cpu': -78}, 1: {'cpu': -80}, 7: {'cpu': -82}, 0: {'cpu': -66}, 5: {'cpu': -79}, 6: {'cpu': -71}, 3: {'cpu': -84}, 9: {'cpu': -87}, 8: {'cpu': -77}, 4: {'cpu': -73}}, 'link_level': {}, 'path_level': {}}","{'node_level': {2: {'cpu': 0}, 1: {'cpu': 0}, 7: {'cpu': 0}, 0: {'cpu': 0}, 5: {'cpu': 0}, 6: {'cpu': 0}, 3: {'cpu': 0}, 9: {'cpu': 0}, 8: {'cpu': 0}, 4: {'cpu': 0}}, 'link_level': {}, 'path_level': {}}",[],0.0,0.0,True,True,False,0,[],0,0.0,"OrderedDict([((1, 5), 0), ((4, 7), 0), ((1, 2), 0), ((2, 8), 0), ((0, 4), 0), ((8, 9), 0), ((7, 8), 0), ((1, 9), 0), ((2, 3), 0), ((2, 4), 0), ((5, 7), 0), ((3, 4), 0), ((0, 1), 0), ((2, 6), 0), ((0, 6), 0), ((4, 6), 0), ((6, 8), 0)])",1.0,0.0,10.0,17.0
3,1,1,604.0,1053.0,956258.2001417949,1667119.0144856125,0.5735992402659069,0.5735992402659069,10,2,1,41.0,43485.0,7452,36033.0,0.016886543535620024,0.02502841062828076,2,813.4246276820088,41.0,8,17,False,"{1: np.int64(11), 4: np.int64(61), 6: np.int64(51), 2: np.int64(39), 0: np.int64(83), 3: np.int64(49), 7: np.int64(40), 5: np.int64(60)}","{(2, 4): [(np.int64(39), 54), (54, np.int64(61))], (3, 7): [(np.int64(49), 11), (11, 6), (6, np.int64(40))], (1, 5): [(np.int64(11), 49), (49, np.int64(60))], (0, 1): [(np.int64(83), 80), (80, np.int64(11))], (3, 4): [(np.int64(49), 81), (81, np.int64(61))], (1, 3): [(np.int64(11), 83), (83, 81), (81, np.int64(49))]}","{(1, np.int64(11)): {'cpu': 20}, (4, np.int64(61)): {'cpu': 20}, (6, np.int64(51)): {'cpu': 18}, (2, np.int64(39)): {'cpu': 17}, (0, np.int64(83)): {'cpu': 8}, (3, np.int64(49)): {'cpu': 3}, (7, np.int64(40)): {'cpu': 2}, (5, np.int64(60)): {'cpu': 1}}","{((2, 4), (np.int64(39), 54)): {'bw': 50.0}, ((2, 4), (54, np.int64(61))): {'bw': 50.0}, ((3, 7), (np.int64(49), 11)): {'bw': 43.0}, ((3, 7), (11, 6)): {'bw': 43.0}, ((3, 7), (6, np.int64(40))): {'bw': 43.0}, ((1, 5), (np.int64(11), 49)): {'bw': 47.0}, ((1, 5), (49, np.int64(60))): {'bw': 47.0}, ((0, 1), (np.int64(83), 80)): {'bw': 42.0}, ((0, 1), (80, np.int64(11))): {'bw': 42.0}, ((3, 4), (np.int64(49), 81)): {'bw': 39.0}, ((3, 4), (81, np.int64(61))): {'bw': 39.0}, ((1, 3), (np.int64(11), 83)): {'bw': 40.0}, ((1, 3), (83, 81)): {'bw': 40.0}, ((1, 3), (81, np.int64(49))): {'bw': 40.0}}",0.0,0.0,581.0,89.0,492.0,0.0,0.0,0.0,0.0,0.0,0.0,0.0,0.0,0.0,Route Failure,0.0,"{'node_level': {}, 'link_level': {}, 'path_level': {}}","{'node_level': {1: {'cpu': -60}, 4: {'cpu': -58}, 6: {'cpu': -64}, 2: {'cpu': -35}, 0: {'cpu': -71}, 3: {'cpu': -93}, 7: {'cpu': -64}, 5: {'cpu': -70}}, 'link_level': {}, 'path_level': {}}","{'node_level': {1: {'cpu': 0}, 4: {'cpu': 0}, 6: {'cpu': 0}, 2: {'cpu': 0}, 0: {'cpu': 0}, 3: {'cpu': 0}, 7: {'cpu': 0}, 5: {'cpu': 0}}, 'link_level': {}, 'path_level': {}}",[],0.0,0.0,True,False,False,0,[],0,0.0,"OrderedDict([((2, 4), 0), ((3, 7), 0), ((1, 5), 0), ((0, 1), 0), ((3, 4), 0), ((1, 3), 0)])",0.0,0.0,8.0,6.0
4,2,2,723.0,1266.0,971761.9739888342,1694869.4668336746,0.5710900473933649,0.5733550535925712,10,3,1,58.0,43272.0,7398,35874.0,0.024010554089709757,0.029330591482223056,3,130.28381384066654,58.0,4,4,True,"{0: np.int64(11), 2: np.int64(61), 3: np.int64(51), 1: np.int64(83)}","{(0, 2): [(np.int64(11), 91), (91, 29), (29, np.int64(61))], (1, 3): [(np.int64(83), 80), (80, np.int64(51))], (2, 3): [(np.int64(61), 51)], (0, 1): [(np.int64(11), 83)]}","{(0, np.int64(11)): {'cpu': 16}, (2, np.int64(61)): {'cpu': 11}, (3, np.int64(51)): {'cpu': 17}, (1, np.int64(83)): {'cpu': 10}}","{((0, 2), (np.int64(11), 91)): {'bw': 39.0}, ((0, 2), (91, 29)): {'bw': 39.0}, ((0, 2), (29, np.int64(61))): {'bw': 39.0}, ((1, 3), (np.int64(83), 80)): {'bw': 16.0}, ((1, 3), (80, np.int64(51))): {'bw': 16.0}, ((2, 3), (np.int64(61), 51)): {'bw': 8.0}, ((0, 1), (np.int64(11), 83)): {'bw': 2.0}}",213.0,119.0,119.0,54.0,65.0,54.0,65.0,54.0,159.0,94.0,0.5586854460093896,27750.452348061972,15503.773847039318,72.78767064337707,Success,0.0,"{'node_level': {}, 'link_level': {}, 'path_level': {}}","{'node_level': {0: {'cpu': -64}, 2: {'cpu': -67}, 3: {'cpu': -65}, 1: {'cpu': -69}}, 'link_level': {}, 'path_level': {}}","{'node_level': {0: {'cpu': 0}, 2: {'cpu': 0}, 3: {'cpu': 0}, 1: {'cpu': 0}}, 'link_level': {}, 'path_level': {}}",[],0.0,0.0,True,True,False,0,[],0,0.0,"OrderedDict([((0, 2), 0), ((1, 3), 0), ((2, 3), 0), ((0, 1), 0)])",0.0,0.0,4.0,4.0
5,3,3,1456.0,2710.0,1746409.487817296,3220914.5008968385,0.537269372693727,0.5422092040415919,15,4,1,70.0,41828.0,7293,34535.0,0.03786279683377314,0.06556090697548567,4,1056.8178906254595,70.0,10,23,True,"{1: np.int64(61), 2: np.int64(11), 5: np.int64(49), 7: np.int64(39), 4: np.int64(40), 6: np.int64(60), 9: np.int64(66), 3: np.int64(41), 0: np.int64(73), 8: np.int64(46)}","{(2, 3): [(np.int64(11), 23), (23, np.int64(41))], (3, 7): [(np.int64(41), 39)], (5, 7): [(np.int64(49), 39)], (1, 8): [(np.int64(61), 45), (45, np.int64(46))], (1, 5): [(np.int64(61), 29), (29, 60), (60, np.int64(49))], (5, 8): [(np.int64(49), 81), (81, 74), (74, np.int64(46))], (0, 2): [(np.int64(73), 11)], (1, 2): [(np.int64(61), 81), (81, 83), (83, np.int64(11))], (4, 5): [(np.int64(40), 6), (6, 11), (11, np.int64(49))], (1, 6): [(np.int64(61), 81), (81, 94), (94, np.int64(60))], (3, 9): [(np.int64(41), 16), (16, np.int64(66))], (1, 4): [(np.int64(61), 57), (57, np.int64(40))], (3, 6): [(np.int64(41), 37), (37, 29), (29, np.int64(60))], (5, 9): [(np.int64(49), 99), (99, np.int64(66))], (8, 9): [(np.int64(46), 66)], (2, 9): [(np.int64(11), 5), (5, 15), (15, np.int64(66))], (3, 8): [(np.int64(41), 80), (80, np.int64(46))], (2, 5): [(np.int64(11), 49)], (7, 9): [(np.int64(39), 46), (46, np.int64(66))], (0, 1): [(np.int64(73), 32), (32, 57), (57, np.int64(61))], (0, 9): [(np.int64(73), 66)], (2, 7): [(np.int64(11), 49), (49, np.int64(39))], (3, 4): [(np.int64(41), 80), (80, np.int64(40))]}","{(1, np.int64(61)): {'cpu': 18}, (2, np.int64(11)): {'cpu': 19}, (5, np.int64(49)): {'cpu': 9, 'nic_slots': 1}, (7, np.int64(39)): {'cpu': 14, 'nic_slots': 2}, (4, np.int64(40)): {'cpu': 18}, (6, np.int64(60)): {'cpu': 14}, (9, np.int64(66)): {'cpu': 4, 'nic_slots': 2}, (3, np.int64(41)): {'cpu': 2}, (0, np.int64(73)): {'cpu': 6}, (8, np.int64(46)): {'cpu': 1, 'nic_slots': 1}}","{((2, 3), (np.int64(11), 23)): {'bw': 45.0}, ((2, 3), (23, np.int64(41))): {'bw': 45.0}, ((3, 7), (np.int64(41), 39)): {'bw': 47.0}, ((5, 7), (np.int64(49), 39)): {'bw': 42.0}, ((1, 8), (np.int64(61), 45)): {'bw': 43.0}, ((1, 8), (45, np.int64(46))): {'bw': 43.0}, ((1, 5), (np.int64(61), 29)): {'bw': 43.0}, ((1, 5), (29, 60)): {'bw': 43.0}, ((1, 5), (60, np.int64(49))): {'bw': 43.0}, ((5, 8), (np.int64(49), 81)): {'bw': 40.0}, ((5, 8), (81, 74)): {'bw': 40.0}, ((5, 8), (74, np.int64(46))): {'bw': 40.0}, ((0, 2), (np.int64(73), 11)): {'bw': 38.0}, ((1, 2), (np.int64(61), 81)): {'bw': 36.0}, ((1, 2), (81, 83)): {'bw': 36.0}, ((1, 2), (83, np.int64(11))): {'bw': 36.0}, ((4, 5), (np.int64(40), 6)): {'bw': 34.0}, ((4, 5), (6, 11)): {'bw': 34.0}, ((4, 5), (11, np.int64(49))): {'bw': 34.0}, ((1, 6), (np.int64(61), 81)): {'bw': 31.0}, ((1, 6), (81, 94)): {'bw': 31.0}, ((1, 6), (94, np.int64(60))): {'bw': 31.0}, ((3, 9), (np.int64(41), 16)): {'bw': 32.0}, ((3, 9), (16, np.int64(66))): {'bw': 32.0}, ((1, 4), (np.int64(61), 57)): {'bw': 33.0}, ((1, 4), (57, np.int64(40))): {'bw': 33.0}, ((3, 6), (np.int64(41), 37)): {'bw': 33.0}, ((3, 6), (37, 29)): {'bw': 33.0}, ((3, 6), (29, np.int64(60))): {'bw': 33.0}, ((5, 9), (np.int64(49), 99)): {'bw': 27.0}, ((5, 9), (99, np.int64(66))): {'bw': 27.0}, ((8, 9), (np.int64(46), 66)): {'bw': 23.0}, ((2, 9), (np.int64(11), 5)): {'bw': 19.0}, ((2, 9), (5, 15)): {'bw': 19.0}, ((2, 9), (15, np.int64(66))): {'bw': 19.0}, ((3, 8), (np.int64(41), 80)): {'bw': 22.0}, ((3, 8), (80, np.int64(46))): {'bw': 22.0}, ((2, 5), (np.int64(11), 49)): {'bw': 13.0}, ((7, 9), (np.int64(39), 46)): {'bw': 9.0}, ((7, 9), (46, np.int64(66))): {'bw': 9.0}, ((0, 1), (np.int64(73), 32)): {'bw': 11.0}, ((0, 1), (32, 57)): {'bw': 11.0}, ((0, 1), (57, np.int64(61))): {'bw': 11.0}, ((0, 9), (np.int64(73), 66)): {'bw': 1.0}, ((2, 7), (np.int64(11), 49)): {'bw': 3.0}, ((2, 7), (49, np.int64(39))): {'bw': 3.0}, ((3, 4), (np.int64(41), 80)): {'bw': 3.0}, ((3, 4), (80, np.int64(40))): {'bw': 3.0}}",1444.0,733.0,733.0,105.0,628.0,105.0,628.0,105.0,1339.0,711.0,0.5076177285318559,1526045.0340631637,774647.5138284619,536.4594971111231,Success,0.0,"{'node_level': {}, 'link_level': {}, 'path_level': {}}","{'node_level': {1: {'cpu': -49}, 2: {'cpu': -45}, 5: {'cpu': -87}, 7: {'cpu': -38}, 4: {'cpu': -48}, 6: {'cpu': -57}, 9: {'cpu': -62}, 3: {'cpu': -82}, 0: {'cpu': -78}, 8: {'cpu': -64}}, 'link_level': {}, 'path_level': {}}","{'node_level': {1: {'cpu': 0}, 2: {'cpu': 0}, 5: {'cpu': 0}, 7: {'cpu': 0}, 4: {'cpu': 0}, 6: {'cpu': 0}, 9: {'cpu': 0}, 3: {'cpu': 0}, 0: {'cpu': 0}, 8: {'cpu': 0}}, 'link_level': {}, 'path_level': {}}",[],0.0,0.0,True,True,False,0,[],0,0.0,"OrderedDict([((2, 3), 0), ((3, 7), 0), ((5, 7), 1), ((1, 8), 0), ((1, 5), 0), ((5, 8), 0), ((0, 2), 0), ((1, 2), 0), ((4, 5), 0), ((1, 6), 0), ((3, 9), 0), ((1, 4), 0), ((3, 6), 0), ((5, 9), 0), ((8, 9), 1), ((2, 9), 0), ((3, 8), 0), ((2, 5), 0), ((7, 9), 1), ((0, 1), 0), ((0, 9), 0), ((2, 7), 0), ((3, 4), 0)])",0.0,3.0,10.0,23.0
6,3,3,1456.0,2710.0,1746409.487817296,3220914.5008968385,0.537269372693727,0.5422092040415919,15,5,1,83.0,41828.0,7293,34535.0,0.03786279683377314,0.06556090697548567,5,448.85271033200013,83.0,9,21,False,"{0: np.int64(65), 1: np.int64(98), 4: np.int64(90), 3: np.int64(51), 6: np.int64(63), 8: np.int64(95), 2: np.int64(31)}",{},"{(0, np.int64(65)): {'cpu': 13}, (1, np.int64(98)): {'cpu': 14}, (4, np.int64(90)): {'cpu': 11}, (3, np.int64(51)): {'cpu': 13}, (6, np.int64(63)): {'cpu': 14}, (8, np.int64(95)): {'cpu': 8}, (2, np.int64(31)): {'cpu': 6}}",{},0.0,0.0,560.0,85.0,475.0,0.0,0.0,0.0,0.0,0.0,0.0,0.0,0.0,0.0,Place Failure,0.0,"{'node_level': {}, 'link_level': {}, 'path_level': {}}","{'node_level': {0: {'cpu': -80}, 1: {'cpu': -71}, 4: {'cpu': -65}, 3: {'cpu': -52}, 6: {'cpu': -55}, 8: {'cpu': -52}, 2: {'cpu': -49}}, 'link_level': {}, 'path_level': {}}","{'node_level': {0: {'cpu': 0}, 1: {'cpu': 0}, 4: {'cpu': 0}, 3: {'cpu': 0}, 6: {'cpu': 0}, 8: {'cpu': 0}, 2: {'cpu': 0}}, 'link_level': {}, 'path_level': {}}",[],0.0,0.0,False,True,False,0,[],0,0.0,,,,7.0,0.0
7,4,4,1607.0,2951.0,1862874.6144215998,3406795.928126224,0.5445611657065401,0.546811330564846,18,6,1,99.0,41587.0,7247,34340.0,0.043931398416886536,0.07083716651333949,6,771.2922291675746,99.0,4,5,True,"{1: np.int64(65), 0: np.int64(98), 3: np.int64(63), 2: np.int64(40)}","{(0, 1): [(np.int64(98), 87), (87, np.int64(65))], (0, 3): [(np.int64(98), 70), (70, np.int64(63))], (2, 3): [(np.int64(40), 63)], (1, 2): [(np.int64(65), 95), (95, np.int64(40))], (0, 2): [(np.int64(98), 71), (71, np.int64(40))]}","{(1, np.int64(65)): {'cpu': 12}, (0, np.int64(98)): {'cpu': 8}, (3, np.int64(63)): {'cpu': 15}, (2, np.int64(40)): {'cpu': 11}}","{((0, 1), (np.int64(98), 87)): {'bw': 50.0}, ((0, 1), (87, np.int64(65))): {'bw': 50.0}, ((0, 3), (np.int64(98), 70)): {'bw': 25.0}, ((0, 3), (70, np.int64(63))): {'bw': 25.0}, ((2, 3), (np.int64(40), 63)): {'bw': 15.0}, ((1, 2), (np.int64(65), 95)): {'bw': 9.0}, ((1, 2), (95, np.int64(40))): {'bw': 9.0}, ((0, 2), (np.int64(98), 71)): {'bw': 6.0}, ((0, 2), (71, np.int64(40))): {'bw': 6.0}}",241.0,151.0,151.0,46.0,105.0,46.0,105.0,46.0,195.0,90.0,0.6265560165975104,185881.4272293855,116465.12660430378,483.2577867398497,Success,0.0,"{'node_level': {}, 'link_level': {}, 'path_level': {}}","{'node_level': {1: {'cpu': -81}, 0: {'cpu': -77}, 3: {'cpu': -54}, 2: {'cpu': -37}}, 'link_level': {}, 'path_level': {}}","{'node_level': {1: {'cpu': 0}, 0: {'cpu': 0}, 3: {'cpu': 0}, 2: {'cpu': 0}}, 'link_level': {}, 'path_level': {}}",[],0.0,0.0,True,True,False,0,[],0,0.0,"OrderedDict([((0, 1), 0), ((0, 3), 0), ((2, 3), 0), ((1, 2), 0), ((0, 2), 0)])",1.0,0.0,4.0,5.0
8,5,5,1716.0,3174.0,1904272.5782185432,3491490.844885108,0.5406427221172023,0.5454038583570182,20,7,1,114.0,41364.0,7205,34159.0,0.04947229551451182,0.0757346176741166,7,379.79783299948133,114.0,3,2,True,"{0: np.int64(90), 1: np.int64(51), 2: np.int64(31)}","{(0, 1): [(np.int64(90), 30), (30, 77), (77, np.int64(51))], (0, 2): [(np.int64(90), 42), (42, np.int64(31))]}","{(0, np.int64(90)): {'cpu': 19}, (1, np.int64(51)): {'cpu': 16}, (2, np.int64(31)): {'cpu': 7}}","{((0, 1), (np.int64(90), 30)): {'bw': 47.0}, ((0, 1), (30, 77)): {'bw': 47.0}, ((0, 1), (77, np.int64(51))): {'bw': 47.0}, ((0, 2), (np.int64(90), 42)): {'bw': 20.0}, ((0, 2), (42, np.int64(31))): {'bw': 20.0}}",223.0,109.0,109.0,42.0,67.0,42.0,67.0,42.0,181.0,114.0,0.48878923766816146,84694.91675888434,41397.96379694346,185.64109325983617,Success,0.0,"{'node_level': {}, 'link_level': {}, 'path_level': {}}","{'node_level': {0: {'cpu': -57}, 1: {'cpu': -49}, 2: {'cpu': -48}}, 'link_level': {}, 'path_level': {}}","{'node_level': {0: {'cpu': 0}, 1: {'cpu': 0}, 2: {'cpu': 0}}, 'link_level': {}, 'path_level': {}}",[],0.0,0.0,True,True,False,0,[],0,0.0,"OrderedDict([((0, 1), 0), ((0, 2), 0)])",1.0,0.0,3.0,2.0
9,6,6,1954.0,3603.0,2314958.3889611056,4231760.646601744,0.5423258395781293,0.5470437915292068,25,8,1,127.0,40935.0,7119,33816.0,0.06081794195250656,0.08501542291249531,8,1725.5706333721112,127.0,7,10,True,"{5: np.int64(34), 2: np.int64(36), 4: np.int64(18), 1: np.int64(91), 3: np.int64(48), 0: np.int64(72), 6: np.int64(8)}","{(2, 4): [(np.int64(36), 0), (0, 63), (63, np.int64(18))], (2, 3): [(np.int64(36), 48)], (2, 5): [(np.int64(36), 30), (30, 5), (5, np.int64(34))], (1, 5): [(np.int64(91), 23), (23, np.int64(34))], (4, 5): [(np.int64(18), 23), (23, np.int64(34))], (4, 6): [(np.int64(18), 41), (41, np.int64(8))], (0, 1): [(np.int64(72), 75), (75, 38), (38, np.int64(91))], (0, 5): [(np.int64(72), 34)], (1, 6): [(np.int64(91), 23), (23, np.int64(8))], (0, 3): [(np.int64(72), 75), (75, 49), (49, np.int64(48))]}","{(5, np.int64(34)): {'cpu': 19}, (2, np.int64(36)): {'cpu': 14}, (4, np.int64(18)): {'cpu': 15}, (1, np.int64(91)): {'cpu': 14}, (3, np.int64(48)): {'cpu': 9}, (0, np.int64(72)): {'cpu': 12}, (6, np.int64(8)): {'cpu': 3}}","{((2, 4), (np.int64(36), 0)): {'bw': 42.0}, ((2, 4), (0, 63)): {'bw': 42.0}, ((2, 4), (63, np.int64(18))): {'bw': 42.0}, ((2, 3), (np.int64(36), 48)): {'bw': 25.0}, ((2, 5), (np.int64(36), 30)): {'bw': 21.0}, ((2, 5), (30, 5)): {'bw': 21.0}, ((2, 5), (5, np.int64(34))): {'bw': 21.0}, ((1, 5), (np.int64(91), 23)): {'bw': 21.0}, ((1, 5), (23, np.int64(34))): {'bw': 21.0}, ((4, 5), (np.int64(18), 23)): {'bw': 22.0}, ((4, 5), (23, np.int64(34))): {'bw': 22.0}, ((4, 6), (np.int64(18), 41)): {'bw': 11.0}, ((4, 6), (41, np.int64(8))): {'bw': 11.0}, ((0, 1), (np.int64(72), 75)): {'bw': 2.0}, ((0, 1), (75, 38)): {'bw': 2.0}, ((0, 1), (38, np.int64(91))): {'bw': 2.0}, ((0, 5), (np.int64(72), 34)): {'bw': 4.0}, ((1, 6), (np.int64(91), 23)): {'bw': 1.0}, ((1, 6), (23, np.int64(8))): {'bw': 1.0}, ((0, 3), (np.int64(72), 75)): {'bw': 3.0}, ((0, 3), (75, 49)): {'bw': 3.0}, ((0, 3), (49, np.int64(48))): {'bw': 3.0}}",429.0,238.0,238.0,86.0,152.0,86.0,152.0,86.0,343.0,191.0,0.5547785547785548,740269.8017166357,410685.81074256246,957.3095821504952,Success,0.0,"{'node_level': {}, 'link_level': {}, 'path_level': {}}","{'node_level': {5: {'cpu': -68}, 2: {'cpu': -63}, 4: {'cpu': -55}, 1: {'cpu': -59}, 3: {'cpu': -80}, 0: {'cpu': -78}, 6: {'cpu': -87}}, 'link_level': {}, 'path_level': {}}","{'node_level': {5: {'cpu': 0}, 2: {'cpu': 0}, 4: {'cpu': 0}, 1: {'cpu': 0}, 3: {'cpu': 0}, 0: {'cpu': 0}, 6: {'cpu': 0}}, 'link_level': {}, 'path_level': {}}",[],0.0,0.0,True,True,False,0,[],0,0.0,"OrderedDict([((2, 4), 0), ((2, 3), 0), ((2, 5), 0), ((1, 5), 0), ((4, 5), 0), ((4, 6), 0), ((0, 1), 0), ((0, 5), 0), ((1, 6), 0), ((0, 3), 0)])",1.0,0.0,7.0,10.0
10,7,7,2191.0,4029.0,2416341.8680941476,4413994.24200544,0.5438073963762721,0.5474275079698143,29,9,1,133.0,40509.0,7070,33439.0,0.06728232189973615,0.09521619135234594,9,427.7783929664227,133.0,6,9,True,"{3: np.int64(31), 0: np.int64(56), 4: np.int64(83), 1: np.int64(59), 2: np.int64(80), 5: np.int64(38)}","{(3, 4): [(np.int64(31), 40), (40, np.int64(83))], (1, 4): [(np.int64(59), 80), (80, np.int64(83))], (0, 4): [(np.int64(56), 81), (81, np.int64(83))], (0, 3): [(np.int64(56), 76), (76, np.int64(31))], (0, 1): [(np.int64(56), 51), (51, np.int64(59))], (0, 2): [(np.int64(56), 80)], (1, 5): [(np.int64(59), 1), (1, 31), (31, np.int64(38))], (4, 5): [(np.int64(83), 40), (40, 31), (31, np.int64(38))], (2, 3): [(np.int64(80), 40), (40, np.int64(31))]}","{(3, np.int64(31)): {'cpu': 16}, (0, np.int64(56)): {'cpu': 10}, (4, np.int64(83)): {'cpu': 4}, (1, np.int64(59)): {'cpu': 4}, (2, np.int64(80)): {'cpu': 10}, (5, np.int64(38)): {'cpu': 5}}","{((3, 4), (np.int64(31), 40)): {'bw': 40.0}, ((3, 4), (40, np.int64(83))): {'bw': 40.0}, ((1, 4), (np.int64(59), 80)): {'bw': 38.0}, ((1, 4), (80, np.int64(83))): {'bw': 38.0}, ((0, 4), (np.int64(56), 81)): {'bw': 34.0}, ((0, 4), (81, np.int64(83))): {'bw': 34.0}, ((0, 3), (np.int64(56), 76)): {'bw': 28.0}, ((0, 3), (76, np.int64(31))): {'bw': 28.0}, ((0, 1), (np.int64(56), 51)): {'bw': 14.0}, ((0, 1), (51, np.int64(59))): {'bw': 14.0}, ((0, 2), (np.int64(56), 80)): {'bw': 13.0}, ((1, 5), (np.int64(59), 1)): {'bw': 7.0}, ((1, 5), (1, 31)): {'bw': 7.0}, ((1, 5), (31, np.int64(38))): {'bw': 7.0}, ((4, 5), (np.int64(83), 40)): {'bw': 7.0}, ((4, 5), (40, 31)): {'bw': 7.0}, ((4, 5), (31, np.int64(38))): {'bw': 7.0}, ((2, 3), (np.int64(80), 40)): {'bw': 7.0}, ((2, 3), (40, np.int64(31))): {'bw': 7.0}}",426.0,237.0,237.0,49.0,188.0,49.0,188.0,49.0,377.0,189.0,0.5563380281690141,182233.59540369606,101383.47913304219,237.98938763624926,Success,0.0,"{'node_level': {}, 'link_level': {}, 'path_level': {}}","{'node_level': {3: {'cpu': -32}, 0: {'cpu': -48}, 4: {'cpu': -65}, 1: {'cpu': -55}, 2: {'cpu': -58}, 5: {'cpu': -76}}, 'link_level': {}, 'path_level': {}}","{'node_level': {3: {'cpu': 0}, 0: {'cpu': 0}, 4: {'cpu': 0}, 1: {'cpu': 0}, 2: {'cpu': 0}, 5: {'cpu': 0}}, 'link_level': {}, 'path_level': {}}",[],0.0,0.0,True,True,False,0,[],0,0.0,"OrderedDict([((3, 4), 0), ((1, 4), 0), ((0, 4), 0), ((0, 3), 0), ((0, 1), 0), ((0, 2), 0), ((1, 5), 0), ((4, 5), 0), ((2, 3), 0)])",1.0,0.0,6.0,9.0
11,8,8,2399.0,4386.0,2483720.8108053072,4529639.831177959,0.5469676242590059,0.5483263357297441,33,10,1,143.0,40152.0,6993,33159.0,0.07744063324538264,0.1027923588938795,10,323.9372245728824,143.0,6,5,True,"{1: np.int64(26), 4: np.int64(47), 0: np.int64(13), 5: np.int64(24), 2: np.int64(8), 3: np.int64(98)}","{(1, 3): [(np.int64(26), 27), (27, np.int64(98))], (0, 4): [(np.int64(13), 72), (72, np.int64(47))], (1, 5): [(np.int64(26), 48), (48, np.int64(24))], (2, 4): [(np.int64(8), 28), (28, 43), (43, np.int64(47))], (4, 5): [(np.int64(47), 3), (3, np.int64(24))]}","{(1, np.int64(26)): {'cpu': 14}, (4, np.int64(47)): {'cpu': 13}, (0, np.int64(13)): {'cpu': 17}, (5, np.int64(24)): {'cpu': 16}, (2, np.int64(8)): {'cpu': 15}, (3, np.int64(98)): {'cpu': 2}}","{((1, 3), (np.int64(26), 27)): {'bw': 44.0}, ((1, 3), (27, np.int64(98))): {'bw': 44.0}, ((0, 4), (np.int64(13), 72)): {'bw': 35.0}, ((0, 4), (72, np.int64(47))): {'bw': 35.0}, ((1, 5), (np.int64(26), 48)): {'bw': 23.0}, ((1, 5), (48, np.int64(24))): {'bw': 23.0}, ((2, 4), (np.int64(8), 28)): {'bw': 18.0}, ((2, 4), (28, 43)): {'bw': 18.0}, ((2, 4), (43, np.int64(47))): {'bw': 18.0}, ((4, 5), (np.int64(47), 3)): {'bw': 11.0}, ((4, 5), (3, np.int64(24))): {'bw': 11.0}}",357.0,208.0,208.0,77.0,131.0,77.0,131.0,77.0,280.0,149.0,0.5826330532212886,115645.58917251903,67378.94271115954,188.73653420492872,Success,0.0,"{'node_level': {}, 'link_level': {}, 'path_level': {}}","{'node_level': {1: {'cpu': -75}, 4: {'cpu': -86}, 0: {'cpu': -44}, 5: {'cpu': -76}, 2: {'cpu': -72}, 3: {'cpu': -75}}, 'link_level': {}, 'path_level': {}}","{'node_level': {1: {'cpu': 0}, 4: {'cpu': 0}, 0: {'cpu': 0}, 5: {'cpu': 0}, 2: {'cpu': 0}, 3: {'cpu': 0}}, 'link_level': {}, 'path_level': {}}",[],0.0,0.0,True,True,False,0,[],0,0.0,"OrderedDict([((1, 3), 0), ((0, 4), 0), ((1, 5), 0), ((2, 4), 0), ((4, 5), 0)])",0.0,0.0,6.0,5.0
12,9,9,2686.0,4993.0,2562171.084855484,4695560.79406457,0.5379531343881434,0.5456581646422722,34,11,1,149.0,39545.0,6910,32635.0,0.08839050131926118,0.11697061529303532,11,273.3459026138563,149.0,7,9,True,"{5: np.int64(32), 4: np.int64(65), 6: np.int64(38), 1: np.int64(37), 0: np.int64(66), 3: np.int64(90), 2: np.int64(46)}","{(5, 6): [(np.int64(32), 31), (31, np.int64(38))], (4, 5): [(np.int64(65), 63), (63, 70), (70, np.int64(32))], (1, 2): [(np.int64(37), 45), (45, 53), (53, np.int64(46))], (0, 5): [(np.int64(66), 69), (69, 34), (34, np.int64(32))], (1, 3): [(np.int64(37), 90)], (2, 5): [(np.int64(46), 74), (74, 5), (5, 34), (34, np.int64(32))], (0, 2): [(np.int64(66), 46)], (2, 3): [(np.int64(46), 84), (84, np.int64(90))], (0, 1): [(np.int64(66), 69), (69, 43), (43, np.int64(37))]}","{(5, np.int64(32)): {'cpu': 16}, (4, np.int64(65)): {'cpu': 20}, (6, np.int64(38)): {'cpu': 16}, (1, np.int64(37)): {'cpu': 8}, (0, np.int64(66)): {'cpu': 9, 'nic_slots': 1}, (3, np.int64(90)): {'cpu': 11}, (2, np.int64(46)): {'cpu': 3, 'nic_slots': 1}}","{((5, 6), (np.int64(32), 31)): {'bw': 46.0}, ((5, 6), (31, np.int64(38))): {'bw': 46.0}, ((4, 5), (np.int64(65), 63)): {'bw': 42.0}, ((4, 5), (63, 70)): {'bw': 42.0}, ((4, 5), (70, np.int64(32))): {'bw': 42.0}, ((1, 2), (np.int64(37), 45)): {'bw': 38.0}, ((1, 2), (45, 53)): {'bw': 38.0}, ((1, 2), (53, np.int64(46))): {'bw': 38.0}, ((0, 5), (np.int64(66), 69)): {'bw': 36.0}, ((0, 5), (69, 34)): {'bw': 36.0}, ((0, 5), (34, np.int64(32))): {'bw': 36.0}, ((1, 3), (np.int64(37), 90)): {'bw': 18.0}, ((2, 5), (np.int64(46), 74)): {'bw': 11.0}, ((2, 5), (74, 5)): {'bw': 11.0}, ((2, 5), (5, 34)): {'bw': 11.0}, ((2, 5), (34, np.int64(32))): {'bw': 11.0}, ((0, 2), (np.int64(66), 46)): {'bw': 7.0}, ((2, 3), (np.int64(46), 84)): {'bw': 3.0}, ((2, 3), (84, np.int64(90))): {'bw': 3.0}, ((0, 1), (np.int64(66), 69)): {'bw': 3.0}, ((0, 1), (69, 43)): {'bw': 3.0}, ((0, 1), (43, np.int64(37))): {'bw': 3.0}}",607.0,287.0,287.0,83.0,204.0,83.0,204.0,83.0,524.0,320.0,0.4728171334431631,165920.96288661077,78450.27405017675,129.24262611231757,Success,0.0,"{'node_level': {}, 'link_level': {}, 'path_level': {}}","{'node_level': {5: {'cpu': -57}, 4: {'cpu': -61}, 6: {'cpu': -60}, 1: {'cpu': -61}, 0: {'cpu': -53}, 3: {'cpu': -46}, 2: {'cpu': -61}}, 'link_level': {}, 'path_level': {}}","{'node_level': {5: {'cpu': 0}, 4: {'cpu': 0}, 6: {'cpu': 0}, 1: {'cpu': 0}, 0: {'cpu': 0}, 3: {'cpu': 0}, 2: {'cpu': 0}}, 'link_level': {}, 'path_level': {}}",[],0.0,0.0,True,True,False,0,[],0,0.0,"OrderedDict([((5, 6), 0), ((4, 5), 0), ((1, 2), 0), ((0, 5), 0), ((1, 3), 0), ((2, 5), 0), ((0, 2), 1), ((2, 3), 0), ((0, 1), 0)])",0.0,1.0,7.0,9.0
13,10,10,2993.0,5542.0,2702430.777094002,4946383.5010318225,0.5400577408877661,0.5463447742234849,39,12,1,164.0,38996.0,6790,32206.0,0.10422163588390498,0.12857838627631368,12,456.8719616889836,164.0,9,14,True,"{3: np.int64(39), 5: np.int64(93), 8: np.int64(62), 6: np.int64(20), 7: np.int64(60), 2: np.int64(48), 1: np.int64(96), 4: np.int64(61), 0: np.int64(92)}","{(3, 8): [(np.int64(39), 56), (56, np.int64(62))], (5, 8): [(np.int64(93), 92), (92, 56), (56, np.int64(62))], (6, 7): [(np.int64(20), 81), (81, 94), (94, np.int64(60))], (4, 5): [(np.int64(61), 45), (45, 92), (92, np.int64(93))], (2, 6): [(np.int64(48), 26), (26, np.int64(20))], (2, 3): [(np.int64(48), 39)], (1, 3): [(np.int64(96), 84), (84, 56), (56, np.int64(39))], (3, 4): [(np.int64(39), 54), (54, np.int64(61))], (0, 5): [(np.int64(92), 93)], (5, 7): [(np.int64(93), 60)], (4, 7): [(np.int64(61), 60)], (4, 8): [(np.int64(61), 62)], (0, 4): [(np.int64(92), 81), (81, np.int64(61))], (3, 6): [(np.int64(39), 26), (26, np.int64(20))]}","{(3, np.int64(39)): {'cpu': 19}, (5, np.int64(93)): {'cpu': 20}, (8, np.int64(62)): {'cpu': 15}, (6, np.int64(20)): {'cpu': 12}, (7, np.int64(60)): {'cpu': 13}, (2, np.int64(48)): {'cpu': 12}, (1, np.int64(96)): {'cpu': 19}, (4, np.int64(61)): {'cpu': 3}, (0, np.int64(92)): {'cpu': 7}}","{((3, 8), (np.int64(39), 56)): {'bw': 37.0}, ((3, 8), (56, np.int64(62))): {'bw': 37.0}, ((5, 8), (np.int64(93), 92)): {'bw': 32.0}, ((5, 8), (92, 56)): {'bw': 32.0}, ((5, 8), (56, np.int64(62))): {'bw': 32.0}, ((6, 7), (np.int64(20), 81)): {'bw': 25.0}, ((6, 7), (81, 94)): {'bw': 25.0}, ((6, 7), (94, np.int64(60))): {'bw': 25.0}, ((4, 5), (np.int64(61), 45)): {'bw': 21.0}, ((4, 5), (45, 92)): {'bw': 21.0}, ((4, 5), (92, np.int64(93))): {'bw': 21.0}, ((2, 6), (np.int64(48), 26)): {'bw': 18.0}, ((2, 6), (26, np.int64(20))): {'bw': 18.0}, ((2, 3), (np.int64(48), 39)): {'bw': 14.0}, ((1, 3), (np.int64(96), 84)): {'bw': 10.0}, ((1, 3), (84, 56)): {'bw': 10.0}, ((1, 3), (56, np.int64(39))): {'bw': 10.0}, ((3, 4), (np.int64(39), 54)): {'bw': 7.0}, ((3, 4), (54, np.int64(61))): {'bw': 7.0}, ((0, 5), (np.int64(92), 93)): {'bw': 6.0}, ((5, 7), (np.int64(93), 60)): {'bw': 6.0}, ((4, 7), (np.int64(61), 60)): {'bw': 2.0}, ((4, 8), (np.int64(61), 62)): {'bw': 5.0}, ((0, 4), (np.int64(92), 81)): {'bw': 3.0}, ((0, 4), (81, np.int64(61))): {'bw': 3.0}, ((3, 6), (np.int64(39), 26)): {'bw': 1.0}, ((3, 6), (26, np.int64(20))): {'bw': 1.0}}",549.0,307.0,307.0,120.0,187.0,120.0,187.0,120.0,429.0,242.0,0.5591985428051002,250822.70696725202,140259.69223851798,255.4821352249872,Success,0.0,"{'node_level': {}, 'link_level': {}, 'path_level': {}}","{'node_level': {3: {'cpu': -19}, 5: {'cpu': -73}, 8: {'cpu': -61}, 6: {'cpu': -77}, 7: {'cpu': -44}, 2: {'cpu': -68}, 1: {'cpu': -39}, 4: {'cpu': -46}, 0: {'cpu': -65}}, 'link_level': {}, 'path_level': {}}","{'node_level': {3: {'cpu': 0}, 5: {'cpu': 0}, 8: {'cpu': 0}, 6: {'cpu': 0}, 7: {'cpu': 0}, 2: {'cpu': 0}, 1: {'cpu': 0}, 4: {'cpu': 0}, 0: {'cpu': 0}}, 'link_level': {}, 'path_level': {}}",[],0.0,0.0,True,True,False,0,[],0,0.0,"OrderedDict([((3, 8), 0), ((5, 8), 0), ((6, 7), 0), ((4, 5), 0), ((2, 6), 0), ((2, 3), 0), ((1, 3), 0), ((3, 4), 0), ((0, 5), 0), ((5, 7), 0), ((4, 7), 0), ((4, 8), 0), ((0, 4), 0), ((3, 6), 0)])",2.0,0.0,9.0,14.0
14,10,10,2993.0,5542.0,2702430.777094002,4946383.5010318225,0.5400577408877661,0.5463447742234849,39,13,1,179.0,38996.0,6790,32206.0,0.10422163588390498,0.12857838627631368,13,56.3450643325299,179.0,5,6,False,"{2: np.int64(51), 3: np.int64(98), 4: np.int64(59), 1: np.int64(1), 0: np.int64(22)}","{(2, 3): [(np.int64(51), 48), (48, 49), (49, np.int64(98))], (0, 4): [(np.int64(22), 42), (42, 31), (31, 1), (1, np.int64(59))], (3, 4): [(np.int64(98), 9), (9, 53), (53, np.int64(59))], (1, 2): [(np.int64(1), 61), (61, np.int64(51))]}","{(2, np.int64(51)): {'cpu': 12}, (3, np.int64(98)): {'cpu': 10}, (4, np.int64(59)): {'cpu': 7}, (1, np.int64(1)): {'cpu': 5}, (0, np.int64(22)): {'cpu': 3}}","{((2, 3), (np.int64(51), 48)): {'bw': 47.0}, ((2, 3), (48, 49)): {'bw': 47.0}, ((2, 3), (49, np.int64(98))): {'bw': 47.0}, ((0, 4), (np.int64(22), 42)): {'bw': 48.0}, ((0, 4), (42, 31)): {'bw': 48.0}, ((0, 4), (31, 1)): {'bw': 48.0}, ((0, 4), (1, np.int64(59))): {'bw': 48.0}, ((3, 4), (np.int64(98), 9)): {'bw': 32.0}, ((3, 4), (9, 53)): {'bw': 32.0}, ((3, 4), (53, np.int64(59))): {'bw': 32.0}, ((1, 2), (np.int64(1), 61)): {'bw': 29.0}, ((1, 2), (61, np.int64(51))): {'bw': 29.0}}",0.0,0.0,220.0,37.0,183.0,0.0,0.0,0.0,0.0,0.0,0.0,0.0,0.0,0.0,Route Failure,0.0,"{'node_level': {}, 'link_level': {}, 'path_level': {}}","{'node_level': {2: {'cpu': -37}, 3: {'cpu': -65}, 4: {'cpu': -48}, 1: {'cpu': -60}, 0: {'cpu': -85}}, 'link_level': {}, 'path_level': {}}","{'node_level': {2: {'cpu': 0}, 3: {'cpu': 0}, 4: {'cpu': 0}, 1: {'cpu': 0}, 0: {'cpu': 0}}, 'link_level': {}, 'path_level': {}}",[],0.0,0.0,True,False,False,0,[],0,0.0,"OrderedDict([((2, 3), 0), ((0, 4), 0), ((3, 4), 0), ((1, 2), 0)])",2.0,0.0,5.0,4.0
14,10,9,2993.0,5542.0,2702430.777094002,4946383.5010318225,0.5400577408877661,0.5463447742234849,39,14,0,188.28381384066654,39209.0,6844,32365.0,0.09709762532981525,0.12427620542237139,3,130.28381384066654,58.0,4,4,False,{},{},{},{},0.0,0.0,0.0,0.0,0.0,0.0,0.0,0.0,0.0,0.0,0.0,0.0,0.0,0.0,Leave Event,0.0,"{'node_level': {}, 'link_level': {}, 'path_level': {}}","{'node_level': {}, 'link_level': {}, 'path_level': {}}","{'node_level': {}, 'link_level': {}, 'path_level': {}}",[],0.0,0.0,True,True,False,0,[],0,0.0,,,,,
15,11,10,3503.0,6255.0,2819686.8255110183,5110312.054995219,0.5600319744204636,0.5517641183486702,40,15,1,192.0,38496.0,6758,31738.0,0.10844327176780999,0.14124140916716277,14,229.91382042552195,192.0,8,14,True,"{1: np.int64(51), 3: np.int64(59), 2: np.int64(11), 4: np.int64(91), 5: np.int64(61), 0: np.int64(83), 6: np.int64(29), 7: np.int64(80)}","{(5, 7): [(np.int64(61), 51), (51, np.int64(80))], (3, 5): [(np.int64(59), 61)], (2, 4): [(np.int64(11), 91)], (1, 3): [(np.int64(51), 59)], (2, 6): [(np.int64(11), 82), (82, np.int64(29))], (2, 7): [(np.int64(11), 80)], (1, 6): [(np.int64(51), 91), (91, np.int64(29))], (1, 5): [(np.int64(51), 61)], (1, 4): [(np.int64(51), 91)], (0, 7): [(np.int64(83), 80)], (4, 7): [(np.int64(91), 56), (56, np.int64(80))], (0, 3): [(np.int64(83), 40), (40, 31), (31, 1), (1, np.int64(59))], (1, 2): [(np.int64(51), 77), (77, 5), (5, np.int64(11))], (3, 7): [(np.int64(59), 80)]}","{(1, np.int64(51)): {'cpu': 19}, (3, np.int64(59)): {'cpu': 15}, (2, np.int64(11)): {'cpu': 11}, (4, np.int64(91)): {'cpu': 12}, (5, np.int64(61)): {'cpu': 9}, (0, np.int64(83)): {'cpu': 13}, (6, np.int64(29)): {'cpu': 6}, (7, np.int64(80)): {'cpu': 1}}","{((5, 7), (np.int64(61), 51)): {'bw': 49.0}, ((5, 7), (51, np.int64(80))): {'bw': 49.0}, ((3, 5), (np.int64(59), 61)): {'bw': 45.0}, ((2, 4), (np.int64(11), 91)): {'bw': 42.0}, ((1, 3), (np.int64(51), 59)): {'bw': 34.0}, ((2, 6), (np.int64(11), 82)): {'bw': 33.0}, ((2, 6), (82, np.int64(29))): {'bw': 33.0}, ((2, 7), (np.int64(11), 80)): {'bw': 36.0}, ((1, 6), (np.int64(51), 91)): {'bw': 34.0}, ((1, 6), (91, np.int64(29))): {'bw': 34.0}, ((1, 5), (np.int64(51), 61)): {'bw': 31.0}, ((1, 4), (np.int64(51), 91)): {'bw': 30.0}, ((0, 7), (np.int64(83), 80)): {'bw': 26.0}, ((4, 7), (np.int64(91), 56)): {'bw': 26.0}, ((4, 7), (56, np.int64(80))): {'bw': 26.0}, ((0, 3), (np.int64(83), 40)): {'bw': 11.0}, ((0, 3), (40, 31)): {'bw': 11.0}, ((0, 3), (31, 1)): {'bw': 11.0}, ((0, 3), (1, np.int64(59))): {'bw': 11.0}, ((1, 2), (np.int64(51), 77)): {'bw': 14.0}, ((1, 2), (77, 5)): {'bw': 14.0}, ((1, 2), (5, np.int64(11))): {'bw': 14.0}, ((3, 7), (np.int64(59), 80)): {'bw': 13.0}}",713.0,510.0,510.0,86.0,424.0,86.0,424.0,86.0,627.0,203.0,0.7152875175315568,163928.55396339713,117256.0484170162,164.45448585836775,Success,0.0,"{'node_level': {}, 'link_level': {}, 'path_level': {}}","{'node_level': {1: {'cpu': -47}, 3: {'cpu': -40}, 2: {'cpu': -50}, 4: {'cpu': -47}, 5: {'cpu': -48}, 0: {'cpu': -62}, 6: {'cpu': -77}, 7: {'cpu': -57}}, 'link_level': {}, 'path_level': {}}","{'node_level': {1: {'cpu': 0}, 3: {'cpu': 0}, 2: {'cpu': 0}, 4: {'cpu': 0}, 5: {'cpu': 0}, 0: {'cpu': 0}, 6: {'cpu': 0}, 7: {'cpu': 0}}, 'link_level': {}, 'path_level': {}}",[],0.0,0.0,True,True,False,0,[],0,0.0,"OrderedDict([((5, 7), 0), ((3, 5), 0), ((2, 4), 0), ((1, 3), 0), ((2, 6), 0), ((2, 7), 0), ((1, 6), 0), ((1, 5), 0), ((1, 4), 0), ((0, 7), 0), ((4, 7), 0), ((0, 3), 0), ((1, 2), 0), ((3, 7), 0)])",2.0,0.0,8.0,14.0
16,12,11,3777.0,6669.0,2852991.4367974196,5160633.620953505,0.5663517768780927,0.5528374316699286,42,16,1,201.0,38082.0,6700,31382.0,0.11609498680738783,0.15087396504139838,15,121.54967622774257,201.0,6,7,True,"{3: np.int64(98), 0: np.int64(22), 5: np.int64(42), 4: np.int64(36), 1: np.int64(41), 2: np.int64(49)}","{(3, 5): [(np.int64(98), 42)], (0, 3): [(np.int64(22), 98)], (3, 4): [(np.int64(98), 9), (9, 6), (6, np.int64(36))], (4, 5): [(np.int64(36), 3), (3, np.int64(42))], (0, 5): [(np.int64(22), 42)], (1, 3): [(np.int64(41), 16), (16, 34), (34, np.int64(98))], (2, 5): [(np.int64(49), 98), (98, np.int64(42))]}","{(3, np.int64(98)): {'cpu': 9}, (0, np.int64(22)): {'cpu': 12}, (5, np.int64(42)): {'cpu': 5}, (4, np.int64(36)): {'cpu': 2}, (1, np.int64(41)): {'cpu': 18}, (2, np.int64(49)): {'cpu': 12}}","{((3, 5), (np.int64(98), 42)): {'bw': 43.0}, ((0, 3), (np.int64(22), 98)): {'bw': 45.0}, ((3, 4), (np.int64(98), 9)): {'bw': 41.0}, ((3, 4), (9, 6)): {'bw': 41.0}, ((3, 4), (6, np.int64(36))): {'bw': 41.0}, ((4, 5), (np.int64(36), 3)): {'bw': 36.0}, ((4, 5), (3, np.int64(42))): {'bw': 36.0}, ((0, 5), (np.int64(22), 42)): {'bw': 36.0}, ((1, 3), (np.int64(41), 16)): {'bw': 7.0}, ((1, 3), (16, 34)): {'bw': 7.0}, ((1, 3), (34, np.int64(98))): {'bw': 7.0}, ((2, 5), (np.int64(49), 98)): {'bw': 8.0}, ((2, 5), (98, np.int64(42))): {'bw': 8.0}}",414.0,274.0,274.0,58.0,216.0,58.0,216.0,58.0,356.0,140.0,0.6618357487922706,50321.56595828542,33304.611286401465,80.44592098164605,Success,0.0,"{'node_level': {}, 'link_level': {}, 'path_level': {}}","{'node_level': {3: {'cpu': -66}, 0: {'cpu': -76}, 5: {'cpu': -57}, 4: {'cpu': -61}, 1: {'cpu': -64}, 2: {'cpu': -75}}, 'link_level': {}, 'path_level': {}}","{'node_level': {3: {'cpu': 0}, 0: {'cpu': 0}, 5: {'cpu': 0}, 4: {'cpu': 0}, 1: {'cpu': 0}, 2: {'cpu': 0}}, 'link_level': {}, 'path_level': {}}",[],0.0,0.0,True,True,False,0,[],0,0.0,"OrderedDict([((3, 5), 0), ((0, 3), 0), ((3, 4), 0), ((4, 5), 0), ((0, 5), 0), ((1, 3), 0), ((2, 5), 0)])",2.0,0.0,6.0,7.0
17,13,12,4037.0,7232.0,3066992.1968437023,5624027.57443834,0.5582134955752213,0.5453373327654775,44,17,1,223.0,37519.0,6648,30871.0,0.12295514511873351,0.16470047080469719,16,823.0798463318571,223.0,5,8,True,"{1: np.int64(8), 2: np.int64(25), 3: np.int64(55), 0: np.int64(18), 4: np.int64(72)}","{(3, 4): [(np.int64(55), 83), (83, np.int64(72))], (1, 4): [(np.int64(8), 37), (37, 3), (3, np.int64(72))], (0, 1): [(np.int64(18), 41), (41, np.int64(8))], (0, 3): [(np.int64(18), 24), (24, np.int64(55))], (2, 3): [(np.int64(25), 56), (56, 51), (51, 24), (24, np.int64(55))], (1, 2): [(np.int64(8), 37), (37, np.int64(25))], (1, 3): [(np.int64(8), 28), (28, 83), (83, np.int64(55))], (2, 4): [(np.int64(25), 95), (95, np.int64(72))]}","{(1, np.int64(8)): {'cpu': 18}, (2, np.int64(25)): {'cpu': 19}, (3, np.int64(55)): {'cpu': 6}, (0, np.int64(18)): {'cpu': 6}, (4, np.int64(72)): {'cpu': 3}}","{((3, 4), (np.int64(55), 83)): {'bw': 49.0}, ((3, 4), (83, np.int64(72))): {'bw': 49.0}, ((1, 4), (np.int64(8), 37)): {'bw': 39.0}, ((1, 4), (37, 3)): {'bw': 39.0}, ((1, 4), (3, np.int64(72))): {'bw': 39.0}, ((0, 1), (np.int64(18), 41)): {'bw': 38.0}, ((0, 1), (41, np.int64(8))): {'bw': 38.0}, ((0, 3), (np.int64(18), 24)): {'bw': 28.0}, ((0, 3), (24, np.int64(55))): {'bw': 28.0}, ((2, 3), (np.int64(25), 56)): {'bw': 22.0}, ((2, 3), (56, 51)): {'bw': 22.0}, ((2, 3), (51, 24)): {'bw': 22.0}, ((2, 3), (24, np.int64(55))): {'bw': 22.0}, ((1, 2), (np.int64(8), 37)): {'bw': 17.0}, ((1, 2), (37, np.int64(25))): {'bw': 17.0}, ((1, 3), (np.int64(8), 28)): {'bw': 12.0}, ((1, 3), (28, 83)): {'bw': 12.0}, ((1, 3), (83, np.int64(55))): {'bw': 12.0}, ((2, 4), (np.int64(25), 95)): {'bw': 3.0}, ((2, 4), (95, np.int64(72))): {'bw': 3.0}}",563.0,260.0,260.0,52.0,208.0,52.0,208.0,52.0,511.0,303.0,0.46181172291296624,463393.9534848355,214000.76004628284,380.1079219294544,Success,0.0,"{'node_level': {}, 'link_level': {}, 'path_level': {}}","{'node_level': {1: {'cpu': -54}, 2: {'cpu': -74}, 3: {'cpu': -89}, 0: {'cpu': -49}, 4: {'cpu': -75}}, 'link_level': {}, 'path_level': {}}","{'node_level': {1: {'cpu': 0}, 2: {'cpu': 0}, 3: {'cpu': 0}, 0: {'cpu': 0}, 4: {'cpu': 0}}, 'link_level': {}, 'path_level': {}}",[],0.0,0.0,True,True,False,0,[],0,0.0,"OrderedDict([((3, 4), 0), ((1, 4), 0), ((0, 1), 0), ((0, 3), 0), ((2, 3), 0), ((1, 2), 0), ((1, 3), 0), ((2, 4), 0)])",0.0,0.0,5.0,8.0
17,13,12,4037.0,7232.0,3066992.1968437023,5624027.57443834,0.5582134955752213,0.5453373327654775,44,18,0,235.3450643325299,37519.0,6648,30871.0,0.12295514511873351,0.16470047080469719,13,56.3450643325299,179.0,5,6,False,{},{},{},{},0.0,0.0,0.0,0.0,0.0,0.0,0.0,0.0,0.0,0.0,0.0,0.0,0.0,0.0,Leave Event,0.0,"{'node_level': {}, 'link_level': {}, 'path_level': {}}","{'node_level': {}, 'link_level': {}, 'path_level': {}}","{'node_level': {}, 'link_level': {}, 'path_level': {}}",[],0.0,0.0,True,True,False,0,[],0,0.0,,,,,
18,13,12,4037.0,7232.0,3066992.1968437023,5624027.57443834,0.5582134955752213,0.5453373327654775,44,19,1,238.0,37519.0,6648,30871.0,0.12295514511873351,0.16470047080469719,17,800.290091319284,238.0,9,14,False,"{6: np.int64(46), 5: np.int64(66), 2: np.int64(10), 8: np.int64(73), 3: np.int64(68)}",{},"{(6, np.int64(46)): {'cpu': 16}, (5, np.int64(66)): {'cpu': 13}, (2, np.int64(10)): {'cpu': 5}, (8, np.int64(73)): {'cpu': 6}, (3, np.int64(68)): {'cpu': 12}}",{},0.0,0.0,484.0,98.0,386.0,0.0,0.0,0.0,0.0,0.0,0.0,0.0,0.0,0.0,Place Failure,0.0,"{'node_level': {}, 'link_level': {}, 'path_level': {}}","{'node_level': {6: {'cpu': -45}, 5: {'cpu': -40}, 2: {'cpu': -79}, 8: {'cpu': -72}, 3: {'cpu': -88}}, 'link_level': {}, 'path_level': {}}","{'node_level': {6: {'cpu': 0}, 5: {'cpu': 0}, 2: {'cpu': 0}, 8: {'cpu': 0}, 3: {'cpu': 0}}, 'link_level': {}, 'path_level': {}}",[],0.0,0.0,False,True,False,0,[],0,0.0,,,,5.0,0.0
19,13,12,4037.0,7232.0,3066992.1968437023,5624027.57443834,0.5582134955752213,0.5453373327654775,44,20,1,252.0,37519.0,6648,30871.0,0.12295514511873351,0.16470047080469719,18,404.3233208380041,252.0,8,18,False,"{1: np.int64(46), 6: np.int64(66), 4: np.int64(84), 5: np.int64(47), 3: np.int64(89), 0: np.int64(38), 2: np.int64(68), 7: np.int64(73)}","{(1, 3): [(np.int64(46), 84), (84, np.int64(89))], (6, 7): [(np.int64(66), 73)], (1, 5): [(np.int64(46), 10), (10, 68), (68, np.int64(47))], (0, 2): [(np.int64(38), 68)], (1, 4): [(np.int64(46), 84)], (1, 6): [(np.int64(46), 51), (51, 99), (99, np.int64(66))], (4, 6): [(np.int64(84), 40), (40, 71), (71, np.int64(66))], (3, 6): [(np.int64(89), 33), (33, 22), (22, np.int64(66))], (5, 6): [(np.int64(47), 22), (22, np.int64(66))], (0, 4): [(np.int64(38), 45), (45, np.int64(84))], (0, 7): [(np.int64(38), 31), (31, 1), (1, np.int64(73))], (2, 7): [(np.int64(68), 23), (23, 64), (64, np.int64(73))]}","{(1, np.int64(46)): {'cpu': 17}, (6, np.int64(66)): {'cpu': 10}, (4, np.int64(84)): {'cpu': 13}, (5, np.int64(47)): {'cpu': 9}, (3, np.int64(89)): {'cpu': 10}, (0, np.int64(38)): {'cpu': 5}, (2, np.int64(68)): {'cpu': 4}, (7, np.int64(73)): {'cpu': 2}}","{((1, 3), (np.int64(46), 84)): {'bw': 50.0}, ((1, 3), (84, np.int64(89))): {'bw': 50.0}, ((6, 7), (np.int64(66), 73)): {'bw': 46.0}, ((1, 5), (np.int64(46), 10)): {'bw': 45.0}, ((1, 5), (10, 68)): {'bw': 45.0}, ((1, 5), (68, np.int64(47))): {'bw': 45.0}, ((0, 2), (np.int64(38), 68)): {'bw': 42.0}, ((1, 4), (np.int64(46), 84)): {'bw': 42.0}, ((1, 6), (np.int64(46), 51)): {'bw': 42.0}, ((1, 6), (51, 99)): {'bw': 42.0}, ((1, 6), (99, np.int64(66))): {'bw': 42.0}, ((4, 6), (np.int64(84), 40)): {'bw': 36.0}, ((4, 6), (40, 71)): {'bw': 36.0}, ((4, 6), (71, np.int64(66))): {'bw': 36.0}, ((3, 6), (np.int64(89), 33)): {'bw': 35.0}, ((3, 6), (33, 22)): {'bw': 35.0}, ((3, 6), (22, np.int64(66))): {'bw': 35.0}, ((5, 6), (np.int64(47), 22)): {'bw': 33.0}, ((5, 6), (22, np.int64(66))): {'bw': 33.0}, ((0, 4), (np.int64(38), 45)): {'bw': 37.0}, ((0, 4), (45, np.int64(84))): {'bw': 37.0}, ((0, 7), (np.int64(38), 31)): {'bw': 36.0}, ((0, 7), (31, 1)): {'bw': 36.0}, ((0, 7), (1, np.int64(73))): {'bw': 36.0}, ((2, 7), (np.int64(68), 23)): {'bw': 32.0}, ((2, 7), (23, 64)): {'bw': 32.0}, ((2, 7), (64, np.int64(73))): {'bw': 32.0}}",0.0,0.0,648.0,70.0,578.0,0.0,0.0,0.0,0.0,0.0,0.0,0.0,0.0,0.0,Route Failure,0.0,"{'node_level': {}, 'link_level': {}, 'path_level': {}}","{'node_level': {1: {'cpu': -44}, 6: {'cpu': -43}, 4: {'cpu': -54}, 5: {'cpu': -77}, 3: {'cpu': -60}, 0: {'cpu': -55}, 2: {'cpu': -96}, 7: {'cpu': -76}}, 'link_level': {}, 'path_level': {}}","{'node_level': {1: {'cpu': 0}, 6: {'cpu': 0}, 4: {'cpu': 0}, 5: {'cpu': 0}, 3: {'cpu': 0}, 0: {'cpu': 0}, 2: {'cpu': 0}, 7: {'cpu': 0}}, 'link_level': {}, 'path_level': {}}",[],0.0,0.0,True,False,False,0,[],0,0.0,"OrderedDict([((1, 3), 0), ((6, 7), 0), ((1, 5), 0), ((0, 2), 0), ((1, 4), 0), ((1, 6), 0), ((4, 6), 0), ((3, 6), 0), ((5, 6), 0), ((0, 4), 0), ((0, 7), 0), ((2, 7), 0)])",3.0,0.0,8.0,12.0
20,14,13,4120.0,7354.0,3160582.3297658064,5761593.7939142035,0.5602393255371226,0.5485604231773912,45,21,1,261.0,37397.0,6618,30779.0,0.12691292875989446,0.16718978299691545,19,1127.5919629169168,261.0,3,3,True,"{0: np.int64(46), 1: np.int64(66), 2: np.int64(95)}","{(0, 1): [(np.int64(46), 80), (80, np.int64(66))], (1, 2): [(np.int64(66), 95)], (0, 2): [(np.int64(46), 51), (51, np.int64(95))]}","{(0, np.int64(46)): {'cpu': 18}, (1, np.int64(66)): {'cpu': 10}, (2, np.int64(95)): {'cpu': 2}}","{((0, 1), (np.int64(46), 80)): {'bw': 28.0}, ((0, 1), (80, np.int64(66))): {'bw': 28.0}, ((1, 2), (np.int64(66), 95)): {'bw': 14.0}, ((0, 2), (np.int64(46), 51)): {'bw': 11.0}, ((0, 2), (51, np.int64(95))): {'bw': 11.0}}",122.0,83.0,83.0,30.0,53.0,30.0,53.0,30.0,92.0,39.0,0.680327868852459,137566.21947586385,93590.1329221041,767.132237066427,Success,0.0,"{'node_level': {}, 'link_level': {}, 'path_level': {}}","{'node_level': {0: {'cpu': -43}, 1: {'cpu': -43}, 2: {'cpu': -58}}, 'link_level': {}, 'path_level': {}}","{'node_level': {0: {'cpu': 0}, 1: {'cpu': 0}, 2: {'cpu': 0}}, 'link_level': {}, 'path_level': {}}",[],0.0,0.0,True,True,False,0,[],0,0.0,"OrderedDict([((0, 1), 0), ((1, 2), 0), ((0, 2), 0)])",1.0,0.0,3.0,3.0
21,15,14,4311.0,7644.0,3413375.3921174896,6145415.721045031,0.5639717425431711,0.5554344160035187,46,22,1,273.0,37107.0,6568,30539.0,0.13350923482849608,0.17368364088965849,20,1323.523886658026,273.0,5,7,True,"{3: np.int64(2), 0: np.int64(63), 2: np.int64(73), 4: np.int64(47), 1: np.int64(13)}","{(0, 3): [(np.int64(63), 2)], (2, 3): [(np.int64(73), 64), (64, np.int64(2))], (1, 2): [(np.int64(13), 4), (4, np.int64(73))], (0, 2): [(np.int64(63), 73)], (2, 4): [(np.int64(73), 11), (11, np.int64(47))], (0, 1): [(np.int64(63), 18), (18, 24), (24, np.int64(13))], (1, 3): [(np.int64(13), 26), (26, np.int64(2))]}","{(3, np.int64(2)): {'cpu': 20}, (0, np.int64(63)): {'cpu': 14}, (2, np.int64(73)): {'cpu': 8}, (4, np.int64(47)): {'cpu': 7}, (1, np.int64(13)): {'cpu': 1}}","{((0, 3), (np.int64(63), 2)): {'bw': 36.0}, ((2, 3), (np.int64(73), 64)): {'bw': 32.0}, ((2, 3), (64, np.int64(2))): {'bw': 32.0}, ((1, 2), (np.int64(13), 4)): {'bw': 29.0}, ((1, 2), (4, np.int64(73))): {'bw': 29.0}, ((0, 2), (np.int64(63), 73)): {'bw': 18.0}, ((2, 4), (np.int64(73), 11)): {'bw': 13.0}, ((2, 4), (11, np.int64(47))): {'bw': 13.0}, ((0, 1), (np.int64(63), 18)): {'bw': 12.0}, ((0, 1), (18, 24)): {'bw': 12.0}, ((0, 1), (24, np.int64(13))): {'bw': 12.0}, ((1, 3), (np.int64(13), 26)): {'bw': 1.0}, ((1, 3), (26, np.int64(2))): {'bw': 1.0}}",290.0,191.0,191.0,50.0,141.0,50.0,141.0,50.0,240.0,99.0,0.6586206896551724,383821.9271308275,252793.06235168295,871.7002150058033,Success,0.0,"{'node_level': {}, 'link_level': {}, 'path_level': {}}","{'node_level': {3: {'cpu': -75}, 0: {'cpu': -40}, 2: {'cpu': -70}, 4: {'cpu': -79}, 1: {'cpu': -43}}, 'link_level': {}, 'path_level': {}}","{'node_level': {3: {'cpu': 0}, 0: {'cpu': 0}, 2: {'cpu': 0}, 4: {'cpu': 0}, 1: {'cpu': 0}}, 'link_level': {}, 'path_level': {}}",[],0.0,0.0,True,True,False,0,[],0,0.0,"OrderedDict([((0, 3), 0), ((2, 3), 0), ((1, 2), 0), ((0, 2), 0), ((2, 4), 0), ((0, 1), 0), ((1, 3), 0)])",0.0,0.0,5.0,7.0
22,15,14,4311.0,7644.0,3413375.3921174896,6145415.721045031,0.5639717425431711,0.5554344160035187,46,23,1,283.0,37107.0,6568,30539.0,0.13350923482849608,0.17368364088965849,21,1900.0930481665152,283.0,7,7,False,"{0: np.int64(94), 5: np.int64(20), 2: np.int64(26), 1: np.int64(95), 3: np.int64(43)}",{},"{(0, np.int64(94)): {'cpu': 13}, (5, np.int64(20)): {'cpu': 19}, (2, np.int64(26)): {'cpu': 8}, (1, np.int64(95)): {'cpu': 9}, (3, np.int64(43)): {'cpu': 6}}",{},0.0,0.0,201.0,70.0,131.0,0.0,0.0,0.0,0.0,0.0,0.0,0.0,0.0,0.0,Place Failure,0.0,"{'node_level': {}, 'link_level': {}, 'path_level': {}}","{'node_level': {0: {'cpu': -74}, 5: {'cpu': -58}, 2: {'cpu': -67}, 1: {'cpu': -49}, 3: {'cpu': -94}}, 'link_level': {}, 'path_level': {}}","{'node_level': {0: {'cpu': 0}, 5: {'cpu': 0}, 2: {'cpu': 0}, 1: {'cpu': 0}, 3: {'cpu': 0}}, 'link_level': {}, 'path_level': {}}",[],0.0,0.0,False,True,False,0,[],0,0.0,,,,5.0,0.0
23,15,14,4311.0,7644.0,3413375.3921174896,6145415.721045031,0.5639717425431711,0.5554344160035187,46,24,1,294.0,37107.0,6568,30539.0,0.13350923482849608,0.17368364088965849,22,1248.8058318735054,294.0,10,28,False,"{3: np.int64(94), 1: np.int64(20), 2: np.int64(95), 5: np.int64(43)}",{},"{(3, np.int64(94)): {'cpu': 19}, (1, np.int64(20)): {'cpu': 15}, (2, np.int64(95)): {'cpu': 19}, (5, np.int64(43)): {'cpu': 11}}",{},0.0,0.0,868.0,122.0,746.0,0.0,0.0,0.0,0.0,0.0,0.0,0.0,0.0,0.0,Place Failure,0.0,"{'node_level': {}, 'link_level': {}, 'path_level': {}}","{'node_level': {3: {'cpu': -68}, 1: {'cpu': -62}, 2: {'cpu': -39}, 5: {'cpu': -89}}, 'link_level': {}, 'path_level': {}}","{'node_level': {3: {'cpu': 0}, 1: {'cpu': 0}, 2: {'cpu': 0}, 5: {'cpu': 0}}, 'link_level': {}, 'path_level': {}}",[],0.0,0.0,False,True,False,0,[],0,0.0,,,,4.0,0.0
24,15,14,4311.0,7644.0,3413375.3921174896,6145415.721045031,0.5639717425431711,0.5554344160035187,46,25,1,303.0,37107.0,6568,30539.0,0.13350923482849608,0.17368364088965849,23,20.416851845190777,303.0,6,6,False,"{5: np.int64(94), 4: np.int64(20), 1: np.int64(95), 3: np.int64(26), 2: np.int64(65), 0: np.int64(90)}","{(4, 5): [(np.int64(20), 81), (81, 49), (49, 60), (60, np.int64(94))], (0, 1): [(np.int64(90), 30), (30, np.int64(95))]}","{(5, np.int64(94)): {'cpu': 9}, (4, np.int64(20)): {'cpu': 12}, (1, np.int64(95)): {'cpu': 11}, (3, np.int64(26)): {'cpu': 14}, (2, np.int64(65)): {'cpu': 8}, (0, np.int64(90)): {'cpu': 1}}","{((4, 5), (np.int64(20), 81)): {'bw': 38.0}, ((4, 5), (81, 49)): {'bw': 38.0}, ((4, 5), (49, 60)): {'bw': 38.0}, ((4, 5), (60, np.int64(94))): {'bw': 38.0}, ((0, 1), (np.int64(90), 30)): {'bw': 39.0}, ((0, 1), (30, np.int64(95))): {'bw': 39.0}}",0.0,0.0,247.0,55.0,192.0,0.0,0.0,0.0,0.0,0.0,0.0,0.0,0.0,0.0,Route Failure,0.0,"{'node_level': {}, 'link_level': {}, 'path_level': {}}","{'node_level': {5: {'cpu': -78}, 4: {'cpu': -65}, 1: {'cpu': -47}, 3: {'cpu': -61}, 2: {'cpu': -53}, 0: {'cpu': -45}}, 'link_level': {}, 'path_level': {}}","{'node_level': {5: {'cpu': 0}, 4: {'cpu': 0}, 1: {'cpu': 0}, 3: {'cpu': 0}, 2: {'cpu': 0}, 0: {'cpu': 0}}, 'link_level': {}, 'path_level': {}}",[],0.0,0.0,True,False,False,0,[],0,0.0,"OrderedDict([((4, 5), 0), ((0, 1), 0)])",0.0,0.0,6.0,2.0
25,16,15,4694.0,8454.0,3666125.136975413,6679951.734974321,0.5552401230186894,0.5488250937174632,50,26,1,315.0,36297.0,6485,29812.0,0.14445910290237463,0.19335461875642623,24,659.9210048509754,315.0,8,11,True,"{2: np.int64(94), 3: np.int64(90), 4: np.int64(20), 0: np.int64(95), 5: np.int64(43), 1: np.int64(84), 7: np.int64(26), 6: np.int64(23)}","{(1, 2): [(np.int64(84), 96), (96, np.int64(94))], (2, 4): [(np.int64(94), 68), (68, 53), (53, np.int64(20))], (2, 3): [(np.int64(94), 60), (60, np.int64(90))], (0, 7): [(np.int64(95), 65), (65, 2), (2, np.int64(26))], (3, 7): [(np.int64(90), 13), (13, np.int64(26))], (4, 5): [(np.int64(20), 26), (26, 29), (29, np.int64(43))], (4, 6): [(np.int64(20), 64), (64, np.int64(23))], (2, 7): [(np.int64(94), 81), (81, 20), (20, np.int64(26))], (0, 1): [(np.int64(95), 40), (40, np.int64(84))], (1, 7): [(np.int64(84), 27), (27, np.int64(26))], (5, 7): [(np.int64(43), 29), (29, np.int64(26))]}","{(2, np.int64(94)): {'cpu': 14}, (3, np.int64(90)): {'cpu': 13}, (4, np.int64(20)): {'cpu': 8}, (0, np.int64(95)): {'cpu': 15}, (5, np.int64(43)): {'cpu': 20}, (1, np.int64(84)): {'cpu': 7}, (7, np.int64(26)): {'cpu': 2}, (6, np.int64(23)): {'cpu': 4}}","{((1, 2), (np.int64(84), 96)): {'bw': 47.0}, ((1, 2), (96, np.int64(94))): {'bw': 47.0}, ((2, 4), (np.int64(94), 68)): {'bw': 48.0}, ((2, 4), (68, 53)): {'bw': 48.0}, ((2, 4), (53, np.int64(20))): {'bw': 48.0}, ((2, 3), (np.int64(94), 60)): {'bw': 34.0}, ((2, 3), (60, np.int64(90))): {'bw': 34.0}, ((0, 7), (np.int64(95), 65)): {'bw': 34.0}, ((0, 7), (65, 2)): {'bw': 34.0}, ((0, 7), (2, np.int64(26))): {'bw': 34.0}, ((3, 7), (np.int64(90), 13)): {'bw': 29.0}, ((3, 7), (13, np.int64(26))): {'bw': 29.0}, ((4, 5), (np.int64(20), 26)): {'bw': 28.0}, ((4, 5), (26, 29)): {'bw': 28.0}, ((4, 5), (29, np.int64(43))): {'bw': 28.0}, ((4, 6), (np.int64(20), 64)): {'bw': 23.0}, ((4, 6), (64, np.int64(23))): {'bw': 23.0}, ((2, 7), (np.int64(94), 81)): {'bw': 17.0}, ((2, 7), (81, 20)): {'bw': 17.0}, ((2, 7), (20, np.int64(26))): {'bw': 17.0}, ((0, 1), (np.int64(95), 40)): {'bw': 18.0}, ((0, 1), (40, np.int64(84))): {'bw': 18.0}, ((1, 7), (np.int64(84), 27)): {'bw': 11.0}, ((1, 7), (27, np.int64(26))): {'bw': 11.0}, ((5, 7), (np.int64(43), 29)): {'bw': 11.0}, ((5, 7), (29, np.int64(26))): {'bw': 11.0}}",810.0,383.0,383.0,83.0,300.0,83.0,300.0,83.0,727.0,427.0,0.4728395061728395,534536.01392929,252749.74485792356,312.0367220468192,Success,0.0,"{'node_level': {}, 'link_level': {}, 'path_level': {}}","{'node_level': {2: {'cpu': -73}, 3: {'cpu': -33}, 4: {'cpu': -69}, 0: {'cpu': -43}, 5: {'cpu': -80}, 1: {'cpu': -60}, 7: {'cpu': -73}, 6: {'cpu': -50}}, 'link_level': {}, 'path_level': {}}","{'node_level': {2: {'cpu': 0}, 3: {'cpu': 0}, 4: {'cpu': 0}, 0: {'cpu': 0}, 5: {'cpu': 0}, 1: {'cpu': 0}, 7: {'cpu': 0}, 6: {'cpu': 0}}, 'link_level': {}, 'path_level': {}}",[],0.0,0.0,True,True,False,0,[],0,0.0,"OrderedDict([((1, 2), 0), ((2, 4), 0), ((2, 3), 0), ((0, 7), 0), ((3, 7), 0), ((4, 5), 0), ((4, 6), 0), ((2, 7), 0), ((0, 1), 0), ((1, 7), 0), ((5, 7), 0)])",6.0,0.0,8.0,11.0
25,16,14,4694.0,8454.0,3666125.136975413,6679951.734974321,0.5552401230186894,0.5488250937174632,50,27,0,322.54967622774257,36711.0,6543,30168.0,0.13680738786279678,0.18372206288219062,15,121.54967622774257,201.0,6,7,False,{},{},{},{},0.0,0.0,0.0,0.0,0.0,0.0,0.0,0.0,0.0,0.0,0.0,0.0,0.0,0.0,Leave Event,0.0,"{'node_level': {}, 'link_level': {}, 'path_level': {}}","{'node_level': {}, 'link_level': {}, 'path_level': {}}","{'node_level': {}, 'link_level': {}, 'path_level': {}}",[],0.0,0.0,True,True,False,0,[],0,0.0,,,,,
25,16,14,4694.0,8454.0,3666125.136975413,6679951.734974321,0.5552401230186894,0.5488250937174632,50,28,0,323.41685184519076,36711.0,6543,30168.0,0.13680738786279678,0.18372206288219062,23,20.416851845190777,303.0,6,6,False,{},{},{},{},0.0,0.0,0.0,0.0,0.0,0.0,0.0,0.0,0.0,0.0,0.0,0.0,0.0,0.0,Leave Event,0.0,"{'node_level': {}, 'link_level': {}, 'path_level': {}}","{'node_level': {}, 'link_level': {}, 'path_level': {}}","{'node_level': {}, 'link_level': {}, 'path_level': {}}",[],0.0,0.0,True,True,False,0,[],0,0.0,,,,,
26,16,14,4694.0,8454.0,3666125.136975413,6679951.734974321,0.5552401230186894,0.5488250937174632,50,29,1,332.0,36711.0,6543,30168.0,0.13680738786279678,0.18372206288219062,25,1133.4829130377072,332.0,5,5,False,"{4: np.int64(98), 2: np.int64(22), 3: np.int64(42), 0: np.int64(47), 1: np.int64(36)}","{(2, 4): [(np.int64(22), 98)], (1, 4): [(np.int64(36), 3), (3, 42), (42, np.int64(98))], (0, 3): [(np.int64(47), 22), (22, np.int64(42))]}","{(4, np.int64(98)): {'cpu': 11}, (2, np.int64(22)): {'cpu': 6}, (3, np.int64(42)): {'cpu': 15}, (0, np.int64(47)): {'cpu': 10}, (1, np.int64(36)): {'cpu': 3}}","{((2, 4), (np.int64(22), 98)): {'bw': 37.0}, ((1, 4), (np.int64(36), 3)): {'bw': 30.0}, ((1, 4), (3, 42)): {'bw': 30.0}, ((1, 4), (42, np.int64(98))): {'bw': 30.0}, ((0, 3), (np.int64(47), 22)): {'bw': 26.0}, ((0, 3), (22, np.int64(42))): {'bw': 26.0}}",0.0,0.0,169.0,45.0,124.0,0.0,0.0,0.0,0.0,0.0,0.0,0.0,0.0,0.0,Route Failure,0.0,"{'node_level': {}, 'link_level': {}, 'path_level': {}}","{'node_level': {4: {'cpu': -64}, 2: {'cpu': -82}, 3: {'cpu': -47}, 0: {'cpu': -69}, 1: {'cpu': -60}}, 'link_level': {}, 'path_level': {}}","{'node_level': {4: {'cpu': 0}, 2: {'cpu': 0}, 3: {'cpu': 0}, 0: {'cpu': 0}, 1: {'cpu': 0}}, 'link_level': {}, 'path_level': {}}",[],0.0,0.0,True,False,False,0,[],0,0.0,"OrderedDict([((2, 4), 0), ((1, 4), 0), ((0, 3), 0)])",1.0,0.0,5.0,3.0
27,17,15,4827.0,8590.0,3787096.1840573186,6803651.452291157,0.5619324796274738,0.5566270128053075,50,30,1,343.0,36575.0,6504,30071.0,0.1419525065963061,0.18634666378050757,26,909.556744976733,343.0,4,3,True,"{1: np.int64(98), 0: np.int64(22), 3: np.int64(42), 2: np.int64(36)}","{(0, 1): [(np.int64(22), 98)], (1, 3): [(np.int64(98), 42)], (2, 3): [(np.int64(36), 3), (3, np.int64(42))]}","{(1, np.int64(98)): {'cpu': 10}, (0, np.int64(22)): {'cpu': 18}, (3, np.int64(42)): {'cpu': 5}, (2, np.int64(36)): {'cpu': 6}}","{((0, 1), (np.int64(22), 98)): {'bw': 46.0}, ((1, 3), (np.int64(98), 42)): {'bw': 45.0}, ((2, 3), (np.int64(36), 3)): {'bw': 3.0}, ((2, 3), (3, np.int64(42))): {'bw': 3.0}}",136.0,133.0,133.0,39.0,94.0,39.0,94.0,39.0,97.0,3.0,0.9779411764705882,123699.71731683568,120971.04708190548,889.492993249305,Success,0.0,"{'node_level': {}, 'link_level': {}, 'path_level': {}}","{'node_level': {1: {'cpu': -65}, 0: {'cpu': -70}, 3: {'cpu': -57}, 2: {'cpu': -57}}, 'link_level': {}, 'path_level': {}}","{'node_level': {1: {'cpu': 0}, 0: {'cpu': 0}, 3: {'cpu': 0}, 2: {'cpu': 0}}, 'link_level': {}, 'path_level': {}}",[],0.0,0.0,True,True,False,0,[],0,0.0,"OrderedDict([((0, 1), 0), ((1, 3), 0), ((2, 3), 0)])",1.0,0.0,4.0,3.0
28,18,16,4870.0,8651.0,3803626.4376000413,6827101.346851763,0.5629407004970524,0.5571363664249745,50,31,1,354.0,36514.0,6479,30035.0,0.1452506596306069,0.1873207424644191,27,384.42450099354903,354.0,2,1,True,"{1: np.int64(49), 0: np.int64(42)}","{(0, 1): [(np.int64(42), 98), (98, np.int64(49))]}","{(1, np.int64(49)): {'cpu': 18}, (0, np.int64(42)): {'cpu': 7}}","{((0, 1), (np.int64(42), 98)): {'bw': 18.0}, ((0, 1), (98, np.int64(49))): {'bw': 18.0}}",61.0,43.0,43.0,25.0,18.0,25.0,18.0,25.0,36.0,18.0,0.7049180327868853,23449.89456060649,16530.253542722607,270.9877629954526,Success,0.0,"{'node_level': {}, 'link_level': {}, 'path_level': {}}","{'node_level': {1: {'cpu': -69}, 0: {'cpu': -50}}, 'link_level': {}, 'path_level': {}}","{'node_level': {1: {'cpu': 0}, 0: {'cpu': 0}}, 'link_level': {}, 'path_level': {}}",[],0.0,0.0,True,True,False,0,[],0,0.0,"OrderedDict([((0, 1), 0)])",0.0,0.0,2.0,1.0
29,19,17,5104.0,9082.0,3848976.042423909,6910629.892488887,0.5619907509359172,0.5569645751984682,50,32,1,362.0,36083.0,6431,29652.0,0.15158311345646436,0.19768385735158833,28,193.80173001652807,362.0,6,9,True,"{2: np.int64(36), 0: np.int64(41), 5: np.int64(38), 3: np.int64(48), 1: np.int64(11), 4: np.int64(47)}","{(1, 5): [(np.int64(11), 31), (31, np.int64(38))], (0, 2): [(np.int64(41), 94), (94, np.int64(36))], (0, 5): [(np.int64(41), 91), (91, np.int64(38))], (0, 4): [(np.int64(41), 65), (65, 95), (95, np.int64(47))], (2, 5): [(np.int64(36), 6), (6, np.int64(38))], (1, 2): [(np.int64(11), 6), (6, np.int64(36))], (0, 3): [(np.int64(41), 39), (39, np.int64(48))], (1, 4): [(np.int64(11), 47)], (0, 1): [(np.int64(41), 80), (80, np.int64(11))]}","{(2, np.int64(36)): {'cpu': 15}, (0, np.int64(41)): {'cpu': 9}, (5, np.int64(38)): {'cpu': 8}, (3, np.int64(48)): {'cpu': 11}, (1, np.int64(11)): {'cpu': 2}, (4, np.int64(47)): {'cpu': 3}}","{((1, 5), (np.int64(11), 31)): {'bw': 29.0}, ((1, 5), (31, np.int64(38))): {'bw': 29.0}, ((0, 2), (np.int64(41), 94)): {'bw': 28.0}, ((0, 2), (94, np.int64(36))): {'bw': 28.0}, ((0, 5), (np.int64(41), 91)): {'bw': 24.0}, ((0, 5), (91, np.int64(38))): {'bw': 24.0}, ((0, 4), (np.int64(41), 65)): {'bw': 25.0}, ((0, 4), (65, 95)): {'bw': 25.0}, ((0, 4), (95, np.int64(47))): {'bw': 25.0}, ((2, 5), (np.int64(36), 6)): {'bw': 26.0}, ((2, 5), (6, np.int64(38))): {'bw': 26.0}, ((1, 2), (np.int64(11), 6)): {'bw': 19.0}, ((1, 2), (6, np.int64(36))): {'bw': 19.0}, ((0, 3), (np.int64(41), 39)): {'bw': 17.0}, ((0, 3), (39, np.int64(48))): {'bw': 17.0}, ((1, 4), (np.int64(11), 47)): {'bw': 14.0}, ((0, 1), (np.int64(41), 80)): {'bw': 4.0}, ((0, 1), (80, np.int64(11))): {'bw': 4.0}}",431.0,234.0,234.0,48.0,186.0,48.0,186.0,48.0,383.0,197.0,0.54292343387471,83528.54563712359,45349.604823867565,105.21950075143288,Success,0.0,"{'node_level': {}, 'link_level': {}, 'path_level': {}}","{'node_level': {2: {'cpu': -42}, 0: {'cpu': -73}, 5: {'cpu': -52}, 3: {'cpu': -57}, 1: {'cpu': -48}, 4: {'cpu': -76}}, 'link_level': {}, 'path_level': {}}","{'node_level': {2: {'cpu': 0}, 0: {'cpu': 0}, 5: {'cpu': 0}, 3: {'cpu': 0}, 1: {'cpu': 0}, 4: {'cpu': 0}}, 'link_level': {}, 'path_level': {}}",[],0.0,0.0,True,True,False,0,[],0,0.0,"OrderedDict([((1, 5), 0), ((0, 2), 0), ((0, 5), 0), ((0, 4), 0), ((2, 5), 0), ((1, 2), 0), ((0, 3), 0), ((1, 4), 0), ((0, 1), 0)])",0.0,0.0,6.0,9.0
30,20,18,5192.0,9306.0,3871251.4556075395,6967330.9442290375,0.557919621749409,0.5556290474208139,51,33,1,379.0,35859.0,6403,29456.0,0.15527704485488125,0.20298717463066185,29,253.12969526852996,379.0,4,4,True,"{2: np.int64(89), 3: np.int64(34), 1: np.int64(61), 0: np.int64(37)}","{(1, 3): [(np.int64(61), 29), (29, 12), (12, 16), (16, np.int64(34))], (0, 2): [(np.int64(37), 28), (28, np.int64(89))], (0, 3): [(np.int64(37), 7), (7, np.int64(34))], (2, 3): [(np.int64(89), 50), (50, 44), (44, np.int64(34))]}","{(2, np.int64(89)): {'cpu': 20}, (3, np.int64(34)): {'cpu': 2}, (1, np.int64(61)): {'cpu': 3}, (0, np.int64(37)): {'cpu': 3}}","{((1, 3), (np.int64(61), 29)): {'bw': 33.0}, ((1, 3), (29, 12)): {'bw': 33.0}, ((1, 3), (12, 16)): {'bw': 33.0}, ((1, 3), (16, np.int64(34))): {'bw': 33.0}, ((0, 2), (np.int64(37), 28)): {'bw': 9.0}, ((0, 2), (28, np.int64(89))): {'bw': 9.0}, ((0, 3), (np.int64(37), 7)): {'bw': 8.0}, ((0, 3), (7, np.int64(34))): {'bw': 8.0}, ((2, 3), (np.int64(89), 50)): {'bw': 10.0}, ((2, 3), (50, 44)): {'bw': 10.0}, ((2, 3), (44, np.int64(34))): {'bw': 10.0}}",224.0,88.0,88.0,28.0,60.0,28.0,60.0,28.0,196.0,136.0,0.39285714285714285,56701.05174015071,22275.413183630637,99.44380885549391,Success,0.0,"{'node_level': {}, 'link_level': {}, 'path_level': {}}","{'node_level': {2: {'cpu': -50}, 3: {'cpu': -66}, 1: {'cpu': -45}, 0: {'cpu': -58}}, 'link_level': {}, 'path_level': {}}","{'node_level': {2: {'cpu': 0}, 3: {'cpu': 0}, 1: {'cpu': 0}, 0: {'cpu': 0}}, 'link_level': {}, 'path_level': {}}",[],0.0,0.0,True,True,False,0,[],0,0.0,"OrderedDict([((1, 3), 0), ((0, 2), 0), ((0, 3), 0), ((2, 3), 0)])",0.0,0.0,4.0,4.0
31,20,18,5192.0,9306.0,3871251.4556075395,6967330.9442290375,0.557919621749409,0.5556290474208139,51,34,1,394.0,35859.0,6403,29456.0,0.15527704485488125,0.20298717463066185,30,162.47686629871106,394.0,6,10,False,"{0: np.int64(62), 4: np.int64(93), 3: np.int64(42), 5: np.int64(13)}",{},"{(0, np.int64(62)): {'cpu': 10}, (4, np.int64(93)): {'cpu': 12}, (3, np.int64(42)): {'cpu': 9}, (5, np.int64(13)): {'cpu': 9}}",{},0.0,0.0,344.0,49.0,295.0,0.0,0.0,0.0,0.0,0.0,0.0,0.0,0.0,0.0,Place Failure,0.0,"{'node_level': {}, 'link_level': {}, 'path_level': {}}","{'node_level': {0: {'cpu': -51}, 4: {'cpu': -61}, 3: {'cpu': -41}, 5: {'cpu': -34}}, 'link_level': {}, 'path_level': {}}","{'node_level': {0: {'cpu': 0}, 4: {'cpu': 0}, 3: {'cpu': 0}, 5: {'cpu': 0}}, 'link_level': {}, 'path_level': {}}",[],0.0,0.0,False,True,False,0,[],0,0.0,,,,4.0,0.0
32,21,19,5255.0,9391.0,3957963.2506643366,7084323.048670748,0.559578319667767,0.5586932193058277,51,35,1,410.0,35774.0,6371,29403.0,0.15949868073878626,0.20442123491530928,31,1376.3776993142428,410.0,3,2,True,"{1: np.int64(62), 2: np.int64(93), 0: np.int64(13)}","{(0, 1): [(np.int64(13), 62)], (0, 2): [(np.int64(13), 26), (26, 39), (39, np.int64(93))]}","{(1, np.int64(62)): {'cpu': 13}, (2, np.int64(93)): {'cpu': 17}, (0, np.int64(13)): {'cpu': 2}}","{((0, 1), (np.int64(13), 62)): {'bw': 20.0}, ((0, 2), (np.int64(13), 26)): {'bw': 11.0}, ((0, 2), (26, 39)): {'bw': 11.0}, ((0, 2), (39, np.int64(93))): {'bw': 11.0}}",85.0,63.0,63.0,32.0,31.0,32.0,31.0,32.0,53.0,22.0,0.7411764705882353,116992.10444171065,86711.7950567973,1020.1387653740859,Success,0.0,"{'node_level': {}, 'link_level': {}, 'path_level': {}}","{'node_level': {1: {'cpu': -48}, 2: {'cpu': -56}, 0: {'cpu': -41}}, 'link_level': {}, 'path_level': {}}","{'node_level': {1: {'cpu': 0}, 2: {'cpu': 0}, 0: {'cpu': 0}}, 'link_level': {}, 'path_level': {}}",[],0.0,0.0,True,True,False,0,[],0,0.0,"OrderedDict([((0, 1), 0), ((0, 2), 0)])",0.0,0.0,3.0,2.0
33,21,19,5255.0,9391.0,3957963.2506643366,7084323.048670748,0.559578319667767,0.5586932193058277,51,36,1,421.0,35774.0,6371,29403.0,0.15949868073878626,0.20442123491530928,32,311.5705113319192,421.0,9,17,False,"{3: np.int64(42), 6: np.int64(27), 8: np.int64(72), 1: np.int64(22), 7: np.int64(66), 2: np.int64(3), 0: np.int64(49)}",{},"{(3, np.int64(42)): {'cpu': 13}, (6, np.int64(27)): {'cpu': 12}, (8, np.int64(72)): {'cpu': 13}, (1, np.int64(22)): {'cpu': 13}, (7, np.int64(66)): {'cpu': 4}, (2, np.int64(3)): {'cpu': 7}, (0, np.int64(49)): {'cpu': 6}}",{},0.0,0.0,511.0,73.0,438.0,0.0,0.0,0.0,0.0,0.0,0.0,0.0,0.0,0.0,Place Failure,0.0,"{'node_level': {}, 'link_level': {}, 'path_level': {}}","{'node_level': {3: {'cpu': -37}, 6: {'cpu': -76}, 8: {'cpu': -62}, 1: {'cpu': -57}, 7: {'cpu': -39}, 2: {'cpu': -51}, 0: {'cpu': -63}}, 'link_level': {}, 'path_level': {}}","{'node_level': {3: {'cpu': 0}, 6: {'cpu': 0}, 8: {'cpu': 0}, 1: {'cpu': 0}, 7: {'cpu': 0}, 2: {'cpu': 0}, 0: {'cpu': 0}}, 'link_level': {}, 'path_level': {}}",[],0.0,0.0,False,True,False,0,[],0,0.0,,,,7.0,0.0
33,21,18,5255.0,9391.0,3957963.2506643366,7084323.048670748,0.559578319667767,0.5586932193058277,51,37,0,421.913820425522,36487.0,6457,30030.0,0.14815303430079152,0.1874560311705179,14,229.91382042552195,192.0,8,14,False,{},{},{},{},0.0,0.0,0.0,0.0,0.0,0.0,0.0,0.0,0.0,0.0,0.0,0.0,0.0,0.0,Leave Event,0.0,"{'node_level': {}, 'link_level': {}, 'path_level': {}}","{'node_level': {}, 'link_level': {}, 'path_level': {}}","{'node_level': {}, 'link_level': {}, 'path_level': {}}",[],0.0,0.0,True,True,False,0,[],0,0.0,,,,,
33,21,17,5255.0,9391.0,3957963.2506643366,7084323.048670748,0.559578319667767,0.5586932193058277,51,38,0,422.3459026138563,37094.0,6540,30554.0,0.13720316622691298,0.17327777477136208,11,273.3459026138563,149.0,7,9,False,{},{},{},{},0.0,0.0,0.0,0.0,0.0,0.0,0.0,0.0,0.0,0.0,0.0,0.0,0.0,0.0,Leave Event,0.0,"{'node_level': {}, 'link_level': {}, 'path_level': {}}","{'node_level': {}, 'link_level': {}, 'path_level': {}}","{'node_level': {}, 'link_level': {}, 'path_level': {}}",[],0.0,0.0,True,True,False,0,[],0,0.0,,,,,
34,22,18,5786.0,10308.0,4465731.288875763,7961203.06946148,0.5613116026387271,0.5609367390722567,52,39,1,433.0,36177.0,6478,29699.0,0.14538258575197893,0.1964121435142594,33,956.2486595318776,433.0,10,20,True,"{3: np.int64(51), 5: np.int64(59), 4: np.int64(32), 8: np.int64(91), 1: np.int64(1), 7: np.int64(80), 6: np.int64(61), 9: np.int64(46), 2: np.int64(11), 0: np.int64(66)}","{(0, 1): [(np.int64(66), 73), (73, np.int64(1))], (5, 6): [(np.int64(59), 61)], (3, 5): [(np.int64(51), 59)], (3, 7): [(np.int64(51), 80)], (1, 7): [(np.int64(1), 59), (59, np.int64(80))], (2, 5): [(np.int64(11), 59)], (7, 8): [(np.int64(80), 11), (11, np.int64(91))], (1, 2): [(np.int64(1), 48), (48, 49), (49, np.int64(11))], (2, 7): [(np.int64(11), 8), (8, 41), (41, np.int64(80))], (4, 8): [(np.int64(32), 31), (31, 38), (38, np.int64(91))], (1, 3): [(np.int64(1), 61), (61, np.int64(51))], (4, 5): [(np.int64(32), 57), (57, 88), (88, np.int64(59))], (1, 6): [(np.int64(1), 61)], (0, 3): [(np.int64(66), 99), (99, np.int64(51))], (1, 5): [(np.int64(1), 59)], (3, 4): [(np.int64(51), 77), (77, 5), (5, 34), (34, np.int64(32))], (7, 9): [(np.int64(80), 46)], (1, 4): [(np.int64(1), 31), (31, np.int64(32))], (3, 9): [(np.int64(51), 46)], (2, 9): [(np.int64(11), 80), (80, np.int64(46))]}","{(3, np.int64(51)): {'cpu': 11}, (5, np.int64(59)): {'cpu': 6}, (4, np.int64(32)): {'cpu': 11}, (8, np.int64(91)): {'cpu': 9}, (1, np.int64(1)): {'cpu': 3}, (7, np.int64(80)): {'cpu': 2}, (6, np.int64(61)): {'cpu': 4}, (9, np.int64(46)): {'cpu': 14}, (2, np.int64(11)): {'cpu': 1}, (0, np.int64(66)): {'cpu': 1}}","{((0, 1), (np.int64(66), 73)): {'bw': 49.0}, ((0, 1), (73, np.int64(1))): {'bw': 49.0}, ((5, 6), (np.int64(59), 61)): {'bw': 44.0}, ((3, 5), (np.int64(51), 59)): {'bw': 46.0}, ((3, 7), (np.int64(51), 80)): {'bw': 39.0}, ((1, 7), (np.int64(1), 59)): {'bw': 35.0}, ((1, 7), (59, np.int64(80))): {'bw': 35.0}, ((2, 5), (np.int64(11), 59)): {'bw': 36.0}, ((7, 8), (np.int64(80), 11)): {'bw': 36.0}, ((7, 8), (11, np.int64(91))): {'bw': 36.0}, ((1, 2), (np.int64(1), 48)): {'bw': 34.0}, ((1, 2), (48, 49)): {'bw': 34.0}, ((1, 2), (49, np.int64(11))): {'bw': 34.0}, ((2, 7), (np.int64(11), 8)): {'bw': 29.0}, ((2, 7), (8, 41)): {'bw': 29.0}, ((2, 7), (41, np.int64(80))): {'bw': 29.0}, ((4, 8), (np.int64(32), 31)): {'bw': 23.0}, ((4, 8), (31, 38)): {'bw': 23.0}, ((4, 8), (38, np.int64(91))): {'bw': 23.0}, ((1, 3), (np.int64(1), 61)): {'bw': 22.0}, ((1, 3), (61, np.int64(51))): {'bw': 22.0}, ((4, 5), (np.int64(32), 57)): {'bw': 19.0}, ((4, 5), (57, 88)): {'bw': 19.0}, ((4, 5), (88, np.int64(59))): {'bw': 19.0}, ((1, 6), (np.int64(1), 61)): {'bw': 15.0}, ((0, 3), (np.int64(66), 99)): {'bw': 13.0}, ((0, 3), (99, np.int64(51))): {'bw': 13.0}, ((1, 5), (np.int64(1), 59)): {'bw': 11.0}, ((3, 4), (np.int64(51), 77)): {'bw': 5.0}, ((3, 4), (77, 5)): {'bw': 5.0}, ((3, 4), (5, 34)): {'bw': 5.0}, ((3, 4), (34, np.int64(32))): {'bw': 5.0}, ((7, 9), (np.int64(80), 46)): {'bw': 5.0}, ((1, 4), (np.int64(1), 31)): {'bw': 4.0}, ((1, 4), (31, np.int64(32))): {'bw': 4.0}, ((3, 9), (np.int64(51), 46)): {'bw': 2.0}, ((2, 9), (np.int64(11), 80)): {'bw': 2.0}, ((2, 9), (80, np.int64(46))): {'bw': 2.0}}",917.0,531.0,531.0,62.0,469.0,62.0,469.0,62.0,855.0,386.0,0.579062159214831,876880.0207907318,507768.038211427,553.7274135348168,Success,0.0,"{'node_level': {}, 'link_level': {}, 'path_level': {}}","{'node_level': {3: {'cpu': -55}, 5: {'cpu': -49}, 4: {'cpu': -62}, 8: {'cpu': -50}, 1: {'cpu': -62}, 7: {'cpu': -56}, 6: {'cpu': -50}, 9: {'cpu': -32}, 2: {'cpu': -58}, 0: {'cpu': -51}}, 'link_level': {}, 'path_level': {}}","{'node_level': {3: {'cpu': 0}, 5: {'cpu': 0}, 4: {'cpu': 0}, 8: {'cpu': 0}, 1: {'cpu': 0}, 7: {'cpu': 0}, 6: {'cpu': 0}, 9: {'cpu': 0}, 2: {'cpu': 0}, 0: {'cpu': 0}}, 'link_level': {}, 'path_level': {}}",[],0.0,0.0,True,True,False,0,[],0,0.0,"OrderedDict([((0, 1), 0), ((5, 6), 0), ((3, 5), 0), ((3, 7), 0), ((1, 7), 0), ((2, 5), 0), ((7, 8), 0), ((1, 2), 0), ((2, 7), 0), ((4, 8), 0), ((1, 3), 0), ((4, 5), 0), ((1, 6), 0), ((0, 3), 0), ((1, 5), 0), ((3, 4), 0), ((7, 9), 0), ((1, 4), 0), ((3, 9), 0), ((2, 9), 0)])",2.0,0.0,10.0,20.0
35,23,19,5861.0,10429.0,4474702.469508745,7975676.574216023,0.561990603125899,0.5610436215498859,52,40,1,444.0,36056.0,6449,29607.0,0.14920844327176785,0.19890145570647766,34,119.61574177308734,444.0,4,3,True,"{3: np.int64(32), 0: np.int64(65), 1: np.int64(37), 2: np.int64(34)}","{(1, 2): [(np.int64(37), 7), (7, np.int64(34))], (0, 3): [(np.int64(65), 63), (63, 70), (70, np.int64(32))], (2, 3): [(np.int64(34), 32)]}","{(3, np.int64(32)): {'cpu': 8}, (0, np.int64(65)): {'cpu': 13}, (1, np.int64(37)): {'cpu': 6}, (2, np.int64(34)): {'cpu': 2}}","{((1, 2), (np.int64(37), 7)): {'bw': 18.0}, ((1, 2), (7, np.int64(34))): {'bw': 18.0}, ((0, 3), (np.int64(65), 63)): {'bw': 14.0}, ((0, 3), (63, 70)): {'bw': 14.0}, ((0, 3), (70, np.int64(32))): {'bw': 14.0}, ((2, 3), (np.int64(34), 32)): {'bw': 14.0}}",121.0,75.0,75.0,29.0,46.0,29.0,46.0,29.0,92.0,46.0,0.6198347107438017,14473.504754543568,8971.18063298155,74.14198870232687,Success,0.0,"{'node_level': {}, 'link_level': {}, 'path_level': {}}","{'node_level': {3: {'cpu': -54}, 0: {'cpu': -68}, 1: {'cpu': -60}, 2: {'cpu': -64}}, 'link_level': {}, 'path_level': {}}","{'node_level': {3: {'cpu': 0}, 0: {'cpu': 0}, 1: {'cpu': 0}, 2: {'cpu': 0}}, 'link_level': {}, 'path_level': {}}",[],0.0,0.0,True,True,False,0,[],0,0.0,"OrderedDict([((1, 2), 0), ((0, 3), 0), ((2, 3), 0)])",0.0,0.0,4.0,3.0
36,23,19,5861.0,10429.0,4474702.469508745,7975676.574216023,0.561990603125899,0.5610436215498859,52,41,1,454.0,36056.0,6449,29607.0,0.14920844327176785,0.19890145570647766,35,0.061797553508545384,454.0,10,24,False,"{8: np.int64(91), 3: np.int64(66), 9: np.int64(51)}",{},"{(8, np.int64(91)): {'cpu': 19}, (3, np.int64(66)): {'cpu': 18}, (9, np.int64(51)): {'cpu': 9}}",{},0.0,0.0,689.0,97.0,592.0,0.0,0.0,0.0,0.0,0.0,0.0,0.0,0.0,0.0,Place Failure,0.0,"{'node_level': {}, 'link_level': {}, 'path_level': {}}","{'node_level': {8: {'cpu': -31}, 3: {'cpu': -33}, 9: {'cpu': -46}}, 'link_level': {}, 'path_level': {}}","{'node_level': {8: {'cpu': 0}, 3: {'cpu': 0}, 9: {'cpu': 0}}, 'link_level': {}, 'path_level': {}}",[],0.0,0.0,False,True,False,0,[],0,0.0,,,,3.0,0.0
36,23,19,5861.0,10429.0,4474702.469508745,7975676.574216023,0.561990603125899,0.5610436215498859,52,42,0,454.06179755350854,36056.0,6449,29607.0,0.14920844327176785,0.19890145570647766,35,0.061797553508545384,454.0,10,24,False,{},{},{},{},0.0,0.0,0.0,0.0,0.0,0.0,0.0,0.0,0.0,0.0,0.0,0.0,0.0,0.0,Leave Event,0.0,"{'node_level': {}, 'link_level': {}, 'path_level': {}}","{'node_level': {}, 'link_level': {}, 'path_level': {}}","{'node_level': {}, 'link_level': {}, 'path_level': {}}",[],0.0,0.0,True,True,False,0,[],0,0.0,,,,,
37,23,19,5861.0,10429.0,4474702.469508745,7975676.574216023,0.561990603125899,0.5610436215498859,52,43,1,466.0,36056.0,6449,29607.0,0.14920844327176785,0.19890145570647766,36,48.74923055937852,466.0,9,13,False,"{3: np.int64(91), 4: np.int64(51), 5: np.int64(66), 6: np.int64(83)}",{},"{(3, np.int64(91)): {'cpu': 14}, (4, np.int64(51)): {'cpu': 15}, (5, np.int64(66)): {'cpu': 18}, (6, np.int64(83)): {'cpu': 11}}",{},0.0,0.0,471.0,94.0,377.0,0.0,0.0,0.0,0.0,0.0,0.0,0.0,0.0,0.0,Place Failure,0.0,"{'node_level': {}, 'link_level': {}, 'path_level': {}}","{'node_level': {3: {'cpu': -36}, 4: {'cpu': -40}, 5: {'cpu': -33}, 6: {'cpu': -64}}, 'link_level': {}, 'path_level': {}}","{'node_level': {3: {'cpu': 0}, 4: {'cpu': 0}, 5: {'cpu': 0}, 6: {'cpu': 0}}, 'link_level': {}, 'path_level': {}}",[],0.0,0.0,False,True,False,0,[],0,0.0,,,,4.0,0.0
37,23,18,5861.0,10429.0,4474702.469508745,7975676.574216023,0.561990603125899,0.5610436215498859,52,44,0,466.9372245728824,36413.0,6526,29887.0,0.13905013192612137,0.19132528816494399,10,323.9372245728824,143.0,6,5,False,{},{},{},{},0.0,0.0,0.0,0.0,0.0,0.0,0.0,0.0,0.0,0.0,0.0,0.0,0.0,0.0,Leave Event,0.0,"{'node_level': {}, 'link_level': {}, 'path_level': {}}","{'node_level': {}, 'link_level': {}, 'path_level': {}}","{'node_level': {}, 'link_level': {}, 'path_level': {}}",[],0.0,0.0,True,True,False,0,[],0,0.0,,,,,
38,23,18,5861.0,10429.0,4474702.469508745,7975676.574216023,0.561990603125899,0.5610436215498859,52,45,1,475.0,36413.0,6526,29887.0,0.13905013192612137,0.19132528816494399,37,96.25648701746277,475.0,3,2,False,"{1: np.int64(47), 0: np.int64(27)}",{},"{(1, np.int64(47)): {'cpu': 18}, (0, np.int64(27)): {'cpu': 20}}",{},0.0,0.0,141.0,55.0,86.0,0.0,0.0,0.0,0.0,0.0,0.0,0.0,0.0,0.0,Place Failure,0.0,"{'node_level': {}, 'link_level': {}, 'path_level': {}}","{'node_level': {1: {'cpu': -71}, 0: {'cpu': -68}}, 'link_level': {}, 'path_level': {}}","{'node_level': {1: {'cpu': 0}, 0: {'cpu': 0}}, 'link_level': {}, 'path_level': {}}",[],0.0,0.0,False,True,False,0,[],0,0.0,,,,2.0,0.0
39,23,18,5861.0,10429.0,4474702.469508745,7975676.574216023,0.561990603125899,0.5610436215498859,52,46,1,484.0,36413.0,6526,29887.0,0.13905013192612137,0.19132528816494399,38,361.65802229607726,484.0,8,13,False,"{5: np.int64(47), 3: np.int64(27), 1: np.int64(72), 2: np.int64(83), 6: np.int64(24), 0: np.int64(34), 7: np.int64(98), 4: np.int64(96)}","{(1, 5): [(np.int64(72), 47)], (0, 5): [(np.int64(34), 47)], (4, 7): [(np.int64(96), 98)], (3, 5): [(np.int64(27), 84), (84, np.int64(47))], (3, 7): [(np.int64(27), 98)], (6, 7): [(np.int64(24), 48), (48, 49), (49, np.int64(98))], (0, 4): [(np.int64(34), 98), (98, np.int64(96))], (2, 6): [(np.int64(83), 17), (17, 55), (55, np.int64(24))], (0, 1): [(np.int64(34), 72)], (2, 7): [(np.int64(83), 72), (72, np.int64(98))], (5, 7): [(np.int64(47), 70), (70, np.int64(98))]}","{(5, np.int64(47)): {'cpu': 19}, (3, np.int64(27)): {'cpu': 20, 'nic_slots': 1}, (1, np.int64(72)): {'cpu': 14}, (2, np.int64(83)): {'cpu': 13}, (6, np.int64(24)): {'cpu': 10}, (0, np.int64(34)): {'cpu': 4}, (7, np.int64(98)): {'cpu': 2, 'nic_slots': 1}, (4, np.int64(96)): {'cpu': 2}}","{((1, 5), (np.int64(72), 47)): {'bw': 49.0}, ((0, 5), (np.int64(34), 47)): {'bw': 49.0}, ((4, 7), (np.int64(96), 98)): {'bw': 48.0}, ((3, 5), (np.int64(27), 84)): {'bw': 41.0}, ((3, 5), (84, np.int64(47))): {'bw': 41.0}, ((3, 7), (np.int64(27), 98)): {'bw': 39.0}, ((6, 7), (np.int64(24), 48)): {'bw': 37.0}, ((6, 7), (48, 49)): {'bw': 37.0}, ((6, 7), (49, np.int64(98))): {'bw': 37.0}, ((0, 4), (np.int64(34), 98)): {'bw': 30.0}, ((0, 4), (98, np.int64(96))): {'bw': 30.0}, ((2, 6), (np.int64(83), 17)): {'bw': 31.0}, ((2, 6), (17, 55)): {'bw': 31.0}, ((2, 6), (55, np.int64(24))): {'bw': 31.0}, ((0, 1), (np.int64(34), 72)): {'bw': 32.0}, ((2, 7), (np.int64(83), 72)): {'bw': 25.0}, ((2, 7), (72, np.int64(98))): {'bw': 25.0}, ((5, 7), (np.int64(47), 70)): {'bw': 20.0}, ((5, 7), (70, np.int64(98))): {'bw': 20.0}}",0.0,0.0,508.0,84.0,424.0,0.0,0.0,0.0,0.0,0.0,0.0,0.0,0.0,0.0,Route Failure,0.0,"{'node_level': {}, 'link_level': {}, 'path_level': {}}","{'node_level': {5: {'cpu': -70}, 3: {'cpu': -68}, 1: {'cpu': -61}, 2: {'cpu': -62}, 6: {'cpu': -82}, 0: {'cpu': -60}, 7: {'cpu': -65}, 4: {'cpu': -37}}, 'link_level': {}, 'path_level': {}}","{'node_level': {5: {'cpu': 0}, 3: {'cpu': 0}, 1: {'cpu': 0}, 2: {'cpu': 0}, 6: {'cpu': 0}, 0: {'cpu': 0}, 7: {'cpu': 0}, 4: {'cpu': 0}}, 'link_level': {}, 'path_level': {}}",[],0.0,0.0,True,False,False,0,[],0,0.0,"OrderedDict([((1, 5), 0), ((0, 5), 0), ((4, 7), 0), ((3, 5), 0), ((3, 7), 1), ((6, 7), 0), ((0, 4), 0), ((2, 6), 0), ((0, 1), 0), ((2, 7), 0), ((5, 7), 0)])",2.0,1.0,8.0,11.0
39,23,17,5861.0,10429.0,4474702.469508745,7975676.574216023,0.561990603125899,0.5610436215498859,52,47,0,493.79783299948133,36636.0,6568,30068.0,0.13350923482849608,0.18642783700416687,7,379.79783299948133,114.0,3,2,False,{},{},{},{},0.0,0.0,0.0,0.0,0.0,0.0,0.0,0.0,0.0,0.0,0.0,0.0,0.0,0.0,Leave Event,0.0,"{'node_level': {}, 'link_level': {}, 'path_level': {}}","{'node_level': {}, 'link_level': {}, 'path_level': {}}","{'node_level': {}, 'link_level': {}, 'path_level': {}}",[],0.0,0.0,True,True,False,0,[],0,0.0,,,,,
40,23,17,5861.0,10429.0,4474702.469508745,7975676.574216023,0.561990603125899,0.5610436215498859,52,48,1,499.0,36636.0,6568,30068.0,0.13350923482849608,0.18642783700416687,39,1060.091556566643,499.0,10,23,False,"{4: np.int64(90), 8: np.int64(51), 7: np.int64(37), 5: np.int64(47), 9: np.int64(27), 3: np.int64(91), 0: np.int64(13), 6: np.int64(72), 1: np.int64(24)}",{},"{(4, np.int64(90)): {'cpu': 14}, (8, np.int64(51)): {'cpu': 11}, (7, np.int64(37)): {'cpu': 13}, (5, np.int64(47)): {'cpu': 12}, (9, np.int64(27)): {'cpu': 17}, (3, np.int64(91)): {'cpu': 10}, (0, np.int64(13)): {'cpu': 3}, (6, np.int64(72)): {'cpu': 4}, (1, np.int64(24)): {'cpu': 4}}",{},0.0,0.0,805.0,90.0,715.0,0.0,0.0,0.0,0.0,0.0,0.0,0.0,0.0,0.0,Place Failure,0.0,"{'node_level': {}, 'link_level': {}, 'path_level': {}}","{'node_level': {4: {'cpu': -49}, 8: {'cpu': -60}, 7: {'cpu': -47}, 5: {'cpu': -77}, 9: {'cpu': -71}, 3: {'cpu': -40}, 0: {'cpu': -55}, 6: {'cpu': -71}, 1: {'cpu': -88}}, 'link_level': {}, 'path_level': {}}","{'node_level': {4: {'cpu': 0}, 8: {'cpu': 0}, 7: {'cpu': 0}, 5: {'cpu': 0}, 9: {'cpu': 0}, 3: {'cpu': 0}, 0: {'cpu': 0}, 6: {'cpu': 0}, 1: {'cpu': 0}}, 'link_level': {}, 'path_level': {}}",[],0.0,0.0,False,True,False,0,[],0,0.0,,,,9.0,0.0
41,23,17,5861.0,10429.0,4474702.469508745,7975676.574216023,0.561990603125899,0.5610436215498859,52,49,1,507.0,36636.0,6568,30068.0,0.13350923482849608,0.18642783700416687,40,768.074948306996,507.0,7,11,False,"{4: np.int64(90), 2: np.int64(51), 0: np.int64(47), 1: np.int64(13), 6: np.int64(27), 3: np.int64(24), 5: np.int64(72)}","{(2, 6): [(np.int64(51), 48), (48, 49), (49, np.int64(27))]}","{(4, np.int64(90)): {'cpu': 19}, (2, np.int64(51)): {'cpu': 10}, (0, np.int64(47)): {'cpu': 13}, (1, np.int64(13)): {'cpu': 7}, (6, np.int64(27)): {'cpu': 2}, (3, np.int64(24)): {'cpu': 2}, (5, np.int64(72)): {'cpu': 3}}","{((2, 6), (np.int64(51), 48)): {'bw': 40.0}, ((2, 6), (48, 49)): {'bw': 40.0}, ((2, 6), (49, np.int64(27))): {'bw': 40.0}}",0.0,0.0,305.0,56.0,249.0,0.0,0.0,0.0,0.0,0.0,0.0,0.0,0.0,0.0,Route Failure,0.0,"{'node_level': {}, 'link_level': {}, 'path_level': {}}","{'node_level': {4: {'cpu': -44}, 2: {'cpu': -61}, 0: {'cpu': -76}, 1: {'cpu': -51}, 6: {'cpu': -86}, 3: {'cpu': -90}, 5: {'cpu': -72}}, 'link_level': {}, 'path_level': {}}","{'node_level': {4: {'cpu': 0}, 2: {'cpu': 0}, 0: {'cpu': 0}, 1: {'cpu': 0}, 6: {'cpu': 0}, 3: {'cpu': 0}, 5: {'cpu': 0}}, 'link_level': {}, 'path_level': {}}",[],0.0,0.0,True,False,False,0,[],0,0.0,"OrderedDict([((2, 6), 0)])",0.0,0.0,7.0,1.0
41,23,17,5861.0,10429.0,4474702.469508745,7975676.574216023,0.561990603125899,0.5610436215498859,52,50,0,514.7492305593785,36636.0,6568,30068.0,0.13350923482849608,0.18642783700416687,36,48.74923055937852,466.0,9,13,False,{},{},{},{},0.0,0.0,0.0,0.0,0.0,0.0,0.0,0.0,0.0,0.0,0.0,0.0,0.0,0.0,Leave Event,0.0,"{'node_level': {}, 'link_level': {}, 'path_level': {}}","{'node_level': {}, 'link_level': {}, 'path_level': {}}","{'node_level': {}, 'link_level': {}, 'path_level': {}}",[],0.0,0.0,True,True,False,0,[],0,0.0,,,,,
42,24,18,6049.0,10719.0,4545638.834130009,8085099.689855206,0.5643250303199925,0.5622242159652846,53,51,1,527.0,36346.0,6502,29844.0,0.14221635883905015,0.1924887710373938,41,377.3210884109764,527.0,5,6,True,"{4: np.int64(90), 1: np.int64(37), 0: np.int64(51), 2: np.int64(24), 3: np.int64(27)}","{(3, 4): [(np.int64(27), 84), (84, np.int64(90))], (2, 4): [(np.int64(24), 13), (13, np.int64(90))], (0, 1): [(np.int64(51), 91), (91, np.int64(37))], (0, 2): [(np.int64(51), 24)], (1, 4): [(np.int64(37), 90)], (0, 4): [(np.int64(51), 77), (77, 30), (30, np.int64(90))]}","{(4, np.int64(90)): {'cpu': 11}, (1, np.int64(37)): {'cpu': 19}, (0, np.int64(51)): {'cpu': 17}, (2, np.int64(24)): {'cpu': 12}, (3, np.int64(27)): {'cpu': 7}}","{((3, 4), (np.int64(27), 84)): {'bw': 49.0}, ((3, 4), (84, np.int64(90))): {'bw': 49.0}, ((2, 4), (np.int64(24), 13)): {'bw': 27.0}, ((2, 4), (13, np.int64(90))): {'bw': 27.0}, ((0, 1), (np.int64(51), 91)): {'bw': 22.0}, ((0, 1), (91, np.int64(37))): {'bw': 22.0}, ((0, 2), (np.int64(51), 24)): {'bw': 11.0}, ((1, 4), (np.int64(37), 90)): {'bw': 11.0}, ((0, 4), (np.int64(51), 77)): {'bw': 2.0}, ((0, 4), (77, 30)): {'bw': 2.0}, ((0, 4), (30, np.int64(90))): {'bw': 2.0}}",290.0,188.0,188.0,66.0,122.0,66.0,122.0,66.0,224.0,102.0,0.6482758620689655,109423.11563918316,70936.36462126356,244.60815386642608,Success,0.0,"{'node_level': {}, 'link_level': {}, 'path_level': {}}","{'node_level': {4: {'cpu': -52}, 1: {'cpu': -41}, 0: {'cpu': -54}, 2: {'cpu': -80}, 3: {'cpu': -81}}, 'link_level': {}, 'path_level': {}}","{'node_level': {4: {'cpu': 0}, 1: {'cpu': 0}, 0: {'cpu': 0}, 2: {'cpu': 0}, 3: {'cpu': 0}}, 'link_level': {}, 'path_level': {}}",[],0.0,0.0,True,True,False,0,[],0,0.0,"OrderedDict([((3, 4), 0), ((2, 4), 0), ((0, 1), 0), ((0, 2), 0), ((1, 4), 0), ((0, 4), 0)])",2.0,0.0,5.0,6.0
42,24,18,6049.0,10719.0,4545638.834130009,8085099.689855206,0.5643250303199925,0.5622242159652846,53,52,0,531.6637651709117,36346.0,6502,29844.0,0.14221635883905015,0.1924887710373938,0,520.6637651709117,11.0,10,19,False,{},{},{},{},0.0,0.0,0.0,0.0,0.0,0.0,0.0,0.0,0.0,0.0,0.0,0.0,0.0,0.0,Leave Event,0.0,"{'node_level': {}, 'link_level': {}, 'path_level': {}}","{'node_level': {}, 'link_level': {}, 'path_level': {}}","{'node_level': {}, 'link_level': {}, 'path_level': {}}",[],0.0,0.0,True,True,False,0,[],0,0.0,,,,,
42,24,18,6049.0,10719.0,4545638.834130009,8085099.689855206,0.5643250303199925,0.5622242159652846,53,53,0,531.8527103320001,36346.0,6502,29844.0,0.14221635883905015,0.1924887710373938,5,448.85271033200013,83.0,9,21,False,{},{},{},{},0.0,0.0,0.0,0.0,0.0,0.0,0.0,0.0,0.0,0.0,0.0,0.0,0.0,0.0,Leave Event,0.0,"{'node_level': {}, 'link_level': {}, 'path_level': {}}","{'node_level': {}, 'link_level': {}, 'path_level': {}}","{'node_level': {}, 'link_level': {}, 'path_level': {}}",[],0.0,0.0,True,True,False,0,[],0,0.0,,,,,
43,25,19,6116.0,10786.0,4556358.2300129095,8095819.085738107,0.5670313369182274,0.5628038598391555,53,54,1,541.0,36279.0,6470,29809.0,0.14643799472295516,0.19343579198008554,42,159.99098332688337,541.0,2,1,True,"{0: np.int64(47), 1: np.int64(72)}","{(0, 1): [(np.int64(47), 72)]}","{(0, np.int64(47)): {'cpu': 20}, (1, np.int64(72)): {'cpu': 12}}","{((0, 1), (np.int64(47), 72)): {'bw': 35.0}}",67.0,67.0,67.0,32.0,35.0,32.0,35.0,32.0,35.0,0.0,1.0,10719.395882901186,10719.395882901186,159.99098332688337,Success,0.0,"{'node_level': {}, 'link_level': {}, 'path_level': {}}","{'node_level': {0: {'cpu': -69}, 1: {'cpu': -63}}, 'link_level': {}, 'path_level': {}}","{'node_level': {0: {'cpu': 0}, 1: {'cpu': 0}}, 'link_level': {}, 'path_level': {}}",[],0.0,0.0,True,True,False,0,[],0,0.0,"OrderedDict([((0, 1), 0)])",0.0,0.0,2.0,1.0
44,26,20,6155.0,10825.0,4556879.629919467,8096340.485644664,0.5685912240184757,0.5628320150318665,53,55,1,554.0,36240.0,6449,29791.0,0.14920844327176785,0.19392283132204124,43,13.369228373256988,554.0,2,1,True,"{0: np.int64(51), 1: np.int64(91)}","{(0, 1): [(np.int64(51), 91)]}","{(0, np.int64(51)): {'cpu': 13}, (1, np.int64(91)): {'cpu': 8}}","{((0, 1), (np.int64(51), 91)): {'bw': 18.0}}",39.0,39.0,39.0,21.0,18.0,21.0,18.0,21.0,18.0,0.0,1.0,521.3999065570225,521.3999065570225,13.369228373256988,Success,0.0,"{'node_level': {}, 'link_level': {}, 'path_level': {}}","{'node_level': {0: {'cpu': -41}, 1: {'cpu': -42}}, 'link_level': {}, 'path_level': {}}","{'node_level': {0: {'cpu': 0}, 1: {'cpu': 0}}, 'link_level': {}, 'path_level': {}}",[],0.0,0.0,True,True,False,0,[],0,0.0,"OrderedDict([((0, 1), 0)])",0.0,0.0,2.0,1.0
44,26,19,6155.0,10825.0,4556879.629919467,8096340.485644664,0.5685912240184757,0.5628320150318665,53,56,0,555.801730016528,36671.0,6497,30174.0,0.1428759894459103,0.183559716434872,28,193.80173001652807,362.0,6,9,False,{},{},{},{},0.0,0.0,0.0,0.0,0.0,0.0,0.0,0.0,0.0,0.0,0.0,0.0,0.0,0.0,Leave Event,0.0,"{'node_level': {}, 'link_level': {}, 'path_level': {}}","{'node_level': {}, 'link_level': {}, 'path_level': {}}","{'node_level': {}, 'link_level': {}, 'path_level': {}}",[],0.0,0.0,True,True,False,0,[],0,0.0,,,,,
44,26,19,6155.0,10825.0,4556879.629919467,8096340.485644664,0.5685912240184757,0.5628320150318665,53,57,0,556.476866298711,36671.0,6497,30174.0,0.1428759894459103,0.183559716434872,30,162.47686629871106,394.0,6,10,False,{},{},{},{},0.0,0.0,0.0,0.0,0.0,0.0,0.0,0.0,0.0,0.0,0.0,0.0,0.0,0.0,Leave Event,0.0,"{'node_level': {}, 'link_level': {}, 'path_level': {}}","{'node_level': {}, 'link_level': {}, 'path_level': {}}","{'node_level': {}, 'link_level': {}, 'path_level': {}}",[],0.0,0.0,True,True,False,0,[],0,0.0,,,,,
44,26,18,6155.0,10825.0,4556879.629919467,8096340.485644664,0.5685912240184757,0.5628320150318665,53,58,0,560.7783929664226,37097.0,6546,30551.0,0.1364116094986807,0.17335894799502138,9,427.7783929664227,133.0,6,9,False,{},{},{},{},0.0,0.0,0.0,0.0,0.0,0.0,0.0,0.0,0.0,0.0,0.0,0.0,0.0,0.0,Leave Event,0.0,"{'node_level': {}, 'link_level': {}, 'path_level': {}}","{'node_level': {}, 'link_level': {}, 'path_level': {}}","{'node_level': {}, 'link_level': {}, 'path_level': {}}",[],0.0,0.0,True,True,False,0,[],0,0.0,,,,,
45,26,18,6155.0,10825.0,4556879.629919467,8096340.485644664,0.5685912240184757,0.5628320150318665,53,59,1,562.0,37097.0,6546,30551.0,0.1364116094986807,0.17335894799502138,44,1018.9910002420468,562.0,4,5,False,"{1: np.int64(31), 3: np.int64(38), 2: np.int64(83), 0: np.int64(36)}","{(1, 3): [(np.int64(31), 38)]}","{(1, np.int64(31)): {'cpu': 10}, (3, np.int64(38)): {'cpu': 5}, (2, np.int64(83)): {'cpu': 9}, (0, np.int64(36)): {'cpu': 1}}","{((1, 3), (np.int64(31), 38)): {'bw': 46.0}}",0.0,0.0,198.0,25.0,173.0,0.0,0.0,0.0,0.0,0.0,0.0,0.0,0.0,0.0,Route Failure,0.0,"{'node_level': {}, 'link_level': {}, 'path_level': {}}","{'node_level': {1: {'cpu': -45}, 3: {'cpu': -76}, 2: {'cpu': -70}, 0: {'cpu': -56}}, 'link_level': {}, 'path_level': {}}","{'node_level': {1: {'cpu': 0}, 3: {'cpu': 0}, 2: {'cpu': 0}, 0: {'cpu': 0}}, 'link_level': {}, 'path_level': {}}",[],0.0,0.0,True,False,False,0,[],0,0.0,"OrderedDict([((1, 3), 0)])",0.0,0.0,4.0,1.0
45,26,17,6155.0,10825.0,4556879.629919467,8096340.485644664,0.5685912240184757,0.5628320150318665,53,60,0,563.6157417730874,37218.0,6575,30643.0,0.13258575197889177,0.17086963580280323,34,119.61574177308734,444.0,4,3,False,{},{},{},{},0.0,0.0,0.0,0.0,0.0,0.0,0.0,0.0,0.0,0.0,0.0,0.0,0.0,0.0,Leave Event,0.0,"{'node_level': {}, 'link_level': {}, 'path_level': {}}","{'node_level': {}, 'link_level': {}, 'path_level': {}}","{'node_level': {}, 'link_level': {}, 'path_level': {}}",[],0.0,0.0,True,True,False,0,[],0,0.0,,,,,
45,26,16,6155.0,10825.0,4556879.629919467,8096340.485644664,0.5685912240184757,0.5628320150318665,53,61,0,567.369228373257,37257.0,6596,30661.0,0.1298153034300792,0.1703825964608474,43,13.369228373256988,554.0,2,1,False,{},{},{},{},0.0,0.0,0.0,0.0,0.0,0.0,0.0,0.0,0.0,0.0,0.0,0.0,0.0,0.0,Leave Event,0.0,"{'node_level': {}, 'link_level': {}, 'path_level': {}}","{'node_level': {}, 'link_level': {}, 'path_level': {}}","{'node_level': {}, 'link_level': {}, 'path_level': {}}",[],0.0,0.0,True,True,False,0,[],0,0.0,,,,,
45,26,16,6155.0,10825.0,4556879.629919467,8096340.485644664,0.5685912240184757,0.5628320150318665,53,62,0,571.2564870174627,37257.0,6596,30661.0,0.1298153034300792,0.1703825964608474,37,96.25648701746277,475.0,3,2,False,{},{},{},{},0.0,0.0,0.0,0.0,0.0,0.0,0.0,0.0,0.0,0.0,0.0,0.0,0.0,0.0,Leave Event,0.0,"{'node_level': {}, 'link_level': {}, 'path_level': {}}","{'node_level': {}, 'link_level': {}, 'path_level': {}}","{'node_level': {}, 'link_level': {}, 'path_level': {}}",[],0.0,0.0,True,True,False,0,[],0,0.0,,,,,
46,26,16,6155.0,10825.0,4556879.629919467,8096340.485644664,0.5685912240184757,0.5628320150318665,53,63,1,573.0,37257.0,6596,30661.0,0.1298153034300792,0.1703825964608474,45,161.09388194395453,573.0,10,18,False,"{7: np.int64(31), 1: np.int64(38), 5: np.int64(83), 9: np.int64(65), 2: np.int64(40), 3: np.int64(32), 0: np.int64(36), 6: np.int64(23), 4: np.int64(51), 8: np.int64(27)}","{(0, 1): [(np.int64(36), 6), (6, np.int64(38))], (6, 9): [(np.int64(23), 63), (63, np.int64(65))], (5, 7): [(np.int64(83), 40), (40, np.int64(31))]}","{(7, np.int64(31)): {'cpu': 20}, (1, np.int64(38)): {'cpu': 15}, (5, np.int64(83)): {'cpu': 15}, (9, np.int64(65)): {'cpu': 19}, (2, np.int64(40)): {'cpu': 19}, (3, np.int64(32)): {'cpu': 14}, (0, np.int64(36)): {'cpu': 6}, (6, np.int64(23)): {'cpu': 4}, (4, np.int64(51)): {'cpu': 3}, (8, np.int64(27)): {'cpu': 2}}","{((0, 1), (np.int64(36), 6)): {'bw': 50.0}, ((0, 1), (6, np.int64(38))): {'bw': 50.0}, ((6, 9), (np.int64(23), 63)): {'bw': 45.0}, ((6, 9), (63, np.int64(65))): {'bw': 45.0}, ((5, 7), (np.int64(83), 40)): {'bw': 47.0}, ((5, 7), (40, np.int64(31))): {'bw': 47.0}}",0.0,0.0,733.0,117.0,616.0,0.0,0.0,0.0,0.0,0.0,0.0,0.0,0.0,0.0,Route Failure,0.0,"{'node_level': {}, 'link_level': {}, 'path_level': {}}","{'node_level': {7: {'cpu': -35}, 1: {'cpu': -66}, 5: {'cpu': -64}, 9: {'cpu': -62}, 2: {'cpu': -18}, 3: {'cpu': -48}, 0: {'cpu': -51}, 6: {'cpu': -46}, 4: {'cpu': -51}, 8: {'cpu': -79}}, 'link_level': {}, 'path_level': {}}","{'node_level': {7: {'cpu': 0}, 1: {'cpu': 0}, 5: {'cpu': 0}, 9: {'cpu': 0}, 2: {'cpu': 0}, 3: {'cpu': 0}, 0: {'cpu': 0}, 6: {'cpu': 0}, 4: {'cpu': 0}, 8: {'cpu': 0}}, 'link_level': {}, 'path_level': {}}",[],0.0,0.0,True,False,False,0,[],0,0.0,"OrderedDict([((0, 1), 0), ((6, 9), 0), ((5, 7), 0)])",0.0,0.0,10.0,3.0
47,26,16,6155.0,10825.0,4556879.629919467,8096340.485644664,0.5685912240184757,0.5628320150318665,53,64,1,590.0,37257.0,6596,30661.0,0.1298153034300792,0.1703825964608474,46,78.44993529493813,590.0,10,21,False,"{7: np.int64(31), 3: np.int64(38), 1: np.int64(40), 8: np.int64(83), 6: np.int64(65), 4: np.int64(36), 0: np.int64(32), 5: np.int64(56), 2: np.int64(80), 9: np.int64(51)}","{(0, 2): [(np.int64(32), 17), (17, 83), (83, np.int64(80))], (1, 8): [(np.int64(40), 83)], (3, 7): [(np.int64(38), 31)]}","{(7, np.int64(31)): {'cpu': 14}, (3, np.int64(38)): {'cpu': 9}, (1, np.int64(40)): {'cpu': 8}, (8, np.int64(83)): {'cpu': 8}, (6, np.int64(65)): {'cpu': 19}, (4, np.int64(36)): {'cpu': 18}, (0, np.int64(32)): {'cpu': 6}, (5, np.int64(56)): {'cpu': 7}, (2, np.int64(80)): {'cpu': 5}, (9, np.int64(51)): {'cpu': 10}}","{((0, 2), (np.int64(32), 17)): {'bw': 50.0}, ((0, 2), (17, 83)): {'bw': 50.0}, ((0, 2), (83, np.int64(80))): {'bw': 50.0}, ((1, 8), (np.int64(40), 83)): {'bw': 50.0}, ((3, 7), (np.int64(38), 31)): {'bw': 43.0}}",0.0,0.0,631.0,104.0,527.0,0.0,0.0,0.0,0.0,0.0,0.0,0.0,0.0,0.0,Route Failure,0.0,"{'node_level': {}, 'link_level': {}, 'path_level': {}}","{'node_level': {7: {'cpu': -41}, 3: {'cpu': -72}, 1: {'cpu': -29}, 8: {'cpu': -71}, 6: {'cpu': -62}, 4: {'cpu': -39}, 0: {'cpu': -56}, 5: {'cpu': -51}, 2: {'cpu': -61}, 9: {'cpu': -44}}, 'link_level': {}, 'path_level': {}}","{'node_level': {7: {'cpu': 0}, 3: {'cpu': 0}, 1: {'cpu': 0}, 8: {'cpu': 0}, 6: {'cpu': 0}, 4: {'cpu': 0}, 0: {'cpu': 0}, 5: {'cpu': 0}, 2: {'cpu': 0}, 9: {'cpu': 0}}, 'link_level': {}, 'path_level': {}}",[],0.0,0.0,True,False,False,0,[],0,0.0,"OrderedDict([((0, 2), 0), ((1, 8), 0), ((3, 7), 0)])",0.0,0.0,10.0,3.0
48,27,17,6356.0,11216.0,4627634.589281491,8233978.242413577,0.5666904422253923,0.5620168590492923,53,65,1,608.0,36866.0,6552,30314.0,0.13562005277044853,0.17977163266410523,47,352.0147231941509,608.0,4,6,True,"{1: np.int64(31), 3: np.int64(38), 0: np.int64(32), 2: np.int64(83)}","{(1, 3): [(np.int64(31), 38)], (1, 2): [(np.int64(31), 40), (40, np.int64(83))], (0, 3): [(np.int64(32), 34), (34, 42), (42, 15), (15, np.int64(38))], (0, 2): [(np.int64(32), 17), (17, np.int64(83))], (2, 3): [(np.int64(83), 40), (40, 31), (31, np.int64(38))], (0, 1): [(np.int64(32), 31)]}","{(1, np.int64(31)): {'cpu': 12}, (3, np.int64(38)): {'cpu': 11}, (0, np.int64(32)): {'cpu': 15}, (2, np.int64(83)): {'cpu': 6}}","{((1, 3), (np.int64(31), 38)): {'bw': 45.0}, ((1, 2), (np.int64(31), 40)): {'bw': 40.0}, ((1, 2), (40, np.int64(83))): {'bw': 40.0}, ((0, 3), (np.int64(32), 34)): {'bw': 33.0}, ((0, 3), (34, 42)): {'bw': 33.0}, ((0, 3), (42, 15)): {'bw': 33.0}, ((0, 3), (15, np.int64(38))): {'bw': 33.0}, ((0, 2), (np.int64(32), 17)): {'bw': 25.0}, ((0, 2), (17, np.int64(83))): {'bw': 25.0}, ((2, 3), (np.int64(83), 40)): {'bw': 13.0}, ((2, 3), (40, 31)): {'bw': 13.0}, ((2, 3), (31, np.int64(38))): {'bw': 13.0}, ((0, 1), (np.int64(32), 31)): {'bw': 1.0}}",391.0,201.0,201.0,44.0,157.0,44.0,157.0,44.0,347.0,190.0,0.5140664961636828,137637.756768913,70754.95936202434,180.95897535044585,Success,0.0,"{'node_level': {}, 'link_level': {}, 'path_level': {}}","{'node_level': {1: {'cpu': -43}, 3: {'cpu': -70}, 0: {'cpu': -47}, 2: {'cpu': -73}}, 'link_level': {}, 'path_level': {}}","{'node_level': {1: {'cpu': 0}, 3: {'cpu': 0}, 0: {'cpu': 0}, 2: {'cpu': 0}}, 'link_level': {}, 'path_level': {}}",[],0.0,0.0,True,True,False,0,[],0,0.0,"OrderedDict([((1, 3), 0), ((1, 2), 0), ((0, 3), 0), ((0, 2), 0), ((2, 3), 0), ((0, 1), 0)])",0.0,0.0,4.0,6.0
48,27,16,6356.0,11216.0,4627634.589281491,8233978.242413577,0.5666904422253923,0.5620168590492923,53,66,0,620.8719616889837,37415.0,6672,30743.0,0.11978891820580473,0.16816386168082686,12,456.8719616889836,164.0,9,14,False,{},{},{},{},0.0,0.0,0.0,0.0,0.0,0.0,0.0,0.0,0.0,0.0,0.0,0.0,0.0,0.0,Leave Event,0.0,"{'node_level': {}, 'link_level': {}, 'path_level': {}}","{'node_level': {}, 'link_level': {}, 'path_level': {}}","{'node_level': {}, 'link_level': {}, 'path_level': {}}",[],0.0,0.0,True,True,False,0,[],0,0.0,,,,,
49,27,16,6356.0,11216.0,4627634.589281491,8233978.242413577,0.5666904422253923,0.5620168590492923,53,67,1,625.0,37415.0,6672,30743.0,0.11978891820580473,0.16816386168082686,48,204.055301157294,625.0,8,19,False,"{5: np.int64(56), 0: np.int64(39), 3: np.int64(62), 7: np.int64(65), 2: np.int64(48)}",{},"{(5, np.int64(56)): {'cpu': 19}, (0, np.int64(39)): {'cpu': 14}, (3, np.int64(62)): {'cpu': 8}, (7, np.int64(65)): {'cpu': 5}, (2, np.int64(48)): {'cpu': 3}}",{},0.0,0.0,600.0,54.0,546.0,0.0,0.0,0.0,0.0,0.0,0.0,0.0,0.0,0.0,Place Failure,0.0,"{'node_level': {}, 'link_level': {}, 'path_level': {}}","{'node_level': {5: {'cpu': -39}, 0: {'cpu': -24}, 3: {'cpu': -55}, 7: {'cpu': -76}, 2: {'cpu': -77}}, 'link_level': {}, 'path_level': {}}","{'node_level': {5: {'cpu': 0}, 0: {'cpu': 0}, 3: {'cpu': 0}, 7: {'cpu': 0}, 2: {'cpu': 0}}, 'link_level': {}, 'path_level': {}}",[],0.0,0.0,False,True,False,0,[],0,0.0,,,,5.0,0.0
49,27,15,6356.0,11216.0,4627634.589281491,8233978.242413577,0.5666904422253923,0.5620168590492923,53,68,0,632.12969526853,37639.0,6700,30939.0,0.11609498680738783,0.16286054440175335,29,253.12969526852996,379.0,4,4,False,{},{},{},{},0.0,0.0,0.0,0.0,0.0,0.0,0.0,0.0,0.0,0.0,0.0,0.0,0.0,0.0,Leave Event,0.0,"{'node_level': {}, 'link_level': {}, 'path_level': {}}","{'node_level': {}, 'link_level': {}, 'path_level': {}}","{'node_level': {}, 'link_level': {}, 'path_level': {}}",[],0.0,0.0,True,True,False,0,[],0,0.0,,,,,
50,27,15,6356.0,11216.0,4627634.589281491,8233978.242413577,0.5666904422253923,0.5620168590492923,53,69,1,640.0,37639.0,6700,30939.0,0.11609498680738783,0.16286054440175335,49,88.18689756162065,640.0,7,10,False,"{0: np.int64(56), 4: np.int64(39), 1: np.int64(62), 5: np.int64(61), 6: np.int64(65), 3: np.int64(48), 2: np.int64(36)}","{(0, 4): [(np.int64(56), 39)], (0, 1): [(np.int64(56), 62)], (3, 5): [(np.int64(48), 36), (36, np.int64(61))], (5, 6): [(np.int64(61), 67), (67, 95), (95, np.int64(65))], (0, 5): [(np.int64(56), 62), (62, np.int64(61))]}","{(0, np.int64(56)): {'cpu': 11}, (4, np.int64(39)): {'cpu': 13}, (1, np.int64(62)): {'cpu': 15}, (5, np.int64(61)): {'cpu': 10}, (6, np.int64(65)): {'cpu': 9}, (3, np.int64(48)): {'cpu': 6}, (2, np.int64(36)): {'cpu': 18}}","{((0, 4), (np.int64(56), 39)): {'bw': 50.0}, ((0, 1), (np.int64(56), 62)): {'bw': 36.0}, ((3, 5), (np.int64(48), 36)): {'bw': 23.0}, ((3, 5), (36, np.int64(61))): {'bw': 23.0}, ((5, 6), (np.int64(61), 67)): {'bw': 17.0}, ((5, 6), (67, 95)): {'bw': 17.0}, ((5, 6), (95, np.int64(65))): {'bw': 17.0}, ((0, 5), (np.int64(56), 62)): {'bw': 18.0}, ((0, 5), (62, np.int64(61))): {'bw': 18.0}}",0.0,0.0,290.0,82.0,208.0,0.0,0.0,0.0,0.0,0.0,0.0,0.0,0.0,0.0,Route Failure,0.0,"{'node_level': {}, 'link_level': {}, 'path_level': {}}","{'node_level': {0: {'cpu': -47}, 4: {'cpu': -25}, 1: {'cpu': -48}, 5: {'cpu': -46}, 6: {'cpu': -72}, 3: {'cpu': -74}, 2: {'cpu': -39}}, 'link_level': {}, 'path_level': {}}","{'node_level': {0: {'cpu': 0}, 4: {'cpu': 0}, 1: {'cpu': 0}, 5: {'cpu': 0}, 6: {'cpu': 0}, 3: {'cpu': 0}, 2: {'cpu': 0}}, 'link_level': {}, 'path_level': {}}",[],0.0,0.0,True,False,False,0,[],0,0.0,"OrderedDict([((0, 4), 0), ((0, 1), 0), ((3, 5), 0), ((5, 6), 0), ((0, 5), 0)])",0.0,0.0,7.0,5.0
51,28,16,6685.0,11775.0,4668356.808001671,8303168.881515645,0.567728237791932,0.5622379689752278,53,70,1,647.0,37080.0,6589,30491.0,0.13073878627968338,0.17498241246820712,50,123.77574079081982,647.0,8,10,True,"{5: np.int64(56), 0: np.int64(39), 6: np.int64(65), 1: np.int64(61), 2: np.int64(41), 3: np.int64(48), 7: np.int64(31), 4: np.int64(62)}","{(1, 5): [(np.int64(61), 62), (62, np.int64(56))], (3, 4): [(np.int64(48), 49), (49, 81), (81, np.int64(62))], (4, 5): [(np.int64(62), 80), (80, np.int64(56))], (0, 6): [(np.int64(39), 41), (41, np.int64(65))], (2, 6): [(np.int64(41), 65)], (0, 4): [(np.int64(39), 56), (56, np.int64(62))], (2, 5): [(np.int64(41), 16), (16, 76), (76, np.int64(56))], (0, 1): [(np.int64(39), 54), (54, np.int64(61))], (0, 7): [(np.int64(39), 31)], (4, 7): [(np.int64(62), 31)]}","{(5, np.int64(56)): {'cpu': 20}, (0, np.int64(39)): {'cpu': 13, 'nic_slots': 1}, (6, np.int64(65)): {'cpu': 14}, (1, np.int64(61)): {'cpu': 15}, (2, np.int64(41)): {'cpu': 17}, (3, np.int64(48)): {'cpu': 11}, (7, np.int64(31)): {'cpu': 19, 'nic_slots': 1}, (4, np.int64(62)): {'cpu': 2}}","{((1, 5), (np.int64(61), 62)): {'bw': 40.0}, ((1, 5), (62, np.int64(56))): {'bw': 40.0}, ((3, 4), (np.int64(48), 49)): {'bw': 38.0}, ((3, 4), (49, 81)): {'bw': 38.0}, ((3, 4), (81, np.int64(62))): {'bw': 38.0}, ((4, 5), (np.int64(62), 80)): {'bw': 34.0}, ((4, 5), (80, np.int64(56))): {'bw': 34.0}, ((0, 6), (np.int64(39), 41)): {'bw': 31.0}, ((0, 6), (41, np.int64(65))): {'bw': 31.0}, ((2, 6), (np.int64(41), 65)): {'bw': 22.0}, ((0, 4), (np.int64(39), 56)): {'bw': 15.0}, ((0, 4), (56, np.int64(62))): {'bw': 15.0}, ((2, 5), (np.int64(41), 16)): {'bw': 13.0}, ((2, 5), (16, 76)): {'bw': 13.0}, ((2, 5), (76, np.int64(56))): {'bw': 13.0}, ((0, 1), (np.int64(39), 54)): {'bw': 8.0}, ((0, 1), (54, np.int64(61))): {'bw': 8.0}, ((0, 7), (np.int64(39), 31)): {'bw': 9.0}, ((4, 7), (np.int64(62), 31)): {'bw': 8.0}}",559.0,329.0,329.0,111.0,218.0,111.0,218.0,111.0,448.0,230.0,0.5885509838998211,69190.63910206828,40722.21872017972,72.84833402536623,Success,0.0,"{'node_level': {}, 'link_level': {}, 'path_level': {}}","{'node_level': {5: {'cpu': -38}, 0: {'cpu': -25}, 6: {'cpu': -67}, 1: {'cpu': -41}, 2: {'cpu': -65}, 3: {'cpu': -69}, 7: {'cpu': -24}, 4: {'cpu': -61}}, 'link_level': {}, 'path_level': {}}","{'node_level': {5: {'cpu': 0}, 0: {'cpu': 0}, 6: {'cpu': 0}, 1: {'cpu': 0}, 2: {'cpu': 0}, 3: {'cpu': 0}, 7: {'cpu': 0}, 4: {'cpu': 0}}, 'link_level': {}, 'path_level': {}}",[],0.0,0.0,True,True,False,0,[],0,0.0,"OrderedDict([((1, 5), 0), ((3, 4), 0), ((4, 5), 0), ((0, 6), 0), ((2, 6), 0), ((0, 4), 0), ((2, 5), 0), ((0, 1), 0), ((0, 7), 1), ((4, 7), 0)])",0.0,1.0,8.0,10.0
51,28,16,6685.0,11775.0,4668356.808001671,8303168.881515645,0.567728237791932,0.5622379689752278,53,71,0,656.3233208380041,37080.0,6589,30491.0,0.13073878627968338,0.17498241246820712,18,404.3233208380041,252.0,8,18,False,{},{},{},{},0.0,0.0,0.0,0.0,0.0,0.0,0.0,0.0,0.0,0.0,0.0,0.0,0.0,0.0,Leave Event,0.0,"{'node_level': {}, 'link_level': {}, 'path_level': {}}","{'node_level': {}, 'link_level': {}, 'path_level': {}}","{'node_level': {}, 'link_level': {}, 'path_level': {}}",[],0.0,0.0,True,True,False,0,[],0,0.0,,,,,
52,29,17,7160.0,12616.0,5098481.239180286,9064715.505981363,0.5675332910589728,0.5624535304848837,54,72,1,658.0,36239.0,6484,29755.0,0.14459102902374665,0.19489691000595266,51,905.5251182707698,658.0,8,14,True,"{4: np.int64(93), 1: np.int64(36), 7: np.int64(89), 2: np.int64(51), 3: np.int64(96), 5: np.int64(83), 0: np.int64(60), 6: np.int64(81)}","{(3, 4): [(np.int64(96), 87), (87, 65), (65, np.int64(93))], (2, 6): [(np.int64(51), 81)], (2, 4): [(np.int64(51), 91), (91, np.int64(93))], (4, 7): [(np.int64(93), 92), (92, 50), (50, np.int64(89))], (1, 7): [(np.int64(36), 89)], (1, 5): [(np.int64(36), 17), (17, np.int64(83))], (0, 1): [(np.int64(60), 27), (27, np.int64(36))], (3, 5): [(np.int64(96), 40), (40, np.int64(83))], (4, 6): [(np.int64(93), 92), (92, np.int64(81))], (1, 6): [(np.int64(36), 94), (94, np.int64(81))], (1, 4): [(np.int64(36), 61), (61, 60), (60, np.int64(93))], (5, 7): [(np.int64(83), 28), (28, np.int64(89))], (5, 6): [(np.int64(83), 81)], (3, 6): [(np.int64(96), 94), (94, np.int64(81))]}","{(4, np.int64(93)): {'cpu': 18}, (1, np.int64(36)): {'cpu': 18, 'nic_slots': 2}, (7, np.int64(89)): {'cpu': 13, 'nic_slots': 1}, (2, np.int64(51)): {'cpu': 12}, (3, np.int64(96)): {'cpu': 13}, (5, np.int64(83)): {'cpu': 11}, (0, np.int64(60)): {'cpu': 14, 'nic_slots': 1}, (6, np.int64(81)): {'cpu': 6}}","{((3, 4), (np.int64(96), 87)): {'bw': 48.0}, ((3, 4), (87, 65)): {'bw': 48.0}, ((3, 4), (65, np.int64(93))): {'bw': 48.0}, ((2, 6), (np.int64(51), 81)): {'bw': 50.0}, ((2, 4), (np.int64(51), 91)): {'bw': 49.0}, ((2, 4), (91, np.int64(93))): {'bw': 49.0}, ((4, 7), (np.int64(93), 92)): {'bw': 46.0}, ((4, 7), (92, 50)): {'bw': 46.0}, ((4, 7), (50, np.int64(89))): {'bw': 46.0}, ((1, 7), (np.int64(36), 89)): {'bw': 48.0}, ((1, 5), (np.int64(36), 17)): {'bw': 33.0}, ((1, 5), (17, np.int64(83))): {'bw': 33.0}, ((0, 1), (np.int64(60), 27)): {'bw': 37.0}, ((0, 1), (27, np.int64(36))): {'bw': 37.0}, ((3, 5), (np.int64(96), 40)): {'bw': 23.0}, ((3, 5), (40, np.int64(83))): {'bw': 23.0}, ((4, 6), (np.int64(93), 92)): {'bw': 10.0}, ((4, 6), (92, np.int64(81))): {'bw': 10.0}, ((1, 6), (np.int64(36), 94)): {'bw': 8.0}, ((1, 6), (94, np.int64(81))): {'bw': 8.0}, ((1, 4), (np.int64(36), 61)): {'bw': 6.0}, ((1, 4), (61, 60)): {'bw': 6.0}, ((1, 4), (60, np.int64(93))): {'bw': 6.0}, ((5, 7), (np.int64(83), 28)): {'bw': 5.0}, ((5, 7), (28, np.int64(89))): {'bw': 5.0}, ((5, 6), (np.int64(83), 81)): {'bw': 6.0}, ((3, 6), (np.int64(96), 94)): {'bw': 1.0}, ((3, 6), (94, np.int64(81))): {'bw': 1.0}}",841.0,475.0,475.0,105.0,370.0,105.0,370.0,105.0,736.0,366.0,0.5648038049940547,761546.6244657174,430124.43117861566,511.44403231702216,Success,0.0,"{'node_level': {}, 'link_level': {}, 'path_level': {}}","{'node_level': {4: {'cpu': -58}, 1: {'cpu': -39}, 7: {'cpu': -57}, 2: {'cpu': -42}, 3: {'cpu': -45}, 5: {'cpu': -62}, 0: {'cpu': -43}, 6: {'cpu': -45}}, 'link_level': {}, 'path_level': {}}","{'node_level': {4: {'cpu': 0}, 1: {'cpu': 0}, 7: {'cpu': 0}, 2: {'cpu': 0}, 3: {'cpu': 0}, 5: {'cpu': 0}, 0: {'cpu': 0}, 6: {'cpu': 0}}, 'link_level': {}, 'path_level': {}}",[],0.0,0.0,True,True,False,0,[],0,0.0,"OrderedDict([((3, 4), 0), ((2, 6), 0), ((2, 4), 0), ((4, 7), 0), ((1, 7), 1), ((1, 5), 0), ((0, 1), 1), ((3, 5), 0), ((4, 6), 0), ((1, 6), 0), ((1, 4), 0), ((5, 7), 0), ((5, 6), 0), ((3, 6), 0)])",0.0,2.0,8.0,14.0
52,29,17,7160.0,12616.0,5098481.239180286,9064715.505981363,0.5675332910589728,0.5624535304848837,54,73,0,668.4499352949381,36239.0,6484,29755.0,0.14459102902374665,0.19489691000595266,46,78.44993529493813,590.0,10,21,False,{},{},{},{},0.0,0.0,0.0,0.0,0.0,0.0,0.0,0.0,0.0,0.0,0.0,0.0,0.0,0.0,Leave Event,0.0,"{'node_level': {}, 'link_level': {}, 'path_level': {}}","{'node_level': {}, 'link_level': {}, 'path_level': {}}","{'node_level': {}, 'link_level': {}, 'path_level': {}}",[],0.0,0.0,True,True,False,0,[],0,0.0,,,,,
53,30,18,7557.0,13322.0,5351411.806571962,9514511.426834065,0.5672571685933043,0.5624473571474425,54,74,1,673.0,35533.0,6414,29119.0,0.15382585751978894,0.21210563342172195,52,637.1047037573697,673.0,8,13,True,"{0: np.int64(11), 1: np.int64(34), 6: np.int64(66), 5: np.int64(29), 4: np.int64(47), 2: np.int64(38), 7: np.int64(90), 3: np.int64(98)}","{(1, 2): [(np.int64(34), 72), (72, 75), (75, np.int64(38))], (2, 5): [(np.int64(38), 91), (91, np.int64(29))], (1, 4): [(np.int64(34), 47)], (3, 6): [(np.int64(98), 70), (70, np.int64(66))], (0, 7): [(np.int64(11), 90)], (4, 7): [(np.int64(47), 84), (84, np.int64(90))], (0, 4): [(np.int64(11), 47)], (3, 5): [(np.int64(98), 27), (27, 26), (26, np.int64(29))], (0, 5): [(np.int64(11), 91), (91, np.int64(29))], (1, 6): [(np.int64(34), 42), (42, 15), (15, np.int64(66))], (0, 1): [(np.int64(11), 23), (23, np.int64(34))], (2, 3): [(np.int64(38), 31), (31, 42), (42, np.int64(98))], (0, 6): [(np.int64(11), 5), (5, 15), (15, np.int64(66))]}","{(0, np.int64(11)): {'cpu': 17}, (1, np.int64(34)): {'cpu': 10}, (6, np.int64(66)): {'cpu': 18}, (5, np.int64(29)): {'cpu': 9}, (4, np.int64(47)): {'cpu': 6}, (2, np.int64(38)): {'cpu': 4}, (7, np.int64(90)): {'cpu': 4}, (3, np.int64(98)): {'cpu': 2}}","{((1, 2), (np.int64(34), 72)): {'bw': 47.0}, ((1, 2), (72, 75)): {'bw': 47.0}, ((1, 2), (75, np.int64(38))): {'bw': 47.0}, ((2, 5), (np.int64(38), 91)): {'bw': 43.0}, ((2, 5), (91, np.int64(29))): {'bw': 43.0}, ((1, 4), (np.int64(34), 47)): {'bw': 42.0}, ((3, 6), (np.int64(98), 70)): {'bw': 40.0}, ((3, 6), (70, np.int64(66))): {'bw': 40.0}, ((0, 7), (np.int64(11), 90)): {'bw': 37.0}, ((4, 7), (np.int64(47), 84)): {'bw': 26.0}, ((4, 7), (84, np.int64(90))): {'bw': 26.0}, ((0, 4), (np.int64(11), 47)): {'bw': 28.0}, ((3, 5), (np.int64(98), 27)): {'bw': 24.0}, ((3, 5), (27, 26)): {'bw': 24.0}, ((3, 5), (26, np.int64(29))): {'bw': 24.0}, ((0, 5), (np.int64(11), 91)): {'bw': 15.0}, ((0, 5), (91, np.int64(29))): {'bw': 15.0}, ((1, 6), (np.int64(34), 42)): {'bw': 9.0}, ((1, 6), (42, 15)): {'bw': 9.0}, ((1, 6), (15, np.int64(66))): {'bw': 9.0}, ((0, 1), (np.int64(11), 23)): {'bw': 7.0}, ((0, 1), (23, np.int64(34))): {'bw': 7.0}, ((2, 3), (np.int64(38), 31)): {'bw': 6.0}, ((2, 3), (31, 42)): {'bw': 6.0}, ((2, 3), (42, np.int64(98))): {'bw': 6.0}, ((0, 6), (np.int64(11), 5)): {'bw': 3.0}, ((0, 6), (5, 15)): {'bw': 3.0}, ((0, 6), (15, np.int64(66))): {'bw': 3.0}}",706.0,397.0,397.0,70.0,327.0,70.0,327.0,70.0,636.0,309.0,0.5623229461756374,449795.92085270304,252930.56739167578,358.25859403920083,Success,0.0,"{'node_level': {}, 'link_level': {}, 'path_level': {}}","{'node_level': {0: {'cpu': -43}, 1: {'cpu': -58}, 6: {'cpu': -33}, 5: {'cpu': -74}, 4: {'cpu': -66}, 2: {'cpu': -66}, 7: {'cpu': -48}, 3: {'cpu': -65}}, 'link_level': {}, 'path_level': {}}","{'node_level': {0: {'cpu': 0}, 1: {'cpu': 0}, 6: {'cpu': 0}, 5: {'cpu': 0}, 4: {'cpu': 0}, 2: {'cpu': 0}, 7: {'cpu': 0}, 3: {'cpu': 0}}, 'link_level': {}, 'path_level': {}}",[],0.0,0.0,True,True,False,0,[],0,0.0,"OrderedDict([((1, 2), 0), ((2, 5), 0), ((1, 4), 0), ((3, 6), 0), ((0, 7), 0), ((4, 7), 0), ((0, 4), 0), ((3, 5), 0), ((0, 5), 0), ((1, 6), 0), ((0, 1), 0), ((2, 3), 0), ((0, 6), 0)])",1.0,0.0,8.0,13.0
54,31,19,7757.0,13595.0,5356697.910237751,9521726.958337868,0.5705774181684443,0.5625762987823406,55,75,1,688.0,35260.0,6331,28929.0,0.1647757255936676,0.21724660425347697,53,26.430518328945183,688.0,5,4,True,"{1: np.int64(13), 3: np.int64(3), 0: np.int64(20), 2: np.int64(48), 4: np.int64(22)}","{(1, 3): [(np.int64(13), 37), (37, np.int64(3))], (0, 1): [(np.int64(20), 13)], (0, 2): [(np.int64(20), 21), (21, np.int64(48))], (3, 4): [(np.int64(3), 42), (42, np.int64(22))]}","{(1, np.int64(13)): {'cpu': 20, 'nic_slots': 1}, (3, np.int64(3)): {'cpu': 17}, (0, np.int64(20)): {'cpu': 12, 'nic_slots': 1}, (2, np.int64(48)): {'cpu': 20}, (4, np.int64(22)): {'cpu': 14}}","{((1, 3), (np.int64(13), 37)): {'bw': 46.0}, ((1, 3), (37, np.int64(3))): {'bw': 46.0}, ((0, 1), (np.int64(20), 13)): {'bw': 44.0}, ((0, 2), (np.int64(20), 21)): {'bw': 22.0}, ((0, 2), (21, np.int64(48))): {'bw': 22.0}, ((3, 4), (np.int64(3), 42)): {'bw': 5.0}, ((3, 4), (42, np.int64(22))): {'bw': 5.0}}",273.0,200.0,200.0,83.0,117.0,83.0,117.0,83.0,190.0,73.0,0.7326007326007326,7215.531503802035,5286.103665789036,19.36301709080233,Success,0.0,"{'node_level': {}, 'link_level': {}, 'path_level': {}}","{'node_level': {1: {'cpu': -38}, 3: {'cpu': -41}, 0: {'cpu': -69}, 2: {'cpu': -49}, 4: {'cpu': -56}}, 'link_level': {}, 'path_level': {}}","{'node_level': {1: {'cpu': 0}, 3: {'cpu': 0}, 0: {'cpu': 0}, 2: {'cpu': 0}, 4: {'cpu': 0}}, 'link_level': {}, 'path_level': {}}",[],0.0,0.0,True,True,False,0,[],0,0.0,"OrderedDict([((1, 3), 0), ((0, 1), 1), ((0, 2), 0), ((3, 4), 0)])",3.0,1.0,5.0,4.0
55,31,19,7757.0,13595.0,5356697.910237751,9521726.958337868,0.5705774181684443,0.5625762987823406,55,76,1,699.0,35260.0,6331,28929.0,0.1647757255936676,0.21724660425347697,54,488.1163639801385,699.0,10,24,False,"{6: np.int64(39), 5: np.int64(18), 9: np.int64(23), 4: np.int64(5), 1: np.int64(24)}",{},"{(6, np.int64(39)): {'cpu': 19}, (5, np.int64(18)): {'cpu': 15}, (9, np.int64(23)): {'cpu': 8}, (4, np.int64(5)): {'cpu': 14}, (1, np.int64(24)): {'cpu': 8}}",{},0.0,0.0,804.0,87.0,717.0,0.0,0.0,0.0,0.0,0.0,0.0,0.0,0.0,0.0,Place Failure,0.0,"{'node_level': {}, 'link_level': {}, 'path_level': {}}","{'node_level': {6: {'cpu': -6}, 5: {'cpu': -34}, 9: {'cpu': -42}, 4: {'cpu': -79}, 1: {'cpu': -72}}, 'link_level': {}, 'path_level': {}}","{'node_level': {6: {'cpu': 0}, 5: {'cpu': 0}, 9: {'cpu': 0}, 4: {'cpu': 0}, 1: {'cpu': 0}}, 'link_level': {}, 'path_level': {}}",[],0.0,0.0,False,True,False,0,[],0,0.0,,,,5.0,0.0
55,31,18,7757.0,13595.0,5356697.910237751,9521726.958337868,0.5705774181684443,0.5625762987823406,55,77,0,700.9909833268833,35327.0,6363,28964.0,0.16055408970976248,0.21629958331078525,42,159.99098332688337,541.0,2,1,False,{},{},{},{},0.0,0.0,0.0,0.0,0.0,0.0,0.0,0.0,0.0,0.0,0.0,0.0,0.0,0.0,Leave Event,0.0,"{'node_level': {}, 'link_level': {}, 'path_level': {}}","{'node_level': {}, 'link_level': {}, 'path_level': {}}","{'node_level': {}, 'link_level': {}, 'path_level': {}}",[],0.0,0.0,True,True,False,0,[],0,0.0,,,,,
55,31,17,7757.0,13595.0,5356697.910237751,9521726.958337868,0.5705774181684443,0.5625762987823406,55,78,0,714.4305183289451,35600.0,6446,29154.0,0.14960422163588394,0.21115861247903023,53,26.430518328945183,688.0,5,4,False,{},{},{},{},0.0,0.0,0.0,0.0,0.0,0.0,0.0,0.0,0.0,0.0,0.0,0.0,0.0,0.0,Leave Event,0.0,"{'node_level': {}, 'link_level': {}, 'path_level': {}}","{'node_level': {}, 'link_level': {}, 'path_level': {}}","{'node_level': {}, 'link_level': {}, 'path_level': {}}",[],0.0,0.0,True,True,False,0,[],0,0.0,,,,,
56,31,17,7757.0,13595.0,5356697.910237751,9521726.958337868,0.5705774181684443,0.5625762987823406,55,79,1,715.0,35600.0,6446,29154.0,0.14960422163588394,0.21115861247903023,55,168.62474273572116,715.0,4,3,False,"{3: np.int64(47), 0: np.int64(13)}",{},"{(3, np.int64(47)): {'cpu': 16}, (0, np.int64(13)): {'cpu': 13}}",{},0.0,0.0,72.0,43.0,29.0,0.0,0.0,0.0,0.0,0.0,0.0,0.0,0.0,0.0,Place Failure,0.0,"{'node_level': {}, 'link_level': {}, 'path_level': {}}","{'node_level': {3: {'cpu': -70}, 0: {'cpu': -45}}, 'link_level': {}, 'path_level': {}}","{'node_level': {3: {'cpu': 0}, 0: {'cpu': 0}}, 'link_level': {}, 'path_level': {}}",[],0.0,0.0,False,True,False,0,[],0,0.0,,,,2.0,0.0
56,31,17,7757.0,13595.0,5356697.910237751,9521726.958337868,0.5705774181684443,0.5625762987823406,55,80,0,728.1868975616206,35600.0,6446,29154.0,0.14960422163588394,0.21115861247903023,49,88.18689756162065,640.0,7,10,False,{},{},{},{},0.0,0.0,0.0,0.0,0.0,0.0,0.0,0.0,0.0,0.0,0.0,0.0,0.0,0.0,Leave Event,0.0,"{'node_level': {}, 'link_level': {}, 'path_level': {}}","{'node_level': {}, 'link_level': {}, 'path_level': {}}","{'node_level': {}, 'link_level': {}, 'path_level': {}}",[],0.0,0.0,True,True,False,0,[],0,0.0,,,,,
57,32,18,7841.0,13773.0,5427068.124013994,9670844.792292286,0.5693022580410949,0.561178287996039,55,81,1,729.0,35422.0,6425,28997.0,0.15237467018469653,0.21540667785053302,56,837.7406401933645,729.0,3,2,True,"{2: np.int64(47), 0: np.int64(13), 1: np.int64(48)}","{(1, 2): [(np.int64(48), 24), (24, 3), (3, np.int64(47))], (0, 2): [(np.int64(13), 72), (72, np.int64(47))]}","{(2, np.int64(47)): {'cpu': 8}, (0, np.int64(13)): {'cpu': 12}, (1, np.int64(48)): {'cpu': 1}}","{((1, 2), (np.int64(48), 24)): {'bw': 31.0}, ((1, 2), (24, 3)): {'bw': 31.0}, ((1, 2), (3, np.int64(47))): {'bw': 31.0}, ((0, 2), (np.int64(13), 72)): {'bw': 32.0}, ((0, 2), (72, np.int64(47))): {'bw': 32.0}}",178.0,84.0,84.0,21.0,63.0,21.0,63.0,21.0,157.0,94.0,0.47191011235955055,149117.83395441886,70370.21377624261,395.33827964181245,Success,0.0,"{'node_level': {}, 'link_level': {}, 'path_level': {}}","{'node_level': {2: {'cpu': -78}, 0: {'cpu': -46}, 1: {'cpu': -68}}, 'link_level': {}, 'path_level': {}}","{'node_level': {2: {'cpu': 0}, 0: {'cpu': 0}, 1: {'cpu': 0}}, 'link_level': {}, 'path_level': {}}",[],0.0,0.0,True,True,False,0,[],0,0.0,"OrderedDict([((1, 2), 0), ((0, 2), 0)])",0.0,0.0,3.0,2.0
57,32,18,7841.0,13773.0,5427068.124013994,9670844.792292286,0.5693022580410949,0.561178287996039,55,82,0,732.5705113319192,35422.0,6425,28997.0,0.15237467018469653,0.21540667785053302,32,311.5705113319192,421.0,9,17,False,{},{},{},{},0.0,0.0,0.0,0.0,0.0,0.0,0.0,0.0,0.0,0.0,0.0,0.0,0.0,0.0,Leave Event,0.0,"{'node_level': {}, 'link_level': {}, 'path_level': {}}","{'node_level': {}, 'link_level': {}, 'path_level': {}}","{'node_level': {}, 'link_level': {}, 'path_level': {}}",[],0.0,0.0,True,True,False,0,[],0,0.0,,,,,
57,32,18,7841.0,13773.0,5427068.124013994,9670844.792292286,0.5693022580410949,0.561178287996039,55,83,0,734.0938819439546,35422.0,6425,28997.0,0.15237467018469653,0.21540667785053302,45,161.09388194395453,573.0,10,18,False,{},{},{},{},0.0,0.0,0.0,0.0,0.0,0.0,0.0,0.0,0.0,0.0,0.0,0.0,0.0,0.0,Leave Event,0.0,"{'node_level': {}, 'link_level': {}, 'path_level': {}}","{'node_level': {}, 'link_level': {}, 'path_level': {}}","{'node_level': {}, 'link_level': {}, 'path_level': {}}",[],0.0,0.0,True,True,False,0,[],0,0.0,,,,,
57,32,17,7841.0,13773.0,5427068.124013994,9670844.792292286,0.5693022580410949,0.561178287996039,55,84,0,738.424500993549,35483.0,6450,29033.0,0.14907651715039583,0.2144325991666216,27,384.42450099354903,354.0,2,1,False,{},{},{},{},0.0,0.0,0.0,0.0,0.0,0.0,0.0,0.0,0.0,0.0,0.0,0.0,0.0,0.0,Leave Event,0.0,"{'node_level': {}, 'link_level': {}, 'path_level': {}}","{'node_level': {}, 'link_level': {}, 'path_level': {}}","{'node_level': {}, 'link_level': {}, 'path_level': {}}",[],0.0,0.0,True,True,False,0,[],0,0.0,,,,,
58,32,17,7841.0,13773.0,5427068.124013994,9670844.792292286,0.5693022580410949,0.561178287996039,55,85,1,748.0,35483.0,6450,29033.0,0.14907651715039583,0.2144325991666216,57,394.6888711818872,748.0,6,12,False,"{2: np.int64(39), 1: np.int64(42), 5: np.int64(22), 3: np.int64(5), 0: np.int64(98), 4: np.int64(23)}","{(4, 5): [(np.int64(23), 3), (3, 42), (42, np.int64(22))], (0, 2): [(np.int64(98), 49), (49, 27), (27, 60), (60, np.int64(39))], (1, 4): [(np.int64(42), 31), (31, np.int64(23))], (2, 3): [(np.int64(39), 31), (31, 77), (77, np.int64(5))], (0, 5): [(np.int64(98), 72), (72, np.int64(22))], (2, 5): [(np.int64(39), 93), (93, np.int64(22))]}","{(2, np.int64(39)): {'cpu': 16, 'nic_slots': 2}, (1, np.int64(42)): {'cpu': 18}, (5, np.int64(22)): {'cpu': 7}, (3, np.int64(5)): {'cpu': 10, 'nic_slots': 1}, (0, np.int64(98)): {'cpu': 4, 'nic_slots': 1}, (4, np.int64(23)): {'cpu': 1}}","{((4, 5), (np.int64(23), 3)): {'bw': 47.0}, ((4, 5), (3, 42)): {'bw': 47.0}, ((4, 5), (42, np.int64(22))): {'bw': 47.0}, ((0, 2), (np.int64(98), 49)): {'bw': 46.0}, ((0, 2), (49, 27)): {'bw': 46.0}, ((0, 2), (27, 60)): {'bw': 46.0}, ((0, 2), (60, np.int64(39))): {'bw': 46.0}, ((1, 4), (np.int64(42), 31)): {'bw': 45.0}, ((1, 4), (31, np.int64(23))): {'bw': 45.0}, ((2, 3), (np.int64(39), 31)): {'bw': 43.0}, ((2, 3), (31, 77)): {'bw': 43.0}, ((2, 3), (77, np.int64(5))): {'bw': 43.0}, ((0, 5), (np.int64(98), 72)): {'bw': 41.0}, ((0, 5), (72, np.int64(22))): {'bw': 41.0}, ((2, 5), (np.int64(39), 93)): {'bw': 35.0}, ((2, 5), (93, np.int64(22))): {'bw': 35.0}}",0.0,0.0,475.0,56.0,419.0,0.0,0.0,0.0,0.0,0.0,0.0,0.0,0.0,0.0,Route Failure,0.0,"{'node_level': {}, 'link_level': {}, 'path_level': {}}","{'node_level': {2: {'cpu': -9}, 1: {'cpu': -39}, 5: {'cpu': -63}, 3: {'cpu': -83}, 0: {'cpu': -61}, 4: {'cpu': -49}}, 'link_level': {}, 'path_level': {}}","{'node_level': {2: {'cpu': 0}, 1: {'cpu': 0}, 5: {'cpu': 0}, 3: {'cpu': 0}, 0: {'cpu': 0}, 4: {'cpu': 0}}, 'link_level': {}, 'path_level': {}}",[],0.0,0.0,True,False,False,0,[],0,0.0,"OrderedDict([((4, 5), 0), ((0, 2), 1), ((1, 4), 0), ((2, 3), 1), ((0, 5), 0), ((2, 5), 0)])",2.0,2.0,6.0,6.0
59,32,17,7841.0,13773.0,5427068.124013994,9670844.792292286,0.5693022580410949,0.561178287996039,55,86,1,762.0,35483.0,6450,29033.0,0.14907651715039583,0.2144325991666216,58,9.219494684323037,762.0,10,16,False,"{8: np.int64(39), 5: np.int64(42), 0: np.int64(22)}",{},"{(8, np.int64(39)): {'cpu': 20}, (5, np.int64(42)): {'cpu': 20}, (0, np.int64(22)): {'cpu': 6}}",{},0.0,0.0,495.0,95.0,400.0,0.0,0.0,0.0,0.0,0.0,0.0,0.0,0.0,0.0,Place Failure,0.0,"{'node_level': {}, 'link_level': {}, 'path_level': {}}","{'node_level': {8: {'cpu': -5}, 5: {'cpu': -37}, 0: {'cpu': -64}}, 'link_level': {}, 'path_level': {}}","{'node_level': {8: {'cpu': 0}, 5: {'cpu': 0}, 0: {'cpu': 0}}, 'link_level': {}, 'path_level': {}}",[],0.0,0.0,False,True,False,0,[],0,0.0,,,,3.0,0.0
59,32,16,7841.0,13773.0,5427068.124013994,9670844.792292286,0.5693022580410949,0.561178287996039,55,87,0,770.7757407908198,36042.0,6561,29481.0,0.13443271767810028,0.20231073110016773,50,123.77574079081982,647.0,8,10,False,{},{},{},{},0.0,0.0,0.0,0.0,0.0,0.0,0.0,0.0,0.0,0.0,0.0,0.0,0.0,0.0,Leave Event,0.0,"{'node_level': {}, 'link_level': {}, 'path_level': {}}","{'node_level': {}, 'link_level': {}, 'path_level': {}}","{'node_level': {}, 'link_level': {}, 'path_level': {}}",[],0.0,0.0,True,True,False,0,[],0,0.0,,,,,
59,32,16,7841.0,13773.0,5427068.124013994,9670844.792292286,0.5693022580410949,0.561178287996039,55,88,0,771.2194946843231,36042.0,6561,29481.0,0.13443271767810028,0.20231073110016773,58,9.219494684323037,762.0,10,16,False,{},{},{},{},0.0,0.0,0.0,0.0,0.0,0.0,0.0,0.0,0.0,0.0,0.0,0.0,0.0,0.0,Leave Event,0.0,"{'node_level': {}, 'link_level': {}, 'path_level': {}}","{'node_level': {}, 'link_level': {}, 'path_level': {}}","{'node_level': {}, 'link_level': {}, 'path_level': {}}",[],0.0,0.0,True,True,False,0,[],0,0.0,,,,,
60,33,17,7979.0,13981.0,5428188.783726718,9672533.902583929,0.5707030970602961,0.5611961496745571,55,89,1,778.0,35834.0,6536,29298.0,0.1377308707124011,0.20726229774338434,59,8.120722555973291,778.0,3,3,True,"{1: np.int64(56), 2: np.int64(39), 0: np.int64(61)}","{(1, 2): [(np.int64(56), 39)], (0, 1): [(np.int64(61), 62), (62, np.int64(56))], (0, 2): [(np.int64(61), 54), (54, np.int64(39))]}","{(1, np.int64(56)): {'cpu': 12}, (2, np.int64(39)): {'cpu': 9}, (0, np.int64(61)): {'cpu': 4}}","{((1, 2), (np.int64(56), 39)): {'bw': 43.0}, ((0, 1), (np.int64(61), 62)): {'bw': 39.0}, ((0, 1), (62, np.int64(56))): {'bw': 39.0}, ((0, 2), (np.int64(61), 54)): {'bw': 31.0}, ((0, 2), (54, np.int64(39))): {'bw': 31.0}}",208.0,138.0,138.0,25.0,113.0,25.0,113.0,25.0,183.0,70.0,0.6634615384615384,1689.1102916424445,1120.6597127243142,5.3877870804053565,Success,0.0,"{'node_level': {}, 'link_level': {}, 'path_level': {}}","{'node_level': {1: {'cpu': -46}, 2: {'cpu': -29}, 0: {'cpu': -52}}, 'link_level': {}, 'path_level': {}}","{'node_level': {1: {'cpu': 0}, 2: {'cpu': 0}, 0: {'cpu': 0}}, 'link_level': {}, 'path_level': {}}",[],0.0,0.0,True,True,False,0,[],0,0.0,"OrderedDict([((1, 2), 0), ((0, 1), 0), ((0, 2), 0)])",0.0,0.0,3.0,3.0
60,33,16,7979.0,13981.0,5428188.783726718,9672533.902583929,0.5707030970602961,0.5611961496745571,55,90,0,786.1207225559733,36042.0,6561,29481.0,0.13443271767810028,0.20231073110016773,59,8.120722555973291,778.0,3,3,False,{},{},{},{},0.0,0.0,0.0,0.0,0.0,0.0,0.0,0.0,0.0,0.0,0.0,0.0,0.0,0.0,Leave Event,0.0,"{'node_level': {}, 'link_level': {}, 'path_level': {}}","{'node_level': {}, 'link_level': {}, 'path_level': {}}","{'node_level': {}, 'link_level': {}, 'path_level': {}}",[],0.0,0.0,True,True,False,0,[],0,0.0,,,,,
61,34,17,8342.0,14574.0,5924394.87557865,10483140.548501823,0.5723891862220393,0.565135500012477,55,91,1,790.0,35449.0,6475,28974.0,0.14577836411609502,0.21602900589858753,60,1366.9589307215756,790.0,8,10,True,"{6: np.int64(56), 5: np.int64(39), 1: np.int64(61), 2: np.int64(48), 4: np.int64(62), 0: np.int64(31), 3: np.int64(49), 7: np.int64(65)}","{(1, 5): [(np.int64(61), 54), (54, np.int64(39))], (2, 3): [(np.int64(48), 49)], (5, 6): [(np.int64(39), 56)], (2, 6): [(np.int64(48), 39), (39, np.int64(56))], (4, 5): [(np.int64(62), 56), (56, 82), (82, np.int64(39))], (1, 6): [(np.int64(61), 62), (62, np.int64(56))], (0, 7): [(np.int64(31), 40), (40, 95), (95, np.int64(65))], (2, 5): [(np.int64(48), 39)], (0, 4): [(np.int64(31), 62)], (1, 3): [(np.int64(61), 60), (60, np.int64(49))]}","{(6, np.int64(56)): {'cpu': 13}, (5, np.int64(39)): {'cpu': 10}, (1, np.int64(61)): {'cpu': 13}, (2, np.int64(48)): {'cpu': 11}, (4, np.int64(62)): {'cpu': 17}, (0, np.int64(31)): {'cpu': 17}, (3, np.int64(49)): {'cpu': 3}, (7, np.int64(65)): {'cpu': 2}}","{((1, 5), (np.int64(61), 54)): {'bw': 46.0}, ((1, 5), (54, np.int64(39))): {'bw': 46.0}, ((2, 3), (np.int64(48), 49)): {'bw': 44.0}, ((5, 6), (np.int64(39), 56)): {'bw': 39.0}, ((2, 6), (np.int64(48), 39)): {'bw': 34.0}, ((2, 6), (39, np.int64(56))): {'bw': 34.0}, ((4, 5), (np.int64(62), 56)): {'bw': 30.0}, ((4, 5), (56, 82)): {'bw': 30.0}, ((4, 5), (82, np.int64(39))): {'bw': 30.0}, ((1, 6), (np.int64(61), 62)): {'bw': 29.0}, ((1, 6), (62, np.int64(56))): {'bw': 29.0}, ((0, 7), (np.int64(31), 40)): {'bw': 26.0}, ((0, 7), (40, 95)): {'bw': 26.0}, ((0, 7), (95, np.int64(65))): {'bw': 26.0}, ((2, 5), (np.int64(48), 39)): {'bw': 12.0}, ((0, 4), (np.int64(31), 62)): {'bw': 8.0}, ((1, 3), (np.int64(61), 60)): {'bw': 9.0}, ((1, 3), (60, np.int64(49))): {'bw': 9.0}}",593.0,363.0,363.0,86.0,277.0,86.0,277.0,86.0,507.0,230.0,0.612141652613828,810606.6459178943,496206.09185193194,836.7724989071365,Success,0.0,"{'node_level': {}, 'link_level': {}, 'path_level': {}}","{'node_level': {6: {'cpu': -45}, 5: {'cpu': -28}, 1: {'cpu': -43}, 2: {'cpu': -68}, 4: {'cpu': -46}, 0: {'cpu': -26}, 3: {'cpu': -84}, 7: {'cpu': -79}}, 'link_level': {}, 'path_level': {}}","{'node_level': {6: {'cpu': 0}, 5: {'cpu': 0}, 1: {'cpu': 0}, 2: {'cpu': 0}, 4: {'cpu': 0}, 0: {'cpu': 0}, 3: {'cpu': 0}, 7: {'cpu': 0}}, 'link_level': {}, 'path_level': {}}",[],0.0,0.0,True,True,False,0,[],0,0.0,"OrderedDict([((1, 5), 0), ((2, 3), 0), ((5, 6), 0), ((2, 6), 0), ((4, 5), 0), ((1, 6), 0), ((0, 7), 0), ((2, 5), 0), ((0, 4), 0), ((1, 3), 0)])",1.0,0.0,8.0,10.0
62,34,17,8342.0,14574.0,5924394.87557865,10483140.548501823,0.5723891862220393,0.565135500012477,55,92,1,804.0,35449.0,6475,28974.0,0.14577836411609502,0.21602900589858753,61,247.62845728030277,804.0,7,8,False,"{0: np.int64(80), 5: np.int64(65), 4: np.int64(42)}",{},"{(0, np.int64(80)): {'cpu': 6}, (5, np.int64(65)): {'cpu': 12}, (4, np.int64(42)): {'cpu': 9}}",{},0.0,0.0,286.0,41.0,245.0,0.0,0.0,0.0,0.0,0.0,0.0,0.0,0.0,0.0,Place Failure,0.0,"{'node_level': {}, 'link_level': {}, 'path_level': {}}","{'node_level': {0: {'cpu': -60}, 5: {'cpu': -67}, 4: {'cpu': -48}}, 'link_level': {}, 'path_level': {}}","{'node_level': {0: {'cpu': 0}, 5: {'cpu': 0}, 4: {'cpu': 0}}, 'link_level': {}, 'path_level': {}}",[],0.0,0.0,False,True,False,0,[],0,0.0,,,,3.0,0.0
63,35,18,8460.0,14692.0,6066894.964790439,10625640.637713611,0.5758235774571195,0.5709674523771484,55,93,1,818.0,35331.0,6433,28898.0,0.1513192612137203,0.2180853942312896,62,1207.6278746761773,818.0,3,2,True,"{0: np.int64(80), 2: np.int64(56), 1: np.int64(83)}","{(0, 2): [(np.int64(80), 56)], (0, 1): [(np.int64(80), 83)]}","{(0, np.int64(80)): {'cpu': 19}, (2, np.int64(56)): {'cpu': 20}, (1, np.int64(83)): {'cpu': 3}}","{((0, 2), (np.int64(80), 56)): {'bw': 43.0}, ((0, 1), (np.int64(80), 83)): {'bw': 33.0}}",118.0,118.0,118.0,42.0,76.0,42.0,76.0,42.0,76.0,0.0,1.0,142500.08921178893,142500.08921178893,1207.6278746761773,Success,0.0,"{'node_level': {}, 'link_level': {}, 'path_level': {}}","{'node_level': {0: {'cpu': -47}, 2: {'cpu': -25}, 1: {'cpu': -59}}, 'link_level': {}, 'path_level': {}}","{'node_level': {0: {'cpu': 0}, 2: {'cpu': 0}, 1: {'cpu': 0}}, 'link_level': {}, 'path_level': {}}",[],0.0,0.0,True,True,False,0,[],0,0.0,"OrderedDict([((0, 2), 0), ((0, 1), 0)])",0.0,0.0,3.0,2.0
64,35,18,8460.0,14692.0,6066894.964790439,10625640.637713611,0.5758235774571195,0.5709674523771484,55,94,1,828.0,35331.0,6433,28898.0,0.1513192612137203,0.2180853942312896,63,855.9163303747499,828.0,4,4,False,"{1: np.int64(65), 0: np.int64(42), 3: np.int64(22)}",{},"{(1, np.int64(65)): {'cpu': 9}, (0, np.int64(42)): {'cpu': 17}, (3, np.int64(22)): {'cpu': 14}}",{},0.0,0.0,94.0,41.0,53.0,0.0,0.0,0.0,0.0,0.0,0.0,0.0,0.0,0.0,Place Failure,0.0,"{'node_level': {}, 'link_level': {}, 'path_level': {}}","{'node_level': {1: {'cpu': -70}, 0: {'cpu': -40}, 3: {'cpu': -56}}, 'link_level': {}, 'path_level': {}}","{'node_level': {1: {'cpu': 0}, 0: {'cpu': 0}, 3: {'cpu': 0}}, 'link_level': {}, 'path_level': {}}",[],0.0,0.0,False,True,False,0,[],0,0.0,,,,3.0,0.0
64,35,18,8460.0,14692.0,6066894.964790439,10625640.637713611,0.5758235774571195,0.5709674523771484,55,95,0,829.055301157294,35331.0,6433,28898.0,0.1513192612137203,0.2180853942312896,48,204.055301157294,625.0,8,19,False,{},{},{},{},0.0,0.0,0.0,0.0,0.0,0.0,0.0,0.0,0.0,0.0,0.0,0.0,0.0,0.0,Leave Event,0.0,"{'node_level': {}, 'link_level': {}, 'path_level': {}}","{'node_level': {}, 'link_level': {}, 'path_level': {}}","{'node_level': {}, 'link_level': {}, 'path_level': {}}",[],0.0,0.0,True,True,False,0,[],0,0.0,,,,,
65,36,19,8737.0,15292.0,6080013.375215903,10654055.967155049,0.571344493852995,0.5706759373106098,55,96,1,840.0,34731.0,6353,28378.0,0.16187335092348287,0.2321554196655663,64,47.35888240239732,840.0,6,10,True,"{3: np.int64(65), 4: np.int64(42), 2: np.int64(22), 5: np.int64(98), 1: np.int64(49), 0: np.int64(25)}","{(1, 3): [(np.int64(49), 27), (27, 60), (60, 63), (63, np.int64(65))], (1, 2): [(np.int64(49), 3), (3, 42), (42, np.int64(22))], (4, 5): [(np.int64(42), 34), (34, np.int64(98))], (3, 4): [(np.int64(65), 35), (35, 18), (18, np.int64(42))], (2, 5): [(np.int64(22), 42), (42, np.int64(98))], (0, 1): [(np.int64(25), 49)], (0, 5): [(np.int64(25), 49), (49, np.int64(98))], (0, 2): [(np.int64(25), 56), (56, np.int64(22))], (1, 5): [(np.int64(49), 98)], (1, 4): [(np.int64(49), 98), (98, np.int64(42))]}","{(3, np.int64(65)): {'cpu': 19}, (4, np.int64(42)): {'cpu': 16}, (2, np.int64(22)): {'cpu': 17}, (5, np.int64(98)): {'cpu': 10}, (1, np.int64(49)): {'cpu': 6}, (0, np.int64(25)): {'cpu': 12}}","{((1, 3), (np.int64(49), 27)): {'bw': 40.0}, ((1, 3), (27, 60)): {'bw': 40.0}, ((1, 3), (60, 63)): {'bw': 40.0}, ((1, 3), (63, np.int64(65))): {'bw': 40.0}, ((1, 2), (np.int64(49), 3)): {'bw': 39.0}, ((1, 2), (3, 42)): {'bw': 39.0}, ((1, 2), (42, np.int64(22))): {'bw': 39.0}, ((4, 5), (np.int64(42), 34)): {'bw': 35.0}, ((4, 5), (34, np.int64(98))): {'bw': 35.0}, ((3, 4), (np.int64(65), 35)): {'bw': 27.0}, ((3, 4), (35, 18)): {'bw': 27.0}, ((3, 4), (18, np.int64(42))): {'bw': 27.0}, ((2, 5), (np.int64(22), 42)): {'bw': 16.0}, ((2, 5), (42, np.int64(98))): {'bw': 16.0}, ((0, 1), (np.int64(25), 49)): {'bw': 14.0}, ((0, 5), (np.int64(25), 49)): {'bw': 10.0}, ((0, 5), (49, np.int64(98))): {'bw': 10.0}, ((0, 2), (np.int64(25), 56)): {'bw': 3.0}, ((0, 2), (56, np.int64(22))): {'bw': 3.0}, ((1, 5), (np.int64(49), 98)): {'bw': 6.0}, ((1, 4), (np.int64(49), 98)): {'bw': 7.0}, ((1, 4), (98, np.int64(42))): {'bw': 7.0}}",600.0,277.0,277.0,80.0,197.0,80.0,197.0,80.0,520.0,323.0,0.46166666666666667,28415.329441438393,13118.410425464057,21.86401737577343,Success,0.0,"{'node_level': {}, 'link_level': {}, 'path_level': {}}","{'node_level': {3: {'cpu': -60}, 4: {'cpu': -41}, 2: {'cpu': -53}, 5: {'cpu': -55}, 1: {'cpu': -78}, 0: {'cpu': -62}}, 'link_level': {}, 'path_level': {}}","{'node_level': {3: {'cpu': 0}, 4: {'cpu': 0}, 2: {'cpu': 0}, 5: {'cpu': 0}, 1: {'cpu': 0}, 0: {'cpu': 0}}, 'link_level': {}, 'path_level': {}}",[],0.0,0.0,True,True,False,0,[],0,0.0,"OrderedDict([((1, 3), 0), ((1, 2), 0), ((4, 5), 0), ((3, 4), 0), ((2, 5), 0), ((0, 1), 0), ((0, 5), 0), ((0, 2), 0), ((1, 5), 0), ((1, 4), 0)])",2.0,0.0,6.0,10.0
65,36,19,8737.0,15292.0,6080013.375215903,10654055.967155049,0.571344493852995,0.5706759373106098,55,97,0,845.6580222960772,34731.0,6353,28378.0,0.16187335092348287,0.2321554196655663,38,361.65802229607726,484.0,8,13,False,{},{},{},{},0.0,0.0,0.0,0.0,0.0,0.0,0.0,0.0,0.0,0.0,0.0,0.0,0.0,0.0,Leave Event,0.0,"{'node_level': {}, 'link_level': {}, 'path_level': {}}","{'node_level': {}, 'link_level': {}, 'path_level': {}}","{'node_level': {}, 'link_level': {}, 'path_level': {}}",[],0.0,0.0,True,True,False,0,[],0,0.0,,,,,
66,37,20,9268.0,16397.0,6197773.6060171025,10899112.567974871,0.5652253460998963,0.5686493801548735,56,98,1,852.0,33626.0,6261,27365.0,0.17401055408970978,0.2595649115211862,65,221.77067947495215,852.0,9,15,True,"{1: np.int64(5), 6: np.int64(90), 3: np.int64(37), 4: np.int64(23), 2: np.int64(41), 7: np.int64(59), 5: np.int64(94), 8: np.int64(20), 0: np.int64(61)}","{(4, 6): [(np.int64(23), 30), (30, np.int64(90))], (1, 3): [(np.int64(5), 89), (89, 28), (28, np.int64(37))], (4, 7): [(np.int64(23), 91), (91, 54), (54, np.int64(59))], (1, 2): [(np.int64(5), 74), (74, 76), (76, 16), (16, np.int64(41))], (1, 5): [(np.int64(5), 96), (96, np.int64(94))], (1, 8): [(np.int64(5), 13), (13, np.int64(20))], (0, 4): [(np.int64(61), 1), (1, 31), (31, np.int64(23))], (0, 3): [(np.int64(61), 45), (45, np.int64(37))], (3, 6): [(np.int64(37), 90)], (6, 8): [(np.int64(90), 81), (81, np.int64(20))], (2, 5): [(np.int64(41), 94)], (2, 6): [(np.int64(41), 37), (37, np.int64(90))], (1, 6): [(np.int64(5), 30), (30, np.int64(90))], (2, 4): [(np.int64(41), 23)], (5, 8): [(np.int64(94), 81), (81, np.int64(20))]}","{(1, np.int64(5)): {'cpu': 13}, (6, np.int64(90)): {'cpu': 16}, (3, np.int64(37)): {'cpu': 17}, (4, np.int64(23)): {'cpu': 8}, (2, np.int64(41)): {'cpu': 10}, (7, np.int64(59)): {'cpu': 15}, (5, np.int64(94)): {'cpu': 8}, (8, np.int64(20)): {'cpu': 4}, (0, np.int64(61)): {'cpu': 1}}","{((4, 6), (np.int64(23), 30)): {'bw': 49.0}, ((4, 6), (30, np.int64(90))): {'bw': 49.0}, ((1, 3), (np.int64(5), 89)): {'bw': 46.0}, ((1, 3), (89, 28)): {'bw': 46.0}, ((1, 3), (28, np.int64(37))): {'bw': 46.0}, ((4, 7), (np.int64(23), 91)): {'bw': 42.0}, ((4, 7), (91, 54)): {'bw': 42.0}, ((4, 7), (54, np.int64(59))): {'bw': 42.0}, ((1, 2), (np.int64(5), 74)): {'bw': 40.0}, ((1, 2), (74, 76)): {'bw': 40.0}, ((1, 2), (76, 16)): {'bw': 40.0}, ((1, 2), (16, np.int64(41))): {'bw': 40.0}, ((1, 5), (np.int64(5), 96)): {'bw': 39.0}, ((1, 5), (96, np.int64(94))): {'bw': 39.0}, ((1, 8), (np.int64(5), 13)): {'bw': 33.0}, ((1, 8), (13, np.int64(20))): {'bw': 33.0}, ((0, 4), (np.int64(61), 1)): {'bw': 33.0}, ((0, 4), (1, 31)): {'bw': 33.0}, ((0, 4), (31, np.int64(23))): {'bw': 33.0}, ((0, 3), (np.int64(61), 45)): {'bw': 29.0}, ((0, 3), (45, np.int64(37))): {'bw': 29.0}, ((3, 6), (np.int64(37), 90)): {'bw': 30.0}, ((6, 8), (np.int64(90), 81)): {'bw': 29.0}, ((6, 8), (81, np.int64(20))): {'bw': 29.0}, ((2, 5), (np.int64(41), 94)): {'bw': 27.0}, ((2, 6), (np.int64(41), 37)): {'bw': 18.0}, ((2, 6), (37, np.int64(90))): {'bw': 18.0}, ((1, 6), (np.int64(5), 30)): {'bw': 9.0}, ((1, 6), (30, np.int64(90))): {'bw': 9.0}, ((2, 4), (np.int64(41), 23)): {'bw': 9.0}, ((5, 8), (np.int64(94), 81)): {'bw': 6.0}, ((5, 8), (81, np.int64(20))): {'bw': 6.0}}",1105.0,531.0,531.0,92.0,439.0,92.0,439.0,92.0,1013.0,574.0,0.4805429864253394,245056.6008198221,117760.23080119959,106.57034461647022,Success,0.0,"{'node_level': {}, 'link_level': {}, 'path_level': {}}","{'node_level': {1: {'cpu': -80}, 6: {'cpu': -32}, 3: {'cpu': -33}, 4: {'cpu': -42}, 2: {'cpu': -72}, 7: {'cpu': -38}, 5: {'cpu': -65}, 8: {'cpu': -77}, 0: {'cpu': -42}}, 'link_level': {}, 'path_level': {}}","{'node_level': {1: {'cpu': 0}, 6: {'cpu': 0}, 3: {'cpu': 0}, 4: {'cpu': 0}, 2: {'cpu': 0}, 7: {'cpu': 0}, 5: {'cpu': 0}, 8: {'cpu': 0}, 0: {'cpu': 0}}, 'link_level': {}, 'path_level': {}}",[],0.0,0.0,True,True,False,0,[],0,0.0,"OrderedDict([((4, 6), 0), ((1, 3), 0), ((4, 7), 0), ((1, 2), 0), ((1, 5), 0), ((1, 8), 0), ((0, 4), 0), ((0, 3), 0), ((3, 6), 0), ((6, 8), 0), ((2, 5), 0), ((2, 6), 0), ((1, 6), 0), ((2, 4), 0), ((5, 8), 0)])",4.0,0.0,9.0,15.0
66,37,20,9268.0,16397.0,6197773.6060171025,10899112.567974871,0.5652253460998963,0.5686493801548735,56,99,0,854.4246276820088,33626.0,6261,27365.0,0.17401055408970978,0.2595649115211862,2,813.4246276820088,41.0,8,17,False,{},{},{},{},0.0,0.0,0.0,0.0,0.0,0.0,0.0,0.0,0.0,0.0,0.0,0.0,0.0,0.0,Leave Event,0.0,"{'node_level': {}, 'link_level': {}, 'path_level': {}}","{'node_level': {}, 'link_level': {}, 'path_level': {}}","{'node_level': {}, 'link_level': {}, 'path_level': {}}",[],0.0,0.0,True,True,False,0,[],0,0.0,,,,,
67,37,20,9268.0,16397.0,6197773.6060171025,10899112.567974871,0.5652253460998963,0.5686493801548735,56,100,1,861.0,33626.0,6261,27365.0,0.17401055408970978,0.2595649115211862,66,9.583829451074376,861.0,8,13,False,"{1: np.int64(26), 6: np.int64(55), 0: np.int64(32), 2: np.int64(46), 4: np.int64(39)}",{},"{(1, np.int64(26)): {'cpu': 19}, (6, np.int64(55)): {'cpu': 15}, (0, np.int64(32)): {'cpu': 14}, (2, np.int64(46)): {'cpu': 8}, (4, np.int64(39)): {'cpu': 11}}",{},0.0,0.0,494.0,98.0,396.0,0.0,0.0,0.0,0.0,0.0,0.0,0.0,0.0,0.0,Place Failure,0.0,"{'node_level': {}, 'link_level': {}, 'path_level': {}}","{'node_level': {1: {'cpu': -68}, 6: {'cpu': -74}, 0: {'cpu': -33}, 2: {'cpu': -24}, 4: {'cpu': -17}}, 'link_level': {}, 'path_level': {}}","{'node_level': {1: {'cpu': 0}, 6: {'cpu': 0}, 0: {'cpu': 0}, 2: {'cpu': 0}, 4: {'cpu': 0}}, 'link_level': {}, 'path_level': {}}",[],0.0,0.0,False,True,False,0,[],0,0.0,,,,5.0,0.0
67,37,19,9268.0,16397.0,6197773.6060171025,10899112.567974871,0.5652253460998963,0.5686493801548735,56,101,0,870.2922291675746,33867.0,6307,27560.0,0.16794195250659627,0.2542886519833324,6,771.2922291675746,99.0,4,5,False,{},{},{},{},0.0,0.0,0.0,0.0,0.0,0.0,0.0,0.0,0.0,0.0,0.0,0.0,0.0,0.0,Leave Event,0.0,"{'node_level': {}, 'link_level': {}, 'path_level': {}}","{'node_level': {}, 'link_level': {}, 'path_level': {}}","{'node_level': {}, 'link_level': {}, 'path_level': {}}",[],0.0,0.0,True,True,False,0,[],0,0.0,,,,,
67,37,19,9268.0,16397.0,6197773.6060171025,10899112.567974871,0.5652253460998963,0.5686493801548735,56,102,0,870.5838294510744,33867.0,6307,27560.0,0.16794195250659627,0.2542886519833324,66,9.583829451074376,861.0,8,13,False,{},{},{},{},0.0,0.0,0.0,0.0,0.0,0.0,0.0,0.0,0.0,0.0,0.0,0.0,0.0,0.0,Leave Event,0.0,"{'node_level': {}, 'link_level': {}, 'path_level': {}}","{'node_level': {}, 'link_level': {}, 'path_level': {}}","{'node_level': {}, 'link_level': {}, 'path_level': {}}",[],0.0,0.0,True,True,False,0,[],0,0.0,,,,,
68,38,20,9627.0,17007.0,6305094.069031264,11081467.672260772,0.5660610336920092,0.5689764438707186,56,103,1,876.0,33257.0,6251,27006.0,0.17532981530343006,0.26927864061908113,67,298.9427939113125,876.0,6,9,True,"{4: np.int64(63), 0: np.int64(98), 5: np.int64(40), 3: np.int64(55), 1: np.int64(65), 2: np.int64(24)}","{(3, 5): [(np.int64(55), 40)], (1, 4): [(np.int64(65), 0), (0, np.int64(63))], (0, 5): [(np.int64(98), 71), (71, np.int64(40))], (0, 1): [(np.int64(98), 87), (87, np.int64(65))], (0, 4): [(np.int64(98), 70), (70, np.int64(63))], (2, 5): [(np.int64(24), 96), (96, np.int64(40))], (1, 2): [(np.int64(65), 35), (35, 18), (18, np.int64(24))], (4, 5): [(np.int64(63), 40)], (2, 3): [(np.int64(24), 55)]}","{(4, np.int64(63)): {'cpu': 15}, (0, np.int64(98)): {'cpu': 12}, (5, np.int64(40)): {'cpu': 9}, (3, np.int64(55)): {'cpu': 14}, (1, np.int64(65)): {'cpu': 4}, (2, np.int64(24)): {'cpu': 2}}","{((3, 5), (np.int64(55), 40)): {'bw': 50.0}, ((1, 4), (np.int64(65), 0)): {'bw': 44.0}, ((1, 4), (0, np.int64(63))): {'bw': 44.0}, ((0, 5), (np.int64(98), 71)): {'bw': 39.0}, ((0, 5), (71, np.int64(40))): {'bw': 39.0}, ((0, 1), (np.int64(98), 87)): {'bw': 35.0}, ((0, 1), (87, np.int64(65))): {'bw': 35.0}, ((0, 4), (np.int64(98), 70)): {'bw': 33.0}, ((0, 4), (70, np.int64(63))): {'bw': 33.0}, ((2, 5), (np.int64(24), 96)): {'bw': 34.0}, ((2, 5), (96, np.int64(40))): {'bw': 34.0}, ((1, 2), (np.int64(65), 35)): {'bw': 33.0}, ((1, 2), (35, 18)): {'bw': 33.0}, ((1, 2), (18, np.int64(24))): {'bw': 33.0}, ((4, 5), (np.int64(63), 40)): {'bw': 18.0}, ((2, 3), (np.int64(24), 55)): {'bw': 17.0}}",610.0,359.0,359.0,56.0,303.0,56.0,303.0,56.0,554.0,251.0,0.5885245901639344,182355.10428590063,107320.46301416119,175.9351852691167,Success,0.0,"{'node_level': {}, 'link_level': {}, 'path_level': {}}","{'node_level': {4: {'cpu': -40}, 0: {'cpu': -51}, 5: {'cpu': -39}, 3: {'cpu': -75}, 1: {'cpu': -68}, 2: {'cpu': -78}}, 'link_level': {}, 'path_level': {}}","{'node_level': {4: {'cpu': 0}, 0: {'cpu': 0}, 5: {'cpu': 0}, 3: {'cpu': 0}, 1: {'cpu': 0}, 2: {'cpu': 0}}, 'link_level': {}, 'path_level': {}}",[],0.0,0.0,True,True,False,0,[],0,0.0,"OrderedDict([((3, 5), 0), ((1, 4), 0), ((0, 5), 0), ((0, 1), 0), ((0, 4), 0), ((2, 5), 0), ((1, 2), 0), ((4, 5), 0), ((2, 3), 0)])",2.0,0.0,6.0,9.0
68,38,20,9627.0,17007.0,6305094.069031264,11081467.672260772,0.5660610336920092,0.5689764438707186,56,104,0,883.6247427357212,33257.0,6251,27006.0,0.17532981530343006,0.26927864061908113,55,168.62474273572116,715.0,4,3,False,{},{},{},{},0.0,0.0,0.0,0.0,0.0,0.0,0.0,0.0,0.0,0.0,0.0,0.0,0.0,0.0,Leave Event,0.0,"{'node_level': {}, 'link_level': {}, 'path_level': {}}","{'node_level': {}, 'link_level': {}, 'path_level': {}}","{'node_level': {}, 'link_level': {}, 'path_level': {}}",[],0.0,0.0,True,True,False,0,[],0,0.0,,,,,
69,39,21,9842.0,17349.0,6308409.253091597,11086741.127835814,0.5672949449535997,0.5690048302158769,59,105,1,886.0,32915.0,6209,26706.0,0.18087071240105546,0.27739596298501,68,15.419460745736803,886.0,7,9,True,"{6: np.int64(26), 0: np.int64(46), 2: np.int64(9), 3: np.int64(32), 4: np.int64(44), 5: np.int64(77), 1: np.int64(25)}","{(0, 6): [(np.int64(46), 26)], (4, 6): [(np.int64(44), 9), (9, 48), (48, np.int64(26))], (0, 2): [(np.int64(46), 53), (53, np.int64(9))], (3, 4): [(np.int64(32), 70), (70, np.int64(44))], (2, 5): [(np.int64(9), 77)], (1, 4): [(np.int64(25), 44)], (0, 5): [(np.int64(46), 77)], (4, 5): [(np.int64(44), 30), (30, np.int64(77))], (2, 6): [(np.int64(9), 48), (48, np.int64(26))]}","{(6, np.int64(26)): {'cpu': 13}, (0, np.int64(46)): {'cpu': 10}, (2, np.int64(9)): {'cpu': 12}, (3, np.int64(32)): {'cpu': 3}, (4, np.int64(44)): {'cpu': 1}, (5, np.int64(77)): {'cpu': 2}, (1, np.int64(25)): {'cpu': 1}}","{((0, 6), (np.int64(46), 26)): {'bw': 47.0}, ((4, 6), (np.int64(44), 9)): {'bw': 34.0}, ((4, 6), (9, 48)): {'bw': 34.0}, ((4, 6), (48, np.int64(26))): {'bw': 34.0}, ((0, 2), (np.int64(46), 53)): {'bw': 27.0}, ((0, 2), (53, np.int64(9))): {'bw': 27.0}, ((3, 4), (np.int64(32), 70)): {'bw': 25.0}, ((3, 4), (70, np.int64(44))): {'bw': 25.0}, ((2, 5), (np.int64(9), 77)): {'bw': 20.0}, ((1, 4), (np.int64(25), 44)): {'bw': 8.0}, ((0, 5), (np.int64(46), 77)): {'bw': 5.0}, ((4, 5), (np.int64(44), 30)): {'bw': 5.0}, ((4, 5), (30, np.int64(77))): {'bw': 5.0}, ((2, 6), (np.int64(9), 48)): {'bw': 2.0}, ((2, 6), (48, np.int64(26))): {'bw': 2.0}}",342.0,215.0,215.0,42.0,173.0,42.0,173.0,42.0,300.0,127.0,0.6286549707602339,5273.455575041987,3315.1840603334126,9.693520644249745,Success,0.0,"{'node_level': {}, 'link_level': {}, 'path_level': {}}","{'node_level': {6: {'cpu': -74}, 0: {'cpu': -22}, 2: {'cpu': -45}, 3: {'cpu': -44}, 4: {'cpu': -53}, 5: {'cpu': -70}, 1: {'cpu': -61}}, 'link_level': {}, 'path_level': {}}","{'node_level': {6: {'cpu': 0}, 0: {'cpu': 0}, 2: {'cpu': 0}, 3: {'cpu': 0}, 4: {'cpu': 0}, 5: {'cpu': 0}, 1: {'cpu': 0}}, 'link_level': {}, 'path_level': {}}",[],0.0,0.0,True,True,False,0,[],0,0.0,"OrderedDict([((0, 6), 0), ((4, 6), 0), ((0, 2), 0), ((3, 4), 0), ((2, 5), 0), ((1, 4), 0), ((0, 5), 0), ((4, 5), 0), ((2, 6), 0)])",3.0,0.0,7.0,9.0
69,39,20,9842.0,17349.0,6308409.253091597,11086741.127835814,0.5672949449535997,0.5690048302158769,59,106,0,887.3588824023973,33515.0,6289,27226.0,0.17031662269129288,0.2633259375507333,64,47.35888240239732,840.0,6,10,False,{},{},{},{},0.0,0.0,0.0,0.0,0.0,0.0,0.0,0.0,0.0,0.0,0.0,0.0,0.0,0.0,Leave Event,0.0,"{'node_level': {}, 'link_level': {}, 'path_level': {}}","{'node_level': {}, 'link_level': {}, 'path_level': {}}","{'node_level': {}, 'link_level': {}, 'path_level': {}}",[],0.0,0.0,True,True,False,0,[],0,0.0,,,,,
70,39,20,9842.0,17349.0,6308409.253091597,11086741.127835814,0.5672949449535997,0.5690048302158769,59,107,1,895.0,33515.0,6289,27226.0,0.17031662269129288,0.2633259375507333,69,157.59787552138852,895.0,10,23,False,"{9: np.int64(42), 4: np.int64(22), 0: np.int64(65), 7: np.int64(66), 2: np.int64(18), 8: np.int64(49), 1: np.int64(38), 6: np.int64(3), 5: np.int64(25)}",{},"{(9, np.int64(42)): {'cpu': 13}, (4, np.int64(22)): {'cpu': 17}, (0, np.int64(65)): {'cpu': 14}, (7, np.int64(66)): {'cpu': 14}, (2, np.int64(18)): {'cpu': 6}, (8, np.int64(49)): {'cpu': 18}, (1, np.int64(38)): {'cpu': 7}, (6, np.int64(3)): {'cpu': 5}, (5, np.int64(25)): {'cpu': 20}}",{},0.0,0.0,730.0,115.0,615.0,0.0,0.0,0.0,0.0,0.0,0.0,0.0,0.0,0.0,Place Failure,0.0,"{'node_level': {}, 'link_level': {}, 'path_level': {}}","{'node_level': {9: {'cpu': -44}, 4: {'cpu': -53}, 0: {'cpu': -73}, 7: {'cpu': -19}, 2: {'cpu': -43}, 8: {'cpu': -66}, 1: {'cpu': -59}, 6: {'cpu': -53}, 5: {'cpu': -53}}, 'link_level': {}, 'path_level': {}}","{'node_level': {9: {'cpu': 0}, 4: {'cpu': 0}, 0: {'cpu': 0}, 7: {'cpu': 0}, 2: {'cpu': 0}, 8: {'cpu': 0}, 1: {'cpu': 0}, 6: {'cpu': 0}, 5: {'cpu': 0}}, 'link_level': {}, 'path_level': {}}",[],0.0,0.0,False,True,False,0,[],0,0.0,,,,9.0,0.0
70,39,19,9842.0,17349.0,6308409.253091597,11086741.127835814,0.5672949449535997,0.5690048302158769,59,108,0,901.4194607457368,33857.0,6331,27526.0,0.1647757255936676,0.2552086151848044,68,15.419460745736803,886.0,7,9,False,{},{},{},{},0.0,0.0,0.0,0.0,0.0,0.0,0.0,0.0,0.0,0.0,0.0,0.0,0.0,0.0,Leave Event,0.0,"{'node_level': {}, 'link_level': {}, 'path_level': {}}","{'node_level': {}, 'link_level': {}, 'path_level': {}}","{'node_level': {}, 'link_level': {}, 'path_level': {}}",[],0.0,0.0,True,True,False,0,[],0,0.0,,,,,
70,39,18,9842.0,17349.0,6308409.253091597,11086741.127835814,0.5672949449535997,0.5690048302158769,59,109,0,904.3210884109765,34147.0,6397,27750.0,0.15606860158311342,0.24914768115157748,41,377.3210884109764,527.0,5,6,False,{},{},{},{},0.0,0.0,0.0,0.0,0.0,0.0,0.0,0.0,0.0,0.0,0.0,0.0,0.0,0.0,Leave Event,0.0,"{'node_level': {}, 'link_level': {}, 'path_level': {}}","{'node_level': {}, 'link_level': {}, 'path_level': {}}","{'node_level': {}, 'link_level': {}, 'path_level': {}}",[],0.0,0.0,True,True,False,0,[],0,0.0,,,,,
71,40,19,10053.0,17855.0,6308682.067400729,11087395.364994206,0.5630355642677122,0.5689958605894836,59,110,1,913.0,33641.0,6355,27286.0,0.16160949868073882,0.26170247307754746,70,1.2929588110513002,913.0,5,7,True,"{4: np.int64(51), 1: np.int64(42), 0: np.int64(22), 3: np.int64(49), 2: np.int64(27)}","{(0, 2): [(np.int64(22), 42), (42, 34), (34, 7), (7, np.int64(27))], (2, 4): [(np.int64(27), 84), (84, 56), (56, np.int64(51))], (1, 4): [(np.int64(42), 5), (5, 77), (77, np.int64(51))], (1, 3): [(np.int64(42), 98), (98, np.int64(49))], (3, 4): [(np.int64(49), 99), (99, np.int64(51))], (0, 1): [(np.int64(22), 42)], (2, 3): [(np.int64(27), 49)]}","{(4, np.int64(51)): {'cpu': 15}, (1, np.int64(42)): {'cpu': 10}, (0, np.int64(22)): {'cpu': 11}, (3, np.int64(49)): {'cpu': 5, 'nic_slots': 1}, (2, np.int64(27)): {'cpu': 1, 'nic_slots': 1}}","{((0, 2), (np.int64(22), 42)): {'bw': 38.0}, ((0, 2), (42, 34)): {'bw': 38.0}, ((0, 2), (34, 7)): {'bw': 38.0}, ((0, 2), (7, np.int64(27))): {'bw': 38.0}, ((2, 4), (np.int64(27), 84)): {'bw': 35.0}, ((2, 4), (84, 56)): {'bw': 35.0}, ((2, 4), (56, np.int64(51))): {'bw': 35.0}, ((1, 4), (np.int64(42), 5)): {'bw': 31.0}, ((1, 4), (5, 77)): {'bw': 31.0}, ((1, 4), (77, np.int64(51))): {'bw': 31.0}, ((1, 3), (np.int64(42), 98)): {'bw': 27.0}, ((1, 3), (98, np.int64(49))): {'bw': 27.0}, ((3, 4), (np.int64(49), 99)): {'bw': 22.0}, ((3, 4), (99, np.int64(51))): {'bw': 22.0}, ((0, 1), (np.int64(22), 42)): {'bw': 8.0}, ((2, 3), (np.int64(27), 49)): {'bw': 8.0}}",506.0,211.0,211.0,42.0,169.0,42.0,169.0,42.0,464.0,295.0,0.41699604743083,654.2371583919579,272.81430913182436,0.5391587136992576,Success,0.0,"{'node_level': {}, 'link_level': {}, 'path_level': {}}","{'node_level': {4: {'cpu': -44}, 1: {'cpu': -47}, 0: {'cpu': -59}, 3: {'cpu': -79}, 2: {'cpu': -87}}, 'link_level': {}, 'path_level': {}}","{'node_level': {4: {'cpu': 0}, 1: {'cpu': 0}, 0: {'cpu': 0}, 3: {'cpu': 0}, 2: {'cpu': 0}}, 'link_level': {}, 'path_level': {}}",[],0.0,0.0,True,True,False,0,[],0,0.0,"OrderedDict([((0, 2), 0), ((2, 4), 0), ((1, 4), 0), ((1, 3), 0), ((3, 4), 0), ((0, 1), 0), ((2, 3), 1)])",1.0,1.0,5.0,7.0
71,40,18,10053.0,17855.0,6308682.067400729,11087395.364994206,0.5630355642677122,0.5689958605894836,59,111,0,914.2929588110513,34147.0,6397,27750.0,0.15606860158311342,0.24914768115157748,70,1.2929588110513002,913.0,5,7,False,{},{},{},{},0.0,0.0,0.0,0.0,0.0,0.0,0.0,0.0,0.0,0.0,0.0,0.0,0.0,0.0,Leave Event,0.0,"{'node_level': {}, 'link_level': {}, 'path_level': {}}","{'node_level': {}, 'link_level': {}, 'path_level': {}}","{'node_level': {}, 'link_level': {}, 'path_level': {}}",[],0.0,0.0,True,True,False,0,[],0,0.0,,,,,
72,41,19,10080.0,17895.0,6316359.684648702,11098769.61276898,0.5632858340318525,0.5691044958156279,59,112,1,924.0,34107.0,6383,27724.0,0.15791556728232192,0.2498511824232913,71,284.3561943693657,924.0,2,1,True,"{0: np.int64(51), 1: np.int64(25)}","{(0, 1): [(np.int64(51), 56), (56, np.int64(25))]}","{(0, np.int64(51)): {'cpu': 10}, (1, np.int64(25)): {'cpu': 4}}","{((0, 1), (np.int64(51), 56)): {'bw': 13.0}, ((0, 1), (56, np.int64(25))): {'bw': 13.0}}",40.0,27.0,27.0,14.0,13.0,14.0,13.0,14.0,26.0,13.0,0.675,11374.247774774629,7677.617247972874,191.94043119932186,Success,0.0,"{'node_level': {}, 'link_level': {}, 'path_level': {}}","{'node_level': {0: {'cpu': -49}, 1: {'cpu': -70}}, 'link_level': {}, 'path_level': {}}","{'node_level': {0: {'cpu': 0}, 1: {'cpu': 0}}, 'link_level': {}, 'path_level': {}}",[],0.0,0.0,True,True,False,0,[],0,0.0,"OrderedDict([((0, 1), 0)])",0.0,0.0,2.0,1.0
73,42,20,10131.0,17946.0,6338920.288854878,11121330.216975156,0.56452691407556,0.5699786055430134,59,113,1,930.0,34056.0,6367,27689.0,0.16002638522427437,0.250798203365983,72,442.3647883564051,930.0,2,1,True,"{0: np.int64(42), 1: np.int64(22)}","{(0, 1): [(np.int64(42), 22)]}","{(0, np.int64(42)): {'cpu': 11}, (1, np.int64(22)): {'cpu': 5}}","{((0, 1), (np.int64(42), 22)): {'bw': 35.0}}",51.0,51.0,51.0,16.0,35.0,16.0,35.0,16.0,35.0,0.0,1.0,22560.60420617666,22560.60420617666,442.3647883564051,Success,0.0,"{'node_level': {}, 'link_level': {}, 'path_level': {}}","{'node_level': {0: {'cpu': -46}, 1: {'cpu': -65}}, 'link_level': {}, 'path_level': {}}","{'node_level': {0: {'cpu': 0}, 1: {'cpu': 0}}, 'link_level': {}, 'path_level': {}}",[],0.0,0.0,True,True,False,0,[],0,0.0,"OrderedDict([((0, 1), 0)])",0.0,0.0,2.0,1.0
74,42,20,10131.0,17946.0,6338920.288854878,11121330.216975156,0.56452691407556,0.5699786055430134,59,114,1,945.0,34056.0,6367,27689.0,0.16002638522427437,0.250798203365983,73,2413.173789893465,945.0,7,13,False,"{5: np.int64(65), 3: np.int64(49), 1: np.int64(51), 4: np.int64(25), 2: np.int64(27), 0: np.int64(81), 6: np.int64(3)}","{(3, 4): [(np.int64(49), 25)], (0, 3): [(np.int64(81), 49)], (4, 5): [(np.int64(25), 82), (82, 63), (63, np.int64(65))], (5, 6): [(np.int64(65), 8), (8, 23), (23, np.int64(3))], (1, 6): [(np.int64(51), 77), (77, 30), (30, np.int64(3))]}","{(5, np.int64(65)): {'cpu': 20}, (3, np.int64(49)): {'cpu': 13}, (1, np.int64(51)): {'cpu': 8}, (4, np.int64(25)): {'cpu': 6}, (2, np.int64(27)): {'cpu': 19}, (0, np.int64(81)): {'cpu': 8}, (6, np.int64(3)): {'cpu': 4}}","{((3, 4), (np.int64(49), 25)): {'bw': 48.0}, ((0, 3), (np.int64(81), 49)): {'bw': 48.0}, ((4, 5), (np.int64(25), 82)): {'bw': 47.0}, ((4, 5), (82, 63)): {'bw': 47.0}, ((4, 5), (63, np.int64(65))): {'bw': 47.0}, ((5, 6), (np.int64(65), 8)): {'bw': 49.0}, ((5, 6), (8, 23)): {'bw': 49.0}, ((5, 6), (23, np.int64(3))): {'bw': 49.0}, ((1, 6), (np.int64(51), 77)): {'bw': 46.0}, ((1, 6), (77, 30)): {'bw': 46.0}, ((1, 6), (30, np.int64(3))): {'bw': 46.0}}",0.0,0.0,509.0,78.0,431.0,0.0,0.0,0.0,0.0,0.0,0.0,0.0,0.0,0.0,Route Failure,0.0,"{'node_level': {}, 'link_level': {}, 'path_level': {}}","{'node_level': {5: {'cpu': -67}, 3: {'cpu': -71}, 1: {'cpu': -41}, 4: {'cpu': -64}, 2: {'cpu': -69}, 0: {'cpu': -37}, 6: {'cpu': -54}}, 'link_level': {}, 'path_level': {}}","{'node_level': {5: {'cpu': 0}, 3: {'cpu': 0}, 1: {'cpu': 0}, 4: {'cpu': 0}, 2: {'cpu': 0}, 0: {'cpu': 0}, 6: {'cpu': 0}}, 'link_level': {}, 'path_level': {}}",[],0.0,0.0,True,False,False,0,[],0,0.0,"OrderedDict([((3, 4), 0), ((0, 3), 0), ((4, 5), 0), ((5, 6), 0), ((1, 6), 0)])",0.0,0.0,7.0,5.0
74,42,19,10131.0,17946.0,6338920.288854878,11121330.216975156,0.56452691407556,0.5699786055430134,59,115,0,960.014723194151,34447.0,6411,28036.0,0.15422163588390503,0.2414091671627252,47,352.0147231941509,608.0,4,6,False,{},{},{},{},0.0,0.0,0.0,0.0,0.0,0.0,0.0,0.0,0.0,0.0,0.0,0.0,0.0,0.0,Leave Event,0.0,"{'node_level': {}, 'link_level': {}, 'path_level': {}}","{'node_level': {}, 'link_level': {}, 'path_level': {}}","{'node_level': {}, 'link_level': {}, 'path_level': {}}",[],0.0,0.0,True,True,False,0,[],0,0.0,,,,,
75,42,19,10131.0,17946.0,6338920.288854878,11121330.216975156,0.56452691407556,0.5699786055430134,59,116,1,962.0,34447.0,6411,28036.0,0.15422163588390503,0.2414091671627252,74,285.9258923744301,962.0,9,16,False,"{5: np.int64(32), 1: np.int64(38), 8: np.int64(31), 0: np.int64(65), 2: np.int64(15), 3: np.int64(83), 6: np.int64(34), 4: np.int64(49), 7: np.int64(42)}","{(4, 5): [(np.int64(49), 98), (98, np.int64(32))], (2, 8): [(np.int64(15), 42), (42, np.int64(31))], (0, 3): [(np.int64(65), 14), (14, np.int64(83))], (3, 7): [(np.int64(83), 7), (7, 34), (34, np.int64(42))], (5, 6): [(np.int64(32), 34)], (2, 6): [(np.int64(15), 66), (66, 69), (69, np.int64(34))], (1, 5): [(np.int64(38), 31), (31, np.int64(32))]}","{(5, np.int64(32)): {'cpu': 16}, (1, np.int64(38)): {'cpu': 15}, (8, np.int64(31)): {'cpu': 19}, (0, np.int64(65)): {'cpu': 19}, (2, np.int64(15)): {'cpu': 7}, (3, np.int64(83)): {'cpu': 9}, (6, np.int64(34)): {'cpu': 10}, (4, np.int64(49)): {'cpu': 2}, (7, np.int64(42)): {'cpu': 1}}","{((4, 5), (np.int64(49), 98)): {'bw': 40.0}, ((4, 5), (98, np.int64(32))): {'bw': 40.0}, ((2, 8), (np.int64(15), 42)): {'bw': 43.0}, ((2, 8), (42, np.int64(31))): {'bw': 43.0}, ((0, 3), (np.int64(65), 14)): {'bw': 39.0}, ((0, 3), (14, np.int64(83))): {'bw': 39.0}, ((3, 7), (np.int64(83), 7)): {'bw': 36.0}, ((3, 7), (7, 34)): {'bw': 36.0}, ((3, 7), (34, np.int64(42))): {'bw': 36.0}, ((5, 6), (np.int64(32), 34)): {'bw': 40.0}, ((2, 6), (np.int64(15), 66)): {'bw': 39.0}, ((2, 6), (66, 69)): {'bw': 39.0}, ((2, 6), (69, np.int64(34))): {'bw': 39.0}, ((1, 5), (np.int64(38), 31)): {'bw': 35.0}, ((1, 5), (31, np.int64(32))): {'bw': 35.0}}",0.0,0.0,564.0,98.0,466.0,0.0,0.0,0.0,0.0,0.0,0.0,0.0,0.0,0.0,Route Failure,0.0,"{'node_level': {}, 'link_level': {}, 'path_level': {}}","{'node_level': {5: {'cpu': -46}, 1: {'cpu': -62}, 8: {'cpu': -19}, 0: {'cpu': -68}, 2: {'cpu': -90}, 3: {'cpu': -56}, 6: {'cpu': -48}, 4: {'cpu': -82}, 7: {'cpu': -45}}, 'link_level': {}, 'path_level': {}}","{'node_level': {5: {'cpu': 0}, 1: {'cpu': 0}, 8: {'cpu': 0}, 0: {'cpu': 0}, 2: {'cpu': 0}, 3: {'cpu': 0}, 6: {'cpu': 0}, 4: {'cpu': 0}, 7: {'cpu': 0}}, 'link_level': {}, 'path_level': {}}",[],0.0,0.0,True,False,False,0,[],0,0.0,"OrderedDict([((4, 5), 0), ((2, 8), 0), ((0, 3), 0), ((3, 7), 0), ((5, 6), 0), ((2, 6), 0), ((1, 5), 0)])",1.0,0.0,9.0,7.0
76,42,19,10131.0,17946.0,6338920.288854878,11121330.216975156,0.56452691407556,0.5699786055430134,59,117,1,972.0,34447.0,6411,28036.0,0.15422163588390503,0.2414091671627252,75,225.04354559397808,972.0,7,8,False,"{5: np.int64(32), 3: np.int64(38)}",{},"{(5, np.int64(32)): {'cpu': 19}, (3, np.int64(38)): {'cpu': 20}}",{},0.0,0.0,315.0,95.0,220.0,0.0,0.0,0.0,0.0,0.0,0.0,0.0,0.0,0.0,Place Failure,0.0,"{'node_level': {}, 'link_level': {}, 'path_level': {}}","{'node_level': {5: {'cpu': -43}, 3: {'cpu': -57}}, 'link_level': {}, 'path_level': {}}","{'node_level': {5: {'cpu': 0}, 3: {'cpu': 0}}, 'link_level': {}, 'path_level': {}}",[],0.0,0.0,False,True,False,0,[],0,0.0,,,,2.0,0.0
76,42,18,10131.0,17946.0,6338920.288854878,11121330.216975156,0.56452691407556,0.5699786055430134,59,118,0,974.9210048509754,35257.0,6494,28763.0,0.14327176781002637,0.22173818929595757,24,659.9210048509754,315.0,8,11,False,{},{},{},{},0.0,0.0,0.0,0.0,0.0,0.0,0.0,0.0,0.0,0.0,0.0,0.0,0.0,0.0,Leave Event,0.0,"{'node_level': {}, 'link_level': {}, 'path_level': {}}","{'node_level': {}, 'link_level': {}, 'path_level': {}}","{'node_level': {}, 'link_level': {}, 'path_level': {}}",[],0.0,0.0,True,True,False,0,[],0,0.0,,,,,
77,43,19,10179.0,18063.0,6388470.00123026,11242107.64089015,0.5635276532137519,0.5682626608193926,59,119,1,988.0,35140.0,6469,28671.0,0.14656992084432718,0.22422750148817572,76,1032.2856744871228,988.0,2,1,True,"{0: np.int64(26), 1: np.int64(32)}","{(0, 1): [(np.int64(26), 27), (27, 7), (7, 34), (34, np.int64(32))]}","{(0, np.int64(26)): {'cpu': 13}, (1, np.int64(32)): {'cpu': 12}}","{((0, 1), (np.int64(26), 27)): {'bw': 23.0}, ((0, 1), (27, 7)): {'bw': 23.0}, ((0, 1), (7, 34)): {'bw': 23.0}, ((0, 1), (34, np.int64(32))): {'bw': 23.0}}",117.0,48.0,48.0,25.0,23.0,25.0,23.0,25.0,92.0,69.0,0.41025641025641024,120777.42391499337,49549.712375381896,423.50181517420424,Success,0.0,"{'node_level': {}, 'link_level': {}, 'path_level': {}}","{'node_level': {0: {'cpu': -76}, 1: {'cpu': -50}}, 'link_level': {}, 'path_level': {}}","{'node_level': {0: {'cpu': 0}, 1: {'cpu': 0}}, 'link_level': {}, 'path_level': {}}",[],0.0,0.0,True,True,False,0,[],0,0.0,"OrderedDict([((0, 1), 0)])",0.0,0.0,2.0,1.0
78,43,19,10179.0,18063.0,6388470.00123026,11242107.64089015,0.5635276532137519,0.5682626608193926,59,120,1,1002.0,35140.0,6469,28671.0,0.14656992084432718,0.22422750148817572,77,331.8463919870343,1002.0,10,23,False,"{8: np.int64(43), 4: np.int64(65), 9: np.int64(20), 5: np.int64(38), 1: np.int64(26), 2: np.int64(31), 0: np.int64(90), 6: np.int64(18), 7: np.int64(68), 3: np.int64(84)}","{(4, 6): [(np.int64(65), 35), (35, np.int64(18))], (0, 9): [(np.int64(90), 81), (81, np.int64(20))], (5, 6): [(np.int64(38), 18)], (1, 8): [(np.int64(26), 29), (29, np.int64(43))], (2, 5): [(np.int64(31), 38)], (1, 9): [(np.int64(26), 20)], (2, 3): [(np.int64(31), 40), (40, np.int64(84))], (2, 4): [(np.int64(31), 23), (23, 63), (63, np.int64(65))]}","{(8, np.int64(43)): {'cpu': 16}, (4, np.int64(65)): {'cpu': 9}, (9, np.int64(20)): {'cpu': 7}, (5, np.int64(38)): {'cpu': 8}, (1, np.int64(26)): {'cpu': 8}, (2, np.int64(31)): {'cpu': 4}, (0, np.int64(90)): {'cpu': 11}, (6, np.int64(18)): {'cpu': 4}, (7, np.int64(68)): {'cpu': 9}, (3, np.int64(84)): {'cpu': 2}}","{((4, 6), (np.int64(65), 35)): {'bw': 48.0}, ((4, 6), (35, np.int64(18))): {'bw': 48.0}, ((0, 9), (np.int64(90), 81)): {'bw': 48.0}, ((0, 9), (81, np.int64(20))): {'bw': 48.0}, ((5, 6), (np.int64(38), 18)): {'bw': 43.0}, ((1, 8), (np.int64(26), 29)): {'bw': 43.0}, ((1, 8), (29, np.int64(43))): {'bw': 43.0}, ((2, 5), (np.int64(31), 38)): {'bw': 39.0}, ((1, 9), (np.int64(26), 20)): {'bw': 37.0}, ((2, 3), (np.int64(31), 40)): {'bw': 40.0}, ((2, 3), (40, np.int64(84))): {'bw': 40.0}, ((2, 4), (np.int64(31), 23)): {'bw': 41.0}, ((2, 4), (23, 63)): {'bw': 41.0}, ((2, 4), (63, np.int64(65))): {'bw': 41.0}}",0.0,0.0,770.0,78.0,692.0,0.0,0.0,0.0,0.0,0.0,0.0,0.0,0.0,0.0,Route Failure,0.0,"{'node_level': {}, 'link_level': {}, 'path_level': {}}","{'node_level': {8: {'cpu': -84}, 4: {'cpu': -78}, 9: {'cpu': -78}, 5: {'cpu': -69}, 1: {'cpu': -68}, 2: {'cpu': -34}, 0: {'cpu': -45}, 6: {'cpu': -45}, 7: {'cpu': -91}, 3: {'cpu': -65}}, 'link_level': {}, 'path_level': {}}","{'node_level': {8: {'cpu': 0}, 4: {'cpu': 0}, 9: {'cpu': 0}, 5: {'cpu': 0}, 1: {'cpu': 0}, 2: {'cpu': 0}, 0: {'cpu': 0}, 6: {'cpu': 0}, 7: {'cpu': 0}, 3: {'cpu': 0}}, 'link_level': {}, 'path_level': {}}",[],0.0,0.0,True,False,False,0,[],0,0.0,"OrderedDict([((4, 6), 0), ((0, 9), 0), ((5, 6), 0), ((1, 8), 0), ((2, 5), 0), ((1, 9), 0), ((2, 3), 0), ((2, 4), 0)])",3.0,0.0,10.0,8.0
79,44,20,10555.0,18805.0,6644533.339120426,11747424.121513829,0.5612868917841,0.5656161955497849,59,121,1,1011.0,34398.0,6402,27996.0,0.15540897097625328,0.24249147681151573,78,681.0195156653356,1011.0,8,16,True,"{5: np.int64(43), 7: np.int64(65), 6: np.int64(38), 3: np.int64(31), 2: np.int64(20), 0: np.int64(95), 4: np.int64(84), 1: np.int64(2)}","{(0, 6): [(np.int64(95), 40), (40, 31), (31, np.int64(38))], (1, 7): [(np.int64(2), 65)], (0, 1): [(np.int64(95), 65), (65, np.int64(2))], (4, 5): [(np.int64(84), 89), (89, 28), (28, np.int64(43))], (3, 6): [(np.int64(31), 38)], (5, 6): [(np.int64(43), 15), (15, np.int64(38))], (1, 2): [(np.int64(2), 26), (26, np.int64(20))], (0, 4): [(np.int64(95), 40), (40, np.int64(84))], (3, 5): [(np.int64(31), 42), (42, 15), (15, np.int64(43))], (5, 7): [(np.int64(43), 28), (28, 63), (63, np.int64(65))], (0, 7): [(np.int64(95), 65)], (3, 7): [(np.int64(31), 40), (40, 63), (63, np.int64(65))], (0, 5): [(np.int64(95), 30), (30, 69), (69, np.int64(43))], (0, 3): [(np.int64(95), 40), (40, np.int64(31))], (2, 4): [(np.int64(20), 53), (53, 45), (45, np.int64(84))], (2, 5): [(np.int64(20), 81), (81, 83), (83, np.int64(43))]}","{(5, np.int64(43)): {'cpu': 14}, (7, np.int64(65)): {'cpu': 12}, (6, np.int64(38)): {'cpu': 8}, (3, np.int64(31)): {'cpu': 8}, (2, np.int64(20)): {'cpu': 14}, (0, np.int64(95)): {'cpu': 3}, (4, np.int64(84)): {'cpu': 5}, (1, np.int64(2)): {'cpu': 3}}","{((0, 6), (np.int64(95), 40)): {'bw': 38.0}, ((0, 6), (40, 31)): {'bw': 38.0}, ((0, 6), (31, np.int64(38))): {'bw': 38.0}, ((1, 7), (np.int64(2), 65)): {'bw': 33.0}, ((0, 1), (np.int64(95), 65)): {'bw': 31.0}, ((0, 1), (65, np.int64(2))): {'bw': 31.0}, ((4, 5), (np.int64(84), 89)): {'bw': 31.0}, ((4, 5), (89, 28)): {'bw': 31.0}, ((4, 5), (28, np.int64(43))): {'bw': 31.0}, ((3, 6), (np.int64(31), 38)): {'bw': 28.0}, ((5, 6), (np.int64(43), 15)): {'bw': 26.0}, ((5, 6), (15, np.int64(38))): {'bw': 26.0}, ((1, 2), (np.int64(2), 26)): {'bw': 22.0}, ((1, 2), (26, np.int64(20))): {'bw': 22.0}, ((0, 4), (np.int64(95), 40)): {'bw': 19.0}, ((0, 4), (40, np.int64(84))): {'bw': 19.0}, ((3, 5), (np.int64(31), 42)): {'bw': 19.0}, ((3, 5), (42, 15)): {'bw': 19.0}, ((3, 5), (15, np.int64(43))): {'bw': 19.0}, ((5, 7), (np.int64(43), 28)): {'bw': 17.0}, ((5, 7), (28, 63)): {'bw': 17.0}, ((5, 7), (63, np.int64(65))): {'bw': 17.0}, ((0, 7), (np.int64(95), 65)): {'bw': 13.0}, ((3, 7), (np.int64(31), 40)): {'bw': 14.0}, ((3, 7), (40, 63)): {'bw': 14.0}, ((3, 7), (63, np.int64(65))): {'bw': 14.0}, ((0, 5), (np.int64(95), 30)): {'bw': 5.0}, ((0, 5), (30, 69)): {'bw': 5.0}, ((0, 5), (69, np.int64(43))): {'bw': 5.0}, ((0, 3), (np.int64(95), 40)): {'bw': 6.0}, ((0, 3), (40, np.int64(31))): {'bw': 6.0}, ((2, 4), (np.int64(20), 53)): {'bw': 4.0}, ((2, 4), (53, 45)): {'bw': 4.0}, ((2, 4), (45, np.int64(84))): {'bw': 4.0}, ((2, 5), (np.int64(20), 81)): {'bw': 3.0}, ((2, 5), (81, 83)): {'bw': 3.0}, ((2, 5), (83, np.int64(43))): {'bw': 3.0}}",742.0,376.0,376.0,67.0,309.0,67.0,309.0,67.0,675.0,366.0,0.5067385444743935,505316.480623679,256063.33789016618,345.09883812690856,Success,0.0,"{'node_level': {}, 'link_level': {}, 'path_level': {}}","{'node_level': {5: {'cpu': -86}, 7: {'cpu': -75}, 6: {'cpu': -69}, 3: {'cpu': -30}, 2: {'cpu': -71}, 0: {'cpu': -55}, 4: {'cpu': -62}, 1: {'cpu': -72}}, 'link_level': {}, 'path_level': {}}","{'node_level': {5: {'cpu': 0}, 7: {'cpu': 0}, 6: {'cpu': 0}, 3: {'cpu': 0}, 2: {'cpu': 0}, 0: {'cpu': 0}, 4: {'cpu': 0}, 1: {'cpu': 0}}, 'link_level': {}, 'path_level': {}}",[],0.0,0.0,True,True,False,0,[],0,0.0,"OrderedDict([((0, 6), 0), ((1, 7), 0), ((0, 1), 0), ((4, 5), 0), ((3, 6), 0), ((5, 6), 0), ((1, 2), 0), ((0, 4), 0), ((3, 5), 0), ((5, 7), 0), ((0, 7), 0), ((3, 7), 0), ((0, 5), 0), ((0, 3), 0), ((2, 4), 0), ((2, 5), 0)])",2.0,0.0,8.0,16.0
80,44,20,10555.0,18805.0,6644533.339120426,11747424.121513829,0.5612868917841,0.5656161955497849,59,122,1,1028.0,34398.0,6402,27996.0,0.15540897097625328,0.24249147681151573,79,701.579790134343,1028.0,7,16,False,"{2: np.int64(90), 1: np.int64(26), 6: np.int64(68), 5: np.int64(13), 4: np.int64(49)}",{},"{(2, np.int64(90)): {'cpu': 18}, (1, np.int64(26)): {'cpu': 17}, (6, np.int64(68)): {'cpu': 19}, (5, np.int64(13)): {'cpu': 16}, (4, np.int64(49)): {'cpu': 19}}",{},0.0,0.0,567.0,97.0,470.0,0.0,0.0,0.0,0.0,0.0,0.0,0.0,0.0,0.0,Place Failure,0.0,"{'node_level': {}, 'link_level': {}, 'path_level': {}}","{'node_level': {2: {'cpu': -38}, 1: {'cpu': -59}, 6: {'cpu': -81}, 5: {'cpu': -30}, 4: {'cpu': -65}}, 'link_level': {}, 'path_level': {}}","{'node_level': {2: {'cpu': 0}, 1: {'cpu': 0}, 6: {'cpu': 0}, 5: {'cpu': 0}, 4: {'cpu': 0}}, 'link_level': {}, 'path_level': {}}",[],0.0,0.0,False,True,False,0,[],0,0.0,,,,5.0,0.0
80,44,20,10555.0,18805.0,6644533.339120426,11747424.121513829,0.5612868917841,0.5656161955497849,59,123,0,1038.2900913192839,34398.0,6402,27996.0,0.15540897097625328,0.24249147681151573,17,800.290091319284,238.0,9,14,False,{},{},{},{},0.0,0.0,0.0,0.0,0.0,0.0,0.0,0.0,0.0,0.0,0.0,0.0,0.0,0.0,Leave Event,0.0,"{'node_level': {}, 'link_level': {}, 'path_level': {}}","{'node_level': {}, 'link_level': {}, 'path_level': {}}","{'node_level': {}, 'link_level': {}, 'path_level': {}}",[],0.0,0.0,True,True,False,0,[],0,0.0,,,,,
81,45,21,10666.0,19011.0,6666239.038220669,11787706.77029446,0.5610436063331755,0.5655246748264798,59,124,1,1040.0,34192.0,6362,27830.0,0.1606860158311345,0.24698306185399643,80,195.54683874092328,1040.0,3,2,True,"{0: np.int64(90), 2: np.int64(26), 1: np.int64(83)}","{(0, 1): [(np.int64(90), 7), (7, np.int64(83))], (1, 2): [(np.int64(83), 81), (81, 20), (20, np.int64(26))]}","{(0, np.int64(90)): {'cpu': 18}, (2, np.int64(26)): {'cpu': 18}, (1, np.int64(83)): {'cpu': 4}}","{((0, 1), (np.int64(90), 7)): {'bw': 47.0}, ((0, 1), (7, np.int64(83))): {'bw': 47.0}, ((1, 2), (np.int64(83), 81)): {'bw': 24.0}, ((1, 2), (81, 20)): {'bw': 24.0}, ((1, 2), (20, np.int64(26))): {'bw': 24.0}}",206.0,111.0,111.0,40.0,71.0,40.0,71.0,40.0,166.0,95.0,0.5388349514563107,40282.648780630196,21705.699100242484,105.3674713604004,Success,0.0,"{'node_level': {}, 'link_level': {}, 'path_level': {}}","{'node_level': {0: {'cpu': -38}, 2: {'cpu': -58}, 1: {'cpu': -61}}, 'link_level': {}, 'path_level': {}}","{'node_level': {0: {'cpu': 0}, 2: {'cpu': 0}, 1: {'cpu': 0}}, 'link_level': {}, 'path_level': {}}",[],0.0,0.0,True,True,False,0,[],0,0.0,"OrderedDict([((0, 1), 0), ((1, 2), 0)])",0.0,0.0,3.0,2.0
81,45,20,10666.0,19011.0,6666239.038220669,11787706.77029446,0.5610436063331755,0.5655246748264798,59,125,0,1046.079846331857,34755.0,6414,28341.0,0.15382585751978894,0.23315655609069752,16,823.0798463318571,223.0,5,8,False,{},{},{},{},0.0,0.0,0.0,0.0,0.0,0.0,0.0,0.0,0.0,0.0,0.0,0.0,0.0,0.0,Leave Event,0.0,"{'node_level': {}, 'link_level': {}, 'path_level': {}}","{'node_level': {}, 'link_level': {}, 'path_level': {}}","{'node_level': {}, 'link_level': {}, 'path_level': {}}",[],0.0,0.0,True,True,False,0,[],0,0.0,,,,,
82,45,20,10666.0,19011.0,6666239.038220669,11787706.77029446,0.5610436063331755,0.5655246748264798,59,126,1,1050.0,34755.0,6414,28341.0,0.15382585751978894,0.23315655609069752,81,664.6761709178094,1050.0,9,18,False,"{7: np.int64(8), 2: np.int64(25), 5: np.int64(49), 1: np.int64(3), 3: np.int64(83), 4: np.int64(37), 6: np.int64(41), 0: np.int64(72), 8: np.int64(18)}","{(4, 5): [(np.int64(37), 3), (3, np.int64(49))], (4, 8): [(np.int64(37), 45), (45, 38), (38, np.int64(18))], (2, 4): [(np.int64(25), 37)], (0, 3): [(np.int64(72), 83)], (1, 5): [(np.int64(3), 72), (72, 98), (98, np.int64(49))], (6, 7): [(np.int64(41), 8)], (3, 8): [(np.int64(83), 28), (28, 8), (8, 23), (23, np.int64(18))], (4, 7): [(np.int64(37), 8)], (0, 7): [(np.int64(72), 83), (83, 28), (28, np.int64(8))]}","{(7, np.int64(8)): {'cpu': 19}, (2, np.int64(25)): {'cpu': 19}, (5, np.int64(49)): {'cpu': 11, 'nic_slots': 1}, (1, np.int64(3)): {'cpu': 14, 'nic_slots': 1}, (3, np.int64(83)): {'cpu': 13}, (4, np.int64(37)): {'cpu': 5}, (6, np.int64(41)): {'cpu': 3}, (0, np.int64(72)): {'cpu': 2}, (8, np.int64(18)): {'cpu': 1}}","{((4, 5), (np.int64(37), 3)): {'bw': 48.0}, ((4, 5), (3, np.int64(49))): {'bw': 48.0}, ((4, 8), (np.int64(37), 45)): {'bw': 44.0}, ((4, 8), (45, 38)): {'bw': 44.0}, ((4, 8), (38, np.int64(18))): {'bw': 44.0}, ((2, 4), (np.int64(25), 37)): {'bw': 44.0}, ((0, 3), (np.int64(72), 83)): {'bw': 44.0}, ((1, 5), (np.int64(3), 72)): {'bw': 39.0}, ((1, 5), (72, 98)): {'bw': 39.0}, ((1, 5), (98, np.int64(49))): {'bw': 39.0}, ((6, 7), (np.int64(41), 8)): {'bw': 42.0}, ((3, 8), (np.int64(83), 28)): {'bw': 36.0}, ((3, 8), (28, 8)): {'bw': 36.0}, ((3, 8), (8, 23)): {'bw': 36.0}, ((3, 8), (23, np.int64(18))): {'bw': 36.0}, ((4, 7), (np.int64(37), 8)): {'bw': 31.0}, ((0, 7), (np.int64(72), 83)): {'bw': 22.0}, ((0, 7), (83, 28)): {'bw': 22.0}, ((0, 7), (28, np.int64(8))): {'bw': 22.0}}",0.0,0.0,558.0,87.0,471.0,0.0,0.0,0.0,0.0,0.0,0.0,0.0,0.0,0.0,Route Failure,0.0,"{'node_level': {}, 'link_level': {}, 'path_level': {}}","{'node_level': {7: {'cpu': -68}, 2: {'cpu': -70}, 5: {'cpu': -73}, 1: {'cpu': -44}, 3: {'cpu': -48}, 4: {'cpu': -47}, 6: {'cpu': -69}, 0: {'cpu': -76}, 8: {'cpu': -54}}, 'link_level': {}, 'path_level': {}}","{'node_level': {7: {'cpu': 0}, 2: {'cpu': 0}, 5: {'cpu': 0}, 1: {'cpu': 0}, 3: {'cpu': 0}, 4: {'cpu': 0}, 6: {'cpu': 0}, 0: {'cpu': 0}, 8: {'cpu': 0}}, 'link_level': {}, 'path_level': {}}",[],0.0,0.0,True,False,False,0,[],0,0.0,"OrderedDict([((4, 5), 0), ((4, 8), 0), ((2, 4), 0), ((0, 3), 0), ((1, 5), 1), ((6, 7), 0), ((3, 8), 0), ((4, 7), 0), ((0, 7), 0)])",0.0,1.0,9.0,9.0
82,45,20,10666.0,19011.0,6666239.038220669,11787706.77029446,0.5610436063331755,0.5655246748264798,59,127,0,1051.6284572803029,34755.0,6414,28341.0,0.15382585751978894,0.23315655609069752,61,247.62845728030277,804.0,7,8,False,{},{},{},{},0.0,0.0,0.0,0.0,0.0,0.0,0.0,0.0,0.0,0.0,0.0,0.0,0.0,0.0,Leave Event,0.0,"{'node_level': {}, 'link_level': {}, 'path_level': {}}","{'node_level': {}, 'link_level': {}, 'path_level': {}}","{'node_level': {}, 'link_level': {}, 'path_level': {}}",[],0.0,0.0,True,True,False,0,[],0,0.0,,,,,
82,45,20,10666.0,19011.0,6666239.038220669,11787706.77029446,0.5610436063331755,0.5655246748264798,59,128,0,1052.5978755213885,34755.0,6414,28341.0,0.15382585751978894,0.23315655609069752,69,157.59787552138852,895.0,10,23,False,{},{},{},{},0.0,0.0,0.0,0.0,0.0,0.0,0.0,0.0,0.0,0.0,0.0,0.0,0.0,0.0,Leave Event,0.0,"{'node_level': {}, 'link_level': {}, 'path_level': {}}","{'node_level': {}, 'link_level': {}, 'path_level': {}}","{'node_level': {}, 'link_level': {}, 'path_level': {}}",[],0.0,0.0,True,True,False,0,[],0,0.0,,,,,
83,45,20,10666.0,19011.0,6666239.038220669,11787706.77029446,0.5610436063331755,0.5655246748264798,59,129,1,1063.0,34755.0,6414,28341.0,0.15382585751978894,0.23315655609069752,82,102.64551389079678,1063.0,6,10,False,"{1: np.int64(8), 4: np.int64(25), 0: np.int64(3), 5: np.int64(37), 3: np.int64(83)}",{},"{(1, np.int64(8)): {'cpu': 13}, (4, np.int64(25)): {'cpu': 18}, (0, np.int64(3)): {'cpu': 9}, (5, np.int64(37)): {'cpu': 13}, (3, np.int64(83)): {'cpu': 9}}",{},0.0,0.0,333.0,66.0,267.0,0.0,0.0,0.0,0.0,0.0,0.0,0.0,0.0,0.0,Place Failure,0.0,"{'node_level': {}, 'link_level': {}, 'path_level': {}}","{'node_level': {1: {'cpu': -74}, 4: {'cpu': -71}, 0: {'cpu': -49}, 5: {'cpu': -39}, 3: {'cpu': -52}}, 'link_level': {}, 'path_level': {}}","{'node_level': {1: {'cpu': 0}, 4: {'cpu': 0}, 0: {'cpu': 0}, 5: {'cpu': 0}, 3: {'cpu': 0}}, 'link_level': {}, 'path_level': {}}",[],0.0,0.0,False,True,False,0,[],0,0.0,,,,5.0,0.0
83,45,19,10666.0,19011.0,6666239.038220669,11787706.77029446,0.5610436063331755,0.5655246748264798,59,130,0,1073.7706794749522,35860.0,6506,29354.0,0.14168865435356204,0.2057470642350776,65,221.77067947495215,852.0,9,15,False,{},{},{},{},0.0,0.0,0.0,0.0,0.0,0.0,0.0,0.0,0.0,0.0,0.0,0.0,0.0,0.0,Leave Event,0.0,"{'node_level': {}, 'link_level': {}, 'path_level': {}}","{'node_level': {}, 'link_level': {}, 'path_level': {}}","{'node_level': {}, 'link_level': {}, 'path_level': {}}",[],0.0,0.0,True,True,False,0,[],0,0.0,,,,,
84,45,19,10666.0,19011.0,6666239.038220669,11787706.77029446,0.5610436063331755,0.5655246748264798,59,131,1,1081.0,35860.0,6506,29354.0,0.14168865435356204,0.2057470642350776,83,70.83464121039924,1081.0,5,7,False,"{3: np.int64(37), 2: np.int64(8), 4: np.int64(90), 0: np.int64(23), 1: np.int64(94)}","{(1, 3): [(np.int64(94), 60), (60, 90), (90, np.int64(37))], (0, 2): [(np.int64(23), 8)]}","{(3, np.int64(37)): {'cpu': 20}, (2, np.int64(8)): {'cpu': 14}, (4, np.int64(90)): {'cpu': 15}, (0, np.int64(23)): {'cpu': 11}, (1, np.int64(94)): {'cpu': 14}}","{((1, 3), (np.int64(94), 60)): {'bw': 50.0}, ((1, 3), (60, 90)): {'bw': 50.0}, ((1, 3), (90, np.int64(37))): {'bw': 50.0}, ((0, 2), (np.int64(23), 8)): {'bw': 44.0}}",0.0,0.0,312.0,74.0,238.0,0.0,0.0,0.0,0.0,0.0,0.0,0.0,0.0,0.0,Route Failure,0.0,"{'node_level': {}, 'link_level': {}, 'path_level': {}}","{'node_level': {3: {'cpu': -49}, 2: {'cpu': -73}, 4: {'cpu': -39}, 0: {'cpu': -43}, 1: {'cpu': -73}}, 'link_level': {}, 'path_level': {}}","{'node_level': {3: {'cpu': 0}, 2: {'cpu': 0}, 4: {'cpu': 0}, 0: {'cpu': 0}, 1: {'cpu': 0}}, 'link_level': {}, 'path_level': {}}",[],0.0,0.0,True,False,False,0,[],0,0.0,"OrderedDict([((1, 3), 0), ((0, 2), 0)])",0.0,0.0,5.0,2.0
85,46,20,11185.0,19926.0,6668839.73685677,11792291.817022845,0.561326909565392,0.5655253313210855,59,132,1,1089.0,34945.0,6414,28531.0,0.15382585751978894,0.2280155852589426,84,5.010980031022644,1089.0,8,13,True,"{6: np.int64(37), 4: np.int64(8), 2: np.int64(90), 0: np.int64(23), 1: np.int64(94), 3: np.int64(61), 5: np.int64(41), 7: np.int64(60)}","{(0, 5): [(np.int64(23), 91), (91, np.int64(41))], (0, 2): [(np.int64(23), 30), (30, np.int64(90))], (2, 4): [(np.int64(90), 37), (37, np.int64(8))], (3, 6): [(np.int64(61), 29), (29, np.int64(37))], (5, 6): [(np.int64(41), 8), (8, np.int64(37))], (0, 3): [(np.int64(23), 68), (68, 53), (53, np.int64(61))], (0, 4): [(np.int64(23), 8)], (2, 7): [(np.int64(90), 60)], (1, 3): [(np.int64(94), 61)], (3, 5): [(np.int64(61), 45), (45, 37), (37, np.int64(41))], (0, 1): [(np.int64(23), 3), (3, 36), (36, np.int64(94))], (1, 7): [(np.int64(94), 60)], (2, 5): [(np.int64(90), 37), (37, np.int64(41))]}","{(6, np.int64(37)): {'cpu': 20}, (4, np.int64(8)): {'cpu': 19}, (2, np.int64(90)): {'cpu': 12}, (0, np.int64(23)): {'cpu': 6}, (1, np.int64(94)): {'cpu': 17, 'nic_slots': 1}, (3, np.int64(61)): {'cpu': 6}, (5, np.int64(41)): {'cpu': 7}, (7, np.int64(60)): {'cpu': 5, 'nic_slots': 1}}","{((0, 5), (np.int64(23), 91)): {'bw': 50.0}, ((0, 5), (91, np.int64(41))): {'bw': 50.0}, ((0, 2), (np.int64(23), 30)): {'bw': 47.0}, ((0, 2), (30, np.int64(90))): {'bw': 47.0}, ((2, 4), (np.int64(90), 37)): {'bw': 45.0}, ((2, 4), (37, np.int64(8))): {'bw': 45.0}, ((3, 6), (np.int64(61), 29)): {'bw': 47.0}, ((3, 6), (29, np.int64(37))): {'bw': 47.0}, ((5, 6), (np.int64(41), 8)): {'bw': 42.0}, ((5, 6), (8, np.int64(37))): {'bw': 42.0}, ((0, 3), (np.int64(23), 68)): {'bw': 43.0}, ((0, 3), (68, 53)): {'bw': 43.0}, ((0, 3), (53, np.int64(61))): {'bw': 43.0}, ((0, 4), (np.int64(23), 8)): {'bw': 42.0}, ((2, 7), (np.int64(90), 60)): {'bw': 28.0}, ((1, 3), (np.int64(94), 61)): {'bw': 28.0}, ((3, 5), (np.int64(61), 45)): {'bw': 21.0}, ((3, 5), (45, 37)): {'bw': 21.0}, ((3, 5), (37, np.int64(41))): {'bw': 21.0}, ((0, 1), (np.int64(23), 3)): {'bw': 18.0}, ((0, 1), (3, 36)): {'bw': 18.0}, ((0, 1), (36, np.int64(94))): {'bw': 18.0}, ((1, 7), (np.int64(94), 60)): {'bw': 15.0}, ((2, 5), (np.int64(90), 37)): {'bw': 1.0}, ((2, 5), (37, np.int64(41))): {'bw': 1.0}}",915.0,519.0,519.0,92.0,427.0,92.0,427.0,92.0,823.0,396.0,0.5672131147540984,4585.04672838572,2600.698636100752,2.8422935913669427,Success,0.0,"{'node_level': {}, 'link_level': {}, 'path_level': {}}","{'node_level': {6: {'cpu': -49}, 4: {'cpu': -68}, 2: {'cpu': -42}, 0: {'cpu': -48}, 1: {'cpu': -70}, 3: {'cpu': -37}, 5: {'cpu': -75}, 7: {'cpu': -38}}, 'link_level': {}, 'path_level': {}}","{'node_level': {6: {'cpu': 0}, 4: {'cpu': 0}, 2: {'cpu': 0}, 0: {'cpu': 0}, 1: {'cpu': 0}, 3: {'cpu': 0}, 5: {'cpu': 0}, 7: {'cpu': 0}}, 'link_level': {}, 'path_level': {}}",[],0.0,0.0,True,True,False,0,[],0,0.0,"OrderedDict([((0, 5), 0), ((0, 2), 0), ((2, 4), 0), ((3, 6), 0), ((5, 6), 0), ((0, 3), 0), ((0, 4), 0), ((2, 7), 0), ((1, 3), 0), ((3, 5), 0), ((0, 1), 0), ((1, 7), 1), ((2, 5), 0)])",1.0,1.0,8.0,13.0
85,46,19,11185.0,19926.0,6668839.73685677,11792291.817022845,0.561326909565392,0.5655253313210855,59,133,0,1094.0109800310227,35860.0,6506,29354.0,0.14168865435356204,0.2057470642350776,84,5.010980031022644,1089.0,8,13,False,{},{},{},{},0.0,0.0,0.0,0.0,0.0,0.0,0.0,0.0,0.0,0.0,0.0,0.0,0.0,0.0,Leave Event,0.0,"{'node_level': {}, 'link_level': {}, 'path_level': {}}","{'node_level': {}, 'link_level': {}, 'path_level': {}}","{'node_level': {}, 'link_level': {}, 'path_level': {}}",[],0.0,0.0,True,True,False,0,[],0,0.0,,,,,
86,47,20,11263.0,20004.0,6687047.831361191,11810499.911527267,0.5630373925214956,0.5661951552816582,59,134,1,1104.0,35782.0,6472,29310.0,0.1461741424802111,0.20693760484874724,85,233.43710903104574,1104.0,3,2,True,"{1: np.int64(37), 2: np.int64(8), 0: np.int64(90)}","{(0, 1): [(np.int64(90), 37)], (1, 2): [(np.int64(37), 8)]}","{(1, np.int64(37)): {'cpu': 13}, (2, np.int64(8)): {'cpu': 19}, (0, np.int64(90)): {'cpu': 2}}","{((0, 1), (np.int64(90), 37)): {'bw': 31.0}, ((1, 2), (np.int64(37), 8)): {'bw': 13.0}}",78.0,78.0,78.0,34.0,44.0,34.0,44.0,34.0,44.0,0.0,1.0,18208.094504421566,18208.094504421566,233.43710903104574,Success,0.0,"{'node_level': {}, 'link_level': {}, 'path_level': {}}","{'node_level': {1: {'cpu': -56}, 2: {'cpu': -68}, 0: {'cpu': -52}}, 'link_level': {}, 'path_level': {}}","{'node_level': {1: {'cpu': 0}, 2: {'cpu': 0}, 0: {'cpu': 0}}, 'link_level': {}, 'path_level': {}}",[],0.0,0.0,True,True,False,0,[],0,0.0,"OrderedDict([((0, 1), 0), ((1, 2), 0)])",0.0,0.0,3.0,2.0
87,47,20,11263.0,20004.0,6687047.831361191,11810499.911527267,0.5630373925214956,0.5661951552816582,59,135,1,1113.0,35782.0,6472,29310.0,0.1461741424802111,0.20693760484874724,86,5.4298387990952435,1113.0,6,9,False,"{4: np.int64(94), 2: np.int64(25), 3: np.int64(49)}",{},"{(4, np.int64(94)): {'cpu': 17}, (2, np.int64(25)): {'cpu': 10}, (3, np.int64(49)): {'cpu': 7}}",{},0.0,0.0,306.0,42.0,264.0,0.0,0.0,0.0,0.0,0.0,0.0,0.0,0.0,0.0,Place Failure,0.0,"{'node_level': {}, 'link_level': {}, 'path_level': {}}","{'node_level': {4: {'cpu': -70}, 2: {'cpu': -79}, 3: {'cpu': -77}}, 'link_level': {}, 'path_level': {}}","{'node_level': {4: {'cpu': 0}, 2: {'cpu': 0}, 3: {'cpu': 0}}, 'link_level': {}, 'path_level': {}}",[],0.0,0.0,False,True,False,0,[],0,0.0,,,,3.0,0.0
87,47,20,11263.0,20004.0,6687047.831361191,11810499.911527267,0.5630373925214956,0.5661951552816582,59,136,0,1118.4298387990953,35782.0,6472,29310.0,0.1461741424802111,0.20693760484874724,86,5.4298387990952435,1113.0,6,9,False,{},{},{},{},0.0,0.0,0.0,0.0,0.0,0.0,0.0,0.0,0.0,0.0,0.0,0.0,0.0,0.0,Leave Event,0.0,"{'node_level': {}, 'link_level': {}, 'path_level': {}}","{'node_level': {}, 'link_level': {}, 'path_level': {}}","{'node_level': {}, 'link_level': {}, 'path_level': {}}",[],0.0,0.0,True,True,False,0,[],0,0.0,,,,,
88,48,21,11314.0,20129.0,6735164.263583273,11928432.343444133,0.5620746187093248,0.5646311325465093,59,137,1,1123.0,35657.0,6458,29199.0,0.1480211081794195,0.2099410141241409,87,943.4594553349367,1123.0,2,1,True,"{0: np.int64(94), 1: np.int64(25)}","{(0, 1): [(np.int64(94), 81), (81, 49), (49, np.int64(25))]}","{(0, np.int64(94)): {'cpu': 12}, (1, np.int64(25)): {'cpu': 2}}","{((0, 1), (np.int64(94), 81)): {'bw': 37.0}, ((0, 1), (81, 49)): {'bw': 37.0}, ((0, 1), (49, np.int64(25))): {'bw': 37.0}}",125.0,51.0,51.0,14.0,37.0,14.0,37.0,14.0,111.0,74.0,0.408,117932.43191686709,48116.43222208177,384.93145777665416,Success,0.0,"{'node_level': {}, 'link_level': {}, 'path_level': {}}","{'node_level': {0: {'cpu': -75}, 1: {'cpu': -87}}, 'link_level': {}, 'path_level': {}}","{'node_level': {0: {'cpu': 0}, 1: {'cpu': 0}}, 'link_level': {}, 'path_level': {}}",[],0.0,0.0,True,True,False,0,[],0,0.0,"OrderedDict([((0, 1), 0)])",0.0,0.0,2.0,1.0
88,48,20,11314.0,20129.0,6735164.263583273,11928432.343444133,0.5620746187093248,0.5646311325465093,59,138,0,1126.8178906254595,37101.0,6563,30538.0,0.13416886543535622,0.1737106986308783,4,1056.8178906254595,70.0,10,23,False,{},{},{},{},0.0,0.0,0.0,0.0,0.0,0.0,0.0,0.0,0.0,0.0,0.0,0.0,0.0,0.0,Leave Event,0.0,"{'node_level': {}, 'link_level': {}, 'path_level': {}}","{'node_level': {}, 'link_level': {}, 'path_level': {}}","{'node_level': {}, 'link_level': {}, 'path_level': {}}",[],0.0,0.0,True,True,False,0,[],0,0.0,,,,,
89,48,20,11314.0,20129.0,6735164.263583273,11928432.343444133,0.5620746187093248,0.5646311325465093,59,139,1,1129.0,37101.0,6563,30538.0,0.13416886543535622,0.1737106986308783,88,139.3061863591895,1129.0,10,19,False,"{7: np.int64(41), 0: np.int64(61), 5: np.int64(60), 4: np.int64(11), 2: np.int64(49), 8: np.int64(37), 9: np.int64(23), 3: np.int64(29), 6: np.int64(90), 1: np.int64(39)}","{(4, 8): [(np.int64(11), 23), (23, 41), (41, np.int64(37))], (5, 6): [(np.int64(60), 90)], (8, 9): [(np.int64(37), 91), (91, np.int64(23))]}","{(7, np.int64(41)): {'cpu': 14}, (0, np.int64(61)): {'cpu': 15}, (5, np.int64(60)): {'cpu': 17}, (4, np.int64(11)): {'cpu': 14}, (2, np.int64(49)): {'cpu': 6}, (8, np.int64(37)): {'cpu': 3}, (9, np.int64(23)): {'cpu': 5}, (3, np.int64(29)): {'cpu': 7}, (6, np.int64(90)): {'cpu': 3}, (1, np.int64(39)): {'cpu': 15}}","{((4, 8), (np.int64(11), 23)): {'bw': 50.0}, ((4, 8), (23, 41)): {'bw': 50.0}, ((4, 8), (41, np.int64(37))): {'bw': 50.0}, ((5, 6), (np.int64(60), 90)): {'bw': 46.0}, ((8, 9), (np.int64(37), 91)): {'bw': 46.0}, ((8, 9), (91, np.int64(23))): {'bw': 46.0}}",0.0,0.0,572.0,99.0,473.0,0.0,0.0,0.0,0.0,0.0,0.0,0.0,0.0,0.0,Route Failure,0.0,"{'node_level': {}, 'link_level': {}, 'path_level': {}}","{'node_level': {7: {'cpu': -70}, 0: {'cpu': -46}, 5: {'cpu': -40}, 4: {'cpu': -48}, 2: {'cpu': -87}, 8: {'cpu': -53}, 9: {'cpu': -49}, 3: {'cpu': -67}, 6: {'cpu': -49}, 1: {'cpu': -27}}, 'link_level': {}, 'path_level': {}}","{'node_level': {7: {'cpu': 0}, 0: {'cpu': 0}, 5: {'cpu': 0}, 4: {'cpu': 0}, 2: {'cpu': 0}, 8: {'cpu': 0}, 9: {'cpu': 0}, 3: {'cpu': 0}, 6: {'cpu': 0}, 1: {'cpu': 0}}, 'link_level': {}, 'path_level': {}}",[],0.0,0.0,True,False,False,0,[],0,0.0,"OrderedDict([((4, 8), 0), ((5, 6), 0), ((8, 9), 0)])",1.0,0.0,10.0,3.0
90,49,21,11560.0,20652.0,6875325.157968223,12226416.683945471,0.5597520821227968,0.5623336203645197,59,140,1,1134.0,36578.0,6515,30063.0,0.14050131926121368,0.18656312571026568,89,569.7597332721556,1134.0,7,8,True,"{3: np.int64(41), 2: np.int64(61), 5: np.int64(60), 4: np.int64(11), 0: np.int64(49), 1: np.int64(29), 6: np.int64(94)}","{(4, 5): [(np.int64(11), 49), (49, np.int64(60))], (2, 3): [(np.int64(61), 45), (45, 37), (37, np.int64(41))], (3, 5): [(np.int64(41), 65), (65, 35), (35, np.int64(60))], (0, 5): [(np.int64(49), 60)], (2, 5): [(np.int64(61), 29), (29, np.int64(60))], (2, 4): [(np.int64(61), 31), (31, np.int64(11))], (1, 4): [(np.int64(29), 60), (60, 49), (49, np.int64(11))], (1, 6): [(np.int64(29), 60), (60, np.int64(94))]}","{(3, np.int64(41)): {'cpu': 15}, (2, np.int64(61)): {'cpu': 7}, (5, np.int64(60)): {'cpu': 2, 'nic_slots': 1}, (4, np.int64(11)): {'cpu': 3}, (0, np.int64(49)): {'cpu': 6, 'nic_slots': 1}, (1, np.int64(29)): {'cpu': 6}, (6, np.int64(94)): {'cpu': 9}}","{((4, 5), (np.int64(11), 49)): {'bw': 47.0}, ((4, 5), (49, np.int64(60))): {'bw': 47.0}, ((2, 3), (np.int64(61), 45)): {'bw': 47.0}, ((2, 3), (45, 37)): {'bw': 47.0}, ((2, 3), (37, np.int64(41))): {'bw': 47.0}, ((3, 5), (np.int64(41), 65)): {'bw': 43.0}, ((3, 5), (65, 35)): {'bw': 43.0}, ((3, 5), (35, np.int64(60))): {'bw': 43.0}, ((0, 5), (np.int64(49), 60)): {'bw': 19.0}, ((2, 5), (np.int64(61), 29)): {'bw': 15.0}, ((2, 5), (29, np.int64(60))): {'bw': 15.0}, ((2, 4), (np.int64(61), 31)): {'bw': 15.0}, ((2, 4), (31, np.int64(11))): {'bw': 15.0}, ((1, 4), (np.int64(29), 60)): {'bw': 8.0}, ((1, 4), (60, 49)): {'bw': 8.0}, ((1, 4), (49, np.int64(11))): {'bw': 8.0}, ((1, 6), (np.int64(29), 60)): {'bw': 4.0}, ((1, 6), (60, np.int64(94))): {'bw': 4.0}}",523.0,246.0,246.0,48.0,198.0,48.0,198.0,48.0,475.0,277.0,0.47036328871892924,297984.34050133737,140160.89438495028,267.99406192151105,Success,0.0,"{'node_level': {}, 'link_level': {}, 'path_level': {}}","{'node_level': {3: {'cpu': -69}, 2: {'cpu': -54}, 5: {'cpu': -55}, 4: {'cpu': -59}, 0: {'cpu': -87}, 1: {'cpu': -68}, 6: {'cpu': -66}}, 'link_level': {}, 'path_level': {}}","{'node_level': {3: {'cpu': 0}, 2: {'cpu': 0}, 5: {'cpu': 0}, 4: {'cpu': 0}, 0: {'cpu': 0}, 1: {'cpu': 0}, 6: {'cpu': 0}}, 'link_level': {}, 'path_level': {}}",[],0.0,0.0,True,True,False,0,[],0,0.0,"OrderedDict([((4, 5), 0), ((2, 3), 0), ((3, 5), 0), ((0, 5), 1), ((2, 5), 0), ((2, 4), 0), ((1, 4), 0), ((1, 6), 0)])",0.0,1.0,7.0,8.0
90,49,21,11560.0,20652.0,6875325.157968223,12226416.683945471,0.5597520821227968,0.5623336203645197,59,141,0,1142.6888711818872,36578.0,6515,30063.0,0.14050131926121368,0.18656312571026568,57,394.6888711818872,748.0,6,12,False,{},{},{},{},0.0,0.0,0.0,0.0,0.0,0.0,0.0,0.0,0.0,0.0,0.0,0.0,0.0,0.0,Leave Event,0.0,"{'node_level': {}, 'link_level': {}, 'path_level': {}}","{'node_level': {}, 'link_level': {}, 'path_level': {}}","{'node_level': {}, 'link_level': {}, 'path_level': {}}",[],0.0,0.0,True,True,False,0,[],0,0.0,,,,,
91,50,22,11837.0,21137.0,7031904.350761279,12500571.588294324,0.5600132469129961,0.5625266253701579,59,142,1,1144.0,36093.0,6450,29643.0,0.14907651715039583,0.19792737702256613,90,565.2678440182534,1144.0,6,7,True,"{0: np.int64(61), 4: np.int64(39), 3: np.int64(23), 2: np.int64(11), 5: np.int64(83), 1: np.int64(41)}","{(1, 4): [(np.int64(41), 39)], (2, 5): [(np.int64(11), 83)], (0, 5): [(np.int64(61), 81), (81, np.int64(83))], (0, 2): [(np.int64(61), 57), (57, 9), (9, 6), (6, np.int64(11))], (0, 3): [(np.int64(61), 29), (29, 91), (91, np.int64(23))], (2, 4): [(np.int64(11), 82), (82, np.int64(39))], (1, 3): [(np.int64(41), 23)]}","{(0, np.int64(61)): {'cpu': 19}, (4, np.int64(39)): {'cpu': 15}, (3, np.int64(23)): {'cpu': 20}, (2, np.int64(11)): {'cpu': 5}, (5, np.int64(83)): {'cpu': 4}, (1, np.int64(41)): {'cpu': 2}}","{((1, 4), (np.int64(41), 39)): {'bw': 43.0}, ((2, 5), (np.int64(11), 83)): {'bw': 37.0}, ((0, 5), (np.int64(61), 81)): {'bw': 34.0}, ((0, 5), (81, np.int64(83))): {'bw': 34.0}, ((0, 2), (np.int64(61), 57)): {'bw': 31.0}, ((0, 2), (57, 9)): {'bw': 31.0}, ((0, 2), (9, 6)): {'bw': 31.0}, ((0, 2), (6, np.int64(11))): {'bw': 31.0}, ((0, 3), (np.int64(61), 29)): {'bw': 29.0}, ((0, 3), (29, 91)): {'bw': 29.0}, ((0, 3), (91, np.int64(23))): {'bw': 29.0}, ((2, 4), (np.int64(11), 82)): {'bw': 23.0}, ((2, 4), (82, np.int64(39))): {'bw': 23.0}, ((1, 3), (np.int64(41), 23)): {'bw': 15.0}}",485.0,277.0,277.0,65.0,212.0,65.0,212.0,65.0,420.0,208.0,0.5711340206185567,274154.9043488529,156579.1927930562,322.8436964805282,Success,0.0,"{'node_level': {}, 'link_level': {}, 'path_level': {}}","{'node_level': {0: {'cpu': -35}, 4: {'cpu': -27}, 3: {'cpu': -34}, 2: {'cpu': -54}, 5: {'cpu': -57}, 1: {'cpu': -67}}, 'link_level': {}, 'path_level': {}}","{'node_level': {0: {'cpu': 0}, 4: {'cpu': 0}, 3: {'cpu': 0}, 2: {'cpu': 0}, 5: {'cpu': 0}, 1: {'cpu': 0}}, 'link_level': {}, 'path_level': {}}",[],0.0,0.0,True,True,False,0,[],0,0.0,"OrderedDict([((1, 4), 0), ((2, 5), 0), ((0, 5), 0), ((0, 2), 0), ((0, 3), 0), ((2, 4), 0), ((1, 3), 0)])",0.0,0.0,6.0,7.0
91,50,22,11837.0,21137.0,7031904.350761279,12500571.588294324,0.5600132469129961,0.5625266253701579,59,143,0,1151.8346412103992,36093.0,6450,29643.0,0.14907651715039583,0.19792737702256613,83,70.83464121039924,1081.0,5,7,False,{},{},{},{},0.0,0.0,0.0,0.0,0.0,0.0,0.0,0.0,0.0,0.0,0.0,0.0,0.0,0.0,Leave Event,0.0,"{'node_level': {}, 'link_level': {}, 'path_level': {}}","{'node_level': {}, 'link_level': {}, 'path_level': {}}","{'node_level': {}, 'link_level': {}, 'path_level': {}}",[],0.0,0.0,True,True,False,0,[],0,0.0,,,,,
92,51,23,11952.0,21346.0,7156681.880453014,12727341.185734084,0.5599175489553078,0.5623076945933412,59,144,1,1158.0,35884.0,6393,29491.0,0.15659630606860153,0.20204015368797013,91,1085.0219973194276,1158.0,4,3,True,"{0: np.int64(46), 1: np.int64(37), 2: np.int64(90), 3: np.int64(8)}","{(0, 1): [(np.int64(46), 74), (74, 81), (81, np.int64(37))], (1, 2): [(np.int64(37), 90)], (0, 3): [(np.int64(46), 45), (45, 37), (37, np.int64(8))]}","{(0, np.int64(46)): {'cpu': 20}, (1, np.int64(37)): {'cpu': 14}, (2, np.int64(90)): {'cpu': 16}, (3, np.int64(8)): {'cpu': 7}}","{((0, 1), (np.int64(46), 74)): {'bw': 37.0}, ((0, 1), (74, 81)): {'bw': 37.0}, ((0, 1), (81, np.int64(37))): {'bw': 37.0}, ((1, 2), (np.int64(37), 90)): {'bw': 11.0}, ((0, 3), (np.int64(46), 45)): {'bw': 10.0}, ((0, 3), (45, 37)): {'bw': 10.0}, ((0, 3), (37, np.int64(8))): {'bw': 10.0}}",209.0,115.0,115.0,57.0,58.0,57.0,58.0,57.0,152.0,94.0,0.5502392344497608,226769.59743976037,124777.52969173416,597.0216731661922,Success,0.0,"{'node_level': {}, 'link_level': {}, 'path_level': {}}","{'node_level': {0: {'cpu': -13}, 1: {'cpu': -42}, 2: {'cpu': -36}, 3: {'cpu': -61}}, 'link_level': {}, 'path_level': {}}","{'node_level': {0: {'cpu': 0}, 1: {'cpu': 0}, 2: {'cpu': 0}, 3: {'cpu': 0}}, 'link_level': {}, 'path_level': {}}",[],0.0,0.0,True,True,False,0,[],0,0.0,"OrderedDict([((0, 1), 0), ((1, 2), 0), ((0, 3), 0)])",0.0,0.0,4.0,3.0
92,51,23,11952.0,21346.0,7156681.880453014,12727341.185734084,0.5599175489553078,0.5623076945933412,59,145,0,1165.6455138907968,35884.0,6393,29491.0,0.15659630606860153,0.20204015368797013,82,102.64551389079678,1063.0,6,10,False,{},{},{},{},0.0,0.0,0.0,0.0,0.0,0.0,0.0,0.0,0.0,0.0,0.0,0.0,0.0,0.0,Leave Event,0.0,"{'node_level': {}, 'link_level': {}, 'path_level': {}}","{'node_level': {}, 'link_level': {}, 'path_level': {}}","{'node_level': {}, 'link_level': {}, 'path_level': {}}",[],0.0,0.0,True,True,False,0,[],0,0.0,,,,,
93,52,24,12384.0,22226.0,7192693.974896082,12800699.155895889,0.5571852785026545,0.5618985250179238,59,146,1,1174.0,35004.0,6286,28718.0,0.17071240105540897,0.2229557876508469,92,83.3613297293231,1174.0,9,14,True,"{6: np.int64(60), 8: np.int64(13), 1: np.int64(25), 0: np.int64(5), 4: np.int64(3), 3: np.int64(94), 5: np.int64(42), 2: np.int64(32), 7: np.int64(41)}","{(1, 4): [(np.int64(25), 37), (37, np.int64(3))], (5, 6): [(np.int64(42), 34), (34, 7), (7, 27), (27, np.int64(60))], (4, 8): [(np.int64(3), 24), (24, np.int64(13))], (4, 6): [(np.int64(3), 36), (36, 94), (94, np.int64(60))], (0, 5): [(np.int64(5), 42)], (0, 3): [(np.int64(5), 74), (74, np.int64(94))], (2, 8): [(np.int64(32), 31), (31, 62), (62, np.int64(13))], (4, 7): [(np.int64(3), 23), (23, np.int64(41))], (0, 7): [(np.int64(5), 74), (74, 94), (94, np.int64(41))], (2, 3): [(np.int64(32), 57), (57, 61), (61, np.int64(94))], (1, 7): [(np.int64(25), 82), (82, np.int64(41))], (4, 5): [(np.int64(3), 42)], (3, 6): [(np.int64(94), 60)], (3, 5): [(np.int64(94), 61), (61, 31), (31, np.int64(42))]}","{(6, np.int64(60)): {'cpu': 19, 'nic_slots': 1}, (8, np.int64(13)): {'cpu': 19}, (1, np.int64(25)): {'cpu': 16}, (0, np.int64(5)): {'cpu': 11, 'nic_slots': 1}, (4, np.int64(3)): {'cpu': 5, 'nic_slots': 1}, (3, np.int64(94)): {'cpu': 12, 'nic_slots': 1}, (5, np.int64(42)): {'cpu': 6}, (2, np.int64(32)): {'cpu': 17}, (7, np.int64(41)): {'cpu': 2}}","{((1, 4), (np.int64(25), 37)): {'bw': 50.0}, ((1, 4), (37, np.int64(3))): {'bw': 50.0}, ((5, 6), (np.int64(42), 34)): {'bw': 45.0}, ((5, 6), (34, 7)): {'bw': 45.0}, ((5, 6), (7, 27)): {'bw': 45.0}, ((5, 6), (27, np.int64(60))): {'bw': 45.0}, ((4, 8), (np.int64(3), 24)): {'bw': 38.0}, ((4, 8), (24, np.int64(13))): {'bw': 38.0}, ((4, 6), (np.int64(3), 36)): {'bw': 38.0}, ((4, 6), (36, 94)): {'bw': 38.0}, ((4, 6), (94, np.int64(60))): {'bw': 38.0}, ((0, 5), (np.int64(5), 42)): {'bw': 37.0}, ((0, 3), (np.int64(5), 74)): {'bw': 36.0}, ((0, 3), (74, np.int64(94))): {'bw': 36.0}, ((2, 8), (np.int64(32), 31)): {'bw': 19.0}, ((2, 8), (31, 62)): {'bw': 19.0}, ((2, 8), (62, np.int64(13))): {'bw': 19.0}, ((4, 7), (np.int64(3), 23)): {'bw': 16.0}, ((4, 7), (23, np.int64(41))): {'bw': 16.0}, ((0, 7), (np.int64(5), 74)): {'bw': 12.0}, ((0, 7), (74, 94)): {'bw': 12.0}, ((0, 7), (94, np.int64(41))): {'bw': 12.0}, ((2, 3), (np.int64(32), 57)): {'bw': 11.0}, ((2, 3), (57, 61)): {'bw': 11.0}, ((2, 3), (61, np.int64(94))): {'bw': 11.0}, ((1, 7), (np.int64(25), 82)): {'bw': 11.0}, ((1, 7), (82, np.int64(41))): {'bw': 11.0}, ((4, 5), (np.int64(3), 42)): {'bw': 7.0}, ((3, 6), (np.int64(94), 60)): {'bw': 4.0}, ((3, 5), (np.int64(94), 61)): {'bw': 1.0}, ((3, 5), (61, 31)): {'bw': 1.0}, ((3, 5), (31, np.int64(42))): {'bw': 1.0}}",880.0,432.0,432.0,107.0,325.0,107.0,325.0,107.0,773.0,448.0,0.4909090909090909,73357.97016180433,36012.09444306758,40.92283459439498,Success,0.0,"{'node_level': {}, 'link_level': {}, 'path_level': {}}","{'node_level': {6: {'cpu': -36}, 8: {'cpu': -27}, 1: {'cpu': -71}, 0: {'cpu': -82}, 4: {'cpu': -53}, 3: {'cpu': -54}, 5: {'cpu': -40}, 2: {'cpu': -33}, 7: {'cpu': -65}}, 'link_level': {}, 'path_level': {}}","{'node_level': {6: {'cpu': 0}, 8: {'cpu': 0}, 1: {'cpu': 0}, 0: {'cpu': 0}, 4: {'cpu': 0}, 3: {'cpu': 0}, 5: {'cpu': 0}, 2: {'cpu': 0}, 7: {'cpu': 0}}, 'link_level': {}, 'path_level': {}}",[],0.0,0.0,True,True,False,0,[],0,0.0,"OrderedDict([((1, 4), 0), ((5, 6), 0), ((4, 8), 0), ((4, 6), 1), ((0, 5), 0), ((0, 3), 1), ((2, 8), 0), ((4, 7), 0), ((0, 7), 0), ((2, 3), 0), ((1, 7), 0), ((4, 5), 0), ((3, 6), 0), ((3, 5), 0)])",0.0,2.0,9.0,14.0
93,52,23,12384.0,22226.0,7192693.974896082,12800699.155895889,0.5571852785026545,0.5618985250179238,59,147,0,1174.9427939113125,35614.0,6342,29272.0,0.16332453825857518,0.20796579901509826,67,298.9427939113125,876.0,6,9,False,{},{},{},{},0.0,0.0,0.0,0.0,0.0,0.0,0.0,0.0,0.0,0.0,0.0,0.0,0.0,0.0,Leave Event,0.0,"{'node_level': {}, 'link_level': {}, 'path_level': {}}","{'node_level': {}, 'link_level': {}, 'path_level': {}}","{'node_level': {}, 'link_level': {}, 'path_level': {}}",[],0.0,0.0,True,True,False,0,[],0,0.0,,,,,
94,53,24,12495.0,22384.0,7355403.811515238,13032304.148560993,0.558211222301644,0.5643978016218575,59,148,1,1183.0,35456.0,6316,29140.0,0.16675461741424802,0.21153742085610694,93,1465.8543839563617,1183.0,3,3,True,"{1: np.int64(40), 0: np.int64(98), 2: np.int64(55)}","{(0, 2): [(np.int64(98), 87), (87, np.int64(55))], (1, 2): [(np.int64(40), 55)], (0, 1): [(np.int64(98), 71), (71, np.int64(40))]}","{(1, np.int64(40)): {'cpu': 17}, (0, np.int64(98)): {'cpu': 6}, (2, np.int64(55)): {'cpu': 3}}","{((0, 2), (np.int64(98), 87)): {'bw': 44.0}, ((0, 2), (87, np.int64(55))): {'bw': 44.0}, ((1, 2), (np.int64(40), 55)): {'bw': 38.0}, ((0, 1), (np.int64(98), 71)): {'bw': 3.0}, ((0, 1), (71, np.int64(40))): {'bw': 3.0}}",158.0,111.0,111.0,26.0,85.0,26.0,85.0,26.0,132.0,47.0,0.7025316455696202,231604.99266510515,162709.83661915615,1029.8090925263048,Success,0.0,"{'node_level': {}, 'link_level': {}, 'path_level': {}}","{'node_level': {1: {'cpu': -49}, 0: {'cpu': -67}, 2: {'cpu': -92}}, 'link_level': {}, 'path_level': {}}","{'node_level': {1: {'cpu': 0}, 0: {'cpu': 0}, 2: {'cpu': 0}}, 'link_level': {}, 'path_level': {}}",[],0.0,0.0,True,True,False,0,[],0,0.0,"OrderedDict([((0, 2), 0), ((1, 2), 0), ((0, 1), 0)])",0.0,0.0,3.0,3.0
94,53,24,12495.0,22384.0,7355403.811515238,13032304.148560993,0.558211222301644,0.5643978016218575,59,149,0,1187.1163639801384,35456.0,6316,29140.0,0.16675461741424802,0.21153742085610694,54,488.1163639801385,699.0,10,24,False,{},{},{},{},0.0,0.0,0.0,0.0,0.0,0.0,0.0,0.0,0.0,0.0,0.0,0.0,0.0,0.0,Leave Event,0.0,"{'node_level': {}, 'link_level': {}, 'path_level': {}}","{'node_level': {}, 'link_level': {}, 'path_level': {}}","{'node_level': {}, 'link_level': {}, 'path_level': {}}",[],0.0,0.0,True,True,False,0,[],0,0.0,,,,,
94,53,24,12495.0,22384.0,7355403.811515238,13032304.148560993,0.558211222301644,0.5643978016218575,59,150,0,1197.043545593978,35456.0,6316,29140.0,0.16675461741424802,0.21153742085610694,75,225.04354559397808,972.0,7,8,False,{},{},{},{},0.0,0.0,0.0,0.0,0.0,0.0,0.0,0.0,0.0,0.0,0.0,0.0,0.0,0.0,Leave Event,0.0,"{'node_level': {}, 'link_level': {}, 'path_level': {}}","{'node_level': {}, 'link_level': {}, 'path_level': {}}","{'node_level': {}, 'link_level': {}, 'path_level': {}}",[],0.0,0.0,True,True,False,0,[],0,0.0,,,,,
95,54,25,12609.0,22632.0,7375227.107514619,13075428.511787716,0.5571314952279958,0.5640524209868708,59,151,1,1200.0,35208.0,6288,28920.0,0.1704485488126649,0.21749012392445477,94,173.88856139807936,1200.0,4,3,True,"{3: np.int64(18), 0: np.int64(63), 2: np.int64(98), 1: np.int64(24)}","{(2, 3): [(np.int64(98), 96), (96, 24), (24, np.int64(18))], (0, 3): [(np.int64(63), 23), (23, np.int64(18))], (0, 1): [(np.int64(63), 18), (18, np.int64(24))]}","{(3, np.int64(18)): {'cpu': 8}, (0, np.int64(63)): {'cpu': 13}, (2, np.int64(98)): {'cpu': 6}, (1, np.int64(24)): {'cpu': 1}}","{((2, 3), (np.int64(98), 96)): {'bw': 48.0}, ((2, 3), (96, 24)): {'bw': 48.0}, ((2, 3), (24, np.int64(18))): {'bw': 48.0}, ((0, 3), (np.int64(63), 23)): {'bw': 35.0}, ((0, 3), (23, np.int64(18))): {'bw': 35.0}, ((0, 1), (np.int64(63), 18)): {'bw': 3.0}, ((0, 1), (18, np.int64(24))): {'bw': 3.0}}",248.0,114.0,114.0,28.0,86.0,28.0,86.0,28.0,220.0,134.0,0.4596774193548387,43124.36322672368,19823.295999381047,79.93264515879454,Success,0.0,"{'node_level': {}, 'link_level': {}, 'path_level': {}}","{'node_level': {3: {'cpu': -47}, 0: {'cpu': -42}, 2: {'cpu': -61}, 1: {'cpu': -91}}, 'link_level': {}, 'path_level': {}}","{'node_level': {3: {'cpu': 0}, 0: {'cpu': 0}, 2: {'cpu': 0}, 1: {'cpu': 0}}, 'link_level': {}, 'path_level': {}}",[],0.0,0.0,True,True,False,0,[],0,0.0,"OrderedDict([((2, 3), 0), ((0, 3), 0), ((0, 1), 0)])",0.0,0.0,4.0,3.0
95,54,24,12609.0,22632.0,7375227.107514619,13075428.511787716,0.5571314952279958,0.5640524209868708,59,152,0,1208.3561943693658,35248.0,6302,28946.0,0.1686015831134564,0.21678662265274096,71,284.3561943693657,924.0,2,1,False,{},{},{},{},0.0,0.0,0.0,0.0,0.0,0.0,0.0,0.0,0.0,0.0,0.0,0.0,0.0,0.0,Leave Event,0.0,"{'node_level': {}, 'link_level': {}, 'path_level': {}}","{'node_level': {}, 'link_level': {}, 'path_level': {}}","{'node_level': {}, 'link_level': {}, 'path_level': {}}",[],0.0,0.0,True,True,False,0,[],0,0.0,,,,,
96,55,25,12686.0,22739.0,7426589.323571473,13146801.980853735,0.5578961255991908,0.5648970247203192,59,153,1,1219.0,35141.0,6282,28859.0,0.17124010554089708,0.2191406461388603,95,667.0417669721395,1219.0,3,2,True,"{2: np.int64(51), 0: np.int64(29), 1: np.int64(59)}","{(0, 2): [(np.int64(29), 61), (61, np.int64(51))], (1, 2): [(np.int64(59), 51)]}","{(2, np.int64(51)): {'cpu': 13}, (0, np.int64(29)): {'cpu': 6}, (1, np.int64(59)): {'cpu': 1}}","{((0, 2), (np.int64(29), 61)): {'bw': 30.0}, ((0, 2), (61, np.int64(51))): {'bw': 30.0}, ((1, 2), (np.int64(59), 51)): {'bw': 27.0}}",107.0,77.0,77.0,20.0,57.0,20.0,57.0,20.0,87.0,30.0,0.719626168224299,71373.46906601892,51362.21605685474,480.02071081172653,Success,0.0,"{'node_level': {}, 'link_level': {}, 'path_level': {}}","{'node_level': {2: {'cpu': -46}, 0: {'cpu': -62}, 1: {'cpu': -52}}, 'link_level': {}, 'path_level': {}}","{'node_level': {2: {'cpu': 0}, 0: {'cpu': 0}, 1: {'cpu': 0}}, 'link_level': {}, 'path_level': {}}",[],0.0,0.0,True,True,False,0,[],0,0.0,"OrderedDict([((0, 2), 0), ((1, 2), 0)])",0.0,0.0,3.0,2.0
97,56,26,12743.0,22835.0,7444982.771890027,13177780.42012709,0.5580468578935844,0.5649648525421572,59,154,1,1230.0,35045.0,6264,28781.0,0.1736147757255937,0.22125114995400186,96,322.6920757641126,1230.0,2,1,True,"{1: np.int64(72), 0: np.int64(66)}","{(0, 1): [(np.int64(66), 22), (22, np.int64(72))]}","{(1, np.int64(72)): {'cpu': 11}, (0, np.int64(66)): {'cpu': 7}}","{((0, 1), (np.int64(66), 22)): {'bw': 39.0}, ((0, 1), (22, np.int64(72))): {'bw': 39.0}}",96.0,57.0,57.0,18.0,39.0,18.0,39.0,18.0,78.0,39.0,0.59375,30978.43927335481,18393.448318554416,191.59841998494184,Success,0.0,"{'node_level': {}, 'link_level': {}, 'path_level': {}}","{'node_level': {1: {'cpu': -67}, 0: {'cpu': -30}}, 'link_level': {}, 'path_level': {}}","{'node_level': {1: {'cpu': 0}, 0: {'cpu': 0}}, 'link_level': {}, 'path_level': {}}",[],0.0,0.0,True,True,False,0,[],0,0.0,"OrderedDict([((0, 1), 0)])",1.0,0.0,2.0,1.0
97,56,25,12743.0,22835.0,7444982.771890027,13177780.42012709,0.5580468578935844,0.5649648525421572,59,155,0,1235.5468387409232,35251.0,6304,28947.0,0.16833773087071235,0.21675956491152115,80,195.54683874092328,1040.0,3,2,False,{},{},{},{},0.0,0.0,0.0,0.0,0.0,0.0,0.0,0.0,0.0,0.0,0.0,0.0,0.0,0.0,Leave Event,0.0,"{'node_level': {}, 'link_level': {}, 'path_level': {}}","{'node_level': {}, 'link_level': {}, 'path_level': {}}","{'node_level': {}, 'link_level': {}, 'path_level': {}}",[],0.0,0.0,True,True,False,0,[],0,0.0,,,,,
98,56,25,12743.0,22835.0,7444982.771890027,13177780.42012709,0.5580468578935844,0.5649648525421572,59,156,1,1239.0,35251.0,6304,28947.0,0.16833773087071235,0.21675956491152115,97,90.08222683163596,1239.0,9,14,False,"{3: np.int64(83), 6: np.int64(90), 4: np.int64(26), 2: np.int64(20), 7: np.int64(49), 0: np.int64(68), 8: np.int64(41), 1: np.int64(64), 5: np.int64(81)}","{(3, 4): [(np.int64(83), 43), (43, 29), (29, np.int64(26))], (4, 6): [(np.int64(26), 13), (13, np.int64(90))], (0, 5): [(np.int64(68), 53), (53, 20), (20, np.int64(81))], (0, 8): [(np.int64(68), 80), (80, np.int64(41))], (1, 5): [(np.int64(64), 20), (20, np.int64(81))], (2, 8): [(np.int64(20), 16), (16, np.int64(41))], (3, 5): [(np.int64(83), 81)]}","{(3, np.int64(83)): {'cpu': 20}, (6, np.int64(90)): {'cpu': 19}, (4, np.int64(26)): {'cpu': 12}, (2, np.int64(20)): {'cpu': 10}, (7, np.int64(49)): {'cpu': 20}, (0, np.int64(68)): {'cpu': 10}, (8, np.int64(41)): {'cpu': 10}, (1, np.int64(64)): {'cpu': 5}, (5, np.int64(81)): {'cpu': 2}}","{((3, 4), (np.int64(83), 43)): {'bw': 48.0}, ((3, 4), (43, 29)): {'bw': 48.0}, ((3, 4), (29, np.int64(26))): {'bw': 48.0}, ((4, 6), (np.int64(26), 13)): {'bw': 37.0}, ((4, 6), (13, np.int64(90))): {'bw': 37.0}, ((0, 5), (np.int64(68), 53)): {'bw': 31.0}, ((0, 5), (53, 20)): {'bw': 31.0}, ((0, 5), (20, np.int64(81))): {'bw': 31.0}, ((0, 8), (np.int64(68), 80)): {'bw': 28.0}, ((0, 8), (80, np.int64(41))): {'bw': 28.0}, ((1, 5), (np.int64(64), 20)): {'bw': 29.0}, ((1, 5), (20, np.int64(81))): {'bw': 29.0}, ((2, 8), (np.int64(20), 16)): {'bw': 26.0}, ((2, 8), (16, np.int64(41))): {'bw': 26.0}, ((3, 5), (np.int64(83), 81)): {'bw': 27.0}}",0.0,0.0,431.0,108.0,323.0,0.0,0.0,0.0,0.0,0.0,0.0,0.0,0.0,0.0,Route Failure,0.0,"{'node_level': {}, 'link_level': {}, 'path_level': {}}","{'node_level': {3: {'cpu': -41}, 6: {'cpu': -35}, 4: {'cpu': -64}, 2: {'cpu': -65}, 7: {'cpu': -67}, 0: {'cpu': -90}, 8: {'cpu': -55}, 1: {'cpu': -77}, 5: {'cpu': -43}}, 'link_level': {}, 'path_level': {}}","{'node_level': {3: {'cpu': 0}, 6: {'cpu': 0}, 4: {'cpu': 0}, 2: {'cpu': 0}, 7: {'cpu': 0}, 0: {'cpu': 0}, 8: {'cpu': 0}, 1: {'cpu': 0}, 5: {'cpu': 0}}, 'link_level': {}, 'path_level': {}}",[],0.0,0.0,True,False,False,0,[],0,0.0,"OrderedDict([((3, 4), 0), ((4, 6), 0), ((0, 5), 0), ((0, 8), 0), ((1, 5), 0), ((2, 8), 0), ((3, 5), 0)])",1.0,0.0,9.0,7.0
98,56,25,12743.0,22835.0,7444982.771890027,13177780.42012709,0.5580468578935844,0.5649648525421572,59,157,0,1247.92589237443,35251.0,6304,28947.0,0.16833773087071235,0.21675956491152115,74,285.9258923744301,962.0,9,16,False,{},{},{},{},0.0,0.0,0.0,0.0,0.0,0.0,0.0,0.0,0.0,0.0,0.0,0.0,0.0,0.0,Leave Event,0.0,"{'node_level': {}, 'link_level': {}, 'path_level': {}}","{'node_level': {}, 'link_level': {}, 'path_level': {}}","{'node_level': {}, 'link_level': {}, 'path_level': {}}",[],0.0,0.0,True,True,False,0,[],0,0.0,,,,,
99,57,26,12814.0,22954.0,7507359.383687606,13282327.135675145,0.5582469286398885,0.5652141606664324,59,158,1,1250.0,35132.0,6281,28851.0,0.1713720316622691,0.2193571080686184,98,878.5438281349152,1250.0,3,2,True,"{1: np.int64(83), 0: np.int64(20), 2: np.int64(90)}","{(0, 1): [(np.int64(20), 81), (81, np.int64(83))], (0, 2): [(np.int64(20), 81), (81, np.int64(90))]}","{(1, np.int64(83)): {'cpu': 16}, (0, np.int64(20)): {'cpu': 5}, (2, np.int64(90)): {'cpu': 2}}","{((0, 1), (np.int64(20), 81)): {'bw': 31.0}, ((0, 1), (81, np.int64(83))): {'bw': 31.0}, ((0, 2), (np.int64(20), 81)): {'bw': 17.0}, ((0, 2), (81, np.int64(90))): {'bw': 17.0}}",119.0,71.0,71.0,23.0,48.0,23.0,48.0,23.0,96.0,48.0,0.5966386554621849,104546.71554805491,62376.61179757898,524.1732083830166,Success,0.0,"{'node_level': {}, 'link_level': {}, 'path_level': {}}","{'node_level': {1: {'cpu': -45}, 0: {'cpu': -70}, 2: {'cpu': -52}}, 'link_level': {}, 'path_level': {}}","{'node_level': {1: {'cpu': 0}, 0: {'cpu': 0}, 2: {'cpu': 0}}, 'link_level': {}, 'path_level': {}}",[],0.0,0.0,True,True,False,0,[],0,0.0,"OrderedDict([((0, 1), 0), ((0, 2), 0)])",1.0,0.0,3.0,2.0
99,57,25,12814.0,22954.0,7507359.383687606,13282327.135675145,0.5582469286398885,0.5652141606664324,59,159,0,1252.556744976733,35268.0,6320,28948.0,0.1662269129287599,0.21673250717030146,26,909.556744976733,343.0,4,3,False,{},{},{},{},0.0,0.0,0.0,0.0,0.0,0.0,0.0,0.0,0.0,0.0,0.0,0.0,0.0,0.0,Leave Event,0.0,"{'node_level': {}, 'link_level': {}, 'path_level': {}}","{'node_level': {}, 'link_level': {}, 'path_level': {}}","{'node_level': {}, 'link_level': {}, 'path_level': {}}",[],0.0,0.0,True,True,False,0,[],0,0.0,,,,,
99,57,24,12814.0,22954.0,7507359.383687606,13282327.135675145,0.5582469286398885,0.5652141606664324,59,160,0,1257.3613297293232,36148.0,6427,29721.0,0.15211081794195247,0.1958168732074247,92,83.3613297293231,1174.0,9,14,False,{},{},{},{},0.0,0.0,0.0,0.0,0.0,0.0,0.0,0.0,0.0,0.0,0.0,0.0,0.0,0.0,Leave Event,0.0,"{'node_level': {}, 'link_level': {}, 'path_level': {}}","{'node_level': {}, 'link_level': {}, 'path_level': {}}","{'node_level': {}, 'link_level': {}, 'path_level': {}}",[],0.0,0.0,True,True,False,0,[],0,0.0,,,,,
100,58,25,13333.0,24060.0,7708698.182753999,13711384.383781947,0.5541562759767249,0.5622115146791432,59,161,1,1258.0,35042.0,6357,28685.0,0.16134564643799476,0.22384869311109912,99,387.9360290296584,1258.0,10,21,True,"{6: np.int64(98), 4: np.int64(25), 7: np.int64(90), 0: np.int64(3), 5: np.int64(60), 2: np.int64(49), 8: np.int64(5), 1: np.int64(27), 3: np.int64(13), 9: np.int64(41)}","{(0, 6): [(np.int64(3), 42), (42, np.int64(98))], (5, 6): [(np.int64(60), 27), (27, 49), (49, np.int64(98))], (1, 6): [(np.int64(27), 7), (7, 34), (34, np.int64(98))], (0, 7): [(np.int64(3), 30), (30, np.int64(90))], (0, 5): [(np.int64(3), 36), (36, 94), (94, np.int64(60))], (4, 6): [(np.int64(25), 44), (44, 70), (70, np.int64(98))], (1, 2): [(np.int64(27), 49)], (7, 9): [(np.int64(90), 37), (37, 8), (8, np.int64(41))], (2, 6): [(np.int64(49), 98)], (2, 4): [(np.int64(49), 25)], (6, 8): [(np.int64(98), 42), (42, np.int64(5))], (5, 8): [(np.int64(60), 94), (94, 74), (74, np.int64(5))], (4, 7): [(np.int64(25), 56), (56, 84), (84, np.int64(90))], (0, 4): [(np.int64(3), 36), (36, 56), (56, np.int64(25))], (3, 8): [(np.int64(13), 5)], (0, 3): [(np.int64(3), 24), (24, np.int64(13))], (2, 5): [(np.int64(49), 27), (27, np.int64(60))], (7, 8): [(np.int64(90), 30), (30, np.int64(5))], (5, 7): [(np.int64(60), 90)], (2, 7): [(np.int64(49), 60), (60, np.int64(90))], (4, 8): [(np.int64(25), 44), (44, 5)]}","{(6, np.int64(98)): {'cpu': 10, 'nic_slots': 2}, (4, np.int64(25)): {'cpu': 19}, (7, np.int64(90)): {'cpu': 13}, (0, np.int64(3)): {'cpu': 6, 'nic_slots': 1}, (5, np.int64(60)): {'cpu': 7, 'nic_slots': 3}, (2, np.int64(49)): {'cpu': 6, 'nic_slots': 2}, (8, np.int64(5)): {'cpu': 4, 'nic_slots': 1}, (1, np.int64(27)): {'cpu': 2, 'nic_slots': 1}, (3, np.int64(13)): {'cpu': 2}, (9, np.int64(41)): {'cpu': 1}}","{((0, 6), (np.int64(3), 42)): {'bw': 48.0}, ((0, 6), (42, np.int64(98))): {'bw': 48.0}, ((5, 6), (np.int64(60), 27)): {'bw': 47.0}, ((5, 6), (27, 49)): {'bw': 47.0}, ((5, 6), (49, np.int64(98))): {'bw': 47.0}, ((1, 6), (np.int64(27), 7)): {'bw': 50.0}, ((1, 6), (7, 34)): {'bw': 50.0}, ((1, 6), (34, np.int64(98))): {'bw': 50.0}, ((0, 7), (np.int64(3), 30)): {'bw': 43.0}, ((0, 7), (30, np.int64(90))): {'bw': 43.0}, ((0, 5), (np.int64(3), 36)): {'bw': 30.0}, ((0, 5), (36, 94)): {'bw': 30.0}, ((0, 5), (94, np.int64(60))): {'bw': 30.0}, ((4, 6), (np.int64(25), 44)): {'bw': 30.0}, ((4, 6), (44, 70)): {'bw': 30.0}, ((4, 6), (70, np.int64(98))): {'bw': 30.0}, ((1, 2), (np.int64(27), 49)): {'bw': 30.0}, ((7, 9), (np.int64(90), 37)): {'bw': 25.0}, ((7, 9), (37, 8)): {'bw': 25.0}, ((7, 9), (8, np.int64(41))): {'bw': 25.0}, ((2, 6), (np.int64(49), 98)): {'bw': 22.0}, ((2, 4), (np.int64(49), 25)): {'bw': 22.0}, ((6, 8), (np.int64(98), 42)): {'bw': 20.0}, ((6, 8), (42, np.int64(5))): {'bw': 20.0}, ((5, 8), (np.int64(60), 94)): {'bw': 15.0}, ((5, 8), (94, 74)): {'bw': 15.0}, ((5, 8), (74, np.int64(5))): {'bw': 15.0}, ((4, 7), (np.int64(25), 56)): {'bw': 13.0}, ((4, 7), (56, 84)): {'bw': 13.0}, ((4, 7), (84, np.int64(90))): {'bw': 13.0}, ((0, 4), (np.int64(3), 36)): {'bw': 15.0}, ((0, 4), (36, 56)): {'bw': 15.0}, ((0, 4), (56, np.int64(25))): {'bw': 15.0}, ((3, 8), (np.int64(13), 5)): {'bw': 8.0}, ((0, 3), (np.int64(3), 24)): {'bw': 7.0}, ((0, 3), (24, np.int64(13))): {'bw': 7.0}, ((2, 5), (np.int64(49), 27)): {'bw': 6.0}, ((2, 5), (27, np.int64(60))): {'bw': 6.0}, ((7, 8), (np.int64(90), 30)): {'bw': 7.0}, ((7, 8), (30, np.int64(5))): {'bw': 7.0}, ((5, 7), (np.int64(60), 90)): {'bw': 5.0}, ((2, 7), (np.int64(49), 60)): {'bw': 4.0}, ((2, 7), (60, np.int64(90))): {'bw': 4.0}, ((4, 8), (np.int64(25), 44)): {'bw': 2.0}, ((4, 8), (44, 5)): {'bw': 2.0}}",1106.0,519.0,519.0,70.0,449.0,70.0,449.0,70.0,1036.0,587.0,0.4692585895117541,429057.24810680223,201338.7990663927,182.0423138032484,Success,0.0,"{'node_level': {}, 'link_level': {}, 'path_level': {}}","{'node_level': {6: {'cpu': -61}, 4: {'cpu': -72}, 7: {'cpu': -39}, 0: {'cpu': -52}, 5: {'cpu': -48}, 2: {'cpu': -81}, 8: {'cpu': -89}, 1: {'cpu': -86}, 3: {'cpu': -44}, 9: {'cpu': -66}}, 'link_level': {}, 'path_level': {}}","{'node_level': {6: {'cpu': 0}, 4: {'cpu': 0}, 7: {'cpu': 0}, 0: {'cpu': 0}, 5: {'cpu': 0}, 2: {'cpu': 0}, 8: {'cpu': 0}, 1: {'cpu': 0}, 3: {'cpu': 0}, 9: {'cpu': 0}}, 'link_level': {}, 'path_level': {}}",[],0.0,0.0,True,True,False,0,[],0,0.0,"OrderedDict([((0, 6), 0), ((5, 6), 1), ((1, 6), 0), ((0, 7), 0), ((0, 5), 1), ((4, 6), 0), ((1, 2), 1), ((7, 9), 0), ((2, 6), 1), ((2, 4), 0), ((6, 8), 0), ((5, 8), 1), ((4, 7), 0), ((0, 4), 0), ((3, 8), 0), ((0, 3), 0), ((2, 5), 0), ((7, 8), 0), ((5, 7), 0), ((2, 7), 0), ((4, 8), 0)])",6.0,5.0,10.0,21.0
100,58,25,13333.0,24060.0,7708698.182753999,13711384.383781947,0.5541562759767249,0.5622115146791432,59,162,0,1268.3061863591895,35042.0,6357,28685.0,0.16134564643799476,0.22384869311109912,88,139.3061863591895,1129.0,10,19,False,{},{},{},{},0.0,0.0,0.0,0.0,0.0,0.0,0.0,0.0,0.0,0.0,0.0,0.0,0.0,0.0,Leave Event,0.0,"{'node_level': {}, 'link_level': {}, 'path_level': {}}","{'node_level': {}, 'link_level': {}, 'path_level': {}}","{'node_level': {}, 'link_level': {}, 'path_level': {}}",[],0.0,0.0,True,True,False,0,[],0,0.0,,,,,
100,58,25,13333.0,24060.0,7708698.182753999,13711384.383781947,0.5541562759767249,0.5622115146791432,59,163,0,1275.074948306996,35042.0,6357,28685.0,0.16134564643799476,0.22384869311109912,40,768.074948306996,507.0,7,11,False,{},{},{},{},0.0,0.0,0.0,0.0,0.0,0.0,0.0,0.0,0.0,0.0,0.0,0.0,0.0,0.0,Leave Event,0.0,"{'node_level': {}, 'link_level': {}, 'path_level': {}}","{'node_level': {}, 'link_level': {}, 'path_level': {}}","{'node_level': {}, 'link_level': {}, 'path_level': {}}",[],0.0,0.0,True,True,False,0,[],0,0.0,,,,,
100,58,24,13333.0,24060.0,7708698.182753999,13711384.383781947,0.5541562759767249,0.5622115146791432,59,164,0,1310.1047037573699,35748.0,6427,29321.0,0.15211081794195247,0.20663996969532983,52,637.1047037573697,673.0,8,13,False,{},{},{},{},0.0,0.0,0.0,0.0,0.0,0.0,0.0,0.0,0.0,0.0,0.0,0.0,0.0,0.0,Leave Event,0.0,"{'node_level': {}, 'link_level': {}, 'path_level': {}}","{'node_level': {}, 'link_level': {}, 'path_level': {}}","{'node_level': {}, 'link_level': {}, 'path_level': {}}",[],0.0,0.0,True,True,False,0,[],0,0.0,,,,,
100,58,24,13333.0,24060.0,7708698.182753999,13711384.383781947,0.5541562759767249,0.5622115146791432,59,165,0,1329.082226831636,35748.0,6427,29321.0,0.15211081794195247,0.20663996969532983,97,90.08222683163596,1239.0,9,14,False,{},{},{},{},0.0,0.0,0.0,0.0,0.0,0.0,0.0,0.0,0.0,0.0,0.0,0.0,0.0,0.0,Leave Event,0.0,"{'node_level': {}, 'link_level': {}, 'path_level': {}}","{'node_level': {}, 'link_level': {}, 'path_level': {}}","{'node_level': {}, 'link_level': {}, 'path_level': {}}",[],0.0,0.0,True,True,False,0,[],0,0.0,,,,,
100,58,24,13333.0,24060.0,7708698.182753999,13711384.383781947,0.5541562759767249,0.5622115146791432,59,166,0,1333.8463919870342,35748.0,6427,29321.0,0.15211081794195247,0.20663996969532983,77,331.8463919870343,1002.0,10,23,False,{},{},{},{},0.0,0.0,0.0,0.0,0.0,0.0,0.0,0.0,0.0,0.0,0.0,0.0,0.0,0.0,Leave Event,0.0,"{'node_level': {}, 'link_level': {}, 'path_level': {}}","{'node_level': {}, 'link_level': {}, 'path_level': {}}","{'node_level': {}, 'link_level': {}, 'path_level': {}}",[],0.0,0.0,True,True,False,0,[],0,0.0,,,,,
100,58,23,13333.0,24060.0,7708698.182753999,13711384.383781947,0.5541562759767249,0.5622115146791432,59,167,0,1337.4371090310458,35826.0,6461,29365.0,0.1476253298153034,0.2054494290816603,85,233.43710903104574,1104.0,3,2,False,{},{},{},{},0.0,0.0,0.0,0.0,0.0,0.0,0.0,0.0,0.0,0.0,0.0,0.0,0.0,0.0,Leave Event,0.0,"{'node_level': {}, 'link_level': {}, 'path_level': {}}","{'node_level': {}, 'link_level': {}, 'path_level': {}}","{'node_level': {}, 'link_level': {}, 'path_level': {}}",[],0.0,0.0,True,True,False,0,[],0,0.0,,,,,
100,58,22,13333.0,24060.0,7708698.182753999,13711384.383781947,0.5541562759767249,0.5622115146791432,59,168,0,1372.3647883564051,35877.0,6477,29400.0,0.14551451187335096,0.20450240813896858,72,442.3647883564051,930.0,2,1,False,{},{},{},{},0.0,0.0,0.0,0.0,0.0,0.0,0.0,0.0,0.0,0.0,0.0,0.0,0.0,0.0,Leave Event,0.0,"{'node_level': {}, 'link_level': {}, 'path_level': {}}","{'node_level': {}, 'link_level': {}, 'path_level': {}}","{'node_level': {}, 'link_level': {}, 'path_level': {}}",[],0.0,0.0,True,True,False,0,[],0,0.0,,,,,
100,58,21,13333.0,24060.0,7708698.182753999,13711384.383781947,0.5541562759767249,0.5622115146791432,59,169,0,1373.8885613980794,36125.0,6505,29620.0,0.14182058047493407,0.19854970507062075,94,173.88856139807936,1200.0,4,3,False,{},{},{},{},0.0,0.0,0.0,0.0,0.0,0.0,0.0,0.0,0.0,0.0,0.0,0.0,0.0,0.0,Leave Event,0.0,"{'node_level': {}, 'link_level': {}, 'path_level': {}}","{'node_level': {}, 'link_level': {}, 'path_level': {}}","{'node_level': {}, 'link_level': {}, 'path_level': {}}",[],0.0,0.0,True,True,False,0,[],0,0.0,,,,,
100,58,20,13333.0,24060.0,7708698.182753999,13711384.383781947,0.5541562759767249,0.5622115146791432,59,170,0,1388.5919629169168,36247.0,6535,29712.0,0.13786279683377312,0.1960603928784025,19,1127.5919629169168,261.0,3,3,False,{},{},{},{},0.0,0.0,0.0,0.0,0.0,0.0,0.0,0.0,0.0,0.0,0.0,0.0,0.0,0.0,Leave Event,0.0,"{'node_level': {}, 'link_level': {}, 'path_level': {}}","{'node_level': {}, 'link_level': {}, 'path_level': {}}","{'node_level': {}, 'link_level': {}, 'path_level': {}}",[],0.0,0.0,True,True,False,0,[],0,0.0,,,,,
100,58,19,13333.0,24060.0,7708698.182753999,13711384.383781947,0.5541562759767249,0.5622115146791432,59,171,0,1389.2486595318776,37164.0,6597,30567.0,0.12968337730870716,0.17292602413550517,33,956.2486595318776,433.0,10,20,False,{},{},{},{},0.0,0.0,0.0,0.0,0.0,0.0,0.0,0.0,0.0,0.0,0.0,0.0,0.0,0.0,Leave Event,0.0,"{'node_level': {}, 'link_level': {}, 'path_level': {}}","{'node_level': {}, 'link_level': {}, 'path_level': {}}","{'node_level': {}, 'link_level': {}, 'path_level': {}}",[],0.0,0.0,True,True,False,0,[],0,0.0,,,,,
100,58,19,13333.0,24060.0,7708698.182753999,13711384.383781947,0.5541562759767249,0.5622115146791432,59,172,0,1465.4829130377072,37164.0,6597,30567.0,0.12968337730870716,0.17292602413550517,25,1133.4829130377072,332.0,5,5,False,{},{},{},{},0.0,0.0,0.0,0.0,0.0,0.0,0.0,0.0,0.0,0.0,0.0,0.0,0.0,0.0,Leave Event,0.0,"{'node_level': {}, 'link_level': {}, 'path_level': {}}","{'node_level': {}, 'link_level': {}, 'path_level': {}}","{'node_level': {}, 'link_level': {}, 'path_level': {}}",[],0.0,0.0,True,True,False,0,[],0,0.0,,,,,
100,58,19,13333.0,24060.0,7708698.182753999,13711384.383781947,0.5541562759767249,0.5622115146791432,59,173,0,1542.8058318735054,37164.0,6597,30567.0,0.12968337730870716,0.17292602413550517,22,1248.8058318735054,294.0,10,28,False,{},{},{},{},0.0,0.0,0.0,0.0,0.0,0.0,0.0,0.0,0.0,0.0,0.0,0.0,0.0,0.0,Leave Event,0.0,"{'node_level': {}, 'link_level': {}, 'path_level': {}}","{'node_level': {}, 'link_level': {}, 'path_level': {}}","{'node_level': {}, 'link_level': {}, 'path_level': {}}",[],0.0,0.0,True,True,False,0,[],0,0.0,,,,,
100,58,18,13333.0,24060.0,7708698.182753999,13711384.383781947,0.5541562759767249,0.5622115146791432,59,174,0,1552.6920757641126,37260.0,6615,30645.0,0.12730870712401055,0.17081552032036362,96,322.6920757641126,1230.0,2,1,False,{},{},{},{},0.0,0.0,0.0,0.0,0.0,0.0,0.0,0.0,0.0,0.0,0.0,0.0,0.0,0.0,Leave Event,0.0,"{'node_level': {}, 'link_level': {}, 'path_level': {}}","{'node_level': {}, 'link_level': {}, 'path_level': {}}","{'node_level': {}, 'link_level': {}, 'path_level': {}}",[],0.0,0.0,True,True,False,0,[],0,0.0,,,,,
100,58,18,13333.0,24060.0,7708698.182753999,13711384.383781947,0.5541562759767249,0.5622115146791432,59,175,0,1559.091556566643,37260.0,6615,30645.0,0.12730870712401055,0.17081552032036362,39,1060.091556566643,499.0,10,23,False,{},{},{},{},0.0,0.0,0.0,0.0,0.0,0.0,0.0,0.0,0.0,0.0,0.0,0.0,0.0,0.0,Leave Event,0.0,"{'node_level': {}, 'link_level': {}, 'path_level': {}}","{'node_level': {}, 'link_level': {}, 'path_level': {}}","{'node_level': {}, 'link_level': {}, 'path_level': {}}",[],0.0,0.0,True,True,False,0,[],0,0.0,,,,,
100,58,17,13333.0,24060.0,7708698.182753999,13711384.383781947,0.5541562759767249,0.5622115146791432,59,176,0,1563.5251182707698,38101.0,6720,31381.0,0.11345646437994727,0.15090102278261808,51,905.5251182707698,658.0,8,14,False,{},{},{},{},0.0,0.0,0.0,0.0,0.0,0.0,0.0,0.0,0.0,0.0,0.0,0.0,0.0,0.0,Leave Event,0.0,"{'node_level': {}, 'link_level': {}, 'path_level': {}}","{'node_level': {}, 'link_level': {}, 'path_level': {}}","{'node_level': {}, 'link_level': {}, 'path_level': {}}",[],0.0,0.0,True,True,False,0,[],0,0.0,,,,,
100,58,16,13333.0,24060.0,7708698.182753999,13711384.383781947,0.5541562759767249,0.5622115146791432,59,177,0,1566.7406401933645,38279.0,6741,31538.0,0.11068601583113458,0.14665295741111528,56,837.7406401933645,729.0,3,2,False,{},{},{},{},0.0,0.0,0.0,0.0,0.0,0.0,0.0,0.0,0.0,0.0,0.0,0.0,0.0,0.0,Leave Event,0.0,"{'node_level': {}, 'link_level': {}, 'path_level': {}}","{'node_level': {}, 'link_level': {}, 'path_level': {}}","{'node_level': {}, 'link_level': {}, 'path_level': {}}",[],0.0,0.0,True,True,False,0,[],0,0.0,,,,,
100,58,16,13333.0,24060.0,7708698.182753999,13711384.383781947,0.5541562759767249,0.5622115146791432,59,178,0,1580.9910002420468,38279.0,6741,31538.0,0.11068601583113458,0.14665295741111528,44,1018.9910002420468,562.0,4,5,False,{},{},{},{},0.0,0.0,0.0,0.0,0.0,0.0,0.0,0.0,0.0,0.0,0.0,0.0,0.0,0.0,Leave Event,0.0,"{'node_level': {}, 'link_level': {}, 'path_level': {}}","{'node_level': {}, 'link_level': {}, 'path_level': {}}","{'node_level': {}, 'link_level': {}, 'path_level': {}}",[],0.0,0.0,True,True,False,0,[],0,0.0,,,,,
100,58,15,13333.0,24060.0,7708698.182753999,13711384.383781947,0.5541562759767249,0.5622115146791432,59,179,0,1596.523886658026,38569.0,6791,31778.0,0.10408970976253296,0.14015909951837224,20,1323.523886658026,273.0,5,7,False,{},{},{},{},0.0,0.0,0.0,0.0,0.0,0.0,0.0,0.0,0.0,0.0,0.0,0.0,0.0,0.0,Leave Event,0.0,"{'node_level': {}, 'link_level': {}, 'path_level': {}}","{'node_level': {}, 'link_level': {}, 'path_level': {}}","{'node_level': {}, 'link_level': {}, 'path_level': {}}",[],0.0,0.0,True,True,False,0,[],0,0.0,,,,,
100,58,14,13333.0,24060.0,7708698.182753999,13711384.383781947,0.5541562759767249,0.5622115146791432,59,180,0,1608.2089406321106,39622.0,6919,32703.0,0.08720316622691293,0.11513068889009148,1,1583.2089406321106,25.0,10,17,False,{},{},{},{},0.0,0.0,0.0,0.0,0.0,0.0,0.0,0.0,0.0,0.0,0.0,0.0,0.0,0.0,Leave Event,0.0,"{'node_level': {}, 'link_level': {}, 'path_level': {}}","{'node_level': {}, 'link_level': {}, 'path_level': {}}","{'node_level': {}, 'link_level': {}, 'path_level': {}}",[],0.0,0.0,True,True,False,0,[],0,0.0,,,,,
100,58,13,13333.0,24060.0,7708698.182753999,13711384.383781947,0.5541562759767249,0.5622115146791432,59,181,0,1645.9360290296584,40728.0,6989,33739.0,0.07796833773087075,0.08709886898641706,99,387.9360290296584,1258.0,10,21,False,{},{},{},{},0.0,0.0,0.0,0.0,0.0,0.0,0.0,0.0,0.0,0.0,0.0,0.0,0.0,0.0,Leave Event,0.0,"{'node_level': {}, 'link_level': {}, 'path_level': {}}","{'node_level': {}, 'link_level': {}, 'path_level': {}}","{'node_level': {}, 'link_level': {}, 'path_level': {}}",[],0.0,0.0,True,True,False,0,[],0,0.0,,,,,
100,58,13,13333.0,24060.0,7708698.182753999,13711384.383781947,0.5541562759767249,0.5622115146791432,59,182,0,1683.91633037475,40728.0,6989,33739.0,0.07796833773087075,0.08709886898641706,63,855.9163303747499,828.0,4,4,False,{},{},{},{},0.0,0.0,0.0,0.0,0.0,0.0,0.0,0.0,0.0,0.0,0.0,0.0,0.0,0.0,Leave Event,0.0,"{'node_level': {}, 'link_level': {}, 'path_level': {}}","{'node_level': {}, 'link_level': {}, 'path_level': {}}","{'node_level': {}, 'link_level': {}, 'path_level': {}}",[],0.0,0.0,True,True,False,0,[],0,0.0,,,,,
100,58,12,13333.0,24060.0,7708698.182753999,13711384.383781947,0.5541562759767249,0.5622115146791432,59,183,0,1692.0195156653356,41470.0,7056,34414.0,0.06912928759894454,0.06883489366307705,78,681.0195156653356,1011.0,8,16,False,{},{},{},{},0.0,0.0,0.0,0.0,0.0,0.0,0.0,0.0,0.0,0.0,0.0,0.0,0.0,0.0,Leave Event,0.0,"{'node_level': {}, 'link_level': {}, 'path_level': {}}","{'node_level': {}, 'link_level': {}, 'path_level': {}}","{'node_level': {}, 'link_level': {}, 'path_level': {}}",[],0.0,0.0,True,True,False,0,[],0,0.0,,,,,
100,58,11,13333.0,24060.0,7708698.182753999,13711384.383781947,0.5541562759767249,0.5622115146791432,59,184,0,1703.7597332721557,41993.0,7104,34889.0,0.06279683377308709,0.05598246658368955,89,569.7597332721556,1134.0,7,8,False,{},{},{},{},0.0,0.0,0.0,0.0,0.0,0.0,0.0,0.0,0.0,0.0,0.0,0.0,0.0,0.0,Leave Event,0.0,"{'node_level': {}, 'link_level': {}, 'path_level': {}}","{'node_level': {}, 'link_level': {}, 'path_level': {}}","{'node_level': {}, 'link_level': {}, 'path_level': {}}",[],0.0,0.0,True,True,False,0,[],0,0.0,,,,,
100,58,10,13333.0,24060.0,7708698.182753999,13711384.383781947,0.5541562759767249,0.5622115146791432,59,185,0,1709.2678440182535,42478.0,7169,35309.0,0.05422163588390505,0.044618215271389094,90,565.2678440182534,1144.0,6,7,False,{},{},{},{},0.0,0.0,0.0,0.0,0.0,0.0,0.0,0.0,0.0,0.0,0.0,0.0,0.0,0.0,Leave Event,0.0,"{'node_level': {}, 'link_level': {}, 'path_level': {}}","{'node_level': {}, 'link_level': {}, 'path_level': {}}","{'node_level': {}, 'link_level': {}, 'path_level': {}}",[],0.0,0.0,True,True,False,0,[],0,0.0,,,,,
100,58,10,13333.0,24060.0,7708698.182753999,13711384.383781947,0.5541562759767249,0.5622115146791432,59,186,0,1714.6761709178095,42478.0,7169,35309.0,0.05422163588390505,0.044618215271389094,81,664.6761709178094,1050.0,9,18,False,{},{},{},{},0.0,0.0,0.0,0.0,0.0,0.0,0.0,0.0,0.0,0.0,0.0,0.0,0.0,0.0,Leave Event,0.0,"{'node_level': {}, 'link_level': {}, 'path_level': {}}","{'node_level': {}, 'link_level': {}, 'path_level': {}}","{'node_level': {}, 'link_level': {}, 'path_level': {}}",[],0.0,0.0,True,True,False,0,[],0,0.0,,,,,
100,58,10,13333.0,24060.0,7708698.182753999,13711384.383781947,0.5541562759767249,0.5622115146791432,59,187,0,1729.579790134343,42478.0,7169,35309.0,0.05422163588390505,0.044618215271389094,79,701.579790134343,1028.0,7,16,False,{},{},{},{},0.0,0.0,0.0,0.0,0.0,0.0,0.0,0.0,0.0,0.0,0.0,0.0,0.0,0.0,Leave Event,0.0,"{'node_level': {}, 'link_level': {}, 'path_level': {}}","{'node_level': {}, 'link_level': {}, 'path_level': {}}","{'node_level': {}, 'link_level': {}, 'path_level': {}}",[],0.0,0.0,True,True,False,0,[],0,0.0,,,,,
100,58,9,13333.0,24060.0,7708698.182753999,13711384.383781947,0.5541562759767249,0.5622115146791432,59,188,0,1786.3776993142428,42563.0,7201,35362.0,0.050000000000000044,0.04318415498674166,31,1376.3776993142428,410.0,3,2,False,{},{},{},{},0.0,0.0,0.0,0.0,0.0,0.0,0.0,0.0,0.0,0.0,0.0,0.0,0.0,0.0,Leave Event,0.0,"{'node_level': {}, 'link_level': {}, 'path_level': {}}","{'node_level': {}, 'link_level': {}, 'path_level': {}}","{'node_level': {}, 'link_level': {}, 'path_level': {}}",[],0.0,0.0,True,True,False,0,[],0,0.0,,,,,
100,58,8,13333.0,24060.0,7708698.182753999,13711384.383781947,0.5541562759767249,0.5622115146791432,59,189,0,1852.5706333721112,42992.0,7287,35705.0,0.038654353562005306,0.033903349748362954,8,1725.5706333721112,127.0,7,10,False,{},{},{},{},0.0,0.0,0.0,0.0,0.0,0.0,0.0,0.0,0.0,0.0,0.0,0.0,0.0,0.0,Leave Event,0.0,"{'node_level': {}, 'link_level': {}, 'path_level': {}}","{'node_level': {}, 'link_level': {}, 'path_level': {}}","{'node_level': {}, 'link_level': {}, 'path_level': {}}",[],0.0,0.0,True,True,False,0,[],0,0.0,,,,,
100,58,7,13333.0,24060.0,7708698.182753999,13711384.383781947,0.5541562759767249,0.5622115146791432,59,190,0,1886.0417669721396,43099.0,7307,35792.0,0.036015831134564635,0.031549326262243604,95,667.0417669721395,1219.0,3,2,False,{},{},{},{},0.0,0.0,0.0,0.0,0.0,0.0,0.0,0.0,0.0,0.0,0.0,0.0,0.0,0.0,Leave Event,0.0,"{'node_level': {}, 'link_level': {}, 'path_level': {}}","{'node_level': {}, 'link_level': {}, 'path_level': {}}","{'node_level': {}, 'link_level': {}, 'path_level': {}}",[],0.0,0.0,True,True,False,0,[],0,0.0,,,,,
100,58,6,13333.0,24060.0,7708698.182753999,13711384.383781947,0.5541562759767249,0.5622115146791432,59,191,0,2020.2856744871228,43216.0,7332,35884.0,0.032717678100263825,0.029060014070025453,76,1032.2856744871228,988.0,2,1,False,{},{},{},{},0.0,0.0,0.0,0.0,0.0,0.0,0.0,0.0,0.0,0.0,0.0,0.0,0.0,0.0,Leave Event,0.0,"{'node_level': {}, 'link_level': {}, 'path_level': {}}","{'node_level': {}, 'link_level': {}, 'path_level': {}}","{'node_level': {}, 'link_level': {}, 'path_level': {}}",[],0.0,0.0,True,True,False,0,[],0,0.0,,,,,
100,58,5,13333.0,24060.0,7708698.182753999,13711384.383781947,0.5541562759767249,0.5622115146791432,59,192,0,2025.6278746761773,43334.0,7374,35960.0,0.02717678100263854,0.0270036257373234,62,1207.6278746761773,818.0,3,2,False,{},{},{},{},0.0,0.0,0.0,0.0,0.0,0.0,0.0,0.0,0.0,0.0,0.0,0.0,0.0,0.0,Leave Event,0.0,"{'node_level': {}, 'link_level': {}, 'path_level': {}}","{'node_level': {}, 'link_level': {}, 'path_level': {}}","{'node_level': {}, 'link_level': {}, 'path_level': {}}",[],0.0,0.0,True,True,False,0,[],0,0.0,,,,,
100,58,4,13333.0,24060.0,7708698.182753999,13711384.383781947,0.5541562759767249,0.5622115146791432,59,193,0,2066.4594553349366,43459.0,7388,36071.0,0.025329815303430037,0.024000216461929735,87,943.4594553349367,1123.0,2,1,False,{},{},{},{},0.0,0.0,0.0,0.0,0.0,0.0,0.0,0.0,0.0,0.0,0.0,0.0,0.0,0.0,Leave Event,0.0,"{'node_level': {}, 'link_level': {}, 'path_level': {}}","{'node_level': {}, 'link_level': {}, 'path_level': {}}","{'node_level': {}, 'link_level': {}, 'path_level': {}}",[],0.0,0.0,True,True,False,0,[],0,0.0,,,,,
100,58,3,13333.0,24060.0,7708698.182753999,13711384.383781947,0.5541562759767249,0.5622115146791432,59,194,0,2128.543828134915,43578.0,7411,36167.0,0.022295514511873393,0.021402673304832476,98,878.5438281349152,1250.0,3,2,False,{},{},{},{},0.0,0.0,0.0,0.0,0.0,0.0,0.0,0.0,0.0,0.0,0.0,0.0,0.0,0.0,Leave Event,0.0,"{'node_level': {}, 'link_level': {}, 'path_level': {}}","{'node_level': {}, 'link_level': {}, 'path_level': {}}","{'node_level': {}, 'link_level': {}, 'path_level': {}}",[],0.0,0.0,True,True,False,0,[],0,0.0,,,,,
100,58,2,13333.0,24060.0,7708698.182753999,13711384.383781947,0.5541562759767249,0.5622115146791432,59,195,0,2156.9589307215756,44171.0,7497,36674.0,0.010949868073878655,0.007684398506412671,60,1366.9589307215756,790.0,8,10,False,{},{},{},{},0.0,0.0,0.0,0.0,0.0,0.0,0.0,0.0,0.0,0.0,0.0,0.0,0.0,0.0,Leave Event,0.0,"{'node_level': {}, 'link_level': {}, 'path_level': {}}","{'node_level': {}, 'link_level': {}, 'path_level': {}}","{'node_level': {}, 'link_level': {}, 'path_level': {}}",[],0.0,0.0,True,True,False,0,[],0,0.0,,,,,
100,58,2,13333.0,24060.0,7708698.182753999,13711384.383781947,0.5541562759767249,0.5622115146791432,59,196,0,2183.0930481665155,44171.0,7497,36674.0,0.010949868073878655,0.007684398506412671,21,1900.0930481665152,283.0,7,7,False,{},{},{},{},0.0,0.0,0.0,0.0,0.0,0.0,0.0,0.0,0.0,0.0,0.0,0.0,0.0,0.0,Leave Event,0.0,"{'node_level': {}, 'link_level': {}, 'path_level': {}}","{'node_level': {}, 'link_level': {}, 'path_level': {}}","{'node_level': {}, 'link_level': {}, 'path_level': {}}",[],0.0,0.0,True,True,False,0,[],0,0.0,,,,,
100,58,1,13333.0,24060.0,7708698.182753999,13711384.383781947,0.5541562759767249,0.5622115146791432,59,197,0,2243.0219973194276,44380.0,7554,36826.0,0.0034300791556728383,0.0035716218410086764,91,1085.0219973194276,1158.0,4,3,False,{},{},{},{},0.0,0.0,0.0,0.0,0.0,0.0,0.0,0.0,0.0,0.0,0.0,0.0,0.0,0.0,Leave Event,0.0,"{'node_level': {}, 'link_level': {}, 'path_level': {}}","{'node_level': {}, 'link_level': {}, 'path_level': {}}","{'node_level': {}, 'link_level': {}, 'path_level': {}}",[],0.0,0.0,True,True,False,0,[],0,0.0,,,,,
100,58,0,13333.0,24060.0,7708698.182753999,13711384.383781947,0.5541562759767249,0.5622115146791432,59,198,0,2648.8543839563617,44538.0,7580,36958.0,0.0,0.0,93,1465.8543839563617,1183.0,3,3,False,{},{},{},{},0.0,0.0,0.0,0.0,0.0,0.0,0.0,0.0,0.0,0.0,0.0,0.0,0.0,0.0,Leave Event,0.0,"{'node_level': {}, 'link_level': {}, 'path_level': {}}","{'node_level': {}, 'link_level': {}, 'path_level': {}}","{'node_level': {}, 'link_level': {}, 'path_level': {}}",[],0.0,0.0,True,True,False,0,[],0,0.0,,,,,
100,58,0,13333.0,24060.0,7708698.182753999,13711384.383781947,0.5541562759767249,0.5622115146791432,59,199,0,3358.173789893465,44538.0,7580,36958.0,0.0,0.0,73,2413.173789893465,945.0,7,13,False,{},{},{},{},0.0,0.0,0.0,0.0,0.0,0.0,0.0,0.0,0.0,0.0,0.0,0.0,0.0,0.0,Leave Event,0.0,"{'node_level': {}, 'link_level': {}, 'path_level': {}}","{'node_level': {}, 'link_level': {}, 'path_level': {}}","{'node_level': {}, 'link_level': {}, 'path_level': {}}",[],0.0,0.0,True,True,False,0,[],0,0.0,,,,,
