v_net_count,success_count,inservice_count,total_revenue,total_cost,total_time_revenue,total_time_cost,long_term_r2c_ratio,long_term_time_r2c_ratio,num_running_p_net_nodes,event_id,event_type,event_time,p_net_available_resource,p_net_node_available_resource,p_net_link_available_resource,p_net_node_resource_utilization,p_net_link_resource_utilization,v_net_id,v_net_lifetime,v_net_arrival_time,v_net_num_nodes,v_net_num_egdes,result,node_slots,link_paths,node_slots_info,link_paths_info,v_net_cost,v_net_revenue,v_net_demand,v_net_node_demand,v_net_link_demand,v_net_node_revenue,v_net_link_revenue,v_net_node_cost,v_net_link_cost,v_net_path_cost,v_net_r2c_ratio,v_net_time_cost,v_net_time_revenue,v_net_time_rc_ratio,description,v_net_total_hard_constraint_violation,v_net_single_step_constraint_offset,v_net_constraint_offsets,v_net_constraint_violations,v_net_single_step_violation_list,v_net_single_step_hard_constraint_offset,v_net_max_single_step_hard_constraint_violation,place_result,route_result,early_rejection,revoke_times,selected_actions,num_interactions,v_net_reward,num_placed_nodes,num_routed_links,rdma_mode,fallback_count,rdma_link_count
1,0,0,0.0,0.0,0.0,0.0,0.0,0.0,0,0,1,11.0,42634.0,7761,34873.0,0.0,0.0,0,69.22537333413192,11.0,10,20,False,"{1: np.int64(50), 4: np.int64(73), 3: np.int64(85), 2: np.int64(31), 5: np.int64(59), 8: np.int64(66), 6: np.int64(57), 9: np.int64(15)}",{},"{(1, np.int64(50)): {'cpu': 16}, (4, np.int64(73)): {'cpu': 16}, (3, np.int64(85)): {'cpu': 18}, (2, np.int64(31)): {'cpu': 20}, (5, np.int64(59)): {'cpu': 14}, (8, np.int64(66)): {'cpu': 14}, (6, np.int64(57)): {'cpu': 5}, (9, np.int64(15)): {'cpu': 3}}",{},0.0,0.0,816.0,109.0,707.0,0.0,0.0,0.0,0.0,0.0,0.0,0.0,0.0,0.0,Place Failure,0.0,"{'node_level': {}, 'link_level': {}, 'path_level': {}}","{'node_level': {1: {'cpu': -71}, 4: {'cpu': -71}, 3: {'cpu': -80}, 2: {'cpu': -59}, 5: {'cpu': -79}, 8: {'cpu': -52}, 6: {'cpu': -66}, 9: {'cpu': -91}}, 'link_level': {}, 'path_level': {}}","{'node_level': {1: {'cpu': 0}, 4: {'cpu': 0}, 3: {'cpu': 0}, 2: {'cpu': 0}, 5: {'cpu': 0}, 8: {'cpu': 0}, 6: {'cpu': 0}, 9: {'cpu': 0}}, 'link_level': {}, 'path_level': {}}",[],0.0,0.0,False,True,False,0,[],0,0.0,8.0,0.0,,,
2,1,1,175.0,212.0,70509.09262466723,85416.72935102545,0.8254716981132075,0.8254716981132075,5,1,1,15.0,42422.0,7674,34748.0,0.01120989563200614,0.003584434949674531,1,402.9091007123842,15.0,5,5,True,"{1: np.int64(50), 3: np.int64(73), 4: np.int64(85), 0: np.int64(31), 2: np.int64(59)}","{(1, 4): [(np.int64(50), 85)], (1, 3): [(np.int64(50), 55), (55, np.int64(73))], (0, 4): [(np.int64(31), 50), (50, np.int64(85))], (2, 3): [(np.int64(59), 73)], (0, 1): [(np.int64(31), 50)]}","{(1, np.int64(50)): {'cpu': 19}, (3, np.int64(73)): {'cpu': 19}, (4, np.int64(85)): {'cpu': 16}, (0, np.int64(31)): {'cpu': 17}, (2, np.int64(59)): {'cpu': 16}}","{((1, 4), (np.int64(50), 85)): {'bw': 28.0}, ((1, 3), (np.int64(50), 55)): {'bw': 23.0}, ((1, 3), (55, np.int64(73))): {'bw': 23.0}, ((0, 4), (np.int64(31), 50)): {'bw': 14.0}, ((0, 4), (50, np.int64(85))): {'bw': 14.0}, ((2, 3), (np.int64(59), 73)): {'bw': 13.0}, ((0, 1), (np.int64(31), 50)): {'bw': 10.0}}",212.0,175.0,175.0,87.0,88.0,87.0,88.0,87.0,125.0,37.0,0.8254716981132075,85416.72935102545,70509.09262466723,332.59005955031716,Success,0.0,"{'node_level': {}, 'link_level': {}, 'path_level': {}}","{'node_level': {1: {'cpu': -68}, 3: {'cpu': -68}, 4: {'cpu': -82}, 0: {'cpu': -62}, 2: {'cpu': -77}}, 'link_level': {}, 'path_level': {}}","{'node_level': {1: {'cpu': 0}, 3: {'cpu': 0}, 4: {'cpu': 0}, 0: {'cpu': 0}, 2: {'cpu': 0}}, 'link_level': {}, 'path_level': {}}",[],0.0,0.0,True,True,False,0,[],0,0.0,5.0,5.0,"OrderedDict([((1, 4), 0), ((1, 3), 0), ((0, 4), 0), ((2, 3), 0), ((0, 1), 0)])",0.0,0.0
3,1,1,175.0,212.0,70509.09262466723,85416.72935102545,0.8254716981132075,0.8254716981132075,5,2,1,30.0,42422.0,7674,34748.0,0.01120989563200614,0.003584434949674531,2,104.01345834808855,30.0,10,20,False,"{1: np.int64(66), 6: np.int64(57), 0: np.int64(73), 2: np.int64(77), 8: np.int64(50), 7: np.int64(98), 4: np.int64(39), 9: np.int64(52), 3: np.int64(86), 5: np.int64(5)}","{(1, 9): [(np.int64(66), 77), (77, 13), (13, np.int64(52))], (1, 7): [(np.int64(66), 98)]}","{(1, np.int64(66)): {'cpu': 16, 'nic_slots': 1}, (6, np.int64(57)): {'cpu': 19}, (0, np.int64(73)): {'cpu': 16}, (2, np.int64(77)): {'cpu': 11}, (8, np.int64(50)): {'cpu': 15}, (7, np.int64(98)): {'cpu': 14, 'nic_slots': 1}, (4, np.int64(39)): {'cpu': 14}, (9, np.int64(52)): {'cpu': 5}, (3, np.int64(86)): {'cpu': 10}, (5, np.int64(5)): {'cpu': 15}}","{((1, 9), (np.int64(66), 77)): {'bw': 47.0}, ((1, 9), (77, 13)): {'bw': 47.0}, ((1, 9), (13, np.int64(52))): {'bw': 47.0}, ((1, 7), (np.int64(66), 98)): {'bw': 44.0}}",0.0,0.0,631.0,135.0,496.0,0.0,0.0,0.0,0.0,0.0,0.0,0.0,0.0,0.0,Route Failure,0.0,"{'node_level': {}, 'link_level': {}, 'path_level': {}}","{'node_level': {1: {'cpu': -50}, 6: {'cpu': -52}, 0: {'cpu': -52}, 2: {'cpu': -88}, 8: {'cpu': -53}, 7: {'cpu': -45}, 4: {'cpu': -73}, 9: {'cpu': -82}, 3: {'cpu': -50}, 5: {'cpu': -56}}, 'link_level': {}, 'path_level': {}}","{'node_level': {1: {'cpu': 0}, 6: {'cpu': 0}, 0: {'cpu': 0}, 2: {'cpu': 0}, 8: {'cpu': 0}, 7: {'cpu': 0}, 4: {'cpu': 0}, 9: {'cpu': 0}, 3: {'cpu': 0}, 5: {'cpu': 0}}, 'link_level': {}, 'path_level': {}}",[],0.0,0.0,True,False,False,0,[],0,0.0,10.0,2.0,"OrderedDict([((1, 9), 0), ((1, 7), 1)])",0.0,1.0
4,2,2,1039.0,1694.0,1383212.686018693,2337068.031908834,0.6133412042502951,0.5918581175786031,11,3,1,43.0,40940.0,7561,33379.0,0.02576987501610617,0.04284116651851,3,1519.332862724567,43.0,10,27,True,"{1: np.int64(66), 8: np.int64(57), 9: np.int64(73), 2: np.int64(50), 7: np.int64(39), 0: np.int64(5), 4: np.int64(77), 6: np.int64(86), 5: np.int64(85), 3: np.int64(59)}","{(7, 9): [(np.int64(39), 61), (61, np.int64(73))], (0, 7): [(np.int64(5), 6), (6, np.int64(39))], (3, 5): [(np.int64(59), 70), (70, 6), (6, np.int64(85))], (1, 9): [(np.int64(66), 73)], (2, 7): [(np.int64(50), 31), (31, np.int64(39))], (2, 5): [(np.int64(50), 8), (8, 11), (11, np.int64(85))], (1, 3): [(np.int64(66), 2), (2, np.int64(59))], (1, 8): [(np.int64(66), 57)], (1, 7): [(np.int64(66), 18), (18, np.int64(39))], (4, 7): [(np.int64(77), 31), (31, np.int64(39))], (0, 8): [(np.int64(5), 55), (55, np.int64(57))], (2, 4): [(np.int64(50), 77)], (3, 4): [(np.int64(59), 88), (88, np.int64(77))], (3, 9): [(np.int64(59), 73)], (3, 7): [(np.int64(59), 82), (82, np.int64(39))], (3, 8): [(np.int64(59), 57)], (7, 8): [(np.int64(39), 74), (74, np.int64(57))], (4, 6): [(np.int64(77), 86)], (5, 8): [(np.int64(85), 41), (41, np.int64(57))], (1, 4): [(np.int64(66), 77)], (0, 2): [(np.int64(5), 55), (55, np.int64(50))], (4, 8): [(np.int64(77), 66), (66, np.int64(57))], (5, 6): [(np.int64(85), 13), (13, np.int64(86))], (0, 4): [(np.int64(5), 86), (86, np.int64(77))], (6, 9): [(np.int64(86), 73)], (5, 9): [(np.int64(85), 15), (15, np.int64(73))], (1, 6): [(np.int64(66), 77), (77, np.int64(86))]}","{(1, np.int64(66)): {'cpu': 18}, (8, np.int64(57)): {'cpu': 20}, (9, np.int64(73)): {'cpu': 20}, (2, np.int64(50)): {'cpu': 18}, (7, np.int64(39)): {'cpu': 8}, (0, np.int64(5)): {'cpu': 9}, (4, np.int64(77)): {'cpu': 4}, (6, np.int64(86)): {'cpu': 11}, (5, np.int64(85)): {'cpu': 3}, (3, np.int64(59)): {'cpu': 2}}","{((7, 9), (np.int64(39), 61)): {'bw': 49.0}, ((7, 9), (61, np.int64(73))): {'bw': 49.0}, ((0, 7), (np.int64(5), 6)): {'bw': 49.0}, ((0, 7), (6, np.int64(39))): {'bw': 49.0}, ((3, 5), (np.int64(59), 70)): {'bw': 49.0}, ((3, 5), (70, 6)): {'bw': 49.0}, ((3, 5), (6, np.int64(85))): {'bw': 49.0}, ((1, 9), (np.int64(66), 73)): {'bw': 45.0}, ((2, 7), (np.int64(50), 31)): {'bw': 39.0}, ((2, 7), (31, np.int64(39))): {'bw': 39.0}, ((2, 5), (np.int64(50), 8)): {'bw': 41.0}, ((2, 5), (8, 11)): {'bw': 41.0}, ((2, 5), (11, np.int64(85))): {'bw': 41.0}, ((1, 3), (np.int64(66), 2)): {'bw': 39.0}, ((1, 3), (2, np.int64(59))): {'bw': 39.0}, ((1, 8), (np.int64(66), 57)): {'bw': 40.0}, ((1, 7), (np.int64(66), 18)): {'bw': 34.0}, ((1, 7), (18, np.int64(39))): {'bw': 34.0}, ((4, 7), (np.int64(77), 31)): {'bw': 34.0}, ((4, 7), (31, np.int64(39))): {'bw': 34.0}, ((0, 8), (np.int64(5), 55)): {'bw': 33.0}, ((0, 8), (55, np.int64(57))): {'bw': 33.0}, ((2, 4), (np.int64(50), 77)): {'bw': 31.0}, ((3, 4), (np.int64(59), 88)): {'bw': 26.0}, ((3, 4), (88, np.int64(77))): {'bw': 26.0}, ((3, 9), (np.int64(59), 73)): {'bw': 29.0}, ((3, 7), (np.int64(59), 82)): {'bw': 28.0}, ((3, 7), (82, np.int64(39))): {'bw': 28.0}, ((3, 8), (np.int64(59), 57)): {'bw': 26.0}, ((7, 8), (np.int64(39), 74)): {'bw': 25.0}, ((7, 8), (74, np.int64(57))): {'bw': 25.0}, ((4, 6), (np.int64(77), 86)): {'bw': 23.0}, ((5, 8), (np.int64(85), 41)): {'bw': 23.0}, ((5, 8), (41, np.int64(57))): {'bw': 23.0}, ((1, 4), (np.int64(66), 77)): {'bw': 21.0}, ((0, 2), (np.int64(5), 55)): {'bw': 14.0}, ((0, 2), (55, np.int64(50))): {'bw': 14.0}, ((4, 8), (np.int64(77), 66)): {'bw': 13.0}, ((4, 8), (66, np.int64(57))): {'bw': 13.0}, ((5, 6), (np.int64(85), 13)): {'bw': 12.0}, ((5, 6), (13, np.int64(86))): {'bw': 12.0}, ((0, 4), (np.int64(5), 86)): {'bw': 9.0}, ((0, 4), (86, np.int64(77))): {'bw': 9.0}, ((6, 9), (np.int64(86), 73)): {'bw': 8.0}, ((5, 9), (np.int64(85), 15)): {'bw': 8.0}, ((5, 9), (15, np.int64(73))): {'bw': 8.0}, ((1, 6), (np.int64(66), 77)): {'bw': 3.0}, ((1, 6), (77, np.int64(86))): {'bw': 3.0}}",1482.0,864.0,864.0,113.0,751.0,113.0,751.0,113.0,1369.0,618.0,0.582995951417004,2251651.3025578083,1312703.5933940257,885.7649078232292,Success,0.0,"{'node_level': {}, 'link_level': {}, 'path_level': {}}","{'node_level': {1: {'cpu': -48}, 8: {'cpu': -51}, 9: {'cpu': -48}, 2: {'cpu': -50}, 7: {'cpu': -79}, 0: {'cpu': -62}, 4: {'cpu': -95}, 6: {'cpu': -49}, 5: {'cpu': -79}, 3: {'cpu': -75}}, 'link_level': {}, 'path_level': {}}","{'node_level': {1: {'cpu': 0}, 8: {'cpu': 0}, 9: {'cpu': 0}, 2: {'cpu': 0}, 7: {'cpu': 0}, 0: {'cpu': 0}, 4: {'cpu': 0}, 6: {'cpu': 0}, 5: {'cpu': 0}, 3: {'cpu': 0}}, 'link_level': {}, 'path_level': {}}",[],0.0,0.0,True,True,False,0,[],0,0.0,10.0,27.0,"OrderedDict([((7, 9), 0), ((0, 7), 0), ((3, 5), 0), ((1, 9), 0), ((2, 7), 0), ((2, 5), 0), ((1, 3), 0), ((1, 8), 0), ((1, 7), 0), ((4, 7), 0), ((0, 8), 0), ((2, 4), 0), ((3, 4), 0), ((3, 9), 0), ((3, 7), 0), ((3, 8), 0), ((7, 8), 0), ((4, 6), 0), ((5, 8), 0), ((1, 4), 0), ((0, 2), 0), ((4, 8), 0), ((5, 6), 0), ((0, 4), 0), ((6, 9), 0), ((5, 9), 0), ((1, 6), 0)])",5.0,0.0
5,3,3,1071.0,1726.0,1401524.4271297029,2355379.7730198437,0.6205098493626883,0.5950311891032339,13,4,1,59.0,40908.0,7546,33362.0,0.027702615642314132,0.04332864967166572,4,572.2419097190561,59.0,2,1,True,"{0: np.int64(52), 1: np.int64(54)}","{(0, 1): [(np.int64(52), 54)]}","{(0, np.int64(52)): {'cpu': 12}, (1, np.int64(54)): {'cpu': 3}}","{((0, 1), (np.int64(52), 54)): {'bw': 17.0}}",32.0,32.0,32.0,15.0,17.0,15.0,17.0,15.0,17.0,0.0,1.0,18311.741111009796,18311.741111009796,572.2419097190561,Success,0.0,"{'node_level': {}, 'link_level': {}, 'path_level': {}}","{'node_level': {0: {'cpu': -75}, 1: {'cpu': -80}}, 'link_level': {}, 'path_level': {}}","{'node_level': {0: {'cpu': 0}, 1: {'cpu': 0}}, 'link_level': {}, 'path_level': {}}",[],0.0,0.0,True,True,False,0,[],0,0.0,2.0,1.0,"OrderedDict([((0, 1), 0)])",0.0,0.0
6,4,4,1398.0,2260.0,1528849.7138793382,2563305.4706476885,0.6185840707964602,0.5964368006022447,20,5,1,71.0,40374.0,7455,32919.0,0.03942790877464242,0.05603188713331231,5,389.37396559521494,71.0,7,12,True,"{3: np.int64(60), 2: np.int64(38), 1: np.int64(67), 5: np.int64(21), 0: np.int64(97), 4: np.int64(45), 6: np.int64(65)}","{(1, 3): [(np.int64(67), 60)], (2, 4): [(np.int64(38), 45)], (2, 6): [(np.int64(38), 64), (64, 94), (94, 74), (74, np.int64(65))], (2, 5): [(np.int64(38), 4), (4, np.int64(21))], (0, 3): [(np.int64(97), 7), (7, np.int64(60))], (4, 5): [(np.int64(45), 59), (59, 2), (2, np.int64(21))], (0, 4): [(np.int64(97), 45)], (3, 4): [(np.int64(60), 7), (7, np.int64(45))], (3, 6): [(np.int64(60), 95), (95, np.int64(65))], (1, 4): [(np.int64(67), 38), (38, np.int64(45))], (1, 5): [(np.int64(67), 76), (76, np.int64(21))], (2, 3): [(np.int64(38), 60)]}","{(3, np.int64(60)): {'cpu': 20}, (2, np.int64(38)): {'cpu': 14, 'nic_slots': 2}, (1, np.int64(67)): {'cpu': 13}, (5, np.int64(21)): {'cpu': 16, 'nic_slots': 1}, (0, np.int64(97)): {'cpu': 14}, (4, np.int64(45)): {'cpu': 5}, (6, np.int64(65)): {'cpu': 9, 'nic_slots': 1}}","{((1, 3), (np.int64(67), 60)): {'bw': 48.0}, ((2, 4), (np.int64(38), 45)): {'bw': 45.0}, ((2, 6), (np.int64(38), 64)): {'bw': 34.0}, ((2, 6), (64, 94)): {'bw': 34.0}, ((2, 6), (94, 74)): {'bw': 34.0}, ((2, 6), (74, np.int64(65))): {'bw': 34.0}, ((2, 5), (np.int64(38), 4)): {'bw': 27.0}, ((2, 5), (4, np.int64(21))): {'bw': 27.0}, ((0, 3), (np.int64(97), 7)): {'bw': 17.0}, ((0, 3), (7, np.int64(60))): {'bw': 17.0}, ((4, 5), (np.int64(45), 59)): {'bw': 15.0}, ((4, 5), (59, 2)): {'bw': 15.0}, ((4, 5), (2, np.int64(21))): {'bw': 15.0}, ((0, 4), (np.int64(97), 45)): {'bw': 17.0}, ((3, 4), (np.int64(60), 7)): {'bw': 9.0}, ((3, 4), (7, np.int64(45))): {'bw': 9.0}, ((3, 6), (np.int64(60), 95)): {'bw': 11.0}, ((3, 6), (95, np.int64(65))): {'bw': 11.0}, ((1, 4), (np.int64(67), 38)): {'bw': 9.0}, ((1, 4), (38, np.int64(45))): {'bw': 9.0}, ((1, 5), (np.int64(67), 76)): {'bw': 2.0}, ((1, 5), (76, np.int64(21))): {'bw': 2.0}, ((2, 3), (np.int64(38), 60)): {'bw': 2.0}}",534.0,327.0,327.0,91.0,236.0,91.0,236.0,91.0,443.0,207.0,0.6123595505617978,207925.69762784478,127325.28674963528,238.43686657235074,Success,0.0,"{'node_level': {}, 'link_level': {}, 'path_level': {}}","{'node_level': {3: {'cpu': -66}, 2: {'cpu': -84}, 1: {'cpu': -87}, 5: {'cpu': -60}, 0: {'cpu': -84}, 4: {'cpu': -73}, 6: {'cpu': -73}}, 'link_level': {}, 'path_level': {}}","{'node_level': {3: {'cpu': 0}, 2: {'cpu': 0}, 1: {'cpu': 0}, 5: {'cpu': 0}, 0: {'cpu': 0}, 4: {'cpu': 0}, 6: {'cpu': 0}}, 'link_level': {}, 'path_level': {}}",[],0.0,0.0,True,True,False,0,[],0,0.0,7.0,12.0,"OrderedDict([((1, 3), 0), ((2, 4), 0), ((2, 6), 1), ((2, 5), 1), ((0, 3), 0), ((4, 5), 0), ((0, 4), 0), ((3, 4), 0), ((3, 6), 0), ((1, 4), 0), ((1, 5), 0), ((2, 3), 0)])",0.0,2.0
6,4,4,1398.0,2260.0,1528849.7138793382,2563305.4706476885,0.6185840707964602,0.5964368006022447,20,6,0,80.22537333413192,40374.0,7455,32919.0,0.03942790877464242,0.05603188713331231,0,69.22537333413192,11.0,10,20,False,{},{},{},{},0.0,0.0,0.0,0.0,0.0,0.0,0.0,0.0,0.0,0.0,0.0,0.0,0.0,0.0,Leave Event,0.0,"{'node_level': {}, 'link_level': {}, 'path_level': {}}","{'node_level': {}, 'link_level': {}, 'path_level': {}}","{'node_level': {}, 'link_level': {}, 'path_level': {}}",[],0.0,0.0,True,True,False,0,[],0,0.0,,,,,
7,5,5,1580.0,2476.0,1640615.8451760032,2695950.9891096647,0.6381260096930533,0.6085480974258419,24,7,1,88.0,40158.0,7390,32768.0,0.04780311815487692,0.06036188455251912,6,614.0996225091485,88.0,5,5,True,"{0: np.int64(54), 2: np.int64(9), 1: np.int64(29), 3: np.int64(15), 4: np.int64(13)}","{(1, 2): [(np.int64(29), 9)], (0, 2): [(np.int64(54), 9)], (0, 1): [(np.int64(54), 52), (52, np.int64(29))], (0, 3): [(np.int64(54), 59), (59, 73), (73, np.int64(15))], (1, 4): [(np.int64(29), 13)]}","{(0, np.int64(54)): {'cpu': 20}, (2, np.int64(9)): {'cpu': 15}, (1, np.int64(29)): {'cpu': 9}, (3, np.int64(15)): {'cpu': 7}, (4, np.int64(13)): {'cpu': 14}}","{((1, 2), (np.int64(29), 9)): {'bw': 50.0}, ((0, 2), (np.int64(54), 9)): {'bw': 36.0}, ((0, 1), (np.int64(54), 52)): {'bw': 24.0}, ((0, 1), (52, np.int64(29))): {'bw': 24.0}, ((0, 3), (np.int64(54), 59)): {'bw': 5.0}, ((0, 3), (59, 73)): {'bw': 5.0}, ((0, 3), (73, np.int64(15))): {'bw': 5.0}, ((1, 4), (np.int64(29), 13)): {'bw': 2.0}}",216.0,182.0,182.0,65.0,117.0,65.0,117.0,65.0,151.0,34.0,0.8425925925925926,132645.51846197608,111766.13129666503,517.4357930401159,Success,0.0,"{'node_level': {}, 'link_level': {}, 'path_level': {}}","{'node_level': {0: {'cpu': -60}, 2: {'cpu': -76}, 1: {'cpu': -87}, 3: {'cpu': -87}, 4: {'cpu': -68}}, 'link_level': {}, 'path_level': {}}","{'node_level': {0: {'cpu': 0}, 2: {'cpu': 0}, 1: {'cpu': 0}, 3: {'cpu': 0}, 4: {'cpu': 0}}, 'link_level': {}, 'path_level': {}}",[],0.0,0.0,True,True,False,0,[],0,0.0,5.0,5.0,"OrderedDict([((1, 2), 0), ((0, 2), 0), ((0, 1), 0), ((0, 3), 0), ((1, 4), 0)])",0.0,0.0
8,6,6,1908.0,3077.0,1690860.7207333473,2788015.532432725,0.6200844978875528,0.6064746415734497,26,8,1,94.0,39557.0,7325,32232.0,0.05617832753511143,0.07573194161672359,7,153.18559621141526,94.0,7,9,True,"{5: np.int64(5), 1: np.int64(31), 4: np.int64(82), 3: np.int64(15), 0: np.int64(52), 2: np.int64(44), 6: np.int64(85)}","{(2, 4): [(np.int64(44), 63), (63, np.int64(82))], (0, 4): [(np.int64(52), 29), (29, 39), (39, np.int64(82))], (1, 5): [(np.int64(31), 5)], (0, 6): [(np.int64(52), 85)], (3, 4): [(np.int64(15), 35), (35, 38), (38, np.int64(82))], (4, 5): [(np.int64(82), 10), (10, 21), (21, np.int64(5))], (3, 6): [(np.int64(15), 85)], (1, 2): [(np.int64(31), 12), (12, np.int64(44))], (2, 5): [(np.int64(44), 21), (21, np.int64(5))]}","{(5, np.int64(5)): {'cpu': 19}, (1, np.int64(31)): {'cpu': 15}, (4, np.int64(82)): {'cpu': 5}, (3, np.int64(15)): {'cpu': 14}, (0, np.int64(52)): {'cpu': 4}, (2, np.int64(44)): {'cpu': 4}, (6, np.int64(85)): {'cpu': 4}}","{((2, 4), (np.int64(44), 63)): {'bw': 47.0}, ((2, 4), (63, np.int64(82))): {'bw': 47.0}, ((0, 4), (np.int64(52), 29)): {'bw': 45.0}, ((0, 4), (29, 39)): {'bw': 45.0}, ((0, 4), (39, np.int64(82))): {'bw': 45.0}, ((1, 5), (np.int64(31), 5)): {'bw': 40.0}, ((0, 6), (np.int64(52), 85)): {'bw': 36.0}, ((3, 4), (np.int64(15), 35)): {'bw': 35.0}, ((3, 4), (35, 38)): {'bw': 35.0}, ((3, 4), (38, np.int64(82))): {'bw': 35.0}, ((4, 5), (np.int64(82), 10)): {'bw': 25.0}, ((4, 5), (10, 21)): {'bw': 25.0}, ((4, 5), (21, np.int64(5))): {'bw': 25.0}, ((3, 6), (np.int64(15), 85)): {'bw': 19.0}, ((1, 2), (np.int64(31), 12)): {'bw': 15.0}, ((1, 2), (12, np.int64(44))): {'bw': 15.0}, ((2, 5), (np.int64(44), 21)): {'bw': 1.0}, ((2, 5), (21, np.int64(5))): {'bw': 1.0}}",601.0,328.0,328.0,65.0,263.0,65.0,263.0,65.0,536.0,273.0,0.5457570715474209,92064.54332306057,50244.8755573442,83.60212239158768,Success,0.0,"{'node_level': {}, 'link_level': {}, 'path_level': {}}","{'node_level': {5: {'cpu': -43}, 1: {'cpu': -47}, 4: {'cpu': -71}, 3: {'cpu': -73}, 0: {'cpu': -71}, 2: {'cpu': -60}, 6: {'cpu': -75}}, 'link_level': {}, 'path_level': {}}","{'node_level': {5: {'cpu': 0}, 1: {'cpu': 0}, 4: {'cpu': 0}, 3: {'cpu': 0}, 0: {'cpu': 0}, 2: {'cpu': 0}, 6: {'cpu': 0}}, 'link_level': {}, 'path_level': {}}",[],0.0,0.0,True,True,False,0,[],0,0.0,7.0,9.0,"OrderedDict([((2, 4), 0), ((0, 4), 0), ((1, 5), 0), ((0, 6), 0), ((3, 4), 0), ((4, 5), 0), ((3, 6), 0), ((1, 2), 0), ((2, 5), 0)])",1.0,0.0
9,6,6,1908.0,3077.0,1690860.7207333473,2788015.532432725,0.6200844978875528,0.6064746415734497,26,9,1,107.0,39557.0,7325,32232.0,0.05617832753511143,0.07573194161672359,8,1306.7725652947581,107.0,9,21,False,"{3: np.int64(97), 2: np.int64(65), 6: np.int64(4), 7: np.int64(69), 1: np.int64(68), 8: np.int64(76), 4: np.int64(50), 5: np.int64(57), 0: np.int64(86)}","{(3, 7): [(np.int64(97), 69)], (1, 6): [(np.int64(68), 4)], (3, 8): [(np.int64(97), 50), (50, np.int64(76))], (2, 3): [(np.int64(65), 6), (6, 77), (77, np.int64(97))], (0, 1): [(np.int64(86), 88), (88, np.int64(68))], (3, 5): [(np.int64(97), 45), (45, 59), (59, np.int64(57))], (1, 2): [(np.int64(68), 23), (23, np.int64(65))]}","{(3, np.int64(97)): {'cpu': 15}, (2, np.int64(65)): {'cpu': 19, 'nic_slots': 1}, (6, np.int64(4)): {'cpu': 15, 'nic_slots': 1}, (7, np.int64(69)): {'cpu': 16}, (1, np.int64(68)): {'cpu': 5, 'nic_slots': 2}, (8, np.int64(76)): {'cpu': 9}, (4, np.int64(50)): {'cpu': 11}, (5, np.int64(57)): {'cpu': 3}, (0, np.int64(86)): {'cpu': 4}}","{((3, 7), (np.int64(97), 69)): {'bw': 46.0}, ((1, 6), (np.int64(68), 4)): {'bw': 48.0}, ((3, 8), (np.int64(97), 50)): {'bw': 41.0}, ((3, 8), (50, np.int64(76))): {'bw': 41.0}, ((2, 3), (np.int64(65), 6)): {'bw': 41.0}, ((2, 3), (6, 77)): {'bw': 41.0}, ((2, 3), (77, np.int64(97))): {'bw': 41.0}, ((0, 1), (np.int64(86), 88)): {'bw': 38.0}, ((0, 1), (88, np.int64(68))): {'bw': 38.0}, ((3, 5), (np.int64(97), 45)): {'bw': 40.0}, ((3, 5), (45, 59)): {'bw': 40.0}, ((3, 5), (59, np.int64(57))): {'bw': 40.0}, ((1, 2), (np.int64(68), 23)): {'bw': 34.0}, ((1, 2), (23, np.int64(65))): {'bw': 34.0}}",0.0,0.0,657.0,97.0,560.0,0.0,0.0,0.0,0.0,0.0,0.0,0.0,0.0,0.0,Route Failure,0.0,"{'node_level': {}, 'link_level': {}, 'path_level': {}}","{'node_level': {3: {'cpu': -69}, 2: {'cpu': -54}, 6: {'cpu': -35}, 7: {'cpu': -45}, 1: {'cpu': -63}, 8: {'cpu': -74}, 4: {'cpu': -39}, 5: {'cpu': -48}, 0: {'cpu': -45}}, 'link_level': {}, 'path_level': {}}","{'node_level': {3: {'cpu': 0}, 2: {'cpu': 0}, 6: {'cpu': 0}, 7: {'cpu': 0}, 1: {'cpu': 0}, 8: {'cpu': 0}, 4: {'cpu': 0}, 5: {'cpu': 0}, 0: {'cpu': 0}}, 'link_level': {}, 'path_level': {}}",[],0.0,0.0,True,False,False,0,[],0,0.0,9.0,7.0,"OrderedDict([((3, 7), 0), ((1, 6), 1), ((3, 8), 0), ((2, 3), 0), ((0, 1), 0), ((3, 5), 0), ((1, 2), 1)])",0.0,2.0
10,6,6,1908.0,3077.0,1690860.7207333473,2788015.532432725,0.6200844978875528,0.6064746415734497,26,10,1,116.0,39557.0,7325,32232.0,0.05617832753511143,0.07573194161672359,9,913.7753751417193,116.0,8,16,False,"{1: np.int64(97), 0: np.int64(65), 4: np.int64(68), 3: np.int64(4), 7: np.int64(50), 2: np.int64(76), 6: np.int64(32), 5: np.int64(86)}","{(1, 4): [(np.int64(97), 50), (50, 23), (23, np.int64(68))], (0, 1): [(np.int64(65), 69), (69, np.int64(97))], (3, 5): [(np.int64(4), 22), (22, np.int64(86))], (0, 2): [(np.int64(65), 44), (44, np.int64(76))], (3, 4): [(np.int64(4), 68)], (1, 3): [(np.int64(97), 45), (45, 7), (7, 4)]}","{(1, np.int64(97)): {'cpu': 13}, (0, np.int64(65)): {'cpu': 11}, (4, np.int64(68)): {'cpu': 8, 'nic_slots': 1}, (3, np.int64(4)): {'cpu': 4, 'nic_slots': 1}, (7, np.int64(50)): {'cpu': 16}, (2, np.int64(76)): {'cpu': 6}, (6, np.int64(32)): {'cpu': 3}, (5, np.int64(86)): {'cpu': 1}}","{((1, 4), (np.int64(97), 50)): {'bw': 48.0}, ((1, 4), (50, 23)): {'bw': 48.0}, ((1, 4), (23, np.int64(68))): {'bw': 48.0}, ((0, 1), (np.int64(65), 69)): {'bw': 47.0}, ((0, 1), (69, np.int64(97))): {'bw': 47.0}, ((3, 5), (np.int64(4), 22)): {'bw': 44.0}, ((3, 5), (22, np.int64(86))): {'bw': 44.0}, ((0, 2), (np.int64(65), 44)): {'bw': 42.0}, ((0, 2), (44, np.int64(76))): {'bw': 42.0}, ((3, 4), (np.int64(4), 68)): {'bw': 42.0}, ((1, 3), (np.int64(97), 45)): {'bw': 39.0}, ((1, 3), (45, 7)): {'bw': 39.0}, ((1, 3), (7, 4)): {'bw': 39.0}}",0.0,0.0,436.0,62.0,374.0,0.0,0.0,0.0,0.0,0.0,0.0,0.0,0.0,0.0,Route Failure,0.0,"{'node_level': {}, 'link_level': {}, 'path_level': {}}","{'node_level': {1: {'cpu': -71}, 0: {'cpu': -62}, 4: {'cpu': -60}, 3: {'cpu': -46}, 7: {'cpu': -34}, 2: {'cpu': -77}, 6: {'cpu': -89}, 5: {'cpu': -48}}, 'link_level': {}, 'path_level': {}}","{'node_level': {1: {'cpu': 0}, 0: {'cpu': 0}, 4: {'cpu': 0}, 3: {'cpu': 0}, 7: {'cpu': 0}, 2: {'cpu': 0}, 6: {'cpu': 0}, 5: {'cpu': 0}}, 'link_level': {}, 'path_level': {}}",[],0.0,0.0,True,False,False,0,[],0,0.0,8.0,6.0,"OrderedDict([((1, 4), 0), ((0, 1), 0), ((3, 5), 0), ((0, 2), 0), ((3, 4), 1), ((1, 3), 0)])",0.0,1.0
11,7,7,1962.0,3163.0,1725847.1561850735,2843734.670374363,0.6202971862156181,0.6068945792182062,27,11,1,128.0,39471.0,7303,32168.0,0.05901301378688317,0.07756717231095689,10,647.8969528097425,128.0,2,1,True,"{1: np.int64(97), 0: np.int64(76)}","{(0, 1): [(np.int64(76), 50), (50, np.int64(97))]}","{(1, np.int64(97)): {'cpu': 15}, (0, np.int64(76)): {'cpu': 7}}","{((0, 1), (np.int64(76), 50)): {'bw': 32.0}, ((0, 1), (50, np.int64(97))): {'bw': 32.0}}",86.0,54.0,54.0,22.0,32.0,22.0,32.0,22.0,64.0,32.0,0.627906976744186,55719.137941637855,34986.435451726094,406.819016880536,Success,0.0,"{'node_level': {}, 'link_level': {}, 'path_level': {}}","{'node_level': {1: {'cpu': -69}, 0: {'cpu': -76}}, 'link_level': {}, 'path_level': {}}","{'node_level': {1: {'cpu': 0}, 0: {'cpu': 0}}, 'link_level': {}, 'path_level': {}}",[],0.0,0.0,True,True,False,0,[],0,0.0,2.0,1.0,"OrderedDict([((0, 1), 0)])",0.0,0.0
11,7,7,1962.0,3163.0,1725847.1561850735,2843734.670374363,0.6202971862156181,0.6068945792182062,27,12,0,134.01345834808853,39471.0,7303,32168.0,0.05901301378688317,0.07756717231095689,2,104.01345834808855,30.0,10,20,False,{},{},{},{},0.0,0.0,0.0,0.0,0.0,0.0,0.0,0.0,0.0,0.0,0.0,0.0,0.0,0.0,Leave Event,0.0,"{'node_level': {}, 'link_level': {}, 'path_level': {}}","{'node_level': {}, 'link_level': {}, 'path_level': {}}","{'node_level': {}, 'link_level': {}, 'path_level': {}}",[],0.0,0.0,True,True,False,0,[],0,0.0,,,,,
12,8,8,2291.0,3850.0,1833493.98677787,3068516.9579647924,0.5950649350649351,0.5975179579890421,30,13,1,142.0,38784.0,7215,31569.0,0.07035175879396982,0.09474378458979726,11,327.1940139598675,142.0,6,9,True,"{5: np.int64(65), 4: np.int64(68), 1: np.int64(4), 3: np.int64(57), 0: np.int64(86), 2: np.int64(22)}","{(1, 5): [(np.int64(4), 68), (68, 23), (23, np.int64(65))], (1, 4): [(np.int64(4), 21), (21, 5), (5, 1), (1, np.int64(68))], (3, 5): [(np.int64(57), 65)], (2, 3): [(np.int64(22), 90), (90, np.int64(57))], (3, 4): [(np.int64(57), 90), (90, 54), (54, np.int64(68))], (4, 5): [(np.int64(68), 1), (1, np.int64(65))], (0, 5): [(np.int64(86), 95), (95, np.int64(65))], (0, 4): [(np.int64(86), 88), (88, np.int64(68))], (0, 1): [(np.int64(86), 22), (22, np.int64(4))]}","{(5, np.int64(65)): {'cpu': 20, 'nic_slots': 1}, (4, np.int64(68)): {'cpu': 15, 'nic_slots': 1}, (1, np.int64(4)): {'cpu': 12, 'nic_slots': 2}, (3, np.int64(57)): {'cpu': 10}, (0, np.int64(86)): {'cpu': 19}, (2, np.int64(22)): {'cpu': 12}}","{((1, 5), (np.int64(4), 68)): {'bw': 50.0}, ((1, 5), (68, 23)): {'bw': 50.0}, ((1, 5), (23, np.int64(65))): {'bw': 50.0}, ((1, 4), (np.int64(4), 21)): {'bw': 42.0}, ((1, 4), (21, 5)): {'bw': 42.0}, ((1, 4), (5, 1)): {'bw': 42.0}, ((1, 4), (1, np.int64(68))): {'bw': 42.0}, ((3, 5), (np.int64(57), 65)): {'bw': 43.0}, ((2, 3), (np.int64(22), 90)): {'bw': 30.0}, ((2, 3), (90, np.int64(57))): {'bw': 30.0}, ((3, 4), (np.int64(57), 90)): {'bw': 26.0}, ((3, 4), (90, 54)): {'bw': 26.0}, ((3, 4), (54, np.int64(68))): {'bw': 26.0}, ((4, 5), (np.int64(68), 1)): {'bw': 22.0}, ((4, 5), (1, np.int64(65))): {'bw': 22.0}, ((0, 5), (np.int64(86), 95)): {'bw': 19.0}, ((0, 5), (95, np.int64(65))): {'bw': 19.0}, ((0, 4), (np.int64(86), 88)): {'bw': 7.0}, ((0, 4), (88, np.int64(68))): {'bw': 7.0}, ((0, 1), (np.int64(86), 22)): {'bw': 2.0}, ((0, 1), (22, np.int64(4))): {'bw': 2.0}}",687.0,329.0,329.0,88.0,241.0,88.0,241.0,88.0,599.0,358.0,0.47889374090247455,224782.28759042898,107646.83059279641,156.69116534613744,Success,0.0,"{'node_level': {}, 'link_level': {}, 'path_level': {}}","{'node_level': {5: {'cpu': -53}, 4: {'cpu': -53}, 1: {'cpu': -38}, 3: {'cpu': -41}, 0: {'cpu': -30}, 2: {'cpu': -60}}, 'link_level': {}, 'path_level': {}}","{'node_level': {5: {'cpu': 0}, 4: {'cpu': 0}, 1: {'cpu': 0}, 3: {'cpu': 0}, 0: {'cpu': 0}, 2: {'cpu': 0}}, 'link_level': {}, 'path_level': {}}",[],0.0,0.0,True,True,False,0,[],0,0.0,6.0,9.0,"OrderedDict([((1, 5), 1), ((1, 4), 1), ((3, 5), 0), ((2, 3), 0), ((3, 4), 0), ((4, 5), 0), ((0, 5), 0), ((0, 4), 0), ((0, 1), 0)])",1.0,2.0
13,8,8,2291.0,3850.0,1833493.98677787,3068516.9579647924,0.5950649350649351,0.5975179579890421,30,14,1,156.0,38784.0,7215,31569.0,0.07035175879396982,0.09474378458979726,12,922.9067672351506,156.0,9,17,False,"{3: np.int64(73), 2: np.int64(69), 6: np.int64(53), 5: np.int64(32), 4: np.int64(45), 1: np.int64(66), 7: np.int64(13)}",{},"{(3, np.int64(73)): {'cpu': 11}, (2, np.int64(69)): {'cpu': 16}, (6, np.int64(53)): {'cpu': 9}, (5, np.int64(32)): {'cpu': 13}, (4, np.int64(45)): {'cpu': 17}, (1, np.int64(66)): {'cpu': 19}, (7, np.int64(13)): {'cpu': 16}}",{},0.0,0.0,612.0,111.0,501.0,0.0,0.0,0.0,0.0,0.0,0.0,0.0,0.0,0.0,Place Failure,0.0,"{'node_level': {}, 'link_level': {}, 'path_level': {}}","{'node_level': {3: {'cpu': -37}, 2: {'cpu': -45}, 6: {'cpu': -87}, 5: {'cpu': -79}, 4: {'cpu': -56}, 1: {'cpu': -29}, 7: {'cpu': -52}}, 'link_level': {}, 'path_level': {}}","{'node_level': {3: {'cpu': 0}, 2: {'cpu': 0}, 6: {'cpu': 0}, 5: {'cpu': 0}, 4: {'cpu': 0}, 1: {'cpu': 0}, 7: {'cpu': 0}}, 'link_level': {}, 'path_level': {}}",[],0.0,0.0,False,True,False,0,[],0,0.0,7.0,0.0,,,
14,8,8,2291.0,3850.0,1833493.98677787,3068516.9579647924,0.5950649350649351,0.5975179579890421,30,15,1,166.0,38784.0,7215,31569.0,0.07035175879396982,0.09474378458979726,13,682.7604622614016,166.0,10,25,False,"{7: np.int64(73), 8: np.int64(66), 3: np.int64(69), 2: np.int64(53), 1: np.int64(32), 6: np.int64(45)}",{},"{(7, np.int64(73)): {'cpu': 18}, (8, np.int64(66)): {'cpu': 18}, (3, np.int64(69)): {'cpu': 15}, (2, np.int64(53)): {'cpu': 12}, (1, np.int64(32)): {'cpu': 14}, (6, np.int64(45)): {'cpu': 13}}",{},0.0,0.0,885.0,103.0,782.0,0.0,0.0,0.0,0.0,0.0,0.0,0.0,0.0,0.0,Place Failure,0.0,"{'node_level': {}, 'link_level': {}, 'path_level': {}}","{'node_level': {7: {'cpu': -30}, 8: {'cpu': -30}, 3: {'cpu': -46}, 2: {'cpu': -84}, 1: {'cpu': -78}, 6: {'cpu': -60}}, 'link_level': {}, 'path_level': {}}","{'node_level': {7: {'cpu': 0}, 8: {'cpu': 0}, 3: {'cpu': 0}, 2: {'cpu': 0}, 1: {'cpu': 0}, 6: {'cpu': 0}}, 'link_level': {}, 'path_level': {}}",[],0.0,0.0,False,True,False,0,[],0,0.0,6.0,0.0,,,
15,9,9,2393.0,3998.0,1888562.1889125388,3148419.8394935275,0.5985492746373187,0.5998444569630026,32,16,1,174.0,38636.0,7199,31437.0,0.07241334879525829,0.09852894789665356,14,539.8843346536152,174.0,3,3,True,"{0: np.int64(73), 2: np.int64(69), 1: np.int64(53)}","{(1, 2): [(np.int64(53), 69)], (0, 2): [(np.int64(73), 97), (97, np.int64(69))], (0, 1): [(np.int64(73), 15), (15, 26), (26, np.int64(53))]}","{(0, np.int64(73)): {'cpu': 11}, (2, np.int64(69)): {'cpu': 2}, (1, np.int64(53)): {'cpu': 3}}","{((1, 2), (np.int64(53), 69)): {'bw': 43.0}, ((0, 2), (np.int64(73), 97)): {'bw': 40.0}, ((0, 2), (97, np.int64(69))): {'bw': 40.0}, ((0, 1), (np.int64(73), 15)): {'bw': 3.0}, ((0, 1), (15, 26)): {'bw': 3.0}, ((0, 1), (26, np.int64(53))): {'bw': 3.0}}",148.0,102.0,102.0,16.0,86.0,16.0,86.0,16.0,132.0,46.0,0.6891891891891891,79902.88152873504,55068.20213466875,372.0824468558699,Success,0.0,"{'node_level': {}, 'link_level': {}, 'path_level': {}}","{'node_level': {0: {'cpu': -37}, 2: {'cpu': -59}, 1: {'cpu': -93}}, 'link_level': {}, 'path_level': {}}","{'node_level': {0: {'cpu': 0}, 2: {'cpu': 0}, 1: {'cpu': 0}}, 'link_level': {}, 'path_level': {}}",[],0.0,0.0,True,True,False,0,[],0,0.0,3.0,3.0,"OrderedDict([((1, 2), 0), ((0, 2), 0), ((0, 1), 0)])",0.0,0.0
16,9,9,2393.0,3998.0,1888562.1889125388,3148419.8394935275,0.5985492746373187,0.5998444569630026,32,17,1,183.0,38636.0,7199,31437.0,0.07241334879525829,0.09852894789665356,15,1226.560215560672,183.0,8,12,False,"{7: np.int64(32), 5: np.int64(45), 1: np.int64(59), 4: np.int64(66), 0: np.int64(13)}",{},"{(7, np.int64(32)): {'cpu': 19}, (5, np.int64(45)): {'cpu': 20}, (1, np.int64(59)): {'cpu': 15}, (4, np.int64(66)): {'cpu': 15}, (0, np.int64(13)): {'cpu': 11}}",{},0.0,0.0,350.0,97.0,253.0,0.0,0.0,0.0,0.0,0.0,0.0,0.0,0.0,0.0,Place Failure,0.0,"{'node_level': {}, 'link_level': {}, 'path_level': {}}","{'node_level': {7: {'cpu': -73}, 5: {'cpu': -53}, 1: {'cpu': -60}, 4: {'cpu': -33}, 0: {'cpu': -57}}, 'link_level': {}, 'path_level': {}}","{'node_level': {7: {'cpu': 0}, 5: {'cpu': 0}, 1: {'cpu': 0}, 4: {'cpu': 0}, 0: {'cpu': 0}}, 'link_level': {}, 'path_level': {}}",[],0.0,0.0,False,True,False,0,[],0,0.0,5.0,0.0,,,
17,10,10,2531.0,4153.0,1957852.5824962298,3226246.006199847,0.609438959788105,0.6068516098071389,33,18,1,195.0,38481.0,7154,31327.0,0.07821157067388218,0.10168325065236716,16,502.10430133109463,195.0,4,4,True,"{2: np.int64(32), 1: np.int64(45), 0: np.int64(59), 3: np.int64(66)}","{(0, 2): [(np.int64(59), 32)], (0, 1): [(np.int64(59), 45)], (0, 3): [(np.int64(59), 57), (57, np.int64(66))], (1, 2): [(np.int64(45), 59), (59, np.int64(32))]}","{(2, np.int64(32)): {'cpu': 18}, (1, np.int64(45)): {'cpu': 17}, (0, np.int64(59)): {'cpu': 2}, (3, np.int64(66)): {'cpu': 8}}","{((0, 2), (np.int64(59), 32)): {'bw': 50.0}, ((0, 1), (np.int64(59), 45)): {'bw': 26.0}, ((0, 3), (np.int64(59), 57)): {'bw': 16.0}, ((0, 3), (57, np.int64(66))): {'bw': 16.0}, ((1, 2), (np.int64(45), 59)): {'bw': 1.0}, ((1, 2), (59, np.int64(32))): {'bw': 1.0}}",155.0,138.0,138.0,45.0,93.0,45.0,93.0,45.0,110.0,17.0,0.8903225806451613,77826.16670631967,69290.39358369105,447.0347973141359,Success,0.0,"{'node_level': {}, 'link_level': {}, 'path_level': {}}","{'node_level': {2: {'cpu': -74}, 1: {'cpu': -56}, 0: {'cpu': -73}, 3: {'cpu': -40}}, 'link_level': {}, 'path_level': {}}","{'node_level': {2: {'cpu': 0}, 1: {'cpu': 0}, 0: {'cpu': 0}, 3: {'cpu': 0}}, 'link_level': {}, 'path_level': {}}",[],0.0,0.0,True,True,False,0,[],0,0.0,4.0,4.0,"OrderedDict([((0, 2), 0), ((0, 1), 0), ((0, 3), 0), ((1, 2), 0)])",0.0,0.0
18,11,11,2653.0,4294.0,1985644.9519619627,3258366.6955004074,0.6178388448998603,0.6093988606942273,34,19,1,209.0,38340.0,7125,31215.0,0.0819482025512176,0.10489490436727555,17,227.80630709617253,209.0,4,3,True,"{1: np.int64(13), 3: np.int64(77), 2: np.int64(52), 0: np.int64(91)}","{(1, 2): [(np.int64(13), 52)], (1, 3): [(np.int64(13), 77)], (0, 3): [(np.int64(91), 13), (13, np.int64(77))]}","{(1, np.int64(13)): {'cpu': 16}, (3, np.int64(77)): {'cpu': 8}, (2, np.int64(52)): {'cpu': 2}, (0, np.int64(91)): {'cpu': 3}}","{((1, 2), (np.int64(13), 52)): {'bw': 38.0}, ((1, 3), (np.int64(13), 77)): {'bw': 36.0}, ((0, 3), (np.int64(91), 13)): {'bw': 19.0}, ((0, 3), (13, np.int64(77))): {'bw': 19.0}}",141.0,122.0,122.0,29.0,93.0,29.0,93.0,29.0,112.0,19.0,0.8652482269503546,32120.689300560327,27792.36946573305,197.10900330307126,Success,0.0,"{'node_level': {}, 'link_level': {}, 'path_level': {}}","{'node_level': {1: {'cpu': -52}, 3: {'cpu': -87}, 2: {'cpu': -69}, 0: {'cpu': -68}}, 'link_level': {}, 'path_level': {}}","{'node_level': {1: {'cpu': 0}, 3: {'cpu': 0}, 2: {'cpu': 0}, 0: {'cpu': 0}}, 'link_level': {}, 'path_level': {}}",[],0.0,0.0,True,True,False,0,[],0,0.0,4.0,3.0,"OrderedDict([((1, 2), 0), ((1, 3), 0), ((0, 3), 0)])",0.0,0.0
19,12,12,2792.0,4580.0,2041581.9598064218,3373460.1073242584,0.6096069868995633,0.6051892996670863,35,20,1,222.0,38054.0,7083,30971.0,0.08735987630459996,0.11189172138904024,18,402.4245168666126,222.0,3,2,True,"{1: np.int64(78), 0: np.int64(60), 2: np.int64(44)}","{(0, 1): [(np.int64(60), 22), (22, 86), (86, np.int64(78))], (1, 2): [(np.int64(78), 30), (30, np.int64(44))]}","{(1, np.int64(78)): {'cpu': 20}, (0, np.int64(60)): {'cpu': 16}, (2, np.int64(44)): {'cpu': 6}}","{((0, 1), (np.int64(60), 22)): {'bw': 50.0}, ((0, 1), (22, 86)): {'bw': 50.0}, ((0, 1), (86, np.int64(78))): {'bw': 50.0}, ((1, 2), (np.int64(78), 30)): {'bw': 47.0}, ((1, 2), (30, np.int64(44))): {'bw': 47.0}}",286.0,139.0,139.0,42.0,97.0,42.0,97.0,42.0,244.0,147.0,0.486013986013986,115093.4118238512,55937.00784445915,195.58394351209492,Success,0.0,"{'node_level': {}, 'link_level': {}, 'path_level': {}}","{'node_level': {1: {'cpu': -80}, 0: {'cpu': -50}, 2: {'cpu': -54}}, 'link_level': {}, 'path_level': {}}","{'node_level': {1: {'cpu': 0}, 0: {'cpu': 0}, 2: {'cpu': 0}}, 'link_level': {}, 'path_level': {}}",[],0.0,0.0,True,True,False,0,[],0,0.0,3.0,2.0,"OrderedDict([((0, 1), 0), ((1, 2), 0)])",0.0,0.0
20,13,13,2917.0,4780.0,2055246.3020548741,3395323.054921782,0.6102510460251046,0.60531686346477,36,21,1,233.0,37854.0,7024,30830.0,0.09496198943435119,0.1159349640122731,19,109.31473798761958,233.0,5,6,True,"{4: np.int64(50), 2: np.int64(85), 0: np.int64(67), 3: np.int64(53), 1: np.int64(88)}","{(2, 4): [(np.int64(85), 11), (11, 8), (8, np.int64(50))], (0, 3): [(np.int64(67), 53)], (1, 4): [(np.int64(88), 77), (77, 50)], (0, 4): [(np.int64(67), 76), (76, np.int64(50))], (3, 4): [(np.int64(53), 6), (6, 85), (85, np.int64(50))], (0, 2): [(np.int64(67), 6), (6, np.int64(85))]}","{(4, np.int64(50)): {'cpu': 20}, (2, np.int64(85)): {'cpu': 12}, (0, np.int64(67)): {'cpu': 7}, (3, np.int64(53)): {'cpu': 7}, (1, np.int64(88)): {'cpu': 13}}","{((2, 4), (np.int64(85), 11)): {'bw': 26.0}, ((2, 4), (11, 8)): {'bw': 26.0}, ((2, 4), (8, np.int64(50))): {'bw': 26.0}, ((0, 3), (np.int64(67), 53)): {'bw': 19.0}, ((1, 4), (np.int64(88), 77)): {'bw': 11.0}, ((1, 4), (77, 50)): {'bw': 11.0}, ((0, 4), (np.int64(67), 76)): {'bw': 6.0}, ((0, 4), (76, np.int64(50))): {'bw': 6.0}, ((3, 4), (np.int64(53), 6)): {'bw': 2.0}, ((3, 4), (6, 85)): {'bw': 2.0}, ((3, 4), (85, np.int64(50))): {'bw': 2.0}, ((0, 2), (np.int64(67), 6)): {'bw': 2.0}, ((0, 2), (6, np.int64(85))): {'bw': 2.0}}",200.0,125.0,125.0,59.0,66.0,59.0,66.0,59.0,141.0,75.0,0.625,21862.947597523915,13664.342248452447,68.32171124226224,Success,0.0,"{'node_level': {}, 'link_level': {}, 'path_level': {}}","{'node_level': {4: {'cpu': -30}, 2: {'cpu': -63}, 0: {'cpu': -80}, 3: {'cpu': -86}, 1: {'cpu': -73}}, 'link_level': {}, 'path_level': {}}","{'node_level': {4: {'cpu': 0}, 2: {'cpu': 0}, 0: {'cpu': 0}, 3: {'cpu': 0}, 1: {'cpu': 0}}, 'link_level': {}, 'path_level': {}}",[],0.0,0.0,True,True,False,0,[],0,0.0,5.0,6.0,"OrderedDict([((2, 4), 0), ((0, 3), 0), ((1, 4), 0), ((0, 4), 0), ((3, 4), 0), ((0, 2), 0)])",0.0,0.0
21,14,14,3280.0,5518.0,2093957.1121409729,3474024.371295173,0.5944182674882204,0.6027468112897295,38,22,1,245.0,37116.0,6954,30162.0,0.10398144568998835,0.13509018438333387,20,106.64135009944567,245.0,7,11,True,"{6: np.int64(9), 3: np.int64(83), 1: np.int64(80), 2: np.int64(76), 5: np.int64(91), 0: np.int64(52), 4: np.int64(69)}","{(2, 3): [(np.int64(76), 44), (44, 51), (51, np.int64(83))], (1, 2): [(np.int64(80), 70), (70, np.int64(76))], (4, 6): [(np.int64(69), 72), (72, np.int64(9))], (3, 6): [(np.int64(83), 9)], (3, 5): [(np.int64(83), 28), (28, 52), (52, 20), (20, np.int64(91))], (0, 1): [(np.int64(52), 28), (28, 40), (40, np.int64(80))], (0, 5): [(np.int64(52), 20), (20, np.int64(91))], (0, 2): [(np.int64(52), 54), (54, np.int64(76))], (0, 6): [(np.int64(52), 9)], (2, 5): [(np.int64(76), 70), (70, np.int64(91))], (2, 4): [(np.int64(76), 69)]}","{(6, np.int64(9)): {'cpu': 17}, (3, np.int64(83)): {'cpu': 13}, (1, np.int64(80)): {'cpu': 14}, (2, np.int64(76)): {'cpu': 6}, (5, np.int64(91)): {'cpu': 10}, (0, np.int64(52)): {'cpu': 4}, (4, np.int64(69)): {'cpu': 6}}","{((2, 3), (np.int64(76), 44)): {'bw': 50.0}, ((2, 3), (44, 51)): {'bw': 50.0}, ((2, 3), (51, np.int64(83))): {'bw': 50.0}, ((1, 2), (np.int64(80), 70)): {'bw': 44.0}, ((1, 2), (70, np.int64(76))): {'bw': 44.0}, ((4, 6), (np.int64(69), 72)): {'bw': 37.0}, ((4, 6), (72, np.int64(9))): {'bw': 37.0}, ((3, 6), (np.int64(83), 9)): {'bw': 35.0}, ((3, 5), (np.int64(83), 28)): {'bw': 28.0}, ((3, 5), (28, 52)): {'bw': 28.0}, ((3, 5), (52, 20)): {'bw': 28.0}, ((3, 5), (20, np.int64(91))): {'bw': 28.0}, ((0, 1), (np.int64(52), 28)): {'bw': 30.0}, ((0, 1), (28, 40)): {'bw': 30.0}, ((0, 1), (40, np.int64(80))): {'bw': 30.0}, ((0, 5), (np.int64(52), 20)): {'bw': 19.0}, ((0, 5), (20, np.int64(91))): {'bw': 19.0}, ((0, 2), (np.int64(52), 54)): {'bw': 18.0}, ((0, 2), (54, np.int64(76))): {'bw': 18.0}, ((0, 6), (np.int64(52), 9)): {'bw': 16.0}, ((2, 5), (np.int64(76), 70)): {'bw': 13.0}, ((2, 5), (70, np.int64(91))): {'bw': 13.0}, ((2, 4), (np.int64(76), 69)): {'bw': 3.0}}",738.0,363.0,363.0,70.0,293.0,70.0,293.0,70.0,668.0,375.0,0.491869918699187,78701.3163733909,38710.810086098776,52.45367220338588,Success,0.0,"{'node_level': {}, 'link_level': {}, 'path_level': {}}","{'node_level': {6: {'cpu': -59}, 3: {'cpu': -77}, 1: {'cpu': -64}, 2: {'cpu': -70}, 5: {'cpu': -58}, 0: {'cpu': -65}, 4: {'cpu': -53}}, 'link_level': {}, 'path_level': {}}","{'node_level': {6: {'cpu': 0}, 3: {'cpu': 0}, 1: {'cpu': 0}, 2: {'cpu': 0}, 5: {'cpu': 0}, 0: {'cpu': 0}, 4: {'cpu': 0}}, 'link_level': {}, 'path_level': {}}",[],0.0,0.0,True,True,False,0,[],0,0.0,7.0,11.0,"OrderedDict([((2, 3), 0), ((1, 2), 0), ((4, 6), 0), ((3, 6), 0), ((3, 5), 0), ((0, 1), 0), ((0, 5), 0), ((0, 2), 0), ((0, 6), 0), ((2, 5), 0), ((2, 4), 0)])",0.0,0.0
21,14,13,3280.0,5518.0,2093957.1121409729,3474024.371295173,0.5944182674882204,0.6027468112897295,38,23,0,247.18559621141526,37717.0,7019,30698.0,0.09560623630975384,0.1197201273191294,7,153.18559621141526,94.0,7,9,False,{},{},{},{},0.0,0.0,0.0,0.0,0.0,0.0,0.0,0.0,0.0,0.0,0.0,0.0,0.0,0.0,Leave Event,0.0,"{'node_level': {}, 'link_level': {}, 'path_level': {}}","{'node_level': {}, 'link_level': {}, 'path_level': {}}","{'node_level': {}, 'link_level': {}, 'path_level': {}}",[],0.0,0.0,True,True,False,0,[],0,0.0,,,,,
22,14,13,3280.0,5518.0,2093957.1121409729,3474024.371295173,0.5944182674882204,0.6027468112897295,38,24,1,258.0,37717.0,7019,30698.0,0.09560623630975384,0.1197201273191294,21,646.7110734296512,258.0,10,16,False,"{4: np.int64(82), 2: np.int64(38), 3: np.int64(39), 9: np.int64(31), 8: np.int64(15), 5: np.int64(5), 0: np.int64(7), 1: np.int64(29), 7: np.int64(35), 6: np.int64(59)}","{(4, 8): [(np.int64(82), 38), (38, 35), (35, np.int64(15))], (4, 7): [(np.int64(82), 79), (79, np.int64(35))], (1, 6): [(np.int64(29), 70), (70, np.int64(59))], (2, 5): [(np.int64(38), 2), (2, 21), (21, np.int64(5))]}","{(4, np.int64(82)): {'cpu': 15}, (2, np.int64(38)): {'cpu': 13}, (3, np.int64(39)): {'cpu': 13}, (9, np.int64(31)): {'cpu': 11}, (8, np.int64(15)): {'cpu': 7}, (5, np.int64(5)): {'cpu': 15}, (0, np.int64(7)): {'cpu': 14}, (1, np.int64(29)): {'cpu': 6}, (7, np.int64(35)): {'cpu': 4}, (6, np.int64(59)): {'cpu': 1}}","{((4, 8), (np.int64(82), 38)): {'bw': 49.0}, ((4, 8), (38, 35)): {'bw': 49.0}, ((4, 8), (35, np.int64(15))): {'bw': 49.0}, ((4, 7), (np.int64(82), 79)): {'bw': 47.0}, ((4, 7), (79, np.int64(35))): {'bw': 47.0}, ((1, 6), (np.int64(29), 70)): {'bw': 39.0}, ((1, 6), (70, np.int64(59))): {'bw': 39.0}, ((2, 5), (np.int64(38), 2)): {'bw': 38.0}, ((2, 5), (2, 21)): {'bw': 38.0}, ((2, 5), (21, np.int64(5))): {'bw': 38.0}}",0.0,0.0,512.0,99.0,413.0,0.0,0.0,0.0,0.0,0.0,0.0,0.0,0.0,0.0,Route Failure,0.0,"{'node_level': {}, 'link_level': {}, 'path_level': {}}","{'node_level': {4: {'cpu': -61}, 2: {'cpu': -71}, 3: {'cpu': -66}, 9: {'cpu': -51}, 8: {'cpu': -80}, 5: {'cpu': -47}, 0: {'cpu': -46}, 1: {'cpu': -81}, 7: {'cpu': -89}, 6: {'cpu': -72}}, 'link_level': {}, 'path_level': {}}","{'node_level': {4: {'cpu': 0}, 2: {'cpu': 0}, 3: {'cpu': 0}, 9: {'cpu': 0}, 8: {'cpu': 0}, 5: {'cpu': 0}, 0: {'cpu': 0}, 1: {'cpu': 0}, 7: {'cpu': 0}, 6: {'cpu': 0}}, 'link_level': {}, 'path_level': {}}",[],0.0,0.0,True,False,False,0,[],0,0.0,10.0,4.0,"OrderedDict([((4, 8), 0), ((4, 7), 0), ((1, 6), 0), ((2, 5), 0)])",1.0,0.0
23,15,14,3320.0,5583.0,2124693.5699717035,3523971.1152701103,0.5946623679025613,0.6029259322713963,38,25,1,268.0,37652.0,6992,30660.0,0.09908516943692824,0.12080979554383042,22,768.4114457682638,268.0,3,2,True,"{1: np.int64(82), 2: np.int64(31), 0: np.int64(38)}","{(1, 2): [(np.int64(82), 38), (38, 7), (7, np.int64(31))], (0, 2): [(np.int64(38), 7), (7, np.int64(31))]}","{(1, np.int64(82)): {'cpu': 19}, (2, np.int64(31)): {'cpu': 6}, (0, np.int64(38)): {'cpu': 2}}","{((1, 2), (np.int64(82), 38)): {'bw': 12.0}, ((1, 2), (38, 7)): {'bw': 12.0}, ((1, 2), (7, np.int64(31))): {'bw': 12.0}, ((0, 2), (np.int64(38), 7)): {'bw': 1.0}, ((0, 2), (7, np.int64(31))): {'bw': 1.0}}",65.0,40.0,40.0,27.0,13.0,27.0,13.0,27.0,38.0,25.0,0.6153846153846154,49946.74397493715,30736.45783073055,472.86858201123925,Success,0.0,"{'node_level': {}, 'link_level': {}, 'path_level': {}}","{'node_level': {1: {'cpu': -57}, 2: {'cpu': -56}, 0: {'cpu': -82}}, 'link_level': {}, 'path_level': {}}","{'node_level': {1: {'cpu': 0}, 2: {'cpu': 0}, 0: {'cpu': 0}}, 'link_level': {}, 'path_level': {}}",[],0.0,0.0,True,True,False,0,[],0,0.0,3.0,2.0,"OrderedDict([((1, 2), 0), ((0, 2), 0)])",1.0,0.0
24,15,14,3320.0,5583.0,2124693.5699717035,3523971.1152701103,0.5946623679025613,0.6029259322713963,38,26,1,287.0,37652.0,6992,30660.0,0.09908516943692824,0.12080979554383042,23,1789.5349712736154,287.0,10,34,False,"{6: np.int64(15), 9: np.int64(31), 8: np.int64(5), 0: np.int64(29)}",{},"{(6, np.int64(15)): {'cpu': 19}, (9, np.int64(31)): {'cpu': 15}, (8, np.int64(5)): {'cpu': 12}, (0, np.int64(29)): {'cpu': 11}}",{},0.0,0.0,921.0,92.0,829.0,0.0,0.0,0.0,0.0,0.0,0.0,0.0,0.0,0.0,Place Failure,0.0,"{'node_level': {}, 'link_level': {}, 'path_level': {}}","{'node_level': {6: {'cpu': -68}, 9: {'cpu': -41}, 8: {'cpu': -50}, 0: {'cpu': -76}}, 'link_level': {}, 'path_level': {}}","{'node_level': {6: {'cpu': 0}, 9: {'cpu': 0}, 8: {'cpu': 0}, 0: {'cpu': 0}}, 'link_level': {}, 'path_level': {}}",[],0.0,0.0,False,True,False,0,[],0,0.0,4.0,0.0,,,
25,15,14,3320.0,5583.0,2124693.5699717035,3523971.1152701103,0.5946623679025613,0.6029259322713963,38,27,1,295.0,37652.0,6992,30660.0,0.09908516943692824,0.12080979554383042,24,951.8085797489205,295.0,9,22,False,"{3: np.int64(15), 7: np.int64(85), 6: np.int64(96), 4: np.int64(16)}",{},"{(3, np.int64(15)): {'cpu': 15}, (7, np.int64(85)): {'cpu': 12}, (6, np.int64(96)): {'cpu': 13}, (4, np.int64(16)): {'cpu': 19}}",{},0.0,0.0,648.0,87.0,561.0,0.0,0.0,0.0,0.0,0.0,0.0,0.0,0.0,0.0,Place Failure,0.0,"{'node_level': {}, 'link_level': {}, 'path_level': {}}","{'node_level': {3: {'cpu': -72}, 7: {'cpu': -55}, 6: {'cpu': -69}, 4: {'cpu': -60}}, 'link_level': {}, 'path_level': {}}","{'node_level': {3: {'cpu': 0}, 7: {'cpu': 0}, 6: {'cpu': 0}, 4: {'cpu': 0}}, 'link_level': {}, 'path_level': {}}",[],0.0,0.0,False,True,False,0,[],0,0.0,4.0,0.0,,,
26,15,14,3320.0,5583.0,2124693.5699717035,3523971.1152701103,0.5946623679025613,0.6029259322713963,38,28,1,308.0,37652.0,6992,30660.0,0.09908516943692824,0.12080979554383042,25,392.1866151499181,308.0,10,22,False,"{2: np.int64(15), 5: np.int64(31), 0: np.int64(73), 9: np.int64(8), 1: np.int64(5), 6: np.int64(21), 3: np.int64(75), 4: np.int64(44), 8: np.int64(29), 7: np.int64(59)}","{(3, 9): [(np.int64(75), 66), (66, 51), (51, np.int64(8))], (0, 2): [(np.int64(73), 15)], (4, 5): [(np.int64(44), 12), (12, np.int64(31))], (5, 9): [(np.int64(31), 55), (55, 15), (15, np.int64(8))], (7, 9): [(np.int64(59), 25), (25, np.int64(8))], (1, 3): [(np.int64(5), 75)], (0, 6): [(np.int64(73), 86), (86, np.int64(21))], (4, 8): [(np.int64(44), 65), (65, 6), (6, np.int64(29))], (5, 8): [(np.int64(31), 52), (52, np.int64(29))]}","{(2, np.int64(15)): {'cpu': 19}, (5, np.int64(31)): {'cpu': 14}, (0, np.int64(73)): {'cpu': 11}, (9, np.int64(8)): {'cpu': 8}, (1, np.int64(5)): {'cpu': 13}, (6, np.int64(21)): {'cpu': 12}, (3, np.int64(75)): {'cpu': 5}, (4, np.int64(44)): {'cpu': 4}, (8, np.int64(29)): {'cpu': 4}, (7, np.int64(59)): {'cpu': 3}}","{((3, 9), (np.int64(75), 66)): {'bw': 43.0}, ((3, 9), (66, 51)): {'bw': 43.0}, ((3, 9), (51, np.int64(8))): {'bw': 43.0}, ((0, 2), (np.int64(73), 15)): {'bw': 45.0}, ((4, 5), (np.int64(44), 12)): {'bw': 42.0}, ((4, 5), (12, np.int64(31))): {'bw': 42.0}, ((5, 9), (np.int64(31), 55)): {'bw': 42.0}, ((5, 9), (55, 15)): {'bw': 42.0}, ((5, 9), (15, np.int64(8))): {'bw': 42.0}, ((7, 9), (np.int64(59), 25)): {'bw': 37.0}, ((7, 9), (25, np.int64(8))): {'bw': 37.0}, ((1, 3), (np.int64(5), 75)): {'bw': 41.0}, ((0, 6), (np.int64(73), 86)): {'bw': 35.0}, ((0, 6), (86, np.int64(21))): {'bw': 35.0}, ((4, 8), (np.int64(44), 65)): {'bw': 40.0}, ((4, 8), (65, 6)): {'bw': 40.0}, ((4, 8), (6, np.int64(29))): {'bw': 40.0}, ((5, 8), (np.int64(31), 52)): {'bw': 35.0}, ((5, 8), (52, np.int64(29))): {'bw': 35.0}}",0.0,0.0,657.0,93.0,564.0,0.0,0.0,0.0,0.0,0.0,0.0,0.0,0.0,0.0,Route Failure,0.0,"{'node_level': {}, 'link_level': {}, 'path_level': {}}","{'node_level': {2: {'cpu': -68}, 5: {'cpu': -42}, 0: {'cpu': -26}, 9: {'cpu': -85}, 1: {'cpu': -49}, 6: {'cpu': -48}, 3: {'cpu': -93}, 4: {'cpu': -54}, 8: {'cpu': -83}, 7: {'cpu': -70}}, 'link_level': {}, 'path_level': {}}","{'node_level': {2: {'cpu': 0}, 5: {'cpu': 0}, 0: {'cpu': 0}, 9: {'cpu': 0}, 1: {'cpu': 0}, 6: {'cpu': 0}, 3: {'cpu': 0}, 4: {'cpu': 0}, 8: {'cpu': 0}, 7: {'cpu': 0}}, 'link_level': {}, 'path_level': {}}",[],0.0,0.0,True,False,False,0,[],0,0.0,10.0,9.0,"OrderedDict([((3, 9), 0), ((0, 2), 0), ((4, 5), 0), ((5, 9), 0), ((7, 9), 0), ((1, 3), 0), ((0, 6), 0), ((4, 8), 0), ((5, 8), 0)])",0.0,0.0
27,16,15,3381.0,5668.0,2127563.0371826887,3527969.553187057,0.5965067043048694,0.603055951903189,38,29,1,323.0,37567.0,6955,30612.0,0.10385259631490784,0.12218621856450551,26,47.04044608172464,323.0,3,2,True,"{2: np.int64(15), 0: np.int64(31), 1: np.int64(5)}","{(1, 2): [(np.int64(5), 55), (55, np.int64(15))], (0, 2): [(np.int64(31), 55), (55, np.int64(15))]}","{(2, np.int64(15)): {'cpu': 17}, (0, np.int64(31)): {'cpu': 16}, (1, np.int64(5)): {'cpu': 4}}","{((1, 2), (np.int64(5), 55)): {'bw': 18.0}, ((1, 2), (55, np.int64(15))): {'bw': 18.0}, ((0, 2), (np.int64(31), 55)): {'bw': 6.0}, ((0, 2), (55, np.int64(15))): {'bw': 6.0}}",85.0,61.0,61.0,37.0,24.0,37.0,24.0,37.0,48.0,24.0,0.7176470588235294,3998.437916946594,2869.467210985203,33.7584377762965,Success,0.0,"{'node_level': {}, 'link_level': {}, 'path_level': {}}","{'node_level': {2: {'cpu': -70}, 0: {'cpu': -40}, 1: {'cpu': -58}}, 'link_level': {}, 'path_level': {}}","{'node_level': {2: {'cpu': 0}, 0: {'cpu': 0}, 1: {'cpu': 0}}, 'link_level': {}, 'path_level': {}}",[],0.0,0.0,True,True,False,0,[],0,0.0,3.0,2.0,"OrderedDict([((1, 2), 0), ((0, 2), 0)])",2.0,0.0
28,17,16,3397.0,5684.0,2132932.1385102873,3533338.6545146555,0.5976425052779732,0.6036591300935659,38,30,1,338.0,37551.0,6950,30601.0,0.1044968431903105,0.12250164884007686,27,335.5688329749085,338.0,2,1,True,"{0: np.int64(29), 1: np.int64(5)}","{(0, 1): [(np.int64(29), 5)]}","{(0, np.int64(29)): {'cpu': 4}, (1, np.int64(5)): {'cpu': 1}}","{((0, 1), (np.int64(29), 5)): {'bw': 11.0}}",16.0,16.0,16.0,5.0,11.0,5.0,11.0,5.0,11.0,0.0,1.0,5369.101327598536,5369.101327598536,335.5688329749085,Success,0.0,"{'node_level': {}, 'link_level': {}, 'path_level': {}}","{'node_level': {0: {'cpu': -83}, 1: {'cpu': -57}}, 'link_level': {}, 'path_level': {}}","{'node_level': {0: {'cpu': 0}, 1: {'cpu': 0}}, 'link_level': {}, 'path_level': {}}",[],0.0,0.0,True,True,False,0,[],0,0.0,2.0,1.0,"OrderedDict([((0, 1), 0)])",0.0,0.0
28,17,15,3397.0,5684.0,2132932.1385102873,3533338.6545146555,0.5976425052779732,0.6036591300935659,38,31,0,342.3147379876196,37751.0,7009,30742.0,0.09689473006055915,0.118458406216844,19,109.31473798761958,233.0,5,6,False,{},{},{},{},0.0,0.0,0.0,0.0,0.0,0.0,0.0,0.0,0.0,0.0,0.0,0.0,0.0,0.0,Leave Event,0.0,"{'node_level': {}, 'link_level': {}, 'path_level': {}}","{'node_level': {}, 'link_level': {}, 'path_level': {}}","{'node_level': {}, 'link_level': {}, 'path_level': {}}",[],0.0,0.0,True,True,False,0,[],0,0.0,,,,,
29,17,15,3397.0,5684.0,2132932.1385102873,3533338.6545146555,0.5976425052779732,0.6036591300935659,38,32,1,350.0,37751.0,7009,30742.0,0.09689473006055915,0.118458406216844,28,1315.102744440631,350.0,7,11,False,{1: np.int64(85)},{},"{(1, np.int64(85)): {'cpu': 20}}",{},0.0,0.0,286.0,76.0,210.0,0.0,0.0,0.0,0.0,0.0,0.0,0.0,0.0,0.0,Place Failure,0.0,"{'node_level': {}, 'link_level': {}, 'path_level': {}}","{'node_level': {1: {'cpu': -59}}, 'link_level': {}, 'path_level': {}}","{'node_level': {1: {'cpu': 0}}, 'link_level': {}, 'path_level': {}}",[],0.0,0.0,False,True,False,0,[],0,0.0,1.0,0.0,,,
29,17,14,3397.0,5684.0,2132932.1385102873,3533338.6545146555,0.5976425052779732,0.6036591300935659,38,33,0,351.6413500994457,38489.0,7079,31410.0,0.087875273804922,0.09930318584578324,20,106.64135009944567,245.0,7,11,False,{},{},{},{},0.0,0.0,0.0,0.0,0.0,0.0,0.0,0.0,0.0,0.0,0.0,0.0,0.0,0.0,Leave Event,0.0,"{'node_level': {}, 'link_level': {}, 'path_level': {}}","{'node_level': {}, 'link_level': {}, 'path_level': {}}","{'node_level': {}, 'link_level': {}, 'path_level': {}}",[],0.0,0.0,True,True,False,0,[],0,0.0,,,,,
30,17,14,3397.0,5684.0,2132932.1385102873,3533338.6545146555,0.5976425052779732,0.6036591300935659,38,34,1,364.0,38489.0,7079,31410.0,0.087875273804922,0.09930318584578324,29,774.684839165071,364.0,6,9,False,"{2: np.int64(85), 4: np.int64(52), 3: np.int64(50)}",{},"{(2, np.int64(85)): {'cpu': 8}, (4, np.int64(52)): {'cpu': 12}, (3, np.int64(50)): {'cpu': 9}}",{},0.0,0.0,301.0,45.0,256.0,0.0,0.0,0.0,0.0,0.0,0.0,0.0,0.0,0.0,Place Failure,0.0,"{'node_level': {}, 'link_level': {}, 'path_level': {}}","{'node_level': {2: {'cpu': -71}, 4: {'cpu': -61}, 3: {'cpu': -41}}, 'link_level': {}, 'path_level': {}}","{'node_level': {2: {'cpu': 0}, 4: {'cpu': 0}, 3: {'cpu': 0}}, 'link_level': {}, 'path_level': {}}",[],0.0,0.0,False,True,False,0,[],0,0.0,3.0,0.0,,,
30,17,13,3397.0,5684.0,2132932.1385102873,3533338.6545146555,0.5976425052779732,0.6036591300935659,38,35,0,370.04044608172467,38574.0,7116,31458.0,0.0831078469269424,0.09792676282510826,26,47.04044608172464,323.0,3,2,False,{},{},{},{},0.0,0.0,0.0,0.0,0.0,0.0,0.0,0.0,0.0,0.0,0.0,0.0,0.0,0.0,Leave Event,0.0,"{'node_level': {}, 'link_level': {}, 'path_level': {}}","{'node_level': {}, 'link_level': {}, 'path_level': {}}","{'node_level': {}, 'link_level': {}, 'path_level': {}}",[],0.0,0.0,True,True,False,0,[],0,0.0,,,,,
31,18,14,3447.0,5773.0,2149526.422467038,3562876.479957672,0.5970899012645072,0.6033120807187161,38,36,1,378.0,38485.0,7094,31391.0,0.08594253317871403,0.09984801995813375,30,331.8856791350164,378.0,3,2,True,"{2: np.int64(15), 0: np.int64(85), 1: np.int64(50)}","{(1, 2): [(np.int64(50), 8), (8, np.int64(15))], (0, 1): [(np.int64(85), 11), (11, 8), (8, np.int64(50))]}","{(2, np.int64(15)): {'cpu': 14}, (0, np.int64(85)): {'cpu': 7}, (1, np.int64(50)): {'cpu': 1}}","{((1, 2), (np.int64(50), 8)): {'bw': 17.0}, ((1, 2), (8, np.int64(15))): {'bw': 17.0}, ((0, 1), (np.int64(85), 11)): {'bw': 11.0}, ((0, 1), (11, 8)): {'bw': 11.0}, ((0, 1), (8, np.int64(50))): {'bw': 11.0}}",89.0,50.0,50.0,22.0,28.0,22.0,28.0,22.0,67.0,39.0,0.5617977528089888,29537.82544301646,16594.28395675082,186.45262872753733,Success,0.0,"{'node_level': {}, 'link_level': {}, 'path_level': {}}","{'node_level': {2: {'cpu': -73}, 0: {'cpu': -72}, 1: {'cpu': -49}}, 'link_level': {}, 'path_level': {}}","{'node_level': {2: {'cpu': 0}, 0: {'cpu': 0}, 1: {'cpu': 0}}, 'link_level': {}, 'path_level': {}}",[],0.0,0.0,True,True,False,0,[],0,0.0,3.0,2.0,"OrderedDict([((1, 2), 0), ((0, 1), 0)])",0.0,0.0
32,18,14,3447.0,5773.0,2149526.422467038,3562876.479957672,0.5970899012645072,0.6033120807187161,38,37,1,394.0,38485.0,7094,31391.0,0.08594253317871403,0.09984801995813375,31,303.74110280558966,394.0,7,11,False,"{2: np.int64(52), 6: np.int64(31), 3: np.int64(85), 1: np.int64(5), 4: np.int64(44), 5: np.int64(15), 0: np.int64(67)}","{(4, 5): [(np.int64(44), 51), (51, 8), (8, np.int64(15))], (2, 6): [(np.int64(52), 31)], (1, 5): [(np.int64(5), 48), (48, 73), (73, np.int64(15))], (2, 3): [(np.int64(52), 85)], (1, 6): [(np.int64(5), 31)], (0, 5): [(np.int64(67), 38), (38, 35), (35, np.int64(15))]}","{(2, np.int64(52)): {'cpu': 17}, (6, np.int64(31)): {'cpu': 10}, (3, np.int64(85)): {'cpu': 18}, (1, np.int64(5)): {'cpu': 9}, (4, np.int64(44)): {'cpu': 12}, (5, np.int64(15)): {'cpu': 3}, (0, np.int64(67)): {'cpu': 4}}","{((4, 5), (np.int64(44), 51)): {'bw': 49.0}, ((4, 5), (51, 8)): {'bw': 49.0}, ((4, 5), (8, np.int64(15))): {'bw': 49.0}, ((2, 6), (np.int64(52), 31)): {'bw': 42.0}, ((1, 5), (np.int64(5), 48)): {'bw': 41.0}, ((1, 5), (48, 73)): {'bw': 41.0}, ((1, 5), (73, np.int64(15))): {'bw': 41.0}, ((2, 3), (np.int64(52), 85)): {'bw': 39.0}, ((1, 6), (np.int64(5), 31)): {'bw': 41.0}, ((0, 5), (np.int64(67), 38)): {'bw': 33.0}, ((0, 5), (38, 35)): {'bw': 33.0}, ((0, 5), (35, np.int64(15))): {'bw': 33.0}}",0.0,0.0,376.0,73.0,303.0,0.0,0.0,0.0,0.0,0.0,0.0,0.0,0.0,0.0,Route Failure,0.0,"{'node_level': {}, 'link_level': {}, 'path_level': {}}","{'node_level': {2: {'cpu': -56}, 6: {'cpu': -46}, 3: {'cpu': -54}, 1: {'cpu': -52}, 4: {'cpu': -46}, 5: {'cpu': -70}, 0: {'cpu': -83}}, 'link_level': {}, 'path_level': {}}","{'node_level': {2: {'cpu': 0}, 6: {'cpu': 0}, 3: {'cpu': 0}, 1: {'cpu': 0}, 4: {'cpu': 0}, 5: {'cpu': 0}, 0: {'cpu': 0}}, 'link_level': {}, 'path_level': {}}",[],0.0,0.0,True,False,False,0,[],0,0.0,7.0,6.0,"OrderedDict([((4, 5), 0), ((2, 6), 0), ((1, 5), 0), ((2, 3), 0), ((1, 6), 0), ((0, 5), 0)])",2.0,0.0
33,19,15,3657.0,6063.0,2175344.0681289653,3598529.4192050956,0.6031667491340921,0.6045091799220284,38,38,1,407.0,38195.0,7046,31149.0,0.09212730318257956,0.10678748602070365,32,122.94116981870206,407.0,6,5,True,"{2: np.int64(52), 3: np.int64(31), 0: np.int64(5), 5: np.int64(85), 1: np.int64(44), 4: np.int64(15)}","{(0, 2): [(np.int64(5), 20), (20, np.int64(52))], (2, 5): [(np.int64(52), 85)], (0, 3): [(np.int64(5), 31)], (0, 1): [(np.int64(5), 21), (21, np.int64(44))], (0, 4): [(np.int64(5), 55), (55, np.int64(15))]}","{(2, np.int64(52)): {'cpu': 10}, (3, np.int64(31)): {'cpu': 20}, (0, np.int64(5)): {'cpu': 5}, (5, np.int64(85)): {'cpu': 4}, (1, np.int64(44)): {'cpu': 5}, (4, np.int64(15)): {'cpu': 4}}","{((0, 2), (np.int64(5), 20)): {'bw': 42.0}, ((0, 2), (20, np.int64(52))): {'bw': 42.0}, ((2, 5), (np.int64(52), 85)): {'bw': 41.0}, ((0, 3), (np.int64(5), 31)): {'bw': 41.0}, ((0, 1), (np.int64(5), 21)): {'bw': 32.0}, ((0, 1), (21, np.int64(44))): {'bw': 32.0}, ((0, 4), (np.int64(5), 55)): {'bw': 6.0}, ((0, 4), (55, np.int64(15))): {'bw': 6.0}}",290.0,210.0,210.0,48.0,162.0,48.0,162.0,48.0,242.0,80.0,0.7241379310344828,35652.9392474236,25817.645661927432,89.02636435147392,Success,0.0,"{'node_level': {}, 'link_level': {}, 'path_level': {}}","{'node_level': {2: {'cpu': -63}, 3: {'cpu': -36}, 0: {'cpu': -56}, 5: {'cpu': -68}, 1: {'cpu': -53}, 4: {'cpu': -69}}, 'link_level': {}, 'path_level': {}}","{'node_level': {2: {'cpu': 0}, 3: {'cpu': 0}, 0: {'cpu': 0}, 5: {'cpu': 0}, 1: {'cpu': 0}, 4: {'cpu': 0}}, 'link_level': {}, 'path_level': {}}",[],0.0,0.0,True,True,False,0,[],0,0.0,6.0,5.0,"OrderedDict([((0, 2), 0), ((2, 5), 0), ((0, 3), 0), ((0, 1), 0), ((0, 4), 0)])",2.0,0.0
33,19,14,3657.0,6063.0,2175344.0681289653,3598529.4192050956,0.6031667491340921,0.6045091799220284,38,39,0,417.9091007123842,38407.0,7133,31274.0,0.08091740755057342,0.10320305107102912,1,402.9091007123842,15.0,5,5,False,{},{},{},{},0.0,0.0,0.0,0.0,0.0,0.0,0.0,0.0,0.0,0.0,0.0,0.0,0.0,0.0,Leave Event,0.0,"{'node_level': {}, 'link_level': {}, 'path_level': {}}","{'node_level': {}, 'link_level': {}, 'path_level': {}}","{'node_level': {}, 'link_level': {}, 'path_level': {}}",[],0.0,0.0,True,True,False,0,[],0,0.0,,,,,
34,19,14,3657.0,6063.0,2175344.0681289653,3598529.4192050956,0.6031667491340921,0.6045091799220284,38,40,1,426.0,38407.0,7133,31274.0,0.08091740755057342,0.10320305107102912,33,97.52919192800896,426.0,9,20,False,"{5: np.int64(50), 6: np.int64(73), 1: np.int64(85), 4: np.int64(59), 2: np.int64(31), 7: np.int64(76), 0: np.int64(15), 3: np.int64(91), 8: np.int64(70)}","{(0, 3): [(np.int64(15), 73), (73, np.int64(91))], (1, 2): [(np.int64(85), 50), (50, 55), (55, np.int64(31))], (6, 7): [(np.int64(73), 76)], (1, 7): [(np.int64(85), 89), (89, 54), (54, np.int64(76))], (3, 4): [(np.int64(91), 70), (70, np.int64(59))], (0, 8): [(np.int64(15), 96), (96, 80), (80, np.int64(70))], (2, 5): [(np.int64(31), 50)], (3, 6): [(np.int64(91), 95), (95, np.int64(73))], (2, 8): [(np.int64(31), 45), (45, np.int64(70))], (3, 8): [(np.int64(91), 70)], (2, 4): [(np.int64(31), 7), (7, 38), (38, np.int64(59))], (3, 5): [(np.int64(91), 70), (70, 76), (76, np.int64(50))]}","{(5, np.int64(50)): {'cpu': 19}, (6, np.int64(73)): {'cpu': 17}, (1, np.int64(85)): {'cpu': 13}, (4, np.int64(59)): {'cpu': 18}, (2, np.int64(31)): {'cpu': 11}, (7, np.int64(76)): {'cpu': 10}, (0, np.int64(15)): {'cpu': 10}, (3, np.int64(91)): {'cpu': 2}, (8, np.int64(70)): {'cpu': 3}}","{((0, 3), (np.int64(15), 73)): {'bw': 50.0}, ((0, 3), (73, np.int64(91))): {'bw': 50.0}, ((1, 2), (np.int64(85), 50)): {'bw': 48.0}, ((1, 2), (50, 55)): {'bw': 48.0}, ((1, 2), (55, np.int64(31))): {'bw': 48.0}, ((6, 7), (np.int64(73), 76)): {'bw': 42.0}, ((1, 7), (np.int64(85), 89)): {'bw': 41.0}, ((1, 7), (89, 54)): {'bw': 41.0}, ((1, 7), (54, np.int64(76))): {'bw': 41.0}, ((3, 4), (np.int64(91), 70)): {'bw': 46.0}, ((3, 4), (70, np.int64(59))): {'bw': 46.0}, ((0, 8), (np.int64(15), 96)): {'bw': 42.0}, ((0, 8), (96, 80)): {'bw': 42.0}, ((0, 8), (80, np.int64(70))): {'bw': 42.0}, ((2, 5), (np.int64(31), 50)): {'bw': 38.0}, ((3, 6), (np.int64(91), 95)): {'bw': 32.0}, ((3, 6), (95, np.int64(73))): {'bw': 32.0}, ((2, 8), (np.int64(31), 45)): {'bw': 28.0}, ((2, 8), (45, np.int64(70))): {'bw': 28.0}, ((3, 8), (np.int64(91), 70)): {'bw': 24.0}, ((2, 4), (np.int64(31), 7)): {'bw': 20.0}, ((2, 4), (7, 38)): {'bw': 20.0}, ((2, 4), (38, np.int64(59))): {'bw': 20.0}, ((3, 5), (np.int64(91), 70)): {'bw': 23.0}, ((3, 5), (70, 76)): {'bw': 23.0}, ((3, 5), (76, np.int64(50))): {'bw': 23.0}}",0.0,0.0,653.0,103.0,550.0,0.0,0.0,0.0,0.0,0.0,0.0,0.0,0.0,0.0,Route Failure,0.0,"{'node_level': {}, 'link_level': {}, 'path_level': {}}","{'node_level': {5: {'cpu': -49}, 6: {'cpu': -39}, 1: {'cpu': -71}, 4: {'cpu': -71}, 2: {'cpu': -42}, 7: {'cpu': -66}, 0: {'cpu': -59}, 3: {'cpu': -66}, 8: {'cpu': -79}}, 'link_level': {}, 'path_level': {}}","{'node_level': {5: {'cpu': 0}, 6: {'cpu': 0}, 1: {'cpu': 0}, 4: {'cpu': 0}, 2: {'cpu': 0}, 7: {'cpu': 0}, 0: {'cpu': 0}, 3: {'cpu': 0}, 8: {'cpu': 0}}, 'link_level': {}, 'path_level': {}}",[],0.0,0.0,True,False,False,0,[],0,0.0,9.0,12.0,"OrderedDict([((0, 3), 0), ((1, 2), 0), ((6, 7), 0), ((1, 7), 0), ((3, 4), 0), ((0, 8), 0), ((2, 5), 0), ((3, 6), 0), ((2, 8), 0), ((3, 8), 0), ((2, 4), 0), ((3, 5), 0)])",0.0,0.0
35,20,15,4169.0,7039.0,2194921.5970032765,3635849.083621751,0.5922716294928256,0.6036888623597285,38,41,1,436.0,37431.0,7054,30377.0,0.09109650818193527,0.12892495626989364,34,38.237361082638564,436.0,8,17,True,"{2: np.int64(50), 0: np.int64(73), 5: np.int64(85), 4: np.int64(59), 1: np.int64(31), 6: np.int64(38), 3: np.int64(67), 7: np.int64(53)}","{(5, 7): [(np.int64(85), 43), (43, np.int64(53))], (1, 2): [(np.int64(31), 50)], (0, 5): [(np.int64(73), 15), (15, np.int64(85))], (0, 4): [(np.int64(73), 59)], (4, 5): [(np.int64(59), 54), (54, 89), (89, np.int64(85))], (4, 6): [(np.int64(59), 38)], (2, 6): [(np.int64(50), 76), (76, 67), (67, np.int64(38))], (1, 3): [(np.int64(31), 12), (12, np.int64(67))], (2, 4): [(np.int64(50), 54), (54, np.int64(59))], (1, 5): [(np.int64(31), 55), (55, 50), (50, np.int64(85))], (3, 4): [(np.int64(67), 19), (19, 32), (32, np.int64(59))], (6, 7): [(np.int64(38), 35), (35, 79), (79, np.int64(53))], (0, 2): [(np.int64(73), 55), (55, np.int64(50))], (5, 6): [(np.int64(85), 43), (43, 60), (60, np.int64(38))], (2, 5): [(np.int64(50), 85)], (1, 6): [(np.int64(31), 7), (7, np.int64(38))], (4, 7): [(np.int64(59), 70), (70, 17), (17, 94), (94, np.int64(53))]}","{(2, np.int64(50)): {'cpu': 14}, (0, np.int64(73)): {'cpu': 14}, (5, np.int64(85)): {'cpu': 8}, (4, np.int64(59)): {'cpu': 8}, (1, np.int64(31)): {'cpu': 10}, (6, np.int64(38)): {'cpu': 6}, (3, np.int64(67)): {'cpu': 11}, (7, np.int64(53)): {'cpu': 8}}","{((5, 7), (np.int64(85), 43)): {'bw': 47.0}, ((5, 7), (43, np.int64(53))): {'bw': 47.0}, ((1, 2), (np.int64(31), 50)): {'bw': 38.0}, ((0, 5), (np.int64(73), 15)): {'bw': 37.0}, ((0, 5), (15, np.int64(85))): {'bw': 37.0}, ((0, 4), (np.int64(73), 59)): {'bw': 37.0}, ((4, 5), (np.int64(59), 54)): {'bw': 34.0}, ((4, 5), (54, 89)): {'bw': 34.0}, ((4, 5), (89, np.int64(85))): {'bw': 34.0}, ((4, 6), (np.int64(59), 38)): {'bw': 33.0}, ((2, 6), (np.int64(50), 76)): {'bw': 33.0}, ((2, 6), (76, 67)): {'bw': 33.0}, ((2, 6), (67, np.int64(38))): {'bw': 33.0}, ((1, 3), (np.int64(31), 12)): {'bw': 28.0}, ((1, 3), (12, np.int64(67))): {'bw': 28.0}, ((2, 4), (np.int64(50), 54)): {'bw': 28.0}, ((2, 4), (54, np.int64(59))): {'bw': 28.0}, ((1, 5), (np.int64(31), 55)): {'bw': 24.0}, ((1, 5), (55, 50)): {'bw': 24.0}, ((1, 5), (50, np.int64(85))): {'bw': 24.0}, ((3, 4), (np.int64(67), 19)): {'bw': 23.0}, ((3, 4), (19, 32)): {'bw': 23.0}, ((3, 4), (32, np.int64(59))): {'bw': 23.0}, ((6, 7), (np.int64(38), 35)): {'bw': 20.0}, ((6, 7), (35, 79)): {'bw': 20.0}, ((6, 7), (79, np.int64(53))): {'bw': 20.0}, ((0, 2), (np.int64(73), 55)): {'bw': 20.0}, ((0, 2), (55, np.int64(50))): {'bw': 20.0}, ((5, 6), (np.int64(85), 43)): {'bw': 10.0}, ((5, 6), (43, 60)): {'bw': 10.0}, ((5, 6), (60, np.int64(38))): {'bw': 10.0}, ((2, 5), (np.int64(50), 85)): {'bw': 9.0}, ((1, 6), (np.int64(31), 7)): {'bw': 10.0}, ((1, 6), (7, np.int64(38))): {'bw': 10.0}, ((4, 7), (np.int64(59), 70)): {'bw': 2.0}, ((4, 7), (70, 17)): {'bw': 2.0}, ((4, 7), (17, 94)): {'bw': 2.0}, ((4, 7), (94, np.int64(53))): {'bw': 2.0}}",976.0,512.0,512.0,79.0,433.0,79.0,433.0,79.0,897.0,464.0,0.5245901639344263,37319.664416655236,19577.528874310945,20.058943518761215,Success,0.0,"{'node_level': {}, 'link_level': {}, 'path_level': {}}","{'node_level': {2: {'cpu': -54}, 0: {'cpu': -42}, 5: {'cpu': -76}, 4: {'cpu': -81}, 1: {'cpu': -43}, 6: {'cpu': -76}, 3: {'cpu': -76}, 7: {'cpu': -85}}, 'link_level': {}, 'path_level': {}}","{'node_level': {2: {'cpu': 0}, 0: {'cpu': 0}, 5: {'cpu': 0}, 4: {'cpu': 0}, 1: {'cpu': 0}, 6: {'cpu': 0}, 3: {'cpu': 0}, 7: {'cpu': 0}}, 'link_level': {}, 'path_level': {}}",[],0.0,0.0,True,True,False,0,[],0,0.0,8.0,17.0,"OrderedDict([((5, 7), 0), ((1, 2), 0), ((0, 5), 0), ((0, 4), 0), ((4, 5), 0), ((4, 6), 0), ((2, 6), 0), ((1, 3), 0), ((2, 4), 0), ((1, 5), 0), ((3, 4), 0), ((6, 7), 0), ((0, 2), 0), ((5, 6), 0), ((2, 5), 0), ((1, 6), 0), ((4, 7), 0)])",1.0,0.0
35,20,14,4169.0,7039.0,2194921.5970032765,3635849.083621751,0.5922716294928256,0.6036888623597285,38,42,0,436.80630709617253,37572.0,7083,30489.0,0.08735987630459996,0.12571330255498525,17,227.80630709617253,209.0,4,3,False,{},{},{},{},0.0,0.0,0.0,0.0,0.0,0.0,0.0,0.0,0.0,0.0,0.0,0.0,0.0,0.0,Leave Event,0.0,"{'node_level': {}, 'link_level': {}, 'path_level': {}}","{'node_level': {}, 'link_level': {}, 'path_level': {}}","{'node_level': {}, 'link_level': {}, 'path_level': {}}",[],0.0,0.0,True,True,False,0,[],0,0.0,,,,,
36,21,15,4242.0,7112.0,2276290.000215067,3717217.4868335417,0.5964566929133859,0.6123639545648678,38,43,1,447.0,37499.0,7055,30444.0,0.09096765880685476,0.12700369913686804,35,1114.6356604354908,447.0,2,1,True,"{0: np.int64(13), 1: np.int64(77)}","{(0, 1): [(np.int64(13), 77)]}","{(0, np.int64(13)): {'cpu': 20}, (1, np.int64(77)): {'cpu': 8}}","{((0, 1), (np.int64(13), 77)): {'bw': 45.0}}",73.0,73.0,73.0,28.0,45.0,28.0,45.0,28.0,45.0,0.0,1.0,81368.40321179082,81368.40321179082,1114.6356604354908,Success,0.0,"{'node_level': {}, 'link_level': {}, 'path_level': {}}","{'node_level': {0: {'cpu': -48}, 1: {'cpu': -87}}, 'link_level': {}, 'path_level': {}}","{'node_level': {0: {'cpu': 0}, 1: {'cpu': 0}}, 'link_level': {}, 'path_level': {}}",[],0.0,0.0,True,True,False,0,[],0,0.0,2.0,1.0,"OrderedDict([((0, 1), 0)])",0.0,0.0
36,21,14,4242.0,7112.0,2276290.000215067,3717217.4868335417,0.5964566929133859,0.6123639545648678,38,44,0,460.37396559521494,38033.0,7146,30887.0,0.07924236567452647,0.11430046167522157,5,389.37396559521494,71.0,7,12,False,{},{},{},{},0.0,0.0,0.0,0.0,0.0,0.0,0.0,0.0,0.0,0.0,0.0,0.0,0.0,0.0,Leave Event,0.0,"{'node_level': {}, 'link_level': {}, 'path_level': {}}","{'node_level': {}, 'link_level': {}, 'path_level': {}}","{'node_level': {}, 'link_level': {}, 'path_level': {}}",[],0.0,0.0,True,True,False,0,[],0,0.0,,,,,
37,22,15,4262.0,7132.0,2286511.4199192086,3727438.906537683,0.5975883342680874,0.6134269339488885,38,45,1,462.0,38013.0,7140,30873.0,0.08001546192500963,0.1147019183895851,36,511.07098520707405,462.0,2,1,True,"{1: np.int64(21), 0: np.int64(44)}","{(0, 1): [(np.int64(44), 21)]}","{(1, np.int64(21)): {'cpu': 4}, (0, np.int64(44)): {'cpu': 2}}","{((0, 1), (np.int64(44), 21)): {'bw': 14.0}}",20.0,20.0,20.0,6.0,14.0,6.0,14.0,6.0,14.0,0.0,1.0,10221.41970414148,10221.41970414148,511.07098520707405,Success,0.0,"{'node_level': {}, 'link_level': {}, 'path_level': {}}","{'node_level': {1: {'cpu': -72}, 0: {'cpu': -51}}, 'link_level': {}, 'path_level': {}}","{'node_level': {1: {'cpu': 0}, 0: {'cpu': 0}}, 'link_level': {}, 'path_level': {}}",[],0.0,0.0,True,True,False,0,[],0,0.0,2.0,1.0,"OrderedDict([((0, 1), 0)])",0.0,0.0
37,22,14,4262.0,7132.0,2286511.4199192086,3727438.906537683,0.5975883342680874,0.6134269339488885,38,46,0,469.1940139598675,38700.0,7228,31472.0,0.06867671691792299,0.09752530611074472,11,327.1940139598675,142.0,6,9,False,{},{},{},{},0.0,0.0,0.0,0.0,0.0,0.0,0.0,0.0,0.0,0.0,0.0,0.0,0.0,0.0,Leave Event,0.0,"{'node_level': {}, 'link_level': {}, 'path_level': {}}","{'node_level': {}, 'link_level': {}, 'path_level': {}}","{'node_level': {}, 'link_level': {}, 'path_level': {}}",[],0.0,0.0,True,True,False,0,[],0,0.0,,,,,
37,22,13,4262.0,7132.0,2286511.4199192086,3727438.906537683,0.5975883342680874,0.6134269339488885,38,47,0,474.2373610826386,39676.0,7307,32369.0,0.05849761628656103,0.0718034009118802,34,38.237361082638564,436.0,8,17,False,{},{},{},{},0.0,0.0,0.0,0.0,0.0,0.0,0.0,0.0,0.0,0.0,0.0,0.0,0.0,0.0,Leave Event,0.0,"{'node_level': {}, 'link_level': {}, 'path_level': {}}","{'node_level': {}, 'link_level': {}, 'path_level': {}}","{'node_level': {}, 'link_level': {}, 'path_level': {}}",[],0.0,0.0,True,True,False,0,[],0,0.0,,,,,
38,23,14,4455.0,7473.0,2301440.472098506,3753816.1438078405,0.5961461260537937,0.6130935517166655,38,48,1,477.0,39335.0,7273,32062.0,0.0628784950392991,0.08060677314828091,37,77.35260196527098,477.0,4,5,True,"{2: np.int64(65), 1: np.int64(4), 3: np.int64(38), 0: np.int64(50)}","{(1, 3): [(np.int64(4), 38)], (1, 2): [(np.int64(4), 0), (0, np.int64(65))], (0, 3): [(np.int64(50), 64), (64, np.int64(38))], (0, 1): [(np.int64(50), 54), (54, 19), (19, np.int64(4))], (2, 3): [(np.int64(65), 74), (74, 94), (94, 64), (64, np.int64(38))]}","{(2, np.int64(65)): {'cpu': 18, 'nic_slots': 1}, (1, np.int64(4)): {'cpu': 7, 'nic_slots': 1}, (3, np.int64(38)): {'cpu': 7, 'nic_slots': 2}, (0, np.int64(50)): {'cpu': 2}}","{((1, 3), (np.int64(4), 38)): {'bw': 47.0}, ((1, 2), (np.int64(4), 0)): {'bw': 45.0}, ((1, 2), (0, np.int64(65))): {'bw': 45.0}, ((0, 3), (np.int64(50), 64)): {'bw': 36.0}, ((0, 3), (64, np.int64(38))): {'bw': 36.0}, ((0, 1), (np.int64(50), 54)): {'bw': 26.0}, ((0, 1), (54, 19)): {'bw': 26.0}, ((0, 1), (19, np.int64(4))): {'bw': 26.0}, ((2, 3), (np.int64(65), 74)): {'bw': 5.0}, ((2, 3), (74, 94)): {'bw': 5.0}, ((2, 3), (94, 64)): {'bw': 5.0}, ((2, 3), (64, np.int64(38))): {'bw': 5.0}}",341.0,193.0,193.0,34.0,159.0,34.0,159.0,34.0,307.0,148.0,0.5659824046920822,26377.237270157402,14929.0521792973,43.780211669493546,Success,0.0,"{'node_level': {}, 'link_level': {}, 'path_level': {}}","{'node_level': {2: {'cpu': -64}, 1: {'cpu': -43}, 3: {'cpu': -89}, 0: {'cpu': -66}}, 'link_level': {}, 'path_level': {}}","{'node_level': {2: {'cpu': 0}, 1: {'cpu': 0}, 3: {'cpu': 0}, 0: {'cpu': 0}}, 'link_level': {}, 'path_level': {}}",[],0.0,0.0,True,True,False,0,[],0,0.0,4.0,5.0,"OrderedDict([((1, 3), 1), ((1, 2), 0), ((0, 3), 0), ((0, 1), 0), ((2, 3), 1)])",1.0,2.0
39,24,15,4679.0,7784.0,2361321.5072324043,3836954.5452660653,0.6011048304213772,0.6154155540220672,38,49,1,489.0,39024.0,7180,31844.0,0.0748614869217884,0.08685802770051332,38,267.32604970490326,489.0,6,5,True,"{5: np.int64(67), 2: np.int64(50), 0: np.int64(60), 1: np.int64(73), 3: np.int64(21), 4: np.int64(85)}","{(0, 5): [(np.int64(60), 67)], (1, 2): [(np.int64(73), 55), (55, np.int64(50))], (3, 5): [(np.int64(21), 76), (76, np.int64(67))], (2, 5): [(np.int64(50), 76), (76, np.int64(67))], (3, 4): [(np.int64(21), 85)]}","{(5, np.int64(67)): {'cpu': 15}, (2, np.int64(50)): {'cpu': 20}, (0, np.int64(60)): {'cpu': 15}, (1, np.int64(73)): {'cpu': 13}, (3, np.int64(21)): {'cpu': 14}, (4, np.int64(85)): {'cpu': 16}}","{((0, 5), (np.int64(60), 67)): {'bw': 42.0}, ((1, 2), (np.int64(73), 55)): {'bw': 44.0}, ((1, 2), (55, np.int64(50))): {'bw': 44.0}, ((3, 5), (np.int64(21), 76)): {'bw': 29.0}, ((3, 5), (76, np.int64(67))): {'bw': 29.0}, ((2, 5), (np.int64(50), 76)): {'bw': 14.0}, ((2, 5), (76, np.int64(67))): {'bw': 14.0}, ((3, 4), (np.int64(21), 85)): {'bw': 2.0}}",311.0,224.0,224.0,93.0,131.0,93.0,131.0,93.0,218.0,87.0,0.7202572347266881,83138.40145822491,59881.03513389833,192.5435213308628,Success,0.0,"{'node_level': {}, 'link_level': {}, 'path_level': {}}","{'node_level': {5: {'cpu': -85}, 2: {'cpu': -46}, 0: {'cpu': -55}, 1: {'cpu': -43}, 3: {'cpu': -58}, 4: {'cpu': -68}}, 'link_level': {}, 'path_level': {}}","{'node_level': {5: {'cpu': 0}, 2: {'cpu': 0}, 0: {'cpu': 0}, 1: {'cpu': 0}, 3: {'cpu': 0}, 4: {'cpu': 0}}, 'link_level': {}, 'path_level': {}}",[],0.0,0.0,True,True,False,0,[],0,0.0,6.0,5.0,"OrderedDict([((0, 5), 0), ((1, 2), 0), ((3, 5), 0), ((2, 5), 0), ((3, 4), 0)])",0.0,0.0
40,24,15,4679.0,7784.0,2361321.5072324043,3836954.5452660653,0.6011048304213772,0.6154155540220672,38,50,1,503.0,39024.0,7180,31844.0,0.0748614869217884,0.08685802770051332,39,25.177879846275736,503.0,7,9,False,"{6: np.int64(68), 4: np.int64(38), 2: np.int64(88), 5: np.int64(59), 3: np.int64(57), 0: np.int64(90), 1: np.int64(91)}","{(5, 6): [(np.int64(59), 54), (54, np.int64(68))], (3, 4): [(np.int64(57), 59), (59, np.int64(38))], (2, 6): [(np.int64(88), 68)], (4, 5): [(np.int64(38), 59)]}","{(6, np.int64(68)): {'cpu': 17}, (4, np.int64(38)): {'cpu': 14}, (2, np.int64(88)): {'cpu': 19}, (5, np.int64(59)): {'cpu': 7}, (3, np.int64(57)): {'cpu': 4}, (0, np.int64(90)): {'cpu': 16}, (1, np.int64(91)): {'cpu': 1}}","{((5, 6), (np.int64(59), 54)): {'bw': 37.0}, ((5, 6), (54, np.int64(68))): {'bw': 37.0}, ((3, 4), (np.int64(57), 59)): {'bw': 35.0}, ((3, 4), (59, np.int64(38))): {'bw': 35.0}, ((2, 6), (np.int64(88), 68)): {'bw': 36.0}, ((4, 5), (np.int64(38), 59)): {'bw': 18.0}}",0.0,0.0,257.0,78.0,179.0,0.0,0.0,0.0,0.0,0.0,0.0,0.0,0.0,0.0,Route Failure,0.0,"{'node_level': {}, 'link_level': {}, 'path_level': {}}","{'node_level': {6: {'cpu': -51}, 4: {'cpu': -75}, 2: {'cpu': -67}, 5: {'cpu': -82}, 3: {'cpu': -47}, 0: {'cpu': -83}, 1: {'cpu': -70}}, 'link_level': {}, 'path_level': {}}","{'node_level': {6: {'cpu': 0}, 4: {'cpu': 0}, 2: {'cpu': 0}, 5: {'cpu': 0}, 3: {'cpu': 0}, 0: {'cpu': 0}, 1: {'cpu': 0}}, 'link_level': {}, 'path_level': {}}",[],0.0,0.0,True,False,False,0,[],0,0.0,7.0,4.0,"OrderedDict([((5, 6), 0), ((3, 4), 0), ((2, 6), 0), ((4, 5), 0)])",0.0,0.0
41,24,15,4679.0,7784.0,2361321.5072324043,3836954.5452660653,0.6011048304213772,0.6154155540220672,38,51,1,521.0,39024.0,7180,31844.0,0.0748614869217884,0.08685802770051332,40,117.4647097538921,521.0,10,21,False,"{6: np.int64(68), 3: np.int64(38), 5: np.int64(59), 7: np.int64(57), 1: np.int64(90), 9: np.int64(91), 0: np.int64(85), 8: np.int64(45)}",{},"{(6, np.int64(68)): {'cpu': 18}, (3, np.int64(38)): {'cpu': 17}, (5, np.int64(59)): {'cpu': 15}, (7, np.int64(57)): {'cpu': 12}, (1, np.int64(90)): {'cpu': 10}, (9, np.int64(91)): {'cpu': 15}, (0, np.int64(85)): {'cpu': 7}, (8, np.int64(45)): {'cpu': 7}}",{},0.0,0.0,581.0,112.0,469.0,0.0,0.0,0.0,0.0,0.0,0.0,0.0,0.0,0.0,Place Failure,0.0,"{'node_level': {}, 'link_level': {}, 'path_level': {}}","{'node_level': {6: {'cpu': -50}, 3: {'cpu': -72}, 5: {'cpu': -74}, 7: {'cpu': -39}, 1: {'cpu': -89}, 9: {'cpu': -56}, 0: {'cpu': -61}, 8: {'cpu': -54}}, 'link_level': {}, 'path_level': {}}","{'node_level': {6: {'cpu': 0}, 3: {'cpu': 0}, 5: {'cpu': 0}, 7: {'cpu': 0}, 1: {'cpu': 0}, 9: {'cpu': 0}, 0: {'cpu': 0}, 8: {'cpu': 0}}, 'link_level': {}, 'path_level': {}}",[],0.0,0.0,False,True,False,0,[],0,0.0,8.0,0.0,,,
41,24,15,4679.0,7784.0,2361321.5072324043,3836954.5452660653,0.6011048304213772,0.6154155540220672,38,52,0,523.5291919280089,39024.0,7180,31844.0,0.0748614869217884,0.08685802770051332,33,97.52919192800896,426.0,9,20,False,{},{},{},{},0.0,0.0,0.0,0.0,0.0,0.0,0.0,0.0,0.0,0.0,0.0,0.0,0.0,0.0,Leave Event,0.0,"{'node_level': {}, 'link_level': {}, 'path_level': {}}","{'node_level': {}, 'link_level': {}, 'path_level': {}}","{'node_level': {}, 'link_level': {}, 'path_level': {}}",[],0.0,0.0,True,True,False,0,[],0,0.0,,,,,
41,24,15,4679.0,7784.0,2361321.5072324043,3836954.5452660653,0.6011048304213772,0.6154155540220672,38,53,0,528.1778798462757,39024.0,7180,31844.0,0.0748614869217884,0.08685802770051332,39,25.177879846275736,503.0,7,9,False,{},{},{},{},0.0,0.0,0.0,0.0,0.0,0.0,0.0,0.0,0.0,0.0,0.0,0.0,0.0,0.0,Leave Event,0.0,"{'node_level': {}, 'link_level': {}, 'path_level': {}}","{'node_level': {}, 'link_level': {}, 'path_level': {}}","{'node_level': {}, 'link_level': {}, 'path_level': {}}",[],0.0,0.0,True,True,False,0,[],0,0.0,,,,,
41,24,14,4679.0,7784.0,2361321.5072324043,3836954.5452660653,0.6011048304213772,0.6154155540220672,38,54,0,529.9411698187021,39314.0,7228,32086.0,0.06867671691792299,0.07991856163794342,32,122.94116981870206,407.0,6,5,False,{},{},{},{},0.0,0.0,0.0,0.0,0.0,0.0,0.0,0.0,0.0,0.0,0.0,0.0,0.0,0.0,Leave Event,0.0,"{'node_level': {}, 'link_level': {}, 'path_level': {}}","{'node_level': {}, 'link_level': {}, 'path_level': {}}","{'node_level': {}, 'link_level': {}, 'path_level': {}}",[],0.0,0.0,True,True,False,0,[],0,0.0,,,,,
42,24,14,4679.0,7784.0,2361321.5072324043,3836954.5452660653,0.6011048304213772,0.6154155540220672,38,55,1,533.0,39314.0,7228,32086.0,0.06867671691792299,0.07991856163794342,41,655.9797235993424,533.0,10,27,False,"{4: np.int64(31), 0: np.int64(52), 7: np.int64(9), 9: np.int64(5), 8: np.int64(85), 2: np.int64(83), 5: np.int64(21), 3: np.int64(15), 6: np.int64(44), 1: np.int64(7)}","{(3, 8): [(np.int64(15), 85)], (0, 7): [(np.int64(52), 9)], (7, 8): [(np.int64(9), 85)], (0, 1): [(np.int64(52), 31), (31, np.int64(7))], (3, 4): [(np.int64(15), 55), (55, np.int64(31))], (2, 4): [(np.int64(83), 87), (87, 7), (7, 45), (45, np.int64(31))], (5, 8): [(np.int64(21), 85)], (3, 7): [(np.int64(15), 8), (8, 1), (1, np.int64(9))], (4, 6): [(np.int64(31), 12), (12, np.int64(44))]}","{(4, np.int64(31)): {'cpu': 14}, (0, np.int64(52)): {'cpu': 16}, (7, np.int64(9)): {'cpu': 12}, (9, np.int64(5)): {'cpu': 16}, (8, np.int64(85)): {'cpu': 15}, (2, np.int64(83)): {'cpu': 18}, (5, np.int64(21)): {'cpu': 9}, (3, np.int64(15)): {'cpu': 4}, (6, np.int64(44)): {'cpu': 4}, (1, np.int64(7)): {'cpu': 4}}","{((3, 8), (np.int64(15), 85)): {'bw': 49.0}, ((0, 7), (np.int64(52), 9)): {'bw': 49.0}, ((7, 8), (np.int64(9), 85)): {'bw': 46.0}, ((0, 1), (np.int64(52), 31)): {'bw': 48.0}, ((0, 1), (31, np.int64(7))): {'bw': 48.0}, ((3, 4), (np.int64(15), 55)): {'bw': 44.0}, ((3, 4), (55, np.int64(31))): {'bw': 44.0}, ((2, 4), (np.int64(83), 87)): {'bw': 49.0}, ((2, 4), (87, 7)): {'bw': 49.0}, ((2, 4), (7, 45)): {'bw': 49.0}, ((2, 4), (45, np.int64(31))): {'bw': 49.0}, ((5, 8), (np.int64(21), 85)): {'bw': 45.0}, ((3, 7), (np.int64(15), 8)): {'bw': 45.0}, ((3, 7), (8, 1)): {'bw': 45.0}, ((3, 7), (1, np.int64(9))): {'bw': 45.0}, ((4, 6), (np.int64(31), 12)): {'bw': 47.0}, ((4, 6), (12, np.int64(44))): {'bw': 47.0}}",0.0,0.0,938.0,112.0,826.0,0.0,0.0,0.0,0.0,0.0,0.0,0.0,0.0,0.0,Route Failure,0.0,"{'node_level': {}, 'link_level': {}, 'path_level': {}}","{'node_level': {4: {'cpu': -59}, 0: {'cpu': -59}, 7: {'cpu': -64}, 9: {'cpu': -45}, 8: {'cpu': -57}, 2: {'cpu': -72}, 5: {'cpu': -49}, 3: {'cpu': -69}, 6: {'cpu': -52}, 1: {'cpu': -56}}, 'link_level': {}, 'path_level': {}}","{'node_level': {4: {'cpu': 0}, 0: {'cpu': 0}, 7: {'cpu': 0}, 9: {'cpu': 0}, 8: {'cpu': 0}, 2: {'cpu': 0}, 5: {'cpu': 0}, 3: {'cpu': 0}, 6: {'cpu': 0}, 1: {'cpu': 0}}, 'link_level': {}, 'path_level': {}}",[],0.0,0.0,True,False,False,0,[],0,0.0,10.0,9.0,"OrderedDict([((3, 8), 0), ((0, 7), 0), ((7, 8), 0), ((0, 1), 0), ((3, 4), 0), ((2, 4), 0), ((5, 8), 0), ((3, 7), 0), ((4, 6), 0)])",1.0,0.0
43,24,14,4679.0,7784.0,2361321.5072324043,3836954.5452660653,0.6011048304213772,0.6154155540220672,38,56,1,542.0,39314.0,7228,32086.0,0.06867671691792299,0.07991856163794342,42,526.5175982188248,542.0,9,16,False,"{4: np.int64(31), 3: np.int64(52), 0: np.int64(5), 5: np.int64(85), 8: np.int64(68), 6: np.int64(38), 1: np.int64(45), 7: np.int64(1), 2: np.int64(59)}","{(1, 7): [(np.int64(45), 38), (38, 4), (4, 68), (68, np.int64(1))], (0, 3): [(np.int64(5), 20), (20, np.int64(52))], (2, 5): [(np.int64(59), 54), (54, 89), (89, np.int64(85))]}","{(4, np.int64(31)): {'cpu': 16}, (3, np.int64(52)): {'cpu': 8}, (0, np.int64(5)): {'cpu': 20}, (5, np.int64(85)): {'cpu': 15}, (8, np.int64(68)): {'cpu': 9}, (6, np.int64(38)): {'cpu': 10}, (1, np.int64(45)): {'cpu': 7}, (7, np.int64(1)): {'cpu': 4}, (2, np.int64(59)): {'cpu': 1}}","{((1, 7), (np.int64(45), 38)): {'bw': 50.0}, ((1, 7), (38, 4)): {'bw': 50.0}, ((1, 7), (4, 68)): {'bw': 50.0}, ((1, 7), (68, np.int64(1))): {'bw': 50.0}, ((0, 3), (np.int64(5), 20)): {'bw': 49.0}, ((0, 3), (20, np.int64(52))): {'bw': 49.0}, ((2, 5), (np.int64(59), 54)): {'bw': 49.0}, ((2, 5), (54, 89)): {'bw': 49.0}, ((2, 5), (89, np.int64(85))): {'bw': 49.0}}",0.0,0.0,506.0,90.0,416.0,0.0,0.0,0.0,0.0,0.0,0.0,0.0,0.0,0.0,Route Failure,0.0,"{'node_level': {}, 'link_level': {}, 'path_level': {}}","{'node_level': {4: {'cpu': -57}, 3: {'cpu': -67}, 0: {'cpu': -41}, 5: {'cpu': -57}, 8: {'cpu': -59}, 6: {'cpu': -79}, 1: {'cpu': -54}, 7: {'cpu': -70}, 2: {'cpu': -88}}, 'link_level': {}, 'path_level': {}}","{'node_level': {4: {'cpu': 0}, 3: {'cpu': 0}, 0: {'cpu': 0}, 5: {'cpu': 0}, 8: {'cpu': 0}, 6: {'cpu': 0}, 1: {'cpu': 0}, 7: {'cpu': 0}, 2: {'cpu': 0}}, 'link_level': {}, 'path_level': {}}",[],0.0,0.0,True,False,False,0,[],0,0.0,9.0,3.0,"OrderedDict([((1, 7), 0), ((0, 3), 0), ((2, 5), 0)])",0.0,0.0
44,25,15,5035.0,8345.0,2477371.0248978185,4019830.3301264513,0.603355302576393,0.6162874602769336,39,57,1,550.0,38753.0,7164,31589.0,0.07692307692307687,0.09417027499784936,43,325.9817911949841,550.0,7,10,True,"{2: np.int64(31), 6: np.int64(52), 0: np.int64(5), 3: np.int64(85), 1: np.int64(68), 4: np.int64(38), 5: np.int64(89)}","{(1, 3): [(np.int64(68), 23), (23, 50), (50, np.int64(85))], (1, 4): [(np.int64(68), 4), (4, np.int64(38))], (2, 6): [(np.int64(31), 52)], (0, 2): [(np.int64(5), 31)], (0, 3): [(np.int64(5), 21), (21, np.int64(85))], (3, 6): [(np.int64(85), 52)], (3, 5): [(np.int64(85), 89)], (1, 2): [(np.int64(68), 12), (12, np.int64(31))], (0, 5): [(np.int64(5), 49), (49, np.int64(89))], (5, 6): [(np.int64(89), 54), (54, np.int64(52))]}","{(2, np.int64(31)): {'cpu': 19}, (6, np.int64(52)): {'cpu': 18}, (0, np.int64(5)): {'cpu': 13}, (3, np.int64(85)): {'cpu': 5}, (1, np.int64(68)): {'cpu': 5, 'nic_slots': 1}, (4, np.int64(38)): {'cpu': 3, 'nic_slots': 1}, (5, np.int64(89)): {'cpu': 1}}","{((1, 3), (np.int64(68), 23)): {'bw': 50.0}, ((1, 3), (23, 50)): {'bw': 50.0}, ((1, 3), (50, np.int64(85))): {'bw': 50.0}, ((1, 4), (np.int64(68), 4)): {'bw': 43.0}, ((1, 4), (4, np.int64(38))): {'bw': 43.0}, ((2, 6), (np.int64(31), 52)): {'bw': 41.0}, ((0, 2), (np.int64(5), 31)): {'bw': 41.0}, ((0, 3), (np.int64(5), 21)): {'bw': 34.0}, ((0, 3), (21, np.int64(85))): {'bw': 34.0}, ((3, 6), (np.int64(85), 52)): {'bw': 27.0}, ((3, 5), (np.int64(85), 89)): {'bw': 28.0}, ((1, 2), (np.int64(68), 12)): {'bw': 16.0}, ((1, 2), (12, np.int64(31))): {'bw': 16.0}, ((0, 5), (np.int64(5), 49)): {'bw': 6.0}, ((0, 5), (49, np.int64(89))): {'bw': 6.0}, ((5, 6), (np.int64(89), 54)): {'bw': 6.0}, ((5, 6), (54, np.int64(52))): {'bw': 6.0}}",561.0,356.0,356.0,64.0,292.0,64.0,292.0,64.0,497.0,205.0,0.6345811051693404,182875.78486038608,116049.51766541434,206.86188532159417,Success,0.0,"{'node_level': {}, 'link_level': {}, 'path_level': {}}","{'node_level': {2: {'cpu': -54}, 6: {'cpu': -57}, 0: {'cpu': -48}, 3: {'cpu': -67}, 1: {'cpu': -63}, 4: {'cpu': -86}, 5: {'cpu': -76}}, 'link_level': {}, 'path_level': {}}","{'node_level': {2: {'cpu': 0}, 6: {'cpu': 0}, 0: {'cpu': 0}, 3: {'cpu': 0}, 1: {'cpu': 0}, 4: {'cpu': 0}, 5: {'cpu': 0}}, 'link_level': {}, 'path_level': {}}",[],0.0,0.0,True,True,False,0,[],0,0.0,7.0,10.0,"OrderedDict([((1, 3), 0), ((1, 4), 1), ((2, 6), 0), ((0, 2), 0), ((0, 3), 0), ((3, 6), 0), ((3, 5), 0), ((1, 2), 0), ((0, 5), 0), ((5, 6), 0)])",2.0,1.0
44,25,14,5035.0,8345.0,2477371.0248978185,4019830.3301264513,0.603355302576393,0.6162874602769336,39,58,0,554.352601965271,39094.0,7198,31896.0,0.07254219817033891,0.08536690276144865,37,77.35260196527098,477.0,4,5,False,{},{},{},{},0.0,0.0,0.0,0.0,0.0,0.0,0.0,0.0,0.0,0.0,0.0,0.0,0.0,0.0,Leave Event,0.0,"{'node_level': {}, 'link_level': {}, 'path_level': {}}","{'node_level': {}, 'link_level': {}, 'path_level': {}}","{'node_level': {}, 'link_level': {}, 'path_level': {}}",[],0.0,0.0,True,True,False,0,[],0,0.0,,,,,
45,26,15,5126.0,8456.0,2491989.3067080784,4037661.4211257794,0.6061967833491012,0.6171862984027182,40,59,1,564.0,38983.0,7158,31825.0,0.07769617317356015,0.08740286181286383,44,160.6404594534066,564.0,3,2,True,"{0: np.int64(65), 2: np.int64(4), 1: np.int64(6)}","{(0, 1): [(np.int64(65), 6)], (0, 2): [(np.int64(65), 0), (0, np.int64(4))]}","{(0, np.int64(65)): {'cpu': 19}, (2, np.int64(4)): {'cpu': 19}, (1, np.int64(6)): {'cpu': 2}}","{((0, 1), (np.int64(65), 6)): {'bw': 31.0}, ((0, 2), (np.int64(65), 0)): {'bw': 20.0}, ((0, 2), (0, np.int64(4))): {'bw': 20.0}}",111.0,91.0,91.0,40.0,51.0,40.0,51.0,40.0,71.0,20.0,0.8198198198198198,17831.090999328135,14618.281810260001,131.69623252486485,Success,0.0,"{'node_level': {}, 'link_level': {}, 'path_level': {}}","{'node_level': {0: {'cpu': -63}, 2: {'cpu': -31}, 1: {'cpu': -67}}, 'link_level': {}, 'path_level': {}}","{'node_level': {0: {'cpu': 0}, 2: {'cpu': 0}, 1: {'cpu': 0}}, 'link_level': {}, 'path_level': {}}",[],0.0,0.0,True,True,False,0,[],0,0.0,3.0,2.0,"OrderedDict([((0, 1), 0), ((0, 2), 0)])",1.0,0.0
46,27,16,5179.0,8514.0,2519978.452181927,4068291.0520216892,0.6082922245712944,0.6194194122196969,40,60,1,578.0,38925.0,7125,31800.0,0.0819482025512176,0.08811974880279871,45,528.0970844122402,578.0,3,2,True,"{1: np.int64(38), 2: np.int64(59), 0: np.int64(57)}","{(1, 2): [(np.int64(38), 59)], (0, 1): [(np.int64(57), 64), (64, np.int64(38))]}","{(1, np.int64(38)): {'cpu': 15}, (2, np.int64(59)): {'cpu': 13}, (0, np.int64(57)): {'cpu': 5}}","{((1, 2), (np.int64(38), 59)): {'bw': 15.0}, ((0, 1), (np.int64(57), 64)): {'bw': 5.0}, ((0, 1), (64, np.int64(38))): {'bw': 5.0}}",58.0,53.0,53.0,33.0,20.0,33.0,20.0,33.0,25.0,5.0,0.9137931034482759,30629.63089590993,27989.14547384873,482.5714736870471,Success,0.0,"{'node_level': {}, 'link_level': {}, 'path_level': {}}","{'node_level': {1: {'cpu': -78}, 2: {'cpu': -76}, 0: {'cpu': -46}}, 'link_level': {}, 'path_level': {}}","{'node_level': {1: {'cpu': 0}, 2: {'cpu': 0}, 0: {'cpu': 0}}, 'link_level': {}, 'path_level': {}}",[],0.0,0.0,True,True,False,0,[],0,0.0,3.0,2.0,"OrderedDict([((1, 2), 0), ((0, 1), 0)])",0.0,0.0
47,28,17,5264.0,8731.0,2653166.4122507814,4408312.079491589,0.6029091742068492,0.6018553959901976,41,61,1,592.0,38708.0,7106,31602.0,0.0843963406777477,0.09379749376308322,46,1566.917177280644,592.0,3,2,True,"{1: np.int64(90), 0: np.int64(57), 2: np.int64(91)}","{(1, 2): [(np.int64(90), 54), (54, 76), (76, 70), (70, np.int64(91))], (0, 1): [(np.int64(57), 90)]}","{(1, np.int64(90)): {'cpu': 5}, (0, np.int64(57)): {'cpu': 11}, (2, np.int64(91)): {'cpu': 3}}","{((1, 2), (np.int64(90), 54)): {'bw': 44.0}, ((1, 2), (54, 76)): {'bw': 44.0}, ((1, 2), (76, 70)): {'bw': 44.0}, ((1, 2), (70, np.int64(91))): {'bw': 44.0}, ((0, 1), (np.int64(57), 90)): {'bw': 22.0}}",217.0,85.0,85.0,19.0,66.0,19.0,66.0,19.0,198.0,132.0,0.391705069124424,340021.02746989974,133187.96006885474,613.7694012389619,Success,0.0,"{'node_level': {}, 'link_level': {}, 'path_level': {}}","{'node_level': {1: {'cpu': -94}, 0: {'cpu': -35}, 2: {'cpu': -68}}, 'link_level': {}, 'path_level': {}}","{'node_level': {1: {'cpu': 0}, 0: {'cpu': 0}, 2: {'cpu': 0}}, 'link_level': {}, 'path_level': {}}",[],0.0,0.0,True,True,False,0,[],0,0.0,3.0,2.0,"OrderedDict([((1, 2), 0), ((0, 1), 0)])",0.0,0.0
48,29,18,5643.0,9459.0,2761532.2356648035,4616465.956656254,0.5965746907706946,0.5981918336651193,41,62,1,606.0,37980.0,7040,30940.0,0.09290039943306272,0.1127806612565595,47,285.9256554459682,606.0,7,11,True,"{4: np.int64(45), 0: np.int64(65), 1: np.int64(38), 2: np.int64(53), 5: np.int64(88), 6: np.int64(15), 3: np.int64(9)}","{(1, 5): [(np.int64(38), 88)], (2, 4): [(np.int64(53), 79), (79, 31), (31, np.int64(45))], (5, 6): [(np.int64(88), 73), (73, np.int64(15))], (0, 6): [(np.int64(65), 1), (1, 8), (8, np.int64(15))], (1, 4): [(np.int64(38), 45)], (4, 5): [(np.int64(45), 59), (59, np.int64(88))], (2, 3): [(np.int64(53), 94), (94, 71), (71, np.int64(9))], (0, 2): [(np.int64(65), 6), (6, np.int64(53))], (0, 3): [(np.int64(65), 1), (1, np.int64(9))], (3, 5): [(np.int64(9), 1), (1, 68), (68, np.int64(88))], (3, 6): [(np.int64(9), 1), (1, 8), (8, np.int64(15))]}","{(4, np.int64(45)): {'cpu': 16}, (0, np.int64(65)): {'cpu': 14}, (1, np.int64(38)): {'cpu': 12}, (2, np.int64(53)): {'cpu': 11}, (5, np.int64(88)): {'cpu': 4}, (6, np.int64(15)): {'cpu': 5}, (3, np.int64(9)): {'cpu': 4}}","{((1, 5), (np.int64(38), 88)): {'bw': 46.0}, ((2, 4), (np.int64(53), 79)): {'bw': 37.0}, ((2, 4), (79, 31)): {'bw': 37.0}, ((2, 4), (31, np.int64(45))): {'bw': 37.0}, ((5, 6), (np.int64(88), 73)): {'bw': 38.0}, ((5, 6), (73, np.int64(15))): {'bw': 38.0}, ((0, 6), (np.int64(65), 1)): {'bw': 35.0}, ((0, 6), (1, 8)): {'bw': 35.0}, ((0, 6), (8, np.int64(15))): {'bw': 35.0}, ((1, 4), (np.int64(38), 45)): {'bw': 34.0}, ((4, 5), (np.int64(45), 59)): {'bw': 32.0}, ((4, 5), (59, np.int64(88))): {'bw': 32.0}, ((2, 3), (np.int64(53), 94)): {'bw': 24.0}, ((2, 3), (94, 71)): {'bw': 24.0}, ((2, 3), (71, np.int64(9))): {'bw': 24.0}, ((0, 2), (np.int64(65), 6)): {'bw': 26.0}, ((0, 2), (6, np.int64(53))): {'bw': 26.0}, ((0, 3), (np.int64(65), 1)): {'bw': 21.0}, ((0, 3), (1, np.int64(9))): {'bw': 21.0}, ((3, 5), (np.int64(9), 1)): {'bw': 17.0}, ((3, 5), (1, 68)): {'bw': 17.0}, ((3, 5), (68, np.int64(88))): {'bw': 17.0}, ((3, 6), (np.int64(9), 1)): {'bw': 3.0}, ((3, 6), (1, 8)): {'bw': 3.0}, ((3, 6), (8, np.int64(15))): {'bw': 3.0}}",728.0,379.0,379.0,66.0,313.0,66.0,313.0,66.0,662.0,349.0,0.5206043956043956,208153.87716466482,108365.82341402194,148.85415304123893,Success,0.0,"{'node_level': {}, 'link_level': {}, 'path_level': {}}","{'node_level': {4: {'cpu': -45}, 0: {'cpu': -49}, 1: {'cpu': -66}, 2: {'cpu': -82}, 5: {'cpu': -82}, 6: {'cpu': -68}, 3: {'cpu': -72}}, 'link_level': {}, 'path_level': {}}","{'node_level': {4: {'cpu': 0}, 0: {'cpu': 0}, 1: {'cpu': 0}, 2: {'cpu': 0}, 5: {'cpu': 0}, 6: {'cpu': 0}, 3: {'cpu': 0}}, 'link_level': {}, 'path_level': {}}",[],0.0,0.0,True,True,False,0,[],0,0.0,7.0,11.0,"OrderedDict([((1, 5), 0), ((2, 4), 0), ((5, 6), 0), ((0, 6), 0), ((1, 4), 0), ((4, 5), 0), ((2, 3), 0), ((0, 2), 0), ((0, 3), 0), ((3, 5), 0), ((3, 6), 0)])",1.0,0.0
49,30,19,5890.0,9910.0,2770512.313589287,4632862.779101363,0.5943491422805247,0.5980130311838598,41,63,1,619.0,37529.0,6976,30553.0,0.10114675943821672,0.12387807186075184,48,36.35659078738325,619.0,7,10,True,"{0: np.int64(80), 4: np.int64(83), 2: np.int64(39), 3: np.int64(44), 1: np.int64(29), 6: np.int64(97), 5: np.int64(21)}","{(0, 2): [(np.int64(80), 18), (18, np.int64(39))], (2, 3): [(np.int64(39), 74), (74, np.int64(44))], (0, 1): [(np.int64(80), 70), (70, np.int64(29))], (4, 6): [(np.int64(83), 50), (50, np.int64(97))], (2, 5): [(np.int64(39), 10), (10, np.int64(21))], (4, 5): [(np.int64(83), 71), (71, np.int64(21))], (3, 4): [(np.int64(44), 51), (51, np.int64(83))], (0, 3): [(np.int64(80), 70), (70, 76), (76, np.int64(44))], (0, 4): [(np.int64(80), 40), (40, 28), (28, np.int64(83))], (3, 5): [(np.int64(44), 21)]}","{(0, np.int64(80)): {'cpu': 16}, (4, np.int64(83)): {'cpu': 14}, (2, np.int64(39)): {'cpu': 10}, (3, np.int64(44)): {'cpu': 10}, (1, np.int64(29)): {'cpu': 9}, (6, np.int64(97)): {'cpu': 4}, (5, np.int64(21)): {'cpu': 1}}","{((0, 2), (np.int64(80), 18)): {'bw': 30.0}, ((0, 2), (18, np.int64(39))): {'bw': 30.0}, ((2, 3), (np.int64(39), 74)): {'bw': 24.0}, ((2, 3), (74, np.int64(44))): {'bw': 24.0}, ((0, 1), (np.int64(80), 70)): {'bw': 26.0}, ((0, 1), (70, np.int64(29))): {'bw': 26.0}, ((4, 6), (np.int64(83), 50)): {'bw': 23.0}, ((4, 6), (50, np.int64(97))): {'bw': 23.0}, ((2, 5), (np.int64(39), 10)): {'bw': 20.0}, ((2, 5), (10, np.int64(21))): {'bw': 20.0}, ((4, 5), (np.int64(83), 71)): {'bw': 19.0}, ((4, 5), (71, np.int64(21))): {'bw': 19.0}, ((3, 4), (np.int64(44), 51)): {'bw': 14.0}, ((3, 4), (51, np.int64(83))): {'bw': 14.0}, ((0, 3), (np.int64(80), 70)): {'bw': 16.0}, ((0, 3), (70, 76)): {'bw': 16.0}, ((0, 3), (76, np.int64(44))): {'bw': 16.0}, ((0, 4), (np.int64(80), 40)): {'bw': 8.0}, ((0, 4), (40, 28)): {'bw': 8.0}, ((0, 4), (28, np.int64(83))): {'bw': 8.0}, ((3, 5), (np.int64(44), 21)): {'bw': 3.0}}",451.0,247.0,247.0,64.0,183.0,64.0,183.0,64.0,387.0,204.0,0.5476718403547672,16396.822445109843,8980.077924483661,19.91148098555136,Success,0.0,"{'node_level': {}, 'link_level': {}, 'path_level': {}}","{'node_level': {0: {'cpu': -62}, 4: {'cpu': -76}, 2: {'cpu': -69}, 3: {'cpu': -46}, 1: {'cpu': -74}, 6: {'cpu': -79}, 5: {'cpu': -57}}, 'link_level': {}, 'path_level': {}}","{'node_level': {0: {'cpu': 0}, 4: {'cpu': 0}, 2: {'cpu': 0}, 3: {'cpu': 0}, 1: {'cpu': 0}, 6: {'cpu': 0}, 5: {'cpu': 0}}, 'link_level': {}, 'path_level': {}}",[],0.0,0.0,True,True,False,0,[],0,0.0,7.0,10.0,"OrderedDict([((0, 2), 0), ((2, 3), 0), ((0, 1), 0), ((4, 6), 0), ((2, 5), 0), ((4, 5), 0), ((3, 4), 0), ((0, 3), 0), ((0, 4), 0), ((3, 5), 0)])",1.0,0.0
49,30,18,5890.0,9910.0,2770512.313589287,4632862.779101363,0.5943491422805247,0.5980130311838598,41,64,0,624.4245168666125,37815.0,7018,30797.0,0.09573508568483446,0.11688125483898715,18,402.4245168666126,222.0,3,2,False,{},{},{},{},0.0,0.0,0.0,0.0,0.0,0.0,0.0,0.0,0.0,0.0,0.0,0.0,0.0,0.0,Leave Event,0.0,"{'node_level': {}, 'link_level': {}, 'path_level': {}}","{'node_level': {}, 'link_level': {}, 'path_level': {}}","{'node_level': {}, 'link_level': {}, 'path_level': {}}",[],0.0,0.0,True,True,False,0,[],0,0.0,,,,,
50,30,18,5890.0,9910.0,2770512.313589287,4632862.779101363,0.5943491422805247,0.5980130311838598,41,65,1,631.0,37815.0,7018,30797.0,0.09573508568483446,0.11688125483898715,49,29.732500124698706,631.0,9,22,False,"{0: np.int64(60), 4: np.int64(86), 6: np.int64(22), 7: np.int64(78), 5: np.int64(66)}",{},"{(0, np.int64(60)): {'cpu': 18}, (4, np.int64(86)): {'cpu': 16}, (6, np.int64(22)): {'cpu': 17}, (7, np.int64(78)): {'cpu': 6}, (5, np.int64(66)): {'cpu': 4}}",{},0.0,0.0,716.0,72.0,644.0,0.0,0.0,0.0,0.0,0.0,0.0,0.0,0.0,0.0,Place Failure,0.0,"{'node_level': {}, 'link_level': {}, 'path_level': {}}","{'node_level': {0: {'cpu': -53}, 4: {'cpu': -33}, 6: {'cpu': -55}, 7: {'cpu': -94}, 5: {'cpu': -36}}, 'link_level': {}, 'path_level': {}}","{'node_level': {0: {'cpu': 0}, 4: {'cpu': 0}, 6: {'cpu': 0}, 7: {'cpu': 0}, 5: {'cpu': 0}}, 'link_level': {}, 'path_level': {}}",[],0.0,0.0,False,True,False,0,[],0,0.0,5.0,0.0,,,
50,30,17,5890.0,9910.0,2770512.313589287,4632862.779101363,0.5943491422805247,0.5980130311838598,41,66,0,631.2419097190561,37847.0,7033,30814.0,0.0938023450586265,0.11639377168583143,4,572.2419097190561,59.0,2,1,False,{},{},{},{},0.0,0.0,0.0,0.0,0.0,0.0,0.0,0.0,0.0,0.0,0.0,0.0,0.0,0.0,Leave Event,0.0,"{'node_level': {}, 'link_level': {}, 'path_level': {}}","{'node_level': {}, 'link_level': {}, 'path_level': {}}","{'node_level': {}, 'link_level': {}, 'path_level': {}}",[],0.0,0.0,True,True,False,0,[],0,0.0,,,,,
50,30,17,5890.0,9910.0,2770512.313589287,4632862.779101363,0.5943491422805247,0.5980130311838598,41,67,0,638.4647097538921,37847.0,7033,30814.0,0.0938023450586265,0.11639377168583143,40,117.4647097538921,521.0,10,21,False,{},{},{},{},0.0,0.0,0.0,0.0,0.0,0.0,0.0,0.0,0.0,0.0,0.0,0.0,0.0,0.0,Leave Event,0.0,"{'node_level': {}, 'link_level': {}, 'path_level': {}}","{'node_level': {}, 'link_level': {}, 'path_level': {}}","{'node_level': {}, 'link_level': {}, 'path_level': {}}",[],0.0,0.0,True,True,False,0,[],0,0.0,,,,,
51,31,18,6130.0,10287.0,2780893.17290904,4649169.3789494755,0.5958977350053466,0.5981483887208707,41,68,1,646.0,37470.0,6984,30486.0,0.10011596443757242,0.12579932899377744,50,43.253580498971516,646.0,6,6,True,"{1: np.int64(60), 3: np.int64(86), 0: np.int64(22), 5: np.int64(78), 4: np.int64(52), 2: np.int64(82)}","{(3, 4): [(np.int64(86), 13), (13, np.int64(52))], (1, 5): [(np.int64(60), 95), (95, 78)], (0, 4): [(np.int64(22), 86), (86, np.int64(52))], (3, 5): [(np.int64(86), 78)], (1, 2): [(np.int64(60), 82)], (0, 5): [(np.int64(22), 86), (86, np.int64(78))]}","{(1, np.int64(60)): {'cpu': 15}, (3, np.int64(86)): {'cpu': 10}, (0, np.int64(22)): {'cpu': 14}, (5, np.int64(78)): {'cpu': 2}, (4, np.int64(52)): {'cpu': 2}, (2, np.int64(82)): {'cpu': 6}}","{((3, 4), (np.int64(86), 13)): {'bw': 49.0}, ((3, 4), (13, np.int64(52))): {'bw': 49.0}, ((1, 5), (np.int64(60), 95)): {'bw': 47.0}, ((1, 5), (95, 78)): {'bw': 47.0}, ((0, 4), (np.int64(22), 86)): {'bw': 33.0}, ((0, 4), (86, np.int64(52))): {'bw': 33.0}, ((3, 5), (np.int64(86), 78)): {'bw': 30.0}, ((1, 2), (np.int64(60), 82)): {'bw': 24.0}, ((0, 5), (np.int64(22), 86)): {'bw': 8.0}, ((0, 5), (86, np.int64(78))): {'bw': 8.0}}",377.0,240.0,240.0,49.0,191.0,49.0,191.0,49.0,328.0,137.0,0.636604774535809,16306.599848112262,10380.859319753165,27.535435861414225,Success,0.0,"{'node_level': {}, 'link_level': {}, 'path_level': {}}","{'node_level': {1: {'cpu': -56}, 3: {'cpu': -39}, 0: {'cpu': -58}, 5: {'cpu': -98}, 4: {'cpu': -67}, 2: {'cpu': -51}}, 'link_level': {}, 'path_level': {}}","{'node_level': {1: {'cpu': 0}, 3: {'cpu': 0}, 0: {'cpu': 0}, 5: {'cpu': 0}, 4: {'cpu': 0}, 2: {'cpu': 0}}, 'link_level': {}, 'path_level': {}}",[],0.0,0.0,True,True,False,0,[],0,0.0,6.0,6.0,"OrderedDict([((3, 4), 0), ((1, 5), 0), ((0, 4), 0), ((3, 5), 0), ((1, 2), 0), ((0, 5), 0)])",0.0,0.0
51,31,17,6130.0,10287.0,2780893.17290904,4649169.3789494755,0.5958977350053466,0.5981483887208707,41,69,0,655.3565907873832,37921.0,7048,30873.0,0.09186960443241854,0.1147019183895851,48,36.35659078738325,619.0,7,10,False,{},{},{},{},0.0,0.0,0.0,0.0,0.0,0.0,0.0,0.0,0.0,0.0,0.0,0.0,0.0,0.0,Leave Event,0.0,"{'node_level': {}, 'link_level': {}, 'path_level': {}}","{'node_level': {}, 'link_level': {}, 'path_level': {}}","{'node_level': {}, 'link_level': {}, 'path_level': {}}",[],0.0,0.0,True,True,False,0,[],0,0.0,,,,,
52,32,18,6252.0,10524.0,2976799.6852599485,5029741.866057388,0.5940706955530216,0.591839455091826,41,70,1,658.0,37684.0,7007,30677.0,0.09715242881072028,0.1203223123906747,51,1605.7910848435115,658.0,5,4,True,"{4: np.int64(44), 2: np.int64(80), 3: np.int64(39), 0: np.int64(83), 1: np.int64(29)}","{(0, 4): [(np.int64(83), 51), (51, np.int64(44))], (2, 4): [(np.int64(80), 70), (70, 76), (76, np.int64(44))], (3, 4): [(np.int64(39), 74), (74, np.int64(44))], (0, 1): [(np.int64(83), 28), (28, 52), (52, np.int64(29))]}","{(4, np.int64(44)): {'cpu': 5}, (2, np.int64(80)): {'cpu': 15}, (3, np.int64(39)): {'cpu': 14}, (0, np.int64(83)): {'cpu': 2}, (1, np.int64(29)): {'cpu': 5}}","{((0, 4), (np.int64(83), 51)): {'bw': 34.0}, ((0, 4), (51, np.int64(44))): {'bw': 34.0}, ((2, 4), (np.int64(80), 70)): {'bw': 20.0}, ((2, 4), (70, 76)): {'bw': 20.0}, ((2, 4), (76, np.int64(44))): {'bw': 20.0}, ((3, 4), (np.int64(39), 74)): {'bw': 13.0}, ((3, 4), (74, np.int64(44))): {'bw': 13.0}, ((0, 1), (np.int64(83), 28)): {'bw': 14.0}, ((0, 1), (28, 52)): {'bw': 14.0}, ((0, 1), (52, np.int64(29))): {'bw': 14.0}}",237.0,122.0,122.0,41.0,81.0,41.0,81.0,41.0,196.0,115.0,0.5147679324894515,380572.48710791225,195906.5123509084,826.6097567548878,Success,0.0,"{'node_level': {}, 'link_level': {}, 'path_level': {}}","{'node_level': {4: {'cpu': -57}, 2: {'cpu': -63}, 3: {'cpu': -65}, 0: {'cpu': -88}, 1: {'cpu': -78}}, 'link_level': {}, 'path_level': {}}","{'node_level': {4: {'cpu': 0}, 2: {'cpu': 0}, 3: {'cpu': 0}, 0: {'cpu': 0}, 1: {'cpu': 0}}, 'link_level': {}, 'path_level': {}}",[],0.0,0.0,True,True,False,0,[],0,0.0,5.0,4.0,"OrderedDict([((0, 4), 0), ((2, 4), 0), ((3, 4), 0), ((0, 1), 0)])",0.0,0.0
52,32,18,6252.0,10524.0,2976799.6852599485,5029741.866057388,0.5940706955530216,0.591839455091826,41,71,0,660.7325001246987,37684.0,7007,30677.0,0.09715242881072028,0.1203223123906747,49,29.732500124698706,631.0,9,22,False,{},{},{},{},0.0,0.0,0.0,0.0,0.0,0.0,0.0,0.0,0.0,0.0,0.0,0.0,0.0,0.0,Leave Event,0.0,"{'node_level': {}, 'link_level': {}, 'path_level': {}}","{'node_level': {}, 'link_level': {}, 'path_level': {}}","{'node_level': {}, 'link_level': {}, 'path_level': {}}",[],0.0,0.0,True,True,False,0,[],0,0.0,,,,,
53,33,19,6275.0,10555.0,2985748.802991425,5041803.720391117,0.5945049739459971,0.5921985401605055,41,72,1,666.0,37653.0,6992,30661.0,0.09908516943692824,0.12078112006423303,52,389.0920752815979,666.0,2,1,True,"{0: np.int64(97), 1: np.int64(21)}","{(0, 1): [(np.int64(97), 86), (86, np.int64(21))]}","{(0, np.int64(97)): {'cpu': 10}, (1, np.int64(21)): {'cpu': 5}}","{((0, 1), (np.int64(97), 86)): {'bw': 8.0}, ((0, 1), (86, np.int64(21))): {'bw': 8.0}}",31.0,23.0,23.0,15.0,8.0,15.0,8.0,15.0,16.0,8.0,0.7419354838709677,12061.854333729534,8949.117731476752,288.68121714441133,Success,0.0,"{'node_level': {}, 'link_level': {}, 'path_level': {}}","{'node_level': {0: {'cpu': -73}, 1: {'cpu': -53}}, 'link_level': {}, 'path_level': {}}","{'node_level': {0: {'cpu': 0}, 1: {'cpu': 0}}, 'link_level': {}, 'path_level': {}}",[],0.0,0.0,True,True,False,0,[],0,0.0,2.0,1.0,"OrderedDict([((0, 1), 0)])",0.0,0.0
53,33,18,6275.0,10555.0,2985748.802991425,5041803.720391117,0.5945049739459971,0.5921985401605055,41,73,0,673.5688329749084,37669.0,6997,30672.0,0.09844092256152559,0.12046568978866168,27,335.5688329749085,338.0,2,1,False,{},{},{},{},0.0,0.0,0.0,0.0,0.0,0.0,0.0,0.0,0.0,0.0,0.0,0.0,0.0,0.0,Leave Event,0.0,"{'node_level': {}, 'link_level': {}, 'path_level': {}}","{'node_level': {}, 'link_level': {}, 'path_level': {}}","{'node_level': {}, 'link_level': {}, 'path_level': {}}",[],0.0,0.0,True,True,False,0,[],0,0.0,,,,,
54,34,19,6348.0,10775.0,3052063.6863845726,5241656.79363074,0.5891415313225058,0.5822707984416696,41,74,1,675.0,37449.0,6973,30476.0,0.10153330756345835,0.1260860837897514,53,908.4230601801049,675.0,2,1,True,"{1: np.int64(29), 0: np.int64(66)}","{(0, 1): [(np.int64(66), 98), (98, 67), (67, 6), (6, np.int64(29))]}","{(1, np.int64(29)): {'cpu': 14}, (0, np.int64(66)): {'cpu': 10}}","{((0, 1), (np.int64(66), 98)): {'bw': 49.0}, ((0, 1), (98, 67)): {'bw': 49.0}, ((0, 1), (67, 6)): {'bw': 49.0}, ((0, 1), (6, np.int64(29))): {'bw': 49.0}}",220.0,73.0,73.0,24.0,49.0,24.0,49.0,24.0,196.0,147.0,0.33181818181818185,199853.07323962307,66314.88339314765,301.4312881506712,Success,0.0,"{'node_level': {}, 'link_level': {}, 'path_level': {}}","{'node_level': {1: {'cpu': -68}, 0: {'cpu': -30}}, 'link_level': {}, 'path_level': {}}","{'node_level': {1: {'cpu': 0}, 0: {'cpu': 0}}, 'link_level': {}, 'path_level': {}}",[],0.0,0.0,True,True,False,0,[],0,0.0,2.0,1.0,"OrderedDict([((0, 1), 0)])",0.0,0.0
55,35,20,6382.0,10823.0,3055231.976278352,5246129.673480781,0.5896701469093597,0.5823782800723682,42,75,1,688.0,37401.0,6946,30455.0,0.10501224069063264,0.1266882688612967,54,93.18499687586349,688.0,2,1,True,"{1: np.int64(44), 0: np.int64(7)}","{(0, 1): [(np.int64(7), 31), (31, 12), (12, np.int64(44))]}","{(1, np.int64(44)): {'cpu': 15}, (0, np.int64(7)): {'cpu': 12}}","{((0, 1), (np.int64(7), 31)): {'bw': 7.0}, ((0, 1), (31, 12)): {'bw': 7.0}, ((0, 1), (12, np.int64(44))): {'bw': 7.0}}",48.0,34.0,34.0,27.0,7.0,27.0,7.0,27.0,21.0,14.0,0.7083333333333334,4472.879850041448,3168.289893779359,66.00603945373665,Success,0.0,"{'node_level': {}, 'link_level': {}, 'path_level': {}}","{'node_level': {1: {'cpu': -42}, 0: {'cpu': -48}}, 'link_level': {}, 'path_level': {}}","{'node_level': {1: {'cpu': 0}, 0: {'cpu': 0}}, 'link_level': {}, 'path_level': {}}",[],0.0,0.0,True,True,False,0,[],0,0.0,2.0,1.0,"OrderedDict([((0, 1), 0)])",0.0,0.0
55,35,19,6382.0,10823.0,3055231.976278352,5246129.673480781,0.5896701469093597,0.5823782800723682,42,76,0,689.2535804989715,37778.0,6995,30783.0,0.09869862131168661,0.11728271155335068,50,43.253580498971516,646.0,6,6,False,{},{},{},{},0.0,0.0,0.0,0.0,0.0,0.0,0.0,0.0,0.0,0.0,0.0,0.0,0.0,0.0,Leave Event,0.0,"{'node_level': {}, 'link_level': {}, 'path_level': {}}","{'node_level': {}, 'link_level': {}, 'path_level': {}}","{'node_level': {}, 'link_level': {}, 'path_level': {}}",[],0.0,0.0,True,True,False,0,[],0,0.0,,,,,
55,35,18,6382.0,10823.0,3055231.976278352,5246129.673480781,0.5896701469093597,0.5823782800723682,42,77,0,697.1043013310946,37933.0,7040,30893.0,0.09290039943306272,0.11412840879763719,16,502.10430133109463,195.0,4,4,False,{},{},{},{},0.0,0.0,0.0,0.0,0.0,0.0,0.0,0.0,0.0,0.0,0.0,0.0,0.0,0.0,Leave Event,0.0,"{'node_level': {}, 'link_level': {}, 'path_level': {}}","{'node_level': {}, 'link_level': {}, 'path_level': {}}","{'node_level': {}, 'link_level': {}, 'path_level': {}}",[],0.0,0.0,True,True,False,0,[],0,0.0,,,,,
55,35,18,6382.0,10823.0,3055231.976278352,5246129.673480781,0.5896701469093597,0.5823782800723682,42,78,0,697.7411028055897,37933.0,7040,30893.0,0.09290039943306272,0.11412840879763719,31,303.74110280558966,394.0,7,11,False,{},{},{},{},0.0,0.0,0.0,0.0,0.0,0.0,0.0,0.0,0.0,0.0,0.0,0.0,0.0,0.0,Leave Event,0.0,"{'node_level': {}, 'link_level': {}, 'path_level': {}}","{'node_level': {}, 'link_level': {}, 'path_level': {}}","{'node_level': {}, 'link_level': {}, 'path_level': {}}",[],0.0,0.0,True,True,False,0,[],0,0.0,,,,,
55,35,18,6382.0,10823.0,3055231.976278352,5246129.673480781,0.5896701469093597,0.5823782800723682,42,79,0,700.1866151499181,37933.0,7040,30893.0,0.09290039943306272,0.11412840879763719,25,392.1866151499181,308.0,10,22,False,{},{},{},{},0.0,0.0,0.0,0.0,0.0,0.0,0.0,0.0,0.0,0.0,0.0,0.0,0.0,0.0,Leave Event,0.0,"{'node_level': {}, 'link_level': {}, 'path_level': {}}","{'node_level': {}, 'link_level': {}, 'path_level': {}}","{'node_level': {}, 'link_level': {}, 'path_level': {}}",[],0.0,0.0,True,True,False,0,[],0,0.0,,,,,
55,35,17,6382.0,10823.0,3055231.976278352,5246129.673480781,0.5896701469093597,0.5823782800723682,42,80,0,702.0996225091485,38149.0,7105,31044.0,0.08452519005282821,0.10979841137843027,6,614.0996225091485,88.0,5,5,False,{},{},{},{},0.0,0.0,0.0,0.0,0.0,0.0,0.0,0.0,0.0,0.0,0.0,0.0,0.0,0.0,Leave Event,0.0,"{'node_level': {}, 'link_level': {}, 'path_level': {}}","{'node_level': {}, 'link_level': {}, 'path_level': {}}","{'node_level': {}, 'link_level': {}, 'path_level': {}}",[],0.0,0.0,True,True,False,0,[],0,0.0,,,,,
56,36,18,6457.0,10898.0,3066540.908129885,5257438.605332313,0.592494035602863,0.5832765988022516,42,81,1,704.0,38074.0,7070,31004.0,0.0890349181806468,0.1109454305623262,55,150.78575802043656,704.0,2,1,True,"{0: np.int64(54), 1: np.int64(9)}","{(0, 1): [(np.int64(54), 9)]}","{(0, np.int64(54)): {'cpu': 18}, (1, np.int64(9)): {'cpu': 17}}","{((0, 1), (np.int64(54), 9)): {'bw': 40.0}}",75.0,75.0,75.0,35.0,40.0,35.0,40.0,35.0,40.0,0.0,1.0,11308.931851532741,11308.931851532741,150.78575802043656,Success,0.0,"{'node_level': {}, 'link_level': {}, 'path_level': {}}","{'node_level': {0: {'cpu': -65}, 1: {'cpu': -70}}, 'link_level': {}, 'path_level': {}}","{'node_level': {0: {'cpu': 0}, 1: {'cpu': 0}}, 'link_level': {}, 'path_level': {}}",[],0.0,0.0,True,True,False,0,[],0,0.0,2.0,1.0,"OrderedDict([((0, 1), 0)])",0.0,0.0
56,36,17,6457.0,10898.0,3066540.908129885,5257438.605332313,0.592494035602863,0.5832765988022516,42,82,0,709.8856791350164,38163.0,7092,31071.0,0.08620023192887516,0.1090241734293006,30,331.8856791350164,378.0,3,2,False,{},{},{},{},0.0,0.0,0.0,0.0,0.0,0.0,0.0,0.0,0.0,0.0,0.0,0.0,0.0,0.0,Leave Event,0.0,"{'node_level': {}, 'link_level': {}, 'path_level': {}}","{'node_level': {}, 'link_level': {}, 'path_level': {}}","{'node_level': {}, 'link_level': {}, 'path_level': {}}",[],0.0,0.0,True,True,False,0,[],0,0.0,,,,,
56,36,16,6457.0,10898.0,3066540.908129885,5257438.605332313,0.592494035602863,0.5832765988022516,42,83,0,713.8843346536152,38311.0,7108,31203.0,0.08413864192758669,0.1052390101224443,14,539.8843346536152,174.0,3,3,False,{},{},{},{},0.0,0.0,0.0,0.0,0.0,0.0,0.0,0.0,0.0,0.0,0.0,0.0,0.0,0.0,Leave Event,0.0,"{'node_level': {}, 'link_level': {}, 'path_level': {}}","{'node_level': {}, 'link_level': {}, 'path_level': {}}","{'node_level': {}, 'link_level': {}, 'path_level': {}}",[],0.0,0.0,True,True,False,0,[],0,0.0,,,,,
57,37,17,6539.0,10983.0,3114821.790026121,5307485.86095646,0.5953746699444596,0.5868733090632859,42,84,1,722.0,38226.0,7083,31143.0,0.08735987630459996,0.10695953889828802,56,588.791242637025,722.0,4,3,True,"{2: np.int64(60), 3: np.int64(22), 0: np.int64(86), 1: np.int64(69)}","{(2, 3): [(np.int64(60), 22)], (0, 3): [(np.int64(86), 22)], (1, 3): [(np.int64(69), 63), (63, np.int64(22))]}","{(2, np.int64(60)): {'cpu': 10}, (3, np.int64(22)): {'cpu': 1}, (0, np.int64(86)): {'cpu': 2}, (1, np.int64(69)): {'cpu': 12}}","{((2, 3), (np.int64(60), 22)): {'bw': 28.0}, ((0, 3), (np.int64(86), 22)): {'bw': 26.0}, ((1, 3), (np.int64(69), 63)): {'bw': 3.0}, ((1, 3), (63, np.int64(22))): {'bw': 3.0}}",85.0,82.0,82.0,25.0,57.0,25.0,57.0,25.0,60.0,3.0,0.9647058823529412,50047.255624147125,48280.88189623605,568.0103752498359,Success,0.0,"{'node_level': {}, 'link_level': {}, 'path_level': {}}","{'node_level': {2: {'cpu': -61}, 3: {'cpu': -71}, 0: {'cpu': -47}, 1: {'cpu': -49}}, 'link_level': {}, 'path_level': {}}","{'node_level': {2: {'cpu': 0}, 3: {'cpu': 0}, 0: {'cpu': 0}, 1: {'cpu': 0}}, 'link_level': {}, 'path_level': {}}",[],0.0,0.0,True,True,False,0,[],0,0.0,4.0,3.0,"OrderedDict([((2, 3), 0), ((0, 3), 0), ((1, 3), 0)])",1.0,0.0
57,37,16,6539.0,10983.0,3114821.790026121,5307485.86095646,0.5953746699444596,0.5868733090632859,42,85,0,724.6404594534066,38337.0,7123,31214.0,0.08220590130137873,0.10492357984687295,44,160.6404594534066,564.0,3,2,False,{},{},{},{},0.0,0.0,0.0,0.0,0.0,0.0,0.0,0.0,0.0,0.0,0.0,0.0,0.0,0.0,Leave Event,0.0,"{'node_level': {}, 'link_level': {}, 'path_level': {}}","{'node_level': {}, 'link_level': {}, 'path_level': {}}","{'node_level': {}, 'link_level': {}, 'path_level': {}}",[],0.0,0.0,True,True,False,0,[],0,0.0,,,,,
58,38,17,6697.0,11198.0,3293301.863052616,5550354.314758336,0.5980532237899625,0.5933498433236523,42,86,1,737.0,38122.0,7095,31027.0,0.08581368380363352,0.11028589453158599,57,1129.620715357564,737.0,4,4,True,"{0: np.int64(4), 1: np.int64(32), 2: np.int64(73), 3: np.int64(38)}","{(0, 1): [(np.int64(4), 32)], (0, 3): [(np.int64(4), 38)], (0, 2): [(np.int64(4), 59), (59, np.int64(73))], (1, 2): [(np.int64(32), 95), (95, np.int64(73))]}","{(0, np.int64(4)): {'cpu': 14, 'nic_slots': 1}, (1, np.int64(32)): {'cpu': 7}, (2, np.int64(73)): {'cpu': 3}, (3, np.int64(38)): {'cpu': 4, 'nic_slots': 1}}","{((0, 1), (np.int64(4), 32)): {'bw': 38.0}, ((0, 3), (np.int64(4), 38)): {'bw': 35.0}, ((0, 2), (np.int64(4), 59)): {'bw': 28.0}, ((0, 2), (59, np.int64(73))): {'bw': 28.0}, ((1, 2), (np.int64(32), 95)): {'bw': 29.0}, ((1, 2), (95, np.int64(73))): {'bw': 29.0}}",215.0,158.0,158.0,28.0,130.0,28.0,130.0,28.0,187.0,57.0,0.7348837209302326,242868.45380187625,178480.0730264951,830.1398745418378,Success,0.0,"{'node_level': {}, 'link_level': {}, 'path_level': {}}","{'node_level': {0: {'cpu': -36}, 1: {'cpu': -85}, 2: {'cpu': -51}, 3: {'cpu': -62}}, 'link_level': {}, 'path_level': {}}","{'node_level': {0: {'cpu': 0}, 1: {'cpu': 0}, 2: {'cpu': 0}, 3: {'cpu': 0}}, 'link_level': {}, 'path_level': {}}",[],0.0,0.0,True,True,False,0,[],0,0.0,4.0,4.0,"OrderedDict([((0, 1), 0), ((0, 3), 1), ((0, 2), 0), ((1, 2), 0)])",0.0,1.0
59,38,17,6697.0,11198.0,3293301.863052616,5550354.314758336,0.5980532237899625,0.5933498433236523,42,87,1,751.0,38122.0,7095,31027.0,0.08581368380363352,0.11028589453158599,58,208.2795733514517,751.0,9,20,False,"{8: np.int64(15), 1: np.int64(73), 0: np.int64(52), 6: np.int64(65), 2: np.int64(86), 4: np.int64(8), 5: np.int64(78), 3: np.int64(69), 7: np.int64(97)}","{(0, 8): [(np.int64(52), 13), (13, np.int64(15))], (1, 4): [(np.int64(73), 15), (15, 26), (26, np.int64(8))], (7, 8): [(np.int64(97), 69), (69, 35), (35, np.int64(15))]}","{(8, np.int64(15)): {'cpu': 20}, (1, np.int64(73)): {'cpu': 19}, (0, np.int64(52)): {'cpu': 8}, (6, np.int64(65)): {'cpu': 12}, (2, np.int64(86)): {'cpu': 17}, (4, np.int64(8)): {'cpu': 8}, (5, np.int64(78)): {'cpu': 7}, (3, np.int64(69)): {'cpu': 13}, (7, np.int64(97)): {'cpu': 3}}","{((0, 8), (np.int64(52), 13)): {'bw': 50.0}, ((0, 8), (13, np.int64(15))): {'bw': 50.0}, ((1, 4), (np.int64(73), 15)): {'bw': 49.0}, ((1, 4), (15, 26)): {'bw': 49.0}, ((1, 4), (26, np.int64(8))): {'bw': 49.0}, ((7, 8), (np.int64(97), 69)): {'bw': 46.0}, ((7, 8), (69, 35)): {'bw': 46.0}, ((7, 8), (35, np.int64(15))): {'bw': 46.0}}",0.0,0.0,623.0,107.0,516.0,0.0,0.0,0.0,0.0,0.0,0.0,0.0,0.0,0.0,Route Failure,0.0,"{'node_level': {}, 'link_level': {}, 'path_level': {}}","{'node_level': {8: {'cpu': -69}, 1: {'cpu': -32}, 0: {'cpu': -61}, 6: {'cpu': -56}, 2: {'cpu': -30}, 4: {'cpu': -85}, 5: {'cpu': -93}, 3: {'cpu': -36}, 7: {'cpu': -70}}, 'link_level': {}, 'path_level': {}}","{'node_level': {8: {'cpu': 0}, 1: {'cpu': 0}, 0: {'cpu': 0}, 6: {'cpu': 0}, 2: {'cpu': 0}, 4: {'cpu': 0}, 5: {'cpu': 0}, 3: {'cpu': 0}, 7: {'cpu': 0}}, 'link_level': {}, 'path_level': {}}",[],0.0,0.0,True,False,False,0,[],0,0.0,9.0,3.0,"OrderedDict([((0, 8), 0), ((1, 4), 0), ((7, 8), 0)])",0.0,0.0
59,38,16,6697.0,11198.0,3293301.863052616,5550354.314758336,0.5980532237899625,0.5933498433236523,42,88,0,756.3260497049032,38433.0,7188,31245.0,0.07383069192114422,0.1040346399793537,38,267.32604970490326,489.0,6,5,False,{},{},{},{},0.0,0.0,0.0,0.0,0.0,0.0,0.0,0.0,0.0,0.0,0.0,0.0,0.0,0.0,Leave Event,0.0,"{'node_level': {}, 'link_level': {}, 'path_level': {}}","{'node_level': {}, 'link_level': {}, 'path_level': {}}","{'node_level': {}, 'link_level': {}, 'path_level': {}}",[],0.0,0.0,True,True,False,0,[],0,0.0,,,,,
60,39,17,6764.0,11353.0,3295541.6492641196,5555535.909725248,0.5957896591209372,0.5931995945692847,42,89,1,770.0,38278.0,7165,31113.0,0.07679422754799636,0.10781980328620999,59,33.4296449478157,770.0,2,1,True,"{1: np.int64(60), 0: np.int64(50)}","{(0, 1): [(np.int64(50), 64), (64, 38), (38, np.int64(60))]}","{(1, np.int64(60)): {'cpu': 12}, (0, np.int64(50)): {'cpu': 11}}","{((0, 1), (np.int64(50), 64)): {'bw': 44.0}, ((0, 1), (64, 38)): {'bw': 44.0}, ((0, 1), (38, np.int64(60))): {'bw': 44.0}}",155.0,67.0,67.0,23.0,44.0,23.0,44.0,23.0,132.0,88.0,0.432258064516129,5181.594966911434,2239.786211503652,14.450233622604207,Success,0.0,"{'node_level': {}, 'link_level': {}, 'path_level': {}}","{'node_level': {1: {'cpu': -64}, 0: {'cpu': -58}}, 'link_level': {}, 'path_level': {}}","{'node_level': {1: {'cpu': 0}, 0: {'cpu': 0}}, 'link_level': {}, 'path_level': {}}",[],0.0,0.0,True,True,False,0,[],0,0.0,2.0,1.0,"OrderedDict([((0, 1), 0)])",0.0,0.0
60,39,16,6764.0,11353.0,3295541.6492641196,5555535.909725248,0.5957896591209372,0.5931995945692847,42,90,0,775.8969528097425,38364.0,7187,31177.0,0.07395954129622473,0.10598457259197658,10,647.8969528097425,128.0,2,1,False,{},{},{},{},0.0,0.0,0.0,0.0,0.0,0.0,0.0,0.0,0.0,0.0,0.0,0.0,0.0,0.0,Leave Event,0.0,"{'node_level': {}, 'link_level': {}, 'path_level': {}}","{'node_level': {}, 'link_level': {}, 'path_level': {}}","{'node_level': {}, 'link_level': {}, 'path_level': {}}",[],0.0,0.0,True,True,False,0,[],0,0.0,,,,,
61,40,17,7017.0,11739.0,3548033.2081609704,5940760.185354435,0.5977510861231792,0.5972355552927086,42,91,1,778.0,37978.0,7119,30859.0,0.08272129880170076,0.11510337510394864,60,997.9903513709512,778.0,7,9,True,"{3: np.int64(97), 0: np.int64(50), 2: np.int64(73), 6: np.int64(21), 1: np.int64(15), 4: np.int64(45), 5: np.int64(69)}","{(2, 3): [(np.int64(73), 97)], (0, 6): [(np.int64(50), 76), (76, np.int64(21))], (0, 3): [(np.int64(50), 97)], (1, 4): [(np.int64(15), 73), (73, 59), (59, np.int64(45))], (3, 5): [(np.int64(97), 69)], (4, 6): [(np.int64(45), 38), (38, 2), (2, np.int64(21))], (2, 4): [(np.int64(73), 91), (91, 70), (70, np.int64(45))], (0, 1): [(np.int64(50), 8), (8, np.int64(15))], (3, 4): [(np.int64(97), 45)]}","{(3, np.int64(97)): {'cpu': 17}, (0, np.int64(50)): {'cpu': 19}, (2, np.int64(73)): {'cpu': 8}, (6, np.int64(21)): {'cpu': 5}, (1, np.int64(15)): {'cpu': 13}, (4, np.int64(45)): {'cpu': 5}, (5, np.int64(69)): {'cpu': 1}}","{((2, 3), (np.int64(73), 97)): {'bw': 46.0}, ((0, 6), (np.int64(50), 76)): {'bw': 43.0}, ((0, 6), (76, np.int64(21))): {'bw': 43.0}, ((0, 3), (np.int64(50), 97)): {'bw': 29.0}, ((1, 4), (np.int64(15), 73)): {'bw': 14.0}, ((1, 4), (73, 59)): {'bw': 14.0}, ((1, 4), (59, np.int64(45))): {'bw': 14.0}, ((3, 5), (np.int64(97), 69)): {'bw': 16.0}, ((4, 6), (np.int64(45), 38)): {'bw': 15.0}, ((4, 6), (38, 2)): {'bw': 15.0}, ((4, 6), (2, np.int64(21))): {'bw': 15.0}, ((2, 4), (np.int64(73), 91)): {'bw': 13.0}, ((2, 4), (91, 70)): {'bw': 13.0}, ((2, 4), (70, np.int64(45))): {'bw': 13.0}, ((0, 1), (np.int64(50), 8)): {'bw': 6.0}, ((0, 1), (8, np.int64(15))): {'bw': 6.0}, ((3, 4), (np.int64(97), 45)): {'bw': 3.0}}",386.0,253.0,253.0,68.0,185.0,68.0,185.0,68.0,318.0,133.0,0.655440414507772,385224.2756291872,252491.55889685065,654.1232095773333,Success,0.0,"{'node_level': {}, 'link_level': {}, 'path_level': {}}","{'node_level': {3: {'cpu': -71}, 0: {'cpu': -39}, 2: {'cpu': -56}, 6: {'cpu': -62}, 1: {'cpu': -76}, 4: {'cpu': -57}, 5: {'cpu': -48}}, 'link_level': {}, 'path_level': {}}","{'node_level': {3: {'cpu': 0}, 0: {'cpu': 0}, 2: {'cpu': 0}, 6: {'cpu': 0}, 1: {'cpu': 0}, 4: {'cpu': 0}, 5: {'cpu': 0}}, 'link_level': {}, 'path_level': {}}",[],0.0,0.0,True,True,False,0,[],0,0.0,7.0,9.0,"OrderedDict([((2, 3), 0), ((0, 6), 0), ((0, 3), 0), ((1, 4), 0), ((3, 5), 0), ((4, 6), 0), ((2, 4), 0), ((0, 1), 0), ((3, 4), 0)])",0.0,0.0
61,40,16,7017.0,11739.0,3548033.2081609704,5940760.185354435,0.5977510861231792,0.5972355552927086,42,92,0,781.1849968758635,38026.0,7146,30880.0,0.07924236567452647,0.11450119003240333,54,93.18499687586349,688.0,2,1,False,{},{},{},{},0.0,0.0,0.0,0.0,0.0,0.0,0.0,0.0,0.0,0.0,0.0,0.0,0.0,0.0,Leave Event,0.0,"{'node_level': {}, 'link_level': {}, 'path_level': {}}","{'node_level': {}, 'link_level': {}, 'path_level': {}}","{'node_level': {}, 'link_level': {}, 'path_level': {}}",[],0.0,0.0,True,True,False,0,[],0,0.0,,,,,
62,41,17,7036.0,11758.0,3551298.5468450277,5944025.524038492,0.5984010886205137,0.597456813145076,42,93,1,788.0,38007.0,7130,30877.0,0.08130395567581494,0.11458721647119552,61,171.8599307398523,788.0,2,1,True,"{1: np.int64(85), 0: np.int64(52)}","{(0, 1): [(np.int64(52), 85)]}","{(1, np.int64(85)): {'cpu': 11}, (0, np.int64(52)): {'cpu': 5}}","{((0, 1), (np.int64(52), 85)): {'bw': 3.0}}",19.0,19.0,19.0,16.0,3.0,16.0,3.0,16.0,3.0,0.0,1.0,3265.338684057194,3265.338684057194,171.8599307398523,Success,0.0,"{'node_level': {}, 'link_level': {}, 'path_level': {}}","{'node_level': {1: {'cpu': -79}, 0: {'cpu': -64}}, 'link_level': {}, 'path_level': {}}","{'node_level': {1: {'cpu': 0}, 0: {'cpu': 0}}, 'link_level': {}, 'path_level': {}}",[],0.0,0.0,True,True,False,0,[],0,0.0,2.0,1.0,"OrderedDict([((0, 1), 0)])",0.0,0.0
63,42,18,7151.0,11951.0,3628995.1596068908,6074420.708934488,0.5983599698769977,0.5974224265153758,42,94,1,801.0,37814.0,7093,30721.0,0.08607138255379465,0.1190605912883893,62,675.6227196683747,801.0,3,2,True,"{0: np.int64(65), 2: np.int64(67), 1: np.int64(86)}","{(0, 2): [(np.int64(65), 95), (95, np.int64(67))], (0, 1): [(np.int64(65), 95), (95, np.int64(86))]}","{(0, np.int64(65)): {'cpu': 16}, (2, np.int64(67)): {'cpu': 14}, (1, np.int64(86)): {'cpu': 7}}","{((0, 2), (np.int64(65), 95)): {'bw': 44.0}, ((0, 2), (95, np.int64(67))): {'bw': 44.0}, ((0, 1), (np.int64(65), 95)): {'bw': 34.0}, ((0, 1), (95, np.int64(86))): {'bw': 34.0}}",193.0,115.0,115.0,37.0,78.0,37.0,78.0,37.0,156.0,78.0,0.5958549222797928,130395.18489599631,77696.61276186309,402.5731231184616,Success,0.0,"{'node_level': {}, 'link_level': {}, 'path_level': {}}","{'node_level': {0: {'cpu': -52}, 2: {'cpu': -86}, 1: {'cpu': -40}}, 'link_level': {}, 'path_level': {}}","{'node_level': {0: {'cpu': 0}, 2: {'cpu': 0}, 1: {'cpu': 0}}, 'link_level': {}, 'path_level': {}}",[],0.0,0.0,True,True,False,0,[],0,0.0,3.0,2.0,"OrderedDict([((0, 2), 0), ((0, 1), 0)])",0.0,0.0
63,42,17,7151.0,11951.0,3628995.1596068908,6074420.708934488,0.5983599698769977,0.5974224265153758,42,95,0,803.4296449478157,37969.0,7116,30853.0,0.0831078469269424,0.11527542798153301,59,33.4296449478157,770.0,2,1,False,{},{},{},{},0.0,0.0,0.0,0.0,0.0,0.0,0.0,0.0,0.0,0.0,0.0,0.0,0.0,0.0,Leave Event,0.0,"{'node_level': {}, 'link_level': {}, 'path_level': {}}","{'node_level': {}, 'link_level': {}, 'path_level': {}}","{'node_level': {}, 'link_level': {}, 'path_level': {}}",[],0.0,0.0,True,True,False,0,[],0,0.0,,,,,
64,42,17,7151.0,11951.0,3628995.1596068908,6074420.708934488,0.5983599698769977,0.5974224265153758,42,96,1,812.0,37969.0,7116,30853.0,0.0831078469269424,0.11527542798153301,63,86.00761774644931,812.0,6,10,False,"{5: np.int64(60), 4: np.int64(22), 2: np.int64(78)}",{},"{(5, np.int64(60)): {'cpu': 13}, (4, np.int64(22)): {'cpu': 17}, (2, np.int64(78)): {'cpu': 20}}",{},0.0,0.0,368.0,92.0,276.0,0.0,0.0,0.0,0.0,0.0,0.0,0.0,0.0,0.0,Place Failure,0.0,"{'node_level': {}, 'link_level': {}, 'path_level': {}}","{'node_level': {5: {'cpu': -63}, 4: {'cpu': -54}, 2: {'cpu': -80}}, 'link_level': {}, 'path_level': {}}","{'node_level': {5: {'cpu': 0}, 4: {'cpu': 0}, 2: {'cpu': 0}}, 'link_level': {}, 'path_level': {}}",[],0.0,0.0,False,True,False,0,[],0,0.0,3.0,0.0,,,
65,43,18,7262.0,12082.0,3694891.6207819763,6152190.406357337,0.6010594272471446,0.6005814802096954,42,97,1,817.0,37838.0,7073,30765.0,0.08864837005540527,0.11779887018610391,64,593.6618123881592,817.0,3,2,True,"{0: np.int64(60), 2: np.int64(78), 1: np.int64(22)}","{(0, 1): [(np.int64(60), 22)], (0, 2): [(np.int64(60), 95), (95, 78)]}","{(0, np.int64(60)): {'cpu': 19}, (2, np.int64(78)): {'cpu': 20}, (1, np.int64(22)): {'cpu': 4}}","{((0, 1), (np.int64(60), 22)): {'bw': 48.0}, ((0, 2), (np.int64(60), 95)): {'bw': 20.0}, ((0, 2), (95, 78)): {'bw': 20.0}}",131.0,111.0,111.0,43.0,68.0,43.0,68.0,43.0,88.0,20.0,0.8473282442748091,77769.69742284885,65896.46117508567,503.02642118386007,Success,0.0,"{'node_level': {}, 'link_level': {}, 'path_level': {}}","{'node_level': {0: {'cpu': -57}, 2: {'cpu': -80}, 1: {'cpu': -67}}, 'link_level': {}, 'path_level': {}}","{'node_level': {0: {'cpu': 0}, 2: {'cpu': 0}, 1: {'cpu': 0}}, 'link_level': {}, 'path_level': {}}",[],0.0,0.0,True,True,False,0,[],0,0.0,3.0,2.0,"OrderedDict([((0, 1), 0), ((0, 2), 0)])",0.0,0.0
66,44,19,7450.0,12417.0,3867992.0265858257,6460640.597550366,0.599983893049851,0.5987010062210277,42,98,1,837.0,37503.0,7018,30485.0,0.09573508568483446,0.12582800447337483,65,920.7468393821777,837.0,4,5,True,"{2: np.int64(52), 0: np.int64(29), 1: np.int64(50), 3: np.int64(82)}","{(1, 2): [(np.int64(50), 54), (54, np.int64(52))], (0, 2): [(np.int64(29), 52)], (2, 3): [(np.int64(52), 29), (29, 39), (39, np.int64(82))], (0, 1): [(np.int64(29), 52), (52, 54), (54, np.int64(50))], (0, 3): [(np.int64(29), 39), (39, np.int64(82))]}","{(2, np.int64(52)): {'cpu': 19}, (0, np.int64(29)): {'cpu': 16}, (1, np.int64(50)): {'cpu': 13}, (3, np.int64(82)): {'cpu': 7}}","{((1, 2), (np.int64(50), 54)): {'bw': 34.0}, ((1, 2), (54, np.int64(52))): {'bw': 34.0}, ((0, 2), (np.int64(29), 52)): {'bw': 35.0}, ((2, 3), (np.int64(52), 29)): {'bw': 33.0}, ((2, 3), (29, 39)): {'bw': 33.0}, ((2, 3), (39, np.int64(82))): {'bw': 33.0}, ((0, 1), (np.int64(29), 52)): {'bw': 16.0}, ((0, 1), (52, 54)): {'bw': 16.0}, ((0, 1), (54, np.int64(50))): {'bw': 16.0}, ((0, 3), (np.int64(29), 39)): {'bw': 15.0}, ((0, 3), (39, np.int64(82))): {'bw': 15.0}}",335.0,188.0,188.0,55.0,133.0,55.0,133.0,55.0,280.0,147.0,0.5611940298507463,308450.1911930295,173100.4058038494,516.7176292652221,Success,0.0,"{'node_level': {}, 'link_level': {}, 'path_level': {}}","{'node_level': {2: {'cpu': -45}, 0: {'cpu': -61}, 1: {'cpu': -37}, 3: {'cpu': -50}}, 'link_level': {}, 'path_level': {}}","{'node_level': {2: {'cpu': 0}, 0: {'cpu': 0}, 1: {'cpu': 0}, 3: {'cpu': 0}}, 'link_level': {}, 'path_level': {}}",[],0.0,0.0,True,True,False,0,[],0,0.0,4.0,5.0,"OrderedDict([((1, 2), 0), ((0, 2), 0), ((2, 3), 0), ((0, 1), 0), ((0, 3), 0)])",0.0,0.0
67,45,20,7597.0,12586.0,3963456.818331428,6570392.637040208,0.6036071825838233,0.6032298276951775,42,99,1,841.0,37334.0,6964,30370.0,0.10269295193918304,0.1291256846270754,66,649.4203520108981,841.0,4,4,True,"{2: np.int64(21), 1: np.int64(44), 3: np.int64(85), 0: np.int64(13)}","{(2, 3): [(np.int64(21), 85)], (1, 2): [(np.int64(44), 21)], (0, 2): [(np.int64(13), 86), (86, np.int64(21))], (0, 3): [(np.int64(13), 85)]}","{(2, np.int64(21)): {'cpu': 13}, (1, np.int64(44)): {'cpu': 16}, (3, np.int64(85)): {'cpu': 9}, (0, np.int64(13)): {'cpu': 16}}","{((2, 3), (np.int64(21), 85)): {'bw': 42.0}, ((1, 2), (np.int64(44), 21)): {'bw': 27.0}, ((0, 2), (np.int64(13), 86)): {'bw': 22.0}, ((0, 2), (86, np.int64(21))): {'bw': 22.0}, ((0, 3), (np.int64(13), 85)): {'bw': 2.0}}",169.0,147.0,147.0,54.0,93.0,54.0,93.0,54.0,115.0,22.0,0.8698224852071006,109752.03948984179,95464.79174560202,564.8804245301894,Success,0.0,"{'node_level': {}, 'link_level': {}, 'path_level': {}}","{'node_level': {2: {'cpu': -49}, 1: {'cpu': -41}, 3: {'cpu': -70}, 0: {'cpu': -46}}, 'link_level': {}, 'path_level': {}}","{'node_level': {2: {'cpu': 0}, 1: {'cpu': 0}, 3: {'cpu': 0}, 0: {'cpu': 0}}, 'link_level': {}, 'path_level': {}}",[],0.0,0.0,True,True,False,0,[],0,0.0,4.0,4.0,"OrderedDict([((2, 3), 0), ((1, 2), 0), ((0, 2), 0), ((0, 3), 0)])",0.0,0.0
67,45,20,7597.0,12586.0,3963456.818331428,6570392.637040208,0.6036071825838233,0.6032298276951775,42,100,0,848.7604622614016,37334.0,6964,30370.0,0.10269295193918304,0.1291256846270754,13,682.7604622614016,166.0,10,25,False,{},{},{},{},0.0,0.0,0.0,0.0,0.0,0.0,0.0,0.0,0.0,0.0,0.0,0.0,0.0,0.0,Leave Event,0.0,"{'node_level': {}, 'link_level': {}, 'path_level': {}}","{'node_level': {}, 'link_level': {}, 'path_level': {}}","{'node_level': {}, 'link_level': {}, 'path_level': {}}",[],0.0,0.0,True,True,False,0,[],0,0.0,,,,,
68,46,21,7761.0,12879.0,3999938.092025021,6635569.546748883,0.6026088982063825,0.6028025271748982,43,101,1,850.0,37041.0,6916,30125.0,0.10887772194304857,0.1361511771284375,67,222.44679081459145,850.0,6,6,True,"{1: np.int64(7), 4: np.int64(69), 5: np.int64(5), 0: np.int64(73), 3: np.int64(35), 2: np.int64(15)}","{(1, 5): [(np.int64(7), 75), (75, np.int64(5))], (4, 5): [(np.int64(69), 65), (65, 1), (1, np.int64(5))], (0, 4): [(np.int64(73), 76), (76, 69)], (3, 4): [(np.int64(35), 69)], (0, 3): [(np.int64(73), 15), (15, np.int64(35))], (2, 5): [(np.int64(15), 55), (55, np.int64(5))]}","{(1, np.int64(7)): {'cpu': 14}, (4, np.int64(69)): {'cpu': 8}, (5, np.int64(5)): {'cpu': 4}, (0, np.int64(73)): {'cpu': 9}, (3, np.int64(35)): {'cpu': 4}, (2, np.int64(15)): {'cpu': 9}}","{((1, 5), (np.int64(7), 75)): {'bw': 45.0}, ((1, 5), (75, np.int64(5))): {'bw': 45.0}, ((4, 5), (np.int64(69), 65)): {'bw': 26.0}, ((4, 5), (65, 1)): {'bw': 26.0}, ((4, 5), (1, np.int64(5))): {'bw': 26.0}, ((0, 4), (np.int64(73), 76)): {'bw': 19.0}, ((0, 4), (76, 69)): {'bw': 19.0}, ((3, 4), (np.int64(35), 69)): {'bw': 13.0}, ((0, 3), (np.int64(73), 15)): {'bw': 10.0}, ((0, 3), (15, np.int64(35))): {'bw': 10.0}, ((2, 5), (np.int64(15), 55)): {'bw': 3.0}, ((2, 5), (55, np.int64(5))): {'bw': 3.0}}",293.0,164.0,164.0,48.0,116.0,48.0,116.0,48.0,245.0,129.0,0.5597269624573379,65176.909708675295,36481.273693593,124.50946653103412,Success,0.0,"{'node_level': {}, 'link_level': {}, 'path_level': {}}","{'node_level': {1: {'cpu': -46}, 4: {'cpu': -40}, 5: {'cpu': -45}, 0: {'cpu': -47}, 3: {'cpu': -89}, 2: {'cpu': -67}}, 'link_level': {}, 'path_level': {}}","{'node_level': {1: {'cpu': 0}, 4: {'cpu': 0}, 5: {'cpu': 0}, 0: {'cpu': 0}, 3: {'cpu': 0}, 2: {'cpu': 0}}, 'link_level': {}, 'path_level': {}}",[],0.0,0.0,True,True,False,0,[],0,0.0,6.0,6.0,"OrderedDict([((1, 5), 0), ((4, 5), 0), ((0, 4), 0), ((3, 4), 0), ((0, 3), 0), ((2, 5), 0)])",2.0,0.0
68,46,20,7761.0,12879.0,3999938.092025021,6635569.546748883,0.6026088982063825,0.6028025271748982,43,102,0,854.7857580204366,37116.0,6951,30165.0,0.10436799381522999,0.13500415794454157,55,150.78575802043656,704.0,2,1,False,{},{},{},{},0.0,0.0,0.0,0.0,0.0,0.0,0.0,0.0,0.0,0.0,0.0,0.0,0.0,0.0,Leave Event,0.0,"{'node_level': {}, 'link_level': {}, 'path_level': {}}","{'node_level': {}, 'link_level': {}, 'path_level': {}}","{'node_level': {}, 'link_level': {}, 'path_level': {}}",[],0.0,0.0,True,True,False,0,[],0,0.0,,,,,
69,46,20,7761.0,12879.0,3999938.092025021,6635569.546748883,0.6026088982063825,0.6028025271748982,43,103,1,863.0,37116.0,6951,30165.0,0.10436799381522999,0.13500415794454157,68,648.5738438150346,863.0,10,18,False,"{0: np.int64(9), 9: np.int64(54), 3: np.int64(97), 4: np.int64(32), 6: np.int64(59), 1: np.int64(60), 5: np.int64(7), 2: np.int64(66), 7: np.int64(90), 8: np.int64(22)}","{(2, 3): [(np.int64(66), 18), (18, 45), (45, np.int64(97))], (1, 3): [(np.int64(60), 7), (7, np.int64(97))], (1, 9): [(np.int64(60), 67), (67, 19), (19, np.int64(54))], (0, 6): [(np.int64(9), 54), (54, np.int64(59))], (3, 5): [(np.int64(97), 69), (69, np.int64(7))], (4, 6): [(np.int64(32), 59)], (4, 9): [(np.int64(32), 59), (59, np.int64(54))], (0, 2): [(np.int64(9), 51), (51, np.int64(66))], (0, 4): [(np.int64(9), 72), (72, np.int64(32))], (4, 5): [(np.int64(32), 72), (72, np.int64(7))]}","{(0, np.int64(9)): {'cpu': 17}, (9, np.int64(54)): {'cpu': 19}, (3, np.int64(97)): {'cpu': 9}, (4, np.int64(32)): {'cpu': 9}, (6, np.int64(59)): {'cpu': 4}, (1, np.int64(60)): {'cpu': 3}, (5, np.int64(7)): {'cpu': 2}, (2, np.int64(66)): {'cpu': 2}, (7, np.int64(90)): {'cpu': 12}, (8, np.int64(22)): {'cpu': 4}}","{((2, 3), (np.int64(66), 18)): {'bw': 46.0}, ((2, 3), (18, 45)): {'bw': 46.0}, ((2, 3), (45, np.int64(97))): {'bw': 46.0}, ((1, 3), (np.int64(60), 7)): {'bw': 50.0}, ((1, 3), (7, np.int64(97))): {'bw': 50.0}, ((1, 9), (np.int64(60), 67)): {'bw': 43.0}, ((1, 9), (67, 19)): {'bw': 43.0}, ((1, 9), (19, np.int64(54))): {'bw': 43.0}, ((0, 6), (np.int64(9), 54)): {'bw': 43.0}, ((0, 6), (54, np.int64(59))): {'bw': 43.0}, ((3, 5), (np.int64(97), 69)): {'bw': 37.0}, ((3, 5), (69, np.int64(7))): {'bw': 37.0}, ((4, 6), (np.int64(32), 59)): {'bw': 35.0}, ((4, 9), (np.int64(32), 59)): {'bw': 33.0}, ((4, 9), (59, np.int64(54))): {'bw': 33.0}, ((0, 2), (np.int64(9), 51)): {'bw': 34.0}, ((0, 2), (51, np.int64(66))): {'bw': 34.0}, ((0, 4), (np.int64(9), 72)): {'bw': 27.0}, ((0, 4), (72, np.int64(32))): {'bw': 27.0}, ((4, 5), (np.int64(32), 72)): {'bw': 23.0}, ((4, 5), (72, np.int64(7))): {'bw': 23.0}}",0.0,0.0,539.0,81.0,458.0,0.0,0.0,0.0,0.0,0.0,0.0,0.0,0.0,0.0,Route Failure,0.0,"{'node_level': {}, 'link_level': {}, 'path_level': {}}","{'node_level': {0: {'cpu': -70}, 9: {'cpu': -64}, 3: {'cpu': -62}, 4: {'cpu': -76}, 6: {'cpu': -74}, 1: {'cpu': -54}, 5: {'cpu': -44}, 2: {'cpu': -36}, 7: {'cpu': -82}, 8: {'cpu': -63}}, 'link_level': {}, 'path_level': {}}","{'node_level': {0: {'cpu': 0}, 9: {'cpu': 0}, 3: {'cpu': 0}, 4: {'cpu': 0}, 6: {'cpu': 0}, 1: {'cpu': 0}, 5: {'cpu': 0}, 2: {'cpu': 0}, 7: {'cpu': 0}, 8: {'cpu': 0}}, 'link_level': {}, 'path_level': {}}",[],0.0,0.0,True,False,False,0,[],0,0.0,10.0,10.0,"OrderedDict([((2, 3), 0), ((1, 3), 0), ((1, 9), 0), ((0, 6), 0), ((3, 5), 0), ((4, 6), 0), ((4, 9), 0), ((0, 2), 0), ((0, 4), 0), ((4, 5), 0)])",0.0,0.0
70,47,21,7835.0,12953.0,4005495.619992408,6641127.07471627,0.6048791785686713,0.603134915945504,43,104,1,875.0,37042.0,6921,30121.0,0.10823347506764591,0.13626587904682708,69,75.10172928901497,875.0,2,1,True,"{1: np.int64(9), 0: np.int64(54)}","{(0, 1): [(np.int64(54), 9)]}","{(1, np.int64(9)): {'cpu': 17}, (0, np.int64(54)): {'cpu': 13}}","{((0, 1), (np.int64(54), 9)): {'bw': 44.0}}",74.0,74.0,74.0,30.0,44.0,30.0,44.0,30.0,44.0,0.0,1.0,5557.527967387107,5557.527967387107,75.10172928901497,Success,0.0,"{'node_level': {}, 'link_level': {}, 'path_level': {}}","{'node_level': {1: {'cpu': -70}, 0: {'cpu': -70}}, 'link_level': {}, 'path_level': {}}","{'node_level': {1: {'cpu': 0}, 0: {'cpu': 0}}, 'link_level': {}, 'path_level': {}}",[],0.0,0.0,True,True,False,0,[],0,0.0,2.0,1.0,"OrderedDict([((0, 1), 0)])",0.0,0.0
70,47,20,7835.0,12953.0,4005495.619992408,6641127.07471627,0.6048791785686713,0.603134915945504,43,105,0,875.9817911949841,37603.0,6985,30618.0,0.09998711506249192,0.12201416568692114,43,325.9817911949841,550.0,7,10,False,{},{},{},{},0.0,0.0,0.0,0.0,0.0,0.0,0.0,0.0,0.0,0.0,0.0,0.0,0.0,0.0,Leave Event,0.0,"{'node_level': {}, 'link_level': {}, 'path_level': {}}","{'node_level': {}, 'link_level': {}, 'path_level': {}}","{'node_level': {}, 'link_level': {}, 'path_level': {}}",[],0.0,0.0,True,True,False,0,[],0,0.0,,,,,
71,48,21,8334.0,13795.0,4099460.814388555,6799681.571072093,0.6041319318593693,0.6028901164767633,43,106,1,891.0,36761.0,6893,29868.0,0.11184125756990082,0.14352077538496832,70,188.3070027978899,891.0,8,17,True,"{4: np.int64(31), 1: np.int64(85), 7: np.int64(5), 2: np.int64(68), 3: np.int64(50), 5: np.int64(97), 0: np.int64(52), 6: np.int64(60)}","{(0, 1): [(np.int64(52), 85)], (6, 7): [(np.int64(60), 48), (48, np.int64(5))], (3, 4): [(np.int64(50), 55), (55, np.int64(31))], (4, 5): [(np.int64(31), 7), (7, 97)], (2, 4): [(np.int64(68), 12), (12, np.int64(31))], (2, 6): [(np.int64(68), 71), (71, np.int64(60))], (1, 4): [(np.int64(85), 50), (50, np.int64(31))], (4, 7): [(np.int64(31), 5)], (0, 7): [(np.int64(52), 20), (20, np.int64(5))], (0, 3): [(np.int64(52), 54), (54, 76), (76, np.int64(50))], (1, 6): [(np.int64(85), 43), (43, np.int64(60))], (0, 4): [(np.int64(52), 31)], (5, 7): [(np.int64(97), 50), (50, 8), (8, 1), (1, np.int64(5))], (1, 7): [(np.int64(85), 21), (21, np.int64(5))], (1, 3): [(np.int64(85), 50)], (4, 6): [(np.int64(31), 7), (7, np.int64(60))], (3, 6): [(np.int64(50), 31), (31, 7), (7, np.int64(60))]}","{(4, np.int64(31)): {'cpu': 7}, (1, np.int64(85)): {'cpu': 12}, (7, np.int64(5)): {'cpu': 11}, (2, np.int64(68)): {'cpu': 18}, (3, np.int64(50)): {'cpu': 14}, (5, np.int64(97)): {'cpu': 16}, (0, np.int64(52)): {'cpu': 8}, (6, np.int64(60)): {'cpu': 6}}","{((0, 1), (np.int64(52), 85)): {'bw': 50.0}, ((6, 7), (np.int64(60), 48)): {'bw': 50.0}, ((6, 7), (48, np.int64(5))): {'bw': 50.0}, ((3, 4), (np.int64(50), 55)): {'bw': 47.0}, ((3, 4), (55, np.int64(31))): {'bw': 47.0}, ((4, 5), (np.int64(31), 7)): {'bw': 50.0}, ((4, 5), (7, 97)): {'bw': 50.0}, ((2, 4), (np.int64(68), 12)): {'bw': 37.0}, ((2, 4), (12, np.int64(31))): {'bw': 37.0}, ((2, 6), (np.int64(68), 71)): {'bw': 29.0}, ((2, 6), (71, np.int64(60))): {'bw': 29.0}, ((1, 4), (np.int64(85), 50)): {'bw': 30.0}, ((1, 4), (50, np.int64(31))): {'bw': 30.0}, ((4, 7), (np.int64(31), 5)): {'bw': 27.0}, ((0, 7), (np.int64(52), 20)): {'bw': 21.0}, ((0, 7), (20, np.int64(5))): {'bw': 21.0}, ((0, 3), (np.int64(52), 54)): {'bw': 15.0}, ((0, 3), (54, 76)): {'bw': 15.0}, ((0, 3), (76, np.int64(50))): {'bw': 15.0}, ((1, 6), (np.int64(85), 43)): {'bw': 13.0}, ((1, 6), (43, np.int64(60))): {'bw': 13.0}, ((0, 4), (np.int64(52), 31)): {'bw': 11.0}, ((5, 7), (np.int64(97), 50)): {'bw': 7.0}, ((5, 7), (50, 8)): {'bw': 7.0}, ((5, 7), (8, 1)): {'bw': 7.0}, ((5, 7), (1, np.int64(5))): {'bw': 7.0}, ((1, 7), (np.int64(85), 21)): {'bw': 12.0}, ((1, 7), (21, np.int64(5))): {'bw': 12.0}, ((1, 3), (np.int64(85), 50)): {'bw': 6.0}, ((4, 6), (np.int64(31), 7)): {'bw': 1.0}, ((4, 6), (7, np.int64(60))): {'bw': 1.0}, ((3, 6), (np.int64(50), 31)): {'bw': 1.0}, ((3, 6), (31, 7)): {'bw': 1.0}, ((3, 6), (7, np.int64(60))): {'bw': 1.0}}",842.0,499.0,499.0,92.0,407.0,92.0,407.0,92.0,750.0,343.0,0.5926365795724465,158554.4963558233,93965.19439614707,111.5976180476806,Success,0.0,"{'node_level': {}, 'link_level': {}, 'path_level': {}}","{'node_level': {4: {'cpu': -66}, 1: {'cpu': -63}, 7: {'cpu': -47}, 2: {'cpu': -50}, 3: {'cpu': -23}, 5: {'cpu': -55}, 0: {'cpu': -55}, 6: {'cpu': -51}}, 'link_level': {}, 'path_level': {}}","{'node_level': {4: {'cpu': 0}, 1: {'cpu': 0}, 7: {'cpu': 0}, 2: {'cpu': 0}, 3: {'cpu': 0}, 5: {'cpu': 0}, 0: {'cpu': 0}, 6: {'cpu': 0}}, 'link_level': {}, 'path_level': {}}",[],0.0,0.0,True,True,False,0,[],0,0.0,8.0,17.0,"OrderedDict([((0, 1), 0), ((6, 7), 0), ((3, 4), 0), ((4, 5), 0), ((2, 4), 0), ((2, 6), 0), ((1, 4), 0), ((4, 7), 0), ((0, 7), 0), ((0, 3), 0), ((1, 6), 0), ((0, 4), 0), ((5, 7), 0), ((1, 7), 0), ((1, 3), 0), ((4, 6), 0), ((3, 6), 0)])",2.0,0.0
71,48,20,8334.0,13795.0,4099460.814388555,6799681.571072093,0.6041319318593693,0.6028901164767633,43,107,0,891.9256554459682,37489.0,6959,30530.0,0.1033371988145857,0.12453760789149193,47,285.9256554459682,606.0,7,11,False,{},{},{},{},0.0,0.0,0.0,0.0,0.0,0.0,0.0,0.0,0.0,0.0,0.0,0.0,0.0,0.0,Leave Event,0.0,"{'node_level': {}, 'link_level': {}, 'path_level': {}}","{'node_level': {}, 'link_level': {}, 'path_level': {}}","{'node_level': {}, 'link_level': {}, 'path_level': {}}",[],0.0,0.0,True,True,False,0,[],0,0.0,,,,,
71,48,20,8334.0,13795.0,4099460.814388555,6799681.571072093,0.6041319318593693,0.6028901164767633,43,108,0,898.0076177464493,37489.0,6959,30530.0,0.1033371988145857,0.12453760789149193,63,86.00761774644931,812.0,6,10,False,{},{},{},{},0.0,0.0,0.0,0.0,0.0,0.0,0.0,0.0,0.0,0.0,0.0,0.0,0.0,0.0,Leave Event,0.0,"{'node_level': {}, 'link_level': {}, 'path_level': {}}","{'node_level': {}, 'link_level': {}, 'path_level': {}}","{'node_level': {}, 'link_level': {}, 'path_level': {}}",[],0.0,0.0,True,True,False,0,[],0,0.0,,,,,
72,49,21,8380.0,13895.0,4111972.999516605,6826881.973524376,0.603094638359122,0.6023207982009099,43,109,1,903.0,37389.0,6940,30449.0,0.1057853369411158,0.12686032173888107,71,272.00402452282293,903.0,2,1,True,"{1: np.int64(45), 0: np.int64(53)}","{(0, 1): [(np.int64(53), 79), (79, 31), (31, np.int64(45))]}","{(1, np.int64(45)): {'cpu': 18}, (0, np.int64(53)): {'cpu': 1}}","{((0, 1), (np.int64(53), 79)): {'bw': 27.0}, ((0, 1), (79, 31)): {'bw': 27.0}, ((0, 1), (31, np.int64(45))): {'bw': 27.0}}",100.0,46.0,46.0,19.0,27.0,19.0,27.0,19.0,81.0,54.0,0.46,27200.402452282295,12512.185128049854,125.12185128049856,Success,0.0,"{'node_level': {}, 'link_level': {}, 'path_level': {}}","{'node_level': {1: {'cpu': -55}, 0: {'cpu': -95}}, 'link_level': {}, 'path_level': {}}","{'node_level': {1: {'cpu': 0}, 0: {'cpu': 0}}, 'link_level': {}, 'path_level': {}}",[],0.0,0.0,True,True,False,0,[],0,0.0,2.0,1.0,"OrderedDict([((0, 1), 0)])",0.0,0.0
72,49,21,8380.0,13895.0,4111972.999516605,6826881.973524376,0.603094638359122,0.6023207982009099,43,110,0,904.7110734296512,37389.0,6940,30449.0,0.1057853369411158,0.12686032173888107,21,646.7110734296512,258.0,10,16,False,{},{},{},{},0.0,0.0,0.0,0.0,0.0,0.0,0.0,0.0,0.0,0.0,0.0,0.0,0.0,0.0,Leave Event,0.0,"{'node_level': {}, 'link_level': {}, 'path_level': {}}","{'node_level': {}, 'link_level': {}, 'path_level': {}}","{'node_level': {}, 'link_level': {}, 'path_level': {}}",[],0.0,0.0,True,True,False,0,[],0,0.0,,,,,
73,50,22,8569.0,14193.0,4310167.500346748,7139379.122981426,0.6037483266398929,0.6037174138115822,45,111,1,912.0,37091.0,6875,30216.0,0.11416054632135031,0.1335417084850744,72,1048.6481525404379,912.0,6,8,True,"{2: np.int64(53), 1: np.int64(71), 0: np.int64(9), 3: np.int64(83), 4: np.int64(88), 5: np.int64(94)}","{(1, 2): [(np.int64(71), 94), (94, np.int64(53))], (0, 1): [(np.int64(9), 71)], (0, 2): [(np.int64(9), 71), (71, 94), (94, np.int64(53))], (1, 5): [(np.int64(71), 94)], (2, 3): [(np.int64(53), 26), (26, np.int64(83))], (1, 4): [(np.int64(71), 68), (68, np.int64(88))], (2, 5): [(np.int64(53), 94)], (1, 3): [(np.int64(71), 83)]}","{(2, np.int64(53)): {'cpu': 17}, (1, np.int64(71)): {'cpu': 11}, (0, np.int64(9)): {'cpu': 7}, (3, np.int64(83)): {'cpu': 20}, (4, np.int64(88)): {'cpu': 8}, (5, np.int64(94)): {'cpu': 2}}","{((1, 2), (np.int64(71), 94)): {'bw': 46.0}, ((1, 2), (94, np.int64(53))): {'bw': 46.0}, ((0, 1), (np.int64(9), 71)): {'bw': 27.0}, ((0, 2), (np.int64(9), 71)): {'bw': 25.0}, ((0, 2), (71, 94)): {'bw': 25.0}, ((0, 2), (94, np.int64(53))): {'bw': 25.0}, ((1, 5), (np.int64(71), 94)): {'bw': 7.0}, ((2, 3), (np.int64(53), 26)): {'bw': 9.0}, ((2, 3), (26, np.int64(83))): {'bw': 9.0}, ((1, 4), (np.int64(71), 68)): {'bw': 4.0}, ((1, 4), (68, np.int64(88))): {'bw': 4.0}, ((2, 5), (np.int64(53), 94)): {'bw': 5.0}, ((1, 3), (np.int64(71), 83)): {'bw': 1.0}}",298.0,189.0,189.0,65.0,124.0,65.0,124.0,65.0,233.0,109.0,0.6342281879194631,312497.1494570505,198194.50083014276,665.0822175508147,Success,0.0,"{'node_level': {}, 'link_level': {}, 'path_level': {}}","{'node_level': {2: {'cpu': -78}, 1: {'cpu': -70}, 0: {'cpu': -67}, 3: {'cpu': -68}, 4: {'cpu': -78}, 5: {'cpu': -87}}, 'link_level': {}, 'path_level': {}}","{'node_level': {2: {'cpu': 0}, 1: {'cpu': 0}, 0: {'cpu': 0}, 3: {'cpu': 0}, 4: {'cpu': 0}, 5: {'cpu': 0}}, 'link_level': {}, 'path_level': {}}",[],0.0,0.0,True,True,False,0,[],0,0.0,6.0,8.0,"OrderedDict([((1, 2), 0), ((0, 1), 0), ((0, 2), 0), ((1, 5), 0), ((2, 3), 0), ((1, 4), 0), ((2, 5), 0), ((1, 3), 0)])",1.0,0.0
74,51,23,8660.0,14324.0,4317762.764589166,7150312.96491282,0.6045797263334264,0.6038564725455777,45,112,1,923.0,36960.0,6850,30110.0,0.11738178069836358,0.13658130932239843,73,83.4644422243773,923.0,3,2,True,"{2: np.int64(59), 0: np.int64(38), 1: np.int64(15)}","{(0, 1): [(np.int64(38), 35), (35, np.int64(15))], (0, 2): [(np.int64(38), 59)]}","{(2, np.int64(59)): {'cpu': 18}, (0, np.int64(38)): {'cpu': 3}, (1, np.int64(15)): {'cpu': 4}}","{((0, 1), (np.int64(38), 35)): {'bw': 40.0}, ((0, 1), (35, np.int64(15))): {'bw': 40.0}, ((0, 2), (np.int64(38), 59)): {'bw': 26.0}}",131.0,91.0,91.0,25.0,66.0,25.0,66.0,25.0,106.0,40.0,0.6946564885496184,10933.841931393425,7595.264242418334,57.97911635433843,Success,0.0,"{'node_level': {}, 'link_level': {}, 'path_level': {}}","{'node_level': {2: {'cpu': -60}, 0: {'cpu': -74}, 1: {'cpu': -68}}, 'link_level': {}, 'path_level': {}}","{'node_level': {2: {'cpu': 0}, 0: {'cpu': 0}, 1: {'cpu': 0}}, 'link_level': {}, 'path_level': {}}",[],0.0,0.0,True,True,False,0,[],0,0.0,3.0,2.0,"OrderedDict([((0, 1), 0), ((0, 2), 0)])",1.0,0.0
75,52,24,9046.0,15084.0,4727174.4358239295,7956408.483406136,0.5997083001856272,0.5941342058647331,45,113,1,931.0,36200.0,6777,29423.0,0.12678778507924238,0.1562813638058097,74,1060.651998017522,931.0,7,13,True,"{2: np.int64(65), 4: np.int64(88), 6: np.int64(73), 3: np.int64(57), 5: np.int64(66), 0: np.int64(32), 1: np.int64(90)}","{(2, 3): [(np.int64(65), 57)], (3, 5): [(np.int64(57), 66)], (1, 5): [(np.int64(90), 25), (25, 3), (3, 46), (46, np.int64(66))], (0, 2): [(np.int64(32), 4), (4, 0), (0, np.int64(65))], (3, 6): [(np.int64(57), 59), (59, 70), (70, 91), (91, np.int64(73))], (4, 6): [(np.int64(88), 73)], (1, 4): [(np.int64(90), 54), (54, 68), (68, np.int64(88))], (1, 2): [(np.int64(90), 57), (57, np.int64(65))], (2, 4): [(np.int64(65), 87), (87, np.int64(88))], (4, 5): [(np.int64(88), 66)], (2, 5): [(np.int64(65), 6), (6, 77), (77, np.int64(66))], (2, 6): [(np.int64(65), 95), (95, np.int64(73))], (0, 6): [(np.int64(32), 95), (95, np.int64(73))]}","{(2, np.int64(65)): {'cpu': 19}, (4, np.int64(88)): {'cpu': 15}, (6, np.int64(73)): {'cpu': 18}, (3, np.int64(57)): {'cpu': 8}, (5, np.int64(66)): {'cpu': 6}, (0, np.int64(32)): {'cpu': 6}, (1, np.int64(90)): {'cpu': 1}}","{((2, 3), (np.int64(65), 57)): {'bw': 45.0}, ((3, 5), (np.int64(57), 66)): {'bw': 43.0}, ((1, 5), (np.int64(90), 25)): {'bw': 35.0}, ((1, 5), (25, 3)): {'bw': 35.0}, ((1, 5), (3, 46)): {'bw': 35.0}, ((1, 5), (46, np.int64(66))): {'bw': 35.0}, ((0, 2), (np.int64(32), 4)): {'bw': 31.0}, ((0, 2), (4, 0)): {'bw': 31.0}, ((0, 2), (0, np.int64(65))): {'bw': 31.0}, ((3, 6), (np.int64(57), 59)): {'bw': 27.0}, ((3, 6), (59, 70)): {'bw': 27.0}, ((3, 6), (70, 91)): {'bw': 27.0}, ((3, 6), (91, np.int64(73))): {'bw': 27.0}, ((4, 6), (np.int64(88), 73)): {'bw': 26.0}, ((1, 4), (np.int64(90), 54)): {'bw': 23.0}, ((1, 4), (54, 68)): {'bw': 23.0}, ((1, 4), (68, np.int64(88))): {'bw': 23.0}, ((1, 2), (np.int64(90), 57)): {'bw': 17.0}, ((1, 2), (57, np.int64(65))): {'bw': 17.0}, ((2, 4), (np.int64(65), 87)): {'bw': 16.0}, ((2, 4), (87, np.int64(88))): {'bw': 16.0}, ((4, 5), (np.int64(88), 66)): {'bw': 20.0}, ((2, 5), (np.int64(65), 6)): {'bw': 17.0}, ((2, 5), (6, 77)): {'bw': 17.0}, ((2, 5), (77, np.int64(66))): {'bw': 17.0}, ((2, 6), (np.int64(65), 95)): {'bw': 8.0}, ((2, 6), (95, np.int64(73))): {'bw': 8.0}, ((0, 6), (np.int64(32), 95)): {'bw': 5.0}, ((0, 6), (95, np.int64(73))): {'bw': 5.0}}",760.0,386.0,386.0,73.0,313.0,73.0,313.0,73.0,687.0,374.0,0.5078947368421053,806095.5184933166,409411.67123476346,538.6995674141625,Success,0.0,"{'node_level': {}, 'link_level': {}, 'path_level': {}}","{'node_level': {2: {'cpu': -47}, 4: {'cpu': -63}, 6: {'cpu': -29}, 3: {'cpu': -27}, 5: {'cpu': -32}, 0: {'cpu': -79}, 1: {'cpu': -93}}, 'link_level': {}, 'path_level': {}}","{'node_level': {2: {'cpu': 0}, 4: {'cpu': 0}, 6: {'cpu': 0}, 3: {'cpu': 0}, 5: {'cpu': 0}, 0: {'cpu': 0}, 1: {'cpu': 0}}, 'link_level': {}, 'path_level': {}}",[],0.0,0.0,True,True,False,0,[],0,0.0,7.0,13.0,"OrderedDict([((2, 3), 0), ((3, 5), 0), ((1, 5), 0), ((0, 2), 0), ((3, 6), 0), ((4, 6), 0), ((1, 4), 0), ((1, 2), 0), ((2, 4), 0), ((4, 5), 0), ((2, 5), 0), ((2, 6), 0), ((0, 6), 0)])",3.0,0.0
76,53,25,9131.0,15212.0,4795356.032814349,8059081.947109356,0.6002498027872732,0.5950250989238737,45,114,1,945.0,36072.0,6746,29326.0,0.1307821157067388,0.15906288532675705,75,802.1364351814047,945.0,3,2,True,"{2: np.int64(45), 0: np.int64(31), 1: np.int64(67)}","{(1, 2): [(np.int64(67), 38), (38, np.int64(45))], (0, 2): [(np.int64(31), 45)]}","{(2, np.int64(45)): {'cpu': 9}, (0, np.int64(31)): {'cpu': 20}, (1, np.int64(67)): {'cpu': 2}}","{((1, 2), (np.int64(67), 38)): {'bw': 43.0}, ((1, 2), (38, np.int64(45))): {'bw': 43.0}, ((0, 2), (np.int64(31), 45)): {'bw': 11.0}}",128.0,85.0,85.0,31.0,54.0,31.0,54.0,31.0,97.0,43.0,0.6640625,102673.46370321981,68181.5969904194,532.6687264876516,Success,0.0,"{'node_level': {}, 'link_level': {}, 'path_level': {}}","{'node_level': {2: {'cpu': -46}, 0: {'cpu': -46}, 1: {'cpu': -84}}, 'link_level': {}, 'path_level': {}}","{'node_level': {2: {'cpu': 0}, 0: {'cpu': 0}, 1: {'cpu': 0}}, 'link_level': {}, 'path_level': {}}",[],0.0,0.0,True,True,False,0,[],0,0.0,3.0,2.0,"OrderedDict([((1, 2), 0), ((0, 2), 0)])",0.0,0.0
76,53,24,9131.0,15212.0,4795356.032814349,8059081.947109356,0.6002498027872732,0.5950250989238737,45,115,0,950.101729289015,36146.0,6776,29370.0,0.12691663445432289,0.15780116422447166,69,75.10172928901497,875.0,2,1,False,{},{},{},{},0.0,0.0,0.0,0.0,0.0,0.0,0.0,0.0,0.0,0.0,0.0,0.0,0.0,0.0,Leave Event,0.0,"{'node_level': {}, 'link_level': {}, 'path_level': {}}","{'node_level': {}, 'link_level': {}, 'path_level': {}}","{'node_level': {}, 'link_level': {}, 'path_level': {}}",[],0.0,0.0,True,True,False,0,[],0,0.0,,,,,
77,53,24,9131.0,15212.0,4795356.032814349,8059081.947109356,0.6002498027872732,0.5950250989238737,45,116,1,955.0,36146.0,6776,29370.0,0.12691663445432289,0.15780116422447166,76,1781.1110154526139,955.0,10,24,False,"{9: np.int64(9), 0: np.int64(54), 2: np.int64(22), 3: np.int64(86), 4: np.int64(15), 8: np.int64(33), 6: np.int64(82), 7: np.int64(59), 1: np.int64(26), 5: np.int64(77)}","{(0, 3): [(np.int64(54), 27), (27, 13), (13, np.int64(86))], (3, 7): [(np.int64(86), 88), (88, np.int64(59))], (6, 9): [(np.int64(82), 38), (38, 64), (64, np.int64(9))], (0, 9): [(np.int64(54), 9)], (7, 9): [(np.int64(59), 32), (32, 72), (72, np.int64(9))], (2, 6): [(np.int64(22), 63), (63, np.int64(82))], (0, 5): [(np.int64(54), 68), (68, 88), (88, np.int64(77))]}","{(9, np.int64(9)): {'cpu': 14}, (0, np.int64(54)): {'cpu': 13}, (2, np.int64(22)): {'cpu': 15}, (3, np.int64(86)): {'cpu': 11}, (4, np.int64(15)): {'cpu': 19}, (8, np.int64(33)): {'cpu': 15}, (6, np.int64(82)): {'cpu': 3}, (7, np.int64(59)): {'cpu': 3}, (1, np.int64(26)): {'cpu': 12}, (5, np.int64(77)): {'cpu': 4}}","{((0, 3), (np.int64(54), 27)): {'bw': 49.0}, ((0, 3), (27, 13)): {'bw': 49.0}, ((0, 3), (13, np.int64(86))): {'bw': 49.0}, ((3, 7), (np.int64(86), 88)): {'bw': 49.0}, ((3, 7), (88, np.int64(59))): {'bw': 49.0}, ((6, 9), (np.int64(82), 38)): {'bw': 46.0}, ((6, 9), (38, 64)): {'bw': 46.0}, ((6, 9), (64, np.int64(9))): {'bw': 46.0}, ((0, 9), (np.int64(54), 9)): {'bw': 43.0}, ((7, 9), (np.int64(59), 32)): {'bw': 41.0}, ((7, 9), (32, 72)): {'bw': 41.0}, ((7, 9), (72, np.int64(9))): {'bw': 41.0}, ((2, 6), (np.int64(22), 63)): {'bw': 42.0}, ((2, 6), (63, np.int64(82))): {'bw': 42.0}, ((0, 5), (np.int64(54), 68)): {'bw': 37.0}, ((0, 5), (68, 88)): {'bw': 37.0}, ((0, 5), (88, np.int64(77))): {'bw': 37.0}}",0.0,0.0,660.0,109.0,551.0,0.0,0.0,0.0,0.0,0.0,0.0,0.0,0.0,0.0,Route Failure,0.0,"{'node_level': {}, 'link_level': {}, 'path_level': {}}","{'node_level': {9: {'cpu': -70}, 0: {'cpu': -70}, 2: {'cpu': -52}, 3: {'cpu': -29}, 4: {'cpu': -49}, 8: {'cpu': -59}, 6: {'cpu': -47}, 7: {'cpu': -57}, 1: {'cpu': -64}, 5: {'cpu': -83}}, 'link_level': {}, 'path_level': {}}","{'node_level': {9: {'cpu': 0}, 0: {'cpu': 0}, 2: {'cpu': 0}, 3: {'cpu': 0}, 4: {'cpu': 0}, 8: {'cpu': 0}, 6: {'cpu': 0}, 7: {'cpu': 0}, 1: {'cpu': 0}, 5: {'cpu': 0}}, 'link_level': {}, 'path_level': {}}",[],0.0,0.0,True,False,False,0,[],0,0.0,10.0,7.0,"OrderedDict([((0, 3), 0), ((3, 7), 0), ((6, 9), 0), ((0, 9), 0), ((7, 9), 0), ((2, 6), 0), ((0, 5), 0)])",0.0,0.0
77,53,24,9131.0,15212.0,4795356.032814349,8059081.947109356,0.6002498027872732,0.5950250989238737,45,117,0,959.2795733514517,36146.0,6776,29370.0,0.12691663445432289,0.15780116422447166,58,208.2795733514517,751.0,9,20,False,{},{},{},{},0.0,0.0,0.0,0.0,0.0,0.0,0.0,0.0,0.0,0.0,0.0,0.0,0.0,0.0,Leave Event,0.0,"{'node_level': {}, 'link_level': {}, 'path_level': {}}","{'node_level': {}, 'link_level': {}, 'path_level': {}}","{'node_level': {}, 'link_level': {}, 'path_level': {}}",[],0.0,0.0,True,True,False,0,[],0,0.0,,,,,
77,53,23,9131.0,15212.0,4795356.032814349,8059081.947109356,0.6002498027872732,0.5950250989238737,45,118,0,959.8599307398523,36165.0,6792,29373.0,0.12485504445303441,0.15771513778567947,61,171.8599307398523,788.0,2,1,False,{},{},{},{},0.0,0.0,0.0,0.0,0.0,0.0,0.0,0.0,0.0,0.0,0.0,0.0,0.0,0.0,Leave Event,0.0,"{'node_level': {}, 'link_level': {}, 'path_level': {}}","{'node_level': {}, 'link_level': {}, 'path_level': {}}","{'node_level': {}, 'link_level': {}, 'path_level': {}}",[],0.0,0.0,True,True,False,0,[],0,0.0,,,,,
78,53,23,9131.0,15212.0,4795356.032814349,8059081.947109356,0.6002498027872732,0.5950250989238737,45,119,1,970.0,36165.0,6792,29373.0,0.12485504445303441,0.15771513778567947,77,229.19801605296342,970.0,10,22,False,"{3: np.int64(9), 2: np.int64(54), 0: np.int64(85), 1: np.int64(22), 5: np.int64(86), 4: np.int64(1), 8: np.int64(4), 9: np.int64(77)}",{},"{(3, np.int64(9)): {'cpu': 19}, (2, np.int64(54)): {'cpu': 20}, (0, np.int64(85)): {'cpu': 12}, (1, np.int64(22)): {'cpu': 17}, (5, np.int64(86)): {'cpu': 12}, (4, np.int64(1)): {'cpu': 18}, (8, np.int64(4)): {'cpu': 15}, (9, np.int64(77)): {'cpu': 8}}",{},0.0,0.0,669.0,137.0,532.0,0.0,0.0,0.0,0.0,0.0,0.0,0.0,0.0,0.0,Place Failure,0.0,"{'node_level': {}, 'link_level': {}, 'path_level': {}}","{'node_level': {3: {'cpu': -65}, 2: {'cpu': -63}, 0: {'cpu': -62}, 1: {'cpu': -50}, 5: {'cpu': -28}, 4: {'cpu': -56}, 8: {'cpu': -21}, 9: {'cpu': -79}}, 'link_level': {}, 'path_level': {}}","{'node_level': {3: {'cpu': 0}, 2: {'cpu': 0}, 0: {'cpu': 0}, 1: {'cpu': 0}, 5: {'cpu': 0}, 4: {'cpu': 0}, 8: {'cpu': 0}, 9: {'cpu': 0}}, 'link_level': {}, 'path_level': {}}",[],0.0,0.0,False,True,False,0,[],0,0.0,8.0,0.0,,,
78,53,22,9131.0,15212.0,4795356.032814349,8059081.947109356,0.6002498027872732,0.5950250989238737,45,120,0,973.070985207074,36185.0,6798,29387.0,0.12408194820255125,0.15731368107131594,36,511.07098520707405,462.0,2,1,False,{},{},{},{},0.0,0.0,0.0,0.0,0.0,0.0,0.0,0.0,0.0,0.0,0.0,0.0,0.0,0.0,Leave Event,0.0,"{'node_level': {}, 'link_level': {}, 'path_level': {}}","{'node_level': {}, 'link_level': {}, 'path_level': {}}","{'node_level': {}, 'link_level': {}, 'path_level': {}}",[],0.0,0.0,True,True,False,0,[],0,0.0,,,,,
79,53,22,9131.0,15212.0,4795356.032814349,8059081.947109356,0.6002498027872732,0.5950250989238737,45,121,1,980.0,36185.0,6798,29387.0,0.12408194820255125,0.15731368107131594,78,114.66870240873862,980.0,9,22,False,"{4: np.int64(9), 0: np.int64(54), 7: np.int64(85), 5: np.int64(1), 2: np.int64(69), 8: np.int64(4), 6: np.int64(33), 3: np.int64(32), 1: np.int64(22)}","{(5, 8): [(np.int64(1), 68), (68, np.int64(4))], (1, 5): [(np.int64(22), 1)], (1, 7): [(np.int64(22), 49), (49, 89), (89, np.int64(85))], (1, 8): [(np.int64(22), 4)], (0, 3): [(np.int64(54), 59), (59, np.int64(32))], (4, 8): [(np.int64(9), 72), (72, np.int64(4))], (2, 4): [(np.int64(69), 54), (54, np.int64(9))], (6, 7): [(np.int64(33), 17), (17, 41), (41, np.int64(85))], (5, 7): [(np.int64(1), 8), (8, 11), (11, np.int64(85))], (1, 4): [(np.int64(22), 1), (1, np.int64(9))], (4, 6): [(np.int64(9), 64), (64, 26), (26, np.int64(33))], (2, 6): [(np.int64(69), 76), (76, 70), (70, 17), (17, np.int64(33))], (0, 4): [(np.int64(54), 9)], (6, 8): [(np.int64(33), 88), (88, 38), (38, np.int64(4))], (0, 2): [(np.int64(54), 69)]}","{(4, np.int64(9)): {'cpu': 16}, (0, np.int64(54)): {'cpu': 19}, (7, np.int64(85)): {'cpu': 13}, (5, np.int64(1)): {'cpu': 9, 'nic_slots': 1}, (2, np.int64(69)): {'cpu': 16}, (8, np.int64(4)): {'cpu': 7, 'nic_slots': 1}, (6, np.int64(33)): {'cpu': 11}, (3, np.int64(32)): {'cpu': 4}, (1, np.int64(22)): {'cpu': 1}}","{((5, 8), (np.int64(1), 68)): {'bw': 50.0}, ((5, 8), (68, np.int64(4))): {'bw': 50.0}, ((1, 5), (np.int64(22), 1)): {'bw': 43.0}, ((1, 7), (np.int64(22), 49)): {'bw': 40.0}, ((1, 7), (49, 89)): {'bw': 40.0}, ((1, 7), (89, np.int64(85))): {'bw': 40.0}, ((1, 8), (np.int64(22), 4)): {'bw': 37.0}, ((0, 3), (np.int64(54), 59)): {'bw': 40.0}, ((0, 3), (59, np.int64(32))): {'bw': 40.0}, ((4, 8), (np.int64(9), 72)): {'bw': 39.0}, ((4, 8), (72, np.int64(4))): {'bw': 39.0}, ((2, 4), (np.int64(69), 54)): {'bw': 32.0}, ((2, 4), (54, np.int64(9))): {'bw': 32.0}, ((6, 7), (np.int64(33), 17)): {'bw': 34.0}, ((6, 7), (17, 41)): {'bw': 34.0}, ((6, 7), (41, np.int64(85))): {'bw': 34.0}, ((5, 7), (np.int64(1), 8)): {'bw': 29.0}, ((5, 7), (8, 11)): {'bw': 29.0}, ((5, 7), (11, np.int64(85))): {'bw': 29.0}, ((1, 4), (np.int64(22), 1)): {'bw': 27.0}, ((1, 4), (1, np.int64(9))): {'bw': 27.0}, ((4, 6), (np.int64(9), 64)): {'bw': 27.0}, ((4, 6), (64, 26)): {'bw': 27.0}, ((4, 6), (26, np.int64(33))): {'bw': 27.0}, ((2, 6), (np.int64(69), 76)): {'bw': 24.0}, ((2, 6), (76, 70)): {'bw': 24.0}, ((2, 6), (70, 17)): {'bw': 24.0}, ((2, 6), (17, np.int64(33))): {'bw': 24.0}, ((0, 4), (np.int64(54), 9)): {'bw': 18.0}, ((6, 8), (np.int64(33), 88)): {'bw': 17.0}, ((6, 8), (88, 38)): {'bw': 17.0}, ((6, 8), (38, np.int64(4))): {'bw': 17.0}, ((0, 2), (np.int64(54), 69)): {'bw': 16.0}}",0.0,0.0,633.0,96.0,537.0,0.0,0.0,0.0,0.0,0.0,0.0,0.0,0.0,0.0,Route Failure,0.0,"{'node_level': {}, 'link_level': {}, 'path_level': {}}","{'node_level': {4: {'cpu': -68}, 0: {'cpu': -64}, 7: {'cpu': -61}, 5: {'cpu': -65}, 2: {'cpu': -24}, 8: {'cpu': -29}, 6: {'cpu': -63}, 3: {'cpu': -75}, 1: {'cpu': -66}}, 'link_level': {}, 'path_level': {}}","{'node_level': {4: {'cpu': 0}, 0: {'cpu': 0}, 7: {'cpu': 0}, 5: {'cpu': 0}, 2: {'cpu': 0}, 8: {'cpu': 0}, 6: {'cpu': 0}, 3: {'cpu': 0}, 1: {'cpu': 0}}, 'link_level': {}, 'path_level': {}}",[],0.0,0.0,True,False,False,0,[],0,0.0,9.0,15.0,"OrderedDict([((5, 8), 1), ((1, 5), 0), ((1, 7), 0), ((1, 8), 0), ((0, 3), 0), ((4, 8), 0), ((2, 4), 0), ((6, 7), 0), ((5, 7), 0), ((1, 4), 0), ((4, 6), 0), ((2, 6), 0), ((0, 4), 0), ((6, 8), 0), ((0, 2), 0)])",2.0,1.0
80,54,23,9185.0,15266.0,4802786.096634698,8066512.010929705,0.6016638281147648,0.5953981212855287,45,122,1,995.0,36131.0,6782,29349.0,0.12614353820383972,0.15840334929601696,79,137.5937744509019,995.0,2,1,True,"{0: np.int64(9), 1: np.int64(54)}","{(0, 1): [(np.int64(9), 54)]}","{(0, np.int64(9)): {'cpu': 15}, (1, np.int64(54)): {'cpu': 1}}","{((0, 1), (np.int64(9), 54)): {'bw': 38.0}}",54.0,54.0,54.0,16.0,38.0,16.0,38.0,16.0,38.0,0.0,1.0,7430.063820348702,7430.063820348702,137.5937744509019,Success,0.0,"{'node_level': {}, 'link_level': {}, 'path_level': {}}","{'node_level': {0: {'cpu': -69}, 1: {'cpu': -82}}, 'link_level': {}, 'path_level': {}}","{'node_level': {0: {'cpu': 0}, 1: {'cpu': 0}}, 'link_level': {}, 'path_level': {}}",[],0.0,0.0,True,True,False,0,[],0,0.0,2.0,1.0,"OrderedDict([((0, 1), 0)])",0.0,0.0
80,54,22,9185.0,15266.0,4802786.096634698,8066512.010929705,0.6016638281147648,0.5953981212855287,45,123,0,1006.4644422243773,36262.0,6807,29455.0,0.12292230382682645,0.15536374845869294,73,83.4644422243773,923.0,3,2,False,{},{},{},{},0.0,0.0,0.0,0.0,0.0,0.0,0.0,0.0,0.0,0.0,0.0,0.0,0.0,0.0,Leave Event,0.0,"{'node_level': {}, 'link_level': {}, 'path_level': {}}","{'node_level': {}, 'link_level': {}, 'path_level': {}}","{'node_level': {}, 'link_level': {}, 'path_level': {}}",[],0.0,0.0,True,True,False,0,[],0,0.0,,,,,
81,55,23,9215.0,15308.0,4829178.048444409,8103460.7434633,0.6019728246668409,0.5959402039850555,45,124,1,1013.0,36220.0,6783,29437.0,0.1260146888287592,0.15587990709144606,80,879.7317269903625,1013.0,2,1,True,"{0: np.int64(15), 1: np.int64(9)}","{(0, 1): [(np.int64(15), 8), (8, 1), (1, np.int64(9))]}","{(0, np.int64(15)): {'cpu': 14}, (1, np.int64(9)): {'cpu': 10}}","{((0, 1), (np.int64(15), 8)): {'bw': 6.0}, ((0, 1), (8, 1)): {'bw': 6.0}, ((0, 1), (1, np.int64(9))): {'bw': 6.0}}",42.0,30.0,30.0,24.0,6.0,24.0,6.0,24.0,18.0,12.0,0.7142857142857143,36948.73253359523,26391.951809710874,628.3798049931161,Success,0.0,"{'node_level': {}, 'link_level': {}, 'path_level': {}}","{'node_level': {0: {'cpu': -58}, 1: {'cpu': -59}}, 'link_level': {}, 'path_level': {}}","{'node_level': {0: {'cpu': 0}, 1: {'cpu': 0}}, 'link_level': {}, 'path_level': {}}",[],0.0,0.0,True,True,False,0,[],0,0.0,2.0,1.0,"OrderedDict([((0, 1), 0)])",0.0,0.0
82,56,24,9303.0,15414.0,4976971.720279137,8281484.939082404,0.603542234332425,0.6009757618215978,46,125,1,1025.0,36114.0,6746,29368.0,0.1307821157067388,0.15785851518366645,81,1679.4735435764487,1025.0,3,2,True,"{0: np.int64(85), 2: np.int64(59), 1: np.int64(96)}","{(0, 1): [(np.int64(85), 96)], (0, 2): [(np.int64(85), 89), (89, 54), (54, np.int64(59))]}","{(0, np.int64(85)): {'cpu': 18}, (2, np.int64(59)): {'cpu': 17}, (1, np.int64(96)): {'cpu': 2}}","{((0, 1), (np.int64(85), 96)): {'bw': 42.0}, ((0, 2), (np.int64(85), 89)): {'bw': 9.0}, ((0, 2), (89, 54)): {'bw': 9.0}, ((0, 2), (54, np.int64(59))): {'bw': 9.0}}",106.0,88.0,88.0,37.0,51.0,37.0,51.0,37.0,69.0,18.0,0.8301886792452831,178024.19561910356,147793.6718347275,1394.2799229691273,Success,0.0,"{'node_level': {}, 'link_level': {}, 'path_level': {}}","{'node_level': {0: {'cpu': -56}, 2: {'cpu': -61}, 1: {'cpu': -80}}, 'link_level': {}, 'path_level': {}}","{'node_level': {0: {'cpu': 0}, 2: {'cpu': 0}, 1: {'cpu': 0}}, 'link_level': {}, 'path_level': {}}",[],0.0,0.0,True,True,False,0,[],0,0.0,3.0,2.0,"OrderedDict([((0, 1), 0), ((0, 2), 0)])",0.0,0.0
82,56,24,9303.0,15414.0,4976971.720279137,8281484.939082404,0.603542234332425,0.6009757618215978,46,126,0,1029.7753751417195,36114.0,6746,29368.0,0.1307821157067388,0.15785851518366645,9,913.7753751417193,116.0,8,16,False,{},{},{},{},0.0,0.0,0.0,0.0,0.0,0.0,0.0,0.0,0.0,0.0,0.0,0.0,0.0,0.0,Leave Event,0.0,"{'node_level': {}, 'link_level': {}, 'path_level': {}}","{'node_level': {}, 'link_level': {}, 'path_level': {}}","{'node_level': {}, 'link_level': {}, 'path_level': {}}",[],0.0,0.0,True,True,False,0,[],0,0.0,,,,,
83,56,24,9303.0,15414.0,4976971.720279137,8281484.939082404,0.603542234332425,0.6009757618215978,46,127,1,1036.0,36114.0,6746,29368.0,0.1307821157067388,0.15785851518366645,82,600.0069893807491,1036.0,9,22,False,"{2: np.int64(22), 7: np.int64(33), 8: np.int64(86), 0: np.int64(15), 5: np.int64(35), 6: np.int64(77), 1: np.int64(96)}",{},"{(2, np.int64(22)): {'cpu': 17}, (7, np.int64(33)): {'cpu': 16}, (8, np.int64(86)): {'cpu': 18}, (0, np.int64(15)): {'cpu': 11}, (5, np.int64(35)): {'cpu': 7}, (6, np.int64(77)): {'cpu': 6}, (1, np.int64(96)): {'cpu': 4}}",{},0.0,0.0,649.0,83.0,566.0,0.0,0.0,0.0,0.0,0.0,0.0,0.0,0.0,0.0,Place Failure,0.0,"{'node_level': {}, 'link_level': {}, 'path_level': {}}","{'node_level': {2: {'cpu': -50}, 7: {'cpu': -58}, 8: {'cpu': -22}, 0: {'cpu': -47}, 5: {'cpu': -82}, 6: {'cpu': -81}, 1: {'cpu': -76}}, 'link_level': {}, 'path_level': {}}","{'node_level': {2: {'cpu': 0}, 7: {'cpu': 0}, 8: {'cpu': 0}, 0: {'cpu': 0}, 5: {'cpu': 0}, 6: {'cpu': 0}, 1: {'cpu': 0}}, 'link_level': {}, 'path_level': {}}",[],0.0,0.0,False,True,False,0,[],0,0.0,7.0,0.0,,,
83,56,23,9303.0,15414.0,4976971.720279137,8281484.939082404,0.603542234332425,0.6009757618215978,46,128,0,1036.4114457682638,36179.0,6773,29406.0,0.12730318257956452,0.15676884695896542,22,768.4114457682638,268.0,3,2,False,{},{},{},{},0.0,0.0,0.0,0.0,0.0,0.0,0.0,0.0,0.0,0.0,0.0,0.0,0.0,0.0,Leave Event,0.0,"{'node_level': {}, 'link_level': {}, 'path_level': {}}","{'node_level': {}, 'link_level': {}, 'path_level': {}}","{'node_level': {}, 'link_level': {}, 'path_level': {}}",[],0.0,0.0,True,True,False,0,[],0,0.0,,,,,
84,56,23,9303.0,15414.0,4976971.720279137,8281484.939082404,0.603542234332425,0.6009757618215978,46,129,1,1046.0,36179.0,6773,29406.0,0.12730318257956452,0.15676884695896542,83,329.3700187399394,1046.0,10,18,False,"{9: np.int64(82), 6: np.int64(38), 3: np.int64(22), 8: np.int64(33), 7: np.int64(86), 2: np.int64(15), 1: np.int64(35), 5: np.int64(21), 4: np.int64(4), 0: np.int64(54)}","{(1, 8): [(np.int64(35), 38), (38, 88), (88, np.int64(33))], (5, 9): [(np.int64(21), 10), (10, np.int64(82))], (7, 9): [(np.int64(86), 7), (7, 38), (38, np.int64(82))], (8, 9): [(np.int64(33), 47), (47, np.int64(82))]}","{(9, np.int64(82)): {'cpu': 15}, (6, np.int64(38)): {'cpu': 20}, (3, np.int64(22)): {'cpu': 19}, (8, np.int64(33)): {'cpu': 8}, (7, np.int64(86)): {'cpu': 9}, (2, np.int64(15)): {'cpu': 13}, (1, np.int64(35)): {'cpu': 3}, (5, np.int64(21)): {'cpu': 7}, (4, np.int64(4)): {'cpu': 4}, (0, np.int64(54)): {'cpu': 8}}","{((1, 8), (np.int64(35), 38)): {'bw': 49.0}, ((1, 8), (38, 88)): {'bw': 49.0}, ((1, 8), (88, np.int64(33))): {'bw': 49.0}, ((5, 9), (np.int64(21), 10)): {'bw': 43.0}, ((5, 9), (10, np.int64(82))): {'bw': 43.0}, ((7, 9), (np.int64(86), 7)): {'bw': 45.0}, ((7, 9), (7, 38)): {'bw': 45.0}, ((7, 9), (38, np.int64(82))): {'bw': 45.0}, ((8, 9), (np.int64(33), 47)): {'bw': 44.0}, ((8, 9), (47, np.int64(82))): {'bw': 44.0}}",0.0,0.0,548.0,106.0,442.0,0.0,0.0,0.0,0.0,0.0,0.0,0.0,0.0,0.0,Route Failure,0.0,"{'node_level': {}, 'link_level': {}, 'path_level': {}}","{'node_level': {9: {'cpu': -54}, 6: {'cpu': -59}, 3: {'cpu': -48}, 8: {'cpu': -66}, 7: {'cpu': -31}, 2: {'cpu': -45}, 1: {'cpu': -86}, 5: {'cpu': -46}, 4: {'cpu': -32}, 0: {'cpu': -74}}, 'link_level': {}, 'path_level': {}}","{'node_level': {9: {'cpu': 0}, 6: {'cpu': 0}, 3: {'cpu': 0}, 8: {'cpu': 0}, 7: {'cpu': 0}, 2: {'cpu': 0}, 1: {'cpu': 0}, 5: {'cpu': 0}, 4: {'cpu': 0}, 0: {'cpu': 0}}, 'link_level': {}, 'path_level': {}}",[],0.0,0.0,True,False,False,0,[],0,0.0,10.0,4.0,"OrderedDict([((1, 8), 0), ((5, 9), 0), ((7, 9), 0), ((8, 9), 0)])",0.0,0.0
85,56,23,9303.0,15414.0,4976971.720279137,8281484.939082404,0.603542234332425,0.6009757618215978,46,130,1,1055.0,36179.0,6773,29406.0,0.12730318257956452,0.15676884695896542,84,169.1718285952152,1055.0,9,17,False,"{2: np.int64(82), 6: np.int64(38), 7: np.int64(22), 5: np.int64(33), 8: np.int64(26), 4: np.int64(86), 1: np.int64(15), 0: np.int64(35)}",{},"{(2, np.int64(82)): {'cpu': 18}, (6, np.int64(38)): {'cpu': 16}, (7, np.int64(22)): {'cpu': 12}, (5, np.int64(33)): {'cpu': 18}, (8, np.int64(26)): {'cpu': 8}, (4, np.int64(86)): {'cpu': 5}, (1, np.int64(15)): {'cpu': 6}, (0, np.int64(35)): {'cpu': 4}}",{},0.0,0.0,536.0,88.0,448.0,0.0,0.0,0.0,0.0,0.0,0.0,0.0,0.0,0.0,Place Failure,0.0,"{'node_level': {}, 'link_level': {}, 'path_level': {}}","{'node_level': {2: {'cpu': -51}, 6: {'cpu': -63}, 7: {'cpu': -55}, 5: {'cpu': -56}, 8: {'cpu': -68}, 4: {'cpu': -35}, 1: {'cpu': -52}, 0: {'cpu': -85}}, 'link_level': {}, 'path_level': {}}","{'node_level': {2: {'cpu': 0}, 6: {'cpu': 0}, 7: {'cpu': 0}, 5: {'cpu': 0}, 8: {'cpu': 0}, 4: {'cpu': 0}, 1: {'cpu': 0}, 0: {'cpu': 0}}, 'link_level': {}, 'path_level': {}}",[],0.0,0.0,False,True,False,0,[],0,0.0,8.0,0.0,,,
85,56,22,9303.0,15414.0,4976971.720279137,8281484.939082404,0.603542234332425,0.6009757618215978,46,131,0,1055.0920752815978,36210.0,6788,29422.0,0.12537044195335656,0.1563100392854071,52,389.0920752815979,666.0,2,1,False,{},{},{},{},0.0,0.0,0.0,0.0,0.0,0.0,0.0,0.0,0.0,0.0,0.0,0.0,0.0,0.0,Leave Event,0.0,"{'node_level': {}, 'link_level': {}, 'path_level': {}}","{'node_level': {}, 'link_level': {}, 'path_level': {}}","{'node_level': {}, 'link_level': {}, 'path_level': {}}",[],0.0,0.0,True,True,False,0,[],0,0.0,,,,,
86,57,23,9664.0,16025.0,5300768.692218745,8829518.041174095,0.6030577223088923,0.6003463232647612,47,132,1,1068.0,35599.0,6709,28890.0,0.13554954258471852,0.17156539443122187,85,896.9445206083341,1068.0,6,10,True,"{0: np.int64(82), 1: np.int64(21), 5: np.int64(38), 3: np.int64(22), 2: np.int64(86), 4: np.int64(33)}","{(1, 2): [(np.int64(21), 5), (5, np.int64(86))], (0, 1): [(np.int64(82), 10), (10, np.int64(21))], (2, 5): [(np.int64(86), 7), (7, np.int64(38))], (0, 5): [(np.int64(82), 38)], (3, 5): [(np.int64(22), 4), (4, np.int64(38))], (0, 2): [(np.int64(82), 63), (63, 22), (22, np.int64(86))], (1, 3): [(np.int64(21), 2), (2, np.int64(22))], (2, 3): [(np.int64(86), 22)], (2, 4): [(np.int64(86), 88), (88, np.int64(33))], (0, 3): [(np.int64(82), 63), (63, np.int64(22))]}","{(0, np.int64(82)): {'cpu': 20}, (1, np.int64(21)): {'cpu': 15}, (5, np.int64(38)): {'cpu': 10}, (3, np.int64(22)): {'cpu': 12}, (2, np.int64(86)): {'cpu': 6}, (4, np.int64(33)): {'cpu': 16}}","{((1, 2), (np.int64(21), 5)): {'bw': 47.0}, ((1, 2), (5, np.int64(86))): {'bw': 47.0}, ((0, 1), (np.int64(82), 10)): {'bw': 41.0}, ((0, 1), (10, np.int64(21))): {'bw': 41.0}, ((2, 5), (np.int64(86), 7)): {'bw': 44.0}, ((2, 5), (7, np.int64(38))): {'bw': 44.0}, ((0, 5), (np.int64(82), 38)): {'bw': 38.0}, ((3, 5), (np.int64(22), 4)): {'bw': 33.0}, ((3, 5), (4, np.int64(38))): {'bw': 33.0}, ((0, 2), (np.int64(82), 63)): {'bw': 22.0}, ((0, 2), (63, 22)): {'bw': 22.0}, ((0, 2), (22, np.int64(86))): {'bw': 22.0}, ((1, 3), (np.int64(21), 2)): {'bw': 17.0}, ((1, 3), (2, np.int64(22))): {'bw': 17.0}, ((2, 3), (np.int64(86), 22)): {'bw': 16.0}, ((2, 4), (np.int64(86), 88)): {'bw': 16.0}, ((2, 4), (88, np.int64(33))): {'bw': 16.0}, ((0, 3), (np.int64(82), 63)): {'bw': 8.0}, ((0, 3), (63, np.int64(22))): {'bw': 8.0}}",611.0,361.0,361.0,79.0,282.0,79.0,282.0,79.0,532.0,250.0,0.5908346972176759,548033.1020916922,323796.97193960863,529.9459442546785,Success,0.0,"{'node_level': {}, 'link_level': {}, 'path_level': {}}","{'node_level': {0: {'cpu': -49}, 1: {'cpu': -43}, 5: {'cpu': -69}, 3: {'cpu': -55}, 2: {'cpu': -34}, 4: {'cpu': -58}}, 'link_level': {}, 'path_level': {}}","{'node_level': {0: {'cpu': 0}, 1: {'cpu': 0}, 5: {'cpu': 0}, 3: {'cpu': 0}, 2: {'cpu': 0}, 4: {'cpu': 0}}, 'link_level': {}, 'path_level': {}}",[],0.0,0.0,True,True,False,0,[],0,0.0,6.0,10.0,"OrderedDict([((1, 2), 0), ((0, 1), 0), ((2, 5), 0), ((0, 5), 0), ((3, 5), 0), ((0, 2), 0), ((1, 3), 0), ((2, 3), 0), ((2, 4), 0), ((0, 3), 0)])",2.0,0.0
86,57,23,9664.0,16025.0,5300768.692218745,8829518.041174095,0.6030577223088923,0.6003463232647612,47,133,0,1068.5175982188248,35599.0,6709,28890.0,0.13554954258471852,0.17156539443122187,42,526.5175982188248,542.0,9,16,False,{},{},{},{},0.0,0.0,0.0,0.0,0.0,0.0,0.0,0.0,0.0,0.0,0.0,0.0,0.0,0.0,Leave Event,0.0,"{'node_level': {}, 'link_level': {}, 'path_level': {}}","{'node_level': {}, 'link_level': {}, 'path_level': {}}","{'node_level': {}, 'link_level': {}, 'path_level': {}}",[],0.0,0.0,True,True,False,0,[],0,0.0,,,,,
86,57,22,9664.0,16025.0,5300768.692218745,8829518.041174095,0.6030577223088923,0.6003463232647612,47,134,0,1072.4467908145914,35892.0,6757,29135.0,0.129364772580853,0.1645399019298598,67,222.44679081459145,850.0,6,6,False,{},{},{},{},0.0,0.0,0.0,0.0,0.0,0.0,0.0,0.0,0.0,0.0,0.0,0.0,0.0,0.0,Leave Event,0.0,"{'node_level': {}, 'link_level': {}, 'path_level': {}}","{'node_level': {}, 'link_level': {}, 'path_level': {}}","{'node_level': {}, 'link_level': {}, 'path_level': {}}",[],0.0,0.0,True,True,False,0,[],0,0.0,,,,,
86,57,22,9664.0,16025.0,5300768.692218745,8829518.041174095,0.6030577223088923,0.6003463232647612,47,135,0,1078.9067672351507,35892.0,6757,29135.0,0.129364772580853,0.1645399019298598,12,922.9067672351506,156.0,9,17,False,{},{},{},{},0.0,0.0,0.0,0.0,0.0,0.0,0.0,0.0,0.0,0.0,0.0,0.0,0.0,0.0,Leave Event,0.0,"{'node_level': {}, 'link_level': {}, 'path_level': {}}","{'node_level': {}, 'link_level': {}, 'path_level': {}}","{'node_level': {}, 'link_level': {}, 'path_level': {}}",[],0.0,0.0,True,True,False,0,[],0,0.0,,,,,
86,57,21,9664.0,16025.0,5300768.692218745,8829518.041174095,0.6030577223088923,0.6003463232647612,47,136,0,1079.30700279789,36734.0,6849,29885.0,0.11751063007344409,0.1430332922318126,70,188.3070027978899,891.0,8,17,False,{},{},{},{},0.0,0.0,0.0,0.0,0.0,0.0,0.0,0.0,0.0,0.0,0.0,0.0,0.0,0.0,Leave Event,0.0,"{'node_level': {}, 'link_level': {}, 'path_level': {}}","{'node_level': {}, 'link_level': {}, 'path_level': {}}","{'node_level': {}, 'link_level': {}, 'path_level': {}}",[],0.0,0.0,True,True,False,0,[],0,0.0,,,,,
87,58,22,9726.0,16112.0,5364539.672889357,8919003.126953825,0.6036494538232373,0.6014730117850681,47,137,1,1083.0,36647.0,6812,29835.0,0.1222780569514238,0.14446706621168237,86,1028.5642043647108,1083.0,2,1,True,"{1: np.int64(31), 0: np.int64(68)}","{(0, 1): [(np.int64(68), 12), (12, np.int64(31))]}","{(1, np.int64(31)): {'cpu': 20}, (0, np.int64(68)): {'cpu': 17}}","{((0, 1), (np.int64(68), 12)): {'bw': 25.0}, ((0, 1), (12, np.int64(31))): {'bw': 25.0}}",87.0,62.0,62.0,37.0,25.0,37.0,25.0,37.0,50.0,25.0,0.7126436781609196,89485.08577972984,63770.98067061207,732.9997778231273,Success,0.0,"{'node_level': {}, 'link_level': {}, 'path_level': {}}","{'node_level': {1: {'cpu': -39}, 0: {'cpu': -51}}, 'link_level': {}, 'path_level': {}}","{'node_level': {1: {'cpu': 0}, 0: {'cpu': 0}}, 'link_level': {}, 'path_level': {}}",[],0.0,0.0,True,True,False,0,[],0,0.0,2.0,1.0,"OrderedDict([((0, 1), 0)])",1.0,0.0
87,58,22,9726.0,16112.0,5364539.672889357,8919003.126953825,0.6036494538232373,0.6014730117850681,47,138,0,1094.6687024087387,36647.0,6812,29835.0,0.1222780569514238,0.14446706621168237,78,114.66870240873862,980.0,9,22,False,{},{},{},{},0.0,0.0,0.0,0.0,0.0,0.0,0.0,0.0,0.0,0.0,0.0,0.0,0.0,0.0,Leave Event,0.0,"{'node_level': {}, 'link_level': {}, 'path_level': {}}","{'node_level': {}, 'link_level': {}, 'path_level': {}}","{'node_level': {}, 'link_level': {}, 'path_level': {}}",[],0.0,0.0,True,True,False,0,[],0,0.0,,,,,
88,59,23,9736.0,16136.0,5365022.952068227,8920162.996983113,0.6033713435795737,0.6014489818047867,47,139,1,1095.0,36623.0,6809,29814.0,0.12266460507666532,0.14506925128322767,87,48.32791788699492,1095.0,2,1,True,"{0: np.int64(5), 1: np.int64(97)}","{(0, 1): [(np.int64(5), 55), (55, 50), (50, np.int64(97))]}","{(0, np.int64(5)): {'cpu': 2}, (1, np.int64(97)): {'cpu': 1}}","{((0, 1), (np.int64(5), 55)): {'bw': 7.0}, ((0, 1), (55, 50)): {'bw': 7.0}, ((0, 1), (50, np.int64(97))): {'bw': 7.0}}",24.0,10.0,10.0,3.0,7.0,3.0,7.0,3.0,21.0,14.0,0.4166666666666667,1159.870029287878,483.2791788699492,20.13663245291455,Success,0.0,"{'node_level': {}, 'link_level': {}, 'path_level': {}}","{'node_level': {0: {'cpu': -60}, 1: {'cpu': -80}}, 'link_level': {}, 'path_level': {}}","{'node_level': {0: {'cpu': 0}, 1: {'cpu': 0}}, 'link_level': {}, 'path_level': {}}",[],0.0,0.0,True,True,False,0,[],0,0.0,2.0,1.0,"OrderedDict([((0, 1), 0)])",0.0,0.0
88,59,22,9736.0,16136.0,5365022.952068227,8920162.996983113,0.6033713435795737,0.6014489818047867,47,140,0,1106.0970844122403,36681.0,6842,29839.0,0.11841257569900787,0.1443523642932928,45,528.0970844122402,578.0,3,2,False,{},{},{},{},0.0,0.0,0.0,0.0,0.0,0.0,0.0,0.0,0.0,0.0,0.0,0.0,0.0,0.0,Leave Event,0.0,"{'node_level': {}, 'link_level': {}, 'path_level': {}}","{'node_level': {}, 'link_level': {}, 'path_level': {}}","{'node_level': {}, 'link_level': {}, 'path_level': {}}",[],0.0,0.0,True,True,False,0,[],0,0.0,,,,,
89,60,23,10002.0,16548.0,5397379.432861892,8970279.04994172,0.6044234952864395,0.6016958227065364,47,141,1,1112.0,36269.0,6790,29479.0,0.12511274320319543,0.15467553694835545,88,121.64090523933967,1112.0,6,9,True,"{0: np.int64(5), 1: np.int64(97), 2: np.int64(7), 4: np.int64(15), 3: np.int64(85), 5: np.int64(52)}","{(1, 2): [(np.int64(97), 7)], (0, 1): [(np.int64(5), 49), (49, np.int64(97))], (2, 5): [(np.int64(7), 31), (31, np.int64(52))], (0, 2): [(np.int64(5), 31), (31, np.int64(7))], (4, 5): [(np.int64(15), 13), (13, np.int64(52))], (3, 4): [(np.int64(85), 15)], (0, 5): [(np.int64(5), 20), (20, np.int64(52))], (1, 5): [(np.int64(97), 13), (13, np.int64(52))], (0, 3): [(np.int64(5), 21), (21, np.int64(85))]}","{(0, np.int64(5)): {'cpu': 16}, (1, np.int64(97)): {'cpu': 9}, (2, np.int64(7)): {'cpu': 8}, (4, np.int64(15)): {'cpu': 11}, (3, np.int64(85)): {'cpu': 7}, (5, np.int64(52)): {'cpu': 1}}","{((1, 2), (np.int64(97), 7)): {'bw': 49.0}, ((0, 1), (np.int64(5), 49)): {'bw': 43.0}, ((0, 1), (49, np.int64(97))): {'bw': 43.0}, ((2, 5), (np.int64(7), 31)): {'bw': 32.0}, ((2, 5), (31, np.int64(52))): {'bw': 32.0}, ((0, 2), (np.int64(5), 31)): {'bw': 27.0}, ((0, 2), (31, np.int64(7))): {'bw': 27.0}, ((4, 5), (np.int64(15), 13)): {'bw': 20.0}, ((4, 5), (13, np.int64(52))): {'bw': 20.0}, ((3, 4), (np.int64(85), 15)): {'bw': 19.0}, ((0, 5), (np.int64(5), 20)): {'bw': 14.0}, ((0, 5), (20, np.int64(52))): {'bw': 14.0}, ((1, 5), (np.int64(97), 13)): {'bw': 5.0}, ((1, 5), (13, np.int64(52))): {'bw': 5.0}, ((0, 3), (np.int64(5), 21)): {'bw': 5.0}, ((0, 3), (21, np.int64(85))): {'bw': 5.0}}",412.0,266.0,266.0,52.0,214.0,52.0,214.0,52.0,360.0,146.0,0.6456310679611651,50116.05295860794,32356.480793664352,78.53514755743775,Success,0.0,"{'node_level': {}, 'link_level': {}, 'path_level': {}}","{'node_level': {0: {'cpu': -44}, 1: {'cpu': -71}, 2: {'cpu': -52}, 4: {'cpu': -56}, 3: {'cpu': -61}, 5: {'cpu': -67}}, 'link_level': {}, 'path_level': {}}","{'node_level': {0: {'cpu': 0}, 1: {'cpu': 0}, 2: {'cpu': 0}, 4: {'cpu': 0}, 3: {'cpu': 0}, 5: {'cpu': 0}}, 'link_level': {}, 'path_level': {}}",[],0.0,0.0,True,True,False,0,[],0,0.0,6.0,9.0,"OrderedDict([((1, 2), 0), ((0, 1), 0), ((2, 5), 0), ((0, 2), 0), ((4, 5), 0), ((3, 4), 0), ((0, 5), 0), ((1, 5), 0), ((0, 3), 0)])",0.0,0.0
90,60,23,10002.0,16548.0,5397379.432861892,8970279.04994172,0.6044234952864395,0.6016958227065364,47,142,1,1131.0,36269.0,6790,29479.0,0.12511274320319543,0.15467553694835545,89,891.1851145849794,1131.0,5,6,False,{4: np.int64(69)},{},"{(4, np.int64(69)): {'cpu': 19}}",{},0.0,0.0,226.0,47.0,179.0,0.0,0.0,0.0,0.0,0.0,0.0,0.0,0.0,0.0,Place Failure,0.0,"{'node_level': {}, 'link_level': {}, 'path_level': {}}","{'node_level': {4: {'cpu': -29}}, 'link_level': {}, 'path_level': {}}","{'node_level': {4: {'cpu': 0}}, 'link_level': {}, 'path_level': {}}",[],0.0,0.0,False,True,False,0,[],0,0.0,1.0,0.0,,,
90,60,22,10002.0,16548.0,5397379.432861892,8970279.04994172,0.6044234952864395,0.6016958227065364,47,143,0,1132.593774450902,36323.0,6806,29517.0,0.12305115320190696,0.15358586872365443,79,137.5937744509019,995.0,2,1,False,{},{},{},{},0.0,0.0,0.0,0.0,0.0,0.0,0.0,0.0,0.0,0.0,0.0,0.0,0.0,0.0,Leave Event,0.0,"{'node_level': {}, 'link_level': {}, 'path_level': {}}","{'node_level': {}, 'link_level': {}, 'path_level': {}}","{'node_level': {}, 'link_level': {}, 'path_level': {}}",[],0.0,0.0,True,True,False,0,[],0,0.0,,,,,
90,60,22,10002.0,16548.0,5397379.432861892,8970279.04994172,0.6044234952864395,0.6016958227065364,47,144,0,1138.684839165071,36323.0,6806,29517.0,0.12305115320190696,0.15358586872365443,29,774.684839165071,364.0,6,9,False,{},{},{},{},0.0,0.0,0.0,0.0,0.0,0.0,0.0,0.0,0.0,0.0,0.0,0.0,0.0,0.0,Leave Event,0.0,"{'node_level': {}, 'link_level': {}, 'path_level': {}}","{'node_level': {}, 'link_level': {}, 'path_level': {}}","{'node_level': {}, 'link_level': {}, 'path_level': {}}",[],0.0,0.0,True,True,False,0,[],0,0.0,,,,,
91,61,23,10036.0,16582.0,5429439.326261693,9002338.943341522,0.6052345917259679,0.6031142973435272,47,145,1,1141.0,36289.0,6800,29489.0,0.12382424945239012,0.1543887821523815,90,942.9380411706272,1141.0,2,1,True,"{1: np.int64(9), 0: np.int64(54)}","{(0, 1): [(np.int64(54), 9)]}","{(1, np.int64(9)): {'cpu': 4}, (0, np.int64(54)): {'cpu': 2}}","{((0, 1), (np.int64(54), 9)): {'bw': 28.0}}",34.0,34.0,34.0,6.0,28.0,6.0,28.0,6.0,28.0,0.0,1.0,32059.893399801327,32059.893399801327,942.9380411706272,Success,0.0,"{'node_level': {}, 'link_level': {}, 'path_level': {}}","{'node_level': {1: {'cpu': -70}, 0: {'cpu': -81}}, 'link_level': {}, 'path_level': {}}","{'node_level': {1: {'cpu': 0}, 0: {'cpu': 0}}, 'link_level': {}, 'path_level': {}}",[],0.0,0.0,True,True,False,0,[],0,0.0,2.0,1.0,"OrderedDict([((0, 1), 0)])",0.0,0.0
91,61,22,10036.0,16582.0,5429439.326261693,9002338.943341522,0.6052345917259679,0.6031142973435272,47,146,0,1143.327917886995,36313.0,6803,29510.0,0.1234377013271486,0.1537865970808362,87,48.32791788699492,1095.0,2,1,False,{},{},{},{},0.0,0.0,0.0,0.0,0.0,0.0,0.0,0.0,0.0,0.0,0.0,0.0,0.0,0.0,Leave Event,0.0,"{'node_level': {}, 'link_level': {}, 'path_level': {}}","{'node_level': {}, 'link_level': {}, 'path_level': {}}","{'node_level': {}, 'link_level': {}, 'path_level': {}}",[],0.0,0.0,True,True,False,0,[],0,0.0,,,,,
92,61,22,10036.0,16582.0,5429439.326261693,9002338.943341522,0.6052345917259679,0.6031142973435272,47,147,1,1155.0,36313.0,6803,29510.0,0.1234377013271486,0.1537865970808362,91,188.91499891815582,1155.0,10,19,False,"{4: np.int64(69), 8: np.int64(9), 2: np.int64(35), 1: np.int64(50), 7: np.int64(60), 0: np.int64(54), 6: np.int64(97), 5: np.int64(38), 9: np.int64(4), 3: np.int64(85)}","{(4, 8): [(np.int64(69), 72), (72, np.int64(9))], (2, 8): [(np.int64(35), 38), (38, 64), (64, np.int64(9))], (0, 2): [(np.int64(54), 35)], (2, 7): [(np.int64(35), 66), (66, np.int64(60))], (1, 5): [(np.int64(50), 45), (45, 7), (7, np.int64(38))], (0, 4): [(np.int64(54), 69)], (3, 4): [(np.int64(85), 50), (50, 23), (23, np.int64(69))], (4, 6): [(np.int64(69), 97)], (3, 6): [(np.int64(85), 13), (13, np.int64(97))]}","{(4, np.int64(69)): {'cpu': 17}, (8, np.int64(9)): {'cpu': 20}, (2, np.int64(35)): {'cpu': 9}, (1, np.int64(50)): {'cpu': 13}, (7, np.int64(60)): {'cpu': 13}, (0, np.int64(54)): {'cpu': 6}, (6, np.int64(97)): {'cpu': 6}, (5, np.int64(38)): {'cpu': 9}, (9, np.int64(4)): {'cpu': 10}, (3, np.int64(85)): {'cpu': 4}}","{((4, 8), (np.int64(69), 72)): {'bw': 50.0}, ((4, 8), (72, np.int64(9))): {'bw': 50.0}, ((2, 8), (np.int64(35), 38)): {'bw': 49.0}, ((2, 8), (38, 64)): {'bw': 49.0}, ((2, 8), (64, np.int64(9))): {'bw': 49.0}, ((0, 2), (np.int64(54), 35)): {'bw': 46.0}, ((2, 7), (np.int64(35), 66)): {'bw': 44.0}, ((2, 7), (66, np.int64(60))): {'bw': 44.0}, ((1, 5), (np.int64(50), 45)): {'bw': 42.0}, ((1, 5), (45, 7)): {'bw': 42.0}, ((1, 5), (7, np.int64(38))): {'bw': 42.0}, ((0, 4), (np.int64(54), 69)): {'bw': 37.0}, ((3, 4), (np.int64(85), 50)): {'bw': 30.0}, ((3, 4), (50, 23)): {'bw': 30.0}, ((3, 4), (23, np.int64(69))): {'bw': 30.0}, ((4, 6), (np.int64(69), 97)): {'bw': 29.0}, ((3, 6), (np.int64(85), 13)): {'bw': 27.0}, ((3, 6), (13, np.int64(97))): {'bw': 27.0}}",0.0,0.0,614.0,107.0,507.0,0.0,0.0,0.0,0.0,0.0,0.0,0.0,0.0,0.0,Route Failure,0.0,"{'node_level': {}, 'link_level': {}, 'path_level': {}}","{'node_level': {4: {'cpu': -31}, 8: {'cpu': -50}, 2: {'cpu': -84}, 1: {'cpu': -24}, 7: {'cpu': -44}, 0: {'cpu': -75}, 6: {'cpu': -66}, 5: {'cpu': -75}, 9: {'cpu': -26}, 3: {'cpu': -57}}, 'link_level': {}, 'path_level': {}}","{'node_level': {4: {'cpu': 0}, 8: {'cpu': 0}, 2: {'cpu': 0}, 1: {'cpu': 0}, 7: {'cpu': 0}, 0: {'cpu': 0}, 6: {'cpu': 0}, 5: {'cpu': 0}, 9: {'cpu': 0}, 3: {'cpu': 0}}, 'link_level': {}, 'path_level': {}}",[],0.0,0.0,True,False,False,0,[],0,0.0,10.0,9.0,"OrderedDict([((4, 8), 0), ((2, 8), 0), ((0, 2), 0), ((2, 7), 0), ((1, 5), 0), ((0, 4), 0), ((3, 4), 0), ((4, 6), 0), ((3, 6), 0)])",0.0,0.0
93,62,23,10161.0,16795.0,5449909.627511025,9037220.336670384,0.6050014885382554,0.6030515384688468,47,148,1,1166.0,36100.0,6750,29350.0,0.13026671820641667,0.15837467381641956,92,163.76240999465827,1166.0,4,3,True,"{1: np.int64(69), 2: np.int64(9), 3: np.int64(35), 0: np.int64(60)}","{(1, 2): [(np.int64(69), 72), (72, np.int64(9))], (2, 3): [(np.int64(9), 64), (64, 38), (38, np.int64(35))], (0, 3): [(np.int64(60), 38), (38, np.int64(35))]}","{(1, np.int64(69)): {'cpu': 20}, (2, np.int64(9)): {'cpu': 7}, (3, np.int64(35)): {'cpu': 11}, (0, np.int64(60)): {'cpu': 15}}","{((1, 2), (np.int64(69), 72)): {'bw': 45.0}, ((1, 2), (72, np.int64(9))): {'bw': 45.0}, ((2, 3), (np.int64(9), 64)): {'bw': 16.0}, ((2, 3), (64, 38)): {'bw': 16.0}, ((2, 3), (38, np.int64(35))): {'bw': 16.0}, ((0, 3), (np.int64(60), 38)): {'bw': 11.0}, ((0, 3), (38, np.int64(35))): {'bw': 11.0}}",213.0,125.0,125.0,53.0,72.0,53.0,72.0,53.0,160.0,88.0,0.5868544600938967,34881.393328862214,20470.301249332282,96.10470070109054,Success,0.0,"{'node_level': {}, 'link_level': {}, 'path_level': {}}","{'node_level': {1: {'cpu': -28}, 2: {'cpu': -63}, 3: {'cpu': -82}, 0: {'cpu': -42}}, 'link_level': {}, 'path_level': {}}","{'node_level': {1: {'cpu': 0}, 2: {'cpu': 0}, 3: {'cpu': 0}, 0: {'cpu': 0}}, 'link_level': {}, 'path_level': {}}",[],0.0,0.0,True,True,False,0,[],0,0.0,4.0,3.0,"OrderedDict([((1, 2), 0), ((2, 3), 0), ((0, 3), 0)])",0.0,0.0
94,62,23,10161.0,16795.0,5449909.627511025,9037220.336670384,0.6050014885382554,0.6030515384688468,47,149,1,1172.0,36100.0,6750,29350.0,0.13026671820641667,0.15837467381641956,93,281.77490228684775,1172.0,9,11,False,"{5: np.int64(50), 0: np.int64(54), 3: np.int64(59), 1: np.int64(85), 4: np.int64(68), 2: np.int64(51), 7: np.int64(52), 6: np.int64(97), 8: np.int64(76)}","{(0, 5): [(np.int64(54), 89), (89, 85), (85, np.int64(50))], (3, 7): [(np.int64(59), 45), (45, 31), (31, np.int64(52))], (0, 4): [(np.int64(54), 68)]}","{(5, np.int64(50)): {'cpu': 20}, (0, np.int64(54)): {'cpu': 14}, (3, np.int64(59)): {'cpu': 16}, (1, np.int64(85)): {'cpu': 19}, (4, np.int64(68)): {'cpu': 10}, (2, np.int64(51)): {'cpu': 11}, (7, np.int64(52)): {'cpu': 14}, (6, np.int64(97)): {'cpu': 16}, (8, np.int64(76)): {'cpu': 20}}","{((0, 5), (np.int64(54), 89)): {'bw': 50.0}, ((0, 5), (89, 85)): {'bw': 50.0}, ((0, 5), (85, np.int64(50))): {'bw': 50.0}, ((3, 7), (np.int64(59), 45)): {'bw': 39.0}, ((3, 7), (45, 31)): {'bw': 39.0}, ((3, 7), (31, np.int64(52))): {'bw': 39.0}, ((0, 4), (np.int64(54), 68)): {'bw': 34.0}}",0.0,0.0,406.0,140.0,266.0,0.0,0.0,0.0,0.0,0.0,0.0,0.0,0.0,0.0,Route Failure,0.0,"{'node_level': {}, 'link_level': {}, 'path_level': {}}","{'node_level': {5: {'cpu': -17}, 0: {'cpu': -67}, 3: {'cpu': -58}, 1: {'cpu': -42}, 4: {'cpu': -41}, 2: {'cpu': -46}, 7: {'cpu': -53}, 6: {'cpu': -56}, 8: {'cpu': -63}}, 'link_level': {}, 'path_level': {}}","{'node_level': {5: {'cpu': 0}, 0: {'cpu': 0}, 3: {'cpu': 0}, 1: {'cpu': 0}, 4: {'cpu': 0}, 2: {'cpu': 0}, 7: {'cpu': 0}, 6: {'cpu': 0}, 8: {'cpu': 0}}, 'link_level': {}, 'path_level': {}}",[],0.0,0.0,True,False,False,0,[],0,0.0,9.0,3.0,"OrderedDict([((0, 5), 0), ((3, 7), 0), ((0, 4), 0)])",0.0,0.0
94,62,22,10161.0,16795.0,5449909.627511025,9037220.336670384,0.6050014885382554,0.6030515384688468,47,150,0,1175.0040245228229,36200.0,6769,29431.0,0.12781858007988667,0.15605195996903043,71,272.00402452282293,903.0,2,1,False,{},{},{},{},0.0,0.0,0.0,0.0,0.0,0.0,0.0,0.0,0.0,0.0,0.0,0.0,0.0,0.0,Leave Event,0.0,"{'node_level': {}, 'link_level': {}, 'path_level': {}}","{'node_level': {}, 'link_level': {}, 'path_level': {}}","{'node_level': {}, 'link_level': {}, 'path_level': {}}",[],0.0,0.0,True,True,False,0,[],0,0.0,,,,,
95,63,23,10268.0,16917.0,5491389.582022037,9084515.238075463,0.6069634095879884,0.6044779977919194,47,151,1,1180.0,36078.0,6736,29342.0,0.13207060945754412,0.15860407765319873,94,387.66312627113876,1180.0,4,3,True,"{2: np.int64(45), 3: np.int64(59), 1: np.int64(50), 0: np.int64(54)}","{(2, 3): [(np.int64(45), 59)], (0, 3): [(np.int64(54), 59)], (0, 1): [(np.int64(54), 76), (76, np.int64(50))]}","{(2, np.int64(45)): {'cpu': 10}, (3, np.int64(59)): {'cpu': 5}, (1, np.int64(50)): {'cpu': 17}, (0, np.int64(54)): {'cpu': 1}}","{((2, 3), (np.int64(45), 59)): {'bw': 39.0}, ((0, 3), (np.int64(54), 59)): {'bw': 20.0}, ((0, 1), (np.int64(54), 76)): {'bw': 15.0}, ((0, 1), (76, np.int64(50))): {'bw': 15.0}}",122.0,107.0,107.0,33.0,74.0,33.0,74.0,33.0,89.0,15.0,0.8770491803278688,47294.90140507893,41479.95451101185,339.9996271394414,Success,0.0,"{'node_level': {}, 'link_level': {}, 'path_level': {}}","{'node_level': {2: {'cpu': -54}, 3: {'cpu': -69}, 1: {'cpu': -20}, 0: {'cpu': -80}}, 'link_level': {}, 'path_level': {}}","{'node_level': {2: {'cpu': 0}, 3: {'cpu': 0}, 1: {'cpu': 0}, 0: {'cpu': 0}}, 'link_level': {}, 'path_level': {}}",[],0.0,0.0,True,True,False,0,[],0,0.0,4.0,3.0,"OrderedDict([((2, 3), 0), ((0, 3), 0), ((0, 1), 0)])",0.0,0.0
95,63,23,10268.0,16917.0,5491389.582022037,9084515.238075463,0.6069634095879884,0.6044779977919194,47,152,0,1188.9797235993424,36078.0,6736,29342.0,0.13207060945754412,0.15860407765319873,41,655.9797235993424,533.0,10,27,False,{},{},{},{},0.0,0.0,0.0,0.0,0.0,0.0,0.0,0.0,0.0,0.0,0.0,0.0,0.0,0.0,Leave Event,0.0,"{'node_level': {}, 'link_level': {}, 'path_level': {}}","{'node_level': {}, 'link_level': {}, 'path_level': {}}","{'node_level': {}, 'link_level': {}, 'path_level': {}}",[],0.0,0.0,True,True,False,0,[],0,0.0,,,,,
95,63,23,10268.0,16917.0,5491389.582022037,9084515.238075463,0.6069634095879884,0.6044779977919194,47,153,0,1199.1980160529633,36078.0,6736,29342.0,0.13207060945754412,0.15860407765319873,77,229.19801605296342,970.0,10,22,False,{},{},{},{},0.0,0.0,0.0,0.0,0.0,0.0,0.0,0.0,0.0,0.0,0.0,0.0,0.0,0.0,Leave Event,0.0,"{'node_level': {}, 'link_level': {}, 'path_level': {}}","{'node_level': {}, 'link_level': {}, 'path_level': {}}","{'node_level': {}, 'link_level': {}, 'path_level': {}}",[],0.0,0.0,True,True,False,0,[],0,0.0,,,,,
96,64,24,10317.0,17023.0,5493850.52975942,9089838.920935923,0.6060623861833989,0.6043947068309273,47,154,1,1201.0,35972.0,6721,29251.0,0.13400335008375208,0.16121354629656182,95,50.22342321188576,1201.0,3,2,True,"{0: np.int64(85), 1: np.int64(68), 2: np.int64(52)}","{(0, 1): [(np.int64(85), 50), (50, 23), (23, np.int64(68))], (1, 2): [(np.int64(68), 54), (54, np.int64(52))]}","{(0, np.int64(85)): {'cpu': 10}, (1, np.int64(68)): {'cpu': 4}, (2, np.int64(52)): {'cpu': 1}}","{((0, 1), (np.int64(85), 50)): {'bw': 23.0}, ((0, 1), (50, 23)): {'bw': 23.0}, ((0, 1), (23, np.int64(68))): {'bw': 23.0}, ((1, 2), (np.int64(68), 54)): {'bw': 11.0}, ((1, 2), (54, np.int64(52))): {'bw': 11.0}}",106.0,49.0,49.0,15.0,34.0,15.0,34.0,15.0,91.0,57.0,0.46226415094339623,5323.68286045989,2460.947737382402,23.216488088513227,Success,0.0,"{'node_level': {}, 'link_level': {}, 'path_level': {}}","{'node_level': {0: {'cpu': -51}, 1: {'cpu': -47}, 2: {'cpu': -66}}, 'link_level': {}, 'path_level': {}}","{'node_level': {0: {'cpu': 0}, 1: {'cpu': 0}, 2: {'cpu': 0}}, 'link_level': {}, 'path_level': {}}",[],0.0,0.0,True,True,False,0,[],0,0.0,3.0,2.0,"OrderedDict([((0, 1), 0), ((1, 2), 0)])",0.0,0.0
97,65,25,10513.0,17419.0,5671570.217075321,9448905.227961926,0.603536368333429,0.6002356971780789,48,155,1,1212.0,35576.0,6675,28901.0,0.13993042133745648,0.17124996415565052,96,906.733098550513,1212.0,5,6,True,"{4: np.int64(1), 0: np.int64(80), 3: np.int64(77), 1: np.int64(78), 2: np.int64(15)}","{(3, 4): [(np.int64(77), 88), (88, 68), (68, np.int64(1))], (0, 2): [(np.int64(80), 96), (96, np.int64(15))], (1, 2): [(np.int64(78), 73), (73, np.int64(15))], (2, 4): [(np.int64(15), 8), (8, np.int64(1))], (0, 1): [(np.int64(80), 70), (70, 91), (91, np.int64(78))], (1, 4): [(np.int64(78), 1)]}","{(4, np.int64(1)): {'cpu': 13}, (0, np.int64(80)): {'cpu': 16}, (3, np.int64(77)): {'cpu': 11}, (1, np.int64(78)): {'cpu': 5}, (2, np.int64(15)): {'cpu': 1}}","{((3, 4), (np.int64(77), 88)): {'bw': 44.0}, ((3, 4), (88, 68)): {'bw': 44.0}, ((3, 4), (68, np.int64(1))): {'bw': 44.0}, ((0, 2), (np.int64(80), 96)): {'bw': 34.0}, ((0, 2), (96, np.int64(15))): {'bw': 34.0}, ((1, 2), (np.int64(78), 73)): {'bw': 32.0}, ((1, 2), (73, np.int64(15))): {'bw': 32.0}, ((2, 4), (np.int64(15), 8)): {'bw': 22.0}, ((2, 4), (8, np.int64(1))): {'bw': 22.0}, ((0, 1), (np.int64(80), 70)): {'bw': 12.0}, ((0, 1), (70, 91)): {'bw': 12.0}, ((0, 1), (91, np.int64(78))): {'bw': 12.0}, ((1, 4), (np.int64(78), 1)): {'bw': 6.0}}",396.0,196.0,196.0,46.0,150.0,46.0,150.0,46.0,350.0,200.0,0.494949494949495,359066.30702600314,177719.68731590055,448.78708918156707,Success,0.0,"{'node_level': {}, 'link_level': {}, 'path_level': {}}","{'node_level': {4: {'cpu': -61}, 0: {'cpu': -47}, 3: {'cpu': -76}, 1: {'cpu': -75}, 2: {'cpu': -55}}, 'link_level': {}, 'path_level': {}}","{'node_level': {4: {'cpu': 0}, 0: {'cpu': 0}, 3: {'cpu': 0}, 1: {'cpu': 0}, 2: {'cpu': 0}}, 'link_level': {}, 'path_level': {}}",[],0.0,0.0,True,True,False,0,[],0,0.0,5.0,6.0,"OrderedDict([((3, 4), 0), ((0, 2), 0), ((1, 2), 0), ((2, 4), 0), ((0, 1), 0), ((1, 4), 0)])",2.0,0.0
98,66,26,10635.0,17656.0,5718244.236815506,9539575.249916218,0.6023448119619392,0.5994233586936406,49,156,1,1217.0,35339.0,6634,28705.0,0.14521324571575833,0.17687035815674013,97,382.57393229659357,1217.0,4,3,True,"{0: np.int64(52), 1: np.int64(45), 2: np.int64(9), 3: np.int64(74)}","{(0, 3): [(np.int64(52), 20), (20, np.int64(74))], (1, 3): [(np.int64(45), 70), (70, 17), (17, 94), (94, np.int64(74))], (0, 2): [(np.int64(52), 9)]}","{(0, np.int64(52)): {'cpu': 10}, (1, np.int64(45)): {'cpu': 18}, (2, np.int64(9)): {'cpu': 12}, (3, np.int64(74)): {'cpu': 1}}","{((0, 3), (np.int64(52), 20)): {'bw': 46.0}, ((0, 3), (20, np.int64(74))): {'bw': 46.0}, ((1, 3), (np.int64(45), 70)): {'bw': 23.0}, ((1, 3), (70, 17)): {'bw': 23.0}, ((1, 3), (17, 94)): {'bw': 23.0}, ((1, 3), (94, np.int64(74))): {'bw': 23.0}, ((0, 2), (np.int64(52), 9)): {'bw': 12.0}}",237.0,122.0,122.0,41.0,81.0,41.0,81.0,41.0,196.0,115.0,0.5147679324894515,90670.02195429268,46674.01974018441,196.93679215267687,Success,0.0,"{'node_level': {}, 'link_level': {}, 'path_level': {}}","{'node_level': {0: {'cpu': -56}, 1: {'cpu': -36}, 2: {'cpu': -51}, 3: {'cpu': -79}}, 'link_level': {}, 'path_level': {}}","{'node_level': {0: {'cpu': 0}, 1: {'cpu': 0}, 2: {'cpu': 0}, 3: {'cpu': 0}}, 'link_level': {}, 'path_level': {}}",[],0.0,0.0,True,True,False,0,[],0,0.0,4.0,3.0,"OrderedDict([((0, 3), 0), ((1, 3), 0), ((0, 2), 0)])",0.0,0.0
98,66,26,10635.0,17656.0,5718244.236815506,9539575.249916218,0.6023448119619392,0.5994233586936406,49,157,0,1224.1718285952152,35339.0,6634,28705.0,0.14521324571575833,0.17687035815674013,84,169.1718285952152,1055.0,9,17,False,{},{},{},{},0.0,0.0,0.0,0.0,0.0,0.0,0.0,0.0,0.0,0.0,0.0,0.0,0.0,0.0,Leave Event,0.0,"{'node_level': {}, 'link_level': {}, 'path_level': {}}","{'node_level': {}, 'link_level': {}, 'path_level': {}}","{'node_level': {}, 'link_level': {}, 'path_level': {}}",[],0.0,0.0,True,True,False,0,[],0,0.0,,,,,
99,66,26,10635.0,17656.0,5718244.236815506,9539575.249916218,0.6023448119619392,0.5994233586936406,49,158,1,1232.0,35339.0,6634,28705.0,0.14521324571575833,0.17687035815674013,98,745.7559213725051,1232.0,6,6,False,"{4: np.int64(53), 5: np.int64(76), 0: np.int64(54), 2: np.int64(32)}",{},"{(4, np.int64(53)): {'cpu': 20}, (5, np.int64(76)): {'cpu': 5}, (0, np.int64(54)): {'cpu': 12}, (2, np.int64(32)): {'cpu': 8}}",{},0.0,0.0,184.0,67.0,117.0,0.0,0.0,0.0,0.0,0.0,0.0,0.0,0.0,0.0,Place Failure,0.0,"{'node_level': {}, 'link_level': {}, 'path_level': {}}","{'node_level': {4: {'cpu': -59}, 5: {'cpu': -78}, 0: {'cpu': -68}, 2: {'cpu': -71}}, 'link_level': {}, 'path_level': {}}","{'node_level': {4: {'cpu': 0}, 5: {'cpu': 0}, 0: {'cpu': 0}, 2: {'cpu': 0}}, 'link_level': {}, 'path_level': {}}",[],0.0,0.0,False,True,False,0,[],0,0.0,4.0,0.0,,,
99,66,25,10635.0,17656.0,5718244.236815506,9539575.249916218,0.6023448119619392,0.5994233586936406,49,159,0,1233.6409052393396,35751.0,6686,29065.0,0.13851307821157066,0.16654718550167746,88,121.64090523933967,1112.0,6,9,False,{},{},{},{},0.0,0.0,0.0,0.0,0.0,0.0,0.0,0.0,0.0,0.0,0.0,0.0,0.0,0.0,Leave Event,0.0,"{'node_level': {}, 'link_level': {}, 'path_level': {}}","{'node_level': {}, 'link_level': {}, 'path_level': {}}","{'node_level': {}, 'link_level': {}, 'path_level': {}}",[],0.0,0.0,True,True,False,0,[],0,0.0,,,,,
100,67,26,10728.0,17807.0,5730448.227543911,9559390.331636531,0.602459706856854,0.5994574997716282,49,160,1,1243.0,35600.0,6646,28954.0,0.1436670532147919,0.16973016373698846,99,131.2257067570419,1243.0,3,2,True,"{1: np.int64(5), 2: np.int64(97), 0: np.int64(69)}","{(0, 1): [(np.int64(69), 7), (7, 31), (31, np.int64(5))], (0, 2): [(np.int64(69), 97)]}","{(1, np.int64(5)): {'cpu': 18}, (2, np.int64(97)): {'cpu': 17}, (0, np.int64(69)): {'cpu': 5}}","{((0, 1), (np.int64(69), 7)): {'bw': 29.0}, ((0, 1), (7, 31)): {'bw': 29.0}, ((0, 1), (31, np.int64(5))): {'bw': 29.0}, ((0, 2), (np.int64(69), 97)): {'bw': 24.0}}",151.0,93.0,93.0,40.0,53.0,40.0,53.0,40.0,111.0,58.0,0.6158940397350994,19815.081720313327,12203.990728404897,80.82113065168807,Success,0.0,"{'node_level': {}, 'link_level': {}, 'path_level': {}}","{'node_level': {1: {'cpu': -44}, 2: {'cpu': -64}, 0: {'cpu': -23}}, 'link_level': {}, 'path_level': {}}","{'node_level': {1: {'cpu': 0}, 2: {'cpu': 0}, 0: {'cpu': 0}}, 'link_level': {}, 'path_level': {}}",[],0.0,0.0,True,True,False,0,[],0,0.0,3.0,2.0,"OrderedDict([((0, 1), 0), ((0, 2), 0)])",1.0,0.0
100,67,26,10728.0,17807.0,5730448.227543911,9559390.331636531,0.602459706856854,0.5994574997716282,49,161,0,1246.8085797489205,35600.0,6646,28954.0,0.1436670532147919,0.16973016373698846,24,951.8085797489205,295.0,9,22,False,{},{},{},{},0.0,0.0,0.0,0.0,0.0,0.0,0.0,0.0,0.0,0.0,0.0,0.0,0.0,0.0,Leave Event,0.0,"{'node_level': {}, 'link_level': {}, 'path_level': {}}","{'node_level': {}, 'link_level': {}, 'path_level': {}}","{'node_level': {}, 'link_level': {}, 'path_level': {}}",[],0.0,0.0,True,True,False,0,[],0,0.0,,,,,
100,67,25,10728.0,17807.0,5730448.227543911,9559390.331636531,0.602459706856854,0.5994574997716282,49,162,0,1251.2234232118858,35706.0,6661,29045.0,0.14173431258858393,0.16712069509362548,95,50.22342321188576,1201.0,3,2,False,{},{},{},{},0.0,0.0,0.0,0.0,0.0,0.0,0.0,0.0,0.0,0.0,0.0,0.0,0.0,0.0,Leave Event,0.0,"{'node_level': {}, 'link_level': {}, 'path_level': {}}","{'node_level': {}, 'link_level': {}, 'path_level': {}}","{'node_level': {}, 'link_level': {}, 'path_level': {}}",[],0.0,0.0,True,True,False,0,[],0,0.0,,,,,
100,67,24,10728.0,17807.0,5730448.227543911,9559390.331636531,0.602459706856854,0.5994574997716282,49,163,0,1310.7912426370249,35791.0,6686,29105.0,0.13851307821157066,0.16540016631778165,56,588.791242637025,722.0,4,3,False,{},{},{},{},0.0,0.0,0.0,0.0,0.0,0.0,0.0,0.0,0.0,0.0,0.0,0.0,0.0,0.0,Leave Event,0.0,"{'node_level': {}, 'link_level': {}, 'path_level': {}}","{'node_level': {}, 'link_level': {}, 'path_level': {}}","{'node_level': {}, 'link_level': {}, 'path_level': {}}",[],0.0,0.0,True,True,False,0,[],0,0.0,,,,,
100,67,23,10728.0,17807.0,5730448.227543911,9559390.331636531,0.602459706856854,0.5994574997716282,49,164,0,1329.7624099946584,36004.0,6739,29265.0,0.1316840613323026,0.16081208958219828,92,163.76240999465827,1166.0,4,3,False,{},{},{},{},0.0,0.0,0.0,0.0,0.0,0.0,0.0,0.0,0.0,0.0,0.0,0.0,0.0,0.0,Leave Event,0.0,"{'node_level': {}, 'link_level': {}, 'path_level': {}}","{'node_level': {}, 'link_level': {}, 'path_level': {}}","{'node_level': {}, 'link_level': {}, 'path_level': {}}",[],0.0,0.0,True,True,False,0,[],0,0.0,,,,,
100,67,23,10728.0,17807.0,5730448.227543911,9559390.331636531,0.602459706856854,0.5994574997716282,49,165,0,1343.9149989181558,36004.0,6739,29265.0,0.1316840613323026,0.16081208958219828,91,188.91499891815582,1155.0,10,19,False,{},{},{},{},0.0,0.0,0.0,0.0,0.0,0.0,0.0,0.0,0.0,0.0,0.0,0.0,0.0,0.0,Leave Event,0.0,"{'node_level': {}, 'link_level': {}, 'path_level': {}}","{'node_level': {}, 'link_level': {}, 'path_level': {}}","{'node_level': {}, 'link_level': {}, 'path_level': {}}",[],0.0,0.0,True,True,False,0,[],0,0.0,,,,,
100,67,22,10728.0,17807.0,5730448.227543911,9559390.331636531,0.602459706856854,0.5994574997716282,49,166,0,1374.225706757042,36155.0,6779,29376.0,0.12653008632908136,0.15762911134688729,99,131.2257067570419,1243.0,3,2,False,{},{},{},{},0.0,0.0,0.0,0.0,0.0,0.0,0.0,0.0,0.0,0.0,0.0,0.0,0.0,0.0,Leave Event,0.0,"{'node_level': {}, 'link_level': {}, 'path_level': {}}","{'node_level': {}, 'link_level': {}, 'path_level': {}}","{'node_level': {}, 'link_level': {}, 'path_level': {}}",[],0.0,0.0,True,True,False,0,[],0,0.0,,,,,
100,67,22,10728.0,17807.0,5730448.227543911,9559390.331636531,0.602459706856854,0.5994574997716282,49,167,0,1375.3700187399395,36155.0,6779,29376.0,0.12653008632908136,0.15762911134688729,83,329.3700187399394,1046.0,10,18,False,{},{},{},{},0.0,0.0,0.0,0.0,0.0,0.0,0.0,0.0,0.0,0.0,0.0,0.0,0.0,0.0,Leave Event,0.0,"{'node_level': {}, 'link_level': {}, 'path_level': {}}","{'node_level': {}, 'link_level': {}, 'path_level': {}}","{'node_level': {}, 'link_level': {}, 'path_level': {}}",[],0.0,0.0,True,True,False,0,[],0,0.0,,,,,
100,67,22,10728.0,17807.0,5730448.227543911,9559390.331636531,0.602459706856854,0.5994574997716282,49,168,0,1409.560215560672,36155.0,6779,29376.0,0.12653008632908136,0.15762911134688729,15,1226.560215560672,183.0,8,12,False,{},{},{},{},0.0,0.0,0.0,0.0,0.0,0.0,0.0,0.0,0.0,0.0,0.0,0.0,0.0,0.0,Leave Event,0.0,"{'node_level': {}, 'link_level': {}, 'path_level': {}}","{'node_level': {}, 'link_level': {}, 'path_level': {}}","{'node_level': {}, 'link_level': {}, 'path_level': {}}",[],0.0,0.0,True,True,False,0,[],0,0.0,,,,,
100,67,21,10728.0,17807.0,5730448.227543911,9559390.331636531,0.602459706856854,0.5994574997716282,49,169,0,1410.6618123881592,36286.0,6822,29464.0,0.12098956320061849,0.15510566914231638,64,593.6618123881592,817.0,3,2,False,{},{},{},{},0.0,0.0,0.0,0.0,0.0,0.0,0.0,0.0,0.0,0.0,0.0,0.0,0.0,0.0,Leave Event,0.0,"{'node_level': {}, 'link_level': {}, 'path_level': {}}","{'node_level': {}, 'link_level': {}, 'path_level': {}}","{'node_level': {}, 'link_level': {}, 'path_level': {}}",[],0.0,0.0,True,True,False,0,[],0,0.0,,,,,
100,67,21,10728.0,17807.0,5730448.227543911,9559390.331636531,0.602459706856854,0.5994574997716282,49,170,0,1413.7725652947581,36286.0,6822,29464.0,0.12098956320061849,0.15510566914231638,8,1306.7725652947581,107.0,9,21,False,{},{},{},{},0.0,0.0,0.0,0.0,0.0,0.0,0.0,0.0,0.0,0.0,0.0,0.0,0.0,0.0,Leave Event,0.0,"{'node_level': {}, 'link_level': {}, 'path_level': {}}","{'node_level': {}, 'link_level': {}, 'path_level': {}}","{'node_level': {}, 'link_level': {}, 'path_level': {}}",[],0.0,0.0,True,True,False,0,[],0,0.0,,,,,
100,67,21,10728.0,17807.0,5730448.227543911,9559390.331636531,0.602459706856854,0.5994574997716282,49,171,0,1453.7749022868477,36286.0,6822,29464.0,0.12098956320061849,0.15510566914231638,93,281.77490228684775,1172.0,9,11,False,{},{},{},{},0.0,0.0,0.0,0.0,0.0,0.0,0.0,0.0,0.0,0.0,0.0,0.0,0.0,0.0,Leave Event,0.0,"{'node_level': {}, 'link_level': {}, 'path_level': {}}","{'node_level': {}, 'link_level': {}, 'path_level': {}}","{'node_level': {}, 'link_level': {}, 'path_level': {}}",[],0.0,0.0,True,True,False,0,[],0,0.0,,,,,
100,67,20,10728.0,17807.0,5730448.227543911,9559390.331636531,0.602459706856854,0.5994574997716282,49,172,0,1476.6227196683747,36479.0,6859,29620.0,0.11622213632263878,0.1506322943251226,62,675.6227196683747,801.0,3,2,False,{},{},{},{},0.0,0.0,0.0,0.0,0.0,0.0,0.0,0.0,0.0,0.0,0.0,0.0,0.0,0.0,Leave Event,0.0,"{'node_level': {}, 'link_level': {}, 'path_level': {}}","{'node_level': {}, 'link_level': {}, 'path_level': {}}","{'node_level': {}, 'link_level': {}, 'path_level': {}}",[],0.0,0.0,True,True,False,0,[],0,0.0,,,,,
100,67,19,10728.0,17807.0,5730448.227543911,9559390.331636531,0.602459706856854,0.5994574997716282,49,173,0,1490.4203520108981,36648.0,6913,29735.0,0.1092642700682902,0.14733461417142202,66,649.4203520108981,841.0,4,4,False,{},{},{},{},0.0,0.0,0.0,0.0,0.0,0.0,0.0,0.0,0.0,0.0,0.0,0.0,0.0,0.0,Leave Event,0.0,"{'node_level': {}, 'link_level': {}, 'path_level': {}}","{'node_level': {}, 'link_level': {}, 'path_level': {}}","{'node_level': {}, 'link_level': {}, 'path_level': {}}",[],0.0,0.0,True,True,False,0,[],0,0.0,,,,,
100,67,19,10728.0,17807.0,5730448.227543911,9559390.331636531,0.602459706856854,0.5994574997716282,49,174,0,1511.5738438150347,36648.0,6913,29735.0,0.1092642700682902,0.14733461417142202,68,648.5738438150346,863.0,10,18,False,{},{},{},{},0.0,0.0,0.0,0.0,0.0,0.0,0.0,0.0,0.0,0.0,0.0,0.0,0.0,0.0,Leave Event,0.0,"{'node_level': {}, 'link_level': {}, 'path_level': {}}","{'node_level': {}, 'link_level': {}, 'path_level': {}}","{'node_level': {}, 'link_level': {}, 'path_level': {}}",[],0.0,0.0,True,True,False,0,[],0,0.0,,,,,
100,67,18,10728.0,17807.0,5730448.227543911,9559390.331636531,0.602459706856854,0.5994574997716282,49,175,0,1561.6356604354908,36721.0,6941,29780.0,0.1056564875660353,0.14604421758953923,35,1114.6356604354908,447.0,2,1,False,{},{},{},{},0.0,0.0,0.0,0.0,0.0,0.0,0.0,0.0,0.0,0.0,0.0,0.0,0.0,0.0,Leave Event,0.0,"{'node_level': {}, 'link_level': {}, 'path_level': {}}","{'node_level': {}, 'link_level': {}, 'path_level': {}}","{'node_level': {}, 'link_level': {}, 'path_level': {}}",[],0.0,0.0,True,True,False,0,[],0,0.0,,,,,
100,67,17,10728.0,17807.0,5730448.227543911,9559390.331636531,0.602459706856854,0.5994574997716282,49,176,0,1562.332862724567,38203.0,7054,31149.0,0.09109650818193527,0.10678748602070365,3,1519.332862724567,43.0,10,27,False,{},{},{},{},0.0,0.0,0.0,0.0,0.0,0.0,0.0,0.0,0.0,0.0,0.0,0.0,0.0,0.0,Leave Event,0.0,"{'node_level': {}, 'link_level': {}, 'path_level': {}}","{'node_level': {}, 'link_level': {}, 'path_level': {}}","{'node_level': {}, 'link_level': {}, 'path_level': {}}",[],0.0,0.0,True,True,False,0,[],0,0.0,,,,,
100,67,16,10728.0,17807.0,5730448.227543911,9559390.331636531,0.602459706856854,0.5994574997716282,49,177,0,1567.6631262711387,38325.0,7087,31238.0,0.08684447880427781,0.10423536833653546,94,387.66312627113876,1180.0,4,3,False,{},{},{},{},0.0,0.0,0.0,0.0,0.0,0.0,0.0,0.0,0.0,0.0,0.0,0.0,0.0,0.0,Leave Event,0.0,"{'node_level': {}, 'link_level': {}, 'path_level': {}}","{'node_level': {}, 'link_level': {}, 'path_level': {}}","{'node_level': {}, 'link_level': {}, 'path_level': {}}",[],0.0,0.0,True,True,False,0,[],0,0.0,,,,,
100,67,15,10728.0,17807.0,5730448.227543911,9559390.331636531,0.602459706856854,0.5994574997716282,49,178,0,1583.423060180105,38545.0,7111,31434.0,0.08375209380234505,0.09861497433544575,53,908.4230601801049,675.0,2,1,False,{},{},{},{},0.0,0.0,0.0,0.0,0.0,0.0,0.0,0.0,0.0,0.0,0.0,0.0,0.0,0.0,Leave Event,0.0,"{'node_level': {}, 'link_level': {}, 'path_level': {}}","{'node_level': {}, 'link_level': {}, 'path_level': {}}","{'node_level': {}, 'link_level': {}, 'path_level': {}}",[],0.0,0.0,True,True,False,0,[],0,0.0,,,,,
100,67,14,10728.0,17807.0,5730448.227543911,9559390.331636531,0.602459706856854,0.5994574997716282,49,179,0,1599.5739322965935,38782.0,7152,31630.0,0.07846926942404331,0.09299458033435615,97,382.57393229659357,1217.0,4,3,False,{},{},{},{},0.0,0.0,0.0,0.0,0.0,0.0,0.0,0.0,0.0,0.0,0.0,0.0,0.0,0.0,Leave Event,0.0,"{'node_level': {}, 'link_level': {}, 'path_level': {}}","{'node_level': {}, 'link_level': {}, 'path_level': {}}","{'node_level': {}, 'link_level': {}, 'path_level': {}}",[],0.0,0.0,True,True,False,0,[],0,0.0,,,,,
100,67,14,10728.0,17807.0,5730448.227543911,9559390.331636531,0.602459706856854,0.5994574997716282,49,180,0,1636.006989380749,38782.0,7152,31630.0,0.07846926942404331,0.09299458033435615,82,600.0069893807491,1036.0,9,22,False,{},{},{},{},0.0,0.0,0.0,0.0,0.0,0.0,0.0,0.0,0.0,0.0,0.0,0.0,0.0,0.0,Leave Event,0.0,"{'node_level': {}, 'link_level': {}, 'path_level': {}}","{'node_level': {}, 'link_level': {}, 'path_level': {}}","{'node_level': {}, 'link_level': {}, 'path_level': {}}",[],0.0,0.0,True,True,False,0,[],0,0.0,,,,,
100,67,14,10728.0,17807.0,5730448.227543911,9559390.331636531,0.602459706856854,0.5994574997716282,49,181,0,1665.102744440631,38782.0,7152,31630.0,0.07846926942404331,0.09299458033435615,28,1315.102744440631,350.0,7,11,False,{},{},{},{},0.0,0.0,0.0,0.0,0.0,0.0,0.0,0.0,0.0,0.0,0.0,0.0,0.0,0.0,Leave Event,0.0,"{'node_level': {}, 'link_level': {}, 'path_level': {}}","{'node_level': {}, 'link_level': {}, 'path_level': {}}","{'node_level': {}, 'link_level': {}, 'path_level': {}}",[],0.0,0.0,True,True,False,0,[],0,0.0,,,,,
100,67,13,10728.0,17807.0,5730448.227543911,9559390.331636531,0.602459706856854,0.5994574997716282,49,182,0,1747.1364351814047,38910.0,7183,31727.0,0.07447493879654687,0.09021305881340869,75,802.1364351814047,945.0,3,2,False,{},{},{},{},0.0,0.0,0.0,0.0,0.0,0.0,0.0,0.0,0.0,0.0,0.0,0.0,0.0,0.0,Leave Event,0.0,"{'node_level': {}, 'link_level': {}, 'path_level': {}}","{'node_level': {}, 'link_level': {}, 'path_level': {}}","{'node_level': {}, 'link_level': {}, 'path_level': {}}",[],0.0,0.0,True,True,False,0,[],0,0.0,,,,,
100,67,12,10728.0,17807.0,5730448.227543911,9559390.331636531,0.602459706856854,0.5994574997716282,49,183,0,1757.7468393821778,39245.0,7238,32007.0,0.06738822316711768,0.08218392452613765,65,920.7468393821777,837.0,4,5,False,{},{},{},{},0.0,0.0,0.0,0.0,0.0,0.0,0.0,0.0,0.0,0.0,0.0,0.0,0.0,0.0,Leave Event,0.0,"{'node_level': {}, 'link_level': {}, 'path_level': {}}","{'node_level': {}, 'link_level': {}, 'path_level': {}}","{'node_level': {}, 'link_level': {}, 'path_level': {}}",[],0.0,0.0,True,True,False,0,[],0,0.0,,,,,
100,67,11,10728.0,17807.0,5730448.227543911,9559390.331636531,0.602459706856854,0.5994574997716282,49,184,0,1775.9903513709512,39631.0,7306,32325.0,0.058626465661641536,0.0730651220141657,60,997.9903513709512,778.0,7,9,False,{},{},{},{},0.0,0.0,0.0,0.0,0.0,0.0,0.0,0.0,0.0,0.0,0.0,0.0,0.0,0.0,Leave Event,0.0,"{'node_level': {}, 'link_level': {}, 'path_level': {}}","{'node_level': {}, 'link_level': {}, 'path_level': {}}","{'node_level': {}, 'link_level': {}, 'path_level': {}}",[],0.0,0.0,True,True,False,0,[],0,0.0,,,,,
100,67,10,10728.0,17807.0,5730448.227543911,9559390.331636531,0.602459706856854,0.5994574997716282,49,185,0,1866.620715357564,39846.0,7334,32512.0,0.05501868315938663,0.06770280732945255,57,1129.620715357564,737.0,4,4,False,{},{},{},{},0.0,0.0,0.0,0.0,0.0,0.0,0.0,0.0,0.0,0.0,0.0,0.0,0.0,0.0,Leave Event,0.0,"{'node_level': {}, 'link_level': {}, 'path_level': {}}","{'node_level': {}, 'link_level': {}, 'path_level': {}}","{'node_level': {}, 'link_level': {}, 'path_level': {}}",[],0.0,0.0,True,True,False,0,[],0,0.0,,,,,
100,67,9,10728.0,17807.0,5730448.227543911,9559390.331636531,0.602459706856854,0.5994574997716282,49,186,0,1892.7317269903624,39888.0,7358,32530.0,0.051926298157453976,0.06718664869669944,80,879.7317269903625,1013.0,2,1,False,{},{},{},{},0.0,0.0,0.0,0.0,0.0,0.0,0.0,0.0,0.0,0.0,0.0,0.0,0.0,0.0,Leave Event,0.0,"{'node_level': {}, 'link_level': {}, 'path_level': {}}","{'node_level': {}, 'link_level': {}, 'path_level': {}}","{'node_level': {}, 'link_level': {}, 'path_level': {}}",[],0.0,0.0,True,True,False,0,[],0,0.0,,,,,
100,67,8,10728.0,17807.0,5730448.227543911,9559390.331636531,0.602459706856854,0.5994574997716282,49,187,0,1960.6481525404379,40186.0,7423,32763.0,0.04355108877721947,0.060505261950506095,72,1048.6481525404379,912.0,6,8,False,{},{},{},{},0.0,0.0,0.0,0.0,0.0,0.0,0.0,0.0,0.0,0.0,0.0,0.0,0.0,0.0,Leave Event,0.0,"{'node_level': {}, 'link_level': {}, 'path_level': {}}","{'node_level': {}, 'link_level': {}, 'path_level': {}}","{'node_level': {}, 'link_level': {}, 'path_level': {}}",[],0.0,0.0,True,True,False,0,[],0,0.0,,,,,
100,67,7,10728.0,17807.0,5730448.227543911,9559390.331636531,0.602459706856854,0.5994574997716282,49,188,0,1964.9445206083342,40797.0,7502,33295.0,0.03337198814585751,0.04524990680469132,85,896.9445206083341,1068.0,6,10,False,{},{},{},{},0.0,0.0,0.0,0.0,0.0,0.0,0.0,0.0,0.0,0.0,0.0,0.0,0.0,0.0,Leave Event,0.0,"{'node_level': {}, 'link_level': {}, 'path_level': {}}","{'node_level': {}, 'link_level': {}, 'path_level': {}}","{'node_level': {}, 'link_level': {}, 'path_level': {}}",[],0.0,0.0,True,True,False,0,[],0,0.0,,,,,
100,67,7,10728.0,17807.0,5730448.227543911,9559390.331636531,0.602459706856854,0.5994574997716282,49,189,0,1977.755921372505,40797.0,7502,33295.0,0.03337198814585751,0.04524990680469132,98,745.7559213725051,1232.0,6,6,False,{},{},{},{},0.0,0.0,0.0,0.0,0.0,0.0,0.0,0.0,0.0,0.0,0.0,0.0,0.0,0.0,Leave Event,0.0,"{'node_level': {}, 'link_level': {}, 'path_level': {}}","{'node_level': {}, 'link_level': {}, 'path_level': {}}","{'node_level': {}, 'link_level': {}, 'path_level': {}}",[],0.0,0.0,True,True,False,0,[],0,0.0,,,,,
100,67,6,10728.0,17807.0,5730448.227543911,9559390.331636531,0.602459706856854,0.5994574997716282,49,190,0,1991.651998017522,41557.0,7575,33982.0,0.023965983764978716,0.025549852321280042,74,1060.651998017522,931.0,7,13,False,{},{},{},{},0.0,0.0,0.0,0.0,0.0,0.0,0.0,0.0,0.0,0.0,0.0,0.0,0.0,0.0,Leave Event,0.0,"{'node_level': {}, 'link_level': {}, 'path_level': {}}","{'node_level': {}, 'link_level': {}, 'path_level': {}}","{'node_level': {}, 'link_level': {}, 'path_level': {}}",[],0.0,0.0,True,True,False,0,[],0,0.0,,,,,
100,67,6,10728.0,17807.0,5730448.227543911,9559390.331636531,0.602459706856854,0.5994574997716282,49,191,0,2022.1851145849794,41557.0,7575,33982.0,0.023965983764978716,0.025549852321280042,89,891.1851145849794,1131.0,5,6,False,{},{},{},{},0.0,0.0,0.0,0.0,0.0,0.0,0.0,0.0,0.0,0.0,0.0,0.0,0.0,0.0,Leave Event,0.0,"{'node_level': {}, 'link_level': {}, 'path_level': {}}","{'node_level': {}, 'link_level': {}, 'path_level': {}}","{'node_level': {}, 'link_level': {}, 'path_level': {}}",[],0.0,0.0,True,True,False,0,[],0,0.0,,,,,
100,67,6,10728.0,17807.0,5730448.227543911,9559390.331636531,0.602459706856854,0.5994574997716282,49,192,0,2076.534971273615,41557.0,7575,33982.0,0.023965983764978716,0.025549852321280042,23,1789.5349712736154,287.0,10,34,False,{},{},{},{},0.0,0.0,0.0,0.0,0.0,0.0,0.0,0.0,0.0,0.0,0.0,0.0,0.0,0.0,Leave Event,0.0,"{'node_level': {}, 'link_level': {}, 'path_level': {}}","{'node_level': {}, 'link_level': {}, 'path_level': {}}","{'node_level': {}, 'link_level': {}, 'path_level': {}}",[],0.0,0.0,True,True,False,0,[],0,0.0,,,,,
100,67,5,10728.0,17807.0,5730448.227543911,9559390.331636531,0.602459706856854,0.5994574997716282,49,193,0,2083.938041170627,41591.0,7581,34010.0,0.023192887514495553,0.024746938892552972,90,942.9380411706272,1141.0,2,1,False,{},{},{},{},0.0,0.0,0.0,0.0,0.0,0.0,0.0,0.0,0.0,0.0,0.0,0.0,0.0,0.0,Leave Event,0.0,"{'node_level': {}, 'link_level': {}, 'path_level': {}}","{'node_level': {}, 'link_level': {}, 'path_level': {}}","{'node_level': {}, 'link_level': {}, 'path_level': {}}",[],0.0,0.0,True,True,False,0,[],0,0.0,,,,,
100,67,4,10728.0,17807.0,5730448.227543911,9559390.331636531,0.602459706856854,0.5994574997716282,49,194,0,2111.564204364711,41678.0,7618,34060.0,0.018425460636515956,0.023313164912683204,86,1028.5642043647108,1083.0,2,1,False,{},{},{},{},0.0,0.0,0.0,0.0,0.0,0.0,0.0,0.0,0.0,0.0,0.0,0.0,0.0,0.0,Leave Event,0.0,"{'node_level': {}, 'link_level': {}, 'path_level': {}}","{'node_level': {}, 'link_level': {}, 'path_level': {}}","{'node_level': {}, 'link_level': {}, 'path_level': {}}",[],0.0,0.0,True,True,False,0,[],0,0.0,,,,,
100,67,3,10728.0,17807.0,5730448.227543911,9559390.331636531,0.602459706856854,0.5994574997716282,49,195,0,2118.733098550513,42074.0,7664,34410.0,0.012498389382811448,0.013276747053594495,96,906.733098550513,1212.0,5,6,False,{},{},{},{},0.0,0.0,0.0,0.0,0.0,0.0,0.0,0.0,0.0,0.0,0.0,0.0,0.0,0.0,Leave Event,0.0,"{'node_level': {}, 'link_level': {}, 'path_level': {}}","{'node_level': {}, 'link_level': {}, 'path_level': {}}","{'node_level': {}, 'link_level': {}, 'path_level': {}}",[],0.0,0.0,True,True,False,0,[],0,0.0,,,,,
100,67,2,10728.0,17807.0,5730448.227543911,9559390.331636531,0.602459706856854,0.5994574997716282,49,196,0,2158.917177280644,42291.0,7683,34608.0,0.01005025125628145,0.007599002093309992,46,1566.917177280644,592.0,3,2,False,{},{},{},{},0.0,0.0,0.0,0.0,0.0,0.0,0.0,0.0,0.0,0.0,0.0,0.0,0.0,0.0,Leave Event,0.0,"{'node_level': {}, 'link_level': {}, 'path_level': {}}","{'node_level': {}, 'link_level': {}, 'path_level': {}}","{'node_level': {}, 'link_level': {}, 'path_level': {}}",[],0.0,0.0,True,True,False,0,[],0,0.0,,,,,
100,67,1,10728.0,17807.0,5730448.227543911,9559390.331636531,0.602459706856854,0.5994574997716282,49,197,0,2263.7910848435113,42528.0,7724,34804.0,0.004767426877979597,0.001978608092220391,51,1605.7910848435115,658.0,5,4,False,{},{},{},{},0.0,0.0,0.0,0.0,0.0,0.0,0.0,0.0,0.0,0.0,0.0,0.0,0.0,0.0,Leave Event,0.0,"{'node_level': {}, 'link_level': {}, 'path_level': {}}","{'node_level': {}, 'link_level': {}, 'path_level': {}}","{'node_level': {}, 'link_level': {}, 'path_level': {}}",[],0.0,0.0,True,True,False,0,[],0,0.0,,,,,
100,67,0,10728.0,17807.0,5730448.227543911,9559390.331636531,0.602459706856854,0.5994574997716282,49,198,0,2704.4735435764487,42634.0,7761,34873.0,0.0,0.0,81,1679.4735435764487,1025.0,3,2,False,{},{},{},{},0.0,0.0,0.0,0.0,0.0,0.0,0.0,0.0,0.0,0.0,0.0,0.0,0.0,0.0,Leave Event,0.0,"{'node_level': {}, 'link_level': {}, 'path_level': {}}","{'node_level': {}, 'link_level': {}, 'path_level': {}}","{'node_level': {}, 'link_level': {}, 'path_level': {}}",[],0.0,0.0,True,True,False,0,[],0,0.0,,,,,
100,67,0,10728.0,17807.0,5730448.227543911,9559390.331636531,0.602459706856854,0.5994574997716282,49,199,0,2736.111015452614,42634.0,7761,34873.0,0.0,0.0,76,1781.1110154526139,955.0,10,24,False,{},{},{},{},0.0,0.0,0.0,0.0,0.0,0.0,0.0,0.0,0.0,0.0,0.0,0.0,0.0,0.0,Leave Event,0.0,"{'node_level': {}, 'link_level': {}, 'path_level': {}}","{'node_level': {}, 'link_level': {}, 'path_level': {}}","{'node_level': {}, 'link_level': {}, 'path_level': {}}",[],0.0,0.0,True,True,False,0,[],0,0.0,,,,,
