v_net_count,success_count,inservice_count,total_revenue,total_cost,total_time_revenue,total_time_cost,long_term_r2c_ratio,long_term_time_r2c_ratio,num_running_p_net_nodes,event_id,event_type,event_time,p_net_available_resource,p_net_node_available_resource,p_net_link_available_resource,p_net_node_resource_utilization,p_net_link_resource_utilization,v_net_id,v_net_lifetime,v_net_arrival_time,v_net_num_nodes,v_net_num_egdes,result,node_slots,link_paths,node_slots_info,link_paths_info,v_net_cost,v_net_revenue,v_net_demand,v_net_node_demand,v_net_link_demand,v_net_node_revenue,v_net_link_revenue,v_net_node_cost,v_net_link_cost,v_net_path_cost,v_net_r2c_ratio,v_net_time_cost,v_net_time_revenue,v_net_time_rc_ratio,description,v_net_total_hard_constraint_violation,v_net_single_step_constraint_offset,v_net_constraint_offsets,v_net_constraint_violations,v_net_single_step_violation_list,v_net_single_step_hard_constraint_offset,v_net_max_single_step_hard_constraint_violation,place_result,route_result,early_rejection,revoke_times,selected_actions,num_interactions,v_net_reward,rdma_mode,fallback_count,rdma_link_count,num_placed_nodes,num_routed_links
1,0,0,0.0,0.0,0.0,0.0,0.0,0.0,0,0,1,14.0,46185.0,7251,38934.0,0.0,0.0,0,38.328229919214216,14.0,7,12,False,"{6: np.int64(36), 2: np.int64(88), 3: np.int64(24), 0: np.int64(99), 1: np.int64(16), 5: np.int64(38), 4: np.int64(27)}","{(0, 6): [(np.int64(99), 66), (66, np.int64(36))], (2, 5): [(np.int64(88), 29), (29, np.int64(38))], (4, 6): [(np.int64(27), 88), (88, np.int64(36))], (3, 5): [(np.int64(24), 1), (1, np.int64(38))], (1, 4): [(np.int64(16), 46), (46, np.int64(27))], (2, 3): [(np.int64(88), 28), (28, np.int64(24))], (0, 5): [(np.int64(99), 51), (51, np.int64(38))], (2, 6): [(np.int64(88), 36)]}","{(6, np.int64(36)): {'cpu': 10}, (2, np.int64(88)): {'cpu': 13}, (3, np.int64(24)): {'cpu': 17}, (0, np.int64(99)): {'cpu': 9}, (1, np.int64(16)): {'cpu': 12}, (5, np.int64(38)): {'cpu': 1}, (4, np.int64(27)): {'cpu': 1}}","{((0, 6), (np.int64(99), 66)): {'bw': 47.0}, ((0, 6), (66, np.int64(36))): {'bw': 47.0}, ((2, 5), (np.int64(88), 29)): {'bw': 46.0}, ((2, 5), (29, np.int64(38))): {'bw': 46.0}, ((4, 6), (np.int64(27), 88)): {'bw': 43.0}, ((4, 6), (88, np.int64(36))): {'bw': 43.0}, ((3, 5), (np.int64(24), 1)): {'bw': 39.0}, ((3, 5), (1, np.int64(38))): {'bw': 39.0}, ((1, 4), (np.int64(16), 46)): {'bw': 36.0}, ((1, 4), (46, np.int64(27))): {'bw': 36.0}, ((2, 3), (np.int64(88), 28)): {'bw': 33.0}, ((2, 3), (28, np.int64(24))): {'bw': 33.0}, ((0, 5), (np.int64(99), 51)): {'bw': 28.0}, ((0, 5), (51, np.int64(38))): {'bw': 28.0}, ((2, 6), (np.int64(88), 36)): {'bw': 25.0}}",0.0,0.0,438.0,63.0,375.0,0.0,0.0,0.0,0.0,0.0,0.0,0.0,0.0,0.0,Route Failure,0.0,"{'node_level': {}, 'link_level': {}, 'path_level': {}}","{'node_level': {6: {'cpu': -81}, 2: {'cpu': -69}, 3: {'cpu': -62}, 0: {'cpu': -87}, 1: {'cpu': -88}, 5: {'cpu': -56}, 4: {'cpu': -53}}, 'link_level': {}, 'path_level': {}}","{'node_level': {6: {'cpu': 0}, 2: {'cpu': 0}, 3: {'cpu': 0}, 0: {'cpu': 0}, 1: {'cpu': 0}, 5: {'cpu': 0}, 4: {'cpu': 0}}, 'link_level': {}, 'path_level': {}}",[],0.0,0.0,True,False,False,0,[],0,0.0,"OrderedDict([((0, 6), 0), ((2, 5), 0), ((4, 6), 0), ((3, 5), 0), ((1, 4), 0), ((2, 3), 0), ((0, 5), 0), ((2, 6), 0)])",0.0,0.0,7.0,8.0
2,1,1,753.0,1499.0,582157.5979143366,1158903.3722092835,0.5023348899266178,0.5023348899266178,10,1,1,29.0,44686.0,7169,37517.0,0.011308784995173071,0.03639492474443928,1,773.1176599127975,29.0,10,24,True,"{6: np.int64(36), 9: np.int64(88), 8: np.int64(24), 0: np.int64(99), 1: np.int64(16), 7: np.int64(63), 2: np.int64(54), 4: np.int64(22), 3: np.int64(64), 5: np.int64(43)}","{(0, 5): [(np.int64(99), 83), (83, np.int64(43))], (0, 3): [(np.int64(99), 82), (82, np.int64(64))], (0, 8): [(np.int64(99), 97), (97, np.int64(24))], (1, 7): [(np.int64(16), 19), (19, np.int64(63))], (0, 7): [(np.int64(99), 27), (27, 94), (94, np.int64(63))], (5, 6): [(np.int64(43), 14), (14, 88), (88, np.int64(36))], (1, 2): [(np.int64(16), 38), (38, 43), (43, np.int64(54))], (1, 5): [(np.int64(16), 38), (38, np.int64(43))], (5, 9): [(np.int64(43), 54), (54, 27), (27, np.int64(88))], (1, 6): [(np.int64(16), 66), (66, np.int64(36))], (2, 8): [(np.int64(54), 24)], (2, 4): [(np.int64(54), 22)], (0, 9): [(np.int64(99), 51), (51, 27), (27, np.int64(88))], (7, 9): [(np.int64(63), 88)], (8, 9): [(np.int64(24), 28), (28, np.int64(88))], (5, 7): [(np.int64(43), 63)], (6, 7): [(np.int64(36), 66), (66, np.int64(63))], (3, 6): [(np.int64(64), 36)], (3, 9): [(np.int64(64), 36), (36, np.int64(88))], (0, 6): [(np.int64(99), 66), (66, np.int64(36))], (1, 3): [(np.int64(16), 66), (66, 36), (36, np.int64(64))], (1, 4): [(np.int64(16), 74), (74, 39), (39, np.int64(22))], (2, 7): [(np.int64(54), 43), (43, np.int64(63))], (0, 4): [(np.int64(99), 47), (47, 39), (39, np.int64(22))]}","{(6, np.int64(36)): {'cpu': 17}, (9, np.int64(88)): {'cpu': 13}, (8, np.int64(24)): {'cpu': 15}, (0, np.int64(99)): {'cpu': 6}, (1, np.int64(16)): {'cpu': 7}, (7, np.int64(63)): {'cpu': 4}, (2, np.int64(54)): {'cpu': 5}, (4, np.int64(22)): {'cpu': 11}, (3, np.int64(64)): {'cpu': 3}, (5, np.int64(43)): {'cpu': 1}}","{((0, 5), (np.int64(99), 83)): {'bw': 50.0}, ((0, 5), (83, np.int64(43))): {'bw': 50.0}, ((0, 3), (np.int64(99), 82)): {'bw': 49.0}, ((0, 3), (82, np.int64(64))): {'bw': 49.0}, ((0, 8), (np.int64(99), 97)): {'bw': 47.0}, ((0, 8), (97, np.int64(24))): {'bw': 47.0}, ((1, 7), (np.int64(16), 19)): {'bw': 48.0}, ((1, 7), (19, np.int64(63))): {'bw': 48.0}, ((0, 7), (np.int64(99), 27)): {'bw': 44.0}, ((0, 7), (27, 94)): {'bw': 44.0}, ((0, 7), (94, np.int64(63))): {'bw': 44.0}, ((5, 6), (np.int64(43), 14)): {'bw': 44.0}, ((5, 6), (14, 88)): {'bw': 44.0}, ((5, 6), (88, np.int64(36))): {'bw': 44.0}, ((1, 2), (np.int64(16), 38)): {'bw': 34.0}, ((1, 2), (38, 43)): {'bw': 34.0}, ((1, 2), (43, np.int64(54))): {'bw': 34.0}, ((1, 5), (np.int64(16), 38)): {'bw': 40.0}, ((1, 5), (38, np.int64(43))): {'bw': 40.0}, ((5, 9), (np.int64(43), 54)): {'bw': 37.0}, ((5, 9), (54, 27)): {'bw': 37.0}, ((5, 9), (27, np.int64(88))): {'bw': 37.0}, ((1, 6), (np.int64(16), 66)): {'bw': 33.0}, ((1, 6), (66, np.int64(36))): {'bw': 33.0}, ((2, 8), (np.int64(54), 24)): {'bw': 34.0}, ((2, 4), (np.int64(54), 22)): {'bw': 34.0}, ((0, 9), (np.int64(99), 51)): {'bw': 28.0}, ((0, 9), (51, 27)): {'bw': 28.0}, ((0, 9), (27, np.int64(88))): {'bw': 28.0}, ((7, 9), (np.int64(63), 88)): {'bw': 27.0}, ((8, 9), (np.int64(24), 28)): {'bw': 19.0}, ((8, 9), (28, np.int64(88))): {'bw': 19.0}, ((5, 7), (np.int64(43), 63)): {'bw': 22.0}, ((6, 7), (np.int64(36), 66)): {'bw': 13.0}, ((6, 7), (66, np.int64(63))): {'bw': 13.0}, ((3, 6), (np.int64(64), 36)): {'bw': 15.0}, ((3, 9), (np.int64(64), 36)): {'bw': 14.0}, ((3, 9), (36, np.int64(88))): {'bw': 14.0}, ((0, 6), (np.int64(99), 66)): {'bw': 11.0}, ((0, 6), (66, np.int64(36))): {'bw': 11.0}, ((1, 3), (np.int64(16), 66)): {'bw': 9.0}, ((1, 3), (66, 36)): {'bw': 9.0}, ((1, 3), (36, np.int64(64))): {'bw': 9.0}, ((1, 4), (np.int64(16), 74)): {'bw': 5.0}, ((1, 4), (74, 39)): {'bw': 5.0}, ((1, 4), (39, np.int64(22))): {'bw': 5.0}, ((2, 7), (np.int64(54), 43)): {'bw': 8.0}, ((2, 7), (43, np.int64(63))): {'bw': 8.0}, ((0, 4), (np.int64(99), 47)): {'bw': 6.0}, ((0, 4), (47, 39)): {'bw': 6.0}, ((0, 4), (39, np.int64(22))): {'bw': 6.0}}",1499.0,753.0,753.0,82.0,671.0,82.0,671.0,82.0,1417.0,746.0,0.5023348899266178,1158903.3722092835,582157.5979143366,388.36397459261946,Success,0.0,"{'node_level': {}, 'link_level': {}, 'path_level': {}}","{'node_level': {6: {'cpu': -74}, 9: {'cpu': -69}, 8: {'cpu': -64}, 0: {'cpu': -90}, 1: {'cpu': -93}, 7: {'cpu': -91}, 2: {'cpu': -94}, 4: {'cpu': -81}, 3: {'cpu': -88}, 5: {'cpu': -57}}, 'link_level': {}, 'path_level': {}}","{'node_level': {6: {'cpu': 0}, 9: {'cpu': 0}, 8: {'cpu': 0}, 0: {'cpu': 0}, 1: {'cpu': 0}, 7: {'cpu': 0}, 2: {'cpu': 0}, 4: {'cpu': 0}, 3: {'cpu': 0}, 5: {'cpu': 0}}, 'link_level': {}, 'path_level': {}}",[],0.0,0.0,True,True,False,0,[],0,0.0,"OrderedDict([((0, 5), 0), ((0, 3), 0), ((0, 8), 0), ((1, 7), 0), ((0, 7), 0), ((5, 6), 0), ((1, 2), 0), ((1, 5), 0), ((5, 9), 0), ((1, 6), 0), ((2, 8), 0), ((2, 4), 0), ((0, 9), 0), ((7, 9), 0), ((8, 9), 0), ((5, 7), 0), ((6, 7), 0), ((3, 6), 0), ((3, 9), 0), ((0, 6), 0), ((1, 3), 0), ((1, 4), 0), ((2, 7), 0), ((0, 4), 0)])",5.0,0.0,10.0,24.0
3,2,2,1047.0,1920.0,591890.7235002567,1172840.9432013663,0.5453125,0.5046641037996524,13,2,1,44.0,44265.0,7063,37202.0,0.025927458281616356,0.044485539631170745,2,33.10586933986429,44.0,7,7,True,"{6: np.int64(36), 0: np.int64(24), 3: np.int64(64), 1: np.int64(44), 5: np.int64(76), 2: np.int64(99), 4: np.int64(74)}","{(2, 3): [(np.int64(99), 44), (44, np.int64(64))], (0, 5): [(np.int64(24), 1), (1, np.int64(76))], (3, 6): [(np.int64(64), 36)], (1, 6): [(np.int64(44), 36)], (1, 2): [(np.int64(44), 99)], (0, 6): [(np.int64(24), 28), (28, 88), (88, np.int64(36))], (0, 4): [(np.int64(24), 20), (20, np.int64(74))]}","{(6, np.int64(36)): {'cpu': 20}, (0, np.int64(24)): {'cpu': 19, 'nic_slots': 1}, (3, np.int64(64)): {'cpu': 16}, (1, np.int64(44)): {'cpu': 19, 'nic_slots': 1}, (5, np.int64(76)): {'cpu': 15}, (2, np.int64(99)): {'cpu': 6, 'nic_slots': 1}, (4, np.int64(74)): {'cpu': 11, 'nic_slots': 1}}","{((2, 3), (np.int64(99), 44)): {'bw': 46.0}, ((2, 3), (44, np.int64(64))): {'bw': 46.0}, ((0, 5), (np.int64(24), 1)): {'bw': 43.0}, ((0, 5), (1, np.int64(76))): {'bw': 43.0}, ((3, 6), (np.int64(64), 36)): {'bw': 32.0}, ((1, 6), (np.int64(44), 36)): {'bw': 24.0}, ((1, 2), (np.int64(44), 99)): {'bw': 19.0}, ((0, 6), (np.int64(24), 28)): {'bw': 14.0}, ((0, 6), (28, 88)): {'bw': 14.0}, ((0, 6), (88, np.int64(36))): {'bw': 14.0}, ((0, 4), (np.int64(24), 20)): {'bw': 10.0}, ((0, 4), (20, np.int64(74))): {'bw': 10.0}}",421.0,294.0,294.0,106.0,188.0,106.0,188.0,106.0,315.0,127.0,0.6983372921615202,13937.570992082867,9733.125585920101,23.119063149453922,Success,0.0,"{'node_level': {}, 'link_level': {}, 'path_level': {}}","{'node_level': {6: {'cpu': -54}, 0: {'cpu': -45}, 3: {'cpu': -72}, 1: {'cpu': -55}, 5: {'cpu': -75}, 2: {'cpu': -84}, 4: {'cpu': -65}}, 'link_level': {}, 'path_level': {}}","{'node_level': {6: {'cpu': 0}, 0: {'cpu': 0}, 3: {'cpu': 0}, 1: {'cpu': 0}, 5: {'cpu': 0}, 2: {'cpu': 0}, 4: {'cpu': 0}}, 'link_level': {}, 'path_level': {}}",[],0.0,0.0,True,True,False,0,[],0,0.0,"OrderedDict([((2, 3), 0), ((0, 5), 0), ((3, 6), 0), ((1, 6), 0), ((1, 2), 1), ((0, 6), 0), ((0, 4), 1)])",0.0,2.0,7.0,7.0
3,2,2,1047.0,1920.0,591890.7235002567,1172840.9432013663,0.5453125,0.5046641037996524,13,3,0,52.328229919214216,44265.0,7063,37202.0,0.025927458281616356,0.044485539631170745,0,38.328229919214216,14.0,7,12,False,{},{},{},{},0.0,0.0,0.0,0.0,0.0,0.0,0.0,0.0,0.0,0.0,0.0,0.0,0.0,0.0,Leave Event,0.0,"{'node_level': {}, 'link_level': {}, 'path_level': {}}","{'node_level': {}, 'link_level': {}, 'path_level': {}}","{'node_level': {}, 'link_level': {}, 'path_level': {}}",[],0.0,0.0,True,True,False,0,[],0,0.0,,,,,
4,3,3,1067.0,1940.0,596280.5861005824,1177230.805801692,0.55,0.5065111982815608,14,4,1,58.0,44245.0,7047,37198.0,0.028134050475796424,0.04458827759798634,3,219.49313001628371,58.0,2,1,True,"{1: np.int64(38), 0: np.int64(16)}","{(0, 1): [(np.int64(16), 38)]}","{(1, np.int64(38)): {'cpu': 12}, (0, np.int64(16)): {'cpu': 4}}","{((0, 1), (np.int64(16), 38)): {'bw': 4.0}}",20.0,20.0,20.0,16.0,4.0,16.0,4.0,16.0,4.0,0.0,1.0,4389.862600325674,4389.862600325674,219.49313001628371,Success,0.0,"{'node_level': {}, 'link_level': {}, 'path_level': {}}","{'node_level': {1: {'cpu': -45}, 0: {'cpu': -89}}, 'link_level': {}, 'path_level': {}}","{'node_level': {1: {'cpu': 0}, 0: {'cpu': 0}}, 'link_level': {}, 'path_level': {}}",[],0.0,0.0,True,True,False,0,[],0,0.0,"OrderedDict([((0, 1), 0)])",0.0,0.0,2.0,1.0
5,4,4,1133.0,2123.0,690149.2505778242,1437503.0118522258,0.533678756476684,0.48010282057674813,15,5,1,73.0,44062.0,7020,37042.0,0.031857674803475344,0.04859505830379618,4,1422.2524920794203,73.0,2,1,True,"{0: np.int64(22), 1: np.int64(78)}","{(0, 1): [(np.int64(22), 86), (86, 25), (25, 69), (69, np.int64(78))]}","{(0, np.int64(22)): {'cpu': 18}, (1, np.int64(78)): {'cpu': 9}}","{((0, 1), (np.int64(22), 86)): {'bw': 39.0}, ((0, 1), (86, 25)): {'bw': 39.0}, ((0, 1), (25, 69)): {'bw': 39.0}, ((0, 1), (69, np.int64(78))): {'bw': 39.0}}",183.0,66.0,66.0,27.0,39.0,27.0,39.0,27.0,156.0,117.0,0.36065573770491804,260272.20605053392,93868.66447724175,512.9435217335614,Success,0.0,"{'node_level': {}, 'link_level': {}, 'path_level': {}}","{'node_level': {0: {'cpu': -63}, 1: {'cpu': -50}}, 'link_level': {}, 'path_level': {}}","{'node_level': {0: {'cpu': 0}, 1: {'cpu': 0}}, 'link_level': {}, 'path_level': {}}",[],0.0,0.0,True,True,False,0,[],0,0.0,"OrderedDict([((0, 1), 0)])",1.0,0.0,2.0,1.0
5,4,3,1133.0,2123.0,690149.2505778242,1437503.0118522258,0.533678756476684,0.48010282057674813,15,6,0,77.10586933986428,44483.0,7126,37357.0,0.01723900151703217,0.04050444341706483,2,33.10586933986429,44.0,7,7,False,{},{},{},{},0.0,0.0,0.0,0.0,0.0,0.0,0.0,0.0,0.0,0.0,0.0,0.0,0.0,0.0,Leave Event,0.0,"{'node_level': {}, 'link_level': {}, 'path_level': {}}","{'node_level': {}, 'link_level': {}, 'path_level': {}}","{'node_level': {}, 'link_level': {}, 'path_level': {}}",[],0.0,0.0,True,True,False,0,[],0,0.0,,,,,
6,5,4,1205.0,2261.0,707347.1191647892,1470465.5933105755,0.5329500221141088,0.48103615778746833,15,7,1,82.0,44345.0,7090,37255.0,0.022203833953937435,0.043124261570863465,5,238.85928593006952,82.0,3,2,True,"{2: np.int64(36), 1: np.int64(24), 0: np.int64(64)}","{(1, 2): [(np.int64(24), 1), (1, 76), (76, np.int64(36))], (0, 2): [(np.int64(64), 36)]}","{(2, np.int64(36)): {'cpu': 12}, (1, np.int64(24)): {'cpu': 8}, (0, np.int64(64)): {'cpu': 16}}","{((1, 2), (np.int64(24), 1)): {'bw': 33.0}, ((1, 2), (1, 76)): {'bw': 33.0}, ((1, 2), (76, np.int64(36))): {'bw': 33.0}, ((0, 2), (np.int64(64), 36)): {'bw': 3.0}}",138.0,72.0,72.0,36.0,36.0,36.0,36.0,36.0,102.0,66.0,0.5217391304347826,32962.581458349596,17197.868586965007,124.62223613742758,Success,0.0,"{'node_level': {}, 'link_level': {}, 'path_level': {}}","{'node_level': {2: {'cpu': -62}, 1: {'cpu': -56}, 0: {'cpu': -72}}, 'link_level': {}, 'path_level': {}}","{'node_level': {2: {'cpu': 0}, 1: {'cpu': 0}, 0: {'cpu': 0}}, 'link_level': {}, 'path_level': {}}",[],0.0,0.0,True,True,False,0,[],0,0.0,"OrderedDict([((1, 2), 0), ((0, 2), 0)])",0.0,0.0,3.0,2.0
7,6,5,1809.0,3264.0,1142033.2206242273,2192303.606164576,0.5542279411764706,0.5209284049038302,17,8,1,101.0,43342.0,6984,36358.0,0.03682250724038061,0.06616325062927009,6,719.678975926222,101.0,9,19,True,"{6: np.int64(44), 7: np.int64(74), 4: np.int64(88), 3: np.int64(47), 5: np.int64(36), 8: np.int64(80), 0: np.int64(16), 2: np.int64(99), 1: np.int64(64)}","{(0, 7): [(np.int64(16), 74)], (4, 5): [(np.int64(88), 29), (29, 98), (98, np.int64(36))], (6, 7): [(np.int64(44), 40), (40, np.int64(74))], (4, 8): [(np.int64(88), 80)], (4, 6): [(np.int64(88), 49), (49, np.int64(44))], (3, 7): [(np.int64(47), 39), (39, np.int64(74))], (3, 5): [(np.int64(47), 16), (16, 19), (19, np.int64(36))], (6, 8): [(np.int64(44), 80)], (5, 7): [(np.int64(36), 74)], (3, 6): [(np.int64(47), 99), (99, np.int64(44))], (0, 3): [(np.int64(16), 46), (46, 47)], (1, 6): [(np.int64(64), 44)], (1, 5): [(np.int64(64), 36)], (0, 6): [(np.int64(16), 21), (21, np.int64(44))], (0, 5): [(np.int64(16), 30), (30, 53), (53, np.int64(36))], (1, 4): [(np.int64(64), 36), (36, np.int64(88))], (2, 7): [(np.int64(99), 69), (69, 25), (25, np.int64(74))], (5, 6): [(np.int64(36), 44)], (1, 7): [(np.int64(64), 36), (36, np.int64(74))]}","{(6, np.int64(44)): {'cpu': 14}, (7, np.int64(74)): {'cpu': 16}, (4, np.int64(88)): {'cpu': 18}, (3, np.int64(47)): {'cpu': 12}, (5, np.int64(36)): {'cpu': 6}, (8, np.int64(80)): {'cpu': 11}, (0, np.int64(16)): {'cpu': 6}, (2, np.int64(99)): {'cpu': 20}, (1, np.int64(64)): {'cpu': 3}}","{((0, 7), (np.int64(16), 74)): {'bw': 47.0}, ((4, 5), (np.int64(88), 29)): {'bw': 44.0}, ((4, 5), (29, 98)): {'bw': 44.0}, ((4, 5), (98, np.int64(36))): {'bw': 44.0}, ((6, 7), (np.int64(44), 40)): {'bw': 42.0}, ((6, 7), (40, np.int64(74))): {'bw': 42.0}, ((4, 8), (np.int64(88), 80)): {'bw': 41.0}, ((4, 6), (np.int64(88), 49)): {'bw': 35.0}, ((4, 6), (49, np.int64(44))): {'bw': 35.0}, ((3, 7), (np.int64(47), 39)): {'bw': 36.0}, ((3, 7), (39, np.int64(74))): {'bw': 36.0}, ((3, 5), (np.int64(47), 16)): {'bw': 30.0}, ((3, 5), (16, 19)): {'bw': 30.0}, ((3, 5), (19, np.int64(36))): {'bw': 30.0}, ((6, 8), (np.int64(44), 80)): {'bw': 35.0}, ((5, 7), (np.int64(36), 74)): {'bw': 29.0}, ((3, 6), (np.int64(47), 99)): {'bw': 29.0}, ((3, 6), (99, np.int64(44))): {'bw': 29.0}, ((0, 3), (np.int64(16), 46)): {'bw': 30.0}, ((0, 3), (46, 47)): {'bw': 30.0}, ((1, 6), (np.int64(64), 44)): {'bw': 23.0}, ((1, 5), (np.int64(64), 36)): {'bw': 18.0}, ((0, 6), (np.int64(16), 21)): {'bw': 18.0}, ((0, 6), (21, np.int64(44))): {'bw': 18.0}, ((0, 5), (np.int64(16), 30)): {'bw': 18.0}, ((0, 5), (30, 53)): {'bw': 18.0}, ((0, 5), (53, np.int64(36))): {'bw': 18.0}, ((1, 4), (np.int64(64), 36)): {'bw': 8.0}, ((1, 4), (36, np.int64(88))): {'bw': 8.0}, ((2, 7), (np.int64(99), 69)): {'bw': 8.0}, ((2, 7), (69, 25)): {'bw': 8.0}, ((2, 7), (25, np.int64(74))): {'bw': 8.0}, ((5, 6), (np.int64(36), 44)): {'bw': 6.0}, ((1, 7), (np.int64(64), 36)): {'bw': 1.0}, ((1, 7), (36, np.int64(74))): {'bw': 1.0}}",1003.0,604.0,604.0,106.0,498.0,106.0,498.0,106.0,897.0,399.0,0.6021934197407777,721838.0128540007,434686.1014594381,433.38594362855247,Success,0.0,"{'node_level': {}, 'link_level': {}, 'path_level': {}}","{'node_level': {6: {'cpu': -60}, 7: {'cpu': -60}, 4: {'cpu': -51}, 3: {'cpu': -80}, 5: {'cpu': -56}, 8: {'cpu': -78}, 0: {'cpu': -83}, 2: {'cpu': -70}, 1: {'cpu': -69}}, 'link_level': {}, 'path_level': {}}","{'node_level': {6: {'cpu': 0}, 7: {'cpu': 0}, 4: {'cpu': 0}, 3: {'cpu': 0}, 5: {'cpu': 0}, 8: {'cpu': 0}, 0: {'cpu': 0}, 2: {'cpu': 0}, 1: {'cpu': 0}}, 'link_level': {}, 'path_level': {}}",[],0.0,0.0,True,True,False,0,[],0,0.0,"OrderedDict([((0, 7), 0), ((4, 5), 0), ((6, 7), 0), ((4, 8), 0), ((4, 6), 0), ((3, 7), 0), ((3, 5), 0), ((6, 8), 0), ((5, 7), 0), ((3, 6), 0), ((0, 3), 0), ((1, 6), 0), ((1, 5), 0), ((0, 6), 0), ((0, 5), 0), ((1, 4), 0), ((2, 7), 0), ((5, 6), 0), ((1, 7), 0)])",2.0,0.0,9.0,19.0
8,6,5,1809.0,3264.0,1142033.2206242273,2192303.606164576,0.5542279411764706,0.5209284049038302,17,9,1,109.0,43342.0,6984,36358.0,0.03682250724038061,0.06616325062927009,7,738.317450729603,109.0,8,16,False,"{7: np.int64(24), 0: np.int64(57), 6: np.int64(54), 3: np.int64(58), 1: np.int64(63), 4: np.int64(76), 5: np.int64(38)}",{},"{(7, np.int64(24)): {'cpu': 7}, (0, np.int64(57)): {'cpu': 6}, (6, np.int64(54)): {'cpu': 5}, (3, np.int64(58)): {'cpu': 8}, (1, np.int64(63)): {'cpu': 3}, (4, np.int64(76)): {'cpu': 9}, (5, np.int64(38)): {'cpu': 2}}",{},0.0,0.0,419.0,41.0,378.0,0.0,0.0,0.0,0.0,0.0,0.0,0.0,0.0,0.0,Place Failure,0.0,"{'node_level': {}, 'link_level': {}, 'path_level': {}}","{'node_level': {7: {'cpu': -49}, 0: {'cpu': -68}, 6: {'cpu': -89}, 3: {'cpu': -91}, 1: {'cpu': -88}, 4: {'cpu': -81}, 5: {'cpu': -43}}, 'link_level': {}, 'path_level': {}}","{'node_level': {7: {'cpu': 0}, 0: {'cpu': 0}, 6: {'cpu': 0}, 3: {'cpu': 0}, 1: {'cpu': 0}, 4: {'cpu': 0}, 5: {'cpu': 0}}, 'link_level': {}, 'path_level': {}}",[],0.0,0.0,False,True,False,0,[],0,0.0,,,,7.0,0.0
9,7,6,1955.0,3531.0,1168212.509822988,2240179.4295623093,0.5536675162843387,0.5214816699085731,19,10,1,121.0,43075.0,6936,36139.0,0.043442283822920924,0.07178815431242613,8,179.310199991511,121.0,4,3,True,"{1: np.int64(24), 2: np.int64(57), 3: np.int64(63), 0: np.int64(25)}","{(1, 3): [(np.int64(24), 1), (1, 5), (5, np.int64(63))], (0, 2): [(np.int64(25), 57)], (1, 2): [(np.int64(24), 28), (28, np.int64(57))]}","{(1, np.int64(24)): {'cpu': 12}, (2, np.int64(57)): {'cpu': 11}, (3, np.int64(63)): {'cpu': 11}, (0, np.int64(25)): {'cpu': 14}}","{((1, 3), (np.int64(24), 1)): {'bw': 48.0}, ((1, 3), (1, 5)): {'bw': 48.0}, ((1, 3), (5, np.int64(63))): {'bw': 48.0}, ((0, 2), (np.int64(25), 57)): {'bw': 25.0}, ((1, 2), (np.int64(24), 28)): {'bw': 25.0}, ((1, 2), (28, np.int64(57))): {'bw': 25.0}}",267.0,146.0,146.0,48.0,98.0,48.0,98.0,48.0,219.0,121.0,0.5468164794007491,47875.82339773344,26179.28919876061,98.04977228000227,Success,0.0,"{'node_level': {}, 'link_level': {}, 'path_level': {}}","{'node_level': {1: {'cpu': -44}, 2: {'cpu': -63}, 3: {'cpu': -80}, 0: {'cpu': -50}}, 'link_level': {}, 'path_level': {}}","{'node_level': {1: {'cpu': 0}, 2: {'cpu': 0}, 3: {'cpu': 0}, 0: {'cpu': 0}}, 'link_level': {}, 'path_level': {}}",[],0.0,0.0,True,True,False,0,[],0,0.0,"OrderedDict([((1, 3), 0), ((0, 2), 0), ((1, 2), 0)])",0.0,0.0,4.0,3.0
10,8,7,2140.0,3765.0,1305265.7627232014,2413533.273771228,0.5683930942895087,0.5408111737708423,22,11,1,132.0,42841.0,6868,35973.0,0.052820300648186436,0.07605177993527512,9,740.8283940552075,132.0,6,7,True,"{4: np.int64(58), 1: np.int64(76), 5: np.int64(0), 0: np.int64(38), 2: np.int64(78), 3: np.int64(2)}","{(4, 5): [(np.int64(58), 0)], (1, 5): [(np.int64(76), 0)], (1, 3): [(np.int64(76), 33), (33, np.int64(2))], (2, 4): [(np.int64(78), 18), (18, np.int64(58))], (0, 2): [(np.int64(38), 29), (29, np.int64(78))], (0, 4): [(np.int64(38), 18), (18, np.int64(58))], (1, 4): [(np.int64(76), 1), (1, 24), (24, np.int64(58))]}","{(4, np.int64(58)): {'cpu': 17}, (1, np.int64(76)): {'cpu': 15}, (5, np.int64(0)): {'cpu': 4}, (0, np.int64(38)): {'cpu': 15}, (2, np.int64(78)): {'cpu': 10}, (3, np.int64(2)): {'cpu': 7}}","{((4, 5), (np.int64(58), 0)): {'bw': 42.0}, ((1, 5), (np.int64(76), 0)): {'bw': 27.0}, ((1, 3), (np.int64(76), 33)): {'bw': 22.0}, ((1, 3), (33, np.int64(2))): {'bw': 22.0}, ((2, 4), (np.int64(78), 18)): {'bw': 10.0}, ((2, 4), (18, np.int64(58))): {'bw': 10.0}, ((0, 2), (np.int64(38), 29)): {'bw': 8.0}, ((0, 2), (29, np.int64(78))): {'bw': 8.0}, ((0, 4), (np.int64(38), 18)): {'bw': 7.0}, ((0, 4), (18, np.int64(58))): {'bw': 7.0}, ((1, 4), (np.int64(76), 1)): {'bw': 1.0}, ((1, 4), (1, 24)): {'bw': 1.0}, ((1, 4), (24, np.int64(58))): {'bw': 1.0}}",234.0,185.0,185.0,68.0,117.0,68.0,117.0,68.0,166.0,49.0,0.7905982905982906,173353.84420891854,137053.25290021338,585.6976619667238,Success,0.0,"{'node_level': {}, 'link_level': {}, 'path_level': {}}","{'node_level': {4: {'cpu': -82}, 1: {'cpu': -75}, 5: {'cpu': -83}, 0: {'cpu': -30}, 2: {'cpu': -40}, 3: {'cpu': -55}}, 'link_level': {}, 'path_level': {}}","{'node_level': {4: {'cpu': 0}, 1: {'cpu': 0}, 5: {'cpu': 0}, 0: {'cpu': 0}, 2: {'cpu': 0}, 3: {'cpu': 0}}, 'link_level': {}, 'path_level': {}}",[],0.0,0.0,True,True,False,0,[],0,0.0,"OrderedDict([((4, 5), 0), ((1, 5), 0), ((1, 3), 0), ((2, 4), 0), ((0, 2), 0), ((0, 4), 0), ((1, 4), 0)])",1.0,0.0,6.0,7.0
11,8,7,2140.0,3765.0,1305265.7627232014,2413533.273771228,0.5683930942895087,0.5408111737708423,22,12,1,153.0,42841.0,6868,35973.0,0.052820300648186436,0.07605177993527512,10,82.9858668174107,153.0,7,12,False,"{1: np.int64(43), 4: np.int64(27), 2: np.int64(92), 0: np.int64(70)}",{},"{(1, np.int64(43)): {'cpu': 15}, (4, np.int64(27)): {'cpu': 19}, (2, np.int64(92)): {'cpu': 11}, (0, np.int64(70)): {'cpu': 9}}",{},0.0,0.0,362.0,78.0,284.0,0.0,0.0,0.0,0.0,0.0,0.0,0.0,0.0,0.0,Place Failure,0.0,"{'node_level': {}, 'link_level': {}, 'path_level': {}}","{'node_level': {1: {'cpu': -42}, 4: {'cpu': -35}, 2: {'cpu': -54}, 0: {'cpu': -88}}, 'link_level': {}, 'path_level': {}}","{'node_level': {1: {'cpu': 0}, 4: {'cpu': 0}, 2: {'cpu': 0}, 0: {'cpu': 0}}, 'link_level': {}, 'path_level': {}}",[],0.0,0.0,False,True,False,0,[],0,0.0,,,,4.0,0.0
12,9,8,2277.0,4002.0,1364467.1137679263,2515947.2898121024,0.5689655172413793,0.5423273847163262,24,13,1,165.0,42604.0,6825,35779.0,0.058750517170045535,0.08103457132583347,11,432.12664996149624,165.0,4,3,True,"{1: np.int64(43), 0: np.int64(27), 3: np.int64(70), 2: np.int64(63)}","{(1, 2): [(np.int64(43), 63)], (0, 1): [(np.int64(27), 14), (14, 31), (31, np.int64(43))], (2, 3): [(np.int64(63), 5), (5, 97), (97, np.int64(70))]}","{(1, np.int64(43)): {'cpu': 19}, (0, np.int64(27)): {'cpu': 15}, (3, np.int64(70)): {'cpu': 7}, (2, np.int64(63)): {'cpu': 2}}","{((1, 2), (np.int64(43), 63)): {'bw': 44.0}, ((0, 1), (np.int64(27), 14)): {'bw': 29.0}, ((0, 1), (14, 31)): {'bw': 29.0}, ((0, 1), (31, np.int64(43))): {'bw': 29.0}, ((2, 3), (np.int64(63), 5)): {'bw': 21.0}, ((2, 3), (5, 97)): {'bw': 21.0}, ((2, 3), (97, np.int64(70))): {'bw': 21.0}}",237.0,137.0,137.0,43.0,94.0,43.0,94.0,43.0,194.0,100.0,0.5780590717299579,102414.01604087462,59201.35104472499,249.79473014651896,Success,0.0,"{'node_level': {}, 'link_level': {}, 'path_level': {}}","{'node_level': {1: {'cpu': -38}, 0: {'cpu': -39}, 3: {'cpu': -90}, 2: {'cpu': -78}}, 'link_level': {}, 'path_level': {}}","{'node_level': {1: {'cpu': 0}, 0: {'cpu': 0}, 3: {'cpu': 0}, 2: {'cpu': 0}}, 'link_level': {}, 'path_level': {}}",[],0.0,0.0,True,True,False,0,[],0,0.0,"OrderedDict([((1, 2), 0), ((0, 1), 0), ((2, 3), 0)])",1.0,0.0,4.0,3.0
13,10,9,2474.0,4306.0,1365358.421973722,2517322.709581452,0.5745471435206688,0.5423851367076954,28,14,1,177.0,42300.0,6742,35558.0,0.0701972141773548,0.08671084399239737,12,4.524407136018624,177.0,6,6,True,"{0: np.int64(64), 4: np.int64(67), 3: np.int64(22), 5: np.int64(53), 2: np.int64(55), 1: np.int64(82)}","{(2, 4): [(np.int64(55), 95), (95, np.int64(67))], (0, 3): [(np.int64(64), 57), (57, 22)], (0, 2): [(np.int64(64), 57), (57, np.int64(55))], (0, 5): [(np.int64(64), 36), (36, np.int64(53))], (1, 5): [(np.int64(82), 74), (74, np.int64(53))], (2, 3): [(np.int64(55), 22)]}","{(0, np.int64(64)): {'cpu': 15}, (4, np.int64(67)): {'cpu': 20}, (3, np.int64(22)): {'cpu': 17}, (5, np.int64(53)): {'cpu': 10}, (2, np.int64(55)): {'cpu': 5}, (1, np.int64(82)): {'cpu': 16}}","{((2, 4), (np.int64(55), 95)): {'bw': 28.0}, ((2, 4), (95, np.int64(67))): {'bw': 28.0}, ((0, 3), (np.int64(64), 57)): {'bw': 25.0}, ((0, 3), (57, 22)): {'bw': 25.0}, ((0, 2), (np.int64(64), 57)): {'bw': 20.0}, ((0, 2), (57, np.int64(55))): {'bw': 20.0}, ((0, 5), (np.int64(64), 36)): {'bw': 19.0}, ((0, 5), (36, np.int64(53))): {'bw': 19.0}, ((1, 5), (np.int64(82), 74)): {'bw': 15.0}, ((1, 5), (74, np.int64(53))): {'bw': 15.0}, ((2, 3), (np.int64(55), 22)): {'bw': 7.0}}",304.0,197.0,197.0,83.0,114.0,83.0,114.0,83.0,221.0,107.0,0.6480263157894737,1375.4197693496617,891.308205795669,2.931934887485753,Success,0.0,"{'node_level': {}, 'link_level': {}, 'path_level': {}}","{'node_level': {0: {'cpu': -54}, 4: {'cpu': -30}, 3: {'cpu': -46}, 5: {'cpu': -61}, 2: {'cpu': -48}, 1: {'cpu': -70}}, 'link_level': {}, 'path_level': {}}","{'node_level': {0: {'cpu': 0}, 4: {'cpu': 0}, 3: {'cpu': 0}, 5: {'cpu': 0}, 2: {'cpu': 0}, 1: {'cpu': 0}}, 'link_level': {}, 'path_level': {}}",[],0.0,0.0,True,True,False,0,[],0,0.0,"OrderedDict([((2, 4), 0), ((0, 3), 0), ((0, 2), 0), ((0, 5), 0), ((1, 5), 0), ((2, 3), 0)])",1.0,0.0,6.0,6.0
13,10,8,2474.0,4306.0,1365358.421973722,2517322.709581452,0.5745471435206688,0.5423851367076954,28,15,0,181.52440713601862,42604.0,6825,35779.0,0.058750517170045535,0.08103457132583347,12,4.524407136018624,177.0,6,6,False,{},{},{},{},0.0,0.0,0.0,0.0,0.0,0.0,0.0,0.0,0.0,0.0,0.0,0.0,0.0,0.0,Leave Event,0.0,"{'node_level': {}, 'link_level': {}, 'path_level': {}}","{'node_level': {}, 'link_level': {}, 'path_level': {}}","{'node_level': {}, 'link_level': {}, 'path_level': {}}",[],0.0,0.0,True,True,False,0,[],0,0.0,,,,,
14,11,9,2599.0,4515.0,1442519.5561096286,2646336.125856688,0.5756367663344407,0.5451006552097185,28,16,1,190.0,42395.0,6784,35611.0,0.06440490966763202,0.0853495659320902,13,617.2890730872523,190.0,4,4,True,"{0: np.int64(64), 3: np.int64(67), 1: np.int64(0), 2: np.int64(22)}","{(0, 1): [(np.int64(64), 79), (79, np.int64(0))], (0, 3): [(np.int64(64), 32), (32, np.int64(67))], (1, 2): [(np.int64(0), 39), (39, np.int64(22))], (1, 3): [(np.int64(0), 77), (77, np.int64(67))]}","{(0, np.int64(64)): {'cpu': 8}, (3, np.int64(67)): {'cpu': 13}, (1, np.int64(0)): {'cpu': 4}, (2, np.int64(22)): {'cpu': 16}}","{((0, 1), (np.int64(64), 79)): {'bw': 47.0}, ((0, 1), (79, np.int64(0))): {'bw': 47.0}, ((0, 3), (np.int64(64), 32)): {'bw': 24.0}, ((0, 3), (32, np.int64(67))): {'bw': 24.0}, ((1, 2), (np.int64(0), 39)): {'bw': 7.0}, ((1, 2), (39, np.int64(22))): {'bw': 7.0}, ((1, 3), (np.int64(0), 77)): {'bw': 6.0}, ((1, 3), (77, np.int64(67))): {'bw': 6.0}}",209.0,125.0,125.0,41.0,84.0,41.0,84.0,41.0,168.0,84.0,0.5980861244019139,129013.41627523572,77161.13413590654,369.1920293584045,Success,0.0,"{'node_level': {}, 'link_level': {}, 'path_level': {}}","{'node_level': {0: {'cpu': -61}, 3: {'cpu': -37}, 1: {'cpu': -79}, 2: {'cpu': -47}}, 'link_level': {}, 'path_level': {}}","{'node_level': {0: {'cpu': 0}, 3: {'cpu': 0}, 1: {'cpu': 0}, 2: {'cpu': 0}}, 'link_level': {}, 'path_level': {}}",[],0.0,0.0,True,True,False,0,[],0,0.0,"OrderedDict([((0, 1), 0), ((0, 3), 0), ((1, 2), 0), ((1, 3), 0)])",0.0,0.0,4.0,4.0
15,12,10,2879.0,4952.0,1531571.886611484,2785321.3702470837,0.5813812600969306,0.5498725938671915,30,17,1,201.0,41958.0,6724,35234.0,0.07267963039580749,0.09503261930446394,14,318.0440375066264,201.0,6,7,True,"{3: np.int64(53), 2: np.int64(82), 5: np.int64(95), 0: np.int64(2), 1: np.int64(97), 4: np.int64(70)}","{(2, 3): [(np.int64(82), 74), (74, np.int64(53))], (1, 2): [(np.int64(97), 48), (48, np.int64(82))], (3, 5): [(np.int64(53), 95)], (0, 3): [(np.int64(2), 63), (63, np.int64(53))], (4, 5): [(np.int64(70), 56), (56, np.int64(95))], (1, 4): [(np.int64(97), 70)], (1, 5): [(np.int64(97), 67), (67, np.int64(95))]}","{(3, np.int64(53)): {'cpu': 15}, (2, np.int64(82)): {'cpu': 20}, (5, np.int64(95)): {'cpu': 15}, (0, np.int64(2)): {'cpu': 7}, (1, np.int64(97)): {'cpu': 2}, (4, np.int64(70)): {'cpu': 1}}","{((2, 3), (np.int64(82), 74)): {'bw': 46.0}, ((2, 3), (74, np.int64(53))): {'bw': 46.0}, ((1, 2), (np.int64(97), 48)): {'bw': 45.0}, ((1, 2), (48, np.int64(82))): {'bw': 45.0}, ((3, 5), (np.int64(53), 95)): {'bw': 46.0}, ((0, 3), (np.int64(2), 63)): {'bw': 34.0}, ((0, 3), (63, np.int64(53))): {'bw': 34.0}, ((4, 5), (np.int64(70), 56)): {'bw': 31.0}, ((4, 5), (56, np.int64(95))): {'bw': 31.0}, ((1, 4), (np.int64(97), 70)): {'bw': 17.0}, ((1, 5), (np.int64(97), 67)): {'bw': 1.0}, ((1, 5), (67, np.int64(95))): {'bw': 1.0}}",437.0,280.0,280.0,60.0,220.0,60.0,220.0,60.0,377.0,157.0,0.6407322654462243,138985.24439039573,89052.3305018554,203.78107666328467,Success,0.0,"{'node_level': {}, 'link_level': {}, 'path_level': {}}","{'node_level': {3: {'cpu': -56}, 2: {'cpu': -66}, 5: {'cpu': -60}, 0: {'cpu': -48}, 1: {'cpu': -76}, 4: {'cpu': -89}}, 'link_level': {}, 'path_level': {}}","{'node_level': {3: {'cpu': 0}, 2: {'cpu': 0}, 5: {'cpu': 0}, 0: {'cpu': 0}, 1: {'cpu': 0}, 4: {'cpu': 0}}, 'link_level': {}, 'path_level': {}}",[],0.0,0.0,True,True,False,0,[],0,0.0,"OrderedDict([((2, 3), 0), ((1, 2), 0), ((3, 5), 0), ((0, 3), 0), ((4, 5), 0), ((1, 4), 0), ((1, 5), 0)])",1.0,0.0,6.0,7.0
16,13,11,3574.0,6165.0,2034208.9256382494,3662585.727570057,0.5797242497972425,0.5554024060995415,35,18,1,210.0,40745.0,6635,34110.0,0.0849537994759344,0.1239019879796579,15,723.2187611895904,210.0,9,21,True,"{2: np.int64(54), 8: np.int64(92), 4: np.int64(26), 7: np.int64(46), 3: np.int64(78), 5: np.int64(57), 1: np.int64(24), 0: np.int64(34), 6: np.int64(18)}","{(5, 8): [(np.int64(57), 25), (25, np.int64(92))], (3, 4): [(np.int64(78), 26)], (3, 8): [(np.int64(78), 54), (54, 31), (31, np.int64(92))], (4, 7): [(np.int64(26), 58), (58, np.int64(46))], (2, 3): [(np.int64(54), 78)], (2, 5): [(np.int64(54), 59), (59, 79), (79, np.int64(57))], (1, 6): [(np.int64(24), 59), (59, np.int64(18))], (3, 5): [(np.int64(78), 29), (29, np.int64(57))], (0, 5): [(np.int64(34), 33), (33, np.int64(57))], (1, 4): [(np.int64(24), 26)], (1, 2): [(np.int64(24), 54)], (3, 6): [(np.int64(78), 18)], (5, 7): [(np.int64(57), 30), (30, 16), (16, np.int64(46))], (4, 5): [(np.int64(26), 29), (29, np.int64(57))], (1, 5): [(np.int64(24), 28), (28, np.int64(57))], (0, 8): [(np.int64(34), 73), (73, np.int64(92))], (1, 7): [(np.int64(24), 46)], (5, 6): [(np.int64(57), 55), (55, np.int64(18))], (2, 8): [(np.int64(54), 31), (31, np.int64(92))], (0, 3): [(np.int64(34), 40), (40, np.int64(78))], (0, 6): [(np.int64(34), 73), (73, np.int64(18))]}","{(2, np.int64(54)): {'cpu': 19}, (8, np.int64(92)): {'cpu': 20}, (4, np.int64(26)): {'cpu': 13, 'nic_slots': 1}, (7, np.int64(46)): {'cpu': 19}, (3, np.int64(78)): {'cpu': 5, 'nic_slots': 1}, (5, np.int64(57)): {'cpu': 4}, (1, np.int64(24)): {'cpu': 3}, (0, np.int64(34)): {'cpu': 5}, (6, np.int64(18)): {'cpu': 1}}","{((5, 8), (np.int64(57), 25)): {'bw': 50.0}, ((5, 8), (25, np.int64(92))): {'bw': 50.0}, ((3, 4), (np.int64(78), 26)): {'bw': 49.0}, ((3, 8), (np.int64(78), 54)): {'bw': 41.0}, ((3, 8), (54, 31)): {'bw': 41.0}, ((3, 8), (31, np.int64(92))): {'bw': 41.0}, ((4, 7), (np.int64(26), 58)): {'bw': 44.0}, ((4, 7), (58, np.int64(46))): {'bw': 44.0}, ((2, 3), (np.int64(54), 78)): {'bw': 45.0}, ((2, 5), (np.int64(54), 59)): {'bw': 44.0}, ((2, 5), (59, 79)): {'bw': 44.0}, ((2, 5), (79, np.int64(57))): {'bw': 44.0}, ((1, 6), (np.int64(24), 59)): {'bw': 39.0}, ((1, 6), (59, np.int64(18))): {'bw': 39.0}, ((3, 5), (np.int64(78), 29)): {'bw': 33.0}, ((3, 5), (29, np.int64(57))): {'bw': 33.0}, ((0, 5), (np.int64(34), 33)): {'bw': 34.0}, ((0, 5), (33, np.int64(57))): {'bw': 34.0}, ((1, 4), (np.int64(24), 26)): {'bw': 36.0}, ((1, 2), (np.int64(24), 54)): {'bw': 32.0}, ((3, 6), (np.int64(78), 18)): {'bw': 30.0}, ((5, 7), (np.int64(57), 30)): {'bw': 31.0}, ((5, 7), (30, 16)): {'bw': 31.0}, ((5, 7), (16, np.int64(46))): {'bw': 31.0}, ((4, 5), (np.int64(26), 29)): {'bw': 25.0}, ((4, 5), (29, np.int64(57))): {'bw': 25.0}, ((1, 5), (np.int64(24), 28)): {'bw': 25.0}, ((1, 5), (28, np.int64(57))): {'bw': 25.0}, ((0, 8), (np.int64(34), 73)): {'bw': 10.0}, ((0, 8), (73, np.int64(92))): {'bw': 10.0}, ((1, 7), (np.int64(24), 46)): {'bw': 12.0}, ((5, 6), (np.int64(57), 55)): {'bw': 11.0}, ((5, 6), (55, np.int64(18))): {'bw': 11.0}, ((2, 8), (np.int64(54), 31)): {'bw': 8.0}, ((2, 8), (31, np.int64(92))): {'bw': 8.0}, ((0, 3), (np.int64(34), 40)): {'bw': 6.0}, ((0, 3), (40, np.int64(78))): {'bw': 6.0}, ((0, 6), (np.int64(34), 73)): {'bw': 1.0}, ((0, 6), (73, np.int64(18))): {'bw': 1.0}}",1213.0,695.0,695.0,89.0,606.0,89.0,606.0,89.0,1124.0,518.0,0.572959604286892,877264.3573229732,502637.0390267653,414.37513522404396,Success,0.0,"{'node_level': {}, 'link_level': {}, 'path_level': {}}","{'node_level': {2: {'cpu': -75}, 8: {'cpu': -45}, 4: {'cpu': -87}, 7: {'cpu': -78}, 3: {'cpu': -35}, 5: {'cpu': -59}, 1: {'cpu': -41}, 0: {'cpu': -67}, 6: {'cpu': -86}}, 'link_level': {}, 'path_level': {}}","{'node_level': {2: {'cpu': 0}, 8: {'cpu': 0}, 4: {'cpu': 0}, 7: {'cpu': 0}, 3: {'cpu': 0}, 5: {'cpu': 0}, 1: {'cpu': 0}, 0: {'cpu': 0}, 6: {'cpu': 0}}, 'link_level': {}, 'path_level': {}}",[],0.0,0.0,True,True,False,0,[],0,0.0,"OrderedDict([((5, 8), 0), ((3, 4), 1), ((3, 8), 0), ((4, 7), 0), ((2, 3), 0), ((2, 5), 0), ((1, 6), 0), ((3, 5), 0), ((0, 5), 0), ((1, 4), 0), ((1, 2), 0), ((3, 6), 0), ((5, 7), 0), ((4, 5), 0), ((1, 5), 0), ((0, 8), 0), ((1, 7), 0), ((5, 6), 0), ((2, 8), 0), ((0, 3), 0), ((0, 6), 0)])",4.0,1.0,9.0,21.0
17,13,11,3574.0,6165.0,2034208.9256382494,3662585.727570057,0.5797242497972425,0.5554024060995415,35,19,1,232.0,40745.0,6635,34110.0,0.0849537994759344,0.1239019879796579,16,314.9854338538292,232.0,9,20,False,"{8: np.int64(47), 1: np.int64(49), 2: np.int64(36)}",{},"{(8, np.int64(47)): {'cpu': 10}, (1, np.int64(49)): {'cpu': 15}, (2, np.int64(36)): {'cpu': 11}}",{},0.0,0.0,578.0,73.0,505.0,0.0,0.0,0.0,0.0,0.0,0.0,0.0,0.0,0.0,Place Failure,0.0,"{'node_level': {}, 'link_level': {}, 'path_level': {}}","{'node_level': {8: {'cpu': -70}, 1: {'cpu': -65}, 2: {'cpu': -45}}, 'link_level': {}, 'path_level': {}}","{'node_level': {8: {'cpu': 0}, 1: {'cpu': 0}, 2: {'cpu': 0}}, 'link_level': {}, 'path_level': {}}",[],0.0,0.0,False,True,False,0,[],0,0.0,,,,3.0,0.0
17,13,11,3574.0,6165.0,2034208.9256382494,3662585.727570057,0.5797242497972425,0.5554024060995415,35,20,0,235.98586681741068,40745.0,6635,34110.0,0.0849537994759344,0.1239019879796579,10,82.9858668174107,153.0,7,12,False,{},{},{},{},0.0,0.0,0.0,0.0,0.0,0.0,0.0,0.0,0.0,0.0,0.0,0.0,0.0,0.0,Leave Event,0.0,"{'node_level': {}, 'link_level': {}, 'path_level': {}}","{'node_level': {}, 'link_level': {}, 'path_level': {}}","{'node_level': {}, 'link_level': {}, 'path_level': {}}",[],0.0,0.0,True,True,False,0,[],0,0.0,,,,,
18,14,12,3634.0,6249.0,2043609.2233585273,3675746.144378446,0.5815330452872459,0.5559712621841282,37,21,1,243.0,40661.0,6603,34058.0,0.08936698386429454,0.12523758154826115,17,156.67162867129824,243.0,3,2,True,"{2: np.int64(47), 1: np.int64(49), 0: np.int64(94)}","{(1, 2): [(np.int64(49), 93), (93, np.int64(47))], (0, 1): [(np.int64(94), 49)]}","{(2, np.int64(47)): {'cpu': 8}, (1, np.int64(49)): {'cpu': 5}, (0, np.int64(94)): {'cpu': 19}}","{((1, 2), (np.int64(49), 93)): {'bw': 24.0}, ((1, 2), (93, np.int64(47))): {'bw': 24.0}, ((0, 1), (np.int64(94), 49)): {'bw': 4.0}}",84.0,60.0,60.0,32.0,28.0,32.0,28.0,32.0,52.0,24.0,0.7142857142857143,13160.416808389053,9400.297720277895,111.90830619378445,Success,0.0,"{'node_level': {}, 'link_level': {}, 'path_level': {}}","{'node_level': {2: {'cpu': -72}, 1: {'cpu': -75}, 0: {'cpu': -54}}, 'link_level': {}, 'path_level': {}}","{'node_level': {2: {'cpu': 0}, 1: {'cpu': 0}, 0: {'cpu': 0}}, 'link_level': {}, 'path_level': {}}",[],0.0,0.0,True,True,False,0,[],0,0.0,"OrderedDict([((1, 2), 0), ((0, 1), 0)])",0.0,0.0,3.0,2.0
19,15,13,3975.0,6883.0,2347433.93946705,4240628.4611315355,0.5775098067703036,0.5535580306039543,39,22,1,252.0,40027.0,6521,33506.0,0.10067576885946761,0.13941542096881898,18,890.981572165756,252.0,9,13,True,"{8: np.int64(36), 1: np.int64(38), 3: np.int64(99), 2: np.int64(76), 6: np.int64(88), 5: np.int64(64), 7: np.int64(44), 4: np.int64(51), 0: np.int64(81)}","{(4, 8): [(np.int64(51), 19), (19, np.int64(36))], (1, 3): [(np.int64(38), 51), (51, np.int64(99))], (3, 7): [(np.int64(99), 44)], (0, 5): [(np.int64(81), 14), (14, 57), (57, np.int64(64))], (5, 6): [(np.int64(64), 36), (36, np.int64(88))], (0, 3): [(np.int64(81), 14), (14, 27), (27, np.int64(99))], (2, 4): [(np.int64(76), 73), (73, 99), (99, np.int64(51))], (3, 8): [(np.int64(99), 44), (44, 36)], (1, 8): [(np.int64(38), 53), (53, np.int64(36))], (2, 5): [(np.int64(76), 60), (60, np.int64(64))], (4, 5): [(np.int64(51), 79), (79, np.int64(64))], (1, 6): [(np.int64(38), 29), (29, np.int64(88))], (1, 2): [(np.int64(38), 1), (1, np.int64(76))]}","{(8, np.int64(36)): {'cpu': 19}, (1, np.int64(38)): {'cpu': 18}, (3, np.int64(99)): {'cpu': 8, 'nic_slots': 1}, (2, np.int64(76)): {'cpu': 10}, (6, np.int64(88)): {'cpu': 12}, (5, np.int64(64)): {'cpu': 4}, (7, np.int64(44)): {'cpu': 8, 'nic_slots': 1}, (4, np.int64(51)): {'cpu': 2}, (0, np.int64(81)): {'cpu': 1}}","{((4, 8), (np.int64(51), 19)): {'bw': 44.0}, ((4, 8), (19, np.int64(36))): {'bw': 44.0}, ((1, 3), (np.int64(38), 51)): {'bw': 35.0}, ((1, 3), (51, np.int64(99))): {'bw': 35.0}, ((3, 7), (np.int64(99), 44)): {'bw': 30.0}, ((0, 5), (np.int64(81), 14)): {'bw': 23.0}, ((0, 5), (14, 57)): {'bw': 23.0}, ((0, 5), (57, np.int64(64))): {'bw': 23.0}, ((5, 6), (np.int64(64), 36)): {'bw': 20.0}, ((5, 6), (36, np.int64(88))): {'bw': 20.0}, ((0, 3), (np.int64(81), 14)): {'bw': 19.0}, ((0, 3), (14, 27)): {'bw': 19.0}, ((0, 3), (27, np.int64(99))): {'bw': 19.0}, ((2, 4), (np.int64(76), 73)): {'bw': 22.0}, ((2, 4), (73, 99)): {'bw': 22.0}, ((2, 4), (99, np.int64(51))): {'bw': 22.0}, ((3, 8), (np.int64(99), 44)): {'bw': 19.0}, ((3, 8), (44, 36)): {'bw': 19.0}, ((1, 8), (np.int64(38), 53)): {'bw': 18.0}, ((1, 8), (53, np.int64(36))): {'bw': 18.0}, ((2, 5), (np.int64(76), 60)): {'bw': 12.0}, ((2, 5), (60, np.int64(64))): {'bw': 12.0}, ((4, 5), (np.int64(51), 79)): {'bw': 12.0}, ((4, 5), (79, np.int64(64))): {'bw': 12.0}, ((1, 6), (np.int64(38), 29)): {'bw': 3.0}, ((1, 6), (29, np.int64(88))): {'bw': 3.0}, ((1, 2), (np.int64(38), 1)): {'bw': 2.0}, ((1, 2), (1, np.int64(76))): {'bw': 2.0}}",634.0,341.0,341.0,82.0,259.0,82.0,259.0,82.0,552.0,293.0,0.5378548895899053,564882.3167530893,303824.7161085228,479.218795123853,Success,0.0,"{'node_level': {}, 'link_level': {}, 'path_level': {}}","{'node_level': {8: {'cpu': -37}, 1: {'cpu': -12}, 3: {'cpu': -62}, 2: {'cpu': -65}, 6: {'cpu': -39}, 5: {'cpu': -57}, 7: {'cpu': -52}, 4: {'cpu': -51}, 0: {'cpu': -72}}, 'link_level': {}, 'path_level': {}}","{'node_level': {8: {'cpu': 0}, 1: {'cpu': 0}, 3: {'cpu': 0}, 2: {'cpu': 0}, 6: {'cpu': 0}, 5: {'cpu': 0}, 7: {'cpu': 0}, 4: {'cpu': 0}, 0: {'cpu': 0}}, 'link_level': {}, 'path_level': {}}",[],0.0,0.0,True,True,False,0,[],0,0.0,"OrderedDict([((4, 8), 0), ((1, 3), 0), ((3, 7), 1), ((0, 5), 0), ((5, 6), 0), ((0, 3), 0), ((2, 4), 0), ((3, 8), 0), ((1, 8), 0), ((2, 5), 0), ((4, 5), 0), ((1, 6), 0), ((1, 2), 0)])",0.0,1.0,9.0,13.0
20,16,14,4047.0,6955.0,2376286.3681753995,4269480.889839885,0.581883537023724,0.5565750098168294,39,23,1,269.0,39955.0,6495,33460.0,0.10426148117501033,0.1405969075871989,19,400.7281765048497,269.0,2,1,True,"{0: np.int64(70), 1: np.int64(97)}","{(0, 1): [(np.int64(70), 97)]}","{(0, np.int64(70)): {'cpu': 14}, (1, np.int64(97)): {'cpu': 12}}","{((0, 1), (np.int64(70), 97)): {'bw': 46.0}}",72.0,72.0,72.0,26.0,46.0,26.0,46.0,26.0,46.0,0.0,1.0,28852.42870834918,28852.42870834918,400.7281765048497,Success,0.0,"{'node_level': {}, 'link_level': {}, 'path_level': {}}","{'node_level': {0: {'cpu': -75}, 1: {'cpu': -64}}, 'link_level': {}, 'path_level': {}}","{'node_level': {0: {'cpu': 0}, 1: {'cpu': 0}}, 'link_level': {}, 'path_level': {}}",[],0.0,0.0,True,True,False,0,[],0,0.0,"OrderedDict([((0, 1), 0)])",0.0,0.0,2.0,1.0
20,16,13,4047.0,6955.0,2376286.3681753995,4269480.889839885,0.581883537023724,0.5565750098168294,39,24,0,277.4931300162837,39975.0,6511,33464.0,0.10205488898083026,0.1404941696203832,3,219.49313001628371,58.0,2,1,False,{},{},{},{},0.0,0.0,0.0,0.0,0.0,0.0,0.0,0.0,0.0,0.0,0.0,0.0,0.0,0.0,Leave Event,0.0,"{'node_level': {}, 'link_level': {}, 'path_level': {}}","{'node_level': {}, 'link_level': {}, 'path_level': {}}","{'node_level': {}, 'link_level': {}, 'path_level': {}}",[],0.0,0.0,True,True,False,0,[],0,0.0,,,,,
21,16,13,4047.0,6955.0,2376286.3681753995,4269480.889839885,0.581883537023724,0.5565750098168294,39,25,1,285.0,39975.0,6511,33464.0,0.10205488898083026,0.1404941696203832,20,36.329163408596344,285.0,8,19,False,"{3: np.int64(16), 1: np.int64(2), 7: np.int64(13), 6: np.int64(67), 5: np.int64(25), 2: np.int64(49), 0: np.int64(66)}",{},"{(3, np.int64(16)): {'cpu': 20}, (1, np.int64(2)): {'cpu': 20}, (7, np.int64(13)): {'cpu': 12}, (6, np.int64(67)): {'cpu': 9}, (5, np.int64(25)): {'cpu': 11}, (2, np.int64(49)): {'cpu': 4}, (0, np.int64(66)): {'cpu': 3}}",{},0.0,0.0,562.0,82.0,480.0,0.0,0.0,0.0,0.0,0.0,0.0,0.0,0.0,0.0,Place Failure,0.0,"{'node_level': {}, 'link_level': {}, 'path_level': {}}","{'node_level': {3: {'cpu': -67}, 1: {'cpu': -28}, 7: {'cpu': -83}, 6: {'cpu': -28}, 5: {'cpu': -39}, 2: {'cpu': -71}, 0: {'cpu': -62}}, 'link_level': {}, 'path_level': {}}","{'node_level': {3: {'cpu': 0}, 1: {'cpu': 0}, 7: {'cpu': 0}, 6: {'cpu': 0}, 5: {'cpu': 0}, 2: {'cpu': 0}, 0: {'cpu': 0}}, 'link_level': {}, 'path_level': {}}",[],0.0,0.0,False,True,False,0,[],0,0.0,,,,7.0,0.0
22,17,14,4401.0,7577.0,2489488.327711695,4468383.7678951835,0.5808367427741851,0.5571339564874392,44,26,1,294.0,39353.0,6432,32921.0,0.11294993793959451,0.15444084861560592,21,319.7795467126984,294.0,9,13,True,"{0: np.int64(16), 5: np.int64(2), 7: np.int64(13), 3: np.int64(49), 8: np.int64(67), 4: np.int64(33), 1: np.int64(66), 2: np.int64(12), 6: np.int64(71)}","{(5, 8): [(np.int64(2), 66), (66, np.int64(67))], (0, 7): [(np.int64(16), 84), (84, np.int64(13))], (3, 8): [(np.int64(49), 95), (95, np.int64(67))], (0, 1): [(np.int64(16), 21), (21, np.int64(66))], (0, 5): [(np.int64(16), 82), (82, np.int64(2))], (4, 5): [(np.int64(33), 2)], (1, 7): [(np.int64(66), 67), (67, 25), (25, np.int64(13))], (6, 8): [(np.int64(71), 67)], (4, 8): [(np.int64(33), 76), (76, np.int64(67))], (0, 8): [(np.int64(16), 38), (38, np.int64(67))], (3, 7): [(np.int64(49), 73), (73, 3), (3, np.int64(13))], (1, 4): [(np.int64(66), 2), (2, np.int64(33))], (2, 4): [(np.int64(12), 57), (57, np.int64(33))]}","{(0, np.int64(16)): {'cpu': 12}, (5, np.int64(2)): {'cpu': 15}, (7, np.int64(13)): {'cpu': 15}, (3, np.int64(49)): {'cpu': 15}, (8, np.int64(67)): {'cpu': 3}, (4, np.int64(33)): {'cpu': 2}, (1, np.int64(66)): {'cpu': 1}, (2, np.int64(12)): {'cpu': 15}, (6, np.int64(71)): {'cpu': 1}}","{((5, 8), (np.int64(2), 66)): {'bw': 41.0}, ((5, 8), (66, np.int64(67))): {'bw': 41.0}, ((0, 7), (np.int64(16), 84)): {'bw': 40.0}, ((0, 7), (84, np.int64(13))): {'bw': 40.0}, ((3, 8), (np.int64(49), 95)): {'bw': 39.0}, ((3, 8), (95, np.int64(67))): {'bw': 39.0}, ((0, 1), (np.int64(16), 21)): {'bw': 36.0}, ((0, 1), (21, np.int64(66))): {'bw': 36.0}, ((0, 5), (np.int64(16), 82)): {'bw': 32.0}, ((0, 5), (82, np.int64(2))): {'bw': 32.0}, ((4, 5), (np.int64(33), 2)): {'bw': 16.0}, ((1, 7), (np.int64(66), 67)): {'bw': 17.0}, ((1, 7), (67, 25)): {'bw': 17.0}, ((1, 7), (25, np.int64(13))): {'bw': 17.0}, ((6, 8), (np.int64(71), 67)): {'bw': 14.0}, ((4, 8), (np.int64(33), 76)): {'bw': 15.0}, ((4, 8), (76, np.int64(67))): {'bw': 15.0}, ((0, 8), (np.int64(16), 38)): {'bw': 8.0}, ((0, 8), (38, np.int64(67))): {'bw': 8.0}, ((3, 7), (np.int64(49), 73)): {'bw': 6.0}, ((3, 7), (73, 3)): {'bw': 6.0}, ((3, 7), (3, np.int64(13))): {'bw': 6.0}, ((1, 4), (np.int64(66), 2)): {'bw': 8.0}, ((1, 4), (2, np.int64(33))): {'bw': 8.0}, ((2, 4), (np.int64(12), 57)): {'bw': 3.0}, ((2, 4), (57, np.int64(33))): {'bw': 3.0}}",622.0,354.0,354.0,79.0,275.0,79.0,275.0,79.0,543.0,268.0,0.5691318327974276,198902.8780552984,113201.95953629522,181.99671951172866,Success,0.0,"{'node_level': {}, 'link_level': {}, 'path_level': {}}","{'node_level': {0: {'cpu': -75}, 5: {'cpu': -33}, 7: {'cpu': -80}, 3: {'cpu': -60}, 8: {'cpu': -34}, 4: {'cpu': -80}, 1: {'cpu': -64}, 2: {'cpu': -42}, 6: {'cpu': -83}}, 'link_level': {}, 'path_level': {}}","{'node_level': {0: {'cpu': 0}, 5: {'cpu': 0}, 7: {'cpu': 0}, 3: {'cpu': 0}, 8: {'cpu': 0}, 4: {'cpu': 0}, 1: {'cpu': 0}, 2: {'cpu': 0}, 6: {'cpu': 0}}, 'link_level': {}, 'path_level': {}}",[],0.0,0.0,True,True,False,0,[],0,0.0,"OrderedDict([((5, 8), 0), ((0, 7), 0), ((3, 8), 0), ((0, 1), 0), ((0, 5), 0), ((4, 5), 0), ((1, 7), 0), ((6, 8), 0), ((4, 8), 0), ((0, 8), 0), ((3, 7), 0), ((1, 4), 0), ((2, 4), 0)])",0.0,0.0,9.0,13.0
23,17,14,4401.0,7577.0,2489488.327711695,4468383.7678951835,0.5808367427741851,0.5571339564874392,44,27,1,298.0,39353.0,6432,32921.0,0.11294993793959451,0.15444084861560592,22,678.8822772352025,298.0,8,13,False,"{0: np.int64(0), 5: np.int64(47), 2: np.int64(22), 3: np.int64(34), 1: np.int64(81), 4: np.int64(73)}",{},"{(0, np.int64(0)): {'cpu': 18}, (5, np.int64(47)): {'cpu': 9}, (2, np.int64(22)): {'cpu': 15}, (3, np.int64(34)): {'cpu': 11}, (1, np.int64(81)): {'cpu': 12}, (4, np.int64(73)): {'cpu': 7}}",{},0.0,0.0,383.0,77.0,306.0,0.0,0.0,0.0,0.0,0.0,0.0,0.0,0.0,0.0,Place Failure,0.0,"{'node_level': {}, 'link_level': {}, 'path_level': {}}","{'node_level': {0: {'cpu': -61}, 5: {'cpu': -63}, 2: {'cpu': -32}, 3: {'cpu': -56}, 1: {'cpu': -60}, 4: {'cpu': -50}}, 'link_level': {}, 'path_level': {}}","{'node_level': {0: {'cpu': 0}, 5: {'cpu': 0}, 2: {'cpu': 0}, 3: {'cpu': 0}, 1: {'cpu': 0}, 4: {'cpu': 0}}, 'link_level': {}, 'path_level': {}}",[],0.0,0.0,False,True,False,0,[],0,0.0,,,,6.0,0.0
23,17,13,4401.0,7577.0,2489488.327711695,4468383.7678951835,0.5808367427741851,0.5571339564874392,44,28,0,300.310199991511,39620.0,6480,33140.0,0.1063301613570542,0.14881594493244976,8,179.310199991511,121.0,4,3,False,{},{},{},{},0.0,0.0,0.0,0.0,0.0,0.0,0.0,0.0,0.0,0.0,0.0,0.0,0.0,0.0,Leave Event,0.0,"{'node_level': {}, 'link_level': {}, 'path_level': {}}","{'node_level': {}, 'link_level': {}, 'path_level': {}}","{'node_level': {}, 'link_level': {}, 'path_level': {}}",[],0.0,0.0,True,True,False,0,[],0,0.0,,,,,
24,18,14,4487.0,7785.0,2498653.298834514,4490550.209680607,0.5763648041104689,0.5564247546877407,44,29,1,303.0,39412.0,6455,32957.0,0.10977796166046061,0.15351620691426515,23,106.56943166068811,303.0,3,2,True,"{1: np.int64(24), 2: np.int64(25), 0: np.int64(63)}","{(0, 1): [(np.int64(63), 5), (5, 97), (97, np.int64(24))], (1, 2): [(np.int64(24), 3), (3, 13), (13, np.int64(25))]}","{(1, np.int64(24)): {'cpu': 7}, (2, np.int64(25)): {'cpu': 10}, (0, np.int64(63)): {'cpu': 8}}","{((0, 1), (np.int64(63), 5)): {'bw': 33.0}, ((0, 1), (5, 97)): {'bw': 33.0}, ((0, 1), (97, np.int64(24))): {'bw': 33.0}, ((1, 2), (np.int64(24), 3)): {'bw': 28.0}, ((1, 2), (3, 13)): {'bw': 28.0}, ((1, 2), (13, np.int64(25))): {'bw': 28.0}}",208.0,86.0,86.0,25.0,61.0,25.0,61.0,25.0,183.0,122.0,0.41346153846153844,22166.44178542313,9164.971122819177,44.06236116739989,Success,0.0,"{'node_level': {}, 'link_level': {}, 'path_level': {}}","{'node_level': {1: {'cpu': -46}, 2: {'cpu': -54}, 0: {'cpu': -81}}, 'link_level': {}, 'path_level': {}}","{'node_level': {1: {'cpu': 0}, 2: {'cpu': 0}, 0: {'cpu': 0}}, 'link_level': {}, 'path_level': {}}",[],0.0,0.0,True,True,False,0,[],0,0.0,"OrderedDict([((0, 1), 0), ((1, 2), 0)])",1.0,0.0,3.0,2.0
25,19,15,4541.0,7874.0,2515506.764980399,4518327.218698825,0.5767081534163069,0.5567340839260437,44,30,1,316.0,39323.0,6436,32887.0,0.1123982898910495,0.15531412133353883,24,312.1012249237991,316.0,2,1,True,"{1: np.int64(0), 0: np.int64(47)}","{(0, 1): [(np.int64(47), 39), (39, np.int64(0))]}","{(1, np.int64(0)): {'cpu': 16}, (0, np.int64(47)): {'cpu': 3}}","{((0, 1), (np.int64(47), 39)): {'bw': 35.0}, ((0, 1), (39, np.int64(0))): {'bw': 35.0}}",89.0,54.0,54.0,19.0,35.0,19.0,35.0,19.0,70.0,35.0,0.6067415730337079,27777.009018218123,16853.46614588515,189.36478815601296,Success,0.0,"{'node_level': {}, 'link_level': {}, 'path_level': {}}","{'node_level': {1: {'cpu': -63}, 0: {'cpu': -69}}, 'link_level': {}, 'path_level': {}}","{'node_level': {1: {'cpu': 0}, 0: {'cpu': 0}}, 'link_level': {}, 'path_level': {}}",[],0.0,0.0,True,True,False,0,[],0,0.0,"OrderedDict([((0, 1), 0)])",0.0,0.0,2.0,1.0
25,19,14,4541.0,7874.0,2515506.764980399,4518327.218698825,0.5767081534163069,0.5567340839260437,44,31,0,320.8592859300695,39461.0,6472,32989.0,0.10743345745414423,0.1526943031797401,5,238.85928593006952,82.0,3,2,False,{},{},{},{},0.0,0.0,0.0,0.0,0.0,0.0,0.0,0.0,0.0,0.0,0.0,0.0,0.0,0.0,Leave Event,0.0,"{'node_level': {}, 'link_level': {}, 'path_level': {}}","{'node_level': {}, 'link_level': {}, 'path_level': {}}","{'node_level': {}, 'link_level': {}, 'path_level': {}}",[],0.0,0.0,True,True,False,0,[],0,0.0,,,,,
25,19,14,4541.0,7874.0,2515506.764980399,4518327.218698825,0.5767081534163069,0.5567340839260437,44,32,0,321.32916340859634,39461.0,6472,32989.0,0.10743345745414423,0.1526943031797401,20,36.329163408596344,285.0,8,19,False,{},{},{},{},0.0,0.0,0.0,0.0,0.0,0.0,0.0,0.0,0.0,0.0,0.0,0.0,0.0,0.0,Leave Event,0.0,"{'node_level': {}, 'link_level': {}, 'path_level': {}}","{'node_level': {}, 'link_level': {}, 'path_level': {}}","{'node_level': {}, 'link_level': {}, 'path_level': {}}",[],0.0,0.0,True,True,False,0,[],0,0.0,,,,,
26,20,15,4603.0,7937.0,2523623.68268165,4526575.054427515,0.5799420435932973,0.557512833066416,44,33,1,332.0,39398.0,6440,32958.0,0.11184664184250448,0.15349052242256123,25,130.91802743952812,332.0,3,2,True,"{0: np.int64(24), 2: np.int64(22), 1: np.int64(64)}","{(0, 2): [(np.int64(24), 22)], (0, 1): [(np.int64(24), 28), (28, np.int64(64))]}","{(0, np.int64(24)): {'cpu': 19}, (2, np.int64(22)): {'cpu': 10}, (1, np.int64(64)): {'cpu': 3}}","{((0, 2), (np.int64(24), 22)): {'bw': 29.0}, ((0, 1), (np.int64(24), 28)): {'bw': 1.0}, ((0, 1), (28, np.int64(64))): {'bw': 1.0}}",63.0,62.0,62.0,32.0,30.0,32.0,30.0,32.0,31.0,1.0,0.9841269841269841,8247.835728690272,8116.917701250743,128.83996351191655,Success,0.0,"{'node_level': {}, 'link_level': {}, 'path_level': {}}","{'node_level': {0: {'cpu': -35}, 2: {'cpu': -37}, 1: {'cpu': -70}}, 'link_level': {}, 'path_level': {}}","{'node_level': {0: {'cpu': 0}, 2: {'cpu': 0}, 1: {'cpu': 0}}, 'link_level': {}, 'path_level': {}}",[],0.0,0.0,True,True,False,0,[],0,0.0,"OrderedDict([((0, 2), 0), ((0, 1), 0)])",1.0,0.0,3.0,2.0
27,20,15,4603.0,7937.0,2523623.68268165,4526575.054427515,0.5799420435932973,0.557512833066416,44,34,1,338.0,39398.0,6440,32958.0,0.11184664184250448,0.15349052242256123,26,354.88990711825784,338.0,10,20,False,"{7: np.int64(64), 9: np.int64(76), 4: np.int64(25), 5: np.int64(57), 2: np.int64(81), 0: np.int64(34), 1: np.int64(5), 3: np.int64(71), 6: np.int64(38), 8: np.int64(83)}","{(5, 7): [(np.int64(57), 64)], (4, 9): [(np.int64(25), 36), (36, np.int64(76))], (0, 3): [(np.int64(34), 27), (27, 51), (51, np.int64(71))], (2, 3): [(np.int64(81), 35), (35, np.int64(71))], (4, 5): [(np.int64(25), 12), (12, np.int64(57))], (5, 6): [(np.int64(57), 30), (30, 53), (53, np.int64(38))], (2, 7): [(np.int64(81), 14), (14, np.int64(64))], (7, 9): [(np.int64(64), 60), (60, np.int64(76))], (1, 6): [(np.int64(5), 1), (1, np.int64(38))], (6, 9): [(np.int64(38), 1), (1, np.int64(76))], (3, 7): [(np.int64(71), 32), (32, np.int64(64))], (5, 8): [(np.int64(57), 83)], (4, 7): [(np.int64(25), 57), (57, np.int64(64))]}","{(7, np.int64(64)): {'cpu': 16}, (9, np.int64(76)): {'cpu': 17}, (4, np.int64(25)): {'cpu': 19}, (5, np.int64(57)): {'cpu': 10}, (2, np.int64(81)): {'cpu': 9}, (0, np.int64(34)): {'cpu': 13}, (1, np.int64(5)): {'cpu': 12}, (3, np.int64(71)): {'cpu': 3}, (6, np.int64(38)): {'cpu': 3}, (8, np.int64(83)): {'cpu': 3}}","{((5, 7), (np.int64(57), 64)): {'bw': 50.0}, ((4, 9), (np.int64(25), 36)): {'bw': 49.0}, ((4, 9), (36, np.int64(76))): {'bw': 49.0}, ((0, 3), (np.int64(34), 27)): {'bw': 50.0}, ((0, 3), (27, 51)): {'bw': 50.0}, ((0, 3), (51, np.int64(71))): {'bw': 50.0}, ((2, 3), (np.int64(81), 35)): {'bw': 50.0}, ((2, 3), (35, np.int64(71))): {'bw': 50.0}, ((4, 5), (np.int64(25), 12)): {'bw': 44.0}, ((4, 5), (12, np.int64(57))): {'bw': 44.0}, ((5, 6), (np.int64(57), 30)): {'bw': 37.0}, ((5, 6), (30, 53)): {'bw': 37.0}, ((5, 6), (53, np.int64(38))): {'bw': 37.0}, ((2, 7), (np.int64(81), 14)): {'bw': 38.0}, ((2, 7), (14, np.int64(64))): {'bw': 38.0}, ((7, 9), (np.int64(64), 60)): {'bw': 33.0}, ((7, 9), (60, np.int64(76))): {'bw': 33.0}, ((1, 6), (np.int64(5), 1)): {'bw': 29.0}, ((1, 6), (1, np.int64(38))): {'bw': 29.0}, ((6, 9), (np.int64(38), 1)): {'bw': 22.0}, ((6, 9), (1, np.int64(76))): {'bw': 22.0}, ((3, 7), (np.int64(71), 32)): {'bw': 15.0}, ((3, 7), (32, np.int64(64))): {'bw': 15.0}, ((5, 8), (np.int64(57), 83)): {'bw': 15.0}, ((4, 7), (np.int64(25), 57)): {'bw': 13.0}, ((4, 7), (57, np.int64(64))): {'bw': 13.0}}",0.0,0.0,597.0,105.0,492.0,0.0,0.0,0.0,0.0,0.0,0.0,0.0,0.0,0.0,Route Failure,0.0,"{'node_level': {}, 'link_level': {}, 'path_level': {}}","{'node_level': {7: {'cpu': -54}, 9: {'cpu': -48}, 4: {'cpu': -35}, 5: {'cpu': -60}, 2: {'cpu': -63}, 0: {'cpu': -54}, 1: {'cpu': -49}, 3: {'cpu': -80}, 6: {'cpu': -21}, 8: {'cpu': -74}}, 'link_level': {}, 'path_level': {}}","{'node_level': {7: {'cpu': 0}, 9: {'cpu': 0}, 4: {'cpu': 0}, 5: {'cpu': 0}, 2: {'cpu': 0}, 0: {'cpu': 0}, 1: {'cpu': 0}, 3: {'cpu': 0}, 6: {'cpu': 0}, 8: {'cpu': 0}}, 'link_level': {}, 'path_level': {}}",[],0.0,0.0,True,False,False,0,[],0,0.0,"OrderedDict([((5, 7), 0), ((4, 9), 0), ((0, 3), 0), ((2, 3), 0), ((4, 5), 0), ((5, 6), 0), ((2, 7), 0), ((7, 9), 0), ((1, 6), 0), ((6, 9), 0), ((3, 7), 0), ((5, 8), 0), ((4, 7), 0)])",0.0,0.0,10.0,13.0
28,20,15,4603.0,7937.0,2523623.68268165,4526575.054427515,0.5799420435932973,0.557512833066416,44,35,1,347.0,39398.0,6440,32958.0,0.11184664184250448,0.15349052242256123,27,116.95585498041265,347.0,10,20,False,"{2: np.int64(64), 7: np.int64(76), 6: np.int64(38), 9: np.int64(83), 1: np.int64(34), 0: np.int64(81), 8: np.int64(5), 3: np.int64(25), 4: np.int64(74), 5: np.int64(71)}","{(7, 9): [(np.int64(76), 83)], (5, 9): [(np.int64(71), 89), (89, 44), (44, np.int64(83))], (2, 6): [(np.int64(64), 10), (10, 89), (89, np.int64(38))], (1, 3): [(np.int64(34), 73), (73, 41), (41, 86), (86, np.int64(25))], (0, 9): [(np.int64(81), 80), (80, 44), (44, np.int64(83))], (0, 8): [(np.int64(81), 14), (14, 48), (48, 94), (94, np.int64(5))], (2, 4): [(np.int64(64), 98), (98, 25), (25, np.int64(74))], (4, 8): [(np.int64(74), 41), (41, np.int64(5))], (0, 1): [(np.int64(81), 16), (16, np.int64(34))], (0, 3): [(np.int64(81), 77), (77, 12), (12, np.int64(25))], (2, 3): [(np.int64(64), 44), (44, np.int64(25))], (0, 4): [(np.int64(81), 16), (16, np.int64(74))]}","{(2, np.int64(64)): {'cpu': 15}, (7, np.int64(76)): {'cpu': 15}, (6, np.int64(38)): {'cpu': 19}, (9, np.int64(83)): {'cpu': 13}, (1, np.int64(34)): {'cpu': 17}, (0, np.int64(81)): {'cpu': 8}, (8, np.int64(5)): {'cpu': 17, 'nic_slots': 1}, (3, np.int64(25)): {'cpu': 6}, (4, np.int64(74)): {'cpu': 4, 'nic_slots': 1}, (5, np.int64(71)): {'cpu': 9}}","{((7, 9), (np.int64(76), 83)): {'bw': 50.0}, ((5, 9), (np.int64(71), 89)): {'bw': 49.0}, ((5, 9), (89, 44)): {'bw': 49.0}, ((5, 9), (44, np.int64(83))): {'bw': 49.0}, ((2, 6), (np.int64(64), 10)): {'bw': 48.0}, ((2, 6), (10, 89)): {'bw': 48.0}, ((2, 6), (89, np.int64(38))): {'bw': 48.0}, ((1, 3), (np.int64(34), 73)): {'bw': 44.0}, ((1, 3), (73, 41)): {'bw': 44.0}, ((1, 3), (41, 86)): {'bw': 44.0}, ((1, 3), (86, np.int64(25))): {'bw': 44.0}, ((0, 9), (np.int64(81), 80)): {'bw': 41.0}, ((0, 9), (80, 44)): {'bw': 41.0}, ((0, 9), (44, np.int64(83))): {'bw': 41.0}, ((0, 8), (np.int64(81), 14)): {'bw': 43.0}, ((0, 8), (14, 48)): {'bw': 43.0}, ((0, 8), (48, 94)): {'bw': 43.0}, ((0, 8), (94, np.int64(5))): {'bw': 43.0}, ((2, 4), (np.int64(64), 98)): {'bw': 41.0}, ((2, 4), (98, 25)): {'bw': 41.0}, ((2, 4), (25, np.int64(74))): {'bw': 41.0}, ((4, 8), (np.int64(74), 41)): {'bw': 38.0}, ((4, 8), (41, np.int64(5))): {'bw': 38.0}, ((0, 1), (np.int64(81), 16)): {'bw': 38.0}, ((0, 1), (16, np.int64(34))): {'bw': 38.0}, ((0, 3), (np.int64(81), 77)): {'bw': 31.0}, ((0, 3), (77, 12)): {'bw': 31.0}, ((0, 3), (12, np.int64(25))): {'bw': 31.0}, ((2, 3), (np.int64(64), 44)): {'bw': 29.0}, ((2, 3), (44, np.int64(25))): {'bw': 29.0}, ((0, 4), (np.int64(81), 16)): {'bw': 25.0}, ((0, 4), (16, np.int64(74))): {'bw': 25.0}}",0.0,0.0,765.0,123.0,642.0,0.0,0.0,0.0,0.0,0.0,0.0,0.0,0.0,0.0,Route Failure,0.0,"{'node_level': {}, 'link_level': {}, 'path_level': {}}","{'node_level': {2: {'cpu': -55}, 7: {'cpu': -50}, 6: {'cpu': -5}, 9: {'cpu': -64}, 1: {'cpu': -50}, 0: {'cpu': -64}, 8: {'cpu': -44}, 3: {'cpu': -48}, 4: {'cpu': -56}, 5: {'cpu': -74}}, 'link_level': {}, 'path_level': {}}","{'node_level': {2: {'cpu': 0}, 7: {'cpu': 0}, 6: {'cpu': 0}, 9: {'cpu': 0}, 1: {'cpu': 0}, 0: {'cpu': 0}, 8: {'cpu': 0}, 3: {'cpu': 0}, 4: {'cpu': 0}, 5: {'cpu': 0}}, 'link_level': {}, 'path_level': {}}",[],0.0,0.0,True,False,False,0,[],0,0.0,"OrderedDict([((7, 9), 0), ((5, 9), 0), ((2, 6), 0), ((1, 3), 0), ((0, 9), 0), ((0, 8), 0), ((2, 4), 0), ((4, 8), 1), ((0, 1), 0), ((0, 3), 0), ((2, 3), 0), ((0, 4), 0)])",0.0,1.0,10.0,12.0
29,20,15,4603.0,7937.0,2523623.68268165,4526575.054427515,0.5799420435932973,0.557512833066416,44,36,1,358.0,39398.0,6440,32958.0,0.11184664184250448,0.15349052242256123,28,25.28059424921669,358.0,5,5,False,"{0: np.int64(64), 3: np.int64(34), 1: np.int64(27)}",{},"{(0, np.int64(64)): {'cpu': 20}, (3, np.int64(34)): {'cpu': 10}, (1, np.int64(27)): {'cpu': 8}}",{},0.0,0.0,135.0,50.0,85.0,0.0,0.0,0.0,0.0,0.0,0.0,0.0,0.0,0.0,Place Failure,0.0,"{'node_level': {}, 'link_level': {}, 'path_level': {}}","{'node_level': {0: {'cpu': -50}, 3: {'cpu': -57}, 1: {'cpu': -31}}, 'link_level': {}, 'path_level': {}}","{'node_level': {0: {'cpu': 0}, 3: {'cpu': 0}, 1: {'cpu': 0}}, 'link_level': {}, 'path_level': {}}",[],0.0,0.0,False,True,False,0,[],0,0.0,,,,3.0,0.0
30,20,15,4603.0,7937.0,2523623.68268165,4526575.054427515,0.5799420435932973,0.557512833066416,44,37,1,373.0,39398.0,6440,32958.0,0.11184664184250448,0.15349052242256123,29,365.8004448664571,373.0,10,25,False,"{4: np.int64(64), 8: np.int64(34), 2: np.int64(25), 7: np.int64(76), 5: np.int64(74), 6: np.int64(38), 1: np.int64(15), 9: np.int64(41), 0: np.int64(81), 3: np.int64(40)}","{(4, 7): [(np.int64(64), 60), (60, np.int64(76))], (1, 9): [(np.int64(15), 73), (73, np.int64(41))], (0, 6): [(np.int64(81), 35), (35, np.int64(38))], (5, 8): [(np.int64(74), 41), (41, 73), (73, np.int64(34))], (4, 9): [(np.int64(64), 57), (57, np.int64(41))], (1, 3): [(np.int64(15), 46), (46, 20), (20, np.int64(40))], (2, 3): [(np.int64(25), 74), (74, np.int64(40))], (2, 8): [(np.int64(25), 12), (12, 77), (77, np.int64(34))], (2, 9): [(np.int64(25), 86), (86, np.int64(41))], (4, 5): [(np.int64(64), 10), (10, 20), (20, np.int64(74))], (2, 4): [(np.int64(25), 57), (57, np.int64(64))], (4, 8): [(np.int64(64), 32), (32, 77), (77, np.int64(34))], (3, 8): [(np.int64(40), 34)], (6, 9): [(np.int64(38), 74), (74, np.int64(41))]}","{(4, np.int64(64)): {'cpu': 20}, (8, np.int64(34)): {'cpu': 18}, (2, np.int64(25)): {'cpu': 15}, (7, np.int64(76)): {'cpu': 19}, (5, np.int64(74)): {'cpu': 17}, (6, np.int64(38)): {'cpu': 14}, (1, np.int64(15)): {'cpu': 8}, (9, np.int64(41)): {'cpu': 5}, (0, np.int64(81)): {'cpu': 10}, (3, np.int64(40)): {'cpu': 6}}","{((4, 7), (np.int64(64), 60)): {'bw': 41.0}, ((4, 7), (60, np.int64(76))): {'bw': 41.0}, ((1, 9), (np.int64(15), 73)): {'bw': 42.0}, ((1, 9), (73, np.int64(41))): {'bw': 42.0}, ((0, 6), (np.int64(81), 35)): {'bw': 42.0}, ((0, 6), (35, np.int64(38))): {'bw': 42.0}, ((5, 8), (np.int64(74), 41)): {'bw': 39.0}, ((5, 8), (41, 73)): {'bw': 39.0}, ((5, 8), (73, np.int64(34))): {'bw': 39.0}, ((4, 9), (np.int64(64), 57)): {'bw': 39.0}, ((4, 9), (57, np.int64(41))): {'bw': 39.0}, ((1, 3), (np.int64(15), 46)): {'bw': 39.0}, ((1, 3), (46, 20)): {'bw': 39.0}, ((1, 3), (20, np.int64(40))): {'bw': 39.0}, ((2, 3), (np.int64(25), 74)): {'bw': 35.0}, ((2, 3), (74, np.int64(40))): {'bw': 35.0}, ((2, 8), (np.int64(25), 12)): {'bw': 36.0}, ((2, 8), (12, 77)): {'bw': 36.0}, ((2, 8), (77, np.int64(34))): {'bw': 36.0}, ((2, 9), (np.int64(25), 86)): {'bw': 35.0}, ((2, 9), (86, np.int64(41))): {'bw': 35.0}, ((4, 5), (np.int64(64), 10)): {'bw': 26.0}, ((4, 5), (10, 20)): {'bw': 26.0}, ((4, 5), (20, np.int64(74))): {'bw': 26.0}, ((2, 4), (np.int64(25), 57)): {'bw': 25.0}, ((2, 4), (57, np.int64(64))): {'bw': 25.0}, ((4, 8), (np.int64(64), 32)): {'bw': 24.0}, ((4, 8), (32, 77)): {'bw': 24.0}, ((4, 8), (77, np.int64(34))): {'bw': 24.0}, ((3, 8), (np.int64(40), 34)): {'bw': 23.0}, ((6, 9), (np.int64(38), 74)): {'bw': 22.0}, ((6, 9), (74, np.int64(41))): {'bw': 22.0}}",0.0,0.0,737.0,132.0,605.0,0.0,0.0,0.0,0.0,0.0,0.0,0.0,0.0,0.0,Route Failure,0.0,"{'node_level': {}, 'link_level': {}, 'path_level': {}}","{'node_level': {4: {'cpu': -50}, 8: {'cpu': -49}, 2: {'cpu': -39}, 7: {'cpu': -46}, 5: {'cpu': -43}, 6: {'cpu': -10}, 1: {'cpu': -67}, 9: {'cpu': -45}, 0: {'cpu': -62}, 3: {'cpu': -45}}, 'link_level': {}, 'path_level': {}}","{'node_level': {4: {'cpu': 0}, 8: {'cpu': 0}, 2: {'cpu': 0}, 7: {'cpu': 0}, 5: {'cpu': 0}, 6: {'cpu': 0}, 1: {'cpu': 0}, 9: {'cpu': 0}, 0: {'cpu': 0}, 3: {'cpu': 0}}, 'link_level': {}, 'path_level': {}}",[],0.0,0.0,True,False,False,0,[],0,0.0,"OrderedDict([((4, 7), 0), ((1, 9), 0), ((0, 6), 0), ((5, 8), 0), ((4, 9), 0), ((1, 3), 0), ((2, 3), 0), ((2, 8), 0), ((2, 9), 0), ((4, 5), 0), ((2, 4), 0), ((4, 8), 0), ((3, 8), 0), ((6, 9), 0)])",1.0,0.0,10.0,14.0
30,20,15,4603.0,7937.0,2523623.68268165,4526575.054427515,0.5799420435932973,0.557512833066416,44,38,0,383.2805942492167,39398.0,6440,32958.0,0.11184664184250448,0.15349052242256123,28,25.28059424921669,358.0,5,5,False,{},{},{},{},0.0,0.0,0.0,0.0,0.0,0.0,0.0,0.0,0.0,0.0,0.0,0.0,0.0,0.0,Leave Event,0.0,"{'node_level': {}, 'link_level': {}, 'path_level': {}}","{'node_level': {}, 'link_level': {}, 'path_level': {}}","{'node_level': {}, 'link_level': {}, 'path_level': {}}",[],0.0,0.0,True,True,False,0,[],0,0.0,,,,,
31,20,15,4603.0,7937.0,2523623.68268165,4526575.054427515,0.5799420435932973,0.557512833066416,44,39,1,391.0,39398.0,6440,32958.0,0.11184664184250448,0.15349052242256123,30,94.53917765339064,391.0,9,18,False,"{3: np.int64(64), 1: np.int64(34), 0: np.int64(76), 4: np.int64(81), 2: np.int64(57), 8: np.int64(94), 5: np.int64(30), 6: np.int64(14), 7: np.int64(60)}","{(2, 7): [(np.int64(57), 64), (64, np.int64(60))], (1, 8): [(np.int64(34), 45), (45, 5), (5, np.int64(94))], (0, 6): [(np.int64(76), 31), (31, np.int64(14))], (2, 5): [(np.int64(57), 30)], (4, 8): [(np.int64(81), 14), (14, 48), (48, np.int64(94))], (3, 6): [(np.int64(64), 14)], (2, 6): [(np.int64(57), 14)], (2, 8): [(np.int64(57), 55), (55, np.int64(94))], (1, 6): [(np.int64(34), 27), (27, np.int64(14))], (1, 3): [(np.int64(34), 33), (33, 57), (57, np.int64(64))], (5, 6): [(np.int64(30), 53), (53, np.int64(14))], (4, 5): [(np.int64(81), 80), (80, 37), (37, np.int64(30))], (0, 3): [(np.int64(76), 60), (60, np.int64(64))]}","{(3, np.int64(64)): {'cpu': 14}, (1, np.int64(34)): {'cpu': 15, 'nic_slots': 1}, (0, np.int64(76)): {'cpu': 20}, (4, np.int64(81)): {'cpu': 12}, (2, np.int64(57)): {'cpu': 6}, (8, np.int64(94)): {'cpu': 9, 'nic_slots': 1}, (5, np.int64(30)): {'cpu': 6}, (6, np.int64(14)): {'cpu': 3}, (7, np.int64(60)): {'cpu': 2}}","{((2, 7), (np.int64(57), 64)): {'bw': 46.0}, ((2, 7), (64, np.int64(60))): {'bw': 46.0}, ((1, 8), (np.int64(34), 45)): {'bw': 43.0}, ((1, 8), (45, 5)): {'bw': 43.0}, ((1, 8), (5, np.int64(94))): {'bw': 43.0}, ((0, 6), (np.int64(76), 31)): {'bw': 38.0}, ((0, 6), (31, np.int64(14))): {'bw': 38.0}, ((2, 5), (np.int64(57), 30)): {'bw': 42.0}, ((4, 8), (np.int64(81), 14)): {'bw': 37.0}, ((4, 8), (14, 48)): {'bw': 37.0}, ((4, 8), (48, np.int64(94))): {'bw': 37.0}, ((3, 6), (np.int64(64), 14)): {'bw': 33.0}, ((2, 6), (np.int64(57), 14)): {'bw': 31.0}, ((2, 8), (np.int64(57), 55)): {'bw': 28.0}, ((2, 8), (55, np.int64(94))): {'bw': 28.0}, ((1, 6), (np.int64(34), 27)): {'bw': 25.0}, ((1, 6), (27, np.int64(14))): {'bw': 25.0}, ((1, 3), (np.int64(34), 33)): {'bw': 25.0}, ((1, 3), (33, 57)): {'bw': 25.0}, ((1, 3), (57, np.int64(64))): {'bw': 25.0}, ((5, 6), (np.int64(30), 53)): {'bw': 25.0}, ((5, 6), (53, np.int64(14))): {'bw': 25.0}, ((4, 5), (np.int64(81), 80)): {'bw': 26.0}, ((4, 5), (80, 37)): {'bw': 26.0}, ((4, 5), (37, np.int64(30))): {'bw': 26.0}, ((0, 3), (np.int64(76), 60)): {'bw': 22.0}, ((0, 3), (60, np.int64(64))): {'bw': 22.0}}",0.0,0.0,580.0,87.0,493.0,0.0,0.0,0.0,0.0,0.0,0.0,0.0,0.0,0.0,Route Failure,0.0,"{'node_level': {}, 'link_level': {}, 'path_level': {}}","{'node_level': {3: {'cpu': -56}, 1: {'cpu': -52}, 0: {'cpu': -45}, 4: {'cpu': -60}, 2: {'cpu': -64}, 8: {'cpu': -45}, 5: {'cpu': -85}, 6: {'cpu': -53}, 7: {'cpu': -60}}, 'link_level': {}, 'path_level': {}}","{'node_level': {3: {'cpu': 0}, 1: {'cpu': 0}, 0: {'cpu': 0}, 4: {'cpu': 0}, 2: {'cpu': 0}, 8: {'cpu': 0}, 5: {'cpu': 0}, 6: {'cpu': 0}, 7: {'cpu': 0}}, 'link_level': {}, 'path_level': {}}",[],0.0,0.0,True,False,False,0,[],0,0.0,"OrderedDict([((2, 7), 0), ((1, 8), 1), ((0, 6), 0), ((2, 5), 0), ((4, 8), 0), ((3, 6), 0), ((2, 6), 0), ((2, 8), 0), ((1, 6), 0), ((1, 3), 0), ((5, 6), 0), ((4, 5), 0), ((0, 3), 0)])",2.0,1.0,9.0,13.0
31,20,14,4603.0,7937.0,2523623.68268165,4526575.054427515,0.5799420435932973,0.557512833066416,44,40,0,399.6716286712982,39482.0,6472,33010.0,0.10743345745414423,0.15215492885395798,17,156.67162867129824,243.0,3,2,False,{},{},{},{},0.0,0.0,0.0,0.0,0.0,0.0,0.0,0.0,0.0,0.0,0.0,0.0,0.0,0.0,Leave Event,0.0,"{'node_level': {}, 'link_level': {}, 'path_level': {}}","{'node_level': {}, 'link_level': {}, 'path_level': {}}","{'node_level': {}, 'link_level': {}, 'path_level': {}}",[],0.0,0.0,True,True,False,0,[],0,0.0,,,,,
32,21,15,4755.0,8285.0,2561980.8753512935,4614392.837644856,0.5739287869643935,0.5552151638348384,44,41,1,401.0,39134.0,6440,32694.0,0.11184664184250448,0.16027122823239326,31,252.34995177396962,401.0,5,4,True,"{4: np.int64(94), 2: np.int64(47), 3: np.int64(64), 1: np.int64(34), 0: np.int64(76)}","{(1, 2): [(np.int64(34), 46), (46, 93), (93, np.int64(47))], (1, 3): [(np.int64(34), 33), (33, 57), (57, np.int64(64))], (2, 4): [(np.int64(47), 43), (43, np.int64(94))], (0, 1): [(np.int64(76), 73), (73, np.int64(34))]}","{(4, np.int64(94)): {'cpu': 18}, (2, np.int64(47)): {'cpu': 4}, (3, np.int64(64)): {'cpu': 4}, (1, np.int64(34)): {'cpu': 1}, (0, np.int64(76)): {'cpu': 5}}","{((1, 2), (np.int64(34), 46)): {'bw': 44.0}, ((1, 2), (46, 93)): {'bw': 44.0}, ((1, 2), (93, np.int64(47))): {'bw': 44.0}, ((1, 3), (np.int64(34), 33)): {'bw': 32.0}, ((1, 3), (33, 57)): {'bw': 32.0}, ((1, 3), (57, np.int64(64))): {'bw': 32.0}, ((2, 4), (np.int64(47), 43)): {'bw': 26.0}, ((2, 4), (43, np.int64(94))): {'bw': 26.0}, ((0, 1), (np.int64(76), 73)): {'bw': 18.0}, ((0, 1), (73, np.int64(34))): {'bw': 18.0}}",348.0,152.0,152.0,32.0,120.0,32.0,120.0,32.0,316.0,196.0,0.4367816091954023,87817.78321734144,38357.19266964338,110.22181801621662,Success,0.0,"{'node_level': {}, 'link_level': {}, 'path_level': {}}","{'node_level': {4: {'cpu': -55}, 2: {'cpu': -73}, 3: {'cpu': -66}, 1: {'cpu': -66}, 0: {'cpu': -60}}, 'link_level': {}, 'path_level': {}}","{'node_level': {4: {'cpu': 0}, 2: {'cpu': 0}, 3: {'cpu': 0}, 1: {'cpu': 0}, 0: {'cpu': 0}}, 'link_level': {}, 'path_level': {}}",[],0.0,0.0,True,True,False,0,[],0,0.0,"OrderedDict([((1, 2), 0), ((1, 3), 0), ((2, 4), 0), ((0, 1), 0)])",0.0,0.0,5.0,4.0
32,21,14,4755.0,8285.0,2561980.8753512935,4614392.837644856,0.5739287869643935,0.5552151638348384,44,42,0,409.5694316606881,39342.0,6465,32877.0,0.10839884153909807,0.15557096625057787,23,106.56943166068811,303.0,3,2,False,{},{},{},{},0.0,0.0,0.0,0.0,0.0,0.0,0.0,0.0,0.0,0.0,0.0,0.0,0.0,0.0,Leave Event,0.0,"{'node_level': {}, 'link_level': {}, 'path_level': {}}","{'node_level': {}, 'link_level': {}, 'path_level': {}}","{'node_level': {}, 'link_level': {}, 'path_level': {}}",[],0.0,0.0,True,True,False,0,[],0,0.0,,,,,
33,22,15,5152.0,8978.0,2584526.0796986273,4653747.564628993,0.5738471820004455,0.555364476436674,45,43,1,412.0,38649.0,6371,32278.0,0.12136257067990619,0.17095597678121954,32,56.788927827037256,412.0,8,13,True,"{5: np.int64(25), 6: np.int64(63), 0: np.int64(5), 1: np.int64(24), 4: np.int64(38), 2: np.int64(74), 3: np.int64(94), 7: np.int64(81)}","{(2, 3): [(np.int64(74), 94)], (0, 5): [(np.int64(5), 41), (41, 86), (86, np.int64(25))], (3, 6): [(np.int64(94), 5), (5, np.int64(63))], (4, 5): [(np.int64(38), 74), (74, np.int64(25))], (0, 6): [(np.int64(5), 97), (97, 11), (11, np.int64(63))], (5, 6): [(np.int64(25), 32), (32, np.int64(63))], (1, 2): [(np.int64(24), 20), (20, np.int64(74))], (0, 3): [(np.int64(5), 94)], (3, 5): [(np.int64(94), 43), (43, np.int64(25))], (4, 6): [(np.int64(38), 43), (43, np.int64(63))], (2, 5): [(np.int64(74), 25)], (0, 4): [(np.int64(5), 1), (1, np.int64(38))], (6, 7): [(np.int64(63), 19), (19, 16), (16, np.int64(81))]}","{(5, np.int64(25)): {'cpu': 15}, (6, np.int64(63)): {'cpu': 17}, (0, np.int64(5)): {'cpu': 14, 'nic_slots': 1}, (1, np.int64(24)): {'cpu': 18, 'nic_slots': 1}, (4, np.int64(38)): {'cpu': 9}, (2, np.int64(74)): {'cpu': 4, 'nic_slots': 2}, (3, np.int64(94)): {'cpu': 1, 'nic_slots': 2}, (7, np.int64(81)): {'cpu': 16}}","{((2, 3), (np.int64(74), 94)): {'bw': 46.0}, ((0, 5), (np.int64(5), 41)): {'bw': 45.0}, ((0, 5), (41, 86)): {'bw': 45.0}, ((0, 5), (86, np.int64(25))): {'bw': 45.0}, ((3, 6), (np.int64(94), 5)): {'bw': 36.0}, ((3, 6), (5, np.int64(63))): {'bw': 36.0}, ((4, 5), (np.int64(38), 74)): {'bw': 27.0}, ((4, 5), (74, np.int64(25))): {'bw': 27.0}, ((0, 6), (np.int64(5), 97)): {'bw': 26.0}, ((0, 6), (97, 11)): {'bw': 26.0}, ((0, 6), (11, np.int64(63))): {'bw': 26.0}, ((5, 6), (np.int64(25), 32)): {'bw': 26.0}, ((5, 6), (32, np.int64(63))): {'bw': 26.0}, ((1, 2), (np.int64(24), 20)): {'bw': 25.0}, ((1, 2), (20, np.int64(74))): {'bw': 25.0}, ((0, 3), (np.int64(5), 94)): {'bw': 20.0}, ((3, 5), (np.int64(94), 43)): {'bw': 19.0}, ((3, 5), (43, np.int64(25))): {'bw': 19.0}, ((4, 6), (np.int64(38), 43)): {'bw': 14.0}, ((4, 6), (43, np.int64(63))): {'bw': 14.0}, ((2, 5), (np.int64(74), 25)): {'bw': 13.0}, ((0, 4), (np.int64(5), 1)): {'bw': 5.0}, ((0, 4), (1, np.int64(38))): {'bw': 5.0}, ((6, 7), (np.int64(63), 19)): {'bw': 1.0}, ((6, 7), (19, 16)): {'bw': 1.0}, ((6, 7), (16, np.int64(81))): {'bw': 1.0}}",693.0,397.0,397.0,94.0,303.0,94.0,303.0,94.0,599.0,296.0,0.5728715728715729,39354.72698413682,22545.20434733379,32.532762405965066,Success,0.0,"{'node_level': {}, 'link_level': {}, 'path_level': {}}","{'node_level': {5: {'cpu': -49}, 6: {'cpu': -72}, 0: {'cpu': -47}, 1: {'cpu': -24}, 4: {'cpu': -15}, 2: {'cpu': -56}, 3: {'cpu': -54}, 7: {'cpu': -56}}, 'link_level': {}, 'path_level': {}}","{'node_level': {5: {'cpu': 0}, 6: {'cpu': 0}, 0: {'cpu': 0}, 1: {'cpu': 0}, 4: {'cpu': 0}, 2: {'cpu': 0}, 3: {'cpu': 0}, 7: {'cpu': 0}}, 'link_level': {}, 'path_level': {}}",[],0.0,0.0,True,True,False,0,[],0,0.0,"OrderedDict([((2, 3), 1), ((0, 5), 0), ((3, 6), 0), ((4, 5), 0), ((0, 6), 0), ((5, 6), 0), ((1, 2), 1), ((0, 3), 1), ((3, 5), 0), ((4, 6), 0), ((2, 5), 0), ((0, 4), 0), ((6, 7), 0)])",2.0,3.0,8.0,13.0
34,22,15,5152.0,8978.0,2584526.0796986273,4653747.564628993,0.5738471820004455,0.555364476436674,45,44,1,420.0,38649.0,6371,32278.0,0.12136257067990619,0.17095597678121954,33,356.48138769731304,420.0,7,12,False,"{6: np.int64(71), 1: np.int64(27), 4: np.int64(64), 0: np.int64(48), 2: np.int64(83), 5: np.int64(88), 3: np.int64(30)}","{(0, 1): [(np.int64(48), 27)], (4, 6): [(np.int64(64), 57), (57, 30), (30, np.int64(71))], (1, 5): [(np.int64(27), 51), (51, 23), (23, np.int64(88))], (4, 5): [(np.int64(64), 60), (60, 19), (19, 61), (61, np.int64(88))], (0, 2): [(np.int64(48), 37), (37, 26), (26, np.int64(83))], (1, 6): [(np.int64(27), 67), (67, np.int64(71))]}","{(6, np.int64(71)): {'cpu': 19}, (1, np.int64(27)): {'cpu': 13}, (4, np.int64(64)): {'cpu': 15}, (0, np.int64(48)): {'cpu': 9}, (2, np.int64(83)): {'cpu': 9}, (5, np.int64(88)): {'cpu': 4}, (3, np.int64(30)): {'cpu': 4}}","{((0, 1), (np.int64(48), 27)): {'bw': 49.0}, ((4, 6), (np.int64(64), 57)): {'bw': 44.0}, ((4, 6), (57, 30)): {'bw': 44.0}, ((4, 6), (30, np.int64(71))): {'bw': 44.0}, ((1, 5), (np.int64(27), 51)): {'bw': 43.0}, ((1, 5), (51, 23)): {'bw': 43.0}, ((1, 5), (23, np.int64(88))): {'bw': 43.0}, ((4, 5), (np.int64(64), 60)): {'bw': 39.0}, ((4, 5), (60, 19)): {'bw': 39.0}, ((4, 5), (19, 61)): {'bw': 39.0}, ((4, 5), (61, np.int64(88))): {'bw': 39.0}, ((0, 2), (np.int64(48), 37)): {'bw': 36.0}, ((0, 2), (37, 26)): {'bw': 36.0}, ((0, 2), (26, np.int64(83))): {'bw': 36.0}, ((1, 6), (np.int64(27), 67)): {'bw': 32.0}, ((1, 6), (67, np.int64(71))): {'bw': 32.0}}",0.0,0.0,389.0,73.0,316.0,0.0,0.0,0.0,0.0,0.0,0.0,0.0,0.0,0.0,Route Failure,0.0,"{'node_level': {}, 'link_level': {}, 'path_level': {}}","{'node_level': {6: {'cpu': -64}, 1: {'cpu': -26}, 4: {'cpu': -51}, 0: {'cpu': -49}, 2: {'cpu': -68}, 5: {'cpu': -35}, 3: {'cpu': -87}}, 'link_level': {}, 'path_level': {}}","{'node_level': {6: {'cpu': 0}, 1: {'cpu': 0}, 4: {'cpu': 0}, 0: {'cpu': 0}, 2: {'cpu': 0}, 5: {'cpu': 0}, 3: {'cpu': 0}}, 'link_level': {}, 'path_level': {}}",[],0.0,0.0,True,False,False,0,[],0,0.0,"OrderedDict([((0, 1), 0), ((4, 6), 0), ((1, 5), 0), ((4, 5), 0), ((0, 2), 0), ((1, 6), 0)])",0.0,0.0,7.0,6.0
35,23,16,5227.0,9058.0,2588566.1727628955,4658056.997230879,0.577058953411349,0.5557180116734823,46,45,1,428.0,38569.0,6346,32223.0,0.1248103709833126,0.17236862382493445,34,53.86790752357342,428.0,3,2,True,"{2: np.int64(71), 0: np.int64(30), 1: np.int64(64)}","{(0, 2): [(np.int64(30), 71)], (0, 1): [(np.int64(30), 57), (57, np.int64(64))]}","{(2, np.int64(71)): {'cpu': 10}, (0, np.int64(30)): {'cpu': 4}, (1, np.int64(64)): {'cpu': 11}}","{((0, 2), (np.int64(30), 71)): {'bw': 45.0}, ((0, 1), (np.int64(30), 57)): {'bw': 5.0}, ((0, 1), (57, np.int64(64))): {'bw': 5.0}}",80.0,75.0,75.0,25.0,50.0,25.0,50.0,25.0,55.0,5.0,0.9375,4309.432601885874,4040.093064268007,50.50116330335008,Success,0.0,"{'node_level': {}, 'link_level': {}, 'path_level': {}}","{'node_level': {2: {'cpu': -73}, 0: {'cpu': -87}, 1: {'cpu': -55}}, 'link_level': {}, 'path_level': {}}","{'node_level': {2: {'cpu': 0}, 0: {'cpu': 0}, 1: {'cpu': 0}}, 'link_level': {}, 'path_level': {}}",[],0.0,0.0,True,True,False,0,[],0,0.0,"OrderedDict([((0, 2), 0), ((0, 1), 0)])",0.0,0.0,3.0,2.0
36,24,17,5451.0,9393.0,2626723.0123945563,4715121.913644301,0.5803257745129352,0.5570848560232394,47,46,1,442.0,38234.0,6287,31947.0,0.13294717969935177,0.17945754353521348,35,170.3430340699151,442.0,5,6,True,"{3: np.int64(27), 0: np.int64(83), 2: np.int64(88), 4: np.int64(36), 1: np.int64(70)}","{(3, 4): [(np.int64(27), 77), (77, np.int64(36))], (1, 2): [(np.int64(70), 61), (61, np.int64(88))], (0, 3): [(np.int64(83), 27)], (0, 4): [(np.int64(83), 76), (76, np.int64(36))], (2, 3): [(np.int64(88), 27)], (1, 4): [(np.int64(70), 36)]}","{(3, np.int64(27)): {'cpu': 20}, (0, np.int64(83)): {'cpu': 14}, (2, np.int64(88)): {'cpu': 12}, (4, np.int64(36)): {'cpu': 6}, (1, np.int64(70)): {'cpu': 7}}","{((3, 4), (np.int64(27), 77)): {'bw': 48.0}, ((3, 4), (77, np.int64(36))): {'bw': 48.0}, ((1, 2), (np.int64(70), 61)): {'bw': 40.0}, ((1, 2), (61, np.int64(88))): {'bw': 40.0}, ((0, 3), (np.int64(83), 27)): {'bw': 29.0}, ((0, 4), (np.int64(83), 76)): {'bw': 23.0}, ((0, 4), (76, np.int64(36))): {'bw': 23.0}, ((2, 3), (np.int64(88), 27)): {'bw': 15.0}, ((1, 4), (np.int64(70), 36)): {'bw': 10.0}}",335.0,224.0,224.0,59.0,165.0,59.0,165.0,59.0,276.0,111.0,0.6686567164179105,57064.91641342155,38156.83963166098,113.90101382585368,Success,0.0,"{'node_level': {}, 'link_level': {}, 'path_level': {}}","{'node_level': {3: {'cpu': -19}, 0: {'cpu': -63}, 2: {'cpu': -27}, 4: {'cpu': -43}, 1: {'cpu': -68}}, 'link_level': {}, 'path_level': {}}","{'node_level': {3: {'cpu': 0}, 0: {'cpu': 0}, 2: {'cpu': 0}, 4: {'cpu': 0}, 1: {'cpu': 0}}, 'link_level': {}, 'path_level': {}}",[],0.0,0.0,True,True,False,0,[],0,0.0,"OrderedDict([((3, 4), 0), ((1, 2), 0), ((0, 3), 0), ((0, 4), 0), ((2, 3), 0), ((1, 4), 0)])",0.0,0.0,5.0,6.0
37,24,17,5451.0,9393.0,2626723.0123945563,4715121.913644301,0.5803257745129352,0.5570848560232394,47,47,1,458.0,38234.0,6287,31947.0,0.13294717969935177,0.17945754353521348,36,131.8255479789146,458.0,6,8,False,"{2: np.int64(58), 4: np.int64(15), 3: np.int64(34), 5: np.int64(89), 1: np.int64(47), 0: np.int64(92)}","{(1, 2): [(np.int64(47), 58)], (0, 3): [(np.int64(92), 73), (73, np.int64(34))], (2, 3): [(np.int64(58), 5), (5, 46), (46, np.int64(34))]}","{(2, np.int64(58)): {'cpu': 14}, (4, np.int64(15)): {'cpu': 14}, (3, np.int64(34)): {'cpu': 4}, (5, np.int64(89)): {'cpu': 9}, (1, np.int64(47)): {'cpu': 8}, (0, np.int64(92)): {'cpu': 1}}","{((1, 2), (np.int64(47), 58)): {'bw': 44.0}, ((0, 3), (np.int64(92), 73)): {'bw': 42.0}, ((0, 3), (73, np.int64(34))): {'bw': 42.0}, ((2, 3), (np.int64(58), 5)): {'bw': 41.0}, ((2, 3), (5, 46)): {'bw': 41.0}, ((2, 3), (46, np.int64(34))): {'bw': 41.0}}",0.0,0.0,307.0,50.0,257.0,0.0,0.0,0.0,0.0,0.0,0.0,0.0,0.0,0.0,Route Failure,0.0,"{'node_level': {}, 'link_level': {}, 'path_level': {}}","{'node_level': {2: {'cpu': -68}, 4: {'cpu': -61}, 3: {'cpu': -62}, 5: {'cpu': -75}, 1: {'cpu': -65}, 0: {'cpu': -44}}, 'link_level': {}, 'path_level': {}}","{'node_level': {2: {'cpu': 0}, 4: {'cpu': 0}, 3: {'cpu': 0}, 5: {'cpu': 0}, 1: {'cpu': 0}, 0: {'cpu': 0}}, 'link_level': {}, 'path_level': {}}",[],0.0,0.0,True,False,False,0,[],0,0.0,"OrderedDict([((1, 2), 0), ((0, 3), 0), ((2, 3), 0)])",1.0,0.0,6.0,3.0
37,24,16,5451.0,9393.0,2626723.0123945563,4715121.913644301,0.5803257745129352,0.5570848560232394,47,48,0,462.91802743952815,38297.0,6319,31978.0,0.12853399531099163,0.17866132429239223,25,130.91802743952812,332.0,3,2,False,{},{},{},{},0.0,0.0,0.0,0.0,0.0,0.0,0.0,0.0,0.0,0.0,0.0,0.0,0.0,0.0,Leave Event,0.0,"{'node_level': {}, 'link_level': {}, 'path_level': {}}","{'node_level': {}, 'link_level': {}, 'path_level': {}}","{'node_level': {}, 'link_level': {}, 'path_level': {}}",[],0.0,0.0,True,True,False,0,[],0,0.0,,,,,
37,24,16,5451.0,9393.0,2626723.0123945563,4715121.913644301,0.5803257745129352,0.5570848560232394,47,49,0,463.95585498041265,38297.0,6319,31978.0,0.12853399531099163,0.17866132429239223,27,116.95585498041265,347.0,10,20,False,{},{},{},{},0.0,0.0,0.0,0.0,0.0,0.0,0.0,0.0,0.0,0.0,0.0,0.0,0.0,0.0,Leave Event,0.0,"{'node_level': {}, 'link_level': {}, 'path_level': {}}","{'node_level': {}, 'link_level': {}, 'path_level': {}}","{'node_level': {}, 'link_level': {}, 'path_level': {}}",[],0.0,0.0,True,True,False,0,[],0,0.0,,,,,
37,24,15,5451.0,9393.0,2626723.0123945563,4715121.913644301,0.5803257745129352,0.5570848560232394,47,50,0,468.78892782703724,38990.0,6413,32577.0,0.1155702661701834,0.16327631376175067,32,56.788927827037256,412.0,8,13,False,{},{},{},{},0.0,0.0,0.0,0.0,0.0,0.0,0.0,0.0,0.0,0.0,0.0,0.0,0.0,0.0,Leave Event,0.0,"{'node_level': {}, 'link_level': {}, 'path_level': {}}","{'node_level': {}, 'link_level': {}, 'path_level': {}}","{'node_level': {}, 'link_level': {}, 'path_level': {}}",[],0.0,0.0,True,True,False,0,[],0,0.0,,,,,
38,24,15,5451.0,9393.0,2626723.0123945563,4715121.913644301,0.5803257745129352,0.5570848560232394,47,51,1,471.0,38990.0,6413,32577.0,0.1155702661701834,0.16327631376175067,37,1715.8478101791104,471.0,10,18,False,"{9: np.int64(24), 4: np.int64(25), 0: np.int64(63), 5: np.int64(5), 3: np.int64(22), 6: np.int64(81), 2: np.int64(74), 1: np.int64(38), 7: np.int64(58), 8: np.int64(94)}","{(0, 9): [(np.int64(63), 5), (5, 1), (1, np.int64(24))], (6, 7): [(np.int64(81), 80), (80, 37), (37, np.int64(58))], (4, 9): [(np.int64(25), 13), (13, 3), (3, np.int64(24))], (0, 1): [(np.int64(63), 32), (32, 25), (25, 74), (74, np.int64(38))], (3, 8): [(np.int64(22), 39), (39, np.int64(94))], (2, 9): [(np.int64(74), 20), (20, np.int64(24))], (5, 9): [(np.int64(5), 97), (97, np.int64(24))], (3, 7): [(np.int64(22), 85), (85, np.int64(58))], (4, 8): [(np.int64(25), 43), (43, np.int64(94))]}","{(9, np.int64(24)): {'cpu': 17, 'nic_slots': 1}, (4, np.int64(25)): {'cpu': 9}, (0, np.int64(63)): {'cpu': 11}, (5, np.int64(5)): {'cpu': 9}, (3, np.int64(22)): {'cpu': 8, 'nic_slots': 1}, (6, np.int64(81)): {'cpu': 5}, (2, np.int64(74)): {'cpu': 6, 'nic_slots': 1}, (1, np.int64(38)): {'cpu': 9}, (7, np.int64(58)): {'cpu': 4, 'nic_slots': 1}, (8, np.int64(94)): {'cpu': 4}}","{((0, 9), (np.int64(63), 5)): {'bw': 48.0}, ((0, 9), (5, 1)): {'bw': 48.0}, ((0, 9), (1, np.int64(24))): {'bw': 48.0}, ((6, 7), (np.int64(81), 80)): {'bw': 45.0}, ((6, 7), (80, 37)): {'bw': 45.0}, ((6, 7), (37, np.int64(58))): {'bw': 45.0}, ((4, 9), (np.int64(25), 13)): {'bw': 41.0}, ((4, 9), (13, 3)): {'bw': 41.0}, ((4, 9), (3, np.int64(24))): {'bw': 41.0}, ((0, 1), (np.int64(63), 32)): {'bw': 31.0}, ((0, 1), (32, 25)): {'bw': 31.0}, ((0, 1), (25, 74)): {'bw': 31.0}, ((0, 1), (74, np.int64(38))): {'bw': 31.0}, ((3, 8), (np.int64(22), 39)): {'bw': 28.0}, ((3, 8), (39, np.int64(94))): {'bw': 28.0}, ((2, 9), (np.int64(74), 20)): {'bw': 25.0}, ((2, 9), (20, np.int64(24))): {'bw': 25.0}, ((5, 9), (np.int64(5), 97)): {'bw': 28.0}, ((5, 9), (97, np.int64(24))): {'bw': 28.0}, ((3, 7), (np.int64(22), 85)): {'bw': 22.0}, ((3, 7), (85, np.int64(58))): {'bw': 22.0}, ((4, 8), (np.int64(25), 43)): {'bw': 18.0}, ((4, 8), (43, np.int64(94))): {'bw': 18.0}}",0.0,0.0,445.0,82.0,363.0,0.0,0.0,0.0,0.0,0.0,0.0,0.0,0.0,0.0,Route Failure,0.0,"{'node_level': {}, 'link_level': {}, 'path_level': {}}","{'node_level': {9: {'cpu': -44}, 4: {'cpu': -55}, 0: {'cpu': -78}, 5: {'cpu': -52}, 3: {'cpu': -39}, 6: {'cpu': -67}, 2: {'cpu': -54}, 1: {'cpu': -15}, 7: {'cpu': -78}, 8: {'cpu': -51}}, 'link_level': {}, 'path_level': {}}","{'node_level': {9: {'cpu': 0}, 4: {'cpu': 0}, 0: {'cpu': 0}, 5: {'cpu': 0}, 3: {'cpu': 0}, 6: {'cpu': 0}, 2: {'cpu': 0}, 1: {'cpu': 0}, 7: {'cpu': 0}, 8: {'cpu': 0}}, 'link_level': {}, 'path_level': {}}",[],0.0,0.0,True,False,False,0,[],0,0.0,"OrderedDict([((0, 9), 0), ((6, 7), 0), ((4, 9), 0), ((0, 1), 0), ((3, 8), 0), ((2, 9), 1), ((5, 9), 0), ((3, 7), 1), ((4, 8), 0)])",3.0,2.0,10.0,9.0
39,25,16,5525.0,9551.0,2638791.3705409495,4740889.489146059,0.5784734582766202,0.5566025904173216,47,52,1,480.0,38832.0,6386,32446.0,0.11929389049786232,0.1666409821749627,38,163.0859208972035,480.0,3,2,True,"{0: np.int64(24), 2: np.int64(25), 1: np.int64(22)}","{(0, 2): [(np.int64(24), 3), (3, 13), (13, np.int64(25))], (1, 2): [(np.int64(22), 86), (86, np.int64(25))]}","{(0, np.int64(24)): {'cpu': 12}, (2, np.int64(25)): {'cpu': 4}, (1, np.int64(22)): {'cpu': 11}}","{((0, 2), (np.int64(24), 3)): {'bw': 37.0}, ((0, 2), (3, 13)): {'bw': 37.0}, ((0, 2), (13, np.int64(25))): {'bw': 37.0}, ((1, 2), (np.int64(22), 86)): {'bw': 10.0}, ((1, 2), (86, np.int64(25))): {'bw': 10.0}}",158.0,74.0,74.0,27.0,47.0,27.0,47.0,27.0,131.0,84.0,0.46835443037974683,25767.57550175815,12068.358146393059,76.3820135847662,Success,0.0,"{'node_level': {}, 'link_level': {}, 'path_level': {}}","{'node_level': {0: {'cpu': -49}, 2: {'cpu': -60}, 1: {'cpu': -36}}, 'link_level': {}, 'path_level': {}}","{'node_level': {0: {'cpu': 0}, 2: {'cpu': 0}, 1: {'cpu': 0}}, 'link_level': {}, 'path_level': {}}",[],0.0,0.0,True,True,False,0,[],0,0.0,"OrderedDict([((0, 2), 0), ((1, 2), 0)])",0.0,0.0,3.0,2.0
39,25,15,5525.0,9551.0,2638791.3705409495,4740889.489146059,0.5784734582766202,0.5566025904173216,47,53,0,481.8679075235734,38912.0,6411,32501.0,0.11584609019445591,0.1652283351312478,34,53.86790752357342,428.0,3,2,False,{},{},{},{},0.0,0.0,0.0,0.0,0.0,0.0,0.0,0.0,0.0,0.0,0.0,0.0,0.0,0.0,Leave Event,0.0,"{'node_level': {}, 'link_level': {}, 'path_level': {}}","{'node_level': {}, 'link_level': {}, 'path_level': {}}","{'node_level': {}, 'link_level': {}, 'path_level': {}}",[],0.0,0.0,True,True,False,0,[],0,0.0,,,,,
39,25,15,5525.0,9551.0,2638791.3705409495,4740889.489146059,0.5784734582766202,0.5566025904173216,47,54,0,485.53917765339065,38912.0,6411,32501.0,0.11584609019445591,0.1652283351312478,30,94.53917765339064,391.0,9,18,False,{},{},{},{},0.0,0.0,0.0,0.0,0.0,0.0,0.0,0.0,0.0,0.0,0.0,0.0,0.0,0.0,Leave Event,0.0,"{'node_level': {}, 'link_level': {}, 'path_level': {}}","{'node_level': {}, 'link_level': {}, 'path_level': {}}","{'node_level': {}, 'link_level': {}, 'path_level': {}}",[],0.0,0.0,True,True,False,0,[],0,0.0,,,,,
40,25,15,5525.0,9551.0,2638791.3705409495,4740889.489146059,0.5784734582766202,0.5566025904173216,47,55,1,496.0,38912.0,6411,32501.0,0.11584609019445591,0.1652283351312478,39,133.04022056062976,496.0,6,7,False,"{4: np.int64(24), 0: np.int64(38), 5: np.int64(5), 2: np.int64(63), 3: np.int64(25), 1: np.int64(94)}","{(2, 4): [(np.int64(63), 5), (5, 1), (1, np.int64(24))], (0, 4): [(np.int64(38), 1), (1, np.int64(24))]}","{(4, np.int64(24)): {'cpu': 13}, (0, np.int64(38)): {'cpu': 16}, (5, np.int64(5)): {'cpu': 3}, (2, np.int64(63)): {'cpu': 2}, (3, np.int64(25)): {'cpu': 8}, (1, np.int64(94)): {'cpu': 1}}","{((2, 4), (np.int64(63), 5)): {'bw': 44.0}, ((2, 4), (5, 1)): {'bw': 44.0}, ((2, 4), (1, np.int64(24))): {'bw': 44.0}, ((0, 4), (np.int64(38), 1)): {'bw': 41.0}, ((0, 4), (1, np.int64(24))): {'bw': 41.0}}",0.0,0.0,219.0,43.0,176.0,0.0,0.0,0.0,0.0,0.0,0.0,0.0,0.0,0.0,Route Failure,0.0,"{'node_level': {}, 'link_level': {}, 'path_level': {}}","{'node_level': {4: {'cpu': -36}, 0: {'cpu': -8}, 5: {'cpu': -58}, 2: {'cpu': -87}, 3: {'cpu': -52}, 1: {'cpu': -54}}, 'link_level': {}, 'path_level': {}}","{'node_level': {4: {'cpu': 0}, 0: {'cpu': 0}, 5: {'cpu': 0}, 2: {'cpu': 0}, 3: {'cpu': 0}, 1: {'cpu': 0}}, 'link_level': {}, 'path_level': {}}",[],0.0,0.0,True,False,False,0,[],0,0.0,"OrderedDict([((2, 4), 0), ((0, 4), 0)])",1.0,0.0,6.0,2.0
41,26,16,5557.0,9601.0,2640327.730849805,4743290.052128646,0.5787938756379544,0.5566447975630133,47,56,1,505.0,38862.0,6397,32465.0,0.11777685836436358,0.16615297683258845,40,48.011259651728395,505.0,2,1,True,"{0: np.int64(24), 1: np.int64(5)}","{(0, 1): [(np.int64(24), 97), (97, np.int64(5))]}","{(0, np.int64(24)): {'cpu': 7}, (1, np.int64(5)): {'cpu': 7}}","{((0, 1), (np.int64(24), 97)): {'bw': 18.0}, ((0, 1), (97, np.int64(5))): {'bw': 18.0}}",50.0,32.0,32.0,14.0,18.0,14.0,18.0,14.0,36.0,18.0,0.64,2400.56298258642,1536.3603088553086,30.727206177106172,Success,0.0,"{'node_level': {}, 'link_level': {}, 'path_level': {}}","{'node_level': {0: {'cpu': -42}, 1: {'cpu': -54}}, 'link_level': {}, 'path_level': {}}","{'node_level': {0: {'cpu': 0}, 1: {'cpu': 0}}, 'link_level': {}, 'path_level': {}}",[],0.0,0.0,True,True,False,0,[],0,0.0,"OrderedDict([((0, 1), 0)])",1.0,0.0,2.0,1.0
42,27,17,5714.0,9819.0,2706591.5517128417,4835299.688741015,0.5819329870658927,0.5597567319384844,47,57,1,515.0,38644.0,6331,32313.0,0.12687905116535647,0.1700570195715827,41,422.0625532677508,515.0,5,4,True,"{0: np.int64(63), 3: np.int64(25), 4: np.int64(64), 1: np.int64(24), 2: np.int64(5)}","{(0, 2): [(np.int64(63), 5)], (0, 4): [(np.int64(63), 32), (32, np.int64(64))], (3, 4): [(np.int64(25), 57), (57, np.int64(64))], (1, 2): [(np.int64(24), 97), (97, np.int64(5))]}","{(0, np.int64(63)): {'cpu': 18}, (3, np.int64(25)): {'cpu': 16}, (4, np.int64(64)): {'cpu': 6}, (1, np.int64(24)): {'cpu': 20}, (2, np.int64(5)): {'cpu': 6}}","{((0, 2), (np.int64(63), 5)): {'bw': 30.0}, ((0, 4), (np.int64(63), 32)): {'bw': 27.0}, ((0, 4), (32, np.int64(64))): {'bw': 27.0}, ((3, 4), (np.int64(25), 57)): {'bw': 21.0}, ((3, 4), (57, np.int64(64))): {'bw': 21.0}, ((1, 2), (np.int64(24), 97)): {'bw': 13.0}, ((1, 2), (97, np.int64(5))): {'bw': 13.0}}",218.0,157.0,157.0,66.0,91.0,66.0,91.0,66.0,152.0,61.0,0.7201834862385321,92009.63661236966,66263.82086303688,303.96248102310494,Success,0.0,"{'node_level': {}, 'link_level': {}, 'path_level': {}}","{'node_level': {0: {'cpu': -71}, 3: {'cpu': -44}, 4: {'cpu': -63}, 1: {'cpu': -22}, 2: {'cpu': -48}}, 'link_level': {}, 'path_level': {}}","{'node_level': {0: {'cpu': 0}, 3: {'cpu': 0}, 4: {'cpu': 0}, 1: {'cpu': 0}, 2: {'cpu': 0}}, 'link_level': {}, 'path_level': {}}",[],0.0,0.0,True,True,False,0,[],0,0.0,"OrderedDict([((0, 2), 0), ((0, 4), 0), ((3, 4), 0), ((1, 2), 0)])",1.0,0.0,5.0,4.0
42,27,16,5714.0,9819.0,2706591.5517128417,4835299.688741015,0.5819329870658927,0.5597567319384844,47,58,0,519.0440375066264,39081.0,6391,32690.0,0.1186043304371811,0.16037396619920896,14,318.0440375066264,201.0,6,7,False,{},{},{},{},0.0,0.0,0.0,0.0,0.0,0.0,0.0,0.0,0.0,0.0,0.0,0.0,0.0,0.0,Leave Event,0.0,"{'node_level': {}, 'link_level': {}, 'path_level': {}}","{'node_level': {}, 'link_level': {}, 'path_level': {}}","{'node_level': {}, 'link_level': {}, 'path_level': {}}",[],0.0,0.0,True,True,False,0,[],0,0.0,,,,,
43,28,17,5839.0,9999.0,2740413.965331185,4884003.964351431,0.583958395839584,0.5610998650561286,47,59,1,521.0,38901.0,6355,32546.0,0.12356916287408637,0.1640725330045718,42,270.57930894674894,521.0,4,4,True,"{0: np.int64(53), 3: np.int64(82), 2: np.int64(95), 1: np.int64(12)}","{(2, 3): [(np.int64(95), 12), (12, np.int64(82))], (1, 2): [(np.int64(12), 95)], (0, 2): [(np.int64(53), 95)], (0, 1): [(np.int64(53), 30), (30, 57), (57, np.int64(12))]}","{(0, np.int64(53)): {'cpu': 20}, (3, np.int64(82)): {'cpu': 10}, (2, np.int64(95)): {'cpu': 2}, (1, np.int64(12)): {'cpu': 4}}","{((2, 3), (np.int64(95), 12)): {'bw': 31.0}, ((2, 3), (12, np.int64(82))): {'bw': 31.0}, ((1, 2), (np.int64(12), 95)): {'bw': 24.0}, ((0, 2), (np.int64(53), 95)): {'bw': 22.0}, ((0, 1), (np.int64(53), 30)): {'bw': 12.0}, ((0, 1), (30, 57)): {'bw': 12.0}, ((0, 1), (57, np.int64(12))): {'bw': 12.0}}",180.0,125.0,125.0,36.0,89.0,36.0,89.0,36.0,144.0,55.0,0.6944444444444444,48704.27561041481,33822.41361834362,187.90229787968676,Success,0.0,"{'node_level': {}, 'link_level': {}, 'path_level': {}}","{'node_level': {0: {'cpu': -51}, 3: {'cpu': -76}, 2: {'cpu': -73}, 1: {'cpu': -38}}, 'link_level': {}, 'path_level': {}}","{'node_level': {0: {'cpu': 0}, 3: {'cpu': 0}, 2: {'cpu': 0}, 1: {'cpu': 0}}, 'link_level': {}, 'path_level': {}}",[],0.0,0.0,True,True,False,0,[],0,0.0,"OrderedDict([((2, 3), 0), ((1, 2), 0), ((0, 2), 0), ((0, 1), 0)])",0.0,0.0,4.0,4.0
44,29,18,5858.0,10025.0,2744770.83517814,4889965.996773579,0.5843391521197008,0.5613067323963299,47,60,1,530.0,38875.0,6343,32532.0,0.12522410701972142,0.16443211588842654,43,229.30893931342584,530.0,2,1,True,"{1: np.int64(74), 0: np.int64(81)}","{(0, 1): [(np.int64(81), 82), (82, np.int64(74))]}","{(1, np.int64(74)): {'cpu': 7}, (0, np.int64(81)): {'cpu': 5}}","{((0, 1), (np.int64(81), 82)): {'bw': 7.0}, ((0, 1), (82, np.int64(74))): {'bw': 7.0}}",26.0,19.0,19.0,12.0,7.0,12.0,7.0,12.0,14.0,7.0,0.7307692307692307,5962.032422149072,4356.869846955091,167.57191719058042,Success,0.0,"{'node_level': {}, 'link_level': {}, 'path_level': {}}","{'node_level': {1: {'cpu': -53}, 0: {'cpu': -67}}, 'link_level': {}, 'path_level': {}}","{'node_level': {1: {'cpu': 0}, 0: {'cpu': 0}}, 'link_level': {}, 'path_level': {}}",[],0.0,0.0,True,True,False,0,[],0,0.0,"OrderedDict([((0, 1), 0)])",0.0,0.0,2.0,1.0
44,29,18,5858.0,10025.0,2744770.83517814,4889965.996773579,0.5843391521197008,0.5613067323963299,47,61,0,546.9854338538291,38875.0,6343,32532.0,0.12522410701972142,0.16443211588842654,16,314.9854338538292,232.0,9,20,False,{},{},{},{},0.0,0.0,0.0,0.0,0.0,0.0,0.0,0.0,0.0,0.0,0.0,0.0,0.0,0.0,Leave Event,0.0,"{'node_level': {}, 'link_level': {}, 'path_level': {}}","{'node_level': {}, 'link_level': {}, 'path_level': {}}","{'node_level': {}, 'link_level': {}, 'path_level': {}}",[],0.0,0.0,True,True,False,0,[],0,0.0,,,,,
45,30,19,6192.0,10537.0,3024766.3361264523,5319180.656909915,0.5876435418050678,0.5686526800320479,48,62,1,548.0,38363.0,6274,32089.0,0.13474003585712313,0.17581034571325838,44,838.3098830787794,548.0,6,9,True,"{3: np.int64(71), 5: np.int64(74), 1: np.int64(38), 2: np.int64(53), 4: np.int64(63), 0: np.int64(32)}","{(0, 3): [(np.int64(32), 71)], (0, 4): [(np.int64(32), 63)], (2, 5): [(np.int64(53), 74)], (1, 2): [(np.int64(38), 53)], (0, 2): [(np.int64(32), 8), (8, 76), (76, 30), (30, np.int64(53))], (0, 5): [(np.int64(32), 25), (25, np.int64(74))], (0, 1): [(np.int64(32), 8), (8, 76), (76, 1), (1, np.int64(38))], (1, 3): [(np.int64(38), 71)], (2, 3): [(np.int64(53), 30), (30, np.int64(71))]}","{(3, np.int64(71)): {'cpu': 16}, (5, np.int64(74)): {'cpu': 16}, (1, np.int64(38)): {'cpu': 13}, (2, np.int64(53)): {'cpu': 9}, (4, np.int64(63)): {'cpu': 12}, (0, np.int64(32)): {'cpu': 3}}","{((0, 3), (np.int64(32), 71)): {'bw': 48.0}, ((0, 4), (np.int64(32), 63)): {'bw': 48.0}, ((2, 5), (np.int64(53), 74)): {'bw': 39.0}, ((1, 2), (np.int64(38), 53)): {'bw': 30.0}, ((0, 2), (np.int64(32), 8)): {'bw': 27.0}, ((0, 2), (8, 76)): {'bw': 27.0}, ((0, 2), (76, 30)): {'bw': 27.0}, ((0, 2), (30, np.int64(53))): {'bw': 27.0}, ((0, 5), (np.int64(32), 25)): {'bw': 25.0}, ((0, 5), (25, np.int64(74))): {'bw': 25.0}, ((0, 1), (np.int64(32), 8)): {'bw': 22.0}, ((0, 1), (8, 76)): {'bw': 22.0}, ((0, 1), (76, 1)): {'bw': 22.0}, ((0, 1), (1, np.int64(38))): {'bw': 22.0}, ((1, 3), (np.int64(38), 71)): {'bw': 20.0}, ((2, 3), (np.int64(53), 30)): {'bw': 6.0}, ((2, 3), (30, np.int64(71))): {'bw': 6.0}}",512.0,334.0,334.0,69.0,265.0,69.0,265.0,69.0,443.0,178.0,0.65234375,429214.66013633506,279995.50094831234,546.8662127896725,Success,0.0,"{'node_level': {}, 'link_level': {}, 'path_level': {}}","{'node_level': {3: {'cpu': -67}, 5: {'cpu': -37}, 1: {'cpu': -11}, 2: {'cpu': -42}, 4: {'cpu': -59}, 0: {'cpu': -77}}, 'link_level': {}, 'path_level': {}}","{'node_level': {3: {'cpu': 0}, 5: {'cpu': 0}, 1: {'cpu': 0}, 2: {'cpu': 0}, 4: {'cpu': 0}, 0: {'cpu': 0}}, 'link_level': {}, 'path_level': {}}",[],0.0,0.0,True,True,False,0,[],0,0.0,"OrderedDict([((0, 3), 0), ((0, 4), 0), ((2, 5), 0), ((1, 2), 0), ((0, 2), 0), ((0, 5), 0), ((0, 1), 0), ((1, 3), 0), ((2, 3), 0)])",1.0,0.0,6.0,9.0
45,30,18,6192.0,10537.0,3024766.3361264523,5319180.656909915,0.5876435418050678,0.5686526800320479,48,63,0,553.0112596517284,38413.0,6288,32125.0,0.13280926768721557,0.1748857040119176,40,48.011259651728395,505.0,2,1,False,{},{},{},{},0.0,0.0,0.0,0.0,0.0,0.0,0.0,0.0,0.0,0.0,0.0,0.0,0.0,0.0,Leave Event,0.0,"{'node_level': {}, 'link_level': {}, 'path_level': {}}","{'node_level': {}, 'link_level': {}, 'path_level': {}}","{'node_level': {}, 'link_level': {}, 'path_level': {}}",[],0.0,0.0,True,True,False,0,[],0,0.0,,,,,
46,31,19,6351.0,10801.0,3051967.447295864,5364344.766021391,0.5880011110082399,0.5689357378048311,48,64,1,556.0,38149.0,6230,31919.0,0.14080816439111843,0.18017670930292284,45,171.07617087680458,556.0,4,4,True,"{3: np.int64(5), 2: np.int64(97), 0: np.int64(95), 1: np.int64(81)}","{(0, 3): [(np.int64(95), 51), (51, np.int64(5))], (2, 3): [(np.int64(97), 5)], (0, 2): [(np.int64(95), 99), (99, np.int64(97))], (1, 3): [(np.int64(81), 14), (14, 48), (48, 94), (94, np.int64(5))]}","{(3, np.int64(5)): {'cpu': 18}, (2, np.int64(97)): {'cpu': 19}, (0, np.int64(95)): {'cpu': 5}, (1, np.int64(81)): {'cpu': 16}}","{((0, 3), (np.int64(95), 51)): {'bw': 34.0}, ((0, 3), (51, np.int64(5))): {'bw': 34.0}, ((2, 3), (np.int64(97), 5)): {'bw': 28.0}, ((0, 2), (np.int64(95), 99)): {'bw': 23.0}, ((0, 2), (99, np.int64(97))): {'bw': 23.0}, ((1, 3), (np.int64(81), 14)): {'bw': 16.0}, ((1, 3), (14, 48)): {'bw': 16.0}, ((1, 3), (48, 94)): {'bw': 16.0}, ((1, 3), (94, np.int64(5))): {'bw': 16.0}}",264.0,159.0,159.0,58.0,101.0,58.0,101.0,58.0,206.0,105.0,0.6022727272727273,45164.10911147641,27201.111169411928,103.03451200534822,Success,0.0,"{'node_level': {}, 'link_level': {}, 'path_level': {}}","{'node_level': {3: {'cpu': -37}, 2: {'cpu': -47}, 0: {'cpu': -68}, 1: {'cpu': -51}}, 'link_level': {}, 'path_level': {}}","{'node_level': {3: {'cpu': 0}, 2: {'cpu': 0}, 0: {'cpu': 0}, 1: {'cpu': 0}}, 'link_level': {}, 'path_level': {}}",[],0.0,0.0,True,True,False,0,[],0,0.0,"OrderedDict([((0, 3), 0), ((2, 3), 0), ((0, 2), 0), ((1, 3), 0)])",3.0,0.0,4.0,4.0
47,31,19,6351.0,10801.0,3051967.447295864,5364344.766021391,0.5880011110082399,0.5689357378048311,48,65,1,568.0,38149.0,6230,31919.0,0.14080816439111843,0.18017670930292284,46,631.846544816334,568.0,9,17,False,"{8: np.int64(82), 4: np.int64(45), 6: np.int64(48), 1: np.int64(44), 2: np.int64(22), 5: np.int64(16), 3: np.int64(94), 7: np.int64(15), 0: np.int64(58)}","{(4, 8): [(np.int64(45), 82)], (1, 5): [(np.int64(44), 92), (92, np.int64(16))], (0, 7): [(np.int64(58), 18), (18, 73), (73, np.int64(15))], (0, 1): [(np.int64(58), 37), (37, 80), (80, np.int64(44))], (5, 8): [(np.int64(16), 82)], (4, 6): [(np.int64(45), 5), (5, 94), (94, np.int64(48))], (0, 2): [(np.int64(58), 85), (85, np.int64(22))], (2, 8): [(np.int64(22), 39), (39, np.int64(82))], (1, 8): [(np.int64(44), 82)], (0, 4): [(np.int64(58), 5), (5, np.int64(45))], (2, 7): [(np.int64(22), 86), (86, np.int64(15))]}","{(8, np.int64(82)): {'cpu': 16}, (4, np.int64(45)): {'cpu': 10, 'nic_slots': 1}, (6, np.int64(48)): {'cpu': 15}, (1, np.int64(44)): {'cpu': 10}, (2, np.int64(22)): {'cpu': 6, 'nic_slots': 1}, (5, np.int64(16)): {'cpu': 8}, (3, np.int64(94)): {'cpu': 18}, (7, np.int64(15)): {'cpu': 3}, (0, np.int64(58)): {'cpu': 1, 'nic_slots': 2}}","{((4, 8), (np.int64(45), 82)): {'bw': 44.0}, ((1, 5), (np.int64(44), 92)): {'bw': 43.0}, ((1, 5), (92, np.int64(16))): {'bw': 43.0}, ((0, 7), (np.int64(58), 18)): {'bw': 42.0}, ((0, 7), (18, 73)): {'bw': 42.0}, ((0, 7), (73, np.int64(15))): {'bw': 42.0}, ((0, 1), (np.int64(58), 37)): {'bw': 36.0}, ((0, 1), (37, 80)): {'bw': 36.0}, ((0, 1), (80, np.int64(44))): {'bw': 36.0}, ((5, 8), (np.int64(16), 82)): {'bw': 39.0}, ((4, 6), (np.int64(45), 5)): {'bw': 38.0}, ((4, 6), (5, 94)): {'bw': 38.0}, ((4, 6), (94, np.int64(48))): {'bw': 38.0}, ((0, 2), (np.int64(58), 85)): {'bw': 33.0}, ((0, 2), (85, np.int64(22))): {'bw': 33.0}, ((2, 8), (np.int64(22), 39)): {'bw': 32.0}, ((2, 8), (39, np.int64(82))): {'bw': 32.0}, ((1, 8), (np.int64(44), 82)): {'bw': 32.0}, ((0, 4), (np.int64(58), 5)): {'bw': 33.0}, ((0, 4), (5, np.int64(45))): {'bw': 33.0}, ((2, 7), (np.int64(22), 86)): {'bw': 29.0}, ((2, 7), (86, np.int64(15))): {'bw': 29.0}}",0.0,0.0,606.0,87.0,519.0,0.0,0.0,0.0,0.0,0.0,0.0,0.0,0.0,0.0,Route Failure,0.0,"{'node_level': {}, 'link_level': {}, 'path_level': {}}","{'node_level': {8: {'cpu': -60}, 4: {'cpu': -53}, 6: {'cpu': -43}, 1: {'cpu': -42}, 2: {'cpu': -30}, 5: {'cpu': -67}, 3: {'cpu': -37}, 7: {'cpu': -72}, 0: {'cpu': -81}}, 'link_level': {}, 'path_level': {}}","{'node_level': {8: {'cpu': 0}, 4: {'cpu': 0}, 6: {'cpu': 0}, 1: {'cpu': 0}, 2: {'cpu': 0}, 5: {'cpu': 0}, 3: {'cpu': 0}, 7: {'cpu': 0}, 0: {'cpu': 0}}, 'link_level': {}, 'path_level': {}}",[],0.0,0.0,True,False,False,0,[],0,0.0,"OrderedDict([((4, 8), 0), ((1, 5), 0), ((0, 7), 0), ((0, 1), 0), ((5, 8), 0), ((4, 6), 0), ((0, 2), 1), ((2, 8), 0), ((1, 8), 0), ((0, 4), 1), ((2, 7), 0)])",1.0,2.0,9.0,11.0
48,31,19,6351.0,10801.0,3051967.447295864,5364344.766021391,0.5880011110082399,0.5689357378048311,48,66,1,580.0,38149.0,6230,31919.0,0.14080816439111843,0.18017670930292284,47,474.59823381415606,580.0,9,21,False,"{0: np.int64(82), 8: np.int64(44), 7: np.int64(58), 3: np.int64(15), 2: np.int64(48), 1: np.int64(89), 6: np.int64(22), 5: np.int64(14), 4: np.int64(49)}","{(0, 2): [(np.int64(82), 48)], (3, 7): [(np.int64(15), 73), (73, 18), (18, np.int64(58))], (0, 7): [(np.int64(82), 45), (45, 5), (5, np.int64(58))], (2, 8): [(np.int64(48), 14), (14, 31), (31, np.int64(44))], (7, 8): [(np.int64(58), 37), (37, 80), (80, np.int64(44))], (3, 4): [(np.int64(15), 52), (52, np.int64(49))], (0, 5): [(np.int64(82), 35), (35, np.int64(14))], (0, 1): [(np.int64(82), 44), (44, np.int64(89))], (3, 5): [(np.int64(15), 53), (53, np.int64(14))], (3, 8): [(np.int64(15), 56), (56, 89), (89, np.int64(44))], (0, 6): [(np.int64(82), 39), (39, np.int64(22))], (0, 8): [(np.int64(82), 44)]}","{(0, np.int64(82)): {'cpu': 15}, (8, np.int64(44)): {'cpu': 16}, (7, np.int64(58)): {'cpu': 10}, (3, np.int64(15)): {'cpu': 8}, (2, np.int64(48)): {'cpu': 11}, (1, np.int64(89)): {'cpu': 7}, (6, np.int64(22)): {'cpu': 7}, (5, np.int64(14)): {'cpu': 7}, (4, np.int64(49)): {'cpu': 1}}","{((0, 2), (np.int64(82), 48)): {'bw': 50.0}, ((3, 7), (np.int64(15), 73)): {'bw': 47.0}, ((3, 7), (73, 18)): {'bw': 47.0}, ((3, 7), (18, np.int64(58))): {'bw': 47.0}, ((0, 7), (np.int64(82), 45)): {'bw': 42.0}, ((0, 7), (45, 5)): {'bw': 42.0}, ((0, 7), (5, np.int64(58))): {'bw': 42.0}, ((2, 8), (np.int64(48), 14)): {'bw': 42.0}, ((2, 8), (14, 31)): {'bw': 42.0}, ((2, 8), (31, np.int64(44))): {'bw': 42.0}, ((7, 8), (np.int64(58), 37)): {'bw': 36.0}, ((7, 8), (37, 80)): {'bw': 36.0}, ((7, 8), (80, np.int64(44))): {'bw': 36.0}, ((3, 4), (np.int64(15), 52)): {'bw': 40.0}, ((3, 4), (52, np.int64(49))): {'bw': 40.0}, ((0, 5), (np.int64(82), 35)): {'bw': 33.0}, ((0, 5), (35, np.int64(14))): {'bw': 33.0}, ((0, 1), (np.int64(82), 44)): {'bw': 33.0}, ((0, 1), (44, np.int64(89))): {'bw': 33.0}, ((3, 5), (np.int64(15), 53)): {'bw': 29.0}, ((3, 5), (53, np.int64(14))): {'bw': 29.0}, ((3, 8), (np.int64(15), 56)): {'bw': 26.0}, ((3, 8), (56, 89)): {'bw': 26.0}, ((3, 8), (89, np.int64(44))): {'bw': 26.0}, ((0, 6), (np.int64(82), 39)): {'bw': 30.0}, ((0, 6), (39, np.int64(22))): {'bw': 30.0}, ((0, 8), (np.int64(82), 44)): {'bw': 30.0}}",0.0,0.0,664.0,82.0,582.0,0.0,0.0,0.0,0.0,0.0,0.0,0.0,0.0,0.0,Route Failure,0.0,"{'node_level': {}, 'link_level': {}, 'path_level': {}}","{'node_level': {0: {'cpu': -61}, 8: {'cpu': -36}, 7: {'cpu': -72}, 3: {'cpu': -67}, 2: {'cpu': -47}, 1: {'cpu': -77}, 6: {'cpu': -29}, 5: {'cpu': -49}, 4: {'cpu': -64}}, 'link_level': {}, 'path_level': {}}","{'node_level': {0: {'cpu': 0}, 8: {'cpu': 0}, 7: {'cpu': 0}, 3: {'cpu': 0}, 2: {'cpu': 0}, 1: {'cpu': 0}, 6: {'cpu': 0}, 5: {'cpu': 0}, 4: {'cpu': 0}}, 'link_level': {}, 'path_level': {}}",[],0.0,0.0,True,False,False,0,[],0,0.0,"OrderedDict([((0, 2), 0), ((3, 7), 0), ((0, 7), 0), ((2, 8), 0), ((7, 8), 0), ((3, 4), 0), ((0, 5), 0), ((0, 1), 0), ((3, 5), 0), ((3, 8), 0), ((0, 6), 0), ((0, 8), 0)])",1.0,0.0,9.0,12.0
48,31,19,6351.0,10801.0,3051967.447295864,5364344.766021391,0.5880011110082399,0.5689357378048311,48,67,0,589.8255479789146,38149.0,6230,31919.0,0.14080816439111843,0.18017670930292284,36,131.8255479789146,458.0,6,8,False,{},{},{},{},0.0,0.0,0.0,0.0,0.0,0.0,0.0,0.0,0.0,0.0,0.0,0.0,0.0,0.0,Leave Event,0.0,"{'node_level': {}, 'link_level': {}, 'path_level': {}}","{'node_level': {}, 'link_level': {}, 'path_level': {}}","{'node_level': {}, 'link_level': {}, 'path_level': {}}",[],0.0,0.0,True,True,False,0,[],0,0.0,,,,,
49,31,19,6351.0,10801.0,3051967.447295864,5364344.766021391,0.5880011110082399,0.5689357378048311,48,68,1,591.0,38149.0,6230,31919.0,0.14080816439111843,0.18017670930292284,48,278.3561011807771,591.0,10,23,False,"{1: np.int64(82), 2: np.int64(58), 3: np.int64(44), 4: np.int64(15), 0: np.int64(47), 9: np.int64(48), 7: np.int64(99), 5: np.int64(2), 8: np.int64(37), 6: np.int64(22)}","{(3, 4): [(np.int64(44), 89), (89, 56), (56, np.int64(15))], (1, 6): [(np.int64(82), 39), (39, np.int64(22))], (0, 2): [(np.int64(47), 58)], (6, 8): [(np.int64(22), 90), (90, np.int64(37))], (2, 8): [(np.int64(58), 37)], (4, 5): [(np.int64(15), 73), (73, np.int64(2))], (1, 3): [(np.int64(82), 44)], (1, 4): [(np.int64(82), 27), (27, 46), (46, np.int64(15))], (2, 5): [(np.int64(58), 5), (5, 94), (94, np.int64(2))], (0, 5): [(np.int64(47), 24), (24, 33), (33, np.int64(2))], (0, 8): [(np.int64(47), 24), (24, 26), (26, np.int64(37))], (2, 9): [(np.int64(58), 26), (26, 37), (37, np.int64(48))], (1, 5): [(np.int64(82), 2)], (4, 9): [(np.int64(15), 46), (46, np.int64(48))], (3, 8): [(np.int64(44), 80), (80, np.int64(37))], (2, 3): [(np.int64(58), 18), (18, 31), (31, np.int64(44))]}","{(1, np.int64(82)): {'cpu': 18}, (2, np.int64(58)): {'cpu': 13}, (3, np.int64(44)): {'cpu': 10}, (4, np.int64(15)): {'cpu': 7}, (0, np.int64(47)): {'cpu': 9}, (9, np.int64(48)): {'cpu': 15}, (7, np.int64(99)): {'cpu': 17}, (5, np.int64(2)): {'cpu': 3}, (8, np.int64(37)): {'cpu': 3}, (6, np.int64(22)): {'cpu': 3}}","{((3, 4), (np.int64(44), 89)): {'bw': 48.0}, ((3, 4), (89, 56)): {'bw': 48.0}, ((3, 4), (56, np.int64(15))): {'bw': 48.0}, ((1, 6), (np.int64(82), 39)): {'bw': 46.0}, ((1, 6), (39, np.int64(22))): {'bw': 46.0}, ((0, 2), (np.int64(47), 58)): {'bw': 46.0}, ((6, 8), (np.int64(22), 90)): {'bw': 46.0}, ((6, 8), (90, np.int64(37))): {'bw': 46.0}, ((2, 8), (np.int64(58), 37)): {'bw': 42.0}, ((4, 5), (np.int64(15), 73)): {'bw': 40.0}, ((4, 5), (73, np.int64(2))): {'bw': 40.0}, ((1, 3), (np.int64(82), 44)): {'bw': 43.0}, ((1, 4), (np.int64(82), 27)): {'bw': 40.0}, ((1, 4), (27, 46)): {'bw': 40.0}, ((1, 4), (46, np.int64(15))): {'bw': 40.0}, ((2, 5), (np.int64(58), 5)): {'bw': 36.0}, ((2, 5), (5, 94)): {'bw': 36.0}, ((2, 5), (94, np.int64(2))): {'bw': 36.0}, ((0, 5), (np.int64(47), 24)): {'bw': 37.0}, ((0, 5), (24, 33)): {'bw': 37.0}, ((0, 5), (33, np.int64(2))): {'bw': 37.0}, ((0, 8), (np.int64(47), 24)): {'bw': 27.0}, ((0, 8), (24, 26)): {'bw': 27.0}, ((0, 8), (26, np.int64(37))): {'bw': 27.0}, ((2, 9), (np.int64(58), 26)): {'bw': 26.0}, ((2, 9), (26, 37)): {'bw': 26.0}, ((2, 9), (37, np.int64(48))): {'bw': 26.0}, ((1, 5), (np.int64(82), 2)): {'bw': 27.0}, ((4, 9), (np.int64(15), 46)): {'bw': 22.0}, ((4, 9), (46, np.int64(48))): {'bw': 22.0}, ((3, 8), (np.int64(44), 80)): {'bw': 25.0}, ((3, 8), (80, np.int64(37))): {'bw': 25.0}, ((2, 3), (np.int64(58), 18)): {'bw': 21.0}, ((2, 3), (18, 31)): {'bw': 21.0}, ((2, 3), (31, np.int64(44))): {'bw': 21.0}}",0.0,0.0,759.0,98.0,661.0,0.0,0.0,0.0,0.0,0.0,0.0,0.0,0.0,0.0,Route Failure,0.0,"{'node_level': {}, 'link_level': {}, 'path_level': {}}","{'node_level': {1: {'cpu': -58}, 2: {'cpu': -69}, 3: {'cpu': -42}, 4: {'cpu': -68}, 0: {'cpu': -64}, 9: {'cpu': -43}, 7: {'cpu': -45}, 5: {'cpu': -37}, 8: {'cpu': -56}, 6: {'cpu': -33}}, 'link_level': {}, 'path_level': {}}","{'node_level': {1: {'cpu': 0}, 2: {'cpu': 0}, 3: {'cpu': 0}, 4: {'cpu': 0}, 0: {'cpu': 0}, 9: {'cpu': 0}, 7: {'cpu': 0}, 5: {'cpu': 0}, 8: {'cpu': 0}, 6: {'cpu': 0}}, 'link_level': {}, 'path_level': {}}",[],0.0,0.0,True,False,False,0,[],0,0.0,"OrderedDict([((3, 4), 0), ((1, 6), 0), ((0, 2), 0), ((6, 8), 0), ((2, 8), 0), ((4, 5), 0), ((1, 3), 0), ((1, 4), 0), ((2, 5), 0), ((0, 5), 0), ((0, 8), 0), ((2, 9), 0), ((1, 5), 0), ((4, 9), 0), ((3, 8), 0), ((2, 3), 0)])",2.0,0.0,10.0,16.0
49,31,18,6351.0,10801.0,3051967.447295864,5364344.766021391,0.5880011110082399,0.5689357378048311,48,69,0,597.1266499614962,38386.0,6273,32113.0,0.13487794786925944,0.1751939179123645,11,432.12664996149624,165.0,4,3,False,{},{},{},{},0.0,0.0,0.0,0.0,0.0,0.0,0.0,0.0,0.0,0.0,0.0,0.0,0.0,0.0,Leave Event,0.0,"{'node_level': {}, 'link_level': {}, 'path_level': {}}","{'node_level': {}, 'link_level': {}, 'path_level': {}}","{'node_level': {}, 'link_level': {}, 'path_level': {}}",[],0.0,0.0,True,True,False,0,[],0,0.0,,,,,
50,32,19,6740.0,11460.0,3323064.3569040666,5823606.625743257,0.5881326352530541,0.5706196469752024,51,70,1,603.0,37727.0,6163,31564.0,0.15004826920424774,0.18929470385781066,49,696.9072226431946,603.0,8,14,True,"{2: np.int64(43), 6: np.int64(31), 4: np.int64(82), 1: np.int64(58), 7: np.int64(14), 5: np.int64(89), 0: np.int64(63), 3: np.int64(70)}","{(0, 2): [(np.int64(63), 43)], (1, 6): [(np.int64(58), 18), (18, np.int64(31))], (4, 7): [(np.int64(82), 48), (48, np.int64(14))], (2, 4): [(np.int64(43), 16), (16, np.int64(82))], (1, 7): [(np.int64(58), 18), (18, 55), (55, np.int64(14))], (5, 6): [(np.int64(89), 44), (44, np.int64(31))], (2, 7): [(np.int64(43), 31), (31, np.int64(14))], (1, 3): [(np.int64(58), 26), (26, 50), (50, np.int64(70))], (2, 5): [(np.int64(43), 38), (38, np.int64(89))], (1, 2): [(np.int64(58), 47), (47, np.int64(43))], (2, 6): [(np.int64(43), 31)], (1, 4): [(np.int64(58), 47), (47, 39), (39, np.int64(82))], (6, 7): [(np.int64(31), 14)], (0, 6): [(np.int64(63), 43), (43, np.int64(31))]}","{(2, np.int64(43)): {'cpu': 20}, (6, np.int64(31)): {'cpu': 19}, (4, np.int64(82)): {'cpu': 19}, (1, np.int64(58)): {'cpu': 12}, (7, np.int64(14)): {'cpu': 9}, (5, np.int64(89)): {'cpu': 11}, (0, np.int64(63)): {'cpu': 7}, (3, np.int64(70)): {'cpu': 13}}","{((0, 2), (np.int64(63), 43)): {'bw': 44.0}, ((1, 6), (np.int64(58), 18)): {'bw': 37.0}, ((1, 6), (18, np.int64(31))): {'bw': 37.0}, ((4, 7), (np.int64(82), 48)): {'bw': 36.0}, ((4, 7), (48, np.int64(14))): {'bw': 36.0}, ((2, 4), (np.int64(43), 16)): {'bw': 32.0}, ((2, 4), (16, np.int64(82))): {'bw': 32.0}, ((1, 7), (np.int64(58), 18)): {'bw': 30.0}, ((1, 7), (18, 55)): {'bw': 30.0}, ((1, 7), (55, np.int64(14))): {'bw': 30.0}, ((5, 6), (np.int64(89), 44)): {'bw': 28.0}, ((5, 6), (44, np.int64(31))): {'bw': 28.0}, ((2, 7), (np.int64(43), 31)): {'bw': 14.0}, ((2, 7), (31, np.int64(14))): {'bw': 14.0}, ((1, 3), (np.int64(58), 26)): {'bw': 12.0}, ((1, 3), (26, 50)): {'bw': 12.0}, ((1, 3), (50, np.int64(70))): {'bw': 12.0}, ((2, 5), (np.int64(43), 38)): {'bw': 11.0}, ((2, 5), (38, np.int64(89))): {'bw': 11.0}, ((1, 2), (np.int64(58), 47)): {'bw': 9.0}, ((1, 2), (47, np.int64(43))): {'bw': 9.0}, ((2, 6), (np.int64(43), 31)): {'bw': 9.0}, ((1, 4), (np.int64(58), 47)): {'bw': 8.0}, ((1, 4), (47, 39)): {'bw': 8.0}, ((1, 4), (39, np.int64(82))): {'bw': 8.0}, ((6, 7), (np.int64(31), 14)): {'bw': 6.0}, ((0, 6), (np.int64(63), 43)): {'bw': 3.0}, ((0, 6), (43, np.int64(31))): {'bw': 3.0}}",659.0,389.0,389.0,110.0,279.0,110.0,279.0,110.0,549.0,270.0,0.590288315629742,459261.8597218652,271096.9096082027,411.37619060425294,Success,0.0,"{'node_level': {}, 'link_level': {}, 'path_level': {}}","{'node_level': {2: {'cpu': -37}, 6: {'cpu': -80}, 4: {'cpu': -57}, 1: {'cpu': -70}, 7: {'cpu': -47}, 5: {'cpu': -73}, 0: {'cpu': -54}, 3: {'cpu': -63}}, 'link_level': {}, 'path_level': {}}","{'node_level': {2: {'cpu': 0}, 6: {'cpu': 0}, 4: {'cpu': 0}, 1: {'cpu': 0}, 7: {'cpu': 0}, 5: {'cpu': 0}, 0: {'cpu': 0}, 3: {'cpu': 0}}, 'link_level': {}, 'path_level': {}}",[],0.0,0.0,True,True,False,0,[],0,0.0,"OrderedDict([((0, 2), 0), ((1, 6), 0), ((4, 7), 0), ((2, 4), 0), ((1, 7), 0), ((5, 6), 0), ((2, 7), 0), ((1, 3), 0), ((2, 5), 0), ((1, 2), 0), ((2, 6), 0), ((1, 4), 0), ((6, 7), 0), ((0, 6), 0)])",9.0,0.0,8.0,14.0
51,33,20,6881.0,11698.0,3362423.715600937,5890042.990068471,0.5882202085826637,0.5708657341330966,52,71,1,608.0,37489.0,6121,31368.0,0.15584057371397053,0.19432886423177687,50,279.1443879210665,608.0,5,5,True,"{2: np.int64(15), 1: np.int64(49), 0: np.int64(92), 3: np.int64(22), 4: np.int64(24)}","{(1, 2): [(np.int64(49), 52), (52, np.int64(15))], (0, 2): [(np.int64(92), 73), (73, np.int64(15))], (2, 4): [(np.int64(15), 28), (28, np.int64(24))], (0, 3): [(np.int64(92), 31), (31, np.int64(22))], (0, 1): [(np.int64(92), 49)]}","{(2, np.int64(15)): {'cpu': 8}, (1, np.int64(49)): {'cpu': 4}, (0, np.int64(92)): {'cpu': 3}, (3, np.int64(22)): {'cpu': 19}, (4, np.int64(24)): {'cpu': 8}}","{((1, 2), (np.int64(49), 52)): {'bw': 47.0}, ((1, 2), (52, np.int64(15))): {'bw': 47.0}, ((0, 2), (np.int64(92), 73)): {'bw': 39.0}, ((0, 2), (73, np.int64(15))): {'bw': 39.0}, ((2, 4), (np.int64(15), 28)): {'bw': 7.0}, ((2, 4), (28, np.int64(24))): {'bw': 7.0}, ((0, 3), (np.int64(92), 31)): {'bw': 4.0}, ((0, 3), (31, np.int64(22))): {'bw': 4.0}, ((0, 1), (np.int64(92), 49)): {'bw': 2.0}}",238.0,141.0,141.0,42.0,99.0,42.0,99.0,42.0,196.0,97.0,0.592436974789916,66436.36432521383,39359.358696870375,165.37545670953938,Success,0.0,"{'node_level': {}, 'link_level': {}, 'path_level': {}}","{'node_level': {2: {'cpu': -67}, 1: {'cpu': -61}, 0: {'cpu': -42}, 3: {'cpu': -17}, 4: {'cpu': -21}}, 'link_level': {}, 'path_level': {}}","{'node_level': {2: {'cpu': 0}, 1: {'cpu': 0}, 0: {'cpu': 0}, 3: {'cpu': 0}, 4: {'cpu': 0}}, 'link_level': {}, 'path_level': {}}",[],0.0,0.0,True,True,False,0,[],0,0.0,"OrderedDict([((1, 2), 0), ((0, 2), 0), ((2, 4), 0), ((0, 3), 0), ((0, 1), 0)])",0.0,0.0,5.0,5.0
51,33,19,6881.0,11698.0,3362423.715600937,5890042.990068471,0.5882202085826637,0.5708657341330966,52,72,0,612.3430340699151,37824.0,6180,31644.0,0.14770376499793136,0.18723994452149795,35,170.3430340699151,442.0,5,6,False,{},{},{},{},0.0,0.0,0.0,0.0,0.0,0.0,0.0,0.0,0.0,0.0,0.0,0.0,0.0,0.0,Leave Event,0.0,"{'node_level': {}, 'link_level': {}, 'path_level': {}}","{'node_level': {}, 'link_level': {}, 'path_level': {}}","{'node_level': {}, 'link_level': {}, 'path_level': {}}",[],0.0,0.0,True,True,False,0,[],0,0.0,,,,,
51,33,18,6881.0,11698.0,3362423.715600937,5890042.990068471,0.5882202085826637,0.5708657341330966,52,73,0,613.7795467126984,38446.0,6259,32187.0,0.136808716039167,0.17329326552627522,21,319.7795467126984,294.0,9,13,False,{},{},{},{},0.0,0.0,0.0,0.0,0.0,0.0,0.0,0.0,0.0,0.0,0.0,0.0,0.0,0.0,Leave Event,0.0,"{'node_level': {}, 'link_level': {}, 'path_level': {}}","{'node_level': {}, 'link_level': {}, 'path_level': {}}","{'node_level': {}, 'link_level': {}, 'path_level': {}}",[],0.0,0.0,True,True,False,0,[],0,0.0,,,,,
52,33,18,6881.0,11698.0,3362423.715600937,5890042.990068471,0.5882202085826637,0.5708657341330966,52,74,1,622.0,38446.0,6259,32187.0,0.136808716039167,0.17329326552627522,51,279.6425258369382,622.0,9,17,False,"{1: np.int64(27), 5: np.int64(2), 7: np.int64(88), 0: np.int64(67), 3: np.int64(66), 8: np.int64(94), 2: np.int64(49), 6: np.int64(95), 4: np.int64(44)}","{(5, 6): [(np.int64(2), 66), (66, 67), (67, np.int64(95))], (2, 5): [(np.int64(49), 73), (73, np.int64(2))], (1, 4): [(np.int64(27), 14), (14, 31), (31, np.int64(44))], (6, 7): [(np.int64(95), 26), (26, 37), (37, np.int64(88))], (1, 8): [(np.int64(27), 48), (48, np.int64(94))], (1, 6): [(np.int64(27), 51), (51, np.int64(95))], (1, 2): [(np.int64(27), 49)]}","{(1, np.int64(27)): {'cpu': 14}, (5, np.int64(2)): {'cpu': 20}, (7, np.int64(88)): {'cpu': 12}, (0, np.int64(67)): {'cpu': 19}, (3, np.int64(66)): {'cpu': 17}, (8, np.int64(94)): {'cpu': 12}, (2, np.int64(49)): {'cpu': 2}, (6, np.int64(95)): {'cpu': 1}, (4, np.int64(44)): {'cpu': 1}}","{((5, 6), (np.int64(2), 66)): {'bw': 47.0}, ((5, 6), (66, 67)): {'bw': 47.0}, ((5, 6), (67, np.int64(95))): {'bw': 47.0}, ((2, 5), (np.int64(49), 73)): {'bw': 45.0}, ((2, 5), (73, np.int64(2))): {'bw': 45.0}, ((1, 4), (np.int64(27), 14)): {'bw': 47.0}, ((1, 4), (14, 31)): {'bw': 47.0}, ((1, 4), (31, np.int64(44))): {'bw': 47.0}, ((6, 7), (np.int64(95), 26)): {'bw': 47.0}, ((6, 7), (26, 37)): {'bw': 47.0}, ((6, 7), (37, np.int64(88))): {'bw': 47.0}, ((1, 8), (np.int64(27), 48)): {'bw': 41.0}, ((1, 8), (48, np.int64(94))): {'bw': 41.0}, ((1, 6), (np.int64(27), 51)): {'bw': 38.0}, ((1, 6), (51, np.int64(95))): {'bw': 38.0}, ((1, 2), (np.int64(27), 49)): {'bw': 37.0}}",0.0,0.0,610.0,98.0,512.0,0.0,0.0,0.0,0.0,0.0,0.0,0.0,0.0,0.0,Route Failure,0.0,"{'node_level': {}, 'link_level': {}, 'path_level': {}}","{'node_level': {1: {'cpu': -40}, 5: {'cpu': -35}, 7: {'cpu': -27}, 0: {'cpu': -18}, 3: {'cpu': -48}, 8: {'cpu': -43}, 2: {'cpu': -74}, 6: {'cpu': -67}, 4: {'cpu': -51}}, 'link_level': {}, 'path_level': {}}","{'node_level': {1: {'cpu': 0}, 5: {'cpu': 0}, 7: {'cpu': 0}, 0: {'cpu': 0}, 3: {'cpu': 0}, 8: {'cpu': 0}, 2: {'cpu': 0}, 6: {'cpu': 0}, 4: {'cpu': 0}}, 'link_level': {}, 'path_level': {}}",[],0.0,0.0,True,False,False,0,[],0,0.0,"OrderedDict([((5, 6), 0), ((2, 5), 0), ((1, 4), 0), ((6, 7), 0), ((1, 8), 0), ((1, 6), 0), ((1, 2), 0)])",1.0,0.0,9.0,7.0
52,33,17,6881.0,11698.0,3362423.715600937,5890042.990068471,0.5882202085826637,0.5708657341330966,52,75,0,628.1012249237991,38535.0,6278,32257.0,0.1341883878085781,0.17149535110700165,24,312.1012249237991,316.0,2,1,False,{},{},{},{},0.0,0.0,0.0,0.0,0.0,0.0,0.0,0.0,0.0,0.0,0.0,0.0,0.0,0.0,Leave Event,0.0,"{'node_level': {}, 'link_level': {}, 'path_level': {}}","{'node_level': {}, 'link_level': {}, 'path_level': {}}","{'node_level': {}, 'link_level': {}, 'path_level': {}}",[],0.0,0.0,True,True,False,0,[],0,0.0,,,,,
52,33,17,6881.0,11698.0,3362423.715600937,5890042.990068471,0.5882202085826637,0.5708657341330966,52,76,0,629.0402205606298,38535.0,6278,32257.0,0.1341883878085781,0.17149535110700165,39,133.04022056062976,496.0,6,7,False,{},{},{},{},0.0,0.0,0.0,0.0,0.0,0.0,0.0,0.0,0.0,0.0,0.0,0.0,0.0,0.0,Leave Event,0.0,"{'node_level': {}, 'link_level': {}, 'path_level': {}}","{'node_level': {}, 'link_level': {}, 'path_level': {}}","{'node_level': {}, 'link_level': {}, 'path_level': {}}",[],0.0,0.0,True,True,False,0,[],0,0.0,,,,,
53,33,17,6881.0,11698.0,3362423.715600937,5890042.990068471,0.5882202085826637,0.5708657341330966,52,77,1,631.0,38535.0,6278,32257.0,0.1341883878085781,0.17149535110700165,52,224.63361530467893,631.0,9,17,False,"{5: np.int64(27), 7: np.int64(2), 4: np.int64(88), 1: np.int64(67)}",{},"{(5, np.int64(27)): {'cpu': 18}, (7, np.int64(2)): {'cpu': 20}, (4, np.int64(88)): {'cpu': 20}, (1, np.int64(67)): {'cpu': 14}}",{},0.0,0.0,531.0,100.0,431.0,0.0,0.0,0.0,0.0,0.0,0.0,0.0,0.0,0.0,Place Failure,0.0,"{'node_level': {}, 'link_level': {}, 'path_level': {}}","{'node_level': {5: {'cpu': -36}, 7: {'cpu': -35}, 4: {'cpu': -19}, 1: {'cpu': -23}}, 'link_level': {}, 'path_level': {}}","{'node_level': {5: {'cpu': 0}, 7: {'cpu': 0}, 4: {'cpu': 0}, 1: {'cpu': 0}}, 'link_level': {}, 'path_level': {}}",[],0.0,0.0,False,True,False,0,[],0,0.0,,,,4.0,0.0
53,33,16,6881.0,11698.0,3362423.715600937,5890042.990068471,0.5882202085826637,0.5708657341330966,52,78,0,643.0859208972036,38693.0,6305,32388.0,0.1304647634808992,0.1681306826937895,38,163.0859208972035,480.0,3,2,False,{},{},{},{},0.0,0.0,0.0,0.0,0.0,0.0,0.0,0.0,0.0,0.0,0.0,0.0,0.0,0.0,Leave Event,0.0,"{'node_level': {}, 'link_level': {}, 'path_level': {}}","{'node_level': {}, 'link_level': {}, 'path_level': {}}","{'node_level': {}, 'link_level': {}, 'path_level': {}}",[],0.0,0.0,True,True,False,0,[],0,0.0,,,,,
54,34,17,7224.0,12276.0,3390970.6252964907,5938148.2781268675,0.5884652981427175,0.5710484929766928,52,79,1,645.0,38115.0,6245,31870.0,0.13873948420907456,0.18143524939641442,53,83.22714196954355,645.0,6,9,True,"{5: np.int64(27), 4: np.int64(2), 3: np.int64(13), 1: np.int64(67), 0: np.int64(49), 2: np.int64(66)}","{(0, 1): [(np.int64(49), 95), (95, np.int64(67))], (3, 4): [(np.int64(13), 70), (70, np.int64(2))], (3, 5): [(np.int64(13), 83), (83, np.int64(27))], (0, 2): [(np.int64(49), 99), (99, np.int64(66))], (2, 5): [(np.int64(66), 67), (67, np.int64(27))], (4, 5): [(np.int64(2), 82), (82, np.int64(27))], (0, 5): [(np.int64(49), 27)], (1, 2): [(np.int64(67), 66)], (2, 4): [(np.int64(66), 2)]}","{(5, np.int64(27)): {'cpu': 18}, (4, np.int64(2)): {'cpu': 10}, (3, np.int64(13)): {'cpu': 9}, (1, np.int64(67)): {'cpu': 11}, (0, np.int64(49)): {'cpu': 6}, (2, np.int64(66)): {'cpu': 6}}","{((0, 1), (np.int64(49), 95)): {'bw': 47.0}, ((0, 1), (95, np.int64(67))): {'bw': 47.0}, ((3, 4), (np.int64(13), 70)): {'bw': 45.0}, ((3, 4), (70, np.int64(2))): {'bw': 45.0}, ((3, 5), (np.int64(13), 83)): {'bw': 43.0}, ((3, 5), (83, np.int64(27))): {'bw': 43.0}, ((0, 2), (np.int64(49), 99)): {'bw': 40.0}, ((0, 2), (99, np.int64(66))): {'bw': 40.0}, ((2, 5), (np.int64(66), 67)): {'bw': 30.0}, ((2, 5), (67, np.int64(27))): {'bw': 30.0}, ((4, 5), (np.int64(2), 82)): {'bw': 30.0}, ((4, 5), (82, np.int64(27))): {'bw': 30.0}, ((0, 5), (np.int64(49), 27)): {'bw': 20.0}, ((1, 2), (np.int64(67), 66)): {'bw': 16.0}, ((2, 4), (np.int64(66), 2)): {'bw': 12.0}}",578.0,343.0,343.0,60.0,283.0,60.0,283.0,60.0,518.0,235.0,0.5934256055363322,48105.288058396174,28546.909695553437,49.38911712033467,Success,0.0,"{'node_level': {}, 'link_level': {}, 'path_level': {}}","{'node_level': {5: {'cpu': -36}, 4: {'cpu': -45}, 3: {'cpu': -86}, 1: {'cpu': -26}, 0: {'cpu': -70}, 2: {'cpu': -59}}, 'link_level': {}, 'path_level': {}}","{'node_level': {5: {'cpu': 0}, 4: {'cpu': 0}, 3: {'cpu': 0}, 1: {'cpu': 0}, 0: {'cpu': 0}, 2: {'cpu': 0}}, 'link_level': {}, 'path_level': {}}",[],0.0,0.0,True,True,False,0,[],0,0.0,"OrderedDict([((0, 1), 0), ((3, 4), 0), ((3, 5), 0), ((0, 2), 0), ((2, 5), 0), ((4, 5), 0), ((0, 5), 0), ((1, 2), 0), ((2, 4), 0)])",0.0,0.0,6.0,9.0
55,35,18,7507.0,12846.0,3782592.5551411347,6726927.430110779,0.5843842441226841,0.562306133734944,52,80,1,653.0,37545.0,6175,31370.0,0.14839332505861258,0.19427749524836901,54,1383.823073655985,653.0,7,7,True,"{0: np.int64(0), 2: np.int64(2), 6: np.int64(16), 1: np.int64(24), 4: np.int64(88), 5: np.int64(94), 3: np.int64(47)}","{(4, 5): [(np.int64(88), 61), (61, np.int64(94))], (0, 6): [(np.int64(0), 81), (81, np.int64(16))], (0, 2): [(np.int64(0), 39), (39, 94), (94, np.int64(2))], (1, 4): [(np.int64(24), 28), (28, np.int64(88))], (3, 5): [(np.int64(47), 39), (39, np.int64(94))], (5, 6): [(np.int64(94), 5), (5, 46), (46, np.int64(16))], (0, 1): [(np.int64(0), 79), (79, 59), (59, np.int64(24))]}","{(0, np.int64(0)): {'cpu': 19}, (2, np.int64(2)): {'cpu': 14}, (6, np.int64(16)): {'cpu': 8}, (1, np.int64(24)): {'cpu': 12}, (4, np.int64(88)): {'cpu': 6}, (5, np.int64(94)): {'cpu': 4}, (3, np.int64(47)): {'cpu': 7}}","{((4, 5), (np.int64(88), 61)): {'bw': 45.0}, ((4, 5), (61, np.int64(94))): {'bw': 45.0}, ((0, 6), (np.int64(0), 81)): {'bw': 45.0}, ((0, 6), (81, np.int64(16))): {'bw': 45.0}, ((0, 2), (np.int64(0), 39)): {'bw': 45.0}, ((0, 2), (39, 94)): {'bw': 45.0}, ((0, 2), (94, np.int64(2))): {'bw': 45.0}, ((1, 4), (np.int64(24), 28)): {'bw': 27.0}, ((1, 4), (28, np.int64(88))): {'bw': 27.0}, ((3, 5), (np.int64(47), 39)): {'bw': 22.0}, ((3, 5), (39, np.int64(94))): {'bw': 22.0}, ((5, 6), (np.int64(94), 5)): {'bw': 17.0}, ((5, 6), (5, 46)): {'bw': 17.0}, ((5, 6), (46, np.int64(16))): {'bw': 17.0}, ((0, 1), (np.int64(0), 79)): {'bw': 12.0}, ((0, 1), (79, 59)): {'bw': 12.0}, ((0, 1), (59, np.int64(24))): {'bw': 12.0}}",570.0,283.0,283.0,70.0,213.0,70.0,213.0,70.0,500.0,287.0,0.4964912280701754,788779.1519839114,391621.92984464375,687.0560172713048,Success,0.0,"{'node_level': {}, 'link_level': {}, 'path_level': {}}","{'node_level': {0: {'cpu': -60}, 2: {'cpu': -31}, 6: {'cpu': -79}, 1: {'cpu': -21}, 4: {'cpu': -33}, 5: {'cpu': -51}, 3: {'cpu': -69}}, 'link_level': {}, 'path_level': {}}","{'node_level': {0: {'cpu': 0}, 2: {'cpu': 0}, 6: {'cpu': 0}, 1: {'cpu': 0}, 4: {'cpu': 0}, 5: {'cpu': 0}, 3: {'cpu': 0}}, 'link_level': {}, 'path_level': {}}",[],0.0,0.0,True,True,False,0,[],0,0.0,"OrderedDict([((4, 5), 0), ((0, 6), 0), ((0, 2), 0), ((1, 4), 0), ((3, 5), 0), ((5, 6), 0), ((0, 1), 0)])",0.0,0.0,7.0,7.0
55,35,17,7507.0,12846.0,3782592.5551411347,6726927.430110779,0.5843842441226841,0.562306133734944,52,81,0,653.3499517739697,37893.0,6207,31686.0,0.14398014067025233,0.18616119586993374,31,252.34995177396962,401.0,5,4,False,{},{},{},{},0.0,0.0,0.0,0.0,0.0,0.0,0.0,0.0,0.0,0.0,0.0,0.0,0.0,0.0,Leave Event,0.0,"{'node_level': {}, 'link_level': {}, 'path_level': {}}","{'node_level': {}, 'link_level': {}, 'path_level': {}}","{'node_level': {}, 'link_level': {}, 'path_level': {}}",[],0.0,0.0,True,True,False,0,[],0,0.0,,,,,
56,36,18,7745.0,13378.0,4077930.3093402935,7387094.174791251,0.5789355658543878,0.5520344282676659,52,82,1,663.0,37361.0,6148,31213.0,0.1521169493862915,0.19830996044588278,55,1240.9149336099103,663.0,5,6,True,"{3: np.int64(34), 1: np.int64(47), 2: np.int64(33), 0: np.int64(64), 4: np.int64(15)}","{(2, 3): [(np.int64(33), 34)], (1, 3): [(np.int64(47), 93), (93, 46), (46, np.int64(34))], (2, 4): [(np.int64(33), 24), (24, 20), (20, 46), (46, np.int64(15))], (1, 2): [(np.int64(47), 22), (22, np.int64(33))], (0, 3): [(np.int64(64), 10), (10, 21), (21, 16), (16, np.int64(34))], (3, 4): [(np.int64(34), 73), (73, np.int64(15))]}","{(3, np.int64(34)): {'cpu': 20}, (1, np.int64(47)): {'cpu': 12}, (2, np.int64(33)): {'cpu': 6}, (0, np.int64(64)): {'cpu': 20}, (4, np.int64(15)): {'cpu': 1}}","{((2, 3), (np.int64(33), 34)): {'bw': 39.0}, ((1, 3), (np.int64(47), 93)): {'bw': 42.0}, ((1, 3), (93, 46)): {'bw': 42.0}, ((1, 3), (46, np.int64(34))): {'bw': 42.0}, ((2, 4), (np.int64(33), 24)): {'bw': 40.0}, ((2, 4), (24, 20)): {'bw': 40.0}, ((2, 4), (20, 46)): {'bw': 40.0}, ((2, 4), (46, np.int64(15))): {'bw': 40.0}, ((1, 2), (np.int64(47), 22)): {'bw': 35.0}, ((1, 2), (22, np.int64(33))): {'bw': 35.0}, ((0, 3), (np.int64(64), 10)): {'bw': 16.0}, ((0, 3), (10, 21)): {'bw': 16.0}, ((0, 3), (21, 16)): {'bw': 16.0}, ((0, 3), (16, np.int64(34))): {'bw': 16.0}, ((3, 4), (np.int64(34), 73)): {'bw': 7.0}, ((3, 4), (73, np.int64(15))): {'bw': 7.0}}",532.0,238.0,238.0,59.0,179.0,59.0,179.0,59.0,473.0,294.0,0.4473684210526316,660166.7446804723,295337.7541991587,555.1461545096968,Success,0.0,"{'node_level': {}, 'link_level': {}, 'path_level': {}}","{'node_level': {3: {'cpu': -47}, 1: {'cpu': -61}, 2: {'cpu': -76}, 0: {'cpu': -47}, 4: {'cpu': -66}}, 'link_level': {}, 'path_level': {}}","{'node_level': {3: {'cpu': 0}, 1: {'cpu': 0}, 2: {'cpu': 0}, 0: {'cpu': 0}, 4: {'cpu': 0}}, 'link_level': {}, 'path_level': {}}",[],0.0,0.0,True,True,False,0,[],0,0.0,"OrderedDict([((2, 3), 0), ((1, 3), 0), ((2, 4), 0), ((1, 2), 0), ((0, 3), 0), ((3, 4), 0)])",0.0,0.0,5.0,6.0
57,36,18,7745.0,13378.0,4077930.3093402935,7387094.174791251,0.5789355658543878,0.5520344282676659,52,83,1,669.0,37361.0,6148,31213.0,0.1521169493862915,0.19830996044588278,56,761.534847652079,669.0,8,17,False,"{1: np.int64(36), 5: np.int64(25), 3: np.int64(76), 2: np.int64(77), 7: np.int64(57), 4: np.int64(70), 6: np.int64(30), 0: np.int64(43)}","{(1, 5): [(np.int64(36), 25)], (1, 3): [(np.int64(36), 76)], (1, 4): [(np.int64(36), 70)], (2, 4): [(np.int64(77), 36), (36, np.int64(70))], (4, 7): [(np.int64(70), 13), (13, np.int64(57))], (4, 6): [(np.int64(70), 56), (56, 96), (96, np.int64(30))], (0, 6): [(np.int64(43), 30)], (3, 6): [(np.int64(76), 30)], (5, 7): [(np.int64(25), 12), (12, np.int64(57))], (2, 3): [(np.int64(77), 67), (67, np.int64(76))], (6, 7): [(np.int64(30), 57)], (0, 4): [(np.int64(43), 83), (83, 13), (13, np.int64(70))], (1, 6): [(np.int64(36), 53), (53, np.int64(30))]}","{(1, np.int64(36)): {'cpu': 13}, (5, np.int64(25)): {'cpu': 18}, (3, np.int64(76)): {'cpu': 13}, (2, np.int64(77)): {'cpu': 18}, (7, np.int64(57)): {'cpu': 12}, (4, np.int64(70)): {'cpu': 5}, (6, np.int64(30)): {'cpu': 6, 'nic_slots': 1}, (0, np.int64(43)): {'cpu': 8, 'nic_slots': 1}}","{((1, 5), (np.int64(36), 25)): {'bw': 46.0}, ((1, 3), (np.int64(36), 76)): {'bw': 44.0}, ((1, 4), (np.int64(36), 70)): {'bw': 47.0}, ((2, 4), (np.int64(77), 36)): {'bw': 36.0}, ((2, 4), (36, np.int64(70))): {'bw': 36.0}, ((4, 7), (np.int64(70), 13)): {'bw': 27.0}, ((4, 7), (13, np.int64(57))): {'bw': 27.0}, ((4, 6), (np.int64(70), 56)): {'bw': 24.0}, ((4, 6), (56, 96)): {'bw': 24.0}, ((4, 6), (96, np.int64(30))): {'bw': 24.0}, ((0, 6), (np.int64(43), 30)): {'bw': 22.0}, ((3, 6), (np.int64(76), 30)): {'bw': 18.0}, ((5, 7), (np.int64(25), 12)): {'bw': 17.0}, ((5, 7), (12, np.int64(57))): {'bw': 17.0}, ((2, 3), (np.int64(77), 67)): {'bw': 13.0}, ((2, 3), (67, np.int64(76))): {'bw': 13.0}, ((6, 7), (np.int64(30), 57)): {'bw': 12.0}, ((0, 4), (np.int64(43), 83)): {'bw': 11.0}, ((0, 4), (83, 13)): {'bw': 11.0}, ((0, 4), (13, np.int64(70))): {'bw': 11.0}, ((1, 6), (np.int64(36), 53)): {'bw': 11.0}, ((1, 6), (53, np.int64(30))): {'bw': 11.0}}",0.0,0.0,445.0,93.0,352.0,0.0,0.0,0.0,0.0,0.0,0.0,0.0,0.0,0.0,Route Failure,0.0,"{'node_level': {}, 'link_level': {}, 'path_level': {}}","{'node_level': {1: {'cpu': -36}, 5: {'cpu': -30}, 3: {'cpu': -52}, 2: {'cpu': -54}, 7: {'cpu': -58}, 4: {'cpu': -65}, 6: {'cpu': -85}, 0: {'cpu': -29}}, 'link_level': {}, 'path_level': {}}","{'node_level': {1: {'cpu': 0}, 5: {'cpu': 0}, 3: {'cpu': 0}, 2: {'cpu': 0}, 7: {'cpu': 0}, 4: {'cpu': 0}, 6: {'cpu': 0}, 0: {'cpu': 0}}, 'link_level': {}, 'path_level': {}}",[],0.0,0.0,True,False,False,0,[],0,0.0,"OrderedDict([((1, 5), 0), ((1, 3), 0), ((1, 4), 0), ((2, 4), 0), ((4, 7), 0), ((4, 6), 0), ((0, 6), 1), ((3, 6), 0), ((5, 7), 0), ((2, 3), 0), ((6, 7), 0), ((0, 4), 0), ((1, 6), 0)])",0.0,1.0,8.0,13.0
57,36,17,7745.0,13378.0,4077930.3093402935,7387094.174791251,0.5789355658543878,0.5520344282676659,52,84,0,669.7281765048497,37433.0,6174,31259.0,0.1485312370707489,0.19712847382750298,19,400.7281765048497,269.0,2,1,False,{},{},{},{},0.0,0.0,0.0,0.0,0.0,0.0,0.0,0.0,0.0,0.0,0.0,0.0,0.0,0.0,Leave Event,0.0,"{'node_level': {}, 'link_level': {}, 'path_level': {}}","{'node_level': {}, 'link_level': {}, 'path_level': {}}","{'node_level': {}, 'link_level': {}, 'path_level': {}}",[],0.0,0.0,True,True,False,0,[],0,0.0,,,,,
58,36,17,7745.0,13378.0,4077930.3093402935,7387094.174791251,0.5789355658543878,0.5520344282676659,52,85,1,678.0,37433.0,6174,31259.0,0.1485312370707489,0.19712847382750298,57,478.9848606971591,678.0,10,23,False,"{7: np.int64(70), 3: np.int64(36), 2: np.int64(97), 1: np.int64(67), 9: np.int64(25), 8: np.int64(76), 5: np.int64(13), 6: np.int64(57), 0: np.int64(77), 4: np.int64(12)}","{(1, 9): [(np.int64(67), 25)], (0, 5): [(np.int64(77), 12), (12, 25), (25, np.int64(13))], (2, 5): [(np.int64(97), 70), (70, np.int64(13))]}","{(7, np.int64(70)): {'cpu': 19}, (3, np.int64(36)): {'cpu': 16}, (2, np.int64(97)): {'cpu': 14}, (1, np.int64(67)): {'cpu': 15}, (9, np.int64(25)): {'cpu': 16}, (8, np.int64(76)): {'cpu': 13}, (5, np.int64(13)): {'cpu': 7}, (6, np.int64(57)): {'cpu': 15}, (0, np.int64(77)): {'cpu': 7}, (4, np.int64(12)): {'cpu': 2}}","{((1, 9), (np.int64(67), 25)): {'bw': 48.0}, ((0, 5), (np.int64(77), 12)): {'bw': 40.0}, ((0, 5), (12, 25)): {'bw': 40.0}, ((0, 5), (25, np.int64(13))): {'bw': 40.0}, ((2, 5), (np.int64(97), 70)): {'bw': 42.0}, ((2, 5), (70, np.int64(13))): {'bw': 42.0}}",0.0,0.0,726.0,124.0,602.0,0.0,0.0,0.0,0.0,0.0,0.0,0.0,0.0,0.0,Route Failure,0.0,"{'node_level': {}, 'link_level': {}, 'path_level': {}}","{'node_level': {7: {'cpu': -65}, 3: {'cpu': -33}, 2: {'cpu': -45}, 1: {'cpu': -11}, 9: {'cpu': -32}, 8: {'cpu': -52}, 5: {'cpu': -79}, 6: {'cpu': -55}, 0: {'cpu': -65}, 4: {'cpu': -51}}, 'link_level': {}, 'path_level': {}}","{'node_level': {7: {'cpu': 0}, 3: {'cpu': 0}, 2: {'cpu': 0}, 1: {'cpu': 0}, 9: {'cpu': 0}, 8: {'cpu': 0}, 5: {'cpu': 0}, 6: {'cpu': 0}, 0: {'cpu': 0}, 4: {'cpu': 0}}, 'link_level': {}, 'path_level': {}}",[],0.0,0.0,True,False,False,0,[],0,0.0,"OrderedDict([((1, 9), 0), ((0, 5), 0), ((2, 5), 0)])",0.0,0.0,10.0,3.0
59,37,18,7817.0,13450.0,4079250.1917294916,7388414.057180449,0.5811895910780669,0.552114453813679,52,86,1,688.0,37361.0,6145,31216.0,0.15253068542270032,0.198232906970771,58,18.33169984997364,688.0,2,1,True,"{1: np.int64(70), 0: np.int64(36)}","{(0, 1): [(np.int64(36), 70)]}","{(1, np.int64(70)): {'cpu': 17}, (0, np.int64(36)): {'cpu': 12}}","{((0, 1), (np.int64(36), 70)): {'bw': 43.0}}",72.0,72.0,72.0,29.0,43.0,29.0,43.0,29.0,43.0,0.0,1.0,1319.882389198102,1319.882389198102,18.33169984997364,Success,0.0,"{'node_level': {}, 'link_level': {}, 'path_level': {}}","{'node_level': {1: {'cpu': -67}, 0: {'cpu': -37}}, 'link_level': {}, 'path_level': {}}","{'node_level': {1: {'cpu': 0}, 0: {'cpu': 0}}, 'link_level': {}, 'path_level': {}}",[],0.0,0.0,True,True,False,0,[],0,0.0,"OrderedDict([((0, 1), 0)])",0.0,0.0,2.0,1.0
59,37,18,7817.0,13450.0,4079250.1917294916,7388414.057180449,0.5811895910780669,0.552114453813679,52,87,0,692.8899071182578,37361.0,6145,31216.0,0.15253068542270032,0.198232906970771,26,354.88990711825784,338.0,10,20,False,{},{},{},{},0.0,0.0,0.0,0.0,0.0,0.0,0.0,0.0,0.0,0.0,0.0,0.0,0.0,0.0,Leave Event,0.0,"{'node_level': {}, 'link_level': {}, 'path_level': {}}","{'node_level': {}, 'link_level': {}, 'path_level': {}}","{'node_level': {}, 'link_level': {}, 'path_level': {}}",[],0.0,0.0,True,True,False,0,[],0,0.0,,,,,
60,38,19,7934.0,13604.0,4141391.974582717,7470207.51495307,0.5832108203469568,0.5543878086777264,53,88,1,703.0,37207.0,6112,31095.0,0.15708178182319676,0.201340730466944,59,531.1263491728663,703.0,4,3,True,"{2: np.int64(97), 0: np.int64(25), 1: np.int64(4), 3: np.int64(76)}","{(1, 2): [(np.int64(4), 97)], (0, 2): [(np.int64(25), 67), (67, np.int64(97))], (2, 3): [(np.int64(97), 67), (67, np.int64(76))]}","{(2, np.int64(97)): {'cpu': 7}, (0, np.int64(25)): {'cpu': 14}, (1, np.int64(4)): {'cpu': 9}, (3, np.int64(76)): {'cpu': 3}}","{((1, 2), (np.int64(4), 97)): {'bw': 47.0}, ((0, 2), (np.int64(25), 67)): {'bw': 34.0}, ((0, 2), (67, np.int64(97))): {'bw': 34.0}, ((2, 3), (np.int64(97), 67)): {'bw': 3.0}, ((2, 3), (67, np.int64(76))): {'bw': 3.0}}",154.0,117.0,117.0,33.0,84.0,33.0,84.0,33.0,121.0,37.0,0.7597402597402597,81793.4577726214,62141.782853225355,403.5180704754893,Success,0.0,"{'node_level': {}, 'link_level': {}, 'path_level': {}}","{'node_level': {2: {'cpu': -52}, 0: {'cpu': -34}, 1: {'cpu': -50}, 3: {'cpu': -62}}, 'link_level': {}, 'path_level': {}}","{'node_level': {2: {'cpu': 0}, 0: {'cpu': 0}, 1: {'cpu': 0}, 3: {'cpu': 0}}, 'link_level': {}, 'path_level': {}}",[],0.0,0.0,True,True,False,0,[],0,0.0,"OrderedDict([((1, 2), 0), ((0, 2), 0), ((2, 3), 0)])",1.0,0.0,4.0,3.0
60,38,18,7934.0,13604.0,4141391.974582717,7470207.51495307,0.5832108203469568,0.5543878086777264,53,89,0,706.3316998499737,37279.0,6141,31138.0,0.15308233347124534,0.20023629732367598,58,18.33169984997364,688.0,2,1,False,{},{},{},{},0.0,0.0,0.0,0.0,0.0,0.0,0.0,0.0,0.0,0.0,0.0,0.0,0.0,0.0,Leave Event,0.0,"{'node_level': {}, 'link_level': {}, 'path_level': {}}","{'node_level': {}, 'link_level': {}, 'path_level': {}}","{'node_level': {}, 'link_level': {}, 'path_level': {}}",[],0.0,0.0,True,True,False,0,[],0,0.0,,,,,
61,38,18,7934.0,13604.0,4141391.974582717,7470207.51495307,0.5832108203469568,0.5543878086777264,53,90,1,714.0,37279.0,6141,31138.0,0.15308233347124534,0.20023629732367598,60,69.49864252597972,714.0,9,18,False,"{5: np.int64(70), 4: np.int64(36), 0: np.int64(77), 8: np.int64(57), 2: np.int64(76), 3: np.int64(56), 6: np.int64(44), 7: np.int64(12), 1: np.int64(43)}","{(2, 4): [(np.int64(76), 36)], (3, 4): [(np.int64(56), 70), (70, np.int64(36))]}","{(5, np.int64(70)): {'cpu': 20}, (4, np.int64(36)): {'cpu': 16}, (0, np.int64(77)): {'cpu': 12}, (8, np.int64(57)): {'cpu': 19}, (2, np.int64(76)): {'cpu': 10}, (3, np.int64(56)): {'cpu': 9}, (6, np.int64(44)): {'cpu': 10}, (7, np.int64(12)): {'cpu': 7}, (1, np.int64(43)): {'cpu': 19}}","{((2, 4), (np.int64(76), 36)): {'bw': 49.0}, ((3, 4), (np.int64(56), 70)): {'bw': 50.0}, ((3, 4), (70, np.int64(36))): {'bw': 50.0}}",0.0,0.0,557.0,122.0,435.0,0.0,0.0,0.0,0.0,0.0,0.0,0.0,0.0,0.0,Route Failure,0.0,"{'node_level': {}, 'link_level': {}, 'path_level': {}}","{'node_level': {5: {'cpu': -64}, 4: {'cpu': -33}, 0: {'cpu': -60}, 8: {'cpu': -51}, 2: {'cpu': -52}, 3: {'cpu': -45}, 6: {'cpu': -42}, 7: {'cpu': -46}, 1: {'cpu': -18}}, 'link_level': {}, 'path_level': {}}","{'node_level': {5: {'cpu': 0}, 4: {'cpu': 0}, 0: {'cpu': 0}, 8: {'cpu': 0}, 2: {'cpu': 0}, 3: {'cpu': 0}, 6: {'cpu': 0}, 7: {'cpu': 0}, 1: {'cpu': 0}}, 'link_level': {}, 'path_level': {}}",[],0.0,0.0,True,False,False,0,[],0,0.0,"OrderedDict([((2, 4), 0), ((3, 4), 0)])",0.0,0.0,9.0,2.0
62,38,18,7934.0,13604.0,4141391.974582717,7470207.51495307,0.5832108203469568,0.5543878086777264,53,91,1,724.0,37279.0,6141,31138.0,0.15308233347124534,0.20023629732367598,61,174.3246713667898,724.0,9,15,False,"{1: np.int64(70), 6: np.int64(36), 0: np.int64(77), 5: np.int64(57), 3: np.int64(76), 2: np.int64(43), 7: np.int64(12), 8: np.int64(13), 4: np.int64(56)}","{(1, 3): [(np.int64(70), 36), (36, np.int64(76))], (0, 3): [(np.int64(77), 67), (67, np.int64(76))], (5, 7): [(np.int64(57), 12)], (3, 7): [(np.int64(76), 60), (60, np.int64(12))], (2, 3): [(np.int64(43), 31), (31, np.int64(76))], (1, 6): [(np.int64(70), 50), (50, 72), (72, np.int64(36))], (0, 4): [(np.int64(77), 36), (36, 70), (70, np.int64(56))], (1, 5): [(np.int64(70), 13), (13, np.int64(57))], (0, 8): [(np.int64(77), 12), (12, 25), (25, np.int64(13))], (5, 6): [(np.int64(57), 79), (79, np.int64(36))], (6, 7): [(np.int64(36), 77), (77, np.int64(12))]}","{(1, np.int64(70)): {'cpu': 20}, (6, np.int64(36)): {'cpu': 18}, (0, np.int64(77)): {'cpu': 14}, (5, np.int64(57)): {'cpu': 13}, (3, np.int64(76)): {'cpu': 6}, (2, np.int64(43)): {'cpu': 9}, (7, np.int64(12)): {'cpu': 3}, (8, np.int64(13)): {'cpu': 6}, (4, np.int64(56)): {'cpu': 3}}","{((1, 3), (np.int64(70), 36)): {'bw': 44.0}, ((1, 3), (36, np.int64(76))): {'bw': 44.0}, ((0, 3), (np.int64(77), 67)): {'bw': 44.0}, ((0, 3), (67, np.int64(76))): {'bw': 44.0}, ((5, 7), (np.int64(57), 12)): {'bw': 46.0}, ((3, 7), (np.int64(76), 60)): {'bw': 48.0}, ((3, 7), (60, np.int64(12))): {'bw': 48.0}, ((2, 3), (np.int64(43), 31)): {'bw': 46.0}, ((2, 3), (31, np.int64(76))): {'bw': 46.0}, ((1, 6), (np.int64(70), 50)): {'bw': 46.0}, ((1, 6), (50, 72)): {'bw': 46.0}, ((1, 6), (72, np.int64(36))): {'bw': 46.0}, ((0, 4), (np.int64(77), 36)): {'bw': 42.0}, ((0, 4), (36, 70)): {'bw': 42.0}, ((0, 4), (70, np.int64(56))): {'bw': 42.0}, ((1, 5), (np.int64(70), 13)): {'bw': 41.0}, ((1, 5), (13, np.int64(57))): {'bw': 41.0}, ((0, 8), (np.int64(77), 12)): {'bw': 27.0}, ((0, 8), (12, 25)): {'bw': 27.0}, ((0, 8), (25, np.int64(13))): {'bw': 27.0}, ((5, 6), (np.int64(57), 79)): {'bw': 27.0}, ((5, 6), (79, np.int64(36))): {'bw': 27.0}, ((6, 7), (np.int64(36), 77)): {'bw': 24.0}, ((6, 7), (77, np.int64(12))): {'bw': 24.0}}",0.0,0.0,573.0,92.0,481.0,0.0,0.0,0.0,0.0,0.0,0.0,0.0,0.0,0.0,Route Failure,0.0,"{'node_level': {}, 'link_level': {}, 'path_level': {}}","{'node_level': {1: {'cpu': -64}, 6: {'cpu': -31}, 0: {'cpu': -58}, 5: {'cpu': -57}, 3: {'cpu': -56}, 2: {'cpu': -28}, 7: {'cpu': -50}, 8: {'cpu': -80}, 4: {'cpu': -51}}, 'link_level': {}, 'path_level': {}}","{'node_level': {1: {'cpu': 0}, 6: {'cpu': 0}, 0: {'cpu': 0}, 5: {'cpu': 0}, 3: {'cpu': 0}, 2: {'cpu': 0}, 7: {'cpu': 0}, 8: {'cpu': 0}, 4: {'cpu': 0}}, 'link_level': {}, 'path_level': {}}",[],0.0,0.0,True,False,False,0,[],0,0.0,"OrderedDict([((1, 3), 0), ((0, 3), 0), ((5, 7), 0), ((3, 7), 0), ((2, 3), 0), ((1, 6), 0), ((0, 4), 0), ((1, 5), 0), ((0, 8), 0), ((5, 6), 0), ((6, 7), 0)])",0.0,0.0,9.0,11.0
62,38,17,7934.0,13604.0,4141391.974582717,7470207.51495307,0.5832108203469568,0.5543878086777264,53,92,0,727.0761708768046,37543.0,6199,31344.0,0.14508343676734248,0.19494529203267064,45,171.07617087680458,556.0,4,4,False,{},{},{},{},0.0,0.0,0.0,0.0,0.0,0.0,0.0,0.0,0.0,0.0,0.0,0.0,0.0,0.0,Leave Event,0.0,"{'node_level': {}, 'link_level': {}, 'path_level': {}}","{'node_level': {}, 'link_level': {}, 'path_level': {}}","{'node_level': {}, 'link_level': {}, 'path_level': {}}",[],0.0,0.0,True,True,False,0,[],0,0.0,,,,,
62,38,16,7934.0,13604.0,4141391.974582717,7470207.51495307,0.5832108203469568,0.5543878086777264,53,93,0,728.2271419695436,38121.0,6259,31862.0,0.136808716039167,0.18164072533004572,53,83.22714196954355,645.0,6,9,False,{},{},{},{},0.0,0.0,0.0,0.0,0.0,0.0,0.0,0.0,0.0,0.0,0.0,0.0,0.0,0.0,Leave Event,0.0,"{'node_level': {}, 'link_level': {}, 'path_level': {}}","{'node_level': {}, 'link_level': {}, 'path_level': {}}","{'node_level': {}, 'link_level': {}, 'path_level': {}}",[],0.0,0.0,True,True,False,0,[],0,0.0,,,,,
63,38,16,7934.0,13604.0,4141391.974582717,7470207.51495307,0.5832108203469568,0.5543878086777264,53,94,1,733.0,38121.0,6259,31862.0,0.136808716039167,0.18164072533004572,62,223.7804837211656,733.0,9,15,False,"{4: np.int64(27), 6: np.int64(70), 5: np.int64(13), 2: np.int64(36), 3: np.int64(95), 1: np.int64(66), 0: np.int64(67)}",{},"{(4, np.int64(27)): {'cpu': 15}, (6, np.int64(70)): {'cpu': 20}, (5, np.int64(13)): {'cpu': 7}, (2, np.int64(36)): {'cpu': 20}, (3, np.int64(95)): {'cpu': 16}, (1, np.int64(66)): {'cpu': 11}, (0, np.int64(67)): {'cpu': 10}}",{},0.0,0.0,473.0,107.0,366.0,0.0,0.0,0.0,0.0,0.0,0.0,0.0,0.0,0.0,Place Failure,0.0,"{'node_level': {}, 'link_level': {}, 'path_level': {}}","{'node_level': {4: {'cpu': -39}, 6: {'cpu': -64}, 5: {'cpu': -88}, 2: {'cpu': -29}, 3: {'cpu': -57}, 1: {'cpu': -54}, 0: {'cpu': -27}}, 'link_level': {}, 'path_level': {}}","{'node_level': {4: {'cpu': 0}, 6: {'cpu': 0}, 5: {'cpu': 0}, 2: {'cpu': 0}, 3: {'cpu': 0}, 1: {'cpu': 0}, 0: {'cpu': 0}}, 'link_level': {}, 'path_level': {}}",[],0.0,0.0,False,True,False,0,[],0,0.0,,,,7.0,0.0
63,38,16,7934.0,13604.0,4141391.974582717,7470207.51495307,0.5832108203469568,0.5543878086777264,53,95,0,738.8004448664572,38121.0,6259,31862.0,0.136808716039167,0.18164072533004572,29,365.8004448664571,373.0,10,25,False,{},{},{},{},0.0,0.0,0.0,0.0,0.0,0.0,0.0,0.0,0.0,0.0,0.0,0.0,0.0,0.0,Leave Event,0.0,"{'node_level': {}, 'link_level': {}, 'path_level': {}}","{'node_level': {}, 'link_level': {}, 'path_level': {}}","{'node_level': {}, 'link_level': {}, 'path_level': {}}",[],0.0,0.0,True,True,False,0,[],0,0.0,,,,,
64,39,17,8197.0,13974.0,4183615.874674727,7529609.959949435,0.5865893802776585,0.5556218578289841,53,96,1,749.0,37751.0,6218,31533.0,0.1424631085367536,0.1900909231006318,63,160.5471486388233,749.0,5,8,True,"{1: np.int64(27), 0: np.int64(70), 2: np.int64(13), 3: np.int64(83), 4: np.int64(25)}","{(2, 4): [(np.int64(13), 25)], (1, 2): [(np.int64(27), 83), (83, np.int64(13))], (1, 3): [(np.int64(27), 83)], (0, 2): [(np.int64(70), 13)], (0, 4): [(np.int64(70), 13), (13, np.int64(25))], (2, 3): [(np.int64(13), 83)], (0, 1): [(np.int64(70), 55), (55, 14), (14, np.int64(27))], (3, 4): [(np.int64(83), 86), (86, np.int64(25))]}","{(1, np.int64(27)): {'cpu': 14}, (0, np.int64(70)): {'cpu': 12}, (2, np.int64(13)): {'cpu': 4}, (3, np.int64(83)): {'cpu': 7}, (4, np.int64(25)): {'cpu': 4}}","{((2, 4), (np.int64(13), 25)): {'bw': 41.0}, ((1, 2), (np.int64(27), 83)): {'bw': 37.0}, ((1, 2), (83, np.int64(13))): {'bw': 37.0}, ((1, 3), (np.int64(27), 83)): {'bw': 34.0}, ((0, 2), (np.int64(70), 13)): {'bw': 34.0}, ((0, 4), (np.int64(70), 13)): {'bw': 28.0}, ((0, 4), (13, np.int64(25))): {'bw': 28.0}, ((2, 3), (np.int64(13), 83)): {'bw': 20.0}, ((0, 1), (np.int64(70), 55)): {'bw': 14.0}, ((0, 1), (55, 14)): {'bw': 14.0}, ((0, 1), (14, np.int64(27))): {'bw': 14.0}, ((3, 4), (np.int64(83), 86)): {'bw': 14.0}, ((3, 4), (86, np.int64(25))): {'bw': 14.0}}",370.0,263.0,263.0,41.0,222.0,41.0,222.0,41.0,329.0,107.0,0.7108108108108108,59402.44499636462,42223.90009201053,114.11864889732574,Success,0.0,"{'node_level': {}, 'link_level': {}, 'path_level': {}}","{'node_level': {1: {'cpu': -40}, 0: {'cpu': -72}, 2: {'cpu': -91}, 3: {'cpu': -70}, 4: {'cpu': -30}}, 'link_level': {}, 'path_level': {}}","{'node_level': {1: {'cpu': 0}, 0: {'cpu': 0}, 2: {'cpu': 0}, 3: {'cpu': 0}, 4: {'cpu': 0}}, 'link_level': {}, 'path_level': {}}",[],0.0,0.0,True,True,False,0,[],0,0.0,"OrderedDict([((2, 4), 0), ((1, 2), 0), ((1, 3), 0), ((0, 2), 0), ((0, 4), 0), ((2, 3), 0), ((0, 1), 0), ((3, 4), 0)])",0.0,0.0,5.0,8.0
64,39,16,8197.0,13974.0,4183615.874674727,7529609.959949435,0.5865893802776585,0.5556218578289841,53,97,0,759.3089393134259,37777.0,6230,31547.0,0.14080816439111843,0.18973134021677707,43,229.30893931342584,530.0,2,1,False,{},{},{},{},0.0,0.0,0.0,0.0,0.0,0.0,0.0,0.0,0.0,0.0,0.0,0.0,0.0,0.0,Leave Event,0.0,"{'node_level': {}, 'link_level': {}, 'path_level': {}}","{'node_level': {}, 'link_level': {}, 'path_level': {}}","{'node_level': {}, 'link_level': {}, 'path_level': {}}",[],0.0,0.0,True,True,False,0,[],0,0.0,,,,,
65,40,17,8236.0,14049.0,4185114.4021059177,7532491.743470955,0.586233895650936,0.555608229605231,53,98,1,763.0,37702.0,6227,31475.0,0.14122190042752725,0.1915806236194586,64,38.423780286935184,763.0,2,1,True,"{1: np.int64(95), 0: np.int64(66)}","{(0, 1): [(np.int64(66), 67), (67, np.int64(95))]}","{(1, np.int64(95)): {'cpu': 2}, (0, np.int64(66)): {'cpu': 1}}","{((0, 1), (np.int64(66), 67)): {'bw': 36.0}, ((0, 1), (67, np.int64(95))): {'bw': 36.0}}",75.0,39.0,39.0,3.0,36.0,3.0,36.0,3.0,72.0,36.0,0.52,2881.783521520139,1498.5274311904723,19.980365749206296,Success,0.0,"{'node_level': {}, 'link_level': {}, 'path_level': {}}","{'node_level': {1: {'cpu': -71}, 0: {'cpu': -64}}, 'link_level': {}, 'path_level': {}}","{'node_level': {1: {'cpu': 0}, 0: {'cpu': 0}}, 'link_level': {}, 'path_level': {}}",[],0.0,0.0,True,True,False,0,[],0,0.0,"OrderedDict([((0, 1), 0)])",0.0,0.0,2.0,1.0
66,41,18,8867.0,15189.0,4237183.3861985095,7626562.491276905,0.5837777338863651,0.5555823335932679,54,99,1,774.0,36562.0,6145,30417.0,0.15253068542270032,0.21875481584219447,65,82.51819982978095,774.0,10,24,True,"{6: np.int64(49), 3: np.int64(97), 8: np.int64(95), 1: np.int64(5), 5: np.int64(2), 2: np.int64(66), 7: np.int64(56), 9: np.int64(36), 4: np.int64(70), 0: np.int64(27)}","{(5, 6): [(np.int64(2), 73), (73, np.int64(49))], (1, 4): [(np.int64(5), 97), (97, np.int64(70))], (8, 9): [(np.int64(95), 56), (56, 70), (70, np.int64(36))], (3, 4): [(np.int64(97), 70)], (0, 6): [(np.int64(27), 49)], (7, 8): [(np.int64(56), 95)], (4, 7): [(np.int64(70), 56)], (1, 3): [(np.int64(5), 6), (6, np.int64(97))], (1, 7): [(np.int64(5), 41), (41, 73), (73, np.int64(56))], (6, 7): [(np.int64(49), 96), (96, np.int64(56))], (3, 9): [(np.int64(97), 67), (67, 76), (76, np.int64(36))], (2, 7): [(np.int64(66), 44), (44, 89), (89, np.int64(56))], (2, 3): [(np.int64(66), 99), (99, np.int64(97))], (4, 5): [(np.int64(70), 2)], (3, 5): [(np.int64(97), 11), (11, np.int64(2))], (1, 6): [(np.int64(5), 94), (94, np.int64(49))], (0, 7): [(np.int64(27), 96), (96, np.int64(56))], (6, 8): [(np.int64(49), 95)], (0, 2): [(np.int64(27), 99), (99, np.int64(66))], (3, 7): [(np.int64(97), 17), (17, 89), (89, np.int64(56))], (5, 8): [(np.int64(2), 66), (66, 67), (67, np.int64(95))], (3, 8): [(np.int64(97), 5), (5, 51), (51, np.int64(95))], (2, 9): [(np.int64(66), 77), (77, np.int64(36))], (1, 2): [(np.int64(5), 63), (63, np.int64(66))]}","{(6, np.int64(49)): {'cpu': 16}, (3, np.int64(97)): {'cpu': 13, 'nic_slots': 1}, (8, np.int64(95)): {'cpu': 17}, (1, np.int64(5)): {'cpu': 10}, (5, np.int64(2)): {'cpu': 7, 'nic_slots': 1}, (2, np.int64(66)): {'cpu': 9}, (7, np.int64(56)): {'cpu': 3}, (9, np.int64(36)): {'cpu': 4}, (4, np.int64(70)): {'cpu': 2}, (0, np.int64(27)): {'cpu': 1}}","{((5, 6), (np.int64(2), 73)): {'bw': 46.0}, ((5, 6), (73, np.int64(49))): {'bw': 46.0}, ((1, 4), (np.int64(5), 97)): {'bw': 46.0}, ((1, 4), (97, np.int64(70))): {'bw': 46.0}, ((8, 9), (np.int64(95), 56)): {'bw': 41.0}, ((8, 9), (56, 70)): {'bw': 41.0}, ((8, 9), (70, np.int64(36))): {'bw': 41.0}, ((3, 4), (np.int64(97), 70)): {'bw': 40.0}, ((0, 6), (np.int64(27), 49)): {'bw': 33.0}, ((7, 8), (np.int64(56), 95)): {'bw': 36.0}, ((4, 7), (np.int64(70), 56)): {'bw': 31.0}, ((1, 3), (np.int64(5), 6)): {'bw': 32.0}, ((1, 3), (6, np.int64(97))): {'bw': 32.0}, ((1, 7), (np.int64(5), 41)): {'bw': 24.0}, ((1, 7), (41, 73)): {'bw': 24.0}, ((1, 7), (73, np.int64(56))): {'bw': 24.0}, ((6, 7), (np.int64(49), 96)): {'bw': 24.0}, ((6, 7), (96, np.int64(56))): {'bw': 24.0}, ((3, 9), (np.int64(97), 67)): {'bw': 24.0}, ((3, 9), (67, 76)): {'bw': 24.0}, ((3, 9), (76, np.int64(36))): {'bw': 24.0}, ((2, 7), (np.int64(66), 44)): {'bw': 21.0}, ((2, 7), (44, 89)): {'bw': 21.0}, ((2, 7), (89, np.int64(56))): {'bw': 21.0}, ((2, 3), (np.int64(66), 99)): {'bw': 23.0}, ((2, 3), (99, np.int64(97))): {'bw': 23.0}, ((4, 5), (np.int64(70), 2)): {'bw': 19.0}, ((3, 5), (np.int64(97), 11)): {'bw': 20.0}, ((3, 5), (11, np.int64(2))): {'bw': 20.0}, ((1, 6), (np.int64(5), 94)): {'bw': 18.0}, ((1, 6), (94, np.int64(49))): {'bw': 18.0}, ((0, 7), (np.int64(27), 96)): {'bw': 13.0}, ((0, 7), (96, np.int64(56))): {'bw': 13.0}, ((6, 8), (np.int64(49), 95)): {'bw': 14.0}, ((0, 2), (np.int64(27), 99)): {'bw': 7.0}, ((0, 2), (99, np.int64(66))): {'bw': 7.0}, ((3, 7), (np.int64(97), 17)): {'bw': 9.0}, ((3, 7), (17, 89)): {'bw': 9.0}, ((3, 7), (89, np.int64(56))): {'bw': 9.0}, ((5, 8), (np.int64(2), 66)): {'bw': 7.0}, ((5, 8), (66, 67)): {'bw': 7.0}, ((5, 8), (67, np.int64(95))): {'bw': 7.0}, ((3, 8), (np.int64(97), 5)): {'bw': 7.0}, ((3, 8), (5, 51)): {'bw': 7.0}, ((3, 8), (51, np.int64(95))): {'bw': 7.0}, ((2, 9), (np.int64(66), 77)): {'bw': 7.0}, ((2, 9), (77, np.int64(36))): {'bw': 7.0}, ((1, 2), (np.int64(5), 63)): {'bw': 7.0}, ((1, 2), (63, np.int64(66))): {'bw': 7.0}}",1140.0,631.0,631.0,82.0,549.0,82.0,549.0,82.0,1058.0,509.0,0.5535087719298246,94070.74780595029,52068.98409259178,45.67454744964192,Success,0.0,"{'node_level': {}, 'link_level': {}, 'path_level': {}}","{'node_level': {6: {'cpu': -60}, 3: {'cpu': -58}, 8: {'cpu': -54}, 1: {'cpu': -45}, 5: {'cpu': -34}, 2: {'cpu': -55}, 7: {'cpu': -51}, 9: {'cpu': -45}, 4: {'cpu': -70}, 0: {'cpu': -39}}, 'link_level': {}, 'path_level': {}}","{'node_level': {6: {'cpu': 0}, 3: {'cpu': 0}, 8: {'cpu': 0}, 1: {'cpu': 0}, 5: {'cpu': 0}, 2: {'cpu': 0}, 7: {'cpu': 0}, 9: {'cpu': 0}, 4: {'cpu': 0}, 0: {'cpu': 0}}, 'link_level': {}, 'path_level': {}}",[],0.0,0.0,True,True,False,0,[],0,0.0,"OrderedDict([((5, 6), 0), ((1, 4), 0), ((8, 9), 0), ((3, 4), 0), ((0, 6), 0), ((7, 8), 0), ((4, 7), 0), ((1, 3), 0), ((1, 7), 0), ((6, 7), 0), ((3, 9), 0), ((2, 7), 0), ((2, 3), 0), ((4, 5), 0), ((3, 5), 1), ((1, 6), 0), ((0, 7), 0), ((6, 8), 0), ((0, 2), 0), ((3, 7), 0), ((5, 8), 0), ((3, 8), 0), ((2, 9), 0), ((1, 2), 0)])",3.0,1.0,10.0,24.0
66,41,18,8867.0,15189.0,4237183.3861985095,7626562.491276905,0.5837777338863651,0.5555823335932679,54,100,0,776.481387697313,36562.0,6145,30417.0,0.15253068542270032,0.21875481584219447,33,356.48138769731304,420.0,7,12,False,{},{},{},{},0.0,0.0,0.0,0.0,0.0,0.0,0.0,0.0,0.0,0.0,0.0,0.0,0.0,0.0,Leave Event,0.0,"{'node_level': {}, 'link_level': {}, 'path_level': {}}","{'node_level': {}, 'link_level': {}, 'path_level': {}}","{'node_level': {}, 'link_level': {}, 'path_level': {}}",[],0.0,0.0,True,True,False,0,[],0,0.0,,,,,
66,41,18,8867.0,15189.0,4237183.3861985095,7626562.491276905,0.5837777338863651,0.5555823335932679,54,101,0,783.4986425259797,36562.0,6145,30417.0,0.15253068542270032,0.21875481584219447,60,69.49864252597972,714.0,9,18,False,{},{},{},{},0.0,0.0,0.0,0.0,0.0,0.0,0.0,0.0,0.0,0.0,0.0,0.0,0.0,0.0,Leave Event,0.0,"{'node_level': {}, 'link_level': {}, 'path_level': {}}","{'node_level': {}, 'link_level': {}, 'path_level': {}}","{'node_level': {}, 'link_level': {}, 'path_level': {}}",[],0.0,0.0,True,True,False,0,[],0,0.0,,,,,
67,41,18,8867.0,15189.0,4237183.3861985095,7626562.491276905,0.5837777338863651,0.5555823335932679,54,102,1,788.0,36562.0,6145,30417.0,0.15253068542270032,0.21875481584219447,66,88.14103051327113,788.0,9,19,False,"{0: np.int64(57), 6: np.int64(77), 2: np.int64(43), 1: np.int64(27), 4: np.int64(81), 5: np.int64(78), 7: np.int64(12), 3: np.int64(74)}",{},"{(0, np.int64(57)): {'cpu': 19}, (6, np.int64(77)): {'cpu': 17}, (2, np.int64(43)): {'cpu': 8}, (1, np.int64(27)): {'cpu': 9}, (4, np.int64(81)): {'cpu': 6}, (5, np.int64(78)): {'cpu': 10}, (7, np.int64(12)): {'cpu': 8}, (3, np.int64(74)): {'cpu': 3}}",{},0.0,0.0,494.0,82.0,412.0,0.0,0.0,0.0,0.0,0.0,0.0,0.0,0.0,0.0,Place Failure,0.0,"{'node_level': {}, 'link_level': {}, 'path_level': {}}","{'node_level': {0: {'cpu': -51}, 6: {'cpu': -55}, 2: {'cpu': -29}, 1: {'cpu': -30}, 4: {'cpu': -66}, 5: {'cpu': -25}, 7: {'cpu': -45}, 3: {'cpu': -41}}, 'link_level': {}, 'path_level': {}}","{'node_level': {0: {'cpu': 0}, 6: {'cpu': 0}, 2: {'cpu': 0}, 1: {'cpu': 0}, 4: {'cpu': 0}, 5: {'cpu': 0}, 7: {'cpu': 0}, 3: {'cpu': 0}}, 'link_level': {}, 'path_level': {}}",[],0.0,0.0,False,True,False,0,[],0,0.0,,,,8.0,0.0
67,41,17,8867.0,15189.0,4237183.3861985095,7626562.491276905,0.5837777338863651,0.5555823335932679,54,103,0,791.5793089467489,36742.0,6181,30561.0,0.14756585298579505,0.21505624903683151,42,270.57930894674894,521.0,4,4,False,{},{},{},{},0.0,0.0,0.0,0.0,0.0,0.0,0.0,0.0,0.0,0.0,0.0,0.0,0.0,0.0,Leave Event,0.0,"{'node_level': {}, 'link_level': {}, 'path_level': {}}","{'node_level': {}, 'link_level': {}, 'path_level': {}}","{'node_level': {}, 'link_level': {}, 'path_level': {}}",[],0.0,0.0,True,True,False,0,[],0,0.0,,,,,
68,41,17,8867.0,15189.0,4237183.3861985095,7626562.491276905,0.5837777338863651,0.5555823335932679,54,104,1,800.0,36742.0,6181,30561.0,0.14756585298579505,0.21505624903683151,67,1396.083157018056,800.0,9,15,False,"{5: np.int64(12), 1: np.int64(57), 4: np.int64(53), 3: np.int64(82), 7: np.int64(77), 8: np.int64(25), 0: np.int64(43), 2: np.int64(27), 6: np.int64(2)}","{(3, 8): [(np.int64(82), 12), (12, np.int64(25))], (2, 5): [(np.int64(27), 77), (77, np.int64(12))], (5, 6): [(np.int64(12), 11), (11, np.int64(2))]}","{(5, np.int64(12)): {'cpu': 20}, (1, np.int64(57)): {'cpu': 15}, (4, np.int64(53)): {'cpu': 12}, (3, np.int64(82)): {'cpu': 10}, (7, np.int64(77)): {'cpu': 20}, (8, np.int64(25)): {'cpu': 4}, (0, np.int64(43)): {'cpu': 6}, (2, np.int64(27)): {'cpu': 3}, (6, np.int64(2)): {'cpu': 1}}","{((3, 8), (np.int64(82), 12)): {'bw': 49.0}, ((3, 8), (12, np.int64(25))): {'bw': 49.0}, ((2, 5), (np.int64(27), 77)): {'bw': 44.0}, ((2, 5), (77, np.int64(12))): {'bw': 44.0}, ((5, 6), (np.int64(12), 11)): {'bw': 42.0}, ((5, 6), (11, np.int64(2))): {'bw': 42.0}}",0.0,0.0,456.0,91.0,365.0,0.0,0.0,0.0,0.0,0.0,0.0,0.0,0.0,0.0,Route Failure,0.0,"{'node_level': {}, 'link_level': {}, 'path_level': {}}","{'node_level': {5: {'cpu': -37}, 1: {'cpu': -55}, 4: {'cpu': -50}, 3: {'cpu': -57}, 7: {'cpu': -52}, 8: {'cpu': -26}, 0: {'cpu': -31}, 2: {'cpu': -36}, 6: {'cpu': -33}}, 'link_level': {}, 'path_level': {}}","{'node_level': {5: {'cpu': 0}, 1: {'cpu': 0}, 4: {'cpu': 0}, 3: {'cpu': 0}, 7: {'cpu': 0}, 8: {'cpu': 0}, 0: {'cpu': 0}, 2: {'cpu': 0}, 6: {'cpu': 0}}, 'link_level': {}, 'path_level': {}}",[],0.0,0.0,True,False,False,0,[],0,0.0,"OrderedDict([((3, 8), 0), ((2, 5), 0), ((5, 6), 0)])",0.0,0.0,9.0,3.0
68,41,16,8867.0,15189.0,4237183.3861985095,7626562.491276905,0.5837777338863651,0.5555823335932679,54,105,0,801.4237802869352,36817.0,6184,30633.0,0.14715211694938635,0.2132069656341501,64,38.423780286935184,763.0,2,1,False,{},{},{},{},0.0,0.0,0.0,0.0,0.0,0.0,0.0,0.0,0.0,0.0,0.0,0.0,0.0,0.0,Leave Event,0.0,"{'node_level': {}, 'link_level': {}, 'path_level': {}}","{'node_level': {}, 'link_level': {}, 'path_level': {}}","{'node_level': {}, 'link_level': {}, 'path_level': {}}",[],0.0,0.0,True,True,False,0,[],0,0.0,,,,,
68,41,15,8867.0,15189.0,4237183.3861985095,7626562.491276905,0.5837777338863651,0.5555823335932679,54,106,0,802.1176599127975,38316.0,6266,32050.0,0.13584333195421316,0.1768120408897108,1,773.1176599127975,29.0,10,24,False,{},{},{},{},0.0,0.0,0.0,0.0,0.0,0.0,0.0,0.0,0.0,0.0,0.0,0.0,0.0,0.0,Leave Event,0.0,"{'node_level': {}, 'link_level': {}, 'path_level': {}}","{'node_level': {}, 'link_level': {}, 'path_level': {}}","{'node_level': {}, 'link_level': {}, 'path_level': {}}",[],0.0,0.0,True,True,False,0,[],0,0.0,,,,,
68,41,14,8867.0,15189.0,4237183.3861985095,7626562.491276905,0.5837777338863651,0.5555823335932679,54,107,0,807.2890730872523,38525.0,6307,32218.0,0.13018893945662668,0.17249704628345408,13,617.2890730872523,190.0,4,4,False,{},{},{},{},0.0,0.0,0.0,0.0,0.0,0.0,0.0,0.0,0.0,0.0,0.0,0.0,0.0,0.0,Leave Event,0.0,"{'node_level': {}, 'link_level': {}, 'path_level': {}}","{'node_level': {}, 'link_level': {}, 'path_level': {}}","{'node_level': {}, 'link_level': {}, 'path_level': {}}",[],0.0,0.0,True,True,False,0,[],0,0.0,,,,,
69,42,15,8985.0,15390.0,4264549.764717233,7673178.102143545,0.5838206627680312,0.5557735931511752,54,108,1,813.0,38324.0,6274,32050.0,0.13474003585712313,0.1768120408897108,68,231.91846202308108,813.0,3,3,True,"{2: np.int64(88), 1: np.int64(36), 0: np.int64(43)}","{(1, 2): [(np.int64(36), 88)], (0, 2): [(np.int64(43), 14), (14, np.int64(88))], (0, 1): [(np.int64(43), 38), (38, 16), (16, 66), (66, np.int64(36))]}","{(2, np.int64(88)): {'cpu': 16}, (1, np.int64(36)): {'cpu': 14}, (0, np.int64(43)): {'cpu': 3}}","{((1, 2), (np.int64(36), 88)): {'bw': 40.0}, ((0, 2), (np.int64(43), 14)): {'bw': 26.0}, ((0, 2), (14, np.int64(88))): {'bw': 26.0}, ((0, 1), (np.int64(43), 38)): {'bw': 19.0}, ((0, 1), (38, 16)): {'bw': 19.0}, ((0, 1), (16, 66)): {'bw': 19.0}, ((0, 1), (66, np.int64(36))): {'bw': 19.0}}",201.0,118.0,118.0,33.0,85.0,33.0,85.0,33.0,168.0,83.0,0.5870646766169154,46615.6108666393,27366.378518723566,136.15113690907248,Success,0.0,"{'node_level': {}, 'link_level': {}, 'path_level': {}}","{'node_level': {2: {'cpu': -30}, 1: {'cpu': -48}, 0: {'cpu': -35}}, 'link_level': {}, 'path_level': {}}","{'node_level': {2: {'cpu': 0}, 1: {'cpu': 0}, 0: {'cpu': 0}}, 'link_level': {}, 'path_level': {}}",[],0.0,0.0,True,True,False,0,[],0,0.0,"OrderedDict([((1, 2), 0), ((0, 2), 0), ((0, 1), 0)])",0.0,0.0,3.0,3.0
69,42,14,8985.0,15390.0,4264549.764717233,7673178.102143545,0.5838206627680312,0.5557735931511752,54,109,0,820.678975926222,39327.0,6380,32947.0,0.12012136257067996,0.1537730518313043,6,719.678975926222,101.0,9,19,False,{},{},{},{},0.0,0.0,0.0,0.0,0.0,0.0,0.0,0.0,0.0,0.0,0.0,0.0,0.0,0.0,Leave Event,0.0,"{'node_level': {}, 'link_level': {}, 'path_level': {}}","{'node_level': {}, 'link_level': {}, 'path_level': {}}","{'node_level': {}, 'link_level': {}, 'path_level': {}}",[],0.0,0.0,True,True,False,0,[],0,0.0,,,,,
70,43,15,9088.0,15625.0,4267192.349833045,7679207.301194184,0.581632,0.555681359086303,54,110,1,831.0,39092.0,6365,32727.0,0.12219004275272372,0.15942364000616427,69,25.656166172934412,831.0,3,2,True,"{1: np.int64(99), 0: np.int64(16), 2: np.int64(88)}","{(0, 2): [(np.int64(16), 38), (38, 29), (29, np.int64(88))], (1, 2): [(np.int64(99), 27), (27, np.int64(88))]}","{(1, np.int64(99)): {'cpu': 9}, (0, np.int64(16)): {'cpu': 5}, (2, np.int64(88)): {'cpu': 1}}","{((0, 2), (np.int64(16), 38)): {'bw': 44.0}, ((0, 2), (38, 29)): {'bw': 44.0}, ((0, 2), (29, np.int64(88))): {'bw': 44.0}, ((1, 2), (np.int64(99), 27)): {'bw': 44.0}, ((1, 2), (27, np.int64(88))): {'bw': 44.0}}",235.0,103.0,103.0,15.0,88.0,15.0,88.0,15.0,220.0,132.0,0.43829787234042555,6029.199050639587,2642.5851158122446,11.24504304600955,Success,0.0,"{'node_level': {}, 'link_level': {}, 'path_level': {}}","{'node_level': {1: {'cpu': -79}, 0: {'cpu': -87}, 2: {'cpu': -47}}, 'link_level': {}, 'path_level': {}}","{'node_level': {1: {'cpu': 0}, 0: {'cpu': 0}, 2: {'cpu': 0}}, 'link_level': {}, 'path_level': {}}",[],0.0,0.0,True,True,False,0,[],0,0.0,"OrderedDict([((0, 2), 0), ((1, 2), 0)])",0.0,0.0,3.0,2.0
71,44,16,9303.0,15976.0,4412398.580329887,7916264.914702981,0.5823109664496745,0.5573838960511139,54,111,1,843.0,38741.0,6308,32433.0,0.13005102744449037,0.16697488056711363,70,675.3778162643773,843.0,5,6,True,"{3: np.int64(99), 0: np.int64(47), 1: np.int64(74), 2: np.int64(16), 4: np.int64(36)}","{(0, 3): [(np.int64(47), 99)], (0, 1): [(np.int64(47), 39), (39, np.int64(74))], (3, 4): [(np.int64(99), 44), (44, 60), (60, np.int64(36))], (0, 2): [(np.int64(47), 16)], (0, 4): [(np.int64(47), 39), (39, 66), (66, np.int64(36))], (2, 3): [(np.int64(16), 47), (47, np.int64(99))]}","{(3, np.int64(99)): {'cpu': 19}, (0, np.int64(47)): {'cpu': 12}, (1, np.int64(74)): {'cpu': 19}, (2, np.int64(16)): {'cpu': 4}, (4, np.int64(36)): {'cpu': 3}}","{((0, 3), (np.int64(47), 99)): {'bw': 44.0}, ((0, 1), (np.int64(47), 39)): {'bw': 35.0}, ((0, 1), (39, np.int64(74))): {'bw': 35.0}, ((3, 4), (np.int64(99), 44)): {'bw': 25.0}, ((3, 4), (44, 60)): {'bw': 25.0}, ((3, 4), (60, np.int64(36))): {'bw': 25.0}, ((0, 2), (np.int64(47), 16)): {'bw': 22.0}, ((0, 4), (np.int64(47), 39)): {'bw': 19.0}, ((0, 4), (39, 66)): {'bw': 19.0}, ((0, 4), (66, np.int64(36))): {'bw': 19.0}, ((2, 3), (np.int64(16), 47)): {'bw': 13.0}, ((2, 3), (47, np.int64(99))): {'bw': 13.0}}",351.0,215.0,215.0,57.0,158.0,57.0,158.0,57.0,294.0,136.0,0.6125356125356125,237057.61350879644,145206.23049684113,413.6929643784647,Success,0.0,"{'node_level': {}, 'link_level': {}, 'path_level': {}}","{'node_level': {3: {'cpu': -60}, 0: {'cpu': -61}, 1: {'cpu': -41}, 2: {'cpu': -83}, 4: {'cpu': -51}}, 'link_level': {}, 'path_level': {}}","{'node_level': {3: {'cpu': 0}, 0: {'cpu': 0}, 1: {'cpu': 0}, 2: {'cpu': 0}, 4: {'cpu': 0}}, 'link_level': {}, 'path_level': {}}",[],0.0,0.0,True,True,False,0,[],0,0.0,"OrderedDict([((0, 3), 0), ((0, 1), 0), ((3, 4), 0), ((0, 2), 0), ((0, 4), 0), ((2, 3), 0)])",0.0,0.0,5.0,6.0
71,44,16,9303.0,15976.0,4412398.580329887,7916264.914702981,0.5823109664496745,0.5573838960511139,54,112,0,847.317450729603,38741.0,6308,32433.0,0.13005102744449037,0.16697488056711363,7,738.317450729603,109.0,8,16,False,{},{},{},{},0.0,0.0,0.0,0.0,0.0,0.0,0.0,0.0,0.0,0.0,0.0,0.0,0.0,0.0,Leave Event,0.0,"{'node_level': {}, 'link_level': {}, 'path_level': {}}","{'node_level': {}, 'link_level': {}, 'path_level': {}}","{'node_level': {}, 'link_level': {}, 'path_level': {}}",[],0.0,0.0,True,True,False,0,[],0,0.0,,,,,
71,44,16,9303.0,15976.0,4412398.580329887,7916264.914702981,0.5823109664496745,0.5573838960511139,54,113,0,855.6336153046789,38741.0,6308,32433.0,0.13005102744449037,0.16697488056711363,52,224.63361530467893,631.0,9,17,False,{},{},{},{},0.0,0.0,0.0,0.0,0.0,0.0,0.0,0.0,0.0,0.0,0.0,0.0,0.0,0.0,Leave Event,0.0,"{'node_level': {}, 'link_level': {}, 'path_level': {}}","{'node_level': {}, 'link_level': {}, 'path_level': {}}","{'node_level': {}, 'link_level': {}, 'path_level': {}}",[],0.0,0.0,True,True,False,0,[],0,0.0,,,,,
71,44,15,9303.0,15976.0,4412398.580329887,7916264.914702981,0.5823109664496745,0.5573838960511139,54,114,0,856.518199829781,39881.0,6390,33491.0,0.1187422424493173,0.13980068834437764,65,82.51819982978095,774.0,10,24,False,{},{},{},{},0.0,0.0,0.0,0.0,0.0,0.0,0.0,0.0,0.0,0.0,0.0,0.0,0.0,0.0,Leave Event,0.0,"{'node_level': {}, 'link_level': {}, 'path_level': {}}","{'node_level': {}, 'link_level': {}, 'path_level': {}}","{'node_level': {}, 'link_level': {}, 'path_level': {}}",[],0.0,0.0,True,True,False,0,[],0,0.0,,,,,
71,44,14,9303.0,15976.0,4412398.580329887,7916264.914702981,0.5823109664496745,0.5573838960511139,54,115,0,856.6561661729344,40116.0,6405,33711.0,0.11667356226727343,0.13415010016951767,69,25.656166172934412,831.0,3,2,False,{},{},{},{},0.0,0.0,0.0,0.0,0.0,0.0,0.0,0.0,0.0,0.0,0.0,0.0,0.0,0.0,Leave Event,0.0,"{'node_level': {}, 'link_level': {}, 'path_level': {}}","{'node_level': {}, 'link_level': {}, 'path_level': {}}","{'node_level': {}, 'link_level': {}, 'path_level': {}}",[],0.0,0.0,True,True,False,0,[],0,0.0,,,,,
72,45,15,9368.0,16135.0,4423929.29922416,7944470.827075126,0.5806011775643012,0.5568563842096572,54,116,1,860.0,39957.0,6387,33570.0,0.11915597848572612,0.13777161349976885,71,177.39567529650725,860.0,2,1,True,"{0: np.int64(88), 1: np.int64(36)}","{(0, 1): [(np.int64(88), 29), (29, 98), (98, np.int64(36))]}","{(0, np.int64(88)): {'cpu': 15}, (1, np.int64(36)): {'cpu': 3}}","{((0, 1), (np.int64(88), 29)): {'bw': 47.0}, ((0, 1), (29, 98)): {'bw': 47.0}, ((0, 1), (98, np.int64(36))): {'bw': 47.0}}",159.0,65.0,65.0,18.0,47.0,18.0,47.0,18.0,141.0,94.0,0.4088050314465409,28205.912372144652,11530.718894272972,72.520244618069,Success,0.0,"{'node_level': {}, 'link_level': {}, 'path_level': {}}","{'node_level': {0: {'cpu': -33}, 1: {'cpu': -52}}, 'link_level': {}, 'path_level': {}}","{'node_level': {0: {'cpu': 0}, 1: {'cpu': 0}}, 'link_level': {}, 'path_level': {}}",[],0.0,0.0,True,True,False,0,[],0,0.0,"OrderedDict([((0, 1), 0)])",0.0,0.0,2.0,1.0
72,45,15,9368.0,16135.0,4423929.29922416,7944470.827075126,0.5806011775643012,0.5568563842096572,54,117,0,869.3561011807772,39957.0,6387,33570.0,0.11915597848572612,0.13777161349976885,48,278.3561011807771,591.0,10,23,False,{},{},{},{},0.0,0.0,0.0,0.0,0.0,0.0,0.0,0.0,0.0,0.0,0.0,0.0,0.0,0.0,Leave Event,0.0,"{'node_level': {}, 'link_level': {}, 'path_level': {}}","{'node_level': {}, 'link_level': {}, 'path_level': {}}","{'node_level': {}, 'link_level': {}, 'path_level': {}}",[],0.0,0.0,True,True,False,0,[],0,0.0,,,,,
73,45,15,9368.0,16135.0,4423929.29922416,7944470.827075126,0.5806011775643012,0.5568563842096572,54,118,1,870.0,39957.0,6387,33570.0,0.11915597848572612,0.13777161349976885,72,114.30305187578541,870.0,10,25,False,"{7: np.int64(16), 2: np.int64(36), 8: np.int64(64), 4: np.int64(99), 9: np.int64(66), 0: np.int64(95), 5: np.int64(44), 1: np.int64(27)}",{},"{(7, np.int64(16)): {'cpu': 20}, (2, np.int64(36)): {'cpu': 15}, (8, np.int64(64)): {'cpu': 15}, (4, np.int64(99)): {'cpu': 16}, (9, np.int64(66)): {'cpu': 12}, (0, np.int64(95)): {'cpu': 19}, (5, np.int64(44)): {'cpu': 17}, (1, np.int64(27)): {'cpu': 6}}",{},0.0,0.0,605.0,131.0,474.0,0.0,0.0,0.0,0.0,0.0,0.0,0.0,0.0,0.0,Place Failure,0.0,"{'node_level': {}, 'link_level': {}, 'path_level': {}}","{'node_level': {7: {'cpu': -68}, 2: {'cpu': -37}, 8: {'cpu': -46}, 4: {'cpu': -53}, 9: {'cpu': -53}, 0: {'cpu': -56}, 5: {'cpu': -49}, 1: {'cpu': -34}}, 'link_level': {}, 'path_level': {}}","{'node_level': {7: {'cpu': 0}, 2: {'cpu': 0}, 8: {'cpu': 0}, 4: {'cpu': 0}, 9: {'cpu': 0}, 0: {'cpu': 0}, 5: {'cpu': 0}, 1: {'cpu': 0}}, 'link_level': {}, 'path_level': {}}",[],0.0,0.0,False,True,False,0,[],0,0.0,,,,8.0,0.0
73,45,14,9368.0,16135.0,4423929.29922416,7944470.827075126,0.5806011775643012,0.5568563842096572,54,119,0,872.8283940552075,40191.0,6455,33736.0,0.10977796166046061,0.13350798787691986,9,740.8283940552075,132.0,6,7,False,{},{},{},{},0.0,0.0,0.0,0.0,0.0,0.0,0.0,0.0,0.0,0.0,0.0,0.0,0.0,0.0,Leave Event,0.0,"{'node_level': {}, 'link_level': {}, 'path_level': {}}","{'node_level': {}, 'link_level': {}, 'path_level': {}}","{'node_level': {}, 'link_level': {}, 'path_level': {}}",[],0.0,0.0,True,True,False,0,[],0,0.0,,,,,
73,45,14,9368.0,16135.0,4423929.29922416,7944470.827075126,0.5806011775643012,0.5568563842096572,54,120,0,876.1410305132712,40191.0,6455,33736.0,0.10977796166046061,0.13350798787691986,66,88.14103051327113,788.0,9,19,False,{},{},{},{},0.0,0.0,0.0,0.0,0.0,0.0,0.0,0.0,0.0,0.0,0.0,0.0,0.0,0.0,Leave Event,0.0,"{'node_level': {}, 'link_level': {}, 'path_level': {}}","{'node_level': {}, 'link_level': {}, 'path_level': {}}","{'node_level': {}, 'link_level': {}, 'path_level': {}}",[],0.0,0.0,True,True,False,0,[],0,0.0,,,,,
74,46,15,9943.0,17015.0,5575066.121897087,9706210.660035431,0.5843667352336174,0.5743813231719758,54,121,1,880.0,39311.0,6355,32956.0,0.12356916287408637,0.15354189140596908,73,2001.9770829094393,880.0,8,18,True,"{2: np.int64(16), 4: np.int64(66), 7: np.int64(36), 5: np.int64(44), 6: np.int64(99), 3: np.int64(64), 1: np.int64(95), 0: np.int64(38)}","{(0, 2): [(np.int64(38), 16)], (4, 6): [(np.int64(66), 99)], (2, 4): [(np.int64(16), 66)], (4, 7): [(np.int64(66), 77), (77, np.int64(36))], (0, 7): [(np.int64(38), 74), (74, np.int64(36))], (1, 2): [(np.int64(95), 74), (74, np.int64(16))], (2, 6): [(np.int64(16), 82), (82, np.int64(99))], (1, 5): [(np.int64(95), 25), (25, np.int64(44))], (3, 7): [(np.int64(64), 36)], (5, 7): [(np.int64(44), 36)], (0, 5): [(np.int64(38), 92), (92, np.int64(44))], (1, 3): [(np.int64(95), 51), (51, 79), (79, np.int64(64))], (2, 3): [(np.int64(16), 21), (21, 10), (10, np.int64(64))], (4, 5): [(np.int64(66), 44)], (1, 4): [(np.int64(95), 67), (67, np.int64(66))], (3, 5): [(np.int64(64), 44)], (0, 3): [(np.int64(38), 51), (51, 79), (79, np.int64(64))], (0, 1): [(np.int64(38), 95)]}","{(2, np.int64(16)): {'cpu': 17}, (4, np.int64(66)): {'cpu': 13}, (7, np.int64(36)): {'cpu': 15}, (5, np.int64(44)): {'cpu': 14}, (6, np.int64(99)): {'cpu': 20}, (3, np.int64(64)): {'cpu': 9}, (1, np.int64(95)): {'cpu': 7}, (0, np.int64(38)): {'cpu': 5}}","{((0, 2), (np.int64(38), 16)): {'bw': 49.0}, ((4, 6), (np.int64(66), 99)): {'bw': 41.0}, ((2, 4), (np.int64(16), 66)): {'bw': 43.0}, ((4, 7), (np.int64(66), 77)): {'bw': 40.0}, ((4, 7), (77, np.int64(36))): {'bw': 40.0}, ((0, 7), (np.int64(38), 74)): {'bw': 34.0}, ((0, 7), (74, np.int64(36))): {'bw': 34.0}, ((1, 2), (np.int64(95), 74)): {'bw': 35.0}, ((1, 2), (74, np.int64(16))): {'bw': 35.0}, ((2, 6), (np.int64(16), 82)): {'bw': 32.0}, ((2, 6), (82, np.int64(99))): {'bw': 32.0}, ((1, 5), (np.int64(95), 25)): {'bw': 32.0}, ((1, 5), (25, np.int64(44))): {'bw': 32.0}, ((3, 7), (np.int64(64), 36)): {'bw': 28.0}, ((5, 7), (np.int64(44), 36)): {'bw': 27.0}, ((0, 5), (np.int64(38), 92)): {'bw': 23.0}, ((0, 5), (92, np.int64(44))): {'bw': 23.0}, ((1, 3), (np.int64(95), 51)): {'bw': 17.0}, ((1, 3), (51, 79)): {'bw': 17.0}, ((1, 3), (79, np.int64(64))): {'bw': 17.0}, ((2, 3), (np.int64(16), 21)): {'bw': 20.0}, ((2, 3), (21, 10)): {'bw': 20.0}, ((2, 3), (10, np.int64(64))): {'bw': 20.0}, ((4, 5), (np.int64(66), 44)): {'bw': 15.0}, ((1, 4), (np.int64(95), 67)): {'bw': 15.0}, ((1, 4), (67, np.int64(66))): {'bw': 15.0}, ((3, 5), (np.int64(64), 44)): {'bw': 10.0}, ((0, 3), (np.int64(38), 51)): {'bw': 10.0}, ((0, 3), (51, 79)): {'bw': 10.0}, ((0, 3), (79, np.int64(64))): {'bw': 10.0}, ((0, 1), (np.int64(38), 95)): {'bw': 4.0}}",880.0,575.0,575.0,100.0,475.0,100.0,475.0,100.0,780.0,305.0,0.6534090909090909,1761739.8329603067,1151136.8226729275,1308.1100257646906,Success,0.0,"{'node_level': {}, 'link_level': {}, 'path_level': {}}","{'node_level': {2: {'cpu': -71}, 4: {'cpu': -52}, 7: {'cpu': -37}, 5: {'cpu': -52}, 6: {'cpu': -49}, 3: {'cpu': -52}, 1: {'cpu': -68}, 0: {'cpu': -21}}, 'link_level': {}, 'path_level': {}}","{'node_level': {2: {'cpu': 0}, 4: {'cpu': 0}, 7: {'cpu': 0}, 5: {'cpu': 0}, 6: {'cpu': 0}, 3: {'cpu': 0}, 1: {'cpu': 0}, 0: {'cpu': 0}}, 'link_level': {}, 'path_level': {}}",[],0.0,0.0,True,True,False,0,[],0,0.0,"OrderedDict([((0, 2), 0), ((4, 6), 0), ((2, 4), 0), ((4, 7), 0), ((0, 7), 0), ((1, 2), 0), ((2, 6), 0), ((1, 5), 0), ((3, 7), 0), ((5, 7), 0), ((0, 5), 0), ((1, 3), 0), ((2, 3), 0), ((4, 5), 0), ((1, 4), 0), ((3, 5), 0), ((0, 3), 0), ((0, 1), 0)])",1.0,0.0,8.0,18.0
74,46,14,9943.0,17015.0,5575066.121897087,9706210.660035431,0.5843667352336174,0.5743813231719758,54,122,0,887.1443879210665,39549.0,6397,33152.0,0.11777685836436358,0.14850773103200288,50,279.1443879210665,608.0,5,5,False,{},{},{},{},0.0,0.0,0.0,0.0,0.0,0.0,0.0,0.0,0.0,0.0,0.0,0.0,0.0,0.0,Leave Event,0.0,"{'node_level': {}, 'link_level': {}, 'path_level': {}}","{'node_level': {}, 'link_level': {}, 'path_level': {}}","{'node_level': {}, 'link_level': {}, 'path_level': {}}",[],0.0,0.0,True,True,False,0,[],0,0.0,,,,,
75,47,15,10315.0,17735.0,5990799.317770797,10510855.555274868,0.5816182689596843,0.56996305260463,55,123,1,892.0,38829.0,6351,32478.0,0.12412081092263139,0.16581907844043764,74,1117.562354499218,892.0,6,11,True,"{3: np.int64(22), 5: np.int64(49), 0: np.int64(97), 2: np.int64(96), 1: np.int64(27), 4: np.int64(76)}","{(0, 5): [(np.int64(97), 99), (99, np.int64(49))], (0, 3): [(np.int64(97), 24), (24, np.int64(22))], (1, 5): [(np.int64(27), 49)], (3, 5): [(np.int64(22), 55), (55, np.int64(49))], (4, 5): [(np.int64(76), 60), (60, 44), (44, np.int64(49))], (2, 5): [(np.int64(96), 49)], (0, 2): [(np.int64(97), 17), (17, 89), (89, 10), (10, np.int64(96))], (3, 4): [(np.int64(22), 33), (33, np.int64(76))], (2, 3): [(np.int64(96), 27), (27, 54), (54, np.int64(22))], (1, 4): [(np.int64(27), 54), (54, np.int64(76))], (2, 4): [(np.int64(96), 30), (30, np.int64(76))]}","{(3, np.int64(22)): {'cpu': 14}, (5, np.int64(49)): {'cpu': 7}, (0, np.int64(97)): {'cpu': 11}, (2, np.int64(96)): {'cpu': 9}, (1, np.int64(27)): {'cpu': 4}, (4, np.int64(76)): {'cpu': 1}}","{((0, 5), (np.int64(97), 99)): {'bw': 48.0}, ((0, 5), (99, np.int64(49))): {'bw': 48.0}, ((0, 3), (np.int64(97), 24)): {'bw': 48.0}, ((0, 3), (24, np.int64(22))): {'bw': 48.0}, ((1, 5), (np.int64(27), 49)): {'bw': 47.0}, ((3, 5), (np.int64(22), 55)): {'bw': 47.0}, ((3, 5), (55, np.int64(49))): {'bw': 47.0}, ((4, 5), (np.int64(76), 60)): {'bw': 38.0}, ((4, 5), (60, 44)): {'bw': 38.0}, ((4, 5), (44, np.int64(49))): {'bw': 38.0}, ((2, 5), (np.int64(96), 49)): {'bw': 30.0}, ((0, 2), (np.int64(97), 17)): {'bw': 25.0}, ((0, 2), (17, 89)): {'bw': 25.0}, ((0, 2), (89, 10)): {'bw': 25.0}, ((0, 2), (10, np.int64(96))): {'bw': 25.0}, ((3, 4), (np.int64(22), 33)): {'bw': 18.0}, ((3, 4), (33, np.int64(76))): {'bw': 18.0}, ((2, 3), (np.int64(96), 27)): {'bw': 11.0}, ((2, 3), (27, 54)): {'bw': 11.0}, ((2, 3), (54, np.int64(22))): {'bw': 11.0}, ((1, 4), (np.int64(27), 54)): {'bw': 6.0}, ((1, 4), (54, np.int64(76))): {'bw': 6.0}, ((2, 4), (np.int64(96), 30)): {'bw': 8.0}, ((2, 4), (30, np.int64(76))): {'bw': 8.0}}",720.0,372.0,372.0,46.0,326.0,46.0,326.0,46.0,674.0,348.0,0.5166666666666667,804644.8952394369,415733.19587370905,577.4072164912626,Success,0.0,"{'node_level': {}, 'link_level': {}, 'path_level': {}}","{'node_level': {3: {'cpu': -60}, 5: {'cpu': -73}, 0: {'cpu': -60}, 2: {'cpu': -48}, 1: {'cpu': -36}, 4: {'cpu': -76}}, 'link_level': {}, 'path_level': {}}","{'node_level': {3: {'cpu': 0}, 5: {'cpu': 0}, 0: {'cpu': 0}, 2: {'cpu': 0}, 1: {'cpu': 0}, 4: {'cpu': 0}}, 'link_level': {}, 'path_level': {}}",[],0.0,0.0,True,True,False,0,[],0,0.0,"OrderedDict([((0, 5), 0), ((0, 3), 0), ((1, 5), 0), ((3, 5), 0), ((4, 5), 0), ((2, 5), 0), ((0, 2), 0), ((3, 4), 0), ((2, 3), 0), ((1, 4), 0), ((2, 4), 0)])",1.0,0.0,6.0,11.0
75,47,15,10315.0,17735.0,5990799.317770797,10510855.555274868,0.5816182689596843,0.56996305260463,55,124,0,898.3246713667897,38829.0,6351,32478.0,0.12412081092263139,0.16581907844043764,61,174.3246713667898,724.0,9,15,False,{},{},{},{},0.0,0.0,0.0,0.0,0.0,0.0,0.0,0.0,0.0,0.0,0.0,0.0,0.0,0.0,Leave Event,0.0,"{'node_level': {}, 'link_level': {}, 'path_level': {}}","{'node_level': {}, 'link_level': {}, 'path_level': {}}","{'node_level': {}, 'link_level': {}, 'path_level': {}}",[],0.0,0.0,True,True,False,0,[],0,0.0,,,,,
75,47,15,10315.0,17735.0,5990799.317770797,10510855.555274868,0.5816182689596843,0.56996305260463,55,125,0,901.6425258369381,38829.0,6351,32478.0,0.12412081092263139,0.16581907844043764,51,279.6425258369382,622.0,9,17,False,{},{},{},{},0.0,0.0,0.0,0.0,0.0,0.0,0.0,0.0,0.0,0.0,0.0,0.0,0.0,0.0,Leave Event,0.0,"{'node_level': {}, 'link_level': {}, 'path_level': {}}","{'node_level': {}, 'link_level': {}, 'path_level': {}}","{'node_level': {}, 'link_level': {}, 'path_level': {}}",[],0.0,0.0,True,True,False,0,[],0,0.0,,,,,
76,48,16,10671.0,18313.0,6244343.706061793,10922509.084578788,0.582700813629662,0.5716949885514879,55,126,1,902.0,38251.0,6276,31975.0,0.13446421183285062,0.178738377767504,75,712.2033378960542,902.0,7,7,True,"{2: np.int64(43), 1: np.int64(67), 0: np.int64(88), 6: np.int64(63), 4: np.int64(95), 5: np.int64(12), 3: np.int64(76)}","{(2, 5): [(np.int64(43), 25), (25, np.int64(12))], (1, 2): [(np.int64(67), 38), (38, np.int64(43))], (1, 3): [(np.int64(67), 76)], (0, 2): [(np.int64(88), 27), (27, 54), (54, np.int64(43))], (0, 1): [(np.int64(88), 27), (27, np.int64(67))], (2, 6): [(np.int64(43), 63)], (1, 4): [(np.int64(67), 95)]}","{(2, np.int64(43)): {'cpu': 19}, (1, np.int64(67)): {'cpu': 8}, (0, np.int64(88)): {'cpu': 8}, (6, np.int64(63)): {'cpu': 19}, (4, np.int64(95)): {'cpu': 15}, (5, np.int64(12)): {'cpu': 5}, (3, np.int64(76)): {'cpu': 1}}","{((2, 5), (np.int64(43), 25)): {'bw': 50.0}, ((2, 5), (25, np.int64(12))): {'bw': 50.0}, ((1, 2), (np.int64(67), 38)): {'bw': 48.0}, ((1, 2), (38, np.int64(43))): {'bw': 48.0}, ((1, 3), (np.int64(67), 76)): {'bw': 48.0}, ((0, 2), (np.int64(88), 27)): {'bw': 44.0}, ((0, 2), (27, 54)): {'bw': 44.0}, ((0, 2), (54, np.int64(43))): {'bw': 44.0}, ((0, 1), (np.int64(88), 27)): {'bw': 36.0}, ((0, 1), (27, np.int64(67))): {'bw': 36.0}, ((2, 6), (np.int64(43), 63)): {'bw': 31.0}, ((1, 4), (np.int64(67), 95)): {'bw': 24.0}}",578.0,356.0,356.0,75.0,281.0,75.0,281.0,75.0,503.0,222.0,0.615916955017301,411653.52930391935,253544.3882909953,438.6581112300957,Success,0.0,"{'node_level': {}, 'link_level': {}, 'path_level': {}}","{'node_level': {2: {'cpu': -16}, 1: {'cpu': -42}, 0: {'cpu': -25}, 6: {'cpu': -39}, 4: {'cpu': -53}, 5: {'cpu': -52}, 3: {'cpu': -75}}, 'link_level': {}, 'path_level': {}}","{'node_level': {2: {'cpu': 0}, 1: {'cpu': 0}, 0: {'cpu': 0}, 6: {'cpu': 0}, 4: {'cpu': 0}, 5: {'cpu': 0}, 3: {'cpu': 0}}, 'link_level': {}, 'path_level': {}}",[],0.0,0.0,True,True,False,0,[],0,0.0,"OrderedDict([((2, 5), 0), ((1, 2), 0), ((1, 3), 0), ((0, 2), 0), ((0, 1), 0), ((2, 6), 0), ((1, 4), 0)])",1.0,0.0,7.0,7.0
76,48,15,10671.0,18313.0,6244343.706061793,10922509.084578788,0.582700813629662,0.5716949885514879,55,127,0,909.5471486388233,38621.0,6317,32304.0,0.12880981933526414,0.1702881799969178,63,160.5471486388233,749.0,5,8,False,{},{},{},{},0.0,0.0,0.0,0.0,0.0,0.0,0.0,0.0,0.0,0.0,0.0,0.0,0.0,0.0,Leave Event,0.0,"{'node_level': {}, 'link_level': {}, 'path_level': {}}","{'node_level': {}, 'link_level': {}, 'path_level': {}}","{'node_level': {}, 'link_level': {}, 'path_level': {}}",[],0.0,0.0,True,True,False,0,[],0,0.0,,,,,
77,49,16,11180.0,19303.0,6512339.550280371,11443758.369011778,0.5791845827073512,0.5690734931903968,55,128,1,911.0,37631.0,6246,31385.0,0.13860157219693836,0.19389222787281035,76,526.5144287201928,911.0,8,16,True,"{0: np.int64(27), 3: np.int64(70), 7: np.int64(13), 4: np.int64(83), 5: np.int64(80), 1: np.int64(2), 2: np.int64(0), 6: np.int64(94)}","{(0, 7): [(np.int64(27), 83), (83, np.int64(13))], (4, 5): [(np.int64(83), 44), (44, np.int64(80))], (0, 5): [(np.int64(27), 14), (14, 80)], (0, 1): [(np.int64(27), 82), (82, np.int64(2))], (0, 3): [(np.int64(27), 96), (96, 56), (56, np.int64(70))], (3, 5): [(np.int64(70), 50), (50, 81), (81, np.int64(80))], (0, 4): [(np.int64(27), 83)], (2, 5): [(np.int64(0), 81), (81, np.int64(80))], (2, 4): [(np.int64(0), 76), (76, np.int64(83))], (2, 7): [(np.int64(0), 79), (79, 57), (57, np.int64(13))], (0, 6): [(np.int64(27), 94)], (1, 2): [(np.int64(2), 82), (82, 0)], (1, 6): [(np.int64(2), 94)], (0, 2): [(np.int64(27), 39), (39, np.int64(0))], (1, 7): [(np.int64(2), 70), (70, np.int64(13))], (3, 7): [(np.int64(70), 13)]}","{(0, np.int64(27)): {'cpu': 15}, (3, np.int64(70)): {'cpu': 19}, (7, np.int64(13)): {'cpu': 19}, (4, np.int64(83)): {'cpu': 8}, (5, np.int64(80)): {'cpu': 4}, (1, np.int64(2)): {'cpu': 4}, (2, np.int64(0)): {'cpu': 1}, (6, np.int64(94)): {'cpu': 1}}","{((0, 7), (np.int64(27), 83)): {'bw': 50.0}, ((0, 7), (83, np.int64(13))): {'bw': 50.0}, ((4, 5), (np.int64(83), 44)): {'bw': 46.0}, ((4, 5), (44, np.int64(80))): {'bw': 46.0}, ((0, 5), (np.int64(27), 14)): {'bw': 46.0}, ((0, 5), (14, 80)): {'bw': 46.0}, ((0, 1), (np.int64(27), 82)): {'bw': 48.0}, ((0, 1), (82, np.int64(2))): {'bw': 48.0}, ((0, 3), (np.int64(27), 96)): {'bw': 41.0}, ((0, 3), (96, 56)): {'bw': 41.0}, ((0, 3), (56, np.int64(70))): {'bw': 41.0}, ((3, 5), (np.int64(70), 50)): {'bw': 39.0}, ((3, 5), (50, 81)): {'bw': 39.0}, ((3, 5), (81, np.int64(80))): {'bw': 39.0}, ((0, 4), (np.int64(27), 83)): {'bw': 36.0}, ((2, 5), (np.int64(0), 81)): {'bw': 35.0}, ((2, 5), (81, np.int64(80))): {'bw': 35.0}, ((2, 4), (np.int64(0), 76)): {'bw': 35.0}, ((2, 4), (76, np.int64(83))): {'bw': 35.0}, ((2, 7), (np.int64(0), 79)): {'bw': 22.0}, ((2, 7), (79, 57)): {'bw': 22.0}, ((2, 7), (57, np.int64(13))): {'bw': 22.0}, ((0, 6), (np.int64(27), 94)): {'bw': 16.0}, ((1, 2), (np.int64(2), 82)): {'bw': 9.0}, ((1, 2), (82, 0)): {'bw': 9.0}, ((1, 6), (np.int64(2), 94)): {'bw': 4.0}, ((0, 2), (np.int64(27), 39)): {'bw': 6.0}, ((0, 2), (39, np.int64(0))): {'bw': 6.0}, ((1, 7), (np.int64(2), 70)): {'bw': 2.0}, ((1, 7), (70, np.int64(13))): {'bw': 2.0}, ((3, 7), (np.int64(70), 13)): {'bw': 3.0}}",990.0,509.0,509.0,71.0,438.0,71.0,438.0,71.0,919.0,481.0,0.5141414141414141,521249.2844329908,267995.84421857813,270.7028729480587,Success,0.0,"{'node_level': {}, 'link_level': {}, 'path_level': {}}","{'node_level': {0: {'cpu': -35}, 3: {'cpu': -65}, 7: {'cpu': -76}, 4: {'cpu': -69}, 5: {'cpu': -85}, 1: {'cpu': -44}, 2: {'cpu': -67}, 6: {'cpu': -68}}, 'link_level': {}, 'path_level': {}}","{'node_level': {0: {'cpu': 0}, 3: {'cpu': 0}, 7: {'cpu': 0}, 4: {'cpu': 0}, 5: {'cpu': 0}, 1: {'cpu': 0}, 2: {'cpu': 0}, 6: {'cpu': 0}}, 'link_level': {}, 'path_level': {}}",[],0.0,0.0,True,True,False,0,[],0,0.0,"OrderedDict([((0, 7), 0), ((4, 5), 0), ((0, 5), 0), ((0, 1), 0), ((0, 3), 0), ((3, 5), 0), ((0, 4), 0), ((2, 5), 0), ((2, 4), 0), ((2, 7), 0), ((0, 6), 0), ((1, 2), 0), ((1, 6), 0), ((0, 2), 0), ((1, 7), 0), ((3, 7), 0)])",0.0,0.0,8.0,16.0
78,50,17,11287.0,19518.0,6514505.891727959,11448111.298088709,0.5782867097038631,0.5690463450347109,55,129,1,919.0,37416.0,6207,31209.0,0.14398014067025233,0.19841269841269837,77,20.246181753163004,919.0,4,3,True,"{2: np.int64(5), 1: np.int64(22), 0: np.int64(53), 3: np.int64(64)}","{(0, 2): [(np.int64(53), 63), (63, np.int64(5))], (2, 3): [(np.int64(5), 41), (41, 57), (57, np.int64(64))], (0, 1): [(np.int64(53), 74), (74, 39), (39, np.int64(22))]}","{(2, np.int64(5)): {'cpu': 8}, (1, np.int64(22)): {'cpu': 20}, (0, np.int64(53)): {'cpu': 7}, (3, np.int64(64)): {'cpu': 4}}","{((0, 2), (np.int64(53), 63)): {'bw': 28.0}, ((0, 2), (63, np.int64(5))): {'bw': 28.0}, ((2, 3), (np.int64(5), 41)): {'bw': 24.0}, ((2, 3), (41, 57)): {'bw': 24.0}, ((2, 3), (57, np.int64(64))): {'bw': 24.0}, ((0, 1), (np.int64(53), 74)): {'bw': 16.0}, ((0, 1), (74, 39)): {'bw': 16.0}, ((0, 1), (39, np.int64(22))): {'bw': 16.0}}",215.0,107.0,107.0,39.0,68.0,39.0,68.0,39.0,176.0,108.0,0.49767441860465117,4352.929076930046,2166.3414475884415,10.076006732969494,Success,0.0,"{'node_level': {}, 'link_level': {}, 'path_level': {}}","{'node_level': {2: {'cpu': -47}, 1: {'cpu': -40}, 0: {'cpu': -55}, 3: {'cpu': -48}}, 'link_level': {}, 'path_level': {}}","{'node_level': {2: {'cpu': 0}, 1: {'cpu': 0}, 0: {'cpu': 0}, 3: {'cpu': 0}}, 'link_level': {}, 'path_level': {}}",[],0.0,0.0,True,True,False,0,[],0,0.0,"OrderedDict([((0, 2), 0), ((2, 3), 0), ((0, 1), 0)])",0.0,0.0,4.0,3.0
79,50,17,11287.0,19518.0,6514505.891727959,11448111.298088709,0.5782867097038631,0.5690463450347109,55,130,1,928.0,37416.0,6207,31209.0,0.14398014067025233,0.19841269841269837,78,840.6720613559236,928.0,7,10,False,"{4: np.int64(78), 5: np.int64(40), 1: np.int64(58), 3: np.int64(2), 2: np.int64(94), 0: np.int64(19), 6: np.int64(24)}","{(4, 5): [(np.int64(78), 40)], (2, 4): [(np.int64(94), 48), (48, np.int64(78))], (1, 5): [(np.int64(58), 37), (37, 23), (23, np.int64(40))]}","{(4, np.int64(78)): {'cpu': 20}, (5, np.int64(40)): {'cpu': 20}, (1, np.int64(58)): {'cpu': 13}, (3, np.int64(2)): {'cpu': 6}, (2, np.int64(94)): {'cpu': 6}, (0, np.int64(19)): {'cpu': 6}, (6, np.int64(24)): {'cpu': 12}}","{((4, 5), (np.int64(78), 40)): {'bw': 47.0}, ((2, 4), (np.int64(94), 48)): {'bw': 44.0}, ((2, 4), (48, np.int64(78))): {'bw': 44.0}, ((1, 5), (np.int64(58), 37)): {'bw': 37.0}, ((1, 5), (37, 23)): {'bw': 37.0}, ((1, 5), (23, np.int64(40))): {'bw': 37.0}}",0.0,0.0,328.0,83.0,245.0,0.0,0.0,0.0,0.0,0.0,0.0,0.0,0.0,0.0,Route Failure,0.0,"{'node_level': {}, 'link_level': {}, 'path_level': {}}","{'node_level': {4: {'cpu': -25}, 5: {'cpu': -31}, 1: {'cpu': -74}, 3: {'cpu': -38}, 2: {'cpu': -62}, 0: {'cpu': -62}, 6: {'cpu': -32}}, 'link_level': {}, 'path_level': {}}","{'node_level': {4: {'cpu': 0}, 5: {'cpu': 0}, 1: {'cpu': 0}, 3: {'cpu': 0}, 2: {'cpu': 0}, 0: {'cpu': 0}, 6: {'cpu': 0}}, 'link_level': {}, 'path_level': {}}",[],0.0,0.0,True,False,False,0,[],0,0.0,"OrderedDict([((4, 5), 0), ((2, 4), 0), ((1, 5), 0)])",1.0,0.0,7.0,3.0
79,50,16,11287.0,19518.0,6514505.891727959,11448111.298088709,0.5782867097038631,0.5690463450347109,55,131,0,933.2187611895904,38629.0,6296,32333.0,0.13170597159012554,0.16954332973750452,15,723.2187611895904,210.0,9,21,False,{},{},{},{},0.0,0.0,0.0,0.0,0.0,0.0,0.0,0.0,0.0,0.0,0.0,0.0,0.0,0.0,Leave Event,0.0,"{'node_level': {}, 'link_level': {}, 'path_level': {}}","{'node_level': {}, 'link_level': {}, 'path_level': {}}","{'node_level': {}, 'link_level': {}, 'path_level': {}}",[],0.0,0.0,True,True,False,0,[],0,0.0,,,,,
79,50,15,11287.0,19518.0,6514505.891727959,11448111.298088709,0.5782867097038631,0.5690463450347109,55,132,0,937.0625532677508,38847.0,6362,32485.0,0.12260377878913253,0.16563928699851027,41,422.0625532677508,515.0,5,4,False,{},{},{},{},0.0,0.0,0.0,0.0,0.0,0.0,0.0,0.0,0.0,0.0,0.0,0.0,0.0,0.0,Leave Event,0.0,"{'node_level': {}, 'link_level': {}, 'path_level': {}}","{'node_level': {}, 'link_level': {}, 'path_level': {}}","{'node_level': {}, 'link_level': {}, 'path_level': {}}",[],0.0,0.0,True,True,False,0,[],0,0.0,,,,,
80,51,16,11960.0,20660.0,6998357.774039318,12269149.70759773,0.5788964181994192,0.5704028348195598,56,133,1,938.0,37705.0,6255,31450.0,0.13736036408771202,0.1922227359120563,79,718.9478191847828,938.0,9,21,True,"{4: np.int64(24), 0: np.int64(54), 1: np.int64(78), 2: np.int64(57), 3: np.int64(26), 6: np.int64(59), 5: np.int64(58), 8: np.int64(92), 7: np.int64(25)}","{(7, 8): [(np.int64(25), 92)], (2, 7): [(np.int64(57), 25)], (4, 7): [(np.int64(24), 3), (3, 13), (13, np.int64(25))], (0, 5): [(np.int64(54), 78), (78, 26), (26, np.int64(58))], (2, 4): [(np.int64(57), 79), (79, 59), (59, np.int64(24))], (1, 3): [(np.int64(78), 29), (29, np.int64(26))], (5, 6): [(np.int64(58), 85), (85, np.int64(59))], (4, 5): [(np.int64(24), 58)], (1, 2): [(np.int64(78), 29), (29, np.int64(57))], (4, 6): [(np.int64(24), 59)], (5, 7): [(np.int64(58), 20), (20, 74), (74, np.int64(25))], (3, 4): [(np.int64(26), 24)], (0, 1): [(np.int64(54), 78)], (4, 8): [(np.int64(24), 65), (65, np.int64(92))], (0, 7): [(np.int64(54), 69), (69, np.int64(25))], (0, 6): [(np.int64(54), 59)], (0, 4): [(np.int64(54), 24)], (3, 6): [(np.int64(26), 59)], (3, 5): [(np.int64(26), 58)], (1, 4): [(np.int64(78), 54), (54, np.int64(24))], (3, 7): [(np.int64(26), 78), (78, 69), (69, np.int64(25))]}","{(4, np.int64(24)): {'cpu': 15}, (0, np.int64(54)): {'cpu': 20}, (1, np.int64(78)): {'cpu': 20}, (2, np.int64(57)): {'cpu': 14}, (3, np.int64(26)): {'cpu': 16, 'nic_slots': 1}, (6, np.int64(59)): {'cpu': 7, 'nic_slots': 2}, (5, np.int64(58)): {'cpu': 4, 'nic_slots': 1}, (8, np.int64(92)): {'cpu': 9}, (7, np.int64(25)): {'cpu': 2}}","{((7, 8), (np.int64(25), 92)): {'bw': 50.0}, ((2, 7), (np.int64(57), 25)): {'bw': 48.0}, ((4, 7), (np.int64(24), 3)): {'bw': 44.0}, ((4, 7), (3, 13)): {'bw': 44.0}, ((4, 7), (13, np.int64(25))): {'bw': 44.0}, ((0, 5), (np.int64(54), 78)): {'bw': 45.0}, ((0, 5), (78, 26)): {'bw': 45.0}, ((0, 5), (26, np.int64(58))): {'bw': 45.0}, ((2, 4), (np.int64(57), 79)): {'bw': 41.0}, ((2, 4), (79, 59)): {'bw': 41.0}, ((2, 4), (59, np.int64(24))): {'bw': 41.0}, ((1, 3), (np.int64(78), 29)): {'bw': 40.0}, ((1, 3), (29, np.int64(26))): {'bw': 40.0}, ((5, 6), (np.int64(58), 85)): {'bw': 39.0}, ((5, 6), (85, np.int64(59))): {'bw': 39.0}, ((4, 5), (np.int64(24), 58)): {'bw': 35.0}, ((1, 2), (np.int64(78), 29)): {'bw': 29.0}, ((1, 2), (29, np.int64(57))): {'bw': 29.0}, ((4, 6), (np.int64(24), 59)): {'bw': 27.0}, ((5, 7), (np.int64(58), 20)): {'bw': 28.0}, ((5, 7), (20, 74)): {'bw': 28.0}, ((5, 7), (74, np.int64(25))): {'bw': 28.0}, ((3, 4), (np.int64(26), 24)): {'bw': 27.0}, ((0, 1), (np.int64(54), 78)): {'bw': 19.0}, ((4, 8), (np.int64(24), 65)): {'bw': 19.0}, ((4, 8), (65, np.int64(92))): {'bw': 19.0}, ((0, 7), (np.int64(54), 69)): {'bw': 17.0}, ((0, 7), (69, np.int64(25))): {'bw': 17.0}, ((0, 6), (np.int64(54), 59)): {'bw': 15.0}, ((0, 4), (np.int64(54), 24)): {'bw': 12.0}, ((3, 6), (np.int64(26), 59)): {'bw': 13.0}, ((3, 5), (np.int64(26), 58)): {'bw': 10.0}, ((1, 4), (np.int64(78), 54)): {'bw': 7.0}, ((1, 4), (54, np.int64(24))): {'bw': 7.0}, ((3, 7), (np.int64(26), 78)): {'bw': 1.0}, ((3, 7), (78, 69)): {'bw': 1.0}, ((3, 7), (69, np.int64(25))): {'bw': 1.0}}",1142.0,673.0,673.0,107.0,566.0,107.0,566.0,107.0,1035.0,469.0,0.5893169877408057,821038.409509022,483851.8823113588,423.6881631447976,Success,0.0,"{'node_level': {}, 'link_level': {}, 'path_level': {}}","{'node_level': {4: {'cpu': -52}, 0: {'cpu': -79}, 1: {'cpu': -30}, 2: {'cpu': -60}, 3: {'cpu': -84}, 6: {'cpu': -86}, 5: {'cpu': -83}, 8: {'cpu': -56}, 7: {'cpu': -48}}, 'link_level': {}, 'path_level': {}}","{'node_level': {4: {'cpu': 0}, 0: {'cpu': 0}, 1: {'cpu': 0}, 2: {'cpu': 0}, 3: {'cpu': 0}, 6: {'cpu': 0}, 5: {'cpu': 0}, 8: {'cpu': 0}, 7: {'cpu': 0}}, 'link_level': {}, 'path_level': {}}",[],0.0,0.0,True,True,False,0,[],0,0.0,"OrderedDict([((7, 8), 0), ((2, 7), 0), ((4, 7), 0), ((0, 5), 0), ((2, 4), 0), ((1, 3), 0), ((5, 6), 1), ((4, 5), 0), ((1, 2), 0), ((4, 6), 0), ((5, 7), 0), ((3, 4), 0), ((0, 1), 0), ((4, 8), 0), ((0, 7), 0), ((0, 6), 0), ((0, 4), 0), ((3, 6), 1), ((3, 5), 0), ((1, 4), 0), ((3, 7), 0)])",6.0,2.0,9.0,21.0
80,51,15,11960.0,20660.0,6998357.774039318,12269149.70759773,0.5788964181994192,0.5704028348195598,56,134,0,939.246181753163,37920.0,6294,31626.0,0.13198179561439805,0.18770226537216828,77,20.246181753163004,919.0,4,3,False,{},{},{},{},0.0,0.0,0.0,0.0,0.0,0.0,0.0,0.0,0.0,0.0,0.0,0.0,0.0,0.0,Leave Event,0.0,"{'node_level': {}, 'link_level': {}, 'path_level': {}}","{'node_level': {}, 'link_level': {}, 'path_level': {}}","{'node_level': {}, 'link_level': {}, 'path_level': {}}",[],0.0,0.0,True,True,False,0,[],0,0.0,,,,,
81,51,15,11960.0,20660.0,6998357.774039318,12269149.70759773,0.5788964181994192,0.5704028348195598,56,135,1,946.0,37920.0,6294,31626.0,0.13198179561439805,0.18770226537216828,80,303.74395336396014,946.0,10,27,False,"{9: np.int64(5), 5: np.int64(64), 6: np.int64(30)}",{},"{(9, np.int64(5)): {'cpu': 17}, (5, np.int64(64)): {'cpu': 14}, (6, np.int64(30)): {'cpu': 15}}",{},0.0,0.0,743.0,111.0,632.0,0.0,0.0,0.0,0.0,0.0,0.0,0.0,0.0,0.0,Place Failure,0.0,"{'node_level': {}, 'link_level': {}, 'path_level': {}}","{'node_level': {9: {'cpu': -44}, 5: {'cpu': -44}, 6: {'cpu': -76}}, 'link_level': {}, 'path_level': {}}","{'node_level': {9: {'cpu': 0}, 5: {'cpu': 0}, 6: {'cpu': 0}}, 'link_level': {}, 'path_level': {}}",[],0.0,0.0,False,True,False,0,[],0,0.0,,,,3.0,0.0
82,52,16,12109.0,20964.0,7054897.032528136,12384504.973239345,0.5776092348788399,0.5696551495415021,57,136,1,952.0,37616.0,6252,31364.0,0.13777410012412084,0.19443160219859246,81,379.4581106632087,952.0,6,5,True,"{0: np.int64(5), 3: np.int64(64), 1: np.int64(63), 5: np.int64(22), 4: np.int64(30), 2: np.int64(41)}","{(0, 5): [(np.int64(5), 94), (94, 90), (90, np.int64(22))], (0, 3): [(np.int64(5), 63), (63, 32), (32, np.int64(64))], (0, 1): [(np.int64(5), 63)], (2, 5): [(np.int64(41), 86), (86, np.int64(22))], (3, 4): [(np.int64(64), 57), (57, np.int64(30))]}","{(0, np.int64(5)): {'cpu': 18}, (3, np.int64(64)): {'cpu': 7}, (1, np.int64(63)): {'cpu': 7}, (5, np.int64(22)): {'cpu': 2}, (4, np.int64(30)): {'cpu': 5}, (2, np.int64(41)): {'cpu': 3}}","{((0, 5), (np.int64(5), 94)): {'bw': 42.0}, ((0, 5), (94, 90)): {'bw': 42.0}, ((0, 5), (90, np.int64(22))): {'bw': 42.0}, ((0, 3), (np.int64(5), 63)): {'bw': 32.0}, ((0, 3), (63, 32)): {'bw': 32.0}, ((0, 3), (32, np.int64(64))): {'bw': 32.0}, ((0, 1), (np.int64(5), 63)): {'bw': 26.0}, ((2, 5), (np.int64(41), 86)): {'bw': 4.0}, ((2, 5), (86, np.int64(22))): {'bw': 4.0}, ((3, 4), (np.int64(64), 57)): {'bw': 3.0}, ((3, 4), (57, np.int64(30))): {'bw': 3.0}}",304.0,149.0,149.0,42.0,107.0,42.0,107.0,42.0,262.0,155.0,0.4901315789473684,115355.26564161544,56539.25848881809,185.98440292374374,Success,0.0,"{'node_level': {}, 'link_level': {}, 'path_level': {}}","{'node_level': {0: {'cpu': -43}, 3: {'cpu': -51}, 1: {'cpu': -50}, 5: {'cpu': -58}, 4: {'cpu': -86}, 2: {'cpu': -47}}, 'link_level': {}, 'path_level': {}}","{'node_level': {0: {'cpu': 0}, 3: {'cpu': 0}, 1: {'cpu': 0}, 5: {'cpu': 0}, 4: {'cpu': 0}, 2: {'cpu': 0}}, 'link_level': {}, 'path_level': {}}",[],0.0,0.0,True,True,False,0,[],0,0.0,"OrderedDict([((0, 5), 0), ((0, 3), 0), ((0, 1), 0), ((2, 5), 0), ((3, 4), 0)])",2.0,0.0,6.0,5.0
82,52,16,12109.0,20964.0,7054897.032528136,12384504.973239345,0.5776092348788399,0.5696551495415021,57,137,0,956.7804837211656,37616.0,6252,31364.0,0.13777410012412084,0.19443160219859246,62,223.7804837211656,733.0,9,15,False,{},{},{},{},0.0,0.0,0.0,0.0,0.0,0.0,0.0,0.0,0.0,0.0,0.0,0.0,0.0,0.0,Leave Event,0.0,"{'node_level': {}, 'link_level': {}, 'path_level': {}}","{'node_level': {}, 'link_level': {}, 'path_level': {}}","{'node_level': {}, 'link_level': {}, 'path_level': {}}",[],0.0,0.0,True,True,False,0,[],0,0.0,,,,,
83,52,16,12109.0,20964.0,7054897.032528136,12384504.973239345,0.5776092348788399,0.5696551495415021,57,138,1,967.0,37616.0,6252,31364.0,0.13777410012412084,0.19443160219859246,82,57.894051446014565,967.0,6,8,False,"{3: np.int64(64), 4: np.int64(53), 5: np.int64(19), 2: np.int64(40), 0: np.int64(24), 1: np.int64(2)}","{(0, 4): [(np.int64(24), 28), (28, 15), (15, np.int64(53))], (3, 4): [(np.int64(64), 36), (36, np.int64(53))], (0, 2): [(np.int64(24), 54), (54, np.int64(40))], (2, 3): [(np.int64(40), 44), (44, np.int64(64))], (4, 5): [(np.int64(53), 63), (63, np.int64(19))]}","{(3, np.int64(64)): {'cpu': 15}, (4, np.int64(53)): {'cpu': 14}, (5, np.int64(19)): {'cpu': 18}, (2, np.int64(40)): {'cpu': 8}, (0, np.int64(24)): {'cpu': 8}, (1, np.int64(2)): {'cpu': 8}}","{((0, 4), (np.int64(24), 28)): {'bw': 44.0}, ((0, 4), (28, 15)): {'bw': 44.0}, ((0, 4), (15, np.int64(53))): {'bw': 44.0}, ((3, 4), (np.int64(64), 36)): {'bw': 44.0}, ((3, 4), (36, np.int64(53))): {'bw': 44.0}, ((0, 2), (np.int64(24), 54)): {'bw': 43.0}, ((0, 2), (54, np.int64(40))): {'bw': 43.0}, ((2, 3), (np.int64(40), 44)): {'bw': 38.0}, ((2, 3), (44, np.int64(64))): {'bw': 38.0}, ((4, 5), (np.int64(53), 63)): {'bw': 34.0}, ((4, 5), (63, np.int64(19))): {'bw': 34.0}}",0.0,0.0,354.0,71.0,283.0,0.0,0.0,0.0,0.0,0.0,0.0,0.0,0.0,0.0,Route Failure,0.0,"{'node_level': {}, 'link_level': {}, 'path_level': {}}","{'node_level': {3: {'cpu': -36}, 4: {'cpu': -48}, 5: {'cpu': -50}, 2: {'cpu': -43}, 0: {'cpu': -44}, 1: {'cpu': -36}}, 'link_level': {}, 'path_level': {}}","{'node_level': {3: {'cpu': 0}, 4: {'cpu': 0}, 5: {'cpu': 0}, 2: {'cpu': 0}, 0: {'cpu': 0}, 1: {'cpu': 0}}, 'link_level': {}, 'path_level': {}}",[],0.0,0.0,True,False,False,0,[],0,0.0,"OrderedDict([((0, 4), 0), ((3, 4), 0), ((0, 2), 0), ((2, 3), 0), ((4, 5), 0)])",0.0,0.0,6.0,5.0
83,52,16,12109.0,20964.0,7054897.032528136,12384504.973239345,0.5776092348788399,0.5696551495415021,57,139,0,976.8822772352025,37616.0,6252,31364.0,0.13777410012412084,0.19443160219859246,22,678.8822772352025,298.0,8,13,False,{},{},{},{},0.0,0.0,0.0,0.0,0.0,0.0,0.0,0.0,0.0,0.0,0.0,0.0,0.0,0.0,Leave Event,0.0,"{'node_level': {}, 'link_level': {}, 'path_level': {}}","{'node_level': {}, 'link_level': {}, 'path_level': {}}","{'node_level': {}, 'link_level': {}, 'path_level': {}}",[],0.0,0.0,True,True,False,0,[],0,0.0,,,,,
84,53,17,12673.0,21910.0,7099414.237838117,12459173.90271318,0.5784116841624829,0.5698142022315066,59,140,1,978.0,36670.0,6132,30538.0,0.15432354158047168,0.21564699234602147,83,78.93121508861901,978.0,9,17,True,"{6: np.int64(64), 0: np.int64(53), 2: np.int64(57), 8: np.int64(40), 5: np.int64(2), 7: np.int64(19), 3: np.int64(24), 4: np.int64(89), 1: np.int64(54)}","{(3, 4): [(np.int64(24), 28), (28, np.int64(89))], (1, 8): [(np.int64(54), 40)], (0, 7): [(np.int64(53), 63), (63, np.int64(19))], (2, 6): [(np.int64(57), 64)], (6, 7): [(np.int64(64), 60), (60, np.int64(19))], (3, 7): [(np.int64(24), 46), (46, 16), (16, np.int64(19))], (1, 3): [(np.int64(54), 24)], (4, 5): [(np.int64(89), 10), (10, np.int64(2))], (2, 5): [(np.int64(57), 33), (33, np.int64(2))], (0, 6): [(np.int64(53), 36), (36, np.int64(64))], (0, 5): [(np.int64(53), 74), (74, 40), (40, np.int64(2))], (7, 8): [(np.int64(19), 16), (16, 74), (74, np.int64(40))], (2, 3): [(np.int64(57), 33), (33, np.int64(24))], (5, 7): [(np.int64(2), 63), (63, np.int64(19))], (0, 8): [(np.int64(53), 78), (78, np.int64(40))], (3, 6): [(np.int64(24), 28), (28, np.int64(64))], (5, 8): [(np.int64(2), 40)]}","{(6, np.int64(64)): {'cpu': 17}, (0, np.int64(53)): {'cpu': 19}, (2, np.int64(57)): {'cpu': 20}, (8, np.int64(40)): {'cpu': 20}, (5, np.int64(2)): {'cpu': 15}, (7, np.int64(19)): {'cpu': 9}, (3, np.int64(24)): {'cpu': 6}, (4, np.int64(89)): {'cpu': 8}, (1, np.int64(54)): {'cpu': 6}}","{((3, 4), (np.int64(24), 28)): {'bw': 47.0}, ((3, 4), (28, np.int64(89))): {'bw': 47.0}, ((1, 8), (np.int64(54), 40)): {'bw': 49.0}, ((0, 7), (np.int64(53), 63)): {'bw': 45.0}, ((0, 7), (63, np.int64(19))): {'bw': 45.0}, ((2, 6), (np.int64(57), 64)): {'bw': 47.0}, ((6, 7), (np.int64(64), 60)): {'bw': 34.0}, ((6, 7), (60, np.int64(19))): {'bw': 34.0}, ((3, 7), (np.int64(24), 46)): {'bw': 33.0}, ((3, 7), (46, 16)): {'bw': 33.0}, ((3, 7), (16, np.int64(19))): {'bw': 33.0}, ((1, 3), (np.int64(54), 24)): {'bw': 32.0}, ((4, 5), (np.int64(89), 10)): {'bw': 29.0}, ((4, 5), (10, np.int64(2))): {'bw': 29.0}, ((2, 5), (np.int64(57), 33)): {'bw': 27.0}, ((2, 5), (33, np.int64(2))): {'bw': 27.0}, ((0, 6), (np.int64(53), 36)): {'bw': 21.0}, ((0, 6), (36, np.int64(64))): {'bw': 21.0}, ((0, 5), (np.int64(53), 74)): {'bw': 19.0}, ((0, 5), (74, 40)): {'bw': 19.0}, ((0, 5), (40, np.int64(2))): {'bw': 19.0}, ((7, 8), (np.int64(19), 16)): {'bw': 18.0}, ((7, 8), (16, 74)): {'bw': 18.0}, ((7, 8), (74, np.int64(40))): {'bw': 18.0}, ((2, 3), (np.int64(57), 33)): {'bw': 11.0}, ((2, 3), (33, np.int64(24))): {'bw': 11.0}, ((5, 7), (np.int64(2), 63)): {'bw': 12.0}, ((5, 7), (63, np.int64(19))): {'bw': 12.0}, ((0, 8), (np.int64(53), 78)): {'bw': 7.0}, ((0, 8), (78, np.int64(40))): {'bw': 7.0}, ((3, 6), (np.int64(24), 28)): {'bw': 9.0}, ((3, 6), (28, np.int64(64))): {'bw': 9.0}, ((5, 8), (np.int64(2), 40)): {'bw': 4.0}}",946.0,564.0,564.0,120.0,444.0,120.0,444.0,120.0,826.0,382.0,0.5961945031712473,74668.92947383359,44517.205309981124,47.05835656446207,Success,0.0,"{'node_level': {}, 'link_level': {}, 'path_level': {}}","{'node_level': {6: {'cpu': -34}, 0: {'cpu': -43}, 2: {'cpu': -40}, 8: {'cpu': -31}, 5: {'cpu': -29}, 7: {'cpu': -59}, 3: {'cpu': -46}, 4: {'cpu': -65}, 1: {'cpu': -73}}, 'link_level': {}, 'path_level': {}}","{'node_level': {6: {'cpu': 0}, 0: {'cpu': 0}, 2: {'cpu': 0}, 8: {'cpu': 0}, 5: {'cpu': 0}, 7: {'cpu': 0}, 3: {'cpu': 0}, 4: {'cpu': 0}, 1: {'cpu': 0}}, 'link_level': {}, 'path_level': {}}",[],0.0,0.0,True,True,False,0,[],0,0.0,"OrderedDict([((3, 4), 0), ((1, 8), 0), ((0, 7), 0), ((2, 6), 0), ((6, 7), 0), ((3, 7), 0), ((1, 3), 0), ((4, 5), 0), ((2, 5), 0), ((0, 6), 0), ((0, 5), 0), ((7, 8), 0), ((2, 3), 0), ((5, 7), 0), ((0, 8), 0), ((3, 6), 0), ((5, 8), 0)])",4.0,0.0,9.0,17.0
84,53,17,12673.0,21910.0,7099414.237838117,12459173.90271318,0.5784116841624829,0.5698142022315066,59,141,0,984.3030518757854,36670.0,6132,30538.0,0.15432354158047168,0.21564699234602147,72,114.30305187578541,870.0,10,25,False,{},{},{},{},0.0,0.0,0.0,0.0,0.0,0.0,0.0,0.0,0.0,0.0,0.0,0.0,0.0,0.0,Leave Event,0.0,"{'node_level': {}, 'link_level': {}, 'path_level': {}}","{'node_level': {}, 'link_level': {}, 'path_level': {}}","{'node_level': {}, 'link_level': {}, 'path_level': {}}",[],0.0,0.0,True,True,False,0,[],0,0.0,,,,,
85,53,17,12673.0,21910.0,7099414.237838117,12459173.90271318,0.5784116841624829,0.5698142022315066,59,142,1,990.0,36670.0,6132,30538.0,0.15432354158047168,0.21564699234602147,84,355.44048823708476,990.0,9,19,False,"{2: np.int64(30), 0: np.int64(92), 7: np.int64(12), 4: np.int64(97), 3: np.int64(88), 6: np.int64(22), 1: np.int64(5), 5: np.int64(15), 8: np.int64(57)}","{(0, 1): [(np.int64(92), 97), (97, np.int64(5))], (2, 7): [(np.int64(30), 57), (57, np.int64(12))]}","{(2, np.int64(30)): {'cpu': 10}, (0, np.int64(92)): {'cpu': 12}, (7, np.int64(12)): {'cpu': 5}, (4, np.int64(97)): {'cpu': 13}, (3, np.int64(88)): {'cpu': 6}, (6, np.int64(22)): {'cpu': 7}, (1, np.int64(5)): {'cpu': 1}, (5, np.int64(15)): {'cpu': 2}, (8, np.int64(57)): {'cpu': 1}}","{((0, 1), (np.int64(92), 97)): {'bw': 47.0}, ((0, 1), (97, np.int64(5))): {'bw': 47.0}, ((2, 7), (np.int64(30), 57)): {'bw': 46.0}, ((2, 7), (57, np.int64(12))): {'bw': 46.0}}",0.0,0.0,486.0,57.0,429.0,0.0,0.0,0.0,0.0,0.0,0.0,0.0,0.0,0.0,Route Failure,0.0,"{'node_level': {}, 'link_level': {}, 'path_level': {}}","{'node_level': {2: {'cpu': -76}, 0: {'cpu': -44}, 7: {'cpu': -47}, 4: {'cpu': -47}, 3: {'cpu': -19}, 6: {'cpu': -51}, 1: {'cpu': -42}, 5: {'cpu': -72}, 8: {'cpu': -39}}, 'link_level': {}, 'path_level': {}}","{'node_level': {2: {'cpu': 0}, 0: {'cpu': 0}, 7: {'cpu': 0}, 4: {'cpu': 0}, 3: {'cpu': 0}, 6: {'cpu': 0}, 1: {'cpu': 0}, 5: {'cpu': 0}, 8: {'cpu': 0}}, 'link_level': {}, 'path_level': {}}",[],0.0,0.0,True,False,False,0,[],0,0.0,"OrderedDict([((0, 1), 0), ((2, 7), 0)])",0.0,0.0,9.0,2.0
86,54,18,12960.0,22329.0,7134270.42913949,12510061.513010306,0.5804111245465539,0.5702826018657013,59,143,1,1008.0,36251.0,6063,30188.0,0.1638394704178734,0.22463656444238966,85,121.45014390722343,1008.0,6,8,True,"{4: np.int64(30), 2: np.int64(92), 1: np.int64(71), 0: np.int64(12), 5: np.int64(97), 3: np.int64(16)}","{(2, 4): [(np.int64(92), 43), (43, np.int64(30))], (0, 2): [(np.int64(12), 17), (17, np.int64(92))], (1, 2): [(np.int64(71), 92)], (1, 4): [(np.int64(71), 30)], (0, 1): [(np.int64(12), 67), (67, np.int64(71))], (0, 4): [(np.int64(12), 57), (57, np.int64(30))], (2, 5): [(np.int64(92), 97)], (3, 4): [(np.int64(16), 30)]}","{(4, np.int64(30)): {'cpu': 12}, (2, np.int64(92)): {'cpu': 8}, (1, np.int64(71)): {'cpu': 11}, (0, np.int64(12)): {'cpu': 7}, (5, np.int64(97)): {'cpu': 16}, (3, np.int64(16)): {'cpu': 15}}","{((2, 4), (np.int64(92), 43)): {'bw': 49.0}, ((2, 4), (43, np.int64(30))): {'bw': 49.0}, ((0, 2), (np.int64(12), 17)): {'bw': 41.0}, ((0, 2), (17, np.int64(92))): {'bw': 41.0}, ((1, 2), (np.int64(71), 92)): {'bw': 33.0}, ((1, 4), (np.int64(71), 30)): {'bw': 23.0}, ((0, 1), (np.int64(12), 67)): {'bw': 20.0}, ((0, 1), (67, np.int64(71))): {'bw': 20.0}, ((0, 4), (np.int64(12), 57)): {'bw': 22.0}, ((0, 4), (57, np.int64(30))): {'bw': 22.0}, ((2, 5), (np.int64(92), 97)): {'bw': 22.0}, ((3, 4), (np.int64(16), 30)): {'bw': 8.0}}",419.0,287.0,287.0,69.0,218.0,69.0,218.0,69.0,350.0,132.0,0.684964200477327,50887.61029712662,34856.191301373125,83.18900071926761,Success,0.0,"{'node_level': {}, 'link_level': {}, 'path_level': {}}","{'node_level': {4: {'cpu': -74}, 2: {'cpu': -48}, 1: {'cpu': -57}, 0: {'cpu': -45}, 5: {'cpu': -44}, 3: {'cpu': -56}}, 'link_level': {}, 'path_level': {}}","{'node_level': {4: {'cpu': 0}, 2: {'cpu': 0}, 1: {'cpu': 0}, 0: {'cpu': 0}, 5: {'cpu': 0}, 3: {'cpu': 0}}, 'link_level': {}, 'path_level': {}}",[],0.0,0.0,True,True,False,0,[],0,0.0,"OrderedDict([((2, 4), 0), ((0, 2), 0), ((1, 2), 0), ((1, 4), 0), ((0, 1), 0), ((0, 4), 0), ((2, 5), 0), ((3, 4), 0)])",0.0,0.0,6.0,8.0
87,55,19,12985.0,22355.0,7165298.3623878285,12542330.563588578,0.5808543949899352,0.5712892293868639,59,144,1,1024.0,36225.0,6039,30186.0,0.1671493587091436,0.22468793342579751,86,1241.1173299335453,1024.0,2,1,True,"{1: np.int64(88), 0: np.int64(22)}","{(0, 1): [(np.int64(22), 90), (90, np.int64(88))]}","{(1, np.int64(88)): {'cpu': 15}, (0, np.int64(22)): {'cpu': 9}}","{((0, 1), (np.int64(22), 90)): {'bw': 1.0}, ((0, 1), (90, np.int64(88))): {'bw': 1.0}}",26.0,25.0,25.0,24.0,1.0,24.0,1.0,24.0,2.0,1.0,0.9615384615384616,32269.050578272178,31027.93324833863,1193.3820480130244,Success,0.0,"{'node_level': {}, 'link_level': {}, 'path_level': {}}","{'node_level': {1: {'cpu': -10}, 0: {'cpu': -49}}, 'link_level': {}, 'path_level': {}}","{'node_level': {1: {'cpu': 0}, 0: {'cpu': 0}}, 'link_level': {}, 'path_level': {}}",[],0.0,0.0,True,True,False,0,[],0,0.0,"OrderedDict([((0, 1), 0)])",0.0,0.0,2.0,1.0
87,55,19,12985.0,22355.0,7165298.3623878285,12542330.563588578,0.5808543949899352,0.5712892293868639,59,145,0,1024.8940514460146,36225.0,6039,30186.0,0.1671493587091436,0.22468793342579751,82,57.894051446014565,967.0,6,8,False,{},{},{},{},0.0,0.0,0.0,0.0,0.0,0.0,0.0,0.0,0.0,0.0,0.0,0.0,0.0,0.0,Leave Event,0.0,"{'node_level': {}, 'link_level': {}, 'path_level': {}}","{'node_level': {}, 'link_level': {}, 'path_level': {}}","{'node_level': {}, 'link_level': {}, 'path_level': {}}",[],0.0,0.0,True,True,False,0,[],0,0.0,,,,,
87,55,18,12985.0,22355.0,7165298.3623878285,12542330.563588578,0.5808543949899352,0.5712892293868639,59,146,0,1037.3956752965073,36384.0,6057,30327.0,0.16466694249069092,0.22106642009554633,71,177.39567529650725,860.0,2,1,False,{},{},{},{},0.0,0.0,0.0,0.0,0.0,0.0,0.0,0.0,0.0,0.0,0.0,0.0,0.0,0.0,Leave Event,0.0,"{'node_level': {}, 'link_level': {}, 'path_level': {}}","{'node_level': {}, 'link_level': {}, 'path_level': {}}","{'node_level': {}, 'link_level': {}, 'path_level': {}}",[],0.0,0.0,True,True,False,0,[],0,0.0,,,,,
88,56,19,13081.0,22466.0,7195067.013915137,12576750.56691703,0.5822576337576783,0.5720926860743873,59,147,1,1038.0,36273.0,6007,30266.0,0.17156254309750374,0.2226331740894848,87,310.0901200761372,1038.0,4,4,True,"{3: np.int64(88), 1: np.int64(36), 2: np.int64(49), 0: np.int64(15)}","{(1, 3): [(np.int64(36), 88)], (0, 2): [(np.int64(15), 52), (52, np.int64(49))], (2, 3): [(np.int64(49), 88)], (0, 3): [(np.int64(15), 28), (28, np.int64(88))]}","{(3, np.int64(88)): {'cpu': 14}, (1, np.int64(36)): {'cpu': 13}, (2, np.int64(49)): {'cpu': 17}, (0, np.int64(15)): {'cpu': 6}}","{((1, 3), (np.int64(36), 88)): {'bw': 27.0}, ((0, 2), (np.int64(15), 52)): {'bw': 9.0}, ((0, 2), (52, np.int64(49))): {'bw': 9.0}, ((2, 3), (np.int64(49), 88)): {'bw': 4.0}, ((0, 3), (np.int64(15), 28)): {'bw': 6.0}, ((0, 3), (28, np.int64(88))): {'bw': 6.0}}",111.0,96.0,96.0,50.0,46.0,50.0,46.0,50.0,61.0,15.0,0.8648648648648649,34420.00332845123,29768.65152730917,268.1860497955781,Success,0.0,"{'node_level': {}, 'link_level': {}, 'path_level': {}}","{'node_level': {3: {'cpu': -11}, 1: {'cpu': -27}, 2: {'cpu': -56}, 0: {'cpu': -68}}, 'link_level': {}, 'path_level': {}}","{'node_level': {3: {'cpu': 0}, 1: {'cpu': 0}, 2: {'cpu': 0}, 0: {'cpu': 0}}, 'link_level': {}, 'path_level': {}}",[],0.0,0.0,True,True,False,0,[],0,0.0,"OrderedDict([((1, 3), 0), ((0, 2), 0), ((2, 3), 0), ((0, 3), 0)])",0.0,0.0,4.0,4.0
88,56,18,13081.0,22466.0,7195067.013915137,12576750.56691703,0.5822576337576783,0.5720926860743873,59,148,0,1044.918462023081,36474.0,6040,30434.0,0.1670114466970073,0.21831817948322807,68,231.91846202308108,813.0,3,3,False,{},{},{},{},0.0,0.0,0.0,0.0,0.0,0.0,0.0,0.0,0.0,0.0,0.0,0.0,0.0,0.0,Leave Event,0.0,"{'node_level': {}, 'link_level': {}, 'path_level': {}}","{'node_level': {}, 'link_level': {}, 'path_level': {}}","{'node_level': {}, 'link_level': {}, 'path_level': {}}",[],0.0,0.0,True,True,False,0,[],0,0.0,,,,,
89,57,19,13111.0,22496.0,7197195.086889436,12578878.639891328,0.5828147226173542,0.5721650786950921,59,149,1,1051.0,36444.0,6027,30417.0,0.16880430285477865,0.21875481584219447,88,70.93576580993681,1051.0,2,1,True,"{1: np.int64(88), 0: np.int64(36)}","{(0, 1): [(np.int64(36), 88)]}","{(1, np.int64(88)): {'cpu': 8}, (0, np.int64(36)): {'cpu': 5}}","{((0, 1), (np.int64(36), 88)): {'bw': 17.0}}",30.0,30.0,30.0,13.0,17.0,13.0,17.0,13.0,17.0,0.0,1.0,2128.0729742981043,2128.0729742981043,70.93576580993681,Success,0.0,"{'node_level': {}, 'link_level': {}, 'path_level': {}}","{'node_level': {1: {'cpu': -19}, 0: {'cpu': -36}}, 'link_level': {}, 'path_level': {}}","{'node_level': {1: {'cpu': 0}, 0: {'cpu': 0}}, 'link_level': {}, 'path_level': {}}",[],0.0,0.0,True,True,False,0,[],0,0.0,"OrderedDict([((0, 1), 0)])",0.0,0.0,2.0,1.0
89,57,19,13111.0,22496.0,7197195.086889436,12578878.639891328,0.5828147226173542,0.5721650786950921,59,150,0,1054.5982338141562,36444.0,6027,30417.0,0.16880430285477865,0.21875481584219447,47,474.59823381415606,580.0,9,21,False,{},{},{},{},0.0,0.0,0.0,0.0,0.0,0.0,0.0,0.0,0.0,0.0,0.0,0.0,0.0,0.0,Leave Event,0.0,"{'node_level': {}, 'link_level': {}, 'path_level': {}}","{'node_level': {}, 'link_level': {}, 'path_level': {}}","{'node_level': {}, 'link_level': {}, 'path_level': {}}",[],0.0,0.0,True,True,False,0,[],0,0.0,,,,,
89,57,18,13111.0,22496.0,7197195.086889436,12578878.639891328,0.5828147226173542,0.5721650786950921,59,151,0,1056.931215088619,37390.0,6147,31243.0,0.1522548613984278,0.19753942569476546,83,78.93121508861901,978.0,9,17,False,{},{},{},{},0.0,0.0,0.0,0.0,0.0,0.0,0.0,0.0,0.0,0.0,0.0,0.0,0.0,0.0,Leave Event,0.0,"{'node_level': {}, 'link_level': {}, 'path_level': {}}","{'node_level': {}, 'link_level': {}, 'path_level': {}}","{'node_level': {}, 'link_level': {}, 'path_level': {}}",[],0.0,0.0,True,True,False,0,[],0,0.0,,,,,
90,58,19,13830.0,23640.0,7716653.808144997,13405388.761054557,0.5850253807106599,0.5756381963769288,59,152,1,1064.0,36246.0,6034,30212.0,0.16783891876982482,0.2240201366414959,89,722.4738821356901,1064.0,9,22,True,"{6: np.int64(64), 4: np.int64(36), 5: np.int64(88), 2: np.int64(57), 1: np.int64(53), 0: np.int64(40), 3: np.int64(33), 7: np.int64(2), 8: np.int64(19)}","{(1, 4): [(np.int64(53), 98), (98, np.int64(36))], (2, 6): [(np.int64(57), 64)], (5, 6): [(np.int64(88), 14), (14, np.int64(64))], (4, 6): [(np.int64(36), 64)], (0, 1): [(np.int64(40), 78), (78, np.int64(53))], (0, 5): [(np.int64(40), 88)], (1, 2): [(np.int64(53), 30), (30, np.int64(57))], (5, 8): [(np.int64(88), 63), (63, np.int64(19))], (0, 6): [(np.int64(40), 44), (44, np.int64(64))], (6, 8): [(np.int64(64), 60), (60, np.int64(19))], (0, 2): [(np.int64(40), 33), (33, np.int64(57))], (3, 7): [(np.int64(33), 2)], (2, 3): [(np.int64(57), 33)], (1, 7): [(np.int64(53), 63), (63, np.int64(2))], (4, 7): [(np.int64(36), 66), (66, np.int64(2))], (1, 6): [(np.int64(53), 30), (30, 57), (57, np.int64(64))], (0, 7): [(np.int64(40), 2)], (0, 3): [(np.int64(40), 2), (2, np.int64(33))], (1, 8): [(np.int64(53), 16), (16, np.int64(19))], (5, 7): [(np.int64(88), 14), (14, np.int64(2))], (0, 4): [(np.int64(40), 2), (2, 66), (66, np.int64(36))], (4, 5): [(np.int64(36), 88)]}","{(6, np.int64(64)): {'cpu': 11}, (4, np.int64(36)): {'cpu': 19}, (5, np.int64(88)): {'cpu': 19}, (2, np.int64(57)): {'cpu': 13}, (1, np.int64(53)): {'cpu': 10}, (0, np.int64(40)): {'cpu': 9}, (3, np.int64(33)): {'cpu': 18}, (7, np.int64(2)): {'cpu': 10}, (8, np.int64(19)): {'cpu': 4}}","{((1, 4), (np.int64(53), 98)): {'bw': 49.0}, ((1, 4), (98, np.int64(36))): {'bw': 49.0}, ((2, 6), (np.int64(57), 64)): {'bw': 50.0}, ((5, 6), (np.int64(88), 14)): {'bw': 47.0}, ((5, 6), (14, np.int64(64))): {'bw': 47.0}, ((4, 6), (np.int64(36), 64)): {'bw': 44.0}, ((0, 1), (np.int64(40), 78)): {'bw': 41.0}, ((0, 1), (78, np.int64(53))): {'bw': 41.0}, ((0, 5), (np.int64(40), 88)): {'bw': 35.0}, ((1, 2), (np.int64(53), 30)): {'bw': 33.0}, ((1, 2), (30, np.int64(57))): {'bw': 33.0}, ((5, 8), (np.int64(88), 63)): {'bw': 32.0}, ((5, 8), (63, np.int64(19))): {'bw': 32.0}, ((0, 6), (np.int64(40), 44)): {'bw': 33.0}, ((0, 6), (44, np.int64(64))): {'bw': 33.0}, ((6, 8), (np.int64(64), 60)): {'bw': 28.0}, ((6, 8), (60, np.int64(19))): {'bw': 28.0}, ((0, 2), (np.int64(40), 33)): {'bw': 31.0}, ((0, 2), (33, np.int64(57))): {'bw': 31.0}, ((3, 7), (np.int64(33), 2)): {'bw': 28.0}, ((2, 3), (np.int64(57), 33)): {'bw': 30.0}, ((1, 7), (np.int64(53), 63)): {'bw': 24.0}, ((1, 7), (63, np.int64(2))): {'bw': 24.0}, ((4, 7), (np.int64(36), 66)): {'bw': 25.0}, ((4, 7), (66, np.int64(2))): {'bw': 25.0}, ((1, 6), (np.int64(53), 30)): {'bw': 18.0}, ((1, 6), (30, 57)): {'bw': 18.0}, ((1, 6), (57, np.int64(64))): {'bw': 18.0}, ((0, 7), (np.int64(40), 2)): {'bw': 17.0}, ((0, 3), (np.int64(40), 2)): {'bw': 15.0}, ((0, 3), (2, np.int64(33))): {'bw': 15.0}, ((1, 8), (np.int64(53), 16)): {'bw': 12.0}, ((1, 8), (16, np.int64(19))): {'bw': 12.0}, ((5, 7), (np.int64(88), 14)): {'bw': 7.0}, ((5, 7), (14, np.int64(2))): {'bw': 7.0}, ((0, 4), (np.int64(40), 2)): {'bw': 6.0}, ((0, 4), (2, 66)): {'bw': 6.0}, ((0, 4), (66, np.int64(36))): {'bw': 6.0}, ((4, 5), (np.int64(36), 88)): {'bw': 1.0}}",1144.0,719.0,719.0,113.0,606.0,113.0,606.0,113.0,1031.0,425.0,0.6284965034965035,826510.1211632295,519458.7212555612,454.07230878982625,Success,0.0,"{'node_level': {}, 'link_level': {}, 'path_level': {}}","{'node_level': {6: {'cpu': -40}, 4: {'cpu': -17}, 5: {'cpu': 0}, 2: {'cpu': -47}, 1: {'cpu': -52}, 0: {'cpu': -42}, 3: {'cpu': -58}, 7: {'cpu': -34}, 8: {'cpu': -64}}, 'link_level': {}, 'path_level': {}}","{'node_level': {6: {'cpu': 0}, 4: {'cpu': 0}, 5: {'cpu': 0}, 2: {'cpu': 0}, 1: {'cpu': 0}, 0: {'cpu': 0}, 3: {'cpu': 0}, 7: {'cpu': 0}, 8: {'cpu': 0}}, 'link_level': {}, 'path_level': {}}",[],0.0,0.0,True,True,False,0,[],0,0.0,"OrderedDict([((1, 4), 0), ((2, 6), 0), ((5, 6), 0), ((4, 6), 0), ((0, 1), 0), ((0, 5), 0), ((1, 2), 0), ((5, 8), 0), ((0, 6), 0), ((6, 8), 0), ((0, 2), 0), ((3, 7), 0), ((2, 3), 0), ((1, 7), 0), ((4, 7), 0), ((1, 6), 0), ((0, 7), 0), ((0, 3), 0), ((1, 8), 0), ((5, 7), 0), ((0, 4), 0), ((4, 5), 0)])",0.0,0.0,9.0,22.0
91,59,20,13895.0,23705.0,7724427.441279546,13413162.394189106,0.5861632566968994,0.5758841363633939,59,153,1,1078.0,36181.0,6002,30179.0,0.17225210315818507,0.22486772486772488,90,119.59435591614479,1078.0,3,2,True,"{2: np.int64(24), 1: np.int64(54), 0: np.int64(46)}","{(1, 2): [(np.int64(54), 24)], (0, 2): [(np.int64(46), 24)]}","{(2, np.int64(24)): {'cpu': 15}, (1, np.int64(54)): {'cpu': 4}, (0, np.int64(46)): {'cpu': 13}}","{((1, 2), (np.int64(54), 24)): {'bw': 32.0}, ((0, 2), (np.int64(46), 24)): {'bw': 1.0}}",65.0,65.0,65.0,32.0,33.0,32.0,33.0,32.0,33.0,0.0,1.0,7773.633134549412,7773.633134549412,119.59435591614479,Success,0.0,"{'node_level': {}, 'link_level': {}, 'path_level': {}}","{'node_level': {2: {'cpu': -37}, 1: {'cpu': -75}, 0: {'cpu': -84}}, 'link_level': {}, 'path_level': {}}","{'node_level': {2: {'cpu': 0}, 1: {'cpu': 0}, 0: {'cpu': 0}}, 'link_level': {}, 'path_level': {}}",[],0.0,0.0,True,True,False,0,[],0,0.0,"OrderedDict([((1, 2), 0), ((0, 2), 0)])",0.0,0.0,3.0,2.0
92,59,20,13895.0,23705.0,7724427.441279546,13413162.394189106,0.5861632566968994,0.5758841363633939,59,154,1,1093.0,36181.0,6002,30179.0,0.17225210315818507,0.22486772486772488,91,38.58008449379743,1093.0,9,16,False,"{3: np.int64(54), 8: np.int64(70), 0: np.int64(24), 5: np.int64(77), 4: np.int64(48), 6: np.int64(1), 7: np.int64(19), 1: np.int64(95), 2: np.int64(46)}","{(3, 8): [(np.int64(54), 31), (31, 14), (14, 55), (55, np.int64(70))], (4, 5): [(np.int64(48), 27), (27, np.int64(77))], (3, 6): [(np.int64(54), 24), (24, np.int64(1))], (0, 6): [(np.int64(24), 1)], (5, 8): [(np.int64(77), 36), (36, np.int64(70))], (1, 4): [(np.int64(95), 26), (26, 37), (37, np.int64(48))], (2, 6): [(np.int64(46), 5), (5, np.int64(1))], (3, 5): [(np.int64(54), 81), (81, np.int64(77))], (1, 5): [(np.int64(95), 67), (67, np.int64(77))], (0, 8): [(np.int64(24), 97), (97, np.int64(70))], (2, 8): [(np.int64(46), 15), (15, 56), (56, np.int64(70))], (0, 7): [(np.int64(24), 28), (28, np.int64(19))], (6, 7): [(np.int64(1), 38), (38, 16), (16, np.int64(19))]}","{(3, np.int64(54)): {'cpu': 16}, (8, np.int64(70)): {'cpu': 17}, (0, np.int64(24)): {'cpu': 14}, (5, np.int64(77)): {'cpu': 6}, (4, np.int64(48)): {'cpu': 6}, (6, np.int64(1)): {'cpu': 3}, (7, np.int64(19)): {'cpu': 12}, (1, np.int64(95)): {'cpu': 5}, (2, np.int64(46)): {'cpu': 6}}","{((3, 8), (np.int64(54), 31)): {'bw': 48.0}, ((3, 8), (31, 14)): {'bw': 48.0}, ((3, 8), (14, 55)): {'bw': 48.0}, ((3, 8), (55, np.int64(70))): {'bw': 48.0}, ((4, 5), (np.int64(48), 27)): {'bw': 47.0}, ((4, 5), (27, np.int64(77))): {'bw': 47.0}, ((3, 6), (np.int64(54), 24)): {'bw': 42.0}, ((3, 6), (24, np.int64(1))): {'bw': 42.0}, ((0, 6), (np.int64(24), 1)): {'bw': 37.0}, ((5, 8), (np.int64(77), 36)): {'bw': 34.0}, ((5, 8), (36, np.int64(70))): {'bw': 34.0}, ((1, 4), (np.int64(95), 26)): {'bw': 27.0}, ((1, 4), (26, 37)): {'bw': 27.0}, ((1, 4), (37, np.int64(48))): {'bw': 27.0}, ((2, 6), (np.int64(46), 5)): {'bw': 22.0}, ((2, 6), (5, np.int64(1))): {'bw': 22.0}, ((3, 5), (np.int64(54), 81)): {'bw': 21.0}, ((3, 5), (81, np.int64(77))): {'bw': 21.0}, ((1, 5), (np.int64(95), 67)): {'bw': 13.0}, ((1, 5), (67, np.int64(77))): {'bw': 13.0}, ((0, 8), (np.int64(24), 97)): {'bw': 13.0}, ((0, 8), (97, np.int64(70))): {'bw': 13.0}, ((2, 8), (np.int64(46), 15)): {'bw': 7.0}, ((2, 8), (15, 56)): {'bw': 7.0}, ((2, 8), (56, np.int64(70))): {'bw': 7.0}, ((0, 7), (np.int64(24), 28)): {'bw': 11.0}, ((0, 7), (28, np.int64(19))): {'bw': 11.0}, ((6, 7), (np.int64(1), 38)): {'bw': 6.0}, ((6, 7), (38, 16)): {'bw': 6.0}, ((6, 7), (16, np.int64(19))): {'bw': 6.0}}",0.0,0.0,426.0,85.0,341.0,0.0,0.0,0.0,0.0,0.0,0.0,0.0,0.0,0.0,Route Failure,0.0,"{'node_level': {}, 'link_level': {}, 'path_level': {}}","{'node_level': {3: {'cpu': -59}, 8: {'cpu': -48}, 0: {'cpu': -23}, 5: {'cpu': -66}, 4: {'cpu': -52}, 6: {'cpu': -90}, 7: {'cpu': -52}, 1: {'cpu': -48}, 2: {'cpu': -78}}, 'link_level': {}, 'path_level': {}}","{'node_level': {3: {'cpu': 0}, 8: {'cpu': 0}, 0: {'cpu': 0}, 5: {'cpu': 0}, 4: {'cpu': 0}, 6: {'cpu': 0}, 7: {'cpu': 0}, 1: {'cpu': 0}, 2: {'cpu': 0}}, 'link_level': {}, 'path_level': {}}",[],0.0,0.0,True,False,False,0,[],0,0.0,"OrderedDict([((3, 8), 0), ((4, 5), 0), ((3, 6), 0), ((0, 6), 0), ((5, 8), 0), ((1, 4), 0), ((2, 6), 0), ((3, 5), 0), ((1, 5), 0), ((0, 8), 0), ((2, 8), 0), ((0, 7), 0), ((6, 7), 0)])",2.0,0.0,9.0,13.0
93,59,20,13895.0,23705.0,7724427.441279546,13413162.394189106,0.5861632566968994,0.5758841363633939,59,155,1,1107.0,36181.0,6002,30179.0,0.17225210315818507,0.22486772486772488,92,50.14185036304853,1107.0,10,25,False,"{7: np.int64(54), 6: np.int64(70), 1: np.int64(77), 9: np.int64(48), 4: np.int64(13), 8: np.int64(19), 0: np.int64(46), 3: np.int64(0), 5: np.int64(1)}",{},"{(7, np.int64(54)): {'cpu': 18}, (6, np.int64(70)): {'cpu': 18}, (1, np.int64(77)): {'cpu': 14}, (9, np.int64(48)): {'cpu': 11}, (4, np.int64(13)): {'cpu': 11}, (8, np.int64(19)): {'cpu': 14}, (0, np.int64(46)): {'cpu': 10}, (3, np.int64(0)): {'cpu': 5}, (5, np.int64(1)): {'cpu': 5}}",{},0.0,0.0,788.0,108.0,680.0,0.0,0.0,0.0,0.0,0.0,0.0,0.0,0.0,0.0,Place Failure,0.0,"{'node_level': {}, 'link_level': {}, 'path_level': {}}","{'node_level': {7: {'cpu': -57}, 6: {'cpu': -47}, 1: {'cpu': -58}, 9: {'cpu': -47}, 4: {'cpu': -65}, 8: {'cpu': -50}, 0: {'cpu': -74}, 3: {'cpu': -62}, 5: {'cpu': -88}}, 'link_level': {}, 'path_level': {}}","{'node_level': {7: {'cpu': 0}, 6: {'cpu': 0}, 1: {'cpu': 0}, 9: {'cpu': 0}, 4: {'cpu': 0}, 8: {'cpu': 0}, 0: {'cpu': 0}, 3: {'cpu': 0}, 5: {'cpu': 0}}, 'link_level': {}, 'path_level': {}}",[],0.0,0.0,False,True,False,0,[],0,0.0,,,,9.0,0.0
94,60,21,14124.0,24198.0,7744691.9315345455,13456788.56753284,0.5836846020332259,0.5755230449425462,61,156,1,1117.0,35688.0,5929,29759.0,0.1823196800441318,0.23565521138336676,93,88.49122382095761,1117.0,6,8,True,"{3: np.int64(54), 4: np.int64(70), 2: np.int64(77), 5: np.int64(22), 0: np.int64(29), 1: np.int64(24)}","{(3, 4): [(np.int64(54), 31), (31, 14), (14, 55), (55, np.int64(70))], (0, 2): [(np.int64(29), 57), (57, 77)], (2, 3): [(np.int64(77), 81), (81, np.int64(54))], (0, 4): [(np.int64(29), 26), (26, 50), (50, np.int64(70))], (0, 5): [(np.int64(29), 1), (1, 24), (24, np.int64(22))], (0, 3): [(np.int64(29), 1), (1, 24), (24, np.int64(54))], (3, 5): [(np.int64(54), 22)], (1, 3): [(np.int64(24), 54)]}","{(3, np.int64(54)): {'cpu': 13}, (4, np.int64(70)): {'cpu': 18}, (2, np.int64(77)): {'cpu': 16}, (5, np.int64(22)): {'cpu': 17}, (0, np.int64(29)): {'cpu': 7}, (1, np.int64(24)): {'cpu': 2}}","{((3, 4), (np.int64(54), 31)): {'bw': 35.0}, ((3, 4), (31, 14)): {'bw': 35.0}, ((3, 4), (14, 55)): {'bw': 35.0}, ((3, 4), (55, np.int64(70))): {'bw': 35.0}, ((0, 2), (np.int64(29), 57)): {'bw': 28.0}, ((0, 2), (57, 77)): {'bw': 28.0}, ((2, 3), (np.int64(77), 81)): {'bw': 23.0}, ((2, 3), (81, np.int64(54))): {'bw': 23.0}, ((0, 4), (np.int64(29), 26)): {'bw': 20.0}, ((0, 4), (26, 50)): {'bw': 20.0}, ((0, 4), (50, np.int64(70))): {'bw': 20.0}, ((0, 5), (np.int64(29), 1)): {'bw': 21.0}, ((0, 5), (1, 24)): {'bw': 21.0}, ((0, 5), (24, np.int64(22))): {'bw': 21.0}, ((0, 3), (np.int64(29), 1)): {'bw': 13.0}, ((0, 3), (1, 24)): {'bw': 13.0}, ((0, 3), (24, np.int64(54))): {'bw': 13.0}, ((3, 5), (np.int64(54), 22)): {'bw': 13.0}, ((1, 3), (np.int64(24), 54)): {'bw': 3.0}}",493.0,229.0,229.0,73.0,156.0,73.0,156.0,73.0,420.0,264.0,0.4645030425963489,43626.1733437321,20264.490254999295,41.10444270790932,Success,0.0,"{'node_level': {}, 'link_level': {}, 'path_level': {}}","{'node_level': {3: {'cpu': -62}, 4: {'cpu': -47}, 2: {'cpu': -56}, 5: {'cpu': -32}, 0: {'cpu': -66}, 1: {'cpu': -35}}, 'link_level': {}, 'path_level': {}}","{'node_level': {3: {'cpu': 0}, 4: {'cpu': 0}, 2: {'cpu': 0}, 5: {'cpu': 0}, 0: {'cpu': 0}, 1: {'cpu': 0}}, 'link_level': {}, 'path_level': {}}",[],0.0,0.0,True,True,False,0,[],0,0.0,"OrderedDict([((3, 4), 0), ((0, 2), 0), ((2, 3), 0), ((0, 4), 0), ((0, 5), 0), ((0, 3), 0), ((3, 5), 0), ((1, 3), 0)])",0.0,0.0,6.0,8.0
94,60,20,14124.0,24198.0,7744691.9315345455,13456788.56753284,0.5836846020332259,0.5755230449425462,61,157,0,1121.9357658099368,35718.0,5942,29776.0,0.18052682388636054,0.23521857502440024,88,70.93576580993681,1051.0,2,1,False,{},{},{},{},0.0,0.0,0.0,0.0,0.0,0.0,0.0,0.0,0.0,0.0,0.0,0.0,0.0,0.0,Leave Event,0.0,"{'node_level': {}, 'link_level': {}, 'path_level': {}}","{'node_level': {}, 'link_level': {}, 'path_level': {}}","{'node_level': {}, 'link_level': {}, 'path_level': {}}",[],0.0,0.0,True,True,False,0,[],0,0.0,,,,,
94,60,19,14124.0,24198.0,7744691.9315345455,13456788.56753284,0.5836846020332259,0.5755230449425462,61,158,0,1129.4501439072235,36137.0,6011,30126.0,0.17101089504895872,0.22622900292803205,85,121.45014390722343,1008.0,6,8,False,{},{},{},{},0.0,0.0,0.0,0.0,0.0,0.0,0.0,0.0,0.0,0.0,0.0,0.0,0.0,0.0,Leave Event,0.0,"{'node_level': {}, 'link_level': {}, 'path_level': {}}","{'node_level': {}, 'link_level': {}, 'path_level': {}}","{'node_level': {}, 'link_level': {}, 'path_level': {}}",[],0.0,0.0,True,True,False,0,[],0,0.0,,,,,
94,60,19,14124.0,24198.0,7744691.9315345455,13456788.56753284,0.5836846020332259,0.5755230449425462,61,159,0,1131.5800844937974,36137.0,6011,30126.0,0.17101089504895872,0.22622900292803205,91,38.58008449379743,1093.0,9,16,False,{},{},{},{},0.0,0.0,0.0,0.0,0.0,0.0,0.0,0.0,0.0,0.0,0.0,0.0,0.0,0.0,Leave Event,0.0,"{'node_level': {}, 'link_level': {}, 'path_level': {}}","{'node_level': {}, 'link_level': {}, 'path_level': {}}","{'node_level': {}, 'link_level': {}, 'path_level': {}}",[],0.0,0.0,True,True,False,0,[],0,0.0,,,,,
95,61,20,14163.0,24237.0,7753287.079376146,13465383.71537444,0.5843544993192227,0.5757939946801246,61,160,1,1135.0,36098.0,5988,30110.0,0.17418287132809263,0.22663995479529464,94,220.3884061948887,1135.0,2,1,True,"{1: np.int64(92), 0: np.int64(16)}","{(0, 1): [(np.int64(16), 92)]}","{(1, np.int64(92)): {'cpu': 20}, (0, np.int64(16)): {'cpu': 3}}","{((0, 1), (np.int64(16), 92)): {'bw': 16.0}}",39.0,39.0,39.0,23.0,16.0,23.0,16.0,23.0,16.0,0.0,1.0,8595.14784160066,8595.14784160066,220.3884061948887,Success,0.0,"{'node_level': {}, 'link_level': {}, 'path_level': {}}","{'node_level': {1: {'cpu': -36}, 0: {'cpu': -68}}, 'link_level': {}, 'path_level': {}}","{'node_level': {1: {'cpu': 0}, 0: {'cpu': 0}}, 'link_level': {}, 'path_level': {}}",[],0.0,0.0,True,True,False,0,[],0,0.0,"OrderedDict([((0, 1), 0)])",0.0,0.0,2.0,1.0
95,61,19,14163.0,24237.0,7753287.079376146,13465383.71537444,0.5843544993192227,0.5757939946801246,61,161,0,1142.981572165756,36732.0,6070,30662.0,0.16287408633291955,0.2124621153747367,18,890.981572165756,252.0,9,13,False,{},{},{},{},0.0,0.0,0.0,0.0,0.0,0.0,0.0,0.0,0.0,0.0,0.0,0.0,0.0,0.0,Leave Event,0.0,"{'node_level': {}, 'link_level': {}, 'path_level': {}}","{'node_level': {}, 'link_level': {}, 'path_level': {}}","{'node_level': {}, 'link_level': {}, 'path_level': {}}",[],0.0,0.0,True,True,False,0,[],0,0.0,,,,,
96,62,20,14241.0,24357.0,7757193.339476397,13471393.346297903,0.5846779159995074,0.5758270982123883,61,162,1,1150.0,36612.0,6034,30578.0,0.16783891876982482,0.2146196126778651,95,50.0802576955217,1150.0,3,2,True,"{0: np.int64(99), 1: np.int64(38), 2: np.int64(36)}","{(0, 1): [(np.int64(99), 51), (51, np.int64(38))], (0, 2): [(np.int64(99), 66), (66, np.int64(36))]}","{(0, np.int64(99)): {'cpu': 13}, (1, np.int64(38)): {'cpu': 13}, (2, np.int64(36)): {'cpu': 10}}","{((0, 1), (np.int64(99), 51)): {'bw': 39.0}, ((0, 1), (51, np.int64(38))): {'bw': 39.0}, ((0, 2), (np.int64(99), 66)): {'bw': 3.0}, ((0, 2), (66, np.int64(36))): {'bw': 3.0}}",120.0,78.0,78.0,36.0,42.0,36.0,42.0,36.0,84.0,42.0,0.65,6009.630923462604,3906.2601002506926,32.552167502089105,Success,0.0,"{'node_level': {}, 'link_level': {}, 'path_level': {}}","{'node_level': {0: {'cpu': -44}, 1: {'cpu': -26}, 2: {'cpu': -31}}, 'link_level': {}, 'path_level': {}}","{'node_level': {0: {'cpu': 0}, 1: {'cpu': 0}, 2: {'cpu': 0}}, 'link_level': {}, 'path_level': {}}",[],0.0,0.0,True,True,False,0,[],0,0.0,"OrderedDict([((0, 1), 0), ((0, 2), 0)])",0.0,0.0,3.0,2.0
96,62,20,14241.0,24357.0,7757193.339476397,13471393.346297903,0.5846779159995074,0.5758270982123883,61,163,0,1156.984860697159,36612.0,6034,30578.0,0.16783891876982482,0.2146196126778651,57,478.9848606971591,678.0,10,23,False,{},{},{},{},0.0,0.0,0.0,0.0,0.0,0.0,0.0,0.0,0.0,0.0,0.0,0.0,0.0,0.0,Leave Event,0.0,"{'node_level': {}, 'link_level': {}, 'path_level': {}}","{'node_level': {}, 'link_level': {}, 'path_level': {}}","{'node_level': {}, 'link_level': {}, 'path_level': {}}",[],0.0,0.0,True,True,False,0,[],0,0.0,,,,,
96,62,20,14241.0,24357.0,7757193.339476397,13471393.346297903,0.5846779159995074,0.5758270982123883,61,164,0,1157.1418503630484,36612.0,6034,30578.0,0.16783891876982482,0.2146196126778651,92,50.14185036304853,1107.0,10,25,False,{},{},{},{},0.0,0.0,0.0,0.0,0.0,0.0,0.0,0.0,0.0,0.0,0.0,0.0,0.0,0.0,Leave Event,0.0,"{'node_level': {}, 'link_level': {}, 'path_level': {}}","{'node_level': {}, 'link_level': {}, 'path_level': {}}","{'node_level': {}, 'link_level': {}, 'path_level': {}}",[],0.0,0.0,True,True,False,0,[],0,0.0,,,,,
97,62,20,14241.0,24357.0,7757193.339476397,13471393.346297903,0.5846779159995074,0.5758270982123883,61,165,1,1165.0,36612.0,6034,30578.0,0.16783891876982482,0.2146196126778651,96,77.31214957774891,1165.0,10,24,False,"{6: np.int64(19), 3: np.int64(76), 5: np.int64(36), 0: np.int64(88), 4: np.int64(12), 2: np.int64(97)}",{},"{(6, np.int64(19)): {'cpu': 13}, (3, np.int64(76)): {'cpu': 9}, (5, np.int64(36)): {'cpu': 5}, (0, np.int64(88)): {'cpu': 10}, (4, np.int64(12)): {'cpu': 7}, (2, np.int64(97)): {'cpu': 7}}",{},0.0,0.0,714.0,78.0,636.0,0.0,0.0,0.0,0.0,0.0,0.0,0.0,0.0,0.0,Place Failure,0.0,"{'node_level': {}, 'link_level': {}, 'path_level': {}}","{'node_level': {6: {'cpu': -51}, 3: {'cpu': -76}, 5: {'cpu': -26}, 0: {'cpu': -10}, 4: {'cpu': -45}, 2: {'cpu': -53}}, 'link_level': {}, 'path_level': {}}","{'node_level': {6: {'cpu': 0}, 3: {'cpu': 0}, 5: {'cpu': 0}, 0: {'cpu': 0}, 4: {'cpu': 0}, 2: {'cpu': 0}}, 'link_level': {}, 'path_level': {}}",[],0.0,0.0,False,True,False,0,[],0,0.0,,,,6.0,0.0
98,63,21,14365.0,24566.0,7922971.185758885,13750809.232370807,0.5847512822600341,0.5761821760356767,61,166,1,1178.0,36403.0,6009,30394.0,0.17128671907323123,0.21934555915138443,97,1336.9181151813561,1178.0,4,4,True,"{2: np.int64(19), 3: np.int64(76), 0: np.int64(12), 1: np.int64(36)}","{(0, 3): [(np.int64(12), 60), (60, np.int64(76))], (0, 1): [(np.int64(12), 77), (77, np.int64(36))], (2, 3): [(np.int64(19), 36), (36, np.int64(76))], (1, 2): [(np.int64(36), 19)]}","{(2, np.int64(19)): {'cpu': 17}, (3, np.int64(76)): {'cpu': 5}, (0, np.int64(12)): {'cpu': 2}, (1, np.int64(36)): {'cpu': 1}}","{((0, 3), (np.int64(12), 60)): {'bw': 38.0}, ((0, 3), (60, np.int64(76))): {'bw': 38.0}, ((0, 1), (np.int64(12), 77)): {'bw': 23.0}, ((0, 1), (77, np.int64(36))): {'bw': 23.0}, ((2, 3), (np.int64(19), 36)): {'bw': 24.0}, ((2, 3), (36, np.int64(76))): {'bw': 24.0}, ((1, 2), (np.int64(36), 19)): {'bw': 14.0}}",209.0,124.0,124.0,25.0,99.0,25.0,99.0,25.0,184.0,85.0,0.5933014354066986,279415.8860729034,165777.84628248817,793.1954367583165,Success,0.0,"{'node_level': {}, 'link_level': {}, 'path_level': {}}","{'node_level': {2: {'cpu': -47}, 3: {'cpu': -80}, 0: {'cpu': -50}, 1: {'cpu': -30}}, 'link_level': {}, 'path_level': {}}","{'node_level': {2: {'cpu': 0}, 3: {'cpu': 0}, 0: {'cpu': 0}, 1: {'cpu': 0}}, 'link_level': {}, 'path_level': {}}",[],0.0,0.0,True,True,False,0,[],0,0.0,"OrderedDict([((0, 3), 0), ((0, 1), 0), ((2, 3), 0), ((1, 2), 0)])",0.0,0.0,4.0,4.0
99,64,22,14531.0,24732.0,7994301.439105575,13822139.485717498,0.5875384117742196,0.578369321722309,62,167,1,1190.0,36237.0,5957,30280.0,0.17845814370431667,0.22227359120563006,98,429.7003213656026,1190.0,5,4,True,"{4: np.int64(97), 1: np.int64(48), 3: np.int64(67), 0: np.int64(99), 2: np.int64(38)}","{(1, 4): [(np.int64(48), 97)], (3, 4): [(np.int64(67), 97)], (0, 4): [(np.int64(99), 97)], (2, 4): [(np.int64(38), 97)]}","{(4, np.int64(97)): {'cpu': 13}, (1, np.int64(48)): {'cpu': 17}, (3, np.int64(67)): {'cpu': 18}, (0, np.int64(99)): {'cpu': 3}, (2, np.int64(38)): {'cpu': 1}}","{((1, 4), (np.int64(48), 97)): {'bw': 43.0}, ((3, 4), (np.int64(67), 97)): {'bw': 28.0}, ((0, 4), (np.int64(99), 97)): {'bw': 21.0}, ((2, 4), (np.int64(38), 97)): {'bw': 22.0}}",166.0,166.0,166.0,52.0,114.0,52.0,114.0,52.0,114.0,0.0,1.0,71330.25334669003,71330.25334669003,429.7003213656026,Success,0.0,"{'node_level': {}, 'link_level': {}, 'path_level': {}}","{'node_level': {4: {'cpu': -47}, 1: {'cpu': -41}, 3: {'cpu': -24}, 0: {'cpu': -41}, 2: {'cpu': -25}}, 'link_level': {}, 'path_level': {}}","{'node_level': {4: {'cpu': 0}, 1: {'cpu': 0}, 3: {'cpu': 0}, 0: {'cpu': 0}, 2: {'cpu': 0}}, 'link_level': {}, 'path_level': {}}",[],0.0,0.0,True,True,False,0,[],0,0.0,"OrderedDict([((1, 4), 0), ((3, 4), 0), ((0, 4), 0), ((2, 4), 0)])",1.0,0.0,5.0,4.0
99,64,21,14531.0,24732.0,7994301.439105575,13822139.485717498,0.5875384117742196,0.578369321722309,62,168,0,1197.5943559161449,36302.0,5989,30313.0,0.17404495931595643,0.22142600297940107,90,119.59435591614479,1078.0,3,2,False,{},{},{},{},0.0,0.0,0.0,0.0,0.0,0.0,0.0,0.0,0.0,0.0,0.0,0.0,0.0,0.0,Leave Event,0.0,"{'node_level': {}, 'link_level': {}, 'path_level': {}}","{'node_level': {}, 'link_level': {}, 'path_level': {}}","{'node_level': {}, 'link_level': {}, 'path_level': {}}",[],0.0,0.0,True,True,False,0,[],0,0.0,,,,,
99,64,21,14531.0,24732.0,7994301.439105575,13822139.485717498,0.5875384117742196,0.578369321722309,62,169,0,1199.846544816334,36302.0,5989,30313.0,0.17404495931595643,0.22142600297940107,46,631.846544816334,568.0,9,17,False,{},{},{},{},0.0,0.0,0.0,0.0,0.0,0.0,0.0,0.0,0.0,0.0,0.0,0.0,0.0,0.0,Leave Event,0.0,"{'node_level': {}, 'link_level': {}, 'path_level': {}}","{'node_level': {}, 'link_level': {}, 'path_level': {}}","{'node_level': {}, 'link_level': {}, 'path_level': {}}",[],0.0,0.0,True,True,False,0,[],0,0.0,,,,,
99,64,20,14531.0,24732.0,7994301.439105575,13822139.485717498,0.5875384117742196,0.578369321722309,62,170,0,1200.0802576955216,36422.0,6025,30397.0,0.16908012687905116,0.21926850567627265,95,50.0802576955217,1150.0,3,2,False,{},{},{},{},0.0,0.0,0.0,0.0,0.0,0.0,0.0,0.0,0.0,0.0,0.0,0.0,0.0,0.0,Leave Event,0.0,"{'node_level': {}, 'link_level': {}, 'path_level': {}}","{'node_level': {}, 'link_level': {}, 'path_level': {}}","{'node_level': {}, 'link_level': {}, 'path_level': {}}",[],0.0,0.0,True,True,False,0,[],0,0.0,,,,,
100,65,21,14590.0,24791.0,8048297.251001541,13876135.297613462,0.588520027429309,0.5800100012274856,62,171,1,1204.0,36363.0,6007,30356.0,0.17156254309750374,0.22032156983613294,99,915.1832524739899,1204.0,3,2,True,"{0: np.int64(38), 2: np.int64(51), 1: np.int64(99)}","{(0, 2): [(np.int64(38), 51)], (1, 2): [(np.int64(99), 51)]}","{(0, np.int64(38)): {'cpu': 11}, (2, np.int64(51)): {'cpu': 3}, (1, np.int64(99)): {'cpu': 4}}","{((0, 2), (np.int64(38), 51)): {'bw': 39.0}, ((1, 2), (np.int64(99), 51)): {'bw': 2.0}}",59.0,59.0,59.0,18.0,41.0,18.0,41.0,18.0,41.0,0.0,1.0,53995.8118959654,53995.8118959654,915.1832524739899,Success,0.0,"{'node_level': {}, 'link_level': {}, 'path_level': {}}","{'node_level': {0: {'cpu': -27}, 2: {'cpu': -50}, 1: {'cpu': -50}}, 'link_level': {}, 'path_level': {}}","{'node_level': {0: {'cpu': 0}, 2: {'cpu': 0}, 1: {'cpu': 0}}, 'link_level': {}, 'path_level': {}}",[],0.0,0.0,True,True,False,0,[],0,0.0,"OrderedDict([((0, 2), 0), ((1, 2), 0)])",0.0,0.0,3.0,2.0
100,65,20,14590.0,24791.0,8048297.251001541,13876135.297613462,0.588520027429309,0.5800100012274856,62,172,0,1205.4912238209577,36856.0,6080,30776.0,0.161494966211557,0.20953408332049106,93,88.49122382095761,1117.0,6,8,False,{},{},{},{},0.0,0.0,0.0,0.0,0.0,0.0,0.0,0.0,0.0,0.0,0.0,0.0,0.0,0.0,Leave Event,0.0,"{'node_level': {}, 'link_level': {}, 'path_level': {}}","{'node_level': {}, 'link_level': {}, 'path_level': {}}","{'node_level': {}, 'link_level': {}, 'path_level': {}}",[],0.0,0.0,True,True,False,0,[],0,0.0,,,,,
100,65,19,14590.0,24791.0,8048297.251001541,13876135.297613462,0.588520027429309,0.5800100012274856,62,173,0,1234.1263491728664,37010.0,6113,30897.0,0.15694386981106057,0.20642625982431806,59,531.1263491728663,703.0,4,3,False,{},{},{},{},0.0,0.0,0.0,0.0,0.0,0.0,0.0,0.0,0.0,0.0,0.0,0.0,0.0,0.0,Leave Event,0.0,"{'node_level': {}, 'link_level': {}, 'path_level': {}}","{'node_level': {}, 'link_level': {}, 'path_level': {}}","{'node_level': {}, 'link_level': {}, 'path_level': {}}",[],0.0,0.0,True,True,False,0,[],0,0.0,,,,,
100,65,19,14590.0,24791.0,8048297.251001541,13876135.297613462,0.588520027429309,0.5800100012274856,62,174,0,1242.3121495777489,37010.0,6113,30897.0,0.15694386981106057,0.20642625982431806,96,77.31214957774891,1165.0,10,24,False,{},{},{},{},0.0,0.0,0.0,0.0,0.0,0.0,0.0,0.0,0.0,0.0,0.0,0.0,0.0,0.0,Leave Event,0.0,"{'node_level': {}, 'link_level': {}, 'path_level': {}}","{'node_level': {}, 'link_level': {}, 'path_level': {}}","{'node_level': {}, 'link_level': {}, 'path_level': {}}",[],0.0,0.0,True,True,False,0,[],0,0.0,,,,,
100,65,19,14590.0,24791.0,8048297.251001541,13876135.297613462,0.588520027429309,0.5800100012274856,62,175,0,1249.7439533639601,37010.0,6113,30897.0,0.15694386981106057,0.20642625982431806,80,303.74395336396014,946.0,10,27,False,{},{},{},{},0.0,0.0,0.0,0.0,0.0,0.0,0.0,0.0,0.0,0.0,0.0,0.0,0.0,0.0,Leave Event,0.0,"{'node_level': {}, 'link_level': {}, 'path_level': {}}","{'node_level': {}, 'link_level': {}, 'path_level': {}}","{'node_level': {}, 'link_level': {}, 'path_level': {}}",[],0.0,0.0,True,True,False,0,[],0,0.0,,,,,
100,65,18,14590.0,24791.0,8048297.251001541,13876135.297613462,0.588520027429309,0.5800100012274856,62,176,0,1299.9072226431945,37669.0,6223,31446.0,0.14177354847607226,0.1923254738788719,49,696.9072226431946,603.0,8,14,False,{},{},{},{},0.0,0.0,0.0,0.0,0.0,0.0,0.0,0.0,0.0,0.0,0.0,0.0,0.0,0.0,Leave Event,0.0,"{'node_level': {}, 'link_level': {}, 'path_level': {}}","{'node_level': {}, 'link_level': {}, 'path_level': {}}","{'node_level': {}, 'link_level': {}, 'path_level': {}}",[],0.0,0.0,True,True,False,0,[],0,0.0,,,,,
100,65,17,14590.0,24791.0,8048297.251001541,13876135.297613462,0.588520027429309,0.5800100012274856,62,177,0,1331.4581106632086,37973.0,6265,31708.0,0.13598124396634947,0.1855961370524477,81,379.4581106632087,952.0,6,5,False,{},{},{},{},0.0,0.0,0.0,0.0,0.0,0.0,0.0,0.0,0.0,0.0,0.0,0.0,0.0,0.0,Leave Event,0.0,"{'node_level': {}, 'link_level': {}, 'path_level': {}}","{'node_level': {}, 'link_level': {}, 'path_level': {}}","{'node_level': {}, 'link_level': {}, 'path_level': {}}",[],0.0,0.0,True,True,False,0,[],0,0.0,,,,,
100,65,17,14590.0,24791.0,8048297.251001541,13876135.297613462,0.588520027429309,0.5800100012274856,62,178,0,1345.4404882370848,37973.0,6265,31708.0,0.13598124396634947,0.1855961370524477,84,355.44048823708476,990.0,9,19,False,{},{},{},{},0.0,0.0,0.0,0.0,0.0,0.0,0.0,0.0,0.0,0.0,0.0,0.0,0.0,0.0,Leave Event,0.0,"{'node_level': {}, 'link_level': {}, 'path_level': {}}","{'node_level': {}, 'link_level': {}, 'path_level': {}}","{'node_level': {}, 'link_level': {}, 'path_level': {}}",[],0.0,0.0,True,True,False,0,[],0,0.0,,,,,
100,65,16,14590.0,24791.0,8048297.251001541,13876135.297613462,0.588520027429309,0.5800100012274856,62,179,0,1348.0901200761373,38084.0,6315,31769.0,0.12908564335953665,0.18402938305850924,87,310.0901200761372,1038.0,4,4,False,{},{},{},{},0.0,0.0,0.0,0.0,0.0,0.0,0.0,0.0,0.0,0.0,0.0,0.0,0.0,0.0,Leave Event,0.0,"{'node_level': {}, 'link_level': {}, 'path_level': {}}","{'node_level': {}, 'link_level': {}, 'path_level': {}}","{'node_level': {}, 'link_level': {}, 'path_level': {}}",[],0.0,0.0,True,True,False,0,[],0,0.0,,,,,
100,65,15,14590.0,24791.0,8048297.251001541,13876135.297613462,0.588520027429309,0.5800100012274856,62,180,0,1355.3884061948886,38123.0,6338,31785.0,0.12591366708040275,0.18361843119124677,94,220.3884061948887,1135.0,2,1,False,{},{},{},{},0.0,0.0,0.0,0.0,0.0,0.0,0.0,0.0,0.0,0.0,0.0,0.0,0.0,0.0,Leave Event,0.0,"{'node_level': {}, 'link_level': {}, 'path_level': {}}","{'node_level': {}, 'link_level': {}, 'path_level': {}}","{'node_level': {}, 'link_level': {}, 'path_level': {}}",[],0.0,0.0,True,True,False,0,[],0,0.0,,,,,
100,65,14,14590.0,24791.0,8048297.251001541,13876135.297613462,0.588520027429309,0.5800100012274856,62,181,0,1386.3098830787794,38635.0,6407,32228.0,0.11639773824300093,0.17224020136641494,44,838.3098830787794,548.0,6,9,False,{},{},{},{},0.0,0.0,0.0,0.0,0.0,0.0,0.0,0.0,0.0,0.0,0.0,0.0,0.0,0.0,Leave Event,0.0,"{'node_level': {}, 'link_level': {}, 'path_level': {}}","{'node_level': {}, 'link_level': {}, 'path_level': {}}","{'node_level': {}, 'link_level': {}, 'path_level': {}}",[],0.0,0.0,True,True,False,0,[],0,0.0,,,,,
100,65,14,14590.0,24791.0,8048297.251001541,13876135.297613462,0.588520027429309,0.5800100012274856,62,182,0,1430.534847652079,38635.0,6407,32228.0,0.11639773824300093,0.17224020136641494,56,761.534847652079,669.0,8,17,False,{},{},{},{},0.0,0.0,0.0,0.0,0.0,0.0,0.0,0.0,0.0,0.0,0.0,0.0,0.0,0.0,Leave Event,0.0,"{'node_level': {}, 'link_level': {}, 'path_level': {}}","{'node_level': {}, 'link_level': {}, 'path_level': {}}","{'node_level': {}, 'link_level': {}, 'path_level': {}}",[],0.0,0.0,True,True,False,0,[],0,0.0,,,,,
100,65,13,14590.0,24791.0,8048297.251001541,13876135.297613462,0.588520027429309,0.5800100012274856,62,183,0,1437.5144287201929,39625.0,6478,33147.0,0.1066059853813267,0.1486361534905224,76,526.5144287201928,911.0,8,16,False,{},{},{},{},0.0,0.0,0.0,0.0,0.0,0.0,0.0,0.0,0.0,0.0,0.0,0.0,0.0,0.0,Leave Event,0.0,"{'node_level': {}, 'link_level': {}, 'path_level': {}}","{'node_level': {}, 'link_level': {}, 'path_level': {}}","{'node_level': {}, 'link_level': {}, 'path_level': {}}",[],0.0,0.0,True,True,False,0,[],0,0.0,,,,,
100,65,12,14590.0,24791.0,8048297.251001541,13876135.297613462,0.588520027429309,0.5800100012274856,62,184,0,1495.2524920794203,39808.0,6505,33303.0,0.10288236105364779,0.14462937278471255,4,1422.2524920794203,73.0,2,1,False,{},{},{},{},0.0,0.0,0.0,0.0,0.0,0.0,0.0,0.0,0.0,0.0,0.0,0.0,0.0,0.0,Leave Event,0.0,"{'node_level': {}, 'link_level': {}, 'path_level': {}}","{'node_level': {}, 'link_level': {}, 'path_level': {}}","{'node_level': {}, 'link_level': {}, 'path_level': {}}",[],0.0,0.0,True,True,False,0,[],0,0.0,,,,,
100,65,11,14590.0,24791.0,8048297.251001541,13876135.297613462,0.588520027429309,0.5800100012274856,62,185,0,1518.3778162643773,40159.0,6562,33597.0,0.09502137636188113,0.1370781322237633,70,675.3778162643773,843.0,5,6,False,{},{},{},{},0.0,0.0,0.0,0.0,0.0,0.0,0.0,0.0,0.0,0.0,0.0,0.0,0.0,0.0,Leave Event,0.0,"{'node_level': {}, 'link_level': {}, 'path_level': {}}","{'node_level': {}, 'link_level': {}, 'path_level': {}}","{'node_level': {}, 'link_level': {}, 'path_level': {}}",[],0.0,0.0,True,True,False,0,[],0,0.0,,,,,
100,65,10,14590.0,24791.0,8048297.251001541,13876135.297613462,0.588520027429309,0.5800100012274856,62,186,0,1614.203337896054,40737.0,6637,34100.0,0.08467797545166189,0.12415883289669694,75,712.2033378960542,902.0,7,7,False,{},{},{},{},0.0,0.0,0.0,0.0,0.0,0.0,0.0,0.0,0.0,0.0,0.0,0.0,0.0,0.0,Leave Event,0.0,"{'node_level': {}, 'link_level': {}, 'path_level': {}}","{'node_level': {}, 'link_level': {}, 'path_level': {}}","{'node_level': {}, 'link_level': {}, 'path_level': {}}",[],0.0,0.0,True,True,False,0,[],0,0.0,,,,,
100,65,9,14590.0,24791.0,8048297.251001541,13876135.297613462,0.588520027429309,0.5800100012274856,62,187,0,1619.7003213656026,40903.0,6689,34214.0,0.07750655082057645,0.1212308008424513,98,429.7003213656026,1190.0,5,4,False,{},{},{},{},0.0,0.0,0.0,0.0,0.0,0.0,0.0,0.0,0.0,0.0,0.0,0.0,0.0,0.0,Leave Event,0.0,"{'node_level': {}, 'link_level': {}, 'path_level': {}}","{'node_level': {}, 'link_level': {}, 'path_level': {}}","{'node_level': {}, 'link_level': {}, 'path_level': {}}",[],0.0,0.0,True,True,False,0,[],0,0.0,,,,,
100,65,8,14590.0,24791.0,8048297.251001541,13876135.297613462,0.588520027429309,0.5800100012274856,62,188,0,1656.947819184783,42045.0,6796,35249.0,0.06274996552199696,0.09464735192890528,79,718.9478191847828,938.0,9,21,False,{},{},{},{},0.0,0.0,0.0,0.0,0.0,0.0,0.0,0.0,0.0,0.0,0.0,0.0,0.0,0.0,Leave Event,0.0,"{'node_level': {}, 'link_level': {}, 'path_level': {}}","{'node_level': {}, 'link_level': {}, 'path_level': {}}","{'node_level': {}, 'link_level': {}, 'path_level': {}}",[],0.0,0.0,True,True,False,0,[],0,0.0,,,,,
100,65,8,14590.0,24791.0,8048297.251001541,13876135.297613462,0.588520027429309,0.5800100012274856,62,189,0,1768.6720613559237,42045.0,6796,35249.0,0.06274996552199696,0.09464735192890528,78,840.6720613559236,928.0,7,10,False,{},{},{},{},0.0,0.0,0.0,0.0,0.0,0.0,0.0,0.0,0.0,0.0,0.0,0.0,0.0,0.0,Leave Event,0.0,"{'node_level': {}, 'link_level': {}, 'path_level': {}}","{'node_level': {}, 'link_level': {}, 'path_level': {}}","{'node_level': {}, 'link_level': {}, 'path_level': {}}",[],0.0,0.0,True,True,False,0,[],0,0.0,,,,,
100,65,7,14590.0,24791.0,8048297.251001541,13876135.297613462,0.588520027429309,0.5800100012274856,62,190,0,1786.47388213569,43189.0,6909,36280.0,0.047165908150599956,0.06816664098217495,89,722.4738821356901,1064.0,9,22,False,{},{},{},{},0.0,0.0,0.0,0.0,0.0,0.0,0.0,0.0,0.0,0.0,0.0,0.0,0.0,0.0,Leave Event,0.0,"{'node_level': {}, 'link_level': {}, 'path_level': {}}","{'node_level': {}, 'link_level': {}, 'path_level': {}}","{'node_level': {}, 'link_level': {}, 'path_level': {}}",[],0.0,0.0,True,True,False,0,[],0,0.0,,,,,
100,65,6,14590.0,24791.0,8048297.251001541,13876135.297613462,0.588520027429309,0.5800100012274856,62,191,0,1903.9149336099103,43721.0,6968,36753.0,0.03902909943456079,0.05601787640622591,55,1240.9149336099103,663.0,5,6,False,{},{},{},{},0.0,0.0,0.0,0.0,0.0,0.0,0.0,0.0,0.0,0.0,0.0,0.0,0.0,0.0,Leave Event,0.0,"{'node_level': {}, 'link_level': {}, 'path_level': {}}","{'node_level': {}, 'link_level': {}, 'path_level': {}}","{'node_level': {}, 'link_level': {}, 'path_level': {}}",[],0.0,0.0,True,True,False,0,[],0,0.0,,,,,
100,65,5,14590.0,24791.0,8048297.251001541,13876135.297613462,0.588520027429309,0.5800100012274856,62,192,0,2009.562354499218,44441.0,7014,37427.0,0.03268514687629287,0.038706528997791145,74,1117.562354499218,892.0,6,11,False,{},{},{},{},0.0,0.0,0.0,0.0,0.0,0.0,0.0,0.0,0.0,0.0,0.0,0.0,0.0,0.0,Leave Event,0.0,"{'node_level': {}, 'link_level': {}, 'path_level': {}}","{'node_level': {}, 'link_level': {}, 'path_level': {}}","{'node_level': {}, 'link_level': {}, 'path_level': {}}",[],0.0,0.0,True,True,False,0,[],0,0.0,,,,,
100,65,4,14590.0,24791.0,8048297.251001541,13876135.297613462,0.588520027429309,0.5800100012274856,62,193,0,2036.823073655985,45011.0,7084,37927.0,0.02303130602675496,0.025864283145836553,54,1383.823073655985,653.0,7,7,False,{},{},{},{},0.0,0.0,0.0,0.0,0.0,0.0,0.0,0.0,0.0,0.0,0.0,0.0,0.0,0.0,Leave Event,0.0,"{'node_level': {}, 'link_level': {}, 'path_level': {}}","{'node_level': {}, 'link_level': {}, 'path_level': {}}","{'node_level': {}, 'link_level': {}, 'path_level': {}}",[],0.0,0.0,True,True,False,0,[],0,0.0,,,,,
100,65,3,14590.0,24791.0,8048297.251001541,13876135.297613462,0.588520027429309,0.5800100012274856,62,194,0,2119.18325247399,45070.0,7102,37968.0,0.020548889808302273,0.02481121898597627,99,915.1832524739899,1204.0,3,2,False,{},{},{},{},0.0,0.0,0.0,0.0,0.0,0.0,0.0,0.0,0.0,0.0,0.0,0.0,0.0,0.0,Leave Event,0.0,"{'node_level': {}, 'link_level': {}, 'path_level': {}}","{'node_level': {}, 'link_level': {}, 'path_level': {}}","{'node_level': {}, 'link_level': {}, 'path_level': {}}",[],0.0,0.0,True,True,False,0,[],0,0.0,,,,,
100,65,3,14590.0,24791.0,8048297.251001541,13876135.297613462,0.588520027429309,0.5800100012274856,62,195,0,2186.8478101791106,45070.0,7102,37968.0,0.020548889808302273,0.02481121898597627,37,1715.8478101791104,471.0,10,18,False,{},{},{},{},0.0,0.0,0.0,0.0,0.0,0.0,0.0,0.0,0.0,0.0,0.0,0.0,0.0,0.0,Leave Event,0.0,"{'node_level': {}, 'link_level': {}, 'path_level': {}}","{'node_level': {}, 'link_level': {}, 'path_level': {}}","{'node_level': {}, 'link_level': {}, 'path_level': {}}",[],0.0,0.0,True,True,False,0,[],0,0.0,,,,,
100,65,3,14590.0,24791.0,8048297.251001541,13876135.297613462,0.588520027429309,0.5800100012274856,62,196,0,2196.083157018056,45070.0,7102,37968.0,0.020548889808302273,0.02481121898597627,67,1396.083157018056,800.0,9,15,False,{},{},{},{},0.0,0.0,0.0,0.0,0.0,0.0,0.0,0.0,0.0,0.0,0.0,0.0,0.0,0.0,Leave Event,0.0,"{'node_level': {}, 'link_level': {}, 'path_level': {}}","{'node_level': {}, 'link_level': {}, 'path_level': {}}","{'node_level': {}, 'link_level': {}, 'path_level': {}}",[],0.0,0.0,True,True,False,0,[],0,0.0,,,,,
100,65,2,14590.0,24791.0,8048297.251001541,13876135.297613462,0.588520027429309,0.5800100012274856,62,197,0,2265.117329933545,45096.0,7126,37970.0,0.01723900151703217,0.024759850002568418,86,1241.1173299335453,1024.0,2,1,False,{},{},{},{},0.0,0.0,0.0,0.0,0.0,0.0,0.0,0.0,0.0,0.0,0.0,0.0,0.0,0.0,Leave Event,0.0,"{'node_level': {}, 'link_level': {}, 'path_level': {}}","{'node_level': {}, 'link_level': {}, 'path_level': {}}","{'node_level': {}, 'link_level': {}, 'path_level': {}}",[],0.0,0.0,True,True,False,0,[],0,0.0,,,,,
100,65,1,14590.0,24791.0,8048297.251001541,13876135.297613462,0.588520027429309,0.5800100012274856,62,198,0,2514.9181151813564,45305.0,7151,38154.0,0.013791201213625759,0.020033903529049213,97,1336.9181151813561,1178.0,4,4,False,{},{},{},{},0.0,0.0,0.0,0.0,0.0,0.0,0.0,0.0,0.0,0.0,0.0,0.0,0.0,0.0,Leave Event,0.0,"{'node_level': {}, 'link_level': {}, 'path_level': {}}","{'node_level': {}, 'link_level': {}, 'path_level': {}}","{'node_level': {}, 'link_level': {}, 'path_level': {}}",[],0.0,0.0,True,True,False,0,[],0,0.0,,,,,
100,65,0,14590.0,24791.0,8048297.251001541,13876135.297613462,0.588520027429309,0.5800100012274856,62,199,0,2881.9770829094396,46185.0,7251,38934.0,0.0,0.0,73,2001.9770829094393,880.0,8,18,False,{},{},{},{},0.0,0.0,0.0,0.0,0.0,0.0,0.0,0.0,0.0,0.0,0.0,0.0,0.0,0.0,Leave Event,0.0,"{'node_level': {}, 'link_level': {}, 'path_level': {}}","{'node_level': {}, 'link_level': {}, 'path_level': {}}","{'node_level': {}, 'link_level': {}, 'path_level': {}}",[],0.0,0.0,True,True,False,0,[],0,0.0,,,,,
