v_net_count,success_count,inservice_count,total_revenue,total_cost,total_time_revenue,total_time_cost,long_term_r2c_ratio,long_term_time_r2c_ratio,num_running_p_net_nodes,event_id,event_type,event_time,p_net_available_resource,p_net_node_available_resource,p_net_link_available_resource,p_net_node_resource_utilization,p_net_link_resource_utilization,v_net_id,v_net_lifetime,v_net_arrival_time,v_net_num_nodes,v_net_num_egdes,result,node_slots,link_paths,node_slots_info,link_paths_info,v_net_cost,v_net_revenue,v_net_demand,v_net_node_demand,v_net_link_demand,v_net_node_revenue,v_net_link_revenue,v_net_node_cost,v_net_link_cost,v_net_path_cost,v_net_r2c_ratio,v_net_time_cost,v_net_time_revenue,v_net_time_rc_ratio,description,v_net_total_hard_constraint_violation,v_net_single_step_constraint_offset,v_net_constraint_offsets,v_net_constraint_violations,v_net_single_step_violation_list,v_net_single_step_hard_constraint_offset,v_net_max_single_step_hard_constraint_violation,place_result,route_result,early_rejection,revoke_times,selected_actions,num_interactions,v_net_reward,num_placed_nodes,num_routed_links
1,0,0,0.0,0.0,0.0,0.0,0.0,0.0,0,0,1,16.0,41858,7660,34198,0.0,0.0,0,69.01953183544195,16.0,9,18,False,"{1: 37, 6: 53, 4: 59, 5: 44, 7: 34, 3: 28, 0: 67, 2: 75, 8: 90}","{(0, 1): [(67, 22), (22, 61), (61, 37)], (0, 2): [(67, 6), (6, 96), (96, 75)], (0, 3): [(67, 88), (88, 28)], (0, 4): [(67, 83), (83, 59)], (0, 5): [(67, 50), (50, 44)], (0, 6): [(67, 53)], (1, 3): [(37, 25), (25, 28)], (1, 5): []}","{(1, 37): {'cpu': 17}, (6, 53): {'cpu': 17}, (4, 59): {'cpu': 16}, (5, 44): {'cpu': 8}, (7, 34): {'cpu': 8}, (3, 28): {'cpu': 4}, (0, 67): {'cpu': 1}, (2, 75): {'cpu': 1}, (8, 90): {'cpu': 1}}","{((0, 1), (67, 22)): {'bw': 32}, ((0, 1), (22, 61)): {'bw': 32}, ((0, 1), (61, 37)): {'bw': 32}, ((0, 2), (67, 6)): {'bw': 22}, ((0, 2), (6, 96)): {'bw': 22}, ((0, 2), (96, 75)): {'bw': 22}, ((0, 3), (67, 88)): {'bw': 48}, ((0, 3), (88, 28)): {'bw': 48}, ((0, 4), (67, 83)): {'bw': 49}, ((0, 4), (83, 59)): {'bw': 49}, ((0, 5), (67, 50)): {'bw': 17}, ((0, 5), (50, 44)): {'bw': 17}, ((0, 6), (67, 53)): {'bw': 22}, ((1, 3), (37, 25)): {'bw': 7}, ((1, 3), (25, 28)): {'bw': 7}}",0.0,0.0,480.0,73.0,407.0,0.0,0.0,0.0,0.0,0.0,0.0,0.0,0.0,0.0,Route Failure,6.522731198810197,"{'node_level': {}, 'link_level': {}, 'path_level': {}}","{'node_level': {1: {'cpu': -78}, 6: {'cpu': -83}, 4: {'cpu': -84}, 5: {'cpu': -92}, 7: {'cpu': -87}, 3: {'cpu': -95}, 0: {'cpu': -97}, 2: {'cpu': -86}, 8: {'cpu': -99}}, 'link_level': {(0, 1): {'bw': -31}, (0, 2): {'bw': -33}, (0, 3): {'bw': -10}, (0, 4): {'bw': -11}, (0, 5): {'bw': -46}, (0, 6): {'bw': -65}, (1, 3): {'bw': -53}, (1, 5): {'bw': -50}}, 'path_level': {(0, 1): {'latency': -2.2051762290822277}, (0, 2): {'latency': -7.866772907210647}, (0, 3): {'latency': -8.312857089523803}, (0, 4): {'latency': -9.374723915333258}, (0, 5): {'latency': -6.319647435642038}, (0, 6): {'latency': -3.2832563814128144}, (1, 3): {'latency': -0.6195703334944049}, (1, 5): {'latency': 6.522731198810197}}}","{'node_level': {1: {'cpu': 0}, 6: {'cpu': 0}, 4: {'cpu': 0}, 5: {'cpu': 0}, 7: {'cpu': 0}, 3: {'cpu': 0}, 0: {'cpu': 0}, 2: {'cpu': 0}, 8: {'cpu': 0}}, 'link_level': {(0, 1): {'bw': 0}, (0, 2): {'bw': 0}, (0, 3): {'bw': 0}, (0, 4): {'bw': 0}, (0, 5): {'bw': 0}, (0, 6): {'bw': 0}, (1, 3): {'bw': 0}, (1, 5): {'bw': 0}}, 'path_level': {(0, 1): {'latency': 0}, (0, 2): {'latency': 0}, (0, 3): {'latency': 0}, (0, 4): {'latency': 0}, (0, 5): {'latency': 0}, (0, 6): {'latency': 0}, (1, 3): {'latency': 0}, (1, 5): {'latency': 6.522731198810197}}}",[],0.0,0.0,True,False,False,0,[],0,0.0,9.0,8.0
2,0,0,0.0,0.0,0.0,0.0,0.0,0.0,0,1,1,27.0,41858,7660,34198,0.0,0.0,1,889.3291322410356,27.0,7,11,False,"{0: 37, 4: 53, 3: 59, 2: 44, 5: 34, 1: 28, 6: 67}","{(0, 6): []}","{(0, 37): {'cpu': 16}, (4, 53): {'cpu': 15}, (3, 59): {'cpu': 14}, (2, 44): {'cpu': 12}, (5, 34): {'cpu': 8}, (1, 28): {'cpu': 1}, (6, 67): {'cpu': 1}}",{},0.0,0.0,300.0,67.0,233.0,0.0,0.0,0.0,0.0,0.0,0.0,0.0,0.0,0.0,Route Failure,4.784606035591921,"{'node_level': {}, 'link_level': {}, 'path_level': {}}","{'node_level': {0: {'cpu': -79}, 4: {'cpu': -85}, 3: {'cpu': -86}, 2: {'cpu': -88}, 5: {'cpu': -87}, 1: {'cpu': -98}, 6: {'cpu': -97}}, 'link_level': {(0, 6): {'bw': -7}}, 'path_level': {(0, 6): {'latency': 4.784606035591921}}}","{'node_level': {0: {'cpu': 0}, 4: {'cpu': 0}, 3: {'cpu': 0}, 2: {'cpu': 0}, 5: {'cpu': 0}, 1: {'cpu': 0}, 6: {'cpu': 0}}, 'link_level': {(0, 6): {'bw': 0}}, 'path_level': {(0, 6): {'latency': 4.784606035591921}}}",[],0.0,0.0,True,False,False,0,[],0,0.0,7.0,1.0
3,1,1,71.0,123.0,54858.32208108269,95036.24811229818,0.5772357723577236,0.5772357723577236,3,2,1,37.0,41735,7627,34108,0.0043080939947780506,0.00263173284987428,2,772.652423677221,37.0,3,2,True,"{2: 37, 1: 53, 0: 59}","{(0, 1): [(59, 63), (63, 20), (20, 53)], (1, 2): [(53, 61), (61, 37)]}","{(2, 37): {'cpu': 15}, (1, 53): {'cpu': 12}, (0, 59): {'cpu': 6}}","{((0, 1), (59, 63)): {'bw': 14}, ((0, 1), (63, 20)): {'bw': 14}, ((0, 1), (20, 53)): {'bw': 14}, ((1, 2), (53, 61)): {'bw': 24}, ((1, 2), (61, 37)): {'bw': 24}}",123.0,71.0,71.0,33.0,38.0,33.0,38.0,33.0,90.0,52.0,0.5772357723577236,95036.24811229818,54858.32208108269,446.00261854538775,Success,0.0,"{'node_level': {}, 'link_level': {}, 'path_level': {}}","{'node_level': {2: {'cpu': -80}, 1: {'cpu': -88}, 0: {'cpu': -94}}, 'link_level': {(0, 1): {'bw': -38}, (1, 2): {'bw': -35}}, 'path_level': {(0, 1): {'latency': -8.229196947834104}, (1, 2): {'latency': -7.831540213280537}}}","{'node_level': {2: {'cpu': 0}, 1: {'cpu': 0}, 0: {'cpu': 0}}, 'link_level': {(0, 1): {'bw': 0}, (1, 2): {'bw': 0}}, 'path_level': {(0, 1): {'latency': 0}, (1, 2): {'latency': 0}}}",[],0.0,0.0,True,True,False,0,[],0,0.0,3.0,2.0
4,1,1,71.0,123.0,54858.32208108269,95036.24811229818,0.5772357723577236,0.5772357723577236,3,3,1,46.0,41735,7627,34108,0.0043080939947780506,0.00263173284987428,3,585.0178031143265,46.0,10,27,False,"{2: 44, 8: 34, 5: 28, 6: 59, 3: 67, 9: 75, 4: 90, 1: 36, 0: 12, 7: 25}","{(0, 1): [(12, 80), (80, 10), (10, 36)], (0, 3): [(12, 82), (82, 6), (6, 67)], (0, 6): []}","{(2, 44): {'cpu': 19}, (8, 34): {'cpu': 19}, (5, 28): {'cpu': 17}, (6, 59): {'cpu': 16}, (3, 67): {'cpu': 14}, (9, 75): {'cpu': 14}, (4, 90): {'cpu': 11}, (1, 36): {'cpu': 6}, (0, 12): {'cpu': 3}, (7, 25): {'cpu': 2}}","{((0, 1), (12, 80)): {'bw': 39}, ((0, 1), (80, 10)): {'bw': 39}, ((0, 1), (10, 36)): {'bw': 39}, ((0, 3), (12, 82)): {'bw': 45}, ((0, 3), (82, 6)): {'bw': 45}, ((0, 3), (6, 67)): {'bw': 45}}",0.0,0.0,864.0,121.0,743.0,0.0,0.0,0.0,0.0,0.0,0.0,0.0,0.0,0.0,Route Failure,4.483401724067363,"{'node_level': {}, 'link_level': {}, 'path_level': {}}","{'node_level': {2: {'cpu': -81}, 8: {'cpu': -76}, 5: {'cpu': -82}, 6: {'cpu': -78}, 3: {'cpu': -84}, 9: {'cpu': -73}, 4: {'cpu': -89}, 1: {'cpu': -76}, 0: {'cpu': -83}, 7: {'cpu': -94}}, 'link_level': {(0, 1): {'bw': -31}, (0, 3): {'bw': -22}, (0, 6): {'bw': -32}}, 'path_level': {(0, 1): {'latency': -1.4478282047741509}, (0, 3): {'latency': -5.782846309668262}, (0, 6): {'latency': 4.483401724067363}}}","{'node_level': {2: {'cpu': 0}, 8: {'cpu': 0}, 5: {'cpu': 0}, 6: {'cpu': 0}, 3: {'cpu': 0}, 9: {'cpu': 0}, 4: {'cpu': 0}, 1: {'cpu': 0}, 0: {'cpu': 0}, 7: {'cpu': 0}}, 'link_level': {(0, 1): {'bw': 0}, (0, 3): {'bw': 0}, (0, 6): {'bw': 0}}, 'path_level': {(0, 1): {'latency': 0}, (0, 3): {'latency': 0}, (0, 6): {'latency': 4.483401724067363}}}",[],0.0,0.0,True,False,False,0,[],0,0.0,10.0,3.0
5,1,1,71.0,123.0,54858.32208108269,95036.24811229818,0.5772357723577236,0.5772357723577236,3,4,1,66.0,41735,7627,34108,0.0043080939947780506,0.00263173284987428,4,525.5416162350841,66.0,9,24,False,"{2: 44, 0: 34, 6: 28, 5: 59, 4: 67, 1: 75, 8: 90, 3: 36, 7: 12}","{(0, 1): []}","{(2, 44): {'cpu': 19}, (0, 34): {'cpu': 18}, (6, 28): {'cpu': 16}, (5, 59): {'cpu': 12}, (4, 67): {'cpu': 10}, (1, 75): {'cpu': 8}, (8, 90): {'cpu': 4}, (3, 36): {'cpu': 1}, (7, 12): {'cpu': 1}}",{},0.0,0.0,682.0,89.0,593.0,0.0,0.0,0.0,0.0,0.0,0.0,0.0,0.0,0.0,Route Failure,5.40961199155749,"{'node_level': {}, 'link_level': {}, 'path_level': {}}","{'node_level': {2: {'cpu': -81}, 0: {'cpu': -77}, 6: {'cpu': -83}, 5: {'cpu': -82}, 4: {'cpu': -88}, 1: {'cpu': -79}, 8: {'cpu': -96}, 3: {'cpu': -81}, 7: {'cpu': -85}}, 'link_level': {(0, 1): {'bw': -15}}, 'path_level': {(0, 1): {'latency': 5.40961199155749}}}","{'node_level': {2: {'cpu': 0}, 0: {'cpu': 0}, 6: {'cpu': 0}, 5: {'cpu': 0}, 4: {'cpu': 0}, 1: {'cpu': 0}, 8: {'cpu': 0}, 3: {'cpu': 0}, 7: {'cpu': 0}}, 'link_level': {(0, 1): {'bw': 0}}, 'path_level': {(0, 1): {'latency': 5.40961199155749}}}",[],0.0,0.0,True,False,False,0,[],0,0.0,9.0,1.0
6,1,1,71.0,123.0,54858.32208108269,95036.24811229818,0.5772357723577236,0.5772357723577236,3,5,1,70.0,41735,7627,34108,0.0043080939947780506,0.00263173284987428,5,1384.6289627077263,70.0,10,14,False,"{5: 44, 7: 34, 8: 28, 2: 59, 1: 67, 6: 75, 3: 90, 4: 36, 0: 12, 9: 25}","{(0, 4): [(12, 80), (80, 10), (10, 36)], (0, 5): []}","{(5, 44): {'cpu': 20}, (7, 34): {'cpu': 20}, (8, 28): {'cpu': 20}, (2, 59): {'cpu': 15}, (1, 67): {'cpu': 13}, (6, 75): {'cpu': 10}, (3, 90): {'cpu': 9}, (4, 36): {'cpu': 6}, (0, 12): {'cpu': 4}, (9, 25): {'cpu': 2}}","{((0, 4), (12, 80)): {'bw': 1}, ((0, 4), (80, 10)): {'bw': 1}, ((0, 4), (10, 36)): {'bw': 1}}",0.0,0.0,534.0,119.0,415.0,0.0,0.0,0.0,0.0,0.0,0.0,0.0,0.0,0.0,Route Failure,5.831924064452636,"{'node_level': {}, 'link_level': {}, 'path_level': {}}","{'node_level': {5: {'cpu': -80}, 7: {'cpu': -75}, 8: {'cpu': -79}, 2: {'cpu': -79}, 1: {'cpu': -85}, 6: {'cpu': -77}, 3: {'cpu': -91}, 4: {'cpu': -76}, 0: {'cpu': -82}, 9: {'cpu': -94}}, 'link_level': {(0, 4): {'bw': -69}, (0, 5): {'bw': -28}}, 'path_level': {(0, 4): {'latency': -0.968434736653327}, (0, 5): {'latency': 5.831924064452636}}}","{'node_level': {5: {'cpu': 0}, 7: {'cpu': 0}, 8: {'cpu': 0}, 2: {'cpu': 0}, 1: {'cpu': 0}, 6: {'cpu': 0}, 3: {'cpu': 0}, 4: {'cpu': 0}, 0: {'cpu': 0}, 9: {'cpu': 0}}, 'link_level': {(0, 4): {'bw': 0}, (0, 5): {'bw': 0}}, 'path_level': {(0, 4): {'latency': 0}, (0, 5): {'latency': 5.831924064452636}}}",[],0.0,0.0,True,False,False,0,[],0,0.0,10.0,2.0
7,2,2,217.0,468.0,74523.50197607475,141505.33759019038,0.4636752136752137,0.5266479925435757,6,6,1,80.0,41390,7586,33804,0.009660574412532652,0.01152114158722728,6,134.69301297939768,80.0,4,4,True,"{0: 44, 2: 34, 1: 28, 3: 59}","{(0, 1): [(44, 35), (35, 28)], (0, 3): [(44, 31), (31, 39), (39, 59)], (1, 2): [(28, 21), (21, 17), (17, 34)], (2, 3): [(34, 18), (18, 51), (51, 59)]}","{(0, 44): {'cpu': 18}, (2, 34): {'cpu': 17}, (1, 28): {'cpu': 4}, (3, 59): {'cpu': 2}}","{((0, 1), (44, 35)): {'bw': 11}, ((0, 1), (35, 28)): {'bw': 11}, ((0, 3), (44, 31)): {'bw': 24}, ((0, 3), (31, 39)): {'bw': 24}, ((0, 3), (39, 59)): {'bw': 24}, ((1, 2), (28, 21)): {'bw': 21}, ((1, 2), (21, 17)): {'bw': 21}, ((1, 2), (17, 34)): {'bw': 21}, ((2, 3), (34, 18)): {'bw': 49}, ((2, 3), (18, 51)): {'bw': 49}, ((2, 3), (51, 59)): {'bw': 49}}",345.0,146.0,146.0,41.0,105.0,41.0,105.0,41.0,304.0,199.0,0.42318840579710143,46469.0894778922,19665.17989499206,57.0005214347596,Success,0.0,"{'node_level': {}, 'link_level': {}, 'path_level': {}}","{'node_level': {0: {'cpu': -82}, 2: {'cpu': -78}, 1: {'cpu': -95}, 3: {'cpu': -92}}, 'link_level': {(0, 1): {'bw': -43}, (0, 3): {'bw': -41}, (1, 2): {'bw': -47}, (2, 3): {'bw': -4}}, 'path_level': {(0, 1): {'latency': -8.916162916253}, (0, 3): {'latency': -7.05683239236111}, (1, 2): {'latency': -2.54196889212683}, (2, 3): {'latency': -3.6641264285125086}}}","{'node_level': {0: {'cpu': 0}, 2: {'cpu': 0}, 1: {'cpu': 0}, 3: {'cpu': 0}}, 'link_level': {(0, 1): {'bw': 0}, (0, 3): {'bw': 0}, (1, 2): {'bw': 0}, (2, 3): {'bw': 0}}, 'path_level': {(0, 1): {'latency': 0}, (0, 3): {'latency': 0}, (1, 2): {'latency': 0}, (2, 3): {'latency': 0}}}",[],0.0,0.0,True,True,False,0,[],0,0.0,4.0,4.0
7,2,2,217.0,468.0,74523.50197607475,141505.33759019038,0.4636752136752137,0.5266479925435757,6,7,0,85.01953183544195,41390,7586,33804,0.009660574412532652,0.01152114158722728,0,69.01953183544195,16.0,9,18,False,{},{},{},{},0.0,0.0,0.0,0.0,0.0,0.0,0.0,0.0,0.0,0.0,0.0,0.0,0.0,0.0,Leave Event,0.0,"{'node_level': {}, 'link_level': {}, 'path_level': {}}","{'node_level': {}, 'link_level': {}, 'path_level': {}}","{'node_level': {}, 'link_level': {}, 'path_level': {}}",[],0.0,0.0,True,True,False,0,[],0,0.0,,
8,2,2,217.0,468.0,74523.50197607475,141505.33759019038,0.4636752136752137,0.5266479925435757,6,8,1,92.0,41390,7586,33804,0.009660574412532652,0.01152114158722728,7,328.3689971637556,92.0,9,18,False,"{7: 67, 5: 59, 2: 28, 6: 75, 8: 90, 1: 36, 4: 12, 3: 25, 0: 53}","{(0, 3): [(53, 48), (48, 7), (7, 25)], (0, 4): [(53, 20), (20, 80), (80, 12)], (0, 7): [(53, 67)], (1, 3): [(36, 25)], (1, 5): [(36, 20), (20, 63), (63, 59)], (1, 7): [(36, 50), (50, 67)], (1, 8): []}","{(7, 67): {'cpu': 20}, (5, 59): {'cpu': 17}, (2, 28): {'cpu': 16}, (6, 75): {'cpu': 14}, (8, 90): {'cpu': 9}, (1, 36): {'cpu': 5}, (4, 12): {'cpu': 5}, (3, 25): {'cpu': 4}, (0, 53): {'cpu': 2}}","{((0, 3), (53, 48)): {'bw': 14}, ((0, 3), (48, 7)): {'bw': 14}, ((0, 3), (7, 25)): {'bw': 14}, ((0, 4), (53, 20)): {'bw': 26}, ((0, 4), (20, 80)): {'bw': 26}, ((0, 4), (80, 12)): {'bw': 26}, ((0, 7), (53, 67)): {'bw': 35}, ((1, 3), (36, 25)): {'bw': 31}, ((1, 5), (36, 20)): {'bw': 37}, ((1, 5), (20, 63)): {'bw': 37}, ((1, 5), (63, 59)): {'bw': 37}, ((1, 7), (36, 50)): {'bw': 21}, ((1, 7), (50, 67)): {'bw': 21}}",0.0,0.0,602.0,92.0,510.0,0.0,0.0,0.0,0.0,0.0,0.0,0.0,0.0,0.0,Route Failure,10.70568145130192,"{'node_level': {}, 'link_level': {}, 'path_level': {}}","{'node_level': {7: {'cpu': -78}, 5: {'cpu': -75}, 2: {'cpu': -79}, 6: {'cpu': -73}, 8: {'cpu': -91}, 1: {'cpu': -77}, 4: {'cpu': -81}, 3: {'cpu': -92}, 0: {'cpu': -86}}, 'link_level': {(0, 3): {'bw': -41}, (0, 4): {'bw': -44}, (0, 7): {'bw': -52}, (1, 3): {'bw': -64}, (1, 5): {'bw': -1}, (1, 7): {'bw': -51}, (1, 8): {'bw': -10}}, 'path_level': {(0, 3): {'latency': -0.33765376065939456}, (0, 4): {'latency': -0.5886557970932111}, (0, 7): {'latency': -10.624864365041436}, (1, 3): {'latency': -9.751322431059222}, (1, 5): {'latency': -2.3066127386295694}, (1, 7): {'latency': -5.493454181938541}, (1, 8): {'latency': 10.70568145130192}}}","{'node_level': {7: {'cpu': 0}, 5: {'cpu': 0}, 2: {'cpu': 0}, 6: {'cpu': 0}, 8: {'cpu': 0}, 1: {'cpu': 0}, 4: {'cpu': 0}, 3: {'cpu': 0}, 0: {'cpu': 0}}, 'link_level': {(0, 3): {'bw': 0}, (0, 4): {'bw': 0}, (0, 7): {'bw': 0}, (1, 3): {'bw': 0}, (1, 5): {'bw': 0}, (1, 7): {'bw': 0}, (1, 8): {'bw': 0}}, 'path_level': {(0, 3): {'latency': 0}, (0, 4): {'latency': 0}, (0, 7): {'latency': 0}, (1, 3): {'latency': 0}, (1, 5): {'latency': 0}, (1, 7): {'latency': 0}, (1, 8): {'latency': 10.70568145130192}}}",[],0.0,0.0,True,False,False,0,[],0,0.0,9.0,7.0
9,2,2,217.0,468.0,74523.50197607475,141505.33759019038,0.4636752136752137,0.5266479925435757,6,9,1,102.0,41390,7586,33804,0.009660574412532652,0.01152114158722728,8,1311.454495210449,102.0,9,18,False,"{2: 67, 0: 59, 8: 28, 6: 75, 5: 90, 1: 36, 3: 12, 4: 25, 7: 53}","{(0, 1): [(59, 39), (39, 25), (25, 36)], (0, 2): [(59, 83), (83, 67)], (0, 6): [(59, 63), (63, 84), (84, 75)], (0, 7): [(59, 63), (63, 20), (20, 53)], (1, 2): []}","{(2, 67): {'cpu': 20}, (0, 59): {'cpu': 18}, (8, 28): {'cpu': 16}, (6, 75): {'cpu': 14}, (5, 90): {'cpu': 11}, (1, 36): {'cpu': 10}, (3, 12): {'cpu': 5}, (4, 25): {'cpu': 3}, (7, 53): {'cpu': 1}}","{((0, 1), (59, 39)): {'bw': 36}, ((0, 1), (39, 25)): {'bw': 36}, ((0, 1), (25, 36)): {'bw': 36}, ((0, 2), (59, 83)): {'bw': 50}, ((0, 2), (83, 67)): {'bw': 50}, ((0, 6), (59, 63)): {'bw': 42}, ((0, 6), (63, 84)): {'bw': 42}, ((0, 6), (84, 75)): {'bw': 42}, ((0, 7), (59, 63)): {'bw': 6}, ((0, 7), (63, 20)): {'bw': 6}, ((0, 7), (20, 53)): {'bw': 6}}",0.0,0.0,584.0,98.0,486.0,0.0,0.0,0.0,0.0,0.0,0.0,0.0,0.0,0.0,Route Failure,4.9843599530678375,"{'node_level': {}, 'link_level': {}, 'path_level': {}}","{'node_level': {2: {'cpu': -78}, 0: {'cpu': -74}, 8: {'cpu': -79}, 6: {'cpu': -73}, 5: {'cpu': -89}, 1: {'cpu': -72}, 3: {'cpu': -81}, 4: {'cpu': -93}, 7: {'cpu': -87}}, 'link_level': {(0, 1): {'bw': -10}, (0, 2): {'bw': -10}, (0, 6): {'bw': -21}, (0, 7): {'bw': -32}, (1, 2): {'bw': -42}}, 'path_level': {(0, 1): {'latency': -5.037671381129879}, (0, 2): {'latency': -8.122212807919931}, (0, 6): {'latency': -6.024196899756539}, (0, 7): {'latency': -4.942627921380215}, (1, 2): {'latency': 4.9843599530678375}}}","{'node_level': {2: {'cpu': 0}, 0: {'cpu': 0}, 8: {'cpu': 0}, 6: {'cpu': 0}, 5: {'cpu': 0}, 1: {'cpu': 0}, 3: {'cpu': 0}, 4: {'cpu': 0}, 7: {'cpu': 0}}, 'link_level': {(0, 1): {'bw': 0}, (0, 2): {'bw': 0}, (0, 6): {'bw': 0}, (0, 7): {'bw': 0}, (1, 2): {'bw': 0}}, 'path_level': {(0, 1): {'latency': 0}, (0, 2): {'latency': 0}, (0, 6): {'latency': 0}, (0, 7): {'latency': 0}, (1, 2): {'latency': 4.9843599530678375}}}",[],0.0,0.0,True,False,False,0,[],0,0.0,9.0,5.0
10,3,3,787.0,1735.0,130182.55625984541,265224.67404201045,0.45360230547550434,0.490838783118742,12,10,1,115.0,40123,7500,32623,0.02088772845953002,0.04605532487279962,9,97.64746365573801,115.0,9,17,True,"{1: 67, 3: 59, 5: 28, 0: 75, 4: 90, 7: 36, 2: 12, 8: 25, 6: 53}","{(0, 1): [(75, 96), (96, 6), (6, 67)], (0, 5): [(75, 73), (73, 28)], (0, 6): [(75, 49), (49, 20), (20, 53)], (0, 7): [(75, 49), (49, 10), (10, 36)], (1, 4): [(67, 22), (22, 90)], (1, 5): [(67, 88), (88, 28)], (1, 7): [(67, 50), (50, 36)], (1, 8): [(67, 6), (6, 26), (26, 25)], (2, 3): [(12, 93), (93, 59)], (2, 4): [(12, 32), (32, 90)], (2, 8): [(12, 82), (82, 26), (26, 25)], (3, 6): [(59, 63), (63, 20), (20, 53)], (3, 7): [(59, 63), (63, 64), (64, 36)], (4, 8): [(90, 28), (28, 25)], (5, 6): [(28, 48), (48, 53)], (5, 7): [(28, 60), (60, 10), (10, 36)], (5, 8): [(28, 73), (73, 25)]}","{(1, 67): {'cpu': 20}, (3, 59): {'cpu': 13}, (5, 28): {'cpu': 13}, (0, 75): {'cpu': 12}, (4, 90): {'cpu': 11}, (7, 36): {'cpu': 11}, (2, 12): {'cpu': 3}, (8, 25): {'cpu': 2}, (6, 53): {'cpu': 1}}","{((0, 1), (75, 96)): {'bw': 7}, ((0, 1), (96, 6)): {'bw': 7}, ((0, 1), (6, 67)): {'bw': 7}, ((0, 5), (75, 73)): {'bw': 13}, ((0, 5), (73, 28)): {'bw': 13}, ((0, 6), (75, 49)): {'bw': 35}, ((0, 6), (49, 20)): {'bw': 35}, ((0, 6), (20, 53)): {'bw': 35}, ((0, 7), (75, 49)): {'bw': 1}, ((0, 7), (49, 10)): {'bw': 1}, ((0, 7), (10, 36)): {'bw': 1}, ((1, 4), (67, 22)): {'bw': 48}, ((1, 4), (22, 90)): {'bw': 48}, ((1, 5), (67, 88)): {'bw': 16}, ((1, 5), (88, 28)): {'bw': 16}, ((1, 7), (67, 50)): {'bw': 9}, ((1, 7), (50, 36)): {'bw': 9}, ((1, 8), (67, 6)): {'bw': 13}, ((1, 8), (6, 26)): {'bw': 13}, ((1, 8), (26, 25)): {'bw': 13}, ((2, 3), (12, 93)): {'bw': 35}, ((2, 3), (93, 59)): {'bw': 35}, ((2, 4), (12, 32)): {'bw': 19}, ((2, 4), (32, 90)): {'bw': 19}, ((2, 8), (12, 82)): {'bw': 42}, ((2, 8), (82, 26)): {'bw': 42}, ((2, 8), (26, 25)): {'bw': 42}, ((3, 6), (59, 63)): {'bw': 36}, ((3, 6), (63, 20)): {'bw': 36}, ((3, 6), (20, 53)): {'bw': 36}, ((3, 7), (59, 63)): {'bw': 49}, ((3, 7), (63, 64)): {'bw': 49}, ((3, 7), (64, 36)): {'bw': 49}, ((4, 8), (90, 28)): {'bw': 37}, ((4, 8), (28, 25)): {'bw': 37}, ((5, 6), (28, 48)): {'bw': 45}, ((5, 6), (48, 53)): {'bw': 45}, ((5, 7), (28, 60)): {'bw': 30}, ((5, 7), (60, 10)): {'bw': 30}, ((5, 7), (10, 36)): {'bw': 30}, ((5, 8), (28, 73)): {'bw': 49}, ((5, 8), (73, 25)): {'bw': 49}}",1267.0,570.0,570.0,86.0,484.0,86.0,484.0,86.0,1181.0,697.0,0.4498816101026046,123719.33645182005,55659.05428377067,43.92979817187898,Success,0.0,"{'node_level': {}, 'link_level': {}, 'path_level': {}}","{'node_level': {1: {'cpu': -78}, 3: {'cpu': -79}, 5: {'cpu': -82}, 0: {'cpu': -75}, 4: {'cpu': -89}, 7: {'cpu': -71}, 2: {'cpu': -83}, 8: {'cpu': -94}, 6: {'cpu': -87}}, 'link_level': {(0, 1): {'bw': -48}, (0, 5): {'bw': -43}, (0, 6): {'bw': -16}, (0, 7): {'bw': -15}, (1, 4): {'bw': -30}, (1, 5): {'bw': -42}, (1, 7): {'bw': -63}, (1, 8): {'bw': -47}, (2, 3): {'bw': -17}, (2, 4): {'bw': -76}, (2, 8): {'bw': -16}, (3, 6): {'bw': -2}, (3, 7): {'bw': 0}, (4, 8): {'bw': -23}, (5, 6): {'bw': -49}, (5, 7): {'bw': -27}, (5, 8): {'bw': -8}}, 'path_level': {(0, 1): {'latency': -0.34057171926920216}, (0, 5): {'latency': -0.6206991466932763}, (0, 6): {'latency': -1.3328770684501432}, (0, 7): {'latency': -4.520833642518937}, (1, 4): {'latency': -3.3775989306879115}, (1, 5): {'latency': -5.818727488529518}, (1, 7): {'latency': -2.074498321200381}, (1, 8): {'latency': -5.643226566623268}, (2, 3): {'latency': -3.5069572374454534}, (2, 4): {'latency': -2.8834849392255935}, (2, 8): {'latency': -0.4583414527153673}, (3, 6): {'latency': -0.32475947040922826}, (3, 7): {'latency': -4.220579073235507}, (4, 8): {'latency': -0.5217430145377264}, (5, 6): {'latency': -5.87040052685396}, (5, 7): {'latency': -4.130696160226394}, (5, 8): {'latency': -0.2593608681724273}}}","{'node_level': {1: {'cpu': 0}, 3: {'cpu': 0}, 5: {'cpu': 0}, 0: {'cpu': 0}, 4: {'cpu': 0}, 7: {'cpu': 0}, 2: {'cpu': 0}, 8: {'cpu': 0}, 6: {'cpu': 0}}, 'link_level': {(0, 1): {'bw': 0}, (0, 5): {'bw': 0}, (0, 6): {'bw': 0}, (0, 7): {'bw': 0}, (1, 4): {'bw': 0}, (1, 5): {'bw': 0}, (1, 7): {'bw': 0}, (1, 8): {'bw': 0}, (2, 3): {'bw': 0}, (2, 4): {'bw': 0}, (2, 8): {'bw': 0}, (3, 6): {'bw': 0}, (3, 7): {'bw': 0}, (4, 8): {'bw': 0}, (5, 6): {'bw': 0}, (5, 7): {'bw': 0}, (5, 8): {'bw': 0}}, 'path_level': {(0, 1): {'latency': 0}, (0, 5): {'latency': 0}, (0, 6): {'latency': 0}, (0, 7): {'latency': 0}, (1, 4): {'latency': 0}, (1, 5): {'latency': 0}, (1, 7): {'latency': 0}, (1, 8): {'latency': 0}, (2, 3): {'latency': 0}, (2, 4): {'latency': 0}, (2, 8): {'latency': 0}, (3, 6): {'latency': 0}, (3, 7): {'latency': 0}, (4, 8): {'latency': 0}, (5, 6): {'latency': 0}, (5, 7): {'latency': 0}, (5, 8): {'latency': 0}}}",[],0.0,0.0,True,True,False,0,[],0,0.0,9.0,17.0
11,3,3,787.0,1735.0,130182.55625984541,265224.67404201045,0.45360230547550434,0.490838783118742,12,11,1,128.0,40123,7500,32623,0.02088772845953002,0.04605532487279962,10,83.04396962673685,128.0,10,22,False,"{0: 11, 4: 53, 5: 25, 7: 73, 8: 12, 1: 22, 3: 37, 6: 6, 9: 33, 2: 44}","{(0, 1): []}","{(0, 11): {'cpu': 18}, (4, 53): {'cpu': 17}, (5, 25): {'cpu': 16}, (7, 73): {'cpu': 16}, (8, 12): {'cpu': 16}, (1, 22): {'cpu': 11}, (3, 37): {'cpu': 7}, (6, 6): {'cpu': 4}, (9, 33): {'cpu': 4}, (2, 44): {'cpu': 1}}",{},0.0,0.0,727.0,110.0,617.0,0.0,0.0,0.0,0.0,0.0,0.0,0.0,0.0,0.0,Route Failure,0.011976531239208832,"{'node_level': {}, 'link_level': {}, 'path_level': {}}","{'node_level': {0: {'cpu': -72}, 4: {'cpu': -70}, 5: {'cpu': -78}, 7: {'cpu': -77}, 8: {'cpu': -67}, 1: {'cpu': -77}, 3: {'cpu': -73}, 6: {'cpu': -96}, 9: {'cpu': -88}, 2: {'cpu': -81}}, 'link_level': {(0, 1): {'bw': -20}}, 'path_level': {(0, 1): {'latency': 0.011976531239208832}}}","{'node_level': {0: {'cpu': 0}, 4: {'cpu': 0}, 5: {'cpu': 0}, 7: {'cpu': 0}, 8: {'cpu': 0}, 1: {'cpu': 0}, 3: {'cpu': 0}, 6: {'cpu': 0}, 9: {'cpu': 0}, 2: {'cpu': 0}}, 'link_level': {(0, 1): {'bw': 0}}, 'path_level': {(0, 1): {'latency': 0.011976531239208832}}}",[],0.0,0.0,True,False,False,0,[],0,0.0,10.0,1.0
12,3,3,787.0,1735.0,130182.55625984541,265224.67404201045,0.45360230547550434,0.490838783118742,12,12,1,137.0,40123,7500,32623,0.02088772845953002,0.04605532487279962,11,1716.028810460358,137.0,6,6,False,"{1: 11, 0: 53, 2: 25, 5: 73, 4: 12, 3: 22}","{(0, 2): [(53, 48), (48, 7), (7, 25)], (0, 4): []}","{(1, 11): {'cpu': 20}, (0, 53): {'cpu': 17}, (2, 25): {'cpu': 14}, (5, 73): {'cpu': 13}, (4, 12): {'cpu': 10}, (3, 22): {'cpu': 3}}","{((0, 2), (53, 48)): {'bw': 34}, ((0, 2), (48, 7)): {'bw': 34}, ((0, 2), (7, 25)): {'bw': 34}}",0.0,0.0,189.0,77.0,112.0,0.0,0.0,0.0,0.0,0.0,0.0,0.0,0.0,0.0,Route Failure,10.126521931404849,"{'node_level': {}, 'link_level': {}, 'path_level': {}}","{'node_level': {1: {'cpu': -70}, 0: {'cpu': -70}, 2: {'cpu': -80}, 5: {'cpu': -80}, 4: {'cpu': -73}, 3: {'cpu': -85}}, 'link_level': {(0, 2): {'bw': -21}, (0, 4): {'bw': -27}}, 'path_level': {(0, 2): {'latency': -1.1444417239802407}, (0, 4): {'latency': 10.126521931404849}}}","{'node_level': {1: {'cpu': 0}, 0: {'cpu': 0}, 2: {'cpu': 0}, 5: {'cpu': 0}, 4: {'cpu': 0}, 3: {'cpu': 0}}, 'link_level': {(0, 2): {'bw': 0}, (0, 4): {'bw': 0}}, 'path_level': {(0, 2): {'latency': 0}, (0, 4): {'latency': 10.126521931404849}}}",[],0.0,0.0,True,False,False,0,[],0,0.0,6.0,2.0
13,4,4,924.0,2060.0,156662.4814361867,328042.01478880545,0.44854368932038835,0.4775683429973034,14,13,1,144.0,39798,7457,32341,0.02650130548302876,0.05430142113573888,12,193.2841253747539,144.0,4,3,True,"{2: 11, 3: 53, 0: 25, 1: 73}","{(0, 2): [(25, 39), (39, 43), (43, 11)], (0, 3): [(25, 36), (36, 97), (97, 53)], (1, 3): [(73, 7), (7, 48), (48, 53)]}","{(2, 11): {'cpu': 18}, (3, 53): {'cpu': 12}, (0, 25): {'cpu': 10}, (1, 73): {'cpu': 3}}","{((0, 2), (25, 39)): {'bw': 27}, ((0, 2), (39, 43)): {'bw': 27}, ((0, 2), (43, 11)): {'bw': 27}, ((0, 3), (25, 36)): {'bw': 26}, ((0, 3), (36, 97)): {'bw': 26}, ((0, 3), (97, 53)): {'bw': 26}, ((1, 3), (73, 7)): {'bw': 41}, ((1, 3), (7, 48)): {'bw': 41}, ((1, 3), (48, 53)): {'bw': 41}}",325.0,137.0,137.0,43.0,94.0,43.0,94.0,43.0,282.0,188.0,0.42153846153846153,62817.34074679502,26479.925176341283,81.47669285028087,Success,0.0,"{'node_level': {}, 'link_level': {}, 'path_level': {}}","{'node_level': {2: {'cpu': -72}, 3: {'cpu': -75}, 0: {'cpu': -84}, 1: {'cpu': -90}}, 'link_level': {(0, 2): {'bw': -24}, (0, 3): {'bw': -38}, (1, 3): {'bw': -14}}, 'path_level': {(0, 2): {'latency': -2.5163315994316884}, (0, 3): {'latency': -6.308651238752198}, (1, 3): {'latency': -2.0910292278085123}}}","{'node_level': {2: {'cpu': 0}, 3: {'cpu': 0}, 0: {'cpu': 0}, 1: {'cpu': 0}}, 'link_level': {(0, 2): {'bw': 0}, (0, 3): {'bw': 0}, (1, 3): {'bw': 0}}, 'path_level': {(0, 2): {'latency': 0}, (0, 3): {'latency': 0}, (1, 3): {'latency': 0}}}",[],0.0,0.0,True,True,False,0,[],0,0.0,4.0,3.0
14,4,4,924.0,2060.0,156662.4814361867,328042.01478880545,0.44854368932038835,0.4775683429973034,14,14,1,153.0,39798,7457,32341,0.02650130548302876,0.05430142113573888,13,1084.8892740532426,153.0,8,13,False,"{4: 12, 5: 22, 1: 37, 0: 6, 7: 33, 6: 73, 2: 44, 3: 54}","{(0, 2): [(6, 65), (65, 44)], (0, 3): [(6, 65), (65, 4), (4, 54)], (0, 4): [(6, 82), (82, 12)], (1, 2): []}","{(4, 12): {'cpu': 20}, (5, 22): {'cpu': 17}, (1, 37): {'cpu': 16}, (0, 6): {'cpu': 13}, (7, 33): {'cpu': 13}, (6, 73): {'cpu': 8}, (2, 44): {'cpu': 1}, (3, 54): {'cpu': 1}}","{((0, 2), (6, 65)): {'bw': 37}, ((0, 2), (65, 44)): {'bw': 37}, ((0, 3), (6, 65)): {'bw': 26}, ((0, 3), (65, 4)): {'bw': 26}, ((0, 3), (4, 54)): {'bw': 26}, ((0, 4), (6, 82)): {'bw': 6}, ((0, 4), (82, 12)): {'bw': 6}}",0.0,0.0,346.0,89.0,257.0,0.0,0.0,0.0,0.0,0.0,0.0,0.0,0.0,0.0,Route Failure,10.083612224948327,"{'node_level': {}, 'link_level': {}, 'path_level': {}}","{'node_level': {4: {'cpu': -63}, 5: {'cpu': -71}, 1: {'cpu': -64}, 0: {'cpu': -87}, 7: {'cpu': -79}, 6: {'cpu': -82}, 2: {'cpu': -81}, 3: {'cpu': -79}}, 'link_level': {(0, 2): {'bw': -47}, (0, 3): {'bw': -30}, (0, 4): {'bw': -46}, (1, 2): {'bw': -51}}, 'path_level': {(0, 2): {'latency': -7.6562005334948}, (0, 3): {'latency': -4.953584278757116}, (0, 4): {'latency': -0.24939700089060501}, (1, 2): {'latency': 10.083612224948327}}}","{'node_level': {4: {'cpu': 0}, 5: {'cpu': 0}, 1: {'cpu': 0}, 0: {'cpu': 0}, 7: {'cpu': 0}, 6: {'cpu': 0}, 2: {'cpu': 0}, 3: {'cpu': 0}}, 'link_level': {(0, 2): {'bw': 0}, (0, 3): {'bw': 0}, (0, 4): {'bw': 0}, (1, 2): {'bw': 0}}, 'path_level': {(0, 2): {'latency': 0}, (0, 3): {'latency': 0}, (0, 4): {'latency': 0}, (1, 2): {'latency': 10.083612224948327}}}",[],0.0,0.0,True,False,False,0,[],0,0.0,8.0,4.0
15,4,4,924.0,2060.0,156662.4814361867,328042.01478880545,0.44854368932038835,0.4775683429973034,14,15,1,172.0,39798,7457,32341,0.02650130548302876,0.05430142113573888,14,394.14329398824503,172.0,6,6,False,"{5: 12, 1: 22, 3: 37, 0: 6, 2: 33, 4: 73}","{(0, 1): []}","{(5, 12): {'cpu': 15}, (1, 22): {'cpu': 11}, (3, 37): {'cpu': 11}, (0, 6): {'cpu': 10}, (2, 33): {'cpu': 9}, (4, 73): {'cpu': 2}}",{},0.0,0.0,194.0,58.0,136.0,0.0,0.0,0.0,0.0,0.0,0.0,0.0,0.0,0.0,Route Failure,9.062829115109594,"{'node_level': {}, 'link_level': {}, 'path_level': {}}","{'node_level': {5: {'cpu': -68}, 1: {'cpu': -77}, 3: {'cpu': -69}, 0: {'cpu': -90}, 2: {'cpu': -83}, 4: {'cpu': -88}}, 'link_level': {(0, 1): {'bw': -42}}, 'path_level': {(0, 1): {'latency': 9.062829115109594}}}","{'node_level': {5: {'cpu': 0}, 1: {'cpu': 0}, 3: {'cpu': 0}, 0: {'cpu': 0}, 2: {'cpu': 0}, 4: {'cpu': 0}}, 'link_level': {(0, 1): {'bw': 0}}, 'path_level': {(0, 1): {'latency': 9.062829115109594}}}",[],0.0,0.0,True,False,False,0,[],0,0.0,6.0,1.0
16,4,4,924.0,2060.0,156662.4814361867,328042.01478880545,0.44854368932038835,0.4775683429973034,14,16,1,186.0,39798,7457,32341,0.02650130548302876,0.05430142113573888,15,231.8964216936151,186.0,5,6,False,"{1: 12, 4: 22, 0: 37, 3: 6, 2: 33}","{(0, 1): [(37, 10), (10, 80), (80, 12)], (0, 4): [(37, 25), (25, 33), (33, 22)], (1, 3): [(12, 82), (82, 6)], (2, 3): [(33, 25), (25, 26), (26, 6)], (2, 4): [(33, 60), (60, 40), (40, 22)], (3, 4): []}","{(1, 12): {'cpu': 19}, (4, 22): {'cpu': 14}, (0, 37): {'cpu': 11}, (3, 6): {'cpu': 7}, (2, 33): {'cpu': 4}}","{((0, 1), (37, 10)): {'bw': 41}, ((0, 1), (10, 80)): {'bw': 41}, ((0, 1), (80, 12)): {'bw': 41}, ((0, 4), (37, 25)): {'bw': 42}, ((0, 4), (25, 33)): {'bw': 42}, ((0, 4), (33, 22)): {'bw': 42}, ((1, 3), (12, 82)): {'bw': 39}, ((1, 3), (82, 6)): {'bw': 39}, ((2, 3), (33, 25)): {'bw': 3}, ((2, 3), (25, 26)): {'bw': 3}, ((2, 3), (26, 6)): {'bw': 3}, ((2, 4), (33, 60)): {'bw': 29}, ((2, 4), (60, 40)): {'bw': 29}, ((2, 4), (40, 22)): {'bw': 29}}",0.0,0.0,258.0,55.0,203.0,0.0,0.0,0.0,0.0,0.0,0.0,0.0,0.0,0.0,Route Failure,7.638589534328906,"{'node_level': {}, 'link_level': {}, 'path_level': {}}","{'node_level': {1: {'cpu': -64}, 4: {'cpu': -74}, 0: {'cpu': -69}, 3: {'cpu': -93}, 2: {'cpu': -88}}, 'link_level': {(0, 1): {'bw': -20}, (0, 4): {'bw': -15}, (1, 3): {'bw': -13}, (2, 3): {'bw': -13}, (2, 4): {'bw': -25}, (3, 4): {'bw': 0}}, 'path_level': {(0, 1): {'latency': -5.635683748300518}, (0, 4): {'latency': -4.126693386759646}, (1, 3): {'latency': -3.213067767827278}, (2, 3): {'latency': -6.453624568275126}, (2, 4): {'latency': -1.0962257674723412}, (3, 4): {'latency': 7.638589534328906}}}","{'node_level': {1: {'cpu': 0}, 4: {'cpu': 0}, 0: {'cpu': 0}, 3: {'cpu': 0}, 2: {'cpu': 0}}, 'link_level': {(0, 1): {'bw': 0}, (0, 4): {'bw': 0}, (1, 3): {'bw': 0}, (2, 3): {'bw': 0}, (2, 4): {'bw': 0}, (3, 4): {'bw': 0}}, 'path_level': {(0, 1): {'latency': 0}, (0, 4): {'latency': 0}, (1, 3): {'latency': 0}, (2, 3): {'latency': 0}, (2, 4): {'latency': 0}, (3, 4): {'latency': 7.638589534328906}}}",[],0.0,0.0,True,False,False,0,[],0,0.0,5.0,6.0
17,5,5,967.0,2115.0,159828.45609239006,332091.5172560423,0.45721040189125295,0.48127834583971757,15,17,1,198.0,39743,7420,32323,0.031331592689295085,0.05482776770571374,16,73.62731758612445,198.0,2,1,True,"{0: 12, 1: 22}","{(0, 1): [(12, 32), (32, 33), (33, 22)]}","{(0, 12): {'cpu': 19}, (1, 22): {'cpu': 18}}","{((0, 1), (12, 32)): {'bw': 6}, ((0, 1), (32, 33)): {'bw': 6}, ((0, 1), (33, 22)): {'bw': 6}}",55.0,43.0,43.0,37.0,6.0,37.0,6.0,37.0,18.0,12.0,0.7818181818181819,4049.5024672368445,3165.974656203351,57.563175567333666,Success,0.0,"{'node_level': {}, 'link_level': {}, 'path_level': {}}","{'node_level': {0: {'cpu': -64}, 1: {'cpu': -70}}, 'link_level': {(0, 1): {'bw': -51}}, 'path_level': {(0, 1): {'latency': -1.0637303813314265}}}","{'node_level': {0: {'cpu': 0}, 1: {'cpu': 0}}, 'link_level': {(0, 1): {'bw': 0}}, 'path_level': {(0, 1): {'latency': 0}}}",[],0.0,0.0,True,True,False,0,[],0,0.0,2.0,1.0
17,5,5,967.0,2115.0,159828.45609239006,332091.5172560423,0.45721040189125295,0.48127834583971757,15,18,0,211.04396962673684,39743,7420,32323,0.031331592689295085,0.05482776770571374,10,83.04396962673685,128.0,10,22,False,{},{},{},{},0.0,0.0,0.0,0.0,0.0,0.0,0.0,0.0,0.0,0.0,0.0,0.0,0.0,0.0,Leave Event,0.0,"{'node_level': {}, 'link_level': {}, 'path_level': {}}","{'node_level': {}, 'link_level': {}, 'path_level': {}}","{'node_level': {}, 'link_level': {}, 'path_level': {}}",[],0.0,0.0,True,True,False,0,[],0,0.0,,
17,5,4,967.0,2115.0,159828.45609239006,332091.5172560423,0.45721040189125295,0.48127834583971757,15,19,0,212.64746365573802,41010,7506,33504,0.020104438642297606,0.02029358442014151,9,97.64746365573801,115.0,9,17,False,{},{},{},{},0.0,0.0,0.0,0.0,0.0,0.0,0.0,0.0,0.0,0.0,0.0,0.0,0.0,0.0,Leave Event,0.0,"{'node_level': {}, 'link_level': {}, 'path_level': {}}","{'node_level': {}, 'link_level': {}, 'path_level': {}}","{'node_level': {}, 'link_level': {}, 'path_level': {}}",[],0.0,0.0,True,True,False,0,[],0,0.0,,
18,5,4,967.0,2115.0,159828.45609239006,332091.5172560423,0.45721040189125295,0.48127834583971757,15,20,1,214.0,41010,7506,33504,0.020104438642297606,0.02029358442014151,17,59.679200876715996,214.0,9,20,False,"{3: 67, 1: 59, 5: 28, 6: 75, 0: 90, 4: 36, 8: 37, 7: 6, 2: 33}","{(0, 2): [(90, 22), (22, 33)], (0, 4): []}","{(3, 67): {'cpu': 14}, (1, 59): {'cpu': 12}, (5, 28): {'cpu': 12}, (6, 75): {'cpu': 8}, (0, 90): {'cpu': 6}, (4, 36): {'cpu': 5}, (8, 37): {'cpu': 5}, (7, 6): {'cpu': 3}, (2, 33): {'cpu': 2}}","{((0, 2), (90, 22)): {'bw': 2}, ((0, 2), (22, 33)): {'bw': 2}}",0.0,0.0,446.0,67.0,379.0,0.0,0.0,0.0,0.0,0.0,0.0,0.0,0.0,0.0,Route Failure,11.170782311948827,"{'node_level': {}, 'link_level': {}, 'path_level': {}}","{'node_level': {3: {'cpu': -84}, 1: {'cpu': -80}, 5: {'cpu': -83}, 6: {'cpu': -79}, 0: {'cpu': -94}, 4: {'cpu': -77}, 8: {'cpu': -75}, 7: {'cpu': -97}, 2: {'cpu': -90}}, 'link_level': {(0, 2): {'bw': -49}, (0, 4): {'bw': -4}}, 'path_level': {(0, 2): {'latency': -8.320678262379522}, (0, 4): {'latency': 11.170782311948827}}}","{'node_level': {3: {'cpu': 0}, 1: {'cpu': 0}, 5: {'cpu': 0}, 6: {'cpu': 0}, 0: {'cpu': 0}, 4: {'cpu': 0}, 8: {'cpu': 0}, 7: {'cpu': 0}, 2: {'cpu': 0}}, 'link_level': {(0, 2): {'bw': 0}, (0, 4): {'bw': 0}}, 'path_level': {(0, 2): {'latency': 0}, (0, 4): {'latency': 11.170782311948827}}}",[],0.0,0.0,True,False,False,0,[],0,0.0,9.0,2.0
18,5,3,967.0,2115.0,159828.45609239006,332091.5172560423,0.45721040189125295,0.48127834583971757,15,21,0,214.69301297939768,41355,7547,33808,0.014751958224543116,0.011404175682788509,6,134.69301297939768,80.0,4,4,False,{},{},{},{},0.0,0.0,0.0,0.0,0.0,0.0,0.0,0.0,0.0,0.0,0.0,0.0,0.0,0.0,Leave Event,0.0,"{'node_level': {}, 'link_level': {}, 'path_level': {}}","{'node_level': {}, 'link_level': {}, 'path_level': {}}","{'node_level': {}, 'link_level': {}, 'path_level': {}}",[],0.0,0.0,True,True,False,0,[],0,0.0,,
19,5,3,967.0,2115.0,159828.45609239006,332091.5172560423,0.45721040189125295,0.48127834583971757,15,22,1,221.0,41355,7547,33808,0.014751958224543116,0.011404175682788509,18,37.514414820340164,221.0,7,9,False,"{0: 44, 4: 34, 5: 28, 6: 59, 1: 67, 3: 75, 2: 90}","{(0, 1): [(44, 88), (88, 67)], (0, 3): [(44, 60), (60, 10), (10, 49), (49, 75)], (0, 4): [(44, 88), (88, 99), (99, 34)], (1, 4): [(67, 88), (88, 99), (99, 34)], (2, 5): []}","{(0, 44): {'cpu': 11}, (4, 34): {'cpu': 10}, (5, 28): {'cpu': 9}, (6, 59): {'cpu': 9}, (1, 67): {'cpu': 6}, (3, 75): {'cpu': 2}, (2, 90): {'cpu': 1}}","{((0, 1), (44, 88)): {'bw': 9}, ((0, 1), (88, 67)): {'bw': 9}, ((0, 3), (44, 60)): {'bw': 35}, ((0, 3), (60, 10)): {'bw': 35}, ((0, 3), (10, 49)): {'bw': 35}, ((0, 3), (49, 75)): {'bw': 35}, ((0, 4), (44, 88)): {'bw': 42}, ((0, 4), (88, 99)): {'bw': 42}, ((0, 4), (99, 34)): {'bw': 42}, ((1, 4), (67, 88)): {'bw': 17}, ((1, 4), (88, 99)): {'bw': 17}, ((1, 4), (99, 34)): {'bw': 17}}",0.0,0.0,317.0,48.0,269.0,0.0,0.0,0.0,0.0,0.0,0.0,0.0,0.0,0.0,Route Failure,4.275593320229304,"{'node_level': {}, 'link_level': {}, 'path_level': {}}","{'node_level': {0: {'cpu': -89}, 4: {'cpu': -85}, 5: {'cpu': -90}, 6: {'cpu': -85}, 1: {'cpu': -92}, 3: {'cpu': -85}, 2: {'cpu': -99}}, 'link_level': {(0, 1): {'bw': -55}, (0, 3): {'bw': -16}, (0, 4): {'bw': -13}, (1, 4): {'bw': -28}, (2, 5): {'bw': -7}}, 'path_level': {(0, 1): {'latency': -0.0045363186608176065}, (0, 3): {'latency': -5.502046151881368}, (0, 4): {'latency': -0.7974961028239829}, (1, 4): {'latency': -1.361824624607248}, (2, 5): {'latency': 4.275593320229304}}}","{'node_level': {0: {'cpu': 0}, 4: {'cpu': 0}, 5: {'cpu': 0}, 6: {'cpu': 0}, 1: {'cpu': 0}, 3: {'cpu': 0}, 2: {'cpu': 0}}, 'link_level': {(0, 1): {'bw': 0}, (0, 3): {'bw': 0}, (0, 4): {'bw': 0}, (1, 4): {'bw': 0}, (2, 5): {'bw': 0}}, 'path_level': {(0, 1): {'latency': 0}, (0, 3): {'latency': 0}, (0, 4): {'latency': 0}, (1, 4): {'latency': 0}, (2, 5): {'latency': 4.275593320229304}}}",[],0.0,0.0,True,False,False,0,[],0,0.0,7.0,5.0
20,5,3,967.0,2115.0,159828.45609239006,332091.5172560423,0.45721040189125295,0.48127834583971757,15,23,1,238.0,41355,7547,33808,0.014751958224543116,0.011404175682788509,19,107.36395941283955,238.0,7,12,False,"{4: 44, 2: 34, 1: 28, 6: 59, 3: 67, 5: 75, 0: 90}","{(0, 3): [(90, 22), (22, 67)], (0, 4): []}","{(4, 44): {'cpu': 20}, (2, 34): {'cpu': 19}, (1, 28): {'cpu': 17}, (6, 59): {'cpu': 9}, (3, 67): {'cpu': 8}, (5, 75): {'cpu': 7}, (0, 90): {'cpu': 6}}","{((0, 3), (90, 22)): {'bw': 39}, ((0, 3), (22, 67)): {'bw': 39}}",0.0,0.0,367.0,86.0,281.0,0.0,0.0,0.0,0.0,0.0,0.0,0.0,0.0,0.0,Route Failure,7.449081103730455,"{'node_level': {}, 'link_level': {}, 'path_level': {}}","{'node_level': {4: {'cpu': -80}, 2: {'cpu': -76}, 1: {'cpu': -82}, 6: {'cpu': -85}, 3: {'cpu': -90}, 5: {'cpu': -80}, 0: {'cpu': -94}}, 'link_level': {(0, 3): {'bw': -39}, (0, 4): {'bw': -44}}, 'path_level': {(0, 3): {'latency': -8.058604677128171}, (0, 4): {'latency': 7.449081103730455}}}","{'node_level': {4: {'cpu': 0}, 2: {'cpu': 0}, 1: {'cpu': 0}, 6: {'cpu': 0}, 3: {'cpu': 0}, 5: {'cpu': 0}, 0: {'cpu': 0}}, 'link_level': {(0, 3): {'bw': 0}, (0, 4): {'bw': 0}}, 'path_level': {(0, 3): {'latency': 0}, (0, 4): {'latency': 7.449081103730455}}}",[],0.0,0.0,True,False,False,0,[],0,0.0,7.0,2.0
21,5,3,967.0,2115.0,159828.45609239006,332091.5172560423,0.45721040189125295,0.48127834583971757,15,24,1,249.0,41355,7547,33808,0.014751958224543116,0.011404175682788509,20,1.4654455115253726,249.0,8,16,False,"{6: 44, 3: 34, 2: 28, 5: 59, 7: 67, 4: 75, 1: 90, 0: 36}","{(0, 2): [(36, 25), (25, 28)], (0, 3): [(36, 17), (17, 34)], (0, 4): []}","{(6, 44): {'cpu': 19}, (3, 34): {'cpu': 17}, (2, 28): {'cpu': 12}, (5, 59): {'cpu': 11}, (7, 67): {'cpu': 11}, (4, 75): {'cpu': 9}, (1, 90): {'cpu': 8}, (0, 36): {'cpu': 2}}","{((0, 2), (36, 25)): {'bw': 9}, ((0, 2), (25, 28)): {'bw': 9}, ((0, 3), (36, 17)): {'bw': 46}, ((0, 3), (17, 34)): {'bw': 46}}",0.0,0.0,470.0,89.0,381.0,0.0,0.0,0.0,0.0,0.0,0.0,0.0,0.0,0.0,Route Failure,13.0,"{'node_level': {}, 'link_level': {}, 'path_level': {}}","{'node_level': {6: {'cpu': -81}, 3: {'cpu': -78}, 2: {'cpu': -87}, 5: {'cpu': -83}, 7: {'cpu': -87}, 4: {'cpu': -78}, 1: {'cpu': -92}, 0: {'cpu': -80}}, 'link_level': {(0, 2): {'bw': -51}, (0, 3): {'bw': -11}, (0, 4): {'bw': 13}}, 'path_level': {(0, 2): {'latency': -5.731554541577787}, (0, 3): {'latency': -6.28454020601981}, (0, 4): {'latency': 10.499766619143498}}}","{'node_level': {6: {'cpu': 0}, 3: {'cpu': 0}, 2: {'cpu': 0}, 5: {'cpu': 0}, 7: {'cpu': 0}, 4: {'cpu': 0}, 1: {'cpu': 0}, 0: {'cpu': 0}}, 'link_level': {(0, 2): {'bw': 0}, (0, 3): {'bw': 0}, (0, 4): {'bw': 13}}, 'path_level': {(0, 2): {'latency': 0}, (0, 3): {'latency': 0}, (0, 4): {'latency': 10.499766619143498}}}",[],0.0,0.0,True,False,False,0,[],0,0.0,8.0,3.0
21,5,3,967.0,2115.0,159828.45609239006,332091.5172560423,0.45721040189125295,0.48127834583971757,15,25,0,250.46544551152536,41355,7547,33808,0.014751958224543116,0.011404175682788509,20,1.4654455115253726,249.0,8,16,False,{},{},{},{},0.0,0.0,0.0,0.0,0.0,0.0,0.0,0.0,0.0,0.0,0.0,0.0,0.0,0.0,Leave Event,0.0,"{'node_level': {}, 'link_level': {}, 'path_level': {}}","{'node_level': {}, 'link_level': {}, 'path_level': {}}","{'node_level': {}, 'link_level': {}, 'path_level': {}}",[],0.0,0.0,True,True,False,0,[],0,0.0,,
22,5,3,967.0,2115.0,159828.45609239006,332091.5172560423,0.45721040189125295,0.48127834583971757,15,26,1,258.0,41355,7547,33808,0.014751958224543116,0.011404175682788509,21,1046.9441220081633,258.0,8,16,False,"{7: 44, 5: 34, 6: 28, 2: 59, 0: 67, 3: 75, 4: 90, 1: 36}","{(0, 1): [(67, 50), (50, 36)], (0, 2): [(67, 83), (83, 59)], (0, 4): [(67, 22), (22, 90)], (0, 5): [(67, 88), (88, 99), (99, 34)], (0, 6): [(67, 88), (88, 28)], (0, 7): [(67, 50), (50, 44)], (1, 2): [(36, 17), (17, 86), (86, 59)], (1, 3): []}","{(7, 44): {'cpu': 18}, (5, 34): {'cpu': 12}, (6, 28): {'cpu': 12}, (2, 59): {'cpu': 7}, (0, 67): {'cpu': 6}, (3, 75): {'cpu': 6}, (4, 90): {'cpu': 2}, (1, 36): {'cpu': 1}}","{((0, 1), (67, 50)): {'bw': 47}, ((0, 1), (50, 36)): {'bw': 47}, ((0, 2), (67, 83)): {'bw': 45}, ((0, 2), (83, 59)): {'bw': 45}, ((0, 4), (67, 22)): {'bw': 13}, ((0, 4), (22, 90)): {'bw': 13}, ((0, 5), (67, 88)): {'bw': 12}, ((0, 5), (88, 99)): {'bw': 12}, ((0, 5), (99, 34)): {'bw': 12}, ((0, 6), (67, 88)): {'bw': 20}, ((0, 6), (88, 28)): {'bw': 20}, ((0, 7), (67, 50)): {'bw': 19}, ((0, 7), (50, 44)): {'bw': 19}, ((1, 2), (36, 17)): {'bw': 33}, ((1, 2), (17, 86)): {'bw': 33}, ((1, 2), (86, 59)): {'bw': 33}}",0.0,0.0,581.0,64.0,517.0,0.0,0.0,0.0,0.0,0.0,0.0,0.0,0.0,0.0,Route Failure,9.381931258633996,"{'node_level': {}, 'link_level': {}, 'path_level': {}}","{'node_level': {7: {'cpu': -82}, 5: {'cpu': -83}, 6: {'cpu': -87}, 2: {'cpu': -87}, 0: {'cpu': -92}, 3: {'cpu': -81}, 4: {'cpu': -98}, 1: {'cpu': -81}}, 'link_level': {(0, 1): {'bw': -25}, (0, 2): {'bw': -15}, (0, 4): {'bw': -65}, (0, 5): {'bw': -75}, (0, 6): {'bw': -38}, (0, 7): {'bw': -6}, (1, 2): {'bw': -24}, (1, 3): {'bw': 9}}, 'path_level': {(0, 1): {'latency': -3.022114898786766}, (0, 2): {'latency': -3.7805782192604536}, (0, 4): {'latency': -5.249660095526195}, (0, 5): {'latency': -1.380268834118585}, (0, 6): {'latency': -2.7354689299454957}, (0, 7): {'latency': -6.387329840704895}, (1, 2): {'latency': -2.4855690402282242}, (1, 3): {'latency': 9.381931258633996}}}","{'node_level': {7: {'cpu': 0}, 5: {'cpu': 0}, 6: {'cpu': 0}, 2: {'cpu': 0}, 0: {'cpu': 0}, 3: {'cpu': 0}, 4: {'cpu': 0}, 1: {'cpu': 0}}, 'link_level': {(0, 1): {'bw': 0}, (0, 2): {'bw': 0}, (0, 4): {'bw': 0}, (0, 5): {'bw': 0}, (0, 6): {'bw': 0}, (0, 7): {'bw': 0}, (1, 2): {'bw': 0}, (1, 3): {'bw': 9}}, 'path_level': {(0, 1): {'latency': 0}, (0, 2): {'latency': 0}, (0, 4): {'latency': 0}, (0, 5): {'latency': 0}, (0, 6): {'latency': 0}, (0, 7): {'latency': 0}, (1, 2): {'latency': 0}, (1, 3): {'latency': 9.381931258633996}}}",[],0.0,0.0,True,False,False,0,[],0,0.0,8.0,8.0
22,5,3,967.0,2115.0,159828.45609239006,332091.5172560423,0.45721040189125295,0.48127834583971757,15,27,0,258.51441482034016,41355,7547,33808,0.014751958224543116,0.011404175682788509,18,37.514414820340164,221.0,7,9,False,{},{},{},{},0.0,0.0,0.0,0.0,0.0,0.0,0.0,0.0,0.0,0.0,0.0,0.0,0.0,0.0,Leave Event,0.0,"{'node_level': {}, 'link_level': {}, 'path_level': {}}","{'node_level': {}, 'link_level': {}, 'path_level': {}}","{'node_level': {}, 'link_level': {}, 'path_level': {}}",[],0.0,0.0,True,True,False,0,[],0,0.0,,
23,5,3,967.0,2115.0,159828.45609239006,332091.5172560423,0.45721040189125295,0.48127834583971757,15,28,1,269.0,41355,7547,33808,0.014751958224543116,0.011404175682788509,22,1383.3789554898487,269.0,10,22,False,"{0: 44, 6: 34, 7: 28, 1: 59, 9: 67, 3: 75, 4: 90, 5: 36, 8: 37, 2: 6}","{(0, 1): [(44, 31), (31, 39), (39, 59)], (0, 4): [(44, 35), (35, 90)], (0, 7): [(44, 88), (88, 28)], (1, 4): [(59, 93), (93, 90)], (1, 5): []}","{(0, 44): {'cpu': 20}, (6, 34): {'cpu': 15}, (7, 28): {'cpu': 15}, (1, 59): {'cpu': 14}, (9, 67): {'cpu': 12}, (3, 75): {'cpu': 11}, (4, 90): {'cpu': 10}, (5, 36): {'cpu': 10}, (8, 37): {'cpu': 9}, (2, 6): {'cpu': 1}}","{((0, 1), (44, 31)): {'bw': 11}, ((0, 1), (31, 39)): {'bw': 11}, ((0, 1), (39, 59)): {'bw': 11}, ((0, 4), (44, 35)): {'bw': 47}, ((0, 4), (35, 90)): {'bw': 47}, ((0, 7), (44, 88)): {'bw': 35}, ((0, 7), (88, 28)): {'bw': 35}, ((1, 4), (59, 93)): {'bw': 14}, ((1, 4), (93, 90)): {'bw': 14}}",0.0,0.0,647.0,117.0,530.0,0.0,0.0,0.0,0.0,0.0,0.0,0.0,0.0,0.0,Route Failure,13.065156894737013,"{'node_level': {}, 'link_level': {}, 'path_level': {}}","{'node_level': {0: {'cpu': -80}, 6: {'cpu': -80}, 7: {'cpu': -84}, 1: {'cpu': -80}, 9: {'cpu': -86}, 3: {'cpu': -76}, 4: {'cpu': -90}, 5: {'cpu': -72}, 8: {'cpu': -71}, 2: {'cpu': -99}}, 'link_level': {(0, 1): {'bw': -54}, (0, 4): {'bw': -7}, (0, 7): {'bw': -23}, (1, 4): {'bw': -38}, (1, 5): {'bw': -55}}, 'path_level': {(0, 1): {'latency': -5.849766384413255}, (0, 4): {'latency': -7.140650610344073}, (0, 7): {'latency': -1.410767435245706}, (1, 4): {'latency': -0.5819501776203158}, (1, 5): {'latency': 13.065156894737013}}}","{'node_level': {0: {'cpu': 0}, 6: {'cpu': 0}, 7: {'cpu': 0}, 1: {'cpu': 0}, 9: {'cpu': 0}, 3: {'cpu': 0}, 4: {'cpu': 0}, 5: {'cpu': 0}, 8: {'cpu': 0}, 2: {'cpu': 0}}, 'link_level': {(0, 1): {'bw': 0}, (0, 4): {'bw': 0}, (0, 7): {'bw': 0}, (1, 4): {'bw': 0}, (1, 5): {'bw': 0}}, 'path_level': {(0, 1): {'latency': 0}, (0, 4): {'latency': 0}, (0, 7): {'latency': 0}, (1, 4): {'latency': 0}, (1, 5): {'latency': 13.065156894737013}}}",[],0.0,0.0,True,False,False,0,[],0,0.0,10.0,5.0
23,5,2,967.0,2115.0,159828.45609239006,332091.5172560423,0.45721040189125295,0.48127834583971757,15,29,0,271.62731758612443,41410,7584,33826,0.00992167101827679,0.010877829112813653,16,73.62731758612445,198.0,2,1,False,{},{},{},{},0.0,0.0,0.0,0.0,0.0,0.0,0.0,0.0,0.0,0.0,0.0,0.0,0.0,0.0,Leave Event,0.0,"{'node_level': {}, 'link_level': {}, 'path_level': {}}","{'node_level': {}, 'link_level': {}, 'path_level': {}}","{'node_level': {}, 'link_level': {}, 'path_level': {}}",[],0.0,0.0,True,True,False,0,[],0,0.0,,
23,5,2,967.0,2115.0,159828.45609239006,332091.5172560423,0.45721040189125295,0.48127834583971757,15,30,0,273.679200876716,41410,7584,33826,0.00992167101827679,0.010877829112813653,17,59.679200876715996,214.0,9,20,False,{},{},{},{},0.0,0.0,0.0,0.0,0.0,0.0,0.0,0.0,0.0,0.0,0.0,0.0,0.0,0.0,Leave Event,0.0,"{'node_level': {}, 'link_level': {}, 'path_level': {}}","{'node_level': {}, 'link_level': {}, 'path_level': {}}","{'node_level': {}, 'link_level': {}, 'path_level': {}}",[],0.0,0.0,True,True,False,0,[],0,0.0,,
24,5,2,967.0,2115.0,159828.45609239006,332091.5172560423,0.45721040189125295,0.48127834583971757,15,31,1,286.0,41410,7584,33826,0.00992167101827679,0.010877829112813653,23,349.2287029526604,286.0,4,4,False,"{2: 44, 0: 34, 1: 28, 3: 59}","{(0, 2): []}","{(2, 44): {'cpu': 16}, (0, 34): {'cpu': 14}, (1, 28): {'cpu': 6}, (3, 59): {'cpu': 2}}",{},0.0,0.0,126.0,38.0,88.0,0.0,0.0,0.0,0.0,0.0,0.0,0.0,0.0,0.0,Route Failure,9.46376437911853,"{'node_level': {}, 'link_level': {}, 'path_level': {}}","{'node_level': {2: {'cpu': -84}, 0: {'cpu': -81}, 1: {'cpu': -93}, 3: {'cpu': -92}}, 'link_level': {(0, 2): {'bw': -16}}, 'path_level': {(0, 2): {'latency': 9.46376437911853}}}","{'node_level': {2: {'cpu': 0}, 0: {'cpu': 0}, 1: {'cpu': 0}, 3: {'cpu': 0}}, 'link_level': {(0, 2): {'bw': 0}}, 'path_level': {(0, 2): {'latency': 9.46376437911853}}}",[],0.0,0.0,True,False,False,0,[],0,0.0,4.0,1.0
25,5,2,967.0,2115.0,159828.45609239006,332091.5172560423,0.45721040189125295,0.48127834583971757,15,32,1,294.0,41410,7584,33826,0.00992167101827679,0.010877829112813653,24,688.1617488701635,294.0,7,12,False,"{3: 44, 5: 34, 0: 28, 1: 59, 2: 67, 4: 75, 6: 90}","{(0, 1): [(28, 86), (86, 59)], (0, 2): [(28, 88), (88, 67)], (0, 3): [(28, 35), (35, 44)], (0, 5): [(28, 21), (21, 17), (17, 34)], (1, 2): [(59, 83), (83, 67)], (1, 4): [(59, 39), (39, 76), (76, 75)], (2, 3): [(67, 50), (50, 44)], (2, 4): []}","{(3, 44): {'cpu': 15}, (5, 34): {'cpu': 15}, (0, 28): {'cpu': 9}, (1, 59): {'cpu': 7}, (2, 67): {'cpu': 6}, (4, 75): {'cpu': 1}, (6, 90): {'cpu': 1}}","{((0, 1), (28, 86)): {'bw': 44}, ((0, 1), (86, 59)): {'bw': 44}, ((0, 2), (28, 88)): {'bw': 50}, ((0, 2), (88, 67)): {'bw': 50}, ((0, 3), (28, 35)): {'bw': 11}, ((0, 3), (35, 44)): {'bw': 11}, ((0, 5), (28, 21)): {'bw': 17}, ((0, 5), (21, 17)): {'bw': 17}, ((0, 5), (17, 34)): {'bw': 17}, ((1, 2), (59, 83)): {'bw': 41}, ((1, 2), (83, 67)): {'bw': 41}, ((1, 4), (59, 39)): {'bw': 19}, ((1, 4), (39, 76)): {'bw': 19}, ((1, 4), (76, 75)): {'bw': 19}, ((2, 3), (67, 50)): {'bw': 23}, ((2, 3), (50, 44)): {'bw': 23}}",0.0,0.0,327.0,54.0,273.0,0.0,0.0,0.0,0.0,0.0,0.0,0.0,0.0,0.0,Route Failure,3.8044829798394177,"{'node_level': {}, 'link_level': {}, 'path_level': {}}","{'node_level': {3: {'cpu': -85}, 5: {'cpu': -80}, 0: {'cpu': -90}, 1: {'cpu': -87}, 2: {'cpu': -92}, 4: {'cpu': -86}, 6: {'cpu': -99}}, 'link_level': {(0, 1): {'bw': -9}, (0, 2): {'bw': -8}, (0, 3): {'bw': -43}, (0, 5): {'bw': -51}, (1, 2): {'bw': -19}, (1, 4): {'bw': -35}, (2, 3): {'bw': -40}, (2, 4): {'bw': -46}}, 'path_level': {(0, 1): {'latency': -9.124617776523687}, (0, 2): {'latency': -1.4934557169915514}, (0, 3): {'latency': -8.585161399818375}, (0, 5): {'latency': -1.8617703184219039}, (1, 2): {'latency': -2.920099758896896}, (1, 4): {'latency': -6.543234072884909}, (2, 3): {'latency': -0.4490151797308011}, (2, 4): {'latency': 3.8044829798394177}}}","{'node_level': {3: {'cpu': 0}, 5: {'cpu': 0}, 0: {'cpu': 0}, 1: {'cpu': 0}, 2: {'cpu': 0}, 4: {'cpu': 0}, 6: {'cpu': 0}}, 'link_level': {(0, 1): {'bw': 0}, (0, 2): {'bw': 0}, (0, 3): {'bw': 0}, (0, 5): {'bw': 0}, (1, 2): {'bw': 0}, (1, 4): {'bw': 0}, (2, 3): {'bw': 0}, (2, 4): {'bw': 0}}, 'path_level': {(0, 1): {'latency': 0}, (0, 2): {'latency': 0}, (0, 3): {'latency': 0}, (0, 5): {'latency': 0}, (1, 2): {'latency': 0}, (1, 4): {'latency': 0}, (2, 3): {'latency': 0}, (2, 4): {'latency': 3.8044829798394177}}}",[],0.0,0.0,True,False,False,0,[],0,0.0,7.0,8.0
26,5,2,967.0,2115.0,159828.45609239006,332091.5172560423,0.45721040189125295,0.48127834583971757,15,33,1,308.0,41410,7584,33826,0.00992167101827679,0.010877829112813653,25,334.8824333146168,308.0,10,26,False,"{9: 44, 5: 34, 0: 28, 8: 59, 4: 67, 6: 75, 7: 90, 3: 36, 2: 12, 1: 22}","{(0, 5): [(28, 21), (21, 17), (17, 34)], (1, 2): [(22, 33), (33, 32), (32, 12)], (1, 3): [(22, 97), (97, 36)], (1, 4): [(22, 67)], (1, 5): []}","{(9, 44): {'cpu': 19}, (5, 34): {'cpu': 17}, (0, 28): {'cpu': 12}, (8, 59): {'cpu': 11}, (4, 67): {'cpu': 10}, (6, 75): {'cpu': 10}, (7, 90): {'cpu': 7}, (3, 36): {'cpu': 6}, (2, 12): {'cpu': 4}, (1, 22): {'cpu': 1}}","{((0, 5), (28, 21)): {'bw': 11}, ((0, 5), (21, 17)): {'bw': 11}, ((0, 5), (17, 34)): {'bw': 11}, ((1, 2), (22, 33)): {'bw': 15}, ((1, 2), (33, 32)): {'bw': 15}, ((1, 2), (32, 12)): {'bw': 15}, ((1, 3), (22, 97)): {'bw': 10}, ((1, 3), (97, 36)): {'bw': 10}, ((1, 4), (22, 67)): {'bw': 41}}",0.0,0.0,658.0,97.0,561.0,0.0,0.0,0.0,0.0,0.0,0.0,0.0,0.0,0.0,Route Failure,9.457225778566132,"{'node_level': {}, 'link_level': {}, 'path_level': {}}","{'node_level': {9: {'cpu': -81}, 5: {'cpu': -78}, 0: {'cpu': -87}, 8: {'cpu': -83}, 4: {'cpu': -88}, 6: {'cpu': -77}, 7: {'cpu': -93}, 3: {'cpu': -76}, 2: {'cpu': -82}, 1: {'cpu': -87}}, 'link_level': {(0, 5): {'bw': -57}, (1, 2): {'bw': -42}, (1, 3): {'bw': -28}, (1, 4): {'bw': -39}, (1, 5): {'bw': -1}}, 'path_level': {(0, 5): {'latency': -0.9136958760090224}, (1, 2): {'latency': -4.081173833049684}, (1, 3): {'latency': -2.08648194753005}, (1, 4): {'latency': -0.9137165968712235}, (1, 5): {'latency': 9.457225778566132}}}","{'node_level': {9: {'cpu': 0}, 5: {'cpu': 0}, 0: {'cpu': 0}, 8: {'cpu': 0}, 4: {'cpu': 0}, 6: {'cpu': 0}, 7: {'cpu': 0}, 3: {'cpu': 0}, 2: {'cpu': 0}, 1: {'cpu': 0}}, 'link_level': {(0, 5): {'bw': 0}, (1, 2): {'bw': 0}, (1, 3): {'bw': 0}, (1, 4): {'bw': 0}, (1, 5): {'bw': 0}}, 'path_level': {(0, 5): {'latency': 0}, (1, 2): {'latency': 0}, (1, 3): {'latency': 0}, (1, 4): {'latency': 0}, (1, 5): {'latency': 9.457225778566132}}}",[],0.0,0.0,True,False,False,0,[],0,0.0,10.0,5.0
27,5,2,967.0,2115.0,159828.45609239006,332091.5172560423,0.45721040189125295,0.48127834583971757,15,34,1,320.0,41410,7584,33826,0.00992167101827679,0.010877829112813653,26,1.9642988368691492,320.0,3,2,False,"{0: 44, 2: 34, 1: 28}","{(0, 1): []}","{(0, 44): {'cpu': 9}, (2, 34): {'cpu': 6}, (1, 28): {'cpu': 2}}",{},0.0,0.0,66.0,17.0,49.0,0.0,0.0,0.0,0.0,0.0,0.0,0.0,0.0,0.0,Route Failure,7.703859524148486,"{'node_level': {}, 'link_level': {}, 'path_level': {}}","{'node_level': {0: {'cpu': -91}, 2: {'cpu': -89}, 1: {'cpu': -97}}, 'link_level': {(0, 1): {'bw': -28}}, 'path_level': {(0, 1): {'latency': 7.703859524148486}}}","{'node_level': {0: {'cpu': 0}, 2: {'cpu': 0}, 1: {'cpu': 0}}, 'link_level': {(0, 1): {'bw': 0}}, 'path_level': {(0, 1): {'latency': 7.703859524148486}}}",[],0.0,0.0,True,False,False,0,[],0,0.0,3.0,1.0
27,5,2,967.0,2115.0,159828.45609239006,332091.5172560423,0.45721040189125295,0.48127834583971757,15,35,0,321.96429883686915,41410,7584,33826,0.00992167101827679,0.010877829112813653,26,1.9642988368691492,320.0,3,2,False,{},{},{},{},0.0,0.0,0.0,0.0,0.0,0.0,0.0,0.0,0.0,0.0,0.0,0.0,0.0,0.0,Leave Event,0.0,"{'node_level': {}, 'link_level': {}, 'path_level': {}}","{'node_level': {}, 'link_level': {}, 'path_level': {}}","{'node_level': {}, 'link_level': {}, 'path_level': {}}",[],0.0,0.0,True,True,False,0,[],0,0.0,,
28,6,3,1050.0,2252.0,185579.58391247,374596.3908867766,0.46625222024866786,0.49541209800006386,15,36,1,334.0,41273,7555,33718,0.013707571801566565,0.014035908532662678,27,310.25455204915596,334.0,4,3,True,"{0: 44, 2: 34, 1: 28, 3: 59}","{(0, 1): [(44, 35), (35, 28)], (1, 3): [(28, 86), (86, 59)], (2, 3): [(34, 39), (39, 59)]}","{(0, 44): {'cpu': 20}, (2, 34): {'cpu': 6}, (1, 28): {'cpu': 2}, (3, 59): {'cpu': 1}}","{((0, 1), (44, 35)): {'bw': 5}, ((0, 1), (35, 28)): {'bw': 5}, ((1, 3), (28, 86)): {'bw': 40}, ((1, 3), (86, 59)): {'bw': 40}, ((2, 3), (34, 39)): {'bw': 9}, ((2, 3), (39, 59)): {'bw': 9}}",137.0,83.0,83.0,29.0,54.0,29.0,54.0,29.0,108.0,54.0,0.6058394160583942,42504.873630734364,25751.127820079946,187.9644366429193,Success,0.0,"{'node_level': {}, 'link_level': {}, 'path_level': {}}","{'node_level': {0: {'cpu': -80}, 2: {'cpu': -89}, 1: {'cpu': -97}, 3: {'cpu': -93}}, 'link_level': {(0, 1): {'bw': -49}, (1, 3): {'bw': -13}, (2, 3): {'bw': -58}}, 'path_level': {(0, 1): {'latency': -10.354909476522241}, (1, 3): {'latency': -2.4566255125251595}, (2, 3): {'latency': -1.106788736533309}}}","{'node_level': {0: {'cpu': 0}, 2: {'cpu': 0}, 1: {'cpu': 0}, 3: {'cpu': 0}}, 'link_level': {(0, 1): {'bw': 0}, (1, 3): {'bw': 0}, (2, 3): {'bw': 0}}, 'path_level': {(0, 1): {'latency': 0}, (1, 3): {'latency': 0}, (2, 3): {'latency': 0}}}",[],0.0,0.0,True,True,False,0,[],0,0.0,4.0,3.0
28,6,2,1050.0,2252.0,185579.58391247,374596.3908867766,0.46625222024866786,0.49541209800006386,15,37,0,337.2841253747539,41598,7598,34000,0.008093994778067937,0.0057898122697234156,12,193.2841253747539,144.0,4,3,False,{},{},{},{},0.0,0.0,0.0,0.0,0.0,0.0,0.0,0.0,0.0,0.0,0.0,0.0,0.0,0.0,Leave Event,0.0,"{'node_level': {}, 'link_level': {}, 'path_level': {}}","{'node_level': {}, 'link_level': {}, 'path_level': {}}","{'node_level': {}, 'link_level': {}, 'path_level': {}}",[],0.0,0.0,True,True,False,0,[],0,0.0,,
29,6,2,1050.0,2252.0,185579.58391247,374596.3908867766,0.46625222024866786,0.49541209800006386,15,38,1,344.0,41598,7598,34000,0.008093994778067937,0.0057898122697234156,28,78.59734518214205,344.0,9,16,False,"{3: 67, 2: 28, 1: 59, 5: 75, 6: 34, 7: 90, 8: 36, 4: 12, 0: 25}","{(0, 2): [(25, 28)], (0, 3): [(25, 26), (26, 6), (6, 67)], (0, 6): [(25, 37), (37, 34)], (0, 8): [(25, 36)], (1, 3): [(59, 83), (83, 67)], (1, 4): [(59, 93), (93, 12)], (1, 5): [(59, 39), (39, 76), (76, 75)], (1, 6): []}","{(3, 67): {'cpu': 19}, (2, 28): {'cpu': 13}, (1, 59): {'cpu': 10}, (5, 75): {'cpu': 9}, (6, 34): {'cpu': 9}, (7, 90): {'cpu': 8}, (8, 36): {'cpu': 8}, (4, 12): {'cpu': 5}, (0, 25): {'cpu': 4}}","{((0, 2), (25, 28)): {'bw': 16}, ((0, 3), (25, 26)): {'bw': 16}, ((0, 3), (26, 6)): {'bw': 16}, ((0, 3), (6, 67)): {'bw': 16}, ((0, 6), (25, 37)): {'bw': 21}, ((0, 6), (37, 34)): {'bw': 21}, ((0, 8), (25, 36)): {'bw': 7}, ((1, 3), (59, 83)): {'bw': 7}, ((1, 3), (83, 67)): {'bw': 7}, ((1, 4), (59, 93)): {'bw': 12}, ((1, 4), (93, 12)): {'bw': 12}, ((1, 5), (59, 39)): {'bw': 43}, ((1, 5), (39, 76)): {'bw': 43}, ((1, 5), (76, 75)): {'bw': 43}}",0.0,0.0,469.0,85.0,384.0,0.0,0.0,0.0,0.0,0.0,0.0,0.0,0.0,0.0,Route Failure,7.099174447125071,"{'node_level': {}, 'link_level': {}, 'path_level': {}}","{'node_level': {3: {'cpu': -79}, 2: {'cpu': -84}, 1: {'cpu': -83}, 5: {'cpu': -78}, 6: {'cpu': -80}, 7: {'cpu': -92}, 8: {'cpu': -74}, 4: {'cpu': -81}, 0: {'cpu': -92}}, 'link_level': {(0, 2): {'bw': -44}, (0, 3): {'bw': -44}, (0, 6): {'bw': -46}, (0, 8): {'bw': -88}, (1, 3): {'bw': -53}, (1, 4): {'bw': -40}, (1, 5): {'bw': -11}, (1, 6): {'bw': -61}}, 'path_level': {(0, 2): {'latency': -5.267452377757985}, (0, 3): {'latency': -8.71726766918601}, (0, 6): {'latency': -5.241989356732146}, (0, 8): {'latency': -10.694316028644007}, (1, 3): {'latency': -8.064531897493875}, (1, 4): {'latency': -5.362563360653191}, (1, 5): {'latency': -8.370685015104563}, (1, 6): {'latency': 7.099174447125071}}}","{'node_level': {3: {'cpu': 0}, 2: {'cpu': 0}, 1: {'cpu': 0}, 5: {'cpu': 0}, 6: {'cpu': 0}, 7: {'cpu': 0}, 8: {'cpu': 0}, 4: {'cpu': 0}, 0: {'cpu': 0}}, 'link_level': {(0, 2): {'bw': 0}, (0, 3): {'bw': 0}, (0, 6): {'bw': 0}, (0, 8): {'bw': 0}, (1, 3): {'bw': 0}, (1, 4): {'bw': 0}, (1, 5): {'bw': 0}, (1, 6): {'bw': 0}}, 'path_level': {(0, 2): {'latency': 0}, (0, 3): {'latency': 0}, (0, 6): {'latency': 0}, (0, 8): {'latency': 0}, (1, 3): {'latency': 0}, (1, 4): {'latency': 0}, (1, 5): {'latency': 0}, (1, 6): {'latency': 7.099174447125071}}}",[],0.0,0.0,True,False,False,0,[],0,0.0,9.0,8.0
29,6,2,1050.0,2252.0,185579.58391247,374596.3908867766,0.46625222024866786,0.49541209800006386,15,39,0,345.36395941283956,41598,7598,34000,0.008093994778067937,0.0057898122697234156,19,107.36395941283955,238.0,7,12,False,{},{},{},{},0.0,0.0,0.0,0.0,0.0,0.0,0.0,0.0,0.0,0.0,0.0,0.0,0.0,0.0,Leave Event,0.0,"{'node_level': {}, 'link_level': {}, 'path_level': {}}","{'node_level': {}, 'link_level': {}, 'path_level': {}}","{'node_level': {}, 'link_level': {}, 'path_level': {}}",[],0.0,0.0,True,True,False,0,[],0,0.0,,
30,6,2,1050.0,2252.0,185579.58391247,374596.3908867766,0.46625222024866786,0.49541209800006386,15,40,1,355.0,41598,7598,34000,0.008093994778067937,0.0057898122697234156,29,184.65909825812642,355.0,2,1,False,"{0: 67, 1: 28}","{(0, 1): []}","{(0, 67): {'cpu': 10}, (1, 28): {'cpu': 8}}",{},0.0,0.0,53.0,18.0,35.0,0.0,0.0,0.0,0.0,0.0,0.0,0.0,0.0,0.0,Route Failure,6.980208467311856,"{'node_level': {}, 'link_level': {}, 'path_level': {}}","{'node_level': {0: {'cpu': -88}, 1: {'cpu': -89}}, 'link_level': {(0, 1): {'bw': -23}}, 'path_level': {(0, 1): {'latency': 6.980208467311856}}}","{'node_level': {0: {'cpu': 0}, 1: {'cpu': 0}}, 'link_level': {(0, 1): {'bw': 0}}, 'path_level': {(0, 1): {'latency': 6.980208467311856}}}",[],0.0,0.0,True,False,False,0,[],0,0.0,2.0,1.0
31,6,2,1050.0,2252.0,185579.58391247,374596.3908867766,0.46625222024866786,0.49541209800006386,15,41,1,366.0,41598,7598,34000,0.008093994778067937,0.0057898122697234156,30,699.6129781201174,366.0,10,25,False,"{0: 67, 5: 28, 9: 59, 7: 75, 1: 34, 3: 90, 2: 36, 4: 12, 6: 25, 8: 53}","{(0, 1): [(67, 88), (88, 99), (99, 34)], (0, 4): [(67, 6), (6, 82), (82, 12)], (0, 5): []}","{(0, 67): {'cpu': 19}, (5, 28): {'cpu': 17}, (9, 59): {'cpu': 17}, (7, 75): {'cpu': 12}, (1, 34): {'cpu': 9}, (3, 90): {'cpu': 9}, (2, 36): {'cpu': 8}, (4, 12): {'cpu': 8}, (6, 25): {'cpu': 4}, (8, 53): {'cpu': 1}}","{((0, 1), (67, 88)): {'bw': 26}, ((0, 1), (88, 99)): {'bw': 26}, ((0, 1), (99, 34)): {'bw': 26}, ((0, 4), (67, 6)): {'bw': 29}, ((0, 4), (6, 82)): {'bw': 29}, ((0, 4), (82, 12)): {'bw': 29}}",0.0,0.0,629.0,104.0,525.0,0.0,0.0,0.0,0.0,0.0,0.0,0.0,0.0,0.0,Route Failure,8.289614686342059,"{'node_level': {}, 'link_level': {}, 'path_level': {}}","{'node_level': {0: {'cpu': -79}, 5: {'cpu': -80}, 9: {'cpu': -76}, 7: {'cpu': -75}, 1: {'cpu': -80}, 3: {'cpu': -91}, 2: {'cpu': -74}, 4: {'cpu': -78}, 6: {'cpu': -92}, 8: {'cpu': -87}}, 'link_level': {(0, 1): {'bw': -61}, (0, 4): {'bw': -38}, (0, 5): {'bw': -50}}, 'path_level': {(0, 1): {'latency': -5.9319061997515075}, (0, 4): {'latency': -9.306026629850955}, (0, 5): {'latency': 8.289614686342059}}}","{'node_level': {0: {'cpu': 0}, 5: {'cpu': 0}, 9: {'cpu': 0}, 7: {'cpu': 0}, 1: {'cpu': 0}, 3: {'cpu': 0}, 2: {'cpu': 0}, 4: {'cpu': 0}, 6: {'cpu': 0}, 8: {'cpu': 0}}, 'link_level': {(0, 1): {'bw': 0}, (0, 4): {'bw': 0}, (0, 5): {'bw': 0}}, 'path_level': {(0, 1): {'latency': 0}, (0, 4): {'latency': 0}, (0, 5): {'latency': 8.289614686342059}}}",[],0.0,0.0,True,False,False,0,[],0,0.0,10.0,3.0
32,6,2,1050.0,2252.0,185579.58391247,374596.3908867766,0.46625222024866786,0.49541209800006386,15,42,1,377.0,41598,7598,34000,0.008093994778067937,0.0057898122697234156,31,703.9825256218024,377.0,5,5,False,"{1: 67, 4: 28, 2: 59, 3: 75, 0: 34}","{(0, 1): [(34, 99), (99, 88), (88, 67)], (0, 4): [(34, 17), (17, 21), (21, 28)], (1, 2): [(67, 83), (83, 59)], (1, 3): []}","{(1, 67): {'cpu': 18}, (4, 28): {'cpu': 13}, (2, 59): {'cpu': 4}, (3, 75): {'cpu': 2}, (0, 34): {'cpu': 1}}","{((0, 1), (34, 99)): {'bw': 33}, ((0, 1), (99, 88)): {'bw': 33}, ((0, 1), (88, 67)): {'bw': 33}, ((0, 4), (34, 17)): {'bw': 45}, ((0, 4), (17, 21)): {'bw': 45}, ((0, 4), (21, 28)): {'bw': 45}, ((1, 2), (67, 83)): {'bw': 29}, ((1, 2), (83, 59)): {'bw': 29}}",0.0,0.0,192.0,38.0,154.0,0.0,0.0,0.0,0.0,0.0,0.0,0.0,0.0,0.0,Route Failure,4.256995918616188,"{'node_level': {}, 'link_level': {}, 'path_level': {}}","{'node_level': {1: {'cpu': -80}, 4: {'cpu': -84}, 2: {'cpu': -89}, 3: {'cpu': -85}, 0: {'cpu': -88}}, 'link_level': {(0, 1): {'bw': -54}, (0, 4): {'bw': -23}, (1, 2): {'bw': -31}, (1, 3): {'bw': -24}}, 'path_level': {(0, 1): {'latency': -3.4329177512342115}, (0, 4): {'latency': -0.9193783986497461}, (1, 2): {'latency': -4.2085149170805405}, (1, 3): {'latency': 4.256995918616188}}}","{'node_level': {1: {'cpu': 0}, 4: {'cpu': 0}, 2: {'cpu': 0}, 3: {'cpu': 0}, 0: {'cpu': 0}}, 'link_level': {(0, 1): {'bw': 0}, (0, 4): {'bw': 0}, (1, 2): {'bw': 0}, (1, 3): {'bw': 0}}, 'path_level': {(0, 1): {'latency': 0}, (0, 4): {'latency': 0}, (1, 2): {'latency': 0}, (1, 3): {'latency': 4.256995918616188}}}",[],0.0,0.0,True,False,False,0,[],0,0.0,5.0,4.0
33,7,3,1157.0,2463.0,319067.44369490474,637829.4601773722,0.4697523345513601,0.5002394270189028,15,43,1,392.0,41387,7563,33824,0.012663185378590125,0.010936312065033094,32,1247.5500914246238,392.0,3,2,True,"{0: 67, 2: 28, 1: 59}","{(0, 1): [(67, 83), (83, 59)], (1, 2): [(59, 39), (39, 25), (25, 28)]}","{(0, 67): {'cpu': 14}, (2, 28): {'cpu': 14}, (1, 59): {'cpu': 7}}","{((0, 1), (67, 83)): {'bw': 40}, ((0, 1), (83, 59)): {'bw': 40}, ((1, 2), (59, 39)): {'bw': 32}, ((1, 2), (39, 25)): {'bw': 32}, ((1, 2), (25, 28)): {'bw': 32}}",211.0,107.0,107.0,35.0,72.0,35.0,72.0,35.0,176.0,104.0,0.5071090047393365,263233.06929059565,133487.85978243474,632.6438852248093,Success,0.0,"{'node_level': {}, 'link_level': {}, 'path_level': {}}","{'node_level': {0: {'cpu': -84}, 2: {'cpu': -83}, 1: {'cpu': -86}}, 'link_level': {(0, 1): {'bw': -20}, (1, 2): {'bw': -19}}, 'path_level': {(0, 1): {'latency': -4.313847727758283}, (1, 2): {'latency': -8.09415870697531}}}","{'node_level': {0: {'cpu': 0}, 2: {'cpu': 0}, 1: {'cpu': 0}}, 'link_level': {(0, 1): {'bw': 0}, (1, 2): {'bw': 0}}, 'path_level': {(0, 1): {'latency': 0}, (1, 2): {'latency': 0}}}",[],0.0,0.0,True,True,False,0,[],0,0.0,3.0,2.0
34,8,4,1223.0,2570.0,407629.0398510313,781406.5933395774,0.47587548638132293,0.5216606096307753,15,44,1,408.0,41280,7538,33742,0.015926892950391625,0.01333411310602961,33,1341.8423660019178,408.0,2,1,True,"{0: 75, 1: 34}","{(0, 1): [(75, 98), (98, 34)]}","{(0, 75): {'cpu': 16}, (1, 34): {'cpu': 9}}","{((0, 1), (75, 98)): {'bw': 41}, ((0, 1), (98, 34)): {'bw': 41}}",107.0,66.0,66.0,25.0,41.0,25.0,41.0,25.0,82.0,41.0,0.616822429906542,143577.1331622052,88561.59615612657,827.6784687488464,Success,0.0,"{'node_level': {}, 'link_level': {}, 'path_level': {}}","{'node_level': {0: {'cpu': -71}, 1: {'cpu': -80}}, 'link_level': {(0, 1): {'bw': -13}}, 'path_level': {(0, 1): {'latency': -7.8263989468109525}}}","{'node_level': {0: {'cpu': 0}, 1: {'cpu': 0}}, 'link_level': {(0, 1): {'bw': 0}}, 'path_level': {(0, 1): {'latency': 0}}}",[],0.0,0.0,True,True,False,0,[],0,0.0,2.0,1.0
35,8,4,1223.0,2570.0,407629.0398510313,781406.5933395774,0.47587548638132293,0.5216606096307753,15,45,1,416.0,41280,7538,33742,0.015926892950391625,0.01333411310602961,34,47.233218378753975,416.0,5,6,False,"{4: 90, 1: 36, 3: 12, 2: 25, 0: 53}","{(0, 1): []}","{(4, 90): {'cpu': 20}, (1, 36): {'cpu': 17}, (3, 12): {'cpu': 16}, (2, 25): {'cpu': 11}, (0, 53): {'cpu': 6}}",{},0.0,0.0,250.0,70.0,180.0,0.0,0.0,0.0,0.0,0.0,0.0,0.0,0.0,0.0,Route Failure,6.435913696552284,"{'node_level': {}, 'link_level': {}, 'path_level': {}}","{'node_level': {4: {'cpu': -80}, 1: {'cpu': -65}, 3: {'cpu': -70}, 2: {'cpu': -85}, 0: {'cpu': -82}}, 'link_level': {(0, 1): {'bw': -38}}, 'path_level': {(0, 1): {'latency': 6.435913696552284}}}","{'node_level': {4: {'cpu': 0}, 1: {'cpu': 0}, 3: {'cpu': 0}, 2: {'cpu': 0}, 0: {'cpu': 0}}, 'link_level': {(0, 1): {'bw': 0}}, 'path_level': {(0, 1): {'latency': 6.435913696552284}}}",[],0.0,0.0,True,False,False,0,[],0,0.0,5.0,1.0
35,8,4,1223.0,2570.0,407629.0398510313,781406.5933395774,0.47587548638132293,0.5216606096307753,15,46,0,417.89642169361514,41280,7538,33742,0.015926892950391625,0.01333411310602961,15,231.8964216936151,186.0,5,6,False,{},{},{},{},0.0,0.0,0.0,0.0,0.0,0.0,0.0,0.0,0.0,0.0,0.0,0.0,0.0,0.0,Leave Event,0.0,"{'node_level': {}, 'link_level': {}, 'path_level': {}}","{'node_level': {}, 'link_level': {}, 'path_level': {}}","{'node_level': {}, 'link_level': {}, 'path_level': {}}",[],0.0,0.0,True,True,False,0,[],0,0.0,,
35,8,4,1223.0,2570.0,407629.0398510313,781406.5933395774,0.47587548638132293,0.5216606096307753,15,47,0,420.3689971637556,41280,7538,33742,0.015926892950391625,0.01333411310602961,7,328.3689971637556,92.0,9,18,False,{},{},{},{},0.0,0.0,0.0,0.0,0.0,0.0,0.0,0.0,0.0,0.0,0.0,0.0,0.0,0.0,Leave Event,0.0,"{'node_level': {}, 'link_level': {}, 'path_level': {}}","{'node_level': {}, 'link_level': {}, 'path_level': {}}","{'node_level': {}, 'link_level': {}, 'path_level': {}}",[],0.0,0.0,True,True,False,0,[],0,0.0,,
35,8,4,1223.0,2570.0,407629.0398510313,781406.5933395774,0.47587548638132293,0.5216606096307753,15,48,0,422.597345182142,41280,7538,33742,0.015926892950391625,0.01333411310602961,28,78.59734518214205,344.0,9,16,False,{},{},{},{},0.0,0.0,0.0,0.0,0.0,0.0,0.0,0.0,0.0,0.0,0.0,0.0,0.0,0.0,Leave Event,0.0,"{'node_level': {}, 'link_level': {}, 'path_level': {}}","{'node_level': {}, 'link_level': {}, 'path_level': {}}","{'node_level': {}, 'link_level': {}, 'path_level': {}}",[],0.0,0.0,True,True,False,0,[],0,0.0,,
36,8,4,1223.0,2570.0,407629.0398510313,781406.5933395774,0.47587548638132293,0.5216606096307753,15,49,1,432.0,41280,7538,33742,0.015926892950391625,0.01333411310602961,35,108.64579758002371,432.0,4,3,False,"{3: 90, 1: 36, 0: 12, 2: 25}","{(0, 2): []}","{(3, 90): {'cpu': 10}, (1, 36): {'cpu': 8}, (0, 12): {'cpu': 2}, (2, 25): {'cpu': 2}}",{},0.0,0.0,94.0,22.0,72.0,0.0,0.0,0.0,0.0,0.0,0.0,0.0,0.0,0.0,Route Failure,9.983720653273698,"{'node_level': {}, 'link_level': {}, 'path_level': {}}","{'node_level': {3: {'cpu': -90}, 1: {'cpu': -74}, 0: {'cpu': -84}, 2: {'cpu': -94}}, 'link_level': {(0, 2): {'bw': -6}}, 'path_level': {(0, 2): {'latency': 9.983720653273698}}}","{'node_level': {3: {'cpu': 0}, 1: {'cpu': 0}, 0: {'cpu': 0}, 2: {'cpu': 0}}, 'link_level': {(0, 2): {'bw': 0}}, 'path_level': {(0, 2): {'latency': 9.983720653273698}}}",[],0.0,0.0,True,False,False,0,[],0,0.0,4.0,1.0
37,8,4,1223.0,2570.0,407629.0398510313,781406.5933395774,0.47587548638132293,0.5216606096307753,15,50,1,451.0,41280,7538,33742,0.015926892950391625,0.01333411310602961,36,412.1617774667865,451.0,5,5,False,"{0: 90, 3: 36, 4: 12, 2: 25, 1: 53}","{(0, 1): [(90, 35), (35, 20), (20, 53)], (0, 2): [(90, 26), (26, 25)], (0, 4): []}","{(0, 90): {'cpu': 16}, (3, 36): {'cpu': 14}, (4, 12): {'cpu': 12}, (2, 25): {'cpu': 4}, (1, 53): {'cpu': 2}}","{((0, 1), (90, 35)): {'bw': 2}, ((0, 1), (35, 20)): {'bw': 2}, ((0, 1), (20, 53)): {'bw': 2}, ((0, 2), (90, 26)): {'bw': 10}, ((0, 2), (26, 25)): {'bw': 10}}",0.0,0.0,154.0,48.0,106.0,0.0,0.0,0.0,0.0,0.0,0.0,0.0,0.0,0.0,Route Failure,6.892549919274501,"{'node_level': {}, 'link_level': {}, 'path_level': {}}","{'node_level': {0: {'cpu': -84}, 3: {'cpu': -68}, 4: {'cpu': -74}, 2: {'cpu': -92}, 1: {'cpu': -86}}, 'link_level': {(0, 1): {'bw': -64}, (0, 2): {'bw': -61}, (0, 4): {'bw': -49}}, 'path_level': {(0, 1): {'latency': -2.406803501899091}, (0, 2): {'latency': -9.364503761445517}, (0, 4): {'latency': 6.892549919274501}}}","{'node_level': {0: {'cpu': 0}, 3: {'cpu': 0}, 4: {'cpu': 0}, 2: {'cpu': 0}, 1: {'cpu': 0}}, 'link_level': {(0, 1): {'bw': 0}, (0, 2): {'bw': 0}, (0, 4): {'bw': 0}}, 'path_level': {(0, 1): {'latency': 0}, (0, 2): {'latency': 0}, (0, 4): {'latency': 6.892549919274501}}}",[],0.0,0.0,True,False,False,0,[],0,0.0,5.0,3.0
38,9,5,1374.0,2893.0,408420.3866483628,783099.3417868493,0.47493950916004146,0.5215435192633965,15,51,1,461.0,40957,7496,33461,0.021409921671018295,0.021550967892859263,37,5.240707267095732,461.0,4,4,True,"{0: 90, 2: 36, 1: 12, 3: 25}","{(0, 1): [(90, 32), (32, 12)], (0, 2): [(90, 26), (26, 25), (25, 36)], (0, 3): [(90, 26), (26, 25)], (1, 3): [(12, 32), (32, 33), (33, 25)]}","{(0, 90): {'cpu': 15}, (2, 36): {'cpu': 10}, (1, 12): {'cpu': 9}, (3, 25): {'cpu': 8}}","{((0, 1), (90, 32)): {'bw': 44}, ((0, 1), (32, 12)): {'bw': 44}, ((0, 2), (90, 26)): {'bw': 32}, ((0, 2), (26, 25)): {'bw': 32}, ((0, 2), (25, 36)): {'bw': 32}, ((0, 3), (90, 26)): {'bw': 2}, ((0, 3), (26, 25)): {'bw': 2}, ((1, 3), (12, 32)): {'bw': 31}, ((1, 3), (32, 33)): {'bw': 31}, ((1, 3), (33, 25)): {'bw': 31}}",323.0,151.0,151.0,42.0,109.0,42.0,109.0,42.0,281.0,172.0,0.4674922600619195,1692.7484472719213,791.3467973314555,2.4499900846175096,Success,0.0,"{'node_level': {}, 'link_level': {}, 'path_level': {}}","{'node_level': {0: {'cpu': -85}, 2: {'cpu': -72}, 1: {'cpu': -77}, 3: {'cpu': -88}}, 'link_level': {(0, 1): {'bw': -51}, (0, 2): {'bw': -39}, (0, 3): {'bw': -37}, (1, 3): {'bw': -20}}, 'path_level': {(0, 1): {'latency': -0.1667117307277204}, (0, 2): {'latency': -1.9640689011700356}, (0, 3): {'latency': -7.109475758636705}, (1, 3): {'latency': -2.5603155435211296}}}","{'node_level': {0: {'cpu': 0}, 2: {'cpu': 0}, 1: {'cpu': 0}, 3: {'cpu': 0}}, 'link_level': {(0, 1): {'bw': 0}, (0, 2): {'bw': 0}, (0, 3): {'bw': 0}, (1, 3): {'bw': 0}}, 'path_level': {(0, 1): {'latency': 0}, (0, 2): {'latency': 0}, (0, 3): {'latency': 0}, (1, 3): {'latency': 0}}}",[],0.0,0.0,True,True,False,0,[],0,0.0,4.0,4.0
38,9,5,1374.0,2893.0,408420.3866483628,783099.3417868493,0.47493950916004146,0.5215435192633965,15,52,0,463.233218378754,40957,7496,33461,0.021409921671018295,0.021550967892859263,34,47.233218378753975,416.0,5,6,False,{},{},{},{},0.0,0.0,0.0,0.0,0.0,0.0,0.0,0.0,0.0,0.0,0.0,0.0,0.0,0.0,Leave Event,0.0,"{'node_level': {}, 'link_level': {}, 'path_level': {}}","{'node_level': {}, 'link_level': {}, 'path_level': {}}","{'node_level': {}, 'link_level': {}, 'path_level': {}}",[],0.0,0.0,True,True,False,0,[],0,0.0,,
38,9,4,1374.0,2893.0,408420.3866483628,783099.3417868493,0.47493950916004146,0.5215435192633965,15,53,0,466.24070726709573,41280,7538,33742,0.015926892950391625,0.01333411310602961,37,5.240707267095732,461.0,4,4,False,{},{},{},{},0.0,0.0,0.0,0.0,0.0,0.0,0.0,0.0,0.0,0.0,0.0,0.0,0.0,0.0,Leave Event,0.0,"{'node_level': {}, 'link_level': {}, 'path_level': {}}","{'node_level': {}, 'link_level': {}, 'path_level': {}}","{'node_level': {}, 'link_level': {}, 'path_level': {}}",[],0.0,0.0,True,True,False,0,[],0,0.0,,
39,9,4,1374.0,2893.0,408420.3866483628,783099.3417868493,0.47493950916004146,0.5215435192633965,15,54,1,482.0,41280,7538,33742,0.015926892950391625,0.01333411310602961,38,130.61544037848168,482.0,4,4,False,"{3: 90, 1: 36, 2: 12, 0: 25}","{(0, 1): [(25, 36)], (0, 2): []}","{(3, 90): {'cpu': 20}, (1, 36): {'cpu': 19}, (2, 12): {'cpu': 13}, (0, 25): {'cpu': 7}}","{((0, 1), (25, 36)): {'bw': 18}}",0.0,0.0,176.0,59.0,117.0,0.0,0.0,0.0,0.0,0.0,0.0,0.0,0.0,0.0,Route Failure,8.369500008852853,"{'node_level': {}, 'link_level': {}, 'path_level': {}}","{'node_level': {3: {'cpu': -80}, 1: {'cpu': -63}, 2: {'cpu': -73}, 0: {'cpu': -89}}, 'link_level': {(0, 1): {'bw': -77}, (0, 2): {'bw': -20}}, 'path_level': {(0, 1): {'latency': -10.624974524250984}, (0, 2): {'latency': 8.369500008852853}}}","{'node_level': {3: {'cpu': 0}, 1: {'cpu': 0}, 2: {'cpu': 0}, 0: {'cpu': 0}}, 'link_level': {(0, 1): {'bw': 0}, (0, 2): {'bw': 0}}, 'path_level': {(0, 1): {'latency': 0}, (0, 2): {'latency': 8.369500008852853}}}",[],0.0,0.0,True,False,False,0,[],0,0.0,4.0,2.0
40,10,5,1444.0,3004.0,409734.9208311999,785183.8174196339,0.4806924101198402,0.5218331195078885,15,55,1,494.0,41169,7502,33667,0.02062663185378588,0.015527223814258195,39,18.779059754815773,494.0,3,2,True,"{1: 90, 2: 36, 0: 12}","{(0, 1): [(12, 32), (32, 90)], (0, 2): [(12, 80), (80, 10), (10, 36)]}","{(1, 90): {'cpu': 16}, (2, 36): {'cpu': 13}, (0, 12): {'cpu': 7}}","{((0, 1), (12, 32)): {'bw': 27}, ((0, 1), (32, 90)): {'bw': 27}, ((0, 2), (12, 80)): {'bw': 7}, ((0, 2), (80, 10)): {'bw': 7}, ((0, 2), (10, 36)): {'bw': 7}}",111.0,70.0,70.0,36.0,34.0,36.0,34.0,36.0,75.0,41.0,0.6306306306306306,2084.4756327845507,1314.534182837104,11.842650295829767,Success,0.0,"{'node_level': {}, 'link_level': {}, 'path_level': {}}","{'node_level': {1: {'cpu': -84}, 2: {'cpu': -69}, 0: {'cpu': -79}}, 'link_level': {(0, 1): {'bw': -68}, (0, 2): {'bw': -63}}, 'path_level': {(0, 1): {'latency': -2.2522056837924156}, (0, 2): {'latency': -0.38147638432161557}}}","{'node_level': {1: {'cpu': 0}, 2: {'cpu': 0}, 0: {'cpu': 0}}, 'link_level': {(0, 1): {'bw': 0}, (0, 2): {'bw': 0}}, 'path_level': {(0, 1): {'latency': 0}, (0, 2): {'latency': 0}}}",[],0.0,0.0,True,True,False,0,[],0,0.0,3.0,2.0
41,11,6,1500.0,3148.0,412203.3024176472,791531.0843562126,0.4764930114358323,0.5207670432209374,15,56,1,506.0,41025,7490,33535,0.022193211488250708,0.0193870986607404,40,44.0782426151307,506.0,2,1,True,"{1: 25, 0: 53}","{(0, 1): [(53, 20), (20, 36), (36, 25)]}","{(1, 25): {'cpu': 9}, (0, 53): {'cpu': 3}}","{((0, 1), (53, 20)): {'bw': 44}, ((0, 1), (20, 36)): {'bw': 44}, ((0, 1), (36, 25)): {'bw': 44}}",144.0,56.0,56.0,12.0,44.0,12.0,44.0,12.0,132.0,88.0,0.3888888888888889,6347.266936578821,2468.381586447319,17.141538794773048,Success,0.0,"{'node_level': {}, 'link_level': {}, 'path_level': {}}","{'node_level': {1: {'cpu': -87}, 0: {'cpu': -85}}, 'link_level': {(0, 1): {'bw': -37}}, 'path_level': {(0, 1): {'latency': -1.266771698218209}}}","{'node_level': {1: {'cpu': 0}, 0: {'cpu': 0}}, 'link_level': {(0, 1): {'bw': 0}}, 'path_level': {(0, 1): {'latency': 0}}}",[],0.0,0.0,True,True,False,0,[],0,0.0,2.0,1.0
41,11,5,1500.0,3148.0,412203.3024176472,791531.0843562126,0.4764930114358323,0.5207670432209374,15,57,0,512.7790597548158,41136,7526,33610,0.01749347258485645,0.017193987952511813,39,18.779059754815773,494.0,3,2,False,{},{},{},{},0.0,0.0,0.0,0.0,0.0,0.0,0.0,0.0,0.0,0.0,0.0,0.0,0.0,0.0,Leave Event,0.0,"{'node_level': {}, 'link_level': {}, 'path_level': {}}","{'node_level': {}, 'link_level': {}, 'path_level': {}}","{'node_level': {}, 'link_level': {}, 'path_level': {}}",[],0.0,0.0,True,True,False,0,[],0,0.0,,
42,12,6,1587.0,3365.0,459427.1008153055,909319.1792101418,0.4716196136701337,0.5052429458425982,15,58,1,517.0,40919,7504,33415,0.020365535248041744,0.022896075793906068,41,542.8022804328534,517.0,3,2,True,"{1: 90, 2: 36, 0: 12}","{(0, 2): [(12, 80), (80, 10), (10, 36)], (1, 2): [(90, 5), (5, 17), (17, 36)]}","{(1, 90): {'cpu': 13}, (2, 36): {'cpu': 7}, (0, 12): {'cpu': 2}}","{((0, 2), (12, 80)): {'bw': 31}, ((0, 2), (80, 10)): {'bw': 31}, ((0, 2), (10, 36)): {'bw': 31}, ((1, 2), (90, 5)): {'bw': 34}, ((1, 2), (5, 17)): {'bw': 34}, ((1, 2), (17, 36)): {'bw': 34}}",217.0,87.0,87.0,22.0,65.0,22.0,65.0,22.0,195.0,130.0,0.4009216589861751,117788.09485392919,47223.79839765825,217.62119077261863,Success,0.0,"{'node_level': {}, 'link_level': {}, 'path_level': {}}","{'node_level': {1: {'cpu': -87}, 2: {'cpu': -75}, 0: {'cpu': -84}}, 'link_level': {(0, 2): {'bw': -39}, (1, 2): {'bw': -19}}, 'path_level': {(0, 2): {'latency': -1.516672992910662}, (1, 2): {'latency': -1.810213109513123}}}","{'node_level': {1: {'cpu': 0}, 2: {'cpu': 0}, 0: {'cpu': 0}}, 'link_level': {(0, 2): {'bw': 0}, (1, 2): {'bw': 0}}, 'path_level': {(0, 2): {'latency': 0}, (1, 2): {'latency': 0}}}",[],0.0,0.0,True,True,False,0,[],0,0.0,3.0,2.0
43,12,6,1587.0,3365.0,459427.1008153055,909319.1792101418,0.4716196136701337,0.5052429458425982,15,59,1,522.0,40919,7504,33415,0.020365535248041744,0.022896075793906068,42,437.9866750981604,522.0,2,1,False,"{1: 11, 0: 12}","{(0, 1): []}","{(1, 11): {'cpu': 17}, (0, 12): {'cpu': 15}}",{},0.0,0.0,37.0,32.0,5.0,0.0,0.0,0.0,0.0,0.0,0.0,0.0,0.0,0.0,Route Failure,9.33738114136806,"{'node_level': {}, 'link_level': {}, 'path_level': {}}","{'node_level': {1: {'cpu': -73}, 0: {'cpu': -69}}, 'link_level': {(0, 1): {'bw': -55}}, 'path_level': {(0, 1): {'latency': 9.33738114136806}}}","{'node_level': {1: {'cpu': 0}, 0: {'cpu': 0}}, 'link_level': {(0, 1): {'bw': 0}}, 'path_level': {(0, 1): {'latency': 9.33738114136806}}}",[],0.0,0.0,True,False,False,0,[],0,0.0,2.0,1.0
44,12,6,1587.0,3365.0,459427.1008153055,909319.1792101418,0.4716196136701337,0.5052429458425982,15,60,1,539.0,40919,7504,33415,0.020365535248041744,0.022896075793906068,43,648.8909246366952,539.0,9,25,False,"{0: 11, 3: 12, 4: 59, 7: 73, 2: 22, 5: 37, 6: 53, 1: 6, 8: 33}","{(0, 2): [(11, 62), (62, 33), (33, 22)], (0, 3): [(11, 38), (38, 77), (77, 12)], (0, 4): []}","{(0, 11): {'cpu': 20}, (3, 12): {'cpu': 20}, (4, 59): {'cpu': 13}, (7, 73): {'cpu': 12}, (2, 22): {'cpu': 11}, (5, 37): {'cpu': 7}, (6, 53): {'cpu': 6}, (1, 6): {'cpu': 2}, (8, 33): {'cpu': 1}}","{((0, 2), (11, 62)): {'bw': 23}, ((0, 2), (62, 33)): {'bw': 23}, ((0, 2), (33, 22)): {'bw': 23}, ((0, 3), (11, 38)): {'bw': 14}, ((0, 3), (38, 77)): {'bw': 14}, ((0, 3), (77, 12)): {'bw': 14}}",0.0,0.0,715.0,92.0,623.0,0.0,0.0,0.0,0.0,0.0,0.0,0.0,0.0,0.0,Route Failure,10.724101028771733,"{'node_level': {}, 'link_level': {}, 'path_level': {}}","{'node_level': {0: {'cpu': -70}, 3: {'cpu': -64}, 4: {'cpu': -73}, 7: {'cpu': -81}, 2: {'cpu': -77}, 5: {'cpu': -73}, 6: {'cpu': -79}, 1: {'cpu': -98}, 8: {'cpu': -91}}, 'link_level': {(0, 2): {'bw': -34}, (0, 3): {'bw': -75}, (0, 4): {'bw': -54}}, 'path_level': {(0, 2): {'latency': -1.709440489872538}, (0, 3): {'latency': -5.421413514676912}, (0, 4): {'latency': 10.724101028771733}}}","{'node_level': {0: {'cpu': 0}, 3: {'cpu': 0}, 4: {'cpu': 0}, 7: {'cpu': 0}, 2: {'cpu': 0}, 5: {'cpu': 0}, 6: {'cpu': 0}, 1: {'cpu': 0}, 8: {'cpu': 0}}, 'link_level': {(0, 2): {'bw': 0}, (0, 3): {'bw': 0}, (0, 4): {'bw': 0}}, 'path_level': {(0, 2): {'latency': 0}, (0, 3): {'latency': 0}, (0, 4): {'latency': 10.724101028771733}}}",[],0.0,0.0,True,False,False,0,[],0,0.0,9.0,3.0
44,12,6,1587.0,3365.0,459427.1008153055,909319.1792101418,0.4716196136701337,0.5052429458425982,15,61,0,539.6590982581264,40919,7504,33415,0.020365535248041744,0.022896075793906068,29,184.65909825812642,355.0,2,1,False,{},{},{},{},0.0,0.0,0.0,0.0,0.0,0.0,0.0,0.0,0.0,0.0,0.0,0.0,0.0,0.0,Leave Event,0.0,"{'node_level': {}, 'link_level': {}, 'path_level': {}}","{'node_level': {}, 'link_level': {}, 'path_level': {}}","{'node_level': {}, 'link_level': {}, 'path_level': {}}",[],0.0,0.0,True,True,False,0,[],0,0.0,,
44,12,6,1587.0,3365.0,459427.1008153055,909319.1792101418,0.4716196136701337,0.5052429458425982,15,62,0,540.6457975800237,40919,7504,33415,0.020365535248041744,0.022896075793906068,35,108.64579758002371,432.0,4,3,False,{},{},{},{},0.0,0.0,0.0,0.0,0.0,0.0,0.0,0.0,0.0,0.0,0.0,0.0,0.0,0.0,Leave Event,0.0,"{'node_level': {}, 'link_level': {}, 'path_level': {}}","{'node_level': {}, 'link_level': {}, 'path_level': {}}","{'node_level': {}, 'link_level': {}, 'path_level': {}}",[],0.0,0.0,True,True,False,0,[],0,0.0,,
45,12,6,1587.0,3365.0,459427.1008153055,909319.1792101418,0.4716196136701337,0.5052429458425982,15,63,1,549.0,40919,7504,33415,0.020365535248041744,0.022896075793906068,44,1173.6689821840057,549.0,4,4,False,"{2: 11, 1: 12, 0: 59, 3: 73}","{(0, 1): [(59, 93), (93, 12)], (1, 2): []}","{(2, 11): {'cpu': 19}, (1, 12): {'cpu': 15}, (0, 59): {'cpu': 12}, (3, 73): {'cpu': 11}}","{((0, 1), (59, 93)): {'bw': 20}, ((0, 1), (93, 12)): {'bw': 20}}",0.0,0.0,186.0,57.0,129.0,0.0,0.0,0.0,0.0,0.0,0.0,0.0,0.0,0.0,Route Failure,9.0353728814183,"{'node_level': {}, 'link_level': {}, 'path_level': {}}","{'node_level': {2: {'cpu': -71}, 1: {'cpu': -69}, 0: {'cpu': -74}, 3: {'cpu': -82}}, 'link_level': {(0, 1): {'bw': -32}, (1, 2): {'bw': -34}}, 'path_level': {(0, 1): {'latency': -4.857524032565003}, (1, 2): {'latency': 9.0353728814183}}}","{'node_level': {2: {'cpu': 0}, 1: {'cpu': 0}, 0: {'cpu': 0}, 3: {'cpu': 0}}, 'link_level': {(0, 1): {'bw': 0}, (1, 2): {'bw': 0}}, 'path_level': {(0, 1): {'latency': 0}, (1, 2): {'latency': 9.0353728814183}}}",[],0.0,0.0,True,False,False,0,[],0,0.0,4.0,2.0
45,12,5,1587.0,3365.0,459427.1008153055,909319.1792101418,0.4716196136701337,0.5052429458425982,15,64,0,550.0782426151306,41063,7516,33547,0.01879895561357703,0.019036200947423865,40,44.0782426151307,506.0,2,1,False,{},{},{},{},0.0,0.0,0.0,0.0,0.0,0.0,0.0,0.0,0.0,0.0,0.0,0.0,0.0,0.0,Leave Event,0.0,"{'node_level': {}, 'link_level': {}, 'path_level': {}}","{'node_level': {}, 'link_level': {}, 'path_level': {}}","{'node_level': {}, 'link_level': {}, 'path_level': {}}",[],0.0,0.0,True,True,False,0,[],0,0.0,,
46,12,5,1587.0,3365.0,459427.1008153055,909319.1792101418,0.4716196136701337,0.5052429458425982,15,65,1,558.0,41063,7516,33547,0.01879895561357703,0.019036200947423865,45,8.42948937234963,558.0,8,14,False,"{5: 25, 4: 53, 7: 11, 3: 12, 6: 59, 0: 73, 1: 22, 2: 37}","{(0, 3): [(73, 18), (18, 93), (93, 12)], (0, 4): [(73, 18), (18, 20), (20, 53)], (0, 5): [(73, 25)], (1, 7): []}","{(5, 25): {'cpu': 19}, (4, 53): {'cpu': 17}, (7, 11): {'cpu': 17}, (3, 12): {'cpu': 11}, (6, 59): {'cpu': 9}, (0, 73): {'cpu': 7}, (1, 22): {'cpu': 5}, (2, 37): {'cpu': 2}}","{((0, 3), (73, 18)): {'bw': 41}, ((0, 3), (18, 93)): {'bw': 41}, ((0, 3), (93, 12)): {'bw': 41}, ((0, 4), (73, 18)): {'bw': 24}, ((0, 4), (18, 20)): {'bw': 24}, ((0, 4), (20, 53)): {'bw': 24}, ((0, 5), (73, 25)): {'bw': 10}}",0.0,0.0,426.0,87.0,339.0,0.0,0.0,0.0,0.0,0.0,0.0,0.0,0.0,0.0,Route Failure,11.671622782974655,"{'node_level': {}, 'link_level': {}, 'path_level': {}}","{'node_level': {5: {'cpu': -77}, 4: {'cpu': -71}, 7: {'cpu': -73}, 3: {'cpu': -73}, 6: {'cpu': -77}, 0: {'cpu': -86}, 1: {'cpu': -83}, 2: {'cpu': -78}}, 'link_level': {(0, 3): {'bw': -30}, (0, 4): {'bw': -16}, (0, 5): {'bw': -47}, (1, 7): {'bw': -44}}, 'path_level': {(0, 3): {'latency': -4.51542382690344}, (0, 4): {'latency': -2.9536951878225945}, (0, 5): {'latency': -9.328131627590903}, (1, 7): {'latency': 11.671622782974655}}}","{'node_level': {5: {'cpu': 0}, 4: {'cpu': 0}, 7: {'cpu': 0}, 3: {'cpu': 0}, 6: {'cpu': 0}, 0: {'cpu': 0}, 1: {'cpu': 0}, 2: {'cpu': 0}}, 'link_level': {(0, 3): {'bw': 0}, (0, 4): {'bw': 0}, (0, 5): {'bw': 0}, (1, 7): {'bw': 0}}, 'path_level': {(0, 3): {'latency': 0}, (0, 4): {'latency': 0}, (0, 5): {'latency': 0}, (1, 7): {'latency': 11.671622782974655}}}",[],0.0,0.0,True,False,False,0,[],0,0.0,8.0,4.0
47,12,5,1587.0,3365.0,459427.1008153055,909319.1792101418,0.4716196136701337,0.5052429458425982,15,66,1,565.0,41063,7516,33547,0.01879895561357703,0.019036200947423865,46,1135.0195351897432,565.0,5,5,False,"{0: 25, 3: 53, 2: 11, 4: 12, 1: 59}","{(0, 2): [(25, 39), (39, 43), (43, 11)], (0, 4): [(25, 33), (33, 32), (32, 12)], (1, 2): [(59, 71), (71, 11)], (2, 3): []}","{(0, 25): {'cpu': 16}, (3, 53): {'cpu': 16}, (2, 11): {'cpu': 15}, (4, 12): {'cpu': 13}, (1, 59): {'cpu': 2}}","{((0, 2), (25, 39)): {'bw': 18}, ((0, 2), (39, 43)): {'bw': 18}, ((0, 2), (43, 11)): {'bw': 18}, ((0, 4), (25, 33)): {'bw': 3}, ((0, 4), (33, 32)): {'bw': 3}, ((0, 4), (32, 12)): {'bw': 3}, ((1, 2), (59, 71)): {'bw': 5}, ((1, 2), (71, 11)): {'bw': 5}}",0.0,0.0,137.0,62.0,75.0,0.0,0.0,0.0,0.0,0.0,0.0,0.0,0.0,0.0,Route Failure,9.836378329280883,"{'node_level': {}, 'link_level': {}, 'path_level': {}}","{'node_level': {0: {'cpu': -80}, 3: {'cpu': -72}, 2: {'cpu': -75}, 4: {'cpu': -71}, 1: {'cpu': -84}}, 'link_level': {(0, 2): {'bw': -1}, (0, 4): {'bw': -73}, (1, 2): {'bw': -45}, (2, 3): {'bw': -36}}, 'path_level': {(0, 2): {'latency': -2.06061368172793}, (0, 4): {'latency': -5.172246543369038}, (1, 2): {'latency': -0.20364861825300817}, (2, 3): {'latency': 9.836378329280883}}}","{'node_level': {0: {'cpu': 0}, 3: {'cpu': 0}, 2: {'cpu': 0}, 4: {'cpu': 0}, 1: {'cpu': 0}}, 'link_level': {(0, 2): {'bw': 0}, (0, 4): {'bw': 0}, (1, 2): {'bw': 0}, (2, 3): {'bw': 0}}, 'path_level': {(0, 2): {'latency': 0}, (0, 4): {'latency': 0}, (1, 2): {'latency': 0}, (2, 3): {'latency': 9.836378329280883}}}",[],0.0,0.0,True,False,False,0,[],0,0.0,5.0,4.0
47,12,5,1587.0,3365.0,459427.1008153055,909319.1792101418,0.4716196136701337,0.5052429458425982,15,67,0,566.143293988245,41063,7516,33547,0.01879895561357703,0.019036200947423865,14,394.14329398824503,172.0,6,6,False,{},{},{},{},0.0,0.0,0.0,0.0,0.0,0.0,0.0,0.0,0.0,0.0,0.0,0.0,0.0,0.0,Leave Event,0.0,"{'node_level': {}, 'link_level': {}, 'path_level': {}}","{'node_level': {}, 'link_level': {}, 'path_level': {}}","{'node_level': {}, 'link_level': {}, 'path_level': {}}",[],0.0,0.0,True,True,False,0,[],0,0.0,,
47,12,5,1587.0,3365.0,459427.1008153055,909319.1792101418,0.4716196136701337,0.5052429458425982,15,68,0,566.4294893723496,41063,7516,33547,0.01879895561357703,0.019036200947423865,45,8.42948937234963,558.0,8,14,False,{},{},{},{},0.0,0.0,0.0,0.0,0.0,0.0,0.0,0.0,0.0,0.0,0.0,0.0,0.0,0.0,Leave Event,0.0,"{'node_level': {}, 'link_level': {}, 'path_level': {}}","{'node_level': {}, 'link_level': {}, 'path_level': {}}","{'node_level': {}, 'link_level': {}, 'path_level': {}}",[],0.0,0.0,True,True,False,0,[],0,0.0,,
48,12,5,1587.0,3365.0,459427.1008153055,909319.1792101418,0.4716196136701337,0.5052429458425982,15,69,1,578.0,41063,7516,33547,0.01879895561357703,0.019036200947423865,47,350.489873315436,578.0,9,14,False,"{6: 25, 2: 53, 0: 11, 1: 12, 3: 59, 7: 73, 4: 22, 8: 37, 5: 6}","{(0, 3): [(11, 71), (71, 59)], (0, 4): [(11, 43), (43, 42), (42, 61), (61, 22)], (0, 5): []}","{(6, 25): {'cpu': 18}, (2, 53): {'cpu': 15}, (0, 11): {'cpu': 11}, (1, 12): {'cpu': 11}, (3, 59): {'cpu': 10}, (7, 73): {'cpu': 9}, (4, 22): {'cpu': 6}, (8, 37): {'cpu': 4}, (5, 6): {'cpu': 3}}","{((0, 3), (11, 71)): {'bw': 21}, ((0, 3), (71, 59)): {'bw': 21}, ((0, 4), (11, 43)): {'bw': 4}, ((0, 4), (43, 42)): {'bw': 4}, ((0, 4), (42, 61)): {'bw': 4}, ((0, 4), (61, 22)): {'bw': 4}}",0.0,0.0,397.0,87.0,310.0,0.0,0.0,0.0,0.0,0.0,0.0,0.0,0.0,0.0,Route Failure,8.0,"{'node_level': {}, 'link_level': {}, 'path_level': {}}","{'node_level': {6: {'cpu': -78}, 2: {'cpu': -73}, 0: {'cpu': -79}, 1: {'cpu': -73}, 3: {'cpu': -76}, 7: {'cpu': -84}, 4: {'cpu': -82}, 8: {'cpu': -76}, 5: {'cpu': -97}}, 'link_level': {(0, 3): {'bw': -29}, (0, 4): {'bw': -62}, (0, 5): {'bw': 8}}, 'path_level': {(0, 3): {'latency': -1.4076748810404016}, (0, 4): {'latency': -1.8724382873899108}, (0, 5): {'latency': 5.322655676182038}}}","{'node_level': {6: {'cpu': 0}, 2: {'cpu': 0}, 0: {'cpu': 0}, 1: {'cpu': 0}, 3: {'cpu': 0}, 7: {'cpu': 0}, 4: {'cpu': 0}, 8: {'cpu': 0}, 5: {'cpu': 0}}, 'link_level': {(0, 3): {'bw': 0}, (0, 4): {'bw': 0}, (0, 5): {'bw': 8}}, 'path_level': {(0, 3): {'latency': 0}, (0, 4): {'latency': 0}, (0, 5): {'latency': 5.322655676182038}}}",[],0.0,0.0,True,False,False,0,[],0,0.0,9.0,3.0
49,12,5,1587.0,3365.0,459427.1008153055,909319.1792101418,0.4716196136701337,0.5052429458425982,15,70,1,591.0,41063,7516,33547,0.01879895561357703,0.019036200947423865,48,477.02154256769484,591.0,10,24,False,"{5: 25, 2: 53, 3: 11, 4: 12, 6: 59, 9: 73, 8: 22, 0: 37, 1: 6, 7: 33}","{(0, 5): []}","{(5, 25): {'cpu': 19}, (2, 53): {'cpu': 18}, (3, 11): {'cpu': 18}, (4, 12): {'cpu': 18}, (6, 59): {'cpu': 13}, (9, 73): {'cpu': 7}, (8, 22): {'cpu': 6}, (0, 37): {'cpu': 4}, (1, 6): {'cpu': 3}, (7, 33): {'cpu': 2}}",{},0.0,0.0,685.0,108.0,577.0,0.0,0.0,0.0,0.0,0.0,0.0,0.0,0.0,0.0,Route Failure,6.554275974847741,"{'node_level': {}, 'link_level': {}, 'path_level': {}}","{'node_level': {5: {'cpu': -77}, 2: {'cpu': -70}, 3: {'cpu': -72}, 4: {'cpu': -66}, 6: {'cpu': -73}, 9: {'cpu': -86}, 8: {'cpu': -82}, 0: {'cpu': -76}, 1: {'cpu': -97}, 7: {'cpu': -90}}, 'link_level': {(0, 5): {'bw': -23}}, 'path_level': {(0, 5): {'latency': 6.554275974847741}}}","{'node_level': {5: {'cpu': 0}, 2: {'cpu': 0}, 3: {'cpu': 0}, 4: {'cpu': 0}, 6: {'cpu': 0}, 9: {'cpu': 0}, 8: {'cpu': 0}, 0: {'cpu': 0}, 1: {'cpu': 0}, 7: {'cpu': 0}}, 'link_level': {(0, 5): {'bw': 0}}, 'path_level': {(0, 5): {'latency': 6.554275974847741}}}",[],0.0,0.0,True,False,False,0,[],0,0.0,10.0,1.0
49,12,5,1587.0,3365.0,459427.1008153055,909319.1792101418,0.4716196136701337,0.5052429458425982,15,71,0,591.5416162350841,41063,7516,33547,0.01879895561357703,0.019036200947423865,4,525.5416162350841,66.0,9,24,False,{},{},{},{},0.0,0.0,0.0,0.0,0.0,0.0,0.0,0.0,0.0,0.0,0.0,0.0,0.0,0.0,Leave Event,0.0,"{'node_level': {}, 'link_level': {}, 'path_level': {}}","{'node_level': {}, 'link_level': {}, 'path_level': {}}","{'node_level': {}, 'link_level': {}, 'path_level': {}}",[],0.0,0.0,True,True,False,0,[],0,0.0,,
50,12,5,1587.0,3365.0,459427.1008153055,909319.1792101418,0.4716196136701337,0.5052429458425982,15,72,1,604.0,41063,7516,33547,0.01879895561357703,0.019036200947423865,49,72.36588429480402,604.0,4,4,False,"{2: 25, 0: 53, 1: 11, 3: 12}","{(0, 1): []}","{(2, 25): {'cpu': 18}, (0, 53): {'cpu': 12}, (1, 11): {'cpu': 10}, (3, 12): {'cpu': 9}}",{},0.0,0.0,177.0,49.0,128.0,0.0,0.0,0.0,0.0,0.0,0.0,0.0,0.0,0.0,Route Failure,7.637348361572248,"{'node_level': {}, 'link_level': {}, 'path_level': {}}","{'node_level': {2: {'cpu': -78}, 0: {'cpu': -76}, 1: {'cpu': -80}, 3: {'cpu': -75}}, 'link_level': {(0, 1): {'bw': -2}}, 'path_level': {(0, 1): {'latency': 7.637348361572248}}}","{'node_level': {2: {'cpu': 0}, 0: {'cpu': 0}, 1: {'cpu': 0}, 3: {'cpu': 0}}, 'link_level': {(0, 1): {'bw': 0}}, 'path_level': {(0, 1): {'latency': 7.637348361572248}}}",[],0.0,0.0,True,False,False,0,[],0,0.0,4.0,1.0
50,12,5,1587.0,3365.0,459427.1008153055,909319.1792101418,0.4716196136701337,0.5052429458425982,15,73,0,612.6154403784817,41063,7516,33547,0.01879895561357703,0.019036200947423865,38,130.61544037848168,482.0,4,4,False,{},{},{},{},0.0,0.0,0.0,0.0,0.0,0.0,0.0,0.0,0.0,0.0,0.0,0.0,0.0,0.0,Leave Event,0.0,"{'node_level': {}, 'link_level': {}, 'path_level': {}}","{'node_level': {}, 'link_level': {}, 'path_level': {}}","{'node_level': {}, 'link_level': {}, 'path_level': {}}",[],0.0,0.0,True,True,False,0,[],0,0.0,,
51,12,5,1587.0,3365.0,459427.1008153055,909319.1792101418,0.4716196136701337,0.5052429458425982,15,74,1,614.0,41063,7516,33547,0.01879895561357703,0.019036200947423865,50,319.29925958263146,614.0,8,13,False,"{0: 25, 4: 53, 6: 11, 7: 12, 5: 59, 1: 73, 2: 22, 3: 37}","{(0, 1): [(25, 73)], (1, 2): []}","{(0, 25): {'cpu': 20}, (4, 53): {'cpu': 20}, (6, 11): {'cpu': 15}, (7, 12): {'cpu': 15}, (5, 59): {'cpu': 13}, (1, 73): {'cpu': 10}, (2, 22): {'cpu': 10}, (3, 37): {'cpu': 1}}","{((0, 1), (25, 73)): {'bw': 45}}",0.0,0.0,387.0,104.0,283.0,0.0,0.0,0.0,0.0,0.0,0.0,0.0,0.0,0.0,Route Failure,6.005266973482426,"{'node_level': {}, 'link_level': {}, 'path_level': {}}","{'node_level': {0: {'cpu': -76}, 4: {'cpu': -68}, 6: {'cpu': -75}, 7: {'cpu': -69}, 5: {'cpu': -73}, 1: {'cpu': -83}, 2: {'cpu': -78}, 3: {'cpu': -79}}, 'link_level': {(0, 1): {'bw': -12}, (1, 2): {'bw': 5}}, 'path_level': {(0, 1): {'latency': -4.999579298500429}, (1, 2): {'latency': 6.005266973482426}}}","{'node_level': {0: {'cpu': 0}, 4: {'cpu': 0}, 6: {'cpu': 0}, 7: {'cpu': 0}, 5: {'cpu': 0}, 1: {'cpu': 0}, 2: {'cpu': 0}, 3: {'cpu': 0}}, 'link_level': {(0, 1): {'bw': 0}, (1, 2): {'bw': 5}}, 'path_level': {(0, 1): {'latency': 0}, (1, 2): {'latency': 6.005266973482426}}}",[],0.0,0.0,True,False,False,0,[],0,0.0,8.0,2.0
52,12,5,1587.0,3365.0,459427.1008153055,909319.1792101418,0.4716196136701337,0.5052429458425982,15,75,1,630.0,41063,7516,33547,0.01879895561357703,0.019036200947423865,51,503.3395684587858,630.0,9,20,False,"{5: 25, 0: 53, 8: 11, 2: 12, 6: 59, 3: 73, 1: 22, 4: 37, 7: 6}","{(0, 1): [(53, 40), (40, 22)], (0, 3): [(53, 48), (48, 7), (7, 25), (25, 73)], (0, 5): [(53, 48), (48, 7), (7, 25)], (0, 6): [(53, 20), (20, 63), (63, 59)], (0, 7): [(53, 40), (40, 6)], (1, 3): []}","{(5, 25): {'cpu': 19}, (0, 53): {'cpu': 18}, (8, 11): {'cpu': 17}, (2, 12): {'cpu': 15}, (6, 59): {'cpu': 12}, (3, 73): {'cpu': 8}, (1, 22): {'cpu': 5}, (4, 37): {'cpu': 2}, (7, 6): {'cpu': 1}}","{((0, 1), (53, 40)): {'bw': 25}, ((0, 1), (40, 22)): {'bw': 25}, ((0, 3), (53, 48)): {'bw': 32}, ((0, 3), (48, 7)): {'bw': 32}, ((0, 3), (7, 25)): {'bw': 32}, ((0, 3), (25, 73)): {'bw': 32}, ((0, 5), (53, 48)): {'bw': 13}, ((0, 5), (48, 7)): {'bw': 13}, ((0, 5), (7, 25)): {'bw': 13}, ((0, 6), (53, 20)): {'bw': 13}, ((0, 6), (20, 63)): {'bw': 13}, ((0, 6), (63, 59)): {'bw': 13}, ((0, 7), (53, 40)): {'bw': 5}, ((0, 7), (40, 6)): {'bw': 5}}",0.0,0.0,526.0,97.0,429.0,0.0,0.0,0.0,0.0,0.0,0.0,0.0,0.0,0.0,Route Failure,10.0,"{'node_level': {}, 'link_level': {}, 'path_level': {}}","{'node_level': {5: {'cpu': -77}, 0: {'cpu': -70}, 8: {'cpu': -73}, 2: {'cpu': -69}, 6: {'cpu': -74}, 3: {'cpu': -85}, 1: {'cpu': -83}, 4: {'cpu': -78}, 7: {'cpu': -99}}, 'link_level': {(0, 1): {'bw': -29}, (0, 3): {'bw': -23}, (0, 5): {'bw': -10}, (0, 6): {'bw': -25}, (0, 7): {'bw': -26}, (1, 3): {'bw': 10}}, 'path_level': {(0, 1): {'latency': -6.873305669346776}, (0, 3): {'latency': -0.5085812054274808}, (0, 5): {'latency': -0.4410043682901019}, (0, 6): {'latency': -5.568078289214359}, (0, 7): {'latency': -0.41738114747620436}, (1, 3): {'latency': 2.13564757603623}}}","{'node_level': {5: {'cpu': 0}, 0: {'cpu': 0}, 8: {'cpu': 0}, 2: {'cpu': 0}, 6: {'cpu': 0}, 3: {'cpu': 0}, 1: {'cpu': 0}, 4: {'cpu': 0}, 7: {'cpu': 0}}, 'link_level': {(0, 1): {'bw': 0}, (0, 3): {'bw': 0}, (0, 5): {'bw': 0}, (0, 6): {'bw': 0}, (0, 7): {'bw': 0}, (1, 3): {'bw': 10}}, 'path_level': {(0, 1): {'latency': 0}, (0, 3): {'latency': 0}, (0, 5): {'latency': 0}, (0, 6): {'latency': 0}, (0, 7): {'latency': 0}, (1, 3): {'latency': 2.13564757603623}}}",[],0.0,0.0,True,False,False,0,[],0,0.0,9.0,6.0
52,12,5,1587.0,3365.0,459427.1008153055,909319.1792101418,0.4716196136701337,0.5052429458425982,15,76,0,631.0178031143265,41063,7516,33547,0.01879895561357703,0.019036200947423865,3,585.0178031143265,46.0,10,27,False,{},{},{},{},0.0,0.0,0.0,0.0,0.0,0.0,0.0,0.0,0.0,0.0,0.0,0.0,0.0,0.0,Leave Event,0.0,"{'node_level': {}, 'link_level': {}, 'path_level': {}}","{'node_level': {}, 'link_level': {}, 'path_level': {}}","{'node_level': {}, 'link_level': {}, 'path_level': {}}",[],0.0,0.0,True,True,False,0,[],0,0.0,,
52,12,5,1587.0,3365.0,459427.1008153055,909319.1792101418,0.4716196136701337,0.5052429458425982,15,77,0,635.2287029526603,41063,7516,33547,0.01879895561357703,0.019036200947423865,23,349.2287029526604,286.0,4,4,False,{},{},{},{},0.0,0.0,0.0,0.0,0.0,0.0,0.0,0.0,0.0,0.0,0.0,0.0,0.0,0.0,Leave Event,0.0,"{'node_level': {}, 'link_level': {}, 'path_level': {}}","{'node_level': {}, 'link_level': {}, 'path_level': {}}","{'node_level': {}, 'link_level': {}, 'path_level': {}}",[],0.0,0.0,True,True,False,0,[],0,0.0,,
53,12,5,1587.0,3365.0,459427.1008153055,909319.1792101418,0.4716196136701337,0.5052429458425982,15,78,1,638.0,41063,7516,33547,0.01879895561357703,0.019036200947423865,52,338.4279392314331,638.0,9,21,False,"{3: 25, 5: 53, 7: 11, 1: 12, 6: 59, 4: 73, 0: 22, 8: 37, 2: 6}","{(0, 2): []}","{(3, 25): {'cpu': 20}, (5, 53): {'cpu': 18}, (7, 11): {'cpu': 17}, (1, 12): {'cpu': 14}, (6, 59): {'cpu': 10}, (4, 73): {'cpu': 5}, (0, 22): {'cpu': 3}, (8, 37): {'cpu': 3}, (2, 6): {'cpu': 1}}",{},0.0,0.0,631.0,91.0,540.0,0.0,0.0,0.0,0.0,0.0,0.0,0.0,0.0,0.0,Route Failure,9.731596606724919,"{'node_level': {}, 'link_level': {}, 'path_level': {}}","{'node_level': {3: {'cpu': -76}, 5: {'cpu': -70}, 7: {'cpu': -73}, 1: {'cpu': -70}, 6: {'cpu': -76}, 4: {'cpu': -88}, 0: {'cpu': -85}, 8: {'cpu': -77}, 2: {'cpu': -99}}, 'link_level': {(0, 2): {'bw': -44}}, 'path_level': {(0, 2): {'latency': 9.731596606724919}}}","{'node_level': {3: {'cpu': 0}, 5: {'cpu': 0}, 7: {'cpu': 0}, 1: {'cpu': 0}, 6: {'cpu': 0}, 4: {'cpu': 0}, 0: {'cpu': 0}, 8: {'cpu': 0}, 2: {'cpu': 0}}, 'link_level': {(0, 2): {'bw': 0}}, 'path_level': {(0, 2): {'latency': 9.731596606724919}}}",[],0.0,0.0,True,False,False,0,[],0,0.0,9.0,1.0
53,12,5,1587.0,3365.0,459427.1008153055,909319.1792101418,0.4716196136701337,0.5052429458425982,15,79,0,642.8824333146167,41063,7516,33547,0.01879895561357703,0.019036200947423865,25,334.8824333146168,308.0,10,26,False,{},{},{},{},0.0,0.0,0.0,0.0,0.0,0.0,0.0,0.0,0.0,0.0,0.0,0.0,0.0,0.0,Leave Event,0.0,"{'node_level': {}, 'link_level': {}, 'path_level': {}}","{'node_level': {}, 'link_level': {}, 'path_level': {}}","{'node_level': {}, 'link_level': {}, 'path_level': {}}",[],0.0,0.0,True,True,False,0,[],0,0.0,,
53,12,4,1587.0,3365.0,459427.1008153055,909319.1792101418,0.4716196136701337,0.5052429458425982,15,80,0,644.254552049156,41200,7545,33655,0.015013054830287254,0.01587812152757473,27,310.25455204915596,334.0,4,3,False,{},{},{},{},0.0,0.0,0.0,0.0,0.0,0.0,0.0,0.0,0.0,0.0,0.0,0.0,0.0,0.0,Leave Event,0.0,"{'node_level': {}, 'link_level': {}, 'path_level': {}}","{'node_level': {}, 'link_level': {}, 'path_level': {}}","{'node_level': {}, 'link_level': {}, 'path_level': {}}",[],0.0,0.0,True,True,False,0,[],0,0.0,,
54,12,4,1587.0,3365.0,459427.1008153055,909319.1792101418,0.4716196136701337,0.5052429458425982,15,81,1,646.0,41200,7545,33655,0.015013054830287254,0.01587812152757473,53,1339.835363746077,646.0,4,5,False,"{1: 44, 3: 25, 0: 53, 2: 11}","{(0, 2): []}","{(1, 44): {'cpu': 17}, (3, 25): {'cpu': 16}, (0, 53): {'cpu': 15}, (2, 11): {'cpu': 2}}",{},0.0,0.0,174.0,50.0,124.0,0.0,0.0,0.0,0.0,0.0,0.0,0.0,0.0,0.0,Route Failure,15.0,"{'node_level': {}, 'link_level': {}, 'path_level': {}}","{'node_level': {1: {'cpu': -83}, 3: {'cpu': -80}, 0: {'cpu': -73}, 2: {'cpu': -88}}, 'link_level': {(0, 2): {'bw': 15}}, 'path_level': {(0, 2): {'latency': 3.921801596403835}}}","{'node_level': {1: {'cpu': 0}, 3: {'cpu': 0}, 0: {'cpu': 0}, 2: {'cpu': 0}}, 'link_level': {(0, 2): {'bw': 15}}, 'path_level': {(0, 2): {'latency': 3.921801596403835}}}",[],0.0,0.0,True,False,False,0,[],0,0.0,4.0,1.0
55,12,4,1587.0,3365.0,459427.1008153055,909319.1792101418,0.4716196136701337,0.5052429458425982,15,82,1,661.0,41200,7545,33655,0.015013054830287254,0.01587812152757473,54,1373.6073770258297,661.0,9,18,False,"{5: 44, 2: 25, 0: 53, 3: 11, 8: 34, 6: 59, 1: 12, 7: 73, 4: 22}","{(0, 2): []}","{(5, 44): {'cpu': 19}, (2, 25): {'cpu': 14}, (0, 53): {'cpu': 11}, (3, 11): {'cpu': 10}, (8, 34): {'cpu': 10}, (6, 59): {'cpu': 9}, (1, 12): {'cpu': 8}, (7, 73): {'cpu': 7}, (4, 22): {'cpu': 4}}",{},0.0,0.0,521.0,92.0,429.0,0.0,0.0,0.0,0.0,0.0,0.0,0.0,0.0,0.0,Route Failure,3.5038477254941434,"{'node_level': {}, 'link_level': {}, 'path_level': {}}","{'node_level': {5: {'cpu': -81}, 2: {'cpu': -82}, 0: {'cpu': -77}, 3: {'cpu': -80}, 8: {'cpu': -76}, 6: {'cpu': -78}, 1: {'cpu': -76}, 7: {'cpu': -86}, 4: {'cpu': -84}}, 'link_level': {(0, 2): {'bw': -71}}, 'path_level': {(0, 2): {'latency': 3.5038477254941434}}}","{'node_level': {5: {'cpu': 0}, 2: {'cpu': 0}, 0: {'cpu': 0}, 3: {'cpu': 0}, 8: {'cpu': 0}, 6: {'cpu': 0}, 1: {'cpu': 0}, 7: {'cpu': 0}, 4: {'cpu': 0}}, 'link_level': {(0, 2): {'bw': 0}}, 'path_level': {(0, 2): {'latency': 3.5038477254941434}}}",[],0.0,0.0,True,False,False,0,[],0,0.0,9.0,1.0
56,12,4,1587.0,3365.0,459427.1008153055,909319.1792101418,0.4716196136701337,0.5052429458425982,15,83,1,673.0,41200,7545,33655,0.015013054830287254,0.01587812152757473,55,346.5350454987206,673.0,7,7,False,"{1: 44, 6: 25, 0: 53, 5: 11, 3: 34, 4: 59, 2: 12}","{(0, 2): []}","{(1, 44): {'cpu': 20}, (6, 25): {'cpu': 19}, (0, 53): {'cpu': 18}, (5, 11): {'cpu': 17}, (3, 34): {'cpu': 10}, (4, 59): {'cpu': 5}, (2, 12): {'cpu': 3}}",{},0.0,0.0,284.0,92.0,192.0,0.0,0.0,0.0,0.0,0.0,0.0,0.0,0.0,0.0,Route Failure,8.462455991158418,"{'node_level': {}, 'link_level': {}, 'path_level': {}}","{'node_level': {1: {'cpu': -80}, 6: {'cpu': -77}, 0: {'cpu': -70}, 5: {'cpu': -73}, 3: {'cpu': -76}, 4: {'cpu': -82}, 2: {'cpu': -81}}, 'link_level': {(0, 2): {'bw': -22}}, 'path_level': {(0, 2): {'latency': 8.462455991158418}}}","{'node_level': {1: {'cpu': 0}, 6: {'cpu': 0}, 0: {'cpu': 0}, 5: {'cpu': 0}, 3: {'cpu': 0}, 4: {'cpu': 0}, 2: {'cpu': 0}}, 'link_level': {(0, 2): {'bw': 0}}, 'path_level': {(0, 2): {'latency': 8.462455991158418}}}",[],0.0,0.0,True,False,False,0,[],0,0.0,7.0,1.0
56,12,4,1587.0,3365.0,459427.1008153055,909319.1792101418,0.4716196136701337,0.5052429458425982,15,84,0,676.365884294804,41200,7545,33655,0.015013054830287254,0.01587812152757473,49,72.36588429480402,604.0,4,4,False,{},{},{},{},0.0,0.0,0.0,0.0,0.0,0.0,0.0,0.0,0.0,0.0,0.0,0.0,0.0,0.0,Leave Event,0.0,"{'node_level': {}, 'link_level': {}, 'path_level': {}}","{'node_level': {}, 'link_level': {}, 'path_level': {}}","{'node_level': {}, 'link_level': {}, 'path_level': {}}",[],0.0,0.0,True,True,False,0,[],0,0.0,,
57,12,4,1587.0,3365.0,459427.1008153055,909319.1792101418,0.4716196136701337,0.5052429458425982,15,85,1,685.0,41200,7545,33655,0.015013054830287254,0.01587812152757473,56,263.5075596807512,685.0,5,8,False,"{3: 44, 2: 25, 0: 53, 1: 11, 4: 34}","{(0, 1): []}","{(3, 44): {'cpu': 18}, (2, 25): {'cpu': 16}, (0, 53): {'cpu': 13}, (1, 11): {'cpu': 12}, (4, 34): {'cpu': 5}}",{},0.0,0.0,281.0,64.0,217.0,0.0,0.0,0.0,0.0,0.0,0.0,0.0,0.0,0.0,Route Failure,7.412803823744819,"{'node_level': {}, 'link_level': {}, 'path_level': {}}","{'node_level': {3: {'cpu': -82}, 2: {'cpu': -80}, 0: {'cpu': -75}, 1: {'cpu': -78}, 4: {'cpu': -81}}, 'link_level': {(0, 1): {'bw': -29}}, 'path_level': {(0, 1): {'latency': 7.412803823744819}}}","{'node_level': {3: {'cpu': 0}, 2: {'cpu': 0}, 0: {'cpu': 0}, 1: {'cpu': 0}, 4: {'cpu': 0}}, 'link_level': {(0, 1): {'bw': 0}}, 'path_level': {(0, 1): {'latency': 7.412803823744819}}}",[],0.0,0.0,True,False,False,0,[],0,0.0,5.0,1.0
58,13,5,1634.0,3434.0,498558.05084359157,966766.7441452852,0.47582993593476997,0.5156963185409991,15,86,1,700.0,41131,7520,33611,0.018276762402088753,0.017164746476402093,57,832.5734048571513,700.0,2,1,True,"{0: 44, 1: 25}","{(0, 1): [(44, 64), (64, 25)]}","{(0, 44): {'cpu': 17}, (1, 25): {'cpu': 8}}","{((0, 1), (44, 64)): {'bw': 22}, ((0, 1), (64, 25)): {'bw': 22}}",69.0,47.0,47.0,25.0,22.0,25.0,22.0,25.0,44.0,22.0,0.6811594202898551,57447.56493514344,39130.95002828611,567.115217801248,Success,0.0,"{'node_level': {}, 'link_level': {}, 'path_level': {}}","{'node_level': {0: {'cpu': -83}, 1: {'cpu': -88}}, 'link_level': {(0, 1): {'bw': -46}}, 'path_level': {(0, 1): {'latency': -2.9573284565586917}}}","{'node_level': {0: {'cpu': 0}, 1: {'cpu': 0}}, 'link_level': {(0, 1): {'bw': 0}}, 'path_level': {(0, 1): {'latency': 0}}}",[],0.0,0.0,True,True,False,0,[],0,0.0,2.0,1.0
59,13,5,1634.0,3434.0,498558.05084359157,966766.7441452852,0.47582993593476997,0.5156963185409991,15,87,1,715.0,41131,7520,33611,0.018276762402088753,0.017164746476402093,58,362.5993729760375,715.0,7,10,False,"{5: 53, 1: 11, 6: 34, 0: 59, 2: 12, 4: 73, 3: 22}","{(0, 3): []}","{(5, 53): {'cpu': 20}, (1, 11): {'cpu': 11}, (6, 34): {'cpu': 8}, (0, 59): {'cpu': 6}, (2, 12): {'cpu': 4}, (4, 73): {'cpu': 3}, (3, 22): {'cpu': 2}}",{},0.0,0.0,289.0,54.0,235.0,0.0,0.0,0.0,0.0,0.0,0.0,0.0,0.0,0.0,Route Failure,9.55204533382381,"{'node_level': {}, 'link_level': {}, 'path_level': {}}","{'node_level': {5: {'cpu': -68}, 1: {'cpu': -79}, 6: {'cpu': -78}, 0: {'cpu': -81}, 2: {'cpu': -80}, 4: {'cpu': -90}, 3: {'cpu': -86}}, 'link_level': {(0, 3): {'bw': -8}}, 'path_level': {(0, 3): {'latency': 9.55204533382381}}}","{'node_level': {5: {'cpu': 0}, 1: {'cpu': 0}, 6: {'cpu': 0}, 0: {'cpu': 0}, 2: {'cpu': 0}, 4: {'cpu': 0}, 3: {'cpu': 0}}, 'link_level': {(0, 3): {'bw': 0}}, 'path_level': {(0, 3): {'latency': 9.55204533382381}}}",[],0.0,0.0,True,False,False,0,[],0,0.0,7.0,1.0
60,13,5,1634.0,3434.0,498558.05084359157,966766.7441452852,0.47582993593476997,0.5156963185409991,15,88,1,729.0,41131,7520,33611,0.018276762402088753,0.017164746476402093,59,336.36760421045864,729.0,6,9,False,"{0: 53, 2: 11, 3: 34, 4: 59, 1: 12, 5: 73}","{(0, 2): []}","{(0, 53): {'cpu': 19}, (2, 11): {'cpu': 18}, (3, 34): {'cpu': 8}, (4, 59): {'cpu': 5}, (1, 12): {'cpu': 1}, (5, 73): {'cpu': 1}}",{},0.0,0.0,283.0,52.0,231.0,0.0,0.0,0.0,0.0,0.0,0.0,0.0,0.0,0.0,Route Failure,6.420946373853611,"{'node_level': {}, 'link_level': {}, 'path_level': {}}","{'node_level': {0: {'cpu': -69}, 2: {'cpu': -72}, 3: {'cpu': -78}, 4: {'cpu': -82}, 1: {'cpu': -83}, 5: {'cpu': -92}}, 'link_level': {(0, 2): {'bw': -24}}, 'path_level': {(0, 2): {'latency': 6.420946373853611}}}","{'node_level': {0: {'cpu': 0}, 2: {'cpu': 0}, 3: {'cpu': 0}, 4: {'cpu': 0}, 1: {'cpu': 0}, 5: {'cpu': 0}}, 'link_level': {(0, 2): {'bw': 0}}, 'path_level': {(0, 2): {'latency': 6.420946373853611}}}",[],0.0,0.0,True,False,False,0,[],0,0.0,6.0,1.0
61,13,5,1634.0,3434.0,498558.05084359157,966766.7441452852,0.47582993593476997,0.5156963185409991,15,89,1,744.0,41131,7520,33611,0.018276762402088753,0.017164746476402093,60,1021.6209258740134,744.0,5,4,False,"{1: 53, 0: 11, 2: 34, 3: 59, 4: 12}","{(0, 1): []}","{(1, 53): {'cpu': 18}, (0, 11): {'cpu': 17}, (2, 34): {'cpu': 16}, (3, 59): {'cpu': 8}, (4, 12): {'cpu': 4}}",{},0.0,0.0,181.0,63.0,118.0,0.0,0.0,0.0,0.0,0.0,0.0,0.0,0.0,0.0,Route Failure,11.284630832664886,"{'node_level': {}, 'link_level': {}, 'path_level': {}}","{'node_level': {1: {'cpu': -70}, 0: {'cpu': -73}, 2: {'cpu': -70}, 3: {'cpu': -79}, 4: {'cpu': -80}}, 'link_level': {(0, 1): {'bw': -18}}, 'path_level': {(0, 1): {'latency': 11.284630832664886}}}","{'node_level': {1: {'cpu': 0}, 0: {'cpu': 0}, 2: {'cpu': 0}, 3: {'cpu': 0}, 4: {'cpu': 0}}, 'link_level': {(0, 1): {'bw': 0}}, 'path_level': {(0, 1): {'latency': 11.284630832664886}}}",[],0.0,0.0,True,False,False,0,[],0,0.0,5.0,1.0
62,13,5,1634.0,3434.0,498558.05084359157,966766.7441452852,0.47582993593476997,0.5156963185409991,15,90,1,755.0,41131,7520,33611,0.018276762402088753,0.017164746476402093,61,1141.8412983709384,755.0,10,17,False,"{0: 53, 6: 11, 7: 34, 8: 59, 5: 12, 4: 73, 2: 22, 1: 37, 9: 6, 3: 33}","{(0, 1): [(53, 61), (61, 37)], (0, 6): [(53, 20), (20, 49), (49, 38), (38, 11)], (0, 7): [(53, 20), (20, 18), (18, 34)], (1, 2): [(37, 7), (7, 48), (48, 22)], (1, 4): [(37, 7), (7, 73)], (1, 5): []}","{(0, 53): {'cpu': 18}, (6, 11): {'cpu': 15}, (7, 34): {'cpu': 15}, (8, 59): {'cpu': 15}, (5, 12): {'cpu': 14}, (4, 73): {'cpu': 12}, (2, 22): {'cpu': 11}, (1, 37): {'cpu': 10}, (9, 6): {'cpu': 7}, (3, 33): {'cpu': 5}}","{((0, 1), (53, 61)): {'bw': 29}, ((0, 1), (61, 37)): {'bw': 29}, ((0, 6), (53, 20)): {'bw': 24}, ((0, 6), (20, 49)): {'bw': 24}, ((0, 6), (49, 38)): {'bw': 24}, ((0, 6), (38, 11)): {'bw': 24}, ((0, 7), (53, 20)): {'bw': 6}, ((0, 7), (20, 18)): {'bw': 6}, ((0, 7), (18, 34)): {'bw': 6}, ((1, 2), (37, 7)): {'bw': 13}, ((1, 2), (7, 48)): {'bw': 13}, ((1, 2), (48, 22)): {'bw': 13}, ((1, 4), (37, 7)): {'bw': 48}, ((1, 4), (7, 73)): {'bw': 48}}",0.0,0.0,607.0,122.0,485.0,0.0,0.0,0.0,0.0,0.0,0.0,0.0,0.0,0.0,Route Failure,9.270596895996645,"{'node_level': {}, 'link_level': {}, 'path_level': {}}","{'node_level': {0: {'cpu': -70}, 6: {'cpu': -75}, 7: {'cpu': -71}, 8: {'cpu': -72}, 5: {'cpu': -70}, 4: {'cpu': -81}, 2: {'cpu': -77}, 1: {'cpu': -70}, 9: {'cpu': -93}, 3: {'cpu': -87}}, 'link_level': {(0, 1): {'bw': -6}, (0, 6): {'bw': -40}, (0, 7): {'bw': -44}, (1, 2): {'bw': -42}, (1, 4): {'bw': -17}, (1, 5): {'bw': -22}}, 'path_level': {(0, 1): {'latency': -2.8746966025383465}, (0, 6): {'latency': -2.31268811885057}, (0, 7): {'latency': -0.37547507292622573}, (1, 2): {'latency': -5.631954117997964}, (1, 4): {'latency': -4.162919662893277}, (1, 5): {'latency': 9.270596895996645}}}","{'node_level': {0: {'cpu': 0}, 6: {'cpu': 0}, 7: {'cpu': 0}, 8: {'cpu': 0}, 5: {'cpu': 0}, 4: {'cpu': 0}, 2: {'cpu': 0}, 1: {'cpu': 0}, 9: {'cpu': 0}, 3: {'cpu': 0}}, 'link_level': {(0, 1): {'bw': 0}, (0, 6): {'bw': 0}, (0, 7): {'bw': 0}, (1, 2): {'bw': 0}, (1, 4): {'bw': 0}, (1, 5): {'bw': 0}}, 'path_level': {(0, 1): {'latency': 0}, (0, 6): {'latency': 0}, (0, 7): {'latency': 0}, (1, 2): {'latency': 0}, (1, 4): {'latency': 0}, (1, 5): {'latency': 9.270596895996645}}}",[],0.0,0.0,True,False,False,0,[],0,0.0,10.0,6.0
63,13,5,1634.0,3434.0,498558.05084359157,966766.7441452852,0.47582993593476997,0.5156963185409991,15,91,1,760.0,41131,7520,33611,0.018276762402088753,0.017164746476402093,62,74.93597089107004,760.0,7,9,False,"{5: 53, 3: 11, 0: 34, 2: 59, 6: 12, 1: 73, 4: 22}","{(0, 5): [(34, 17), (17, 20), (20, 53)], (1, 2): []}","{(5, 53): {'cpu': 19}, (3, 11): {'cpu': 18}, (0, 34): {'cpu': 16}, (2, 59): {'cpu': 16}, (6, 12): {'cpu': 13}, (1, 73): {'cpu': 10}, (4, 22): {'cpu': 4}}","{((0, 5), (34, 17)): {'bw': 46}, ((0, 5), (17, 20)): {'bw': 46}, ((0, 5), (20, 53)): {'bw': 46}}",0.0,0.0,384.0,96.0,288.0,0.0,0.0,0.0,0.0,0.0,0.0,0.0,0.0,0.0,Route Failure,38.0,"{'node_level': {}, 'link_level': {}, 'path_level': {}}","{'node_level': {5: {'cpu': -69}, 3: {'cpu': -72}, 0: {'cpu': -70}, 2: {'cpu': -71}, 6: {'cpu': -71}, 1: {'cpu': -83}, 4: {'cpu': -84}}, 'link_level': {(0, 5): {'bw': -31}, (1, 2): {'bw': 22}}, 'path_level': {(0, 5): {'latency': -3.485329151365253}, (1, 2): {'latency': 5.180888304581874}}}","{'node_level': {5: {'cpu': 0}, 3: {'cpu': 0}, 0: {'cpu': 0}, 2: {'cpu': 0}, 6: {'cpu': 0}, 1: {'cpu': 0}, 4: {'cpu': 0}}, 'link_level': {(0, 5): {'bw': 0}, (1, 2): {'bw': 38}}, 'path_level': {(0, 5): {'latency': 0}, (1, 2): {'latency': 5.180888304581874}}}",[],0.0,0.0,True,False,False,0,[],0,0.0,7.0,2.0
64,13,5,1634.0,3434.0,498558.05084359157,966766.7441452852,0.47582993593476997,0.5156963185409991,15,92,1,770.0,41131,7520,33611,0.018276762402088753,0.017164746476402093,63,653.8425095824754,770.0,10,21,False,"{9: 53, 2: 11, 6: 34, 1: 59, 3: 12, 4: 73, 0: 22, 8: 37, 5: 6, 7: 33}","{(0, 2): [(22, 90), (90, 70), (70, 38), (38, 11)], (0, 5): [(22, 40), (40, 6)], (0, 6): [(22, 61), (61, 37), (37, 34)], (0, 7): [(22, 33)], (0, 8): []}","{(9, 53): {'cpu': 20}, (2, 11): {'cpu': 18}, (6, 34): {'cpu': 16}, (1, 59): {'cpu': 15}, (3, 12): {'cpu': 13}, (4, 73): {'cpu': 12}, (0, 22): {'cpu': 9}, (8, 37): {'cpu': 7}, (5, 6): {'cpu': 4}, (7, 33): {'cpu': 3}}","{((0, 2), (22, 90)): {'bw': 23}, ((0, 2), (90, 70)): {'bw': 23}, ((0, 2), (70, 38)): {'bw': 23}, ((0, 2), (38, 11)): {'bw': 23}, ((0, 5), (22, 40)): {'bw': 12}, ((0, 5), (40, 6)): {'bw': 12}, ((0, 6), (22, 61)): {'bw': 10}, ((0, 6), (61, 37)): {'bw': 10}, ((0, 6), (37, 34)): {'bw': 10}, ((0, 7), (22, 33)): {'bw': 34}}",0.0,0.0,554.0,117.0,437.0,0.0,0.0,0.0,0.0,0.0,0.0,0.0,0.0,0.0,Route Failure,26.0,"{'node_level': {}, 'link_level': {}, 'path_level': {}}","{'node_level': {9: {'cpu': -68}, 2: {'cpu': -72}, 6: {'cpu': -70}, 1: {'cpu': -72}, 3: {'cpu': -71}, 4: {'cpu': -81}, 0: {'cpu': -79}, 8: {'cpu': -73}, 5: {'cpu': -96}, 7: {'cpu': -89}}, 'link_level': {(0, 2): {'bw': -36}, (0, 5): {'bw': -42}, (0, 6): {'bw': -29}, (0, 7): {'bw': -23}, (0, 8): {'bw': 26}}, 'path_level': {(0, 2): {'latency': -3.941653967182157}, (0, 5): {'latency': -7.633197820500348}, (0, 6): {'latency': -7.445077125756946}, (0, 7): {'latency': -1.7810842951741446}, (0, 8): {'latency': 6.5492343524257715}}}","{'node_level': {9: {'cpu': 0}, 2: {'cpu': 0}, 6: {'cpu': 0}, 1: {'cpu': 0}, 3: {'cpu': 0}, 4: {'cpu': 0}, 0: {'cpu': 0}, 8: {'cpu': 0}, 5: {'cpu': 0}, 7: {'cpu': 0}}, 'link_level': {(0, 2): {'bw': 0}, (0, 5): {'bw': 0}, (0, 6): {'bw': 0}, (0, 7): {'bw': 0}, (0, 8): {'bw': 26}}, 'path_level': {(0, 2): {'latency': 0}, (0, 5): {'latency': 0}, (0, 6): {'latency': 0}, (0, 7): {'latency': 0}, (0, 8): {'latency': 6.5492343524257715}}}",[],0.0,0.0,True,False,False,0,[],0,0.0,10.0,5.0
65,13,5,1634.0,3434.0,498558.05084359157,966766.7441452852,0.47582993593476997,0.5156963185409991,15,93,1,783.0,41131,7520,33611,0.018276762402088753,0.017164746476402093,64,416.6006006827282,783.0,8,10,False,"{0: 53, 2: 11, 3: 34, 4: 59, 1: 12, 5: 73, 7: 22, 6: 37}","{(0, 4): [(53, 20), (20, 63), (63, 59)], (0, 5): []}","{(0, 53): {'cpu': 15}, (2, 11): {'cpu': 7}, (3, 34): {'cpu': 7}, (4, 59): {'cpu': 7}, (1, 12): {'cpu': 6}, (5, 73): {'cpu': 5}, (7, 22): {'cpu': 5}, (6, 37): {'cpu': 3}}","{((0, 4), (53, 20)): {'bw': 1}, ((0, 4), (20, 63)): {'bw': 1}, ((0, 4), (63, 59)): {'bw': 1}}",0.0,0.0,343.0,55.0,288.0,0.0,0.0,0.0,0.0,0.0,0.0,0.0,0.0,0.0,Route Failure,2.22914989891886,"{'node_level': {}, 'link_level': {}, 'path_level': {}}","{'node_level': {0: {'cpu': -73}, 2: {'cpu': -83}, 3: {'cpu': -79}, 4: {'cpu': -80}, 1: {'cpu': -78}, 5: {'cpu': -88}, 7: {'cpu': -83}, 6: {'cpu': -77}}, 'link_level': {(0, 4): {'bw': -37}, (0, 5): {'bw': -14}}, 'path_level': {(0, 4): {'latency': -1.2812484553608474}, (0, 5): {'latency': 2.22914989891886}}}","{'node_level': {0: {'cpu': 0}, 2: {'cpu': 0}, 3: {'cpu': 0}, 4: {'cpu': 0}, 1: {'cpu': 0}, 5: {'cpu': 0}, 7: {'cpu': 0}, 6: {'cpu': 0}}, 'link_level': {(0, 4): {'bw': 0}, (0, 5): {'bw': 0}}, 'path_level': {(0, 4): {'latency': 0}, (0, 5): {'latency': 2.22914989891886}}}",[],0.0,0.0,True,False,False,0,[],0,0.0,8.0,2.0
66,13,5,1634.0,3434.0,498558.05084359157,966766.7441452852,0.47582993593476997,0.5156963185409991,15,94,1,793.0,41131,7520,33611,0.018276762402088753,0.017164746476402093,65,1108.147460785588,793.0,9,22,False,"{8: 53, 5: 11, 6: 34, 3: 59, 0: 12, 7: 73, 4: 22, 1: 37, 2: 6}","{(0, 1): [(12, 80), (80, 10), (10, 37)], (0, 3): [(12, 93), (93, 59)], (0, 4): [(12, 32), (32, 33), (33, 22)], (0, 5): [(12, 77), (77, 38), (38, 11)], (0, 6): [(12, 77), (77, 3), (3, 34)], (1, 2): [(37, 25), (25, 26), (26, 6)], (1, 3): []}","{(8, 53): {'cpu': 17}, (5, 11): {'cpu': 13}, (6, 34): {'cpu': 13}, (3, 59): {'cpu': 12}, (0, 12): {'cpu': 8}, (7, 73): {'cpu': 8}, (4, 22): {'cpu': 5}, (1, 37): {'cpu': 4}, (2, 6): {'cpu': 2}}","{((0, 1), (12, 80)): {'bw': 28}, ((0, 1), (80, 10)): {'bw': 28}, ((0, 1), (10, 37)): {'bw': 28}, ((0, 3), (12, 93)): {'bw': 23}, ((0, 3), (93, 59)): {'bw': 23}, ((0, 4), (12, 32)): {'bw': 39}, ((0, 4), (32, 33)): {'bw': 39}, ((0, 4), (33, 22)): {'bw': 39}, ((0, 5), (12, 77)): {'bw': 30}, ((0, 5), (77, 38)): {'bw': 30}, ((0, 5), (38, 11)): {'bw': 30}, ((0, 6), (12, 77)): {'bw': 16}, ((0, 6), (77, 3)): {'bw': 16}, ((0, 6), (3, 34)): {'bw': 16}, ((1, 2), (37, 25)): {'bw': 1}, ((1, 2), (25, 26)): {'bw': 1}, ((1, 2), (26, 6)): {'bw': 1}}",0.0,0.0,594.0,82.0,512.0,0.0,0.0,0.0,0.0,0.0,0.0,0.0,0.0,0.0,Route Failure,5.517826742027277,"{'node_level': {}, 'link_level': {}, 'path_level': {}}","{'node_level': {8: {'cpu': -71}, 5: {'cpu': -77}, 6: {'cpu': -73}, 3: {'cpu': -75}, 0: {'cpu': -76}, 7: {'cpu': -85}, 4: {'cpu': -83}, 1: {'cpu': -76}, 2: {'cpu': -98}}, 'link_level': {(0, 1): {'bw': -11}, (0, 3): {'bw': -29}, (0, 4): {'bw': -18}, (0, 5): {'bw': -59}, (0, 6): {'bw': -43}, (1, 2): {'bw': -59}, (1, 3): {'bw': -8}}, 'path_level': {(0, 1): {'latency': -2.773966920752015}, (0, 3): {'latency': -0.9515002645834052}, (0, 4): {'latency': -3.9232579125214144}, (0, 5): {'latency': -2.7226001286316404}, (0, 6): {'latency': -1.562983063220262}, (1, 2): {'latency': -1.344014009347429}, (1, 3): {'latency': 5.517826742027277}}}","{'node_level': {8: {'cpu': 0}, 5: {'cpu': 0}, 6: {'cpu': 0}, 3: {'cpu': 0}, 0: {'cpu': 0}, 7: {'cpu': 0}, 4: {'cpu': 0}, 1: {'cpu': 0}, 2: {'cpu': 0}}, 'link_level': {(0, 1): {'bw': 0}, (0, 3): {'bw': 0}, (0, 4): {'bw': 0}, (0, 5): {'bw': 0}, (0, 6): {'bw': 0}, (1, 2): {'bw': 0}, (1, 3): {'bw': 0}}, 'path_level': {(0, 1): {'latency': 0}, (0, 3): {'latency': 0}, (0, 4): {'latency': 0}, (0, 5): {'latency': 0}, (0, 6): {'latency': 0}, (1, 2): {'latency': 0}, (1, 3): {'latency': 5.517826742027277}}}",[],0.0,0.0,True,False,False,0,[],0,0.0,9.0,7.0
67,13,5,1634.0,3434.0,498558.05084359157,966766.7441452852,0.47582993593476997,0.5156963185409991,15,95,1,807.0,41131,7520,33611,0.018276762402088753,0.017164746476402093,66,190.10084624803153,807.0,2,1,False,"{1: 53, 0: 11}","{(0, 1): []}","{(1, 53): {'cpu': 8}, (0, 11): {'cpu': 2}}",{},0.0,0.0,15.0,10.0,5.0,0.0,0.0,0.0,0.0,0.0,0.0,0.0,0.0,0.0,Route Failure,8.602791320202025,"{'node_level': {}, 'link_level': {}, 'path_level': {}}","{'node_level': {1: {'cpu': -80}, 0: {'cpu': -88}}, 'link_level': {(0, 1): {'bw': -56}}, 'path_level': {(0, 1): {'latency': 8.602791320202025}}}","{'node_level': {1: {'cpu': 0}, 0: {'cpu': 0}}, 'link_level': {(0, 1): {'bw': 0}}, 'path_level': {(0, 1): {'latency': 8.602791320202025}}}",[],0.0,0.0,True,False,False,0,[],0,0.0,2.0,1.0
67,13,4,1634.0,3434.0,498558.05084359157,966766.7441452852,0.47582993593476997,0.5156963185409991,15,96,0,809.652423677221,41254,7553,33701,0.013968668407310703,0.014533013626527813,2,772.652423677221,37.0,3,2,False,{},{},{},{},0.0,0.0,0.0,0.0,0.0,0.0,0.0,0.0,0.0,0.0,0.0,0.0,0.0,0.0,Leave Event,0.0,"{'node_level': {}, 'link_level': {}, 'path_level': {}}","{'node_level': {}, 'link_level': {}, 'path_level': {}}","{'node_level': {}, 'link_level': {}, 'path_level': {}}",[],0.0,0.0,True,True,False,0,[],0,0.0,,
68,13,4,1634.0,3434.0,498558.05084359157,966766.7441452852,0.47582993593476997,0.5156963185409991,15,97,1,821.0,41254,7553,33701,0.013968668407310703,0.014533013626527813,67,700.9181570064889,821.0,6,5,False,"{1: 37, 3: 53, 0: 59, 4: 11, 2: 34, 5: 12}","{(0, 2): [(59, 39), (39, 34)], (1, 4): []}","{(1, 37): {'cpu': 11}, (3, 53): {'cpu': 11}, (0, 59): {'cpu': 10}, (4, 11): {'cpu': 7}, (2, 34): {'cpu': 6}, (5, 12): {'cpu': 2}}","{((0, 2), (59, 39)): {'bw': 32}, ((0, 2), (39, 34)): {'bw': 32}}",0.0,0.0,172.0,47.0,125.0,0.0,0.0,0.0,0.0,0.0,0.0,0.0,0.0,0.0,Route Failure,6.930930222816359,"{'node_level': {}, 'link_level': {}, 'path_level': {}}","{'node_level': {1: {'cpu': -84}, 3: {'cpu': -89}, 0: {'cpu': -83}, 4: {'cpu': -83}, 2: {'cpu': -80}, 5: {'cpu': -82}}, 'link_level': {(0, 2): {'bw': -6}, (1, 4): {'bw': -56}}, 'path_level': {(0, 2): {'latency': -3.6993398440275405}, (1, 4): {'latency': 6.930930222816359}}}","{'node_level': {1: {'cpu': 0}, 3: {'cpu': 0}, 0: {'cpu': 0}, 4: {'cpu': 0}, 2: {'cpu': 0}, 5: {'cpu': 0}}, 'link_level': {(0, 2): {'bw': 0}, (1, 4): {'bw': 0}}, 'path_level': {(0, 2): {'latency': 0}, (1, 4): {'latency': 6.930930222816359}}}",[],0.0,0.0,True,False,False,0,[],0,0.0,6.0,2.0
69,13,4,1634.0,3434.0,498558.05084359157,966766.7441452852,0.47582993593476997,0.5156963185409991,15,98,1,834.0,41254,7553,33701,0.013968668407310703,0.014533013626527813,68,163.7189441266352,834.0,8,16,False,"{7: 37, 1: 53, 2: 59, 4: 11, 3: 34, 5: 12, 0: 73, 6: 22}","{(0, 1): []}","{(7, 37): {'cpu': 20}, (1, 53): {'cpu': 16}, (2, 59): {'cpu': 15}, (4, 11): {'cpu': 13}, (3, 34): {'cpu': 12}, (5, 12): {'cpu': 9}, (0, 73): {'cpu': 8}, (6, 22): {'cpu': 3}}",{},0.0,0.0,525.0,96.0,429.0,0.0,0.0,0.0,0.0,0.0,0.0,0.0,0.0,0.0,Route Failure,11.904524855516136,"{'node_level': {}, 'link_level': {}, 'path_level': {}}","{'node_level': {7: {'cpu': -75}, 1: {'cpu': -84}, 2: {'cpu': -78}, 4: {'cpu': -77}, 3: {'cpu': -74}, 5: {'cpu': -75}, 0: {'cpu': -85}, 6: {'cpu': -85}}, 'link_level': {(0, 1): {'bw': -9}}, 'path_level': {(0, 1): {'latency': 11.904524855516136}}}","{'node_level': {7: {'cpu': 0}, 1: {'cpu': 0}, 2: {'cpu': 0}, 4: {'cpu': 0}, 3: {'cpu': 0}, 5: {'cpu': 0}, 0: {'cpu': 0}, 6: {'cpu': 0}}, 'link_level': {(0, 1): {'bw': 0}}, 'path_level': {(0, 1): {'latency': 11.904524855516136}}}",[],0.0,0.0,True,False,False,0,[],0,0.0,8.0,1.0
69,13,4,1634.0,3434.0,498558.05084359157,966766.7441452852,0.47582993593476997,0.5156963185409991,15,99,0,834.93597089107,41254,7553,33701,0.013968668407310703,0.014533013626527813,62,74.93597089107004,760.0,7,9,False,{},{},{},{},0.0,0.0,0.0,0.0,0.0,0.0,0.0,0.0,0.0,0.0,0.0,0.0,0.0,0.0,Leave Event,0.0,"{'node_level': {}, 'link_level': {}, 'path_level': {}}","{'node_level': {}, 'link_level': {}, 'path_level': {}}","{'node_level': {}, 'link_level': {}, 'path_level': {}}",[],0.0,0.0,True,True,False,0,[],0,0.0,,
70,13,4,1634.0,3434.0,498558.05084359157,966766.7441452852,0.47582993593476997,0.5156963185409991,15,100,1,847.0,41254,7553,33701,0.013968668407310703,0.014533013626527813,69,63.67622414963592,847.0,10,17,False,"{9: 37, 3: 53, 1: 59, 5: 11, 8: 34, 0: 12, 2: 73, 4: 22, 6: 6, 7: 33}","{(0, 1): [(12, 93), (93, 59)], (0, 2): [(12, 82), (82, 26), (26, 25), (25, 73)], (0, 5): [(12, 77), (77, 38), (38, 11)], (0, 6): [(12, 82), (82, 6)], (0, 9): []}","{(9, 37): {'cpu': 20}, (3, 53): {'cpu': 18}, (1, 59): {'cpu': 17}, (5, 11): {'cpu': 13}, (8, 34): {'cpu': 13}, (0, 12): {'cpu': 12}, (2, 73): {'cpu': 11}, (4, 22): {'cpu': 7}, (6, 6): {'cpu': 5}, (7, 33): {'cpu': 2}}","{((0, 1), (12, 93)): {'bw': 3}, ((0, 1), (93, 59)): {'bw': 3}, ((0, 2), (12, 82)): {'bw': 39}, ((0, 2), (82, 26)): {'bw': 39}, ((0, 2), (26, 25)): {'bw': 39}, ((0, 2), (25, 73)): {'bw': 39}, ((0, 5), (12, 77)): {'bw': 17}, ((0, 5), (77, 38)): {'bw': 17}, ((0, 5), (38, 11)): {'bw': 17}, ((0, 6), (12, 82)): {'bw': 2}, ((0, 6), (82, 6)): {'bw': 2}}",0.0,0.0,587.0,118.0,469.0,0.0,0.0,0.0,0.0,0.0,0.0,0.0,0.0,0.0,Route Failure,8.758952375391296,"{'node_level': {}, 'link_level': {}, 'path_level': {}}","{'node_level': {9: {'cpu': -75}, 3: {'cpu': -82}, 1: {'cpu': -76}, 5: {'cpu': -77}, 8: {'cpu': -73}, 0: {'cpu': -72}, 2: {'cpu': -82}, 4: {'cpu': -81}, 6: {'cpu': -95}, 7: {'cpu': -90}}, 'link_level': {(0, 1): {'bw': -49}, (0, 2): {'bw': -18}, (0, 5): {'bw': -72}, (0, 6): {'bw': -53}, (0, 9): {'bw': -18}}, 'path_level': {(0, 1): {'latency': -5.942340803529419}, (0, 2): {'latency': -0.1861844003468267}, (0, 5): {'latency': -1.7763391511625626}, (0, 6): {'latency': -2.0957536465192668}, (0, 9): {'latency': 8.758952375391296}}}","{'node_level': {9: {'cpu': 0}, 3: {'cpu': 0}, 1: {'cpu': 0}, 5: {'cpu': 0}, 8: {'cpu': 0}, 0: {'cpu': 0}, 2: {'cpu': 0}, 4: {'cpu': 0}, 6: {'cpu': 0}, 7: {'cpu': 0}}, 'link_level': {(0, 1): {'bw': 0}, (0, 2): {'bw': 0}, (0, 5): {'bw': 0}, (0, 6): {'bw': 0}, (0, 9): {'bw': 0}}, 'path_level': {(0, 1): {'latency': 0}, (0, 2): {'latency': 0}, (0, 5): {'latency': 0}, (0, 6): {'latency': 0}, (0, 9): {'latency': 8.758952375391296}}}",[],0.0,0.0,True,False,False,0,[],0,0.0,10.0,5.0
71,13,4,1634.0,3434.0,498558.05084359157,966766.7441452852,0.47582993593476997,0.5156963185409991,15,101,1,859.0,41254,7553,33701,0.013968668407310703,0.014533013626527813,70,128.72583862940257,859.0,6,10,False,"{0: 37, 4: 53, 2: 59, 1: 11, 5: 34, 3: 12}","{(0, 1): [(37, 34), (34, 99), (99, 11)], (0, 2): [(37, 31), (31, 39), (39, 59)], (0, 3): [(37, 10), (10, 80), (80, 12)], (0, 5): [(37, 34)], (1, 4): []}","{(0, 37): {'cpu': 15}, (4, 53): {'cpu': 15}, (2, 59): {'cpu': 14}, (1, 11): {'cpu': 13}, (5, 34): {'cpu': 10}, (3, 12): {'cpu': 9}}","{((0, 1), (37, 34)): {'bw': 24}, ((0, 1), (34, 99)): {'bw': 24}, ((0, 1), (99, 11)): {'bw': 24}, ((0, 2), (37, 31)): {'bw': 26}, ((0, 2), (31, 39)): {'bw': 26}, ((0, 2), (39, 59)): {'bw': 26}, ((0, 3), (37, 10)): {'bw': 6}, ((0, 3), (10, 80)): {'bw': 6}, ((0, 3), (80, 12)): {'bw': 6}, ((0, 5), (37, 34)): {'bw': 17}}",0.0,0.0,339.0,76.0,263.0,0.0,0.0,0.0,0.0,0.0,0.0,0.0,0.0,0.0,Route Failure,8.611019379676893,"{'node_level': {}, 'link_level': {}, 'path_level': {}}","{'node_level': {0: {'cpu': -80}, 4: {'cpu': -85}, 2: {'cpu': -79}, 1: {'cpu': -77}, 5: {'cpu': -76}, 3: {'cpu': -75}}, 'link_level': {(0, 1): {'bw': -43}, (0, 2): {'bw': -12}, (0, 3): {'bw': -33}, (0, 5): {'bw': -26}, (1, 4): {'bw': -56}}, 'path_level': {(0, 1): {'latency': -0.17326038904933228}, (0, 2): {'latency': -7.667787725499738}, (0, 3): {'latency': -2.17688737012048}, (0, 5): {'latency': -12.17003866313557}, (1, 4): {'latency': 8.611019379676893}}}","{'node_level': {0: {'cpu': 0}, 4: {'cpu': 0}, 2: {'cpu': 0}, 1: {'cpu': 0}, 5: {'cpu': 0}, 3: {'cpu': 0}}, 'link_level': {(0, 1): {'bw': 0}, (0, 2): {'bw': 0}, (0, 3): {'bw': 0}, (0, 5): {'bw': 0}, (1, 4): {'bw': 0}}, 'path_level': {(0, 1): {'latency': 0}, (0, 2): {'latency': 0}, (0, 3): {'latency': 0}, (0, 5): {'latency': 0}, (1, 4): {'latency': 8.611019379676893}}}",[],0.0,0.0,True,False,False,0,[],0,0.0,6.0,5.0
71,13,4,1634.0,3434.0,498558.05084359157,966766.7441452852,0.47582993593476997,0.5156963185409991,15,102,0,863.1617774667865,41254,7553,33701,0.013968668407310703,0.014533013626527813,36,412.1617774667865,451.0,5,5,False,{},{},{},{},0.0,0.0,0.0,0.0,0.0,0.0,0.0,0.0,0.0,0.0,0.0,0.0,0.0,0.0,Leave Event,0.0,"{'node_level': {}, 'link_level': {}, 'path_level': {}}","{'node_level': {}, 'link_level': {}, 'path_level': {}}","{'node_level': {}, 'link_level': {}, 'path_level': {}}",[],0.0,0.0,True,True,False,0,[],0,0.0,,
72,13,4,1634.0,3434.0,498558.05084359157,966766.7441452852,0.47582993593476997,0.5156963185409991,15,103,1,869.0,41254,7553,33701,0.013968668407310703,0.014533013626527813,71,743.5473794887002,869.0,10,31,False,"{3: 37, 1: 53, 2: 59, 8: 11, 4: 34, 9: 12, 5: 73, 0: 22, 7: 6, 6: 33}","{(0, 2): [(22, 45), (45, 83), (83, 59)], (0, 3): [(22, 61), (61, 37)], (0, 4): [(22, 61), (61, 37), (37, 34)], (0, 5): [(22, 48), (48, 7), (7, 73)], (0, 7): [(22, 40), (40, 6)], (0, 8): [(22, 90), (90, 70), (70, 38), (38, 11)], (1, 2): [(53, 20), (20, 63), (63, 59)], (1, 3): [(53, 61), (61, 37)], (1, 5): [(53, 20), (20, 18), (18, 73)], (1, 7): [(53, 40), (40, 6)], (1, 9): []}","{(3, 37): {'cpu': 20}, (1, 53): {'cpu': 19}, (2, 59): {'cpu': 18}, (8, 11): {'cpu': 18}, (4, 34): {'cpu': 15}, (9, 12): {'cpu': 13}, (5, 73): {'cpu': 9}, (0, 22): {'cpu': 7}, (7, 6): {'cpu': 6}, (6, 33): {'cpu': 2}}","{((0, 2), (22, 45)): {'bw': 48}, ((0, 2), (45, 83)): {'bw': 48}, ((0, 2), (83, 59)): {'bw': 48}, ((0, 3), (22, 61)): {'bw': 12}, ((0, 3), (61, 37)): {'bw': 12}, ((0, 4), (22, 61)): {'bw': 20}, ((0, 4), (61, 37)): {'bw': 20}, ((0, 4), (37, 34)): {'bw': 20}, ((0, 5), (22, 48)): {'bw': 2}, ((0, 5), (48, 7)): {'bw': 2}, ((0, 5), (7, 73)): {'bw': 2}, ((0, 7), (22, 40)): {'bw': 10}, ((0, 7), (40, 6)): {'bw': 10}, ((0, 8), (22, 90)): {'bw': 5}, ((0, 8), (90, 70)): {'bw': 5}, ((0, 8), (70, 38)): {'bw': 5}, ((0, 8), (38, 11)): {'bw': 5}, ((1, 2), (53, 20)): {'bw': 50}, ((1, 2), (20, 63)): {'bw': 50}, ((1, 2), (63, 59)): {'bw': 50}, ((1, 3), (53, 61)): {'bw': 9}, ((1, 3), (61, 37)): {'bw': 9}, ((1, 5), (53, 20)): {'bw': 45}, ((1, 5), (20, 18)): {'bw': 45}, ((1, 5), (18, 73)): {'bw': 45}, ((1, 7), (53, 40)): {'bw': 40}, ((1, 7), (40, 6)): {'bw': 40}}",0.0,0.0,981.0,127.0,854.0,0.0,0.0,0.0,0.0,0.0,0.0,0.0,0.0,0.0,Route Failure,7.036285840499991,"{'node_level': {}, 'link_level': {}, 'path_level': {}}","{'node_level': {3: {'cpu': -75}, 1: {'cpu': -81}, 2: {'cpu': -75}, 8: {'cpu': -72}, 4: {'cpu': -71}, 9: {'cpu': -71}, 5: {'cpu': -84}, 0: {'cpu': -81}, 7: {'cpu': -94}, 6: {'cpu': -90}}, 'link_level': {(0, 2): {'bw': -10}, (0, 3): {'bw': -51}, (0, 4): {'bw': -31}, (0, 5): {'bw': -53}, (0, 7): {'bw': -44}, (0, 8): {'bw': -54}, (1, 2): {'bw': -2}, (1, 3): {'bw': -22}, (1, 5): {'bw': -1}, (1, 7): {'bw': -16}, (1, 9): {'bw': -16}}, 'path_level': {(0, 2): {'latency': -4.674993640287265}, (0, 3): {'latency': -3.9498970891019907}, (0, 4): {'latency': -7.088893040840798}, (0, 5): {'latency': -4.593085048090366}, (0, 7): {'latency': -4.207589193842905}, (0, 8): {'latency': -2.1184932999034363}, (1, 2): {'latency': -3.6842733334575755}, (1, 3): {'latency': -5.622039203555092}, (1, 5): {'latency': -3.7086523111753067}, (1, 7): {'latency': -3.374565261758871}, (1, 9): {'latency': 7.036285840499991}}}","{'node_level': {3: {'cpu': 0}, 1: {'cpu': 0}, 2: {'cpu': 0}, 8: {'cpu': 0}, 4: {'cpu': 0}, 9: {'cpu': 0}, 5: {'cpu': 0}, 0: {'cpu': 0}, 7: {'cpu': 0}, 6: {'cpu': 0}}, 'link_level': {(0, 2): {'bw': 0}, (0, 3): {'bw': 0}, (0, 4): {'bw': 0}, (0, 5): {'bw': 0}, (0, 7): {'bw': 0}, (0, 8): {'bw': 0}, (1, 2): {'bw': 0}, (1, 3): {'bw': 0}, (1, 5): {'bw': 0}, (1, 7): {'bw': 0}, (1, 9): {'bw': 0}}, 'path_level': {(0, 2): {'latency': 0}, (0, 3): {'latency': 0}, (0, 4): {'latency': 0}, (0, 5): {'latency': 0}, (0, 7): {'latency': 0}, (0, 8): {'latency': 0}, (1, 2): {'latency': 0}, (1, 3): {'latency': 0}, (1, 5): {'latency': 0}, (1, 7): {'latency': 0}, (1, 9): {'latency': 7.036285840499991}}}",[],0.0,0.0,True,False,False,0,[],0,0.0,10.0,11.0
73,13,4,1634.0,3434.0,498558.05084359157,966766.7441452852,0.47582993593476997,0.5156963185409991,15,104,1,884.0,41254,7553,33701,0.013968668407310703,0.014533013626527813,72,774.7800831544495,884.0,3,2,False,"{1: 37, 0: 53, 2: 59}","{(0, 2): []}","{(1, 37): {'cpu': 19}, (0, 53): {'cpu': 18}, (2, 59): {'cpu': 2}}",{},0.0,0.0,111.0,39.0,72.0,0.0,0.0,0.0,0.0,0.0,0.0,0.0,0.0,0.0,Route Failure,10.606957698724168,"{'node_level': {}, 'link_level': {}, 'path_level': {}}","{'node_level': {1: {'cpu': -76}, 0: {'cpu': -82}, 2: {'cpu': -91}}, 'link_level': {(0, 2): {'bw': -36}}, 'path_level': {(0, 2): {'latency': 10.606957698724168}}}","{'node_level': {1: {'cpu': 0}, 0: {'cpu': 0}, 2: {'cpu': 0}}, 'link_level': {(0, 2): {'bw': 0}}, 'path_level': {(0, 2): {'latency': 10.606957698724168}}}",[],0.0,0.0,True,False,False,0,[],0,0.0,3.0,1.0
74,13,4,1634.0,3434.0,498558.05084359157,966766.7441452852,0.47582993593476997,0.5156963185409991,15,105,1,895.0,41254,7553,33701,0.013968668407310703,0.014533013626527813,73,525.9479711088144,895.0,7,14,False,"{4: 37, 6: 53, 0: 59, 2: 11, 1: 34, 5: 12, 3: 73}","{(0, 1): []}","{(4, 37): {'cpu': 20}, (6, 53): {'cpu': 19}, (0, 59): {'cpu': 15}, (2, 11): {'cpu': 14}, (1, 34): {'cpu': 9}, (5, 12): {'cpu': 6}, (3, 73): {'cpu': 5}}",{},0.0,0.0,450.0,88.0,362.0,0.0,0.0,0.0,0.0,0.0,0.0,0.0,0.0,0.0,Route Failure,5.945351720795132,"{'node_level': {}, 'link_level': {}, 'path_level': {}}","{'node_level': {4: {'cpu': -75}, 6: {'cpu': -81}, 0: {'cpu': -78}, 2: {'cpu': -76}, 1: {'cpu': -77}, 5: {'cpu': -78}, 3: {'cpu': -88}}, 'link_level': {(0, 1): {'bw': -46}}, 'path_level': {(0, 1): {'latency': 5.945351720795132}}}","{'node_level': {4: {'cpu': 0}, 6: {'cpu': 0}, 0: {'cpu': 0}, 2: {'cpu': 0}, 1: {'cpu': 0}, 5: {'cpu': 0}, 3: {'cpu': 0}}, 'link_level': {(0, 1): {'bw': 0}}, 'path_level': {(0, 1): {'latency': 5.945351720795132}}}",[],0.0,0.0,True,False,False,0,[],0,0.0,7.0,1.0
74,13,4,1634.0,3434.0,498558.05084359157,966766.7441452852,0.47582993593476997,0.5156963185409991,15,106,0,910.6762241496359,41254,7553,33701,0.013968668407310703,0.014533013626527813,69,63.67622414963592,847.0,10,17,False,{},{},{},{},0.0,0.0,0.0,0.0,0.0,0.0,0.0,0.0,0.0,0.0,0.0,0.0,0.0,0.0,Leave Event,0.0,"{'node_level': {}, 'link_level': {}, 'path_level': {}}","{'node_level': {}, 'link_level': {}, 'path_level': {}}","{'node_level': {}, 'link_level': {}, 'path_level': {}}",[],0.0,0.0,True,True,False,0,[],0,0.0,,
75,13,4,1634.0,3434.0,498558.05084359157,966766.7441452852,0.47582993593476997,0.5156963185409991,15,107,1,914.0,41254,7553,33701,0.013968668407310703,0.014533013626527813,74,183.66331739306148,914.0,6,7,False,"{3: 37, 0: 53, 1: 59, 2: 11, 5: 34, 4: 12}","{(0, 3): [(53, 61), (61, 37)], (0, 4): []}","{(3, 37): {'cpu': 12}, (0, 53): {'cpu': 9}, (1, 59): {'cpu': 5}, (2, 11): {'cpu': 5}, (5, 34): {'cpu': 4}, (4, 12): {'cpu': 3}}","{((0, 3), (53, 61)): {'bw': 47}, ((0, 3), (61, 37)): {'bw': 47}}",0.0,0.0,272.0,38.0,234.0,0.0,0.0,0.0,0.0,0.0,0.0,0.0,0.0,0.0,Route Failure,8.233811066619435,"{'node_level': {}, 'link_level': {}, 'path_level': {}}","{'node_level': {3: {'cpu': -83}, 0: {'cpu': -91}, 1: {'cpu': -88}, 2: {'cpu': -85}, 5: {'cpu': -82}, 4: {'cpu': -81}}, 'link_level': {(0, 3): {'bw': -12}, (0, 4): {'bw': 3}}, 'path_level': {(0, 3): {'latency': -2.4122388058743685}, (0, 4): {'latency': 8.233811066619435}}}","{'node_level': {3: {'cpu': 0}, 0: {'cpu': 0}, 1: {'cpu': 0}, 2: {'cpu': 0}, 5: {'cpu': 0}, 4: {'cpu': 0}}, 'link_level': {(0, 3): {'bw': 0}, (0, 4): {'bw': 3}}, 'path_level': {(0, 3): {'latency': 0}, (0, 4): {'latency': 8.233811066619435}}}",[],0.0,0.0,True,False,False,0,[],0,0.0,6.0,2.0
75,13,4,1634.0,3434.0,498558.05084359157,966766.7441452852,0.47582993593476997,0.5156963185409991,15,108,0,916.3291322410356,41254,7553,33701,0.013968668407310703,0.014533013626527813,1,889.3291322410356,27.0,7,11,False,{},{},{},{},0.0,0.0,0.0,0.0,0.0,0.0,0.0,0.0,0.0,0.0,0.0,0.0,0.0,0.0,Leave Event,0.0,"{'node_level': {}, 'link_level': {}, 'path_level': {}}","{'node_level': {}, 'link_level': {}, 'path_level': {}}","{'node_level': {}, 'link_level': {}, 'path_level': {}}",[],0.0,0.0,True,True,False,0,[],0,0.0,,
76,13,4,1634.0,3434.0,498558.05084359157,966766.7441452852,0.47582993593476997,0.5156963185409991,15,109,1,925.0,41254,7553,33701,0.013968668407310703,0.014533013626527813,75,2976.8897141594107,925.0,4,3,False,"{2: 37, 1: 53, 0: 59, 3: 11}","{(0, 1): [(59, 63), (63, 20), (20, 53)], (0, 3): [(59, 39), (39, 43), (43, 11)], (2, 3): []}","{(2, 37): {'cpu': 19}, (1, 53): {'cpu': 18}, (0, 59): {'cpu': 11}, (3, 11): {'cpu': 9}}","{((0, 1), (59, 63)): {'bw': 12}, ((0, 1), (63, 20)): {'bw': 12}, ((0, 1), (20, 53)): {'bw': 12}, ((0, 3), (59, 39)): {'bw': 6}, ((0, 3), (39, 43)): {'bw': 6}, ((0, 3), (43, 11)): {'bw': 6}}",0.0,0.0,97.0,57.0,40.0,0.0,0.0,0.0,0.0,0.0,0.0,0.0,0.0,0.0,Route Failure,3.4138807771184343,"{'node_level': {}, 'link_level': {}, 'path_level': {}}","{'node_level': {2: {'cpu': -76}, 1: {'cpu': -82}, 0: {'cpu': -82}, 3: {'cpu': -81}}, 'link_level': {(0, 1): {'bw': -40}, (0, 3): {'bw': -32}, (2, 3): {'bw': -38}}, 'path_level': {(0, 1): {'latency': -2.6685581088982477}, (0, 3): {'latency': -1.139159402989188}, (2, 3): {'latency': 3.4138807771184343}}}","{'node_level': {2: {'cpu': 0}, 1: {'cpu': 0}, 0: {'cpu': 0}, 3: {'cpu': 0}}, 'link_level': {(0, 1): {'bw': 0}, (0, 3): {'bw': 0}, (2, 3): {'bw': 0}}, 'path_level': {(0, 1): {'latency': 0}, (0, 3): {'latency': 0}, (2, 3): {'latency': 3.4138807771184343}}}",[],0.0,0.0,True,False,False,0,[],0,0.0,4.0,3.0
76,13,4,1634.0,3434.0,498558.05084359157,966766.7441452852,0.47582993593476997,0.5156963185409991,15,110,0,928.489873315436,41254,7553,33701,0.013968668407310703,0.014533013626527813,47,350.489873315436,578.0,9,14,False,{},{},{},{},0.0,0.0,0.0,0.0,0.0,0.0,0.0,0.0,0.0,0.0,0.0,0.0,0.0,0.0,Leave Event,0.0,"{'node_level': {}, 'link_level': {}, 'path_level': {}}","{'node_level': {}, 'link_level': {}, 'path_level': {}}","{'node_level': {}, 'link_level': {}, 'path_level': {}}",[],0.0,0.0,True,True,False,0,[],0,0.0,,
76,13,4,1634.0,3434.0,498558.05084359157,966766.7441452852,0.47582993593476997,0.5156963185409991,15,111,0,933.2992595826315,41254,7553,33701,0.013968668407310703,0.014533013626527813,50,319.29925958263146,614.0,8,13,False,{},{},{},{},0.0,0.0,0.0,0.0,0.0,0.0,0.0,0.0,0.0,0.0,0.0,0.0,0.0,0.0,Leave Event,0.0,"{'node_level': {}, 'link_level': {}, 'path_level': {}}","{'node_level': {}, 'link_level': {}, 'path_level': {}}","{'node_level': {}, 'link_level': {}, 'path_level': {}}",[],0.0,0.0,True,True,False,0,[],0,0.0,,
77,13,4,1634.0,3434.0,498558.05084359157,966766.7441452852,0.47582993593476997,0.5156963185409991,15,112,1,935.0,41254,7553,33701,0.013968668407310703,0.014533013626527813,76,174.5182104509615,935.0,5,4,False,"{1: 37, 0: 53, 2: 59, 3: 11, 4: 34}","{(0, 1): []}","{(1, 37): {'cpu': 16}, (0, 53): {'cpu': 15}, (2, 59): {'cpu': 5}, (3, 11): {'cpu': 4}, (4, 34): {'cpu': 1}}",{},0.0,0.0,140.0,41.0,99.0,0.0,0.0,0.0,0.0,0.0,0.0,0.0,0.0,0.0,Route Failure,4.427773181432848,"{'node_level': {}, 'link_level': {}, 'path_level': {}}","{'node_level': {1: {'cpu': -79}, 0: {'cpu': -85}, 2: {'cpu': -88}, 3: {'cpu': -86}, 4: {'cpu': -85}}, 'link_level': {(0, 1): {'bw': -14}}, 'path_level': {(0, 1): {'latency': 4.427773181432848}}}","{'node_level': {1: {'cpu': 0}, 0: {'cpu': 0}, 2: {'cpu': 0}, 3: {'cpu': 0}, 4: {'cpu': 0}}, 'link_level': {(0, 1): {'bw': 0}}, 'path_level': {(0, 1): {'latency': 4.427773181432848}}}",[],0.0,0.0,True,False,False,0,[],0,0.0,5.0,1.0
77,13,4,1634.0,3434.0,498558.05084359157,966766.7441452852,0.47582993593476997,0.5156963185409991,15,113,0,948.5075596807512,41254,7553,33701,0.013968668407310703,0.014533013626527813,56,263.5075596807512,685.0,5,8,False,{},{},{},{},0.0,0.0,0.0,0.0,0.0,0.0,0.0,0.0,0.0,0.0,0.0,0.0,0.0,0.0,Leave Event,0.0,"{'node_level': {}, 'link_level': {}, 'path_level': {}}","{'node_level': {}, 'link_level': {}, 'path_level': {}}","{'node_level': {}, 'link_level': {}, 'path_level': {}}",[],0.0,0.0,True,True,False,0,[],0,0.0,,
78,13,4,1634.0,3434.0,498558.05084359157,966766.7441452852,0.47582993593476997,0.5156963185409991,15,114,1,949.0,41254,7553,33701,0.013968668407310703,0.014533013626527813,77,551.4792357692336,949.0,6,8,False,"{1: 37, 5: 53, 0: 59, 3: 11, 2: 34, 4: 12}","{(0, 1): [(59, 39), (39, 25), (25, 37)], (0, 4): [(59, 93), (93, 12)], (0, 5): [(59, 63), (63, 20), (20, 53)], (1, 5): []}","{(1, 37): {'cpu': 15}, (5, 53): {'cpu': 6}, (0, 59): {'cpu': 5}, (3, 11): {'cpu': 4}, (2, 34): {'cpu': 3}, (4, 12): {'cpu': 1}}","{((0, 1), (59, 39)): {'bw': 9}, ((0, 1), (39, 25)): {'bw': 9}, ((0, 1), (25, 37)): {'bw': 9}, ((0, 4), (59, 93)): {'bw': 3}, ((0, 4), (93, 12)): {'bw': 3}, ((0, 5), (59, 63)): {'bw': 25}, ((0, 5), (63, 20)): {'bw': 25}, ((0, 5), (20, 53)): {'bw': 25}}",0.0,0.0,184.0,34.0,150.0,0.0,0.0,0.0,0.0,0.0,0.0,0.0,0.0,0.0,Route Failure,9.026323662904606,"{'node_level': {}, 'link_level': {}, 'path_level': {}}","{'node_level': {1: {'cpu': -80}, 5: {'cpu': -94}, 0: {'cpu': -88}, 3: {'cpu': -86}, 2: {'cpu': -83}, 4: {'cpu': -83}}, 'link_level': {(0, 1): {'bw': -10}, (0, 4): {'bw': -49}, (0, 5): {'bw': -27}, (1, 5): {'bw': -23}}, 'path_level': {(0, 1): {'latency': -4.624092575610136}, (0, 4): {'latency': -0.4453514810782355}, (0, 5): {'latency': -3.215303780739296}, (1, 5): {'latency': 9.026323662904606}}}","{'node_level': {1: {'cpu': 0}, 5: {'cpu': 0}, 0: {'cpu': 0}, 3: {'cpu': 0}, 2: {'cpu': 0}, 4: {'cpu': 0}}, 'link_level': {(0, 1): {'bw': 0}, (0, 4): {'bw': 0}, (0, 5): {'bw': 0}, (1, 5): {'bw': 0}}, 'path_level': {(0, 1): {'latency': 0}, (0, 4): {'latency': 0}, (0, 5): {'latency': 0}, (1, 5): {'latency': 9.026323662904606}}}",[],0.0,0.0,True,False,False,0,[],0,0.0,6.0,4.0
78,13,4,1634.0,3434.0,498558.05084359157,966766.7441452852,0.47582993593476997,0.5156963185409991,15,115,0,959.9866750981604,41254,7553,33701,0.013968668407310703,0.014533013626527813,42,437.9866750981604,522.0,2,1,False,{},{},{},{},0.0,0.0,0.0,0.0,0.0,0.0,0.0,0.0,0.0,0.0,0.0,0.0,0.0,0.0,Leave Event,0.0,"{'node_level': {}, 'link_level': {}, 'path_level': {}}","{'node_level': {}, 'link_level': {}, 'path_level': {}}","{'node_level': {}, 'link_level': {}, 'path_level': {}}",[],0.0,0.0,True,True,False,0,[],0,0.0,,
79,13,4,1634.0,3434.0,498558.05084359157,966766.7441452852,0.47582993593476997,0.5156963185409991,15,116,1,965.0,41254,7553,33701,0.013968668407310703,0.014533013626527813,78,153.4395887127384,965.0,9,17,False,"{0: 37, 3: 53, 7: 59, 4: 11, 5: 34, 8: 12, 6: 73, 1: 22, 2: 6}","{(0, 1): [(37, 61), (61, 22)], (0, 2): [(37, 7), (7, 48), (48, 6)], (0, 4): []}","{(0, 37): {'cpu': 14}, (3, 53): {'cpu': 11}, (7, 59): {'cpu': 10}, (4, 11): {'cpu': 9}, (5, 34): {'cpu': 9}, (8, 12): {'cpu': 7}, (6, 73): {'cpu': 6}, (1, 22): {'cpu': 5}, (2, 6): {'cpu': 3}}","{((0, 1), (37, 61)): {'bw': 31}, ((0, 1), (61, 22)): {'bw': 31}, ((0, 2), (37, 7)): {'bw': 37}, ((0, 2), (7, 48)): {'bw': 37}, ((0, 2), (48, 6)): {'bw': 37}}",0.0,0.0,605.0,74.0,531.0,0.0,0.0,0.0,0.0,0.0,0.0,0.0,0.0,0.0,Route Failure,6.204593975400832,"{'node_level': {}, 'link_level': {}, 'path_level': {}}","{'node_level': {0: {'cpu': -81}, 3: {'cpu': -89}, 7: {'cpu': -83}, 4: {'cpu': -81}, 5: {'cpu': -77}, 8: {'cpu': -77}, 6: {'cpu': -87}, 1: {'cpu': -83}, 2: {'cpu': -97}}, 'link_level': {(0, 1): {'bw': -32}, (0, 2): {'bw': -18}, (0, 4): {'bw': -56}}, 'path_level': {(0, 1): {'latency': -6.7992709720805165}, (0, 2): {'latency': -2.1902719684244385}, (0, 4): {'latency': 6.204593975400832}}}","{'node_level': {0: {'cpu': 0}, 3: {'cpu': 0}, 7: {'cpu': 0}, 4: {'cpu': 0}, 5: {'cpu': 0}, 8: {'cpu': 0}, 6: {'cpu': 0}, 1: {'cpu': 0}, 2: {'cpu': 0}}, 'link_level': {(0, 1): {'bw': 0}, (0, 2): {'bw': 0}, (0, 4): {'bw': 0}}, 'path_level': {(0, 1): {'latency': 0}, (0, 2): {'latency': 0}, (0, 4): {'latency': 6.204593975400832}}}",[],0.0,0.0,True,False,False,0,[],0,0.0,9.0,3.0
79,13,4,1634.0,3434.0,498558.05084359157,966766.7441452852,0.47582993593476997,0.5156963185409991,15,117,0,976.4279392314331,41254,7553,33701,0.013968668407310703,0.014533013626527813,52,338.4279392314331,638.0,9,21,False,{},{},{},{},0.0,0.0,0.0,0.0,0.0,0.0,0.0,0.0,0.0,0.0,0.0,0.0,0.0,0.0,Leave Event,0.0,"{'node_level': {}, 'link_level': {}, 'path_level': {}}","{'node_level': {}, 'link_level': {}, 'path_level': {}}","{'node_level': {}, 'link_level': {}, 'path_level': {}}",[],0.0,0.0,True,True,False,0,[],0,0.0,,
80,14,5,2008.0,4395.0,601186.4070326153,1230472.2262245682,0.45688282138794084,0.48858185842781904,15,118,1,977.0,40293,7479,32814,0.023629242819843355,0.040470202935844246,79,274.40736948936836,977.0,8,12,True,"{3: 37, 4: 53, 7: 59, 0: 11, 1: 34, 2: 12, 6: 73, 5: 22}","{(0, 2): [(11, 38), (38, 77), (77, 12)], (0, 4): [(11, 62), (62, 10), (10, 20), (20, 53)], (0, 5): [(11, 43), (43, 42), (42, 61), (61, 22)], (1, 2): [(34, 41), (41, 47), (47, 12)], (1, 4): [(34, 18), (18, 20), (20, 53)], (1, 7): [(34, 39), (39, 59)], (2, 6): [(12, 93), (93, 18), (18, 73)], (3, 5): [(37, 61), (61, 22)], (3, 6): [(37, 25), (25, 73)], (3, 7): [(37, 25), (25, 86), (86, 59)], (4, 6): [(53, 48), (48, 7), (7, 25), (25, 73)], (5, 7): [(22, 45), (45, 83), (83, 59)]}","{(3, 37): {'cpu': 17}, (4, 53): {'cpu': 17}, (7, 59): {'cpu': 15}, (0, 11): {'cpu': 7}, (1, 34): {'cpu': 7}, (2, 12): {'cpu': 6}, (6, 73): {'cpu': 4}, (5, 22): {'cpu': 1}}","{((0, 2), (11, 38)): {'bw': 50}, ((0, 2), (38, 77)): {'bw': 50}, ((0, 2), (77, 12)): {'bw': 50}, ((0, 4), (11, 62)): {'bw': 42}, ((0, 4), (62, 10)): {'bw': 42}, ((0, 4), (10, 20)): {'bw': 42}, ((0, 4), (20, 53)): {'bw': 42}, ((0, 5), (11, 43)): {'bw': 2}, ((0, 5), (43, 42)): {'bw': 2}, ((0, 5), (42, 61)): {'bw': 2}, ((0, 5), (61, 22)): {'bw': 2}, ((1, 2), (34, 41)): {'bw': 37}, ((1, 2), (41, 47)): {'bw': 37}, ((1, 2), (47, 12)): {'bw': 37}, ((1, 4), (34, 18)): {'bw': 3}, ((1, 4), (18, 20)): {'bw': 3}, ((1, 4), (20, 53)): {'bw': 3}, ((1, 7), (34, 39)): {'bw': 29}, ((1, 7), (39, 59)): {'bw': 29}, ((2, 6), (12, 93)): {'bw': 50}, ((2, 6), (93, 18)): {'bw': 50}, ((2, 6), (18, 73)): {'bw': 50}, ((3, 5), (37, 61)): {'bw': 22}, ((3, 5), (61, 22)): {'bw': 22}, ((3, 6), (37, 25)): {'bw': 11}, ((3, 6), (25, 73)): {'bw': 11}, ((3, 7), (37, 25)): {'bw': 45}, ((3, 7), (25, 86)): {'bw': 45}, ((3, 7), (86, 59)): {'bw': 45}, ((4, 6), (53, 48)): {'bw': 5}, ((4, 6), (48, 7)): {'bw': 5}, ((4, 6), (7, 25)): {'bw': 5}, ((4, 6), (25, 73)): {'bw': 5}, ((5, 7), (22, 45)): {'bw': 4}, ((5, 7), (45, 83)): {'bw': 4}, ((5, 7), (83, 59)): {'bw': 4}}",961.0,374.0,374.0,74.0,300.0,74.0,300.0,74.0,887.0,587.0,0.3891779396462019,263705.482079283,102628.35618902376,106.79329468160643,Success,0.0,"{'node_level': {}, 'link_level': {}, 'path_level': {}}","{'node_level': {3: {'cpu': -78}, 4: {'cpu': -83}, 7: {'cpu': -78}, 0: {'cpu': -83}, 1: {'cpu': -79}, 2: {'cpu': -78}, 6: {'cpu': -89}, 5: {'cpu': -87}}, 'link_level': {(0, 2): {'bw': -39}, (0, 4): {'bw': -20}, (0, 5): {'bw': -64}, (1, 2): {'bw': -15}, (1, 4): {'bw': -47}, (1, 7): {'bw': -9}, (2, 6): {'bw': -21}, (3, 5): {'bw': -41}, (3, 6): {'bw': -46}, (3, 7): {'bw': -37}, (4, 6): {'bw': -41}, (5, 7): {'bw': -54}}, 'path_level': {(0, 2): {'latency': -1.6470798215109905}, (0, 4): {'latency': -1.323512569058817}, (0, 5): {'latency': -0.9361728529429696}, (1, 2): {'latency': -0.9176148301584028}, (1, 4): {'latency': -1.8828104244332122}, (1, 7): {'latency': -5.515573029978651}, (2, 6): {'latency': -0.932887187808765}, (3, 5): {'latency': -3.965325406209673}, (3, 6): {'latency': -3.387012048012238}, (3, 7): {'latency': -4.086438139532188}, (4, 6): {'latency': -0.8165046890046659}, (5, 7): {'latency': -2.9946400790221075}}}","{'node_level': {3: {'cpu': 0}, 4: {'cpu': 0}, 7: {'cpu': 0}, 0: {'cpu': 0}, 1: {'cpu': 0}, 2: {'cpu': 0}, 6: {'cpu': 0}, 5: {'cpu': 0}}, 'link_level': {(0, 2): {'bw': 0}, (0, 4): {'bw': 0}, (0, 5): {'bw': 0}, (1, 2): {'bw': 0}, (1, 4): {'bw': 0}, (1, 7): {'bw': 0}, (2, 6): {'bw': 0}, (3, 5): {'bw': 0}, (3, 6): {'bw': 0}, (3, 7): {'bw': 0}, (4, 6): {'bw': 0}, (5, 7): {'bw': 0}}, 'path_level': {(0, 2): {'latency': 0}, (0, 4): {'latency': 0}, (0, 5): {'latency': 0}, (1, 2): {'latency': 0}, (1, 4): {'latency': 0}, (1, 7): {'latency': 0}, (2, 6): {'latency': 0}, (3, 5): {'latency': 0}, (3, 6): {'latency': 0}, (3, 7): {'latency': 0}, (4, 6): {'latency': 0}, (5, 7): {'latency': 0}}}",[],0.0,0.0,True,True,False,0,[],0,0.0,8.0,12.0
80,14,5,2008.0,4395.0,601186.4070326153,1230472.2262245682,0.45688282138794084,0.48858185842781904,15,119,0,982.1617488701635,40293,7479,32814,0.023629242819843355,0.040470202935844246,24,688.1617488701635,294.0,7,12,False,{},{},{},{},0.0,0.0,0.0,0.0,0.0,0.0,0.0,0.0,0.0,0.0,0.0,0.0,0.0,0.0,Leave Event,0.0,"{'node_level': {}, 'link_level': {}, 'path_level': {}}","{'node_level': {}, 'link_level': {}, 'path_level': {}}","{'node_level': {}, 'link_level': {}, 'path_level': {}}",[],0.0,0.0,True,True,False,0,[],0,0.0,,
80,14,5,2008.0,4395.0,601186.4070326153,1230472.2262245682,0.45688282138794084,0.48858185842781904,15,120,0,987.7258386294026,40293,7479,32814,0.023629242819843355,0.040470202935844246,70,128.72583862940257,859.0,6,10,False,{},{},{},{},0.0,0.0,0.0,0.0,0.0,0.0,0.0,0.0,0.0,0.0,0.0,0.0,0.0,0.0,Leave Event,0.0,"{'node_level': {}, 'link_level': {}, 'path_level': {}}","{'node_level': {}, 'link_level': {}, 'path_level': {}}","{'node_level': {}, 'link_level': {}, 'path_level': {}}",[],0.0,0.0,True,True,False,0,[],0,0.0,,
81,14,5,2008.0,4395.0,601186.4070326153,1230472.2262245682,0.45688282138794084,0.48858185842781904,15,121,1,990.0,40293,7479,32814,0.023629242819843355,0.040470202935844246,80,1048.102256157356,990.0,8,12,False,"{0: 6, 5: 22, 3: 33, 6: 37, 2: 53, 7: 36, 1: 44, 4: 73}","{(0, 2): []}","{(0, 6): {'cpu': 20}, (5, 22): {'cpu': 20}, (3, 33): {'cpu': 19}, (6, 37): {'cpu': 18}, (2, 53): {'cpu': 16}, (7, 36): {'cpu': 13}, (1, 44): {'cpu': 11}, (4, 73): {'cpu': 2}}",{},0.0,0.0,424.0,119.0,305.0,0.0,0.0,0.0,0.0,0.0,0.0,0.0,0.0,0.0,Route Failure,9.333281027049821,"{'node_level': {}, 'link_level': {}, 'path_level': {}}","{'node_level': {0: {'cpu': -80}, 5: {'cpu': -67}, 3: {'cpu': -73}, 6: {'cpu': -60}, 2: {'cpu': -67}, 7: {'cpu': -62}, 1: {'cpu': -72}, 4: {'cpu': -87}}, 'link_level': {(0, 2): {'bw': -49}}, 'path_level': {(0, 2): {'latency': 9.333281027049821}}}","{'node_level': {0: {'cpu': 0}, 5: {'cpu': 0}, 3: {'cpu': 0}, 6: {'cpu': 0}, 2: {'cpu': 0}, 7: {'cpu': 0}, 1: {'cpu': 0}, 4: {'cpu': 0}}, 'link_level': {(0, 2): {'bw': 0}}, 'path_level': {(0, 2): {'latency': 9.333281027049821}}}",[],0.0,0.0,True,False,False,0,[],0,0.0,8.0,1.0
81,14,5,2008.0,4395.0,601186.4070326153,1230472.2262245682,0.45688282138794084,0.48858185842781904,15,122,0,997.1008462480315,40293,7479,32814,0.023629242819843355,0.040470202935844246,66,190.10084624803153,807.0,2,1,False,{},{},{},{},0.0,0.0,0.0,0.0,0.0,0.0,0.0,0.0,0.0,0.0,0.0,0.0,0.0,0.0,Leave Event,0.0,"{'node_level': {}, 'link_level': {}, 'path_level': {}}","{'node_level': {}, 'link_level': {}, 'path_level': {}}","{'node_level': {}, 'link_level': {}, 'path_level': {}}",[],0.0,0.0,True,True,False,0,[],0,0.0,,
81,14,5,2008.0,4395.0,601186.4070326153,1230472.2262245682,0.45688282138794084,0.48858185842781904,15,123,0,997.7189441266352,40293,7479,32814,0.023629242819843355,0.040470202935844246,68,163.7189441266352,834.0,8,16,False,{},{},{},{},0.0,0.0,0.0,0.0,0.0,0.0,0.0,0.0,0.0,0.0,0.0,0.0,0.0,0.0,Leave Event,0.0,"{'node_level': {}, 'link_level': {}, 'path_level': {}}","{'node_level': {}, 'link_level': {}, 'path_level': {}}","{'node_level': {}, 'link_level': {}, 'path_level': {}}",[],0.0,0.0,True,True,False,0,[],0,0.0,,
82,14,5,2008.0,4395.0,601186.4070326153,1230472.2262245682,0.45688282138794084,0.48858185842781904,15,124,1,1007.0,40293,7479,32814,0.023629242819843355,0.040470202935844246,81,454.1090623122906,1007.0,10,21,False,"{5: 6, 1: 22, 6: 33, 8: 37, 9: 53, 0: 36, 3: 44, 2: 73, 4: 28, 7: 11}","{(0, 1): [(36, 97), (97, 22)], (0, 3): []}","{(5, 6): {'cpu': 18}, (1, 22): {'cpu': 17}, (6, 33): {'cpu': 17}, (8, 37): {'cpu': 17}, (9, 53): {'cpu': 17}, (0, 36): {'cpu': 16}, (3, 44): {'cpu': 16}, (2, 73): {'cpu': 13}, (4, 28): {'cpu': 11}, (7, 11): {'cpu': 5}}","{((0, 1), (36, 97)): {'bw': 13}, ((0, 1), (97, 22)): {'bw': 13}}",0.0,0.0,602.0,147.0,455.0,0.0,0.0,0.0,0.0,0.0,0.0,0.0,0.0,0.0,Route Failure,4.049627349267368,"{'node_level': {}, 'link_level': {}, 'path_level': {}}","{'node_level': {5: {'cpu': -82}, 1: {'cpu': -70}, 6: {'cpu': -75}, 8: {'cpu': -61}, 9: {'cpu': -66}, 0: {'cpu': -59}, 3: {'cpu': -67}, 2: {'cpu': -76}, 4: {'cpu': -74}, 7: {'cpu': -78}}, 'link_level': {(0, 1): {'bw': -51}, (0, 3): {'bw': -41}}, 'path_level': {(0, 1): {'latency': -5.157710934283928}, (0, 3): {'latency': 4.049627349267368}}}","{'node_level': {5: {'cpu': 0}, 1: {'cpu': 0}, 6: {'cpu': 0}, 8: {'cpu': 0}, 9: {'cpu': 0}, 0: {'cpu': 0}, 3: {'cpu': 0}, 2: {'cpu': 0}, 4: {'cpu': 0}, 7: {'cpu': 0}}, 'link_level': {(0, 1): {'bw': 0}, (0, 3): {'bw': 0}}, 'path_level': {(0, 1): {'latency': 0}, (0, 3): {'latency': 4.049627349267368}}}",[],0.0,0.0,True,False,False,0,[],0,0.0,10.0,2.0
82,14,5,2008.0,4395.0,601186.4070326153,1230472.2262245682,0.45688282138794084,0.48858185842781904,15,125,0,1019.5350454987206,40293,7479,32814,0.023629242819843355,0.040470202935844246,55,346.5350454987206,673.0,7,7,False,{},{},{},{},0.0,0.0,0.0,0.0,0.0,0.0,0.0,0.0,0.0,0.0,0.0,0.0,0.0,0.0,Leave Event,0.0,"{'node_level': {}, 'link_level': {}, 'path_level': {}}","{'node_level': {}, 'link_level': {}, 'path_level': {}}","{'node_level': {}, 'link_level': {}, 'path_level': {}}",[],0.0,0.0,True,True,False,0,[],0,0.0,,
83,15,6,2086.0,4517.0,614025.8361001458,1250554.4101507056,0.4618109364622537,0.4910028952887775,16,126,1,1020.0,40171,7445,32726,0.028067885117493474,0.043043452833499085,82,164.6080649683402,1020.0,2,1,True,"{0: 6, 1: 22}","{(0, 1): [(6, 40), (40, 22)]}","{(0, 6): {'cpu': 17}, (1, 22): {'cpu': 17}}","{((0, 1), (6, 40)): {'bw': 44}, ((0, 1), (40, 22)): {'bw': 44}}",122.0,78.0,78.0,34.0,44.0,34.0,44.0,34.0,88.0,44.0,0.639344262295082,20082.183926137503,12839.429067530535,105.24122186500439,Success,0.0,"{'node_level': {}, 'link_level': {}, 'path_level': {}}","{'node_level': {0: {'cpu': -83}, 1: {'cpu': -70}}, 'link_level': {(0, 1): {'bw': -10}}, 'path_level': {(0, 1): {'latency': -2.08090432495767}}}","{'node_level': {0: {'cpu': 0}, 1: {'cpu': 0}}, 'link_level': {(0, 1): {'bw': 0}}, 'path_level': {(0, 1): {'latency': 0}}}",[],0.0,0.0,True,True,False,0,[],0,0.0,2.0,1.0
84,16,7,2196.0,4702.0,690105.5200980685,1378506.6059653938,0.4670353041259039,0.5006182176506689,17,127,1,1027.0,39986,7395,32591,0.034595300261096584,0.04699105210831045,83,691.6334908902063,1027.0,5,5,True,"{2: 33, 3: 37, 1: 53, 0: 36, 4: 44}","{(0, 2): [(36, 25), (25, 33)], (0, 4): [(36, 50), (50, 44)], (1, 2): [(53, 97), (97, 33)], (1, 4): [(53, 20), (20, 35), (35, 44)], (2, 3): [(33, 31), (31, 37)]}","{(2, 33): {'cpu': 18}, (3, 37): {'cpu': 13}, (1, 53): {'cpu': 8}, (0, 36): {'cpu': 6}, (4, 44): {'cpu': 5}}","{((0, 2), (36, 25)): {'bw': 16}, ((0, 2), (25, 33)): {'bw': 16}, ((0, 4), (36, 50)): {'bw': 9}, ((0, 4), (50, 44)): {'bw': 9}, ((1, 2), (53, 97)): {'bw': 4}, ((1, 2), (97, 33)): {'bw': 4}, ((1, 4), (53, 20)): {'bw': 15}, ((1, 4), (20, 35)): {'bw': 15}, ((1, 4), (35, 44)): {'bw': 15}, ((2, 3), (33, 31)): {'bw': 16}, ((2, 3), (31, 37)): {'bw': 16}}",185.0,110.0,110.0,50.0,60.0,50.0,60.0,50.0,135.0,75.0,0.5945945945945946,127952.19581468817,76079.6839979227,411.2415351239065,Success,0.0,"{'node_level': {}, 'link_level': {}, 'path_level': {}}","{'node_level': {2: {'cpu': -74}, 3: {'cpu': -65}, 1: {'cpu': -75}, 0: {'cpu': -69}, 4: {'cpu': -78}}, 'link_level': {(0, 2): {'bw': -60}, (0, 4): {'bw': -54}, (1, 2): {'bw': -86}, (1, 4): {'bw': -36}, (2, 3): {'bw': -55}}, 'path_level': {(0, 2): {'latency': -2.3554467329102167}, (0, 4): {'latency': -1.5208162507597578}, (1, 2): {'latency': -1.4419554376059214}, (1, 4): {'latency': -3.6135521622150755}, (2, 3): {'latency': -0.0484842734324733}}}","{'node_level': {2: {'cpu': 0}, 3: {'cpu': 0}, 1: {'cpu': 0}, 0: {'cpu': 0}, 4: {'cpu': 0}}, 'link_level': {(0, 2): {'bw': 0}, (0, 4): {'bw': 0}, (1, 2): {'bw': 0}, (1, 4): {'bw': 0}, (2, 3): {'bw': 0}}, 'path_level': {(0, 2): {'latency': 0}, (0, 4): {'latency': 0}, (1, 2): {'latency': 0}, (1, 4): {'latency': 0}, (2, 3): {'latency': 0}}}",[],0.0,0.0,True,True,False,0,[],0,0.0,5.0,5.0
85,16,7,2196.0,4702.0,690105.5200980685,1378506.6059653938,0.4670353041259039,0.5006182176506689,17,128,1,1041.0,39986,7395,32591,0.034595300261096584,0.04699105210831045,84,650.478078397653,1041.0,7,10,False,"{2: 73, 5: 28, 1: 11, 0: 12, 6: 25, 3: 34, 4: 54}","{(0, 3): [(12, 77), (77, 3), (3, 34)], (1, 2): [(11, 43), (43, 73)], (1, 3): []}","{(2, 73): {'cpu': 17}, (5, 28): {'cpu': 16}, (1, 11): {'cpu': 15}, (0, 12): {'cpu': 9}, (6, 25): {'cpu': 9}, (3, 34): {'cpu': 3}, (4, 54): {'cpu': 3}}","{((0, 3), (12, 77)): {'bw': 36}, ((0, 3), (77, 3)): {'bw': 36}, ((0, 3), (3, 34)): {'bw': 36}, ((1, 2), (11, 43)): {'bw': 16}, ((1, 2), (43, 73)): {'bw': 16}}",0.0,0.0,355.0,72.0,283.0,0.0,0.0,0.0,0.0,0.0,0.0,0.0,0.0,0.0,Route Failure,10.669629157849258,"{'node_level': {}, 'link_level': {}, 'path_level': {}}","{'node_level': {2: {'cpu': -72}, 5: {'cpu': -69}, 1: {'cpu': -68}, 0: {'cpu': -69}, 6: {'cpu': -79}, 3: {'cpu': -76}, 4: {'cpu': -77}}, 'link_level': {(0, 3): {'bw': -3}, (1, 2): {'bw': -45}, (1, 3): {'bw': -48}}, 'path_level': {(0, 3): {'latency': -6.533456201882577}, (1, 2): {'latency': -3.8488640486934607}, (1, 3): {'latency': 10.669629157849258}}}","{'node_level': {2: {'cpu': 0}, 5: {'cpu': 0}, 1: {'cpu': 0}, 0: {'cpu': 0}, 6: {'cpu': 0}, 3: {'cpu': 0}, 4: {'cpu': 0}}, 'link_level': {(0, 3): {'bw': 0}, (1, 2): {'bw': 0}, (1, 3): {'bw': 0}}, 'path_level': {(0, 3): {'latency': 0}, (1, 2): {'latency': 0}, (1, 3): {'latency': 10.669629157849258}}}",[],0.0,0.0,True,False,False,0,[],0,0.0,7.0,3.0
86,16,7,2196.0,4702.0,690105.5200980685,1378506.6059653938,0.4670353041259039,0.5006182176506689,17,129,1,1055.0,39986,7395,32591,0.034595300261096584,0.04699105210831045,85,585.2453056792999,1055.0,8,12,False,"{3: 73, 4: 28, 1: 11, 6: 12, 7: 25, 2: 34, 0: 54, 5: 67}","{(0, 1): []}","{(3, 73): {'cpu': 20}, (4, 28): {'cpu': 19}, (1, 11): {'cpu': 15}, (6, 12): {'cpu': 15}, (7, 25): {'cpu': 13}, (2, 34): {'cpu': 9}, (0, 54): {'cpu': 2}, (5, 67): {'cpu': 2}}",{},0.0,0.0,375.0,95.0,280.0,0.0,0.0,0.0,0.0,0.0,0.0,0.0,0.0,0.0,Route Failure,7.489538901854632,"{'node_level': {}, 'link_level': {}, 'path_level': {}}","{'node_level': {3: {'cpu': -69}, 4: {'cpu': -66}, 1: {'cpu': -68}, 6: {'cpu': -63}, 7: {'cpu': -75}, 2: {'cpu': -70}, 0: {'cpu': -78}, 5: {'cpu': -82}}, 'link_level': {(0, 1): {'bw': -49}}, 'path_level': {(0, 1): {'latency': 7.489538901854632}}}","{'node_level': {3: {'cpu': 0}, 4: {'cpu': 0}, 1: {'cpu': 0}, 6: {'cpu': 0}, 7: {'cpu': 0}, 2: {'cpu': 0}, 0: {'cpu': 0}, 5: {'cpu': 0}}, 'link_level': {(0, 1): {'bw': 0}}, 'path_level': {(0, 1): {'latency': 7.489538901854632}}}",[],0.0,0.0,True,False,False,0,[],0,0.0,8.0,1.0
86,16,6,2196.0,4702.0,690105.5200980685,1378506.6059653938,0.4670353041259039,0.5006182176506689,17,130,0,1059.8022804328534,40203,7417,32786,0.03172323759791118,0.041288964266916195,41,542.8022804328534,517.0,3,2,False,{},{},{},{},0.0,0.0,0.0,0.0,0.0,0.0,0.0,0.0,0.0,0.0,0.0,0.0,0.0,0.0,Leave Event,0.0,"{'node_level': {}, 'link_level': {}, 'path_level': {}}","{'node_level': {}, 'link_level': {}, 'path_level': {}}","{'node_level': {}, 'link_level': {}, 'path_level': {}}",[],0.0,0.0,True,True,False,0,[],0,0.0,,
87,17,7,2294.0,4902.0,719544.135652072,1438585.4132184624,0.4679722562219502,0.500174775192721,17,131,1,1064.0,40003,7374,32629,0.03733681462140992,0.0458798760161413,86,300.3940362653423,1064.0,3,2,True,"{0: 90, 2: 36, 1: 12}","{(0, 1): [(90, 32), (32, 12)], (1, 2): [(12, 80), (80, 10), (10, 36)]}","{(0, 90): {'cpu': 20}, (2, 36): {'cpu': 13}, (1, 12): {'cpu': 10}}","{((0, 1), (90, 32)): {'bw': 8}, ((0, 1), (32, 12)): {'bw': 8}, ((1, 2), (12, 80)): {'bw': 47}, ((1, 2), (80, 10)): {'bw': 47}, ((1, 2), (10, 36)): {'bw': 47}}",200.0,98.0,98.0,43.0,55.0,43.0,55.0,43.0,157.0,102.0,0.49,60078.807253068466,29438.615554003547,147.19307777001774,Success,0.0,"{'node_level': {}, 'link_level': {}, 'path_level': {}}","{'node_level': {0: {'cpu': -80}, 2: {'cpu': -63}, 1: {'cpu': -70}}, 'link_level': {(0, 1): {'bw': -87}, (1, 2): {'bw': -23}}, 'path_level': {(0, 1): {'latency': -7.783106546602274}, (1, 2): {'latency': -5.31502914503824}}}","{'node_level': {0: {'cpu': 0}, 2: {'cpu': 0}, 1: {'cpu': 0}}, 'link_level': {(0, 1): {'bw': 0}, (1, 2): {'bw': 0}}, 'path_level': {(0, 1): {'latency': 0}, (1, 2): {'latency': 0}}}",[],0.0,0.0,True,True,False,0,[],0,0.0,3.0,2.0
87,17,7,2294.0,4902.0,719544.135652072,1438585.4132184624,0.4679722562219502,0.500174775192721,17,132,0,1065.3676042104587,40003,7374,32629,0.03733681462140992,0.0458798760161413,59,336.36760421045864,729.0,6,9,False,{},{},{},{},0.0,0.0,0.0,0.0,0.0,0.0,0.0,0.0,0.0,0.0,0.0,0.0,0.0,0.0,Leave Event,0.0,"{'node_level': {}, 'link_level': {}, 'path_level': {}}","{'node_level': {}, 'link_level': {}, 'path_level': {}}","{'node_level': {}, 'link_level': {}, 'path_level': {}}",[],0.0,0.0,True,True,False,0,[],0,0.0,,
87,17,7,2294.0,4902.0,719544.135652072,1438585.4132184624,0.4679722562219502,0.500174775192721,17,133,0,1065.6129781201175,40003,7374,32629,0.03733681462140992,0.0458798760161413,30,699.6129781201174,366.0,10,25,False,{},{},{},{},0.0,0.0,0.0,0.0,0.0,0.0,0.0,0.0,0.0,0.0,0.0,0.0,0.0,0.0,Leave Event,0.0,"{'node_level': {}, 'link_level': {}, 'path_level': {}}","{'node_level': {}, 'link_level': {}, 'path_level': {}}","{'node_level': {}, 'link_level': {}, 'path_level': {}}",[],0.0,0.0,True,True,False,0,[],0,0.0,,
87,17,7,2294.0,4902.0,719544.135652072,1438585.4132184624,0.4679722562219502,0.500174775192721,17,134,0,1068.0215425676947,40003,7374,32629,0.03733681462140992,0.0458798760161413,48,477.02154256769484,591.0,10,24,False,{},{},{},{},0.0,0.0,0.0,0.0,0.0,0.0,0.0,0.0,0.0,0.0,0.0,0.0,0.0,0.0,Leave Event,0.0,"{'node_level': {}, 'link_level': {}, 'path_level': {}}","{'node_level': {}, 'link_level': {}, 'path_level': {}}","{'node_level': {}, 'link_level': {}, 'path_level': {}}",[],0.0,0.0,True,True,False,0,[],0,0.0,,
87,17,7,2294.0,4902.0,719544.135652072,1438585.4132184624,0.4679722562219502,0.500174775192721,17,135,0,1077.5993729760376,40003,7374,32629,0.03733681462140992,0.0458798760161413,58,362.5993729760375,715.0,7,10,False,{},{},{},{},0.0,0.0,0.0,0.0,0.0,0.0,0.0,0.0,0.0,0.0,0.0,0.0,0.0,0.0,Leave Event,0.0,"{'node_level': {}, 'link_level': {}, 'path_level': {}}","{'node_level': {}, 'link_level': {}, 'path_level': {}}","{'node_level': {}, 'link_level': {}, 'path_level': {}}",[],0.0,0.0,True,True,False,0,[],0,0.0,,
87,17,7,2294.0,4902.0,719544.135652072,1438585.4132184624,0.4679722562219502,0.500174775192721,17,136,0,1080.9825256218023,40003,7374,32629,0.03733681462140992,0.0458798760161413,31,703.9825256218024,377.0,5,5,False,{},{},{},{},0.0,0.0,0.0,0.0,0.0,0.0,0.0,0.0,0.0,0.0,0.0,0.0,0.0,0.0,Leave Event,0.0,"{'node_level': {}, 'link_level': {}, 'path_level': {}}","{'node_level': {}, 'link_level': {}, 'path_level': {}}","{'node_level': {}, 'link_level': {}, 'path_level': {}}",[],0.0,0.0,True,True,False,0,[],0,0.0,,
88,17,7,2294.0,4902.0,719544.135652072,1438585.4132184624,0.4679722562219502,0.500174775192721,17,137,1,1082.0,40003,7374,32629,0.03733681462140992,0.0458798760161413,87,331.2160171223706,1082.0,3,3,False,"{1: 73, 0: 28, 2: 11}","{(0, 1): [(28, 73)], (0, 2): [(28, 73), (73, 43), (43, 11)], (1, 2): []}","{(1, 73): {'cpu': 9}, (0, 28): {'cpu': 7}, (2, 11): {'cpu': 3}}","{((0, 1), (28, 73)): {'bw': 27}, ((0, 2), (28, 73)): {'bw': 41}, ((0, 2), (73, 43)): {'bw': 41}, ((0, 2), (43, 11)): {'bw': 41}}",0.0,0.0,111.0,19.0,92.0,0.0,0.0,0.0,0.0,0.0,0.0,0.0,0.0,0.0,Route Failure,5.978478164669838,"{'node_level': {}, 'link_level': {}, 'path_level': {}}","{'node_level': {1: {'cpu': -80}, 0: {'cpu': -78}, 2: {'cpu': -80}}, 'link_level': {(0, 1): {'bw': -54}, (0, 2): {'bw': -13}, (1, 2): {'bw': -7}}, 'path_level': {(0, 1): {'latency': -10.7313261422508}, (0, 2): {'latency': -3.0999967556529953}, (1, 2): {'latency': 5.978478164669838}}}","{'node_level': {1: {'cpu': 0}, 0: {'cpu': 0}, 2: {'cpu': 0}}, 'link_level': {(0, 1): {'bw': 0}, (0, 2): {'bw': 0}, (1, 2): {'bw': 0}}, 'path_level': {(0, 1): {'latency': 0}, (0, 2): {'latency': 0}, (1, 2): {'latency': 5.978478164669838}}}",[],0.0,0.0,True,False,False,0,[],0,0.0,3.0,3.0
89,17,7,2294.0,4902.0,719544.135652072,1438585.4132184624,0.4679722562219502,0.500174775192721,17,138,1,1091.0,40003,7374,32629,0.03733681462140992,0.0458798760161413,88,259.7764327387954,1091.0,8,14,False,"{1: 73, 6: 28, 5: 11, 4: 25, 2: 34, 3: 54, 7: 67, 0: 31}","{(0, 2): []}","{(1, 73): {'cpu': 20}, (6, 28): {'cpu': 15}, (5, 11): {'cpu': 12}, (4, 25): {'cpu': 7}, (2, 34): {'cpu': 4}, (3, 54): {'cpu': 3}, (7, 67): {'cpu': 3}, (0, 31): {'cpu': 1}}",{},0.0,0.0,435.0,65.0,370.0,0.0,0.0,0.0,0.0,0.0,0.0,0.0,0.0,0.0,Route Failure,6.579348043846808,"{'node_level': {}, 'link_level': {}, 'path_level': {}}","{'node_level': {1: {'cpu': -69}, 6: {'cpu': -70}, 5: {'cpu': -71}, 4: {'cpu': -81}, 2: {'cpu': -75}, 3: {'cpu': -77}, 7: {'cpu': -81}, 0: {'cpu': -81}}, 'link_level': {(0, 2): {'bw': -34}}, 'path_level': {(0, 2): {'latency': 6.579348043846808}}}","{'node_level': {1: {'cpu': 0}, 6: {'cpu': 0}, 5: {'cpu': 0}, 4: {'cpu': 0}, 2: {'cpu': 0}, 3: {'cpu': 0}, 7: {'cpu': 0}, 0: {'cpu': 0}}, 'link_level': {(0, 2): {'bw': 0}}, 'path_level': {(0, 2): {'latency': 6.579348043846808}}}",[],0.0,0.0,True,False,False,0,[],0,0.0,8.0,1.0
89,17,7,2294.0,4902.0,719544.135652072,1438585.4132184624,0.4679722562219502,0.500174775192721,17,139,0,1097.6633173930616,40003,7374,32629,0.03733681462140992,0.0458798760161413,74,183.66331739306148,914.0,6,7,False,{},{},{},{},0.0,0.0,0.0,0.0,0.0,0.0,0.0,0.0,0.0,0.0,0.0,0.0,0.0,0.0,Leave Event,0.0,"{'node_level': {}, 'link_level': {}, 'path_level': {}}","{'node_level': {}, 'link_level': {}, 'path_level': {}}","{'node_level': {}, 'link_level': {}, 'path_level': {}}",[],0.0,0.0,True,True,False,0,[],0,0.0,,
90,18,8,2329.0,4937.0,772673.0544533632,1491714.3320197535,0.47174397407332386,0.5179765574868335,17,140,1,1109.0,39968,7372,32596,0.03759791122715406,0.04684484472776185,89,1517.9691086083183,1109.0,2,1,True,"{0: 73, 1: 28}","{(0, 1): [(73, 28)]}","{(0, 73): {'cpu': 1}, (1, 28): {'cpu': 1}}","{((0, 1), (73, 28)): {'bw': 33}}",35.0,35.0,35.0,2.0,33.0,2.0,33.0,2.0,33.0,0.0,1.0,53128.91880129114,53128.91880129114,1517.9691086083183,Success,0.0,"{'node_level': {}, 'link_level': {}, 'path_level': {}}","{'node_level': {0: {'cpu': -88}, 1: {'cpu': -84}}, 'link_level': {(0, 1): {'bw': -48}}, 'path_level': {(0, 1): {'latency': -5.458384324513489}}}","{'node_level': {0: {'cpu': 0}, 1: {'cpu': 0}}, 'link_level': {(0, 1): {'bw': 0}}, 'path_level': {(0, 1): {'latency': 0}}}",[],0.0,0.0,True,True,False,0,[],0,0.0,2.0,1.0
90,18,8,2329.0,4937.0,772673.0544533632,1491714.3320197535,0.47174397407332386,0.5179765574868335,17,141,0,1109.5182104509615,39968,7372,32596,0.03759791122715406,0.04684484472776185,76,174.5182104509615,935.0,5,4,False,{},{},{},{},0.0,0.0,0.0,0.0,0.0,0.0,0.0,0.0,0.0,0.0,0.0,0.0,0.0,0.0,Leave Event,0.0,"{'node_level': {}, 'link_level': {}, 'path_level': {}}","{'node_level': {}, 'link_level': {}, 'path_level': {}}","{'node_level': {}, 'link_level': {}, 'path_level': {}}",[],0.0,0.0,True,True,False,0,[],0,0.0,,
90,18,8,2329.0,4937.0,772673.0544533632,1491714.3320197535,0.47174397407332386,0.5179765574868335,17,142,0,1118.4395887127384,39968,7372,32596,0.03759791122715406,0.04684484472776185,78,153.4395887127384,965.0,9,17,False,{},{},{},{},0.0,0.0,0.0,0.0,0.0,0.0,0.0,0.0,0.0,0.0,0.0,0.0,0.0,0.0,Leave Event,0.0,"{'node_level': {}, 'link_level': {}, 'path_level': {}}","{'node_level': {}, 'link_level': {}, 'path_level': {}}","{'node_level': {}, 'link_level': {}, 'path_level': {}}",[],0.0,0.0,True,True,False,0,[],0,0.0,,
91,18,8,2329.0,4937.0,772673.0544533632,1491714.3320197535,0.47174397407332386,0.5179765574868335,17,143,1,1123.0,39968,7372,32596,0.03759791122715406,0.04684484472776185,90,8.310489934272583,1123.0,10,24,False,"{7: 73, 9: 11, 0: 25, 5: 28, 6: 34, 8: 54, 2: 67, 3: 31, 1: 59, 4: 44}","{(0, 1): [(25, 86), (86, 59)], (0, 2): [(25, 26), (26, 6), (6, 67)], (0, 3): []}","{(7, 73): {'cpu': 20}, (9, 11): {'cpu': 20}, (0, 25): {'cpu': 19}, (5, 28): {'cpu': 16}, (6, 34): {'cpu': 14}, (8, 54): {'cpu': 14}, (2, 67): {'cpu': 12}, (3, 31): {'cpu': 12}, (1, 59): {'cpu': 2}, (4, 44): {'cpu': 1}}","{((0, 1), (25, 86)): {'bw': 35}, ((0, 1), (86, 59)): {'bw': 35}, ((0, 2), (25, 26)): {'bw': 47}, ((0, 2), (26, 6)): {'bw': 47}, ((0, 2), (6, 67)): {'bw': 47}}",0.0,0.0,764.0,130.0,634.0,0.0,0.0,0.0,0.0,0.0,0.0,0.0,0.0,0.0,Route Failure,6.553128018343804,"{'node_level': {}, 'link_level': {}, 'path_level': {}}","{'node_level': {7: {'cpu': -68}, 9: {'cpu': -63}, 0: {'cpu': -69}, 5: {'cpu': -68}, 6: {'cpu': -65}, 8: {'cpu': -66}, 2: {'cpu': -72}, 3: {'cpu': -70}, 1: {'cpu': -76}, 4: {'cpu': -77}}, 'link_level': {(0, 1): {'bw': -2}, (0, 2): {'bw': -13}, (0, 3): {'bw': -18}}, 'path_level': {(0, 1): {'latency': -8.039436124875541}, (0, 2): {'latency': -9.00390509342316}, (0, 3): {'latency': 6.553128018343804}}}","{'node_level': {7: {'cpu': 0}, 9: {'cpu': 0}, 0: {'cpu': 0}, 5: {'cpu': 0}, 6: {'cpu': 0}, 8: {'cpu': 0}, 2: {'cpu': 0}, 3: {'cpu': 0}, 1: {'cpu': 0}, 4: {'cpu': 0}}, 'link_level': {(0, 1): {'bw': 0}, (0, 2): {'bw': 0}, (0, 3): {'bw': 0}}, 'path_level': {(0, 1): {'latency': 0}, (0, 2): {'latency': 0}, (0, 3): {'latency': 6.553128018343804}}}",[],0.0,0.0,True,False,False,0,[],0,0.0,10.0,3.0
91,18,8,2329.0,4937.0,772673.0544533632,1491714.3320197535,0.47174397407332386,0.5179765574868335,17,144,0,1131.3104899342725,39968,7372,32596,0.03759791122715406,0.04684484472776185,90,8.310489934272583,1123.0,10,24,False,{},{},{},{},0.0,0.0,0.0,0.0,0.0,0.0,0.0,0.0,0.0,0.0,0.0,0.0,0.0,0.0,Leave Event,0.0,"{'node_level': {}, 'link_level': {}, 'path_level': {}}","{'node_level': {}, 'link_level': {}, 'path_level': {}}","{'node_level': {}, 'link_level': {}, 'path_level': {}}",[],0.0,0.0,True,True,False,0,[],0,0.0,,
91,18,8,2329.0,4937.0,772673.0544533632,1491714.3320197535,0.47174397407332386,0.5179765574868335,17,145,0,1133.3395684587858,39968,7372,32596,0.03759791122715406,0.04684484472776185,51,503.3395684587858,630.0,9,20,False,{},{},{},{},0.0,0.0,0.0,0.0,0.0,0.0,0.0,0.0,0.0,0.0,0.0,0.0,0.0,0.0,Leave Event,0.0,"{'node_level': {}, 'link_level': {}, 'path_level': {}}","{'node_level': {}, 'link_level': {}, 'path_level': {}}","{'node_level': {}, 'link_level': {}, 'path_level': {}}",[],0.0,0.0,True,True,False,0,[],0,0.0,,
92,18,8,2329.0,4937.0,772673.0544533632,1491714.3320197535,0.47174397407332386,0.5179765574868335,17,146,1,1137.0,39968,7372,32596,0.03759791122715406,0.04684484472776185,91,187.9773938487999,1137.0,9,22,False,"{2: 73, 6: 11, 5: 25, 3: 28, 0: 34, 4: 54, 7: 67, 1: 31, 8: 59}","{(0, 1): [(34, 17), (17, 31)], (0, 3): [(34, 37), (37, 25), (25, 28)], (0, 4): [(34, 17), (17, 4), (4, 54)], (0, 5): [(34, 37), (37, 25)], (0, 6): [(34, 29), (29, 43), (43, 11)], (0, 7): [(34, 99), (99, 88), (88, 67)], (0, 8): [(34, 18), (18, 51), (51, 59)], (1, 3): [(31, 17), (17, 21), (21, 28)], (1, 4): [(31, 39), (39, 19), (19, 54)], (1, 5): [(31, 33), (33, 25)], (1, 6): []}","{(2, 73): {'cpu': 19}, (6, 11): {'cpu': 18}, (5, 25): {'cpu': 7}, (3, 28): {'cpu': 6}, (0, 34): {'cpu': 5}, (4, 54): {'cpu': 5}, (7, 67): {'cpu': 4}, (1, 31): {'cpu': 3}, (8, 59): {'cpu': 3}}","{((0, 1), (34, 17)): {'bw': 10}, ((0, 1), (17, 31)): {'bw': 10}, ((0, 3), (34, 37)): {'bw': 13}, ((0, 3), (37, 25)): {'bw': 13}, ((0, 3), (25, 28)): {'bw': 13}, ((0, 4), (34, 17)): {'bw': 43}, ((0, 4), (17, 4)): {'bw': 43}, ((0, 4), (4, 54)): {'bw': 43}, ((0, 5), (34, 37)): {'bw': 2}, ((0, 5), (37, 25)): {'bw': 2}, ((0, 6), (34, 29)): {'bw': 35}, ((0, 6), (29, 43)): {'bw': 35}, ((0, 6), (43, 11)): {'bw': 35}, ((0, 7), (34, 99)): {'bw': 18}, ((0, 7), (99, 88)): {'bw': 18}, ((0, 7), (88, 67)): {'bw': 18}, ((0, 8), (34, 18)): {'bw': 10}, ((0, 8), (18, 51)): {'bw': 10}, ((0, 8), (51, 59)): {'bw': 10}, ((1, 3), (31, 17)): {'bw': 6}, ((1, 3), (17, 21)): {'bw': 6}, ((1, 3), (21, 28)): {'bw': 6}, ((1, 4), (31, 39)): {'bw': 44}, ((1, 4), (39, 19)): {'bw': 44}, ((1, 4), (19, 54)): {'bw': 44}, ((1, 5), (31, 33)): {'bw': 36}, ((1, 5), (33, 25)): {'bw': 36}}",0.0,0.0,644.0,70.0,574.0,0.0,0.0,0.0,0.0,0.0,0.0,0.0,0.0,0.0,Route Failure,11.443400843806554,"{'node_level': {}, 'link_level': {}, 'path_level': {}}","{'node_level': {2: {'cpu': -69}, 6: {'cpu': -65}, 5: {'cpu': -81}, 3: {'cpu': -78}, 0: {'cpu': -74}, 4: {'cpu': -75}, 7: {'cpu': -80}, 1: {'cpu': -79}, 8: {'cpu': -75}}, 'link_level': {(0, 1): {'bw': -46}, (0, 3): {'bw': -15}, (0, 4): {'bw': -24}, (0, 5): {'bw': -26}, (0, 6): {'bw': -22}, (0, 7): {'bw': -69}, (0, 8): {'bw': -43}, (1, 3): {'bw': -40}, (1, 4): {'bw': -12}, (1, 5): {'bw': -24}, (1, 6): {'bw': -13}}, 'path_level': {(0, 1): {'latency': -3.5183297054155798}, (0, 3): {'latency': -0.8615741195450388}, (0, 4): {'latency': -0.5469102285740943}, (0, 5): {'latency': -10.160786461381832}, (0, 6): {'latency': -0.5074023349459384}, (0, 7): {'latency': -6.193030913005653}, (0, 8): {'latency': -4.130480274977957}, (1, 3): {'latency': -2.469792917384895}, (1, 4): {'latency': -1.9093012049499425}, (1, 5): {'latency': -2.264080187441084}, (1, 6): {'latency': 11.443400843806554}}}","{'node_level': {2: {'cpu': 0}, 6: {'cpu': 0}, 5: {'cpu': 0}, 3: {'cpu': 0}, 0: {'cpu': 0}, 4: {'cpu': 0}, 7: {'cpu': 0}, 1: {'cpu': 0}, 8: {'cpu': 0}}, 'link_level': {(0, 1): {'bw': 0}, (0, 3): {'bw': 0}, (0, 4): {'bw': 0}, (0, 5): {'bw': 0}, (0, 6): {'bw': 0}, (0, 7): {'bw': 0}, (0, 8): {'bw': 0}, (1, 3): {'bw': 0}, (1, 4): {'bw': 0}, (1, 5): {'bw': 0}, (1, 6): {'bw': 0}}, 'path_level': {(0, 1): {'latency': 0}, (0, 3): {'latency': 0}, (0, 4): {'latency': 0}, (0, 5): {'latency': 0}, (0, 6): {'latency': 0}, (0, 7): {'latency': 0}, (0, 8): {'latency': 0}, (1, 3): {'latency': 0}, (1, 4): {'latency': 0}, (1, 5): {'latency': 0}, (1, 6): {'latency': 11.443400843806554}}}",[],0.0,0.0,True,False,False,0,[],0,0.0,9.0,11.0
93,18,8,2329.0,4937.0,772673.0544533632,1491714.3320197535,0.47174397407332386,0.5179765574868335,17,147,1,1147.0,39968,7372,32596,0.03759791122715406,0.04684484472776185,92,2308.465490617315,1147.0,7,12,False,"{5: 73, 6: 11, 4: 25, 2: 28, 0: 34, 1: 54, 3: 67}","{(0, 2): []}","{(5, 73): {'cpu': 14}, (6, 11): {'cpu': 11}, (4, 25): {'cpu': 9}, (2, 28): {'cpu': 8}, (0, 34): {'cpu': 6}, (1, 54): {'cpu': 3}, (3, 67): {'cpu': 2}}",{},0.0,0.0,340.0,53.0,287.0,0.0,0.0,0.0,0.0,0.0,0.0,0.0,0.0,0.0,Route Failure,4.484458410283801,"{'node_level': {}, 'link_level': {}, 'path_level': {}}","{'node_level': {5: {'cpu': -74}, 6: {'cpu': -72}, 4: {'cpu': -79}, 2: {'cpu': -76}, 0: {'cpu': -73}, 1: {'cpu': -77}, 3: {'cpu': -82}}, 'link_level': {(0, 2): {'bw': -29}}, 'path_level': {(0, 2): {'latency': 4.484458410283801}}}","{'node_level': {5: {'cpu': 0}, 6: {'cpu': 0}, 4: {'cpu': 0}, 2: {'cpu': 0}, 0: {'cpu': 0}, 1: {'cpu': 0}, 3: {'cpu': 0}}, 'link_level': {(0, 2): {'bw': 0}}, 'path_level': {(0, 2): {'latency': 4.484458410283801}}}",[],0.0,0.0,True,False,False,0,[],0,0.0,7.0,1.0
94,18,8,2329.0,4937.0,772673.0544533632,1491714.3320197535,0.47174397407332386,0.5179765574868335,17,148,1,1163.0,39968,7372,32596,0.03759791122715406,0.04684484472776185,93,1077.265267639189,1163.0,9,15,False,"{4: 73, 6: 11, 0: 25, 8: 28, 3: 34, 5: 54, 7: 67, 2: 31, 1: 59}","{(0, 3): [(25, 37), (37, 34)], (0, 4): [(25, 73)], (0, 7): [(25, 26), (26, 6), (6, 67)], (1, 2): [(59, 86), (86, 33), (33, 31)], (1, 3): [(59, 51), (51, 18), (18, 34)], (1, 4): [(59, 51), (51, 18), (18, 73)], (1, 6): [(59, 71), (71, 11)], (2, 8): [(31, 17), (17, 21), (21, 28)], (3, 6): [(34, 99), (99, 11)], (3, 7): []}","{(4, 73): {'cpu': 15}, (6, 11): {'cpu': 13}, (0, 25): {'cpu': 12}, (8, 28): {'cpu': 11}, (3, 34): {'cpu': 9}, (5, 54): {'cpu': 8}, (7, 67): {'cpu': 8}, (2, 31): {'cpu': 4}, (1, 59): {'cpu': 2}}","{((0, 3), (25, 37)): {'bw': 13}, ((0, 3), (37, 34)): {'bw': 13}, ((0, 4), (25, 73)): {'bw': 18}, ((0, 7), (25, 26)): {'bw': 34}, ((0, 7), (26, 6)): {'bw': 34}, ((0, 7), (6, 67)): {'bw': 34}, ((1, 2), (59, 86)): {'bw': 28}, ((1, 2), (86, 33)): {'bw': 28}, ((1, 2), (33, 31)): {'bw': 28}, ((1, 3), (59, 51)): {'bw': 10}, ((1, 3), (51, 18)): {'bw': 10}, ((1, 3), (18, 34)): {'bw': 10}, ((1, 4), (59, 51)): {'bw': 23}, ((1, 4), (51, 18)): {'bw': 23}, ((1, 4), (18, 73)): {'bw': 23}, ((1, 6), (59, 71)): {'bw': 44}, ((1, 6), (71, 11)): {'bw': 44}, ((2, 8), (31, 17)): {'bw': 34}, ((2, 8), (17, 21)): {'bw': 34}, ((2, 8), (21, 28)): {'bw': 34}, ((3, 6), (34, 99)): {'bw': 44}, ((3, 6), (99, 11)): {'bw': 44}}",0.0,0.0,539.0,82.0,457.0,0.0,0.0,0.0,0.0,0.0,0.0,0.0,0.0,0.0,Route Failure,3.4831146737378216,"{'node_level': {}, 'link_level': {}, 'path_level': {}}","{'node_level': {4: {'cpu': -73}, 6: {'cpu': -70}, 0: {'cpu': -76}, 8: {'cpu': -73}, 3: {'cpu': -70}, 5: {'cpu': -72}, 7: {'cpu': -76}, 2: {'cpu': -78}, 1: {'cpu': -76}}, 'link_level': {(0, 3): {'bw': -28}, (0, 4): {'bw': -23}, (0, 7): {'bw': -26}, (1, 2): {'bw': -19}, (1, 3): {'bw': -43}, (1, 4): {'bw': -8}, (1, 6): {'bw': -6}, (2, 8): {'bw': -22}, (3, 6): {'bw': -37}, (3, 7): {'bw': 1}}, 'path_level': {(0, 3): {'latency': -9.935209441037676}, (0, 4): {'latency': -7.650914754271162}, (0, 7): {'latency': -1.3406581166288198}, (1, 2): {'latency': -3.6638944136913913}, (1, 3): {'latency': -0.5709658233073664}, (1, 4): {'latency': -5.006714194345019}, (1, 6): {'latency': -0.7257803022134457}, (2, 8): {'latency': -1.145573725823299}, (3, 6): {'latency': -1.2483297101415385}, (3, 7): {'latency': 3.4831146737378216}}}","{'node_level': {4: {'cpu': 0}, 6: {'cpu': 0}, 0: {'cpu': 0}, 8: {'cpu': 0}, 3: {'cpu': 0}, 5: {'cpu': 0}, 7: {'cpu': 0}, 2: {'cpu': 0}, 1: {'cpu': 0}}, 'link_level': {(0, 3): {'bw': 0}, (0, 4): {'bw': 0}, (0, 7): {'bw': 0}, (1, 2): {'bw': 0}, (1, 3): {'bw': 0}, (1, 4): {'bw': 0}, (1, 6): {'bw': 0}, (2, 8): {'bw': 0}, (3, 6): {'bw': 0}, (3, 7): {'bw': 1}}, 'path_level': {(0, 3): {'latency': 0}, (0, 4): {'latency': 0}, (0, 7): {'latency': 0}, (1, 2): {'latency': 0}, (1, 3): {'latency': 0}, (1, 4): {'latency': 0}, (1, 6): {'latency': 0}, (2, 8): {'latency': 0}, (3, 6): {'latency': 0}, (3, 7): {'latency': 3.4831146737378216}}}",[],0.0,0.0,True,False,False,0,[],0,0.0,9.0,10.0
95,18,8,2329.0,4937.0,772673.0544533632,1491714.3320197535,0.47174397407332386,0.5179765574868335,17,149,1,1173.0,39968,7372,32596,0.03759791122715406,0.04684484472776185,94,10.071946596146812,1173.0,8,14,False,"{0: 73, 3: 11, 4: 25, 6: 28, 7: 34, 1: 54, 2: 67, 5: 31}","{(0, 1): []}","{(0, 73): {'cpu': 13}, (3, 11): {'cpu': 11}, (4, 25): {'cpu': 10}, (6, 28): {'cpu': 10}, (7, 34): {'cpu': 9}, (1, 54): {'cpu': 6}, (2, 67): {'cpu': 6}, (5, 31): {'cpu': 6}}",{},0.0,0.0,389.0,71.0,318.0,0.0,0.0,0.0,0.0,0.0,0.0,0.0,0.0,0.0,Route Failure,6.386453413552945,"{'node_level': {}, 'link_level': {}, 'path_level': {}}","{'node_level': {0: {'cpu': -75}, 3: {'cpu': -72}, 4: {'cpu': -78}, 6: {'cpu': -74}, 7: {'cpu': -70}, 1: {'cpu': -74}, 2: {'cpu': -78}, 5: {'cpu': -76}}, 'link_level': {(0, 1): {'bw': -33}}, 'path_level': {(0, 1): {'latency': 6.386453413552945}}}","{'node_level': {0: {'cpu': 0}, 3: {'cpu': 0}, 4: {'cpu': 0}, 6: {'cpu': 0}, 7: {'cpu': 0}, 1: {'cpu': 0}, 2: {'cpu': 0}, 5: {'cpu': 0}}, 'link_level': {(0, 1): {'bw': 0}}, 'path_level': {(0, 1): {'latency': 6.386453413552945}}}",[],0.0,0.0,True,False,False,0,[],0,0.0,8.0,1.0
96,18,8,2329.0,4937.0,772673.0544533632,1491714.3320197535,0.47174397407332386,0.5179765574868335,17,150,1,1182.0,39968,7372,32596,0.03759791122715406,0.04684484472776185,95,54.23558363605139,1182.0,10,18,False,"{7: 73, 2: 11, 4: 25, 0: 28, 1: 34, 5: 54, 3: 67, 6: 31, 8: 59, 9: 44}","{(0, 3): [(28, 88), (88, 67)], (0, 5): [(28, 14), (14, 4), (4, 54)], (0, 8): [(28, 86), (86, 59)], (0, 9): [(28, 35), (35, 44)], (1, 4): [(34, 37), (37, 25)], (1, 5): [(34, 17), (17, 4), (4, 54)], (1, 7): [(34, 29), (29, 43), (43, 73)], (2, 3): []}","{(7, 73): {'cpu': 18}, (2, 11): {'cpu': 17}, (4, 25): {'cpu': 15}, (0, 28): {'cpu': 14}, (1, 34): {'cpu': 14}, (5, 54): {'cpu': 13}, (3, 67): {'cpu': 12}, (6, 31): {'cpu': 7}, (8, 59): {'cpu': 3}, (9, 44): {'cpu': 3}}","{((0, 3), (28, 88)): {'bw': 37}, ((0, 3), (88, 67)): {'bw': 37}, ((0, 5), (28, 14)): {'bw': 2}, ((0, 5), (14, 4)): {'bw': 2}, ((0, 5), (4, 54)): {'bw': 2}, ((0, 8), (28, 86)): {'bw': 23}, ((0, 8), (86, 59)): {'bw': 23}, ((0, 9), (28, 35)): {'bw': 30}, ((0, 9), (35, 44)): {'bw': 30}, ((1, 4), (34, 37)): {'bw': 27}, ((1, 4), (37, 25)): {'bw': 27}, ((1, 5), (34, 17)): {'bw': 45}, ((1, 5), (17, 4)): {'bw': 45}, ((1, 5), (4, 54)): {'bw': 45}, ((1, 7), (34, 29)): {'bw': 47}, ((1, 7), (29, 43)): {'bw': 47}, ((1, 7), (43, 73)): {'bw': 47}}",0.0,0.0,549.0,116.0,433.0,0.0,0.0,0.0,0.0,0.0,0.0,0.0,0.0,0.0,Route Failure,6.054757790388601,"{'node_level': {}, 'link_level': {}, 'path_level': {}}","{'node_level': {7: {'cpu': -70}, 2: {'cpu': -66}, 4: {'cpu': -73}, 0: {'cpu': -70}, 1: {'cpu': -65}, 5: {'cpu': -67}, 3: {'cpu': -72}, 6: {'cpu': -75}, 8: {'cpu': -75}, 9: {'cpu': -75}}, 'link_level': {(0, 3): {'bw': -21}, (0, 5): {'bw': -80}, (0, 8): {'bw': -24}, (0, 9): {'bw': -9}, (1, 4): {'bw': -14}, (1, 5): {'bw': -32}, (1, 7): {'bw': -10}, (2, 3): {'bw': -1}}, 'path_level': {(0, 3): {'latency': -2.0701355953819807}, (0, 5): {'latency': -4.640462484826266}, (0, 8): {'latency': -5.330390518511248}, (0, 9): {'latency': -5.508322144671291}, (1, 4): {'latency': -0.6543908207123605}, (1, 5): {'latency': -5.598104007462}, (1, 7): {'latency': -5.55581036404934}, (2, 3): {'latency': 6.054757790388601}}}","{'node_level': {7: {'cpu': 0}, 2: {'cpu': 0}, 4: {'cpu': 0}, 0: {'cpu': 0}, 1: {'cpu': 0}, 5: {'cpu': 0}, 3: {'cpu': 0}, 6: {'cpu': 0}, 8: {'cpu': 0}, 9: {'cpu': 0}}, 'link_level': {(0, 3): {'bw': 0}, (0, 5): {'bw': 0}, (0, 8): {'bw': 0}, (0, 9): {'bw': 0}, (1, 4): {'bw': 0}, (1, 5): {'bw': 0}, (1, 7): {'bw': 0}, (2, 3): {'bw': 0}}, 'path_level': {(0, 3): {'latency': 0}, (0, 5): {'latency': 0}, (0, 8): {'latency': 0}, (0, 9): {'latency': 0}, (1, 4): {'latency': 0}, (1, 5): {'latency': 0}, (1, 7): {'latency': 0}, (2, 3): {'latency': 6.054757790388601}}}",[],0.0,0.0,True,False,False,0,[],0,0.0,10.0,8.0
96,18,8,2329.0,4937.0,772673.0544533632,1491714.3320197535,0.47174397407332386,0.5179765574868335,17,151,0,1183.0719465961467,39968,7372,32596,0.03759791122715406,0.04684484472776185,94,10.071946596146812,1173.0,8,14,False,{},{},{},{},0.0,0.0,0.0,0.0,0.0,0.0,0.0,0.0,0.0,0.0,0.0,0.0,0.0,0.0,Leave Event,0.0,"{'node_level': {}, 'link_level': {}, 'path_level': {}}","{'node_level': {}, 'link_level': {}, 'path_level': {}}","{'node_level': {}, 'link_level': {}, 'path_level': {}}",[],0.0,0.0,True,True,False,0,[],0,0.0,,
96,18,7,2329.0,4937.0,772673.0544533632,1491714.3320197535,0.47174397407332386,0.5179765574868335,17,152,0,1184.6080649683402,40090,7406,32684,0.03315926892950394,0.04427159483010701,82,164.6080649683402,1020.0,2,1,False,{},{},{},{},0.0,0.0,0.0,0.0,0.0,0.0,0.0,0.0,0.0,0.0,0.0,0.0,0.0,0.0,Leave Event,0.0,"{'node_level': {}, 'link_level': {}, 'path_level': {}}","{'node_level': {}, 'link_level': {}, 'path_level': {}}","{'node_level': {}, 'link_level': {}, 'path_level': {}}",[],0.0,0.0,True,True,False,0,[],0,0.0,,
97,18,7,2329.0,4937.0,772673.0544533632,1491714.3320197535,0.47174397407332386,0.5179765574868335,17,153,1,1186.0,40090,7406,32684,0.03315926892950394,0.04427159483010701,96,49.40249433470425,1186.0,6,9,False,"{0: 6, 1: 22, 4: 73, 5: 11, 3: 25, 2: 28}","{(0, 1): [(6, 40), (40, 22)], (0, 2): []}","{(0, 6): {'cpu': 19}, (1, 22): {'cpu': 18}, (4, 73): {'cpu': 14}, (5, 11): {'cpu': 13}, (3, 25): {'cpu': 2}, (2, 28): {'cpu': 1}}","{((0, 1), (6, 40)): {'bw': 8}, ((0, 1), (40, 22)): {'bw': 8}}",0.0,0.0,271.0,67.0,204.0,0.0,0.0,0.0,0.0,0.0,0.0,0.0,0.0,0.0,Route Failure,6.354347659136238,"{'node_level': {}, 'link_level': {}, 'path_level': {}}","{'node_level': {0: {'cpu': -81}, 1: {'cpu': -69}, 4: {'cpu': -74}, 5: {'cpu': -70}, 3: {'cpu': -86}, 2: {'cpu': -83}}, 'link_level': {(0, 1): {'bw': -46}, (0, 2): {'bw': -39}}, 'path_level': {(0, 1): {'latency': -1.2349704130624124}, (0, 2): {'latency': 6.354347659136238}}}","{'node_level': {0: {'cpu': 0}, 1: {'cpu': 0}, 4: {'cpu': 0}, 5: {'cpu': 0}, 3: {'cpu': 0}, 2: {'cpu': 0}}, 'link_level': {(0, 1): {'bw': 0}, (0, 2): {'bw': 0}}, 'path_level': {(0, 1): {'latency': 0}, (0, 2): {'latency': 6.354347659136238}}}",[],0.0,0.0,True,False,False,0,[],0,0.0,6.0,2.0
97,18,7,2329.0,4937.0,772673.0544533632,1491714.3320197535,0.47174397407332386,0.5179765574868335,17,154,0,1187.8909246366952,40090,7406,32684,0.03315926892950394,0.04427159483010701,43,648.8909246366952,539.0,9,25,False,{},{},{},{},0.0,0.0,0.0,0.0,0.0,0.0,0.0,0.0,0.0,0.0,0.0,0.0,0.0,0.0,Leave Event,0.0,"{'node_level': {}, 'link_level': {}, 'path_level': {}}","{'node_level': {}, 'link_level': {}, 'path_level': {}}","{'node_level': {}, 'link_level': {}, 'path_level': {}}",[],0.0,0.0,True,True,False,0,[],0,0.0,,
98,18,7,2329.0,4937.0,772673.0544533632,1491714.3320197535,0.47174397407332386,0.5179765574868335,17,155,1,1198.0,40090,7406,32684,0.03315926892950394,0.04427159483010701,97,154.48508204832453,1198.0,6,8,False,"{2: 6, 3: 22, 5: 73, 1: 11, 4: 25, 0: 28}","{(0, 1): [(28, 73), (73, 43), (43, 11)], (0, 2): [(28, 48), (48, 6)], (0, 3): []}","{(2, 6): {'cpu': 12}, (3, 22): {'cpu': 11}, (5, 73): {'cpu': 11}, (1, 11): {'cpu': 8}, (4, 25): {'cpu': 6}, (0, 28): {'cpu': 2}}","{((0, 1), (28, 73)): {'bw': 30}, ((0, 1), (73, 43)): {'bw': 30}, ((0, 1), (43, 11)): {'bw': 30}, ((0, 2), (28, 48)): {'bw': 29}, ((0, 2), (48, 6)): {'bw': 29}}",0.0,0.0,299.0,50.0,249.0,0.0,0.0,0.0,0.0,0.0,0.0,0.0,0.0,0.0,Route Failure,5.886398066162513,"{'node_level': {}, 'link_level': {}, 'path_level': {}}","{'node_level': {2: {'cpu': -88}, 3: {'cpu': -76}, 5: {'cpu': -77}, 1: {'cpu': -75}, 4: {'cpu': -82}, 0: {'cpu': -82}}, 'link_level': {(0, 1): {'bw': -18}, (0, 2): {'bw': -62}, (0, 3): {'bw': -27}}, 'path_level': {(0, 1): {'latency': -0.01443691775873468}, (0, 2): {'latency': -3.384055003494412}, (0, 3): {'latency': 5.886398066162513}}}","{'node_level': {2: {'cpu': 0}, 3: {'cpu': 0}, 5: {'cpu': 0}, 1: {'cpu': 0}, 4: {'cpu': 0}, 0: {'cpu': 0}}, 'link_level': {(0, 1): {'bw': 0}, (0, 2): {'bw': 0}, (0, 3): {'bw': 0}}, 'path_level': {(0, 1): {'latency': 0}, (0, 2): {'latency': 0}, (0, 3): {'latency': 5.886398066162513}}}",[],0.0,0.0,True,False,False,0,[],0,0.0,6.0,3.0
98,18,7,2329.0,4937.0,772673.0544533632,1491714.3320197535,0.47174397407332386,0.5179765574868335,17,156,0,1199.6006006827283,40090,7406,32684,0.03315926892950394,0.04427159483010701,64,416.6006006827282,783.0,8,10,False,{},{},{},{},0.0,0.0,0.0,0.0,0.0,0.0,0.0,0.0,0.0,0.0,0.0,0.0,0.0,0.0,Leave Event,0.0,"{'node_level': {}, 'link_level': {}, 'path_level': {}}","{'node_level': {}, 'link_level': {}, 'path_level': {}}","{'node_level': {}, 'link_level': {}, 'path_level': {}}",[],0.0,0.0,True,True,False,0,[],0,0.0,,
99,19,8,2374.0,4994.0,777552.1348526693,1497894.5005255414,0.47537044453344013,0.5190967284944717,17,157,1,1216.0,40033,7373,32660,0.03746736292428199,0.04497339025674019,98,108.42400887346996,1216.0,2,1,True,"{0: 6, 1: 22}","{(0, 1): [(6, 40), (40, 22)]}","{(0, 6): {'cpu': 18}, (1, 22): {'cpu': 15}}","{((0, 1), (6, 40)): {'bw': 12}, ((0, 1), (40, 22)): {'bw': 12}}",57.0,45.0,45.0,33.0,12.0,33.0,12.0,33.0,24.0,12.0,0.7894736842105263,6180.168505787788,4879.080399306148,85.59790174221312,Success,0.0,"{'node_level': {}, 'link_level': {}, 'path_level': {}}","{'node_level': {0: {'cpu': -82}, 1: {'cpu': -72}}, 'link_level': {(0, 1): {'bw': -42}}, 'path_level': {(0, 1): {'latency': -1.5394972358914796}}}","{'node_level': {0: {'cpu': 0}, 1: {'cpu': 0}}, 'link_level': {(0, 1): {'bw': 0}}, 'path_level': {(0, 1): {'latency': 0}}}",[],0.0,0.0,True,True,False,0,[],0,0.0,2.0,1.0
100,19,8,2374.0,4994.0,777552.1348526693,1497894.5005255414,0.47537044453344013,0.5190967284944717,17,158,1,1226.0,40033,7373,32660,0.03746736292428199,0.04497339025674019,99,250.55015005512072,1226.0,9,20,False,"{4: 73, 5: 11, 0: 25, 1: 28, 7: 34, 3: 54, 2: 67, 8: 31, 6: 59}","{(0, 1): [(25, 73), (73, 28)], (0, 4): [(25, 7), (7, 73)], (0, 6): [(25, 86), (86, 59)], (0, 7): [(25, 13), (13, 3), (3, 34)], (0, 8): [(25, 33), (33, 31)], (1, 2): []}","{(4, 73): {'cpu': 17}, (5, 11): {'cpu': 15}, (0, 25): {'cpu': 11}, (1, 28): {'cpu': 10}, (7, 34): {'cpu': 10}, (3, 54): {'cpu': 4}, (2, 67): {'cpu': 3}, (8, 31): {'cpu': 3}, (6, 59): {'cpu': 2}}","{((0, 1), (25, 73)): {'bw': 41}, ((0, 1), (73, 28)): {'bw': 41}, ((0, 4), (25, 7)): {'bw': 43}, ((0, 4), (7, 73)): {'bw': 43}, ((0, 6), (25, 86)): {'bw': 34}, ((0, 6), (86, 59)): {'bw': 34}, ((0, 7), (25, 13)): {'bw': 50}, ((0, 7), (13, 3)): {'bw': 50}, ((0, 7), (3, 34)): {'bw': 50}, ((0, 8), (25, 33)): {'bw': 48}, ((0, 8), (33, 31)): {'bw': 48}}",0.0,0.0,703.0,75.0,628.0,0.0,0.0,0.0,0.0,0.0,0.0,0.0,0.0,0.0,Route Failure,6.800857931548021,"{'node_level': {}, 'link_level': {}, 'path_level': {}}","{'node_level': {4: {'cpu': -71}, 5: {'cpu': -68}, 0: {'cpu': -77}, 1: {'cpu': -74}, 7: {'cpu': -69}, 3: {'cpu': -76}, 2: {'cpu': -81}, 8: {'cpu': -79}, 6: {'cpu': -76}}, 'link_level': {(0, 1): {'bw': 0}, (0, 4): {'bw': -44}, (0, 6): {'bw': -3}, (0, 7): {'bw': -13}, (0, 8): {'bw': -12}, (1, 2): {'bw': -21}}, 'path_level': {(0, 1): {'latency': -2.7164055160174696}, (0, 4): {'latency': -1.009040038490106}, (0, 6): {'latency': -6.662413686593544}, (0, 7): {'latency': -6.235869208084999}, (0, 8): {'latency': -3.805045703546557}, (1, 2): {'latency': 6.800857931548021}}}","{'node_level': {4: {'cpu': 0}, 5: {'cpu': 0}, 0: {'cpu': 0}, 1: {'cpu': 0}, 7: {'cpu': 0}, 3: {'cpu': 0}, 2: {'cpu': 0}, 8: {'cpu': 0}, 6: {'cpu': 0}}, 'link_level': {(0, 1): {'bw': 0}, (0, 4): {'bw': 0}, (0, 6): {'bw': 0}, (0, 7): {'bw': 0}, (0, 8): {'bw': 0}, (1, 2): {'bw': 0}}, 'path_level': {(0, 1): {'latency': 0}, (0, 4): {'latency': 0}, (0, 6): {'latency': 0}, (0, 7): {'latency': 0}, (0, 8): {'latency': 0}, (1, 2): {'latency': 6.800857931548021}}}",[],0.0,0.0,True,False,False,0,[],0,0.0,9.0,6.0
100,19,8,2374.0,4994.0,777552.1348526693,1497894.5005255414,0.47537044453344013,0.5190967284944717,17,159,0,1235.4024943347042,40033,7373,32660,0.03746736292428199,0.04497339025674019,96,49.40249433470425,1186.0,6,9,False,{},{},{},{},0.0,0.0,0.0,0.0,0.0,0.0,0.0,0.0,0.0,0.0,0.0,0.0,0.0,0.0,Leave Event,0.0,"{'node_level': {}, 'link_level': {}, 'path_level': {}}","{'node_level': {}, 'link_level': {}, 'path_level': {}}","{'node_level': {}, 'link_level': {}, 'path_level': {}}",[],0.0,0.0,True,True,False,0,[],0,0.0,,
100,19,8,2374.0,4994.0,777552.1348526693,1497894.5005255414,0.47537044453344013,0.5190967284944717,17,160,0,1236.2355836360514,40033,7373,32660,0.03746736292428199,0.04497339025674019,95,54.23558363605139,1182.0,10,18,False,{},{},{},{},0.0,0.0,0.0,0.0,0.0,0.0,0.0,0.0,0.0,0.0,0.0,0.0,0.0,0.0,Leave Event,0.0,"{'node_level': {}, 'link_level': {}, 'path_level': {}}","{'node_level': {}, 'link_level': {}, 'path_level': {}}","{'node_level': {}, 'link_level': {}, 'path_level': {}}",[],0.0,0.0,True,True,False,0,[],0,0.0,,
100,19,8,2374.0,4994.0,777552.1348526693,1497894.5005255414,0.47537044453344013,0.5190967284944717,17,161,0,1237.8892740532426,40033,7373,32660,0.03746736292428199,0.04497339025674019,13,1084.8892740532426,153.0,8,13,False,{},{},{},{},0.0,0.0,0.0,0.0,0.0,0.0,0.0,0.0,0.0,0.0,0.0,0.0,0.0,0.0,Leave Event,0.0,"{'node_level': {}, 'link_level': {}, 'path_level': {}}","{'node_level': {}, 'link_level': {}, 'path_level': {}}","{'node_level': {}, 'link_level': {}, 'path_level': {}}",[],0.0,0.0,True,True,False,0,[],0,0.0,,
100,19,7,2374.0,4994.0,777552.1348526693,1497894.5005255414,0.47537044453344013,0.5190967284944717,17,162,0,1251.4073694893684,40994,7447,33547,0.027806788511749336,0.019036200947423865,79,274.40736948936836,977.0,8,12,False,{},{},{},{},0.0,0.0,0.0,0.0,0.0,0.0,0.0,0.0,0.0,0.0,0.0,0.0,0.0,0.0,Leave Event,0.0,"{'node_level': {}, 'link_level': {}, 'path_level': {}}","{'node_level': {}, 'link_level': {}, 'path_level': {}}","{'node_level': {}, 'link_level': {}, 'path_level': {}}",[],0.0,0.0,True,True,False,0,[],0,0.0,,
100,19,7,2374.0,4994.0,777552.1348526693,1497894.5005255414,0.47537044453344013,0.5190967284944717,17,163,0,1304.9441220081633,40994,7447,33547,0.027806788511749336,0.019036200947423865,21,1046.9441220081633,258.0,8,16,False,{},{},{},{},0.0,0.0,0.0,0.0,0.0,0.0,0.0,0.0,0.0,0.0,0.0,0.0,0.0,0.0,Leave Event,0.0,"{'node_level': {}, 'link_level': {}, 'path_level': {}}","{'node_level': {}, 'link_level': {}, 'path_level': {}}","{'node_level': {}, 'link_level': {}, 'path_level': {}}",[],0.0,0.0,True,True,False,0,[],0,0.0,,
100,19,6,2374.0,4994.0,777552.1348526693,1497894.5005255414,0.47537044453344013,0.5190967284944717,17,164,0,1324.42400887347,41051,7480,33571,0.023498694516971286,0.018334405520790686,98,108.42400887346996,1216.0,2,1,False,{},{},{},{},0.0,0.0,0.0,0.0,0.0,0.0,0.0,0.0,0.0,0.0,0.0,0.0,0.0,0.0,Leave Event,0.0,"{'node_level': {}, 'link_level': {}, 'path_level': {}}","{'node_level': {}, 'link_level': {}, 'path_level': {}}","{'node_level': {}, 'link_level': {}, 'path_level': {}}",[],0.0,0.0,True,True,False,0,[],0,0.0,,
100,19,6,2374.0,4994.0,777552.1348526693,1497894.5005255414,0.47537044453344013,0.5190967284944717,17,165,0,1324.9773938488,41051,7480,33571,0.023498694516971286,0.018334405520790686,91,187.9773938487999,1137.0,9,22,False,{},{},{},{},0.0,0.0,0.0,0.0,0.0,0.0,0.0,0.0,0.0,0.0,0.0,0.0,0.0,0.0,Leave Event,0.0,"{'node_level': {}, 'link_level': {}, 'path_level': {}}","{'node_level': {}, 'link_level': {}, 'path_level': {}}","{'node_level': {}, 'link_level': {}, 'path_level': {}}",[],0.0,0.0,True,True,False,0,[],0,0.0,,
100,19,6,2374.0,4994.0,777552.1348526693,1497894.5005255414,0.47537044453344013,0.5190967284944717,17,166,0,1350.7764327387954,41051,7480,33571,0.023498694516971286,0.018334405520790686,88,259.7764327387954,1091.0,8,14,False,{},{},{},{},0.0,0.0,0.0,0.0,0.0,0.0,0.0,0.0,0.0,0.0,0.0,0.0,0.0,0.0,Leave Event,0.0,"{'node_level': {}, 'link_level': {}, 'path_level': {}}","{'node_level': {}, 'link_level': {}, 'path_level': {}}","{'node_level': {}, 'link_level': {}, 'path_level': {}}",[],0.0,0.0,True,True,False,0,[],0,0.0,,
100,19,6,2374.0,4994.0,777552.1348526693,1497894.5005255414,0.47537044453344013,0.5190967284944717,17,167,0,1352.4850820483246,41051,7480,33571,0.023498694516971286,0.018334405520790686,97,154.48508204832453,1198.0,6,8,False,{},{},{},{},0.0,0.0,0.0,0.0,0.0,0.0,0.0,0.0,0.0,0.0,0.0,0.0,0.0,0.0,Leave Event,0.0,"{'node_level': {}, 'link_level': {}, 'path_level': {}}","{'node_level': {}, 'link_level': {}, 'path_level': {}}","{'node_level': {}, 'link_level': {}, 'path_level': {}}",[],0.0,0.0,True,True,False,0,[],0,0.0,,
100,19,5,2374.0,4994.0,777552.1348526693,1497894.5005255414,0.47537044453344013,0.5190967284944717,17,168,0,1364.3940362653423,41251,7523,33728,0.017885117493472547,0.013743493771565585,86,300.3940362653423,1064.0,3,2,False,{},{},{},{},0.0,0.0,0.0,0.0,0.0,0.0,0.0,0.0,0.0,0.0,0.0,0.0,0.0,0.0,Leave Event,0.0,"{'node_level': {}, 'link_level': {}, 'path_level': {}}","{'node_level': {}, 'link_level': {}, 'path_level': {}}","{'node_level': {}, 'link_level': {}, 'path_level': {}}",[],0.0,0.0,True,True,False,0,[],0,0.0,,
100,19,5,2374.0,4994.0,777552.1348526693,1497894.5005255414,0.47537044453344013,0.5190967284944717,17,169,0,1413.2160171223707,41251,7523,33728,0.017885117493472547,0.013743493771565585,87,331.2160171223706,1082.0,3,3,False,{},{},{},{},0.0,0.0,0.0,0.0,0.0,0.0,0.0,0.0,0.0,0.0,0.0,0.0,0.0,0.0,Leave Event,0.0,"{'node_level': {}, 'link_level': {}, 'path_level': {}}","{'node_level': {}, 'link_level': {}, 'path_level': {}}","{'node_level': {}, 'link_level': {}, 'path_level': {}}",[],0.0,0.0,True,True,False,0,[],0,0.0,,
100,19,5,2374.0,4994.0,777552.1348526693,1497894.5005255414,0.47537044453344013,0.5190967284944717,17,170,0,1413.454495210449,41251,7523,33728,0.017885117493472547,0.013743493771565585,8,1311.454495210449,102.0,9,18,False,{},{},{},{},0.0,0.0,0.0,0.0,0.0,0.0,0.0,0.0,0.0,0.0,0.0,0.0,0.0,0.0,Leave Event,0.0,"{'node_level': {}, 'link_level': {}, 'path_level': {}}","{'node_level': {}, 'link_level': {}, 'path_level': {}}","{'node_level': {}, 'link_level': {}, 'path_level': {}}",[],0.0,0.0,True,True,False,0,[],0,0.0,,
100,19,5,2374.0,4994.0,777552.1348526693,1497894.5005255414,0.47537044453344013,0.5190967284944717,17,171,0,1420.9479711088143,41251,7523,33728,0.017885117493472547,0.013743493771565585,73,525.9479711088144,895.0,7,14,False,{},{},{},{},0.0,0.0,0.0,0.0,0.0,0.0,0.0,0.0,0.0,0.0,0.0,0.0,0.0,0.0,Leave Event,0.0,"{'node_level': {}, 'link_level': {}, 'path_level': {}}","{'node_level': {}, 'link_level': {}, 'path_level': {}}","{'node_level': {}, 'link_level': {}, 'path_level': {}}",[],0.0,0.0,True,True,False,0,[],0,0.0,,
100,19,5,2374.0,4994.0,777552.1348526693,1497894.5005255414,0.47537044453344013,0.5190967284944717,17,172,0,1423.8425095824755,41251,7523,33728,0.017885117493472547,0.013743493771565585,63,653.8425095824754,770.0,10,21,False,{},{},{},{},0.0,0.0,0.0,0.0,0.0,0.0,0.0,0.0,0.0,0.0,0.0,0.0,0.0,0.0,Leave Event,0.0,"{'node_level': {}, 'link_level': {}, 'path_level': {}}","{'node_level': {}, 'link_level': {}, 'path_level': {}}","{'node_level': {}, 'link_level': {}, 'path_level': {}}",[],0.0,0.0,True,True,False,0,[],0,0.0,,
100,19,5,2374.0,4994.0,777552.1348526693,1497894.5005255414,0.47537044453344013,0.5190967284944717,17,173,0,1454.6289627077263,41251,7523,33728,0.017885117493472547,0.013743493771565585,5,1384.6289627077263,70.0,10,14,False,{},{},{},{},0.0,0.0,0.0,0.0,0.0,0.0,0.0,0.0,0.0,0.0,0.0,0.0,0.0,0.0,Leave Event,0.0,"{'node_level': {}, 'link_level': {}, 'path_level': {}}","{'node_level': {}, 'link_level': {}, 'path_level': {}}","{'node_level': {}, 'link_level': {}, 'path_level': {}}",[],0.0,0.0,True,True,False,0,[],0,0.0,,
100,19,5,2374.0,4994.0,777552.1348526693,1497894.5005255414,0.47537044453344013,0.5190967284944717,17,174,0,1461.1090623122905,41251,7523,33728,0.017885117493472547,0.013743493771565585,81,454.1090623122906,1007.0,10,21,False,{},{},{},{},0.0,0.0,0.0,0.0,0.0,0.0,0.0,0.0,0.0,0.0,0.0,0.0,0.0,0.0,Leave Event,0.0,"{'node_level': {}, 'link_level': {}, 'path_level': {}}","{'node_level': {}, 'link_level': {}, 'path_level': {}}","{'node_level': {}, 'link_level': {}, 'path_level': {}}",[],0.0,0.0,True,True,False,0,[],0,0.0,,
100,19,5,2374.0,4994.0,777552.1348526693,1497894.5005255414,0.47537044453344013,0.5190967284944717,17,175,0,1476.5501500551206,41251,7523,33728,0.017885117493472547,0.013743493771565585,99,250.55015005512072,1226.0,9,20,False,{},{},{},{},0.0,0.0,0.0,0.0,0.0,0.0,0.0,0.0,0.0,0.0,0.0,0.0,0.0,0.0,Leave Event,0.0,"{'node_level': {}, 'link_level': {}, 'path_level': {}}","{'node_level': {}, 'link_level': {}, 'path_level': {}}","{'node_level': {}, 'link_level': {}, 'path_level': {}}",[],0.0,0.0,True,True,False,0,[],0,0.0,,
100,19,5,2374.0,4994.0,777552.1348526693,1497894.5005255414,0.47537044453344013,0.5190967284944717,17,176,0,1500.4792357692336,41251,7523,33728,0.017885117493472547,0.013743493771565585,77,551.4792357692336,949.0,6,8,False,{},{},{},{},0.0,0.0,0.0,0.0,0.0,0.0,0.0,0.0,0.0,0.0,0.0,0.0,0.0,0.0,Leave Event,0.0,"{'node_level': {}, 'link_level': {}, 'path_level': {}}","{'node_level': {}, 'link_level': {}, 'path_level': {}}","{'node_level': {}, 'link_level': {}, 'path_level': {}}",[],0.0,0.0,True,True,False,0,[],0,0.0,,
100,19,5,2374.0,4994.0,777552.1348526693,1497894.5005255414,0.47537044453344013,0.5190967284944717,17,177,0,1521.9181570064889,41251,7523,33728,0.017885117493472547,0.013743493771565585,67,700.9181570064889,821.0,6,5,False,{},{},{},{},0.0,0.0,0.0,0.0,0.0,0.0,0.0,0.0,0.0,0.0,0.0,0.0,0.0,0.0,Leave Event,0.0,"{'node_level': {}, 'link_level': {}, 'path_level': {}}","{'node_level': {}, 'link_level': {}, 'path_level': {}}","{'node_level': {}, 'link_level': {}, 'path_level': {}}",[],0.0,0.0,True,True,False,0,[],0,0.0,,
100,19,4,2374.0,4994.0,777552.1348526693,1497894.5005255414,0.47537044453344013,0.5190967284944717,17,178,0,1532.5734048571512,41320,7548,33772,0.014621409921671047,0.01245686882273822,57,832.5734048571513,700.0,2,1,False,{},{},{},{},0.0,0.0,0.0,0.0,0.0,0.0,0.0,0.0,0.0,0.0,0.0,0.0,0.0,0.0,Leave Event,0.0,"{'node_level': {}, 'link_level': {}, 'path_level': {}}","{'node_level': {}, 'link_level': {}, 'path_level': {}}","{'node_level': {}, 'link_level': {}, 'path_level': {}}",[],0.0,0.0,True,True,False,0,[],0,0.0,,
100,19,4,2374.0,4994.0,777552.1348526693,1497894.5005255414,0.47537044453344013,0.5190967284944717,17,179,0,1612.5473794887002,41320,7548,33772,0.014621409921671047,0.01245686882273822,71,743.5473794887002,869.0,10,31,False,{},{},{},{},0.0,0.0,0.0,0.0,0.0,0.0,0.0,0.0,0.0,0.0,0.0,0.0,0.0,0.0,Leave Event,0.0,"{'node_level': {}, 'link_level': {}, 'path_level': {}}","{'node_level': {}, 'link_level': {}, 'path_level': {}}","{'node_level': {}, 'link_level': {}, 'path_level': {}}",[],0.0,0.0,True,True,False,0,[],0,0.0,,
100,19,3,2374.0,4994.0,777552.1348526693,1497894.5005255414,0.47537044453344013,0.5190967284944717,17,180,0,1639.5500914246238,41531,7583,33948,0.010052219321148859,0.007310369027428543,32,1247.5500914246238,392.0,3,2,False,{},{},{},{},0.0,0.0,0.0,0.0,0.0,0.0,0.0,0.0,0.0,0.0,0.0,0.0,0.0,0.0,Leave Event,0.0,"{'node_level': {}, 'link_level': {}, 'path_level': {}}","{'node_level': {}, 'link_level': {}, 'path_level': {}}","{'node_level': {}, 'link_level': {}, 'path_level': {}}",[],0.0,0.0,True,True,False,0,[],0,0.0,,
100,19,3,2374.0,4994.0,777552.1348526693,1497894.5005255414,0.47537044453344013,0.5190967284944717,17,181,0,1640.2453056793,41531,7583,33948,0.010052219321148859,0.007310369027428543,85,585.2453056792999,1055.0,8,12,False,{},{},{},{},0.0,0.0,0.0,0.0,0.0,0.0,0.0,0.0,0.0,0.0,0.0,0.0,0.0,0.0,Leave Event,0.0,"{'node_level': {}, 'link_level': {}, 'path_level': {}}","{'node_level': {}, 'link_level': {}, 'path_level': {}}","{'node_level': {}, 'link_level': {}, 'path_level': {}}",[],0.0,0.0,True,True,False,0,[],0,0.0,,
100,19,3,2374.0,4994.0,777552.1348526693,1497894.5005255414,0.47537044453344013,0.5190967284944717,17,182,0,1652.3789554898487,41531,7583,33948,0.010052219321148859,0.007310369027428543,22,1383.3789554898487,269.0,10,22,False,{},{},{},{},0.0,0.0,0.0,0.0,0.0,0.0,0.0,0.0,0.0,0.0,0.0,0.0,0.0,0.0,Leave Event,0.0,"{'node_level': {}, 'link_level': {}, 'path_level': {}}","{'node_level': {}, 'link_level': {}, 'path_level': {}}","{'node_level': {}, 'link_level': {}, 'path_level': {}}",[],0.0,0.0,True,True,False,0,[],0,0.0,,
100,19,3,2374.0,4994.0,777552.1348526693,1497894.5005255414,0.47537044453344013,0.5190967284944717,17,183,0,1658.7800831544496,41531,7583,33948,0.010052219321148859,0.007310369027428543,72,774.7800831544495,884.0,3,2,False,{},{},{},{},0.0,0.0,0.0,0.0,0.0,0.0,0.0,0.0,0.0,0.0,0.0,0.0,0.0,0.0,Leave Event,0.0,"{'node_level': {}, 'link_level': {}, 'path_level': {}}","{'node_level': {}, 'link_level': {}, 'path_level': {}}","{'node_level': {}, 'link_level': {}, 'path_level': {}}",[],0.0,0.0,True,True,False,0,[],0,0.0,,
100,19,3,2374.0,4994.0,777552.1348526693,1497894.5005255414,0.47537044453344013,0.5190967284944717,17,184,0,1691.478078397653,41531,7583,33948,0.010052219321148859,0.007310369027428543,84,650.478078397653,1041.0,7,10,False,{},{},{},{},0.0,0.0,0.0,0.0,0.0,0.0,0.0,0.0,0.0,0.0,0.0,0.0,0.0,0.0,Leave Event,0.0,"{'node_level': {}, 'link_level': {}, 'path_level': {}}","{'node_level': {}, 'link_level': {}, 'path_level': {}}","{'node_level': {}, 'link_level': {}, 'path_level': {}}",[],0.0,0.0,True,True,False,0,[],0,0.0,,
100,19,3,2374.0,4994.0,777552.1348526693,1497894.5005255414,0.47537044453344013,0.5190967284944717,17,185,0,1700.0195351897432,41531,7583,33948,0.010052219321148859,0.007310369027428543,46,1135.0195351897432,565.0,5,5,False,{},{},{},{},0.0,0.0,0.0,0.0,0.0,0.0,0.0,0.0,0.0,0.0,0.0,0.0,0.0,0.0,Leave Event,0.0,"{'node_level': {}, 'link_level': {}, 'path_level': {}}","{'node_level': {}, 'link_level': {}, 'path_level': {}}","{'node_level': {}, 'link_level': {}, 'path_level': {}}",[],0.0,0.0,True,True,False,0,[],0,0.0,,
100,19,2,2374.0,4994.0,777552.1348526693,1497894.5005255414,0.47537044453344013,0.5190967284944717,17,186,0,1718.6334908902063,41716,7633,34083,0.0035248041775456374,0.0033627697526170675,83,691.6334908902063,1027.0,5,5,False,{},{},{},{},0.0,0.0,0.0,0.0,0.0,0.0,0.0,0.0,0.0,0.0,0.0,0.0,0.0,0.0,Leave Event,0.0,"{'node_level': {}, 'link_level': {}, 'path_level': {}}","{'node_level': {}, 'link_level': {}, 'path_level': {}}","{'node_level': {}, 'link_level': {}, 'path_level': {}}",[],0.0,0.0,True,True,False,0,[],0,0.0,,
100,19,2,2374.0,4994.0,777552.1348526693,1497894.5005255414,0.47537044453344013,0.5190967284944717,17,187,0,1722.6689821840057,41716,7633,34083,0.0035248041775456374,0.0033627697526170675,44,1173.6689821840057,549.0,4,4,False,{},{},{},{},0.0,0.0,0.0,0.0,0.0,0.0,0.0,0.0,0.0,0.0,0.0,0.0,0.0,0.0,Leave Event,0.0,"{'node_level': {}, 'link_level': {}, 'path_level': {}}","{'node_level': {}, 'link_level': {}, 'path_level': {}}","{'node_level': {}, 'link_level': {}, 'path_level': {}}",[],0.0,0.0,True,True,False,0,[],0,0.0,,
100,19,1,2374.0,4994.0,777552.1348526693,1497894.5005255414,0.47537044453344013,0.5190967284944717,17,188,0,1749.8423660019178,41823,7658,34165,0.00026109660574413773,0.0009649687116205508,33,1341.8423660019178,408.0,2,1,False,{},{},{},{},0.0,0.0,0.0,0.0,0.0,0.0,0.0,0.0,0.0,0.0,0.0,0.0,0.0,0.0,Leave Event,0.0,"{'node_level': {}, 'link_level': {}, 'path_level': {}}","{'node_level': {}, 'link_level': {}, 'path_level': {}}","{'node_level': {}, 'link_level': {}, 'path_level': {}}",[],0.0,0.0,True,True,False,0,[],0,0.0,,
100,19,1,2374.0,4994.0,777552.1348526693,1497894.5005255414,0.47537044453344013,0.5190967284944717,17,189,0,1765.6209258740134,41823,7658,34165,0.00026109660574413773,0.0009649687116205508,60,1021.6209258740134,744.0,5,4,False,{},{},{},{},0.0,0.0,0.0,0.0,0.0,0.0,0.0,0.0,0.0,0.0,0.0,0.0,0.0,0.0,Leave Event,0.0,"{'node_level': {}, 'link_level': {}, 'path_level': {}}","{'node_level': {}, 'link_level': {}, 'path_level': {}}","{'node_level': {}, 'link_level': {}, 'path_level': {}}",[],0.0,0.0,True,True,False,0,[],0,0.0,,
100,19,1,2374.0,4994.0,777552.1348526693,1497894.5005255414,0.47537044453344013,0.5190967284944717,17,190,0,1853.028810460358,41823,7658,34165,0.00026109660574413773,0.0009649687116205508,11,1716.028810460358,137.0,6,6,False,{},{},{},{},0.0,0.0,0.0,0.0,0.0,0.0,0.0,0.0,0.0,0.0,0.0,0.0,0.0,0.0,Leave Event,0.0,"{'node_level': {}, 'link_level': {}, 'path_level': {}}","{'node_level': {}, 'link_level': {}, 'path_level': {}}","{'node_level': {}, 'link_level': {}, 'path_level': {}}",[],0.0,0.0,True,True,False,0,[],0,0.0,,
100,19,1,2374.0,4994.0,777552.1348526693,1497894.5005255414,0.47537044453344013,0.5190967284944717,17,191,0,1896.8412983709384,41823,7658,34165,0.00026109660574413773,0.0009649687116205508,61,1141.8412983709384,755.0,10,17,False,{},{},{},{},0.0,0.0,0.0,0.0,0.0,0.0,0.0,0.0,0.0,0.0,0.0,0.0,0.0,0.0,Leave Event,0.0,"{'node_level': {}, 'link_level': {}, 'path_level': {}}","{'node_level': {}, 'link_level': {}, 'path_level': {}}","{'node_level': {}, 'link_level': {}, 'path_level': {}}",[],0.0,0.0,True,True,False,0,[],0,0.0,,
100,19,1,2374.0,4994.0,777552.1348526693,1497894.5005255414,0.47537044453344013,0.5190967284944717,17,192,0,1901.147460785588,41823,7658,34165,0.00026109660574413773,0.0009649687116205508,65,1108.147460785588,793.0,9,22,False,{},{},{},{},0.0,0.0,0.0,0.0,0.0,0.0,0.0,0.0,0.0,0.0,0.0,0.0,0.0,0.0,Leave Event,0.0,"{'node_level': {}, 'link_level': {}, 'path_level': {}}","{'node_level': {}, 'link_level': {}, 'path_level': {}}","{'node_level': {}, 'link_level': {}, 'path_level': {}}",[],0.0,0.0,True,True,False,0,[],0,0.0,,
100,19,1,2374.0,4994.0,777552.1348526693,1497894.5005255414,0.47537044453344013,0.5190967284944717,17,193,0,1985.835363746077,41823,7658,34165,0.00026109660574413773,0.0009649687116205508,53,1339.835363746077,646.0,4,5,False,{},{},{},{},0.0,0.0,0.0,0.0,0.0,0.0,0.0,0.0,0.0,0.0,0.0,0.0,0.0,0.0,Leave Event,0.0,"{'node_level': {}, 'link_level': {}, 'path_level': {}}","{'node_level': {}, 'link_level': {}, 'path_level': {}}","{'node_level': {}, 'link_level': {}, 'path_level': {}}",[],0.0,0.0,True,True,False,0,[],0,0.0,,
100,19,1,2374.0,4994.0,777552.1348526693,1497894.5005255414,0.47537044453344013,0.5190967284944717,17,194,0,2034.6073770258297,41823,7658,34165,0.00026109660574413773,0.0009649687116205508,54,1373.6073770258297,661.0,9,18,False,{},{},{},{},0.0,0.0,0.0,0.0,0.0,0.0,0.0,0.0,0.0,0.0,0.0,0.0,0.0,0.0,Leave Event,0.0,"{'node_level': {}, 'link_level': {}, 'path_level': {}}","{'node_level': {}, 'link_level': {}, 'path_level': {}}","{'node_level': {}, 'link_level': {}, 'path_level': {}}",[],0.0,0.0,True,True,False,0,[],0,0.0,,
100,19,1,2374.0,4994.0,777552.1348526693,1497894.5005255414,0.47537044453344013,0.5190967284944717,17,195,0,2038.102256157356,41823,7658,34165,0.00026109660574413773,0.0009649687116205508,80,1048.102256157356,990.0,8,12,False,{},{},{},{},0.0,0.0,0.0,0.0,0.0,0.0,0.0,0.0,0.0,0.0,0.0,0.0,0.0,0.0,Leave Event,0.0,"{'node_level': {}, 'link_level': {}, 'path_level': {}}","{'node_level': {}, 'link_level': {}, 'path_level': {}}","{'node_level': {}, 'link_level': {}, 'path_level': {}}",[],0.0,0.0,True,True,False,0,[],0,0.0,,
100,19,1,2374.0,4994.0,777552.1348526693,1497894.5005255414,0.47537044453344013,0.5190967284944717,17,196,0,2240.265267639189,41823,7658,34165,0.00026109660574413773,0.0009649687116205508,93,1077.265267639189,1163.0,9,15,False,{},{},{},{},0.0,0.0,0.0,0.0,0.0,0.0,0.0,0.0,0.0,0.0,0.0,0.0,0.0,0.0,Leave Event,0.0,"{'node_level': {}, 'link_level': {}, 'path_level': {}}","{'node_level': {}, 'link_level': {}, 'path_level': {}}","{'node_level': {}, 'link_level': {}, 'path_level': {}}",[],0.0,0.0,True,True,False,0,[],0,0.0,,
100,19,0,2374.0,4994.0,777552.1348526693,1497894.5005255414,0.47537044453344013,0.5190967284944717,17,197,0,2626.9691086083185,41858,7660,34198,0.0,0.0,89,1517.9691086083183,1109.0,2,1,False,{},{},{},{},0.0,0.0,0.0,0.0,0.0,0.0,0.0,0.0,0.0,0.0,0.0,0.0,0.0,0.0,Leave Event,0.0,"{'node_level': {}, 'link_level': {}, 'path_level': {}}","{'node_level': {}, 'link_level': {}, 'path_level': {}}","{'node_level': {}, 'link_level': {}, 'path_level': {}}",[],0.0,0.0,True,True,False,0,[],0,0.0,,
100,19,0,2374.0,4994.0,777552.1348526693,1497894.5005255414,0.47537044453344013,0.5190967284944717,17,198,0,3455.465490617315,41858,7660,34198,0.0,0.0,92,2308.465490617315,1147.0,7,12,False,{},{},{},{},0.0,0.0,0.0,0.0,0.0,0.0,0.0,0.0,0.0,0.0,0.0,0.0,0.0,0.0,Leave Event,0.0,"{'node_level': {}, 'link_level': {}, 'path_level': {}}","{'node_level': {}, 'link_level': {}, 'path_level': {}}","{'node_level': {}, 'link_level': {}, 'path_level': {}}",[],0.0,0.0,True,True,False,0,[],0,0.0,,
100,19,0,2374.0,4994.0,777552.1348526693,1497894.5005255414,0.47537044453344013,0.5190967284944717,17,199,0,3901.8897141594107,41858,7660,34198,0.0,0.0,75,2976.8897141594107,925.0,4,3,False,{},{},{},{},0.0,0.0,0.0,0.0,0.0,0.0,0.0,0.0,0.0,0.0,0.0,0.0,0.0,0.0,Leave Event,0.0,"{'node_level': {}, 'link_level': {}, 'path_level': {}}","{'node_level': {}, 'link_level': {}, 'path_level': {}}","{'node_level': {}, 'link_level': {}, 'path_level': {}}",[],0.0,0.0,True,True,False,0,[],0,0.0,,
