v_net_count,success_count,inservice_count,total_revenue,total_cost,total_time_revenue,total_time_cost,long_term_r2c_ratio,long_term_time_r2c_ratio,num_running_p_net_nodes,event_id,event_type,event_time,p_net_available_resource,p_net_node_available_resource,p_net_link_available_resource,p_net_node_resource_utilization,p_net_link_resource_utilization,v_net_id,v_net_lifetime,v_net_arrival_time,v_net_num_nodes,v_net_num_egdes,result,node_slots,link_paths,node_slots_info,link_paths_info,v_net_cost,v_net_revenue,v_net_demand,v_net_node_demand,v_net_link_demand,v_net_node_revenue,v_net_link_revenue,v_net_node_cost,v_net_link_cost,v_net_path_cost,v_net_r2c_ratio,v_net_time_cost,v_net_time_revenue,v_net_time_rc_ratio,description,v_net_total_hard_constraint_violation,v_net_single_step_constraint_offset,v_net_constraint_offsets,v_net_constraint_violations,v_net_single_step_violation_list,v_net_single_step_hard_constraint_offset,v_net_max_single_step_hard_constraint_violation,place_result,route_result,early_rejection,revoke_times,selected_actions,num_interactions,v_net_reward,num_placed_nodes,num_routed_links
1,0,0,0.0,0.0,0.0,0.0,0.0,0.0,0,0,1,16.0,41858,7660,34198,0.0,0.0,0,69.01953183544195,16.0,9,18,False,"{0: 25, 5: 17, 1: 18, 6: 41, 7: 94, 4: 21, 3: 26, 8: 86, 2: 34}","{(0, 1): [(25, 73), (73, 18)], (0, 2): [(25, 37), (37, 34)], (0, 3): [(25, 26)], (0, 4): [(25, 28), (28, 21)], (0, 5): [(25, 26), (26, 17)], (0, 6): [(25, 7), (7, 95), (95, 41)], (1, 3): [(18, 51), (51, 58), (58, 26)], (1, 5): [(18, 4), (4, 17)], (1, 6): [(18, 41)], (1, 7): [(18, 4), (4, 94)], (1, 8): [(18, 68), (68, 86)], (2, 7): [(34, 17), (17, 94)], (2, 8): [(34, 68), (68, 86)], (3, 8): []}","{(0, 25): {'cpu': 1}, (5, 17): {'cpu': 8}, (1, 18): {'cpu': 17}, (6, 41): {'cpu': 17}, (7, 94): {'cpu': 8}, (4, 21): {'cpu': 16}, (3, 26): {'cpu': 4}, (8, 86): {'cpu': 1}, (2, 34): {'cpu': 1}}","{((0, 1), (25, 73)): {'bw': 32}, ((0, 1), (73, 18)): {'bw': 32}, ((0, 2), (25, 37)): {'bw': 22}, ((0, 2), (37, 34)): {'bw': 22}, ((0, 3), (25, 26)): {'bw': 48}, ((0, 4), (25, 28)): {'bw': 49}, ((0, 4), (28, 21)): {'bw': 49}, ((0, 5), (25, 26)): {'bw': 17}, ((0, 5), (26, 17)): {'bw': 17}, ((0, 6), (25, 7)): {'bw': 22}, ((0, 6), (7, 95)): {'bw': 22}, ((0, 6), (95, 41)): {'bw': 22}, ((1, 3), (18, 51)): {'bw': 7}, ((1, 3), (51, 58)): {'bw': 7}, ((1, 3), (58, 26)): {'bw': 7}, ((1, 5), (18, 4)): {'bw': 6}, ((1, 5), (4, 17)): {'bw': 6}, ((1, 6), (18, 41)): {'bw': 16}, ((1, 7), (18, 4)): {'bw': 19}, ((1, 7), (4, 94)): {'bw': 19}, ((1, 8), (18, 68)): {'bw': 2}, ((1, 8), (68, 86)): {'bw': 2}, ((2, 7), (34, 17)): {'bw': 1}, ((2, 7), (17, 94)): {'bw': 1}, ((2, 8), (34, 68)): {'bw': 31}, ((2, 8), (68, 86)): {'bw': 31}}",0.0,0.0,480.0,73.0,407.0,0.0,0.0,0.0,0.0,0.0,0.0,0.0,0.0,0.0,Route Failure,7.769998439054233,"{'node_level': {}, 'link_level': {}, 'path_level': {}}","{'node_level': {0: {'cpu': -95}, 5: {'cpu': -45}, 1: {'cpu': -33}, 6: {'cpu': -48}, 7: {'cpu': -48}, 4: {'cpu': -43}, 3: {'cpu': -76}, 8: {'cpu': -66}, 2: {'cpu': -94}}, 'link_level': {(0, 1): {'bw': -25}, (0, 2): {'bw': -45}, (0, 3): {'bw': -23}, (0, 4): {'bw': -11}, (0, 5): {'bw': -6}, (0, 6): {'bw': -69}, (1, 3): {'bw': -46}, (1, 5): {'bw': -54}, (1, 6): {'bw': -66}, (1, 7): {'bw': -35}, (1, 8): {'bw': -48}, (2, 7): {'bw': -60}, (2, 8): {'bw': -17}, (3, 8): {'bw': -32}}, 'path_level': {(0, 1): {'latency': -4.79042690532013}, (0, 2): {'latency': -9.87963201652923}, (0, 3): {'latency': -12.159427683942205}, (0, 4): {'latency': -10.435779808778534}, (0, 5): {'latency': -6.820980010871547}, (0, 6): {'latency': -0.37158163164727664}, (1, 3): {'latency': -0.22184830609288042}, (1, 5): {'latency': -2.5054471748079816}, (1, 6): {'latency': -11.166945527094462}, (1, 7): {'latency': -9.22484727033739}, (1, 8): {'latency': -5.261413173402058}, (2, 7): {'latency': -7.248283490956798}, (2, 8): {'latency': -0.21302332203506325}, (3, 8): {'latency': 7.769998439054233}}}","{'node_level': {0: {'cpu': 0}, 5: {'cpu': 0}, 1: {'cpu': 0}, 6: {'cpu': 0}, 7: {'cpu': 0}, 4: {'cpu': 0}, 3: {'cpu': 0}, 8: {'cpu': 0}, 2: {'cpu': 0}}, 'link_level': {(0, 1): {'bw': 0}, (0, 2): {'bw': 0}, (0, 3): {'bw': 0}, (0, 4): {'bw': 0}, (0, 5): {'bw': 0}, (0, 6): {'bw': 0}, (1, 3): {'bw': 0}, (1, 5): {'bw': 0}, (1, 6): {'bw': 0}, (1, 7): {'bw': 0}, (1, 8): {'bw': 0}, (2, 7): {'bw': 0}, (2, 8): {'bw': 0}, (3, 8): {'bw': 0}}, 'path_level': {(0, 1): {'latency': 0}, (0, 2): {'latency': 0}, (0, 3): {'latency': 0}, (0, 4): {'latency': 0}, (0, 5): {'latency': 0}, (0, 6): {'latency': 0}, (1, 3): {'latency': 0}, (1, 5): {'latency': 0}, (1, 6): {'latency': 0}, (1, 7): {'latency': 0}, (1, 8): {'latency': 0}, (2, 7): {'latency': 0}, (2, 8): {'latency': 0}, (3, 8): {'latency': 7.769998439054233}}}",[],0.0,0.0,True,False,False,0,[],0,0.0,9.0,14.0
2,0,0,0.0,0.0,0.0,0.0,0.0,0.0,0,1,1,27.0,41858,7660,34198,0.0,0.0,1,889.3291322410356,27.0,7,11,False,"{6: 25, 3: 17, 2: 18, 0: 41, 1: 94, 4: 21, 5: 26}","{(0, 6): []}","{(6, 25): {'cpu': 1}, (3, 17): {'cpu': 14}, (2, 18): {'cpu': 12}, (0, 41): {'cpu': 16}, (1, 94): {'cpu': 1}, (4, 21): {'cpu': 15}, (5, 26): {'cpu': 8}}",{},0.0,0.0,300.0,67.0,233.0,0.0,0.0,0.0,0.0,0.0,0.0,0.0,0.0,0.0,Route Failure,7.050035067221151,"{'node_level': {}, 'link_level': {}, 'path_level': {}}","{'node_level': {6: {'cpu': -95}, 3: {'cpu': -39}, 2: {'cpu': -38}, 0: {'cpu': -49}, 1: {'cpu': -55}, 4: {'cpu': -44}, 5: {'cpu': -72}}, 'link_level': {(0, 6): {'bw': -3}}, 'path_level': {(0, 6): {'latency': 7.050035067221151}}}","{'node_level': {6: {'cpu': 0}, 3: {'cpu': 0}, 2: {'cpu': 0}, 0: {'cpu': 0}, 1: {'cpu': 0}, 4: {'cpu': 0}, 5: {'cpu': 0}}, 'link_level': {(0, 6): {'bw': 0}}, 'path_level': {(0, 6): {'latency': 7.050035067221151}}}",[],0.0,0.0,True,False,False,0,[],0,0.0,7.0,1.0
3,1,1,71.0,109.0,54858.32208108269,84219.1141808171,0.6513761467889908,0.6513761467889908,3,2,1,37.0,41749,7627,34122,0.0043080939947780506,0.0022223521843383054,2,772.652423677221,37.0,3,2,True,"{1: 25, 2: 17, 0: 18}","{(0, 1): [(18, 73), (73, 25)], (1, 2): [(25, 26), (26, 17)]}","{(1, 25): {'cpu': 12}, (2, 17): {'cpu': 15}, (0, 18): {'cpu': 6}}","{((0, 1), (18, 73)): {'bw': 14}, ((0, 1), (73, 25)): {'bw': 14}, ((1, 2), (25, 26)): {'bw': 24}, ((1, 2), (26, 17)): {'bw': 24}}",109.0,71.0,71.0,33.0,38.0,33.0,38.0,33.0,76.0,38.0,0.6513761467889908,84219.1141808171,54858.32208108269,503.287358542043,Success,0.0,"{'node_level': {}, 'link_level': {}, 'path_level': {}}","{'node_level': {1: {'cpu': -84}, 2: {'cpu': -38}, 0: {'cpu': -44}}, 'link_level': {(0, 1): {'bw': -43}, (1, 2): {'bw': -40}}, 'path_level': {(0, 1): {'latency': -8.498843954099629}, (1, 2): {'latency': -8.594498621894513}}}","{'node_level': {1: {'cpu': 0}, 2: {'cpu': 0}, 0: {'cpu': 0}}, 'link_level': {(0, 1): {'bw': 0}, (1, 2): {'bw': 0}}, 'path_level': {(0, 1): {'latency': 0}, (1, 2): {'latency': 0}}}",[],0.0,0.0,True,True,False,0,[],0,0.0,3.0,2.0
4,1,1,71.0,109.0,54858.32208108269,84219.1141808171,0.6513761467889908,0.6513761467889908,3,3,1,46.0,41749,7627,34122,0.0043080939947780506,0.0022223521843383054,3,585.0178031143265,46.0,10,27,False,"{6: 25, 4: 17, 8: 18, 3: 41, 7: 94, 0: 21, 9: 86, 1: 34, 5: 33, 2: 90}","{(0, 1): [(21, 17), (17, 34)], (0, 3): [(21, 91), (91, 41)], (0, 6): [(21, 26), (26, 25)], (0, 7): [(21, 2), (2, 94)], (0, 8): [(21, 17), (17, 4), (4, 18)], (1, 3): []}","{(6, 25): {'cpu': 16}, (4, 17): {'cpu': 11}, (8, 18): {'cpu': 19}, (3, 41): {'cpu': 14}, (7, 94): {'cpu': 2}, (0, 21): {'cpu': 3}, (9, 86): {'cpu': 14}, (1, 34): {'cpu': 6}, (5, 33): {'cpu': 17}, (2, 90): {'cpu': 19}}","{((0, 1), (21, 17)): {'bw': 39}, ((0, 1), (17, 34)): {'bw': 39}, ((0, 3), (21, 91)): {'bw': 45}, ((0, 3), (91, 41)): {'bw': 45}, ((0, 6), (21, 26)): {'bw': 39}, ((0, 6), (26, 25)): {'bw': 39}, ((0, 7), (21, 2)): {'bw': 23}, ((0, 7), (2, 94)): {'bw': 23}, ((0, 8), (21, 17)): {'bw': 22}, ((0, 8), (17, 4)): {'bw': 22}, ((0, 8), (4, 18)): {'bw': 22}}",0.0,0.0,864.0,121.0,743.0,0.0,0.0,0.0,0.0,0.0,0.0,0.0,0.0,0.0,Route Failure,8.553539004430615,"{'node_level': {}, 'link_level': {}, 'path_level': {}}","{'node_level': {6: {'cpu': -68}, 4: {'cpu': -27}, 8: {'cpu': -25}, 3: {'cpu': -51}, 7: {'cpu': -54}, 0: {'cpu': -56}, 9: {'cpu': -53}, 1: {'cpu': -89}, 5: {'cpu': -75}, 2: {'cpu': -81}}, 'link_level': {(0, 1): {'bw': -29}, (0, 3): {'bw': -16}, (0, 6): {'bw': -8}, (0, 7): {'bw': -50}, (0, 8): {'bw': -7}, (1, 3): {'bw': -55}}, 'path_level': {(0, 1): {'latency': -1.6680089583038136}, (0, 3): {'latency': -3.177751475883891}, (0, 6): {'latency': -0.1809758109309767}, (0, 7): {'latency': -3.0272097386948893}, (0, 8): {'latency': -3.9096553840471726}, (1, 3): {'latency': 8.553539004430615}}}","{'node_level': {6: {'cpu': 0}, 4: {'cpu': 0}, 8: {'cpu': 0}, 3: {'cpu': 0}, 7: {'cpu': 0}, 0: {'cpu': 0}, 9: {'cpu': 0}, 1: {'cpu': 0}, 5: {'cpu': 0}, 2: {'cpu': 0}}, 'link_level': {(0, 1): {'bw': 0}, (0, 3): {'bw': 0}, (0, 6): {'bw': 0}, (0, 7): {'bw': 0}, (0, 8): {'bw': 0}, (1, 3): {'bw': 0}}, 'path_level': {(0, 1): {'latency': 0}, (0, 3): {'latency': 0}, (0, 6): {'latency': 0}, (0, 7): {'latency': 0}, (0, 8): {'latency': 0}, (1, 3): {'latency': 8.553539004430615}}}",[],0.0,0.0,True,False,False,0,[],0,0.0,10.0,6.0
5,1,1,71.0,109.0,54858.32208108269,84219.1141808171,0.6513761467889908,0.6513761467889908,3,4,1,66.0,41749,7627,34122,0.0043080939947780506,0.0022223521843383054,4,525.5416162350841,66.0,9,24,False,"{6: 25, 0: 17, 5: 18, 2: 41, 3: 94, 1: 21, 8: 86, 4: 34, 7: 33}","{(0, 1): []}","{(6, 25): {'cpu': 16}, (0, 17): {'cpu': 18}, (5, 18): {'cpu': 12}, (2, 41): {'cpu': 19}, (3, 94): {'cpu': 1}, (1, 21): {'cpu': 8}, (8, 86): {'cpu': 4}, (4, 34): {'cpu': 10}, (7, 33): {'cpu': 1}}",{},0.0,0.0,682.0,89.0,593.0,0.0,0.0,0.0,0.0,0.0,0.0,0.0,0.0,0.0,Route Failure,5.440349081999635,"{'node_level': {}, 'link_level': {}, 'path_level': {}}","{'node_level': {6: {'cpu': -68}, 0: {'cpu': -20}, 5: {'cpu': -32}, 2: {'cpu': -46}, 3: {'cpu': -55}, 1: {'cpu': -51}, 8: {'cpu': -63}, 4: {'cpu': -85}, 7: {'cpu': -91}}, 'link_level': {(0, 1): {'bw': -6}}, 'path_level': {(0, 1): {'latency': 5.440349081999635}}}","{'node_level': {6: {'cpu': 0}, 0: {'cpu': 0}, 5: {'cpu': 0}, 2: {'cpu': 0}, 3: {'cpu': 0}, 1: {'cpu': 0}, 8: {'cpu': 0}, 4: {'cpu': 0}, 7: {'cpu': 0}}, 'link_level': {(0, 1): {'bw': 0}}, 'path_level': {(0, 1): {'latency': 5.440349081999635}}}",[],0.0,0.0,True,False,False,0,[],0,0.0,9.0,1.0
6,1,1,71.0,109.0,54858.32208108269,84219.1141808171,0.6513761467889908,0.6513761467889908,3,5,1,70.0,41749,7627,34122,0.0043080939947780506,0.0022223521843383054,5,1384.6289627077263,70.0,10,14,False,"{6: 25, 5: 17, 3: 18, 2: 41, 4: 94, 0: 21, 1: 86, 8: 34, 9: 33, 7: 90}","{(0, 4): [(21, 2), (2, 94)], (0, 5): []}","{(6, 25): {'cpu': 10}, (5, 17): {'cpu': 20}, (3, 18): {'cpu': 9}, (2, 41): {'cpu': 15}, (4, 94): {'cpu': 6}, (0, 21): {'cpu': 4}, (1, 86): {'cpu': 13}, (8, 34): {'cpu': 20}, (9, 33): {'cpu': 2}, (7, 90): {'cpu': 20}}","{((0, 4), (21, 2)): {'bw': 1}, ((0, 4), (2, 94)): {'bw': 1}}",0.0,0.0,534.0,119.0,415.0,0.0,0.0,0.0,0.0,0.0,0.0,0.0,0.0,0.0,Route Failure,4.874707090756994,"{'node_level': {}, 'link_level': {}, 'path_level': {}}","{'node_level': {6: {'cpu': -74}, 5: {'cpu': -18}, 3: {'cpu': -35}, 2: {'cpu': -50}, 4: {'cpu': -50}, 0: {'cpu': -55}, 1: {'cpu': -54}, 8: {'cpu': -75}, 9: {'cpu': -90}, 7: {'cpu': -80}}, 'link_level': {(0, 4): {'bw': -72}, (0, 5): {'bw': -34}}, 'path_level': {(0, 4): {'latency': -2.780081463494122}, (0, 5): {'latency': 4.874707090756994}}}","{'node_level': {6: {'cpu': 0}, 5: {'cpu': 0}, 3: {'cpu': 0}, 2: {'cpu': 0}, 4: {'cpu': 0}, 0: {'cpu': 0}, 1: {'cpu': 0}, 8: {'cpu': 0}, 9: {'cpu': 0}, 7: {'cpu': 0}}, 'link_level': {(0, 4): {'bw': 0}, (0, 5): {'bw': 0}}, 'path_level': {(0, 4): {'latency': 0}, (0, 5): {'latency': 4.874707090756994}}}",[],0.0,0.0,True,False,False,0,[],0,0.0,10.0,2.0
7,2,2,217.0,349.0,74523.50197607475,116545.43729587254,0.6217765042979942,0.6394373190851119,4,6,1,80.0,41509,7586,33923,0.009660574412532652,0.00804140593017133,6,134.69301297939768,80.0,4,4,True,"{2: 25, 3: 17, 0: 18, 1: 41}","{(0, 1): [(18, 41)], (0, 3): [(18, 4), (4, 17)], (1, 2): [(41, 78), (78, 25)], (2, 3): [(25, 36), (36, 17)]}","{(2, 25): {'cpu': 17}, (3, 17): {'cpu': 2}, (0, 18): {'cpu': 18}, (1, 41): {'cpu': 4}}","{((0, 1), (18, 41)): {'bw': 11}, ((0, 3), (18, 4)): {'bw': 24}, ((0, 3), (4, 17)): {'bw': 24}, ((1, 2), (41, 78)): {'bw': 21}, ((1, 2), (78, 25)): {'bw': 21}, ((2, 3), (25, 36)): {'bw': 49}, ((2, 3), (36, 17)): {'bw': 49}}",240.0,146.0,146.0,41.0,105.0,41.0,105.0,41.0,199.0,94.0,0.6083333333333333,32326.323115055442,19665.17989499206,81.93824956246691,Success,0.0,"{'node_level': {}, 'link_level': {}, 'path_level': {}}","{'node_level': {2: {'cpu': -67}, 3: {'cpu': -36}, 0: {'cpu': -26}, 1: {'cpu': -61}}, 'link_level': {(0, 1): {'bw': -71}, (0, 3): {'bw': -36}, (1, 2): {'bw': -39}, (2, 3): {'bw': -8}}, 'path_level': {(0, 1): {'latency': -11.731297776001105}, (0, 3): {'latency': -11.521731579393823}, (1, 2): {'latency': -3.7595050135823733}, (2, 3): {'latency': -4.056764608332009}}}","{'node_level': {2: {'cpu': 0}, 3: {'cpu': 0}, 0: {'cpu': 0}, 1: {'cpu': 0}}, 'link_level': {(0, 1): {'bw': 0}, (0, 3): {'bw': 0}, (1, 2): {'bw': 0}, (2, 3): {'bw': 0}}, 'path_level': {(0, 1): {'latency': 0}, (0, 3): {'latency': 0}, (1, 2): {'latency': 0}, (2, 3): {'latency': 0}}}",[],0.0,0.0,True,True,False,0,[],0,0.0,4.0,4.0
7,2,2,217.0,349.0,74523.50197607475,116545.43729587254,0.6217765042979942,0.6394373190851119,4,7,0,85.01953183544195,41509,7586,33923,0.009660574412532652,0.00804140593017133,0,69.01953183544195,16.0,9,18,False,{},{},{},{},0.0,0.0,0.0,0.0,0.0,0.0,0.0,0.0,0.0,0.0,0.0,0.0,0.0,0.0,Leave Event,0.0,"{'node_level': {}, 'link_level': {}, 'path_level': {}}","{'node_level': {}, 'link_level': {}, 'path_level': {}}","{'node_level': {}, 'link_level': {}, 'path_level': {}}",[],0.0,0.0,True,True,False,0,[],0,0.0,,
8,2,2,217.0,349.0,74523.50197607475,116545.43729587254,0.6217765042979942,0.6394373190851119,4,8,1,92.0,41509,7586,33923,0.009660574412532652,0.00804140593017133,7,328.3689971637556,92.0,9,18,False,"{5: 25, 3: 94, 8: 21, 1: 18, 7: 41, 2: 17, 6: 86, 4: 34, 0: 33}","{(0, 3): []}","{(5, 25): {'cpu': 17}, (3, 94): {'cpu': 4}, (8, 21): {'cpu': 9}, (1, 18): {'cpu': 5}, (7, 41): {'cpu': 20}, (2, 17): {'cpu': 16}, (6, 86): {'cpu': 14}, (4, 34): {'cpu': 5}, (0, 33): {'cpu': 2}}",{},0.0,0.0,602.0,92.0,510.0,0.0,0.0,0.0,0.0,0.0,0.0,0.0,0.0,0.0,Route Failure,5.676546857237474,"{'node_level': {}, 'link_level': {}, 'path_level': {}}","{'node_level': {5: {'cpu': -50}, 3: {'cpu': -52}, 8: {'cpu': -50}, 1: {'cpu': -21}, 7: {'cpu': -41}, 2: {'cpu': -20}, 6: {'cpu': -53}, 4: {'cpu': -90}, 0: {'cpu': -90}}, 'link_level': {(0, 3): {'bw': -54}}, 'path_level': {(0, 3): {'latency': 5.676546857237474}}}","{'node_level': {5: {'cpu': 0}, 3: {'cpu': 0}, 8: {'cpu': 0}, 1: {'cpu': 0}, 7: {'cpu': 0}, 2: {'cpu': 0}, 6: {'cpu': 0}, 4: {'cpu': 0}, 0: {'cpu': 0}}, 'link_level': {(0, 3): {'bw': 0}}, 'path_level': {(0, 3): {'latency': 5.676546857237474}}}",[],0.0,0.0,True,False,False,0,[],0,0.0,9.0,1.0
9,2,2,217.0,349.0,74523.50197607475,116545.43729587254,0.6217765042979942,0.6394373190851119,4,9,1,102.0,41509,7586,33923,0.009660574412532652,0.00804140593017133,8,1311.454495210449,102.0,9,18,False,"{0: 25, 8: 94, 7: 21, 1: 18, 6: 41, 2: 17, 4: 86, 5: 34, 3: 33}","{(0, 1): [(25, 73), (73, 18)], (0, 2): [(25, 86), (86, 17)], (0, 6): [(25, 7), (7, 81), (81, 41)], (0, 7): [(25, 26), (26, 21)], (1, 2): []}","{(0, 25): {'cpu': 18}, (8, 94): {'cpu': 16}, (7, 21): {'cpu': 1}, (1, 18): {'cpu': 10}, (6, 41): {'cpu': 14}, (2, 17): {'cpu': 20}, (4, 86): {'cpu': 3}, (5, 34): {'cpu': 11}, (3, 33): {'cpu': 5}}","{((0, 1), (25, 73)): {'bw': 36}, ((0, 1), (73, 18)): {'bw': 36}, ((0, 2), (25, 86)): {'bw': 50}, ((0, 2), (86, 17)): {'bw': 50}, ((0, 6), (25, 7)): {'bw': 42}, ((0, 6), (7, 81)): {'bw': 42}, ((0, 6), (81, 41)): {'bw': 42}, ((0, 7), (25, 26)): {'bw': 6}, ((0, 7), (26, 21)): {'bw': 6}}",0.0,0.0,584.0,98.0,486.0,0.0,0.0,0.0,0.0,0.0,0.0,0.0,0.0,0.0,Route Failure,3.5285095787716796,"{'node_level': {}, 'link_level': {}, 'path_level': {}}","{'node_level': {0: {'cpu': -49}, 8: {'cpu': -40}, 7: {'cpu': -58}, 1: {'cpu': -16}, 6: {'cpu': -47}, 2: {'cpu': -16}, 4: {'cpu': -64}, 5: {'cpu': -84}, 3: {'cpu': -87}}, 'link_level': {(0, 1): {'bw': -7}, (0, 2): {'bw': -24}, (0, 6): {'bw': -14}, (0, 7): {'bw': -41}, (1, 2): {'bw': -39}}, 'path_level': {(0, 1): {'latency': -6.505581791746099}, (0, 2): {'latency': -5.174780828678742}, (0, 6): {'latency': -3.4544786370502827}, (0, 7): {'latency': -6.923053616785121}, (1, 2): {'latency': 3.5285095787716796}}}","{'node_level': {0: {'cpu': 0}, 8: {'cpu': 0}, 7: {'cpu': 0}, 1: {'cpu': 0}, 6: {'cpu': 0}, 2: {'cpu': 0}, 4: {'cpu': 0}, 5: {'cpu': 0}, 3: {'cpu': 0}}, 'link_level': {(0, 1): {'bw': 0}, (0, 2): {'bw': 0}, (0, 6): {'bw': 0}, (0, 7): {'bw': 0}, (1, 2): {'bw': 0}}, 'path_level': {(0, 1): {'latency': 0}, (0, 2): {'latency': 0}, (0, 6): {'latency': 0}, (0, 7): {'latency': 0}, (1, 2): {'latency': 3.5285095787716796}}}",[],0.0,0.0,True,False,False,0,[],0,0.0,9.0,5.0
10,2,2,217.0,349.0,74523.50197607475,116545.43729587254,0.6217765042979942,0.6394373190851119,4,10,1,115.0,41509,7586,33923,0.009660574412532652,0.00804140593017133,9,97.64746365573801,115.0,9,17,False,"{5: 25, 8: 94, 3: 21, 1: 18, 4: 41, 6: 17, 7: 86, 2: 34, 0: 33}","{(0, 1): []}","{(5, 25): {'cpu': 13}, (8, 94): {'cpu': 2}, (3, 21): {'cpu': 13}, (1, 18): {'cpu': 20}, (4, 41): {'cpu': 11}, (6, 17): {'cpu': 1}, (7, 86): {'cpu': 11}, (2, 34): {'cpu': 3}, (0, 33): {'cpu': 12}}",{},0.0,0.0,570.0,86.0,484.0,0.0,0.0,0.0,0.0,0.0,0.0,0.0,0.0,0.0,Route Failure,2.267927967440321,"{'node_level': {}, 'link_level': {}, 'path_level': {}}","{'node_level': {5: {'cpu': -54}, 8: {'cpu': -54}, 3: {'cpu': -46}, 1: {'cpu': -6}, 4: {'cpu': -50}, 6: {'cpu': -35}, 7: {'cpu': -56}, 2: {'cpu': -92}, 0: {'cpu': -80}}, 'link_level': {(0, 1): {'bw': -46}}, 'path_level': {(0, 1): {'latency': 2.267927967440321}}}","{'node_level': {5: {'cpu': 0}, 8: {'cpu': 0}, 3: {'cpu': 0}, 1: {'cpu': 0}, 4: {'cpu': 0}, 6: {'cpu': 0}, 7: {'cpu': 0}, 2: {'cpu': 0}, 0: {'cpu': 0}}, 'link_level': {(0, 1): {'bw': 0}}, 'path_level': {(0, 1): {'latency': 2.267927967440321}}}",[],0.0,0.0,True,False,False,0,[],0,0.0,9.0,1.0
11,2,2,217.0,349.0,74523.50197607475,116545.43729587254,0.6217765042979942,0.6394373190851119,4,11,1,128.0,41509,7586,33923,0.009660574412532652,0.00804140593017133,10,83.04396962673685,128.0,10,22,False,"{1: 25, 5: 94, 8: 21, 9: 18, 4: 41, 0: 17, 6: 86, 7: 34, 2: 33, 3: 72}","{(0, 1): [(17, 0), (0, 64), (64, 25)], (0, 2): [(17, 0), (0, 33)], (0, 3): [(17, 0), (0, 72)], (0, 5): [(17, 94)], (1, 2): []}","{(1, 25): {'cpu': 11}, (5, 94): {'cpu': 16}, (8, 21): {'cpu': 16}, (9, 18): {'cpu': 4}, (4, 41): {'cpu': 17}, (0, 17): {'cpu': 18}, (6, 86): {'cpu': 4}, (7, 34): {'cpu': 16}, (2, 33): {'cpu': 1}, (3, 72): {'cpu': 7}}","{((0, 1), (17, 0)): {'bw': 46}, ((0, 1), (0, 64)): {'bw': 46}, ((0, 1), (64, 25)): {'bw': 46}, ((0, 2), (17, 0)): {'bw': 4}, ((0, 2), (0, 33)): {'bw': 4}, ((0, 3), (17, 0)): {'bw': 3}, ((0, 3), (0, 72)): {'bw': 3}, ((0, 5), (17, 94)): {'bw': 43}}",0.0,0.0,727.0,110.0,617.0,0.0,0.0,0.0,0.0,0.0,0.0,0.0,0.0,0.0,Route Failure,1.8151829552159016,"{'node_level': {}, 'link_level': {}, 'path_level': {}}","{'node_level': {1: {'cpu': -56}, 5: {'cpu': -40}, 8: {'cpu': -43}, 9: {'cpu': -22}, 4: {'cpu': -44}, 0: {'cpu': -18}, 6: {'cpu': -63}, 7: {'cpu': -79}, 2: {'cpu': -91}, 3: {'cpu': -70}}, 'link_level': {(0, 1): {'bw': -15}, (0, 2): {'bw': -11}, (0, 3): {'bw': -8}, (0, 5): {'bw': -18}, (1, 2): {'bw': -31}}, 'path_level': {(0, 1): {'latency': -0.4254943732127021}, (0, 2): {'latency': -0.23229491590089335}, (0, 3): {'latency': -5.335618078588308}, (0, 5): {'latency': -3.5213206380200766}, (1, 2): {'latency': 1.8151829552159016}}}","{'node_level': {1: {'cpu': 0}, 5: {'cpu': 0}, 8: {'cpu': 0}, 9: {'cpu': 0}, 4: {'cpu': 0}, 0: {'cpu': 0}, 6: {'cpu': 0}, 7: {'cpu': 0}, 2: {'cpu': 0}, 3: {'cpu': 0}}, 'link_level': {(0, 1): {'bw': 0}, (0, 2): {'bw': 0}, (0, 3): {'bw': 0}, (0, 5): {'bw': 0}, (1, 2): {'bw': 0}}, 'path_level': {(0, 1): {'latency': 0}, (0, 2): {'latency': 0}, (0, 3): {'latency': 0}, (0, 5): {'latency': 0}, (1, 2): {'latency': 1.8151829552159016}}}",[],0.0,0.0,True,False,False,0,[],0,0.0,10.0,5.0
12,3,3,406.0,684.0,398852.94715308247,691415.0888000925,0.5935672514619883,0.5768646846357761,6,12,1,137.0,41174,7509,33665,0.01971279373368151,0.015585706766477525,11,1716.028810460358,137.0,6,6,True,"{0: 25, 2: 94, 4: 21, 1: 18, 5: 41, 3: 17}","{(0, 2): [(25, 26), (26, 94)], (0, 4): [(25, 26), (26, 21)], (0, 5): [(25, 78), (78, 41)], (1, 4): [(18, 51), (51, 58), (58, 21)], (2, 3): [(94, 17)], (2, 5): [(94, 2), (2, 47), (47, 41)]}","{(0, 25): {'cpu': 17}, (2, 94): {'cpu': 14}, (4, 21): {'cpu': 10}, (1, 18): {'cpu': 20}, (5, 41): {'cpu': 13}, (3, 17): {'cpu': 3}}","{((0, 2), (25, 26)): {'bw': 34}, ((0, 2), (26, 94)): {'bw': 34}, ((0, 4), (25, 26)): {'bw': 8}, ((0, 4), (26, 21)): {'bw': 8}, ((0, 5), (25, 78)): {'bw': 18}, ((0, 5), (78, 41)): {'bw': 18}, ((1, 4), (18, 51)): {'bw': 35}, ((1, 4), (51, 58)): {'bw': 35}, ((1, 4), (58, 21)): {'bw': 35}, ((2, 3), (94, 17)): {'bw': 9}, ((2, 5), (94, 2)): {'bw': 8}, ((2, 5), (2, 47)): {'bw': 8}, ((2, 5), (47, 41)): {'bw': 8}}",335.0,189.0,189.0,77.0,112.0,77.0,112.0,77.0,258.0,146.0,0.564179104477612,574869.65150422,324329.4451770077,968.1475975433066,Success,0.0,"{'node_level': {}, 'link_level': {}, 'path_level': {}}","{'node_level': {0: {'cpu': -50}, 2: {'cpu': -42}, 4: {'cpu': -49}, 1: {'cpu': -6}, 5: {'cpu': -48}, 3: {'cpu': -33}}, 'link_level': {(0, 2): {'bw': -13}, (0, 4): {'bw': -5}, (0, 5): {'bw': -21}, (1, 4): {'bw': -18}, (2, 3): {'bw': -52}, (2, 5): {'bw': -65}}, 'path_level': {(0, 2): {'latency': -0.3290185980022855}, (0, 4): {'latency': -0.7151168481441852}, (0, 5): {'latency': -6.4898074223382824}, (1, 4): {'latency': -0.2319328559557272}, (2, 3): {'latency': -8.680816634962522}, (2, 5): {'latency': -3.8968597096186564}}}","{'node_level': {0: {'cpu': 0}, 2: {'cpu': 0}, 4: {'cpu': 0}, 1: {'cpu': 0}, 5: {'cpu': 0}, 3: {'cpu': 0}}, 'link_level': {(0, 2): {'bw': 0}, (0, 4): {'bw': 0}, (0, 5): {'bw': 0}, (1, 4): {'bw': 0}, (2, 3): {'bw': 0}, (2, 5): {'bw': 0}}, 'path_level': {(0, 2): {'latency': 0}, (0, 4): {'latency': 0}, (0, 5): {'latency': 0}, (1, 4): {'latency': 0}, (2, 3): {'latency': 0}, (2, 5): {'latency': 0}}}",[],0.0,0.0,True,True,False,0,[],0,0.0,6.0,6.0
13,4,4,543.0,889.0,425332.8723294237,731038.334501917,0.6107986501687289,0.5818202032034592,8,13,1,144.0,40969,7466,33503,0.02532637075718014,0.02032282589625123,12,193.2841253747539,144.0,4,3,True,"{3: 86, 0: 17, 2: 25, 1: 34}","{(0, 2): [(17, 86), (86, 25)], (0, 3): [(17, 86)], (1, 3): [(34, 68), (68, 86)]}","{(3, 86): {'cpu': 12}, (0, 17): {'cpu': 10}, (2, 25): {'cpu': 18}, (1, 34): {'cpu': 3}}","{((0, 2), (17, 86)): {'bw': 27}, ((0, 2), (86, 25)): {'bw': 27}, ((0, 3), (17, 86)): {'bw': 26}, ((1, 3), (34, 68)): {'bw': 41}, ((1, 3), (68, 86)): {'bw': 41}}",205.0,137.0,137.0,43.0,94.0,43.0,94.0,43.0,162.0,68.0,0.6682926829268293,39623.24570182455,26479.925176341283,129.17036671385992,Success,0.0,"{'node_level': {}, 'link_level': {}, 'path_level': {}}","{'node_level': {3: {'cpu': -55}, 0: {'cpu': -23}, 2: {'cpu': -32}, 1: {'cpu': -92}}, 'link_level': {(0, 2): {'bw': -47}, (0, 3): {'bw': -21}, (1, 3): {'bw': -9}}, 'path_level': {(0, 2): {'latency': -1.2693036738199464}, (0, 3): {'latency': -9.865538960304274}, (1, 3): {'latency': -3.8688660281469307}}}","{'node_level': {3: {'cpu': 0}, 0: {'cpu': 0}, 2: {'cpu': 0}, 1: {'cpu': 0}}, 'link_level': {(0, 2): {'bw': 0}, (0, 3): {'bw': 0}, (1, 3): {'bw': 0}}, 'path_level': {(0, 2): {'latency': 0}, (0, 3): {'latency': 0}, (1, 3): {'latency': 0}}}",[],0.0,0.0,True,True,False,0,[],0,0.0,4.0,3.0
14,4,4,543.0,889.0,425332.8723294237,731038.334501917,0.6107986501687289,0.5818202032034592,8,14,1,153.0,40969,7466,33503,0.02532637075718014,0.02032282589625123,13,1084.8892740532426,153.0,8,13,False,"{3: 33, 4: 90, 7: 94, 0: 72, 2: 21, 6: 28, 5: 41, 1: 49}","{(0, 2): [(72, 26), (26, 21)], (0, 3): [(72, 0), (0, 33)], (0, 4): [(72, 26), (26, 90)], (1, 2): []}","{(3, 33): {'cpu': 1}, (4, 90): {'cpu': 20}, (7, 94): {'cpu': 13}, (0, 72): {'cpu': 13}, (2, 21): {'cpu': 1}, (6, 28): {'cpu': 8}, (5, 41): {'cpu': 17}, (1, 49): {'cpu': 16}}","{((0, 2), (72, 26)): {'bw': 37}, ((0, 2), (26, 21)): {'bw': 37}, ((0, 3), (72, 0)): {'bw': 26}, ((0, 3), (0, 33)): {'bw': 26}, ((0, 4), (72, 26)): {'bw': 6}, ((0, 4), (26, 90)): {'bw': 6}}",0.0,0.0,346.0,89.0,257.0,0.0,0.0,0.0,0.0,0.0,0.0,0.0,0.0,0.0,Route Failure,5.936522077857427,"{'node_level': {}, 'link_level': {}, 'path_level': {}}","{'node_level': {3: {'cpu': -91}, 4: {'cpu': -80}, 7: {'cpu': -29}, 0: {'cpu': -64}, 2: {'cpu': -48}, 6: {'cpu': -91}, 5: {'cpu': -31}, 1: {'cpu': -43}}, 'link_level': {(0, 2): {'bw': -41}, (0, 3): {'bw': -40}, (0, 4): {'bw': -35}, (1, 2): {'bw': -59}}, 'path_level': {(0, 2): {'latency': -10.878278326511692}, (0, 3): {'latency': -5.432386431962909}, (0, 4): {'latency': -0.0877511922041343}, (1, 2): {'latency': 5.936522077857427}}}","{'node_level': {3: {'cpu': 0}, 4: {'cpu': 0}, 7: {'cpu': 0}, 0: {'cpu': 0}, 2: {'cpu': 0}, 6: {'cpu': 0}, 5: {'cpu': 0}, 1: {'cpu': 0}}, 'link_level': {(0, 2): {'bw': 0}, (0, 3): {'bw': 0}, (0, 4): {'bw': 0}, (1, 2): {'bw': 0}}, 'path_level': {(0, 2): {'latency': 0}, (0, 3): {'latency': 0}, (0, 4): {'latency': 0}, (1, 2): {'latency': 5.936522077857427}}}",[],0.0,0.0,True,False,False,0,[],0,0.0,8.0,4.0
15,4,4,543.0,889.0,425332.8723294237,731038.334501917,0.6107986501687289,0.5818202032034592,8,15,1,172.0,40969,7466,33503,0.02532637075718014,0.02032282589625123,14,394.14329398824503,172.0,6,6,False,"{3: 33, 5: 90, 2: 94, 0: 72, 1: 21, 4: 28}","{(0, 1): []}","{(3, 33): {'cpu': 11}, (5, 90): {'cpu': 15}, (2, 94): {'cpu': 9}, (0, 72): {'cpu': 10}, (1, 21): {'cpu': 11}, (4, 28): {'cpu': 2}}",{},0.0,0.0,194.0,58.0,136.0,0.0,0.0,0.0,0.0,0.0,0.0,0.0,0.0,0.0,Route Failure,4.926524265444424,"{'node_level': {}, 'link_level': {}, 'path_level': {}}","{'node_level': {3: {'cpu': -81}, 5: {'cpu': -85}, 2: {'cpu': -33}, 0: {'cpu': -67}, 1: {'cpu': -38}, 4: {'cpu': -97}}, 'link_level': {(0, 1): {'bw': -60}}, 'path_level': {(0, 1): {'latency': 4.926524265444424}}}","{'node_level': {3: {'cpu': 0}, 5: {'cpu': 0}, 2: {'cpu': 0}, 0: {'cpu': 0}, 1: {'cpu': 0}, 4: {'cpu': 0}}, 'link_level': {(0, 1): {'bw': 0}}, 'path_level': {(0, 1): {'latency': 4.926524265444424}}}",[],0.0,0.0,True,False,False,0,[],0,0.0,6.0,1.0
16,4,4,543.0,889.0,425332.8723294237,731038.334501917,0.6107986501687289,0.5818202032034592,8,16,1,186.0,40969,7466,33503,0.02532637075718014,0.02032282589625123,15,231.8964216936151,186.0,5,6,False,"{4: 33, 1: 90, 3: 94, 0: 72, 2: 21}","{(0, 1): [(72, 5), (5, 90)], (0, 4): [(72, 0), (0, 33)], (1, 3): [(90, 26), (26, 94)], (2, 3): [(21, 2), (2, 94)], (2, 4): [(21, 60), (60, 33)], (3, 4): []}","{(4, 33): {'cpu': 14}, (1, 90): {'cpu': 19}, (3, 94): {'cpu': 7}, (0, 72): {'cpu': 11}, (2, 21): {'cpu': 4}}","{((0, 1), (72, 5)): {'bw': 41}, ((0, 1), (5, 90)): {'bw': 41}, ((0, 4), (72, 0)): {'bw': 42}, ((0, 4), (0, 33)): {'bw': 42}, ((1, 3), (90, 26)): {'bw': 39}, ((1, 3), (26, 94)): {'bw': 39}, ((2, 3), (21, 2)): {'bw': 3}, ((2, 3), (2, 94)): {'bw': 3}, ((2, 4), (21, 60)): {'bw': 29}, ((2, 4), (60, 33)): {'bw': 29}}",0.0,0.0,258.0,55.0,203.0,0.0,0.0,0.0,0.0,0.0,0.0,0.0,0.0,0.0,Route Failure,6.172332883409899,"{'node_level': {}, 'link_level': {}, 'path_level': {}}","{'node_level': {4: {'cpu': -78}, 1: {'cpu': -81}, 3: {'cpu': -35}, 0: {'cpu': -66}, 2: {'cpu': -45}}, 'link_level': {(0, 1): {'bw': -29}, (0, 4): {'bw': -24}, (1, 3): {'bw': -22}, (2, 3): {'bw': -62}, (2, 4): {'bw': -29}, (3, 4): {'bw': -2}}, 'path_level': {(0, 1): {'latency': -6.734828124101496}, (0, 4): {'latency': -8.006218325874665}, (1, 3): {'latency': -0.25089348989208027}, (2, 3): {'latency': -6.932807582581047}, (2, 4): {'latency': -1.8048245050191252}, (3, 4): {'latency': 6.172332883409899}}}","{'node_level': {4: {'cpu': 0}, 1: {'cpu': 0}, 3: {'cpu': 0}, 0: {'cpu': 0}, 2: {'cpu': 0}}, 'link_level': {(0, 1): {'bw': 0}, (0, 4): {'bw': 0}, (1, 3): {'bw': 0}, (2, 3): {'bw': 0}, (2, 4): {'bw': 0}, (3, 4): {'bw': 0}}, 'path_level': {(0, 1): {'latency': 0}, (0, 4): {'latency': 0}, (1, 3): {'latency': 0}, (2, 3): {'latency': 0}, (2, 4): {'latency': 0}, (3, 4): {'latency': 6.172332883409899}}}",[],0.0,0.0,True,False,False,0,[],0,0.0,5.0,6.0
17,5,5,586.0,938.0,428498.8469856271,734646.0730636371,0.6247334754797441,0.5832724936494819,10,17,1,198.0,40920,7429,33491,0.030156657963446465,0.020673723609567762,16,73.62731758612445,198.0,2,1,True,"{0: 33, 1: 90}","{(0, 1): [(33, 22), (22, 90)]}","{(0, 33): {'cpu': 19}, (1, 90): {'cpu': 18}}","{((0, 1), (33, 22)): {'bw': 6}, ((0, 1), (22, 90)): {'bw': 6}}",49.0,43.0,43.0,37.0,6.0,37.0,6.0,37.0,12.0,6.0,0.8775510204081632,3607.738561720098,3165.974656203351,64.61172767761941,Success,0.0,"{'node_level': {}, 'link_level': {}, 'path_level': {}}","{'node_level': {0: {'cpu': -73}, 1: {'cpu': -82}}, 'link_level': {(0, 1): {'bw': -51}}, 'path_level': {(0, 1): {'latency': -5.6272073038513515}}}","{'node_level': {0: {'cpu': 0}, 1: {'cpu': 0}}, 'link_level': {(0, 1): {'bw': 0}}, 'path_level': {(0, 1): {'latency': 0}}}",[],0.0,0.0,True,True,False,0,[],0,0.0,2.0,1.0
17,5,5,586.0,938.0,428498.8469856271,734646.0730636371,0.6247334754797441,0.5832724936494819,10,18,0,211.04396962673684,40920,7429,33491,0.030156657963446465,0.020673723609567762,10,83.04396962673685,128.0,10,22,False,{},{},{},{},0.0,0.0,0.0,0.0,0.0,0.0,0.0,0.0,0.0,0.0,0.0,0.0,0.0,0.0,Leave Event,0.0,"{'node_level': {}, 'link_level': {}, 'path_level': {}}","{'node_level': {}, 'link_level': {}, 'path_level': {}}","{'node_level': {}, 'link_level': {}, 'path_level': {}}",[],0.0,0.0,True,True,False,0,[],0,0.0,,
17,5,5,586.0,938.0,428498.8469856271,734646.0730636371,0.6247334754797441,0.5832724936494819,10,19,0,212.64746365573802,40920,7429,33491,0.030156657963446465,0.020673723609567762,9,97.64746365573801,115.0,9,17,False,{},{},{},{},0.0,0.0,0.0,0.0,0.0,0.0,0.0,0.0,0.0,0.0,0.0,0.0,0.0,0.0,Leave Event,0.0,"{'node_level': {}, 'link_level': {}, 'path_level': {}}","{'node_level': {}, 'link_level': {}, 'path_level': {}}","{'node_level': {}, 'link_level': {}, 'path_level': {}}",[],0.0,0.0,True,True,False,0,[],0,0.0,,
18,5,5,586.0,938.0,428498.8469856271,734646.0730636371,0.6247334754797441,0.5832724936494819,10,20,1,214.0,40920,7429,33491,0.030156657963446465,0.020673723609567762,17,59.679200876715996,214.0,9,20,False,"{6: 94, 4: 72, 0: 21, 3: 41, 1: 28, 8: 18, 5: 49, 2: 99, 7: 90}","{(0, 2): [(21, 63), (63, 99)], (0, 4): [(21, 26), (26, 72)], (0, 5): [(21, 58), (58, 49)], (0, 6): []}","{(6, 94): {'cpu': 8}, (4, 72): {'cpu': 5}, (0, 21): {'cpu': 6}, (3, 41): {'cpu': 14}, (1, 28): {'cpu': 12}, (8, 18): {'cpu': 5}, (5, 49): {'cpu': 12}, (2, 99): {'cpu': 2}, (7, 90): {'cpu': 3}}","{((0, 2), (21, 63)): {'bw': 2}, ((0, 2), (63, 99)): {'bw': 2}, ((0, 4), (21, 26)): {'bw': 49}, ((0, 4), (26, 72)): {'bw': 49}, ((0, 5), (21, 58)): {'bw': 17}, ((0, 5), (58, 49)): {'bw': 17}}",0.0,0.0,446.0,67.0,379.0,0.0,0.0,0.0,0.0,0.0,0.0,0.0,0.0,0.0,Route Failure,3.050812602709346,"{'node_level': {}, 'link_level': {}, 'path_level': {}}","{'node_level': {6: {'cpu': -34}, 4: {'cpu': -72}, 0: {'cpu': -43}, 3: {'cpu': -34}, 1: {'cpu': -87}, 8: {'cpu': -1}, 5: {'cpu': -47}, 2: {'cpu': -70}, 7: {'cpu': -79}}, 'link_level': {(0, 2): {'bw': -51}, (0, 4): {'bw': -29}, (0, 5): {'bw': -28}, (0, 6): {'bw': -27}}, 'path_level': {(0, 2): {'latency': -9.930845295571778}, (0, 4): {'latency': -0.21554749246409877}, (0, 5): {'latency': -1.6412145519003012}, (0, 6): {'latency': 3.050812602709346}}}","{'node_level': {6: {'cpu': 0}, 4: {'cpu': 0}, 0: {'cpu': 0}, 3: {'cpu': 0}, 1: {'cpu': 0}, 8: {'cpu': 0}, 5: {'cpu': 0}, 2: {'cpu': 0}, 7: {'cpu': 0}}, 'link_level': {(0, 2): {'bw': 0}, (0, 4): {'bw': 0}, (0, 5): {'bw': 0}, (0, 6): {'bw': 0}}, 'path_level': {(0, 2): {'latency': 0}, (0, 4): {'latency': 0}, (0, 5): {'latency': 0}, (0, 6): {'latency': 3.050812602709346}}}",[],0.0,0.0,True,False,False,0,[],0,0.0,9.0,4.0
18,5,4,586.0,938.0,428498.8469856271,734646.0730636371,0.6247334754797441,0.5832724936494819,10,21,0,214.69301297939768,41160,7470,33690,0.024804177545691863,0.014854669863734737,6,134.69301297939768,80.0,4,4,False,{},{},{},{},0.0,0.0,0.0,0.0,0.0,0.0,0.0,0.0,0.0,0.0,0.0,0.0,0.0,0.0,Leave Event,0.0,"{'node_level': {}, 'link_level': {}, 'path_level': {}}","{'node_level': {}, 'link_level': {}, 'path_level': {}}","{'node_level': {}, 'link_level': {}, 'path_level': {}}",[],0.0,0.0,True,True,False,0,[],0,0.0,,
19,5,4,586.0,938.0,428498.8469856271,734646.0730636371,0.6247334754797441,0.5832724936494819,10,22,1,221.0,41160,7470,33690,0.024804177545691863,0.014854669863734737,18,37.514414820340164,221.0,7,9,False,"{4: 25, 0: 18, 6: 41, 2: 17, 5: 94, 3: 72, 1: 21}","{(0, 1): []}","{(4, 25): {'cpu': 10}, (0, 18): {'cpu': 11}, (6, 41): {'cpu': 9}, (2, 17): {'cpu': 1}, (5, 94): {'cpu': 9}, (3, 72): {'cpu': 2}, (1, 21): {'cpu': 6}}",{},0.0,0.0,317.0,48.0,269.0,0.0,0.0,0.0,0.0,0.0,0.0,0.0,0.0,0.0,Route Failure,0.9534114546895585,"{'node_level': {}, 'link_level': {}, 'path_level': {}}","{'node_level': {4: {'cpu': -39}, 0: {'cpu': -13}, 6: {'cpu': -43}, 2: {'cpu': -24}, 5: {'cpu': -33}, 3: {'cpu': -75}, 1: {'cpu': -43}}, 'link_level': {(0, 1): {'bw': -9}}, 'path_level': {(0, 1): {'latency': 0.9534114546895585}}}","{'node_level': {4: {'cpu': 0}, 0: {'cpu': 0}, 6: {'cpu': 0}, 2: {'cpu': 0}, 5: {'cpu': 0}, 3: {'cpu': 0}, 1: {'cpu': 0}}, 'link_level': {(0, 1): {'bw': 0}}, 'path_level': {(0, 1): {'latency': 0.9534114546895585}}}",[],0.0,0.0,True,False,False,0,[],0,0.0,7.0,1.0
20,5,4,586.0,938.0,428498.8469856271,734646.0730636371,0.6247334754797441,0.5832724936494819,10,23,1,238.0,41160,7470,33690,0.024804177545691863,0.014854669863734737,19,107.36395941283955,238.0,7,12,False,"{3: 25, 5: 18, 6: 41, 0: 17, 1: 94, 4: 72, 2: 21}","{(0, 3): [(17, 36), (36, 25)], (0, 4): []}","{(3, 25): {'cpu': 8}, (5, 18): {'cpu': 7}, (6, 41): {'cpu': 9}, (0, 17): {'cpu': 6}, (1, 94): {'cpu': 17}, (4, 72): {'cpu': 20}, (2, 21): {'cpu': 19}}","{((0, 3), (17, 36)): {'bw': 39}, ((0, 3), (36, 25)): {'bw': 39}}",0.0,0.0,367.0,86.0,281.0,0.0,0.0,0.0,0.0,0.0,0.0,0.0,0.0,0.0,Route Failure,1.2102165873359407,"{'node_level': {}, 'link_level': {}, 'path_level': {}}","{'node_level': {3: {'cpu': -41}, 5: {'cpu': -17}, 6: {'cpu': -43}, 0: {'cpu': -19}, 1: {'cpu': -25}, 4: {'cpu': -57}, 2: {'cpu': -30}}, 'link_level': {(0, 3): {'bw': -18}, (0, 4): {'bw': -41}}, 'path_level': {(0, 3): {'latency': -6.815292296124636}, (0, 4): {'latency': 1.2102165873359407}}}","{'node_level': {3: {'cpu': 0}, 5: {'cpu': 0}, 6: {'cpu': 0}, 0: {'cpu': 0}, 1: {'cpu': 0}, 4: {'cpu': 0}, 2: {'cpu': 0}}, 'link_level': {(0, 3): {'bw': 0}, (0, 4): {'bw': 0}}, 'path_level': {(0, 3): {'latency': 0}, (0, 4): {'latency': 1.2102165873359407}}}",[],0.0,0.0,True,False,False,0,[],0,0.0,7.0,2.0
21,5,4,586.0,938.0,428498.8469856271,734646.0730636371,0.6247334754797441,0.5832724936494819,10,24,1,249.0,41160,7470,33690,0.024804177545691863,0.014854669863734737,20,1.4654455115253726,249.0,8,16,False,"{0: 25, 6: 18, 1: 41, 3: 17, 4: 94, 2: 72, 7: 21, 5: 28}","{(0, 2): [(25, 78), (78, 72)], (0, 3): [(25, 36), (36, 17)], (0, 4): []}","{(0, 25): {'cpu': 2}, (6, 18): {'cpu': 19}, (1, 41): {'cpu': 8}, (3, 17): {'cpu': 17}, (4, 94): {'cpu': 9}, (2, 72): {'cpu': 12}, (7, 21): {'cpu': 11}, (5, 28): {'cpu': 11}}","{((0, 2), (25, 78)): {'bw': 9}, ((0, 2), (78, 72)): {'bw': 9}, ((0, 3), (25, 36)): {'bw': 46}, ((0, 3), (36, 17)): {'bw': 46}}",0.0,0.0,470.0,89.0,381.0,0.0,0.0,0.0,0.0,0.0,0.0,0.0,0.0,0.0,Route Failure,2.7449585510384145,"{'node_level': {}, 'link_level': {}, 'path_level': {}}","{'node_level': {0: {'cpu': -47}, 6: {'cpu': -5}, 1: {'cpu': -44}, 3: {'cpu': -8}, 4: {'cpu': -33}, 2: {'cpu': -65}, 7: {'cpu': -38}, 5: {'cpu': -88}}, 'link_level': {(0, 2): {'bw': -68}, (0, 3): {'bw': -11}, (0, 4): {'bw': -50}}, 'path_level': {(0, 2): {'latency': -1.4800120654153819}, (0, 3): {'latency': -7.3270410816205525}, (0, 4): {'latency': 2.7449585510384145}}}","{'node_level': {0: {'cpu': 0}, 6: {'cpu': 0}, 1: {'cpu': 0}, 3: {'cpu': 0}, 4: {'cpu': 0}, 2: {'cpu': 0}, 7: {'cpu': 0}, 5: {'cpu': 0}}, 'link_level': {(0, 2): {'bw': 0}, (0, 3): {'bw': 0}, (0, 4): {'bw': 0}}, 'path_level': {(0, 2): {'latency': 0}, (0, 3): {'latency': 0}, (0, 4): {'latency': 2.7449585510384145}}}",[],0.0,0.0,True,False,False,0,[],0,0.0,8.0,3.0
21,5,4,586.0,938.0,428498.8469856271,734646.0730636371,0.6247334754797441,0.5832724936494819,10,25,0,250.46544551152536,41160,7470,33690,0.024804177545691863,0.014854669863734737,20,1.4654455115253726,249.0,8,16,False,{},{},{},{},0.0,0.0,0.0,0.0,0.0,0.0,0.0,0.0,0.0,0.0,0.0,0.0,0.0,0.0,Leave Event,0.0,"{'node_level': {}, 'link_level': {}, 'path_level': {}}","{'node_level': {}, 'link_level': {}, 'path_level': {}}","{'node_level': {}, 'link_level': {}, 'path_level': {}}",[],0.0,0.0,True,True,False,0,[],0,0.0,,
22,5,4,586.0,938.0,428498.8469856271,734646.0730636371,0.6247334754797441,0.5832724936494819,10,26,1,258.0,41160,7470,33690,0.024804177545691863,0.014854669863734737,21,1046.9441220081633,258.0,8,16,False,"{6: 25, 2: 18, 1: 41, 0: 17, 4: 94, 7: 72, 5: 21, 3: 28}","{(0, 1): [(17, 4), (4, 18), (18, 41)], (0, 2): [(17, 20), (20, 18)], (0, 4): [(17, 94)], (0, 5): [(17, 21)], (0, 6): [(17, 36), (36, 25)], (0, 7): [(17, 0), (0, 72)], (1, 2): [(41, 18)], (1, 3): []}","{(6, 25): {'cpu': 12}, (2, 18): {'cpu': 7}, (1, 41): {'cpu': 1}, (0, 17): {'cpu': 6}, (4, 94): {'cpu': 2}, (7, 72): {'cpu': 18}, (5, 21): {'cpu': 12}, (3, 28): {'cpu': 6}}","{((0, 1), (17, 4)): {'bw': 47}, ((0, 1), (4, 18)): {'bw': 47}, ((0, 1), (18, 41)): {'bw': 47}, ((0, 2), (17, 20)): {'bw': 45}, ((0, 2), (20, 18)): {'bw': 45}, ((0, 4), (17, 94)): {'bw': 13}, ((0, 5), (17, 21)): {'bw': 12}, ((0, 6), (17, 36)): {'bw': 20}, ((0, 6), (36, 25)): {'bw': 20}, ((0, 7), (17, 0)): {'bw': 19}, ((0, 7), (0, 72)): {'bw': 19}, ((1, 2), (41, 18)): {'bw': 33}}",0.0,0.0,581.0,64.0,517.0,0.0,0.0,0.0,0.0,0.0,0.0,0.0,0.0,0.0,Route Failure,8.640385724073054,"{'node_level': {}, 'link_level': {}, 'path_level': {}}","{'node_level': {6: {'cpu': -37}, 2: {'cpu': -17}, 1: {'cpu': -51}, 0: {'cpu': -19}, 4: {'cpu': -40}, 7: {'cpu': -59}, 5: {'cpu': -37}, 3: {'cpu': -93}}, 'link_level': {(0, 1): {'bw': -13}, (0, 2): {'bw': -5}, (0, 4): {'bw': -39}, (0, 5): {'bw': -56}, (0, 6): {'bw': -37}, (0, 7): {'bw': -42}, (1, 2): {'bw': -2}, (1, 3): {'bw': -25}}, 'path_level': {(0, 1): {'latency': -1.0468160443375227}, (0, 2): {'latency': -1.7134143933459773}, (0, 4): {'latency': -6.400360549279368}, (0, 5): {'latency': -4.891162027581289}, (0, 6): {'latency': -2.4239261753329524}, (0, 7): {'latency': -5.96695308510632}, (1, 2): {'latency': -11.620266128690158}, (1, 3): {'latency': 8.640385724073054}}}","{'node_level': {6: {'cpu': 0}, 2: {'cpu': 0}, 1: {'cpu': 0}, 0: {'cpu': 0}, 4: {'cpu': 0}, 7: {'cpu': 0}, 5: {'cpu': 0}, 3: {'cpu': 0}}, 'link_level': {(0, 1): {'bw': 0}, (0, 2): {'bw': 0}, (0, 4): {'bw': 0}, (0, 5): {'bw': 0}, (0, 6): {'bw': 0}, (0, 7): {'bw': 0}, (1, 2): {'bw': 0}, (1, 3): {'bw': 0}}, 'path_level': {(0, 1): {'latency': 0}, (0, 2): {'latency': 0}, (0, 4): {'latency': 0}, (0, 5): {'latency': 0}, (0, 6): {'latency': 0}, (0, 7): {'latency': 0}, (1, 2): {'latency': 0}, (1, 3): {'latency': 8.640385724073054}}}",[],0.0,0.0,True,False,False,0,[],0,0.0,8.0,8.0
22,5,4,586.0,938.0,428498.8469856271,734646.0730636371,0.6247334754797441,0.5832724936494819,10,27,0,258.51441482034016,41160,7470,33690,0.024804177545691863,0.014854669863734737,18,37.514414820340164,221.0,7,9,False,{},{},{},{},0.0,0.0,0.0,0.0,0.0,0.0,0.0,0.0,0.0,0.0,0.0,0.0,0.0,0.0,Leave Event,0.0,"{'node_level': {}, 'link_level': {}, 'path_level': {}}","{'node_level': {}, 'link_level': {}, 'path_level': {}}","{'node_level': {}, 'link_level': {}, 'path_level': {}}",[],0.0,0.0,True,True,False,0,[],0,0.0,,
23,5,4,586.0,938.0,428498.8469856271,734646.0730636371,0.6247334754797441,0.5832724936494819,10,28,1,269.0,41160,7470,33690,0.024804177545691863,0.014854669863734737,22,1383.3789554898487,269.0,10,22,False,"{7: 25, 4: 18, 1: 41, 6: 17, 9: 94, 0: 72, 8: 21, 3: 28, 2: 49, 5: 4}","{(0, 1): [(72, 47), (47, 41)], (0, 4): [(72, 5), (5, 71), (71, 18)], (0, 7): []}","{(7, 25): {'cpu': 15}, (4, 18): {'cpu': 10}, (1, 41): {'cpu': 14}, (6, 17): {'cpu': 15}, (9, 94): {'cpu': 12}, (0, 72): {'cpu': 20}, (8, 21): {'cpu': 9}, (3, 28): {'cpu': 11}, (2, 49): {'cpu': 1}, (5, 4): {'cpu': 10}}","{((0, 1), (72, 47)): {'bw': 11}, ((0, 1), (47, 41)): {'bw': 11}, ((0, 4), (72, 5)): {'bw': 47}, ((0, 4), (5, 71)): {'bw': 47}, ((0, 4), (71, 18)): {'bw': 47}}",0.0,0.0,647.0,117.0,530.0,0.0,0.0,0.0,0.0,0.0,0.0,0.0,0.0,0.0,Route Failure,30.0,"{'node_level': {}, 'link_level': {}, 'path_level': {}}","{'node_level': {7: {'cpu': -34}, 4: {'cpu': -14}, 1: {'cpu': -38}, 6: {'cpu': -10}, 9: {'cpu': -30}, 0: {'cpu': -57}, 8: {'cpu': -40}, 3: {'cpu': -88}, 2: {'cpu': -58}, 5: {'cpu': -63}}, 'link_level': {(0, 1): {'bw': -64}, (0, 4): {'bw': -19}, (0, 7): {'bw': 30}}, 'path_level': {(0, 1): {'latency': -8.979401854207808}, (0, 4): {'latency': -4.495873714727942}, (0, 7): {'latency': 2.2830212877653473}}}","{'node_level': {7: {'cpu': 0}, 4: {'cpu': 0}, 1: {'cpu': 0}, 6: {'cpu': 0}, 9: {'cpu': 0}, 0: {'cpu': 0}, 8: {'cpu': 0}, 3: {'cpu': 0}, 2: {'cpu': 0}, 5: {'cpu': 0}}, 'link_level': {(0, 1): {'bw': 0}, (0, 4): {'bw': 0}, (0, 7): {'bw': 30}}, 'path_level': {(0, 1): {'latency': 0}, (0, 4): {'latency': 0}, (0, 7): {'latency': 2.2830212877653473}}}",[],0.0,0.0,True,False,False,0,[],0,0.0,10.0,3.0
23,5,3,586.0,938.0,428498.8469856271,734646.0730636371,0.6247334754797441,0.5832724936494819,10,29,0,271.62731758612443,41209,7507,33702,0.019973890339425537,0.014503772150418204,16,73.62731758612445,198.0,2,1,False,{},{},{},{},0.0,0.0,0.0,0.0,0.0,0.0,0.0,0.0,0.0,0.0,0.0,0.0,0.0,0.0,Leave Event,0.0,"{'node_level': {}, 'link_level': {}, 'path_level': {}}","{'node_level': {}, 'link_level': {}, 'path_level': {}}","{'node_level': {}, 'link_level': {}, 'path_level': {}}",[],0.0,0.0,True,True,False,0,[],0,0.0,,
23,5,3,586.0,938.0,428498.8469856271,734646.0730636371,0.6247334754797441,0.5832724936494819,10,30,0,273.679200876716,41209,7507,33702,0.019973890339425537,0.014503772150418204,17,59.679200876715996,214.0,9,20,False,{},{},{},{},0.0,0.0,0.0,0.0,0.0,0.0,0.0,0.0,0.0,0.0,0.0,0.0,0.0,0.0,Leave Event,0.0,"{'node_level': {}, 'link_level': {}, 'path_level': {}}","{'node_level': {}, 'link_level': {}, 'path_level': {}}","{'node_level': {}, 'link_level': {}, 'path_level': {}}",[],0.0,0.0,True,True,False,0,[],0,0.0,,
24,5,3,586.0,938.0,428498.8469856271,734646.0730636371,0.6247334754797441,0.5832724936494819,10,31,1,286.0,41209,7507,33702,0.019973890339425537,0.014503772150418204,23,349.2287029526604,286.0,4,4,False,"{0: 25, 2: 18, 3: 41, 1: 17}","{(0, 2): []}","{(0, 25): {'cpu': 14}, (2, 18): {'cpu': 16}, (3, 41): {'cpu': 2}, (1, 17): {'cpu': 6}}",{},0.0,0.0,126.0,38.0,88.0,0.0,0.0,0.0,0.0,0.0,0.0,0.0,0.0,0.0,Route Failure,4.26016668885483,"{'node_level': {}, 'link_level': {}, 'path_level': {}}","{'node_level': {0: {'cpu': -35}, 2: {'cpu': -8}, 3: {'cpu': -50}, 1: {'cpu': -19}}, 'link_level': {(0, 2): {'bw': -11}}, 'path_level': {(0, 2): {'latency': 4.26016668885483}}}","{'node_level': {0: {'cpu': 0}, 2: {'cpu': 0}, 3: {'cpu': 0}, 1: {'cpu': 0}}, 'link_level': {(0, 2): {'bw': 0}}, 'path_level': {(0, 2): {'latency': 4.26016668885483}}}",[],0.0,0.0,True,False,False,0,[],0,0.0,4.0,1.0
25,5,3,586.0,938.0,428498.8469856271,734646.0730636371,0.6247334754797441,0.5832724936494819,10,32,1,294.0,41209,7507,33702,0.019973890339425537,0.014503772150418204,24,688.1617488701635,294.0,7,12,False,"{2: 25, 0: 18, 1: 41, 5: 17, 3: 90, 6: 33, 4: 94}","{(0, 1): [(18, 41)], (0, 2): [(18, 96), (96, 25)], (0, 3): [(18, 70), (70, 90)], (0, 5): [(18, 4), (4, 17)], (1, 2): [(41, 78), (78, 25)], (1, 4): [(41, 47), (47, 2), (2, 94)], (2, 3): []}","{(2, 25): {'cpu': 6}, (0, 18): {'cpu': 9}, (1, 41): {'cpu': 7}, (5, 17): {'cpu': 15}, (3, 90): {'cpu': 15}, (6, 33): {'cpu': 1}, (4, 94): {'cpu': 1}}","{((0, 1), (18, 41)): {'bw': 44}, ((0, 2), (18, 96)): {'bw': 50}, ((0, 2), (96, 25)): {'bw': 50}, ((0, 3), (18, 70)): {'bw': 11}, ((0, 3), (70, 90)): {'bw': 11}, ((0, 5), (18, 4)): {'bw': 17}, ((0, 5), (4, 17)): {'bw': 17}, ((1, 2), (41, 78)): {'bw': 41}, ((1, 2), (78, 25)): {'bw': 41}, ((1, 4), (41, 47)): {'bw': 19}, ((1, 4), (47, 2)): {'bw': 19}, ((1, 4), (2, 94)): {'bw': 19}}",0.0,0.0,327.0,54.0,273.0,0.0,0.0,0.0,0.0,0.0,0.0,0.0,0.0,0.0,Route Failure,4.309243706872434,"{'node_level': {}, 'link_level': {}, 'path_level': {}}","{'node_level': {2: {'cpu': -43}, 0: {'cpu': -15}, 1: {'cpu': -45}, 5: {'cpu': -10}, 3: {'cpu': -85}, 6: {'cpu': -91}, 4: {'cpu': -41}}, 'link_level': {(0, 1): {'bw': -38}, (0, 2): {'bw': -19}, (0, 3): {'bw': -55}, (0, 5): {'bw': -43}, (1, 2): {'bw': -1}, (1, 4): {'bw': -46}, (2, 3): {'bw': -13}}, 'path_level': {(0, 1): {'latency': -10.845755302417647}, (0, 2): {'latency': -2.8142874770749824}, (0, 3): {'latency': -7.141737080640713}, (0, 5): {'latency': -7.8530817174005065}, (1, 2): {'latency': -0.14706567814618232}, (1, 4): {'latency': -1.5549249357220631}, (2, 3): {'latency': 4.309243706872434}}}","{'node_level': {2: {'cpu': 0}, 0: {'cpu': 0}, 1: {'cpu': 0}, 5: {'cpu': 0}, 3: {'cpu': 0}, 6: {'cpu': 0}, 4: {'cpu': 0}}, 'link_level': {(0, 1): {'bw': 0}, (0, 2): {'bw': 0}, (0, 3): {'bw': 0}, (0, 5): {'bw': 0}, (1, 2): {'bw': 0}, (1, 4): {'bw': 0}, (2, 3): {'bw': 0}}, 'path_level': {(0, 1): {'latency': 0}, (0, 2): {'latency': 0}, (0, 3): {'latency': 0}, (0, 5): {'latency': 0}, (1, 2): {'latency': 0}, (1, 4): {'latency': 0}, (2, 3): {'latency': 4.309243706872434}}}",[],0.0,0.0,True,False,False,0,[],0,0.0,7.0,7.0
26,5,3,586.0,938.0,428498.8469856271,734646.0730636371,0.6247334754797441,0.5832724936494819,10,33,1,308.0,41209,7507,33702,0.019973890339425537,0.014503772150418204,25,334.8824333146168,308.0,10,26,False,"{9: 25, 5: 18, 1: 41, 8: 17, 6: 90, 3: 33, 4: 94, 2: 72, 7: 21, 0: 28}","{(0, 5): [(28, 73), (73, 18)], (1, 2): [(41, 47), (47, 72)], (1, 3): [(41, 47), (47, 0), (0, 33)], (1, 4): []}","{(9, 25): {'cpu': 19}, (5, 18): {'cpu': 17}, (1, 41): {'cpu': 1}, (8, 17): {'cpu': 11}, (6, 90): {'cpu': 10}, (3, 33): {'cpu': 6}, (4, 94): {'cpu': 10}, (2, 72): {'cpu': 4}, (7, 21): {'cpu': 7}, (0, 28): {'cpu': 12}}","{((0, 5), (28, 73)): {'bw': 11}, ((0, 5), (73, 18)): {'bw': 11}, ((1, 2), (41, 47)): {'bw': 15}, ((1, 2), (47, 72)): {'bw': 15}, ((1, 3), (41, 47)): {'bw': 10}, ((1, 3), (47, 0)): {'bw': 10}, ((1, 3), (0, 33)): {'bw': 10}}",0.0,0.0,658.0,97.0,561.0,0.0,0.0,0.0,0.0,0.0,0.0,0.0,0.0,0.0,Route Failure,3.401266891707106,"{'node_level': {}, 'link_level': {}, 'path_level': {}}","{'node_level': {9: {'cpu': -30}, 5: {'cpu': -7}, 1: {'cpu': -51}, 8: {'cpu': -14}, 6: {'cpu': -90}, 3: {'cpu': -86}, 4: {'cpu': -32}, 2: {'cpu': -73}, 7: {'cpu': -42}, 0: {'cpu': -87}}, 'link_level': {(0, 5): {'bw': -56}, (1, 2): {'bw': -60}, (1, 3): {'bw': -53}, (1, 4): {'bw': -1}}, 'path_level': {(0, 5): {'latency': -3.0110039090298537}, (1, 2): {'latency': -9.316648622792723}, (1, 3): {'latency': -1.8424753125277409}, (1, 4): {'latency': 3.401266891707106}}}","{'node_level': {9: {'cpu': 0}, 5: {'cpu': 0}, 1: {'cpu': 0}, 8: {'cpu': 0}, 6: {'cpu': 0}, 3: {'cpu': 0}, 4: {'cpu': 0}, 2: {'cpu': 0}, 7: {'cpu': 0}, 0: {'cpu': 0}}, 'link_level': {(0, 5): {'bw': 0}, (1, 2): {'bw': 0}, (1, 3): {'bw': 0}, (1, 4): {'bw': 0}}, 'path_level': {(0, 5): {'latency': 0}, (1, 2): {'latency': 0}, (1, 3): {'latency': 0}, (1, 4): {'latency': 3.401266891707106}}}",[],0.0,0.0,True,False,False,0,[],0,0.0,10.0,4.0
27,5,3,586.0,938.0,428498.8469856271,734646.0730636371,0.6247334754797441,0.5832724936494819,10,34,1,320.0,41209,7507,33702,0.019973890339425537,0.014503772150418204,26,1.9642988368691492,320.0,3,2,False,"{0: 25, 1: 18, 2: 41}","{(0, 1): []}","{(0, 25): {'cpu': 9}, (1, 18): {'cpu': 2}, (2, 41): {'cpu': 6}}",{},0.0,0.0,66.0,17.0,49.0,0.0,0.0,0.0,0.0,0.0,0.0,0.0,0.0,0.0,Route Failure,4.540591921417494,"{'node_level': {}, 'link_level': {}, 'path_level': {}}","{'node_level': {0: {'cpu': -40}, 1: {'cpu': -22}, 2: {'cpu': -46}}, 'link_level': {(0, 1): {'bw': -15}}, 'path_level': {(0, 1): {'latency': 4.540591921417494}}}","{'node_level': {0: {'cpu': 0}, 1: {'cpu': 0}, 2: {'cpu': 0}}, 'link_level': {(0, 1): {'bw': 0}}, 'path_level': {(0, 1): {'latency': 4.540591921417494}}}",[],0.0,0.0,True,False,False,0,[],0,0.0,3.0,1.0
27,5,3,586.0,938.0,428498.8469856271,734646.0730636371,0.6247334754797441,0.5832724936494819,10,35,0,321.96429883686915,41209,7507,33702,0.019973890339425537,0.014503772150418204,26,1.9642988368691492,320.0,3,2,False,{},{},{},{},0.0,0.0,0.0,0.0,0.0,0.0,0.0,0.0,0.0,0.0,0.0,0.0,0.0,0.0,Leave Event,0.0,"{'node_level': {}, 'link_level': {}, 'path_level': {}}","{'node_level': {}, 'link_level': {}, 'path_level': {}}","{'node_level': {}, 'link_level': {}, 'path_level': {}}",[],0.0,0.0,True,True,False,0,[],0,0.0,,
28,6,4,669.0,1075.0,454249.97480570705,777150.9466943715,0.6223255813953489,0.5845067508929497,10,36,1,334.0,41072,7478,33594,0.023759791122715423,0.01766185157026723,27,310.25455204915596,334.0,4,3,True,"{1: 25, 3: 18, 0: 41, 2: 17}","{(0, 1): [(41, 78), (78, 25)], (1, 3): [(25, 73), (73, 18)], (2, 3): [(17, 4), (4, 18)]}","{(1, 25): {'cpu': 2}, (3, 18): {'cpu': 1}, (0, 41): {'cpu': 20}, (2, 17): {'cpu': 6}}","{((0, 1), (41, 78)): {'bw': 5}, ((0, 1), (78, 25)): {'bw': 5}, ((1, 3), (25, 73)): {'bw': 40}, ((1, 3), (73, 18)): {'bw': 40}, ((2, 3), (17, 4)): {'bw': 9}, ((2, 3), (4, 18)): {'bw': 9}}",137.0,83.0,83.0,29.0,54.0,29.0,54.0,29.0,108.0,54.0,0.6058394160583942,42504.873630734364,25751.127820079946,187.9644366429193,Success,0.0,"{'node_level': {}, 'link_level': {}, 'path_level': {}}","{'node_level': {1: {'cpu': -47}, 3: {'cpu': -23}, 0: {'cpu': -32}, 2: {'cpu': -19}}, 'link_level': {(0, 1): {'bw': -37}, (1, 3): {'bw': -3}, (2, 3): {'bw': -51}}, 'path_level': {(0, 1): {'latency': -6.817615974253641}, (1, 3): {'latency': -0.8861623882085192}, (2, 3): {'latency': -3.029426453375522}}}","{'node_level': {1: {'cpu': 0}, 3: {'cpu': 0}, 0: {'cpu': 0}, 2: {'cpu': 0}}, 'link_level': {(0, 1): {'bw': 0}, (1, 3): {'bw': 0}, (2, 3): {'bw': 0}}, 'path_level': {(0, 1): {'latency': 0}, (1, 3): {'latency': 0}, (2, 3): {'latency': 0}}}",[],0.0,0.0,True,True,False,0,[],0,0.0,4.0,3.0
28,6,3,669.0,1075.0,454249.97480570705,777150.9466943715,0.6223255813953489,0.5845067508929497,10,37,0,337.2841253747539,41277,7521,33756,0.018146214099216684,0.012924732440493636,12,193.2841253747539,144.0,4,3,False,{},{},{},{},0.0,0.0,0.0,0.0,0.0,0.0,0.0,0.0,0.0,0.0,0.0,0.0,0.0,0.0,Leave Event,0.0,"{'node_level': {}, 'link_level': {}, 'path_level': {}}","{'node_level': {}, 'link_level': {}, 'path_level': {}}","{'node_level': {}, 'link_level': {}, 'path_level': {}}",[],0.0,0.0,True,True,False,0,[],0,0.0,,
29,6,3,669.0,1075.0,454249.97480570705,777150.9466943715,0.6223255813953489,0.5845067508929497,10,38,1,344.0,41277,7521,33756,0.018146214099216684,0.012924732440493636,28,78.59734518214205,344.0,9,16,False,"{1: 17, 3: 25, 8: 86, 2: 34, 7: 90, 5: 33, 6: 94, 0: 72, 4: 28}","{(0, 2): [(72, 15), (15, 34)], (0, 3): [(72, 78), (78, 25)], (0, 6): [(72, 94)], (0, 8): [(72, 0), (0, 86)], (1, 3): [(17, 36), (36, 25)], (1, 4): [(17, 21), (21, 28)], (1, 5): [(17, 0), (0, 33)], (1, 6): []}","{(1, 17): {'cpu': 10}, (3, 25): {'cpu': 19}, (8, 86): {'cpu': 8}, (2, 34): {'cpu': 13}, (7, 90): {'cpu': 8}, (5, 33): {'cpu': 9}, (6, 94): {'cpu': 9}, (0, 72): {'cpu': 4}, (4, 28): {'cpu': 5}}","{((0, 2), (72, 15)): {'bw': 16}, ((0, 2), (15, 34)): {'bw': 16}, ((0, 3), (72, 78)): {'bw': 16}, ((0, 3), (78, 25)): {'bw': 16}, ((0, 6), (72, 94)): {'bw': 21}, ((0, 8), (72, 0)): {'bw': 7}, ((0, 8), (0, 86)): {'bw': 7}, ((1, 3), (17, 36)): {'bw': 7}, ((1, 3), (36, 25)): {'bw': 7}, ((1, 4), (17, 21)): {'bw': 12}, ((1, 4), (21, 28)): {'bw': 12}, ((1, 5), (17, 0)): {'bw': 43}, ((1, 5), (0, 33)): {'bw': 43}}",0.0,0.0,469.0,85.0,384.0,0.0,0.0,0.0,0.0,0.0,0.0,0.0,0.0,0.0,Route Failure,9.288535882545881,"{'node_level': {}, 'link_level': {}, 'path_level': {}}","{'node_level': {1: {'cpu': -19}, 3: {'cpu': -46}, 8: {'cpu': -59}, 2: {'cpu': -82}, 7: {'cpu': -92}, 5: {'cpu': -83}, 6: {'cpu': -33}, 0: {'cpu': -73}, 4: {'cpu': -94}}, 'link_level': {(0, 2): {'bw': -50}, (0, 3): {'bw': -56}, (0, 6): {'bw': -64}, (0, 8): {'bw': -59}, (1, 3): {'bw': -50}, (1, 4): {'bw': -56}, (1, 5): {'bw': -18}, (1, 6): {'bw': -28}}, 'path_level': {(0, 2): {'latency': -3.615493319263037}, (0, 3): {'latency': -3.923423899765085}, (0, 6): {'latency': -8.605271195920844}, (0, 8): {'latency': -8.646053769342494}, (1, 3): {'latency': -7.357375061228493}, (1, 4): {'latency': -7.274733879953757}, (1, 5): {'latency': -6.917185293443126}, (1, 6): {'latency': 9.288535882545881}}}","{'node_level': {1: {'cpu': 0}, 3: {'cpu': 0}, 8: {'cpu': 0}, 2: {'cpu': 0}, 7: {'cpu': 0}, 5: {'cpu': 0}, 6: {'cpu': 0}, 0: {'cpu': 0}, 4: {'cpu': 0}}, 'link_level': {(0, 2): {'bw': 0}, (0, 3): {'bw': 0}, (0, 6): {'bw': 0}, (0, 8): {'bw': 0}, (1, 3): {'bw': 0}, (1, 4): {'bw': 0}, (1, 5): {'bw': 0}, (1, 6): {'bw': 0}}, 'path_level': {(0, 2): {'latency': 0}, (0, 3): {'latency': 0}, (0, 6): {'latency': 0}, (0, 8): {'latency': 0}, (1, 3): {'latency': 0}, (1, 4): {'latency': 0}, (1, 5): {'latency': 0}, (1, 6): {'latency': 9.288535882545881}}}",[],0.0,0.0,True,False,False,0,[],0,0.0,9.0,8.0
29,6,3,669.0,1075.0,454249.97480570705,777150.9466943715,0.6223255813953489,0.5845067508929497,10,39,0,345.36395941283956,41277,7521,33756,0.018146214099216684,0.012924732440493636,19,107.36395941283955,238.0,7,12,False,{},{},{},{},0.0,0.0,0.0,0.0,0.0,0.0,0.0,0.0,0.0,0.0,0.0,0.0,0.0,0.0,Leave Event,0.0,"{'node_level': {}, 'link_level': {}, 'path_level': {}}","{'node_level': {}, 'link_level': {}, 'path_level': {}}","{'node_level': {}, 'link_level': {}, 'path_level': {}}",[],0.0,0.0,True,True,False,0,[],0,0.0,,
30,6,3,669.0,1075.0,454249.97480570705,777150.9466943715,0.6223255813953489,0.5845067508929497,10,40,1,355.0,41277,7521,33756,0.018146214099216684,0.012924732440493636,29,184.65909825812642,355.0,2,1,False,"{0: 17, 1: 25}","{(0, 1): []}","{(0, 17): {'cpu': 10}, (1, 25): {'cpu': 8}}",{},0.0,0.0,53.0,18.0,35.0,0.0,0.0,0.0,0.0,0.0,0.0,0.0,0.0,0.0,Route Failure,4.699822140348013,"{'node_level': {}, 'link_level': {}, 'path_level': {}}","{'node_level': {0: {'cpu': -19}, 1: {'cpu': -57}}, 'link_level': {(0, 1): {'bw': -23}}, 'path_level': {(0, 1): {'latency': 4.699822140348013}}}","{'node_level': {0: {'cpu': 0}, 1: {'cpu': 0}}, 'link_level': {(0, 1): {'bw': 0}}, 'path_level': {(0, 1): {'latency': 4.699822140348013}}}",[],0.0,0.0,True,False,False,0,[],0,0.0,2.0,1.0
31,6,3,669.0,1075.0,454249.97480570705,777150.9466943715,0.6223255813953489,0.5845067508929497,10,41,1,366.0,41277,7521,33756,0.018146214099216684,0.012924732440493636,30,699.6129781201174,366.0,10,25,False,"{5: 17, 8: 25, 3: 86, 2: 34, 7: 90, 1: 33, 0: 94, 4: 72, 9: 28, 6: 41}","{(0, 1): [(94, 5), (5, 0), (0, 33)], (0, 4): [(94, 72)], (0, 5): []}","{(5, 17): {'cpu': 17}, (8, 25): {'cpu': 1}, (3, 86): {'cpu': 9}, (2, 34): {'cpu': 8}, (7, 90): {'cpu': 12}, (1, 33): {'cpu': 9}, (0, 94): {'cpu': 19}, (4, 72): {'cpu': 8}, (9, 28): {'cpu': 17}, (6, 41): {'cpu': 4}}","{((0, 1), (94, 5)): {'bw': 26}, ((0, 1), (5, 0)): {'bw': 26}, ((0, 1), (0, 33)): {'bw': 26}, ((0, 4), (94, 72)): {'bw': 29}}",0.0,0.0,629.0,104.0,525.0,0.0,0.0,0.0,0.0,0.0,0.0,0.0,0.0,0.0,Route Failure,6.860304993357037,"{'node_level': {}, 'link_level': {}, 'path_level': {}}","{'node_level': {5: {'cpu': -12}, 8: {'cpu': -64}, 3: {'cpu': -58}, 2: {'cpu': -87}, 7: {'cpu': -88}, 1: {'cpu': -83}, 0: {'cpu': -23}, 4: {'cpu': -69}, 9: {'cpu': -82}, 6: {'cpu': -28}}, 'link_level': {(0, 1): {'bw': -28}, (0, 4): {'bw': -56}, (0, 5): {'bw': -57}}, 'path_level': {(0, 1): {'latency': -3.3626310317681334}, (0, 4): {'latency': -13.10964367966635}, (0, 5): {'latency': 6.860304993357037}}}","{'node_level': {5: {'cpu': 0}, 8: {'cpu': 0}, 3: {'cpu': 0}, 2: {'cpu': 0}, 7: {'cpu': 0}, 1: {'cpu': 0}, 0: {'cpu': 0}, 4: {'cpu': 0}, 9: {'cpu': 0}, 6: {'cpu': 0}}, 'link_level': {(0, 1): {'bw': 0}, (0, 4): {'bw': 0}, (0, 5): {'bw': 0}}, 'path_level': {(0, 1): {'latency': 0}, (0, 4): {'latency': 0}, (0, 5): {'latency': 6.860304993357037}}}",[],0.0,0.0,True,False,False,0,[],0,0.0,10.0,3.0
32,7,4,861.0,1329.0,589414.6197250931,955962.5082023094,0.6478555304740407,0.6165666693702133,10,42,1,377.0,41023,7483,33540,0.02310704960835508,0.019240891280191796,31,703.9825256218024,377.0,5,5,True,"{1: 17, 0: 25, 4: 86, 3: 34, 2: 90}","{(0, 1): [(25, 36), (36, 17)], (0, 4): [(25, 86)], (1, 2): [(17, 5), (5, 90)], (1, 3): [(17, 34)], (1, 4): [(17, 86)]}","{(1, 17): {'cpu': 18}, (0, 25): {'cpu': 1}, (4, 86): {'cpu': 13}, (3, 34): {'cpu': 2}, (2, 90): {'cpu': 4}}","{((0, 1), (25, 36)): {'bw': 33}, ((0, 1), (36, 17)): {'bw': 33}, ((0, 4), (25, 86)): {'bw': 45}, ((1, 2), (17, 5)): {'bw': 29}, ((1, 2), (5, 90)): {'bw': 29}, ((1, 3), (17, 34)): {'bw': 33}, ((1, 4), (17, 86)): {'bw': 14}}",254.0,192.0,192.0,38.0,154.0,38.0,154.0,38.0,216.0,62.0,0.7559055118110236,178811.56150793782,135164.64491938608,532.1442713361656,Success,0.0,"{'node_level': {}, 'link_level': {}, 'path_level': {}}","{'node_level': {1: {'cpu': -11}, 0: {'cpu': -64}, 4: {'cpu': -54}, 3: {'cpu': -93}, 2: {'cpu': -96}}, 'link_level': {(0, 1): {'bw': -24}, (0, 4): {'bw': -37}, (1, 2): {'bw': -24}, (1, 3): {'bw': -44}, (1, 4): {'bw': -60}}, 'path_level': {(0, 1): {'latency': -4.746006998731995}, (0, 4): {'latency': -6.890674701404345}, (1, 2): {'latency': -2.7818403026844667}, (1, 3): {'latency': -0.20871298688671658}, (1, 4): {'latency': -5.768596075829825}}}","{'node_level': {1: {'cpu': 0}, 0: {'cpu': 0}, 4: {'cpu': 0}, 3: {'cpu': 0}, 2: {'cpu': 0}}, 'link_level': {(0, 1): {'bw': 0}, (0, 4): {'bw': 0}, (1, 2): {'bw': 0}, (1, 3): {'bw': 0}, (1, 4): {'bw': 0}}, 'path_level': {(0, 1): {'latency': 0}, (0, 4): {'latency': 0}, (1, 2): {'latency': 0}, (1, 3): {'latency': 0}, (1, 4): {'latency': 0}}}",[],0.0,0.0,True,True,False,0,[],0,0.0,5.0,5.0
33,8,5,968.0,1540.0,722902.4795075279,1219195.577492905,0.6285714285714286,0.5929339745425173,11,43,1,392.0,40812,7448,33364,0.027676240208877267,0.024387391075501474,32,1247.5500914246238,392.0,3,2,True,"{1: 33, 0: 72, 2: 94}","{(0, 1): [(72, 0), (0, 33)], (1, 2): [(33, 0), (0, 5), (5, 94)]}","{(1, 33): {'cpu': 7}, (0, 72): {'cpu': 14}, (2, 94): {'cpu': 14}}","{((0, 1), (72, 0)): {'bw': 40}, ((0, 1), (0, 33)): {'bw': 40}, ((1, 2), (33, 0)): {'bw': 32}, ((1, 2), (0, 5)): {'bw': 32}, ((1, 2), (5, 94)): {'bw': 32}}",211.0,107.0,107.0,35.0,72.0,35.0,72.0,35.0,176.0,104.0,0.5071090047393365,263233.06929059565,133487.85978243474,632.6438852248093,Success,0.0,"{'node_level': {}, 'link_level': {}, 'path_level': {}}","{'node_level': {1: {'cpu': -85}, 0: {'cpu': -63}, 2: {'cpu': -28}}, 'link_level': {(0, 1): {'bw': -26}, (1, 2): {'bw': -13}}, 'path_level': {(0, 1): {'latency': -3.4344019146028355}, (1, 2): {'latency': -4.5874550986484195}}}","{'node_level': {1: {'cpu': 0}, 0: {'cpu': 0}, 2: {'cpu': 0}}, 'link_level': {(0, 1): {'bw': 0}, (1, 2): {'bw': 0}}, 'path_level': {(0, 1): {'latency': 0}, (1, 2): {'latency': 0}}}",[],0.0,0.0,True,True,False,0,[],0,0.0,3.0,2.0
34,9,6,1034.0,1688.0,811464.0756636545,1417788.247661189,0.6125592417061612,0.5723450430642667,12,44,1,408.0,40664,7423,33241,0.030939947780678878,0.027984092636996305,33,1341.8423660019178,408.0,2,1,True,"{0: 28, 1: 41}","{(0, 1): [(28, 21), (21, 91), (91, 41)]}","{(0, 28): {'cpu': 16}, (1, 41): {'cpu': 9}}","{((0, 1), (28, 21)): {'bw': 41}, ((0, 1), (21, 91)): {'bw': 41}, ((0, 1), (91, 41)): {'bw': 41}}",148.0,66.0,66.0,25.0,41.0,25.0,41.0,25.0,123.0,82.0,0.44594594594594594,198592.67016828383,88561.59615612657,598.3891632170714,Success,0.0,"{'node_level': {}, 'link_level': {}, 'path_level': {}}","{'node_level': {0: {'cpu': -83}, 1: {'cpu': -23}}, 'link_level': {(0, 1): {'bw': -20}}, 'path_level': {(0, 1): {'latency': -5.421762172484135}}}","{'node_level': {0: {'cpu': 0}, 1: {'cpu': 0}}, 'link_level': {(0, 1): {'bw': 0}}, 'path_level': {(0, 1): {'latency': 0}}}",[],0.0,0.0,True,True,False,0,[],0,0.0,2.0,1.0
35,9,6,1034.0,1688.0,811464.0756636545,1417788.247661189,0.6125592417061612,0.5723450430642667,12,45,1,416.0,40664,7423,33241,0.030939947780678878,0.027984092636996305,34,47.233218378753975,416.0,5,6,False,"{0: 49, 3: 18, 1: 99, 4: 34, 2: 83}","{(0, 1): []}","{(0, 49): {'cpu': 6}, (3, 18): {'cpu': 16}, (1, 99): {'cpu': 17}, (4, 34): {'cpu': 20}, (2, 83): {'cpu': 11}}",{},0.0,0.0,250.0,70.0,180.0,0.0,0.0,0.0,0.0,0.0,0.0,0.0,0.0,0.0,Route Failure,7.665113012642756,"{'node_level': {}, 'link_level': {}, 'path_level': {}}","{'node_level': {0: {'cpu': -53}, 3: {'cpu': -7}, 1: {'cpu': -55}, 4: {'cpu': -73}, 2: {'cpu': -75}}, 'link_level': {(0, 1): {'bw': -37}}, 'path_level': {(0, 1): {'latency': 7.665113012642756}}}","{'node_level': {0: {'cpu': 0}, 3: {'cpu': 0}, 1: {'cpu': 0}, 4: {'cpu': 0}, 2: {'cpu': 0}}, 'link_level': {(0, 1): {'bw': 0}}, 'path_level': {(0, 1): {'latency': 7.665113012642756}}}",[],0.0,0.0,True,False,False,0,[],0,0.0,5.0,1.0
35,9,6,1034.0,1688.0,811464.0756636545,1417788.247661189,0.6125592417061612,0.5723450430642667,12,46,0,417.89642169361514,40664,7423,33241,0.030939947780678878,0.027984092636996305,15,231.8964216936151,186.0,5,6,False,{},{},{},{},0.0,0.0,0.0,0.0,0.0,0.0,0.0,0.0,0.0,0.0,0.0,0.0,0.0,0.0,Leave Event,0.0,"{'node_level': {}, 'link_level': {}, 'path_level': {}}","{'node_level': {}, 'link_level': {}, 'path_level': {}}","{'node_level': {}, 'link_level': {}, 'path_level': {}}",[],0.0,0.0,True,True,False,0,[],0,0.0,,
35,9,6,1034.0,1688.0,811464.0756636545,1417788.247661189,0.6125592417061612,0.5723450430642667,12,47,0,420.3689971637556,40664,7423,33241,0.030939947780678878,0.027984092636996305,7,328.3689971637556,92.0,9,18,False,{},{},{},{},0.0,0.0,0.0,0.0,0.0,0.0,0.0,0.0,0.0,0.0,0.0,0.0,0.0,0.0,Leave Event,0.0,"{'node_level': {}, 'link_level': {}, 'path_level': {}}","{'node_level': {}, 'link_level': {}, 'path_level': {}}","{'node_level': {}, 'link_level': {}, 'path_level': {}}",[],0.0,0.0,True,True,False,0,[],0,0.0,,
35,9,6,1034.0,1688.0,811464.0756636545,1417788.247661189,0.6125592417061612,0.5723450430642667,12,48,0,422.597345182142,40664,7423,33241,0.030939947780678878,0.027984092636996305,28,78.59734518214205,344.0,9,16,False,{},{},{},{},0.0,0.0,0.0,0.0,0.0,0.0,0.0,0.0,0.0,0.0,0.0,0.0,0.0,0.0,Leave Event,0.0,"{'node_level': {}, 'link_level': {}, 'path_level': {}}","{'node_level': {}, 'link_level': {}, 'path_level': {}}","{'node_level': {}, 'link_level': {}, 'path_level': {}}",[],0.0,0.0,True,True,False,0,[],0,0.0,,
36,9,6,1034.0,1688.0,811464.0756636545,1417788.247661189,0.6125592417061612,0.5723450430642667,12,49,1,432.0,40664,7423,33241,0.030939947780678878,0.027984092636996305,35,108.64579758002371,432.0,4,3,False,"{1: 49, 2: 18, 3: 99, 0: 34}","{(0, 2): [(34, 18)], (1, 2): []}","{(1, 49): {'cpu': 8}, (2, 18): {'cpu': 2}, (3, 99): {'cpu': 10}, (0, 34): {'cpu': 2}}","{((0, 2), (34, 18)): {'bw': 13}}",0.0,0.0,94.0,22.0,72.0,0.0,0.0,0.0,0.0,0.0,0.0,0.0,0.0,0.0,Route Failure,7.517521288011375,"{'node_level': {}, 'link_level': {}, 'path_level': {}}","{'node_level': {1: {'cpu': -51}, 2: {'cpu': -21}, 3: {'cpu': -62}, 0: {'cpu': -91}}, 'link_level': {(0, 2): {'bw': -53}, (1, 2): {'bw': -6}}, 'path_level': {(0, 2): {'latency': -1.5496282735945224}, (1, 2): {'latency': 7.517521288011375}}}","{'node_level': {1: {'cpu': 0}, 2: {'cpu': 0}, 3: {'cpu': 0}, 0: {'cpu': 0}}, 'link_level': {(0, 2): {'bw': 0}, (1, 2): {'bw': 0}}, 'path_level': {(0, 2): {'latency': 0}, (1, 2): {'latency': 7.517521288011375}}}",[],0.0,0.0,True,False,False,0,[],0,0.0,4.0,2.0
37,9,6,1034.0,1688.0,811464.0756636545,1417788.247661189,0.6125592417061612,0.5723450430642667,12,50,1,451.0,40664,7423,33241,0.030939947780678878,0.027984092636996305,36,412.1617774667865,451.0,5,5,False,"{4: 49, 2: 18, 3: 99, 1: 34, 0: 83}","{(0, 1): [(83, 4), (4, 17), (17, 34)], (0, 2): [(83, 4), (4, 18)], (0, 4): []}","{(4, 49): {'cpu': 12}, (2, 18): {'cpu': 4}, (3, 99): {'cpu': 14}, (1, 34): {'cpu': 2}, (0, 83): {'cpu': 16}}","{((0, 1), (83, 4)): {'bw': 2}, ((0, 1), (4, 17)): {'bw': 2}, ((0, 1), (17, 34)): {'bw': 2}, ((0, 2), (83, 4)): {'bw': 10}, ((0, 2), (4, 18)): {'bw': 10}}",0.0,0.0,154.0,48.0,106.0,0.0,0.0,0.0,0.0,0.0,0.0,0.0,0.0,0.0,Route Failure,3.996545424376045,"{'node_level': {}, 'link_level': {}, 'path_level': {}}","{'node_level': {4: {'cpu': -47}, 2: {'cpu': -19}, 3: {'cpu': -58}, 1: {'cpu': -91}, 0: {'cpu': -70}}, 'link_level': {(0, 1): {'bw': -42}, (0, 2): {'bw': -41}, (0, 4): {'bw': -39}}, 'path_level': {(0, 1): {'latency': -3.29896496820675}, (0, 2): {'latency': -9.453407932931142}, (0, 4): {'latency': 3.996545424376045}}}","{'node_level': {4: {'cpu': 0}, 2: {'cpu': 0}, 3: {'cpu': 0}, 1: {'cpu': 0}, 0: {'cpu': 0}}, 'link_level': {(0, 1): {'bw': 0}, (0, 2): {'bw': 0}, (0, 4): {'bw': 0}}, 'path_level': {(0, 1): {'latency': 0}, (0, 2): {'latency': 0}, (0, 4): {'latency': 3.996545424376045}}}",[],0.0,0.0,True,False,False,0,[],0,0.0,5.0,3.0
38,10,7,1185.0,1993.0,812255.422460986,1419386.663377653,0.5945810336176618,0.5722580346979567,14,51,1,461.0,40359,7381,32978,0.03642297650130544,0.0356746008538511,37,5.240707267095732,461.0,4,4,True,"{0: 49, 1: 18, 2: 99, 3: 34}","{(0, 1): [(49, 10), (10, 20), (20, 18)], (0, 2): [(49, 10), (10, 80), (80, 99)], (0, 3): [(49, 98), (98, 34)], (1, 3): [(18, 34)]}","{(0, 49): {'cpu': 15}, (1, 18): {'cpu': 9}, (2, 99): {'cpu': 10}, (3, 34): {'cpu': 8}}","{((0, 1), (49, 10)): {'bw': 44}, ((0, 1), (10, 20)): {'bw': 44}, ((0, 1), (20, 18)): {'bw': 44}, ((0, 2), (49, 10)): {'bw': 32}, ((0, 2), (10, 80)): {'bw': 32}, ((0, 2), (80, 99)): {'bw': 32}, ((0, 3), (49, 98)): {'bw': 2}, ((0, 3), (98, 34)): {'bw': 2}, ((1, 3), (18, 34)): {'bw': 31}}",305.0,151.0,151.0,42.0,109.0,42.0,109.0,42.0,263.0,154.0,0.49508196721311476,1598.415716464198,791.3467973314555,2.5945796633818214,Success,0.0,"{'node_level': {}, 'link_level': {}, 'path_level': {}}","{'node_level': {0: {'cpu': -44}, 1: {'cpu': -14}, 2: {'cpu': -62}, 3: {'cpu': -85}}, 'link_level': {(0, 1): {'bw': -6}, (0, 2): {'bw': -21}, (0, 3): {'bw': -52}, (1, 3): {'bw': -35}}, 'path_level': {(0, 1): {'latency': -0.5269808030501544}, (0, 2): {'latency': -1.3851182337640875}, (0, 3): {'latency': -4.439801538025357}, (1, 3): {'latency': -10.215243180471845}}}","{'node_level': {0: {'cpu': 0}, 1: {'cpu': 0}, 2: {'cpu': 0}, 3: {'cpu': 0}}, 'link_level': {(0, 1): {'bw': 0}, (0, 2): {'bw': 0}, (0, 3): {'bw': 0}, (1, 3): {'bw': 0}}, 'path_level': {(0, 1): {'latency': 0}, (0, 2): {'latency': 0}, (0, 3): {'latency': 0}, (1, 3): {'latency': 0}}}",[],0.0,0.0,True,True,False,0,[],0,0.0,4.0,4.0
38,10,7,1185.0,1993.0,812255.422460986,1419386.663377653,0.5945810336176618,0.5722580346979567,14,52,0,463.233218378754,40359,7381,32978,0.03642297650130544,0.0356746008538511,34,47.233218378753975,416.0,5,6,False,{},{},{},{},0.0,0.0,0.0,0.0,0.0,0.0,0.0,0.0,0.0,0.0,0.0,0.0,0.0,0.0,Leave Event,0.0,"{'node_level': {}, 'link_level': {}, 'path_level': {}}","{'node_level': {}, 'link_level': {}, 'path_level': {}}","{'node_level': {}, 'link_level': {}, 'path_level': {}}",[],0.0,0.0,True,True,False,0,[],0,0.0,,
38,10,6,1185.0,1993.0,812255.422460986,1419386.663377653,0.5945810336176618,0.5722580346979567,14,53,0,466.24070726709573,40664,7423,33241,0.030939947780678878,0.027984092636996305,37,5.240707267095732,461.0,4,4,False,{},{},{},{},0.0,0.0,0.0,0.0,0.0,0.0,0.0,0.0,0.0,0.0,0.0,0.0,0.0,0.0,Leave Event,0.0,"{'node_level': {}, 'link_level': {}, 'path_level': {}}","{'node_level': {}, 'link_level': {}, 'path_level': {}}","{'node_level': {}, 'link_level': {}, 'path_level': {}}",[],0.0,0.0,True,True,False,0,[],0,0.0,,
39,10,6,1185.0,1993.0,812255.422460986,1419386.663377653,0.5945810336176618,0.5722580346979567,14,54,1,482.0,40664,7423,33241,0.030939947780678878,0.027984092636996305,38,130.61544037848168,482.0,4,4,False,"{2: 49, 0: 18, 3: 99, 1: 34}","{(0, 1): [(18, 34)], (0, 2): []}","{(2, 49): {'cpu': 13}, (0, 18): {'cpu': 7}, (3, 99): {'cpu': 20}, (1, 34): {'cpu': 19}}","{((0, 1), (18, 34)): {'bw': 18}}",0.0,0.0,176.0,59.0,117.0,0.0,0.0,0.0,0.0,0.0,0.0,0.0,0.0,0.0,Route Failure,31.0,"{'node_level': {}, 'link_level': {}, 'path_level': {}}","{'node_level': {2: {'cpu': -46}, 0: {'cpu': -16}, 3: {'cpu': -52}, 1: {'cpu': -74}}, 'link_level': {(0, 1): {'bw': -48}, (0, 2): {'bw': 31}}, 'path_level': {(0, 1): {'latency': -12.144986360248424}, (0, 2): {'latency': 3.2697870848296278}}}","{'node_level': {2: {'cpu': 0}, 0: {'cpu': 0}, 3: {'cpu': 0}, 1: {'cpu': 0}}, 'link_level': {(0, 1): {'bw': 0}, (0, 2): {'bw': 31}}, 'path_level': {(0, 1): {'latency': 0}, (0, 2): {'latency': 3.2697870848296278}}}",[],0.0,0.0,True,False,False,0,[],0,0.0,4.0,2.0
40,11,7,1255.0,2104.0,813569.9566438231,1421471.1390104378,0.5964828897338403,0.572343633519139,14,55,1,494.0,40553,7387,33166,0.035639686684073135,0.03017720334522489,39,18.779059754815773,494.0,3,2,True,"{0: 49, 1: 18, 2: 99}","{(0, 1): [(49, 20), (20, 18)], (0, 2): [(49, 10), (10, 80), (80, 99)]}","{(0, 49): {'cpu': 7}, (1, 18): {'cpu': 16}, (2, 99): {'cpu': 13}}","{((0, 1), (49, 20)): {'bw': 27}, ((0, 1), (20, 18)): {'bw': 27}, ((0, 2), (49, 10)): {'bw': 7}, ((0, 2), (10, 80)): {'bw': 7}, ((0, 2), (80, 99)): {'bw': 7}}",111.0,70.0,70.0,36.0,34.0,36.0,34.0,36.0,75.0,41.0,0.6306306306306306,2084.4756327845507,1314.534182837104,11.842650295829767,Success,0.0,"{'node_level': {}, 'link_level': {}, 'path_level': {}}","{'node_level': {0: {'cpu': -52}, 1: {'cpu': -7}, 2: {'cpu': -59}}, 'link_level': {(0, 1): {'bw': -23}, (0, 2): {'bw': -65}}, 'path_level': {(0, 1): {'latency': -0.8132647397516246}, (0, 2): {'latency': -1.1556778421377647}}}","{'node_level': {0: {'cpu': 0}, 1: {'cpu': 0}, 2: {'cpu': 0}}, 'link_level': {(0, 1): {'bw': 0}, (0, 2): {'bw': 0}}, 'path_level': {(0, 1): {'latency': 0}, (0, 2): {'latency': 0}}}",[],0.0,0.0,True,True,False,0,[],0,0.0,3.0,2.0
41,12,8,1311.0,2248.0,816038.3382302704,1427818.4059470166,0.583185053380783,0.5715280982731301,15,56,1,506.0,40409,7375,33034,0.03720626631853785,0.03403707819170709,40,44.0782426151307,506.0,2,1,True,"{1: 83, 0: 34}","{(0, 1): [(34, 17), (17, 4), (4, 83)]}","{(1, 83): {'cpu': 9}, (0, 34): {'cpu': 3}}","{((0, 1), (34, 17)): {'bw': 44}, ((0, 1), (17, 4)): {'bw': 44}, ((0, 1), (4, 83)): {'bw': 44}}",144.0,56.0,56.0,12.0,44.0,12.0,44.0,12.0,132.0,88.0,0.3888888888888889,6347.266936578821,2468.381586447319,17.141538794773048,Success,0.0,"{'node_level': {}, 'link_level': {}, 'path_level': {}}","{'node_level': {1: {'cpu': -77}, 0: {'cpu': -90}}, 'link_level': {(0, 1): {'bw': 0}}, 'path_level': {(0, 1): {'latency': -3.3091960069896107}}}","{'node_level': {1: {'cpu': 0}, 0: {'cpu': 0}}, 'link_level': {(0, 1): {'bw': 0}}, 'path_level': {(0, 1): {'latency': 0}}}",[],0.0,0.0,True,True,False,0,[],0,0.0,2.0,1.0
41,12,7,1311.0,2248.0,816038.3382302704,1427818.4059470166,0.583185053380783,0.5715280982731301,15,57,0,512.7790597548158,40520,7411,33109,0.03250652741514359,0.03184396748347862,39,18.779059754815773,494.0,3,2,False,{},{},{},{},0.0,0.0,0.0,0.0,0.0,0.0,0.0,0.0,0.0,0.0,0.0,0.0,0.0,0.0,Leave Event,0.0,"{'node_level': {}, 'link_level': {}, 'path_level': {}}","{'node_level': {}, 'link_level': {}, 'path_level': {}}","{'node_level': {}, 'link_level': {}, 'path_level': {}}",[],0.0,0.0,True,True,False,0,[],0,0.0,,
42,13,8,1398.0,2400.0,863262.1366279287,1510324.3525728104,0.5825,0.5715740033969373,15,58,1,517.0,40368,7389,32979,0.035378590078329,0.03564535937774138,41,542.8022804328534,517.0,3,2,True,"{2: 49, 1: 18, 0: 99}","{(0, 2): [(99, 82), (82, 49)], (1, 2): [(18, 20), (20, 49)]}","{(2, 49): {'cpu': 7}, (1, 18): {'cpu': 13}, (0, 99): {'cpu': 2}}","{((0, 2), (99, 82)): {'bw': 31}, ((0, 2), (82, 49)): {'bw': 31}, ((1, 2), (18, 20)): {'bw': 34}, ((1, 2), (20, 49)): {'bw': 34}}",152.0,87.0,87.0,22.0,65.0,22.0,65.0,22.0,130.0,65.0,0.5723684210526315,82505.94662579372,47223.79839765825,310.68288419512004,Success,0.0,"{'node_level': {}, 'link_level': {}, 'path_level': {}}","{'node_level': {2: {'cpu': -52}, 1: {'cpu': -10}, 0: {'cpu': -70}}, 'link_level': {(0, 2): {'bw': -69}, (1, 2): {'bw': -16}}, 'path_level': {(0, 2): {'latency': -0.7134239803308482}, (1, 2): {'latency': -5.190739226054322}}}","{'node_level': {2: {'cpu': 0}, 1: {'cpu': 0}, 0: {'cpu': 0}}, 'link_level': {(0, 2): {'bw': 0}, (1, 2): {'bw': 0}}, 'path_level': {(0, 2): {'latency': 0}, (1, 2): {'latency': 0}}}",[],0.0,0.0,True,True,False,0,[],0,0.0,3.0,2.0
43,14,9,1435.0,2442.0,879467.6436065607,1528719.7929269332,0.5876330876330876,0.575296825275419,15,59,1,522.0,40326,7357,32969,0.03955613577023498,0.035937774138838474,42,437.9866750981604,522.0,2,1,True,"{1: 90, 0: 25}","{(0, 1): [(25, 26), (26, 90)]}","{(1, 90): {'cpu': 17}, (0, 25): {'cpu': 15}}","{((0, 1), (25, 26)): {'bw': 5}, ((0, 1), (26, 90)): {'bw': 5}}",42.0,37.0,37.0,32.0,5.0,32.0,5.0,32.0,10.0,5.0,0.8809523809523809,18395.440354122737,16205.506978631935,385.8454042531413,Success,0.0,"{'node_level': {}, 'link_level': {}, 'path_level': {}}","{'node_level': {1: {'cpu': -79}, 0: {'cpu': -49}}, 'link_level': {(0, 1): {'bw': 0}}, 'path_level': {(0, 1): {'latency': -1.325823417259333}}}","{'node_level': {1: {'cpu': 0}, 0: {'cpu': 0}}, 'link_level': {(0, 1): {'bw': 0}}, 'path_level': {(0, 1): {'latency': 0}}}",[],0.0,0.0,True,True,False,0,[],0,0.0,2.0,1.0
44,14,9,1435.0,2442.0,879467.6436065607,1528719.7929269332,0.5876330876330876,0.575296825275419,15,60,1,539.0,40326,7357,32969,0.03955613577023498,0.035937774138838474,43,648.8909246366952,539.0,9,25,False,"{8: 94, 7: 61, 4: 41, 5: 72, 3: 25, 0: 90, 1: 86, 6: 99, 2: 28}","{(0, 2): [(90, 28)], (0, 3): [(90, 28), (28, 25)], (0, 4): [(90, 70), (70, 41)], (0, 5): [(90, 26), (26, 72)], (0, 7): [(90, 22), (22, 61)], (0, 8): [(90, 5), (5, 94)], (1, 2): [(86, 28)], (1, 4): [(86, 0), (0, 47), (47, 41)], (1, 5): [(86, 0), (0, 47), (47, 72)], (1, 6): []}","{(8, 94): {'cpu': 1}, (7, 61): {'cpu': 12}, (4, 41): {'cpu': 13}, (5, 72): {'cpu': 7}, (3, 25): {'cpu': 20}, (0, 90): {'cpu': 20}, (1, 86): {'cpu': 2}, (6, 99): {'cpu': 6}, (2, 28): {'cpu': 11}}","{((0, 2), (90, 28)): {'bw': 23}, ((0, 3), (90, 28)): {'bw': 14}, ((0, 3), (28, 25)): {'bw': 14}, ((0, 4), (90, 70)): {'bw': 6}, ((0, 4), (70, 41)): {'bw': 6}, ((0, 5), (90, 26)): {'bw': 23}, ((0, 5), (26, 72)): {'bw': 23}, ((0, 7), (90, 22)): {'bw': 18}, ((0, 7), (22, 61)): {'bw': 18}, ((0, 8), (90, 5)): {'bw': 19}, ((0, 8), (5, 94)): {'bw': 19}, ((1, 2), (86, 28)): {'bw': 2}, ((1, 4), (86, 0)): {'bw': 21}, ((1, 4), (0, 47)): {'bw': 21}, ((1, 4), (47, 41)): {'bw': 21}, ((1, 5), (86, 0)): {'bw': 49}, ((1, 5), (0, 47)): {'bw': 49}, ((1, 5), (47, 72)): {'bw': 49}}",0.0,0.0,715.0,92.0,623.0,0.0,0.0,0.0,0.0,0.0,0.0,0.0,0.0,0.0,Route Failure,7.0234516500269235,"{'node_level': {}, 'link_level': {}, 'path_level': {}}","{'node_level': {8: {'cpu': -27}, 7: {'cpu': -77}, 4: {'cpu': -10}, 5: {'cpu': -56}, 3: {'cpu': -29}, 0: {'cpu': -59}, 1: {'cpu': -52}, 6: {'cpu': -64}, 2: {'cpu': -72}}, 'link_level': {(0, 2): {'bw': -53}, (0, 3): {'bw': -39}, (0, 4): {'bw': -52}, (0, 5): {'bw': -44}, (0, 7): {'bw': -60}, (0, 8): {'bw': -3}, (1, 2): {'bw': -51}, (1, 4): {'bw': -57}, (1, 5): {'bw': -8}, (1, 6): {'bw': -28}}, 'path_level': {(0, 2): {'latency': -10.498803745889338}, (0, 3): {'latency': -4.519645363446122}, (0, 4): {'latency': -0.00435084410819675}, (0, 5): {'latency': -2.077529171229079}, (0, 7): {'latency': -11.171155533565447}, (0, 8): {'latency': -7.743726823194214}, (1, 2): {'latency': -13.24934232028285}, (1, 4): {'latency': -6.593889827091764}, (1, 5): {'latency': -4.2873900972140815}, (1, 6): {'latency': 7.0234516500269235}}}","{'node_level': {8: {'cpu': 0}, 7: {'cpu': 0}, 4: {'cpu': 0}, 5: {'cpu': 0}, 3: {'cpu': 0}, 0: {'cpu': 0}, 1: {'cpu': 0}, 6: {'cpu': 0}, 2: {'cpu': 0}}, 'link_level': {(0, 2): {'bw': 0}, (0, 3): {'bw': 0}, (0, 4): {'bw': 0}, (0, 5): {'bw': 0}, (0, 7): {'bw': 0}, (0, 8): {'bw': 0}, (1, 2): {'bw': 0}, (1, 4): {'bw': 0}, (1, 5): {'bw': 0}, (1, 6): {'bw': 0}}, 'path_level': {(0, 2): {'latency': 0}, (0, 3): {'latency': 0}, (0, 4): {'latency': 0}, (0, 5): {'latency': 0}, (0, 7): {'latency': 0}, (0, 8): {'latency': 0}, (1, 2): {'latency': 0}, (1, 4): {'latency': 0}, (1, 5): {'latency': 0}, (1, 6): {'latency': 7.0234516500269235}}}",[],0.0,0.0,True,False,False,0,[],0,0.0,9.0,10.0
44,14,9,1435.0,2442.0,879467.6436065607,1528719.7929269332,0.5876330876330876,0.575296825275419,15,61,0,539.6590982581264,40326,7357,32969,0.03955613577023498,0.035937774138838474,29,184.65909825812642,355.0,2,1,False,{},{},{},{},0.0,0.0,0.0,0.0,0.0,0.0,0.0,0.0,0.0,0.0,0.0,0.0,0.0,0.0,Leave Event,0.0,"{'node_level': {}, 'link_level': {}, 'path_level': {}}","{'node_level': {}, 'link_level': {}, 'path_level': {}}","{'node_level': {}, 'link_level': {}, 'path_level': {}}",[],0.0,0.0,True,True,False,0,[],0,0.0,,
44,14,9,1435.0,2442.0,879467.6436065607,1528719.7929269332,0.5876330876330876,0.575296825275419,15,62,0,540.6457975800237,40326,7357,32969,0.03955613577023498,0.035937774138838474,35,108.64579758002371,432.0,4,3,False,{},{},{},{},0.0,0.0,0.0,0.0,0.0,0.0,0.0,0.0,0.0,0.0,0.0,0.0,0.0,0.0,Leave Event,0.0,"{'node_level': {}, 'link_level': {}, 'path_level': {}}","{'node_level': {}, 'link_level': {}, 'path_level': {}}","{'node_level': {}, 'link_level': {}, 'path_level': {}}",[],0.0,0.0,True,True,False,0,[],0,0.0,,
45,14,9,1435.0,2442.0,879467.6436065607,1528719.7929269332,0.5876330876330876,0.575296825275419,15,63,1,549.0,40326,7357,32969,0.03955613577023498,0.035937774138838474,44,1173.6689821840057,549.0,4,4,False,"{1: 94, 3: 61, 2: 41, 0: 72}","{(0, 1): [(72, 94)], (1, 2): []}","{(1, 94): {'cpu': 15}, (3, 61): {'cpu': 11}, (2, 41): {'cpu': 19}, (0, 72): {'cpu': 12}}","{((0, 1), (72, 94)): {'bw': 20}}",0.0,0.0,186.0,57.0,129.0,0.0,0.0,0.0,0.0,0.0,0.0,0.0,0.0,0.0,Route Failure,0.4354272062783764,"{'node_level': {}, 'link_level': {}, 'path_level': {}}","{'node_level': {1: {'cpu': -13}, 3: {'cpu': -78}, 2: {'cpu': -4}, 0: {'cpu': -51}}, 'link_level': {(0, 1): {'bw': -65}, (1, 2): {'bw': -39}}, 'path_level': {(0, 1): {'latency': -11.355415023329563}, (1, 2): {'latency': 0.4354272062783764}}}","{'node_level': {1: {'cpu': 0}, 3: {'cpu': 0}, 2: {'cpu': 0}, 0: {'cpu': 0}}, 'link_level': {(0, 1): {'bw': 0}, (1, 2): {'bw': 0}}, 'path_level': {(0, 1): {'latency': 0}, (1, 2): {'latency': 0.4354272062783764}}}",[],0.0,0.0,True,False,False,0,[],0,0.0,4.0,2.0
45,14,8,1435.0,2442.0,879467.6436065607,1528719.7929269332,0.5876330876330876,0.575296825275419,15,64,0,550.0782426151306,40470,7369,33101,0.037989556135770264,0.03207789929235627,40,44.0782426151307,506.0,2,1,False,{},{},{},{},0.0,0.0,0.0,0.0,0.0,0.0,0.0,0.0,0.0,0.0,0.0,0.0,0.0,0.0,Leave Event,0.0,"{'node_level': {}, 'link_level': {}, 'path_level': {}}","{'node_level': {}, 'link_level': {}, 'path_level': {}}","{'node_level': {}, 'link_level': {}, 'path_level': {}}",[],0.0,0.0,True,True,False,0,[],0,0.0,,
46,14,8,1435.0,2442.0,879467.6436065607,1528719.7929269332,0.5876330876330876,0.575296825275419,15,65,1,558.0,40470,7369,33101,0.037989556135770264,0.03207789929235627,45,8.42948937234963,558.0,8,14,False,"{6: 34, 7: 83, 3: 4, 4: 61, 5: 94, 0: 17, 2: 41, 1: 25}","{(0, 3): [(17, 4)], (0, 4): [(17, 85), (85, 61)], (0, 5): [(17, 94)], (1, 7): []}","{(6, 34): {'cpu': 9}, (7, 83): {'cpu': 17}, (3, 4): {'cpu': 11}, (4, 61): {'cpu': 17}, (5, 94): {'cpu': 19}, (0, 17): {'cpu': 7}, (2, 41): {'cpu': 2}, (1, 25): {'cpu': 5}}","{((0, 3), (17, 4)): {'bw': 41}, ((0, 4), (17, 85)): {'bw': 24}, ((0, 4), (85, 61)): {'bw': 24}, ((0, 5), (17, 94)): {'bw': 10}}",0.0,0.0,426.0,87.0,339.0,0.0,0.0,0.0,0.0,0.0,0.0,0.0,0.0,0.0,Route Failure,1.6229063006774567,"{'node_level': {}, 'link_level': {}, 'path_level': {}}","{'node_level': {6: {'cpu': -84}, 7: {'cpu': -69}, 3: {'cpu': -62}, 4: {'cpu': -72}, 5: {'cpu': -9}, 0: {'cpu': -4}, 2: {'cpu': -21}, 1: {'cpu': -44}}, 'link_level': {(0, 3): {'bw': -46}, (0, 4): {'bw': -33}, (0, 5): {'bw': -42}, (1, 7): {'bw': -38}}, 'path_level': {(0, 3): {'latency': -13.638543705954927}, (0, 4): {'latency': -6.58654425365979}, (0, 5): {'latency': -6.770550770651223}, (1, 7): {'latency': 1.6229063006774567}}}","{'node_level': {6: {'cpu': 0}, 7: {'cpu': 0}, 3: {'cpu': 0}, 4: {'cpu': 0}, 5: {'cpu': 0}, 0: {'cpu': 0}, 2: {'cpu': 0}, 1: {'cpu': 0}}, 'link_level': {(0, 3): {'bw': 0}, (0, 4): {'bw': 0}, (0, 5): {'bw': 0}, (1, 7): {'bw': 0}}, 'path_level': {(0, 3): {'latency': 0}, (0, 4): {'latency': 0}, (0, 5): {'latency': 0}, (1, 7): {'latency': 1.6229063006774567}}}",[],0.0,0.0,True,False,False,0,[],0,0.0,8.0,4.0
47,14,8,1435.0,2442.0,879467.6436065607,1528719.7929269332,0.5876330876330876,0.575296825275419,15,66,1,565.0,40470,7369,33101,0.037989556135770264,0.03207789929235627,46,1135.0195351897432,565.0,5,5,False,"{3: 34, 2: 83, 4: 4, 0: 61, 1: 94}","{(0, 2): [(61, 2), (2, 21), (21, 83)], (0, 4): [(61, 96), (96, 9), (9, 4)], (1, 2): [(94, 4), (4, 83)], (2, 3): []}","{(3, 34): {'cpu': 16}, (2, 83): {'cpu': 15}, (4, 4): {'cpu': 13}, (0, 61): {'cpu': 16}, (1, 94): {'cpu': 2}}","{((0, 2), (61, 2)): {'bw': 18}, ((0, 2), (2, 21)): {'bw': 18}, ((0, 2), (21, 83)): {'bw': 18}, ((0, 4), (61, 96)): {'bw': 3}, ((0, 4), (96, 9)): {'bw': 3}, ((0, 4), (9, 4)): {'bw': 3}, ((1, 2), (94, 4)): {'bw': 5}, ((1, 2), (4, 83)): {'bw': 5}}",0.0,0.0,137.0,62.0,75.0,0.0,0.0,0.0,0.0,0.0,0.0,0.0,0.0,0.0,Route Failure,5.802451991950238,"{'node_level': {}, 'link_level': {}, 'path_level': {}}","{'node_level': {3: {'cpu': -77}, 2: {'cpu': -71}, 4: {'cpu': -60}, 0: {'cpu': -73}, 1: {'cpu': -26}}, 'link_level': {(0, 2): {'bw': -53}, (0, 4): {'bw': -50}, (1, 2): {'bw': -77}, (2, 3): {'bw': -32}}, 'path_level': {(0, 2): {'latency': -2.66305035176112}, (0, 4): {'latency': -1.7125699808633659}, (1, 2): {'latency': -2.463608152321794}, (2, 3): {'latency': 5.802451991950238}}}","{'node_level': {3: {'cpu': 0}, 2: {'cpu': 0}, 4: {'cpu': 0}, 0: {'cpu': 0}, 1: {'cpu': 0}}, 'link_level': {(0, 2): {'bw': 0}, (0, 4): {'bw': 0}, (1, 2): {'bw': 0}, (2, 3): {'bw': 0}}, 'path_level': {(0, 2): {'latency': 0}, (0, 4): {'latency': 0}, (1, 2): {'latency': 0}, (2, 3): {'latency': 5.802451991950238}}}",[],0.0,0.0,True,False,False,0,[],0,0.0,5.0,4.0
47,14,8,1435.0,2442.0,879467.6436065607,1528719.7929269332,0.5876330876330876,0.575296825275419,15,67,0,566.143293988245,40470,7369,33101,0.037989556135770264,0.03207789929235627,14,394.14329398824503,172.0,6,6,False,{},{},{},{},0.0,0.0,0.0,0.0,0.0,0.0,0.0,0.0,0.0,0.0,0.0,0.0,0.0,0.0,Leave Event,0.0,"{'node_level': {}, 'link_level': {}, 'path_level': {}}","{'node_level': {}, 'link_level': {}, 'path_level': {}}","{'node_level': {}, 'link_level': {}, 'path_level': {}}",[],0.0,0.0,True,True,False,0,[],0,0.0,,
47,14,8,1435.0,2442.0,879467.6436065607,1528719.7929269332,0.5876330876330876,0.575296825275419,15,68,0,566.4294893723496,40470,7369,33101,0.037989556135770264,0.03207789929235627,45,8.42948937234963,558.0,8,14,False,{},{},{},{},0.0,0.0,0.0,0.0,0.0,0.0,0.0,0.0,0.0,0.0,0.0,0.0,0.0,0.0,Leave Event,0.0,"{'node_level': {}, 'link_level': {}, 'path_level': {}}","{'node_level': {}, 'link_level': {}, 'path_level': {}}","{'node_level': {}, 'link_level': {}, 'path_level': {}}",[],0.0,0.0,True,True,False,0,[],0,0.0,,
48,14,8,1435.0,2442.0,879467.6436065607,1528719.7929269332,0.5876330876330876,0.575296825275419,15,69,1,578.0,40470,7369,33101,0.037989556135770264,0.03207789929235627,47,350.489873315436,578.0,9,14,False,"{0: 34, 6: 83, 2: 4, 3: 61, 4: 94, 5: 17, 8: 41, 7: 25, 1: 72}","{(0, 3): [(34, 37), (37, 61)], (0, 4): [(34, 17), (17, 94)], (0, 5): [(34, 17)], (0, 7): [(34, 37), (37, 25)], (1, 5): [(72, 26), (26, 17)], (2, 3): [(4, 14), (14, 1), (1, 61)], (2, 6): [(4, 83)], (2, 7): []}","{(0, 34): {'cpu': 11}, (6, 83): {'cpu': 18}, (2, 4): {'cpu': 15}, (3, 61): {'cpu': 10}, (4, 94): {'cpu': 6}, (5, 17): {'cpu': 3}, (8, 41): {'cpu': 4}, (7, 25): {'cpu': 9}, (1, 72): {'cpu': 11}}","{((0, 3), (34, 37)): {'bw': 21}, ((0, 3), (37, 61)): {'bw': 21}, ((0, 4), (34, 17)): {'bw': 4}, ((0, 4), (17, 94)): {'bw': 4}, ((0, 5), (34, 17)): {'bw': 37}, ((0, 7), (34, 37)): {'bw': 22}, ((0, 7), (37, 25)): {'bw': 22}, ((1, 5), (72, 26)): {'bw': 37}, ((1, 5), (26, 17)): {'bw': 37}, ((2, 3), (4, 14)): {'bw': 10}, ((2, 3), (14, 1)): {'bw': 10}, ((2, 3), (1, 61)): {'bw': 10}, ((2, 6), (4, 83)): {'bw': 23}}",0.0,0.0,397.0,87.0,310.0,0.0,0.0,0.0,0.0,0.0,0.0,0.0,0.0,0.0,Route Failure,0.6137596974776187,"{'node_level': {}, 'link_level': {}, 'path_level': {}}","{'node_level': {0: {'cpu': -82}, 6: {'cpu': -68}, 2: {'cpu': -58}, 3: {'cpu': -79}, 4: {'cpu': -22}, 5: {'cpu': -8}, 8: {'cpu': -19}, 7: {'cpu': -40}, 1: {'cpu': -52}}, 'link_level': {(0, 3): {'bw': -42}, (0, 4): {'bw': -40}, (0, 5): {'bw': -3}, (0, 7): {'bw': -24}, (1, 5): {'bw': -3}, (2, 3): {'bw': -42}, (2, 6): {'bw': -59}, (2, 7): {'bw': -19}}, 'path_level': {(0, 3): {'latency': -4.936010193116697}, (0, 4): {'latency': -1.9584666244619449}, (0, 5): {'latency': -5.011925544646352}, (0, 7): {'latency': -9.654037941651131}, (1, 5): {'latency': -4.738604475032391}, (2, 3): {'latency': -0.9325051057488185}, (2, 6): {'latency': -6.2474093697181665}, (2, 7): {'latency': 0.6137596974776187}}}","{'node_level': {0: {'cpu': 0}, 6: {'cpu': 0}, 2: {'cpu': 0}, 3: {'cpu': 0}, 4: {'cpu': 0}, 5: {'cpu': 0}, 8: {'cpu': 0}, 7: {'cpu': 0}, 1: {'cpu': 0}}, 'link_level': {(0, 3): {'bw': 0}, (0, 4): {'bw': 0}, (0, 5): {'bw': 0}, (0, 7): {'bw': 0}, (1, 5): {'bw': 0}, (2, 3): {'bw': 0}, (2, 6): {'bw': 0}, (2, 7): {'bw': 0}}, 'path_level': {(0, 3): {'latency': 0}, (0, 4): {'latency': 0}, (0, 5): {'latency': 0}, (0, 7): {'latency': 0}, (1, 5): {'latency': 0}, (2, 3): {'latency': 0}, (2, 6): {'latency': 0}, (2, 7): {'latency': 0.6137596974776187}}}",[],0.0,0.0,True,False,False,0,[],0,0.0,9.0,8.0
49,14,8,1435.0,2442.0,879467.6436065607,1528719.7929269332,0.5876330876330876,0.575296825275419,15,70,1,591.0,40470,7369,33101,0.037989556135770264,0.03207789929235627,48,477.02154256769484,591.0,10,24,False,"{6: 34, 3: 83, 5: 4, 2: 61, 1: 94, 9: 17, 0: 41, 4: 25, 8: 72, 7: 90}","{(0, 5): []}","{(6, 34): {'cpu': 13}, (3, 83): {'cpu': 18}, (5, 4): {'cpu': 19}, (2, 61): {'cpu': 18}, (1, 94): {'cpu': 3}, (9, 17): {'cpu': 7}, (0, 41): {'cpu': 4}, (4, 25): {'cpu': 18}, (8, 72): {'cpu': 6}, (7, 90): {'cpu': 2}}",{},0.0,0.0,685.0,108.0,577.0,0.0,0.0,0.0,0.0,0.0,0.0,0.0,0.0,0.0,Route Failure,7.381414997102359,"{'node_level': {}, 'link_level': {}, 'path_level': {}}","{'node_level': {6: {'cpu': -80}, 3: {'cpu': -68}, 5: {'cpu': -54}, 2: {'cpu': -71}, 1: {'cpu': -25}, 9: {'cpu': -4}, 0: {'cpu': -19}, 4: {'cpu': -31}, 8: {'cpu': -57}, 7: {'cpu': -77}}, 'link_level': {(0, 5): {'bw': -54}}, 'path_level': {(0, 5): {'latency': 7.381414997102359}}}","{'node_level': {6: {'cpu': 0}, 3: {'cpu': 0}, 5: {'cpu': 0}, 2: {'cpu': 0}, 1: {'cpu': 0}, 9: {'cpu': 0}, 0: {'cpu': 0}, 4: {'cpu': 0}, 8: {'cpu': 0}, 7: {'cpu': 0}}, 'link_level': {(0, 5): {'bw': 0}}, 'path_level': {(0, 5): {'latency': 7.381414997102359}}}",[],0.0,0.0,True,False,False,0,[],0,0.0,10.0,1.0
49,14,8,1435.0,2442.0,879467.6436065607,1528719.7929269332,0.5876330876330876,0.575296825275419,15,71,0,591.5416162350841,40470,7369,33101,0.037989556135770264,0.03207789929235627,4,525.5416162350841,66.0,9,24,False,{},{},{},{},0.0,0.0,0.0,0.0,0.0,0.0,0.0,0.0,0.0,0.0,0.0,0.0,0.0,0.0,Leave Event,0.0,"{'node_level': {}, 'link_level': {}, 'path_level': {}}","{'node_level': {}, 'link_level': {}, 'path_level': {}}","{'node_level': {}, 'link_level': {}, 'path_level': {}}",[],0.0,0.0,True,True,False,0,[],0,0.0,,
50,14,8,1435.0,2442.0,879467.6436065607,1528719.7929269332,0.5876330876330876,0.575296825275419,15,72,1,604.0,40470,7369,33101,0.037989556135770264,0.03207789929235627,49,72.36588429480402,604.0,4,4,False,"{0: 34, 3: 83, 1: 4, 2: 61}","{(0, 1): [(34, 17), (17, 4)], (0, 2): [(34, 37), (37, 61)], (0, 3): []}","{(0, 34): {'cpu': 12}, (3, 83): {'cpu': 9}, (1, 4): {'cpu': 10}, (2, 61): {'cpu': 18}}","{((0, 1), (34, 17)): {'bw': 33}, ((0, 1), (17, 4)): {'bw': 33}, ((0, 2), (34, 37)): {'bw': 21}, ((0, 2), (37, 61)): {'bw': 21}}",0.0,0.0,177.0,49.0,128.0,0.0,0.0,0.0,0.0,0.0,0.0,0.0,0.0,0.0,Route Failure,6.78047264827698,"{'node_level': {}, 'link_level': {}, 'path_level': {}}","{'node_level': {0: {'cpu': -81}, 3: {'cpu': -77}, 1: {'cpu': -63}, 2: {'cpu': -71}}, 'link_level': {(0, 1): {'bw': -11}, (0, 2): {'bw': -42}, (0, 3): {'bw': -7}}, 'path_level': {(0, 1): {'latency': -1.9521181950653625}, (0, 2): {'latency': -4.96785837482512}, (0, 3): {'latency': 6.78047264827698}}}","{'node_level': {0: {'cpu': 0}, 3: {'cpu': 0}, 1: {'cpu': 0}, 2: {'cpu': 0}}, 'link_level': {(0, 1): {'bw': 0}, (0, 2): {'bw': 0}, (0, 3): {'bw': 0}}, 'path_level': {(0, 1): {'latency': 0}, (0, 2): {'latency': 0}, (0, 3): {'latency': 6.78047264827698}}}",[],0.0,0.0,True,False,False,0,[],0,0.0,4.0,3.0
50,14,8,1435.0,2442.0,879467.6436065607,1528719.7929269332,0.5876330876330876,0.575296825275419,15,73,0,612.6154403784817,40470,7369,33101,0.037989556135770264,0.03207789929235627,38,130.61544037848168,482.0,4,4,False,{},{},{},{},0.0,0.0,0.0,0.0,0.0,0.0,0.0,0.0,0.0,0.0,0.0,0.0,0.0,0.0,Leave Event,0.0,"{'node_level': {}, 'link_level': {}, 'path_level': {}}","{'node_level': {}, 'link_level': {}, 'path_level': {}}","{'node_level': {}, 'link_level': {}, 'path_level': {}}",[],0.0,0.0,True,True,False,0,[],0,0.0,,
51,14,8,1435.0,2442.0,879467.6436065607,1528719.7929269332,0.5876330876330876,0.575296825275419,15,74,1,614.0,40470,7369,33101,0.037989556135770264,0.03207789929235627,50,319.29925958263146,614.0,8,13,False,"{1: 34, 6: 83, 5: 4, 3: 61, 2: 94, 0: 41, 7: 25, 4: 72}","{(0, 1): [(41, 34)], (1, 2): [(34, 37), (37, 94)], (1, 4): [(34, 15), (15, 72)], (1, 5): [(34, 17), (17, 4)], (2, 3): [(94, 2), (2, 61)], (2, 4): [(94, 72)], (2, 5): [(94, 4)], (3, 4): []}","{(1, 34): {'cpu': 10}, (6, 83): {'cpu': 15}, (5, 4): {'cpu': 13}, (3, 61): {'cpu': 1}, (2, 94): {'cpu': 10}, (0, 41): {'cpu': 20}, (7, 25): {'cpu': 15}, (4, 72): {'cpu': 20}}","{((0, 1), (41, 34)): {'bw': 45}, ((1, 2), (34, 37)): {'bw': 17}, ((1, 2), (37, 94)): {'bw': 17}, ((1, 4), (34, 15)): {'bw': 13}, ((1, 4), (15, 72)): {'bw': 13}, ((1, 5), (34, 17)): {'bw': 37}, ((1, 5), (17, 4)): {'bw': 37}, ((2, 3), (94, 2)): {'bw': 7}, ((2, 3), (2, 61)): {'bw': 7}, ((2, 4), (94, 72)): {'bw': 1}, ((2, 5), (94, 4)): {'bw': 39}}",0.0,0.0,387.0,104.0,283.0,0.0,0.0,0.0,0.0,0.0,0.0,0.0,0.0,0.0,Route Failure,3.1448153753590464,"{'node_level': {}, 'link_level': {}, 'path_level': {}}","{'node_level': {1: {'cpu': -83}, 6: {'cpu': -71}, 5: {'cpu': -60}, 3: {'cpu': -88}, 2: {'cpu': -18}, 0: {'cpu': -3}, 7: {'cpu': -34}, 4: {'cpu': -43}}, 'link_level': {(0, 1): {'bw': -7}, (1, 2): {'bw': -50}, (1, 4): {'bw': -53}, (1, 5): {'bw': -7}, (2, 3): {'bw': -58}, (2, 4): {'bw': -84}, (2, 5): {'bw': -57}, (3, 4): {'bw': -49}}, 'path_level': {(0, 1): {'latency': -2.608485647820259}, (1, 2): {'latency': -1.7586827989951832}, (1, 4): {'latency': -10.76582669020718}, (1, 5): {'latency': -3.2902962675780003}, (2, 3): {'latency': -0.2600130325077714}, (2, 4): {'latency': -2.064516297307663}, (2, 5): {'latency': -9.258043391355379}, (3, 4): {'latency': 3.1448153753590464}}}","{'node_level': {1: {'cpu': 0}, 6: {'cpu': 0}, 5: {'cpu': 0}, 3: {'cpu': 0}, 2: {'cpu': 0}, 0: {'cpu': 0}, 7: {'cpu': 0}, 4: {'cpu': 0}}, 'link_level': {(0, 1): {'bw': 0}, (1, 2): {'bw': 0}, (1, 4): {'bw': 0}, (1, 5): {'bw': 0}, (2, 3): {'bw': 0}, (2, 4): {'bw': 0}, (2, 5): {'bw': 0}, (3, 4): {'bw': 0}}, 'path_level': {(0, 1): {'latency': 0}, (1, 2): {'latency': 0}, (1, 4): {'latency': 0}, (1, 5): {'latency': 0}, (2, 3): {'latency': 0}, (2, 4): {'latency': 0}, (2, 5): {'latency': 0}, (3, 4): {'latency': 3.1448153753590464}}}",[],0.0,0.0,True,False,False,0,[],0,0.0,8.0,8.0
52,14,8,1435.0,2442.0,879467.6436065607,1528719.7929269332,0.5876330876330876,0.575296825275419,15,75,1,630.0,40470,7369,33101,0.037989556135770264,0.03207789929235627,51,503.3395684587858,630.0,9,20,False,"{6: 34, 3: 83, 1: 4, 2: 61, 0: 94, 5: 41, 7: 17, 8: 25, 4: 72}","{(0, 1): [(94, 4)], (0, 3): [(94, 4), (4, 83)], (0, 5): [(94, 72), (72, 47), (47, 41)], (0, 6): [(94, 17), (17, 34)], (0, 7): [(94, 17)], (1, 3): [(4, 83)], (1, 4): [(4, 45), (45, 72)], (1, 6): [(4, 17), (17, 34)], (1, 7): [(4, 17)], (1, 8): []}","{(6, 34): {'cpu': 12}, (3, 83): {'cpu': 8}, (1, 4): {'cpu': 5}, (2, 61): {'cpu': 15}, (0, 94): {'cpu': 18}, (5, 41): {'cpu': 19}, (7, 17): {'cpu': 1}, (8, 25): {'cpu': 17}, (4, 72): {'cpu': 2}}","{((0, 1), (94, 4)): {'bw': 25}, ((0, 3), (94, 4)): {'bw': 32}, ((0, 3), (4, 83)): {'bw': 32}, ((0, 5), (94, 72)): {'bw': 13}, ((0, 5), (72, 47)): {'bw': 13}, ((0, 5), (47, 41)): {'bw': 13}, ((0, 6), (94, 17)): {'bw': 13}, ((0, 6), (17, 34)): {'bw': 13}, ((0, 7), (94, 17)): {'bw': 5}, ((1, 3), (4, 83)): {'bw': 35}, ((1, 4), (4, 45)): {'bw': 8}, ((1, 4), (45, 72)): {'bw': 8}, ((1, 6), (4, 17)): {'bw': 28}, ((1, 6), (17, 34)): {'bw': 28}, ((1, 7), (4, 17)): {'bw': 7}}",0.0,0.0,526.0,97.0,429.0,0.0,0.0,0.0,0.0,0.0,0.0,0.0,0.0,0.0,Route Failure,4.571660135189726,"{'node_level': {}, 'link_level': {}, 'path_level': {}}","{'node_level': {6: {'cpu': -81}, 3: {'cpu': -78}, 1: {'cpu': -68}, 2: {'cpu': -74}, 0: {'cpu': -10}, 5: {'cpu': -4}, 7: {'cpu': -10}, 8: {'cpu': -32}, 4: {'cpu': -61}}, 'link_level': {(0, 1): {'bw': -71}, (0, 3): {'bw': -39}, (0, 5): {'bw': -62}, (0, 6): {'bw': -31}, (0, 7): {'bw': -34}, (1, 3): {'bw': -15}, (1, 4): {'bw': -52}, (1, 6): {'bw': -3}, (1, 7): {'bw': -52}, (1, 8): {'bw': -32}}, 'path_level': {(0, 1): {'latency': -7.59001193039399}, (0, 3): {'latency': -2.9483090720589322}, (0, 5): {'latency': -0.6646608095739523}, (0, 6): {'latency': -3.577083495794831}, (0, 7): {'latency': -3.64654388293344}, (1, 3): {'latency': -3.899122386012905}, (1, 4): {'latency': -7.814393280252741}, (1, 6): {'latency': -5.142591917937956}, (1, 7): {'latency': -13.047898211811038}, (1, 8): {'latency': 4.571660135189726}}}","{'node_level': {6: {'cpu': 0}, 3: {'cpu': 0}, 1: {'cpu': 0}, 2: {'cpu': 0}, 0: {'cpu': 0}, 5: {'cpu': 0}, 7: {'cpu': 0}, 8: {'cpu': 0}, 4: {'cpu': 0}}, 'link_level': {(0, 1): {'bw': 0}, (0, 3): {'bw': 0}, (0, 5): {'bw': 0}, (0, 6): {'bw': 0}, (0, 7): {'bw': 0}, (1, 3): {'bw': 0}, (1, 4): {'bw': 0}, (1, 6): {'bw': 0}, (1, 7): {'bw': 0}, (1, 8): {'bw': 0}}, 'path_level': {(0, 1): {'latency': 0}, (0, 3): {'latency': 0}, (0, 5): {'latency': 0}, (0, 6): {'latency': 0}, (0, 7): {'latency': 0}, (1, 3): {'latency': 0}, (1, 4): {'latency': 0}, (1, 6): {'latency': 0}, (1, 7): {'latency': 0}, (1, 8): {'latency': 4.571660135189726}}}",[],0.0,0.0,True,False,False,0,[],0,0.0,9.0,10.0
52,14,8,1435.0,2442.0,879467.6436065607,1528719.7929269332,0.5876330876330876,0.575296825275419,15,76,0,631.0178031143265,40470,7369,33101,0.037989556135770264,0.03207789929235627,3,585.0178031143265,46.0,10,27,False,{},{},{},{},0.0,0.0,0.0,0.0,0.0,0.0,0.0,0.0,0.0,0.0,0.0,0.0,0.0,0.0,Leave Event,0.0,"{'node_level': {}, 'link_level': {}, 'path_level': {}}","{'node_level': {}, 'link_level': {}, 'path_level': {}}","{'node_level': {}, 'link_level': {}, 'path_level': {}}",[],0.0,0.0,True,True,False,0,[],0,0.0,,
52,14,8,1435.0,2442.0,879467.6436065607,1528719.7929269332,0.5876330876330876,0.575296825275419,15,77,0,635.2287029526603,40470,7369,33101,0.037989556135770264,0.03207789929235627,23,349.2287029526604,286.0,4,4,False,{},{},{},{},0.0,0.0,0.0,0.0,0.0,0.0,0.0,0.0,0.0,0.0,0.0,0.0,0.0,0.0,Leave Event,0.0,"{'node_level': {}, 'link_level': {}, 'path_level': {}}","{'node_level': {}, 'link_level': {}, 'path_level': {}}","{'node_level': {}, 'link_level': {}, 'path_level': {}}",[],0.0,0.0,True,True,False,0,[],0,0.0,,
53,14,8,1435.0,2442.0,879467.6436065607,1528719.7929269332,0.5876330876330876,0.575296825275419,15,78,1,638.0,40470,7369,33101,0.037989556135770264,0.03207789929235627,52,338.4279392314331,638.0,9,21,False,"{3: 34, 4: 83, 7: 4, 2: 61, 5: 94, 8: 17, 0: 41, 1: 25, 6: 72}","{(0, 2): []}","{(3, 34): {'cpu': 20}, (4, 83): {'cpu': 5}, (7, 4): {'cpu': 17}, (2, 61): {'cpu': 1}, (5, 94): {'cpu': 18}, (8, 17): {'cpu': 3}, (0, 41): {'cpu': 3}, (1, 25): {'cpu': 14}, (6, 72): {'cpu': 10}}",{},0.0,0.0,631.0,91.0,540.0,0.0,0.0,0.0,0.0,0.0,0.0,0.0,0.0,0.0,Route Failure,8.48919073697652,"{'node_level': {}, 'link_level': {}, 'path_level': {}}","{'node_level': {3: {'cpu': -73}, 4: {'cpu': -81}, 7: {'cpu': -56}, 2: {'cpu': -88}, 5: {'cpu': -10}, 8: {'cpu': -8}, 0: {'cpu': -20}, 1: {'cpu': -35}, 6: {'cpu': -53}}, 'link_level': {(0, 2): {'bw': -8}}, 'path_level': {(0, 2): {'latency': 8.48919073697652}}}","{'node_level': {3: {'cpu': 0}, 4: {'cpu': 0}, 7: {'cpu': 0}, 2: {'cpu': 0}, 5: {'cpu': 0}, 8: {'cpu': 0}, 0: {'cpu': 0}, 1: {'cpu': 0}, 6: {'cpu': 0}}, 'link_level': {(0, 2): {'bw': 0}}, 'path_level': {(0, 2): {'latency': 8.48919073697652}}}",[],0.0,0.0,True,False,False,0,[],0,0.0,9.0,1.0
53,14,8,1435.0,2442.0,879467.6436065607,1528719.7929269332,0.5876330876330876,0.575296825275419,15,79,0,642.8824333146167,40470,7369,33101,0.037989556135770264,0.03207789929235627,25,334.8824333146168,308.0,10,26,False,{},{},{},{},0.0,0.0,0.0,0.0,0.0,0.0,0.0,0.0,0.0,0.0,0.0,0.0,0.0,0.0,Leave Event,0.0,"{'node_level': {}, 'link_level': {}, 'path_level': {}}","{'node_level': {}, 'link_level': {}, 'path_level': {}}","{'node_level': {}, 'link_level': {}, 'path_level': {}}",[],0.0,0.0,True,True,False,0,[],0,0.0,,
53,14,7,1435.0,2442.0,879467.6436065607,1528719.7929269332,0.5876330876330876,0.575296825275419,15,80,0,644.254552049156,40607,7398,33209,0.03420365535248038,0.028919819872507135,27,310.25455204915596,334.0,4,3,False,{},{},{},{},0.0,0.0,0.0,0.0,0.0,0.0,0.0,0.0,0.0,0.0,0.0,0.0,0.0,0.0,Leave Event,0.0,"{'node_level': {}, 'link_level': {}, 'path_level': {}}","{'node_level': {}, 'link_level': {}, 'path_level': {}}","{'node_level': {}, 'link_level': {}, 'path_level': {}}",[],0.0,0.0,True,True,False,0,[],0,0.0,,
54,14,7,1435.0,2442.0,879467.6436065607,1528719.7929269332,0.5876330876330876,0.575296825275419,15,81,1,646.0,40607,7398,33209,0.03420365535248038,0.028919819872507135,53,1339.835363746077,646.0,4,5,False,"{0: 25, 3: 4, 2: 18, 1: 41}","{(0, 2): [(25, 79), (79, 18)], (0, 3): []}","{(0, 25): {'cpu': 15}, (3, 4): {'cpu': 16}, (2, 18): {'cpu': 2}, (1, 41): {'cpu': 17}}","{((0, 2), (25, 79)): {'bw': 50}, ((0, 2), (79, 18)): {'bw': 50}}",0.0,0.0,174.0,50.0,124.0,0.0,0.0,0.0,0.0,0.0,0.0,0.0,0.0,0.0,Route Failure,1.7634342223740855,"{'node_level': {}, 'link_level': {}, 'path_level': {}}","{'node_level': {0: {'cpu': -36}, 3: {'cpu': -57}, 2: {'cpu': -9}, 1: {'cpu': -26}}, 'link_level': {(0, 2): {'bw': 0}, (0, 3): {'bw': -14}}, 'path_level': {(0, 2): {'latency': -1.4789625122568335}, (0, 3): {'latency': 1.7634342223740855}}}","{'node_level': {0: {'cpu': 0}, 3: {'cpu': 0}, 2: {'cpu': 0}, 1: {'cpu': 0}}, 'link_level': {(0, 2): {'bw': 0}, (0, 3): {'bw': 0}}, 'path_level': {(0, 2): {'latency': 0}, (0, 3): {'latency': 1.7634342223740855}}}",[],0.0,0.0,True,False,False,0,[],0,0.0,4.0,2.0
55,14,7,1435.0,2442.0,879467.6436065607,1528719.7929269332,0.5876330876330876,0.575296825275419,15,82,1,661.0,40607,7398,33209,0.03420365535248038,0.028919819872507135,54,1373.6073770258297,661.0,9,18,False,"{3: 25, 8: 18, 5: 4, 2: 41, 7: 34, 1: 83, 4: 17, 0: 61, 6: 94}","{(0, 2): []}","{(3, 25): {'cpu': 10}, (8, 18): {'cpu': 10}, (5, 4): {'cpu': 19}, (2, 41): {'cpu': 14}, (7, 34): {'cpu': 7}, (1, 83): {'cpu': 8}, (4, 17): {'cpu': 4}, (0, 61): {'cpu': 11}, (6, 94): {'cpu': 9}}",{},0.0,0.0,521.0,92.0,429.0,0.0,0.0,0.0,0.0,0.0,0.0,0.0,0.0,0.0,Route Failure,4.453362222948742,"{'node_level': {}, 'link_level': {}, 'path_level': {}}","{'node_level': {3: {'cpu': -41}, 8: {'cpu': -1}, 5: {'cpu': -54}, 2: {'cpu': -29}, 7: {'cpu': -86}, 1: {'cpu': -78}, 4: {'cpu': -13}, 0: {'cpu': -78}, 6: {'cpu': -19}}, 'link_level': {(0, 2): {'bw': -15}}, 'path_level': {(0, 2): {'latency': 4.453362222948742}}}","{'node_level': {3: {'cpu': 0}, 8: {'cpu': 0}, 5: {'cpu': 0}, 2: {'cpu': 0}, 7: {'cpu': 0}, 1: {'cpu': 0}, 4: {'cpu': 0}, 0: {'cpu': 0}, 6: {'cpu': 0}}, 'link_level': {(0, 2): {'bw': 0}}, 'path_level': {(0, 2): {'latency': 4.453362222948742}}}",[],0.0,0.0,True,False,False,0,[],0,0.0,9.0,1.0
56,14,7,1435.0,2442.0,879467.6436065607,1528719.7929269332,0.5876330876330876,0.575296825275419,15,83,1,673.0,40607,7398,33209,0.03420365535248038,0.028919819872507135,55,346.5350454987206,673.0,7,7,False,"{4: 25, 1: 4, 2: 18, 5: 41, 3: 34, 0: 83, 6: 61}","{(0, 2): [(83, 4), (4, 18)], (1, 2): []}","{(4, 25): {'cpu': 5}, (1, 4): {'cpu': 20}, (2, 18): {'cpu': 3}, (5, 41): {'cpu': 17}, (3, 34): {'cpu': 10}, (0, 83): {'cpu': 18}, (6, 61): {'cpu': 19}}","{((0, 2), (83, 4)): {'bw': 13}, ((0, 2), (4, 18)): {'bw': 13}}",0.0,0.0,284.0,92.0,192.0,0.0,0.0,0.0,0.0,0.0,0.0,0.0,0.0,0.0,Route Failure,11.083771789228658,"{'node_level': {}, 'link_level': {}, 'path_level': {}}","{'node_level': {4: {'cpu': -46}, 1: {'cpu': -53}, 2: {'cpu': -8}, 5: {'cpu': -26}, 3: {'cpu': -83}, 0: {'cpu': -68}, 6: {'cpu': -70}}, 'link_level': {(0, 2): {'bw': -47}, (1, 2): {'bw': -4}}, 'path_level': {(0, 2): {'latency': -2.050632245472697}, (1, 2): {'latency': 11.083771789228658}}}","{'node_level': {4: {'cpu': 0}, 1: {'cpu': 0}, 2: {'cpu': 0}, 5: {'cpu': 0}, 3: {'cpu': 0}, 0: {'cpu': 0}, 6: {'cpu': 0}}, 'link_level': {(0, 2): {'bw': 0}, (1, 2): {'bw': 0}}, 'path_level': {(0, 2): {'latency': 0}, (1, 2): {'latency': 11.083771789228658}}}",[],0.0,0.0,True,False,False,0,[],0,0.0,7.0,2.0
56,14,7,1435.0,2442.0,879467.6436065607,1528719.7929269332,0.5876330876330876,0.575296825275419,15,84,0,676.365884294804,40607,7398,33209,0.03420365535248038,0.028919819872507135,49,72.36588429480402,604.0,4,4,False,{},{},{},{},0.0,0.0,0.0,0.0,0.0,0.0,0.0,0.0,0.0,0.0,0.0,0.0,0.0,0.0,Leave Event,0.0,"{'node_level': {}, 'link_level': {}, 'path_level': {}}","{'node_level': {}, 'link_level': {}, 'path_level': {}}","{'node_level': {}, 'link_level': {}, 'path_level': {}}",[],0.0,0.0,True,True,False,0,[],0,0.0,,
57,14,7,1435.0,2442.0,879467.6436065607,1528719.7929269332,0.5876330876330876,0.575296825275419,15,85,1,685.0,40607,7398,33209,0.03420365535248038,0.028919819872507135,56,263.5075596807512,685.0,5,8,False,"{4: 25, 2: 4, 1: 41, 0: 34, 3: 83}","{(0, 1): [(34, 41)], (0, 2): [(34, 17), (17, 4)], (0, 4): [(34, 37), (37, 25)], (1, 2): [(41, 18), (18, 4)], (1, 3): []}","{(4, 25): {'cpu': 5}, (2, 4): {'cpu': 16}, (1, 41): {'cpu': 12}, (0, 34): {'cpu': 13}, (3, 83): {'cpu': 18}}","{((0, 1), (34, 41)): {'bw': 6}, ((0, 2), (34, 17)): {'bw': 27}, ((0, 2), (17, 4)): {'bw': 27}, ((0, 4), (34, 37)): {'bw': 39}, ((0, 4), (37, 25)): {'bw': 39}, ((1, 2), (41, 18)): {'bw': 39}, ((1, 2), (18, 4)): {'bw': 39}}",0.0,0.0,281.0,64.0,217.0,0.0,0.0,0.0,0.0,0.0,0.0,0.0,0.0,0.0,Route Failure,2.991376868871267,"{'node_level': {}, 'link_level': {}, 'path_level': {}}","{'node_level': {4: {'cpu': -46}, 2: {'cpu': -57}, 1: {'cpu': -31}, 0: {'cpu': -80}, 3: {'cpu': -68}}, 'link_level': {(0, 1): {'bw': -46}, (0, 2): {'bw': -17}, (0, 4): {'bw': -28}, (1, 2): {'bw': -21}, (1, 3): {'bw': -32}}, 'path_level': {(0, 1): {'latency': -3.355895004581144}, (0, 2): {'latency': -2.865341453897048}, (0, 4): {'latency': -4.308856895955886}, (1, 2): {'latency': -7.0320244984757965}, (1, 3): {'latency': 2.991376868871267}}}","{'node_level': {4: {'cpu': 0}, 2: {'cpu': 0}, 1: {'cpu': 0}, 0: {'cpu': 0}, 3: {'cpu': 0}}, 'link_level': {(0, 1): {'bw': 0}, (0, 2): {'bw': 0}, (0, 4): {'bw': 0}, (1, 2): {'bw': 0}, (1, 3): {'bw': 0}}, 'path_level': {(0, 1): {'latency': 0}, (0, 2): {'latency': 0}, (0, 4): {'latency': 0}, (1, 2): {'latency': 0}, (1, 3): {'latency': 2.991376868871267}}}",[],0.0,0.0,True,False,False,0,[],0,0.0,5.0,5.0
58,15,8,1482.0,2511.0,918598.5936348467,1586167.3578620765,0.5902031063321386,0.5791309404279914,15,86,1,700.0,40538,7373,33165,0.03746736292428199,0.03020644482133461,57,832.5734048571513,700.0,2,1,True,"{0: 25, 1: 18}","{(0, 1): [(25, 73), (73, 18)]}","{(0, 25): {'cpu': 17}, (1, 18): {'cpu': 8}}","{((0, 1), (25, 73)): {'bw': 22}, ((0, 1), (73, 18)): {'bw': 22}}",69.0,47.0,47.0,25.0,22.0,25.0,22.0,25.0,44.0,22.0,0.6811594202898551,57447.56493514344,39130.95002828611,567.115217801248,Success,0.0,"{'node_level': {}, 'link_level': {}, 'path_level': {}}","{'node_level': {0: {'cpu': -34}, 1: {'cpu': -3}}, 'link_level': {(0, 1): {'bw': -21}}, 'path_level': {(0, 1): {'latency': -3.264984899585368}}}","{'node_level': {0: {'cpu': 0}, 1: {'cpu': 0}}, 'link_level': {(0, 1): {'bw': 0}}, 'path_level': {(0, 1): {'latency': 0}}}",[],0.0,0.0,True,True,False,0,[],0,0.0,2.0,1.0
59,15,8,1482.0,2511.0,918598.5936348467,1586167.3578620765,0.5902031063321386,0.5791309404279914,15,87,1,715.0,40538,7373,33165,0.03746736292428199,0.03020644482133461,58,362.5993729760375,715.0,7,10,False,"{1: 4, 6: 41, 0: 34, 4: 83, 5: 25, 2: 17, 3: 18}","{(0, 3): [(34, 18)], (0, 5): []}","{(1, 4): {'cpu': 11}, (6, 41): {'cpu': 8}, (0, 34): {'cpu': 6}, (4, 83): {'cpu': 3}, (5, 25): {'cpu': 20}, (2, 17): {'cpu': 4}, (3, 18): {'cpu': 2}}","{((0, 3), (34, 18)): {'bw': 44}}",0.0,0.0,289.0,54.0,235.0,0.0,0.0,0.0,0.0,0.0,0.0,0.0,0.0,0.0,Route Failure,6.631272944509558,"{'node_level': {}, 'link_level': {}, 'path_level': {}}","{'node_level': {1: {'cpu': -62}, 6: {'cpu': -35}, 0: {'cpu': -87}, 4: {'cpu': -83}, 5: {'cpu': -14}, 2: {'cpu': -13}, 3: {'cpu': -1}}, 'link_level': {(0, 3): {'bw': -22}, (0, 5): {'bw': -15}}, 'path_level': {(0, 3): {'latency': -3.1150984295029955}, (0, 5): {'latency': 6.631272944509558}}}","{'node_level': {1: {'cpu': 0}, 6: {'cpu': 0}, 0: {'cpu': 0}, 4: {'cpu': 0}, 5: {'cpu': 0}, 2: {'cpu': 0}, 3: {'cpu': 0}}, 'link_level': {(0, 3): {'bw': 0}, (0, 5): {'bw': 0}}, 'path_level': {(0, 3): {'latency': 0}, (0, 5): {'latency': 6.631272944509558}}}",[],0.0,0.0,True,False,False,0,[],0,0.0,7.0,2.0
60,16,9,1765.0,3033.0,1013790.6256264065,1761751.2472599358,0.581932080448401,0.5754448178783255,16,88,1,729.0,40016,7321,32695,0.044255874673629236,0.043949938592900195,59,336.36760421045864,729.0,6,9,True,"{3: 4, 4: 41, 0: 34, 1: 83, 5: 17, 2: 25}","{(0, 2): [(34, 37), (37, 25)], (0, 3): [(34, 18), (18, 4)], (1, 3): [(83, 4)], (1, 4): [(83, 76), (76, 41)], (1, 5): [(83, 4), (4, 17)], (2, 4): [(25, 13), (13, 3), (3, 41)], (3, 4): [(4, 17), (17, 34), (34, 41)], (3, 5): [(4, 17)], (4, 5): [(41, 3), (3, 30), (30, 17)]}","{(3, 4): {'cpu': 8}, (4, 41): {'cpu': 5}, (0, 34): {'cpu': 19}, (1, 83): {'cpu': 1}, (5, 17): {'cpu': 1}, (2, 25): {'cpu': 18}}","{((0, 2), (34, 37)): {'bw': 11}, ((0, 2), (37, 25)): {'bw': 11}, ((0, 3), (34, 18)): {'bw': 46}, ((0, 3), (18, 4)): {'bw': 46}, ((1, 3), (83, 4)): {'bw': 40}, ((1, 4), (83, 76)): {'bw': 32}, ((1, 4), (76, 41)): {'bw': 32}, ((1, 5), (83, 4)): {'bw': 14}, ((1, 5), (4, 17)): {'bw': 14}, ((2, 4), (25, 13)): {'bw': 17}, ((2, 4), (13, 3)): {'bw': 17}, ((2, 4), (3, 41)): {'bw': 17}, ((3, 4), (4, 17)): {'bw': 19}, ((3, 4), (17, 34)): {'bw': 19}, ((3, 4), (34, 41)): {'bw': 19}, ((3, 5), (4, 17)): {'bw': 20}, ((4, 5), (41, 3)): {'bw': 32}, ((4, 5), (3, 30)): {'bw': 32}, ((4, 5), (30, 17)): {'bw': 32}}",522.0,283.0,283.0,52.0,231.0,52.0,231.0,52.0,470.0,239.0,0.5421455938697318,175583.8893978594,95192.0319915598,182.360214543218,Success,0.0,"{'node_level': {}, 'link_level': {}, 'path_level': {}}","{'node_level': {3: {'cpu': -65}, 4: {'cpu': -38}, 0: {'cpu': -74}, 1: {'cpu': -85}, 5: {'cpu': -16}, 2: {'cpu': -16}}, 'link_level': {(0, 2): {'bw': -56}, (0, 3): {'bw': -14}, (1, 3): {'bw': -42}, (1, 4): {'bw': -58}, (1, 5): {'bw': -28}, (2, 4): {'bw': -46}, (3, 4): {'bw': -25}, (3, 5): {'bw': -43}, (4, 5): {'bw': -23}}, 'path_level': {(0, 2): {'latency': -3.385981846911542}, (0, 3): {'latency': -10.51078788261716}, (1, 3): {'latency': -13.313035361193991}, (1, 4): {'latency': -5.688997701567183}, (1, 5): {'latency': -5.663808824273003}, (2, 4): {'latency': -0.6833057360183838}, (3, 4): {'latency': -6.4785675843181725}, (3, 5): {'latency': -13.82238782142747}, (4, 5): {'latency': -3.1897432619828034}}}","{'node_level': {3: {'cpu': 0}, 4: {'cpu': 0}, 0: {'cpu': 0}, 1: {'cpu': 0}, 5: {'cpu': 0}, 2: {'cpu': 0}}, 'link_level': {(0, 2): {'bw': 0}, (0, 3): {'bw': 0}, (1, 3): {'bw': 0}, (1, 4): {'bw': 0}, (1, 5): {'bw': 0}, (2, 4): {'bw': 0}, (3, 4): {'bw': 0}, (3, 5): {'bw': 0}, (4, 5): {'bw': 0}}, 'path_level': {(0, 2): {'latency': 0}, (0, 3): {'latency': 0}, (1, 3): {'latency': 0}, (1, 4): {'latency': 0}, (1, 5): {'latency': 0}, (2, 4): {'latency': 0}, (3, 4): {'latency': 0}, (3, 5): {'latency': 0}, (4, 5): {'latency': 0}}}",[],0.0,0.0,True,True,False,0,[],0,0.0,6.0,9.0
61,16,9,1765.0,3033.0,1013790.6256264065,1761751.2472599358,0.581932080448401,0.5754448178783255,16,89,1,744.0,40016,7321,32695,0.044255874673629236,0.043949938592900195,60,1021.6209258740134,744.0,5,4,False,"{1: 94, 0: 61, 3: 72, 4: 90, 2: 99}","{(0, 1): []}","{(1, 94): {'cpu': 18}, (0, 61): {'cpu': 17}, (3, 72): {'cpu': 8}, (4, 90): {'cpu': 4}, (2, 99): {'cpu': 16}}",{},0.0,0.0,181.0,63.0,118.0,0.0,0.0,0.0,0.0,0.0,0.0,0.0,0.0,0.0,Route Failure,8.706243845858022,"{'node_level': {}, 'link_level': {}, 'path_level': {}}","{'node_level': {1: {'cpu': -10}, 0: {'cpu': -72}, 3: {'cpu': -55}, 4: {'cpu': -75}, 2: {'cpu': -54}}, 'link_level': {(0, 1): {'bw': -18}}, 'path_level': {(0, 1): {'latency': 8.706243845858022}}}","{'node_level': {1: {'cpu': 0}, 0: {'cpu': 0}, 3: {'cpu': 0}, 4: {'cpu': 0}, 2: {'cpu': 0}}, 'link_level': {(0, 1): {'bw': 0}}, 'path_level': {(0, 1): {'latency': 8.706243845858022}}}",[],0.0,0.0,True,False,False,0,[],0,0.0,5.0,1.0
62,16,9,1765.0,3033.0,1013790.6256264065,1761751.2472599358,0.581932080448401,0.5754448178783255,16,90,1,755.0,40016,7321,32695,0.044255874673629236,0.043949938592900195,61,1141.8412983709384,755.0,10,17,False,"{1: 94, 6: 61, 2: 72, 8: 90, 7: 99, 9: 86, 0: 28, 4: 63, 5: 49, 3: 33}","{(0, 1): [(28, 25), (25, 37), (37, 94)], (0, 6): [(28, 35), (35, 61)], (0, 7): [(28, 88), (88, 99)], (1, 2): [(94, 72)], (1, 4): [(94, 63)], (1, 5): [(94, 75), (75, 49)], (1, 6): [(94, 2), (2, 61)], (1, 9): [(94, 17), (17, 86)], (2, 3): [(72, 32), (32, 33)], (2, 4): [(72, 94), (94, 63)], (2, 7): [(72, 15), (15, 34), (34, 99)], (2, 8): [(72, 5), (5, 90)], (2, 9): []}","{(1, 94): {'cpu': 10}, (6, 61): {'cpu': 15}, (2, 72): {'cpu': 11}, (8, 90): {'cpu': 15}, (7, 99): {'cpu': 15}, (9, 86): {'cpu': 7}, (0, 28): {'cpu': 18}, (4, 63): {'cpu': 12}, (5, 49): {'cpu': 14}, (3, 33): {'cpu': 5}}","{((0, 1), (28, 25)): {'bw': 29}, ((0, 1), (25, 37)): {'bw': 29}, ((0, 1), (37, 94)): {'bw': 29}, ((0, 6), (28, 35)): {'bw': 24}, ((0, 6), (35, 61)): {'bw': 24}, ((0, 7), (28, 88)): {'bw': 6}, ((0, 7), (88, 99)): {'bw': 6}, ((1, 2), (94, 72)): {'bw': 13}, ((1, 4), (94, 63)): {'bw': 48}, ((1, 5), (94, 75)): {'bw': 49}, ((1, 5), (75, 49)): {'bw': 49}, ((1, 6), (94, 2)): {'bw': 47}, ((1, 6), (2, 61)): {'bw': 47}, ((1, 9), (94, 17)): {'bw': 40}, ((1, 9), (17, 86)): {'bw': 40}, ((2, 3), (72, 32)): {'bw': 44}, ((2, 3), (32, 33)): {'bw': 44}, ((2, 4), (72, 94)): {'bw': 8}, ((2, 4), (94, 63)): {'bw': 8}, ((2, 7), (72, 15)): {'bw': 31}, ((2, 7), (15, 34)): {'bw': 31}, ((2, 7), (34, 99)): {'bw': 31}, ((2, 8), (72, 5)): {'bw': 8}, ((2, 8), (5, 90)): {'bw': 8}}",0.0,0.0,607.0,122.0,485.0,0.0,0.0,0.0,0.0,0.0,0.0,0.0,0.0,0.0,Route Failure,3.8421812414965633,"{'node_level': {}, 'link_level': {}, 'path_level': {}}","{'node_level': {1: {'cpu': -18}, 6: {'cpu': -74}, 2: {'cpu': -52}, 8: {'cpu': -64}, 7: {'cpu': -55}, 9: {'cpu': -47}, 0: {'cpu': -65}, 4: {'cpu': -80}, 5: {'cpu': -38}, 3: {'cpu': -80}}, 'link_level': {(0, 1): {'bw': -31}, (0, 6): {'bw': -33}, (0, 7): {'bw': -52}, (1, 2): {'bw': -72}, (1, 4): {'bw': -44}, (1, 5): {'bw': -2}, (1, 6): {'bw': -18}, (1, 9): {'bw': -12}, (2, 3): {'bw': -34}, (2, 4): {'bw': -36}, (2, 7): {'bw': -35}, (2, 8): {'bw': -33}, (2, 9): {'bw': -14}}, 'path_level': {(0, 1): {'latency': -0.8564225722351217}, (0, 6): {'latency': -7.432526019282922}, (0, 7): {'latency': -1.918992016563239}, (1, 2): {'latency': -13.6498439803304}, (1, 4): {'latency': -8.973246634202653}, (1, 5): {'latency': -0.9671185010776657}, (1, 6): {'latency': -4.71375889838667}, (1, 9): {'latency': -4.6895813688644665}, (2, 3): {'latency': -1.1690573165454934}, (2, 4): {'latency': -5.125128044108173}, (2, 7): {'latency': -4.736003609664572}, (2, 8): {'latency': -7.233752631216818}, (2, 9): {'latency': 3.8421812414965633}}}","{'node_level': {1: {'cpu': 0}, 6: {'cpu': 0}, 2: {'cpu': 0}, 8: {'cpu': 0}, 7: {'cpu': 0}, 9: {'cpu': 0}, 0: {'cpu': 0}, 4: {'cpu': 0}, 5: {'cpu': 0}, 3: {'cpu': 0}}, 'link_level': {(0, 1): {'bw': 0}, (0, 6): {'bw': 0}, (0, 7): {'bw': 0}, (1, 2): {'bw': 0}, (1, 4): {'bw': 0}, (1, 5): {'bw': 0}, (1, 6): {'bw': 0}, (1, 9): {'bw': 0}, (2, 3): {'bw': 0}, (2, 4): {'bw': 0}, (2, 7): {'bw': 0}, (2, 8): {'bw': 0}, (2, 9): {'bw': 0}}, 'path_level': {(0, 1): {'latency': 0}, (0, 6): {'latency': 0}, (0, 7): {'latency': 0}, (1, 2): {'latency': 0}, (1, 4): {'latency': 0}, (1, 5): {'latency': 0}, (1, 6): {'latency': 0}, (1, 9): {'latency': 0}, (2, 3): {'latency': 0}, (2, 4): {'latency': 0}, (2, 7): {'latency': 0}, (2, 8): {'latency': 0}, (2, 9): {'latency': 3.8421812414965633}}}",[],0.0,0.0,True,False,False,0,[],0,0.0,10.0,13.0
63,16,9,1765.0,3033.0,1013790.6256264065,1761751.2472599358,0.581932080448401,0.5754448178783255,16,91,1,760.0,40016,7321,32695,0.044255874673629236,0.043949938592900195,62,74.93597089107004,760.0,7,9,False,"{5: 94, 2: 61, 6: 72, 4: 90, 3: 99, 0: 86, 1: 28}","{(0, 5): [(86, 17), (17, 94)], (1, 2): [(28, 85), (85, 61)], (1, 4): [(28, 90)], (2, 4): [(61, 22), (22, 90)], (2, 5): [(61, 2), (2, 94)], (3, 6): []}","{(5, 94): {'cpu': 19}, (2, 61): {'cpu': 16}, (6, 72): {'cpu': 13}, (4, 90): {'cpu': 4}, (3, 99): {'cpu': 18}, (0, 86): {'cpu': 16}, (1, 28): {'cpu': 10}}","{((0, 5), (86, 17)): {'bw': 46}, ((0, 5), (17, 94)): {'bw': 46}, ((1, 2), (28, 85)): {'bw': 41}, ((1, 2), (85, 61)): {'bw': 41}, ((1, 4), (28, 90)): {'bw': 13}, ((2, 4), (61, 22)): {'bw': 21}, ((2, 4), (22, 90)): {'bw': 21}, ((2, 5), (61, 2)): {'bw': 42}, ((2, 5), (2, 94)): {'bw': 42}}",0.0,0.0,384.0,96.0,288.0,0.0,0.0,0.0,0.0,0.0,0.0,0.0,0.0,0.0,Route Failure,8.792108510408806,"{'node_level': {}, 'link_level': {}, 'path_level': {}}","{'node_level': {5: {'cpu': -9}, 2: {'cpu': -73}, 6: {'cpu': -50}, 4: {'cpu': -75}, 3: {'cpu': -52}, 0: {'cpu': -38}, 1: {'cpu': -73}}, 'link_level': {(0, 5): {'bw': -6}, (1, 2): {'bw': -20}, (1, 4): {'bw': -63}, (2, 4): {'bw': -57}, (2, 5): {'bw': -23}, (3, 6): {'bw': -22}}, 'path_level': {(0, 5): {'latency': -5.6830691864589795}, (1, 2): {'latency': -0.2500256193115753}, (1, 4): {'latency': -5.659262508196807}, (2, 4): {'latency': -7.399111754392307}, (2, 5): {'latency': -0.21924924603596274}, (3, 6): {'latency': 8.792108510408806}}}","{'node_level': {5: {'cpu': 0}, 2: {'cpu': 0}, 6: {'cpu': 0}, 4: {'cpu': 0}, 3: {'cpu': 0}, 0: {'cpu': 0}, 1: {'cpu': 0}}, 'link_level': {(0, 5): {'bw': 0}, (1, 2): {'bw': 0}, (1, 4): {'bw': 0}, (2, 4): {'bw': 0}, (2, 5): {'bw': 0}, (3, 6): {'bw': 0}}, 'path_level': {(0, 5): {'latency': 0}, (1, 2): {'latency': 0}, (1, 4): {'latency': 0}, (2, 4): {'latency': 0}, (2, 5): {'latency': 0}, (3, 6): {'latency': 8.792108510408806}}}",[],0.0,0.0,True,False,False,0,[],0,0.0,7.0,6.0
64,16,9,1765.0,3033.0,1013790.6256264065,1761751.2472599358,0.581932080448401,0.5754448178783255,16,92,1,770.0,40016,7321,32695,0.044255874673629236,0.043949938592900195,63,653.8425095824754,770.0,10,21,False,"{8: 94, 0: 61, 3: 72, 9: 90, 5: 99, 7: 86, 2: 28, 4: 63, 1: 49, 6: 33}","{(0, 2): [(61, 35), (35, 28)], (0, 5): [(61, 1), (1, 89), (89, 99)], (0, 6): [(61, 1), (1, 33)], (0, 7): []}","{(8, 94): {'cpu': 7}, (0, 61): {'cpu': 9}, (3, 72): {'cpu': 13}, (9, 90): {'cpu': 20}, (5, 99): {'cpu': 4}, (7, 86): {'cpu': 3}, (2, 28): {'cpu': 18}, (4, 63): {'cpu': 12}, (1, 49): {'cpu': 15}, (6, 33): {'cpu': 16}}","{((0, 2), (61, 35)): {'bw': 23}, ((0, 2), (35, 28)): {'bw': 23}, ((0, 5), (61, 1)): {'bw': 12}, ((0, 5), (1, 89)): {'bw': 12}, ((0, 5), (89, 99)): {'bw': 12}, ((0, 6), (61, 1)): {'bw': 10}, ((0, 6), (1, 33)): {'bw': 10}}",0.0,0.0,554.0,117.0,437.0,0.0,0.0,0.0,0.0,0.0,0.0,0.0,0.0,0.0,Route Failure,4.409703690938244,"{'node_level': {}, 'link_level': {}, 'path_level': {}}","{'node_level': {8: {'cpu': -21}, 0: {'cpu': -80}, 3: {'cpu': -50}, 9: {'cpu': -59}, 5: {'cpu': -66}, 7: {'cpu': -51}, 2: {'cpu': -65}, 4: {'cpu': -80}, 1: {'cpu': -37}, 6: {'cpu': -69}}, 'link_level': {(0, 2): {'bw': -34}, (0, 5): {'bw': -43}, (0, 6): {'bw': -37}, (0, 7): {'bw': -25}}, 'path_level': {(0, 2): {'latency': -4.603849516565247}, (0, 5): {'latency': -5.329821579371375}, (0, 6): {'latency': -7.2722404165731005}, (0, 7): {'latency': 4.409703690938244}}}","{'node_level': {8: {'cpu': 0}, 0: {'cpu': 0}, 3: {'cpu': 0}, 9: {'cpu': 0}, 5: {'cpu': 0}, 7: {'cpu': 0}, 2: {'cpu': 0}, 4: {'cpu': 0}, 1: {'cpu': 0}, 6: {'cpu': 0}}, 'link_level': {(0, 2): {'bw': 0}, (0, 5): {'bw': 0}, (0, 6): {'bw': 0}, (0, 7): {'bw': 0}}, 'path_level': {(0, 2): {'latency': 0}, (0, 5): {'latency': 0}, (0, 6): {'latency': 0}, (0, 7): {'latency': 4.409703690938244}}}",[],0.0,0.0,True,False,False,0,[],0,0.0,10.0,4.0
65,16,9,1765.0,3033.0,1013790.6256264065,1761751.2472599358,0.581932080448401,0.5754448178783255,16,93,1,783.0,40016,7321,32695,0.044255874673629236,0.043949938592900195,64,416.6006006827282,783.0,8,10,False,"{5: 94, 7: 61, 6: 72, 1: 90, 0: 99, 2: 86, 3: 28, 4: 63}","{(0, 4): [(99, 63)], (0, 5): []}","{(5, 94): {'cpu': 5}, (7, 61): {'cpu': 5}, (6, 72): {'cpu': 3}, (1, 90): {'cpu': 6}, (0, 99): {'cpu': 15}, (2, 86): {'cpu': 7}, (3, 28): {'cpu': 7}, (4, 63): {'cpu': 7}}","{((0, 4), (99, 63)): {'bw': 1}}",0.0,0.0,343.0,55.0,288.0,0.0,0.0,0.0,0.0,0.0,0.0,0.0,0.0,0.0,Route Failure,4.387153524016792,"{'node_level': {}, 'link_level': {}, 'path_level': {}}","{'node_level': {5: {'cpu': -23}, 7: {'cpu': -84}, 6: {'cpu': -60}, 1: {'cpu': -73}, 0: {'cpu': -55}, 2: {'cpu': -47}, 3: {'cpu': -76}, 4: {'cpu': -85}}, 'link_level': {(0, 4): {'bw': -52}, (0, 5): {'bw': -25}}, 'path_level': {(0, 4): {'latency': -4.642802600816713}, (0, 5): {'latency': 4.387153524016792}}}","{'node_level': {5: {'cpu': 0}, 7: {'cpu': 0}, 6: {'cpu': 0}, 1: {'cpu': 0}, 0: {'cpu': 0}, 2: {'cpu': 0}, 3: {'cpu': 0}, 4: {'cpu': 0}}, 'link_level': {(0, 4): {'bw': 0}, (0, 5): {'bw': 0}}, 'path_level': {(0, 4): {'latency': 0}, (0, 5): {'latency': 4.387153524016792}}}",[],0.0,0.0,True,False,False,0,[],0,0.0,8.0,2.0
66,16,9,1765.0,3033.0,1013790.6256264065,1761751.2472599358,0.581932080448401,0.5754448178783255,16,94,1,793.0,40016,7321,32695,0.044255874673629236,0.043949938592900195,65,1108.147460785588,793.0,9,22,False,"{2: 94, 5: 61, 3: 72, 0: 90, 8: 99, 4: 86, 6: 28, 1: 63, 7: 49}","{(0, 1): [(90, 9), (9, 96), (96, 63)], (0, 3): [(90, 5), (5, 72)], (0, 4): [(90, 27), (27, 86)], (0, 5): [(90, 22), (22, 61)], (0, 6): [(90, 28)], (1, 2): [(63, 94)], (1, 3): [(63, 94), (94, 72)], (1, 6): [(63, 21), (21, 28)], (2, 3): [(94, 72)], (2, 4): []}","{(2, 94): {'cpu': 2}, (5, 61): {'cpu': 13}, (3, 72): {'cpu': 12}, (0, 90): {'cpu': 8}, (8, 99): {'cpu': 17}, (4, 86): {'cpu': 5}, (6, 28): {'cpu': 13}, (1, 63): {'cpu': 4}, (7, 49): {'cpu': 8}}","{((0, 1), (90, 9)): {'bw': 28}, ((0, 1), (9, 96)): {'bw': 28}, ((0, 1), (96, 63)): {'bw': 28}, ((0, 3), (90, 5)): {'bw': 23}, ((0, 3), (5, 72)): {'bw': 23}, ((0, 4), (90, 27)): {'bw': 39}, ((0, 4), (27, 86)): {'bw': 39}, ((0, 5), (90, 22)): {'bw': 30}, ((0, 5), (22, 61)): {'bw': 30}, ((0, 6), (90, 28)): {'bw': 16}, ((1, 2), (63, 94)): {'bw': 1}, ((1, 3), (63, 94)): {'bw': 30}, ((1, 3), (94, 72)): {'bw': 30}, ((1, 6), (63, 21)): {'bw': 7}, ((1, 6), (21, 28)): {'bw': 7}, ((2, 3), (94, 72)): {'bw': 38}}",0.0,0.0,594.0,82.0,512.0,0.0,0.0,0.0,0.0,0.0,0.0,0.0,0.0,0.0,Route Failure,5.6912797165357105,"{'node_level': {}, 'link_level': {}, 'path_level': {}}","{'node_level': {2: {'cpu': -26}, 5: {'cpu': -76}, 3: {'cpu': -51}, 0: {'cpu': -71}, 8: {'cpu': -53}, 4: {'cpu': -49}, 6: {'cpu': -70}, 1: {'cpu': -88}, 7: {'cpu': -44}}, 'link_level': {(0, 1): {'bw': -40}, (0, 3): {'bw': -18}, (0, 4): {'bw': -19}, (0, 5): {'bw': -48}, (0, 6): {'bw': -60}, (1, 2): {'bw': -91}, (1, 3): {'bw': -55}, (1, 6): {'bw': -20}, (2, 3): {'bw': -17}, (2, 4): {'bw': -17}}, 'path_level': {(0, 1): {'latency': -1.6611027818451998}, (0, 3): {'latency': -1.7754467203660642}, (0, 4): {'latency': -5.540053348306955}, (0, 5): {'latency': -5.558977225775815}, (0, 6): {'latency': -2.784907546358661}, (1, 2): {'latency': -3.8876186484092585}, (1, 3): {'latency': -0.003371144521557845}, (1, 6): {'latency': -9.750643975872865}, (2, 3): {'latency': -6.148946951575944}, (2, 4): {'latency': 5.6912797165357105}}}","{'node_level': {2: {'cpu': 0}, 5: {'cpu': 0}, 3: {'cpu': 0}, 0: {'cpu': 0}, 8: {'cpu': 0}, 4: {'cpu': 0}, 6: {'cpu': 0}, 1: {'cpu': 0}, 7: {'cpu': 0}}, 'link_level': {(0, 1): {'bw': 0}, (0, 3): {'bw': 0}, (0, 4): {'bw': 0}, (0, 5): {'bw': 0}, (0, 6): {'bw': 0}, (1, 2): {'bw': 0}, (1, 3): {'bw': 0}, (1, 6): {'bw': 0}, (2, 3): {'bw': 0}, (2, 4): {'bw': 0}}, 'path_level': {(0, 1): {'latency': 0}, (0, 3): {'latency': 0}, (0, 4): {'latency': 0}, (0, 5): {'latency': 0}, (0, 6): {'latency': 0}, (1, 2): {'latency': 0}, (1, 3): {'latency': 0}, (1, 6): {'latency': 0}, (2, 3): {'latency': 0}, (2, 4): {'latency': 5.6912797165357105}}}",[],0.0,0.0,True,False,False,0,[],0,0.0,9.0,10.0
67,17,10,1780.0,3053.0,1016642.138320127,1765553.2641848964,0.5830330822142156,0.5758207123756647,17,95,1,807.0,39996,7311,32685,0.045561357702349814,0.04424235335399729,66,190.10084624803153,807.0,2,1,True,"{1: 94, 0: 61}","{(0, 1): [(61, 37), (37, 94)]}","{(1, 94): {'cpu': 8}, (0, 61): {'cpu': 2}}","{((0, 1), (61, 37)): {'bw': 5}, ((0, 1), (37, 94)): {'bw': 5}}",20.0,15.0,15.0,10.0,5.0,10.0,5.0,10.0,10.0,5.0,0.75,3802.0169249606306,2851.512693720473,142.57563468602365,Success,0.0,"{'node_level': {}, 'link_level': {}, 'path_level': {}}","{'node_level': {1: {'cpu': -20}, 0: {'cpu': -87}}, 'link_level': {(0, 1): {'bw': -58}}, 'path_level': {(0, 1): {'latency': -0.49512819259956853}}}","{'node_level': {1: {'cpu': 0}, 0: {'cpu': 0}}, 'link_level': {(0, 1): {'bw': 0}}, 'path_level': {(0, 1): {'latency': 0}}}",[],0.0,0.0,True,True,False,0,[],0,0.0,2.0,1.0
67,17,9,1780.0,3053.0,1016642.138320127,1765553.2641848964,0.5830330822142156,0.5758207123756647,17,96,0,809.652423677221,40105,7344,32761,0.04125326370757176,0.042020001169659094,2,772.652423677221,37.0,3,2,False,{},{},{},{},0.0,0.0,0.0,0.0,0.0,0.0,0.0,0.0,0.0,0.0,0.0,0.0,0.0,0.0,Leave Event,0.0,"{'node_level': {}, 'link_level': {}, 'path_level': {}}","{'node_level': {}, 'link_level': {}, 'path_level': {}}","{'node_level': {}, 'link_level': {}, 'path_level': {}}",[],0.0,0.0,True,True,False,0,[],0,0.0,,
68,17,9,1780.0,3053.0,1016642.138320127,1765553.2641848964,0.5830330822142156,0.5758207123756647,17,97,1,821.0,40105,7344,32761,0.04125326370757176,0.042020001169659094,67,700.9181570064889,821.0,6,5,False,"{5: 25, 1: 61, 0: 86, 2: 72, 3: 90, 4: 99}","{(0, 2): [(86, 0), (0, 47), (47, 72)], (1, 4): []}","{(5, 25): {'cpu': 2}, (1, 61): {'cpu': 11}, (0, 86): {'cpu': 10}, (2, 72): {'cpu': 6}, (3, 90): {'cpu': 11}, (4, 99): {'cpu': 7}}","{((0, 2), (86, 0)): {'bw': 32}, ((0, 2), (0, 47)): {'bw': 32}, ((0, 2), (47, 72)): {'bw': 32}}",0.0,0.0,172.0,47.0,125.0,0.0,0.0,0.0,0.0,0.0,0.0,0.0,0.0,0.0,Route Failure,7.044973376930445,"{'node_level': {}, 'link_level': {}, 'path_level': {}}","{'node_level': {5: {'cpu': -26}, 1: {'cpu': -76}, 0: {'cpu': -44}, 2: {'cpu': -57}, 3: {'cpu': -68}, 4: {'cpu': -63}}, 'link_level': {(0, 2): {'bw': -43}, (1, 4): {'bw': -50}}, 'path_level': {(0, 2): {'latency': -5.343085603513963}, (1, 4): {'latency': 7.044973376930445}}}","{'node_level': {5: {'cpu': 0}, 1: {'cpu': 0}, 0: {'cpu': 0}, 2: {'cpu': 0}, 3: {'cpu': 0}, 4: {'cpu': 0}}, 'link_level': {(0, 2): {'bw': 0}, (1, 4): {'bw': 0}}, 'path_level': {(0, 2): {'latency': 0}, (1, 4): {'latency': 7.044973376930445}}}",[],0.0,0.0,True,False,False,0,[],0,0.0,6.0,2.0
69,17,9,1780.0,3053.0,1016642.138320127,1765553.2641848964,0.5830330822142156,0.5758207123756647,17,98,1,834.0,40105,7344,32761,0.04125326370757176,0.042020001169659094,68,163.7189441266352,834.0,8,16,False,"{2: 25, 1: 61, 3: 86, 7: 72, 0: 90, 4: 99, 6: 94, 5: 28}","{(0, 1): []}","{(2, 25): {'cpu': 15}, (1, 61): {'cpu': 16}, (3, 86): {'cpu': 12}, (7, 72): {'cpu': 20}, (0, 90): {'cpu': 8}, (4, 99): {'cpu': 13}, (6, 94): {'cpu': 3}, (5, 28): {'cpu': 9}}",{},0.0,0.0,525.0,96.0,429.0,0.0,0.0,0.0,0.0,0.0,0.0,0.0,0.0,0.0,Route Failure,5.784121280240078,"{'node_level': {}, 'link_level': {}, 'path_level': {}}","{'node_level': {2: {'cpu': -13}, 1: {'cpu': -71}, 3: {'cpu': -42}, 7: {'cpu': -43}, 0: {'cpu': -71}, 4: {'cpu': -57}, 6: {'cpu': -17}, 5: {'cpu': -74}}, 'link_level': {(0, 1): {'bw': -11}}, 'path_level': {(0, 1): {'latency': 5.784121280240078}}}","{'node_level': {2: {'cpu': 0}, 1: {'cpu': 0}, 3: {'cpu': 0}, 7: {'cpu': 0}, 0: {'cpu': 0}, 4: {'cpu': 0}, 6: {'cpu': 0}, 5: {'cpu': 0}}, 'link_level': {(0, 1): {'bw': 0}}, 'path_level': {(0, 1): {'latency': 5.784121280240078}}}",[],0.0,0.0,True,False,False,0,[],0,0.0,8.0,1.0
69,17,9,1780.0,3053.0,1016642.138320127,1765553.2641848964,0.5830330822142156,0.5758207123756647,17,99,0,834.93597089107,40105,7344,32761,0.04125326370757176,0.042020001169659094,62,74.93597089107004,760.0,7,9,False,{},{},{},{},0.0,0.0,0.0,0.0,0.0,0.0,0.0,0.0,0.0,0.0,0.0,0.0,0.0,0.0,Leave Event,0.0,"{'node_level': {}, 'link_level': {}, 'path_level': {}}","{'node_level': {}, 'link_level': {}, 'path_level': {}}","{'node_level': {}, 'link_level': {}, 'path_level': {}}",[],0.0,0.0,True,True,False,0,[],0,0.0,,
70,17,9,1780.0,3053.0,1016642.138320127,1765553.2641848964,0.5830330822142156,0.5758207123756647,17,100,1,847.0,40105,7344,32761,0.04125326370757176,0.042020001169659094,69,63.67622414963592,847.0,10,17,False,"{9: 25, 2: 61, 1: 86, 6: 72, 8: 90, 0: 99, 3: 94, 4: 28, 7: 26, 5: 63}","{(0, 1): [(99, 77), (77, 86)], (0, 2): [(99, 34), (34, 37), (37, 61)], (0, 5): [(99, 63)], (0, 6): []}","{(9, 25): {'cpu': 20}, (2, 61): {'cpu': 11}, (1, 86): {'cpu': 17}, (6, 72): {'cpu': 5}, (8, 90): {'cpu': 13}, (0, 99): {'cpu': 12}, (3, 94): {'cpu': 18}, (4, 28): {'cpu': 7}, (7, 26): {'cpu': 2}, (5, 63): {'cpu': 13}}","{((0, 1), (99, 77)): {'bw': 3}, ((0, 1), (77, 86)): {'bw': 3}, ((0, 2), (99, 34)): {'bw': 39}, ((0, 2), (34, 37)): {'bw': 39}, ((0, 2), (37, 61)): {'bw': 39}, ((0, 5), (99, 63)): {'bw': 17}}",0.0,0.0,587.0,118.0,469.0,0.0,0.0,0.0,0.0,0.0,0.0,0.0,0.0,0.0,Route Failure,5.807014401955245,"{'node_level': {}, 'link_level': {}, 'path_level': {}}","{'node_level': {9: {'cpu': -8}, 2: {'cpu': -76}, 1: {'cpu': -37}, 6: {'cpu': -58}, 8: {'cpu': -66}, 0: {'cpu': -58}, 3: {'cpu': -2}, 4: {'cpu': -76}, 7: {'cpu': -78}, 5: {'cpu': -79}}, 'link_level': {(0, 1): {'bw': -57}, (0, 2): {'bw': -17}, (0, 5): {'bw': -36}, (0, 6): {'bw': -67}}, 'path_level': {(0, 1): {'latency': -7.844557068724746}, (0, 2): {'latency': -1.333612527353349}, (0, 5): {'latency': -5.812445210526751}, (0, 6): {'latency': 5.807014401955245}}}","{'node_level': {9: {'cpu': 0}, 2: {'cpu': 0}, 1: {'cpu': 0}, 6: {'cpu': 0}, 8: {'cpu': 0}, 0: {'cpu': 0}, 3: {'cpu': 0}, 4: {'cpu': 0}, 7: {'cpu': 0}, 5: {'cpu': 0}}, 'link_level': {(0, 1): {'bw': 0}, (0, 2): {'bw': 0}, (0, 5): {'bw': 0}, (0, 6): {'bw': 0}}, 'path_level': {(0, 1): {'latency': 0}, (0, 2): {'latency': 0}, (0, 5): {'latency': 0}, (0, 6): {'latency': 5.807014401955245}}}",[],0.0,0.0,True,False,False,0,[],0,0.0,10.0,4.0
71,17,9,1780.0,3053.0,1016642.138320127,1765553.2641848964,0.5830330822142156,0.5758207123756647,17,101,1,859.0,40105,7344,32761,0.04125326370757176,0.042020001169659094,70,128.72583862940257,859.0,6,10,False,"{2: 25, 3: 61, 5: 86, 0: 72, 4: 90, 1: 99}","{(0, 1): [(72, 15), (15, 34), (34, 99)], (0, 2): [(72, 78), (78, 25)], (0, 3): [(72, 0), (0, 1), (1, 61)], (0, 5): [(72, 0), (0, 86)], (1, 4): [(99, 89), (89, 90)], (2, 3): []}","{(2, 25): {'cpu': 14}, (3, 61): {'cpu': 9}, (5, 86): {'cpu': 10}, (0, 72): {'cpu': 15}, (4, 90): {'cpu': 15}, (1, 99): {'cpu': 13}}","{((0, 1), (72, 15)): {'bw': 24}, ((0, 1), (15, 34)): {'bw': 24}, ((0, 1), (34, 99)): {'bw': 24}, ((0, 2), (72, 78)): {'bw': 26}, ((0, 2), (78, 25)): {'bw': 26}, ((0, 3), (72, 0)): {'bw': 6}, ((0, 3), (0, 1)): {'bw': 6}, ((0, 3), (1, 61)): {'bw': 6}, ((0, 5), (72, 0)): {'bw': 17}, ((0, 5), (0, 86)): {'bw': 17}, ((1, 4), (99, 89)): {'bw': 5}, ((1, 4), (89, 90)): {'bw': 5}}",0.0,0.0,339.0,76.0,263.0,0.0,0.0,0.0,0.0,0.0,0.0,0.0,0.0,0.0,Route Failure,6.0,"{'node_level': {}, 'link_level': {}, 'path_level': {}}","{'node_level': {2: {'cpu': -14}, 3: {'cpu': -78}, 5: {'cpu': -44}, 0: {'cpu': -48}, 4: {'cpu': -64}, 1: {'cpu': -57}}, 'link_level': {(0, 1): {'bw': -42}, (0, 2): {'bw': -51}, (0, 3): {'bw': -20}, (0, 5): {'bw': -3}, (1, 4): {'bw': -50}, (2, 3): {'bw': 6}}, 'path_level': {(0, 1): {'latency': -1.983183878160916}, (0, 2): {'latency': -5.594012125517963}, (0, 3): {'latency': -2.4770224937001704}, (0, 5): {'latency': -8.946051091533146}, (1, 4): {'latency': -0.6000365888855432}, (2, 3): {'latency': 4.533869676293174}}}","{'node_level': {2: {'cpu': 0}, 3: {'cpu': 0}, 5: {'cpu': 0}, 0: {'cpu': 0}, 4: {'cpu': 0}, 1: {'cpu': 0}}, 'link_level': {(0, 1): {'bw': 0}, (0, 2): {'bw': 0}, (0, 3): {'bw': 0}, (0, 5): {'bw': 0}, (1, 4): {'bw': 0}, (2, 3): {'bw': 6}}, 'path_level': {(0, 1): {'latency': 0}, (0, 2): {'latency': 0}, (0, 3): {'latency': 0}, (0, 5): {'latency': 0}, (1, 4): {'latency': 0}, (2, 3): {'latency': 4.533869676293174}}}",[],0.0,0.0,True,False,False,0,[],0,0.0,6.0,6.0
71,17,9,1780.0,3053.0,1016642.138320127,1765553.2641848964,0.5830330822142156,0.5758207123756647,17,102,0,863.1617774667865,40105,7344,32761,0.04125326370757176,0.042020001169659094,36,412.1617774667865,451.0,5,5,False,{},{},{},{},0.0,0.0,0.0,0.0,0.0,0.0,0.0,0.0,0.0,0.0,0.0,0.0,0.0,0.0,Leave Event,0.0,"{'node_level': {}, 'link_level': {}, 'path_level': {}}","{'node_level': {}, 'link_level': {}, 'path_level': {}}","{'node_level': {}, 'link_level': {}, 'path_level': {}}",[],0.0,0.0,True,True,False,0,[],0,0.0,,
72,17,9,1780.0,3053.0,1016642.138320127,1765553.2641848964,0.5830330822142156,0.5758207123756647,17,103,1,869.0,40105,7344,32761,0.04125326370757176,0.042020001169659094,71,743.5473794887002,869.0,10,31,False,"{5: 25, 2: 61, 9: 86, 1: 72, 3: 90, 8: 99, 4: 94, 7: 28, 0: 26, 6: 63}","{(0, 2): [(26, 35), (35, 61)], (0, 3): [(26, 90)], (0, 4): [(26, 94)], (0, 5): [(26, 25)], (0, 7): [(26, 21), (21, 28)], (0, 8): [(26, 82), (82, 99)], (1, 2): [(72, 15), (15, 1), (1, 61)], (1, 3): [(72, 5), (5, 90)], (1, 5): [(72, 78), (78, 25)], (1, 7): [(72, 45), (45, 28)], (1, 9): []}","{(5, 25): {'cpu': 9}, (2, 61): {'cpu': 18}, (9, 86): {'cpu': 13}, (1, 72): {'cpu': 19}, (3, 90): {'cpu': 20}, (8, 99): {'cpu': 18}, (4, 94): {'cpu': 15}, (7, 28): {'cpu': 6}, (0, 26): {'cpu': 7}, (6, 63): {'cpu': 2}}","{((0, 2), (26, 35)): {'bw': 48}, ((0, 2), (35, 61)): {'bw': 48}, ((0, 3), (26, 90)): {'bw': 12}, ((0, 4), (26, 94)): {'bw': 20}, ((0, 5), (26, 25)): {'bw': 2}, ((0, 7), (26, 21)): {'bw': 10}, ((0, 7), (21, 28)): {'bw': 10}, ((0, 8), (26, 82)): {'bw': 5}, ((0, 8), (82, 99)): {'bw': 5}, ((1, 2), (72, 15)): {'bw': 50}, ((1, 2), (15, 1)): {'bw': 50}, ((1, 2), (1, 61)): {'bw': 50}, ((1, 3), (72, 5)): {'bw': 9}, ((1, 3), (5, 90)): {'bw': 9}, ((1, 5), (72, 78)): {'bw': 45}, ((1, 5), (78, 25)): {'bw': 45}, ((1, 7), (72, 45)): {'bw': 40}, ((1, 7), (45, 28)): {'bw': 40}}",0.0,0.0,981.0,127.0,854.0,0.0,0.0,0.0,0.0,0.0,0.0,0.0,0.0,0.0,Route Failure,7.0,"{'node_level': {}, 'link_level': {}, 'path_level': {}}","{'node_level': {5: {'cpu': -19}, 2: {'cpu': -69}, 9: {'cpu': -41}, 1: {'cpu': -44}, 3: {'cpu': -59}, 8: {'cpu': -52}, 4: {'cpu': -5}, 7: {'cpu': -77}, 0: {'cpu': -73}, 6: {'cpu': -90}}, 'link_level': {(0, 2): {'bw': -14}, (0, 3): {'bw': -55}, (0, 4): {'bw': -41}, (0, 5): {'bw': -22}, (0, 7): {'bw': -17}, (0, 8): {'bw': -64}, (1, 2): {'bw': -9}, (1, 3): {'bw': -32}, (1, 5): {'bw': -32}, (1, 7): {'bw': -27}, (1, 9): {'bw': 7}}, 'path_level': {(0, 2): {'latency': -2.153659287655506}, (0, 3): {'latency': -6.166477983334243}, (0, 4): {'latency': -7.644613463543111}, (0, 5): {'latency': -12.33178961174129}, (0, 7): {'latency': -6.347769908266548}, (0, 8): {'latency': -0.9662377456326494}, (1, 2): {'latency': -3.1147008671428384}, (1, 3): {'latency': -5.445510045931185}, (1, 5): {'latency': -3.1180283452784483}, (1, 7): {'latency': -4.811907029486804}, (1, 9): {'latency': -0.6947903940404458}}}","{'node_level': {5: {'cpu': 0}, 2: {'cpu': 0}, 9: {'cpu': 0}, 1: {'cpu': 0}, 3: {'cpu': 0}, 8: {'cpu': 0}, 4: {'cpu': 0}, 7: {'cpu': 0}, 0: {'cpu': 0}, 6: {'cpu': 0}}, 'link_level': {(0, 2): {'bw': 0}, (0, 3): {'bw': 0}, (0, 4): {'bw': 0}, (0, 5): {'bw': 0}, (0, 7): {'bw': 0}, (0, 8): {'bw': 0}, (1, 2): {'bw': 0}, (1, 3): {'bw': 0}, (1, 5): {'bw': 0}, (1, 7): {'bw': 0}, (1, 9): {'bw': 7}}, 'path_level': {(0, 2): {'latency': 0}, (0, 3): {'latency': 0}, (0, 4): {'latency': 0}, (0, 5): {'latency': 0}, (0, 7): {'latency': 0}, (0, 8): {'latency': 0}, (1, 2): {'latency': 0}, (1, 3): {'latency': 0}, (1, 5): {'latency': 0}, (1, 7): {'latency': 0}, (1, 9): {'latency': 0}}}",[],0.0,0.0,True,False,False,0,[],0,0.0,10.0,11.0
73,17,9,1780.0,3053.0,1016642.138320127,1765553.2641848964,0.5830330822142156,0.5758207123756647,17,104,1,884.0,40105,7344,32761,0.04125326370757176,0.042020001169659094,72,774.7800831544495,884.0,3,2,False,"{2: 25, 0: 61, 1: 86}","{(0, 2): []}","{(2, 25): {'cpu': 2}, (0, 61): {'cpu': 18}, (1, 86): {'cpu': 19}}",{},0.0,0.0,111.0,39.0,72.0,0.0,0.0,0.0,0.0,0.0,0.0,0.0,0.0,0.0,Route Failure,2.886681513184646,"{'node_level': {}, 'link_level': {}, 'path_level': {}}","{'node_level': {2: {'cpu': -26}, 0: {'cpu': -69}, 1: {'cpu': -35}}, 'link_level': {(0, 2): {'bw': -26}}, 'path_level': {(0, 2): {'latency': 2.886681513184646}}}","{'node_level': {2: {'cpu': 0}, 0: {'cpu': 0}, 1: {'cpu': 0}}, 'link_level': {(0, 2): {'bw': 0}}, 'path_level': {(0, 2): {'latency': 2.886681513184646}}}",[],0.0,0.0,True,False,False,0,[],0,0.0,3.0,1.0
74,17,9,1780.0,3053.0,1016642.138320127,1765553.2641848964,0.5830330822142156,0.5758207123756647,17,105,1,895.0,40105,7344,32761,0.04125326370757176,0.042020001169659094,73,525.9479711088144,895.0,7,14,False,"{6: 25, 2: 61, 0: 86, 4: 72, 1: 90, 5: 99, 3: 94}","{(0, 1): []}","{(6, 25): {'cpu': 19}, (2, 61): {'cpu': 14}, (0, 86): {'cpu': 15}, (4, 72): {'cpu': 20}, (1, 90): {'cpu': 9}, (5, 99): {'cpu': 6}, (3, 94): {'cpu': 5}}",{},0.0,0.0,450.0,88.0,362.0,0.0,0.0,0.0,0.0,0.0,0.0,0.0,0.0,0.0,Route Failure,2.381451814767618,"{'node_level': {}, 'link_level': {}, 'path_level': {}}","{'node_level': {6: {'cpu': -9}, 2: {'cpu': -73}, 0: {'cpu': -39}, 4: {'cpu': -43}, 1: {'cpu': -70}, 5: {'cpu': -64}, 3: {'cpu': -15}}, 'link_level': {(0, 1): {'bw': -17}}, 'path_level': {(0, 1): {'latency': 2.381451814767618}}}","{'node_level': {6: {'cpu': 0}, 2: {'cpu': 0}, 0: {'cpu': 0}, 4: {'cpu': 0}, 1: {'cpu': 0}, 5: {'cpu': 0}, 3: {'cpu': 0}}, 'link_level': {(0, 1): {'bw': 0}}, 'path_level': {(0, 1): {'latency': 2.381451814767618}}}",[],0.0,0.0,True,False,False,0,[],0,0.0,7.0,1.0
74,17,9,1780.0,3053.0,1016642.138320127,1765553.2641848964,0.5830330822142156,0.5758207123756647,17,106,0,910.6762241496359,40105,7344,32761,0.04125326370757176,0.042020001169659094,69,63.67622414963592,847.0,10,17,False,{},{},{},{},0.0,0.0,0.0,0.0,0.0,0.0,0.0,0.0,0.0,0.0,0.0,0.0,0.0,0.0,Leave Event,0.0,"{'node_level': {}, 'link_level': {}, 'path_level': {}}","{'node_level': {}, 'link_level': {}, 'path_level': {}}","{'node_level': {}, 'link_level': {}, 'path_level': {}}",[],0.0,0.0,True,True,False,0,[],0,0.0,,
75,17,9,1780.0,3053.0,1016642.138320127,1765553.2641848964,0.5830330822142156,0.5758207123756647,17,107,1,914.0,40105,7344,32761,0.04125326370757176,0.042020001169659094,74,183.66331739306148,914.0,6,7,False,"{2: 25, 4: 61, 3: 86, 0: 72, 1: 90, 5: 99}","{(0, 3): [(72, 32), (32, 27), (27, 86)], (0, 4): [(72, 15), (15, 1), (1, 61)], (1, 2): [(90, 28), (28, 25)], (1, 4): [(90, 22), (22, 61)], (2, 4): []}","{(2, 25): {'cpu': 5}, (4, 61): {'cpu': 3}, (3, 86): {'cpu': 12}, (0, 72): {'cpu': 9}, (1, 90): {'cpu': 5}, (5, 99): {'cpu': 4}}","{((0, 3), (72, 32)): {'bw': 47}, ((0, 3), (32, 27)): {'bw': 47}, ((0, 3), (27, 86)): {'bw': 47}, ((0, 4), (72, 15)): {'bw': 15}, ((0, 4), (15, 1)): {'bw': 15}, ((0, 4), (1, 61)): {'bw': 15}, ((1, 2), (90, 28)): {'bw': 36}, ((1, 2), (28, 25)): {'bw': 36}, ((1, 4), (90, 22)): {'bw': 21}, ((1, 4), (22, 61)): {'bw': 21}}",0.0,0.0,272.0,38.0,234.0,0.0,0.0,0.0,0.0,0.0,0.0,0.0,0.0,0.0,Route Failure,24.0,"{'node_level': {}, 'link_level': {}, 'path_level': {}}","{'node_level': {2: {'cpu': -23}, 4: {'cpu': -84}, 3: {'cpu': -42}, 0: {'cpu': -54}, 1: {'cpu': -74}, 5: {'cpu': -66}}, 'link_level': {(0, 3): {'bw': -11}, (0, 4): {'bw': -44}, (1, 2): {'bw': -24}, (1, 4): {'bw': -57}, (2, 4): {'bw': 24}}, 'path_level': {(0, 3): {'latency': -0.12545192398898486}, (0, 4): {'latency': -0.05782955120995492}, (1, 2): {'latency': -1.7054772904708653}, (1, 4): {'latency': -10.078491797166919}, (2, 4): {'latency': 6.140306902660514}}}","{'node_level': {2: {'cpu': 0}, 4: {'cpu': 0}, 3: {'cpu': 0}, 0: {'cpu': 0}, 1: {'cpu': 0}, 5: {'cpu': 0}}, 'link_level': {(0, 3): {'bw': 0}, (0, 4): {'bw': 0}, (1, 2): {'bw': 0}, (1, 4): {'bw': 0}, (2, 4): {'bw': 24}}, 'path_level': {(0, 3): {'latency': 0}, (0, 4): {'latency': 0}, (1, 2): {'latency': 0}, (1, 4): {'latency': 0}, (2, 4): {'latency': 6.140306902660514}}}",[],0.0,0.0,True,False,False,0,[],0,0.0,6.0,5.0
75,17,9,1780.0,3053.0,1016642.138320127,1765553.2641848964,0.5830330822142156,0.5758207123756647,17,108,0,916.3291322410356,40105,7344,32761,0.04125326370757176,0.042020001169659094,1,889.3291322410356,27.0,7,11,False,{},{},{},{},0.0,0.0,0.0,0.0,0.0,0.0,0.0,0.0,0.0,0.0,0.0,0.0,0.0,0.0,Leave Event,0.0,"{'node_level': {}, 'link_level': {}, 'path_level': {}}","{'node_level': {}, 'link_level': {}, 'path_level': {}}","{'node_level': {}, 'link_level': {}, 'path_level': {}}",[],0.0,0.0,True,True,False,0,[],0,0.0,,
76,18,10,1877.0,3184.0,1305400.4405935898,2155525.816739779,0.5895100502512562,0.6056064977073672,17,109,1,925.0,39974,7287,32687,0.048694516971279356,0.04418387040177785,75,2976.8897141594107,925.0,4,3,True,"{3: 25, 2: 61, 0: 86, 1: 72}","{(0, 1): [(86, 0), (0, 72)], (0, 3): [(86, 25)], (2, 3): [(61, 37), (37, 25)]}","{(3, 25): {'cpu': 9}, (2, 61): {'cpu': 19}, (0, 86): {'cpu': 11}, (1, 72): {'cpu': 18}}","{((0, 1), (86, 0)): {'bw': 12}, ((0, 1), (0, 72)): {'bw': 12}, ((0, 3), (86, 25)): {'bw': 6}, ((2, 3), (61, 37)): {'bw': 22}, ((2, 3), (37, 25)): {'bw': 22}}",131.0,97.0,97.0,57.0,40.0,57.0,40.0,57.0,74.0,34.0,0.7404580152671756,389972.5525548828,288758.3022734628,2204.261849415747,Success,0.0,"{'node_level': {}, 'link_level': {}, 'path_level': {}}","{'node_level': {3: {'cpu': -19}, 2: {'cpu': -68}, 0: {'cpu': -43}, 1: {'cpu': -45}}, 'link_level': {(0, 1): {'bw': -14}, (0, 3): {'bw': -31}, (2, 3): {'bw': -36}}, 'path_level': {(0, 1): {'latency': -3.3874191268957707}, (0, 3): {'latency': -3.223983646610746}, (2, 3): {'latency': -1.8523358674414965}}}","{'node_level': {3: {'cpu': 0}, 2: {'cpu': 0}, 0: {'cpu': 0}, 1: {'cpu': 0}}, 'link_level': {(0, 1): {'bw': 0}, (0, 3): {'bw': 0}, (2, 3): {'bw': 0}}, 'path_level': {(0, 1): {'latency': 0}, (0, 3): {'latency': 0}, (2, 3): {'latency': 0}}}",[],0.0,0.0,True,True,False,0,[],0,0.0,4.0,3.0
76,18,10,1877.0,3184.0,1305400.4405935898,2155525.816739779,0.5895100502512562,0.6056064977073672,17,110,0,928.489873315436,39974,7287,32687,0.048694516971279356,0.04418387040177785,47,350.489873315436,578.0,9,14,False,{},{},{},{},0.0,0.0,0.0,0.0,0.0,0.0,0.0,0.0,0.0,0.0,0.0,0.0,0.0,0.0,Leave Event,0.0,"{'node_level': {}, 'link_level': {}, 'path_level': {}}","{'node_level': {}, 'link_level': {}, 'path_level': {}}","{'node_level': {}, 'link_level': {}, 'path_level': {}}",[],0.0,0.0,True,True,False,0,[],0,0.0,,
76,18,10,1877.0,3184.0,1305400.4405935898,2155525.816739779,0.5895100502512562,0.6056064977073672,17,111,0,933.2992595826315,39974,7287,32687,0.048694516971279356,0.04418387040177785,50,319.29925958263146,614.0,8,13,False,{},{},{},{},0.0,0.0,0.0,0.0,0.0,0.0,0.0,0.0,0.0,0.0,0.0,0.0,0.0,0.0,Leave Event,0.0,"{'node_level': {}, 'link_level': {}, 'path_level': {}}","{'node_level': {}, 'link_level': {}, 'path_level': {}}","{'node_level': {}, 'link_level': {}, 'path_level': {}}",[],0.0,0.0,True,True,False,0,[],0,0.0,,
77,18,10,1877.0,3184.0,1305400.4405935898,2155525.816739779,0.5895100502512562,0.6056064977073672,17,112,1,935.0,39974,7287,32687,0.048694516971279356,0.04418387040177785,76,174.5182104509615,935.0,5,4,False,"{1: 99, 0: 90, 3: 94, 4: 28, 2: 26}","{(0, 1): []}","{(1, 99): {'cpu': 16}, (0, 90): {'cpu': 15}, (3, 94): {'cpu': 4}, (4, 28): {'cpu': 1}, (2, 26): {'cpu': 5}}",{},0.0,0.0,140.0,41.0,99.0,0.0,0.0,0.0,0.0,0.0,0.0,0.0,0.0,0.0,Route Failure,2.3612888406575943,"{'node_level': {}, 'link_level': {}, 'path_level': {}}","{'node_level': {1: {'cpu': -54}, 0: {'cpu': -64}, 3: {'cpu': -16}, 4: {'cpu': -82}, 2: {'cpu': -75}}, 'link_level': {(0, 1): {'bw': -17}}, 'path_level': {(0, 1): {'latency': 2.3612888406575943}}}","{'node_level': {1: {'cpu': 0}, 0: {'cpu': 0}, 3: {'cpu': 0}, 4: {'cpu': 0}, 2: {'cpu': 0}}, 'link_level': {(0, 1): {'bw': 0}}, 'path_level': {(0, 1): {'latency': 2.3612888406575943}}}",[],0.0,0.0,True,False,False,0,[],0,0.0,5.0,1.0
77,18,10,1877.0,3184.0,1305400.4405935898,2155525.816739779,0.5895100502512562,0.6056064977073672,17,113,0,948.5075596807512,39974,7287,32687,0.048694516971279356,0.04418387040177785,56,263.5075596807512,685.0,5,8,False,{},{},{},{},0.0,0.0,0.0,0.0,0.0,0.0,0.0,0.0,0.0,0.0,0.0,0.0,0.0,0.0,Leave Event,0.0,"{'node_level': {}, 'link_level': {}, 'path_level': {}}","{'node_level': {}, 'link_level': {}, 'path_level': {}}","{'node_level': {}, 'link_level': {}, 'path_level': {}}",[],0.0,0.0,True,True,False,0,[],0,0.0,,
78,18,10,1877.0,3184.0,1305400.4405935898,2155525.816739779,0.5895100502512562,0.6056064977073672,17,114,1,949.0,39974,7287,32687,0.048694516971279356,0.04418387040177785,77,551.4792357692336,949.0,6,8,False,"{5: 99, 1: 90, 0: 94, 4: 28, 3: 26, 2: 63}","{(0, 1): [(94, 5), (5, 90)], (0, 4): [(94, 2), (2, 21), (21, 28)], (0, 5): [(94, 63), (63, 99)], (1, 5): []}","{(5, 99): {'cpu': 6}, (1, 90): {'cpu': 15}, (0, 94): {'cpu': 5}, (4, 28): {'cpu': 1}, (3, 26): {'cpu': 4}, (2, 63): {'cpu': 3}}","{((0, 1), (94, 5)): {'bw': 9}, ((0, 1), (5, 90)): {'bw': 9}, ((0, 4), (94, 2)): {'bw': 3}, ((0, 4), (2, 21)): {'bw': 3}, ((0, 4), (21, 28)): {'bw': 3}, ((0, 5), (94, 63)): {'bw': 25}, ((0, 5), (63, 99)): {'bw': 25}}",0.0,0.0,184.0,34.0,150.0,0.0,0.0,0.0,0.0,0.0,0.0,0.0,0.0,0.0,Route Failure,3.8545395626979566,"{'node_level': {}, 'link_level': {}, 'path_level': {}}","{'node_level': {5: {'cpu': -64}, 1: {'cpu': -64}, 0: {'cpu': -15}, 4: {'cpu': -82}, 3: {'cpu': -76}, 2: {'cpu': -89}}, 'link_level': {(0, 1): {'bw': -13}, (0, 4): {'bw': -24}, (0, 5): {'bw': -28}, (1, 5): {'bw': -14}}, 'path_level': {(0, 1): {'latency': -5.522097032815667}, (0, 4): {'latency': -0.2892838065689496}, (0, 5): {'latency': -2.527627614699493}, (1, 5): {'latency': 3.8545395626979566}}}","{'node_level': {5: {'cpu': 0}, 1: {'cpu': 0}, 0: {'cpu': 0}, 4: {'cpu': 0}, 3: {'cpu': 0}, 2: {'cpu': 0}}, 'link_level': {(0, 1): {'bw': 0}, (0, 4): {'bw': 0}, (0, 5): {'bw': 0}, (1, 5): {'bw': 0}}, 'path_level': {(0, 1): {'latency': 0}, (0, 4): {'latency': 0}, (0, 5): {'latency': 0}, (1, 5): {'latency': 3.8545395626979566}}}",[],0.0,0.0,True,False,False,0,[],0,0.0,6.0,4.0
78,18,9,1877.0,3184.0,1305400.4405935898,2155525.816739779,0.5895100502512562,0.6056064977073672,17,115,0,959.9866750981604,40016,7319,32697,0.044516971279373374,0.043891455640680754,42,437.9866750981604,522.0,2,1,False,{},{},{},{},0.0,0.0,0.0,0.0,0.0,0.0,0.0,0.0,0.0,0.0,0.0,0.0,0.0,0.0,Leave Event,0.0,"{'node_level': {}, 'link_level': {}, 'path_level': {}}","{'node_level': {}, 'link_level': {}, 'path_level': {}}","{'node_level': {}, 'link_level': {}, 'path_level': {}}",[],0.0,0.0,True,True,False,0,[],0,0.0,,
79,18,9,1877.0,3184.0,1305400.4405935898,2155525.816739779,0.5895100502512562,0.6056064977073672,17,116,1,965.0,40016,7319,32697,0.044516971279373374,0.043891455640680754,78,153.4395887127384,965.0,9,17,False,"{3: 90, 0: 99, 1: 94, 8: 25, 5: 26, 2: 28, 4: 63, 7: 64, 6: 33}","{(0, 1): [(99, 63), (63, 94)], (0, 2): [(99, 88), (88, 28)], (0, 4): [(99, 63)], (0, 5): [(99, 82), (82, 26)], (0, 7): []}","{(3, 90): {'cpu': 11}, (0, 99): {'cpu': 14}, (1, 94): {'cpu': 5}, (8, 25): {'cpu': 7}, (5, 26): {'cpu': 9}, (2, 28): {'cpu': 3}, (4, 63): {'cpu': 9}, (7, 64): {'cpu': 10}, (6, 33): {'cpu': 6}}","{((0, 1), (99, 63)): {'bw': 31}, ((0, 1), (63, 94)): {'bw': 31}, ((0, 2), (99, 88)): {'bw': 37}, ((0, 2), (88, 28)): {'bw': 37}, ((0, 4), (99, 63)): {'bw': 9}, ((0, 5), (99, 82)): {'bw': 50}, ((0, 5), (82, 26)): {'bw': 50}}",0.0,0.0,605.0,74.0,531.0,0.0,0.0,0.0,0.0,0.0,0.0,0.0,0.0,0.0,Route Failure,5.694414143598181,"{'node_level': {}, 'link_level': {}, 'path_level': {}}","{'node_level': {3: {'cpu': -85}, 0: {'cpu': -56}, 1: {'cpu': -15}, 8: {'cpu': -27}, 5: {'cpu': -71}, 2: {'cpu': -80}, 4: {'cpu': -83}, 7: {'cpu': -47}, 6: {'cpu': -79}}, 'link_level': {(0, 1): {'bw': -22}, (0, 2): {'bw': -21}, (0, 4): {'bw': -13}, (0, 5): {'bw': -19}, (0, 7): {'bw': -38}}, 'path_level': {(0, 1): {'latency': -4.81368803842802}, (0, 2): {'latency': -6.982968716318078}, (0, 4): {'latency': -2.2249984899045545}, (0, 5): {'latency': -1.505030121216481}, (0, 7): {'latency': 5.694414143598181}}}","{'node_level': {3: {'cpu': 0}, 0: {'cpu': 0}, 1: {'cpu': 0}, 8: {'cpu': 0}, 5: {'cpu': 0}, 2: {'cpu': 0}, 4: {'cpu': 0}, 7: {'cpu': 0}, 6: {'cpu': 0}}, 'link_level': {(0, 1): {'bw': 0}, (0, 2): {'bw': 0}, (0, 4): {'bw': 0}, (0, 5): {'bw': 0}, (0, 7): {'bw': 0}}, 'path_level': {(0, 1): {'latency': 0}, (0, 2): {'latency': 0}, (0, 4): {'latency': 0}, (0, 5): {'latency': 0}, (0, 7): {'latency': 5.694414143598181}}}",[],0.0,0.0,True,False,False,0,[],0,0.0,9.0,5.0
79,18,9,1877.0,3184.0,1305400.4405935898,2155525.816739779,0.5895100502512562,0.6056064977073672,17,117,0,976.4279392314331,40016,7319,32697,0.044516971279373374,0.043891455640680754,52,338.4279392314331,638.0,9,21,False,{},{},{},{},0.0,0.0,0.0,0.0,0.0,0.0,0.0,0.0,0.0,0.0,0.0,0.0,0.0,0.0,Leave Event,0.0,"{'node_level': {}, 'link_level': {}, 'path_level': {}}","{'node_level': {}, 'link_level': {}, 'path_level': {}}","{'node_level': {}, 'link_level': {}, 'path_level': {}}",[],0.0,0.0,True,True,False,0,[],0,0.0,,
80,19,10,2251.0,3916.0,1408028.7967826135,2356392.0112059964,0.5748212461695608,0.5975358896510549,20,118,1,977.0,39284,7245,32039,0.054177545691906026,0.06313234692087255,79,274.40736948936836,977.0,8,12,True,"{2: 90, 3: 99, 7: 94, 0: 25, 1: 26, 4: 28, 6: 63, 5: 64}","{(0, 2): [(25, 28), (28, 90)], (0, 4): [(25, 7), (7, 48), (48, 28)], (0, 5): [(25, 64)], (1, 2): [(26, 90)], (1, 4): [(26, 21), (21, 28)], (1, 7): [(26, 94)], (2, 6): [(90, 9), (9, 96), (96, 63)], (3, 5): [(99, 63), (63, 64)], (3, 6): [(99, 63)], (3, 7): [(99, 8), (8, 98), (98, 94)], (4, 6): [(28, 21), (21, 63)], (5, 7): [(64, 52), (52, 94)]}","{(2, 90): {'cpu': 6}, (3, 99): {'cpu': 17}, (7, 94): {'cpu': 15}, (0, 25): {'cpu': 7}, (1, 26): {'cpu': 7}, (4, 28): {'cpu': 17}, (6, 63): {'cpu': 4}, (5, 64): {'cpu': 1}}","{((0, 2), (25, 28)): {'bw': 50}, ((0, 2), (28, 90)): {'bw': 50}, ((0, 4), (25, 7)): {'bw': 42}, ((0, 4), (7, 48)): {'bw': 42}, ((0, 4), (48, 28)): {'bw': 42}, ((0, 5), (25, 64)): {'bw': 2}, ((1, 2), (26, 90)): {'bw': 37}, ((1, 4), (26, 21)): {'bw': 3}, ((1, 4), (21, 28)): {'bw': 3}, ((1, 7), (26, 94)): {'bw': 29}, ((2, 6), (90, 9)): {'bw': 50}, ((2, 6), (9, 96)): {'bw': 50}, ((2, 6), (96, 63)): {'bw': 50}, ((3, 5), (99, 63)): {'bw': 22}, ((3, 5), (63, 64)): {'bw': 22}, ((3, 6), (99, 63)): {'bw': 11}, ((3, 7), (99, 8)): {'bw': 45}, ((3, 7), (8, 98)): {'bw': 45}, ((3, 7), (98, 94)): {'bw': 45}, ((4, 6), (28, 21)): {'bw': 5}, ((4, 6), (21, 63)): {'bw': 5}, ((5, 7), (64, 52)): {'bw': 4}, ((5, 7), (52, 94)): {'bw': 4}}",732.0,374.0,374.0,74.0,300.0,74.0,300.0,74.0,658.0,358.0,0.5109289617486339,200866.19446621765,102628.35618902376,140.20267238937674,Success,0.0,"{'node_level': {}, 'link_level': {}, 'path_level': {}}","{'node_level': {2: {'cpu': -90}, 3: {'cpu': -53}, 7: {'cpu': -5}, 0: {'cpu': -27}, 1: {'cpu': -73}, 4: {'cpu': -66}, 6: {'cpu': -88}, 5: {'cpu': -56}}, 'link_level': {(0, 2): {'bw': -10}, (0, 4): {'bw': -13}, (0, 5): {'bw': -72}, (1, 2): {'bw': -35}, (1, 4): {'bw': -24}, (1, 7): {'bw': -32}, (2, 6): {'bw': -18}, (3, 5): {'bw': -31}, (3, 6): {'bw': -20}, (3, 7): {'bw': -30}, (4, 6): {'bw': -19}, (5, 7): {'bw': -47}}, 'path_level': {(0, 2): {'latency': -0.7453116702802003}, (0, 4): {'latency': -8.334646869286939}, (0, 5): {'latency': -6.948879829045879}, (1, 2): {'latency': -10.38735579775727}, (1, 4): {'latency': -4.547487275389656}, (1, 7): {'latency': -5.867765385934058}, (2, 6): {'latency': -2.0910933533658103}, (3, 5): {'latency': -5.028961615459231}, (3, 6): {'latency': -5.591698580026754}, (3, 7): {'latency': -2.194407081957305}, (4, 6): {'latency': -4.485244670244828}, (5, 7): {'latency': -3.2959632140566217}}}","{'node_level': {2: {'cpu': 0}, 3: {'cpu': 0}, 7: {'cpu': 0}, 0: {'cpu': 0}, 1: {'cpu': 0}, 4: {'cpu': 0}, 6: {'cpu': 0}, 5: {'cpu': 0}}, 'link_level': {(0, 2): {'bw': 0}, (0, 4): {'bw': 0}, (0, 5): {'bw': 0}, (1, 2): {'bw': 0}, (1, 4): {'bw': 0}, (1, 7): {'bw': 0}, (2, 6): {'bw': 0}, (3, 5): {'bw': 0}, (3, 6): {'bw': 0}, (3, 7): {'bw': 0}, (4, 6): {'bw': 0}, (5, 7): {'bw': 0}}, 'path_level': {(0, 2): {'latency': 0}, (0, 4): {'latency': 0}, (0, 5): {'latency': 0}, (1, 2): {'latency': 0}, (1, 4): {'latency': 0}, (1, 7): {'latency': 0}, (2, 6): {'latency': 0}, (3, 5): {'latency': 0}, (3, 6): {'latency': 0}, (3, 7): {'latency': 0}, (4, 6): {'latency': 0}, (5, 7): {'latency': 0}}}",[],0.0,0.0,True,True,False,0,[],0,0.0,8.0,12.0
80,19,10,2251.0,3916.0,1408028.7967826135,2356392.0112059964,0.5748212461695608,0.5975358896510549,20,119,0,982.1617488701635,39284,7245,32039,0.054177545691906026,0.06313234692087255,24,688.1617488701635,294.0,7,12,False,{},{},{},{},0.0,0.0,0.0,0.0,0.0,0.0,0.0,0.0,0.0,0.0,0.0,0.0,0.0,0.0,Leave Event,0.0,"{'node_level': {}, 'link_level': {}, 'path_level': {}}","{'node_level': {}, 'link_level': {}, 'path_level': {}}","{'node_level': {}, 'link_level': {}, 'path_level': {}}",[],0.0,0.0,True,True,False,0,[],0,0.0,,
80,19,10,2251.0,3916.0,1408028.7967826135,2356392.0112059964,0.5748212461695608,0.5975358896510549,20,120,0,987.7258386294026,39284,7245,32039,0.054177545691906026,0.06313234692087255,70,128.72583862940257,859.0,6,10,False,{},{},{},{},0.0,0.0,0.0,0.0,0.0,0.0,0.0,0.0,0.0,0.0,0.0,0.0,0.0,0.0,Leave Event,0.0,"{'node_level': {}, 'link_level': {}, 'path_level': {}}","{'node_level': {}, 'link_level': {}, 'path_level': {}}","{'node_level': {}, 'link_level': {}, 'path_level': {}}",[],0.0,0.0,True,True,False,0,[],0,0.0,,
81,19,10,2251.0,3916.0,1408028.7967826135,2356392.0112059964,0.5748212461695608,0.5975358896510549,20,121,1,990.0,39284,7245,32039,0.054177545691906026,0.06313234692087255,80,1048.102256157356,990.0,8,12,False,"{7: 49, 6: 86, 4: 33, 1: 72, 5: 61, 2: 10, 3: 17, 0: 35}","{(0, 2): [(35, 20), (20, 10)], (0, 4): [(35, 32), (32, 33)], (1, 2): [(72, 0), (0, 64), (64, 10)], (1, 4): [(72, 32), (32, 33)], (1, 7): [(72, 15), (15, 23), (23, 49)], (2, 3): [(10, 20), (20, 17)], (2, 6): [(10, 49), (49, 86)], (2, 7): [(10, 49)], (3, 5): [(17, 85), (85, 61)], (4, 6): [(33, 86)], (5, 6): [(61, 96), (96, 86)], (5, 7): []}","{(7, 49): {'cpu': 13}, (6, 86): {'cpu': 18}, (4, 33): {'cpu': 2}, (1, 72): {'cpu': 11}, (5, 61): {'cpu': 20}, (2, 10): {'cpu': 16}, (3, 17): {'cpu': 19}, (0, 35): {'cpu': 20}}","{((0, 2), (35, 20)): {'bw': 2}, ((0, 2), (20, 10)): {'bw': 2}, ((0, 4), (35, 32)): {'bw': 15}, ((0, 4), (32, 33)): {'bw': 15}, ((1, 2), (72, 0)): {'bw': 4}, ((1, 2), (0, 64)): {'bw': 4}, ((1, 2), (64, 10)): {'bw': 4}, ((1, 4), (72, 32)): {'bw': 47}, ((1, 4), (32, 33)): {'bw': 47}, ((1, 7), (72, 15)): {'bw': 49}, ((1, 7), (15, 23)): {'bw': 49}, ((1, 7), (23, 49)): {'bw': 49}, ((2, 3), (10, 20)): {'bw': 5}, ((2, 3), (20, 17)): {'bw': 5}, ((2, 6), (10, 49)): {'bw': 50}, ((2, 6), (49, 86)): {'bw': 50}, ((2, 7), (10, 49)): {'bw': 19}, ((3, 5), (17, 85)): {'bw': 28}, ((3, 5), (85, 61)): {'bw': 28}, ((4, 6), (33, 86)): {'bw': 41}, ((5, 6), (61, 96)): {'bw': 9}, ((5, 6), (96, 86)): {'bw': 9}}",0.0,0.0,424.0,119.0,305.0,0.0,0.0,0.0,0.0,0.0,0.0,0.0,0.0,0.0,Route Failure,3.769992083726791,"{'node_level': {}, 'link_level': {}, 'path_level': {}}","{'node_level': {7: {'cpu': -39}, 6: {'cpu': -25}, 4: {'cpu': -83}, 1: {'cpu': -34}, 5: {'cpu': -48}, 2: {'cpu': -64}, 3: {'cpu': -12}, 0: {'cpu': -63}}, 'link_level': {(0, 2): {'bw': -62}, (0, 4): {'bw': -49}, (1, 2): {'bw': -10}, (1, 4): {'bw': -31}, (1, 7): {'bw': -7}, (2, 3): {'bw': -57}, (2, 6): {'bw': -13}, (2, 7): {'bw': -28}, (3, 5): {'bw': -29}, (4, 6): {'bw': -17}, (5, 6): {'bw': -47}, (5, 7): {'bw': -15}}, 'path_level': {(0, 2): {'latency': -0.583969768703426}, (0, 4): {'latency': -8.741681878830022}, (1, 2): {'latency': -5.446765520737502}, (1, 4): {'latency': -4.065550549917621}, (1, 7): {'latency': -0.5023861510193157}, (2, 3): {'latency': -1.4937870115586236}, (2, 6): {'latency': -3.1202295444843826}, (2, 7): {'latency': -12.99228884806806}, (3, 5): {'latency': -1.4482682667043534}, (4, 6): {'latency': -9.194388399445687}, (5, 6): {'latency': -3.146902659167811}, (5, 7): {'latency': 3.769992083726791}}}","{'node_level': {7: {'cpu': 0}, 6: {'cpu': 0}, 4: {'cpu': 0}, 1: {'cpu': 0}, 5: {'cpu': 0}, 2: {'cpu': 0}, 3: {'cpu': 0}, 0: {'cpu': 0}}, 'link_level': {(0, 2): {'bw': 0}, (0, 4): {'bw': 0}, (1, 2): {'bw': 0}, (1, 4): {'bw': 0}, (1, 7): {'bw': 0}, (2, 3): {'bw': 0}, (2, 6): {'bw': 0}, (2, 7): {'bw': 0}, (3, 5): {'bw': 0}, (4, 6): {'bw': 0}, (5, 6): {'bw': 0}, (5, 7): {'bw': 0}}, 'path_level': {(0, 2): {'latency': 0}, (0, 4): {'latency': 0}, (1, 2): {'latency': 0}, (1, 4): {'latency': 0}, (1, 7): {'latency': 0}, (2, 3): {'latency': 0}, (2, 6): {'latency': 0}, (2, 7): {'latency': 0}, (3, 5): {'latency': 0}, (4, 6): {'latency': 0}, (5, 6): {'latency': 0}, (5, 7): {'latency': 3.769992083726791}}}",[],0.0,0.0,True,False,False,0,[],0,0.0,8.0,12.0
81,19,9,2251.0,3916.0,1408028.7967826135,2356392.0112059964,0.5748212461695608,0.5975358896510549,20,122,0,997.1008462480315,39304,7255,32049,0.05287206266318534,0.06283993215977546,66,190.10084624803153,807.0,2,1,False,{},{},{},{},0.0,0.0,0.0,0.0,0.0,0.0,0.0,0.0,0.0,0.0,0.0,0.0,0.0,0.0,Leave Event,0.0,"{'node_level': {}, 'link_level': {}, 'path_level': {}}","{'node_level': {}, 'link_level': {}, 'path_level': {}}","{'node_level': {}, 'link_level': {}, 'path_level': {}}",[],0.0,0.0,True,True,False,0,[],0,0.0,,
81,19,9,2251.0,3916.0,1408028.7967826135,2356392.0112059964,0.5748212461695608,0.5975358896510549,20,123,0,997.7189441266352,39304,7255,32049,0.05287206266318534,0.06283993215977546,68,163.7189441266352,834.0,8,16,False,{},{},{},{},0.0,0.0,0.0,0.0,0.0,0.0,0.0,0.0,0.0,0.0,0.0,0.0,0.0,0.0,Leave Event,0.0,"{'node_level': {}, 'link_level': {}, 'path_level': {}}","{'node_level': {}, 'link_level': {}, 'path_level': {}}","{'node_level': {}, 'link_level': {}, 'path_level': {}}",[],0.0,0.0,True,True,False,0,[],0,0.0,,
82,19,9,2251.0,3916.0,1408028.7967826135,2356392.0112059964,0.5748212461695608,0.5975358896510549,20,124,1,1007.0,39304,7255,32049,0.05287206266318534,0.06283993215977546,81,454.1090623122906,1007.0,10,21,False,"{6: 49, 5: 86, 1: 33, 2: 72, 7: 61, 3: 17, 8: 10, 4: 35, 0: 21, 9: 64}","{(0, 1): [(21, 60), (60, 33)], (0, 3): [(21, 17)], (0, 6): []}","{(6, 49): {'cpu': 17}, (5, 86): {'cpu': 18}, (1, 33): {'cpu': 17}, (2, 72): {'cpu': 13}, (7, 61): {'cpu': 5}, (3, 17): {'cpu': 16}, (8, 10): {'cpu': 17}, (4, 35): {'cpu': 11}, (0, 21): {'cpu': 16}, (9, 64): {'cpu': 17}}","{((0, 1), (21, 60)): {'bw': 13}, ((0, 1), (60, 33)): {'bw': 13}, ((0, 3), (21, 17)): {'bw': 13}}",0.0,0.0,602.0,147.0,455.0,0.0,0.0,0.0,0.0,0.0,0.0,0.0,0.0,0.0,Route Failure,6.2551191698320565,"{'node_level': {}, 'link_level': {}, 'path_level': {}}","{'node_level': {6: {'cpu': -35}, 5: {'cpu': -25}, 1: {'cpu': -68}, 2: {'cpu': -32}, 7: {'cpu': -65}, 3: {'cpu': -15}, 8: {'cpu': -63}, 4: {'cpu': -72}, 0: {'cpu': -33}, 9: {'cpu': -39}}, 'link_level': {(0, 1): {'bw': -45}, (0, 3): {'bw': -55}, (0, 6): {'bw': -29}}, 'path_level': {(0, 1): {'latency': -8.157802122858092}, (0, 3): {'latency': -0.24804829368406178}, (0, 6): {'latency': 6.2551191698320565}}}","{'node_level': {6: {'cpu': 0}, 5: {'cpu': 0}, 1: {'cpu': 0}, 2: {'cpu': 0}, 7: {'cpu': 0}, 3: {'cpu': 0}, 8: {'cpu': 0}, 4: {'cpu': 0}, 0: {'cpu': 0}, 9: {'cpu': 0}}, 'link_level': {(0, 1): {'bw': 0}, (0, 3): {'bw': 0}, (0, 6): {'bw': 0}}, 'path_level': {(0, 1): {'latency': 0}, (0, 3): {'latency': 0}, (0, 6): {'latency': 6.2551191698320565}}}",[],0.0,0.0,True,False,False,0,[],0,0.0,10.0,3.0
82,19,9,2251.0,3916.0,1408028.7967826135,2356392.0112059964,0.5748212461695608,0.5975358896510549,20,125,0,1019.5350454987206,39304,7255,32049,0.05287206266318534,0.06283993215977546,55,346.5350454987206,673.0,7,7,False,{},{},{},{},0.0,0.0,0.0,0.0,0.0,0.0,0.0,0.0,0.0,0.0,0.0,0.0,0.0,0.0,Leave Event,0.0,"{'node_level': {}, 'link_level': {}, 'path_level': {}}","{'node_level': {}, 'link_level': {}, 'path_level': {}}","{'node_level': {}, 'link_level': {}, 'path_level': {}}",[],0.0,0.0,True,True,False,0,[],0,0.0,,
83,20,10,2329.0,3994.0,1420868.225850144,2369231.440273527,0.5831246870305459,0.5997169384541449,20,126,1,1020.0,39226,7221,32005,0.05731070496083546,0.06412655710860282,82,164.6080649683402,1020.0,2,1,True,"{0: 49, 1: 86}","{(0, 1): [(49, 86)]}","{(0, 49): {'cpu': 17}, (1, 86): {'cpu': 17}}","{((0, 1), (49, 86)): {'bw': 44}}",78.0,78.0,78.0,34.0,44.0,34.0,44.0,34.0,44.0,0.0,1.0,12839.429067530535,12839.429067530535,164.6080649683402,Success,0.0,"{'node_level': {}, 'link_level': {}, 'path_level': {}}","{'node_level': {0: {'cpu': -35}, 1: {'cpu': -26}}, 'link_level': {(0, 1): {'bw': -19}}, 'path_level': {(0, 1): {'latency': -6.2339053268471325}}}","{'node_level': {0: {'cpu': 0}, 1: {'cpu': 0}}, 'link_level': {(0, 1): {'bw': 0}}, 'path_level': {(0, 1): {'latency': 0}}}",[],0.0,0.0,True,True,False,0,[],0,0.0,2.0,1.0
84,21,11,2439.0,4158.0,1496947.9098480665,2482659.332779521,0.5865800865800865,0.602961465587839,21,127,1,1027.0,39062,7171,31891,0.06383812010443868,0.06746008538511028,83,691.6334908902063,1027.0,5,5,True,"{2: 33, 0: 72, 4: 61, 3: 17, 1: 10}","{(0, 2): [(72, 32), (32, 33)], (0, 4): [(72, 0), (0, 1), (1, 61)], (1, 2): [(10, 60), (60, 33)], (1, 4): [(10, 61)], (2, 3): [(33, 31), (31, 17)]}","{(2, 33): {'cpu': 18}, (0, 72): {'cpu': 6}, (4, 61): {'cpu': 5}, (3, 17): {'cpu': 13}, (1, 10): {'cpu': 8}}","{((0, 2), (72, 32)): {'bw': 16}, ((0, 2), (32, 33)): {'bw': 16}, ((0, 4), (72, 0)): {'bw': 9}, ((0, 4), (0, 1)): {'bw': 9}, ((0, 4), (1, 61)): {'bw': 9}, ((1, 2), (10, 60)): {'bw': 4}, ((1, 2), (60, 33)): {'bw': 4}, ((1, 4), (10, 61)): {'bw': 15}, ((2, 3), (33, 31)): {'bw': 16}, ((2, 3), (31, 17)): {'bw': 16}}",164.0,110.0,110.0,50.0,60.0,50.0,60.0,50.0,114.0,54.0,0.6707317073170732,113427.89250599383,76079.6839979227,463.9005121824555,Success,0.0,"{'node_level': {}, 'link_level': {}, 'path_level': {}}","{'node_level': {2: {'cpu': -67}, 0: {'cpu': -39}, 4: {'cpu': -65}, 3: {'cpu': -18}, 1: {'cpu': -72}}, 'link_level': {(0, 2): {'bw': -62}, (0, 4): {'bw': -5}, (1, 2): {'bw': -53}, (1, 4): {'bw': -49}, (2, 3): {'bw': -40}}, 'path_level': {(0, 2): {'latency': -2.272676928306053}, (0, 4): {'latency': -0.541264968376959}, (1, 2): {'latency': -2.7295912289386908}, (1, 4): {'latency': -6.12881914721545}, (2, 3): {'latency': -2.0385285184764816}}}","{'node_level': {2: {'cpu': 0}, 0: {'cpu': 0}, 4: {'cpu': 0}, 3: {'cpu': 0}, 1: {'cpu': 0}}, 'link_level': {(0, 2): {'bw': 0}, (0, 4): {'bw': 0}, (1, 2): {'bw': 0}, (1, 4): {'bw': 0}, (2, 3): {'bw': 0}}, 'path_level': {(0, 2): {'latency': 0}, (0, 4): {'latency': 0}, (1, 2): {'latency': 0}, (1, 4): {'latency': 0}, (2, 3): {'latency': 0}}}",[],0.0,0.0,True,True,False,0,[],0,0.0,5.0,5.0
85,21,11,2439.0,4158.0,1496947.9098480665,2482659.332779521,0.5865800865800865,0.602961465587839,21,128,1,1041.0,39062,7171,31891,0.06383812010443868,0.06746008538511028,84,650.478078397653,1041.0,7,10,False,"{6: 35, 3: 21, 5: 64, 1: 83, 2: 92, 0: 18, 4: 72}","{(0, 3): [(18, 16), (16, 95), (95, 21)], (1, 2): [(83, 21), (21, 92)], (1, 3): [(83, 21)], (1, 5): [(83, 14), (14, 52), (52, 64)], (1, 6): []}","{(6, 35): {'cpu': 9}, (3, 21): {'cpu': 3}, (5, 64): {'cpu': 16}, (1, 83): {'cpu': 15}, (2, 92): {'cpu': 17}, (0, 18): {'cpu': 9}, (4, 72): {'cpu': 3}}","{((0, 3), (18, 16)): {'bw': 36}, ((0, 3), (16, 95)): {'bw': 36}, ((0, 3), (95, 21)): {'bw': 36}, ((1, 2), (83, 21)): {'bw': 16}, ((1, 2), (21, 92)): {'bw': 16}, ((1, 3), (83, 21)): {'bw': 12}, ((1, 5), (83, 14)): {'bw': 24}, ((1, 5), (14, 52)): {'bw': 24}, ((1, 5), (52, 64)): {'bw': 24}}",0.0,0.0,355.0,72.0,283.0,0.0,0.0,0.0,0.0,0.0,0.0,0.0,0.0,0.0,Route Failure,15.0,"{'node_level': {}, 'link_level': {}, 'path_level': {}}","{'node_level': {6: {'cpu': -74}, 3: {'cpu': -46}, 5: {'cpu': -40}, 1: {'cpu': -70}, 2: {'cpu': -37}, 0: {'cpu': 0}, 4: {'cpu': -36}}, 'link_level': {(0, 3): {'bw': -47}, (1, 2): {'bw': -38}, (1, 3): {'bw': -43}, (1, 5): {'bw': -26}, (1, 6): {'bw': 15}}, 'path_level': {(0, 3): {'latency': -0.38565526253296056}, (1, 2): {'latency': -3.9929990529635315}, (1, 3): {'latency': -2.3024853255984117}, (1, 5): {'latency': -0.9012872461394927}, (1, 6): {'latency': 0.45587152079435}}}","{'node_level': {6: {'cpu': 0}, 3: {'cpu': 0}, 5: {'cpu': 0}, 1: {'cpu': 0}, 2: {'cpu': 0}, 0: {'cpu': 0}, 4: {'cpu': 0}}, 'link_level': {(0, 3): {'bw': 0}, (1, 2): {'bw': 0}, (1, 3): {'bw': 0}, (1, 5): {'bw': 0}, (1, 6): {'bw': 15}}, 'path_level': {(0, 3): {'latency': 0}, (1, 2): {'latency': 0}, (1, 3): {'latency': 0}, (1, 5): {'latency': 0}, (1, 6): {'latency': 0.45587152079435}}}",[],0.0,0.0,True,False,False,0,[],0,0.0,7.0,5.0
86,21,11,2439.0,4158.0,1496947.9098480665,2482659.332779521,0.5865800865800865,0.602961465587839,21,129,1,1055.0,39062,7171,31891,0.06383812010443868,0.06746008538511028,85,585.2453056792999,1055.0,8,12,False,"{0: 35, 5: 21, 2: 64, 4: 83, 6: 92, 1: 72, 3: 61, 7: 41}","{(0, 1): [(35, 26), (26, 72)], (0, 2): []}","{(0, 35): {'cpu': 2}, (5, 21): {'cpu': 2}, (2, 64): {'cpu': 9}, (4, 83): {'cpu': 19}, (6, 92): {'cpu': 15}, (1, 72): {'cpu': 15}, (3, 61): {'cpu': 20}, (7, 41): {'cpu': 13}}","{((0, 1), (35, 26)): {'bw': 11}, ((0, 1), (26, 72)): {'bw': 11}}",0.0,0.0,375.0,95.0,280.0,0.0,0.0,0.0,0.0,0.0,0.0,0.0,0.0,0.0,Route Failure,5.548873884452611,"{'node_level': {}, 'link_level': {}, 'path_level': {}}","{'node_level': {0: {'cpu': -81}, 5: {'cpu': -47}, 2: {'cpu': -47}, 4: {'cpu': -66}, 6: {'cpu': -39}, 1: {'cpu': -24}, 3: {'cpu': -45}, 7: {'cpu': -25}}, 'link_level': {(0, 1): {'bw': -55}, (0, 2): {'bw': -57}}, 'path_level': {(0, 1): {'latency': -0.8462915676379863}, (0, 2): {'latency': 5.548873884452611}}}","{'node_level': {0: {'cpu': 0}, 5: {'cpu': 0}, 2: {'cpu': 0}, 4: {'cpu': 0}, 6: {'cpu': 0}, 1: {'cpu': 0}, 3: {'cpu': 0}, 7: {'cpu': 0}}, 'link_level': {(0, 1): {'bw': 0}, (0, 2): {'bw': 0}}, 'path_level': {(0, 1): {'latency': 0}, (0, 2): {'latency': 5.548873884452611}}}",[],0.0,0.0,True,False,False,0,[],0,0.0,8.0,2.0
86,21,10,2439.0,4158.0,1496947.9098480665,2482659.332779521,0.5865800865800865,0.602961465587839,21,130,0,1059.8022804328534,39214,7193,32021,0.060966057441253274,0.0636586934908474,41,542.8022804328534,517.0,3,2,False,{},{},{},{},0.0,0.0,0.0,0.0,0.0,0.0,0.0,0.0,0.0,0.0,0.0,0.0,0.0,0.0,Leave Event,0.0,"{'node_level': {}, 'link_level': {}, 'path_level': {}}","{'node_level': {}, 'link_level': {}, 'path_level': {}}","{'node_level': {}, 'link_level': {}, 'path_level': {}}",[],0.0,0.0,True,True,False,0,[],0,0.0,,
87,22,11,2537.0,4358.0,1526386.52540207,2542738.1400325894,0.5821477742083525,0.6002924569269672,22,131,1,1064.0,39014,7150,31864,0.06657963446475201,0.06824960524007251,86,300.3940362653423,1064.0,3,2,True,"{1: 18, 2: 49, 0: 35}","{(0, 1): [(35, 20), (20, 18)], (1, 2): [(18, 79), (79, 10), (10, 49)]}","{(1, 18): {'cpu': 10}, (2, 49): {'cpu': 13}, (0, 35): {'cpu': 20}}","{((0, 1), (35, 20)): {'bw': 8}, ((0, 1), (20, 18)): {'bw': 8}, ((1, 2), (18, 79)): {'bw': 47}, ((1, 2), (79, 10)): {'bw': 47}, ((1, 2), (10, 49)): {'bw': 47}}",200.0,98.0,98.0,43.0,55.0,43.0,55.0,43.0,157.0,102.0,0.49,60078.807253068466,29438.615554003547,147.19307777001774,Success,0.0,"{'node_level': {}, 'link_level': {}, 'path_level': {}}","{'node_level': {1: {'cpu': -12}, 2: {'cpu': -29}, 0: {'cpu': -63}}, 'link_level': {(0, 1): {'bw': -42}, (1, 2): {'bw': -3}}, 'path_level': {(0, 1): {'latency': -9.061008097505255}, (1, 2): {'latency': -4.664639919767588}}}","{'node_level': {1: {'cpu': 0}, 2: {'cpu': 0}, 0: {'cpu': 0}}, 'link_level': {(0, 1): {'bw': 0}, (1, 2): {'bw': 0}}, 'path_level': {(0, 1): {'latency': 0}, (1, 2): {'latency': 0}}}",[],0.0,0.0,True,True,False,0,[],0,0.0,3.0,2.0
87,22,10,2537.0,4358.0,1526386.52540207,2542738.1400325894,0.5821477742083525,0.6002924569269672,22,132,0,1065.3676042104587,39536,7202,32334,0.059791122715404654,0.054506111468506924,59,336.36760421045864,729.0,6,9,False,{},{},{},{},0.0,0.0,0.0,0.0,0.0,0.0,0.0,0.0,0.0,0.0,0.0,0.0,0.0,0.0,Leave Event,0.0,"{'node_level': {}, 'link_level': {}, 'path_level': {}}","{'node_level': {}, 'link_level': {}, 'path_level': {}}","{'node_level': {}, 'link_level': {}, 'path_level': {}}",[],0.0,0.0,True,True,False,0,[],0,0.0,,
87,22,10,2537.0,4358.0,1526386.52540207,2542738.1400325894,0.5821477742083525,0.6002924569269672,22,133,0,1065.6129781201175,39536,7202,32334,0.059791122715404654,0.054506111468506924,30,699.6129781201174,366.0,10,25,False,{},{},{},{},0.0,0.0,0.0,0.0,0.0,0.0,0.0,0.0,0.0,0.0,0.0,0.0,0.0,0.0,Leave Event,0.0,"{'node_level': {}, 'link_level': {}, 'path_level': {}}","{'node_level': {}, 'link_level': {}, 'path_level': {}}","{'node_level': {}, 'link_level': {}, 'path_level': {}}",[],0.0,0.0,True,True,False,0,[],0,0.0,,
87,22,10,2537.0,4358.0,1526386.52540207,2542738.1400325894,0.5821477742083525,0.6002924569269672,22,134,0,1068.0215425676947,39536,7202,32334,0.059791122715404654,0.054506111468506924,48,477.02154256769484,591.0,10,24,False,{},{},{},{},0.0,0.0,0.0,0.0,0.0,0.0,0.0,0.0,0.0,0.0,0.0,0.0,0.0,0.0,Leave Event,0.0,"{'node_level': {}, 'link_level': {}, 'path_level': {}}","{'node_level': {}, 'link_level': {}, 'path_level': {}}","{'node_level': {}, 'link_level': {}, 'path_level': {}}",[],0.0,0.0,True,True,False,0,[],0,0.0,,
87,22,10,2537.0,4358.0,1526386.52540207,2542738.1400325894,0.5821477742083525,0.6002924569269672,22,135,0,1077.5993729760376,39536,7202,32334,0.059791122715404654,0.054506111468506924,58,362.5993729760375,715.0,7,10,False,{},{},{},{},0.0,0.0,0.0,0.0,0.0,0.0,0.0,0.0,0.0,0.0,0.0,0.0,0.0,0.0,Leave Event,0.0,"{'node_level': {}, 'link_level': {}, 'path_level': {}}","{'node_level': {}, 'link_level': {}, 'path_level': {}}","{'node_level': {}, 'link_level': {}, 'path_level': {}}",[],0.0,0.0,True,True,False,0,[],0,0.0,,
87,22,9,2537.0,4358.0,1526386.52540207,2542738.1400325894,0.5821477742083525,0.6002924569269672,22,136,0,1080.9825256218023,39790,7240,32550,0.05483028720626637,0.04818995262880865,31,703.9825256218024,377.0,5,5,False,{},{},{},{},0.0,0.0,0.0,0.0,0.0,0.0,0.0,0.0,0.0,0.0,0.0,0.0,0.0,0.0,Leave Event,0.0,"{'node_level': {}, 'link_level': {}, 'path_level': {}}","{'node_level': {}, 'link_level': {}, 'path_level': {}}","{'node_level': {}, 'link_level': {}, 'path_level': {}}",[],0.0,0.0,True,True,False,0,[],0,0.0,,
88,23,10,2648.0,4493.0,1563151.503302653,2587452.3023441094,0.5893612285777877,0.6041276594302866,22,137,1,1082.0,39655,7221,32434,0.05731070496083546,0.05158196385753555,87,331.2160171223706,1082.0,3,3,True,"{0: 17, 2: 34, 1: 4}","{(0, 1): [(17, 4)], (0, 2): [(17, 34)], (1, 2): [(4, 17), (17, 34)]}","{(0, 17): {'cpu': 7}, (2, 34): {'cpu': 3}, (1, 4): {'cpu': 9}}","{((0, 1), (17, 4)): {'bw': 27}, ((0, 2), (17, 34)): {'bw': 41}, ((1, 2), (4, 17)): {'bw': 24}, ((1, 2), (17, 34)): {'bw': 24}}",135.0,111.0,111.0,19.0,92.0,19.0,92.0,19.0,116.0,24.0,0.8222222222222222,44714.162311520035,36764.97790058314,272.3331696339491,Success,0.0,"{'node_level': {}, 'link_level': {}, 'path_level': {}}","{'node_level': {0: {'cpu': -30}, 2: {'cpu': -92}, 1: {'cpu': -64}}, 'link_level': {(0, 1): {'bw': -69}, (0, 2): {'bw': -36}, (1, 2): {'bw': -12}}, 'path_level': {(0, 1): {'latency': -13.00176018724408}, (0, 2): {'latency': -8.2905482456365}, (1, 2): {'latency': -0.4474650492186729}}}","{'node_level': {0: {'cpu': 0}, 2: {'cpu': 0}, 1: {'cpu': 0}}, 'link_level': {(0, 1): {'bw': 0}, (0, 2): {'bw': 0}, (1, 2): {'bw': 0}}, 'path_level': {(0, 1): {'latency': 0}, (0, 2): {'latency': 0}, (1, 2): {'latency': 0}}}",[],0.0,0.0,True,True,False,0,[],0,0.0,3.0,3.0
89,23,10,2648.0,4493.0,1563151.503302653,2587452.3023441094,0.5893612285777877,0.6041276594302866,22,138,1,1091.0,39655,7221,32434,0.05731070496083546,0.05158196385753555,88,259.7764327387954,1091.0,8,14,False,"{5: 17, 0: 41, 7: 83, 2: 25, 4: 18, 1: 34, 6: 86, 3: 4}","{(0, 2): []}","{(5, 17): {'cpu': 12}, (0, 41): {'cpu': 1}, (7, 83): {'cpu': 3}, (2, 25): {'cpu': 4}, (4, 18): {'cpu': 7}, (1, 34): {'cpu': 20}, (6, 86): {'cpu': 15}, (3, 4): {'cpu': 3}}",{},0.0,0.0,435.0,65.0,370.0,0.0,0.0,0.0,0.0,0.0,0.0,0.0,0.0,0.0,Route Failure,4.895362072754059,"{'node_level': {}, 'link_level': {}, 'path_level': {}}","{'node_level': {5: {'cpu': -18}, 0: {'cpu': -42}, 7: {'cpu': -83}, 2: {'cpu': -42}, 4: {'cpu': -5}, 1: {'cpu': -72}, 6: {'cpu': -24}, 3: {'cpu': -61}}, 'link_level': {(0, 2): {'bw': -28}}, 'path_level': {(0, 2): {'latency': 4.895362072754059}}}","{'node_level': {5: {'cpu': 0}, 0: {'cpu': 0}, 7: {'cpu': 0}, 2: {'cpu': 0}, 4: {'cpu': 0}, 1: {'cpu': 0}, 6: {'cpu': 0}, 3: {'cpu': 0}}, 'link_level': {(0, 2): {'bw': 0}}, 'path_level': {(0, 2): {'latency': 4.895362072754059}}}",[],0.0,0.0,True,False,False,0,[],0,0.0,8.0,1.0
89,23,10,2648.0,4493.0,1563151.503302653,2587452.3023441094,0.5893612285777877,0.6041276594302866,22,139,0,1097.6633173930616,39655,7221,32434,0.05731070496083546,0.05158196385753555,74,183.66331739306148,914.0,6,7,False,{},{},{},{},0.0,0.0,0.0,0.0,0.0,0.0,0.0,0.0,0.0,0.0,0.0,0.0,0.0,0.0,Leave Event,0.0,"{'node_level': {}, 'link_level': {}, 'path_level': {}}","{'node_level': {}, 'link_level': {}, 'path_level': {}}","{'node_level': {}, 'link_level': {}, 'path_level': {}}",[],0.0,0.0,True,True,False,0,[],0,0.0,,
90,24,11,2683.0,4594.0,1616280.4221039442,2740767.1823135493,0.5840226382237701,0.5897182484283842,22,140,1,1109.0,39554,7219,32335,0.057571801566579595,0.0544768699923972,89,1517.9691086083183,1109.0,2,1,True,"{0: 17, 1: 41}","{(0, 1): [(17, 30), (30, 3), (3, 41)]}","{(0, 17): {'cpu': 1}, (1, 41): {'cpu': 1}}","{((0, 1), (17, 30)): {'bw': 33}, ((0, 1), (30, 3)): {'bw': 33}, ((0, 1), (3, 41)): {'bw': 33}}",101.0,35.0,35.0,2.0,33.0,2.0,33.0,2.0,99.0,66.0,0.3465346534653465,153314.87996944014,53128.91880129114,526.0288990226845,Success,0.0,"{'node_level': {}, 'link_level': {}, 'path_level': {}}","{'node_level': {0: {'cpu': -29}, 1: {'cpu': -42}}, 'link_level': {(0, 1): {'bw': -22}}, 'path_level': {(0, 1): {'latency': -0.3698061302823028}}}","{'node_level': {0: {'cpu': 0}, 1: {'cpu': 0}}, 'link_level': {(0, 1): {'bw': 0}}, 'path_level': {(0, 1): {'latency': 0}}}",[],0.0,0.0,True,True,False,0,[],0,0.0,2.0,1.0
90,24,11,2683.0,4594.0,1616280.4221039442,2740767.1823135493,0.5840226382237701,0.5897182484283842,22,141,0,1109.5182104509615,39554,7219,32335,0.057571801566579595,0.0544768699923972,76,174.5182104509615,935.0,5,4,False,{},{},{},{},0.0,0.0,0.0,0.0,0.0,0.0,0.0,0.0,0.0,0.0,0.0,0.0,0.0,0.0,Leave Event,0.0,"{'node_level': {}, 'link_level': {}, 'path_level': {}}","{'node_level': {}, 'link_level': {}, 'path_level': {}}","{'node_level': {}, 'link_level': {}, 'path_level': {}}",[],0.0,0.0,True,True,False,0,[],0,0.0,,
90,24,11,2683.0,4594.0,1616280.4221039442,2740767.1823135493,0.5840226382237701,0.5897182484283842,22,142,0,1118.4395887127384,39554,7219,32335,0.057571801566579595,0.0544768699923972,78,153.4395887127384,965.0,9,17,False,{},{},{},{},0.0,0.0,0.0,0.0,0.0,0.0,0.0,0.0,0.0,0.0,0.0,0.0,0.0,0.0,Leave Event,0.0,"{'node_level': {}, 'link_level': {}, 'path_level': {}}","{'node_level': {}, 'link_level': {}, 'path_level': {}}","{'node_level': {}, 'link_level': {}, 'path_level': {}}",[],0.0,0.0,True,True,False,0,[],0,0.0,,
91,24,11,2683.0,4594.0,1616280.4221039442,2740767.1823135493,0.5840226382237701,0.5897182484283842,22,143,1,1123.0,39554,7219,32335,0.057571801566579595,0.0544768699923972,90,8.310489934272583,1123.0,10,24,False,"{0: 83, 8: 25, 7: 34, 3: 18, 6: 17, 2: 41, 5: 86, 9: 4, 1: 21, 4: 64}","{(0, 1): [(83, 21)], (0, 2): [(83, 76), (76, 41)], (0, 3): []}","{(0, 83): {'cpu': 19}, (8, 25): {'cpu': 14}, (7, 34): {'cpu': 20}, (3, 18): {'cpu': 12}, (6, 17): {'cpu': 14}, (2, 41): {'cpu': 12}, (5, 86): {'cpu': 16}, (9, 4): {'cpu': 20}, (1, 21): {'cpu': 2}, (4, 64): {'cpu': 1}}","{((0, 1), (83, 21)): {'bw': 35}, ((0, 2), (83, 76)): {'bw': 47}, ((0, 2), (76, 41)): {'bw': 47}}",0.0,0.0,764.0,130.0,634.0,0.0,0.0,0.0,0.0,0.0,0.0,0.0,0.0,0.0,Route Failure,3.9244946676357966,"{'node_level': {}, 'link_level': {}, 'path_level': {}}","{'node_level': {0: {'cpu': -67}, 8: {'cpu': -32}, 7: {'cpu': -72}, 3: {'cpu': 0}, 6: {'cpu': -15}, 2: {'cpu': -30}, 5: {'cpu': -23}, 9: {'cpu': -44}, 1: {'cpu': -47}, 4: {'cpu': -55}}, 'link_level': {(0, 1): {'bw': -36}, (0, 2): {'bw': -43}, (0, 3): {'bw': -20}}, 'path_level': {(0, 1): {'latency': -12.428470794998}, (0, 2): {'latency': -7.823927180772164}, (0, 3): {'latency': 3.9244946676357966}}}","{'node_level': {0: {'cpu': 0}, 8: {'cpu': 0}, 7: {'cpu': 0}, 3: {'cpu': 0}, 6: {'cpu': 0}, 2: {'cpu': 0}, 5: {'cpu': 0}, 9: {'cpu': 0}, 1: {'cpu': 0}, 4: {'cpu': 0}}, 'link_level': {(0, 1): {'bw': 0}, (0, 2): {'bw': 0}, (0, 3): {'bw': 0}}, 'path_level': {(0, 1): {'latency': 0}, (0, 2): {'latency': 0}, (0, 3): {'latency': 3.9244946676357966}}}",[],0.0,0.0,True,False,False,0,[],0,0.0,10.0,3.0
91,24,11,2683.0,4594.0,1616280.4221039442,2740767.1823135493,0.5840226382237701,0.5897182484283842,22,144,0,1131.3104899342725,39554,7219,32335,0.057571801566579595,0.0544768699923972,90,8.310489934272583,1123.0,10,24,False,{},{},{},{},0.0,0.0,0.0,0.0,0.0,0.0,0.0,0.0,0.0,0.0,0.0,0.0,0.0,0.0,Leave Event,0.0,"{'node_level': {}, 'link_level': {}, 'path_level': {}}","{'node_level': {}, 'link_level': {}, 'path_level': {}}","{'node_level': {}, 'link_level': {}, 'path_level': {}}",[],0.0,0.0,True,True,False,0,[],0,0.0,,
91,24,11,2683.0,4594.0,1616280.4221039442,2740767.1823135493,0.5840226382237701,0.5897182484283842,22,145,0,1133.3395684587858,39554,7219,32335,0.057571801566579595,0.0544768699923972,51,503.3395684587858,630.0,9,20,False,{},{},{},{},0.0,0.0,0.0,0.0,0.0,0.0,0.0,0.0,0.0,0.0,0.0,0.0,0.0,0.0,Leave Event,0.0,"{'node_level': {}, 'link_level': {}, 'path_level': {}}","{'node_level': {}, 'link_level': {}, 'path_level': {}}","{'node_level': {}, 'link_level': {}, 'path_level': {}}",[],0.0,0.0,True,True,False,0,[],0,0.0,,
92,24,11,2683.0,4594.0,1616280.4221039442,2740767.1823135493,0.5840226382237701,0.5897182484283842,22,146,1,1137.0,39554,7219,32335,0.057571801566579595,0.0544768699923972,91,187.9773938487999,1137.0,9,22,False,"{6: 83, 1: 25, 0: 18, 3: 34, 4: 17, 5: 41, 7: 86, 8: 4, 2: 21}","{(0, 1): [(18, 73), (73, 25)], (0, 3): [(18, 34)], (0, 4): [(18, 4), (4, 17)], (0, 5): [(18, 41)], (0, 6): [(18, 76), (76, 83)], (0, 7): [(18, 68), (68, 86)], (0, 8): [(18, 4)], (1, 3): [(25, 37), (37, 34)], (1, 4): [(25, 36), (36, 17)], (1, 5): [(25, 7), (7, 95), (95, 41)], (1, 6): []}","{(6, 83): {'cpu': 18}, (1, 25): {'cpu': 3}, (0, 18): {'cpu': 5}, (3, 34): {'cpu': 6}, (4, 17): {'cpu': 5}, (5, 41): {'cpu': 7}, (7, 86): {'cpu': 4}, (8, 4): {'cpu': 3}, (2, 21): {'cpu': 19}}","{((0, 1), (18, 73)): {'bw': 10}, ((0, 1), (73, 25)): {'bw': 10}, ((0, 3), (18, 34)): {'bw': 13}, ((0, 4), (18, 4)): {'bw': 43}, ((0, 4), (4, 17)): {'bw': 43}, ((0, 5), (18, 41)): {'bw': 2}, ((0, 6), (18, 76)): {'bw': 35}, ((0, 6), (76, 83)): {'bw': 35}, ((0, 7), (18, 68)): {'bw': 18}, ((0, 7), (68, 86)): {'bw': 18}, ((0, 8), (18, 4)): {'bw': 10}, ((1, 3), (25, 37)): {'bw': 6}, ((1, 3), (37, 34)): {'bw': 6}, ((1, 4), (25, 36)): {'bw': 44}, ((1, 4), (36, 17)): {'bw': 44}, ((1, 5), (25, 7)): {'bw': 36}, ((1, 5), (7, 95)): {'bw': 36}, ((1, 5), (95, 41)): {'bw': 36}}",0.0,0.0,644.0,70.0,574.0,0.0,0.0,0.0,0.0,0.0,0.0,0.0,0.0,0.0,Route Failure,4.619339713030872,"{'node_level': {}, 'link_level': {}, 'path_level': {}}","{'node_level': {6: {'cpu': -68}, 1: {'cpu': -43}, 0: {'cpu': -7}, 3: {'cpu': -86}, 4: {'cpu': -24}, 5: {'cpu': -35}, 7: {'cpu': -35}, 8: {'cpu': -61}, 2: {'cpu': -30}}, 'link_level': {(0, 1): {'bw': -25}, (0, 3): {'bw': -53}, (0, 4): {'bw': -2}, (0, 5): {'bw': -80}, (0, 6): {'bw': -54}, (0, 7): {'bw': -32}, (0, 8): {'bw': -7}, (1, 3): {'bw': -61}, (1, 4): {'bw': -13}, (1, 5): {'bw': -14}, (1, 6): {'bw': -7}}, 'path_level': {(0, 1): {'latency': -4.1545823604569545}, (0, 3): {'latency': -6.795187415820418}, (0, 4): {'latency': -3.5948414377403024}, (0, 5): {'latency': -12.8486081454578}, (0, 6): {'latency': -1.297371437872111}, (0, 7): {'latency': -6.71539065492416}, (0, 8): {'latency': -8.299674581260863}, (1, 3): {'latency': -5.783459600134334}, (1, 4): {'latency': -4.6879717612463745}, (1, 5): {'latency': -1.278844768459983}, (1, 6): {'latency': 4.619339713030872}}}","{'node_level': {6: {'cpu': 0}, 1: {'cpu': 0}, 0: {'cpu': 0}, 3: {'cpu': 0}, 4: {'cpu': 0}, 5: {'cpu': 0}, 7: {'cpu': 0}, 8: {'cpu': 0}, 2: {'cpu': 0}}, 'link_level': {(0, 1): {'bw': 0}, (0, 3): {'bw': 0}, (0, 4): {'bw': 0}, (0, 5): {'bw': 0}, (0, 6): {'bw': 0}, (0, 7): {'bw': 0}, (0, 8): {'bw': 0}, (1, 3): {'bw': 0}, (1, 4): {'bw': 0}, (1, 5): {'bw': 0}, (1, 6): {'bw': 0}}, 'path_level': {(0, 1): {'latency': 0}, (0, 3): {'latency': 0}, (0, 4): {'latency': 0}, (0, 5): {'latency': 0}, (0, 6): {'latency': 0}, (0, 7): {'latency': 0}, (0, 8): {'latency': 0}, (1, 3): {'latency': 0}, (1, 4): {'latency': 0}, (1, 5): {'latency': 0}, (1, 6): {'latency': 4.619339713030872}}}",[],0.0,0.0,True,False,False,0,[],0,0.0,9.0,11.0
93,24,11,2683.0,4594.0,1616280.4221039442,2740767.1823135493,0.5840226382237701,0.5897182484283842,22,147,1,1147.0,39554,7219,32335,0.057571801566579595,0.0544768699923972,92,2308.465490617315,1147.0,7,12,False,"{0: 83, 6: 25, 3: 18, 4: 34, 2: 17, 5: 41, 1: 86}","{(0, 2): [(83, 4), (4, 17)], (0, 3): [(83, 4), (4, 18)], (0, 4): []}","{(0, 83): {'cpu': 6}, (6, 25): {'cpu': 11}, (3, 18): {'cpu': 2}, (4, 34): {'cpu': 9}, (2, 17): {'cpu': 8}, (5, 41): {'cpu': 14}, (1, 86): {'cpu': 3}}","{((0, 2), (83, 4)): {'bw': 29}, ((0, 2), (4, 17)): {'bw': 29}, ((0, 3), (83, 4)): {'bw': 45}, ((0, 3), (4, 18)): {'bw': 45}}",0.0,0.0,340.0,53.0,287.0,0.0,0.0,0.0,0.0,0.0,0.0,0.0,0.0,0.0,Route Failure,7.437078034582217,"{'node_level': {}, 'link_level': {}, 'path_level': {}}","{'node_level': {0: {'cpu': -80}, 6: {'cpu': -35}, 3: {'cpu': -10}, 4: {'cpu': -83}, 2: {'cpu': -21}, 5: {'cpu': -28}, 1: {'cpu': -36}}, 'link_level': {(0, 2): {'bw': -16}, (0, 3): {'bw': -8}, (0, 4): {'bw': -15}}, 'path_level': {(0, 2): {'latency': -0.9038606671916782}, (0, 3): {'latency': -8.76088654721339}, (0, 4): {'latency': 7.437078034582217}}}","{'node_level': {0: {'cpu': 0}, 6: {'cpu': 0}, 3: {'cpu': 0}, 4: {'cpu': 0}, 2: {'cpu': 0}, 5: {'cpu': 0}, 1: {'cpu': 0}}, 'link_level': {(0, 2): {'bw': 0}, (0, 3): {'bw': 0}, (0, 4): {'bw': 0}}, 'path_level': {(0, 2): {'latency': 0}, (0, 3): {'latency': 0}, (0, 4): {'latency': 7.437078034582217}}}",[],0.0,0.0,True,False,False,0,[],0,0.0,7.0,3.0
94,24,11,2683.0,4594.0,1616280.4221039442,2740767.1823135493,0.5840226382237701,0.5897182484283842,22,148,1,1163.0,39554,7219,32335,0.057571801566579595,0.0544768699923972,93,1077.265267639189,1163.0,9,15,False,"{6: 83, 7: 25, 5: 18, 3: 34, 1: 17, 4: 41, 8: 86, 0: 4, 2: 21}","{(0, 3): [(4, 18), (18, 34)], (0, 4): [(4, 18), (18, 41)], (0, 7): []}","{(6, 83): {'cpu': 13}, (7, 25): {'cpu': 8}, (5, 18): {'cpu': 8}, (3, 34): {'cpu': 9}, (1, 17): {'cpu': 2}, (4, 41): {'cpu': 15}, (8, 86): {'cpu': 11}, (0, 4): {'cpu': 12}, (2, 21): {'cpu': 4}}","{((0, 3), (4, 18)): {'bw': 13}, ((0, 3), (18, 34)): {'bw': 13}, ((0, 4), (4, 18)): {'bw': 18}, ((0, 4), (18, 41)): {'bw': 18}}",0.0,0.0,539.0,82.0,457.0,0.0,0.0,0.0,0.0,0.0,0.0,0.0,0.0,0.0,Route Failure,5.0,"{'node_level': {}, 'link_level': {}, 'path_level': {}}","{'node_level': {6: {'cpu': -73}, 7: {'cpu': -38}, 5: {'cpu': -4}, 3: {'cpu': -83}, 1: {'cpu': -27}, 4: {'cpu': -27}, 8: {'cpu': -28}, 0: {'cpu': -52}, 2: {'cpu': -45}}, 'link_level': {(0, 3): {'bw': -47}, (0, 4): {'bw': -29}, (0, 7): {'bw': 5}}, 'path_level': {(0, 3): {'latency': -11.01584467852287}, (0, 4): {'latency': -4.652798276695026}, (0, 7): {'latency': 0.8748651483200707}}}","{'node_level': {6: {'cpu': 0}, 7: {'cpu': 0}, 5: {'cpu': 0}, 3: {'cpu': 0}, 1: {'cpu': 0}, 4: {'cpu': 0}, 8: {'cpu': 0}, 0: {'cpu': 0}, 2: {'cpu': 0}}, 'link_level': {(0, 3): {'bw': 0}, (0, 4): {'bw': 0}, (0, 7): {'bw': 5}}, 'path_level': {(0, 3): {'latency': 0}, (0, 4): {'latency': 0}, (0, 7): {'latency': 0.8748651483200707}}}",[],0.0,0.0,True,False,False,0,[],0,0.0,9.0,3.0
95,24,11,2683.0,4594.0,1616280.4221039442,2740767.1823135493,0.5840226382237701,0.5897182484283842,22,149,1,1173.0,39554,7219,32335,0.057571801566579595,0.0544768699923972,94,10.071946596146812,1173.0,8,14,False,"{4: 83, 1: 25, 6: 18, 7: 34, 2: 17, 0: 41, 3: 86, 5: 4}","{(0, 1): []}","{(4, 83): {'cpu': 10}, (1, 25): {'cpu': 6}, (6, 18): {'cpu': 10}, (7, 34): {'cpu': 9}, (2, 17): {'cpu': 6}, (0, 41): {'cpu': 13}, (3, 86): {'cpu': 11}, (5, 4): {'cpu': 6}}",{},0.0,0.0,389.0,71.0,318.0,0.0,0.0,0.0,0.0,0.0,0.0,0.0,0.0,0.0,Route Failure,4.691591939470032,"{'node_level': {}, 'link_level': {}, 'path_level': {}}","{'node_level': {4: {'cpu': -76}, 1: {'cpu': -40}, 6: {'cpu': -2}, 7: {'cpu': -83}, 2: {'cpu': -23}, 0: {'cpu': -29}, 3: {'cpu': -28}, 5: {'cpu': -58}}, 'link_level': {(0, 1): {'bw': -27}}, 'path_level': {(0, 1): {'latency': 4.691591939470032}}}","{'node_level': {4: {'cpu': 0}, 1: {'cpu': 0}, 6: {'cpu': 0}, 7: {'cpu': 0}, 2: {'cpu': 0}, 0: {'cpu': 0}, 3: {'cpu': 0}, 5: {'cpu': 0}}, 'link_level': {(0, 1): {'bw': 0}}, 'path_level': {(0, 1): {'latency': 4.691591939470032}}}",[],0.0,0.0,True,False,False,0,[],0,0.0,8.0,1.0
96,24,11,2683.0,4594.0,1616280.4221039442,2740767.1823135493,0.5840226382237701,0.5897182484283842,22,150,1,1182.0,39554,7219,32335,0.057571801566579595,0.0544768699923972,95,54.23558363605139,1182.0,10,18,False,"{7: 83, 1: 25, 5: 34, 0: 17, 9: 18, 3: 41, 4: 86, 8: 4, 2: 21, 6: 64}","{(0, 3): [(17, 4), (4, 18), (18, 41)], (0, 5): [(17, 34)], (0, 8): [(17, 94), (94, 4)], (0, 9): [(17, 20), (20, 18)], (1, 4): [(25, 86)], (1, 5): [(25, 37), (37, 34)], (1, 7): [(25, 7), (7, 95), (95, 83)], (2, 3): []}","{(7, 83): {'cpu': 18}, (1, 25): {'cpu': 14}, (5, 34): {'cpu': 13}, (0, 17): {'cpu': 14}, (9, 18): {'cpu': 3}, (3, 41): {'cpu': 12}, (4, 86): {'cpu': 15}, (8, 4): {'cpu': 3}, (2, 21): {'cpu': 17}, (6, 64): {'cpu': 7}}","{((0, 3), (17, 4)): {'bw': 37}, ((0, 3), (4, 18)): {'bw': 37}, ((0, 3), (18, 41)): {'bw': 37}, ((0, 5), (17, 34)): {'bw': 2}, ((0, 8), (17, 94)): {'bw': 23}, ((0, 8), (94, 4)): {'bw': 23}, ((0, 9), (17, 20)): {'bw': 30}, ((0, 9), (20, 18)): {'bw': 30}, ((1, 4), (25, 86)): {'bw': 27}, ((1, 5), (25, 37)): {'bw': 45}, ((1, 5), (37, 34)): {'bw': 45}, ((1, 7), (25, 7)): {'bw': 47}, ((1, 7), (7, 95)): {'bw': 47}, ((1, 7), (95, 83)): {'bw': 47}}",0.0,0.0,549.0,116.0,433.0,0.0,0.0,0.0,0.0,0.0,0.0,0.0,0.0,0.0,Route Failure,4.332551004300813,"{'node_level': {}, 'link_level': {}, 'path_level': {}}","{'node_level': {7: {'cpu': -68}, 1: {'cpu': -32}, 5: {'cpu': -79}, 0: {'cpu': -15}, 9: {'cpu': -9}, 3: {'cpu': -30}, 4: {'cpu': -24}, 8: {'cpu': -61}, 2: {'cpu': -32}, 6: {'cpu': -49}}, 'link_level': {(0, 3): {'bw': -8}, (0, 5): {'bw': -10}, (0, 8): {'bw': -29}, (0, 9): {'bw': -12}, (1, 4): {'bw': -49}, (1, 5): {'bw': -22}, (1, 7): {'bw': -3}, (2, 3): {'bw': -3}}, 'path_level': {(0, 3): {'latency': -2.643411961464011}, (0, 5): {'latency': -11.086919674798846}, (0, 8): {'latency': -1.7317878904157835}, (0, 9): {'latency': -2.676898897238927}, (1, 4): {'latency': -1.7435443240706787}, (1, 5): {'latency': -7.536866617045888}, (1, 7): {'latency': -4.381902517240613}, (2, 3): {'latency': 4.332551004300813}}}","{'node_level': {7: {'cpu': 0}, 1: {'cpu': 0}, 5: {'cpu': 0}, 0: {'cpu': 0}, 9: {'cpu': 0}, 3: {'cpu': 0}, 4: {'cpu': 0}, 8: {'cpu': 0}, 2: {'cpu': 0}, 6: {'cpu': 0}}, 'link_level': {(0, 3): {'bw': 0}, (0, 5): {'bw': 0}, (0, 8): {'bw': 0}, (0, 9): {'bw': 0}, (1, 4): {'bw': 0}, (1, 5): {'bw': 0}, (1, 7): {'bw': 0}, (2, 3): {'bw': 0}}, 'path_level': {(0, 3): {'latency': 0}, (0, 5): {'latency': 0}, (0, 8): {'latency': 0}, (0, 9): {'latency': 0}, (1, 4): {'latency': 0}, (1, 5): {'latency': 0}, (1, 7): {'latency': 0}, (2, 3): {'latency': 4.332551004300813}}}",[],0.0,0.0,True,False,False,0,[],0,0.0,10.0,8.0
96,24,11,2683.0,4594.0,1616280.4221039442,2740767.1823135493,0.5840226382237701,0.5897182484283842,22,151,0,1183.0719465961467,39554,7219,32335,0.057571801566579595,0.0544768699923972,94,10.071946596146812,1173.0,8,14,False,{},{},{},{},0.0,0.0,0.0,0.0,0.0,0.0,0.0,0.0,0.0,0.0,0.0,0.0,0.0,0.0,Leave Event,0.0,"{'node_level': {}, 'link_level': {}, 'path_level': {}}","{'node_level': {}, 'link_level': {}, 'path_level': {}}","{'node_level': {}, 'link_level': {}, 'path_level': {}}",[],0.0,0.0,True,True,False,0,[],0,0.0,,
96,24,10,2683.0,4594.0,1616280.4221039442,2740767.1823135493,0.5840226382237701,0.5897182484283842,22,152,0,1184.6080649683402,39632,7253,32379,0.053133159268929475,0.05319024504356984,82,164.6080649683402,1020.0,2,1,False,{},{},{},{},0.0,0.0,0.0,0.0,0.0,0.0,0.0,0.0,0.0,0.0,0.0,0.0,0.0,0.0,Leave Event,0.0,"{'node_level': {}, 'link_level': {}, 'path_level': {}}","{'node_level': {}, 'link_level': {}, 'path_level': {}}","{'node_level': {}, 'link_level': {}, 'path_level': {}}",[],0.0,0.0,True,True,False,0,[],0,0.0,,
97,24,10,2683.0,4594.0,1616280.4221039442,2740767.1823135493,0.5840226382237701,0.5897182484283842,22,153,1,1186.0,39632,7253,32379,0.053133159268929475,0.05319024504356984,96,49.40249433470425,1186.0,6,9,False,"{5: 86, 2: 83, 1: 25, 4: 34, 0: 17, 3: 18}","{(0, 1): [(17, 26), (26, 25)], (0, 2): [(17, 4), (4, 83)], (0, 5): []}","{(5, 86): {'cpu': 13}, (2, 83): {'cpu': 1}, (1, 25): {'cpu': 18}, (4, 34): {'cpu': 14}, (0, 17): {'cpu': 19}, (3, 18): {'cpu': 2}}","{((0, 1), (17, 26)): {'bw': 8}, ((0, 1), (26, 25)): {'bw': 8}, ((0, 2), (17, 4)): {'bw': 20}, ((0, 2), (4, 83)): {'bw': 20}}",0.0,0.0,271.0,67.0,204.0,0.0,0.0,0.0,0.0,0.0,0.0,0.0,0.0,0.0,Route Failure,3.364611328986129,"{'node_level': {}, 'link_level': {}, 'path_level': {}}","{'node_level': {5: {'cpu': -43}, 2: {'cpu': -85}, 1: {'cpu': -28}, 4: {'cpu': -78}, 0: {'cpu': -10}, 3: {'cpu': -10}}, 'link_level': {(0, 1): {'bw': -21}, (0, 2): {'bw': -25}, (0, 5): {'bw': -6}}, 'path_level': {(0, 1): {'latency': -0.7669727388672101}, (0, 2): {'latency': -0.35572422840182094}, (0, 5): {'latency': 3.364611328986129}}}","{'node_level': {5: {'cpu': 0}, 2: {'cpu': 0}, 1: {'cpu': 0}, 4: {'cpu': 0}, 0: {'cpu': 0}, 3: {'cpu': 0}}, 'link_level': {(0, 1): {'bw': 0}, (0, 2): {'bw': 0}, (0, 5): {'bw': 0}}, 'path_level': {(0, 1): {'latency': 0}, (0, 2): {'latency': 0}, (0, 5): {'latency': 3.364611328986129}}}",[],0.0,0.0,True,False,False,0,[],0,0.0,6.0,3.0
97,24,10,2683.0,4594.0,1616280.4221039442,2740767.1823135493,0.5840226382237701,0.5897182484283842,22,154,0,1187.8909246366952,39632,7253,32379,0.053133159268929475,0.05319024504356984,43,648.8909246366952,539.0,9,25,False,{},{},{},{},0.0,0.0,0.0,0.0,0.0,0.0,0.0,0.0,0.0,0.0,0.0,0.0,0.0,0.0,Leave Event,0.0,"{'node_level': {}, 'link_level': {}, 'path_level': {}}","{'node_level': {}, 'link_level': {}, 'path_level': {}}","{'node_level': {}, 'link_level': {}, 'path_level': {}}",[],0.0,0.0,True,True,False,0,[],0,0.0,,
98,24,10,2683.0,4594.0,1616280.4221039442,2740767.1823135493,0.5840226382237701,0.5897182484283842,22,155,1,1198.0,39632,7253,32379,0.053133159268929475,0.05319024504356984,97,154.48508204832453,1198.0,6,8,False,"{4: 86, 0: 83, 3: 25, 2: 18, 5: 34, 1: 17}","{(0, 1): [(83, 4), (4, 17)], (0, 2): [(83, 4), (4, 18)], (0, 3): []}","{(4, 86): {'cpu': 6}, (0, 83): {'cpu': 2}, (3, 25): {'cpu': 11}, (2, 18): {'cpu': 12}, (5, 34): {'cpu': 11}, (1, 17): {'cpu': 8}}","{((0, 1), (83, 4)): {'bw': 30}, ((0, 1), (4, 17)): {'bw': 30}, ((0, 2), (83, 4)): {'bw': 29}, ((0, 2), (4, 18)): {'bw': 29}}",0.0,0.0,299.0,50.0,249.0,0.0,0.0,0.0,0.0,0.0,0.0,0.0,0.0,0.0,Route Failure,3.6822605505060144,"{'node_level': {}, 'link_level': {}, 'path_level': {}}","{'node_level': {4: {'cpu': -50}, 0: {'cpu': -84}, 3: {'cpu': -35}, 2: {'cpu': 0}, 5: {'cpu': -81}, 1: {'cpu': -21}}, 'link_level': {(0, 1): {'bw': -15}, (0, 2): {'bw': -23}, (0, 3): {'bw': -46}}, 'path_level': {(0, 1): {'latency': -6.396656968516378}, (0, 2): {'latency': -4.433871727269793}, (0, 3): {'latency': 3.6822605505060144}}}","{'node_level': {4: {'cpu': 0}, 0: {'cpu': 0}, 3: {'cpu': 0}, 2: {'cpu': 0}, 5: {'cpu': 0}, 1: {'cpu': 0}}, 'link_level': {(0, 1): {'bw': 0}, (0, 2): {'bw': 0}, (0, 3): {'bw': 0}}, 'path_level': {(0, 1): {'latency': 0}, (0, 2): {'latency': 0}, (0, 3): {'latency': 3.6822605505060144}}}",[],0.0,0.0,True,False,False,0,[],0,0.0,6.0,3.0
98,24,10,2683.0,4594.0,1616280.4221039442,2740767.1823135493,0.5840226382237701,0.5897182484283842,22,156,0,1199.6006006827283,39632,7253,32379,0.053133159268929475,0.05319024504356984,64,416.6006006827282,783.0,8,10,False,{},{},{},{},0.0,0.0,0.0,0.0,0.0,0.0,0.0,0.0,0.0,0.0,0.0,0.0,0.0,0.0,Leave Event,0.0,"{'node_level': {}, 'link_level': {}, 'path_level': {}}","{'node_level': {}, 'link_level': {}, 'path_level': {}}","{'node_level': {}, 'link_level': {}, 'path_level': {}}",[],0.0,0.0,True,True,False,0,[],0,0.0,,
99,25,11,2728.0,4651.0,1621159.5025032505,2746947.350819337,0.5865405289185122,0.590167664487528,22,157,1,1216.0,39575,7220,32355,0.057441253263707526,0.05389204047020291,98,108.42400887346996,1216.0,2,1,True,"{0: 86, 1: 83}","{(0, 1): [(86, 59), (59, 83)]}","{(0, 86): {'cpu': 18}, (1, 83): {'cpu': 15}}","{((0, 1), (86, 59)): {'bw': 12}, ((0, 1), (59, 83)): {'bw': 12}}",57.0,45.0,45.0,33.0,12.0,33.0,12.0,33.0,24.0,12.0,0.7894736842105263,6180.168505787788,4879.080399306148,85.59790174221312,Success,0.0,"{'node_level': {}, 'link_level': {}, 'path_level': {}}","{'node_level': {0: {'cpu': -38}, 1: {'cpu': -71}}, 'link_level': {(0, 1): {'bw': -80}}, 'path_level': {(0, 1): {'latency': -1.9787085806320297}}}","{'node_level': {0: {'cpu': 0}, 1: {'cpu': 0}}, 'link_level': {(0, 1): {'bw': 0}}, 'path_level': {(0, 1): {'latency': 0}}}",[],0.0,0.0,True,True,False,0,[],0,0.0,2.0,1.0
100,25,11,2728.0,4651.0,1621159.5025032505,2746947.350819337,0.5865405289185122,0.590167664487528,22,158,1,1226.0,39575,7220,32355,0.057441253263707526,0.05389204047020291,99,250.55015005512072,1226.0,9,20,False,"{0: 25, 4: 86, 8: 18, 7: 34, 5: 17, 1: 83, 6: 41, 2: 49, 3: 4}","{(0, 1): [(25, 39), (39, 59), (59, 83)], (0, 4): [(25, 86)], (0, 6): [(25, 78), (78, 41)], (0, 7): [(25, 37), (37, 34)], (0, 8): [(25, 96), (96, 18)], (1, 2): []}","{(0, 25): {'cpu': 11}, (4, 86): {'cpu': 17}, (8, 18): {'cpu': 3}, (7, 34): {'cpu': 10}, (5, 17): {'cpu': 15}, (1, 83): {'cpu': 10}, (6, 41): {'cpu': 2}, (2, 49): {'cpu': 3}, (3, 4): {'cpu': 4}}","{((0, 1), (25, 39)): {'bw': 41}, ((0, 1), (39, 59)): {'bw': 41}, ((0, 1), (59, 83)): {'bw': 41}, ((0, 4), (25, 86)): {'bw': 43}, ((0, 6), (25, 78)): {'bw': 34}, ((0, 6), (78, 41)): {'bw': 34}, ((0, 7), (25, 37)): {'bw': 50}, ((0, 7), (37, 34)): {'bw': 50}, ((0, 8), (25, 96)): {'bw': 48}, ((0, 8), (96, 18)): {'bw': 48}}",0.0,0.0,703.0,75.0,628.0,0.0,0.0,0.0,0.0,0.0,0.0,0.0,0.0,0.0,Route Failure,2.911967752296726,"{'node_level': {}, 'link_level': {}, 'path_level': {}}","{'node_level': {0: {'cpu': -35}, 4: {'cpu': -21}, 8: {'cpu': -9}, 7: {'cpu': -82}, 5: {'cpu': -14}, 1: {'cpu': -61}, 6: {'cpu': -40}, 2: {'cpu': -43}, 3: {'cpu': -60}}, 'link_level': {(0, 1): {'bw': -10}, (0, 4): {'bw': -33}, (0, 6): {'bw': -8}, (0, 7): {'bw': -17}, (0, 8): {'bw': -21}, (1, 2): {'bw': -22}}, 'path_level': {(0, 1): {'latency': -0.8104717865874163}, (0, 4): {'latency': -3.3744175990160965}, (0, 6): {'latency': -4.445844687955756}, (0, 7): {'latency': -8.876958969685031}, (0, 8): {'latency': -4.10912165050328}, (1, 2): {'latency': 2.911967752296726}}}","{'node_level': {0: {'cpu': 0}, 4: {'cpu': 0}, 8: {'cpu': 0}, 7: {'cpu': 0}, 5: {'cpu': 0}, 1: {'cpu': 0}, 6: {'cpu': 0}, 2: {'cpu': 0}, 3: {'cpu': 0}}, 'link_level': {(0, 1): {'bw': 0}, (0, 4): {'bw': 0}, (0, 6): {'bw': 0}, (0, 7): {'bw': 0}, (0, 8): {'bw': 0}, (1, 2): {'bw': 0}}, 'path_level': {(0, 1): {'latency': 0}, (0, 4): {'latency': 0}, (0, 6): {'latency': 0}, (0, 7): {'latency': 0}, (0, 8): {'latency': 0}, (1, 2): {'latency': 2.911967752296726}}}",[],0.0,0.0,True,False,False,0,[],0,0.0,9.0,6.0
100,25,11,2728.0,4651.0,1621159.5025032505,2746947.350819337,0.5865405289185122,0.590167664487528,22,159,0,1235.4024943347042,39575,7220,32355,0.057441253263707526,0.05389204047020291,96,49.40249433470425,1186.0,6,9,False,{},{},{},{},0.0,0.0,0.0,0.0,0.0,0.0,0.0,0.0,0.0,0.0,0.0,0.0,0.0,0.0,Leave Event,0.0,"{'node_level': {}, 'link_level': {}, 'path_level': {}}","{'node_level': {}, 'link_level': {}, 'path_level': {}}","{'node_level': {}, 'link_level': {}, 'path_level': {}}",[],0.0,0.0,True,True,False,0,[],0,0.0,,
100,25,11,2728.0,4651.0,1621159.5025032505,2746947.350819337,0.5865405289185122,0.590167664487528,22,160,0,1236.2355836360514,39575,7220,32355,0.057441253263707526,0.05389204047020291,95,54.23558363605139,1182.0,10,18,False,{},{},{},{},0.0,0.0,0.0,0.0,0.0,0.0,0.0,0.0,0.0,0.0,0.0,0.0,0.0,0.0,Leave Event,0.0,"{'node_level': {}, 'link_level': {}, 'path_level': {}}","{'node_level': {}, 'link_level': {}, 'path_level': {}}","{'node_level': {}, 'link_level': {}, 'path_level': {}}",[],0.0,0.0,True,True,False,0,[],0,0.0,,
100,25,11,2728.0,4651.0,1621159.5025032505,2746947.350819337,0.5865405289185122,0.590167664487528,22,161,0,1237.8892740532426,39575,7220,32355,0.057441253263707526,0.05389204047020291,13,1084.8892740532426,153.0,8,13,False,{},{},{},{},0.0,0.0,0.0,0.0,0.0,0.0,0.0,0.0,0.0,0.0,0.0,0.0,0.0,0.0,Leave Event,0.0,"{'node_level': {}, 'link_level': {}, 'path_level': {}}","{'node_level': {}, 'link_level': {}, 'path_level': {}}","{'node_level': {}, 'link_level': {}, 'path_level': {}}",[],0.0,0.0,True,True,False,0,[],0,0.0,,
100,25,10,2728.0,4651.0,1621159.5025032505,2746947.350819337,0.5865405289185122,0.590167664487528,22,162,0,1251.4073694893684,40307,7294,33013,0.047780678851174985,0.03465114919001111,79,274.40736948936836,977.0,8,12,False,{},{},{},{},0.0,0.0,0.0,0.0,0.0,0.0,0.0,0.0,0.0,0.0,0.0,0.0,0.0,0.0,Leave Event,0.0,"{'node_level': {}, 'link_level': {}, 'path_level': {}}","{'node_level': {}, 'link_level': {}, 'path_level': {}}","{'node_level': {}, 'link_level': {}, 'path_level': {}}",[],0.0,0.0,True,True,False,0,[],0,0.0,,
100,25,10,2728.0,4651.0,1621159.5025032505,2746947.350819337,0.5865405289185122,0.590167664487528,22,163,0,1304.9441220081633,40307,7294,33013,0.047780678851174985,0.03465114919001111,21,1046.9441220081633,258.0,8,16,False,{},{},{},{},0.0,0.0,0.0,0.0,0.0,0.0,0.0,0.0,0.0,0.0,0.0,0.0,0.0,0.0,Leave Event,0.0,"{'node_level': {}, 'link_level': {}, 'path_level': {}}","{'node_level': {}, 'link_level': {}, 'path_level': {}}","{'node_level': {}, 'link_level': {}, 'path_level': {}}",[],0.0,0.0,True,True,False,0,[],0,0.0,,
100,25,9,2728.0,4651.0,1621159.5025032505,2746947.350819337,0.5865405289185122,0.590167664487528,22,164,0,1324.42400887347,40364,7327,33037,0.04347258485639682,0.03394935376337793,98,108.42400887346996,1216.0,2,1,False,{},{},{},{},0.0,0.0,0.0,0.0,0.0,0.0,0.0,0.0,0.0,0.0,0.0,0.0,0.0,0.0,Leave Event,0.0,"{'node_level': {}, 'link_level': {}, 'path_level': {}}","{'node_level': {}, 'link_level': {}, 'path_level': {}}","{'node_level': {}, 'link_level': {}, 'path_level': {}}",[],0.0,0.0,True,True,False,0,[],0,0.0,,
100,25,9,2728.0,4651.0,1621159.5025032505,2746947.350819337,0.5865405289185122,0.590167664487528,22,165,0,1324.9773938488,40364,7327,33037,0.04347258485639682,0.03394935376337793,91,187.9773938487999,1137.0,9,22,False,{},{},{},{},0.0,0.0,0.0,0.0,0.0,0.0,0.0,0.0,0.0,0.0,0.0,0.0,0.0,0.0,Leave Event,0.0,"{'node_level': {}, 'link_level': {}, 'path_level': {}}","{'node_level': {}, 'link_level': {}, 'path_level': {}}","{'node_level': {}, 'link_level': {}, 'path_level': {}}",[],0.0,0.0,True,True,False,0,[],0,0.0,,
100,25,9,2728.0,4651.0,1621159.5025032505,2746947.350819337,0.5865405289185122,0.590167664487528,22,166,0,1350.7764327387954,40364,7327,33037,0.04347258485639682,0.03394935376337793,88,259.7764327387954,1091.0,8,14,False,{},{},{},{},0.0,0.0,0.0,0.0,0.0,0.0,0.0,0.0,0.0,0.0,0.0,0.0,0.0,0.0,Leave Event,0.0,"{'node_level': {}, 'link_level': {}, 'path_level': {}}","{'node_level': {}, 'link_level': {}, 'path_level': {}}","{'node_level': {}, 'link_level': {}, 'path_level': {}}",[],0.0,0.0,True,True,False,0,[],0,0.0,,
100,25,9,2728.0,4651.0,1621159.5025032505,2746947.350819337,0.5865405289185122,0.590167664487528,22,167,0,1352.4850820483246,40364,7327,33037,0.04347258485639682,0.03394935376337793,97,154.48508204832453,1198.0,6,8,False,{},{},{},{},0.0,0.0,0.0,0.0,0.0,0.0,0.0,0.0,0.0,0.0,0.0,0.0,0.0,0.0,Leave Event,0.0,"{'node_level': {}, 'link_level': {}, 'path_level': {}}","{'node_level': {}, 'link_level': {}, 'path_level': {}}","{'node_level': {}, 'link_level': {}, 'path_level': {}}",[],0.0,0.0,True,True,False,0,[],0,0.0,,
100,25,8,2728.0,4651.0,1621159.5025032505,2746947.350819337,0.5865405289185122,0.590167664487528,22,168,0,1364.3940362653423,40564,7370,33194,0.037859007832898195,0.02935844201415283,86,300.3940362653423,1064.0,3,2,False,{},{},{},{},0.0,0.0,0.0,0.0,0.0,0.0,0.0,0.0,0.0,0.0,0.0,0.0,0.0,0.0,Leave Event,0.0,"{'node_level': {}, 'link_level': {}, 'path_level': {}}","{'node_level': {}, 'link_level': {}, 'path_level': {}}","{'node_level': {}, 'link_level': {}, 'path_level': {}}",[],0.0,0.0,True,True,False,0,[],0,0.0,,
100,25,7,2728.0,4651.0,1621159.5025032505,2746947.350819337,0.5865405289185122,0.590167664487528,22,169,0,1413.2160171223707,40699,7389,33310,0.035378590078329,0.025966430785426042,87,331.2160171223706,1082.0,3,3,False,{},{},{},{},0.0,0.0,0.0,0.0,0.0,0.0,0.0,0.0,0.0,0.0,0.0,0.0,0.0,0.0,Leave Event,0.0,"{'node_level': {}, 'link_level': {}, 'path_level': {}}","{'node_level': {}, 'link_level': {}, 'path_level': {}}","{'node_level': {}, 'link_level': {}, 'path_level': {}}",[],0.0,0.0,True,True,False,0,[],0,0.0,,
100,25,7,2728.0,4651.0,1621159.5025032505,2746947.350819337,0.5865405289185122,0.590167664487528,22,170,0,1413.454495210449,40699,7389,33310,0.035378590078329,0.025966430785426042,8,1311.454495210449,102.0,9,18,False,{},{},{},{},0.0,0.0,0.0,0.0,0.0,0.0,0.0,0.0,0.0,0.0,0.0,0.0,0.0,0.0,Leave Event,0.0,"{'node_level': {}, 'link_level': {}, 'path_level': {}}","{'node_level': {}, 'link_level': {}, 'path_level': {}}","{'node_level': {}, 'link_level': {}, 'path_level': {}}",[],0.0,0.0,True,True,False,0,[],0,0.0,,
100,25,7,2728.0,4651.0,1621159.5025032505,2746947.350819337,0.5865405289185122,0.590167664487528,22,171,0,1420.9479711088143,40699,7389,33310,0.035378590078329,0.025966430785426042,73,525.9479711088144,895.0,7,14,False,{},{},{},{},0.0,0.0,0.0,0.0,0.0,0.0,0.0,0.0,0.0,0.0,0.0,0.0,0.0,0.0,Leave Event,0.0,"{'node_level': {}, 'link_level': {}, 'path_level': {}}","{'node_level': {}, 'link_level': {}, 'path_level': {}}","{'node_level': {}, 'link_level': {}, 'path_level': {}}",[],0.0,0.0,True,True,False,0,[],0,0.0,,
100,25,7,2728.0,4651.0,1621159.5025032505,2746947.350819337,0.5865405289185122,0.590167664487528,22,172,0,1423.8425095824755,40699,7389,33310,0.035378590078329,0.025966430785426042,63,653.8425095824754,770.0,10,21,False,{},{},{},{},0.0,0.0,0.0,0.0,0.0,0.0,0.0,0.0,0.0,0.0,0.0,0.0,0.0,0.0,Leave Event,0.0,"{'node_level': {}, 'link_level': {}, 'path_level': {}}","{'node_level': {}, 'link_level': {}, 'path_level': {}}","{'node_level': {}, 'link_level': {}, 'path_level': {}}",[],0.0,0.0,True,True,False,0,[],0,0.0,,
100,25,7,2728.0,4651.0,1621159.5025032505,2746947.350819337,0.5865405289185122,0.590167664487528,22,173,0,1454.6289627077263,40699,7389,33310,0.035378590078329,0.025966430785426042,5,1384.6289627077263,70.0,10,14,False,{},{},{},{},0.0,0.0,0.0,0.0,0.0,0.0,0.0,0.0,0.0,0.0,0.0,0.0,0.0,0.0,Leave Event,0.0,"{'node_level': {}, 'link_level': {}, 'path_level': {}}","{'node_level': {}, 'link_level': {}, 'path_level': {}}","{'node_level': {}, 'link_level': {}, 'path_level': {}}",[],0.0,0.0,True,True,False,0,[],0,0.0,,
100,25,7,2728.0,4651.0,1621159.5025032505,2746947.350819337,0.5865405289185122,0.590167664487528,22,174,0,1461.1090623122905,40699,7389,33310,0.035378590078329,0.025966430785426042,81,454.1090623122906,1007.0,10,21,False,{},{},{},{},0.0,0.0,0.0,0.0,0.0,0.0,0.0,0.0,0.0,0.0,0.0,0.0,0.0,0.0,Leave Event,0.0,"{'node_level': {}, 'link_level': {}, 'path_level': {}}","{'node_level': {}, 'link_level': {}, 'path_level': {}}","{'node_level': {}, 'link_level': {}, 'path_level': {}}",[],0.0,0.0,True,True,False,0,[],0,0.0,,
100,25,7,2728.0,4651.0,1621159.5025032505,2746947.350819337,0.5865405289185122,0.590167664487528,22,175,0,1476.5501500551206,40699,7389,33310,0.035378590078329,0.025966430785426042,99,250.55015005512072,1226.0,9,20,False,{},{},{},{},0.0,0.0,0.0,0.0,0.0,0.0,0.0,0.0,0.0,0.0,0.0,0.0,0.0,0.0,Leave Event,0.0,"{'node_level': {}, 'link_level': {}, 'path_level': {}}","{'node_level': {}, 'link_level': {}, 'path_level': {}}","{'node_level': {}, 'link_level': {}, 'path_level': {}}",[],0.0,0.0,True,True,False,0,[],0,0.0,,
100,25,7,2728.0,4651.0,1621159.5025032505,2746947.350819337,0.5865405289185122,0.590167664487528,22,176,0,1500.4792357692336,40699,7389,33310,0.035378590078329,0.025966430785426042,77,551.4792357692336,949.0,6,8,False,{},{},{},{},0.0,0.0,0.0,0.0,0.0,0.0,0.0,0.0,0.0,0.0,0.0,0.0,0.0,0.0,Leave Event,0.0,"{'node_level': {}, 'link_level': {}, 'path_level': {}}","{'node_level': {}, 'link_level': {}, 'path_level': {}}","{'node_level': {}, 'link_level': {}, 'path_level': {}}",[],0.0,0.0,True,True,False,0,[],0,0.0,,
100,25,7,2728.0,4651.0,1621159.5025032505,2746947.350819337,0.5865405289185122,0.590167664487528,22,177,0,1521.9181570064889,40699,7389,33310,0.035378590078329,0.025966430785426042,67,700.9181570064889,821.0,6,5,False,{},{},{},{},0.0,0.0,0.0,0.0,0.0,0.0,0.0,0.0,0.0,0.0,0.0,0.0,0.0,0.0,Leave Event,0.0,"{'node_level': {}, 'link_level': {}, 'path_level': {}}","{'node_level': {}, 'link_level': {}, 'path_level': {}}","{'node_level': {}, 'link_level': {}, 'path_level': {}}",[],0.0,0.0,True,True,False,0,[],0,0.0,,
100,25,6,2728.0,4651.0,1621159.5025032505,2746947.350819337,0.5865405289185122,0.590167664487528,22,178,0,1532.5734048571512,40768,7414,33354,0.03211488250652739,0.02467980583659868,57,832.5734048571513,700.0,2,1,False,{},{},{},{},0.0,0.0,0.0,0.0,0.0,0.0,0.0,0.0,0.0,0.0,0.0,0.0,0.0,0.0,Leave Event,0.0,"{'node_level': {}, 'link_level': {}, 'path_level': {}}","{'node_level': {}, 'link_level': {}, 'path_level': {}}","{'node_level': {}, 'link_level': {}, 'path_level': {}}",[],0.0,0.0,True,True,False,0,[],0,0.0,,
100,25,6,2728.0,4651.0,1621159.5025032505,2746947.350819337,0.5865405289185122,0.590167664487528,22,179,0,1612.5473794887002,40768,7414,33354,0.03211488250652739,0.02467980583659868,71,743.5473794887002,869.0,10,31,False,{},{},{},{},0.0,0.0,0.0,0.0,0.0,0.0,0.0,0.0,0.0,0.0,0.0,0.0,0.0,0.0,Leave Event,0.0,"{'node_level': {}, 'link_level': {}, 'path_level': {}}","{'node_level': {}, 'link_level': {}, 'path_level': {}}","{'node_level': {}, 'link_level': {}, 'path_level': {}}",[],0.0,0.0,True,True,False,0,[],0,0.0,,
100,25,5,2728.0,4651.0,1621159.5025032505,2746947.350819337,0.5865405289185122,0.590167664487528,22,180,0,1639.5500914246238,40979,7449,33530,0.0275456919060052,0.019533306041289,32,1247.5500914246238,392.0,3,2,False,{},{},{},{},0.0,0.0,0.0,0.0,0.0,0.0,0.0,0.0,0.0,0.0,0.0,0.0,0.0,0.0,Leave Event,0.0,"{'node_level': {}, 'link_level': {}, 'path_level': {}}","{'node_level': {}, 'link_level': {}, 'path_level': {}}","{'node_level': {}, 'link_level': {}, 'path_level': {}}",[],0.0,0.0,True,True,False,0,[],0,0.0,,
100,25,5,2728.0,4651.0,1621159.5025032505,2746947.350819337,0.5865405289185122,0.590167664487528,22,181,0,1640.2453056793,40979,7449,33530,0.0275456919060052,0.019533306041289,85,585.2453056792999,1055.0,8,12,False,{},{},{},{},0.0,0.0,0.0,0.0,0.0,0.0,0.0,0.0,0.0,0.0,0.0,0.0,0.0,0.0,Leave Event,0.0,"{'node_level': {}, 'link_level': {}, 'path_level': {}}","{'node_level': {}, 'link_level': {}, 'path_level': {}}","{'node_level': {}, 'link_level': {}, 'path_level': {}}",[],0.0,0.0,True,True,False,0,[],0,0.0,,
100,25,5,2728.0,4651.0,1621159.5025032505,2746947.350819337,0.5865405289185122,0.590167664487528,22,182,0,1652.3789554898487,40979,7449,33530,0.0275456919060052,0.019533306041289,22,1383.3789554898487,269.0,10,22,False,{},{},{},{},0.0,0.0,0.0,0.0,0.0,0.0,0.0,0.0,0.0,0.0,0.0,0.0,0.0,0.0,Leave Event,0.0,"{'node_level': {}, 'link_level': {}, 'path_level': {}}","{'node_level': {}, 'link_level': {}, 'path_level': {}}","{'node_level': {}, 'link_level': {}, 'path_level': {}}",[],0.0,0.0,True,True,False,0,[],0,0.0,,
100,25,5,2728.0,4651.0,1621159.5025032505,2746947.350819337,0.5865405289185122,0.590167664487528,22,183,0,1658.7800831544496,40979,7449,33530,0.0275456919060052,0.019533306041289,72,774.7800831544495,884.0,3,2,False,{},{},{},{},0.0,0.0,0.0,0.0,0.0,0.0,0.0,0.0,0.0,0.0,0.0,0.0,0.0,0.0,Leave Event,0.0,"{'node_level': {}, 'link_level': {}, 'path_level': {}}","{'node_level': {}, 'link_level': {}, 'path_level': {}}","{'node_level': {}, 'link_level': {}, 'path_level': {}}",[],0.0,0.0,True,True,False,0,[],0,0.0,,
100,25,5,2728.0,4651.0,1621159.5025032505,2746947.350819337,0.5865405289185122,0.590167664487528,22,184,0,1691.478078397653,40979,7449,33530,0.0275456919060052,0.019533306041289,84,650.478078397653,1041.0,7,10,False,{},{},{},{},0.0,0.0,0.0,0.0,0.0,0.0,0.0,0.0,0.0,0.0,0.0,0.0,0.0,0.0,Leave Event,0.0,"{'node_level': {}, 'link_level': {}, 'path_level': {}}","{'node_level': {}, 'link_level': {}, 'path_level': {}}","{'node_level': {}, 'link_level': {}, 'path_level': {}}",[],0.0,0.0,True,True,False,0,[],0,0.0,,
100,25,5,2728.0,4651.0,1621159.5025032505,2746947.350819337,0.5865405289185122,0.590167664487528,22,185,0,1700.0195351897432,40979,7449,33530,0.0275456919060052,0.019533306041289,46,1135.0195351897432,565.0,5,5,False,{},{},{},{},0.0,0.0,0.0,0.0,0.0,0.0,0.0,0.0,0.0,0.0,0.0,0.0,0.0,0.0,Leave Event,0.0,"{'node_level': {}, 'link_level': {}, 'path_level': {}}","{'node_level': {}, 'link_level': {}, 'path_level': {}}","{'node_level': {}, 'link_level': {}, 'path_level': {}}",[],0.0,0.0,True,True,False,0,[],0,0.0,,
100,25,4,2728.0,4651.0,1621159.5025032505,2746947.350819337,0.5865405289185122,0.590167664487528,22,186,0,1718.6334908902063,41143,7499,33644,0.02101827676240209,0.016199777764781542,83,691.6334908902063,1027.0,5,5,False,{},{},{},{},0.0,0.0,0.0,0.0,0.0,0.0,0.0,0.0,0.0,0.0,0.0,0.0,0.0,0.0,Leave Event,0.0,"{'node_level': {}, 'link_level': {}, 'path_level': {}}","{'node_level': {}, 'link_level': {}, 'path_level': {}}","{'node_level': {}, 'link_level': {}, 'path_level': {}}",[],0.0,0.0,True,True,False,0,[],0,0.0,,
100,25,4,2728.0,4651.0,1621159.5025032505,2746947.350819337,0.5865405289185122,0.590167664487528,22,187,0,1722.6689821840057,41143,7499,33644,0.02101827676240209,0.016199777764781542,44,1173.6689821840057,549.0,4,4,False,{},{},{},{},0.0,0.0,0.0,0.0,0.0,0.0,0.0,0.0,0.0,0.0,0.0,0.0,0.0,0.0,Leave Event,0.0,"{'node_level': {}, 'link_level': {}, 'path_level': {}}","{'node_level': {}, 'link_level': {}, 'path_level': {}}","{'node_level': {}, 'link_level': {}, 'path_level': {}}",[],0.0,0.0,True,True,False,0,[],0,0.0,,
100,25,3,2728.0,4651.0,1621159.5025032505,2746947.350819337,0.5865405289185122,0.590167664487528,22,188,0,1749.8423660019178,41291,7524,33767,0.017754569190600478,0.012603076203286712,33,1341.8423660019178,408.0,2,1,False,{},{},{},{},0.0,0.0,0.0,0.0,0.0,0.0,0.0,0.0,0.0,0.0,0.0,0.0,0.0,0.0,Leave Event,0.0,"{'node_level': {}, 'link_level': {}, 'path_level': {}}","{'node_level': {}, 'link_level': {}, 'path_level': {}}","{'node_level': {}, 'link_level': {}, 'path_level': {}}",[],0.0,0.0,True,True,False,0,[],0,0.0,,
100,25,3,2728.0,4651.0,1621159.5025032505,2746947.350819337,0.5865405289185122,0.590167664487528,22,189,0,1765.6209258740134,41291,7524,33767,0.017754569190600478,0.012603076203286712,60,1021.6209258740134,744.0,5,4,False,{},{},{},{},0.0,0.0,0.0,0.0,0.0,0.0,0.0,0.0,0.0,0.0,0.0,0.0,0.0,0.0,Leave Event,0.0,"{'node_level': {}, 'link_level': {}, 'path_level': {}}","{'node_level': {}, 'link_level': {}, 'path_level': {}}","{'node_level': {}, 'link_level': {}, 'path_level': {}}",[],0.0,0.0,True,True,False,0,[],0,0.0,,
100,25,2,2728.0,4651.0,1621159.5025032505,2746947.350819337,0.5865405289185122,0.590167664487528,22,190,0,1853.028810460358,41626,7601,34025,0.00770234986945173,0.005058775366980517,11,1716.028810460358,137.0,6,6,False,{},{},{},{},0.0,0.0,0.0,0.0,0.0,0.0,0.0,0.0,0.0,0.0,0.0,0.0,0.0,0.0,Leave Event,0.0,"{'node_level': {}, 'link_level': {}, 'path_level': {}}","{'node_level': {}, 'link_level': {}, 'path_level': {}}","{'node_level': {}, 'link_level': {}, 'path_level': {}}",[],0.0,0.0,True,True,False,0,[],0,0.0,,
100,25,2,2728.0,4651.0,1621159.5025032505,2746947.350819337,0.5865405289185122,0.590167664487528,22,191,0,1896.8412983709384,41626,7601,34025,0.00770234986945173,0.005058775366980517,61,1141.8412983709384,755.0,10,17,False,{},{},{},{},0.0,0.0,0.0,0.0,0.0,0.0,0.0,0.0,0.0,0.0,0.0,0.0,0.0,0.0,Leave Event,0.0,"{'node_level': {}, 'link_level': {}, 'path_level': {}}","{'node_level': {}, 'link_level': {}, 'path_level': {}}","{'node_level': {}, 'link_level': {}, 'path_level': {}}",[],0.0,0.0,True,True,False,0,[],0,0.0,,
100,25,2,2728.0,4651.0,1621159.5025032505,2746947.350819337,0.5865405289185122,0.590167664487528,22,192,0,1901.147460785588,41626,7601,34025,0.00770234986945173,0.005058775366980517,65,1108.147460785588,793.0,9,22,False,{},{},{},{},0.0,0.0,0.0,0.0,0.0,0.0,0.0,0.0,0.0,0.0,0.0,0.0,0.0,0.0,Leave Event,0.0,"{'node_level': {}, 'link_level': {}, 'path_level': {}}","{'node_level': {}, 'link_level': {}, 'path_level': {}}","{'node_level': {}, 'link_level': {}, 'path_level': {}}",[],0.0,0.0,True,True,False,0,[],0,0.0,,
100,25,2,2728.0,4651.0,1621159.5025032505,2746947.350819337,0.5865405289185122,0.590167664487528,22,193,0,1985.835363746077,41626,7601,34025,0.00770234986945173,0.005058775366980517,53,1339.835363746077,646.0,4,5,False,{},{},{},{},0.0,0.0,0.0,0.0,0.0,0.0,0.0,0.0,0.0,0.0,0.0,0.0,0.0,0.0,Leave Event,0.0,"{'node_level': {}, 'link_level': {}, 'path_level': {}}","{'node_level': {}, 'link_level': {}, 'path_level': {}}","{'node_level': {}, 'link_level': {}, 'path_level': {}}",[],0.0,0.0,True,True,False,0,[],0,0.0,,
100,25,2,2728.0,4651.0,1621159.5025032505,2746947.350819337,0.5865405289185122,0.590167664487528,22,194,0,2034.6073770258297,41626,7601,34025,0.00770234986945173,0.005058775366980517,54,1373.6073770258297,661.0,9,18,False,{},{},{},{},0.0,0.0,0.0,0.0,0.0,0.0,0.0,0.0,0.0,0.0,0.0,0.0,0.0,0.0,Leave Event,0.0,"{'node_level': {}, 'link_level': {}, 'path_level': {}}","{'node_level': {}, 'link_level': {}, 'path_level': {}}","{'node_level': {}, 'link_level': {}, 'path_level': {}}",[],0.0,0.0,True,True,False,0,[],0,0.0,,
100,25,2,2728.0,4651.0,1621159.5025032505,2746947.350819337,0.5865405289185122,0.590167664487528,22,195,0,2038.102256157356,41626,7601,34025,0.00770234986945173,0.005058775366980517,80,1048.102256157356,990.0,8,12,False,{},{},{},{},0.0,0.0,0.0,0.0,0.0,0.0,0.0,0.0,0.0,0.0,0.0,0.0,0.0,0.0,Leave Event,0.0,"{'node_level': {}, 'link_level': {}, 'path_level': {}}","{'node_level': {}, 'link_level': {}, 'path_level': {}}","{'node_level': {}, 'link_level': {}, 'path_level': {}}",[],0.0,0.0,True,True,False,0,[],0,0.0,,
100,25,2,2728.0,4651.0,1621159.5025032505,2746947.350819337,0.5865405289185122,0.590167664487528,22,196,0,2240.265267639189,41626,7601,34025,0.00770234986945173,0.005058775366980517,93,1077.265267639189,1163.0,9,15,False,{},{},{},{},0.0,0.0,0.0,0.0,0.0,0.0,0.0,0.0,0.0,0.0,0.0,0.0,0.0,0.0,Leave Event,0.0,"{'node_level': {}, 'link_level': {}, 'path_level': {}}","{'node_level': {}, 'link_level': {}, 'path_level': {}}","{'node_level': {}, 'link_level': {}, 'path_level': {}}",[],0.0,0.0,True,True,False,0,[],0,0.0,,
100,25,1,2728.0,4651.0,1621159.5025032505,2746947.350819337,0.5865405289185122,0.590167664487528,22,197,0,2626.9691086083185,41727,7603,34124,0.007441253263707592,0.0021638692321188646,89,1517.9691086083183,1109.0,2,1,False,{},{},{},{},0.0,0.0,0.0,0.0,0.0,0.0,0.0,0.0,0.0,0.0,0.0,0.0,0.0,0.0,Leave Event,0.0,"{'node_level': {}, 'link_level': {}, 'path_level': {}}","{'node_level': {}, 'link_level': {}, 'path_level': {}}","{'node_level': {}, 'link_level': {}, 'path_level': {}}",[],0.0,0.0,True,True,False,0,[],0,0.0,,
100,25,1,2728.0,4651.0,1621159.5025032505,2746947.350819337,0.5865405289185122,0.590167664487528,22,198,0,3455.465490617315,41727,7603,34124,0.007441253263707592,0.0021638692321188646,92,2308.465490617315,1147.0,7,12,False,{},{},{},{},0.0,0.0,0.0,0.0,0.0,0.0,0.0,0.0,0.0,0.0,0.0,0.0,0.0,0.0,Leave Event,0.0,"{'node_level': {}, 'link_level': {}, 'path_level': {}}","{'node_level': {}, 'link_level': {}, 'path_level': {}}","{'node_level': {}, 'link_level': {}, 'path_level': {}}",[],0.0,0.0,True,True,False,0,[],0,0.0,,
100,25,0,2728.0,4651.0,1621159.5025032505,2746947.350819337,0.5865405289185122,0.590167664487528,22,199,0,3901.8897141594107,41858,7660,34198,0.0,0.0,75,2976.8897141594107,925.0,4,3,False,{},{},{},{},0.0,0.0,0.0,0.0,0.0,0.0,0.0,0.0,0.0,0.0,0.0,0.0,0.0,0.0,Leave Event,0.0,"{'node_level': {}, 'link_level': {}, 'path_level': {}}","{'node_level': {}, 'link_level': {}, 'path_level': {}}","{'node_level': {}, 'link_level': {}, 'path_level': {}}",[],0.0,0.0,True,True,False,0,[],0,0.0,,
